date,open,high,low,close,volume
2025-03-27 14:30:00,28.400,28.440,28.260,28.310,2014400
2025-03-27 15:00:00,28.310,28.370,28.140,28.200,3227125
2025-03-28 10:00:00,28.200,28.700,28.200,28.220,6279156
2025-03-28 10:30:00,28.230,28.440,28.100,28.100,1893500
2025-03-28 11:00:00,28.130,28.280,28.010,28.250,1846400
2025-03-28 11:30:00,28.240,28.350,28.100,28.120,1225000
2025-03-28 13:30:00,28.110,28.330,28.080,28.120,1325900
2025-03-28 14:00:00,28.110,28.350,28.060,28.270,1151301
2025-03-28 14:30:00,28.300,28.580,28.170,28.400,2175500
2025-03-28 15:00:00,28.400,28.480,28.150,28.180,2905800
2025-03-31 10:00:00,27.900,28.280,27.260,27.630,6388700
2025-03-31 10:30:00,27.630,27.740,27.160,27.190,3529600
2025-03-31 11:00:00,27.190,27.280,26.980,27.020,2801000
2025-03-31 11:30:00,27.040,27.180,26.970,27.040,1869439
2025-03-31 13:30:00,27.050,27.580,26.970,27.400,2793805
2025-03-31 14:00:00,27.410,27.450,27.300,27.380,1335621
2025-03-31 14:30:00,27.390,27.820,27.300,27.580,5153800
2025-03-31 15:00:00,27.590,27.850,27.560,27.630,2321400
2025-04-01 10:00:00,28.800,28.800,27.670,27.850,11100000
2025-04-01 10:30:00,27.840,28.080,27.750,27.860,2488300
2025-04-01 11:00:00,27.860,27.870,27.700,27.790,1476925
2025-04-01 11:30:00,27.760,27.790,27.650,27.720,1111500
2025-04-01 13:30:00,27.720,27.750,27.240,27.340,3196000
2025-04-01 14:00:00,27.320,27.490,27.310,27.400,950700
2025-04-01 14:30:00,27.400,27.500,27.340,27.370,1026800
2025-04-01 15:00:00,27.380,27.420,27.210,27.250,3044340
2025-04-02 10:00:00,27.260,27.880,27.160,27.870,6364121
2025-04-02 10:30:00,27.870,28.050,27.560,27.690,5924501
2025-04-02 11:00:00,27.710,27.770,27.600,27.690,1126800
2025-04-02 11:30:00,27.690,27.880,27.630,27.680,925150
2025-04-02 13:30:00,27.670,27.810,27.600,27.630,1231500
2025-04-02 14:00:00,27.630,27.730,27.620,27.660,1205400
2025-04-02 14:30:00,27.640,27.800,27.640,27.780,1835200
2025-04-02 15:00:00,27.780,27.960,27.750,27.860,2782400
2025-04-03 10:00:00,27.300,27.860,27.200,27.410,6795567
2025-04-03 10:30:00,27.400,27.800,27.320,27.670,2613200
2025-04-03 11:00:00,27.670,27.780,27.220,27.240,1892600
2025-04-03 11:30:00,27.240,27.310,27.040,27.090,2087800
2025-04-03 13:30:00,27.100,27.120,26.930,27.050,2869844
2025-04-03 14:00:00,27.050,27.100,26.920,27.020,2066300
2025-04-03 14:30:00,27.020,27.070,26.720,26.760,3299699
2025-04-03 15:00:00,26.760,26.930,26.750,26.870,2638800
2025-04-07 10:00:00,24.180,24.720,24.180,24.180,10727750
2025-04-07 10:30:00,24.180,24.180,24.180,24.180,316100
2025-04-07 11:00:00,24.180,24.180,24.180,24.180,389800
2025-04-07 11:30:00,24.180,24.180,24.180,24.180,68800
2025-04-07 13:30:00,24.180,24.180,24.180,24.180,105300
2025-04-07 14:00:00,24.180,24.180,24.180,24.180,329700
2025-04-07 14:30:00,24.180,24.180,24.180,24.180,41700
2025-04-07 15:00:00,24.180,24.180,24.180,24.180,102600
2025-04-08 10:00:00,23.230,23.800,21.810,22.190,23423700
2025-04-08 10:30:00,22.190,22.560,22.110,22.240,7820993
2025-04-08 11:00:00,22.220,22.550,22.140,22.160,4414400
2025-04-08 11:30:00,22.160,22.310,21.910,22.140,4686840
2025-04-08 13:30:00,22.130,22.260,21.800,21.810,5380500
2025-04-08 14:00:00,21.820,21.940,21.760,21.770,6378075
2025-04-08 14:30:00,21.760,21.840,21.760,21.760,1967100
2025-04-08 15:00:00,21.760,22.110,21.760,22.100,7843803
2025-04-09 10:00:00,21.560,21.700,20.490,21.690,21557655
2025-04-09 10:30:00,21.680,22.500,21.610,22.190,10765100
2025-04-09 11:00:00,22.180,22.290,21.870,22.060,3175500
2025-04-09 11:30:00,22.070,22.200,21.800,21.910,2929700
2025-04-09 13:30:00,21.920,22.170,21.800,22.080,3463900
2025-04-09 14:00:00,22.070,22.690,22.000,22.690,5936600
2025-04-09 14:30:00,22.690,22.750,22.520,22.670,3806121
2025-04-09 15:00:00,22.680,22.800,22.450,22.460,5407500
2025-04-10 10:00:00,24.000,24.380,23.610,24.300,20737402
2025-04-10 10:30:00,24.290,24.330,24.000,24.120,3949700
2025-04-10 11:00:00,24.120,24.150,23.820,23.840,3786646
2025-04-10 11:30:00,23.840,23.930,23.700,23.820,4080700
2025-04-10 13:30:00,23.780,23.830,23.620,23.710,2511400
2025-04-10 14:00:00,23.700,23.870,23.460,23.700,2929900
2025-04-10 14:30:00,23.740,23.980,23.690,23.790,2192900
2025-04-10 15:00:00,23.790,23.850,23.680,23.700,2668600
2025-04-11 10:00:00,23.400,24.280,23.350,23.910,6687242
2025-04-11 10:30:00,23.910,24.100,23.700,24.050,4895200
2025-04-11 11:00:00,24.050,24.150,23.700,23.730,2066900
2025-04-11 11:30:00,23.720,23.890,23.700,23.890,1300900
2025-04-11 13:30:00,23.890,24.580,23.870,24.260,5458200
2025-04-11 14:00:00,24.260,24.790,24.200,24.490,5243612
2025-04-11 14:30:00,24.510,24.610,24.310,24.350,2465900
2025-04-11 15:00:00,24.350,24.420,24.270,24.330,3687793
2025-04-14 10:00:00,24.890,24.960,24.300,24.350,8019978
2025-04-14 10:30:00,24.360,24.710,24.270,24.470,3866600
2025-04-14 11:00:00,24.460,24.780,24.440,24.520,2751300
2025-04-14 11:30:00,24.520,24.650,24.460,24.490,1385000
2025-04-14 13:30:00,24.470,24.500,24.220,24.230,1860700
2025-04-14 14:00:00,24.220,24.320,24.050,24.310,1735200
2025-04-14 14:30:00,24.320,24.400,24.200,24.270,1313188
2025-04-14 15:00:00,24.290,24.390,24.260,24.280,2358240
2025-04-15 10:00:00,25.000,25.570,24.230,24.590,12716500
2025-04-15 10:30:00,24.590,24.680,24.430,24.450,2520528
2025-04-15 11:00:00,24.440,24.450,24.250,24.340,1360300
2025-04-15 11:30:00,24.330,24.420,24.210,24.260,1208900
2025-04-15 13:30:00,24.280,24.290,24.070,24.240,1868200
2025-04-15 14:00:00,24.240,24.600,24.170,24.250,1927500
2025-04-15 14:30:00,24.250,24.310,24.180,24.250,1084800
2025-04-15 15:00:00,24.250,24.280,24.130,24.230,1969645
2025-04-16 10:00:00,23.990,24.120,23.460,23.530,7418400
2025-04-16 10:30:00,23.520,23.590,23.360,23.410,2908197
2025-04-16 11:00:00,23.420,23.460,23.100,23.120,3125705
2025-04-16 11:30:00,23.110,23.160,22.760,22.780,4572478
2025-04-16 13:30:00,22.780,23.220,22.680,22.930,4348200
2025-04-16 14:00:00,22.930,23.030,22.730,22.800,3442300
2025-04-16 14:30:00,22.800,22.880,22.710,22.850,3930541
2025-04-16 15:00:00,22.850,23.050,22.760,22.950,5255025
2025-04-17 10:00:00,23.000,23.300,22.850,23.210,4959724
2025-04-17 10:30:00,23.210,23.280,23.020,23.060,2225100
2025-04-17 11:00:00,23.050,23.160,22.960,23.070,1082500
2025-04-17 11:30:00,23.060,23.160,22.990,23.050,952697
2025-04-17 13:30:00,23.080,23.080,22.890,23.010,1172278
2025-04-17 14:00:00,23.010,23.010,22.790,22.820,2501700
2025-04-17 14:30:00,22.820,22.970,22.810,22.890,971200
2025-04-17 15:00:00,22.890,22.890,22.780,22.780,1946572
2025-04-18 10:00:00,22.780,23.150,22.470,23.130,5710000
2025-04-18 10:30:00,23.130,23.320,22.910,22.910,3846200
2025-04-18 11:00:00,22.910,23.230,22.870,22.980,1708700
2025-04-18 11:30:00,22.990,23.490,22.930,23.130,2841293
2025-04-18 13:30:00,23.130,23.200,23.000,23.010,1032100
2025-04-18 14:00:00,23.000,23.250,22.980,23.220,1123100
2025-04-18 14:30:00,23.220,23.310,23.100,23.160,1482700
2025-04-18 15:00:00,23.170,23.200,23.050,23.120,2404900
2025-04-21 10:00:00,23.120,23.430,22.790,23.150,5783600
2025-04-21 10:30:00,23.130,23.400,23.070,23.370,2683300
2025-04-21 11:00:00,23.360,23.960,23.330,23.680,5069700
2025-04-21 11:30:00,23.690,23.870,23.590,23.850,2010604
2025-04-21 13:30:00,23.850,24.910,23.720,24.600,8324200
2025-04-21 14:00:00,24.640,25.150,24.470,24.970,8980373
2025-04-21 14:30:00,24.970,25.250,24.730,25.040,4585349
2025-04-21 15:00:00,25.030,25.130,24.890,24.950,3413900
2025-04-22 10:00:00,25.140,25.200,24.460,24.640,9558504
2025-04-22 10:30:00,24.630,24.710,24.410,24.530,3308600
2025-04-22 11:00:00,24.540,24.570,24.300,24.480,2226500
2025-04-22 11:30:00,24.500,24.660,24.430,24.480,1301900
2025-04-22 13:30:00,24.450,24.590,24.360,24.470,1520900
2025-04-22 14:00:00,24.460,24.550,24.400,24.410,1342205
2025-04-22 14:30:00,24.410,24.430,24.300,24.320,1768600
2025-04-22 15:00:00,24.320,24.400,24.280,24.310,2544400
2025-04-23 10:00:00,24.700,25.520,24.700,25.380,16419050
2025-04-23 10:30:00,25.360,25.500,25.170,25.420,7482345
2025-04-23 11:00:00,25.410,25.780,25.360,25.470,5270420
2025-04-23 11:30:00,25.450,25.700,25.370,25.670,2593600
2025-04-23 13:30:00,25.670,25.980,25.610,25.920,8767081
2025-04-23 14:00:00,25.920,25.970,25.580,25.610,3826900
2025-04-23 14:30:00,25.610,25.900,25.490,25.880,3313000
2025-04-23 15:00:00,25.860,25.950,25.650,25.700,4114943
2025-04-24 10:00:00,25.670,25.770,25.110,25.320,10036613
2025-04-24 10:30:00,25.280,25.420,25.110,25.140,4592800
2025-04-24 11:00:00,25.140,25.160,24.790,24.930,4458952
2025-04-24 11:30:00,24.920,24.930,24.560,24.560,4210500
2025-04-24 13:30:00,24.570,24.600,24.340,24.430,4548000
2025-04-24 14:00:00,24.430,24.480,24.340,24.340,3406120
2025-04-24 14:30:00,24.350,24.390,24.310,24.320,2510300
2025-04-24 15:00:00,24.310,24.410,24.250,24.300,4974900
2025-04-25 10:00:00,24.480,24.770,24.300,24.610,6210004
2025-04-25 10:30:00,24.620,24.960,24.520,24.650,4567891
2025-04-25 11:00:00,24.640,24.840,24.600,24.800,1811900
2025-04-25 11:30:00,24.800,25.100,24.780,24.920,3461800
2025-04-25 13:30:00,24.920,25.180,24.900,24.970,2847367
2025-04-25 14:00:00,24.970,25.040,24.910,24.940,2034000
2025-04-25 14:30:00,24.930,24.950,24.770,24.810,2050100
2025-04-25 15:00:00,24.810,24.840,24.720,24.740,2485900
2025-04-28 10:00:00,24.660,25.000,24.250,24.650,6422800
2025-04-28 10:30:00,24.660,24.680,24.300,24.410,2910600
2025-04-28 11:00:00,24.410,24.500,24.320,24.320,1369200
2025-04-28 11:30:00,24.320,24.450,24.310,24.450,870000
2025-04-28 13:30:00,24.440,24.450,24.250,24.330,1591900
2025-04-28 14:00:00,24.330,24.360,24.260,24.300,743800
2025-04-28 14:30:00,24.280,24.340,24.190,24.220,1424400
2025-04-28 15:00:00,24.220,24.420,24.210,24.350,2591100
2025-04-29 10:00:00,24.360,24.650,23.900,24.530,6340846
2025-04-29 10:30:00,24.530,24.880,24.460,24.850,3433800
2025-04-29 11:00:00,24.840,24.950,24.650,24.670,2033770
2025-04-29 11:30:00,24.670,24.890,24.650,24.860,1512400
2025-04-29 13:30:00,24.860,25.000,24.720,24.780,2506100
2025-04-29 14:00:00,24.780,25.100,24.700,25.020,2098700
2025-04-29 14:30:00,25.000,25.100,24.950,25.000,3116100
2025-04-29 15:00:00,25.000,25.060,24.950,24.990,2723887
2025-04-30 10:00:00,25.030,25.130,24.530,24.830,8940800
2025-04-30 10:30:00,24.810,24.940,24.710,24.780,2737400
2025-04-30 11:00:00,24.780,25.020,24.740,24.820,3713000
2025-04-30 11:30:00,24.820,25.250,24.810,25.000,4788400
2025-04-30 13:30:00,25.000,25.410,24.950,25.390,5974800
2025-04-30 14:00:00,25.380,25.880,25.370,25.780,6929700
2025-04-30 14:30:00,25.780,25.820,25.430,25.490,4713500
2025-04-30 15:00:00,25.500,25.530,25.380,25.420,3751520
2025-05-06 10:00:00,26.000,26.470,25.700,26.000,16347057
2025-05-06 10:30:00,26.000,26.350,25.990,26.220,6344100
2025-05-06 11:00:00,26.230,26.780,26.210,26.690,8304428
2025-05-06 11:30:00,26.700,26.850,26.510,26.820,3358500
2025-05-06 13:30:00,26.820,26.960,26.520,26.800,5420400
2025-05-06 14:00:00,26.790,26.860,26.650,26.750,3486300
2025-05-06 14:30:00,26.760,26.770,26.500,26.680,2981900
2025-05-06 15:00:00,26.680,26.750,26.630,26.720,3814262
2025-05-07 10:00:00,27.980,27.980,26.500,26.870,20928013
2025-05-07 10:30:00,26.850,26.990,26.290,26.300,5877648
2025-05-07 11:00:00,26.290,26.450,26.110,26.430,3937600
2025-05-07 11:30:00,26.420,26.580,26.110,26.260,2951100
2025-05-07 13:30:00,26.260,26.300,26.000,26.120,3192895
2025-05-07 14:00:00,26.100,26.140,25.860,25.980,3307331
2025-05-07 14:30:00,25.990,26.150,25.800,26.140,3195000
2025-05-07 15:00:00,26.140,26.210,25.970,26.150,4012290
2025-05-08 10:00:00,26.050,27.370,26.000,27.190,16955278
2025-05-08 10:30:00,27.190,27.260,26.750,26.890,6591700
2025-05-08 11:00:00,26.890,26.910,26.500,26.680,4619361
2025-05-08 11:30:00,26.700,26.850,26.630,26.650,2060452
2025-05-08 13:30:00,26.670,26.750,26.530,26.650,1851500
2025-05-08 14:00:00,26.640,26.870,26.640,26.750,1637600
2025-05-08 14:30:00,26.750,26.800,26.660,26.790,1530100
2025-05-08 15:00:00,26.790,26.850,26.720,26.760,3415800
2025-05-09 10:00:00,26.500,26.510,25.700,25.720,10845800
2025-05-09 10:30:00,25.720,25.800,25.490,25.660,7935886
2025-05-09 11:00:00,25.660,25.670,25.310,25.330,4636014
2025-05-09 11:30:00,25.340,25.390,25.170,25.340,3392700
2025-05-09 13:30:00,25.320,25.560,25.300,25.530,2010800
2025-05-09 14:00:00,25.510,25.820,25.500,25.820,2225970
2025-05-09 14:30:00,25.820,25.860,25.490,25.510,2018230
2025-05-09 15:00:00,25.500,25.630,25.480,25.510,2999279
2025-05-12 10:00:00,25.980,26.980,25.850,26.620,18267779
2025-05-12 10:30:00,26.630,26.820,26.430,26.780,6135100
2025-05-12 11:00:00,26.790,26.850,26.540,26.560,3217400
2025-05-12 11:30:00,26.550,26.630,26.370,26.400,1923700
2025-05-12 13:30:00,26.390,26.540,26.380,26.500,1217700
2025-05-12 14:00:00,26.500,26.650,26.480,26.630,1487600
2025-05-12 14:30:00,26.630,26.850,26.620,26.790,3797700
2025-05-12 15:00:00,26.790,26.800,26.670,26.790,3624387
2025-05-13 10:00:00,27.380,27.450,26.950,27.020,13379600
2025-05-13 10:30:00,27.010,27.160,26.800,26.830,5023600
2025-05-13 11:00:00,26.820,26.890,26.750,26.830,2443000
2025-05-13 11:30:00,26.830,26.850,26.600,26.650,2171800
2025-05-13 13:30:00,26.650,26.860,26.600,26.780,2237500
2025-05-13 14:00:00,26.790,27.240,26.690,27.080,4270800
2025-05-13 14:30:00,27.070,27.080,26.760,26.790,2429600
2025-05-13 15:00:00,26.800,26.970,26.770,26.850,3543100
2025-05-14 10:00:00,26.860,27.000,26.450,26.560,5962600
2025-05-14 10:30:00,26.550,27.000,26.400,26.780,4613930
2025-05-14 11:00:00,26.780,26.830,26.550,26.550,1406700
2025-05-14 11:30:00,26.550,26.610,26.410,26.430,2384571
2025-05-14 13:30:00,26.430,26.500,26.200,26.490,3583110
2025-05-14 14:00:00,26.480,26.850,26.420,26.500,4032500
2025-05-14 14:30:00,26.490,26.520,26.300,26.300,2929486
2025-05-14 15:00:00,26.310,26.490,26.300,26.430,2949700
2025-05-15 10:00:00,26.350,26.350,25.380,25.460,9984000
2025-05-15 10:30:00,25.460,25.850,25.360,25.740,3840533
2025-05-15 11:00:00,25.730,25.940,25.600,25.680,1869600
2025-05-15 11:30:00,25.690,25.790,25.600,25.660,1014600
2025-05-15 13:30:00,25.680,25.690,25.450,25.510,1804705
2025-05-15 14:00:00,25.520,25.540,25.420,25.460,1668500
2025-05-15 14:30:00,25.460,25.500,25.420,25.470,1462100
2025-05-15 15:00:00,25.470,25.510,25.440,25.460,2420900
2025-05-16 10:00:00,25.340,26.680,25.300,26.280,17977700
2025-05-16 10:30:00,26.280,26.430,26.110,26.220,3058100
2025-05-16 11:00:00,26.220,26.480,26.200,26.320,3411100
2025-05-16 11:30:00,26.320,26.370,26.180,26.260,1556778
2025-05-16 13:30:00,26.270,28.010,26.260,27.530,34031815
2025-05-16 14:00:00,27.560,27.790,27.160,27.750,10901300
2025-05-16 14:30:00,27.720,27.760,27.280,27.320,6562100
2025-05-16 15:00:00,27.320,27.550,27.260,27.300,8497030
2025-05-19 10:00:00,27.300,27.420,26.080,26.110,18922100
2025-05-19 10:30:00,26.120,26.620,25.930,26.170,7924100
2025-05-19 11:00:00,26.170,26.300,26.100,26.160,3750900
2025-05-19 11:30:00,26.160,26.370,26.120,26.190,2651456
2025-05-19 13:30:00,26.200,26.900,26.190,26.760,5911800
2025-05-19 14:00:00,26.770,26.950,26.720,26.830,3516700
2025-05-19 14:30:00,26.830,26.990,26.690,26.840,3293545
2025-05-19 15:00:00,26.850,26.910,26.700,26.710,4216830
2025-05-20 10:00:00,26.730,26.950,26.300,26.480,7828813
2025-05-20 10:30:00,26.480,26.850,26.410,26.450,4095000
2025-05-20 11:00:00,26.450,26.620,26.400,26.430,1908731
2025-05-20 11:30:00,26.430,26.670,26.350,26.540,2353324
2025-05-20 13:30:00,26.540,26.850,26.510,26.770,3222100
2025-05-20 14:00:00,26.760,26.850,26.660,26.770,2604500
2025-05-20 14:30:00,26.770,26.880,26.690,26.710,2645800
2025-05-20 15:00:00,26.700,26.710,26.600,26.640,3175100
2025-05-21 10:00:00,26.480,26.970,26.390,26.420,6038500
2025-05-21 10:30:00,26.410,26.440,26.180,26.240,5058200
2025-05-21 11:00:00,26.230,26.380,26.060,26.160,3066300
2025-05-21 11:30:00,26.160,26.400,26.130,26.380,1332600
2025-05-21 13:30:00,26.390,28.520,26.390,27.490,22272094
2025-05-21 14:00:00,27.460,27.900,27.410,27.590,5087407
2025-05-21 14:30:00,27.580,27.680,27.530,27.580,2013600
2025-05-21 15:00:00,27.590,27.800,27.580,27.670,5491962
2025-05-22 10:00:00,27.360,27.510,26.660,27.110,12096300
2025-05-22 10:30:00,27.110,27.150,26.810,27.000,4061000
2025-05-22 11:00:00,27.000,27.330,26.980,27.070,3829100
2025-05-22 11:30:00,27.070,27.240,27.010,27.100,1587200
2025-05-22 13:30:00,27.100,27.120,26.880,26.940,2299300
2025-05-22 14:00:00,26.950,26.950,26.850,26.900,2342500
2025-05-22 14:30:00,26.890,26.920,26.800,26.820,2351600
2025-05-22 15:00:00,26.820,26.880,26.730,26.800,4178997
2025-05-23 10:00:00,26.600,26.870,26.320,26.650,6008189
2025-05-23 10:30:00,26.650,27.070,26.610,26.860,2821110
2025-05-23 11:00:00,26.850,27.080,26.680,27.010,2880608
2025-05-23 11:30:00,27.010,27.230,26.930,27.050,3496100
2025-05-23 13:30:00,27.050,27.050,26.660,26.670,2356000
2025-05-23 14:00:00,26.670,26.680,26.500,26.540,2734600
2025-05-23 14:30:00,26.540,26.550,26.200,26.280,4078200
2025-05-23 15:00:00,26.280,26.400,26.210,26.230,3743400
2025-05-26 10:00:00,26.010,26.010,25.580,25.790,6525888
2025-05-26 10:30:00,25.790,26.180,25.780,26.170,1957800
2025-05-26 11:00:00,26.170,26.350,25.940,25.950,1704100
2025-05-26 11:30:00,25.960,26.020,25.770,25.800,1559300
2025-05-26 13:30:00,25.790,25.830,25.710,25.770,1624391
2025-05-26 14:00:00,25.770,25.850,25.720,25.830,1210700
2025-05-26 14:30:00,25.830,25.960,25.750,25.840,1422400
2025-05-26 15:00:00,25.830,25.900,25.800,25.890,2017992
2025-05-27 10:00:00,25.830,25.890,25.000,25.350,8629460
2025-05-27 10:30:00,25.340,25.640,25.290,25.520,2725020
2025-05-27 11:00:00,25.490,25.610,25.400,25.410,1597774
2025-05-27 11:30:00,25.470,25.500,25.180,25.250,2888290
2025-05-27 13:30:00,25.240,25.460,25.200,25.250,1739700
2025-05-27 14:00:00,25.260,25.380,25.070,25.180,1859100
2025-05-27 14:30:00,25.180,25.450,25.170,25.370,1767200
2025-05-27 15:00:00,25.360,25.370,25.190,25.240,3064910
2025-05-28 10:00:00,25.320,25.650,25.240,25.350,4298596
2025-05-28 10:30:00,25.340,25.350,25.170,25.280,1591400
2025-05-28 11:00:00,25.280,25.550,25.250,25.440,1615212
2025-05-28 11:30:00,25.450,25.580,25.400,25.480,1472800
2025-05-28 13:30:00,25.480,25.510,25.230,25.250,1313054
2025-05-28 14:00:00,25.250,25.270,25.140,25.180,1340002
2025-05-28 14:30:00,25.180,25.180,25.020,25.130,1278800
2025-05-28 15:00:00,25.120,25.200,25.090,25.100,1670600
2025-05-29 10:00:00,25.090,25.750,25.090,25.640,6741065
2025-05-29 10:30:00,25.630,25.670,25.410,25.510,2177200
2025-05-29 11:00:00,25.510,25.970,25.470,25.840,4250600
2025-05-29 11:30:00,25.890,25.910,25.660,25.750,2082600
2025-05-29 13:30:00,25.750,25.790,25.510,25.530,1468767
2025-05-29 14:00:00,25.520,25.600,25.470,25.520,1231600
2025-05-29 14:30:00,25.520,25.590,25.350,25.570,2164966
2025-05-29 15:00:00,25.580,25.640,25.500,25.610,2344944
2025-05-30 10:00:00,25.310,25.540,25.200,25.310,4970300
2025-05-30 10:30:00,25.310,25.350,25.150,25.160,2561800
2025-05-30 11:00:00,25.150,25.180,25.020,25.050,2776600
2025-05-30 11:30:00,25.050,25.060,24.760,24.840,3416496
2025-05-30 13:30:00,24.840,24.930,24.700,24.840,2464904
2025-05-30 14:00:00,24.840,25.100,24.810,24.980,1667700
2025-05-30 14:30:00,24.980,25.000,24.770,24.770,1722481
2025-05-30 15:00:00,24.780,24.900,24.750,24.900,2792709
2025-06-03 10:00:00,24.510,24.970,24.500,24.790,3519460
2025-06-03 10:30:00,24.810,24.870,24.610,24.710,2509100
2025-06-03 11:00:00,24.710,24.850,24.680,24.760,1105400
2025-06-03 11:30:00,24.760,24.880,24.730,24.880,1070157
2025-06-03 13:30:00,24.880,24.880,24.700,24.770,919443
2025-06-03 14:00:00,24.770,24.840,24.680,24.760,814000
2025-06-03 14:30:00,24.770,24.840,24.730,24.800,679233
2025-06-03 15:00:00,24.800,24.810,24.720,24.720,1410300
2025-06-04 10:00:00,24.770,25.460,24.770,25.350,5692960
2025-06-04 10:30:00,25.350,25.900,25.320,25.780,8133501
2025-06-04 11:00:00,25.780,25.800,25.550,25.680,2650936
2025-06-04 11:30:00,25.680,25.700,25.540,25.600,1069000
2025-06-04 13:30:00,25.590,25.610,25.430,25.470,1563600
2025-06-04 14:00:00,25.460,25.530,25.430,25.480,903493
2025-06-04 14:30:00,25.480,25.560,25.360,25.420,1051900
2025-06-04 15:00:00,25.400,25.470,25.330,25.430,1899600
2025-06-05 10:00:00,25.260,25.420,25.070,25.230,3213000
2025-06-05 10:30:00,25.230,25.440,25.210,25.260,1115200
2025-06-05 11:00:00,25.260,25.380,25.150,25.200,1048900
2025-06-05 11:30:00,25.200,25.350,25.180,25.310,656600
2025-06-05 13:30:00,25.300,25.860,25.290,25.790,4209793
2025-06-05 14:00:00,25.780,25.850,25.620,25.690,2803800
2025-06-05 14:30:00,25.690,25.720,25.570,25.660,1579000
2025-06-05 15:00:00,25.640,25.900,25.640,25.790,5336209
2025-06-06 10:00:00,26.190,26.390,25.400,25.520,7185742
2025-06-06 10:30:00,25.520,25.530,25.200,25.230,4511221
2025-06-06 11:00:00,25.250,25.390,25.150,25.300,1722652
2025-06-06 11:30:00,25.300,25.440,25.260,25.410,1062354
2025-06-06 13:30:00,25.420,25.440,25.280,25.300,733805
2025-06-06 14:00:00,25.300,25.360,25.270,25.320,801800
2025-06-06 14:30:00,25.310,25.350,25.230,25.300,1083609
2025-06-06 15:00:00,25.300,25.370,25.270,25.330,1453500
2025-06-09 10:00:00,25.580,25.850,25.270,25.720,5887850
2025-06-09 10:30:00,25.710,25.940,25.570,25.580,2857800
2025-06-09 11:00:00,25.580,25.840,25.500,25.660,2993355
2025-06-09 11:30:00,25.660,25.800,25.650,25.740,1167800
2025-06-09 13:30:00,25.790,25.790,25.530,25.580,1566700
2025-06-09 14:00:00,25.580,25.700,25.410,25.490,1908245
2025-06-09 14:30:00,25.490,25.540,25.460,25.510,838400
2025-06-09 15:00:00,25.510,25.590,25.450,25.520,1884900
2025-06-10 10:00:00,25.400,25.590,25.240,25.260,3937102
2025-06-10 10:30:00,25.260,25.260,24.870,24.910,4132798
2025-06-10 11:00:00,24.900,25.050,24.880,24.880,1684000
2025-06-10 11:30:00,24.880,24.980,24.800,24.850,1767500
2025-06-10 13:30:00,24.840,24.850,24.410,24.440,3893600
2025-06-10 14:00:00,24.430,24.650,24.400,24.600,2742536
2025-06-10 14:30:00,24.600,24.870,24.550,24.850,1369663
2025-06-10 15:00:00,24.830,24.840,24.710,24.740,1445400
2025-06-11 10:00:00,24.910,25.280,24.910,25.280,5224475
2025-06-11 10:30:00,25.270,25.360,25.100,25.220,2329200
2025-06-11 11:00:00,25.210,25.220,25.010,25.010,1122770
2025-06-11 11:30:00,25.010,25.110,25.010,25.100,557100
2025-06-11 13:30:00,25.090,25.220,25.070,25.090,1852300
2025-06-11 14:00:00,25.090,25.150,25.060,25.080,540545
2025-06-11 14:30:00,25.090,25.170,25.080,25.100,582863
2025-06-11 15:00:00,25.100,25.120,25.060,25.070,1456800
2025-06-12 10:00:00,25.180,26.100,25.070,25.710,13376791
2025-06-12 10:30:00,25.700,25.940,25.630,25.930,1989019
2025-06-12 11:00:00,25.900,26.180,25.840,26.140,5814600
2025-06-12 11:30:00,26.150,26.200,25.930,26.030,2526300
2025-06-12 13:30:00,26.030,26.110,25.910,25.920,1893800
2025-06-12 14:00:00,25.920,25.930,25.740,25.770,2433900
2025-06-12 14:30:00,25.770,25.870,25.760,25.790,1231200
2025-06-12 15:00:00,25.800,25.830,25.760,25.790,2406082
2025-06-13 10:00:00,25.500,25.640,25.200,25.270,5139220
2025-06-13 10:30:00,25.270,25.360,25.130,25.150,3046769
2025-06-13 11:00:00,25.140,25.190,25.060,25.100,1989700
2025-06-13 11:30:00,25.090,25.160,25.010,25.110,1588500
2025-06-13 13:30:00,25.100,25.160,24.940,25.150,2107559
2025-06-13 14:00:00,25.140,25.160,25.030,25.090,889400
2025-06-13 14:30:00,25.100,25.150,25.050,25.050,898300
2025-06-13 15:00:00,25.060,25.070,24.900,24.970,3125152
2025-06-16 10:00:00,24.820,25.020,24.710,24.920,3559058
2025-06-16 10:30:00,24.950,25.000,24.890,24.940,1155900
2025-06-16 11:00:00,24.940,24.960,24.750,24.750,1579100
2025-06-16 11:30:00,24.750,24.770,24.630,24.680,2009900
2025-06-16 13:30:00,24.690,24.720,24.640,24.700,1947600
2025-06-16 14:00:00,24.690,24.700,24.600,24.660,1699600
2025-06-16 14:30:00,24.640,24.900,24.610,24.880,2115164
2025-06-16 15:00:00,24.880,25.000,24.870,24.960,3037400
2025-06-17 10:00:00,25.020,25.080,24.420,24.580,6559052
2025-06-17 10:30:00,24.570,24.580,24.340,24.340,3392000
2025-06-17 11:00:00,24.340,24.360,24.050,24.230,4026570
2025-06-17 11:30:00,24.250,24.390,24.230,24.390,1007808
2025-06-17 13:30:00,24.320,24.410,24.210,24.390,1094400
2025-06-17 14:00:00,24.400,24.450,24.350,24.360,962500
2025-06-17 14:30:00,24.350,24.360,24.250,24.350,973283
2025-06-17 15:00:00,24.340,24.360,24.280,24.330,1535600
2025-06-18 10:00:00,24.260,24.400,24.170,24.230,1791960
2025-06-18 10:30:00,24.240,24.250,24.100,24.140,1977300
2025-06-18 11:00:00,24.150,24.190,24.040,24.080,1269600
2025-06-18 11:30:00,24.080,24.210,24.040,24.110,1121770
2025-06-18 13:30:00,24.090,24.330,24.080,24.290,1427500
2025-06-18 14:00:00,24.290,24.320,24.110,24.110,1415900
2025-06-18 14:30:00,24.120,24.160,24.050,24.130,2667400
2025-06-18 15:00:00,24.130,24.180,24.100,24.120,1553500
2025-06-19 10:00:00,24.110,24.980,24.050,24.900,11060797
2025-06-19 10:30:00,24.880,25.200,24.860,25.050,7094100
2025-06-19 11:00:00,25.050,25.090,24.770,24.780,1940748
2025-06-19 11:30:00,24.770,24.790,24.540,24.570,1646200
2025-06-19 13:30:00,24.570,24.590,24.400,24.500,1693400
2025-06-19 14:00:00,24.450,24.570,24.280,24.280,1669300
2025-06-19 14:30:00,24.290,24.350,24.170,24.210,2065800
2025-06-19 15:00:00,24.240,24.280,24.080,24.150,3535406
2025-06-20 10:00:00,24.000,24.000,23.190,23.660,7571298
2025-06-20 10:30:00,23.640,23.770,23.490,23.620,2479100
2025-06-20 11:00:00,23.680,23.700,23.610,23.650,660600
2025-06-20 11:30:00,23.660,23.660,23.540,23.580,890700
2025-06-20 13:30:00,23.560,23.600,23.410,23.530,1751404
2025-06-20 14:00:00,23.530,23.610,23.480,23.530,867727
2025-06-20 14:30:00,23.540,23.550,23.390,23.390,2028178
2025-06-20 15:00:00,23.400,23.460,23.360,23.380,2861978
2025-06-23 10:00:00,23.140,23.300,23.000,23.170,5181100
2025-06-23 10:30:00,23.170,23.220,23.080,23.160,1532600
2025-06-23 11:00:00,23.140,23.190,23.090,23.130,1474200
2025-06-23 11:30:00,23.130,23.200,23.090,23.170,1029100
2025-06-23 13:30:00,23.170,23.280,23.140,23.240,1080500
2025-06-23 14:00:00,23.240,23.270,23.150,23.230,1484100
2025-06-23 14:30:00,23.210,23.280,23.150,23.160,2702300
2025-06-23 15:00:00,23.160,23.200,23.050,23.120,3723377
2025-06-24 10:00:00,23.330,24.000,23.330,23.780,8599516
2025-06-24 10:30:00,23.790,24.030,23.710,23.900,3628117
2025-06-24 11:00:00,23.900,24.000,23.880,23.920,2262900
2025-06-24 11:30:00,23.910,24.020,23.880,23.990,1657336
2025-06-24 13:30:00,23.990,24.150,23.950,23.980,2643300
2025-06-24 14:00:00,23.980,23.990,23.850,23.900,2142500
2025-06-24 14:30:00,23.910,24.000,23.900,23.970,1391517
2025-06-24 15:00:00,23.980,24.040,23.960,24.010,2576600
2025-06-25 10:00:00,24.010,24.650,23.920,24.490,6421550
2025-06-25 10:30:00,24.490,24.530,24.140,24.160,3324300
2025-06-25 11:00:00,24.170,24.320,24.160,24.190,1406100
2025-06-25 11:30:00,24.200,24.290,24.120,24.270,1127500
2025-06-25 13:30:00,24.280,24.490,24.200,24.470,2460700
2025-06-25 14:00:00,24.480,24.500,24.350,24.440,1824000
2025-06-25 14:30:00,24.440,24.520,24.430,24.500,2853869
2025-06-25 15:00:00,24.490,24.510,24.370,24.400,3737767
2025-06-26 10:00:00,24.400,24.440,23.960,24.430,6243000
2025-06-26 10:30:00,24.430,24.490,24.180,24.210,2394459
2025-06-26 11:00:00,24.220,24.270,24.160,24.220,1714932
2025-06-26 11:30:00,24.220,24.260,24.170,24.200,1390800
2025-06-26 13:30:00,24.200,24.240,24.060,24.110,2600259
2025-06-26 14:00:00,24.110,24.130,23.880,23.900,3899000
2025-06-26 14:30:00,23.900,23.930,23.800,23.870,3078609
2025-06-26 15:00:00,23.860,23.870,23.810,23.830,3044000
2025-06-27 10:00:00,24.300,24.350,23.710,24.040,8783300
2025-06-27 10:30:00,24.040,24.140,23.980,24.040,1611100
2025-06-27 11:00:00,24.050,24.130,23.960,24.100,1778014
2025-06-27 11:30:00,24.100,24.200,23.900,23.940,2612239
2025-06-27 13:30:00,23.950,23.970,23.810,23.840,2889433
2025-06-27 14:00:00,23.850,23.920,23.840,23.850,1307900
2025-06-27 14:30:00,23.860,23.910,23.830,23.830,1261903
2025-06-27 15:00:00,23.830,23.860,23.820,23.840,2775232
2025-06-30 10:00:00,23.790,24.280,23.770,24.180,6509341
2025-06-30 10:30:00,24.180,24.240,24.080,24.180,2405700
2025-06-30 11:00:00,24.190,24.210,24.030,24.050,1132100
2025-06-30 11:30:00,24.060,24.070,23.940,23.940,1301800
2025-06-30 13:30:00,23.950,24.060,23.870,24.060,1889500
2025-06-30 14:00:00,24.060,24.070,23.970,23.990,1111000
2025-06-30 14:30:00,23.990,24.120,23.980,24.090,1215455
2025-06-30 15:00:00,24.090,24.320,24.030,24.280,4788134
2025-07-01 10:00:00,24.330,24.330,23.820,23.910,5965420
2025-07-01 10:30:00,23.910,23.950,23.820,23.870,2392221
2025-07-01 11:00:00,23.880,23.890,23.740,23.750,3094579
2025-07-01 11:30:00,23.750,23.820,23.630,23.730,1989814
2025-07-01 13:30:00,23.730,23.810,23.680,23.790,1604200
2025-07-01 14:00:00,23.790,23.800,23.680,23.700,1656502
2025-07-01 14:30:00,23.710,23.840,23.700,23.740,1618956
2025-07-01 15:00:00,23.750,23.870,23.730,23.860,2167408
2025-07-02 10:00:00,23.600,23.810,23.310,23.330,7157814
2025-07-02 10:30:00,23.320,23.500,23.310,23.390,2698892
2025-07-02 11:00:00,23.380,23.410,23.160,23.210,4883200
2025-07-02 11:30:00,23.210,23.330,23.210,23.280,1072300
2025-07-02 13:30:00,23.300,23.340,23.180,23.200,1798828
2025-07-02 14:00:00,23.200,23.210,23.030,23.050,4086016
2025-07-02 14:30:00,23.060,23.080,22.850,22.970,5522685
2025-07-02 15:00:00,22.960,23.050,22.950,23.050,3134968
2025-07-03 10:00:00,22.980,23.340,22.980,23.340,4456402
2025-07-03 10:30:00,23.340,23.360,23.160,23.160,1764900
2025-07-03 11:00:00,23.160,23.200,23.070,23.080,1331398
2025-07-03 11:30:00,23.080,23.220,23.070,23.180,898771
2025-07-03 13:30:00,23.190,23.250,23.090,23.120,1463300
2025-07-03 14:00:00,23.120,23.450,23.120,23.390,3455800
2025-07-03 14:30:00,23.380,23.420,23.320,23.340,2036400
2025-07-03 15:00:00,23.330,23.370,23.320,23.330,1872911
2025-07-04 10:00:00,23.150,23.250,22.930,23.060,4227806
2025-07-04 10:30:00,23.060,23.120,22.940,22.990,2137088
2025-07-04 11:00:00,22.980,23.190,22.970,23.110,1719800
2025-07-04 11:30:00,23.110,23.130,23.050,23.100,640800
2025-07-04 13:30:00,23.110,23.350,23.080,23.310,2079015
2025-07-04 14:00:00,23.320,23.320,23.100,23.100,1232200
2025-07-04 14:30:00,23.100,23.120,23.000,23.010,1797600
2025-07-04 15:00:00,23.010,23.050,22.990,23.000,2585048
2025-07-07 10:00:00,22.930,22.940,22.660,22.700,5195821
2025-07-07 10:30:00,22.700,22.830,22.690,22.760,1266412
2025-07-07 11:00:00,22.750,22.800,22.700,22.750,1148300
2025-07-07 11:30:00,22.740,22.760,22.680,22.700,1455912
2025-07-07 13:30:00,22.710,22.720,22.500,22.610,3114873
2025-07-07 14:00:00,22.610,22.750,22.600,22.660,1703446
2025-07-07 14:30:00,22.620,22.680,22.570,22.590,1616000
2025-07-07 15:00:00,22.590,22.630,22.560,22.620,2158830
2025-07-08 10:00:00,22.550,22.930,22.550,22.830,3365700
2025-07-08 10:30:00,22.840,22.900,22.800,22.830,1321400
2025-07-08 11:00:00,22.850,23.050,22.840,22.960,3272764
2025-07-08 11:30:00,22.960,23.040,22.940,22.950,1258900
2025-07-08 13:30:00,22.950,22.960,22.840,22.910,1715900
2025-07-08 14:00:00,22.910,23.000,22.910,22.940,1499300
2025-07-08 14:30:00,22.940,22.960,22.890,22.940,1102800
2025-07-08 15:00:00,22.950,23.100,22.930,23.030,3684421
2025-07-09 10:00:00,23.250,23.750,23.250,23.300,8395309
2025-07-09 10:30:00,23.310,23.310,23.130,23.170,2630500
2025-07-09 11:00:00,23.170,23.170,23.010,23.020,2412945
2025-07-09 11:30:00,23.020,23.050,22.940,22.980,1922000
2025-07-09 13:30:00,22.980,23.120,22.980,23.050,948700
2025-07-09 14:00:00,23.050,23.100,23.000,23.060,833900
2025-07-09 14:30:00,23.060,23.080,22.980,23.000,1229900
2025-07-09 15:00:00,23.000,23.010,22.910,22.980,1939900
2025-07-10 10:00:00,22.900,23.000,22.790,22.850,3063012
2025-07-10 10:30:00,22.850,22.880,22.670,22.710,3585537
2025-07-10 11:00:00,22.720,22.770,22.610,22.620,1842800
2025-07-10 11:30:00,22.610,22.710,22.590,22.710,1892044
2025-07-10 13:30:00,22.710,22.750,22.650,22.690,1250229
2025-07-10 14:00:00,22.690,22.740,22.650,22.720,1305191
2025-07-10 14:30:00,22.720,22.850,22.710,22.750,2398182
2025-07-10 15:00:00,22.750,22.860,22.730,22.840,2690287
2025-07-11 10:00:00,22.880,22.900,22.710,22.730,2680000
2025-07-11 10:30:00,22.730,22.820,22.720,22.790,1835400
2025-07-11 11:00:00,22.780,22.820,22.730,22.740,1557700
2025-07-11 11:30:00,22.740,22.840,22.670,22.840,2729912
2025-07-11 13:30:00,22.830,23.040,22.770,23.010,4473401
2025-07-11 14:00:00,23.020,23.190,22.950,23.080,3789530
2025-07-11 14:30:00,23.080,23.110,23.000,23.020,1637600
2025-07-11 15:00:00,23.020,23.030,22.880,22.930,2276200
2025-07-14 10:00:00,23.010,23.270,22.860,23.050,5086981
2025-07-14 10:30:00,23.060,23.120,22.910,22.920,2555975
2025-07-14 11:00:00,22.920,22.960,22.860,22.930,1709400
2025-07-14 11:30:00,22.930,23.240,22.930,23.120,4242481
2025-07-14 13:30:00,23.120,23.160,23.060,23.150,1345621
2025-07-14 14:00:00,23.140,23.350,23.140,23.230,4936004
2025-07-14 14:30:00,23.220,23.250,23.200,23.220,1280700
2025-07-14 15:00:00,23.220,23.230,23.110,23.150,3017199
2025-07-15 10:00:00,23.050,23.540,22.980,23.430,9708557
2025-07-15 10:30:00,23.430,23.530,23.400,23.500,5096234
2025-07-15 11:00:00,23.500,23.590,23.420,23.520,2725667
2025-07-15 11:30:00,23.520,23.550,23.270,23.270,3354700
2025-07-15 13:30:00,23.280,23.300,23.200,23.260,2160700
2025-07-15 14:00:00,23.270,23.550,23.250,23.550,2470700
2025-07-15 14:30:00,23.560,23.720,23.540,23.710,6230857
2025-07-15 15:00:00,23.710,23.720,23.650,23.690,3290300
2025-07-16 10:00:00,23.850,24.420,23.850,24.070,11404496
2025-07-16 10:30:00,24.070,24.240,23.980,24.220,4489500
2025-07-16 11:00:00,24.220,24.640,24.180,24.360,10043841
2025-07-16 11:30:00,24.370,24.500,24.200,24.370,4523164
2025-07-16 13:30:00,24.370,25.870,24.370,25.680,30178264
2025-07-16 14:00:00,25.680,26.000,25.560,25.710,13010848
2025-07-16 14:30:00,25.710,25.800,25.610,25.650,4367500
2025-07-16 15:00:00,25.640,25.670,25.330,25.430,7826212
2025-07-17 10:00:00,24.840,25.940,24.830,25.900,22152194
2025-07-17 10:30:00,25.910,26.700,25.880,26.670,18088635
2025-07-17 11:00:00,26.660,26.800,26.400,26.640,9816916
2025-07-17 11:30:00,26.640,26.970,26.490,26.590,7415600
2025-07-17 13:30:00,26.600,27.720,26.550,27.400,15537214
2025-07-17 14:00:00,27.380,27.410,27.010,27.050,5213300
2025-07-17 14:30:00,27.060,27.500,27.050,27.260,5463500
2025-07-17 15:00:00,27.260,27.330,27.100,27.300,7408165
2025-07-18 10:00:00,27.530,28.500,27.400,28.150,32735689
2025-07-18 10:30:00,28.150,28.420,28.000,28.000,10685272
2025-07-18 11:00:00,28.000,28.250,27.990,28.160,4813100
2025-07-18 11:30:00,28.160,28.170,28.020,28.070,2725700
2025-07-18 13:30:00,28.070,28.080,27.520,27.600,11564596
2025-07-18 14:00:00,27.610,27.660,27.400,27.530,7859600
2025-07-18 14:30:00,27.530,27.700,27.420,27.620,5431826
2025-07-18 15:00:00,27.620,27.660,27.450,27.630,8380669
2025-07-21 10:00:00,28.000,29.320,27.590,28.640,33721240
2025-07-21 10:30:00,28.610,28.820,28.000,28.040,10683772
2025-07-21 11:00:00,28.040,28.290,27.930,28.040,5475805
2025-07-21 11:30:00,28.040,28.190,27.970,28.030,2282000
2025-07-21 13:30:00,28.030,28.180,27.880,27.970,2786400
2025-07-21 14:00:00,27.970,28.280,27.950,28.000,3270719
2025-07-21 14:30:00,27.970,28.250,27.960,28.250,2936100
2025-07-21 15:00:00,28.240,28.260,28.080,28.200,5051234
2025-07-22 10:00:00,27.810,28.520,27.780,28.490,13834054
2025-07-22 10:30:00,28.460,28.590,28.170,28.170,7271794
2025-07-22 11:00:00,28.170,28.360,28.060,28.330,3364000
2025-07-22 11:30:00,28.320,28.370,28.130,28.200,3028200
2025-07-22 13:30:00,28.200,28.240,28.080,28.100,4543500
2025-07-22 14:00:00,28.100,28.190,28.050,28.070,3285100
2025-07-22 14:30:00,28.070,28.140,27.990,28.060,3854950
2025-07-22 15:00:00,28.050,28.200,27.950,28.200,5061197
2025-07-23 10:00:00,28.000,28.080,27.430,27.970,12742701
2025-07-23 10:30:00,27.980,28.200,27.800,27.800,4278600
2025-07-23 11:00:00,27.810,28.590,27.790,28.210,6351600
2025-07-23 11:30:00,28.220,28.280,27.990,28.120,2423000
2025-07-23 13:30:00,28.110,28.130,27.900,28.000,3009706
2025-07-23 14:00:00,28.000,28.290,27.980,28.280,3350000
2025-07-23 14:30:00,28.280,28.610,28.210,28.600,7211100
2025-07-23 15:00:00,28.600,29.410,28.580,28.970,19695037
2025-07-24 10:00:00,29.160,30.680,29.160,30.370,33819973
2025-07-24 10:30:00,30.370,30.400,29.900,29.920,7636266
2025-07-24 11:00:00,29.940,30.180,29.860,30.050,4850800
2025-07-24 11:30:00,30.050,30.070,29.650,29.870,4009495
2025-07-24 13:30:00,29.870,30.160,29.740,30.020,5472500
2025-07-24 14:00:00,30.020,30.100,29.820,29.930,3591100
2025-07-24 14:30:00,29.920,30.000,29.850,30.000,2392600
2025-07-24 15:00:00,30.000,30.020,29.830,29.940,5852545
2025-07-25 10:00:00,29.670,29.800,29.030,29.040,13005010
2025-07-25 10:30:00,29.040,29.300,28.880,29.290,8449706
2025-07-25 11:00:00,29.290,29.890,29.230,29.670,7817463
2025-07-25 11:30:00,29.670,29.990,29.500,29.520,4239200
2025-07-25 13:30:00,29.520,29.740,29.370,29.660,2852260
2025-07-25 14:00:00,29.660,29.820,29.620,29.730,1882400
2025-07-25 14:30:00,29.750,29.950,29.550,29.730,2609939
2025-07-25 15:00:00,29.720,29.880,29.700,29.860,3774600
2025-07-28 10:00:00,30.000,31.000,29.740,29.880,16331912
2025-07-28 10:30:00,29.880,30.010,29.150,29.220,8995700
2025-07-28 11:00:00,29.220,29.540,29.170,29.400,6399900
2025-07-28 11:30:00,29.360,29.690,29.300,29.440,3147300
2025-07-28 13:30:00,29.430,29.810,29.340,29.640,3858800
2025-07-28 14:00:00,29.610,29.690,29.400,29.510,2222200
2025-07-28 14:30:00,29.560,29.720,29.520,29.660,2363800
2025-07-28 15:00:00,29.620,29.810,29.610,29.670,3465400
2025-07-29 10:00:00,29.600,29.940,29.400,29.570,7408993
2025-07-29 10:30:00,29.570,30.450,29.500,30.430,9068266
2025-07-29 11:00:00,30.430,30.430,30.000,30.300,5774030
2025-07-29 11:30:00,30.300,30.540,30.290,30.300,4209072
2025-07-29 13:30:00,30.300,30.390,29.890,30.000,3488700
2025-07-29 14:00:00,30.000,30.050,29.900,29.950,2078500
2025-07-29 14:30:00,29.940,30.080,29.910,29.970,1808509
2025-07-29 15:00:00,29.980,30.140,29.880,30.130,4017349
2025-07-30 10:00:00,29.890,29.950,29.270,29.530,7262900
2025-07-30 10:30:00,29.510,29.580,29.320,29.420,3555578
2025-07-30 11:00:00,29.420,29.490,29.200,29.330,3076100
2025-07-30 11:30:00,29.330,29.470,29.020,29.230,3034074
2025-07-30 13:30:00,29.220,29.240,28.900,29.050,5739712
2025-07-30 14:00:00,29.060,29.160,28.580,28.610,7266986
2025-07-30 14:30:00,28.610,29.000,28.480,28.890,6785828
2025-07-30 15:00:00,28.890,28.950,28.700,28.840,4224649
2025-07-31 10:00:00,28.800,29.310,28.510,29.000,10740700
2025-07-31 10:30:00,29.000,29.070,28.670,28.850,5479327
2025-07-31 11:00:00,28.850,29.100,28.690,28.880,2529253
2025-07-31 11:30:00,28.880,29.300,28.880,29.250,3643178
2025-07-31 13:30:00,29.260,29.870,29.250,29.440,9887500
2025-07-31 14:00:00,29.440,29.480,29.100,29.100,3987923
2025-07-31 14:30:00,29.100,29.180,28.850,28.870,2903770
2025-07-31 15:00:00,28.870,28.980,28.780,28.970,4447673
2025-08-01 10:00:00,29.120,29.990,29.010,29.360,11801500
2025-08-01 10:30:00,29.360,29.370,28.830,28.860,5239400
2025-08-01 11:00:00,28.870,28.950,28.580,28.700,2532500
2025-08-01 11:30:00,28.710,28.960,28.650,28.810,1562700
2025-08-01 13:30:00,28.820,28.880,28.660,28.690,1777700
2025-08-01 14:00:00,28.680,28.760,28.580,28.610,2193100
2025-08-01 14:30:00,28.620,28.970,28.600,28.860,2447500
2025-08-01 15:00:00,28.860,28.960,28.760,28.770,3041400
2025-08-04 10:00:00,28.500,29.100,28.350,29.060,7559322
2025-08-04 10:30:00,29.030,29.090,28.600,28.600,5504423
2025-08-04 11:00:00,28.600,28.900,28.420,28.520,3547300
2025-08-04 11:30:00,28.520,28.670,28.340,28.390,2612900
2025-08-04 13:30:00,28.400,28.500,28.230,28.340,3115065
2025-08-04 14:00:00,28.320,28.480,28.190,28.330,5359638
2025-08-04 14:30:00,28.330,28.520,28.240,28.450,3180300
2025-08-04 15:00:00,28.450,28.680,28.360,28.570,6313727
2025-08-05 10:00:00,29.220,29.300,28.260,28.380,11063400
2025-08-05 10:30:00,28.370,28.880,28.320,28.690,4514200
2025-08-05 11:00:00,28.710,28.980,28.510,28.890,3704200
2025-08-05 11:30:00,28.880,29.100,28.830,28.870,4149537
2025-08-05 13:30:00,28.880,29.030,28.770,28.810,3093000
2025-08-05 14:00:00,28.810,28.840,28.750,28.790,1711100
2025-08-05 14:30:00,28.800,28.860,28.630,28.790,1906800
2025-08-05 15:00:00,28.760,28.800,28.650,28.720,4023900
2025-08-06 10:00:00,28.600,29.400,28.360,29.160,9052475
2025-08-06 10:30:00,29.150,29.470,29.070,29.450,8501367
2025-08-06 11:00:00,29.450,29.480,29.010,29.070,3872602
2025-08-06 11:30:00,29.060,29.800,29.020,29.780,6211694
2025-08-06 13:30:00,29.780,30.030,29.650,29.800,10725300
2025-08-06 14:00:00,29.800,30.160,29.480,30.130,6196891
2025-08-06 14:30:00,30.130,30.800,29.970,30.740,9714976
2025-08-06 15:00:00,30.740,30.880,30.610,30.850,8731582
2025-08-07 10:00:00,30.940,30.960,30.200,30.840,14421691
2025-08-07 10:30:00,30.840,30.840,30.100,30.140,7057600
2025-08-07 11:00:00,30.160,30.320,29.940,29.950,4818500
2025-08-07 11:30:00,29.950,30.410,29.880,30.310,2629200
2025-08-07 13:30:00,30.320,30.590,30.300,30.350,2961548
2025-08-07 14:00:00,30.350,30.560,30.340,30.400,1949400
2025-08-07 14:30:00,30.400,30.560,30.350,30.430,2025100
2025-08-07 15:00:00,30.450,30.550,30.370,30.520,3183950
2025-08-08 10:00:00,29.870,30.070,29.160,29.190,12971900
2025-08-08 10:30:00,29.190,29.320,29.110,29.170,6181600
2025-08-08 11:00:00,29.180,29.580,29.160,29.520,2290228
2025-08-08 11:30:00,29.510,29.920,29.460,29.900,2489505
2025-08-08 13:30:00,29.900,29.920,29.520,29.720,2436947
2025-08-08 14:00:00,29.730,29.930,29.710,29.860,2506800
2025-08-08 14:30:00,29.880,29.950,29.800,29.880,2273900
2025-08-08 15:00:00,29.880,29.920,29.720,29.860,3172966
2025-08-11 10:00:00,29.800,30.190,29.670,30.080,6490930
2025-08-11 10:30:00,30.080,30.370,29.890,29.980,4203300
2025-08-11 11:00:00,29.970,30.280,29.960,30.050,2118400
2025-08-11 11:30:00,30.090,30.210,29.810,30.050,2012800
2025-08-11 13:30:00,30.060,30.130,29.770,29.800,3425000
2025-08-11 14:00:00,29.800,29.960,29.700,29.880,3266267
2025-08-11 14:30:00,29.870,29.900,29.700,29.820,2833646
2025-08-11 15:00:00,29.830,29.900,29.790,29.870,3136138
2025-08-12 10:00:00,29.710,30.080,29.660,29.900,4341700
2025-08-12 10:30:00,29.900,30.360,29.780,30.180,6144900
2025-08-12 11:00:00,30.190,30.240,29.900,29.980,3970300
2025-08-12 11:30:00,29.980,30.490,29.950,30.410,4176900
2025-08-12 13:30:00,30.410,30.580,30.170,30.440,4334000
2025-08-12 14:00:00,30.450,30.500,30.280,30.410,2883100
2025-08-12 14:30:00,30.400,30.770,30.350,30.710,4832067
2025-08-12 15:00:00,30.720,30.880,30.600,30.630,6145747
2025-08-13 10:00:00,30.650,31.780,30.650,31.490,15061963
2025-08-13 10:30:00,31.490,31.900,31.270,31.500,7499500
2025-08-13 11:00:00,31.500,31.780,31.430,31.540,3539473
2025-08-13 11:30:00,31.540,32.180,31.490,31.950,4205232
2025-08-13 13:30:00,31.960,32.700,31.920,32.400,7923302
2025-08-13 14:00:00,32.400,32.430,32.010,32.230,2507600
2025-08-13 14:30:00,32.230,32.660,32.210,32.290,3717700
2025-08-13 15:00:00,32.270,32.340,32.230,32.320,4056511
2025-08-14 10:00:00,32.800,33.240,31.990,32.400,11404326
2025-08-14 10:30:00,32.410,32.800,32.250,32.310,4685881
2025-08-14 11:00:00,32.290,32.370,31.900,32.000,3145600
2025-08-14 11:30:00,32.000,32.060,31.700,31.790,3940300
2025-08-14 13:30:00,31.790,31.830,31.410,31.640,2865500
2025-08-14 14:00:00,31.630,32.630,31.590,32.380,5186556
2025-08-14 14:30:00,32.400,32.510,32.110,32.130,2883000
2025-08-14 15:00:00,32.130,32.190,31.880,31.910,2354366
2025-08-15 10:00:00,31.830,33.000,31.750,32.760,9431686
2025-08-15 10:30:00,32.760,33.960,32.570,33.660,10751466
2025-08-15 11:00:00,33.650,34.000,33.580,33.660,5907811
2025-08-15 11:30:00,33.660,33.800,33.250,33.470,4000800
2025-08-15 13:30:00,33.480,34.470,33.440,34.190,9478700
2025-08-15 14:00:00,34.180,34.240,33.810,33.970,2971200
2025-08-15 14:30:00,33.970,34.200,33.850,34.080,3081977
2025-08-15 15:00:00,34.080,34.250,33.810,34.120,4250040
2025-08-18 10:00:00,37.420,37.530,36.510,37.530,48228512
2025-08-18 10:30:00,37.520,37.530,37.100,37.530,12953439
2025-08-18 11:00:00,37.530,37.530,37.530,37.530,371072
2025-08-18 11:30:00,37.530,37.530,37.530,37.530,228300
2025-08-18 13:30:00,37.530,37.530,37.530,37.530,295600
2025-08-18 14:00:00,37.530,37.530,37.530,37.530,1033600
2025-08-18 14:30:00,37.530,37.530,37.530,37.530,1003500
2025-08-18 15:00:00,37.530,37.530,37.530,37.530,1337179
2025-08-19 10:00:00,37.910,37.910,36.200,36.380,27659638
2025-08-19 10:30:00,36.380,36.480,35.930,36.020,11544606
2025-08-19 11:00:00,36.030,37.200,35.880,37.030,8772606
2025-08-19 11:30:00,37.030,38.180,36.970,38.110,8221510
2025-08-19 13:30:00,38.110,41.200,38.090,38.540,16752264
2025-08-19 14:00:00,38.640,38.660,37.490,37.950,6828898
2025-08-19 14:30:00,37.950,38.290,37.500,37.570,3869282
2025-08-19 15:00:00,37.580,38.700,37.570,38.200,4990946
2025-08-20 10:00:00,37.200,37.400,36.370,36.500,15817102
2025-08-20 10:30:00,36.500,37.070,36.490,37.050,5956521
2025-08-20 11:00:00,37.060,37.480,36.980,37.100,5369665
2025-08-20 11:30:00,37.100,37.260,36.700,36.940,3654300
2025-08-20 13:30:00,36.910,37.060,36.570,36.800,3485843
2025-08-20 14:00:00,36.800,37.170,36.800,37.000,3138900
2025-08-20 14:30:00,37.010,37.880,36.970,37.660,5769330
2025-08-20 15:00:00,37.650,38.110,37.550,37.750,7687384
2025-08-21 10:00:00,37.760,37.960,36.910,37.120,8941177
2025-08-21 10:30:00,37.090,37.270,36.540,36.910,9201901
2025-08-21 11:00:00,36.910,38.330,36.870,38.300,4992700
2025-08-21 11:30:00,38.300,38.330,37.650,37.800,4598500
2025-08-21 13:30:00,37.800,38.200,37.540,37.690,2821272
2025-08-21 14:00:00,37.690,37.960,37.440,37.520,2059800
2025-08-21 14:30:00,37.520,37.580,37.000,37.340,4276587
2025-08-21 15:00:00,37.340,37.400,36.960,37.180,4376261
2025-08-22 10:00:00,37.000,38.020,36.710,37.370,7888200
2025-08-22 10:30:00,37.370,37.690,37.000,37.300,3950900
2025-08-22 11:00:00,37.330,37.850,37.260,37.420,2734600
2025-08-22 11:30:00,37.420,37.740,37.220,37.620,2304500
2025-08-22 13:30:00,37.610,37.880,37.050,37.260,3526800
2025-08-22 14:00:00,37.260,37.450,37.150,37.330,1847916
2025-08-22 14:30:00,37.320,37.450,37.160,37.300,2196399
2025-08-22 15:00:00,37.300,37.510,37.180,37.440,4475209
2025-08-25 10:00:00,37.710,38.560,37.180,37.810,8454949
2025-08-25 10:30:00,37.810,38.150,37.580,37.670,4846800
2025-08-25 11:00:00,37.670,38.320,37.560,38.260,3520343
2025-08-25 11:30:00,38.290,38.370,37.710,37.820,2906062
2025-08-25 13:30:00,37.810,38.300,37.760,38.230,3441210
2025-08-25 14:00:00,38.230,38.890,38.020,38.710,6014262
2025-08-25 14:30:00,38.720,39.450,38.590,39.350,6062001
2025-08-25 15:00:00,39.380,39.740,39.310,39.560,7052365
2025-08-26 10:00:00,38.770,39.000,38.020,38.240,10595265
2025-08-26 10:30:00,38.230,38.800,38.120,38.500,5842262
2025-08-26 11:00:00,38.500,38.650,37.820,37.820,6864400
2025-08-26 11:30:00,37.820,38.450,37.690,38.410,3003386
2025-08-26 13:30:00,38.370,38.510,37.920,38.040,2517900
2025-08-26 14:00:00,38.040,38.310,37.800,38.270,2270542
2025-08-26 14:30:00,38.260,38.390,37.920,38.010,2376300
2025-08-26 15:00:00,38.010,38.040,37.710,37.800,4615000
2025-08-27 10:00:00,37.500,38.690,37.380,38.580,10607597
2025-08-27 10:30:00,38.590,39.940,38.500,38.860,12846100
2025-08-27 11:00:00,38.860,39.090,38.550,38.780,3317400
2025-08-27 11:30:00,38.790,39.010,38.460,39.000,2762895
2025-08-27 13:30:00,38.990,39.480,38.810,39.250,3203000
2025-08-27 14:00:00,39.250,39.280,38.140,38.230,6367600
2025-08-27 14:30:00,38.240,38.710,38.000,38.030,5112429
2025-08-27 15:00:00,38.030,38.300,37.350,37.370,5505648
2025-08-28 10:00:00,37.110,38.600,37.110,37.830,10845250
2025-08-28 10:30:00,37.820,38.340,37.600,38.150,3595800
2025-08-28 11:00:00,38.150,38.840,38.080,38.190,3764100
2025-08-28 11:30:00,38.170,38.240,37.870,38.000,2608500
2025-08-28 13:30:00,37.990,38.250,37.320,37.400,3861568
2025-08-28 14:00:00,37.400,37.740,37.140,37.510,3073128
2025-08-28 14:30:00,37.540,38.800,37.450,38.790,4902100
2025-08-28 15:00:00,38.790,39.100,38.640,38.940,6582082
2025-08-29 10:00:00,39.000,39.080,38.030,38.910,9668312
2025-08-29 10:30:00,38.900,39.660,38.720,39.600,8095753
2025-08-29 11:00:00,39.590,40.380,39.490,39.710,7512159
2025-08-29 11:30:00,39.740,39.800,39.200,39.400,2267004
2025-08-29 13:30:00,39.400,39.800,38.560,38.820,3522934
2025-08-29 14:00:00,38.820,39.150,38.450,38.990,2821295
2025-08-29 14:30:00,38.990,39.000,38.720,38.860,1764945
2025-08-29 15:00:00,38.860,39.450,38.800,39.210,3735586
2025-09-01 10:00:00,38.930,38.990,36.460,36.820,17841650
2025-09-01 10:30:00,36.820,37.090,36.270,36.810,8372568
2025-09-01 11:00:00,36.760,37.030,36.680,36.960,2872700
2025-09-01 11:30:00,36.960,37.340,36.830,36.930,2451000
2025-09-01 13:30:00,36.930,37.070,36.760,36.850,2442300
2025-09-01 14:00:00,36.860,37.200,36.770,37.050,2368000
2025-09-01 14:30:00,37.050,37.180,36.920,37.040,2731100
2025-09-01 15:00:00,37.030,37.210,36.950,37.100,3903405
2025-09-02 10:00:00,36.700,37.370,36.010,36.200,12824454
2025-09-02 10:30:00,36.210,36.300,35.700,36.050,7071600
2025-09-02 11:00:00,36.050,36.070,35.710,35.770,2714924
2025-09-02 11:30:00,35.780,36.120,35.560,35.780,2877091
2025-09-02 13:30:00,35.780,37.300,35.700,37.120,9903583
2025-09-02 14:00:00,37.130,38.040,37.130,37.460,11403756
2025-09-02 14:30:00,37.460,37.600,37.040,37.080,3402600
2025-09-02 15:00:00,37.090,37.250,37.000,37.230,2891195
2025-09-03 10:00:00,37.410,37.990,36.300,36.890,5929800
2025-09-03 10:30:00,36.880,36.900,36.300,36.410,3888173
2025-09-03 11:00:00,36.400,37.170,36.020,36.840,4027512
2025-09-03 11:30:00,36.830,36.910,36.350,36.390,1465973
2025-09-03 13:30:00,36.390,36.550,35.880,36.070,2649000
2025-09-03 14:00:00,36.070,36.080,35.600,35.800,4299100
2025-09-03 14:30:00,35.810,36.350,35.700,35.950,2610412
2025-09-03 15:00:00,35.950,36.130,35.600,36.000,5213035
2025-09-04 10:00:00,36.000,36.360,35.080,35.100,8575396
2025-09-04 10:30:00,35.080,35.160,34.130,34.340,7887490
2025-09-04 11:00:00,34.350,34.470,33.800,34.070,5389592
2025-09-04 11:30:00,34.080,34.370,33.450,33.620,5078433
2025-09-04 13:30:00,33.620,34.100,33.550,33.660,3919281
2025-09-04 14:00:00,33.680,33.870,33.430,33.710,3109450
2025-09-04 14:30:00,33.720,33.720,32.840,33.060,4532323
2025-09-04 15:00:00,33.070,33.660,32.770,33.390,4906783
2025-09-05 10:00:00,33.600,34.460,33.200,34.340,7915906
2025-09-05 10:30:00,34.350,34.370,33.900,34.220,4033000
2025-09-05 11:00:00,34.220,34.600,34.020,34.470,3502600
2025-09-05 11:30:00,34.430,35.200,34.420,35.200,6068589
2025-09-05 13:30:00,35.190,35.600,35.020,35.240,5387700
2025-09-05 14:00:00,35.240,35.440,35.100,35.380,1710102
2025-09-05 14:30:00,35.340,35.400,35.160,35.400,2036472
2025-09-05 15:00:00,35.400,35.480,35.280,35.300,2878187
2025-09-08 10:00:00,35.200,36.880,34.810,36.220,12108000
2025-09-08 10:30:00,36.210,36.400,35.740,35.820,4238612
2025-09-08 11:00:00,35.820,35.970,35.550,35.900,2494501
2025-09-08 11:30:00,35.900,36.250,35.510,36.230,1792100
2025-09-08 13:30:00,36.230,36.260,35.400,35.460,2205200
2025-09-08 14:00:00,35.470,35.710,35.450,35.670,1776191
2025-09-08 14:30:00,35.660,35.720,35.470,35.490,1862000
2025-09-08 15:00:00,35.480,35.690,35.480,35.650,2340283
2025-09-09 10:00:00,35.650,35.990,35.210,35.610,4578612
2025-09-09 10:30:00,35.630,35.780,35.250,35.500,3373600
2025-09-09 11:00:00,35.470,36.180,35.440,36.140,4196138
2025-09-09 11:30:00,36.140,36.450,35.920,36.060,2860000
2025-09-09 13:30:00,36.050,36.590,35.900,36.100,4012540
2025-09-09 14:00:00,36.070,36.240,35.950,35.950,2535292
2025-09-09 14:30:00,35.950,36.180,35.780,35.810,2262600
2025-09-09 15:00:00,35.810,36.000,35.690,36.000,2286100
2025-09-10 10:00:00,35.500,36.680,35.310,36.030,6744096
2025-09-10 10:30:00,36.030,36.090,35.440,35.500,3384400
2025-09-10 11:00:00,35.500,35.560,35.130,35.270,2618501
2025-09-10 11:30:00,35.280,35.660,35.160,35.460,1134051
2025-09-10 13:30:00,35.460,36.280,35.420,35.860,3462225
2025-09-10 14:00:00,35.860,36.190,35.820,36.130,2055700
2025-09-10 14:30:00,36.130,36.130,35.900,35.990,1322690
2025-09-10 15:00:00,36.000,36.180,35.940,35.950,2655300
2025-09-11 10:00:00,36.060,37.080,36.030,36.630,6744300
2025-09-11 10:30:00,36.630,37.180,36.350,36.560,5237100
2025-09-11 11:00:00,36.570,36.640,36.380,36.560,1369700
2025-09-11 11:30:00,36.550,37.500,36.520,37.270,5064751
2025-09-11 13:30:00,37.270,37.370,36.980,37.100,2456990
2025-09-11 14:00:00,37.110,37.190,36.920,37.150,1442600
2025-09-11 14:30:00,37.140,37.270,37.090,37.230,1652000
2025-09-11 15:00:00,37.220,37.300,37.150,37.290,3336788
2025-09-12 10:00:00,37.540,38.160,36.650,37.100,9490600
2025-09-12 10:30:00,37.100,37.460,37.000,37.330,3198900
2025-09-12 11:00:00,37.340,37.340,36.900,36.900,2913575
2025-09-12 11:30:00,36.900,37.120,36.710,36.990,1500456
2025-09-12 13:30:00,36.980,37.120,36.400,36.650,2558000
2025-09-12 14:00:00,36.650,36.650,36.400,36.480,2225798
2025-09-12 14:30:00,36.460,36.520,36.210,36.290,2280700
2025-09-12 15:00:00,36.280,36.460,36.210,36.460,2682274
2025-09-15 10:00:00,36.100,36.850,35.750,36.280,7501439
2025-09-15 10:30:00,36.290,36.290,35.850,35.930,3656250
2025-09-15 11:00:00,35.960,36.220,35.860,36.000,2007100
2025-09-15 11:30:00,36.000,36.170,35.850,36.040,1657725
2025-09-15 13:30:00,36.050,36.660,36.010,36.460,2973533
2025-09-15 14:00:00,36.460,36.620,36.150,36.170,1593300
2025-09-15 14:30:00,36.180,36.300,36.060,36.150,1644452
2025-09-15 15:00:00,36.170,36.390,36.150,36.280,2334773
2025-09-16 10:00:00,38.700,39.910,38.010,39.910,26974972
2025-09-16 10:30:00,39.910,39.910,39.910,39.910,1297269
2025-09-16 11:00:00,39.910,39.910,39.910,39.910,704452
2025-09-16 11:30:00,39.910,39.910,39.910,39.910,259900
2025-09-16 13:30:00,39.910,39.910,39.910,39.910,343900
2025-09-16 14:00:00,39.910,39.910,39.910,39.910,205700
2025-09-16 14:30:00,39.910,39.910,39.910,39.910,132747
2025-09-16 15:00:00,39.910,39.910,39.910,39.910,663319
2025-09-17 10:00:00,42.300,43.900,42.300,43.900,25789643
2025-09-17 10:30:00,43.900,43.900,43.900,43.900,464800
2025-09-17 11:00:00,43.900,43.900,43.900,43.900,317578
2025-09-17 11:30:00,43.900,43.900,43.900,43.900,235700
2025-09-17 13:30:00,43.900,43.900,43.900,43.900,1363204
2025-09-17 14:00:00,43.900,43.900,43.900,43.900,524602
2025-09-17 14:30:00,43.900,43.900,43.900,43.900,135300
2025-09-17 15:00:00,43.900,43.900,43.900,43.900,2239058
2025-09-18 10:00:00,44.000,45.500,43.130,43.920,29499548
2025-09-18 10:30:00,43.960,45.160,43.310,44.740,14532959
2025-09-18 11:00:00,44.740,45.860,44.530,45.640,7523310
2025-09-18 11:30:00,45.640,46.270,45.000,45.780,5486658
2025-09-18 13:30:00,45.790,46.980,43.380,43.600,11517598
2025-09-18 14:00:00,43.600,44.760,43.300,43.310,9273988
2025-09-18 14:30:00,43.310,43.720,42.800,42.890,9496689
2025-09-18 15:00:00,42.890,44.480,42.390,44.000,10173327
2025-09-19 10:00:00,43.170,43.430,40.660,41.100,20316289
2025-09-19 10:30:00,41.070,41.360,40.760,41.080,6454174
2025-09-19 11:00:00,41.080,41.270,40.280,40.370,5259199
2025-09-19 11:30:00,40.370,41.000,40.100,40.860,4225200
2025-09-19 13:30:00,40.860,41.300,40.360,40.360,4314343
2025-09-19 14:00:00,40.370,40.400,39.900,40.130,5555623
2025-09-19 14:30:00,40.110,40.800,40.050,40.760,3285134
2025-09-19 15:00:00,40.760,40.880,40.450,40.600,5108366
2025-09-22 10:00:00,40.160,41.240,40.160,40.460,9866719
2025-09-22 10:30:00,40.460,41.700,40.410,41.670,7006023
2025-09-22 11:00:00,41.670,41.800,41.160,41.740,4663344
2025-09-22 11:30:00,41.740,41.890,41.200,41.410,3507300
2025-09-22 13:30:00,41.440,41.640,41.260,41.580,2979000
2025-09-22 14:00:00,41.540,42.180,41.510,41.920,4682144
2025-09-22 14:30:00,41.910,42.880,41.810,42.040,7354829
2025-09-22 15:00:00,42.040,42.160,41.800,42.080,4971265
2025-09-23 10:00:00,42.460,43.820,42.450,42.480,12535180
2025-09-23 10:30:00,42.500,43.030,42.160,42.380,6493340
2025-09-23 11:00:00,42.360,42.600,41.750,41.900,3255419
2025-09-23 11:30:00,41.890,41.960,41.160,41.270,2550020
2025-09-23 13:30:00,41.260,41.900,41.130,41.770,2177900
2025-09-23 14:00:00,41.780,41.960,41.430,41.610,1929469
2025-09-23 14:30:00,41.610,41.660,41.000,41.380,2383573
2025-09-23 15:00:00,41.380,41.930,41.380,41.900,3017617
2025-09-24 10:00:00,41.660,42.500,41.030,41.900,6154720
2025-09-24 10:30:00,41.900,42.010,41.590,41.680,2698600
2025-09-24 11:00:00,41.690,41.800,41.100,41.740,2480562
2025-09-24 11:30:00,41.740,41.850,41.510,41.780,1548500
2025-09-24 13:30:00,41.780,41.840,41.150,41.750,2580960
2025-09-24 14:00:00,41.740,42.050,41.700,41.820,2795990
2025-09-24 14:30:00,41.850,41.960,41.570,41.620,2301700
2025-09-24 15:00:00,41.620,41.750,41.520,41.750,3386195
2025-09-25 10:00:00,42.060,42.780,41.050,41.610,8417979
2025-09-25 10:30:00,41.570,42.040,41.500,41.750,2721910
2025-09-25 11:00:00,41.750,42.850,41.580,42.440,7397222
2025-09-25 11:30:00,42.490,42.700,42.080,42.500,3149650
2025-09-25 13:30:00,42.510,42.580,42.100,42.200,3744811
2025-09-25 14:00:00,42.200,42.700,42.070,42.400,3310957
2025-09-25 14:30:00,42.400,42.460,42.150,42.260,1610100
2025-09-25 15:00:00,42.260,42.350,41.990,42.050,3011662
2025-09-26 10:00:00,41.450,41.990,41.060,41.250,6221668
2025-09-26 10:30:00,41.260,41.750,40.800,40.960,3227600
2025-09-26 11:00:00,40.960,41.020,40.560,40.930,3174385
2025-09-26 11:30:00,40.920,41.150,40.800,40.930,1364800
2025-09-26 13:30:00,40.930,40.990,40.780,40.780,1280086
2025-09-26 14:00:00,40.780,40.800,40.400,40.490,2897800
2025-09-26 14:30:00,40.490,40.580,40.220,40.370,2846000
2025-09-26 15:00:00,40.370,40.530,40.110,40.210,4043841
2025-09-29 10:00:00,40.220,41.570,40.180,41.360,6427324
2025-09-29 10:30:00,41.350,42.550,41.290,42.400,7076394
2025-09-29 11:00:00,42.400,42.860,42.000,42.580,3996631
2025-09-29 11:30:00,42.570,43.020,42.560,42.860,2834600
2025-09-29 13:30:00,42.830,43.090,42.210,42.290,2058400
2025-09-29 14:00:00,42.300,42.600,42.030,42.450,1919866
2025-09-29 14:30:00,42.450,42.550,42.280,42.450,2073200
2025-09-29 15:00:00,42.460,42.520,42.250,42.500,3038536
2025-09-30 10:00:00,42.360,42.470,41.690,41.790,5626800
2025-09-30 10:30:00,41.790,41.900,41.370,41.510,3989093
2025-09-30 11:00:00,41.510,41.740,41.360,41.650,1779957
2025-09-30 11:30:00,41.660,41.850,41.550,41.560,1066600
2025-09-30 13:30:00,41.560,41.770,41.380,41.540,2242390
2025-09-30 14:00:00,41.520,41.540,41.190,41.360,2239112
2025-09-30 14:30:00,41.360,41.590,41.200,41.490,1560279
2025-09-30 15:00:00,41.490,41.530,41.260,41.360,2439368
2025-10-09 10:00:00,41.520,42.050,40.880,41.060,5191436
2025-10-09 10:30:00,41.060,41.300,40.580,41.010,3156600
2025-10-09 11:00:00,41.010,41.200,40.790,40.960,1916100
2025-10-09 11:30:00,40.970,41.250,40.910,41.090,1582700
2025-10-09 13:30:00,41.080,41.130,40.730,41.050,1878900
2025-10-09 14:00:00,41.060,41.080,40.780,40.900,1651616
2025-10-09 14:30:00,40.900,41.110,40.620,40.650,2301323
2025-10-09 15:00:00,40.650,40.830,40.610,40.800,2656898
2025-10-10 10:00:00,40.940,42.780,40.940,41.970,13612424
2025-10-10 10:30:00,41.950,42.160,40.910,40.960,4989919
2025-10-10 11:00:00,41.000,41.370,40.710,40.720,2631700
2025-10-10 11:30:00,40.730,41.000,40.550,40.550,2002200
2025-10-10 13:30:00,40.560,40.650,40.300,40.430,1837000
2025-10-10 14:00:00,40.420,40.420,40.030,40.330,2126265
2025-10-10 14:30:00,40.320,40.370,39.860,40.070,2451466
2025-10-10 15:00:00,40.060,40.080,39.710,40.000,2910086
2025-10-13 10:00:00,37.880,39.170,37.600,38.260,9864811
2025-10-13 10:30:00,38.260,38.350,37.860,38.000,3693676
2025-10-13 11:00:00,38.010,38.060,37.620,37.730,3319990
2025-10-13 11:30:00,37.730,37.820,37.280,37.280,2322500
2025-10-13 13:30:00,37.270,37.460,37.000,37.400,2424877
2025-10-13 14:00:00,37.420,37.890,37.210,37.830,2445899
2025-10-13 14:30:00,37.820,38.130,37.700,37.820,2530300
2025-10-13 15:00:00,37.800,38.170,37.790,37.930,2544867
2025-10-14 10:00:00,38.270,38.580,37.760,37.790,5982202
2025-10-14 10:30:00,37.780,37.800,37.270,37.300,4068411
2025-10-14 11:00:00,37.300,37.370,36.660,36.690,3326800
2025-10-14 11:30:00,36.680,36.780,36.310,36.410,4168901
2025-10-14 13:30:00,36.380,36.540,36.000,36.490,3373582
2025-10-14 14:00:00,36.480,36.560,36.070,36.080,2782000
2025-10-14 14:30:00,36.070,36.080,35.750,35.930,4041200
2025-10-14 15:00:00,35.930,36.280,35.800,36.060,4206337
2025-10-15 10:00:00,36.380,37.260,36.000,37.070,7559326
2025-10-15 10:30:00,37.070,37.420,36.960,37.180,2970900
2025-10-15 11:00:00,37.180,37.200,36.940,37.010,2040400
2025-10-15 11:30:00,37.010,37.300,37.000,37.230,1459167
2025-10-15 13:30:00,37.230,38.060,37.150,38.000,4061886
2025-10-15 14:00:00,38.000,38.480,37.990,38.060,5355158
2025-10-15 14:30:00,38.060,38.190,37.960,38.130,2040400
2025-10-15 15:00:00,38.130,38.250,38.070,38.220,2537858
2025-10-16 10:00:00,37.600,37.900,37.180,37.620,4129559
2025-10-16 10:30:00,37.610,37.770,37.300,37.350,1520900
2025-10-16 11:00:00,37.370,37.450,37.200,37.300,2476500
2025-10-16 11:30:00,37.310,37.470,37.230,37.270,1171675
2025-10-16 13:30:00,37.280,37.290,36.850,36.880,2155960
2025-10-16 14:00:00,36.870,36.950,36.690,36.790,1491955
2025-10-16 14:30:00,36.780,36.970,36.690,36.800,1070710
2025-10-16 15:00:00,36.820,37.010,36.720,36.970,1662332
2025-10-17 10:00:00,36.970,37.000,36.020,36.030,3215900
2025-10-17 10:30:00,36.020,36.210,35.830,36.130,2190766
2025-10-17 11:00:00,36.150,36.670,36.100,36.500,1422807
2025-10-17 11:30:00,36.490,36.500,36.000,36.020,1066500
2025-10-17 13:30:00,36.020,36.030,35.600,35.930,2918900
2025-10-17 14:00:00,35.930,36.090,35.830,35.870,1388443
2025-10-17 14:30:00,35.890,35.990,35.610,35.630,3195900
2025-10-17 15:00:00,35.630,35.900,35.480,35.570,3859886
2025-10-20 10:00:00,36.000,36.670,35.860,36.520,4308363
2025-10-20 10:30:00,36.520,36.560,36.040,36.080,1963100
2025-10-20 11:00:00,36.080,36.260,35.840,35.870,2087790
2025-10-20 11:30:00,35.870,36.000,35.790,35.870,980400
2025-10-20 13:30:00,35.870,35.890,35.530,35.610,1958226
2025-10-20 14:00:00,35.610,35.800,35.550,35.750,1106400
2025-10-20 14:30:00,35.750,35.840,35.520,35.760,1052400
2025-10-20 15:00:00,35.750,35.980,35.710,35.910,1971400
2025-10-21 10:00:00,36.030,36.090,35.600,35.800,2953590
2025-10-21 10:30:00,35.810,36.320,35.600,36.280,2889964
2025-10-21 11:00:00,36.280,36.690,36.140,36.280,3206400
2025-10-21 11:30:00,36.280,36.770,36.280,36.700,2083500
2025-10-21 13:30:00,36.690,36.920,36.420,36.880,2089300
2025-10-21 14:00:00,36.880,37.090,36.800,36.840,2830100
2025-10-21 14:30:00,36.840,37.010,36.830,36.950,1395478
2025-10-21 15:00:00,36.950,36.970,36.850,36.880,1920300
2025-10-22 10:00:00,36.720,36.880,36.210,36.300,2919400
2025-10-22 10:30:00,36.280,37.190,36.250,36.990,2672100
2025-10-22 11:00:00,37.030,37.300,36.590,36.590,1431344
2025-10-22 11:30:00,36.590,36.730,36.510,36.530,453500
2025-10-22 13:30:00,36.540,36.630,36.400,36.570,825000
2025-10-22 14:00:00,36.560,36.630,36.380,36.470,718560
2025-10-22 14:30:00,36.470,36.600,36.390,36.600,814200
2025-10-22 15:00:00,36.600,36.650,36.460,36.510,1043668
2025-10-23 10:00:00,36.310,36.490,35.330,35.420,4243400
2025-10-23 10:30:00,35.420,35.840,35.330,35.780,2114100
2025-10-23 11:00:00,35.780,36.050,35.480,35.500,1583183
2025-10-23 11:30:00,35.490,35.680,35.380,35.500,848400
2025-10-23 13:30:00,35.510,35.550,35.370,35.510,951300
2025-10-23 14:00:00,35.510,35.560,35.370,35.540,727000
2025-10-23 14:30:00,35.550,35.780,35.490,35.700,664500
2025-10-23 15:00:00,35.710,35.940,35.610,35.850,1673800
2025-10-24 10:00:00,35.930,36.650,35.920,36.350,3261563
2025-10-24 10:30:00,36.360,36.580,36.200,36.350,1336800
2025-10-24 11:00:00,36.350,36.470,36.160,36.450,697500
2025-10-24 11:30:00,36.460,36.990,36.400,36.820,2429600
2025-10-24 13:30:00,36.830,37.690,36.700,37.220,4315450
2025-10-24 14:00:00,37.220,37.220,36.910,37.030,1117300
2025-10-24 14:30:00,37.060,37.180,36.950,37.070,992000
2025-10-24 15:00:00,37.070,37.130,36.990,37.040,1361291
2025-10-27 10:00:00,37.410,38.640,36.590,36.600,10365335
2025-10-27 10:30:00,36.600,36.950,36.320,36.440,3996034
2025-10-27 11:00:00,36.440,36.560,36.130,36.290,2558493
2025-10-27 11:30:00,36.300,36.600,36.150,36.570,1315400
2025-10-27 13:30:00,36.560,36.800,36.380,36.770,2278864
2025-10-27 14:00:00,36.780,36.950,36.570,36.630,1539011
2025-10-27 14:30:00,36.640,37.130,36.630,36.860,1743200
2025-10-27 15:00:00,36.860,36.890,36.700,36.810,2215579
2025-10-28 10:00:00,36.800,37.340,36.560,36.940,6516003
2025-10-28 10:30:00,36.940,37.100,36.260,36.430,3746499
2025-10-28 11:00:00,36.420,36.640,36.300,36.550,1402693
2025-10-28 11:30:00,36.560,37.100,36.560,36.930,2211837
2025-10-28 13:30:00,36.970,36.970,36.210,36.280,2339107
2025-10-28 14:00:00,36.290,36.970,36.050,36.800,2953558
2025-10-28 14:30:00,36.830,37.250,36.570,36.570,3296092
2025-10-28 15:00:00,36.570,36.700,36.400,36.600,2277100
2025-10-29 10:00:00,36.970,38.300,36.600,37.880,10826496
2025-10-29 10:30:00,37.880,38.800,37.860,38.510,8601152
2025-10-29 11:00:00,38.510,38.960,38.290,38.320,4335500
2025-10-29 11:30:00,38.310,38.620,38.230,38.600,1263024
2025-10-29 13:30:00,38.600,38.950,38.120,38.940,2595292
2025-10-29 14:00:00,38.920,39.200,38.820,39.100,3966200
2025-10-29 14:30:00,39.100,39.360,38.910,38.920,3612661
2025-10-29 15:00:00,38.920,39.110,38.890,39.030,3310869
2025-10-30 10:00:00,39.030,39.190,37.830,38.110,8458559
2025-10-30 10:30:00,38.130,38.130,37.610,37.990,3586557
2025-10-30 11:00:00,37.990,38.390,37.980,38.330,1837900
2025-10-30 11:30:00,38.330,38.730,37.970,38.510,2238000
2025-10-30 13:30:00,38.510,38.540,37.850,38.250,3457200
2025-10-30 14:00:00,38.260,38.340,38.120,38.210,1450900
2025-10-30 14:30:00,38.240,38.420,38.000,38.070,1301800
2025-10-30 15:00:00,38.070,38.180,37.900,37.940,2103300
2025-10-31 10:00:00,37.900,38.780,37.800,38.580,5508100
2025-10-31 10:30:00,38.580,39.900,38.580,39.080,8648200
2025-10-31 11:00:00,39.080,39.180,38.680,38.900,2307650
2025-10-31 11:30:00,38.850,38.940,38.290,38.300,1954200
2025-10-31 13:30:00,38.310,38.880,38.050,38.420,1658400
2025-10-31 14:00:00,38.420,38.560,38.110,38.460,1769159
2025-10-31 14:30:00,38.420,38.570,38.290,38.370,1526041
2025-10-31 15:00:00,38.360,38.370,38.140,38.170,2854843
2025-11-03 10:00:00,38.170,38.410,36.800,37.000,6436700
2025-11-03 10:30:00,37.000,37.380,36.810,37.080,2447700
2025-11-03 11:00:00,37.080,37.310,36.810,37.100,2386621
2025-11-03 11:30:00,37.100,37.300,36.900,37.000,1555500
2025-11-03 13:30:00,37.000,37.630,36.880,37.180,2182711
2025-11-03 14:00:00,37.180,37.530,37.170,37.340,1013200
2025-11-03 14:30:00,37.320,37.400,37.140,37.200,1070800
2025-11-03 15:00:00,37.200,37.260,37.070,37.220,1730821
2025-11-04 10:00:00,37.200,37.200,35.500,35.500,7409436
2025-11-04 10:30:00,35.520,35.630,34.880,34.880,6207781
2025-11-04 11:00:00,34.870,35.040,34.660,34.930,5366392
2025-11-04 11:30:00,34.930,35.110,34.890,34.900,1394799
2025-11-04 13:30:00,34.900,34.900,34.660,34.800,2228000
2025-11-04 14:00:00,34.800,34.960,34.650,34.810,1598080
2025-11-04 14:30:00,34.810,34.830,34.620,34.640,2050701
2025-11-04 15:00:00,34.630,35.030,34.610,34.960,2572910
2025-11-05 10:00:00,34.000,34.870,33.700,34.650,3577101
2025-11-05 10:30:00,34.650,34.790,34.510,34.600,1275380
2025-11-05 11:00:00,34.610,34.700,34.500,34.540,1028477
2025-11-05 11:30:00,34.550,35.170,34.550,35.080,1682497
2025-11-05 13:30:00,35.100,35.200,34.850,34.900,1412502
2025-11-05 14:00:00,34.880,35.020,34.790,34.820,1152678
2025-11-05 14:30:00,34.810,35.110,34.810,35.070,973300
2025-11-05 15:00:00,35.060,35.080,34.900,34.900,1347973
2025-11-06 10:00:00,35.200,35.610,35.000,35.320,3693346
2025-11-06 10:30:00,35.320,35.990,35.310,35.850,3115800
2025-11-06 11:00:00,35.870,35.930,35.660,35.700,1349200
2025-11-06 11:30:00,35.680,35.790,35.590,35.610,950292
2025-11-06 13:30:00,35.610,36.160,35.590,36.000,4202339
2025-11-06 14:00:00,36.000,36.250,35.900,36.110,2634100
2025-11-06 14:30:00,36.100,36.290,36.100,36.160,1569700
2025-11-06 15:00:00,36.160,36.220,36.040,36.210,1654825
2025-11-07 10:00:00,36.220,36.220,34.660,34.970,8162541
2025-11-07 10:30:00,34.970,35.140,34.880,35.000,1687097
2025-11-07 11:00:00,35.000,35.120,34.900,35.090,1180226
2025-11-07 11:30:00,35.090,35.440,35.000,35.060,1755903
2025-11-07 13:30:00,35.070,35.150,34.870,34.960,2510637
2025-11-07 14:00:00,34.930,35.060,34.700,34.780,2350168
2025-11-07 14:30:00,34.770,34.920,34.710,34.870,1571900
2025-11-07 15:00:00,34.870,34.930,34.780,34.800,2678900
2025-11-10 10:00:00,34.620,35.170,33.940,33.970,8068643
2025-11-10 10:30:00,33.980,34.070,33.730,33.920,4539046
2025-11-10 11:00:00,33.910,33.940,33.550,33.550,3983600
2025-11-10 11:30:00,33.560,33.620,33.280,33.420,2838727
2025-11-10 13:30:00,33.420,33.700,33.410,33.600,1535300
2025-11-10 14:00:00,33.600,33.630,33.390,33.500,1846643
2025-11-10 14:30:00,33.510,33.640,33.430,33.540,2326342
2025-11-10 15:00:00,33.540,33.760,33.540,33.750,2308803
2025-11-11 10:00:00,33.980,34.040,33.460,33.500,3456600
2025-11-11 10:30:00,33.500,33.720,33.460,33.480,1634400
2025-11-11 11:00:00,33.480,33.540,33.320,33.380,1619100
2025-11-11 11:30:00,33.380,33.400,33.250,33.390,1898200
2025-11-11 13:30:00,33.390,33.430,33.020,33.050,1813800
2025-11-11 14:00:00,33.050,33.320,33.040,33.210,1210316
2025-11-11 14:30:00,33.210,33.450,33.180,33.400,967000
2025-11-11 15:00:00,33.400,33.400,33.000,33.240,2364912
2025-11-12 10:00:00,33.240,33.440,33.000,33.180,2479265
2025-11-12 10:30:00,33.170,33.440,33.170,33.210,1439020
2025-11-12 11:00:00,33.210,33.210,33.000,33.010,1121105
2025-11-12 11:30:00,33.010,33.120,32.950,32.980,779400
2025-11-12 13:30:00,32.980,33.090,32.840,32.950,1148280
2025-11-12 14:00:00,32.940,33.350,32.940,33.270,1049400
2025-11-12 14:30:00,33.280,33.450,33.200,33.280,1178800
2025-11-12 15:00:00,33.280,33.470,33.270,33.360,1378883
2025-11-13 10:00:00,33.580,33.680,33.290,33.350,2541700
2025-11-13 10:30:00,33.350,33.880,33.150,33.780,3003004
2025-11-13 11:00:00,33.770,34.070,33.710,33.840,2235500
2025-11-13 11:30:00,33.850,34.030,33.760,33.940,875800
2025-11-13 13:30:00,33.940,33.960,33.660,33.700,1234000
2025-11-13 14:00:00,33.690,33.700,33.450,33.460,1585800
2025-11-13 14:30:00,33.460,33.570,33.400,33.540,699300
2025-11-13 15:00:00,33.550,33.670,33.470,33.650,2092133
2025-11-14 10:00:00,33.200,33.650,33.140,33.470,2728803
2025-11-14 10:30:00,33.430,33.760,33.360,33.520,1322700
2025-11-14 11:00:00,33.520,33.750,33.440,33.440,780300
2025-11-14 11:30:00,33.440,33.570,33.380,33.400,746900
2025-11-14 13:30:00,33.400,33.680,33.360,33.470,883200
2025-11-14 14:00:00,33.460,33.530,33.370,33.450,654300
2025-11-14 14:30:00,33.440,33.510,33.300,33.320,969600
2025-11-14 15:00:00,33.340,33.360,33.150,33.160,1607700
2025-11-17 10:00:00,33.000,33.780,32.770,33.450,4121005
2025-11-17 10:30:00,33.450,33.810,33.330,33.610,1776198
2025-11-17 11:00:00,33.610,33.750,33.500,33.620,849600
2025-11-17 11:30:00,33.630,33.670,33.380,33.380,668500
2025-11-17 13:30:00,33.420,33.420,33.140,33.190,1356541
2025-11-17 14:00:00,33.200,33.330,33.200,33.310,577300
2025-11-17 14:30:00,33.330,33.360,33.180,33.320,824799
2025-11-17 15:00:00,33.320,33.390,33.300,33.310,964515
2025-11-18 10:00:00,33.050,33.300,32.900,33.060,2729611
2025-11-18 10:30:00,33.060,33.410,33.000,33.410,1669880
2025-11-18 11:00:00,33.400,33.410,33.200,33.300,687400
2025-11-18 11:30:00,33.280,33.310,33.100,33.200,618700
2025-11-18 13:30:00,33.190,33.200,33.060,33.130,598782
2025-11-18 14:00:00,33.100,33.250,33.090,33.180,566600
2025-11-18 14:30:00,33.160,33.210,33.040,33.060,1007518
2025-11-18 15:00:00,33.060,33.250,33.040,33.250,899200
2025-11-19 10:00:00,33.070,33.410,32.910,33.400,2349244
2025-11-19 10:30:00,33.400,33.440,33.010,33.060,1119700
2025-11-19 11:00:00,33.060,33.180,32.960,33.070,1231200
2025-11-19 11:30:00,33.080,33.150,32.730,32.750,1468900
2025-11-19 13:30:00,32.740,32.840,32.700,32.700,1187800
2025-11-19 14:00:00,32.710,32.790,32.420,32.730,3205300
2025-11-19 14:30:00,32.730,32.790,32.600,32.760,1289400
2025-11-19 15:00:00,32.760,32.880,32.700,32.850,1770800
2025-11-20 10:00:00,33.260,33.390,32.800,32.800,2425630
2025-11-20 10:30:00,32.800,32.850,32.500,32.520,2011719
2025-11-20 11:00:00,32.520,32.650,32.420,32.450,1554500
2025-11-20 11:30:00,32.450,32.550,32.250,32.320,1621600
2025-11-20 13:30:00,32.320,32.570,32.270,32.450,2064370
2025-11-20 14:00:00,32.500,32.590,32.370,32.390,1175118
2025-11-20 14:30:00,32.390,32.420,32.270,32.330,975700
2025-11-20 15:00:00,32.330,32.390,32.110,32.270,2781216
2025-11-21 10:00:00,32.000,32.500,31.700,31.760,3537006
2025-11-21 10:30:00,31.750,32.200,31.730,32.100,2067000
2025-11-21 11:00:00,32.110,32.220,31.760,31.980,1279866
2025-11-21 11:30:00,31.970,32.670,31.800,32.420,2356168
2025-11-21 13:30:00,32.410,33.260,32.340,33.230,4852068
2025-11-21 14:00:00,33.210,33.770,33.030,33.430,7044000
2025-11-21 14:30:00,33.430,33.490,33.120,33.190,3502600
2025-11-21 15:00:00,33.180,33.340,33.080,33.080,3721800
2025-11-24 10:00:00,33.080,33.280,32.600,32.870,4495655
2025-11-24 10:30:00,32.880,33.000,32.520,32.800,2053300
2025-11-24 11:00:00,32.800,33.070,32.690,32.780,1103600
2025-11-24 11:30:00,32.790,32.900,32.730,32.780,850700
2025-11-24 13:30:00,32.780,33.020,32.690,32.990,1111110
2025-11-24 14:00:00,32.990,33.180,32.920,32.990,1498200
2025-11-24 14:30:00,32.980,33.060,32.860,33.010,1190400
2025-11-24 15:00:00,33.000,33.200,32.910,33.000,3737860
2025-11-25 10:00:00,33.650,34.400,33.410,34.400,7350133
2025-11-25 10:30:00,34.400,34.440,33.910,34.050,3256395
2025-11-25 11:00:00,34.040,34.140,33.820,33.850,1831373
2025-11-25 11:30:00,33.840,33.900,33.730,33.770,1244964
2025-11-25 13:30:00,33.770,33.780,33.330,33.540,1853542
2025-11-25 14:00:00,33.520,33.690,33.510,33.690,1111300
2025-11-25 14:30:00,33.690,33.700,33.520,33.590,1224800
2025-11-25 15:00:00,33.600,33.650,33.500,33.510,1913208
2025-11-26 10:00:00,33.380,34.070,33.290,33.960,3053900
2025-11-26 10:30:00,33.950,34.180,33.780,34.130,2335587
2025-11-26 11:00:00,34.130,34.470,34.020,34.470,3256228
2025-11-26 11:30:00,34.470,34.890,34.400,34.480,5058000
2025-11-26 13:30:00,34.470,34.720,34.390,34.660,2939500
2025-11-26 14:00:00,34.650,34.650,34.290,34.360,1525300
2025-11-26 14:30:00,34.370,34.500,34.310,34.430,1209400
2025-11-26 15:00:00,34.420,34.540,34.380,34.500,2691700
2025-11-27 10:00:00,34.530,34.590,34.100,34.460,4183098
2025-11-27 10:30:00,34.460,34.660,34.270,34.280,2503200
2025-11-27 11:00:00,34.280,34.620,34.260,34.510,1454200
2025-11-27 11:30:00,34.520,34.610,34.330,34.370,1390600
2025-11-27 13:30:00,34.380,34.800,34.280,34.750,1992193
2025-11-27 14:00:00,34.750,34.780,34.430,34.560,1515777
2025-11-27 14:30:00,34.570,34.570,34.410,34.510,1517500
2025-11-27 15:00:00,34.520,34.750,34.280,34.750,3495641
2025-11-28 10:00:00,34.390,34.390,32.730,33.420,8355436
2025-11-28 10:30:00,33.430,33.970,33.400,33.910,2311364
2025-11-28 11:00:00,33.860,34.200,33.760,33.760,1823800
2025-11-28 11:30:00,33.760,33.980,33.680,33.850,1367300
2025-11-28 13:30:00,33.850,33.890,33.500,33.630,1843900
2025-11-28 14:00:00,33.620,33.830,33.550,33.620,1416800
2025-11-28 14:30:00,33.620,33.750,33.580,33.620,1543000
2025-11-28 15:00:00,33.630,33.680,33.580,33.600,2348639
2025-12-01 10:00:00,33.800,34.540,33.630,34.240,5829801
2025-12-01 10:30:00,34.240,34.380,34.060,34.260,1763200
2025-12-01 11:00:00,34.270,34.650,34.250,34.650,3194909
2025-12-01 11:30:00,34.640,34.970,34.550,34.890,3912300
2025-12-01 13:30:00,34.890,34.950,34.350,34.360,2555000
2025-12-01 14:00:00,34.380,34.490,34.210,34.390,1155400
2025-12-01 14:30:00,34.400,34.450,34.250,34.340,1073700
2025-12-01 15:00:00,34.330,34.590,34.300,34.480,2284419
2025-12-02 10:00:00,34.460,34.470,33.730,34.100,3694761
2025-12-02 10:30:00,34.110,34.110,33.860,33.950,1800588
2025-12-02 11:00:00,33.940,34.130,33.910,33.920,832400
2025-12-02 11:30:00,33.930,33.930,33.750,33.760,1328500
2025-12-02 13:30:00,33.770,33.770,33.510,33.620,1844100
2025-12-02 14:00:00,33.620,33.770,33.560,33.680,779800
2025-12-02 14:30:00,33.680,33.950,33.650,33.790,932094
2025-12-02 15:00:00,33.780,33.800,33.700,33.790,876540
2025-12-03 10:00:00,33.990,34.000,33.300,33.400,2285390
2025-12-03 10:30:00,33.400,33.620,33.310,33.310,1352491
2025-12-03 11:00:00,33.310,33.400,33.150,33.270,1271100
2025-12-03 11:30:00,33.250,33.440,33.190,33.420,762900
2025-12-03 13:30:00,33.420,33.450,33.240,33.300,538800
2025-12-03 14:00:00,33.290,33.290,33.130,33.180,801300
2025-12-03 14:30:00,33.170,33.200,33.100,33.160,809600
2025-12-03 15:00:00,33.170,33.230,33.110,33.150,1350000
2025-12-04 10:00:00,33.550,34.260,33.250,33.380,4711560
2025-12-04 10:30:00,33.370,34.250,33.180,34.200,3360836
2025-12-04 11:00:00,34.210,34.500,33.660,34.490,3770211
2025-12-04 11:30:00,34.470,34.600,34.170,34.570,2380689
2025-12-04 13:30:00,34.570,34.680,34.250,34.460,2784800
2025-12-04 14:00:00,34.450,34.500,34.210,34.220,766729
2025-12-04 14:30:00,34.210,34.350,34.160,34.330,793971
2025-12-04 15:00:00,34.330,34.380,34.200,34.260,1587563
2025-12-05 10:00:00,34.100,34.750,34.000,34.670,3689861
2025-12-05 10:30:00,34.660,34.860,34.470,34.510,2450900
2025-12-05 11:00:00,34.490,34.980,34.360,34.890,1927500
2025-12-05 11:30:00,34.880,35.090,34.720,34.720,2026500
2025-12-05 13:30:00,34.720,34.950,34.640,34.810,1343600
2025-12-05 14:00:00,34.800,34.800,34.650,34.800,1103900
2025-12-05 14:30:00,34.800,34.900,34.700,34.760,1023400
2025-12-05 15:00:00,34.760,34.800,34.710,34.780,1455338
2025-12-08 10:00:00,34.760,34.760,34.010,34.050,5065290
2025-12-08 10:30:00,34.060,34.600,34.020,34.470,2193043
2025-12-08 11:00:00,34.470,34.610,34.420,34.460,1538150
2025-12-08 11:30:00,34.450,34.800,34.450,34.730,1236701
2025-12-08 13:30:00,34.730,35.140,34.690,34.970,2845100
2025-12-08 14:00:00,34.960,35.200,34.920,35.010,2417742
2025-12-08 14:30:00,35.010,35.360,34.970,35.090,2586999
2025-12-08 15:00:00,35.100,35.340,35.090,35.240,3149274
2025-12-09 10:00:00,35.000,35.480,34.710,35.250,3287299
2025-12-09 10:30:00,35.250,35.380,35.050,35.050,1985328
2025-12-09 11:00:00,35.050,35.250,35.050,35.130,850300
2025-12-09 11:30:00,35.130,35.400,35.080,35.240,1254000
2025-12-09 13:30:00,35.250,35.290,34.850,34.920,1936410
2025-12-09 14:00:00,34.910,34.930,34.810,34.850,1079100
2025-12-09 14:30:00,34.860,34.980,34.820,34.950,1129800
2025-12-09 15:00:00,34.950,35.000,34.890,34.960,1484552
2025-12-10 10:00:00,34.960,34.960,34.160,34.340,3908801
2025-12-10 10:30:00,34.370,34.500,34.180,34.420,1664846
2025-12-10 11:00:00,34.420,34.860,34.370,34.860,1365652
2025-12-10 11:30:00,34.850,35.000,34.610,34.620,1197867
2025-12-10 13:30:00,34.630,34.650,34.400,34.490,822700
2025-12-10 14:00:00,34.490,34.640,34.450,34.580,799000
2025-12-10 14:30:00,34.570,34.900,34.550,34.860,1545259
2025-12-10 15:00:00,34.870,34.920,34.770,34.830,1737300
2025-12-11 10:00:00,34.790,35.260,34.400,34.520,3720600
2025-12-11 10:30:00,34.520,34.650,34.420,34.520,1430900
2025-12-11 11:00:00,34.520,34.700,34.370,34.460,1090301
2025-12-11 11:30:00,34.460,34.560,34.170,34.200,2107700
2025-12-11 13:30:00,34.180,34.270,34.100,34.230,1235600
2025-12-11 14:00:00,34.230,34.360,34.130,34.250,934400
2025-12-11 14:30:00,34.250,34.370,34.100,34.180,1071000
2025-12-11 15:00:00,34.180,34.270,34.100,34.150,1593500
2025-12-12 10:00:00,33.970,34.040,33.300,33.760,4410473
2025-12-12 10:30:00,33.740,34.020,33.400,33.840,2944400
2025-12-12 11:00:00,33.840,33.980,33.730,33.940,1819118
2025-12-12 11:30:00,33.940,34.280,33.760,34.170,2138542
2025-12-12 13:30:00,34.110,34.170,33.750,34.000,1873000
2025-12-12 14:00:00,33.980,34.750,33.980,34.670,4661791
2025-12-12 14:30:00,34.660,35.050,34.580,34.660,3943217
2025-12-12 15:00:00,34.650,35.190,34.430,35.190,5985112
2025-12-15 10:00:00,34.590,34.590,33.910,34.000,6143879
2025-12-15 10:30:00,34.000,34.340,33.930,34.300,1894819
2025-12-15 11:00:00,34.340,34.450,34.080,34.090,1556900
2025-12-15 11:30:00,34.090,34.120,33.940,34.000,1859100
2025-12-15 13:30:00,33.990,34.180,33.880,33.900,1767307
2025-12-15 14:00:00,33.900,33.950,33.840,33.910,1240300
2025-12-15 14:30:00,33.910,34.020,33.820,33.920,1268300
2025-12-15 15:00:00,33.930,33.990,33.850,33.960,1717338
2025-12-16 10:00:00,33.940,34.140,32.800,32.930,3740300
2025-12-16 10:30:00,32.920,33.080,32.800,32.830,1994086
2025-12-16 11:00:00,32.840,32.890,32.630,32.880,1647812
2025-12-16 11:30:00,32.870,32.880,32.630,32.670,622700
2025-12-16 13:30:00,32.660,33.000,32.590,32.660,1540000
2025-12-16 14:00:00,32.660,33.000,32.610,32.880,780400
2025-12-16 14:30:00,32.870,33.090,32.790,32.930,872100
2025-12-16 15:00:00,32.930,33.020,32.900,32.980,1041000
2025-12-17 10:00:00,32.900,34.360,32.890,33.930,6822046
2025-12-17 10:30:00,33.930,33.960,33.520,33.720,1471760
2025-12-17 11:00:00,33.710,33.980,33.560,33.930,882900
2025-12-17 11:30:00,33.920,33.990,33.650,33.680,568672
2025-12-17 13:30:00,33.680,33.710,33.550,33.640,760700
2025-12-17 14:00:00,33.630,33.990,33.550,33.980,1197594
2025-12-17 14:30:00,33.980,34.240,33.960,34.160,2637200
2025-12-17 15:00:00,34.160,34.220,34.040,34.080,1974700
2025-12-18 10:00:00,33.870,35.100,33.520,35.000,6193821
2025-12-18 10:30:00,35.000,35.200,34.680,34.800,2852148
2025-12-18 11:00:00,34.780,34.880,34.510,34.590,1407000
2025-12-18 11:30:00,34.590,34.650,34.460,34.460,712500
2025-12-18 13:30:00,34.470,34.570,34.360,34.440,751100
2025-12-18 14:00:00,34.430,34.440,34.040,34.070,1118400
2025-12-18 14:30:00,34.070,34.150,33.930,33.990,1228300
2025-12-18 15:00:00,33.990,34.050,33.850,33.860,1430164
2025-12-19 10:00:00,33.950,34.840,33.950,34.830,3720972
2025-12-19 10:30:00,34.810,35.090,34.690,34.950,3902564
2025-12-19 11:00:00,34.980,34.990,34.570,34.640,1348600
2025-12-19 11:30:00,34.640,34.800,34.570,34.720,918400
2025-12-19 13:30:00,34.690,34.730,34.240,34.240,1425000
2025-12-19 14:00:00,34.240,34.250,34.080,34.080,1364200
2025-12-19 14:30:00,34.080,34.200,34.010,34.170,1000493
2025-12-19 15:00:00,34.160,34.170,34.020,34.070,1868000
2025-12-22 10:00:00,34.580,35.900,34.490,35.290,11080357
2025-12-22 10:30:00,35.300,35.450,34.810,34.910,2699900
2025-12-22 11:00:00,34.950,35.190,34.900,35.090,1098100
2025-12-22 11:30:00,35.090,35.150,34.900,34.950,813700
2025-12-22 13:30:00,34.960,35.200,34.830,35.110,1501400
2025-12-22 14:00:00,35.110,35.230,35.000,35.040,940000
2025-12-22 14:30:00,35.040,35.090,34.890,34.900,1210000
2025-12-22 15:00:00,34.910,35.030,34.880,34.980,2354900
2025-12-23 10:00:00,34.910,35.250,34.800,34.960,2744800
2025-12-23 10:30:00,34.960,35.330,34.730,35.190,3581600
2025-12-23 11:00:00,35.190,35.580,35.110,35.180,2786145
2025-12-23 11:30:00,35.200,35.510,35.180,35.500,1530500
2025-12-23 13:30:00,35.490,35.500,35.050,35.050,1785400
2025-12-23 14:00:00,35.050,35.540,35.050,35.320,2922800
2025-12-23 14:30:00,35.320,35.320,35.060,35.200,2029000
2025-12-23 15:00:00,35.190,35.300,35.050,35.250,2551801
2025-12-24 10:00:00,35.460,35.740,35.180,35.500,4209037
2025-12-24 10:30:00,35.480,35.990,35.350,35.940,4094049
2025-12-24 11:00:00,35.930,36.400,35.920,36.080,5618504
2025-12-24 11:30:00,36.080,36.640,36.010,36.640,2715129
2025-12-24 13:30:00,36.650,37.450,36.500,36.740,7974808
2025-12-24 14:00:00,36.740,36.940,36.530,36.650,2300694
2025-12-24 14:30:00,36.650,36.750,36.460,36.480,1884830
2025-12-24 15:00:00,36.470,36.550,36.450,36.550,2433620
2025-12-25 10:00:00,36.980,37.730,36.650,36.970,11671754
2025-12-25 10:30:00,36.970,37.340,36.900,37.110,3791614
2025-12-25 11:00:00,37.100,37.880,37.080,37.800,4492274
2025-12-25 11:30:00,37.800,38.740,37.700,38.400,6130166
2025-12-25 13:30:00,38.380,38.800,38.100,38.510,3755267
2025-12-25 14:00:00,38.500,38.880,38.380,38.710,3248919
2025-12-25 14:30:00,38.720,39.000,38.610,38.780,3365847
2025-12-25 15:00:00,38.770,38.890,38.610,38.840,3701391
2025-12-26 10:00:00,38.600,38.600,37.500,37.570,10330887
2025-12-26 10:30:00,37.580,37.740,37.140,37.720,5022204
2025-12-26 11:00:00,37.710,38.080,37.460,37.870,3028337
2025-12-26 11:30:00,37.870,37.970,37.250,37.320,2852866
2025-12-26 13:30:00,37.320,37.680,37.270,37.410,2385640
2025-12-26 14:00:00,37.420,37.880,37.290,37.700,2105800
2025-12-26 14:30:00,37.710,37.830,37.360,37.520,2301300
2025-12-26 15:00:00,37.530,37.620,37.330,37.460,2974760
2025-12-29 10:00:00,37.200,37.460,37.000,37.180,4452920
2025-12-29 10:30:00,37.180,37.880,37.120,37.870,3204693
2025-12-29 11:00:00,37.830,38.140,37.700,37.980,4647843
2025-12-29 11:30:00,37.980,38.040,37.400,37.450,4396393
2025-12-29 13:30:00,37.430,37.470,37.160,37.240,2576546
2025-12-29 14:00:00,37.250,37.480,37.150,37.390,1542588
2025-12-29 14:30:00,37.380,37.380,37.130,37.200,1612600
2025-12-29 15:00:00,37.210,37.300,37.120,37.230,1932568
2025-12-30 10:00:00,37.100,38.870,36.740,38.150,12089438
2025-12-30 10:30:00,38.140,38.750,38.100,38.580,4150777
2025-12-30 11:00:00,38.580,38.700,38.200,38.330,2747797
2025-12-30 11:30:00,38.320,38.600,38.200,38.550,1961262
2025-12-30 13:30:00,38.570,38.870,38.380,38.860,3145336
2025-12-30 14:00:00,38.860,39.300,38.840,38.950,5163140
2025-12-30 14:30:00,38.920,38.920,38.710,38.710,2109290
2025-12-30 15:00:00,38.710,38.840,38.560,38.810,2872320
2025-12-31 10:00:00,38.950,39.200,37.710,38.120,7592035
2025-12-31 10:30:00,38.120,38.180,37.730,37.800,3662700
2025-12-31 11:00:00,37.800,37.870,37.500,37.670,2800280
2025-12-31 11:30:00,37.670,37.720,37.330,37.440,2541100
2025-12-31 13:30:00,37.450,37.700,37.320,37.560,1826800
2025-12-31 14:00:00,37.560,37.710,37.400,37.670,1892000
2025-12-31 14:30:00,37.670,38.350,37.640,38.210,3383728
2025-12-31 15:00:00,38.210,38.220,37.510,37.800,2773500
2026-01-05 10:00:00,37.650,38.180,37.180,37.710,5352800
2026-01-05 10:30:00,37.710,37.820,37.280,37.510,3635300
2026-01-05 11:00:00,37.540,37.850,37.420,37.630,3341952
2026-01-05 11:30:00,37.620,37.750,37.500,37.700,1814800
2026-01-05 13:30:00,37.700,37.880,37.400,37.510,2050600
2026-01-05 14:00:00,37.510,37.810,37.490,37.760,1993252
2026-01-05 14:30:00,37.760,38.260,37.700,37.900,3585193
2026-01-05 15:00:00,37.900,37.960,37.670,37.820,2526338
2026-01-06 10:00:00,37.820,38.720,37.600,38.030,8001019
2026-01-06 10:30:00,38.020,38.030,37.550,37.700,3119157
2026-01-06 11:00:00,37.700,37.700,37.220,37.580,2676900
2026-01-06 11:30:00,37.570,37.830,37.440,37.660,1201100
2026-01-06 13:30:00,37.680,37.880,37.300,37.800,2958047
2026-01-06 14:00:00,37.790,37.800,37.450,37.500,1332400
2026-01-06 14:30:00,37.520,37.730,37.510,37.700,1592517
2026-01-06 15:00:00,37.690,37.720,37.540,37.580,2230185
2026-01-07 10:00:00,37.140,37.470,36.540,37.150,7570606
2026-01-07 10:30:00,37.150,37.730,36.980,37.100,3640502
2026-01-07 11:00:00,37.090,37.260,36.980,37.140,3312014
2026-01-07 11:30:00,37.150,37.260,36.760,36.770,3755600
2026-01-07 13:30:00,36.770,37.150,36.600,36.650,3949929
2026-01-07 14:00:00,36.640,36.900,36.510,36.870,3143274
2026-01-07 14:30:00,36.860,38.480,36.790,38.470,11425538
2026-01-07 15:00:00,38.460,38.700,38.190,38.280,6055708
2026-01-08 10:00:00,39.020,41.330,39.020,40.510,22194950
2026-01-08 10:30:00,40.530,41.000,39.930,40.510,5781199
2026-01-08 11:00:00,40.430,41.960,40.400,41.150,10350010
2026-01-08 11:30:00,41.040,41.380,40.660,41.160,3303700
2026-01-08 13:30:00,41.150,41.900,41.100,41.440,6301879
2026-01-08 14:00:00,41.440,41.440,41.070,41.100,2703171
2026-01-08 14:30:00,41.100,41.170,40.650,41.040,3431473
2026-01-08 15:00:00,41.050,41.050,40.760,40.770,2735300
2026-01-09 10:00:00,40.040,41.400,39.910,40.890,10770830
2026-01-09 10:30:00,40.880,41.020,40.580,40.790,3302900
2026-01-09 11:00:00,40.810,40.980,40.480,40.680,3050000
2026-01-09 11:30:00,40.700,40.700,40.000,40.130,2444700
2026-01-09 13:30:00,40.140,40.490,39.800,39.850,5596754
2026-01-09 14:00:00,39.870,40.100,39.660,40.020,3483594
2026-01-09 14:30:00,40.020,40.320,39.950,40.250,2094248
2026-01-09 15:00:00,40.250,40.290,40.080,40.150,3291648
2026-01-12 10:00:00,39.930,40.310,38.180,38.530,11502513
2026-01-12 10:30:00,38.560,39.000,38.500,38.530,4125545
2026-01-12 11:00:00,38.510,38.800,38.340,38.720,2306160
2026-01-12 11:30:00,38.730,39.270,38.600,39.240,1673157
2026-01-12 13:30:00,39.250,39.280,38.630,39.040,2314426
2026-01-12 14:00:00,39.040,39.150,38.930,39.090,1708953
2026-01-12 14:30:00,39.100,39.150,39.020,39.110,1477579
2026-01-12 15:00:00,39.110,39.130,38.900,38.990,2895835
2026-01-13 10:00:00,39.050,40.950,39.000,40.870,14980941
2026-01-13 10:30:00,40.870,40.960,40.080,40.250,4960339
2026-01-13 11:00:00,40.240,40.520,39.700,40.150,3202965
2026-01-13 11:30:00,40.150,40.310,39.860,39.860,1257927
2026-01-13 13:30:00,39.870,40.140,39.560,39.810,1880150
2026-01-13 14:00:00,39.840,39.860,39.620,39.760,1287050
2026-01-13 14:30:00,39.750,39.760,39.340,39.350,1433448
2026-01-13 15:00:00,39.350,39.470,39.090,39.340,2400672
2026-01-14 10:00:00,39.300,39.800,39.030,39.650,4238300
2026-01-14 10:30:00,39.650,40.250,39.600,40.070,4277244
2026-01-14 11:00:00,40.070,40.140,39.700,39.900,2129648
2026-01-14 11:30:00,39.920,40.110,39.860,39.970,1273355
2026-01-14 13:30:00,39.950,39.970,38.830,39.190,5213172
2026-01-14 14:00:00,39.190,39.500,38.900,38.950,2035500
2026-01-14 14:30:00,38.930,39.740,38.800,39.730,2319570
2026-01-14 15:00:00,39.730,39.790,39.400,39.540,1574879
2026-01-15 10:00:00,38.980,40.970,38.830,40.970,7157018
2026-01-15 10:30:00,40.970,41.180,40.680,40.740,5283196
2026-01-15 11:00:00,40.740,41.040,40.690,40.710,1526800
2026-01-15 11:30:00,40.720,41.220,40.550,40.610,2115200
2026-01-15 13:30:00,40.600,40.600,40.220,40.520,2044500
2026-01-15 14:00:00,40.520,40.590,40.290,40.320,1205147
2026-01-15 14:30:00,40.310,40.460,40.100,40.310,1232903
2026-01-15 15:00:00,40.340,40.350,40.200,40.350,1918100
2026-01-16 10:00:00,40.040,40.850,39.700,40.300,6092280
2026-01-16 10:30:00,40.300,40.740,39.800,40.040,3469258
2026-01-16 11:00:00,40.040,41.500,39.800,41.110,6241063
2026-01-16 11:30:00,41.110,41.690,41.000,41.170,4916100
2026-01-16 13:30:00,41.180,41.660,41.120,41.320,2987200
2026-01-16 14:00:00,41.320,41.330,40.890,40.950,1735400
2026-01-16 14:30:00,40.960,41.270,40.890,41.160,2051329
2026-01-16 15:00:00,41.150,41.200,40.960,41.080,1891848
2026-01-19 10:00:00,41.250,42.150,40.630,42.050,7393486
2026-01-19 10:30:00,42.050,42.270,41.720,41.880,5734552
2026-01-19 11:00:00,41.850,42.100,41.560,41.990,2293600
2026-01-19 11:30:00,41.990,42.510,41.970,42.260,3146223
2026-01-19 13:30:00,42.270,42.340,41.900,41.920,1501150
2026-01-19 14:00:00,41.920,41.940,41.070,41.160,3748300
2026-01-19 14:30:00,41.160,41.850,41.080,41.500,3028222
2026-01-19 15:00:00,41.510,41.520,41.280,41.400,1963065
2026-01-20 10:00:00,41.100,42.180,40.600,40.630,5248900
2026-01-20 10:30:00,40.620,40.820,39.990,40.360,5236914
2026-01-20 11:00:00,40.410,40.600,39.980,40.070,2805900
2026-01-20 11:30:00,40.080,40.300,39.850,40.150,1501739
2026-01-20 13:30:00,40.160,40.590,40.070,40.480,1080400
2026-01-20 14:00:00,40.480,40.590,40.210,40.230,814700
2026-01-20 14:30:00,40.230,40.260,39.900,40.100,1390700
2026-01-20 15:00:00,40.100,40.280,39.950,40.240,1631800
2026-01-21 10:00:00,39.640,40.650,39.640,40.450,2970922
2026-01-21 10:30:00,40.440,41.120,40.420,40.950,2668826
2026-01-21 11:00:00,40.950,41.070,40.570,40.600,1341300
2026-01-21 11:30:00,40.590,41.010,40.590,40.700,985181
2026-01-21 13:30:00,40.710,40.810,40.500,40.570,1004700
2026-01-21 14:00:00,40.550,40.900,40.500,40.820,995698
2026-01-21 14:30:00,40.820,41.120,40.820,40.880,1656196
2026-01-21 15:00:00,40.890,41.080,40.860,41.040,1860685
2026-01-22 10:00:00,41.010,41.400,40.450,40.480,3639100
2026-01-22 10:30:00,40.490,40.490,39.880,40.390,3311123
2026-01-22 11:00:00,40.360,40.600,40.240,40.440,872340
2026-01-22 11:30:00,40.440,40.680,40.190,40.250,789600
2026-01-22 13:30:00,40.200,40.300,40.000,40.120,1088101
2026-01-22 14:00:00,40.050,40.280,40.000,40.200,860703
2026-01-22 14:30:00,40.170,40.280,40.040,40.200,876410
2026-01-22 15:00:00,40.180,40.250,40.100,40.250,1554445
2026-01-23 10:00:00,40.200,41.100,40.000,40.490,3637808
2026-01-23 10:30:00,40.470,40.940,40.270,40.760,3658557
2026-01-23 11:00:00,40.790,41.090,40.200,40.260,2777310
2026-01-23 11:30:00,40.260,40.300,39.880,40.080,1931195
2026-01-23 13:30:00,40.090,40.360,39.910,40.300,1858400
2026-01-23 14:00:00,40.320,40.320,40.070,40.130,1172700
2026-01-23 14:30:00,40.140,40.250,39.990,40.100,2276100
2026-01-23 15:00:00,40.110,40.280,39.990,40.050,2473500
2026-01-26 10:00:00,39.880,41.750,39.880,40.580,13441927
2026-01-26 10:30:00,40.580,41.060,39.810,39.850,4193026
2026-01-26 11:00:00,39.870,40.000,39.460,39.550,3967000
2026-01-26 11:30:00,39.560,39.740,39.400,39.460,1932328
2026-01-26 13:30:00,39.460,39.880,39.210,39.810,3092700
2026-01-26 14:00:00,39.650,40.400,39.550,40.270,3351900
2026-01-26 14:30:00,40.270,40.270,39.500,39.580,1820100
2026-01-26 15:00:00,39.580,39.770,39.460,39.470,2193037
2026-01-27 10:00:00,39.370,39.580,38.240,38.260,6075034
2026-01-27 10:30:00,38.250,39.120,38.230,38.850,2376676
2026-01-27 11:00:00,38.850,39.200,38.680,38.830,1466500
2026-01-27 11:30:00,38.860,39.090,38.830,39.000,1086300
2026-01-27 13:30:00,38.990,40.260,38.950,39.770,4420598
2026-01-27 14:00:00,39.770,40.100,39.600,40.010,1843144
2026-01-27 14:30:00,40.020,40.140,39.800,39.910,1231100
2026-01-27 15:00:00,39.910,39.920,39.500,39.620,1680300
2026-01-28 10:00:00,39.490,39.620,38.390,38.400,5195300
2026-01-28 10:30:00,38.380,38.510,37.730,37.760,5843500
2026-01-28 11:00:00,37.750,38.150,37.580,37.900,3251594
2026-01-28 11:30:00,37.910,38.140,37.790,37.940,1906400
2026-01-28 13:30:00,37.950,38.210,37.700,37.720,2806914
2026-01-28 14:00:00,37.720,37.940,37.590,37.800,2390092
2026-01-28 14:30:00,37.800,38.130,37.800,38.010,1482000
2026-01-28 15:00:00,38.030,38.450,38.010,38.270,3742248
2026-01-29 10:00:00,38.000,38.820,37.810,38.460,4553600
2026-01-29 10:30:00,38.450,38.670,38.240,38.370,2588000
2026-01-29 11:00:00,38.380,38.890,38.280,38.650,2628100
2026-01-29 11:30:00,38.640,38.700,38.010,38.030,1474900
2026-01-29 13:30:00,38.030,38.140,37.620,37.620,2872200
2026-01-29 14:00:00,37.660,37.790,37.300,37.400,2816700
2026-01-29 14:30:00,37.430,37.790,37.400,37.620,1267900
2026-01-29 15:00:00,37.630,37.720,37.280,37.400,3306200
2026-01-30 10:00:00,37.400,37.700,36.500,36.560,3582592
2026-01-30 10:30:00,36.550,36.800,36.340,36.340,3614808
2026-01-30 11:00:00,36.340,36.850,36.040,36.670,2021360
2026-01-30 11:30:00,36.670,36.970,36.600,36.950,1108798
2026-01-30 13:30:00,36.950,37.550,36.930,37.100,1932006
2026-01-30 14:00:00,37.120,37.190,36.910,36.970,725300
2026-01-30 14:30:00,36.950,37.110,36.920,37.000,764000
2026-01-30 15:00:00,36.980,37.080,36.880,36.890,1111900
2026-02-02 10:00:00,36.800,37.220,36.600,36.850,3908901
2026-02-02 10:30:00,36.850,36.850,36.360,36.460,2298300
2026-02-02 11:00:00,36.480,36.560,36.210,36.270,1690902
2026-02-02 11:30:00,36.300,36.910,36.270,36.460,1600583
2026-02-02 13:30:00,36.460,37.090,36.400,36.440,2035740
2026-02-02 14:00:00,36.440,36.510,36.100,36.310,1874500
2026-02-02 14:30:00,36.330,36.410,35.900,35.900,1933300
2026-02-02 15:00:00,35.910,36.000,35.670,35.710,3081369
2026-02-03 10:00:00,36.100,36.500,35.580,36.500,4307400
2026-02-03 10:30:00,36.500,36.500,36.100,36.200,1845800
2026-02-03 11:00:00,36.190,36.300,35.800,36.160,1379271
2026-02-03 11:30:00,36.160,37.300,36.120,37.200,4898050
2026-02-03 13:30:00,37.200,38.580,37.110,38.210,10713690
2026-02-03 14:00:00,38.210,38.710,38.100,38.450,2989599
2026-02-03 14:30:00,38.440,39.270,38.350,39.170,5812347
2026-02-03 15:00:00,39.150,39.280,38.950,39.280,5075373
2026-02-04 10:00:00,41.210,43.210,41.210,43.210,34872263
2026-02-04 10:30:00,43.210,43.210,43.210,43.210,3743818
2026-02-04 11:00:00,43.210,43.210,43.210,43.210,1456600
2026-02-04 11:30:00,43.210,43.210,42.950,43.210,5483000
2026-02-04 13:30:00,43.210,43.210,43.100,43.210,7721041
2026-02-04 14:00:00,43.210,43.210,43.150,43.210,4762044
2026-02-04 14:30:00,43.210,43.210,43.200,43.210,1499738
2026-02-04 15:00:00,43.210,43.210,43.210,43.210,426658
2026-02-05 10:00:00,43.600,44.170,41.930,42.730,31011406
2026-02-05 10:30:00,42.740,42.960,42.280,42.730,9098901
2026-02-05 11:00:00,42.720,44.070,42.600,43.800,8286076
2026-02-05 11:30:00,43.800,44.290,43.650,43.880,4910700
2026-02-05 13:30:00,43.880,43.980,43.460,43.860,3120300
2026-02-05 14:00:00,43.860,44.800,43.600,44.390,5358395
2026-02-05 14:30:00,44.380,44.880,44.180,44.200,4944440
2026-02-05 15:00:00,44.260,44.700,44.010,44.400,6689228
2026-02-06 10:00:00,44.170,44.750,42.890,43.230,12192829
2026-02-06 10:30:00,43.220,43.900,42.580,43.880,6143291
2026-02-06 11:00:00,43.880,44.270,43.750,43.930,3007680
2026-02-06 11:30:00,43.930,44.120,43.780,44.110,1846200
2026-02-06 13:30:00,44.110,44.760,43.970,44.270,4589115
2026-02-06 14:00:00,44.280,44.380,43.750,43.800,2627153
2026-02-06 14:30:00,43.800,43.900,43.380,43.510,3231189
2026-02-06 15:00:00,43.510,43.530,43.150,43.210,4283749
2026-02-09 10:00:00,44.580,44.910,42.700,43.000,10361939
2026-02-09 10:30:00,42.980,45.310,42.880,45.100,16684442
2026-02-09 11:00:00,45.080,45.200,44.620,44.930,4144405
2026-02-09 11:30:00,44.880,46.780,44.880,46.360,10651446
2026-02-09 13:30:00,46.400,46.690,46.120,46.370,3762796
2026-02-09 14:00:00,46.370,46.440,46.040,46.040,2662300
2026-02-09 14:30:00,46.040,46.160,45.850,45.930,2490768
2026-02-09 15:00:00,45.930,46.100,45.700,46.010,3127759
2026-02-10 10:00:00,46.010,47.680,45.660,46.980,13048553
2026-02-10 10:30:00,47.000,47.070,46.170,46.190,3850808
2026-02-10 11:00:00,46.220,46.610,46.030,46.250,2407100
2026-02-10 11:30:00,46.250,46.430,46.110,46.300,1520700
2026-02-10 13:30:00,46.260,46.640,46.140,46.350,2199429
2026-02-10 14:00:00,46.350,46.920,46.310,46.850,2634400
2026-02-10 14:30:00,46.860,46.880,46.610,46.680,1913300
2026-02-10 15:00:00,46.680,46.800,46.550,46.760,3252900
2026-02-11 10:00:00,46.520,48.060,46.390,46.920,9977977
2026-02-11 10:30:00,46.920,47.170,46.320,46.610,3981573
2026-02-11 11:00:00,46.600,46.660,46.210,46.250,3421746
2026-02-11 11:30:00,46.250,46.520,46.200,46.500,2257900
2026-02-11 13:30:00,46.490,46.500,46.000,46.180,2137200
2026-02-11 14:00:00,46.190,46.400,46.000,46.100,2165300
2026-02-11 14:30:00,46.100,46.140,45.900,45.930,2266495
2026-02-11 15:00:00,45.970,46.140,45.900,45.960,3307908
2026-02-12 10:00:00,47.080,49.650,47.070,49.620,17267667
2026-02-12 10:30:00,49.600,49.950,48.200,48.240,7043703
2026-02-12 11:00:00,48.240,48.900,48.000,48.690,3710147
2026-02-12 11:30:00,48.720,48.780,48.390,48.500,2315390
2026-02-12 13:30:00,48.520,48.670,48.310,48.650,1835710
2026-02-12 14:00:00,48.640,48.800,48.370,48.640,1726900
2026-02-12 14:30:00,48.640,48.680,48.490,48.560,2083906
2026-02-12 15:00:00,48.550,48.560,48.400,48.520,2552920
2026-02-13 10:00:00,47.500,47.990,46.600,47.170,8766101
2026-02-13 10:30:00,47.180,47.420,46.970,47.150,2582100
2026-02-13 11:00:00,47.180,47.460,47.000,47.150,1844200
2026-02-13 11:30:00,47.150,47.480,46.970,47.190,2245397
2026-02-13 13:30:00,47.140,47.150,46.730,46.770,2109400
2026-02-13 14:00:00,46.780,46.980,46.600,46.920,2243540
2026-02-13 14:30:00,46.940,46.950,46.570,46.610,2100500
2026-02-13 15:00:00,46.620,46.780,46.400,46.550,2723701
2026-02-24 10:00:00,46.420,46.960,44.800,45.070,8133390
2026-02-24 10:30:00,45.070,46.110,44.890,46.050,4452758
2026-02-24 11:00:00,46.060,46.110,45.560,45.790,1870800
2026-02-24 11:30:00,45.790,46.200,45.660,45.910,2234965
2026-02-24 13:30:00,45.930,46.420,45.850,46.340,2878573
2026-02-24 14:00:00,46.320,47.120,46.250,46.900,4635580
2026-02-24 14:30:00,46.900,47.000,46.600,46.840,3374334
2026-02-24 15:00:00,46.830,47.120,46.770,46.890,3341990
2026-02-25 10:00:00,46.500,47.080,46.290,46.390,5247498
2026-02-25 10:30:00,46.390,46.520,46.100,46.210,2336300
2026-02-25 11:00:00,46.220,46.300,45.800,46.000,3279952
2026-02-25 11:30:00,45.990,46.100,45.800,46.080,2027238
2026-02-25 13:30:00,46.080,46.330,45.950,46.020,2131115
2026-02-25 14:00:00,46.030,46.220,45.900,46.060,1683861
2026-02-25 14:30:00,46.070,46.170,45.720,45.800,1937854
2026-02-25 15:00:00,45.800,46.280,45.780,46.170,2324544
2026-02-26 10:00:00,46.200,46.370,45.680,45.890,3240900
2026-02-26 10:30:00,45.890,47.390,45.660,46.790,5133340
2026-02-26 11:00:00,46.790,47.080,46.600,47.030,2510300
2026-02-26 11:30:00,47.040,48.060,47.000,47.730,5295900
2026-02-26 13:30:00,47.730,48.270,47.520,48.220,3456012
2026-02-26 14:00:00,48.250,48.250,47.630,47.630,2731755
2026-02-26 14:30:00,47.630,47.640,47.300,47.430,2848222
2026-02-26 15:00:00,47.430,47.570,47.250,47.470,3133030
2026-02-27 10:00:00,47.240,49.770,46.940,48.340,11134723
2026-02-27 10:30:00,48.330,48.660,48.120,48.260,2775836
2026-02-27 11:00:00,48.260,48.800,47.980,48.010,2371400
2026-02-27 11:30:00,48.020,49.180,48.000,48.360,2422300
2026-02-27 13:30:00,48.360,48.740,48.110,48.720,1914089
2026-02-27 14:00:00,48.700,49.250,48.390,48.400,1889195
2026-02-27 14:30:00,48.390,48.830,48.360,48.690,1709800
2026-02-27 15:00:00,48.680,48.940,48.510,48.750,2092913
2026-03-02 10:00:00,47.540,49.900,47.540,49.410,7876252
2026-03-02 10:30:00,49.350,50.180,48.840,49.110,5973295
2026-03-02 11:00:00,49.110,49.520,48.660,48.790,2057404
2026-03-02 11:30:00,48.800,49.050,48.300,48.680,1537100
2026-03-02 13:30:00,48.620,49.050,48.500,48.840,961900
2026-03-02 14:00:00,48.860,49.010,48.460,48.560,1079000
2026-03-02 14:30:00,48.510,48.660,48.410,48.510,1185480
2026-03-02 15:00:00,48.520,48.890,48.480,48.880,4043113
2026-03-03 10:00:00,48.800,50.080,48.480,48.920,9173965
2026-03-03 10:30:00,48.910,49.190,48.400,48.710,5000900
2026-03-03 11:00:00,48.740,49.400,48.610,49.250,2015303
2026-03-03 11:30:00,49.260,50.210,49.160,49.790,6675254
2026-03-03 13:30:00,49.760,49.930,49.120,49.490,4054375
2026-03-03 14:00:00,49.490,49.900,49.320,49.500,3418802
2026-03-03 14:30:00,49.500,49.730,49.030,49.570,4388692
2026-03-03 15:00:00,49.570,49.570,48.620,48.800,4042099
2026-03-04 10:00:00,47.660,48.820,47.510,47.780,6630900
2026-03-04 10:30:00,47.770,48.430,47.610,47.720,3737200
2026-03-04 11:00:00,47.720,48.300,47.600,47.620,2700000
2026-03-04 11:30:00,47.600,47.830,47.000,47.090,3965869
2026-03-04 13:30:00,47.090,48.360,46.990,47.930,3728161
2026-03-04 14:00:00,47.920,49.010,47.840,48.170,5069740
2026-03-04 14:30:00,48.170,48.290,47.940,48.040,1586167
2026-03-04 15:00:00,48.030,48.190,47.760,47.910,2193888
2026-03-05 10:00:00,48.900,49.500,47.530,48.730,5835275
2026-03-05 10:30:00,48.730,48.950,48.350,48.790,1820300
2026-03-05 11:00:00,48.790,49.080,48.500,48.630,2251159
2026-03-05 11:30:00,48.630,49.040,48.160,48.240,1600600
2026-03-05 13:30:00,48.240,52.380,48.240,51.670,13364141
2026-03-05 14:00:00,51.670,51.980,50.960,51.390,5233044
2026-03-05 14:30:00,51.400,51.500,50.750,51.000,2128485
2026-03-05 15:00:00,51.030,51.280,50.890,51.280,1675468
2026-03-06 10:00:00,55.680,55.830,51.770,53.180,23719667
2026-03-06 10:30:00,53.180,55.540,53.000,54.480,5873165
2026-03-06 11:00:00,54.500,55.000,54.100,54.760,2549585
2026-03-06 11:30:00,54.760,54.970,53.920,54.340,1574193
2026-03-06 13:30:00,54.260,55.200,54.060,54.130,1545477
2026-03-06 14:00:00,54.140,55.120,54.130,55.000,1465890
2026-03-06 14:30:00,55.000,55.010,54.100,54.130,1385810
2026-03-06 15:00:00,54.130,54.690,54.120,54.310,2429371
2026-03-09 10:00:00,52.010,52.640,50.000,50.830,11906142
2026-03-09 10:30:00,50.880,51.420,50.330,50.480,3007205
2026-03-09 11:00:00,50.490,51.470,50.450,51.350,1728200
2026-03-09 11:30:00,51.340,51.530,51.000,51.200,1566353
2026-03-09 13:30:00,51.190,51.680,50.920,51.500,2740900
2026-03-09 14:00:00,51.510,51.940,51.220,51.890,3648400
2026-03-09 14:30:00,51.900,52.660,51.800,52.360,2052600
2026-03-09 15:00:00,52.360,52.480,51.820,52.030,2592723
2026-03-10 10:00:00,52.830,54.170,52.780,53.450,8270933
2026-03-10 10:30:00,53.460,53.800,53.000,53.260,1657400
2026-03-10 11:00:00,53.240,54.110,53.200,53.880,2202845
2026-03-10 11:30:00,53.890,53.940,53.230,53.590,1196300
2026-03-10 13:30:00,53.570,54.200,53.250,53.690,2634400
2026-03-10 14:00:00,53.690,53.850,53.420,53.500,1891107
2026-03-10 14:30:00,53.500,53.550,52.380,53.000,3743617
2026-03-10 15:00:00,53.000,53.600,52.970,53.400,2469800
2026-03-11 10:00:00,52.900,55.500,52.900,53.510,11022309
2026-03-11 10:30:00,53.510,53.990,52.360,53.210,3285107
2026-03-11 11:00:00,53.190,53.450,52.570,52.590,1596100
2026-03-11 11:30:00,52.590,52.800,51.900,52.030,2754949
2026-03-11 13:30:00,52.020,52.200,51.100,51.370,3824659
2026-03-11 14:00:00,51.370,51.370,50.890,51.270,4109700
2026-03-11 14:30:00,51.270,51.800,51.150,51.730,1700900
2026-03-11 15:00:00,51.730,52.200,51.430,51.600,2849622
2026-03-12 10:00:00,51.930,51.990,49.600,49.730,7994293
2026-03-12 10:30:00,49.740,49.850,48.670,48.790,8008419
2026-03-12 11:00:00,48.790,48.920,48.000,48.190,8187700
2026-03-12 11:30:00,48.210,48.310,47.500,48.140,4504100
2026-03-12 13:30:00,48.130,48.240,47.250,47.340,5075388
2026-03-12 14:00:00,47.350,47.680,47.200,47.380,5956792
2026-03-12 14:30:00,47.380,47.700,47.300,47.410,3916900
2026-03-12 15:00:00,47.410,47.770,47.280,47.560,3625112
2026-03-13 10:00:00,47.120,47.600,46.420,46.570,6996133
2026-03-13 10:30:00,46.560,47.310,46.540,47.070,2681400
2026-03-13 11:00:00,47.080,47.690,47.070,47.280,2295400
2026-03-13 11:30:00,47.280,47.290,46.640,46.660,1536098
2026-03-13 13:30:00,46.660,46.890,46.520,46.540,1455590
2026-03-13 14:00:00,46.540,46.690,46.310,46.320,2343665
2026-03-13 14:30:00,46.310,46.430,46.130,46.220,3135400
2026-03-13 15:00:00,46.220,46.280,45.800,45.970,5944501
2026-03-16 10:00:00,45.590,46.000,44.400,44.950,6979521
2026-03-16 10:30:00,44.990,45.590,44.760,45.290,2016900
2026-03-16 11:00:00,45.270,45.310,44.930,44.970,1269800
2026-03-16 11:30:00,44.990,45.450,44.740,45.210,1860200
2026-03-16 13:30:00,45.210,46.220,45.180,46.190,3425920
2026-03-16 14:00:00,46.190,46.780,46.110,46.580,3686464
2026-03-16 14:30:00,46.580,46.900,46.400,46.810,3335900
2026-03-16 15:00:00,46.780,46.900,46.510,46.700,2466323
2026-03-17 10:00:00,47.200,47.880,46.610,47.130,6774090
2026-03-17 10:30:00,47.150,48.200,47.070,47.110,4817264
2026-03-17 11:00:00,47.090,47.280,46.920,46.930,930924
2026-03-17 11:30:00,46.940,46.950,46.530,46.670,1245300
2026-03-17 13:30:00,46.680,47.000,46.560,46.800,916914
2026-03-17 14:00:00,46.710,46.880,46.540,46.600,1023004
2026-03-17 14:30:00,46.600,46.690,46.160,46.240,1510954
2026-03-17 15:00:00,46.240,46.340,45.880,46.140,2863819
2026-03-18 10:00:00,46.460,46.550,45.770,46.320,2745000
2026-03-18 10:30:00,46.320,46.840,46.190,46.530,1518400
2026-03-18 11:00:00,46.540,46.560,45.800,45.930,1498802
2026-03-18 11:30:00,45.920,46.040,45.780,45.880,1360555
2026-03-18 13:30:00,45.890,46.250,45.700,45.740,1851125
2026-03-18 14:00:00,45.770,46.040,45.640,45.790,1504994
2026-03-18 14:30:00,45.800,46.780,45.790,46.680,3926074
2026-03-18 15:00:00,46.690,46.930,46.510,46.750,2689604
2026-03-19 10:00:00,45.380,45.800,44.870,45.010,4770725
2026-03-19 10:30:00,45.010,45.150,44.330,44.470,4971385
2026-03-19 11:00:00,44.480,45.170,44.440,44.810,1516998
2026-03-19 11:30:00,44.830,45.110,44.760,44.920,523200
2026-03-19 13:30:00,44.900,45.030,43.990,44.020,3670900
2026-03-19 14:00:00,44.010,44.100,43.800,43.950,2996000
2026-03-19 14:30:00,43.960,44.200,43.800,43.900,2188000
2026-03-19 15:00:00,43.900,44.070,43.610,44.000,2543856
2026-03-20 10:00:00,44.270,44.920,43.880,44.420,3621359
2026-03-20 10:30:00,44.410,44.650,44.150,44.210,1805570
2026-03-20 11:00:00,44.210,44.210,43.720,43.790,1216899
2026-03-20 11:30:00,43.790,44.190,43.630,44.100,1656801
2026-03-20 13:30:00,44.110,44.250,43.700,43.920,2116569
2026-03-20 14:00:00,43.900,44.020,43.550,43.630,1568981
2026-03-20 14:30:00,43.620,43.700,43.300,43.440,3777643
2026-03-20 15:00:00,43.450,43.510,43.000,43.050,2015086
2026-03-23 10:00:00,42.460,42.880,41.350,42.160,6300500
2026-03-23 10:30:00,42.110,42.700,41.930,42.000,2097800
2026-03-23 11:00:00,42.010,42.240,41.750,41.860,1663400
2026-03-23 11:30:00,41.860,42.020,41.500,41.520,1376900
2026-03-23 13:30:00,41.520,41.830,41.170,41.180,1907099
2026-03-23 14:00:00,41.190,41.490,40.830,41.060,2692900
2026-03-23 14:30:00,41.060,41.310,40.380,41.040,3983512
2026-03-23 15:00:00,41.050,41.050,40.150,40.800,5431079
2026-03-24 10:00:00,41.880,41.990,41.010,41.090,3900776
2026-03-24 10:30:00,41.070,41.370,40.620,41.360,1937200
2026-03-24 11:00:00,41.350,41.660,41.100,41.580,1833000
2026-03-24 11:30:00,41.560,41.600,41.280,41.460,1262600
2026-03-24 13:30:00,41.460,41.460,40.960,40.970,2305088
2026-03-24 14:00:00,41.010,41.270,40.960,41.060,1644800
2026-03-24 14:30:00,41.050,41.980,41.000,41.900,2931000
2026-03-24 15:00:00,41.900,41.990,41.640,41.960,3211377
2026-03-25 10:00:00,42.450,45.180,42.300,44.920,12655144
2026-03-25 10:30:00,44.910,44.930,44.410,44.550,2250924
2026-03-25 11:00:00,44.550,44.610,44.020,44.090,1213500
2026-03-25 11:30:00,44.090,44.200,43.930,43.990,1290900
2026-03-25 13:30:00,44.050,45.140,44.010,45.070,2769121
2026-03-25 14:00:00,45.030,45.070,44.650,44.730,2143900
2026-03-25 14:30:00,44.740,44.830,44.300,44.360,1070600
2026-03-25 15:00:00,44.420,44.610,44.330,44.540,2673153
2026-03-26 10:00:00,44.540,44.580,43.350,44.010,5851297
2026-03-26 10:30:00,43.980,44.060,43.520,43.630,2067200
2026-03-26 11:00:00,43.600,43.750,43.410,43.540,975400
2026-03-26 11:30:00,43.520,43.580,43.120,43.280,1061100
2026-03-26 13:30:00,43.320,43.390,42.590,42.690,2093300
2026-03-26 14:00:00,42.660,42.720,42.400,42.510,2547300
2026-03-26 14:30:00,42.520,43.000,42.330,42.350,1476100
2026-03-26 15:00:00,42.350,42.570,42.300,42.460,1508200
2026-03-27 10:00:00,41.960,42.380,41.600,42.170,2680500
2026-03-27 10:30:00,42.180,42.460,42.000,42.380,1339050
2026-03-27 11:00:00,42.360,42.480,42.000,42.120,1217300
2026-03-27 11:30:00,42.100,42.200,42.030,42.190,731300
2026-03-27 13:30:00,42.190,43.300,42.070,42.580,4184784
2026-03-27 14:00:00,42.580,42.720,42.110,42.130,1494523
2026-03-27 14:30:00,42.130,42.190,42.000,42.150,1515700
2026-03-27 15:00:00,42.130,42.180,41.960,42.130,2180939
2026-03-30 10:00:00,41.640,42.300,41.140,41.420,5385863
2026-03-30 10:30:00,41.440,41.660,41.170,41.300,2557609
2026-03-30 11:00:00,41.280,41.880,41.270,41.620,1483688
2026-03-30 11:30:00,41.630,42.190,41.550,42.180,1195300
2026-03-30 13:30:00,42.180,42.280,41.720,41.900,2786500
2026-03-30 14:00:00,41.890,42.190,41.770,42.040,1592328
2026-03-30 14:30:00,42.020,42.130,41.830,41.900,927560
2026-03-30 15:00:00,41.910,42.200,41.870,41.980,1607839
2026-03-31 10:00:00,42.020,43.270,41.780,43.190,5602000
2026-03-31 10:30:00,43.190,43.920,42.940,42.940,5546879
2026-03-31 11:00:00,42.950,42.950,42.430,42.450,1436200
2026-03-31 11:30:00,42.430,42.480,41.950,42.000,1711382
2026-03-31 13:30:00,42.010,43.000,41.930,42.770,3128354
2026-03-31 14:00:00,42.810,43.090,42.500,42.620,2337100
2026-03-31 14:30:00,42.610,42.650,42.270,42.520,1902900
2026-03-31 15:00:00,42.520,42.800,42.410,42.510,2564341
2026-04-01 10:00:00,43.450,44.340,42.820,43.630,7484428
2026-04-01 10:30:00,43.610,43.770,43.200,43.230,2511200
2026-04-01 11:00:00,43.230,43.680,43.180,43.530,1441100
2026-04-01 11:30:00,43.500,43.670,43.300,43.390,937600
2026-04-01 13:30:00,43.360,43.980,43.060,43.980,1857772
2026-04-01 14:00:00,43.970,44.070,43.460,43.510,2896400
2026-04-01 14:30:00,43.520,43.700,43.450,43.500,1243000
2026-04-01 15:00:00,43.500,43.610,43.410,43.470,2082400
2026-04-02 10:00:00,43.110,43.500,42.270,43.150,4929000
2026-04-02 10:30:00,43.160,43.230,41.920,42.110,4743000
2026-04-02 11:00:00,42.110,42.330,41.930,42.020,1686500
2026-04-02 11:30:00,42.010,42.140,41.800,41.920,1390700
2026-04-02 13:30:00,41.900,41.970,41.700,41.930,1059705
2026-04-02 14:00:00,41.910,41.920,41.440,41.510,1531200
2026-04-02 14:30:00,41.530,42.230,41.410,42.010,1748300
2026-04-02 15:00:00,41.980,42.180,41.710,41.940,1593700
