date,open,high,low,close,volume
2025-03-27 14:30:00,26.770,26.860,26.750,26.850,1877800
2025-03-27 15:00:00,26.850,26.850,26.670,26.720,4416364
2025-03-28 10:00:00,26.800,26.980,26.600,26.710,8558800
2025-03-28 10:30:00,26.700,26.790,26.550,26.650,4828500
2025-03-28 11:00:00,26.650,26.750,26.590,26.750,2879300
2025-03-28 11:30:00,26.740,26.820,26.670,26.730,2761546
2025-03-28 13:30:00,26.730,26.920,26.670,26.670,4282868
2025-03-28 14:00:00,26.680,26.840,26.650,26.770,2042120
2025-03-28 14:30:00,26.760,26.800,26.700,26.770,1676900
2025-03-28 15:00:00,26.770,26.770,26.680,26.690,3739300
2025-03-31 10:00:00,26.600,26.630,26.030,26.260,14398491
2025-03-31 10:30:00,26.250,26.300,25.800,25.840,12472105
2025-03-31 11:00:00,25.850,26.050,25.800,25.820,5604679
2025-03-31 11:30:00,25.820,25.960,25.780,25.790,5593863
2025-03-31 13:30:00,25.800,25.990,25.780,25.860,4447600
2025-03-31 14:00:00,25.860,25.930,25.830,25.880,2944300
2025-03-31 14:30:00,25.890,26.220,25.810,26.040,7876300
2025-03-31 15:00:00,26.060,26.190,26.040,26.140,4804574
2025-04-01 10:00:00,26.290,26.570,25.960,25.990,13234142
2025-04-01 10:30:00,25.990,26.290,25.950,26.210,6016678
2025-04-01 11:00:00,26.210,26.320,26.160,26.220,3854400
2025-04-01 11:30:00,26.230,26.280,26.180,26.200,2850000
2025-04-01 13:30:00,26.200,26.260,26.000,26.030,5486100
2025-04-01 14:00:00,26.030,26.080,26.000,26.020,3569820
2025-04-01 14:30:00,26.020,26.040,25.970,26.000,3526980
2025-04-01 15:00:00,25.990,26.040,25.970,26.000,4854511
2025-04-02 10:00:00,26.000,26.090,25.630,25.720,11896600
2025-04-02 10:30:00,25.720,25.970,25.680,25.880,10270258
2025-04-02 11:00:00,25.870,25.970,25.800,25.900,3423750
2025-04-02 11:30:00,25.890,25.950,25.840,25.880,2122134
2025-04-02 13:30:00,25.890,25.920,25.820,25.880,1951800
2025-04-02 14:00:00,25.870,25.920,25.800,25.880,2356100
2025-04-02 14:30:00,25.880,25.960,25.850,25.920,2611063
2025-04-02 15:00:00,25.920,26.000,25.860,25.990,5814600
2025-04-03 10:00:00,24.750,24.800,23.620,23.920,75431252
2025-04-03 10:30:00,23.920,23.950,23.440,23.630,41961954
2025-04-03 11:00:00,23.630,23.700,23.390,23.400,20577895
2025-04-03 11:30:00,23.390,23.440,23.390,23.390,18826277
2025-04-03 13:30:00,23.390,23.440,23.390,23.390,8620590
2025-04-03 14:00:00,23.390,23.390,23.390,23.390,2108100
2025-04-03 14:30:00,23.390,23.390,23.390,23.390,2013500
2025-04-03 15:00:00,23.390,23.390,23.390,23.390,3037400
2025-04-07 10:00:00,21.050,21.050,21.050,21.050,9661071
2025-04-07 10:30:00,21.050,21.050,21.050,21.050,1052400
2025-04-07 11:00:00,21.050,21.050,21.050,21.050,926000
2025-04-07 11:30:00,21.050,21.050,21.050,21.050,374100
2025-04-07 13:30:00,21.050,21.050,21.050,21.050,1155100
2025-04-07 14:00:00,21.050,21.050,21.050,21.050,1558600
2025-04-07 14:30:00,21.050,21.050,21.050,21.050,569300
2025-04-07 15:00:00,21.050,21.050,21.050,21.050,1537600
2025-04-08 10:00:00,18.950,19.190,18.950,18.950,62131771
2025-04-08 10:30:00,18.950,18.950,18.950,18.950,3256700
2025-04-08 11:00:00,18.950,18.950,18.950,18.950,1312300
2025-04-08 11:30:00,18.950,18.950,18.950,18.950,1679200
2025-04-08 13:30:00,18.950,18.950,18.950,18.950,1367000
2025-04-08 14:00:00,18.950,18.950,18.950,18.950,1230300
2025-04-08 14:30:00,18.950,18.950,18.950,18.950,1121900
2025-04-08 15:00:00,18.950,18.950,18.950,18.950,7307100
2025-04-09 10:00:00,17.400,18.150,17.110,17.850,135025397
2025-04-09 10:30:00,17.850,19.020,17.840,18.630,41080532
2025-04-09 11:00:00,18.620,18.640,18.110,18.350,19019330
2025-04-09 11:30:00,18.350,18.360,17.920,18.110,22041826
2025-04-09 13:30:00,18.120,18.360,18.010,18.290,14562888
2025-04-09 14:00:00,18.290,18.880,18.280,18.680,15862331
2025-04-09 14:30:00,18.680,18.870,18.510,18.750,12955857
2025-04-09 15:00:00,18.750,18.880,18.740,18.880,18766637
2025-04-10 10:00:00,20.760,20.770,19.900,20.610,151426423
2025-04-10 10:30:00,20.610,20.700,20.410,20.510,23674828
2025-04-10 11:00:00,20.510,20.510,20.200,20.240,19790000
2025-04-10 11:30:00,20.250,20.260,20.120,20.140,13048559
2025-04-10 13:30:00,20.130,20.600,20.020,20.390,17486947
2025-04-10 14:00:00,20.400,20.580,20.350,20.500,10606186
2025-04-10 14:30:00,20.500,20.750,20.470,20.600,17017188
2025-04-10 15:00:00,20.600,20.770,20.510,20.710,25894830
2025-04-11 10:00:00,20.210,20.460,19.910,20.080,63223183
2025-04-11 10:30:00,20.090,20.150,19.800,20.040,26201360
2025-04-11 11:00:00,20.030,20.410,19.990,20.310,19777511
2025-04-11 11:30:00,20.310,20.850,20.180,20.810,24520135
2025-04-11 13:30:00,20.810,21.120,20.800,21.070,27969407
2025-04-11 14:00:00,21.070,21.650,20.980,21.250,30282317
2025-04-11 14:30:00,21.250,21.480,21.090,21.090,11628395
2025-04-11 15:00:00,21.090,21.250,21.000,21.080,18988748
2025-04-14 10:00:00,22.500,22.580,21.500,21.700,123868458
2025-04-14 10:30:00,21.700,21.880,21.550,21.620,17609826
2025-04-14 11:00:00,21.620,21.770,21.550,21.680,9941345
2025-04-14 11:30:00,21.690,21.750,21.530,21.600,10034300
2025-04-14 13:30:00,21.610,21.630,21.210,21.330,19840500
2025-04-14 14:00:00,21.330,21.350,21.230,21.300,8897600
2025-04-14 14:30:00,21.300,21.350,21.220,21.280,9688400
2025-04-14 15:00:00,21.270,21.360,21.230,21.330,14541025
2025-04-15 10:00:00,21.100,21.530,20.800,20.890,45574917
2025-04-15 10:30:00,20.890,21.040,20.830,20.850,10504900
2025-04-15 11:00:00,20.840,20.880,20.670,20.790,13496517
2025-04-15 11:30:00,20.790,20.810,20.680,20.770,8047541
2025-04-15 13:30:00,20.780,20.800,20.480,20.620,15903253
2025-04-15 14:00:00,20.620,20.850,20.570,20.720,8789471
2025-04-15 14:30:00,20.720,20.810,20.650,20.730,5050859
2025-04-15 15:00:00,20.740,20.920,20.700,20.880,11124910
2025-04-16 10:00:00,20.620,20.670,20.310,20.350,25741400
2025-04-16 10:30:00,20.350,20.500,20.270,20.370,13366400
2025-04-16 11:00:00,20.370,20.400,20.130,20.200,10861402
2025-04-16 11:30:00,20.180,20.190,19.950,19.960,12847094
2025-04-16 13:30:00,19.960,20.280,19.890,20.140,10804914
2025-04-16 14:00:00,20.140,20.160,20.000,20.050,7320279
2025-04-16 14:30:00,20.040,20.150,20.030,20.090,4601200
2025-04-16 15:00:00,20.080,20.210,20.000,20.180,12845536
2025-04-17 10:00:00,20.000,20.580,20.000,20.390,25479814
2025-04-17 10:30:00,20.390,20.550,20.350,20.470,11446134
2025-04-17 11:00:00,20.480,20.540,20.410,20.460,6297200
2025-04-17 11:30:00,20.450,20.490,20.340,20.410,3803200
2025-04-17 13:30:00,20.410,20.420,20.260,20.270,4958200
2025-04-17 14:00:00,20.270,20.310,20.240,20.260,4373285
2025-04-17 14:30:00,20.260,20.340,20.210,20.260,4571915
2025-04-17 15:00:00,20.260,20.270,20.150,20.150,10382176
2025-04-18 10:00:00,20.180,20.580,20.170,20.370,26189425
2025-04-18 10:30:00,20.370,20.550,20.350,20.380,6200600
2025-04-18 11:00:00,20.380,20.540,20.350,20.450,6617500
2025-04-18 11:30:00,20.450,20.480,20.360,20.380,3658369
2025-04-18 13:30:00,20.380,20.570,20.350,20.550,9914676
2025-04-18 14:00:00,20.550,20.650,20.480,20.600,8694400
2025-04-18 14:30:00,20.600,20.660,20.550,20.600,7728300
2025-04-18 15:00:00,20.610,20.650,20.510,20.640,13322519
2025-04-21 10:00:00,20.650,20.660,20.350,20.610,17108387
2025-04-21 10:30:00,20.610,20.760,20.560,20.750,8983600
2025-04-21 11:00:00,20.750,20.980,20.730,20.970,10494600
2025-04-21 11:30:00,20.960,21.100,20.900,20.970,10309100
2025-04-21 13:30:00,20.960,21.110,20.860,21.040,8280219
2025-04-21 14:00:00,21.030,21.350,21.020,21.330,13717300
2025-04-21 14:30:00,21.340,21.380,21.170,21.320,11588870
2025-04-21 15:00:00,21.320,21.400,21.290,21.340,13083309
2025-04-22 10:00:00,21.420,21.420,21.040,21.200,31629634
2025-04-22 10:30:00,21.200,21.200,20.940,21.060,11524300
2025-04-22 11:00:00,21.060,21.060,20.850,20.930,9282766
2025-04-22 11:30:00,20.920,20.970,20.820,20.870,6198574
2025-04-22 13:30:00,20.860,20.940,20.840,20.920,4385315
2025-04-22 14:00:00,20.920,20.990,20.880,20.910,4331300
2025-04-22 14:30:00,20.910,21.010,20.890,20.920,4083600
2025-04-22 15:00:00,20.910,20.930,20.830,20.830,9431814
2025-04-23 10:00:00,21.600,22.130,21.360,21.500,53029986
2025-04-23 10:30:00,21.490,21.510,21.210,21.280,10230030
2025-04-23 11:00:00,21.280,21.380,21.150,21.280,7067846
2025-04-23 11:30:00,21.280,21.630,21.280,21.520,11174900
2025-04-23 13:30:00,21.520,21.640,21.450,21.500,8834900
2025-04-23 14:00:00,21.500,21.520,21.410,21.420,5309710
2025-04-23 14:30:00,21.420,21.430,21.300,21.390,6057190
2025-04-23 15:00:00,21.380,21.430,21.370,21.400,10099354
2025-04-24 10:00:00,21.410,21.470,21.080,21.150,20455700
2025-04-24 10:30:00,21.150,21.260,21.080,21.090,8572800
2025-04-24 11:00:00,21.080,21.090,20.860,20.960,11880900
2025-04-24 11:30:00,20.950,20.970,20.770,20.860,8460237
2025-04-24 13:30:00,20.850,20.930,20.820,20.900,3828500
2025-04-24 14:00:00,20.900,20.980,20.860,20.880,4061100
2025-04-24 14:30:00,20.870,20.900,20.820,20.850,4002205
2025-04-24 15:00:00,20.850,20.910,20.820,20.890,6721721
2025-04-25 10:00:00,20.890,21.300,20.860,21.150,24826380
2025-04-25 10:30:00,21.160,21.400,21.080,21.200,16534500
2025-04-25 11:00:00,21.190,21.250,21.100,21.170,4483000
2025-04-25 11:30:00,21.170,21.330,21.160,21.250,6060300
2025-04-25 13:30:00,21.250,21.280,21.070,21.090,5510200
2025-04-25 14:00:00,21.090,21.130,21.070,21.080,4426200
2025-04-25 14:30:00,21.070,21.100,21.040,21.060,4319900
2025-04-25 15:00:00,21.060,21.090,21.020,21.040,8534954
2025-04-28 10:00:00,20.860,20.970,20.550,20.580,24567687
2025-04-28 10:30:00,20.580,20.630,20.520,20.580,8921700
2025-04-28 11:00:00,20.580,20.690,20.560,20.570,4207300
2025-04-28 11:30:00,20.570,20.610,20.530,20.590,3158070
2025-04-28 13:30:00,20.590,20.640,20.530,20.570,3983367
2025-04-28 14:00:00,20.560,20.600,20.520,20.530,3598500
2025-04-28 14:30:00,20.530,20.610,20.500,20.550,5797700
2025-04-28 15:00:00,20.550,20.590,20.540,20.550,5897450
2025-04-29 10:00:00,20.550,20.620,20.330,20.570,11177800
2025-04-29 10:30:00,20.580,20.750,20.570,20.700,7991900
2025-04-29 11:00:00,20.700,20.720,20.630,20.670,4198679
2025-04-29 11:30:00,20.690,20.770,20.660,20.770,5071200
2025-04-29 13:30:00,20.740,20.820,20.680,20.790,6177500
2025-04-29 14:00:00,20.790,20.810,20.720,20.790,4697809
2025-04-29 14:30:00,20.780,20.880,20.780,20.820,5707600
2025-04-29 15:00:00,20.820,20.860,20.810,20.850,8384836
2025-04-30 10:00:00,20.930,21.060,20.700,20.990,12666000
2025-04-30 10:30:00,20.990,21.160,20.970,21.100,7532900
2025-04-30 11:00:00,21.110,21.240,21.100,21.180,8171983
2025-04-30 11:30:00,21.180,21.290,21.160,21.260,8171700
2025-04-30 13:30:00,21.250,21.260,21.170,21.220,4142900
2025-04-30 14:00:00,21.220,21.250,21.180,21.240,5446500
2025-04-30 14:30:00,21.240,21.260,21.200,21.220,4018900
2025-04-30 15:00:00,21.220,21.230,21.170,21.180,9108199
2025-05-06 10:00:00,21.380,21.640,21.380,21.540,20082622
2025-05-06 10:30:00,21.530,21.750,21.530,21.620,13899624
2025-05-06 11:00:00,21.620,21.670,21.600,21.600,5256500
2025-05-06 11:30:00,21.600,21.730,21.580,21.700,5847565
2025-05-06 13:30:00,21.700,21.730,21.620,21.720,6160674
2025-05-06 14:00:00,21.710,21.770,21.660,21.710,6470100
2025-05-06 14:30:00,21.710,21.800,21.700,21.760,6788117
2025-05-06 15:00:00,21.760,22.080,21.750,22.070,25058820
2025-05-07 10:00:00,22.560,22.640,21.850,22.020,40148581
2025-05-07 10:30:00,22.020,22.040,21.730,21.780,14991200
2025-05-07 11:00:00,21.780,21.860,21.700,21.810,5863899
2025-05-07 11:30:00,21.810,21.840,21.700,21.720,4544263
2025-05-07 13:30:00,21.730,21.740,21.650,21.680,5579837
2025-05-07 14:00:00,21.670,21.810,21.620,21.620,5586354
2025-05-07 14:30:00,21.620,21.630,21.550,21.600,7596873
2025-05-07 15:00:00,21.600,21.750,21.590,21.720,9878235
2025-05-08 10:00:00,21.720,22.190,21.610,22.130,25614876
2025-05-08 10:30:00,22.130,22.480,22.050,22.300,29097254
2025-05-08 11:00:00,22.300,22.380,22.220,22.350,8240800
2025-05-08 11:30:00,22.360,22.440,22.240,22.250,6473900
2025-05-08 13:30:00,22.250,22.330,22.150,22.200,7823000
2025-05-08 14:00:00,22.210,22.280,22.170,22.280,4504000
2025-05-08 14:30:00,22.270,22.330,22.240,22.310,6248951
2025-05-08 15:00:00,22.310,22.350,22.260,22.270,10151653
2025-05-09 10:00:00,22.140,22.160,21.840,22.080,16602200
2025-05-09 10:30:00,22.090,22.150,21.920,21.980,7328500
2025-05-09 11:00:00,21.980,21.980,21.750,21.770,8243600
2025-05-09 11:30:00,21.770,21.870,21.750,21.840,3584643
2025-05-09 13:30:00,21.850,22.030,21.820,22.020,4213340
2025-05-09 14:00:00,22.010,22.100,22.000,22.060,4277832
2025-05-09 14:30:00,22.070,22.130,21.870,21.900,10220500
2025-05-09 15:00:00,21.910,21.950,21.870,21.930,9642874
2025-05-12 10:00:00,22.700,22.970,22.480,22.640,55934429
2025-05-12 10:30:00,22.640,22.900,22.640,22.810,19318733
2025-05-12 11:00:00,22.810,22.990,22.810,22.890,12034045
2025-05-12 11:30:00,22.890,22.940,22.700,22.850,8593200
2025-05-12 13:30:00,22.860,22.980,22.730,22.870,10301200
2025-05-12 14:00:00,22.860,22.980,22.860,22.910,9329900
2025-05-12 14:30:00,22.900,23.290,22.900,23.270,20108643
2025-05-12 15:00:00,23.290,23.300,23.090,23.160,19551366
2025-05-13 10:00:00,23.970,23.990,23.230,23.230,84566387
2025-05-13 10:30:00,23.220,23.310,22.920,23.020,25242484
2025-05-13 11:00:00,23.020,23.150,22.950,23.090,8236100
2025-05-13 11:30:00,23.090,23.100,22.970,22.990,5898800
2025-05-13 13:30:00,22.990,23.000,22.900,22.900,7410000
2025-05-13 14:00:00,22.900,23.070,22.850,22.980,6815907
2025-05-13 14:30:00,22.980,22.990,22.860,22.870,6242900
2025-05-13 15:00:00,22.870,22.890,22.850,22.870,12760200
2025-05-14 10:00:00,22.840,23.000,22.610,22.640,24850285
2025-05-14 10:30:00,22.650,22.670,22.510,22.520,12783200
2025-05-14 11:00:00,22.530,22.530,22.430,22.440,9969542
2025-05-14 11:30:00,22.430,22.560,22.360,22.450,9050050
2025-05-14 13:30:00,22.450,22.680,22.450,22.610,8562090
2025-05-14 14:00:00,22.610,22.900,22.550,22.640,11655000
2025-05-14 14:30:00,22.650,22.650,22.510,22.530,8179442
2025-05-14 15:00:00,22.530,22.690,22.510,22.690,8929887
2025-05-15 10:00:00,22.670,22.670,22.210,22.220,18330725
2025-05-15 10:30:00,22.220,22.300,22.130,22.230,10426200
2025-05-15 11:00:00,22.240,22.350,22.200,22.210,3412700
2025-05-15 11:30:00,22.210,22.210,22.110,22.180,5321500
2025-05-15 13:30:00,22.180,22.190,22.030,22.090,6716200
2025-05-15 14:00:00,22.090,22.120,22.040,22.070,4003800
2025-05-15 14:30:00,22.080,22.150,22.000,22.090,5394200
2025-05-15 15:00:00,22.090,22.100,22.020,22.040,8057781
2025-05-16 10:00:00,21.900,22.150,21.810,22.080,11312725
2025-05-16 10:30:00,22.070,22.100,21.900,21.940,6273401
2025-05-16 11:00:00,21.940,22.080,21.930,22.070,3814600
2025-05-16 11:30:00,22.060,22.120,22.010,22.100,3490700
2025-05-16 13:30:00,22.100,22.200,22.060,22.140,5043270
2025-05-16 14:00:00,22.130,22.160,22.050,22.060,2571600
2025-05-16 14:30:00,22.060,22.070,22.010,22.050,4036600
2025-05-16 15:00:00,22.040,22.050,21.970,22.000,8003520
2025-05-19 10:00:00,21.900,21.910,21.450,21.540,20373616
2025-05-19 10:30:00,21.530,21.540,21.400,21.520,12298266
2025-05-19 11:00:00,21.520,21.640,21.460,21.580,5432500
2025-05-19 11:30:00,21.570,21.600,21.500,21.520,3732300
2025-05-19 13:30:00,21.520,21.630,21.510,21.610,4438891
2025-05-19 14:00:00,21.600,21.700,21.580,21.630,4568800
2025-05-19 14:30:00,21.630,21.820,21.620,21.720,7433751
2025-05-19 15:00:00,21.730,21.830,21.690,21.820,8687893
2025-05-20 10:00:00,21.650,21.790,21.460,21.550,15336700
2025-05-20 10:30:00,21.550,21.730,21.550,21.660,7230800
2025-05-20 11:00:00,21.660,21.750,21.650,21.690,4125400
2025-05-20 11:30:00,21.690,22.050,21.670,22.020,10567749
2025-05-20 13:30:00,22.010,22.090,21.890,21.940,9019320
2025-05-20 14:00:00,21.940,21.970,21.870,21.940,3420100
2025-05-20 14:30:00,21.940,21.990,21.900,21.930,3951600
2025-05-20 15:00:00,21.930,21.980,21.920,21.940,7821641
2025-05-21 10:00:00,21.800,21.820,21.620,21.650,13198341
2025-05-21 10:30:00,21.630,21.680,21.550,21.670,6655074
2025-05-21 11:00:00,21.670,21.720,21.610,21.690,3765220
2025-05-21 11:30:00,21.690,21.770,21.650,21.740,2756100
2025-05-21 13:30:00,21.730,21.820,21.700,21.770,3433542
2025-05-21 14:00:00,21.780,21.800,21.640,21.710,3306386
2025-05-21 14:30:00,21.700,21.700,21.650,21.670,2458700
2025-05-21 15:00:00,21.660,21.700,21.650,21.700,6060290
2025-05-22 10:00:00,21.620,21.780,21.480,21.700,9356360
2025-05-22 10:30:00,21.690,21.700,21.520,21.550,4894800
2025-05-22 11:00:00,21.550,21.570,21.430,21.440,6705000
2025-05-22 11:30:00,21.430,21.630,21.400,21.620,4288500
2025-05-22 13:30:00,21.620,21.890,21.590,21.590,6269626
2025-05-22 14:00:00,21.590,21.620,21.520,21.590,2573142
2025-05-22 14:30:00,21.580,21.590,21.500,21.520,2346800
2025-05-22 15:00:00,21.510,21.540,21.460,21.460,5905350
2025-05-23 10:00:00,21.550,21.610,21.360,21.540,8131837
2025-05-23 10:30:00,21.540,21.690,21.490,21.610,5720576
2025-05-23 11:00:00,21.610,21.690,21.560,21.680,4669243
2025-05-23 11:30:00,21.680,21.730,21.610,21.610,3763602
2025-05-23 13:30:00,21.620,21.650,21.560,21.600,2852400
2025-05-23 14:00:00,21.600,21.600,21.510,21.510,2867900
2025-05-23 14:30:00,21.510,21.520,21.260,21.270,10555300
2025-05-23 15:00:00,21.270,21.300,21.150,21.190,10140605
2025-05-26 10:00:00,20.550,20.960,20.540,20.900,17212457
2025-05-26 10:30:00,20.900,21.270,20.900,21.260,9740300
2025-05-26 11:00:00,21.260,21.280,21.150,21.150,3992005
2025-05-26 11:30:00,21.160,21.200,20.980,21.040,5210947
2025-05-26 13:30:00,21.050,21.150,21.020,21.120,2954500
2025-05-26 14:00:00,21.130,21.250,21.110,21.250,3114400
2025-05-26 14:30:00,21.240,21.260,21.180,21.200,2989200
2025-05-26 15:00:00,21.200,21.250,21.200,21.250,4848480
2025-05-27 10:00:00,21.240,21.340,21.080,21.190,8797686
2025-05-27 10:30:00,21.200,21.200,21.080,21.190,4322880
2025-05-27 11:00:00,21.180,21.250,21.140,21.150,2567100
2025-05-27 11:30:00,21.150,21.190,21.080,21.100,2688600
2025-05-27 13:30:00,21.100,21.210,21.010,21.040,4329900
2025-05-27 14:00:00,21.040,21.070,20.970,21.020,3903800
2025-05-27 14:30:00,21.020,21.090,20.980,21.010,2951000
2025-05-27 15:00:00,21.000,21.010,20.890,20.940,7315572
2025-05-28 10:00:00,21.060,21.390,21.030,21.160,14010900
2025-05-28 10:30:00,21.160,21.160,20.910,20.940,6203800
2025-05-28 11:00:00,20.940,21.040,20.930,21.010,2452300
2025-05-28 11:30:00,21.010,21.050,20.920,20.960,1991100
2025-05-28 13:30:00,20.960,21.080,20.960,21.030,2141100
2025-05-28 14:00:00,21.030,21.040,20.970,20.990,1808567
2025-05-28 14:30:00,21.000,21.020,20.950,21.010,2561661
2025-05-28 15:00:00,21.010,21.020,20.930,20.960,3907610
2025-05-29 10:00:00,21.250,21.860,21.240,21.630,29337700
2025-05-29 10:30:00,21.630,21.650,21.510,21.580,7666700
2025-05-29 11:00:00,21.580,21.850,21.560,21.780,16093900
2025-05-29 11:30:00,21.780,21.800,21.640,21.690,6627003
2025-05-29 13:30:00,21.680,21.710,21.520,21.540,5932734
2025-05-29 14:00:00,21.530,21.590,21.500,21.560,3549390
2025-05-29 14:30:00,21.550,21.570,21.510,21.530,3657300
2025-05-29 15:00:00,21.530,21.580,21.530,21.560,9381185
2025-05-30 10:00:00,21.300,21.310,21.020,21.030,18381100
2025-05-30 10:30:00,21.030,21.050,20.920,20.970,7374663
2025-05-30 11:00:00,20.970,20.980,20.890,20.930,5895600
2025-05-30 11:30:00,20.930,21.000,20.910,20.960,2331313
2025-05-30 13:30:00,20.960,20.980,20.910,20.910,3059287
2025-05-30 14:00:00,20.910,20.970,20.910,20.920,3240200
2025-05-30 14:30:00,20.920,20.930,20.900,20.910,3309013
2025-05-30 15:00:00,20.910,20.940,20.900,20.910,6680031
2025-06-03 10:00:00,20.730,21.000,20.720,20.940,8893000
2025-06-03 10:30:00,20.940,21.000,20.900,20.930,3741700
2025-06-03 11:00:00,20.930,20.970,20.900,20.910,2155004
2025-06-03 11:30:00,20.920,21.020,20.910,20.980,3720087
2025-06-03 13:30:00,20.990,21.030,20.940,20.960,2087700
2025-06-03 14:00:00,20.960,21.000,20.930,20.990,2245879
2025-06-03 14:30:00,20.990,21.000,20.960,20.960,2011000
2025-06-03 15:00:00,20.970,20.980,20.930,20.940,3623230
2025-06-04 10:00:00,21.040,21.150,20.960,21.110,9575670
2025-06-04 10:30:00,21.110,21.210,21.060,21.160,5726566
2025-06-04 11:00:00,21.170,21.180,21.130,21.170,2382600
2025-06-04 11:30:00,21.170,21.270,21.160,21.220,4962131
2025-06-04 13:30:00,21.230,21.420,21.210,21.270,7733126
2025-06-04 14:00:00,21.270,21.290,21.250,21.280,2083300
2025-06-04 14:30:00,21.290,21.320,21.270,21.290,3621700
2025-06-04 15:00:00,21.290,21.300,21.230,21.250,5890389
2025-06-05 10:00:00,21.100,21.750,21.090,21.650,26369466
2025-06-05 10:30:00,21.640,21.650,21.470,21.510,6638400
2025-06-05 11:00:00,21.520,21.600,21.450,21.580,5379063
2025-06-05 11:30:00,21.570,21.740,21.560,21.700,10786500
2025-06-05 13:30:00,21.690,21.800,21.680,21.800,11831713
2025-06-05 14:00:00,21.790,22.160,21.780,22.130,21006063
2025-06-05 14:30:00,22.140,22.370,22.060,22.180,18829689
2025-06-05 15:00:00,22.170,22.310,22.170,22.230,19365990
2025-06-06 10:00:00,22.150,22.280,21.820,22.070,25499301
2025-06-06 10:30:00,22.080,22.140,21.960,22.000,7778300
2025-06-06 11:00:00,22.000,22.150,21.990,22.120,5368400
2025-06-06 11:30:00,22.120,22.150,22.010,22.050,3350200
2025-06-06 13:30:00,22.040,22.080,21.950,21.960,3716500
2025-06-06 14:00:00,21.960,22.000,21.920,21.960,2829353
2025-06-06 14:30:00,21.960,21.970,21.860,21.910,4436200
2025-06-06 15:00:00,21.910,21.950,21.890,21.910,6269920
2025-06-09 10:00:00,22.090,22.200,21.960,22.150,13276400
2025-06-09 10:30:00,22.150,22.300,22.150,22.230,8970153
2025-06-09 11:00:00,22.240,22.390,22.230,22.320,7499800
2025-06-09 11:30:00,22.320,22.390,22.270,22.270,4277200
2025-06-09 13:30:00,22.280,22.330,22.220,22.230,4080600
2025-06-09 14:00:00,22.250,22.250,22.160,22.190,4117100
2025-06-09 14:30:00,22.190,22.240,22.180,22.210,3497323
2025-06-09 15:00:00,22.200,22.220,22.180,22.190,5701520
2025-06-10 10:00:00,22.110,22.400,22.030,22.290,15844300
2025-06-10 10:30:00,22.310,22.410,22.240,22.300,10188800
2025-06-10 11:00:00,22.290,22.420,22.260,22.370,5629249
2025-06-10 11:30:00,22.370,22.420,22.320,22.330,4720600
2025-06-10 13:30:00,22.320,22.340,21.850,21.880,15245600
2025-06-10 14:00:00,21.870,22.000,21.750,21.960,10381299
2025-06-10 14:30:00,21.960,22.030,21.880,21.990,4500320
2025-06-10 15:00:00,21.980,22.100,21.970,22.080,7207800
2025-06-11 10:00:00,22.080,22.720,22.000,22.500,28207700
2025-06-11 10:30:00,22.500,22.530,22.330,22.360,7821700
2025-06-11 11:00:00,22.350,22.390,22.130,22.130,7385000
2025-06-11 11:30:00,22.140,22.290,22.080,22.280,4138000
2025-06-11 13:30:00,22.280,22.350,22.220,22.270,3986134
2025-06-11 14:00:00,22.270,22.350,22.220,22.310,3455376
2025-06-11 14:30:00,22.310,22.380,22.280,22.320,3783800
2025-06-11 15:00:00,22.320,22.320,22.250,22.290,6065755
2025-06-12 10:00:00,22.200,22.950,22.150,22.770,37599496
2025-06-12 10:30:00,22.770,22.890,22.670,22.690,9345742
2025-06-12 11:00:00,22.690,22.720,22.600,22.610,4977200
2025-06-12 11:30:00,22.620,22.660,22.500,22.510,5017855
2025-06-12 13:30:00,22.510,22.650,22.460,22.470,4669100
2025-06-12 14:00:00,22.470,22.480,22.380,22.430,4945000
2025-06-12 14:30:00,22.420,22.540,22.390,22.520,6412100
2025-06-12 15:00:00,22.520,22.520,22.380,22.430,9185129
2025-06-13 10:00:00,22.280,22.700,22.180,22.220,15539000
2025-06-13 10:30:00,22.210,22.250,22.160,22.210,8393126
2025-06-13 11:00:00,22.210,22.260,22.000,22.020,7707317
2025-06-13 11:30:00,22.030,22.130,22.000,22.020,3136000
2025-06-13 13:30:00,22.030,22.070,21.880,22.030,5232300
2025-06-13 14:00:00,22.040,22.180,22.030,22.130,3316578
2025-06-13 14:30:00,22.130,22.200,22.070,22.070,2654500
2025-06-13 15:00:00,22.080,22.080,21.960,22.010,7619144
2025-06-16 10:00:00,21.900,22.650,21.850,22.600,26123580
2025-06-16 10:30:00,22.600,22.620,22.390,22.470,10933600
2025-06-16 11:00:00,22.470,22.500,22.360,22.390,5486200
2025-06-16 11:30:00,22.400,22.410,22.240,22.260,4180200
2025-06-16 13:30:00,22.270,22.340,22.220,22.310,2558100
2025-06-16 14:00:00,22.310,22.340,22.270,22.310,2214700
2025-06-16 14:30:00,22.310,22.330,22.280,22.300,2894185
2025-06-16 15:00:00,22.310,22.330,22.290,22.320,5907266
2025-06-17 10:00:00,22.520,23.160,22.520,22.970,37794790
2025-06-17 10:30:00,22.970,23.390,22.960,23.170,40243000
2025-06-17 11:00:00,23.170,23.300,23.100,23.160,12046103
2025-06-17 11:30:00,23.170,23.300,23.130,23.140,6427300
2025-06-17 13:30:00,23.130,23.150,22.910,22.970,8666000
2025-06-17 14:00:00,22.980,22.990,22.860,22.870,6745071
2025-06-17 14:30:00,22.860,22.870,22.800,22.840,6340100
2025-06-17 15:00:00,22.840,22.970,22.820,22.960,13463600
2025-06-18 10:00:00,22.850,23.410,22.820,23.320,33623305
2025-06-18 10:30:00,23.320,23.460,23.210,23.270,17014601
2025-06-18 11:00:00,23.280,23.340,23.220,23.310,6703900
2025-06-18 11:30:00,23.330,23.460,23.320,23.430,12348700
2025-06-18 13:30:00,23.430,23.720,23.380,23.640,20474304
2025-06-18 14:00:00,23.640,23.850,23.630,23.670,15948606
2025-06-18 14:30:00,23.670,23.740,23.640,23.680,6841382
2025-06-18 15:00:00,23.690,23.700,23.550,23.630,12521689
2025-06-19 10:00:00,23.550,23.820,23.360,23.440,23996003
2025-06-19 10:30:00,23.440,23.580,23.360,23.440,7172042
2025-06-19 11:00:00,23.430,23.490,23.310,23.340,5095500
2025-06-19 11:30:00,23.340,23.420,23.250,23.260,8073538
2025-06-19 13:30:00,23.260,23.320,23.180,23.280,6725493
2025-06-19 14:00:00,23.280,23.390,23.240,23.270,3915203
2025-06-19 14:30:00,23.270,23.270,23.110,23.130,5935949
2025-06-19 15:00:00,23.130,23.240,23.020,23.220,10250200
2025-06-20 10:00:00,23.140,23.180,22.690,22.810,18990800
2025-06-20 10:30:00,22.830,22.950,22.720,22.840,5706700
2025-06-20 11:00:00,22.850,22.960,22.810,22.910,3926100
2025-06-20 11:30:00,22.910,22.950,22.770,22.780,3010600
2025-06-20 13:30:00,22.780,22.890,22.710,22.790,4967900
2025-06-20 14:00:00,22.800,22.830,22.760,22.790,2575993
2025-06-20 14:30:00,22.790,22.800,22.700,22.770,5018600
2025-06-20 15:00:00,22.780,22.790,22.720,22.780,7189338
2025-06-23 10:00:00,22.600,23.150,22.550,22.910,18613639
2025-06-23 10:30:00,22.910,22.980,22.670,22.780,7119800
2025-06-23 11:00:00,22.770,22.870,22.690,22.700,4599100
2025-06-23 11:30:00,22.690,22.760,22.600,22.660,4094400
2025-06-23 13:30:00,22.670,22.800,22.620,22.730,3527860
2025-06-23 14:00:00,22.730,22.840,22.690,22.820,4272500
2025-06-23 14:30:00,22.820,22.980,22.810,22.900,5540500
2025-06-23 15:00:00,22.900,22.980,22.890,22.920,8526805
2025-06-24 10:00:00,23.130,23.340,22.990,23.140,23660460
2025-06-24 10:30:00,23.150,23.390,23.140,23.360,11671352
2025-06-24 11:00:00,23.360,23.410,23.190,23.200,8522308
2025-06-24 11:30:00,23.190,23.220,23.120,23.130,5660100
2025-06-24 13:30:00,23.140,23.470,23.130,23.330,8779660
2025-06-24 14:00:00,23.320,23.350,23.250,23.260,4633400
2025-06-24 14:30:00,23.260,23.370,23.220,23.360,5168000
2025-06-24 15:00:00,23.360,23.450,23.360,23.390,9708375
2025-06-25 10:00:00,23.480,23.560,23.150,23.360,15953600
2025-06-25 10:30:00,23.360,23.440,23.210,23.350,11131000
2025-06-25 11:00:00,23.330,23.420,23.310,23.340,4344200
2025-06-25 11:30:00,23.340,23.390,23.320,23.380,3834700
2025-06-25 13:30:00,23.380,23.490,23.360,23.410,7390200
2025-06-25 14:00:00,23.400,23.640,23.350,23.560,12711301
2025-06-25 14:30:00,23.560,23.890,23.550,23.780,18285894
2025-06-25 15:00:00,23.770,23.780,23.700,23.720,10633929
2025-06-26 10:00:00,23.890,23.950,23.650,23.760,17914600
2025-06-26 10:30:00,23.760,23.800,23.510,23.530,10922400
2025-06-26 11:00:00,23.540,23.540,23.370,23.520,10001436
2025-06-26 11:30:00,23.520,23.540,23.480,23.520,3284159
2025-06-26 13:30:00,23.520,23.600,23.410,23.470,4632700
2025-06-26 14:00:00,23.470,23.500,23.350,23.380,5530200
2025-06-26 14:30:00,23.370,23.430,23.300,23.400,4568266
2025-06-26 15:00:00,23.400,23.420,23.370,23.400,7660044
2025-06-27 10:00:00,23.560,23.600,23.000,23.260,22252148
2025-06-27 10:30:00,23.260,23.580,23.240,23.540,10387800
2025-06-27 11:00:00,23.540,23.820,23.470,23.590,13367012
2025-06-27 11:30:00,23.580,23.600,23.410,23.480,4798202
2025-06-27 13:30:00,23.490,23.510,23.430,23.470,4417100
2025-06-27 14:00:00,23.470,23.550,23.380,23.400,4895960
2025-06-27 14:30:00,23.390,23.480,23.370,23.410,4338941
2025-06-27 15:00:00,23.400,23.460,23.380,23.400,6408401
2025-06-30 10:00:00,23.470,23.560,23.310,23.490,14551913
2025-06-30 10:30:00,23.500,23.500,23.310,23.330,9837100
2025-06-30 11:00:00,23.330,23.360,23.240,23.260,7993636
2025-06-30 11:30:00,23.270,23.310,23.260,23.300,3876280
2025-06-30 13:30:00,23.290,23.340,23.250,23.310,6507220
2025-06-30 14:00:00,23.300,23.330,23.190,23.230,8434000
2025-06-30 14:30:00,23.240,23.270,23.200,23.270,5511700
2025-06-30 15:00:00,23.260,23.330,23.250,23.320,9292100
2025-07-01 10:00:00,23.320,23.330,22.970,23.080,14596391
2025-07-01 10:30:00,23.070,23.130,23.020,23.090,4657185
2025-07-01 11:00:00,23.090,23.120,22.920,22.970,7776915
2025-07-01 11:30:00,22.960,23.000,22.890,22.980,4413945
2025-07-01 13:30:00,22.990,23.390,22.950,23.370,11236901
2025-07-01 14:00:00,23.370,23.370,23.200,23.270,4297783
2025-07-01 14:30:00,23.270,23.320,23.230,23.230,3705500
2025-07-01 15:00:00,23.240,23.240,23.180,23.200,5743393
2025-07-02 10:00:00,23.110,23.110,22.810,22.900,12887633
2025-07-02 10:30:00,22.900,22.920,22.830,22.870,4045400
2025-07-02 11:00:00,22.870,22.880,22.800,22.820,5571283
2025-07-02 11:30:00,22.830,22.870,22.810,22.870,2402334
2025-07-02 13:30:00,22.860,22.870,22.710,22.710,7248102
2025-07-02 14:00:00,22.710,22.750,22.650,22.680,5774066
2025-07-02 14:30:00,22.670,22.700,22.590,22.640,6475800
2025-07-02 15:00:00,22.640,22.720,22.630,22.660,8463664
2025-07-03 10:00:00,22.770,23.390,22.760,23.370,44003745
2025-07-03 10:30:00,23.370,23.580,23.330,23.410,22849824
2025-07-03 11:00:00,23.410,23.510,23.290,23.370,8932960
2025-07-03 11:30:00,23.370,23.590,23.370,23.480,13164800
2025-07-03 13:30:00,23.490,23.560,23.390,23.550,7790758
2025-07-03 14:00:00,23.550,23.910,23.550,23.820,25397653
2025-07-03 14:30:00,23.820,23.850,23.720,23.760,12167800
2025-07-03 15:00:00,23.760,23.800,23.660,23.700,17691760
2025-07-04 10:00:00,23.570,23.570,23.280,23.300,21499600
2025-07-04 10:30:00,23.300,23.330,23.130,23.170,10179000
2025-07-04 11:00:00,23.170,23.280,23.110,23.170,6526700
2025-07-04 11:30:00,23.160,23.350,23.160,23.310,3053400
2025-07-04 13:30:00,23.310,23.420,23.230,23.390,6062600
2025-07-04 14:00:00,23.390,23.400,23.240,23.250,4257000
2025-07-04 14:30:00,23.260,23.270,23.150,23.160,6092800
2025-07-04 15:00:00,23.150,23.170,23.120,23.140,8361345
2025-07-07 10:00:00,23.100,23.100,22.280,22.290,38357691
2025-07-07 10:30:00,22.290,22.360,22.160,22.340,20300883
2025-07-07 11:00:00,22.340,22.350,22.170,22.200,12325070
2025-07-07 11:30:00,22.200,22.220,22.190,22.190,6032081
2025-07-07 13:30:00,22.200,22.260,22.180,22.190,8432927
2025-07-07 14:00:00,22.180,22.280,22.180,22.250,6235626
2025-07-07 14:30:00,22.250,22.270,22.200,22.220,5593300
2025-07-07 15:00:00,22.220,22.220,22.180,22.190,14134436
2025-07-08 10:00:00,22.180,22.600,22.150,22.490,22670080
2025-07-08 10:30:00,22.490,22.540,22.430,22.490,6526900
2025-07-08 11:00:00,22.490,22.580,22.460,22.510,6823900
2025-07-08 11:30:00,22.510,22.600,22.500,22.570,5681100
2025-07-08 13:30:00,22.580,22.640,22.480,22.600,8825108
2025-07-08 14:00:00,22.590,22.670,22.560,22.660,5630300
2025-07-08 14:30:00,22.660,22.670,22.590,22.620,6877700
2025-07-08 15:00:00,22.610,22.650,22.610,22.640,8627500
2025-07-09 10:00:00,22.660,23.090,22.640,22.830,26221560
2025-07-09 10:30:00,22.830,23.020,22.720,22.940,10018200
2025-07-09 11:00:00,22.950,22.990,22.830,22.840,5538400
2025-07-09 11:30:00,22.830,22.840,22.700,22.720,6968500
2025-07-09 13:30:00,22.720,22.900,22.660,22.730,4709791
2025-07-09 14:00:00,22.740,22.770,22.680,22.730,3167289
2025-07-09 14:30:00,22.730,22.740,22.550,22.570,6268400
2025-07-09 15:00:00,22.580,22.620,22.500,22.590,6770713
2025-07-10 10:00:00,22.550,22.870,22.450,22.610,11170700
2025-07-10 10:30:00,22.610,22.670,22.450,22.540,5766700
2025-07-10 11:00:00,22.540,22.590,22.410,22.490,4442008
2025-07-10 11:30:00,22.490,22.540,22.470,22.540,2533860
2025-07-10 13:30:00,22.540,22.630,22.500,22.590,3879400
2025-07-10 14:00:00,22.590,22.700,22.580,22.690,4169500
2025-07-10 14:30:00,22.680,22.730,22.630,22.680,4668300
2025-07-10 15:00:00,22.670,22.690,22.620,22.680,4883503
2025-07-11 10:00:00,22.670,22.700,22.370,22.590,10310000
2025-07-11 10:30:00,22.590,22.770,22.550,22.750,6077800
2025-07-11 11:00:00,22.760,22.840,22.670,22.720,5674400
2025-07-11 11:30:00,22.720,22.780,22.670,22.780,2568900
2025-07-11 13:30:00,22.780,22.840,22.740,22.780,5787900
2025-07-11 14:00:00,22.770,22.840,22.750,22.760,5243591
2025-07-11 14:30:00,22.760,22.770,22.710,22.740,3392300
2025-07-11 15:00:00,22.750,22.760,22.630,22.680,7447107
2025-07-14 10:00:00,22.660,22.740,22.440,22.600,10000800
2025-07-14 10:30:00,22.600,22.640,22.540,22.550,4566900
2025-07-14 11:00:00,22.540,22.580,22.510,22.520,3395200
2025-07-14 11:30:00,22.510,22.550,22.500,22.510,2919200
2025-07-14 13:30:00,22.520,22.540,22.460,22.500,4914400
2025-07-14 14:00:00,22.500,22.550,22.500,22.520,2375900
2025-07-14 14:30:00,22.520,22.530,22.470,22.490,5010100
2025-07-14 15:00:00,22.490,22.500,22.440,22.440,9443400
2025-07-15 10:00:00,22.490,22.600,22.400,22.570,9975100
2025-07-15 10:30:00,22.570,22.660,22.400,22.460,10243355
2025-07-15 11:00:00,22.450,22.520,22.410,22.490,5602712
2025-07-15 11:30:00,22.500,22.500,22.210,22.240,8246900
2025-07-15 13:30:00,22.250,22.380,22.220,22.300,4010918
2025-07-15 14:00:00,22.300,22.400,22.280,22.390,3428300
2025-07-15 14:30:00,22.390,22.640,22.390,22.530,9128264
2025-07-15 15:00:00,22.530,22.580,22.500,22.510,7177600
2025-07-16 10:00:00,22.580,22.840,22.420,22.730,17047400
2025-07-16 10:30:00,22.720,22.730,22.510,22.540,7827705
2025-07-16 11:00:00,22.550,22.550,22.480,22.540,5326548
2025-07-16 11:30:00,22.530,22.550,22.500,22.530,2815000
2025-07-16 13:30:00,22.530,22.540,22.410,22.420,6429700
2025-07-16 14:00:00,22.420,22.430,22.290,22.330,9034600
2025-07-16 14:30:00,22.330,22.380,22.220,22.270,8674600
2025-07-16 15:00:00,22.270,22.290,22.240,22.260,12849300
2025-07-17 10:00:00,22.170,22.690,22.100,22.640,32490480
2025-07-17 10:30:00,22.640,23.180,22.600,23.110,49239400
2025-07-17 11:00:00,23.110,23.530,23.110,23.310,43697588
2025-07-17 11:30:00,23.310,23.330,23.130,23.240,9933841
2025-07-17 13:30:00,23.250,23.370,23.170,23.280,8240700
2025-07-17 14:00:00,23.270,23.320,23.230,23.290,6668800
2025-07-17 14:30:00,23.280,23.320,23.250,23.280,6280648
2025-07-17 15:00:00,23.280,23.300,23.260,23.290,15697600
2025-07-18 10:00:00,23.200,23.300,23.020,23.060,25312200
2025-07-18 10:30:00,23.060,23.090,22.870,22.920,18281700
2025-07-18 11:00:00,22.920,22.940,22.860,22.900,7743300
2025-07-18 11:30:00,22.890,22.900,22.750,22.810,10640684
2025-07-18 13:30:00,22.820,22.830,22.680,22.770,11532900
2025-07-18 14:00:00,22.760,22.790,22.630,22.670,11761700
2025-07-18 14:30:00,22.670,22.710,22.660,22.700,6928500
2025-07-18 15:00:00,22.700,22.750,22.680,22.710,12626600
2025-07-21 10:00:00,22.710,22.820,22.620,22.740,13625096
2025-07-21 10:30:00,22.740,22.780,22.690,22.700,7956200
2025-07-21 11:00:00,22.700,22.770,22.690,22.720,6153800
2025-07-21 11:30:00,22.730,22.740,22.650,22.730,7001167
2025-07-21 13:30:00,22.730,23.090,22.710,22.930,9820676
2025-07-21 14:00:00,22.930,23.060,22.900,22.960,9432519
2025-07-21 14:30:00,22.970,23.030,22.960,23.000,6276900
2025-07-21 15:00:00,23.010,23.030,22.980,23.030,11078484
2025-07-22 10:00:00,23.000,23.650,22.920,23.310,35374467
2025-07-22 10:30:00,23.310,23.400,22.960,23.020,13178209
2025-07-22 11:00:00,23.020,23.960,22.960,23.950,34764090
2025-07-22 11:30:00,23.950,24.450,23.720,24.370,50061660
2025-07-22 13:30:00,24.370,24.430,23.930,23.970,19197076
2025-07-22 14:00:00,23.960,23.980,23.810,23.840,10207300
2025-07-22 14:30:00,23.840,23.850,23.730,23.770,9676759
2025-07-22 15:00:00,23.760,23.830,23.760,23.810,11681788
2025-07-23 10:00:00,24.200,24.200,23.600,23.650,46415412
2025-07-23 10:30:00,23.650,23.670,23.460,23.590,18896512
2025-07-23 11:00:00,23.590,23.740,23.520,23.690,7072697
2025-07-23 11:30:00,23.690,23.850,23.630,23.840,8634375
2025-07-23 13:30:00,23.840,23.860,23.670,23.740,8814809
2025-07-23 14:00:00,23.730,23.800,23.680,23.720,5076500
2025-07-23 14:30:00,23.720,23.750,23.530,23.620,8930055
2025-07-23 15:00:00,23.620,23.630,23.500,23.540,11408256
2025-07-24 10:00:00,23.720,23.980,23.680,23.870,23453510
2025-07-24 10:30:00,23.870,23.900,23.740,23.780,11745140
2025-07-24 11:00:00,23.780,23.790,23.630,23.790,8446296
2025-07-24 11:30:00,23.790,23.800,23.650,23.700,4827162
2025-07-24 13:30:00,23.700,23.790,23.700,23.790,5257249
2025-07-24 14:00:00,23.790,24.050,23.730,23.740,18995900
2025-07-24 14:30:00,23.740,23.820,23.730,23.790,6657300
2025-07-24 15:00:00,23.780,23.830,23.780,23.830,12373469
2025-07-25 10:00:00,23.890,24.150,23.790,24.050,24791665
2025-07-25 10:30:00,24.050,24.050,23.810,23.840,9640600
2025-07-25 11:00:00,23.840,23.860,23.700,23.720,7226722
2025-07-25 11:30:00,23.720,23.770,23.680,23.720,4612700
2025-07-25 13:30:00,23.720,23.770,23.680,23.750,4863600
2025-07-25 14:00:00,23.750,23.880,23.720,23.870,4475550
2025-07-25 14:30:00,23.870,23.880,23.710,23.740,6213900
2025-07-25 15:00:00,23.750,23.820,23.730,23.790,8254593
2025-07-28 10:00:00,23.940,24.030,23.500,23.580,25075574
2025-07-28 10:30:00,23.570,23.690,23.480,23.640,14068014
2025-07-28 11:00:00,23.630,23.680,23.560,23.590,5093290
2025-07-28 11:30:00,23.590,23.610,23.500,23.500,5565800
2025-07-28 13:30:00,23.500,23.580,23.500,23.570,5427709
2025-07-28 14:00:00,23.570,23.650,23.520,23.560,5441700
2025-07-28 14:30:00,23.560,23.580,23.480,23.510,8903600
2025-07-28 15:00:00,23.520,23.610,23.510,23.600,7413274
2025-07-29 10:00:00,23.500,23.520,23.200,23.230,19192432
2025-07-29 10:30:00,23.230,23.440,23.170,23.400,8930700
2025-07-29 11:00:00,23.400,23.430,23.280,23.350,5171581
2025-07-29 11:30:00,23.350,23.460,23.340,23.380,3559142
2025-07-29 13:30:00,23.380,23.450,23.360,23.440,3620409
2025-07-29 14:00:00,23.430,23.500,23.350,23.470,4268184
2025-07-29 14:30:00,23.470,23.570,23.460,23.520,4461802
2025-07-29 15:00:00,23.520,23.570,23.510,23.570,6624109
2025-07-30 10:00:00,23.530,23.530,23.270,23.370,13697900
2025-07-30 10:30:00,23.360,23.460,23.320,23.440,6240500
2025-07-30 11:00:00,23.460,23.740,23.450,23.590,12709300
2025-07-30 11:30:00,23.580,23.630,23.510,23.510,4284800
2025-07-30 13:30:00,23.520,23.530,23.320,23.320,8658600
2025-07-30 14:00:00,23.330,23.580,23.230,23.290,12103000
2025-07-30 14:30:00,23.280,23.410,23.200,23.400,8591927
2025-07-30 15:00:00,23.410,23.420,23.300,23.340,5666155
2025-07-31 10:00:00,23.260,23.640,23.230,23.480,17769800
2025-07-31 10:30:00,23.480,23.580,23.380,23.400,8392538
2025-07-31 11:00:00,23.400,23.410,23.300,23.380,7675500
2025-07-31 11:30:00,23.380,23.440,23.340,23.380,3053369
2025-07-31 13:30:00,23.390,23.550,23.290,23.300,7946213
2025-07-31 14:00:00,23.290,23.300,23.180,23.270,12034380
2025-07-31 14:30:00,23.270,23.270,23.000,23.010,11380520
2025-07-31 15:00:00,23.000,23.050,22.900,23.020,11789815
2025-08-01 10:00:00,23.020,23.590,22.900,23.170,29391100
2025-08-01 10:30:00,23.170,23.310,23.150,23.210,6848100
2025-08-01 11:00:00,23.210,23.220,23.020,23.070,6212200
2025-08-01 11:30:00,23.070,23.140,23.040,23.040,3543900
2025-08-01 13:30:00,23.050,23.070,22.860,22.880,6903500
2025-08-01 14:00:00,22.880,22.920,22.800,22.860,6357280
2025-08-01 14:30:00,22.860,22.920,22.830,22.880,6948957
2025-08-01 15:00:00,22.880,22.900,22.830,22.880,10036684
2025-08-04 10:00:00,22.620,22.730,22.360,22.620,21320552
2025-08-04 10:30:00,22.610,22.750,22.530,22.690,6270400
2025-08-04 11:00:00,22.690,22.710,22.630,22.690,3335879
2025-08-04 11:30:00,22.690,22.700,22.600,22.610,2872662
2025-08-04 13:30:00,22.610,22.690,22.600,22.680,4034579
2025-08-04 14:00:00,22.680,22.700,22.650,22.680,2593361
2025-08-04 14:30:00,22.670,22.800,22.670,22.790,4494518
2025-08-04 15:00:00,22.780,22.850,22.770,22.830,7067929
2025-08-05 10:00:00,22.910,23.100,22.880,22.890,15103100
2025-08-05 10:30:00,22.900,23.020,22.880,22.900,6058100
2025-08-05 11:00:00,22.900,22.930,22.860,22.890,3893500
2025-08-05 11:30:00,22.890,22.960,22.850,22.910,2642000
2025-08-05 13:30:00,22.910,23.300,22.900,23.100,12235967
2025-08-05 14:00:00,23.100,23.150,23.070,23.090,4612205
2025-08-05 14:30:00,23.100,23.140,23.080,23.110,3285120
2025-08-05 15:00:00,23.110,23.120,23.030,23.070,6567329
2025-08-06 10:00:00,23.000,23.020,22.700,22.950,14691551
2025-08-06 10:30:00,22.950,22.990,22.870,22.880,6130200
2025-08-06 11:00:00,22.880,22.940,22.810,22.910,7323200
2025-08-06 11:30:00,22.910,22.940,22.870,22.940,4284600
2025-08-06 13:30:00,22.930,22.980,22.900,22.930,5205200
2025-08-06 14:00:00,22.940,23.030,22.890,22.990,5551200
2025-08-06 14:30:00,23.000,23.030,22.980,23.020,4877199
2025-08-06 15:00:00,23.020,23.050,23.000,23.030,7501415
2025-08-07 10:00:00,23.710,24.130,23.550,23.750,90137365
2025-08-07 10:30:00,23.760,23.780,23.400,23.410,21469491
2025-08-07 11:00:00,23.410,23.530,23.390,23.430,7050396
2025-08-07 11:30:00,23.430,23.500,23.350,23.490,5852570
2025-08-07 13:30:00,23.490,23.500,23.370,23.400,4874872
2025-08-07 14:00:00,23.400,23.490,23.400,23.420,3474715
2025-08-07 14:30:00,23.420,23.450,23.350,23.360,5601542
2025-08-07 15:00:00,23.370,23.390,23.310,23.320,10358210
2025-08-08 10:00:00,23.220,23.300,22.880,22.990,25893800
2025-08-08 10:30:00,22.990,23.070,22.950,22.980,8130920
2025-08-08 11:00:00,22.990,23.040,22.950,23.020,4924800
2025-08-08 11:30:00,23.020,23.050,22.940,22.970,4166000
2025-08-08 13:30:00,22.970,23.000,22.820,22.830,12150600
2025-08-08 14:00:00,22.820,22.880,22.780,22.820,10585706
2025-08-08 14:30:00,22.820,22.930,22.810,22.870,4557953
2025-08-08 15:00:00,22.860,22.890,22.830,22.860,7575383
2025-08-11 10:00:00,23.010,24.110,23.010,23.660,93370749
2025-08-11 10:30:00,23.660,23.800,23.640,23.730,12198384
2025-08-11 11:00:00,23.720,23.760,23.660,23.760,7483947
2025-08-11 11:30:00,23.760,23.860,23.750,23.830,11602204
2025-08-11 13:30:00,23.830,23.900,23.740,23.880,13594000
2025-08-11 14:00:00,23.880,23.980,23.870,23.930,13591173
2025-08-11 14:30:00,23.940,23.990,23.850,23.940,14581279
2025-08-11 15:00:00,23.940,24.000,23.930,23.990,22935507
2025-08-12 10:00:00,23.910,24.230,23.750,23.940,26760666
2025-08-12 10:30:00,23.930,23.980,23.830,23.830,9219000
2025-08-12 11:00:00,23.830,23.880,23.680,23.710,10345259
2025-08-12 11:30:00,23.710,23.800,23.700,23.790,4621100
2025-08-12 13:30:00,23.790,23.820,23.730,23.750,6204800
2025-08-12 14:00:00,23.750,23.780,23.710,23.780,5681515
2025-08-12 14:30:00,23.780,23.890,23.770,23.830,6290751
2025-08-12 15:00:00,23.830,23.880,23.810,23.870,8167591
2025-08-13 10:00:00,23.990,24.200,23.780,24.050,28545135
2025-08-13 10:30:00,24.060,24.260,23.980,24.030,18862888
2025-08-13 11:00:00,24.030,24.170,24.000,24.110,7171825
2025-08-13 11:30:00,24.120,24.190,24.080,24.180,8561571
2025-08-13 13:30:00,24.180,24.250,24.130,24.170,9680045
2025-08-13 14:00:00,24.170,24.200,24.120,24.140,6094700
2025-08-13 14:30:00,24.140,24.180,24.030,24.080,8472217
2025-08-13 15:00:00,24.070,24.170,24.050,24.160,11488430
2025-08-14 10:00:00,24.220,24.530,24.070,24.510,28289194
2025-08-14 10:30:00,24.510,24.620,24.230,24.520,26048100
2025-08-14 11:00:00,24.520,24.590,24.310,24.500,15227232
2025-08-14 11:30:00,24.500,24.590,24.410,24.440,7492600
2025-08-14 13:30:00,24.450,24.990,24.410,24.560,33230919
2025-08-14 14:00:00,24.570,25.200,24.550,25.060,33577837
2025-08-14 14:30:00,25.060,25.780,25.060,25.500,51829024
2025-08-14 15:00:00,25.490,25.850,25.490,25.680,45208027
2025-08-15 10:00:00,25.410,26.160,25.380,26.110,60184996
2025-08-15 10:30:00,26.130,26.660,25.830,26.150,39414964
2025-08-15 11:00:00,26.150,26.250,26.000,26.070,15286598
2025-08-15 11:30:00,26.070,26.230,26.010,26.150,11375629
2025-08-15 13:30:00,26.150,26.300,26.030,26.080,13427171
2025-08-15 14:00:00,26.080,26.250,26.050,26.130,10994216
2025-08-15 14:30:00,26.130,26.150,25.910,26.010,19756072
2025-08-15 15:00:00,26.020,26.160,25.990,26.130,16298519
2025-08-18 10:00:00,26.200,28.450,26.200,28.400,104402221
2025-08-18 10:30:00,28.400,28.580,28.000,28.560,35366631
2025-08-18 11:00:00,28.570,28.690,28.300,28.490,24790423
2025-08-18 11:30:00,28.490,28.530,28.290,28.440,10006942
2025-08-18 13:30:00,28.460,28.740,28.420,28.540,31726531
2025-08-18 14:00:00,28.540,28.670,28.410,28.420,12061276
2025-08-18 14:30:00,28.410,28.470,28.130,28.160,18244546
2025-08-18 15:00:00,28.150,28.390,28.150,28.310,16542601
2025-08-19 10:00:00,28.230,28.980,28.170,28.310,52308377
2025-08-19 10:30:00,28.310,28.340,27.920,28.090,29448114
2025-08-19 11:00:00,28.090,28.600,28.080,28.380,14539656
2025-08-19 11:30:00,28.370,28.670,28.350,28.480,10569164
2025-08-19 13:30:00,28.490,28.630,28.400,28.460,9980042
2025-08-19 14:00:00,28.450,28.470,28.130,28.240,15503709
2025-08-19 14:30:00,28.230,28.420,28.140,28.200,9926760
2025-08-19 15:00:00,28.200,28.330,28.170,28.200,14581975
2025-08-20 10:00:00,28.200,28.790,28.000,28.590,44604444
2025-08-20 10:30:00,28.600,28.880,28.460,28.870,24158892
2025-08-20 11:00:00,28.870,29.480,28.870,29.030,38753504
2025-08-20 11:30:00,29.040,29.170,28.800,28.940,13160471
2025-08-20 13:30:00,28.940,28.990,28.570,28.970,11304749
2025-08-20 14:00:00,28.970,29.000,28.780,28.940,8983880
2025-08-20 14:30:00,28.940,29.160,28.900,28.960,11167563
2025-08-20 15:00:00,28.950,29.030,28.890,29.000,13706045
2025-08-21 10:00:00,29.000,30.080,28.900,29.260,64893941
2025-08-21 10:30:00,29.260,29.800,29.130,29.720,19232968
2025-08-21 11:00:00,29.720,30.420,29.710,30.290,36523243
2025-08-21 11:30:00,30.290,30.400,30.010,30.120,16640846
2025-08-21 13:30:00,30.120,30.200,29.910,30.030,10702250
2025-08-21 14:00:00,30.030,30.070,29.700,29.750,12841167
2025-08-21 14:30:00,29.760,29.840,29.510,29.590,13833093
2025-08-21 15:00:00,29.590,29.720,29.400,29.680,20209789
2025-08-22 10:00:00,30.000,31.210,29.840,30.330,62602819
2025-08-22 10:30:00,30.330,30.420,29.840,29.990,35899215
2025-08-22 11:00:00,29.990,30.000,29.600,29.610,28502313
2025-08-22 11:30:00,29.610,29.890,29.410,29.890,24340706
2025-08-22 13:30:00,29.890,29.980,29.660,29.970,15575340
2025-08-22 14:00:00,29.970,30.000,29.690,29.800,13152400
2025-08-22 14:30:00,29.800,29.990,29.790,29.900,14026881
2025-08-22 15:00:00,29.900,29.920,29.750,29.870,30366841
2025-08-25 10:00:00,31.280,32.000,31.100,31.310,83417368
2025-08-25 10:30:00,31.300,31.900,31.300,31.610,37010020
2025-08-25 11:00:00,31.610,31.800,31.000,31.030,28633244
2025-08-25 11:30:00,31.070,31.120,30.720,30.880,23302677
2025-08-25 13:30:00,30.870,30.940,30.630,30.660,16040000
2025-08-25 14:00:00,30.650,31.060,30.630,30.830,11837500
2025-08-25 14:30:00,30.840,31.000,30.810,30.990,8800654
2025-08-25 15:00:00,30.990,31.060,30.890,30.960,21419590
2025-08-26 10:00:00,30.580,32.190,30.420,32.060,70230967
2025-08-26 10:30:00,32.060,32.190,31.660,31.830,22598294
2025-08-26 11:00:00,31.830,32.100,31.730,31.920,13516340
2025-08-26 11:30:00,31.920,33.000,31.790,32.830,29310680
2025-08-26 13:30:00,32.830,34.060,32.760,34.060,59160071
2025-08-26 14:00:00,34.060,34.060,34.060,34.060,8553496
2025-08-26 14:30:00,34.060,34.060,34.060,34.060,3341456
2025-08-26 15:00:00,34.060,34.060,33.790,34.060,34144103
2025-08-27 10:00:00,33.830,35.100,33.190,34.460,115378426
2025-08-27 10:30:00,34.450,35.100,34.400,34.620,28534267
2025-08-27 11:00:00,34.620,35.000,34.440,34.860,16992382
2025-08-27 11:30:00,34.850,35.080,34.710,34.800,15064476
2025-08-27 13:30:00,34.810,35.780,34.790,35.770,25120787
2025-08-27 14:00:00,35.780,35.880,34.740,34.990,28704777
2025-08-27 14:30:00,34.980,35.370,34.560,34.560,18248586
2025-08-27 15:00:00,34.560,34.990,34.260,34.390,34245612
2025-08-28 10:00:00,34.290,34.390,33.530,33.980,63543224
2025-08-28 10:30:00,33.980,34.420,33.820,34.270,20795529
2025-08-28 11:00:00,34.240,34.540,33.930,33.980,22768077
2025-08-28 11:30:00,33.980,34.100,33.680,33.820,19084260
2025-08-28 13:30:00,33.810,34.080,33.560,33.580,17085329
2025-08-28 14:00:00,33.570,34.050,33.340,33.940,18599959
2025-08-28 14:30:00,33.930,34.650,33.930,34.560,22068361
2025-08-28 15:00:00,34.570,35.010,34.420,34.930,44182131
2025-08-29 10:00:00,34.880,36.000,33.950,35.880,67796268
2025-08-29 10:30:00,35.890,37.170,35.450,36.550,59874286
2025-08-29 11:00:00,36.550,36.700,36.080,36.160,19464973
2025-08-29 11:30:00,36.160,36.300,35.800,36.300,17488908
2025-08-29 13:30:00,36.290,37.170,36.080,36.450,26973699
2025-08-29 14:00:00,36.450,36.560,36.200,36.490,11913650
2025-08-29 14:30:00,36.490,36.830,36.400,36.630,12600555
2025-08-29 15:00:00,36.620,36.900,36.480,36.720,22044029
2025-09-01 10:00:00,36.740,37.000,34.560,34.610,93334869
2025-09-01 10:30:00,34.610,35.380,34.500,34.910,35870607
2025-09-01 11:00:00,34.910,35.320,34.760,35.270,17395617
2025-09-01 11:30:00,35.270,35.410,35.090,35.140,10607224
2025-09-01 13:30:00,35.140,35.550,35.020,35.450,12873874
2025-09-01 14:00:00,35.450,35.480,35.100,35.240,10080868
2025-09-01 14:30:00,35.230,35.300,35.110,35.240,12016280
2025-09-01 15:00:00,35.240,35.700,35.200,35.680,26066135
2025-09-02 10:00:00,35.000,35.000,33.420,33.510,102842582
2025-09-02 10:30:00,33.520,33.930,33.150,33.880,37092922
2025-09-02 11:00:00,33.890,33.900,33.230,33.240,18087090
2025-09-02 11:30:00,33.250,33.730,32.910,33.360,23406332
2025-09-02 13:30:00,33.370,33.520,33.120,33.310,13477953
2025-09-02 14:00:00,33.310,33.920,33.280,33.360,15840461
2025-09-02 14:30:00,33.350,33.640,33.160,33.180,12338600
2025-09-02 15:00:00,33.180,33.450,33.100,33.240,22339951
2025-09-03 10:00:00,33.360,33.650,32.960,33.070,41231471
2025-09-03 10:30:00,33.080,33.400,32.850,33.070,23900308
2025-09-03 11:00:00,33.060,33.600,32.760,33.400,21757660
2025-09-03 11:30:00,33.380,33.440,32.820,32.840,8880413
2025-09-03 13:30:00,32.860,32.980,32.450,32.520,20903538
2025-09-03 14:00:00,32.520,32.570,32.180,32.350,23410238
2025-09-03 14:30:00,32.350,32.860,32.340,32.750,14732206
2025-09-03 15:00:00,32.760,32.840,32.280,32.510,18851572
2025-09-04 10:00:00,32.990,33.790,32.720,32.820,65128377
2025-09-04 10:30:00,32.820,33.000,32.300,32.350,24022939
2025-09-04 11:00:00,32.350,32.400,31.900,32.350,19580543
2025-09-04 11:30:00,32.350,32.540,31.970,32.050,8712726
2025-09-04 13:30:00,32.060,32.670,31.960,32.250,14431816
2025-09-04 14:00:00,32.250,32.250,31.960,32.100,10713680
2025-09-04 14:30:00,32.110,32.110,31.550,31.630,18782386
2025-09-04 15:00:00,31.660,32.090,31.310,31.880,23880876
2025-09-05 10:00:00,31.870,32.090,31.320,31.770,32850545
2025-09-05 10:30:00,31.770,32.400,31.660,32.330,27212340
2025-09-05 11:00:00,32.320,32.330,31.880,32.110,16246821
2025-09-05 11:30:00,32.130,32.260,31.930,32.090,8639650
2025-09-05 13:30:00,32.080,32.130,31.790,31.980,10996020
2025-09-05 14:00:00,31.980,32.490,31.940,32.440,15721499
2025-09-05 14:30:00,32.430,32.800,32.280,32.700,21507870
2025-09-05 15:00:00,32.700,33.000,32.680,32.800,29511504
2025-09-08 10:00:00,33.000,33.850,32.370,32.760,71923684
2025-09-08 10:30:00,32.770,32.920,32.500,32.510,15015055
2025-09-08 11:00:00,32.520,32.580,32.180,32.480,16391668
2025-09-08 11:30:00,32.480,32.730,32.230,32.560,6404150
2025-09-08 13:30:00,32.560,32.810,32.320,32.380,7934343
2025-09-08 14:00:00,32.380,32.560,32.290,32.520,6951180
2025-09-08 14:30:00,32.510,32.660,32.360,32.540,7477975
2025-09-08 15:00:00,32.540,32.680,32.410,32.540,12997774
2025-09-09 10:00:00,32.000,32.130,31.200,31.220,51100006
2025-09-09 10:30:00,31.240,31.830,31.160,31.590,24601952
2025-09-09 11:00:00,31.580,31.810,31.430,31.740,7789281
2025-09-09 11:30:00,31.730,31.740,31.320,31.430,6677062
2025-09-09 13:30:00,31.430,31.690,31.240,31.360,9969884
2025-09-09 14:00:00,31.360,31.370,31.090,31.100,13626572
2025-09-09 14:30:00,31.100,31.390,31.020,31.090,13415341
2025-09-09 15:00:00,31.090,31.260,31.080,31.180,14639305
2025-09-10 10:00:00,31.180,31.500,30.880,31.280,31077261
2025-09-10 10:30:00,31.260,31.350,30.870,30.960,15245764
2025-09-10 11:00:00,30.960,30.960,30.640,30.800,15964168
2025-09-10 11:30:00,30.810,31.210,30.700,31.040,8602619
2025-09-10 13:30:00,31.060,31.500,30.940,31.410,13595742
2025-09-10 14:00:00,31.420,31.490,31.090,31.120,9492154
2025-09-10 14:30:00,31.130,31.330,31.110,31.180,6962180
2025-09-10 15:00:00,31.180,31.210,31.010,31.080,12133869
2025-09-11 10:00:00,30.830,30.990,30.300,30.920,41897250
2025-09-11 10:30:00,30.920,31.120,30.840,31.050,15063025
2025-09-11 11:00:00,31.050,31.370,31.000,31.320,16659480
2025-09-11 11:30:00,31.330,31.970,31.280,31.960,20084476
2025-09-11 13:30:00,31.950,32.000,31.520,31.830,24164388
2025-09-11 14:00:00,31.830,32.400,31.780,32.380,29841811
2025-09-11 14:30:00,32.380,32.400,32.020,32.160,21713990
2025-09-11 15:00:00,32.150,32.280,32.110,32.210,21325328
2025-09-12 10:00:00,32.210,32.480,31.500,32.280,43841081
2025-09-12 10:30:00,32.280,32.850,32.100,32.780,27898719
2025-09-12 11:00:00,32.790,32.830,32.130,32.130,18320485
2025-09-12 11:30:00,32.140,32.390,32.060,32.390,8179035
2025-09-12 13:30:00,32.390,32.620,32.240,32.300,10982631
2025-09-12 14:00:00,32.310,32.550,32.290,32.450,9087620
2025-09-12 14:30:00,32.440,32.850,32.280,32.330,21704032
2025-09-12 15:00:00,32.330,32.460,32.270,32.340,15946383
2025-09-15 10:00:00,33.090,33.330,32.140,33.230,63069326
2025-09-15 10:30:00,33.270,34.240,33.220,33.960,60916994
2025-09-15 11:00:00,33.950,34.200,33.800,33.900,19017978
2025-09-15 11:30:00,33.910,34.000,33.580,33.720,11620720
2025-09-15 13:30:00,33.720,33.800,33.520,33.660,12696236
2025-09-15 14:00:00,33.650,33.710,33.400,33.560,11213110
2025-09-15 14:30:00,33.560,33.880,33.270,33.870,14537500
2025-09-15 15:00:00,33.870,34.130,33.720,34.110,35494013
2025-09-16 10:00:00,33.710,34.180,33.510,33.740,44832848
2025-09-16 10:30:00,33.740,34.090,33.400,33.560,25047005
2025-09-16 11:00:00,33.560,33.570,32.980,33.140,26326661
2025-09-16 11:30:00,33.150,33.460,33.050,33.420,8934740
2025-09-16 13:30:00,33.430,33.560,33.220,33.220,10267901
2025-09-16 14:00:00,33.220,33.430,33.040,33.420,11906994
2025-09-16 14:30:00,33.410,33.550,33.250,33.260,12261510
2025-09-16 15:00:00,33.270,33.440,33.220,33.440,14061148
2025-09-17 10:00:00,33.590,34.060,33.200,33.380,36040278
2025-09-17 10:30:00,33.390,33.600,32.780,32.780,23050093
2025-09-17 11:00:00,32.800,33.620,32.570,33.160,19464348
2025-09-17 11:30:00,33.170,33.540,33.090,33.330,11020084
2025-09-17 13:30:00,33.320,33.580,33.000,33.100,12137436
2025-09-17 14:00:00,33.100,33.520,33.060,33.330,10378190
2025-09-17 14:30:00,33.320,33.430,33.170,33.230,8291120
2025-09-17 15:00:00,33.230,33.300,33.120,33.200,15586680
2025-09-18 10:00:00,32.500,33.150,32.200,33.120,45905514
2025-09-18 10:30:00,33.130,33.150,32.850,33.040,17522117
2025-09-18 11:00:00,33.040,33.470,32.860,33.440,17659725
2025-09-18 11:30:00,33.450,33.880,33.200,33.840,23909532
2025-09-18 13:30:00,33.840,33.970,33.100,33.230,19382663
2025-09-18 14:00:00,33.230,33.460,33.080,33.090,12515600
2025-09-18 14:30:00,33.090,33.170,32.560,32.570,17910823
2025-09-18 15:00:00,32.570,33.020,32.320,32.820,18518503
2025-09-19 10:00:00,32.970,33.490,32.890,32.980,36158029
2025-09-19 10:30:00,32.990,33.500,32.610,33.490,24928621
2025-09-19 11:00:00,33.490,33.500,32.900,32.960,14581623
2025-09-19 11:30:00,32.960,33.060,32.790,32.890,8466240
2025-09-19 13:30:00,32.880,33.630,32.750,32.840,22407572
2025-09-19 14:00:00,32.840,32.850,32.590,32.670,11553000
2025-09-19 14:30:00,32.660,32.980,32.610,32.970,7328861
2025-09-19 15:00:00,32.950,32.950,32.560,32.620,11520704
2025-09-22 10:00:00,33.990,35.480,33.800,34.870,135539155
2025-09-22 10:30:00,34.880,35.300,34.800,35.170,24458082
2025-09-22 11:00:00,35.170,35.670,35.010,35.180,27521771
2025-09-22 11:30:00,35.180,35.330,34.900,35.160,11730423
2025-09-22 13:30:00,35.160,35.200,34.890,35.010,13320727
2025-09-22 14:00:00,35.010,35.200,34.910,34.990,10334130
2025-09-22 14:30:00,35.000,35.000,34.600,34.920,14431038
2025-09-22 15:00:00,34.920,35.150,34.900,35.140,21898731
2025-09-23 10:00:00,35.650,35.800,34.240,34.400,77038865
2025-09-23 10:30:00,34.400,34.400,33.390,33.590,39697508
2025-09-23 11:00:00,33.580,33.790,33.140,33.280,26033884
2025-09-23 11:30:00,33.280,33.590,33.080,33.210,12925576
2025-09-23 13:30:00,33.210,33.870,33.000,33.720,15089862
2025-09-23 14:00:00,33.720,34.040,33.560,33.980,12103429
2025-09-23 14:30:00,33.980,34.120,33.700,33.920,10833400
2025-09-23 15:00:00,33.910,34.260,33.910,34.150,17872465
2025-09-24 10:00:00,33.400,34.000,33.000,33.520,36893376
2025-09-24 10:30:00,33.530,34.050,33.270,33.900,17943095
2025-09-24 11:00:00,33.870,34.040,33.510,33.900,8021694
2025-09-24 11:30:00,33.900,34.090,33.770,34.000,10634581
2025-09-24 13:30:00,34.010,34.910,33.980,34.490,24569525
2025-09-24 14:00:00,34.480,34.600,34.290,34.340,9910320
2025-09-24 14:30:00,34.340,34.780,34.340,34.660,13692745
2025-09-24 15:00:00,34.650,34.900,34.590,34.800,27083163
2025-09-25 10:00:00,34.650,35.450,34.400,34.850,43265630
2025-09-25 10:30:00,34.870,35.270,34.760,35.080,19077327
2025-09-25 11:00:00,35.080,36.880,35.030,36.480,57525352
2025-09-25 11:30:00,36.480,36.600,35.920,36.080,19382030
2025-09-25 13:30:00,36.100,36.130,35.660,35.690,16885986
2025-09-25 14:00:00,35.680,36.020,35.600,35.950,11118005
2025-09-25 14:30:00,35.970,36.070,35.750,35.980,8446680
2025-09-25 15:00:00,35.970,35.990,35.740,35.770,16251941
2025-09-26 10:00:00,35.760,35.760,34.870,35.000,37858380
2025-09-26 10:30:00,34.980,35.020,34.280,34.390,28299136
2025-09-26 11:00:00,34.400,34.840,34.370,34.740,11126340
2025-09-26 11:30:00,34.750,34.830,34.470,34.610,8346327
2025-09-26 13:30:00,34.580,36.050,34.570,35.360,27471756
2025-09-26 14:00:00,35.350,35.350,34.950,35.110,11046700
2025-09-26 14:30:00,35.130,35.380,34.710,34.980,10318139
2025-09-26 15:00:00,34.990,35.180,34.700,34.960,13217121
2025-09-29 10:00:00,35.500,36.290,35.070,35.580,41068362
2025-09-29 10:30:00,35.570,36.120,35.500,35.990,22306820
2025-09-29 11:00:00,35.990,36.180,35.800,35.980,13265289
2025-09-29 11:30:00,35.980,36.060,35.640,35.650,7879014
2025-09-29 13:30:00,35.660,35.680,35.270,35.380,12117337
2025-09-29 14:00:00,35.380,35.540,35.280,35.520,9009651
2025-09-29 14:30:00,35.520,35.600,35.290,35.340,8489413
2025-09-29 15:00:00,35.340,35.370,35.210,35.350,14698891
2025-09-30 10:00:00,35.290,36.660,35.050,36.240,46776441
2025-09-30 10:30:00,36.240,36.360,35.500,35.600,21113000
2025-09-30 11:00:00,35.560,35.740,35.210,35.270,15424627
2025-09-30 11:30:00,35.280,35.430,35.200,35.200,9485394
2025-09-30 13:30:00,35.210,36.980,35.200,36.600,36174882
2025-09-30 14:00:00,36.600,36.640,36.050,36.140,13502265
2025-09-30 14:30:00,36.150,36.390,36.060,36.260,9325783
2025-09-30 15:00:00,36.300,37.650,36.270,37.500,58398088
2025-10-09 10:00:00,37.490,39.880,37.000,39.020,95816760
2025-10-09 10:30:00,39.000,40.100,38.800,40.040,38709710
2025-10-09 11:00:00,40.040,40.140,39.730,39.940,13432197
2025-10-09 11:30:00,39.940,40.680,39.870,40.250,18912872
2025-10-09 13:30:00,40.260,40.290,39.770,40.050,13554171
2025-10-09 14:00:00,40.040,40.100,39.620,39.820,12089584
2025-10-09 14:30:00,39.820,39.990,39.290,39.360,11828484
2025-10-09 15:00:00,39.360,39.700,39.350,39.590,16973327
2025-10-10 10:00:00,38.980,39.380,37.400,38.000,63155582
2025-10-10 10:30:00,38.000,38.000,37.060,37.380,31444466
2025-10-10 11:00:00,37.390,37.620,36.920,36.930,21999211
2025-10-10 11:30:00,36.920,37.030,36.490,36.630,21129712
2025-10-10 13:30:00,36.570,37.000,36.390,36.450,12807886
2025-10-10 14:00:00,36.440,36.630,36.300,36.630,11196891
2025-10-10 14:30:00,36.630,36.740,36.000,36.010,13104400
2025-10-10 15:00:00,36.010,36.280,35.650,35.870,29985864
2025-10-13 10:00:00,32.690,34.000,32.690,33.370,80500590
2025-10-13 10:30:00,33.360,33.530,33.000,33.340,24250420
2025-10-13 11:00:00,33.340,33.810,33.290,33.530,13829808
2025-10-13 11:30:00,33.530,33.530,33.100,33.130,8588727
2025-10-13 13:30:00,33.130,33.160,32.680,32.950,26424638
2025-10-13 14:00:00,32.950,33.350,32.860,33.280,11945473
2025-10-13 14:30:00,33.280,33.600,33.200,33.310,13365062
2025-10-13 15:00:00,33.310,33.780,33.310,33.430,20252365
2025-10-14 10:00:00,33.850,35.000,33.790,34.330,53429970
2025-10-14 10:30:00,34.330,34.330,33.660,33.690,20999606
2025-10-14 11:00:00,33.690,33.710,33.130,33.210,14449783
2025-10-14 11:30:00,33.210,33.840,33.170,33.650,8487622
2025-10-14 13:30:00,33.650,33.650,33.000,33.340,11389570
2025-10-14 14:00:00,33.340,33.500,32.680,32.720,13487497
2025-10-14 14:30:00,32.710,32.760,32.050,32.280,19668807
2025-10-14 15:00:00,32.280,32.560,31.700,32.020,24771905
2025-10-15 10:00:00,32.110,32.670,31.800,32.120,36096676
2025-10-15 10:30:00,32.120,32.510,32.080,32.210,10168873
2025-10-15 11:00:00,32.220,32.280,31.810,31.900,13193360
2025-10-15 11:30:00,31.900,32.200,31.900,32.110,4826833
2025-10-15 13:30:00,32.120,32.860,32.100,32.770,16788766
2025-10-15 14:00:00,32.780,33.770,32.760,33.310,27119601
2025-10-15 14:30:00,33.310,33.440,33.200,33.430,10313623
2025-10-15 15:00:00,33.430,33.500,33.340,33.410,12567039
2025-10-16 10:00:00,33.010,33.470,32.880,33.380,18381757
2025-10-16 10:30:00,33.380,34.130,33.380,33.810,20445345
2025-10-16 11:00:00,33.820,33.920,33.600,33.870,7868200
2025-10-16 11:30:00,33.870,34.000,33.500,33.500,7734325
2025-10-16 13:30:00,33.510,33.520,32.980,33.130,13889840
2025-10-16 14:00:00,33.140,33.190,32.880,33.000,9361068
2025-10-16 14:30:00,33.000,33.000,32.660,32.700,13446646
2025-10-16 15:00:00,32.730,32.890,32.550,32.870,16104834
2025-10-17 10:00:00,32.800,32.800,31.510,31.620,34184466
2025-10-17 10:30:00,31.620,31.830,31.360,31.710,14872148
2025-10-17 11:00:00,31.720,31.900,31.650,31.820,6365320
2025-10-17 11:30:00,31.820,31.850,31.550,31.720,6690075
2025-10-17 13:30:00,31.720,31.800,31.600,31.790,7618032
2025-10-17 14:00:00,31.790,31.800,31.500,31.550,7977200
2025-10-17 14:30:00,31.550,31.580,31.220,31.290,13938954
2025-10-17 15:00:00,31.300,31.340,31.060,31.200,17244351
2025-10-20 10:00:00,31.820,31.870,30.190,31.150,66151199
2025-10-20 10:30:00,31.150,31.380,30.840,30.920,23903200
2025-10-20 11:00:00,30.950,31.200,30.820,30.860,10658660
2025-10-20 11:30:00,30.860,30.990,30.770,30.870,7607800
2025-10-20 13:30:00,30.870,30.990,30.550,30.550,15238400
2025-10-20 14:00:00,30.560,30.700,30.500,30.600,13253360
2025-10-20 14:30:00,30.600,30.610,30.220,30.290,17635691
2025-10-20 15:00:00,30.280,30.440,30.190,30.410,20034910
2025-10-21 10:00:00,31.050,31.850,31.050,31.760,57826007
2025-10-21 10:30:00,31.780,32.390,31.700,32.330,36637868
2025-10-21 11:00:00,32.330,32.470,32.010,32.070,17579903
2025-10-21 11:30:00,32.080,32.500,32.070,32.320,11615257
2025-10-21 13:30:00,32.320,32.360,32.090,32.200,8312300
2025-10-21 14:00:00,32.200,32.280,32.060,32.100,8019266
2025-10-21 14:30:00,32.090,32.300,32.090,32.240,6567683
2025-10-21 15:00:00,32.240,32.280,32.140,32.260,11530119
2025-10-22 10:00:00,31.990,32.340,31.860,32.250,20857173
2025-10-22 10:30:00,32.250,32.700,32.200,32.630,16376629
2025-10-22 11:00:00,32.620,32.650,32.380,32.420,7306815
2025-10-22 11:30:00,32.420,32.560,32.360,32.390,5586168
2025-10-22 13:30:00,32.390,32.520,32.300,32.450,5733862
2025-10-22 14:00:00,32.440,32.620,32.400,32.440,6472700
2025-10-22 14:30:00,32.440,32.440,32.350,32.390,4959400
2025-10-22 15:00:00,32.400,32.450,32.300,32.400,8342234
2025-10-23 10:00:00,32.030,32.260,31.540,31.620,19947845
2025-10-23 10:30:00,31.620,31.670,31.380,31.520,11966300
2025-10-23 11:00:00,31.520,31.760,31.420,31.460,6088500
2025-10-23 11:30:00,31.450,31.950,31.420,31.710,4777300
2025-10-23 13:30:00,31.700,31.900,31.670,31.830,3571427
2025-10-23 14:00:00,31.830,31.860,31.630,31.800,2646660
2025-10-23 14:30:00,31.800,32.060,31.780,31.990,4462500
2025-10-23 15:00:00,31.980,32.190,31.880,32.130,8143100
2025-10-24 10:00:00,32.700,33.000,32.300,32.890,28917921
2025-10-24 10:30:00,32.890,33.300,32.850,33.070,18746551
2025-10-24 11:00:00,33.080,33.450,32.980,33.350,13018843
2025-10-24 11:30:00,33.360,33.430,33.240,33.260,6729600
2025-10-24 13:30:00,33.250,33.410,33.160,33.220,8753581
2025-10-24 14:00:00,33.220,33.280,33.030,33.250,7000531
2025-10-24 14:30:00,33.250,33.300,33.150,33.290,6224700
2025-10-24 15:00:00,33.280,33.320,33.200,33.280,12379574
2025-10-27 10:00:00,34.010,34.900,33.890,33.910,54549897
2025-10-27 10:30:00,33.910,33.980,33.630,33.770,19859290
2025-10-27 11:00:00,33.750,33.980,33.410,33.570,9595424
2025-10-27 11:30:00,33.570,33.820,33.380,33.790,6345415
2025-10-27 13:30:00,33.800,33.840,33.530,33.780,7263250
2025-10-27 14:00:00,33.780,34.100,33.710,33.800,10103972
2025-10-27 14:30:00,33.790,34.230,33.790,34.100,10650272
2025-10-27 15:00:00,34.100,34.130,33.950,33.970,12386579
2025-10-28 10:00:00,33.980,34.060,33.480,33.780,20928370
2025-10-28 10:30:00,33.780,33.920,33.480,33.620,10512000
2025-10-28 11:00:00,33.620,33.890,33.530,33.540,8260400
2025-10-28 11:30:00,33.530,33.760,33.530,33.680,7057405
2025-10-28 13:30:00,33.700,33.710,33.290,33.390,12827197
2025-10-28 14:00:00,33.390,33.600,33.180,33.590,8553600
2025-10-28 14:30:00,33.590,33.800,33.580,33.650,7009700
2025-10-28 15:00:00,33.640,33.730,33.500,33.590,8764440
2025-10-29 10:00:00,33.650,34.250,33.650,33.900,24321574
2025-10-29 10:30:00,33.900,33.960,33.400,33.410,12896700
2025-10-29 11:00:00,33.410,33.800,33.310,33.670,7144839
2025-10-29 11:30:00,33.670,33.880,33.600,33.640,4022542
2025-10-29 13:30:00,33.650,33.940,33.640,33.910,6931070
2025-10-29 14:00:00,33.910,34.160,33.850,33.890,10844264
2025-10-29 14:30:00,33.880,34.200,33.860,33.920,9050122
2025-10-29 15:00:00,33.920,34.110,33.900,34.100,13319496
2025-10-30 10:00:00,34.110,34.250,33.210,33.510,30039967
2025-10-30 10:30:00,33.500,33.540,33.210,33.470,13475375
2025-10-30 11:00:00,33.470,33.570,33.200,33.380,8707882
2025-10-30 11:30:00,33.380,33.590,33.310,33.500,5120024
2025-10-30 13:30:00,33.500,33.520,32.830,33.110,19539790
2025-10-30 14:00:00,33.110,33.450,33.020,33.430,8842773
2025-10-30 14:30:00,33.410,33.560,33.280,33.310,7079323
2025-10-30 15:00:00,33.300,33.400,33.150,33.150,10024748
2025-10-31 10:00:00,33.330,33.660,32.900,33.120,24628829
2025-10-31 10:30:00,33.100,33.550,33.020,33.080,13323598
2025-10-31 11:00:00,33.070,33.090,32.700,32.790,13554665
2025-10-31 11:30:00,32.780,32.820,32.570,32.660,7745738
2025-10-31 13:30:00,32.660,32.850,32.560,32.840,6522153
2025-10-31 14:00:00,32.840,32.970,32.740,32.820,5735216
2025-10-31 14:30:00,32.830,33.330,32.820,33.180,10193162
2025-10-31 15:00:00,33.180,33.190,32.850,32.850,9496120
2025-11-03 10:00:00,32.900,32.960,32.000,32.380,20195859
2025-11-03 10:30:00,32.380,32.640,32.080,32.080,9527068
2025-11-03 11:00:00,32.080,32.440,32.010,32.300,7870946
2025-11-03 11:30:00,32.330,32.370,32.150,32.240,3858900
2025-11-03 13:30:00,32.230,32.580,32.180,32.520,6217400
2025-11-03 14:00:00,32.520,32.690,32.440,32.690,4817900
2025-11-03 14:30:00,32.680,33.070,32.660,32.760,8975598
2025-11-03 15:00:00,32.750,32.990,32.720,32.940,6993344
2025-11-04 10:00:00,32.900,32.960,32.440,32.470,14382570
2025-11-04 10:30:00,32.480,32.480,32.120,32.170,13349310
2025-11-04 11:00:00,32.190,32.220,31.920,32.100,10726442
2025-11-04 11:30:00,32.100,32.130,31.950,32.010,4980200
2025-11-04 13:30:00,32.000,32.040,31.860,31.960,6311600
2025-11-04 14:00:00,31.960,31.970,31.750,31.850,6302942
2025-11-04 14:30:00,31.850,31.880,31.470,31.510,11230700
2025-11-04 15:00:00,31.510,31.910,31.460,31.810,12211188
2025-11-05 10:00:00,31.080,31.690,30.920,31.360,19110697
2025-11-05 10:30:00,31.350,31.600,31.340,31.430,5898700
2025-11-05 11:00:00,31.420,31.460,31.050,31.100,6946300
2025-11-05 11:30:00,31.100,31.550,31.090,31.490,5867130
2025-11-05 13:30:00,31.490,31.650,31.420,31.500,7175210
2025-11-05 14:00:00,31.490,31.740,31.480,31.620,5383581
2025-11-05 14:30:00,31.610,31.750,31.610,31.740,5191238
2025-11-05 15:00:00,31.750,31.840,31.610,31.620,7414906
2025-11-06 10:00:00,31.690,31.780,31.470,31.510,11234685
2025-11-06 10:30:00,31.510,31.810,31.360,31.760,6857261
2025-11-06 11:00:00,31.770,31.920,31.720,31.790,5688399
2025-11-06 11:30:00,31.800,31.880,31.710,31.830,2806198
2025-11-06 13:30:00,31.810,32.320,31.800,32.240,9293015
2025-11-06 14:00:00,32.240,32.390,32.050,32.160,8742200
2025-11-06 14:30:00,32.140,32.320,32.130,32.220,4728923
2025-11-06 15:00:00,32.220,32.300,32.200,32.250,7387825
2025-11-07 10:00:00,31.890,32.100,31.400,31.490,17084239
2025-11-07 10:30:00,31.480,31.700,31.410,31.650,9217075
2025-11-07 11:00:00,31.650,31.750,31.560,31.710,5655192
2025-11-07 11:30:00,31.710,31.840,31.560,31.600,4517250
2025-11-07 13:30:00,31.590,31.680,31.450,31.480,10801600
2025-11-07 14:00:00,31.490,31.550,31.250,31.300,10937711
2025-11-07 14:30:00,31.310,31.380,31.270,31.320,5624200
2025-11-07 15:00:00,31.320,31.370,31.180,31.250,13069313
2025-11-10 10:00:00,31.200,31.380,30.370,30.380,28156105
2025-11-10 10:30:00,30.380,30.500,30.030,30.330,19194982
2025-11-10 11:00:00,30.330,30.420,30.170,30.170,7426690
2025-11-10 11:30:00,30.180,30.180,29.830,29.930,19918521
2025-11-10 13:30:00,29.940,30.250,29.910,30.180,8863118
2025-11-10 14:00:00,30.180,30.270,30.100,30.190,6646900
2025-11-10 14:30:00,30.180,30.400,30.150,30.390,7285339
2025-11-10 15:00:00,30.400,30.500,30.360,30.400,10501461
2025-11-11 10:00:00,30.440,30.580,30.050,30.080,15459200
2025-11-11 10:30:00,30.080,30.110,29.800,29.810,14030260
2025-11-11 11:00:00,29.810,29.840,29.700,29.740,11438148
2025-11-11 11:30:00,29.750,29.900,29.710,29.860,5403240
2025-11-11 13:30:00,29.860,30.020,29.450,29.500,15987022
2025-11-11 14:00:00,29.490,29.600,29.400,29.500,10202436
2025-11-11 14:30:00,29.490,29.640,29.420,29.530,9839170
2025-11-11 15:00:00,29.540,29.540,29.380,29.500,15436622
2025-11-12 10:00:00,29.350,29.740,29.130,29.700,20053060
2025-11-12 10:30:00,29.710,29.880,29.500,29.510,12565900
2025-11-12 11:00:00,29.500,29.510,29.210,29.240,6844277
2025-11-12 11:30:00,29.250,29.300,29.160,29.170,5250410
2025-11-12 13:30:00,29.180,29.210,29.030,29.160,7507617
2025-11-12 14:00:00,29.160,29.350,29.160,29.220,4952600
2025-11-12 14:30:00,29.220,29.390,29.200,29.290,3909334
2025-11-12 15:00:00,29.290,29.400,29.230,29.250,6381800
2025-11-13 10:00:00,29.150,29.240,28.960,29.230,11377348
2025-11-13 10:30:00,29.240,29.280,29.110,29.160,7564700
2025-11-13 11:00:00,29.160,29.270,29.070,29.230,7933500
2025-11-13 11:30:00,29.240,29.440,29.210,29.430,7604125
2025-11-13 13:30:00,29.440,29.470,29.240,29.240,5615796
2025-11-13 14:00:00,29.240,29.360,29.160,29.190,4697100
2025-11-13 14:30:00,29.180,29.290,29.110,29.270,3804450
2025-11-13 15:00:00,29.260,29.350,29.240,29.350,7174934
2025-11-14 10:00:00,28.980,29.170,28.720,29.080,13697901
2025-11-14 10:30:00,29.080,29.330,29.030,29.300,6658400
2025-11-14 11:00:00,29.290,29.330,29.080,29.090,3895200
2025-11-14 11:30:00,29.090,29.180,29.030,29.050,2574800
2025-11-14 13:30:00,29.050,29.170,29.010,29.050,3637472
2025-11-14 14:00:00,29.060,29.100,29.040,29.100,2353200
2025-11-14 14:30:00,29.100,29.130,28.950,28.970,4555524
2025-11-14 15:00:00,28.980,29.000,28.790,28.800,11120536
2025-11-17 10:00:00,28.660,28.930,28.550,28.610,11960026
2025-11-17 10:30:00,28.620,28.720,28.530,28.570,6371760
2025-11-17 11:00:00,28.560,28.620,28.410,28.520,8732817
2025-11-17 11:30:00,28.510,28.560,28.340,28.390,5507042
2025-11-17 13:30:00,28.400,28.450,28.290,28.380,6573960
2025-11-17 14:00:00,28.370,28.380,28.210,28.240,7145268
2025-11-17 14:30:00,28.240,28.420,28.200,28.320,8465647
2025-11-17 15:00:00,28.320,28.450,28.290,28.420,9249179
2025-11-18 10:00:00,28.300,28.490,28.080,28.310,9944751
2025-11-18 10:30:00,28.310,28.640,28.260,28.570,9212354
2025-11-18 11:00:00,28.570,28.680,28.460,28.510,5827834
2025-11-18 11:30:00,28.520,28.550,28.440,28.530,3426800
2025-11-18 13:30:00,28.530,28.540,28.350,28.400,4046512
2025-11-18 14:00:00,28.400,28.500,28.360,28.390,2940200
2025-11-18 14:30:00,28.400,28.400,28.220,28.230,4355200
2025-11-18 15:00:00,28.220,28.490,28.220,28.400,4856179
2025-11-19 10:00:00,28.350,28.420,28.060,28.240,11902700
2025-11-19 10:30:00,28.270,28.320,28.100,28.260,4827030
2025-11-19 11:00:00,28.270,28.610,28.260,28.350,9549460
2025-11-19 11:30:00,28.340,28.480,28.210,28.220,4199140
2025-11-19 13:30:00,28.220,28.260,28.080,28.080,4549430
2025-11-19 14:00:00,28.090,28.300,28.010,28.290,6732362
2025-11-19 14:30:00,28.280,28.330,28.160,28.320,3646800
2025-11-19 15:00:00,28.330,28.380,28.220,28.240,4634430
2025-11-20 10:00:00,28.500,28.950,28.460,28.830,22412833
2025-11-20 10:30:00,28.820,28.850,28.480,28.490,8348900
2025-11-20 11:00:00,28.480,28.610,28.410,28.460,5139100
2025-11-20 11:30:00,28.460,28.520,28.370,28.410,2570113
2025-11-20 13:30:00,28.410,28.500,28.330,28.410,2691900
2025-11-20 14:00:00,28.410,28.500,28.300,28.410,3287834
2025-11-20 14:30:00,28.410,28.430,28.320,28.370,2922500
2025-11-20 15:00:00,28.360,28.500,28.300,28.300,6418883
2025-11-21 10:00:00,28.000,28.080,27.670,27.690,23661457
2025-11-21 10:30:00,27.700,27.870,27.670,27.740,8211207
2025-11-21 11:00:00,27.740,27.740,27.360,27.550,10116647
2025-11-21 11:30:00,27.540,27.620,27.360,27.540,5436800
2025-11-21 13:30:00,27.550,27.910,27.500,27.790,6169883
2025-11-21 14:00:00,27.800,27.970,27.680,27.710,4338617
2025-11-21 14:30:00,27.700,27.710,27.480,27.520,4280600
2025-11-21 15:00:00,27.510,27.600,27.400,27.420,8562501
2025-11-24 10:00:00,27.510,27.660,27.140,27.310,11458200
2025-11-24 10:30:00,27.310,27.330,27.050,27.220,6357694
2025-11-24 11:00:00,27.220,27.380,27.140,27.160,3534600
2025-11-24 11:30:00,27.160,27.300,27.120,27.210,3547900
2025-11-24 13:30:00,27.220,27.370,27.100,27.370,4300950
2025-11-24 14:00:00,27.370,27.660,27.340,27.550,6618200
2025-11-24 14:30:00,27.560,27.720,27.520,27.700,5871800
2025-11-24 15:00:00,27.690,27.750,27.510,27.570,7045330
2025-11-25 10:00:00,27.890,28.530,27.850,28.520,26211429
2025-11-25 10:30:00,28.530,29.090,28.500,29.010,22456859
2025-11-25 11:00:00,29.020,29.070,28.700,28.700,10128138
2025-11-25 11:30:00,28.690,28.880,28.680,28.790,4400800
2025-11-25 13:30:00,28.790,28.880,28.470,28.490,7706100
2025-11-25 14:00:00,28.480,28.600,28.400,28.480,4979800
2025-11-25 14:30:00,28.480,28.520,28.370,28.410,5350600
2025-11-25 15:00:00,28.410,28.580,28.400,28.500,8750900
2025-11-26 10:00:00,28.490,29.260,28.340,29.050,24399636
2025-11-26 10:30:00,29.060,29.330,28.910,29.180,17531900
2025-11-26 11:00:00,29.170,29.440,29.060,29.390,12850220
2025-11-26 11:30:00,29.390,29.680,29.380,29.510,14222073
2025-11-26 13:30:00,29.510,29.680,29.320,29.330,9165032
2025-11-26 14:00:00,29.330,29.430,29.240,29.280,11297240
2025-11-26 14:30:00,29.280,29.490,29.200,29.360,10595000
2025-11-26 15:00:00,29.360,29.360,29.250,29.340,12564927
2025-11-27 10:00:00,29.350,29.800,29.290,29.670,21142441
2025-11-27 10:30:00,29.680,29.870,29.510,29.540,15718772
2025-11-27 11:00:00,29.540,29.830,29.500,29.540,7729608
2025-11-27 11:30:00,29.550,29.660,29.370,29.390,6921977
2025-11-27 13:30:00,29.380,29.470,29.340,29.460,5281380
2025-11-27 14:00:00,29.460,29.530,29.260,29.380,6842900
2025-11-27 14:30:00,29.380,29.390,29.200,29.260,7940801
2025-11-27 15:00:00,29.260,29.300,29.160,29.170,11148828
2025-11-28 10:00:00,29.480,30.590,29.470,29.680,58491099
2025-11-28 10:30:00,29.680,30.300,29.610,30.120,16244859
2025-11-28 11:00:00,30.120,30.490,29.960,30.150,14372990
2025-11-28 11:30:00,30.150,30.500,30.120,30.410,13541141
2025-11-28 13:30:00,30.410,30.480,30.050,30.070,7752981
2025-11-28 14:00:00,30.060,30.070,29.870,29.920,7771008
2025-11-28 14:30:00,29.930,30.030,29.890,30.000,5213590
2025-11-28 15:00:00,29.990,30.040,29.950,30.030,11370102
2025-12-01 10:00:00,30.100,30.250,29.560,29.690,28024106
2025-12-01 10:30:00,29.690,30.250,29.610,30.140,15258161
2025-12-01 11:00:00,30.150,30.780,30.050,30.750,17146747
2025-12-01 11:30:00,30.750,30.800,30.470,30.690,16906600
2025-12-01 13:30:00,30.690,31.400,30.600,30.640,26962354
2025-12-01 14:00:00,30.650,30.690,30.450,30.620,7811744
2025-12-01 14:30:00,30.620,30.850,30.620,30.710,7948415
2025-12-01 15:00:00,30.710,30.790,30.680,30.760,11362194
2025-12-02 10:00:00,30.630,32.230,30.600,31.860,78612829
2025-12-02 10:30:00,31.860,32.000,31.500,31.590,19874622
2025-12-02 11:00:00,31.590,31.760,31.350,31.610,11327924
2025-12-02 11:30:00,31.610,31.620,31.300,31.360,8283614
2025-12-02 13:30:00,31.370,31.370,31.020,31.030,10407156
2025-12-02 14:00:00,31.030,31.350,31.020,31.270,8794161
2025-12-02 14:30:00,31.280,31.360,31.170,31.300,5239642
2025-12-02 15:00:00,31.300,31.330,31.260,31.320,12120250
2025-12-03 10:00:00,31.200,31.310,30.720,30.730,30281770
2025-12-03 10:30:00,30.730,31.200,30.730,30.860,11365105
2025-12-03 11:00:00,30.870,30.880,30.630,30.670,10359800
2025-12-03 11:30:00,30.680,30.770,30.550,30.680,8582300
2025-12-03 13:30:00,30.680,30.680,30.510,30.540,7476700
2025-12-03 14:00:00,30.560,30.560,30.390,30.430,13290963
2025-12-03 14:30:00,30.430,30.460,30.280,30.400,9870410
2025-12-03 15:00:00,30.400,30.500,30.340,30.430,10924881
2025-12-04 10:00:00,30.400,30.500,29.700,29.730,23452979
2025-12-04 10:30:00,29.730,30.200,29.720,30.090,9805104
2025-12-04 11:00:00,30.090,30.430,30.030,30.300,7418250
2025-12-04 11:30:00,30.290,30.360,30.130,30.270,4593600
2025-12-04 13:30:00,30.260,30.370,30.130,30.240,3749200
2025-12-04 14:00:00,30.240,30.260,30.130,30.190,2658200
2025-12-04 14:30:00,30.180,30.340,30.140,30.230,3393900
2025-12-04 15:00:00,30.220,30.320,30.220,30.260,8057797
2025-12-05 10:00:00,29.910,30.110,29.290,29.510,31408398
2025-12-05 10:30:00,29.520,29.740,29.450,29.680,7976765
2025-12-05 11:00:00,29.680,30.570,29.660,30.300,16745391
2025-12-05 11:30:00,30.300,30.520,30.250,30.300,6708765
2025-12-05 13:30:00,30.320,30.470,30.170,30.180,4226400
2025-12-05 14:00:00,30.190,30.390,30.100,30.390,5363800
2025-12-05 14:30:00,30.380,30.550,30.340,30.420,7537000
2025-12-05 15:00:00,30.420,30.480,30.350,30.370,6668913
2025-12-08 10:00:00,29.670,30.150,29.600,29.790,33545100
2025-12-08 10:30:00,29.790,30.020,29.750,29.840,13604000
2025-12-08 11:00:00,29.850,30.080,29.830,30.080,9398722
2025-12-08 11:30:00,30.080,30.120,29.920,30.040,6221117
2025-12-08 13:30:00,30.040,30.200,30.030,30.070,7421525
2025-12-08 14:00:00,30.080,30.130,30.000,30.030,8842591
2025-12-08 14:30:00,30.030,30.260,30.020,30.080,8680945
2025-12-08 15:00:00,30.080,30.230,30.060,30.140,10928037
2025-12-09 10:00:00,30.300,30.620,29.980,30.530,27674094
2025-12-09 10:30:00,30.530,30.860,30.150,30.170,24436960
2025-12-09 11:00:00,30.170,30.430,30.140,30.430,6754160
2025-12-09 11:30:00,30.420,30.710,30.400,30.510,9143875
2025-12-09 13:30:00,30.500,30.510,30.120,30.140,7729300
2025-12-09 14:00:00,30.140,30.200,30.020,30.030,5436900
2025-12-09 14:30:00,30.040,30.240,30.000,30.190,4406974
2025-12-09 15:00:00,30.190,30.510,30.170,30.420,14485638
2025-12-10 10:00:00,30.120,30.190,29.350,29.420,31942001
2025-12-10 10:30:00,29.410,29.650,29.350,29.560,10609592
2025-12-10 11:00:00,29.550,29.770,29.500,29.630,7573300
2025-12-10 11:30:00,29.640,29.670,29.450,29.480,5546400
2025-12-10 13:30:00,29.480,29.580,29.380,29.450,6966326
2025-12-10 14:00:00,29.440,29.600,29.410,29.510,6006999
2025-12-10 14:30:00,29.520,29.830,29.490,29.790,9139900
2025-12-10 15:00:00,29.780,29.840,29.730,29.790,10216470
2025-12-11 10:00:00,29.850,30.060,29.560,29.770,17490562
2025-12-11 10:30:00,29.770,29.890,29.660,29.750,7884100
2025-12-11 11:00:00,29.760,29.930,29.670,29.690,5301000
2025-12-11 11:30:00,29.690,29.800,29.530,29.530,3960500
2025-12-11 13:30:00,29.520,29.640,29.480,29.530,5419691
2025-12-11 14:00:00,29.520,29.720,29.500,29.630,4843929
2025-12-11 14:30:00,29.620,29.700,29.450,29.480,4277900
2025-12-11 15:00:00,29.480,29.520,29.290,29.300,10049399
2025-12-12 10:00:00,29.220,29.320,28.690,28.970,17312143
2025-12-12 10:30:00,28.960,29.300,28.880,29.280,7480100
2025-12-12 11:00:00,29.270,29.670,29.180,29.640,9099061
2025-12-12 11:30:00,29.640,29.830,29.590,29.640,9366558
2025-12-12 13:30:00,29.650,29.720,29.540,29.640,5673470
2025-12-12 14:00:00,29.630,29.680,29.540,29.630,4052100
2025-12-12 14:30:00,29.620,29.700,29.600,29.640,5240875
2025-12-12 15:00:00,29.650,29.670,29.400,29.550,9670207
2025-12-15 10:00:00,29.180,29.450,29.010,29.090,13984999
2025-12-15 10:30:00,29.090,29.200,28.810,28.900,15063770
2025-12-15 11:00:00,28.910,29.100,28.860,28.990,6432144
2025-12-15 11:30:00,28.990,29.000,28.800,28.840,5015503
2025-12-15 13:30:00,28.840,28.960,28.780,28.780,3847197
2025-12-15 14:00:00,28.790,28.830,28.700,28.800,4054336
2025-12-15 14:30:00,28.800,28.830,28.640,28.730,4944769
2025-12-15 15:00:00,28.740,28.800,28.650,28.680,8695965
2025-12-16 10:00:00,28.650,28.940,28.340,28.500,12634355
2025-12-16 10:30:00,28.510,28.520,28.210,28.320,7444055
2025-12-16 11:00:00,28.330,28.330,28.000,28.170,7961600
2025-12-16 11:30:00,28.160,28.180,28.040,28.130,4651700
2025-12-16 13:30:00,28.130,28.320,28.020,28.030,5392866
2025-12-16 14:00:00,28.040,28.390,28.020,28.280,4979012
2025-12-16 14:30:00,28.280,28.540,28.260,28.330,4611500
2025-12-16 15:00:00,28.330,28.370,28.240,28.300,5387771
2025-12-17 10:00:00,28.310,28.630,28.240,28.330,11993027
2025-12-17 10:30:00,28.330,28.330,28.060,28.230,8589303
2025-12-17 11:00:00,28.220,28.270,28.010,28.070,6620500
2025-12-17 11:30:00,28.090,28.120,27.930,28.030,7882900
2025-12-17 13:30:00,28.030,28.120,27.930,27.960,6969610
2025-12-17 14:00:00,27.960,28.300,27.870,28.270,14498842
2025-12-17 14:30:00,28.280,28.530,28.260,28.380,13415300
2025-12-17 15:00:00,28.370,28.450,28.300,28.430,13406188
2025-12-18 10:00:00,28.030,28.200,27.770,28.120,17796500
2025-12-18 10:30:00,28.130,28.190,27.900,28.020,9091754
2025-12-18 11:00:00,28.010,28.040,27.790,27.840,8401346
2025-12-18 11:30:00,27.850,27.920,27.820,27.850,4578000
2025-12-18 13:30:00,27.850,27.990,27.830,27.940,5854814
2025-12-18 14:00:00,27.950,27.950,27.690,27.760,11816896
2025-12-18 14:30:00,27.770,27.810,27.670,27.690,6392000
2025-12-18 15:00:00,27.690,27.730,27.600,27.660,11903303
2025-12-19 10:00:00,27.850,28.250,27.810,28.190,21700102
2025-12-19 10:30:00,28.190,28.480,28.050,28.360,15144200
2025-12-19 11:00:00,28.360,28.400,28.160,28.240,5309100
2025-12-19 11:30:00,28.240,28.270,28.120,28.180,3959600
2025-12-19 13:30:00,28.180,28.220,27.970,27.980,8242800
2025-12-19 14:00:00,27.980,27.990,27.920,27.940,5610100
2025-12-19 14:30:00,27.940,28.050,27.900,27.990,4334992
2025-12-19 15:00:00,27.990,28.000,27.920,27.980,7144760
2025-12-22 10:00:00,28.070,28.290,28.060,28.170,17716119
2025-12-22 10:30:00,28.170,28.350,28.140,28.280,9714585
2025-12-22 11:00:00,28.280,28.310,28.210,28.270,4802334
2025-12-22 11:30:00,28.270,28.400,28.240,28.330,6535430
2025-12-22 13:30:00,28.320,28.340,28.190,28.220,6085300
2025-12-22 14:00:00,28.210,28.320,28.190,28.230,5060000
2025-12-22 14:30:00,28.230,28.300,28.210,28.240,4159300
2025-12-22 15:00:00,28.230,28.250,28.120,28.200,9906485
2025-12-23 10:00:00,28.080,28.160,27.820,28.020,17401600
2025-12-23 10:30:00,28.040,28.040,27.830,27.900,9310000
2025-12-23 11:00:00,27.890,27.940,27.800,27.880,8894700
2025-12-23 11:30:00,27.890,28.030,27.870,27.960,6090010
2025-12-23 13:30:00,27.960,27.990,27.830,27.850,5900701
2025-12-23 14:00:00,27.860,28.080,27.830,27.910,6906600
2025-12-23 14:30:00,27.900,27.920,27.800,27.820,5836004
2025-12-23 15:00:00,27.810,27.850,27.730,27.850,10071812
2025-12-24 10:00:00,27.860,28.440,27.800,28.250,33564912
2025-12-24 10:30:00,28.250,28.700,28.240,28.610,27514762
2025-12-24 11:00:00,28.610,28.650,28.490,28.540,7352500
2025-12-24 11:30:00,28.540,28.610,28.460,28.560,4257019
2025-12-24 13:30:00,28.550,28.750,28.490,28.750,10023842
2025-12-24 14:00:00,28.740,28.970,28.700,28.830,13718110
2025-12-24 14:30:00,28.840,28.980,28.810,28.950,10053964
2025-12-24 15:00:00,28.940,29.010,28.920,28.990,16731746
2025-12-25 10:00:00,28.920,28.950,28.450,28.450,28196900
2025-12-25 10:30:00,28.450,28.860,28.330,28.690,15952752
2025-12-25 11:00:00,28.690,28.720,28.530,28.590,4548800
2025-12-25 11:30:00,28.590,28.700,28.560,28.620,4496100
2025-12-25 13:30:00,28.610,28.750,28.520,28.680,6020900
2025-12-25 14:00:00,28.680,28.790,28.630,28.680,6492800
2025-12-25 14:30:00,28.690,28.770,28.680,28.710,6029700
2025-12-25 15:00:00,28.710,28.740,28.660,28.730,10509303
2025-12-26 10:00:00,28.640,28.640,28.220,28.330,23803632
2025-12-26 10:30:00,28.330,28.340,28.140,28.250,17112151
2025-12-26 11:00:00,28.250,28.430,28.190,28.290,10499100
2025-12-26 11:30:00,28.300,28.380,28.010,28.080,14895153
2025-12-26 13:30:00,28.080,28.200,27.960,28.140,12064341
2025-12-26 14:00:00,28.130,28.290,28.070,28.240,5115902
2025-12-26 14:30:00,28.240,28.270,28.090,28.120,5275400
2025-12-26 15:00:00,28.120,28.250,28.100,28.240,7575266
2025-12-29 10:00:00,28.180,28.590,28.090,28.250,25096684
2025-12-29 10:30:00,28.240,28.440,28.200,28.420,7582400
2025-12-29 11:00:00,28.410,28.630,28.310,28.530,13669986
2025-12-29 11:30:00,28.540,28.630,28.460,28.460,6741634
2025-12-29 13:30:00,28.460,28.470,28.220,28.310,8027852
2025-12-29 14:00:00,28.320,28.340,28.250,28.250,4115100
2025-12-29 14:30:00,28.260,28.310,28.180,28.190,6494200
2025-12-29 15:00:00,28.190,28.260,28.110,28.260,10242916
2025-12-30 10:00:00,28.100,29.140,27.830,28.960,51781733
2025-12-30 10:30:00,28.950,28.970,28.540,28.560,13625030
2025-12-30 11:00:00,28.560,28.710,28.540,28.650,7361944
2025-12-30 11:30:00,28.650,28.770,28.530,28.550,4663300
2025-12-30 13:30:00,28.550,28.990,28.540,28.860,8857467
2025-12-30 14:00:00,28.870,29.020,28.800,28.880,12545790
2025-12-30 14:30:00,28.870,29.150,28.830,29.040,18577863
2025-12-30 15:00:00,29.040,29.050,28.840,28.900,14551300
2025-12-31 10:00:00,29.530,29.600,28.630,28.830,46275408
2025-12-31 10:30:00,28.830,29.190,28.730,28.830,14412447
2025-12-31 11:00:00,28.840,28.860,28.680,28.690,10664700
2025-12-31 11:30:00,28.700,28.740,28.540,28.570,8972800
2025-12-31 13:30:00,28.570,28.720,28.450,28.680,7861631
2025-12-31 14:00:00,28.680,28.700,28.510,28.540,8525051
2025-12-31 14:30:00,28.540,28.810,28.520,28.650,7000700
2025-12-31 15:00:00,28.660,28.790,28.580,28.730,10348359
2026-01-05 10:00:00,28.800,29.690,28.800,29.190,53344124
2026-01-05 10:30:00,29.180,29.630,29.170,29.620,16172906
2026-01-05 11:00:00,29.630,29.790,29.460,29.460,19035013
2026-01-05 11:30:00,29.470,29.560,29.450,29.490,5717842
2026-01-05 13:30:00,29.490,29.520,29.100,29.130,17115500
2026-01-05 14:00:00,29.130,29.370,29.130,29.350,7564770
2026-01-05 14:30:00,29.350,29.420,29.280,29.360,7044330
2026-01-05 15:00:00,29.350,29.370,29.270,29.370,11902468
2026-01-06 10:00:00,29.620,29.950,29.480,29.780,36955299
2026-01-06 10:30:00,29.770,29.800,29.510,29.580,17355966
2026-01-06 11:00:00,29.580,29.600,29.380,29.550,13982851
2026-01-06 11:30:00,29.540,29.800,29.520,29.770,11226426
2026-01-06 13:30:00,29.770,30.200,29.750,30.110,30348734
2026-01-06 14:00:00,30.110,30.180,29.970,29.990,15502402
2026-01-06 14:30:00,29.990,30.320,29.950,30.050,20298896
2026-01-06 15:00:00,30.040,30.050,29.860,30.000,22090459
2026-01-07 10:00:00,30.080,30.090,29.640,29.810,29837951
2026-01-07 10:30:00,29.810,30.030,29.630,29.740,17726257
2026-01-07 11:00:00,29.740,29.750,29.640,29.680,12269521
2026-01-07 11:30:00,29.680,29.800,29.670,29.710,7661400
2026-01-07 13:30:00,29.720,29.740,29.300,29.330,27455400
2026-01-07 14:00:00,29.320,29.390,29.130,29.300,19093140
2026-01-07 14:30:00,29.310,29.510,29.300,29.440,8828469
2026-01-07 15:00:00,29.450,29.520,29.320,29.510,10991851
2026-01-08 10:00:00,29.350,29.650,29.150,29.610,23073044
2026-01-08 10:30:00,29.600,29.640,29.380,29.470,9140393
2026-01-08 11:00:00,29.470,29.850,29.400,29.670,14298176
2026-01-08 11:30:00,29.670,29.840,29.580,29.600,8383200
2026-01-08 13:30:00,29.590,29.610,29.420,29.440,11016041
2026-01-08 14:00:00,29.450,29.450,29.270,29.350,11026038
2026-01-08 14:30:00,29.340,29.350,29.050,29.280,17954874
2026-01-08 15:00:00,29.270,29.350,29.250,29.280,10717567
2026-01-09 10:00:00,29.080,29.900,28.900,29.800,40763802
2026-01-09 10:30:00,29.810,29.930,29.680,29.910,22764865
2026-01-09 11:00:00,29.920,29.960,29.750,29.870,14775475
2026-01-09 11:30:00,29.860,30.070,29.580,29.740,22195227
2026-01-09 13:30:00,29.740,29.810,29.650,29.730,8345291
2026-01-09 14:00:00,29.740,29.800,29.650,29.700,6902450
2026-01-09 14:30:00,29.710,29.750,29.660,29.740,5861000
2026-01-09 15:00:00,29.740,29.980,29.680,29.920,19579944
2026-01-12 10:00:00,29.920,30.180,29.730,30.170,38656300
2026-01-12 10:30:00,30.170,30.460,30.110,30.230,25306729
2026-01-12 11:00:00,30.230,30.430,30.100,30.320,12821435
2026-01-12 11:30:00,30.320,30.590,30.210,30.580,13499884
2026-01-12 13:30:00,30.580,30.640,30.190,30.290,20885579
2026-01-12 14:00:00,30.290,30.540,30.250,30.530,11694781
2026-01-12 14:30:00,30.530,30.600,30.400,30.550,11391629
2026-01-12 15:00:00,30.550,30.560,30.400,30.560,18391025
2026-01-13 10:00:00,30.770,30.770,29.700,29.990,48158829
2026-01-13 10:30:00,29.980,30.100,29.490,29.600,28855787
2026-01-13 11:00:00,29.610,29.670,29.450,29.540,18105525
2026-01-13 11:30:00,29.540,29.620,29.500,29.570,10328157
2026-01-13 13:30:00,29.570,29.640,29.350,29.420,14311749
2026-01-13 14:00:00,29.420,29.590,29.300,29.550,9972174
2026-01-13 14:30:00,29.540,29.560,29.280,29.290,14151800
2026-01-13 15:00:00,29.290,29.380,29.130,29.190,21956699
2026-01-14 10:00:00,29.390,30.450,29.370,30.430,60556759
2026-01-14 10:30:00,30.440,30.650,30.350,30.620,43012806
2026-01-14 11:00:00,30.610,30.620,30.300,30.470,14220357
2026-01-14 11:30:00,30.470,30.490,30.330,30.460,8434037
2026-01-14 13:30:00,30.450,30.500,29.620,30.030,35364875
2026-01-14 14:00:00,30.040,30.290,29.750,29.760,16534877
2026-01-14 14:30:00,29.750,30.060,29.700,30.020,14780066
2026-01-14 15:00:00,30.030,30.040,29.790,29.810,17654848
2026-01-15 10:00:00,30.430,31.860,30.430,31.040,105762728
2026-01-15 10:30:00,31.030,31.400,30.910,30.930,23163621
2026-01-15 11:00:00,30.930,31.150,30.850,30.930,11948168
2026-01-15 11:30:00,30.940,31.100,30.630,30.800,12136210
2026-01-15 13:30:00,30.810,30.930,30.690,30.830,10245294
2026-01-15 14:00:00,30.830,30.870,30.700,30.720,7114000
2026-01-15 14:30:00,30.720,30.860,30.600,30.770,10646110
2026-01-15 15:00:00,30.760,30.860,30.660,30.840,15255470
2026-01-16 10:00:00,30.800,31.020,30.590,30.600,43414705
2026-01-16 10:30:00,30.590,30.680,30.310,30.460,25822458
2026-01-16 11:00:00,30.460,30.800,30.430,30.680,11688331
2026-01-16 11:30:00,30.700,30.870,30.560,30.610,10046287
2026-01-16 13:30:00,30.610,30.790,30.540,30.720,8097478
2026-01-16 14:00:00,30.720,31.060,30.720,30.810,23556528
2026-01-16 14:30:00,30.820,30.880,30.680,30.800,9742787
2026-01-16 15:00:00,30.800,30.820,30.660,30.700,15357250
2026-01-19 10:00:00,30.600,30.680,30.010,30.580,39196604
2026-01-19 10:30:00,30.580,30.620,30.390,30.430,12007788
2026-01-19 11:00:00,30.430,30.450,30.180,30.410,11394793
2026-01-19 11:30:00,30.410,30.420,30.210,30.270,5136230
2026-01-19 13:30:00,30.260,30.460,30.250,30.330,6634526
2026-01-19 14:00:00,30.330,30.400,30.100,30.160,11678800
2026-01-19 14:30:00,30.160,30.220,30.070,30.120,10381800
2026-01-19 15:00:00,30.120,30.180,30.060,30.130,15751188
2026-01-20 10:00:00,30.170,30.220,29.640,29.700,32371834
2026-01-20 10:30:00,29.690,29.780,29.230,29.340,24428056
2026-01-20 11:00:00,29.340,29.460,29.200,29.380,13693341
2026-01-20 11:30:00,29.380,29.600,29.260,29.410,8029248
2026-01-20 13:30:00,29.410,29.790,29.300,29.700,11361196
2026-01-20 14:00:00,29.710,29.750,29.490,29.490,5345108
2026-01-20 14:30:00,29.500,29.520,29.350,29.370,8043213
2026-01-20 15:00:00,29.380,29.600,29.330,29.550,12672063
2026-01-21 10:00:00,29.100,29.480,29.020,29.360,20627895
2026-01-21 10:30:00,29.370,29.660,29.350,29.620,12785487
2026-01-21 11:00:00,29.620,29.740,29.520,29.540,10368317
2026-01-21 11:30:00,29.530,29.640,29.430,29.440,6159888
2026-01-21 13:30:00,29.440,29.560,29.380,29.430,8568558
2026-01-21 14:00:00,29.430,29.480,29.360,29.460,7641634
2026-01-21 14:30:00,29.470,29.590,29.210,29.300,13464800
2026-01-21 15:00:00,29.290,29.390,29.250,29.300,11673515
2026-01-22 10:00:00,29.560,29.980,29.380,29.400,29975522
2026-01-22 10:30:00,29.400,29.480,29.200,29.230,15891973
2026-01-22 11:00:00,29.220,29.320,29.180,29.230,9913220
2026-01-22 11:30:00,29.230,29.240,28.980,29.000,16338118
2026-01-22 13:30:00,29.000,29.090,28.920,29.010,9155651
2026-01-22 14:00:00,29.010,29.050,28.970,28.980,6505941
2026-01-22 14:30:00,28.990,29.020,28.960,29.000,7701770
2026-01-22 15:00:00,28.990,29.060,28.960,29.000,11091505
2026-01-23 10:00:00,29.150,29.420,28.970,29.180,22328603
2026-01-23 10:30:00,29.190,29.540,29.170,29.240,20008199
2026-01-23 11:00:00,29.240,29.500,29.180,29.460,9862973
2026-01-23 11:30:00,29.460,29.540,29.340,29.380,9482916
2026-01-23 13:30:00,29.390,29.560,29.300,29.350,15853962
2026-01-23 14:00:00,29.350,29.380,29.260,29.330,9569868
2026-01-23 14:30:00,29.330,29.430,29.290,29.370,7809191
2026-01-23 15:00:00,29.370,29.390,29.220,29.320,16416072
2026-01-26 10:00:00,29.180,29.180,28.330,28.470,53008776
2026-01-26 10:30:00,28.460,28.590,28.360,28.470,15067977
2026-01-26 11:00:00,28.470,28.540,28.200,28.200,18127584
2026-01-26 11:30:00,28.210,28.280,28.140,28.240,10619695
2026-01-26 13:30:00,28.260,28.270,28.170,28.210,7149135
2026-01-26 14:00:00,28.200,28.250,28.100,28.200,10158994
2026-01-26 14:30:00,28.210,28.240,28.130,28.220,6604474
2026-01-26 15:00:00,28.230,28.300,28.210,28.220,11490657
2026-01-27 10:00:00,28.300,28.370,27.530,27.560,30118191
2026-01-27 10:30:00,27.560,27.870,27.550,27.840,10779471
2026-01-27 11:00:00,27.840,28.050,27.790,27.860,8947213
2026-01-27 11:30:00,27.860,27.950,27.830,27.900,4858688
2026-01-27 13:30:00,27.890,28.110,27.850,28.010,7416060
2026-01-27 14:00:00,28.000,28.250,28.000,28.180,7970036
2026-01-27 14:30:00,28.170,28.230,28.010,28.070,8405627
2026-01-27 15:00:00,28.070,28.100,27.960,28.000,11699128
2026-01-28 10:00:00,27.800,27.800,27.300,27.620,46051526
2026-01-28 10:30:00,27.620,27.620,27.220,27.250,27578056
2026-01-28 11:00:00,27.250,27.260,27.060,27.090,27910160
2026-01-28 11:30:00,27.090,27.160,26.810,27.140,29087127
2026-01-28 13:30:00,27.140,27.220,26.870,26.930,19729311
2026-01-28 14:00:00,26.920,26.980,26.880,26.920,10238069
2026-01-28 14:30:00,26.920,27.070,26.900,27.010,10654103
2026-01-28 15:00:00,27.010,27.090,26.910,26.970,17938701
2026-01-29 10:00:00,26.670,26.670,26.000,26.500,49319395
2026-01-29 10:30:00,26.490,26.600,26.260,26.480,19258145
2026-01-29 11:00:00,26.480,26.520,26.350,26.420,10857202
2026-01-29 11:30:00,26.420,26.440,26.150,26.210,14816603
2026-01-29 13:30:00,26.210,26.270,26.100,26.110,12618640
2026-01-29 14:00:00,26.100,26.200,26.010,26.060,18911100
2026-01-29 14:30:00,26.060,26.240,26.010,26.140,11947377
2026-01-29 15:00:00,26.140,26.220,26.080,26.140,13503947
2026-01-30 10:00:00,26.000,26.090,25.600,25.860,30609061
2026-01-30 10:30:00,25.850,26.080,25.730,25.750,14890798
2026-01-30 11:00:00,25.750,26.040,25.600,26.010,12534320
2026-01-30 11:30:00,26.010,26.090,25.900,26.030,7416724
2026-01-30 13:30:00,26.030,26.270,26.020,26.200,14229287
2026-01-30 14:00:00,26.200,26.220,26.000,26.010,8650175
2026-01-30 14:30:00,26.010,26.010,25.920,25.940,8164130
2026-01-30 15:00:00,25.940,26.040,25.930,26.000,11001751
2026-02-02 10:00:00,26.100,26.350,25.920,26.240,29600932
2026-02-02 10:30:00,26.230,26.360,26.100,26.250,13695629
2026-02-02 11:00:00,26.250,26.260,26.020,26.050,12087247
2026-02-02 11:30:00,26.050,26.200,26.040,26.090,5874731
2026-02-02 13:30:00,26.100,26.220,26.080,26.090,5050600
2026-02-02 14:00:00,26.080,26.160,26.040,26.150,6793984
2026-02-02 14:30:00,26.150,26.190,26.040,26.070,7402786
2026-02-02 15:00:00,26.060,26.080,25.870,26.060,23465481
2026-02-03 10:00:00,26.260,26.290,25.970,26.080,21349277
2026-02-03 10:30:00,26.090,26.100,25.910,25.930,11306800
2026-02-03 11:00:00,25.930,25.970,25.800,25.960,10515806
2026-02-03 11:30:00,25.960,26.160,25.930,26.140,7295257
2026-02-03 13:30:00,26.140,26.210,26.060,26.120,6319375
2026-02-03 14:00:00,26.120,26.390,26.110,26.300,14767365
2026-02-03 14:30:00,26.310,26.320,26.220,26.240,9544306
2026-02-03 15:00:00,26.240,26.360,26.210,26.360,14244846
2026-02-04 10:00:00,26.200,26.410,26.070,26.210,18841229
2026-02-04 10:30:00,26.200,26.550,26.130,26.440,13707920
2026-02-04 11:00:00,26.440,26.530,26.360,26.430,10567841
2026-02-04 11:30:00,26.430,26.480,26.280,26.410,6849100
2026-02-04 13:30:00,26.420,26.590,26.400,26.460,8955377
2026-02-04 14:00:00,26.460,26.490,26.410,26.440,5504200
2026-02-04 14:30:00,26.440,26.590,26.430,26.550,8826599
2026-02-04 15:00:00,26.550,26.670,26.550,26.660,15445865
2026-02-05 10:00:00,26.510,26.700,26.450,26.500,15558971
2026-02-05 10:30:00,26.500,26.600,26.410,26.450,9747300
2026-02-05 11:00:00,26.460,26.500,26.330,26.390,6985828
2026-02-05 11:30:00,26.390,26.420,26.310,26.330,4539380
2026-02-05 13:30:00,26.330,26.490,26.330,26.480,3895495
2026-02-05 14:00:00,26.470,26.540,26.420,26.460,3718492
2026-02-05 14:30:00,26.470,26.530,26.400,26.420,3489200
2026-02-05 15:00:00,26.420,26.480,26.410,26.440,5915655
2026-02-06 10:00:00,26.200,26.220,25.910,26.200,14332861
2026-02-06 10:30:00,26.200,26.430,26.140,26.400,6110900
2026-02-06 11:00:00,26.400,26.430,26.300,26.370,4511130
2026-02-06 11:30:00,26.360,26.420,26.320,26.400,4040400
2026-02-06 13:30:00,26.400,26.420,26.330,26.350,3957287
2026-02-06 14:00:00,26.350,26.390,26.320,26.340,4232286
2026-02-06 14:30:00,26.340,26.380,26.170,26.230,9059475
2026-02-06 15:00:00,26.220,26.240,26.170,26.180,7804644
2026-02-09 10:00:00,26.440,26.490,26.310,26.350,15416540
2026-02-09 10:30:00,26.340,26.430,26.320,26.380,6459500
2026-02-09 11:00:00,26.390,26.600,26.380,26.540,10055871
2026-02-09 11:30:00,26.550,26.550,26.420,26.490,6110355
2026-02-09 13:30:00,26.490,26.550,26.450,26.490,3545900
2026-02-09 14:00:00,26.490,26.500,26.410,26.410,5036800
2026-02-09 14:30:00,26.410,26.450,26.390,26.420,5802798
2026-02-09 15:00:00,26.420,26.460,26.410,26.460,6789133
2026-02-10 10:00:00,26.350,26.680,26.340,26.560,19045678
2026-02-10 10:30:00,26.550,26.620,26.480,26.490,7641006
2026-02-10 11:00:00,26.500,26.590,26.480,26.570,5037758
2026-02-10 11:30:00,26.570,26.600,26.500,26.600,3216833
2026-02-10 13:30:00,26.590,26.750,26.580,26.680,11135848
2026-02-10 14:00:00,26.670,26.700,26.610,26.650,3597320
2026-02-10 14:30:00,26.650,26.660,26.600,26.610,3755850
2026-02-10 15:00:00,26.610,26.620,26.550,26.620,9090398
2026-02-11 10:00:00,26.430,26.560,26.430,26.450,10693923
2026-02-11 10:30:00,26.450,26.520,26.390,26.460,6998244
2026-02-11 11:00:00,26.460,26.480,26.440,26.460,3549033
2026-02-11 11:30:00,26.460,26.470,26.400,26.420,3505448
2026-02-11 13:30:00,26.420,26.440,26.350,26.370,6446701
2026-02-11 14:00:00,26.380,26.390,26.360,26.370,3301400
2026-02-11 14:30:00,26.370,26.390,26.360,26.370,3047675
2026-02-11 15:00:00,26.360,26.360,26.300,26.310,9828585
2026-02-12 10:00:00,26.320,26.380,26.090,26.230,11095649
2026-02-12 10:30:00,26.250,26.280,26.190,26.240,6257600
2026-02-12 11:00:00,26.230,26.260,26.180,26.220,4351829
2026-02-12 11:30:00,26.230,26.320,26.200,26.310,4833308
2026-02-12 13:30:00,26.300,26.350,26.260,26.350,3987500
2026-02-12 14:00:00,26.340,26.380,26.310,26.360,4201300
2026-02-12 14:30:00,26.360,26.400,26.360,26.390,4366040
2026-02-12 15:00:00,26.390,26.400,26.330,26.350,6776100
2026-02-13 10:00:00,26.170,26.450,26.110,26.350,10684900
2026-02-13 10:30:00,26.340,26.370,26.260,26.280,5029890
2026-02-13 11:00:00,26.270,26.310,26.250,26.280,3110813
2026-02-13 11:30:00,26.280,26.300,26.200,26.220,3433185
2026-02-13 13:30:00,26.230,26.380,26.220,26.270,3568774
2026-02-13 14:00:00,26.260,26.330,26.240,26.270,3369896
2026-02-13 14:30:00,26.260,26.300,26.230,26.240,3539976
2026-02-13 15:00:00,26.240,26.270,26.150,26.160,11735087
2026-02-24 10:00:00,26.460,26.560,26.180,26.530,20740705
2026-02-24 10:30:00,26.540,26.880,26.460,26.850,21253020
2026-02-24 11:00:00,26.840,26.860,26.720,26.850,11205843
2026-02-24 11:30:00,26.850,26.880,26.770,26.770,5501620
2026-02-24 13:30:00,26.770,26.790,26.630,26.680,6034002
2026-02-24 14:00:00,26.670,26.710,26.650,26.680,3375600
2026-02-24 14:30:00,26.680,26.700,26.670,26.680,3091982
2026-02-24 15:00:00,26.680,26.710,26.650,26.700,7960943
2026-02-25 10:00:00,26.680,26.750,26.500,26.630,14928768
2026-02-25 10:30:00,26.630,26.670,26.600,26.650,7625139
2026-02-25 11:00:00,26.650,26.650,26.600,26.620,6115297
2026-02-25 11:30:00,26.610,26.750,26.610,26.740,6386743
2026-02-25 13:30:00,26.740,26.790,26.660,26.710,9695962
2026-02-25 14:00:00,26.700,26.740,26.680,26.700,6742406
2026-02-25 14:30:00,26.700,26.700,26.620,26.630,6339655
2026-02-25 15:00:00,26.630,26.680,26.610,26.680,7986556
2026-02-26 10:00:00,26.690,26.730,26.530,26.620,10405552
2026-02-26 10:30:00,26.620,27.200,26.600,27.100,33579041
2026-02-26 11:00:00,27.090,27.200,27.070,27.120,11712201
2026-02-26 11:30:00,27.120,27.180,27.100,27.170,6421907
2026-02-26 13:30:00,27.170,27.190,27.110,27.160,6481784
2026-02-26 14:00:00,27.160,27.160,27.030,27.030,7407116
2026-02-26 14:30:00,27.030,27.080,26.980,27.030,6505230
2026-02-26 15:00:00,27.030,27.080,27.020,27.080,9078846
2026-02-27 10:00:00,26.810,26.840,26.590,26.730,22532042
2026-02-27 10:30:00,26.720,26.980,26.710,26.920,7635306
2026-02-27 11:00:00,26.930,27.050,26.840,27.050,5811006
2026-02-27 11:30:00,27.040,27.060,26.920,26.930,4244779
2026-02-27 13:30:00,26.930,26.990,26.890,26.980,4319949
2026-02-27 14:00:00,26.980,27.000,26.920,26.920,3590732
2026-02-27 14:30:00,26.940,27.130,26.920,27.120,7809173
2026-02-27 15:00:00,27.120,27.190,27.080,27.180,14963295
2026-03-02 10:00:00,26.600,26.840,26.510,26.630,28221165
2026-03-02 10:30:00,26.640,26.660,26.220,26.320,24115401
2026-03-02 11:00:00,26.320,26.500,26.260,26.440,7109100
2026-03-02 11:30:00,26.430,26.520,26.380,26.450,3488600
2026-03-02 13:30:00,26.450,26.650,26.390,26.570,5655543
2026-03-02 14:00:00,26.560,26.570,26.390,26.390,5378600
2026-03-02 14:30:00,26.390,26.410,26.320,26.330,6636700
2026-03-02 15:00:00,26.330,26.470,26.310,26.440,10456848
2026-03-03 10:00:00,26.390,26.650,26.080,26.100,22274839
2026-03-03 10:30:00,26.110,26.140,25.710,25.900,19997202
2026-03-03 11:00:00,25.890,26.050,25.870,25.980,5576442
2026-03-03 11:30:00,25.990,26.050,25.900,25.900,4196457
2026-03-03 13:30:00,25.900,25.920,25.680,25.690,9454085
2026-03-03 14:00:00,25.680,25.690,25.380,25.400,12605918
2026-03-03 14:30:00,25.390,25.420,25.190,25.360,13048178
2026-03-03 15:00:00,25.360,25.380,25.120,25.240,14790772
2026-03-04 10:00:00,24.780,25.120,24.710,25.060,19960489
2026-03-04 10:30:00,25.070,25.210,24.990,25.040,6592662
2026-03-04 11:00:00,25.040,25.050,24.790,24.830,8797852
2026-03-04 11:30:00,24.820,24.890,24.750,24.760,5460143
2026-03-04 13:30:00,24.750,24.840,24.700,24.720,5505995
2026-03-04 14:00:00,24.720,24.840,24.710,24.780,4447900
2026-03-04 14:30:00,24.770,24.790,24.700,24.730,4204379
2026-03-04 15:00:00,24.720,24.800,24.710,24.730,5984496
2026-03-05 10:00:00,25.050,25.320,25.050,25.140,19279079
2026-03-05 10:30:00,25.140,25.400,25.100,25.380,9643206
2026-03-05 11:00:00,25.390,25.390,25.220,25.310,4895671
2026-03-05 11:30:00,25.320,25.350,25.280,25.310,3430700
2026-03-05 13:30:00,25.310,25.320,25.200,25.230,3909790
2026-03-05 14:00:00,25.240,25.250,25.140,25.150,4393870
2026-03-05 14:30:00,25.160,25.160,25.010,25.100,5499400
2026-03-05 15:00:00,25.090,25.160,25.050,25.130,4978918
2026-03-06 10:00:00,25.080,25.220,25.030,25.130,10057155
2026-03-06 10:30:00,25.130,25.320,25.120,25.270,6653488
2026-03-06 11:00:00,25.260,25.330,25.230,25.280,4643700
2026-03-06 11:30:00,25.280,25.400,25.270,25.390,5151800
2026-03-06 13:30:00,25.390,25.430,25.260,25.300,4768418
2026-03-06 14:00:00,25.290,25.400,25.290,25.360,4151000
2026-03-06 14:30:00,25.360,25.370,25.320,25.330,3578500
2026-03-06 15:00:00,25.330,25.360,25.300,25.360,6252133
2026-03-09 10:00:00,24.910,24.910,24.250,24.250,34765667
2026-03-09 10:30:00,24.260,24.380,24.220,24.290,9985300
2026-03-09 11:00:00,24.280,24.370,24.280,24.350,4825389
2026-03-09 11:30:00,24.340,24.360,24.280,24.300,5594900
2026-03-09 13:30:00,24.300,24.480,24.260,24.460,6603093
2026-03-09 14:00:00,24.470,24.640,24.450,24.610,7181750
2026-03-09 14:30:00,24.620,24.740,24.610,24.680,6007002
2026-03-09 15:00:00,24.680,24.700,24.550,24.600,9074837
2026-03-10 10:00:00,24.910,25.130,24.900,24.990,20494095
2026-03-10 10:30:00,25.000,25.350,24.980,25.190,14592050
2026-03-10 11:00:00,25.190,25.240,25.130,25.210,4244985
2026-03-10 11:30:00,25.210,25.220,25.070,25.140,3702971
2026-03-10 13:30:00,25.160,25.220,25.130,25.200,3453137
2026-03-10 14:00:00,25.210,25.340,25.200,25.320,6453896
2026-03-10 14:30:00,25.330,25.350,25.240,25.280,6219360
2026-03-10 15:00:00,25.280,25.350,25.240,25.350,10880779
2026-03-11 10:00:00,25.300,25.540,25.250,25.430,13854100
2026-03-11 10:30:00,25.430,25.700,25.370,25.650,14173148
2026-03-11 11:00:00,25.640,25.690,25.560,25.580,7443166
2026-03-11 11:30:00,25.580,25.590,25.450,25.510,7035400
2026-03-11 13:30:00,25.510,25.530,25.360,25.390,6059400
2026-03-11 14:00:00,25.380,25.390,25.330,25.370,4674000
2026-03-11 14:30:00,25.370,25.450,25.360,25.430,3752311
2026-03-11 15:00:00,25.440,25.450,25.380,25.400,5812089
2026-03-12 10:00:00,25.300,25.650,25.140,25.470,15243302
2026-03-12 10:30:00,25.460,25.520,25.320,25.360,6629324
2026-03-12 11:00:00,25.360,25.400,25.170,25.200,8053248
2026-03-12 11:30:00,25.210,25.270,25.180,25.210,3568314
2026-03-12 13:30:00,25.210,25.260,25.160,25.180,3780370
2026-03-12 14:00:00,25.180,25.270,25.160,25.250,3992639
2026-03-12 14:30:00,25.250,25.320,25.250,25.270,2544400
2026-03-12 15:00:00,25.280,25.350,25.230,25.350,4640836
2026-03-13 10:00:00,25.180,25.440,25.060,25.310,12725713
2026-03-13 10:30:00,25.310,25.460,25.270,25.430,6120200
2026-03-13 11:00:00,25.430,25.490,25.310,25.360,4028932
2026-03-13 11:30:00,25.360,25.360,25.250,25.270,2577800
2026-03-13 13:30:00,25.270,25.440,25.250,25.350,4018257
2026-03-13 14:00:00,25.340,25.510,25.320,25.390,6166009
2026-03-13 14:30:00,25.380,25.390,25.230,25.230,4603800
2026-03-13 15:00:00,25.230,25.250,25.120,25.190,7545599
2026-03-16 10:00:00,25.120,25.150,24.660,24.890,17568593
2026-03-16 10:30:00,24.900,25.040,24.800,24.880,5444000
2026-03-16 11:00:00,24.880,24.900,24.790,24.850,3388277
2026-03-16 11:30:00,24.860,24.990,24.820,24.980,2401740
2026-03-16 13:30:00,24.990,25.100,24.970,25.030,4122903
2026-03-16 14:00:00,25.050,25.100,24.990,25.070,3734522
2026-03-16 14:30:00,25.070,25.200,25.030,25.120,3801108
2026-03-16 15:00:00,25.130,25.200,25.080,25.200,4552120
2026-03-17 10:00:00,25.380,25.450,25.150,25.410,14470983
2026-03-17 10:30:00,25.410,25.430,25.330,25.380,5575317
2026-03-17 11:00:00,25.390,25.600,25.380,25.410,10139680
2026-03-17 11:30:00,25.410,25.410,25.310,25.310,3661842
2026-03-17 13:30:00,25.310,25.330,25.190,25.230,5711258
2026-03-17 14:00:00,25.240,25.240,25.120,25.120,4811265
2026-03-17 14:30:00,25.120,25.130,24.890,24.890,7867200
2026-03-17 15:00:00,24.890,24.940,24.820,24.860,10658674
2026-03-18 10:00:00,24.870,24.990,24.660,24.730,13529915
2026-03-18 10:30:00,24.730,24.820,24.680,24.710,3869995
2026-03-18 11:00:00,24.710,24.760,24.550,24.590,6210513
2026-03-18 11:30:00,24.590,24.700,24.560,24.660,2965391
2026-03-18 13:30:00,24.660,24.720,24.570,24.580,3763800
2026-03-18 14:00:00,24.590,24.710,24.580,24.660,2931714
2026-03-18 14:30:00,24.650,24.850,24.630,24.830,4609940
2026-03-18 15:00:00,24.830,24.900,24.760,24.900,6577100
2026-03-19 10:00:00,24.480,24.580,24.410,24.490,11710677
2026-03-19 10:30:00,24.480,24.520,24.290,24.410,10236970
2026-03-19 11:00:00,24.410,24.470,24.350,24.360,3367500
2026-03-19 11:30:00,24.360,24.400,24.200,24.330,5211200
2026-03-19 13:30:00,24.330,24.340,24.150,24.170,7084100
2026-03-19 14:00:00,24.170,24.280,24.100,24.250,6381695
2026-03-19 14:30:00,24.240,24.270,24.100,24.120,5865100
2026-03-19 15:00:00,24.120,24.200,24.050,24.150,10267868
2026-03-20 10:00:00,24.150,24.350,24.100,24.210,11403681
2026-03-20 10:30:00,24.210,24.220,24.000,24.110,6807742
2026-03-20 11:00:00,24.110,24.190,23.960,23.970,6341200
2026-03-20 11:30:00,23.970,24.180,23.900,24.160,5270282
2026-03-20 13:30:00,24.170,24.270,23.950,23.990,7575741
2026-03-20 14:00:00,23.990,24.000,23.770,23.800,7462750
2026-03-20 14:30:00,23.800,23.830,23.650,23.700,9793380
2026-03-20 15:00:00,23.700,23.710,23.410,23.430,17793718
2026-03-23 10:00:00,22.880,23.100,22.630,22.940,25665878
2026-03-23 10:30:00,22.930,23.090,22.910,22.930,9017932
2026-03-23 11:00:00,22.930,22.990,22.820,22.920,5292500
2026-03-23 11:30:00,22.910,22.990,22.710,22.710,5835797
2026-03-23 13:30:00,22.720,22.880,22.520,22.530,9529017
2026-03-23 14:00:00,22.520,22.730,22.420,22.550,9481833
2026-03-23 14:30:00,22.550,22.590,22.250,22.470,10500570
2026-03-23 15:00:00,22.470,22.480,22.250,22.330,11124260
2026-03-24 10:00:00,22.690,22.780,22.100,22.110,19708404
2026-03-24 10:30:00,22.120,22.330,22.040,22.320,7821939
2026-03-24 11:00:00,22.330,22.390,22.260,22.290,5665250
2026-03-24 11:30:00,22.290,22.320,22.160,22.250,3564697
2026-03-24 13:30:00,22.260,22.300,22.050,22.070,4468519
2026-03-24 14:00:00,22.080,22.160,22.000,22.140,7739997
2026-03-24 14:30:00,22.140,22.490,22.140,22.460,8219538
2026-03-24 15:00:00,22.460,22.540,22.390,22.500,10214590
2026-03-25 10:00:00,22.600,23.060,22.600,23.000,24333557
2026-03-25 10:30:00,23.000,23.440,22.990,23.190,22806801
2026-03-25 11:00:00,23.200,23.260,23.040,23.200,8455559
2026-03-25 11:30:00,23.200,23.400,23.140,23.190,7157472
2026-03-25 13:30:00,23.200,23.440,23.190,23.370,8247300
2026-03-25 14:00:00,23.360,23.400,23.220,23.310,5785455
2026-03-25 14:30:00,23.310,23.330,23.200,23.260,3824462
2026-03-25 15:00:00,23.260,23.350,23.260,23.330,8111100
2026-03-26 10:00:00,23.220,23.390,23.140,23.240,13387634
2026-03-26 10:30:00,23.240,23.290,22.980,23.050,12822091
2026-03-26 11:00:00,23.050,23.100,22.950,23.000,5878397
2026-03-26 11:30:00,23.000,23.070,22.960,23.010,3342300
2026-03-26 13:30:00,23.000,23.010,22.760,22.810,7086497
2026-03-26 14:00:00,22.820,22.860,22.760,22.760,4080770
2026-03-26 14:30:00,22.770,22.810,22.700,22.750,4273000
2026-03-26 15:00:00,22.750,22.760,22.660,22.710,6250662
2026-03-27 10:00:00,22.390,22.580,22.330,22.580,12540959
2026-03-27 10:30:00,22.570,22.680,22.560,22.650,4761300
2026-03-27 11:00:00,22.660,22.740,22.550,22.580,4934447
2026-03-27 11:30:00,22.580,22.720,22.570,22.720,2120283
2026-03-27 13:30:00,22.720,22.830,22.700,22.710,6669856
2026-03-27 14:00:00,22.710,22.800,22.670,22.680,4325979
2026-03-27 14:30:00,22.680,22.720,22.550,22.580,6352200
2026-03-27 15:00:00,22.580,22.690,22.580,22.660,6357230
2026-03-30 10:00:00,22.210,22.300,21.850,21.900,26227613
2026-03-30 10:30:00,21.900,22.100,21.880,22.040,7442516
2026-03-30 11:00:00,22.050,22.130,21.970,22.110,4312011
2026-03-30 11:30:00,22.120,22.370,22.110,22.330,6009638
2026-03-30 13:30:00,22.330,22.340,22.190,22.220,4480262
2026-03-30 14:00:00,22.220,22.270,22.130,22.260,4751892
2026-03-30 14:30:00,22.260,22.370,22.250,22.350,3701400
2026-03-30 15:00:00,22.350,22.430,22.340,22.420,6384566
2026-03-31 10:00:00,22.420,22.780,22.310,22.770,13770573
2026-03-31 10:30:00,22.780,22.950,22.710,22.810,11113900
2026-03-31 11:00:00,22.820,22.840,22.600,22.600,6451157
2026-03-31 11:30:00,22.610,22.610,22.430,22.480,5225250
2026-03-31 13:30:00,22.480,22.520,22.400,22.460,3730200
2026-03-31 14:00:00,22.470,22.630,22.470,22.530,3218315
2026-03-31 14:30:00,22.530,22.540,22.380,22.420,3443200
2026-03-31 15:00:00,22.420,22.430,22.350,22.360,5405300
2026-04-01 10:00:00,22.800,22.970,22.620,22.620,17382851
2026-04-01 10:30:00,22.630,22.760,22.620,22.660,5515566
2026-04-01 11:00:00,22.650,22.760,22.630,22.760,3183640
2026-04-01 11:30:00,22.760,22.780,22.680,22.700,2982500
2026-04-01 13:30:00,22.700,22.830,22.660,22.820,3783929
2026-04-01 14:00:00,22.820,22.830,22.640,22.670,3534200
2026-04-01 14:30:00,22.670,22.720,22.630,22.700,2495140
2026-04-01 15:00:00,22.710,22.800,22.700,22.800,6047520
2026-04-02 10:00:00,22.700,23.080,22.610,23.030,18384701
2026-04-02 10:30:00,23.020,23.030,22.750,22.780,8367399
2026-04-02 11:00:00,22.780,22.860,22.710,22.810,3676040
2026-04-02 11:30:00,22.820,22.840,22.770,22.790,2067100
2026-04-02 13:30:00,22.780,22.790,22.580,22.660,5962700
2026-04-02 14:00:00,22.670,22.670,22.510,22.520,4163300
2026-04-02 14:30:00,22.530,22.630,22.470,22.560,4663000
2026-04-02 15:00:00,22.560,22.580,22.500,22.560,3988469
