date,open,high,low,close,volume
2025-03-27 14:30:00,31.040,31.140,31.020,31.090,708500
2025-03-27 15:00:00,31.080,31.090,30.980,30.990,1368747
2025-03-28 10:00:00,31.080,31.120,30.800,30.890,2373837
2025-03-28 10:30:00,30.890,30.910,30.790,30.790,1167630
2025-03-28 11:00:00,30.800,30.810,30.690,30.720,1338614
2025-03-28 11:30:00,30.730,30.740,30.530,30.580,1566000
2025-03-28 13:30:00,30.580,30.670,30.550,30.570,891065
2025-03-28 14:00:00,30.560,30.740,30.520,30.710,1082351
2025-03-28 14:30:00,30.710,30.740,30.610,30.690,637000
2025-03-28 15:00:00,30.690,30.710,30.550,30.560,1857531
2025-03-31 10:00:00,30.450,30.600,30.280,30.440,3291258
2025-03-31 10:30:00,30.440,30.550,30.170,30.170,1666000
2025-03-31 11:00:00,30.180,30.270,30.060,30.080,1588600
2025-03-31 11:30:00,30.080,30.150,29.940,29.960,1858600
2025-03-31 13:30:00,29.950,30.190,29.920,30.110,1148510
2025-03-31 14:00:00,30.100,30.200,30.060,30.140,679030
2025-03-31 14:30:00,30.130,30.360,30.100,30.280,988400
2025-03-31 15:00:00,30.280,30.330,30.230,30.320,1143122
2025-04-01 10:00:00,30.320,30.450,30.150,30.390,2599639
2025-04-01 10:30:00,30.390,30.640,30.360,30.530,2149224
2025-04-01 11:00:00,30.530,30.600,30.510,30.540,813698
2025-04-01 11:30:00,30.530,30.710,30.510,30.670,1263113
2025-04-01 13:30:00,30.670,30.680,30.510,30.550,669169
2025-04-01 14:00:00,30.570,30.590,30.510,30.550,461300
2025-04-01 14:30:00,30.550,30.600,30.500,30.590,660601
2025-04-01 15:00:00,30.590,30.630,30.530,30.550,2263100
2025-04-02 10:00:00,30.550,30.640,30.330,30.620,1886306
2025-04-02 10:30:00,30.630,30.640,30.490,30.560,1129800
2025-04-02 11:00:00,30.550,30.560,30.500,30.540,407700
2025-04-02 11:30:00,30.540,30.570,30.500,30.520,351204
2025-04-02 13:30:00,30.520,30.550,30.410,30.480,523696
2025-04-02 14:00:00,30.470,30.480,30.370,30.430,414800
2025-04-02 14:30:00,30.430,30.850,30.420,30.580,3129700
2025-04-02 15:00:00,30.580,30.650,30.540,30.630,1218308
2025-04-03 10:00:00,30.200,30.610,30.200,30.420,2546018
2025-04-03 10:30:00,30.420,30.560,30.350,30.510,1083600
2025-04-03 11:00:00,30.520,30.530,30.370,30.400,412700
2025-04-03 11:30:00,30.390,30.410,30.240,30.270,811400
2025-04-03 13:30:00,30.270,30.340,30.200,30.240,929300
2025-04-03 14:00:00,30.250,30.360,30.180,30.330,921000
2025-04-03 14:30:00,30.320,30.400,30.270,30.340,555000
2025-04-03 15:00:00,30.330,30.350,30.250,30.260,1277483
2025-04-07 10:00:00,28.000,28.770,27.230,27.600,12161035
2025-04-07 10:30:00,27.600,27.640,27.470,27.530,2408500
2025-04-07 11:00:00,27.530,27.710,27.400,27.510,1667000
2025-04-07 11:30:00,27.520,27.520,27.240,27.250,1708550
2025-04-07 13:30:00,27.240,27.460,27.230,27.230,3012700
2025-04-07 14:00:00,27.230,27.240,27.230,27.230,1239000
2025-04-07 14:30:00,27.230,27.230,27.230,27.230,387300
2025-04-07 15:00:00,27.230,27.230,27.230,27.230,949000
2025-04-08 10:00:00,26.850,27.700,26.850,27.130,8279935
2025-04-08 10:30:00,27.130,27.210,26.950,26.980,1909797
2025-04-08 11:00:00,26.990,27.080,26.920,26.980,1335768
2025-04-08 11:30:00,26.980,27.120,26.960,26.990,1267200
2025-04-08 13:30:00,26.990,27.000,26.570,26.640,3224800
2025-04-08 14:00:00,26.640,26.900,26.600,26.760,1931775
2025-04-08 14:30:00,26.740,26.880,26.610,26.770,1257747
2025-04-08 15:00:00,26.760,27.120,26.710,27.070,2449075
2025-04-09 10:00:00,26.350,26.440,25.570,26.180,10016270
2025-04-09 10:30:00,26.180,27.010,26.180,26.810,4490675
2025-04-09 11:00:00,26.820,26.850,26.600,26.800,1347300
2025-04-09 11:30:00,26.790,26.960,26.620,26.880,1586631
2025-04-09 13:30:00,26.880,26.920,26.620,26.910,1474200
2025-04-09 14:00:00,26.910,27.250,26.840,27.080,2811300
2025-04-09 14:30:00,27.080,27.190,26.930,27.130,2019530
2025-04-09 15:00:00,27.130,27.190,27.000,27.070,2913265
2025-04-10 10:00:00,27.880,27.980,27.440,27.870,9059582
2025-04-10 10:30:00,27.880,27.950,27.750,27.860,2815387
2025-04-10 11:00:00,27.870,27.870,27.600,27.600,1796000
2025-04-10 11:30:00,27.600,27.620,27.450,27.470,1723100
2025-04-10 13:30:00,27.470,27.650,27.450,27.640,1158572
2025-04-10 14:00:00,27.640,27.700,27.540,27.590,1072800
2025-04-10 14:30:00,27.580,27.740,27.570,27.610,1473500
2025-04-10 15:00:00,27.620,27.660,27.530,27.560,2107100
2025-04-11 10:00:00,27.250,27.780,27.230,27.720,4289872
2025-04-11 10:30:00,27.720,27.730,27.540,27.590,1390800
2025-04-11 11:00:00,27.580,27.650,27.500,27.520,820000
2025-04-11 11:30:00,27.520,27.680,27.500,27.640,876810
2025-04-11 13:30:00,27.640,27.900,27.630,27.830,2391600
2025-04-11 14:00:00,27.820,27.950,27.780,27.870,1966400
2025-04-11 14:30:00,27.860,27.920,27.770,27.800,1387424
2025-04-11 15:00:00,27.800,27.800,27.720,27.750,2178858
2025-04-14 10:00:00,28.150,28.400,28.020,28.260,4985787
2025-04-14 10:30:00,28.260,28.370,28.240,28.300,1635900
2025-04-14 11:00:00,28.290,28.340,28.260,28.310,1009200
2025-04-14 11:30:00,28.320,28.380,28.190,28.260,1548100
2025-04-14 13:30:00,28.270,28.280,28.100,28.130,1293700
2025-04-14 14:00:00,28.130,28.170,28.070,28.090,1176600
2025-04-14 14:30:00,28.090,28.130,28.050,28.110,632000
2025-04-14 15:00:00,28.100,28.140,28.040,28.060,1735808
2025-04-15 10:00:00,28.180,28.310,27.980,28.040,3367903
2025-04-15 10:30:00,28.040,28.130,28.000,28.060,1158000
2025-04-15 11:00:00,28.060,28.110,28.040,28.070,572570
2025-04-15 11:30:00,28.070,28.090,27.910,28.010,911100
2025-04-15 13:30:00,27.980,28.030,27.900,27.960,743800
2025-04-15 14:00:00,27.950,28.030,27.940,27.960,559013
2025-04-15 14:30:00,27.960,27.960,27.860,27.870,797343
2025-04-15 15:00:00,27.860,28.000,27.860,27.950,1405890
2025-04-16 10:00:00,27.950,27.950,27.680,27.700,2242993
2025-04-16 10:30:00,27.700,27.720,27.540,27.570,1530200
2025-04-16 11:00:00,27.570,27.640,27.450,27.510,1079400
2025-04-16 11:30:00,27.510,27.530,27.290,27.300,1403400
2025-04-16 13:30:00,27.290,27.520,27.240,27.450,1184110
2025-04-16 14:00:00,27.430,27.500,27.340,27.390,839800
2025-04-16 14:30:00,27.390,27.450,27.370,27.380,435570
2025-04-16 15:00:00,27.380,27.580,27.330,27.550,2951347
2025-04-17 10:00:00,27.450,27.640,27.320,27.570,1937200
2025-04-17 10:30:00,27.580,27.650,27.500,27.590,1266980
2025-04-17 11:00:00,27.580,27.620,27.530,27.590,657530
2025-04-17 11:30:00,27.570,27.680,27.570,27.660,795900
2025-04-17 13:30:00,27.670,27.680,27.550,27.590,762305
2025-04-17 14:00:00,27.580,27.600,27.530,27.540,523300
2025-04-17 14:30:00,27.540,27.620,27.500,27.510,626400
2025-04-17 15:00:00,27.510,27.550,27.460,27.460,1202600
2025-04-18 10:00:00,27.460,27.580,27.250,27.250,1527799
2025-04-18 10:30:00,27.250,27.350,27.200,27.340,801100
2025-04-18 11:00:00,27.340,27.410,27.280,27.290,528200
2025-04-18 11:30:00,27.290,27.320,27.250,27.310,390700
2025-04-18 13:30:00,27.300,27.310,27.250,27.290,375300
2025-04-18 14:00:00,27.280,27.550,27.280,27.510,770800
2025-04-18 14:30:00,27.500,27.560,27.460,27.490,605700
2025-04-18 15:00:00,27.490,27.640,27.450,27.530,1604084
2025-04-21 10:00:00,27.450,27.620,27.280,27.500,2206100
2025-04-21 10:30:00,27.500,27.600,27.500,27.560,728100
2025-04-21 11:00:00,27.560,27.710,27.530,27.630,1080800
2025-04-21 11:30:00,27.620,27.670,27.540,27.560,512600
2025-04-21 13:30:00,27.560,27.650,27.500,27.620,922400
2025-04-21 14:00:00,27.620,27.660,27.570,27.640,572600
2025-04-21 14:30:00,27.650,27.770,27.610,27.730,1139831
2025-04-21 15:00:00,27.740,27.740,27.660,27.710,1111700
2025-04-22 10:00:00,27.640,27.650,27.420,27.480,2593908
2025-04-22 10:30:00,27.470,27.530,27.380,27.500,1045350
2025-04-22 11:00:00,27.500,27.530,27.410,27.470,726400
2025-04-22 11:30:00,27.470,27.480,27.410,27.470,602000
2025-04-22 13:30:00,27.470,27.850,27.450,27.610,1849200
2025-04-22 14:00:00,27.620,27.660,27.560,27.580,1001100
2025-04-22 14:30:00,27.590,27.660,27.560,27.590,583300
2025-04-22 15:00:00,27.590,27.600,27.480,27.480,1140566
2025-04-23 10:00:00,27.640,27.830,27.430,27.580,2761600
2025-04-23 10:30:00,27.580,27.580,27.430,27.440,1073900
2025-04-23 11:00:00,27.430,27.510,27.360,27.450,907600
2025-04-23 11:30:00,27.440,27.530,27.430,27.520,577500
2025-04-23 13:30:00,27.520,27.680,27.510,27.610,1186500
2025-04-23 14:00:00,27.600,27.640,27.540,27.560,782680
2025-04-23 14:30:00,27.570,27.590,27.490,27.590,835382
2025-04-23 15:00:00,27.580,27.650,27.550,27.590,1455328
2025-04-24 10:00:00,28.800,29.770,28.680,29.300,27143638
2025-04-24 10:30:00,29.290,29.380,29.030,29.260,4405252
2025-04-24 11:00:00,29.280,29.290,28.930,28.980,2872102
2025-04-24 11:30:00,28.980,28.990,28.800,28.930,2666414
2025-04-24 13:30:00,28.940,28.990,28.770,28.820,1502692
2025-04-24 14:00:00,28.810,28.920,28.770,28.860,1327308
2025-04-24 14:30:00,28.880,28.900,28.770,28.790,1445600
2025-04-24 15:00:00,28.790,28.790,28.580,28.760,4056349
2025-04-25 10:00:00,28.690,28.940,28.500,28.840,8773071
2025-04-25 10:30:00,28.840,29.160,28.800,28.890,4034054
2025-04-25 11:00:00,28.880,28.930,28.760,28.840,1470690
2025-04-25 11:30:00,28.840,28.900,28.800,28.830,1227800
2025-04-25 13:30:00,28.830,28.840,28.740,28.740,1259600
2025-04-25 14:00:00,28.740,28.810,28.710,28.740,942317
2025-04-25 14:30:00,28.740,28.780,28.660,28.760,1496675
2025-04-25 15:00:00,28.760,28.830,28.730,28.790,2240457
2025-04-28 10:00:00,28.500,28.600,28.150,28.180,5796245
2025-04-28 10:30:00,28.190,28.360,28.080,28.320,2139099
2025-04-28 11:00:00,28.320,28.350,28.220,28.240,985100
2025-04-28 11:30:00,28.240,28.290,28.180,28.210,721700
2025-04-28 13:30:00,28.210,28.270,28.170,28.210,1117000
2025-04-28 14:00:00,28.220,28.230,28.100,28.130,943800
2025-04-28 14:30:00,28.130,28.160,28.100,28.150,1073500
2025-04-28 15:00:00,28.150,28.190,28.100,28.120,1900402
2025-04-29 10:00:00,28.000,28.380,27.980,28.280,2894272
2025-04-29 10:30:00,28.280,28.560,28.240,28.530,2780100
2025-04-29 11:00:00,28.540,28.610,28.430,28.470,2321142
2025-04-29 11:30:00,28.470,28.530,28.450,28.520,739500
2025-04-29 13:30:00,28.530,28.530,28.420,28.490,840300
2025-04-29 14:00:00,28.490,28.550,28.420,28.500,890961
2025-04-29 14:30:00,28.500,28.650,28.490,28.560,1249333
2025-04-29 15:00:00,28.570,28.620,28.560,28.600,2347320
2025-04-30 10:00:00,28.600,28.990,28.560,28.980,4532726
2025-04-30 10:30:00,28.980,29.240,28.970,29.220,4203912
2025-04-30 11:00:00,29.220,29.250,28.980,29.070,1545485
2025-04-30 11:30:00,29.080,29.170,29.020,29.100,1109100
2025-04-30 13:30:00,29.100,29.100,28.830,28.860,1609140
2025-04-30 14:00:00,28.860,28.900,28.780,28.830,1238600
2025-04-30 14:30:00,28.830,28.910,28.820,28.880,1170700
2025-04-30 15:00:00,28.880,28.900,28.800,28.810,2316762
2025-05-06 10:00:00,28.780,29.070,28.780,29.060,4805351
2025-05-06 10:30:00,29.060,29.250,29.000,29.080,3565350
2025-05-06 11:00:00,29.080,29.140,29.050,29.090,1228381
2025-05-06 11:30:00,29.100,29.150,29.070,29.120,813822
2025-05-06 13:30:00,29.120,29.150,29.020,29.070,1463557
2025-05-06 14:00:00,29.070,29.090,29.000,29.040,1305001
2025-05-06 14:30:00,29.030,29.080,29.010,29.020,1190400
2025-05-06 15:00:00,29.020,29.130,29.010,29.130,2478490
2025-05-07 10:00:00,29.450,29.500,28.950,29.070,7089300
2025-05-07 10:30:00,29.070,29.140,28.890,28.940,2169600
2025-05-07 11:00:00,28.950,29.020,28.890,28.960,1147900
2025-05-07 11:30:00,28.960,29.030,28.890,28.960,761300
2025-05-07 13:30:00,28.960,29.080,28.940,28.980,821270
2025-05-07 14:00:00,28.980,29.010,28.890,28.890,912800
2025-05-07 14:30:00,28.890,28.910,28.820,28.900,1034700
2025-05-07 15:00:00,28.890,29.010,28.870,28.980,1609187
2025-05-08 10:00:00,28.850,29.080,28.770,29.080,3290350
2025-05-08 10:30:00,29.070,29.130,28.980,29.120,1423500
2025-05-08 11:00:00,29.120,29.300,29.080,29.270,2681500
2025-05-08 11:30:00,29.280,29.600,29.280,29.390,4743170
2025-05-08 13:30:00,29.390,29.400,29.220,29.280,1631412
2025-05-08 14:00:00,29.280,29.350,29.220,29.320,826600
2025-05-08 14:30:00,29.320,29.390,29.300,29.350,1316400
2025-05-08 15:00:00,29.330,29.400,29.310,29.400,2609862
2025-05-09 10:00:00,29.340,29.340,29.050,29.290,3553000
2025-05-09 10:30:00,29.280,29.400,29.170,29.210,1792900
2025-05-09 11:00:00,29.210,29.220,29.050,29.110,1293600
2025-05-09 11:30:00,29.100,29.140,29.060,29.100,742300
2025-05-09 13:30:00,29.100,29.180,29.090,29.150,700453
2025-05-09 14:00:00,29.150,29.330,29.100,29.300,913000
2025-05-09 14:30:00,29.300,29.300,29.110,29.120,644600
2025-05-09 15:00:00,29.120,29.300,29.110,29.150,1500625
2025-05-12 10:00:00,29.310,29.440,29.160,29.290,3939192
2025-05-12 10:30:00,29.300,29.430,29.300,29.390,2486000
2025-05-12 11:00:00,29.380,29.530,29.320,29.490,2962000
2025-05-12 11:30:00,29.490,29.500,29.370,29.400,999391
2025-05-12 13:30:00,29.400,29.500,29.370,29.500,1222194
2025-05-12 14:00:00,29.500,29.530,29.430,29.510,1468091
2025-05-12 14:30:00,29.510,29.650,29.500,29.630,1900530
2025-05-12 15:00:00,29.630,29.750,29.590,29.730,3307239
2025-05-13 10:00:00,29.760,30.200,29.600,29.880,9245894
2025-05-13 10:30:00,29.890,29.980,29.770,29.810,2711700
2025-05-13 11:00:00,29.820,29.830,29.690,29.800,2037856
2025-05-13 11:30:00,29.780,29.800,29.690,29.700,844990
2025-05-13 13:30:00,29.700,29.860,29.690,29.800,961461
2025-05-13 14:00:00,29.790,29.880,29.750,29.820,801419
2025-05-13 14:30:00,29.810,29.880,29.700,29.730,1910479
2025-05-13 15:00:00,29.730,29.820,29.720,29.810,2146826
2025-05-14 10:00:00,29.710,30.200,29.620,30.170,6326800
2025-05-14 10:30:00,30.170,30.220,29.980,30.140,5283720
2025-05-14 11:00:00,30.140,30.140,30.010,30.090,1280200
2025-05-14 11:30:00,30.090,30.150,30.020,30.040,1193000
2025-05-14 13:30:00,30.040,30.070,29.930,29.940,1736400
2025-05-14 14:00:00,29.940,30.140,29.900,30.030,2306510
2025-05-14 14:30:00,30.030,30.140,29.920,30.140,1870000
2025-05-14 15:00:00,30.130,30.350,30.110,30.230,5608662
2025-05-15 10:00:00,30.030,30.080,29.790,29.800,5026382
2025-05-15 10:30:00,29.790,29.880,29.750,29.790,2058212
2025-05-15 11:00:00,29.780,29.850,29.630,29.650,1696400
2025-05-15 11:30:00,29.660,29.700,29.540,29.570,1696012
2025-05-15 13:30:00,29.580,29.630,29.400,29.430,2159670
2025-05-15 14:00:00,29.440,29.470,29.380,29.400,1307100
2025-05-15 14:30:00,29.400,29.480,29.330,29.430,1358700
2025-05-15 15:00:00,29.430,29.460,29.360,29.390,1937615
2025-05-16 10:00:00,29.200,29.590,29.150,29.520,2746000
2025-05-16 10:30:00,29.530,29.560,29.250,29.300,1668700
2025-05-16 11:00:00,29.310,29.400,29.280,29.380,894900
2025-05-16 11:30:00,29.370,29.400,29.280,29.340,751041
2025-05-16 13:30:00,29.320,29.420,29.290,29.380,749500
2025-05-16 14:00:00,29.380,29.400,29.240,29.280,1136000
2025-05-16 14:30:00,29.270,29.290,29.160,29.240,983539
2025-05-16 15:00:00,29.240,29.270,29.150,29.150,2124428
2025-05-19 10:00:00,29.000,29.160,28.840,28.990,3783439
2025-05-19 10:30:00,28.990,29.150,28.900,28.940,1427261
2025-05-19 11:00:00,28.920,29.130,28.920,29.040,759700
2025-05-19 11:30:00,29.040,29.130,29.030,29.070,555500
2025-05-19 13:30:00,29.080,29.210,29.060,29.170,823000
2025-05-19 14:00:00,29.170,29.240,29.150,29.150,544400
2025-05-19 14:30:00,29.150,29.260,29.150,29.240,725822
2025-05-19 15:00:00,29.230,29.340,29.230,29.290,1491400
2025-05-20 10:00:00,29.300,29.450,29.000,29.120,2625260
2025-05-20 10:30:00,29.110,29.290,29.060,29.150,1495349
2025-05-20 11:00:00,29.160,29.190,29.040,29.100,703651
2025-05-20 11:30:00,29.100,29.260,29.070,29.230,913983
2025-05-20 13:30:00,29.230,29.360,29.230,29.330,1203108
2025-05-20 14:00:00,29.320,29.350,29.280,29.290,816400
2025-05-20 14:30:00,29.290,29.300,29.250,29.290,625000
2025-05-20 15:00:00,29.300,29.310,29.240,29.290,1376908
2025-05-21 10:00:00,29.230,29.850,29.150,29.570,6476113
2025-05-21 10:30:00,29.560,29.760,29.440,29.750,2238000
2025-05-21 11:00:00,29.750,29.920,29.690,29.750,4829508
2025-05-21 11:30:00,29.750,29.820,29.720,29.760,1215600
2025-05-21 13:30:00,29.760,29.820,29.660,29.770,1632272
2025-05-21 14:00:00,29.770,29.780,29.620,29.620,1088030
2025-05-21 14:30:00,29.620,29.630,29.530,29.570,1047580
2025-05-21 15:00:00,29.570,29.590,29.510,29.530,1934997
2025-05-22 10:00:00,29.500,30.110,29.390,29.870,8764384
2025-05-22 10:30:00,29.870,29.870,29.610,29.680,1904400
2025-05-22 11:00:00,29.670,29.810,29.560,29.560,1275200
2025-05-22 11:30:00,29.560,29.750,29.510,29.690,1887186
2025-05-22 13:30:00,29.690,29.710,29.470,29.480,1313800
2025-05-22 14:00:00,29.470,29.590,29.370,29.570,1643337
2025-05-22 14:30:00,29.570,30.060,29.550,29.870,3627710
2025-05-22 15:00:00,29.890,29.970,29.600,29.600,2868400
2025-05-23 10:00:00,29.590,31.200,29.540,30.500,22115914
2025-05-23 10:30:00,30.500,30.570,30.360,30.450,3813576
2025-05-23 11:00:00,30.440,30.540,30.430,30.500,1723925
2025-05-23 11:30:00,30.500,30.960,30.500,30.650,3607450
2025-05-23 13:30:00,30.650,30.700,30.450,30.450,1541959
2025-05-23 14:00:00,30.450,30.530,30.410,30.430,1478774
2025-05-23 14:30:00,30.430,30.430,30.130,30.170,3467926
2025-05-23 15:00:00,30.160,30.230,30.070,30.170,4149200
2025-05-26 10:00:00,30.020,30.030,29.520,29.610,7574100
2025-05-26 10:30:00,29.610,29.760,29.580,29.720,2252900
2025-05-26 11:00:00,29.720,29.730,29.580,29.600,1605300
2025-05-26 11:30:00,29.610,29.610,29.370,29.410,2396300
2025-05-26 13:30:00,29.410,29.450,29.290,29.320,1762500
2025-05-26 14:00:00,29.330,29.440,29.320,29.420,1204062
2025-05-26 14:30:00,29.420,29.560,29.390,29.560,1532675
2025-05-26 15:00:00,29.560,29.690,29.520,29.590,2684196
2025-05-27 10:00:00,29.570,30.330,29.430,29.740,8521182
2025-05-27 10:30:00,29.730,29.780,29.650,29.680,1598200
2025-05-27 11:00:00,29.680,29.790,29.610,29.660,1111300
2025-05-27 11:30:00,29.660,29.700,29.520,29.540,966700
2025-05-27 13:30:00,29.530,29.890,29.500,29.620,1473738
2025-05-27 14:00:00,29.640,29.740,29.620,29.730,748000
2025-05-27 14:30:00,29.720,29.880,29.700,29.810,1383677
2025-05-27 15:00:00,29.810,29.890,29.750,29.880,2308056
2025-05-28 10:00:00,29.670,29.770,29.050,29.200,7868360
2025-05-28 10:30:00,29.210,29.210,28.900,28.940,4154786
2025-05-28 11:00:00,28.940,28.960,28.790,28.900,2980327
2025-05-28 11:30:00,28.890,29.000,28.830,29.000,1397225
2025-05-28 13:30:00,29.000,29.030,28.870,28.910,1055400
2025-05-28 14:00:00,28.900,28.980,28.820,28.880,1386800
2025-05-28 14:30:00,28.870,28.880,28.800,28.870,1418400
2025-05-28 15:00:00,28.860,29.010,28.810,28.870,2774585
2025-05-29 10:00:00,28.840,29.050,28.570,29.000,4268660
2025-05-29 10:30:00,29.010,29.160,28.960,29.110,2201400
2025-05-29 11:00:00,29.110,29.240,29.080,29.110,2117600
2025-05-29 11:30:00,29.110,29.270,29.090,29.240,1625024
2025-05-29 13:30:00,29.240,29.290,29.140,29.230,1809100
2025-05-29 14:00:00,29.230,29.300,29.180,29.250,1709104
2025-05-29 14:30:00,29.250,29.280,29.190,29.230,1474398
2025-05-29 15:00:00,29.240,29.300,29.220,29.300,2244390
2025-05-30 10:00:00,29.180,29.300,28.950,28.950,3335800
2025-05-30 10:30:00,28.950,28.990,28.910,28.950,1707600
2025-05-30 11:00:00,28.940,29.010,28.910,28.990,793600
2025-05-30 11:30:00,28.990,29.170,28.970,29.080,740200
2025-05-30 13:30:00,29.080,29.100,29.000,29.040,556616
2025-05-30 14:00:00,29.030,29.080,28.980,29.000,541153
2025-05-30 14:30:00,29.000,29.070,28.950,29.000,921347
2025-05-30 15:00:00,29.000,29.050,28.940,28.940,1799421
2025-06-03 10:00:00,28.800,29.100,28.700,29.060,2839200
2025-06-03 10:30:00,29.060,29.100,28.940,28.980,1027000
2025-06-03 11:00:00,28.980,28.990,28.910,28.990,802795
2025-06-03 11:30:00,28.980,29.680,28.980,29.460,4058500
2025-06-03 13:30:00,29.470,29.490,29.230,29.250,1266700
2025-06-03 14:00:00,29.250,29.380,29.240,29.350,683800
2025-06-03 14:30:00,29.350,29.430,29.330,29.360,973400
2025-06-03 15:00:00,29.370,29.390,29.300,29.320,1616189
2025-06-04 10:00:00,29.350,30.200,29.320,29.870,8267604
2025-06-04 10:30:00,29.870,30.570,29.840,30.430,11497272
2025-06-04 11:00:00,30.430,30.470,30.280,30.370,4075650
2025-06-04 11:30:00,30.370,30.450,30.280,30.370,2554200
2025-06-04 13:30:00,30.360,30.370,30.150,30.180,1872200
2025-06-04 14:00:00,30.190,30.300,30.140,30.280,1373200
2025-06-04 14:30:00,30.280,30.400,30.240,30.360,1731340
2025-06-04 15:00:00,30.360,30.430,30.320,30.370,4215790
2025-06-05 10:00:00,30.370,30.540,30.100,30.400,6315704
2025-06-05 10:30:00,30.390,30.490,30.270,30.280,2563600
2025-06-05 11:00:00,30.280,30.370,30.220,30.290,1338700
2025-06-05 11:30:00,30.290,30.320,30.230,30.240,862700
2025-06-05 13:30:00,30.250,30.260,30.100,30.190,1876600
2025-06-05 14:00:00,30.180,30.230,30.170,30.210,894800
2025-06-05 14:30:00,30.220,30.270,30.200,30.240,1130069
2025-06-05 15:00:00,30.240,30.350,30.230,30.260,1798476
2025-06-06 10:00:00,30.370,30.690,30.160,30.580,5892010
2025-06-06 10:30:00,30.560,30.620,30.430,30.470,2258100
2025-06-06 11:00:00,30.470,30.560,30.440,30.500,939784
2025-06-06 11:30:00,30.500,30.520,30.350,30.360,920500
2025-06-06 13:30:00,30.350,30.410,30.280,30.320,1180700
2025-06-06 14:00:00,30.320,30.350,30.270,30.300,677400
2025-06-06 14:30:00,30.300,30.410,30.230,30.380,1287700
2025-06-06 15:00:00,30.390,30.390,30.300,30.340,1653600
2025-06-09 10:00:00,30.330,30.590,30.170,30.490,4583100
2025-06-09 10:30:00,30.480,30.590,30.400,30.440,2355393
2025-06-09 11:00:00,30.440,30.500,30.300,30.320,1737551
2025-06-09 11:30:00,30.320,30.400,30.280,30.310,1190000
2025-06-09 13:30:00,30.310,30.360,30.230,30.320,1119900
2025-06-09 14:00:00,30.320,30.350,30.280,30.350,622700
2025-06-09 14:30:00,30.350,30.390,30.340,30.360,604000
2025-06-09 15:00:00,30.360,30.400,30.350,30.370,1764357
2025-06-10 10:00:00,30.380,30.970,30.380,30.460,4878693
2025-06-10 10:30:00,30.460,30.480,30.340,30.420,1670688
2025-06-10 11:00:00,30.410,30.520,30.310,30.420,1269200
2025-06-10 11:30:00,30.420,30.590,30.420,30.460,1074300
2025-06-10 13:30:00,30.450,30.470,29.920,29.920,3342100
2025-06-10 14:00:00,29.930,30.230,29.900,30.140,1768400
2025-06-10 14:30:00,30.140,30.190,30.050,30.150,1120600
2025-06-10 15:00:00,30.140,30.200,30.120,30.150,1313727
2025-06-11 10:00:00,30.110,31.020,30.110,30.860,10435276
2025-06-11 10:30:00,30.860,30.900,30.600,30.730,2994600
2025-06-11 11:00:00,30.740,30.840,30.630,30.640,1300400
2025-06-11 11:30:00,30.640,30.780,30.590,30.740,810600
2025-06-11 13:30:00,30.750,30.780,30.570,30.650,1417900
2025-06-11 14:00:00,30.630,30.910,30.620,30.790,2374700
2025-06-11 14:30:00,30.810,30.930,30.770,30.850,2084900
2025-06-11 15:00:00,30.860,30.880,30.720,30.750,2493595
2025-06-12 10:00:00,30.610,30.740,30.470,30.530,4218873
2025-06-12 10:30:00,30.530,30.600,30.500,30.550,1261800
2025-06-12 11:00:00,30.540,30.700,30.510,30.650,1461048
2025-06-12 11:30:00,30.660,30.760,30.610,30.710,1262804
2025-06-12 13:30:00,30.710,30.810,30.640,30.640,1609800
2025-06-12 14:00:00,30.640,30.670,30.530,30.650,1062700
2025-06-12 14:30:00,30.650,30.710,30.630,30.650,765800
2025-06-12 15:00:00,30.650,30.660,30.590,30.620,1819500
2025-06-13 10:00:00,30.960,30.960,30.400,30.530,5302656
2025-06-13 10:30:00,30.530,30.600,30.260,30.330,2892639
2025-06-13 11:00:00,30.320,30.360,30.150,30.170,2052200
2025-06-13 11:30:00,30.170,30.250,30.150,30.200,1083500
2025-06-13 13:30:00,30.200,30.230,30.100,30.200,1791052
2025-06-13 14:00:00,30.200,30.320,30.180,30.270,1052500
2025-06-13 14:30:00,30.260,30.420,30.220,30.350,1414300
2025-06-13 15:00:00,30.340,30.350,30.190,30.200,1976698
2025-06-16 10:00:00,30.000,30.140,29.870,30.010,4046573
2025-06-16 10:30:00,30.010,30.020,29.900,29.960,1637000
2025-06-16 11:00:00,29.960,30.010,29.890,29.910,1184000
2025-06-16 11:30:00,29.910,29.930,29.820,29.850,1286700
2025-06-16 13:30:00,29.860,29.950,29.810,29.940,1165091
2025-06-16 14:00:00,29.930,29.940,29.850,29.910,712000
2025-06-16 14:30:00,29.900,30.070,29.900,30.050,1114400
2025-06-16 15:00:00,30.060,30.110,30.020,30.030,1583564
2025-06-17 10:00:00,30.120,30.360,30.040,30.250,4096099
2025-06-17 10:30:00,30.240,30.420,30.230,30.340,2151200
2025-06-17 11:00:00,30.340,30.550,30.280,30.440,2390066
2025-06-17 11:30:00,30.430,30.600,30.410,30.480,2198371
2025-06-17 13:30:00,30.480,30.500,30.270,30.300,1118300
2025-06-17 14:00:00,30.300,30.320,30.230,30.260,713500
2025-06-17 14:30:00,30.260,30.270,30.140,30.150,1163600
2025-06-17 15:00:00,30.150,30.190,30.140,30.150,1606520
2025-06-18 10:00:00,30.210,30.280,29.880,29.990,3466104
2025-06-18 10:30:00,29.960,29.960,29.700,29.800,2651500
2025-06-18 11:00:00,29.790,29.890,29.760,29.770,821307
2025-06-18 11:30:00,29.760,29.810,29.730,29.760,873210
2025-06-18 13:30:00,29.760,29.870,29.760,29.830,711200
2025-06-18 14:00:00,29.840,29.990,29.840,29.940,1358158
2025-06-18 14:30:00,29.940,29.980,29.890,29.920,621800
2025-06-18 15:00:00,29.920,29.980,29.890,29.900,1593183
2025-06-19 10:00:00,29.790,30.570,29.710,30.140,8628700
2025-06-19 10:30:00,30.150,30.150,29.800,29.860,3260000
2025-06-19 11:00:00,29.860,29.950,29.800,29.810,1375420
2025-06-19 11:30:00,29.800,29.820,29.560,29.570,2116700
2025-06-19 13:30:00,29.560,29.760,29.500,29.690,1480559
2025-06-19 14:00:00,29.700,30.200,29.670,30.000,3038770
2025-06-19 14:30:00,29.990,30.000,29.740,29.770,945100
2025-06-19 15:00:00,29.760,29.820,29.680,29.780,1785425
2025-06-20 10:00:00,29.650,30.450,29.650,29.890,6886525
2025-06-20 10:30:00,29.890,30.000,29.750,29.900,1803900
2025-06-20 11:00:00,29.900,29.970,29.810,29.830,867100
2025-06-20 11:30:00,29.830,29.840,29.700,29.720,1016692
2025-06-20 13:30:00,29.720,29.730,29.540,29.550,2016090
2025-06-20 14:00:00,29.560,29.600,29.430,29.470,1519124
2025-06-20 14:30:00,29.460,29.470,29.360,29.390,1574000
2025-06-20 15:00:00,29.380,29.390,29.320,29.330,2237100
2025-06-23 10:00:00,29.210,30.360,29.210,30.120,10608716
2025-06-23 10:30:00,30.120,30.220,29.810,29.830,2469400
2025-06-23 11:00:00,29.830,29.910,29.800,29.900,1081915
2025-06-23 11:30:00,29.900,29.900,29.830,29.870,526500
2025-06-23 13:30:00,29.860,29.970,29.740,29.950,1474233
2025-06-23 14:00:00,29.940,30.240,29.920,30.110,2814980
2025-06-23 14:30:00,30.110,30.230,30.080,30.210,2671612
2025-06-23 15:00:00,30.210,30.250,30.180,30.240,3544800
2025-06-24 10:00:00,30.230,30.900,30.050,30.750,12166271
2025-06-24 10:30:00,30.760,30.840,30.640,30.760,3919961
2025-06-24 11:00:00,30.760,30.790,30.500,30.520,2204400
2025-06-24 11:30:00,30.510,30.700,30.510,30.690,882300
2025-06-24 13:30:00,30.690,30.870,30.650,30.780,2646600
2025-06-24 14:00:00,30.760,31.420,30.760,31.060,10272449
2025-06-24 14:30:00,31.060,31.180,30.990,31.120,2737011
2025-06-24 15:00:00,31.120,31.250,31.100,31.220,5174844
2025-06-25 10:00:00,31.150,31.550,31.010,31.480,8904374
2025-06-25 10:30:00,31.480,31.640,31.180,31.250,5299200
2025-06-25 11:00:00,31.260,31.330,31.110,31.150,2080040
2025-06-25 11:30:00,31.150,31.220,31.100,31.190,2264030
2025-06-25 13:30:00,31.190,31.380,31.110,31.340,2494169
2025-06-25 14:00:00,31.320,31.450,31.280,31.430,2100000
2025-06-25 14:30:00,31.430,31.590,31.390,31.550,3913915
2025-06-25 15:00:00,31.540,31.560,31.460,31.520,3836030
2025-06-26 10:00:00,31.500,32.010,31.490,31.740,7717955
2025-06-26 10:30:00,31.750,31.840,31.590,31.680,3054113
2025-06-26 11:00:00,31.680,32.710,31.620,32.690,10813892
2025-06-26 11:30:00,32.700,32.700,31.960,32.000,5661800
2025-06-26 13:30:00,32.000,32.010,31.680,31.740,2840400
2025-06-26 14:00:00,31.740,31.760,31.470,31.480,2925500
2025-06-26 14:30:00,31.480,31.630,31.450,31.530,2175410
2025-06-26 15:00:00,31.520,31.530,31.430,31.440,3265230
2025-06-27 10:00:00,31.750,32.950,31.750,32.590,22341259
2025-06-27 10:30:00,32.600,32.910,32.470,32.500,7183603
2025-06-27 11:00:00,32.510,33.160,32.470,32.790,8386800
2025-06-27 11:30:00,32.790,32.800,32.530,32.570,3027500
2025-06-27 13:30:00,32.570,32.600,32.260,32.290,3421700
2025-06-27 14:00:00,32.300,32.330,32.170,32.210,2393100
2025-06-27 14:30:00,32.210,32.320,32.160,32.280,1939800
2025-06-27 15:00:00,32.280,32.350,32.220,32.270,4484448
2025-06-30 10:00:00,32.250,32.350,31.780,31.930,9954936
2025-06-30 10:30:00,31.930,32.140,31.840,32.070,3819500
2025-06-30 11:00:00,32.070,32.080,31.900,31.900,2169475
2025-06-30 11:30:00,31.900,32.000,31.880,31.950,1555347
2025-06-30 13:30:00,31.950,32.100,31.900,32.040,1902915
2025-06-30 14:00:00,32.040,32.050,31.910,31.950,1734968
2025-06-30 14:30:00,31.940,32.030,31.940,32.010,1983894
2025-06-30 15:00:00,32.010,32.040,31.980,32.040,3593006
2025-07-01 10:00:00,31.820,31.890,31.400,31.490,8005308
2025-07-01 10:30:00,31.490,31.500,31.400,31.400,2381600
2025-07-01 11:00:00,31.400,31.420,31.220,31.320,3012800
2025-07-01 11:30:00,31.310,31.400,31.230,31.380,1278040
2025-07-01 13:30:00,31.380,31.750,31.370,31.740,2535790
2025-07-01 14:00:00,31.740,31.750,31.610,31.690,1101000
2025-07-01 14:30:00,31.690,31.780,31.660,31.720,1239200
2025-07-01 15:00:00,31.720,31.790,31.660,31.780,2035700
2025-07-02 10:00:00,31.900,31.990,31.620,31.810,4664349
2025-07-02 10:30:00,31.810,31.910,31.710,31.730,1987000
2025-07-02 11:00:00,31.720,32.350,31.700,32.240,5890900
2025-07-02 11:30:00,32.230,32.250,32.110,32.220,3036773
2025-07-02 13:30:00,32.220,32.510,32.120,32.180,4871400
2025-07-02 14:00:00,32.200,32.710,32.180,32.480,6325930
2025-07-02 14:30:00,32.480,32.600,32.380,32.400,2846400
2025-07-02 15:00:00,32.400,32.510,32.390,32.450,4004039
2025-07-03 10:00:00,32.660,32.850,32.350,32.540,10608873
2025-07-03 10:30:00,32.540,32.820,32.490,32.620,3756693
2025-07-03 11:00:00,32.610,32.840,32.550,32.660,2905300
2025-07-03 11:30:00,32.650,33.500,32.610,33.320,9933069
2025-07-03 13:30:00,33.320,33.420,33.080,33.170,5380206
2025-07-03 14:00:00,33.170,33.420,33.130,33.370,4603958
2025-07-03 14:30:00,33.380,33.500,33.260,33.350,4144940
2025-07-03 15:00:00,33.360,33.360,33.250,33.330,4391967
2025-07-04 10:00:00,33.030,33.200,32.470,32.520,11105435
2025-07-04 10:30:00,32.520,32.610,32.370,32.470,4557500
2025-07-04 11:00:00,32.470,32.580,32.420,32.480,1918800
2025-07-04 11:30:00,32.480,32.550,32.410,32.530,1525500
2025-07-04 13:30:00,32.530,32.720,32.470,32.680,3007049
2025-07-04 14:00:00,32.670,32.710,32.460,32.470,2176200
2025-07-04 14:30:00,32.470,32.490,32.310,32.330,3064000
2025-07-04 15:00:00,32.330,32.410,32.300,32.370,3083000
2025-07-07 10:00:00,32.380,32.380,32.080,32.200,3753000
2025-07-07 10:30:00,32.200,32.300,32.140,32.170,1362800
2025-07-07 11:00:00,32.170,32.240,32.080,32.170,1215830
2025-07-07 11:30:00,32.170,32.220,32.090,32.120,862500
2025-07-07 13:30:00,32.130,32.380,32.080,32.270,1740226
2025-07-07 14:00:00,32.270,32.300,32.200,32.220,1160174
2025-07-07 14:30:00,32.220,32.240,32.140,32.150,721392
2025-07-07 15:00:00,32.150,32.230,32.100,32.200,2215325
2025-07-08 10:00:00,32.220,32.800,32.220,32.790,7821951
2025-07-08 10:30:00,32.790,33.250,32.520,33.230,10209637
2025-07-08 11:00:00,33.230,33.400,33.000,33.350,6651400
2025-07-08 11:30:00,33.360,33.750,33.350,33.520,7532908
2025-07-08 13:30:00,33.520,33.600,33.330,33.390,3059373
2025-07-08 14:00:00,33.400,33.600,33.380,33.510,2887900
2025-07-08 14:30:00,33.500,33.540,33.380,33.420,3203132
2025-07-08 15:00:00,33.410,33.440,33.300,33.400,4458241
2025-07-09 10:00:00,33.500,33.570,33.090,33.240,8891248
2025-07-09 10:30:00,33.220,33.670,33.210,33.540,4299738
2025-07-09 11:00:00,33.530,33.640,33.390,33.400,2514330
2025-07-09 11:30:00,33.410,33.490,33.290,33.470,1671500
2025-07-09 13:30:00,33.470,33.500,33.310,33.380,1576930
2025-07-09 14:00:00,33.390,33.400,33.320,33.380,1066091
2025-07-09 14:30:00,33.380,33.380,33.120,33.170,2645204
2025-07-09 15:00:00,33.160,33.300,33.100,33.180,3144517
2025-07-10 10:00:00,33.030,33.540,32.970,33.000,5381109
2025-07-10 10:30:00,33.000,33.620,32.990,33.390,4202800
2025-07-10 11:00:00,33.380,33.500,33.240,33.320,3714361
2025-07-10 11:30:00,33.320,33.450,33.310,33.370,1564800
2025-07-10 13:30:00,33.390,33.550,33.350,33.410,2173650
2025-07-10 14:00:00,33.410,33.460,33.340,33.360,1265900
2025-07-10 14:30:00,33.360,33.530,33.350,33.370,2095150
2025-07-10 15:00:00,33.370,33.420,33.330,33.420,2461000
2025-07-11 10:00:00,33.650,33.880,33.310,33.760,8835228
2025-07-11 10:30:00,33.760,34.100,33.670,34.020,8384616
2025-07-11 11:00:00,34.010,34.020,33.670,33.670,3283200
2025-07-11 11:30:00,33.680,34.050,33.610,34.000,3395633
2025-07-11 13:30:00,34.000,34.020,33.460,33.480,5641260
2025-07-11 14:00:00,33.470,33.510,33.210,33.330,4726791
2025-07-11 14:30:00,33.320,33.460,33.320,33.360,2413500
2025-07-11 15:00:00,33.360,33.360,33.150,33.260,4502100
2025-07-14 10:00:00,34.430,35.750,34.430,34.880,35057027
2025-07-14 10:30:00,34.880,35.000,34.550,34.570,6168130
2025-07-14 11:00:00,34.570,34.650,34.250,34.380,4508000
2025-07-14 11:30:00,34.380,34.440,34.200,34.310,2564790
2025-07-14 13:30:00,34.300,34.340,34.110,34.250,2798800
2025-07-14 14:00:00,34.240,34.320,34.180,34.190,2032300
2025-07-14 14:30:00,34.200,34.400,34.160,34.360,2498369
2025-07-14 15:00:00,34.360,34.370,34.210,34.230,4976202
2025-07-15 10:00:00,34.030,34.230,33.720,33.900,14739485
2025-07-15 10:30:00,33.900,33.930,33.460,33.530,7920801
2025-07-15 11:00:00,33.520,33.650,33.450,33.470,3673102
2025-07-15 11:30:00,33.460,33.480,33.210,33.220,5246601
2025-07-15 13:30:00,33.220,33.470,33.210,33.390,2868430
2025-07-15 14:00:00,33.390,33.750,33.320,33.740,2399900
2025-07-15 14:30:00,33.750,34.180,33.730,33.860,7106442
2025-07-15 15:00:00,33.860,33.900,33.760,33.880,4126393
2025-07-16 10:00:00,33.620,33.860,33.300,33.510,8045300
2025-07-16 10:30:00,33.500,33.520,33.260,33.280,5299936
2025-07-16 11:00:00,33.270,33.300,33.010,33.100,6023794
2025-07-16 11:30:00,33.100,33.210,33.090,33.150,2088800
2025-07-16 13:30:00,33.150,33.150,33.040,33.080,2381400
2025-07-16 14:00:00,33.060,33.140,32.910,33.000,3548010
2025-07-16 14:30:00,33.000,33.090,32.920,32.990,2638402
2025-07-16 15:00:00,32.980,33.050,32.960,33.040,3628230
2025-07-17 10:00:00,33.200,33.310,32.930,33.100,5974088
2025-07-17 10:30:00,33.110,33.180,32.870,32.930,3015191
2025-07-17 11:00:00,32.930,33.080,32.900,33.020,1743400
2025-07-17 11:30:00,33.010,33.070,32.920,33.040,1427500
2025-07-17 13:30:00,33.030,34.500,33.030,33.950,18362703
2025-07-17 14:00:00,33.950,34.500,33.910,34.070,14963440
2025-07-17 14:30:00,34.080,34.370,34.070,34.200,4906820
2025-07-17 15:00:00,34.200,34.290,34.190,34.250,4623302
2025-07-18 10:00:00,34.670,36.170,34.660,35.640,37303014
2025-07-18 10:30:00,35.660,36.010,35.360,35.930,12443431
2025-07-18 11:00:00,35.920,35.940,35.440,35.690,6367230
2025-07-18 11:30:00,35.700,35.730,35.330,35.380,3056300
2025-07-18 13:30:00,35.370,35.440,35.170,35.280,4292500
2025-07-18 14:00:00,35.290,35.380,35.260,35.340,2031200
2025-07-18 14:30:00,35.340,35.710,35.330,35.630,4382715
2025-07-18 15:00:00,35.640,36.020,35.620,36.000,11733749
2025-07-21 10:00:00,36.180,36.350,35.610,35.820,18008885
2025-07-21 10:30:00,35.840,36.120,35.760,35.930,6664148
2025-07-21 11:00:00,35.950,36.050,35.830,35.850,4044014
2025-07-21 11:30:00,35.850,35.980,35.700,35.890,3145486
2025-07-21 13:30:00,35.890,35.990,35.790,35.840,2971366
2025-07-21 14:00:00,35.840,35.960,35.750,35.760,2861700
2025-07-21 14:30:00,35.750,35.910,35.750,35.870,2363077
2025-07-21 15:00:00,35.870,35.910,35.820,35.900,4275739
2025-07-22 10:00:00,35.990,36.100,35.660,35.800,9424101
2025-07-22 10:30:00,35.790,36.290,35.760,36.090,9458964
2025-07-22 11:00:00,36.090,36.770,36.080,36.640,12855543
2025-07-22 11:30:00,36.630,37.100,36.560,36.990,10859743
2025-07-22 13:30:00,36.970,37.000,36.580,36.620,6086400
2025-07-22 14:00:00,36.610,37.160,36.530,36.710,8001930
2025-07-22 14:30:00,36.720,36.850,36.550,36.810,3890451
2025-07-22 15:00:00,36.810,36.920,36.730,36.860,6840233
2025-07-23 10:00:00,37.400,38.040,36.880,37.910,26718149
2025-07-23 10:30:00,37.920,37.950,37.100,37.240,10124271
2025-07-23 11:00:00,37.240,37.290,36.500,36.640,11835081
2025-07-23 11:30:00,36.630,37.140,36.510,37.080,5805933
2025-07-23 13:30:00,37.080,37.880,36.910,37.310,7547490
2025-07-23 14:00:00,37.310,37.320,36.780,36.790,3501900
2025-07-23 14:30:00,36.790,36.910,36.550,36.700,4547385
2025-07-23 15:00:00,36.720,36.770,36.510,36.630,6629240
2025-07-24 10:00:00,36.120,36.960,36.060,36.780,15517842
2025-07-24 10:30:00,36.770,37.200,36.640,37.110,7152530
2025-07-24 11:00:00,37.110,37.970,37.100,37.800,14485813
2025-07-24 11:30:00,37.800,40.290,37.750,40.190,32791503
2025-07-24 13:30:00,40.190,40.290,39.780,40.290,34135017
2025-07-24 14:00:00,40.290,40.290,40.140,40.290,9214534
2025-07-24 14:30:00,40.290,40.290,40.290,40.290,1504471
2025-07-24 15:00:00,40.290,40.290,40.290,40.290,1606200
2025-07-25 10:00:00,41.050,41.830,40.910,41.620,55364154
2025-07-25 10:30:00,41.610,42.940,41.500,42.330,28678983
2025-07-25 11:00:00,42.330,42.670,41.630,41.770,14568038
2025-07-25 11:30:00,41.770,41.970,41.400,41.840,9300765
2025-07-25 13:30:00,41.860,42.000,41.550,41.670,4927589
2025-07-25 14:00:00,41.690,41.910,41.180,41.900,9354483
2025-07-25 14:30:00,41.870,42.400,41.600,41.870,6313601
2025-07-25 15:00:00,41.870,42.020,41.750,41.890,8874146
2025-07-28 10:00:00,40.810,41.580,40.040,41.290,36832284
2025-07-28 10:30:00,41.300,41.790,41.180,41.760,8974643
2025-07-28 11:00:00,41.750,41.840,41.060,41.400,7415159
2025-07-28 11:30:00,41.400,41.450,40.410,40.490,11669647
2025-07-28 13:30:00,40.500,41.110,40.300,40.830,7533161
2025-07-28 14:00:00,40.860,40.900,40.650,40.870,4359782
2025-07-28 14:30:00,40.870,40.890,40.600,40.710,4708569
2025-07-28 15:00:00,40.710,40.830,40.630,40.740,7587215
2025-07-29 10:00:00,40.040,41.230,40.040,40.480,21403661
2025-07-29 10:30:00,40.470,40.550,40.170,40.410,8418519
2025-07-29 11:00:00,40.410,40.530,40.230,40.420,5063103
2025-07-29 11:30:00,40.430,41.000,40.410,40.960,6377200
2025-07-29 13:30:00,40.960,41.000,40.240,40.240,6815400
2025-07-29 14:00:00,40.240,40.450,40.230,40.320,4209011
2025-07-29 14:30:00,40.310,40.460,40.310,40.390,3520460
2025-07-29 15:00:00,40.380,40.480,40.350,40.400,6369353
2025-07-30 10:00:00,40.830,41.140,40.300,40.530,22196247
2025-07-30 10:30:00,40.530,40.650,40.150,40.190,9049400
2025-07-30 11:00:00,40.190,40.530,40.050,40.370,5256495
2025-07-30 11:30:00,40.360,40.580,40.070,40.150,3154800
2025-07-30 13:30:00,40.140,40.640,40.120,40.330,3968879
2025-07-30 14:00:00,40.330,40.390,39.610,39.750,9206228
2025-07-30 14:30:00,39.730,40.040,39.430,39.880,7183300
2025-07-30 15:00:00,39.880,39.980,39.720,39.880,5601531
2025-07-31 10:00:00,39.360,39.580,38.750,38.880,19390586
2025-07-31 10:30:00,38.880,38.990,38.530,38.660,11664621
2025-07-31 11:00:00,38.660,38.910,38.470,38.890,8006324
2025-07-31 11:30:00,38.890,39.000,38.720,38.860,3053830
2025-07-31 13:30:00,38.860,38.860,38.410,38.410,6724119
2025-07-31 14:00:00,38.420,38.560,38.280,38.510,6469165
2025-07-31 14:30:00,38.510,38.520,38.160,38.160,5470597
2025-07-31 15:00:00,38.160,38.260,38.000,38.230,10264148
2025-08-01 10:00:00,38.280,38.440,38.000,38.320,10041452
2025-08-01 10:30:00,38.320,38.750,38.290,38.360,7219825
2025-08-01 11:00:00,38.360,38.380,38.080,38.160,2620897
2025-08-01 11:30:00,38.170,38.220,38.070,38.070,1806700
2025-08-01 13:30:00,38.070,38.550,38.040,38.110,4218825
2025-08-01 14:00:00,38.120,38.480,38.110,38.330,3991274
2025-08-01 14:30:00,38.330,38.500,38.230,38.360,3021166
2025-08-01 15:00:00,38.360,38.370,38.220,38.250,5117675
2025-08-04 10:00:00,38.250,38.350,37.620,38.120,9607790
2025-08-04 10:30:00,38.100,38.220,37.680,37.710,5037300
2025-08-04 11:00:00,37.710,37.850,37.580,37.750,3340990
2025-08-04 11:30:00,37.760,37.990,37.730,37.870,1526160
2025-08-04 13:30:00,37.880,38.150,37.840,38.000,2056792
2025-08-04 14:00:00,38.000,38.040,37.860,37.940,1530560
2025-08-04 14:30:00,37.940,38.170,37.920,38.060,2760400
2025-08-04 15:00:00,38.050,38.120,37.990,38.090,4286094
2025-08-05 10:00:00,38.100,38.290,37.900,38.070,6786200
2025-08-05 10:30:00,38.070,38.300,38.000,38.060,4678683
2025-08-05 11:00:00,38.050,38.120,37.920,38.060,3166065
2025-08-05 11:30:00,38.060,38.080,37.950,37.970,1850132
2025-08-05 13:30:00,37.960,38.000,37.790,37.900,3624868
2025-08-05 14:00:00,37.890,37.970,37.820,37.820,2574900
2025-08-05 14:30:00,37.830,38.020,37.820,37.990,3014869
2025-08-05 15:00:00,38.000,38.070,37.880,38.070,4283760
2025-08-06 10:00:00,37.900,38.120,37.780,37.940,7091599
2025-08-06 10:30:00,37.940,38.030,37.860,37.890,3289000
2025-08-06 11:00:00,37.880,38.130,37.760,38.080,4635892
2025-08-06 11:30:00,38.050,38.110,37.870,37.940,2301017
2025-08-06 13:30:00,37.940,38.070,37.780,37.790,4057500
2025-08-06 14:00:00,37.780,38.040,37.710,37.920,3390503
2025-08-06 14:30:00,37.910,37.970,37.860,37.870,1886700
2025-08-06 15:00:00,37.880,38.170,37.820,38.160,8043786
2025-08-07 10:00:00,38.510,38.690,38.120,38.130,16094179
2025-08-07 10:30:00,38.120,38.140,37.600,37.660,8386686
2025-08-07 11:00:00,37.650,38.870,37.600,38.610,11428840
2025-08-07 11:30:00,38.610,40.030,38.430,39.600,18998576
2025-08-07 13:30:00,39.610,39.710,39.060,39.190,7395000
2025-08-07 14:00:00,39.190,39.660,39.190,39.430,6271757
2025-08-07 14:30:00,39.420,39.680,39.260,39.490,4698543
2025-08-07 15:00:00,39.500,39.640,39.460,39.540,6893130
2025-08-08 10:00:00,39.480,40.110,39.110,39.530,17538563
2025-08-08 10:30:00,39.520,40.640,39.490,40.250,17603946
2025-08-08 11:00:00,40.250,40.500,40.060,40.280,6562469
2025-08-08 11:30:00,40.270,40.390,40.090,40.290,4330000
2025-08-08 13:30:00,40.290,41.320,40.290,40.570,13981927
2025-08-08 14:00:00,40.580,41.020,40.560,40.970,7312646
2025-08-08 14:30:00,40.950,41.340,40.880,40.880,7881773
2025-08-08 15:00:00,40.880,40.950,40.790,40.830,6836640
2025-08-11 10:00:00,44.850,44.870,42.880,44.480,55572479
2025-08-11 10:30:00,44.480,44.910,44.400,44.910,21470456
2025-08-11 11:00:00,44.910,44.910,44.910,44.910,1580621
2025-08-11 11:30:00,44.910,44.910,44.910,44.910,1423500
2025-08-11 13:30:00,44.910,44.910,44.910,44.910,1038602
2025-08-11 14:00:00,44.910,44.910,44.910,44.910,427600
2025-08-11 14:30:00,44.910,44.910,44.910,44.910,1449710
2025-08-11 15:00:00,44.910,44.910,44.910,44.910,564218
2025-08-12 10:00:00,44.900,44.900,43.700,44.150,49913104
2025-08-12 10:30:00,44.150,45.020,43.910,44.230,17858600
2025-08-12 11:00:00,44.220,44.230,43.370,43.490,13376518
2025-08-12 11:30:00,43.490,44.350,43.450,44.070,7271118
2025-08-12 13:30:00,44.080,45.180,43.980,45.110,14259347
2025-08-12 14:00:00,45.100,47.100,45.050,46.500,28869271
2025-08-12 14:30:00,46.500,46.750,45.560,46.010,9228775
2025-08-12 15:00:00,46.010,46.020,45.240,45.880,13302231
2025-08-13 10:00:00,44.920,45.280,44.290,44.550,36123035
2025-08-13 10:30:00,44.550,44.560,44.110,44.180,15581972
2025-08-13 11:00:00,44.170,44.500,44.100,44.210,7573541
2025-08-13 11:30:00,44.210,45.330,44.190,45.320,9286450
2025-08-13 13:30:00,45.320,45.470,44.900,44.920,8556322
2025-08-13 14:00:00,44.930,45.270,44.710,44.930,5910110
2025-08-13 14:30:00,44.930,45.040,44.490,44.530,6700304
2025-08-13 15:00:00,44.530,44.860,44.490,44.740,9485276
2025-08-14 10:00:00,44.760,45.200,44.120,44.160,19521361
2025-08-14 10:30:00,44.190,44.450,44.100,44.260,8120673
2025-08-14 11:00:00,44.260,44.430,43.840,43.890,9575152
2025-08-14 11:30:00,43.890,44.100,43.700,43.710,5913139
2025-08-14 13:30:00,43.710,43.760,42.960,43.170,13976244
2025-08-14 14:00:00,43.170,43.350,43.020,43.200,7126584
2025-08-14 14:30:00,43.190,43.440,43.050,43.370,5400745
2025-08-14 15:00:00,43.370,43.450,43.010,43.030,8929149
2025-08-15 10:00:00,43.050,43.990,43.010,43.450,20119676
2025-08-15 10:30:00,43.450,43.860,43.420,43.570,5903882
2025-08-15 11:00:00,43.560,43.670,43.480,43.550,3198069
2025-08-15 11:30:00,43.540,43.760,43.350,43.730,4036344
2025-08-15 13:30:00,43.730,43.900,43.610,43.640,5798039
2025-08-15 14:00:00,43.640,43.800,43.560,43.690,3654705
2025-08-15 14:30:00,43.690,43.910,43.610,43.710,4732400
2025-08-15 15:00:00,43.710,43.770,43.630,43.770,6150191
2025-08-18 10:00:00,44.900,45.370,44.220,44.290,26634511
2025-08-18 10:30:00,44.290,44.560,44.000,44.300,8923084
2025-08-18 11:00:00,44.290,44.670,44.260,44.660,5774198
2025-08-18 11:30:00,44.670,44.890,44.560,44.850,5575452
2025-08-18 13:30:00,44.860,45.000,44.500,44.540,6997128
2025-08-18 14:00:00,44.540,44.760,44.270,44.310,4792360
2025-08-18 14:30:00,44.300,44.450,44.130,44.220,4565570
2025-08-18 15:00:00,44.210,44.480,44.200,44.460,6323832
2025-08-19 10:00:00,43.900,44.370,43.800,44.050,15128854
2025-08-19 10:30:00,44.050,44.190,43.600,43.990,8658873
2025-08-19 11:00:00,43.970,44.170,43.800,43.920,4081185
2025-08-19 11:30:00,43.910,44.260,43.710,44.080,5217787
2025-08-19 13:30:00,44.080,44.900,44.070,44.370,9373857
2025-08-19 14:00:00,44.330,44.370,43.850,43.900,4212309
2025-08-19 14:30:00,43.890,44.190,43.740,43.820,3739600
2025-08-19 15:00:00,43.820,43.970,43.810,43.880,4919106
2025-08-20 10:00:00,42.880,43.420,42.400,43.320,20352703
2025-08-20 10:30:00,43.320,43.340,42.170,42.740,15673834
2025-08-20 11:00:00,42.750,42.850,42.420,42.430,5125051
2025-08-20 11:30:00,42.430,42.480,42.010,42.220,8503460
2025-08-20 13:30:00,42.220,42.340,42.050,42.300,4669158
2025-08-20 14:00:00,42.300,42.540,42.230,42.500,3356426
2025-08-20 14:30:00,42.490,42.970,42.480,42.880,5396494
2025-08-20 15:00:00,42.890,43.060,42.810,43.040,6693268
2025-08-21 10:00:00,42.860,43.410,42.860,42.910,12562999
2025-08-21 10:30:00,42.930,42.980,42.730,42.810,4667867
2025-08-21 11:00:00,42.820,43.180,42.800,43.030,3780650
2025-08-21 11:30:00,43.030,43.140,42.840,42.970,2629691
2025-08-21 13:30:00,42.960,43.110,42.790,42.810,3279650
2025-08-21 14:00:00,42.810,42.850,42.700,42.770,3218140
2025-08-21 14:30:00,42.780,42.790,42.520,42.700,3972200
2025-08-21 15:00:00,42.700,42.710,42.500,42.640,5048378
2025-08-22 10:00:00,42.190,42.880,42.040,42.530,10855972
2025-08-22 10:30:00,42.550,42.950,42.430,42.680,5805700
2025-08-22 11:00:00,42.680,43.000,42.650,42.910,4492297
2025-08-22 11:30:00,42.900,43.280,42.820,42.900,6895189
2025-08-22 13:30:00,42.910,43.100,42.770,43.070,4955628
2025-08-22 14:00:00,43.070,43.090,42.900,42.920,3086300
2025-08-22 14:30:00,42.920,43.060,42.910,43.060,3234601
2025-08-22 15:00:00,43.060,43.120,43.010,43.100,7750403
2025-08-25 10:00:00,43.200,44.140,43.180,44.090,25805132
2025-08-25 10:30:00,44.090,44.100,43.900,44.070,6655514
2025-08-25 11:00:00,44.070,44.460,43.930,44.200,9443400
2025-08-25 11:30:00,44.200,44.380,43.530,43.760,7732412
2025-08-25 13:30:00,43.750,43.810,43.260,43.350,7623511
2025-08-25 14:00:00,43.340,43.740,43.330,43.590,3972431
2025-08-25 14:30:00,43.590,43.790,43.500,43.790,2836694
2025-08-25 15:00:00,43.790,43.860,43.690,43.840,5524892
2025-08-26 10:00:00,43.840,44.170,43.200,43.970,13412433
2025-08-26 10:30:00,43.970,44.130,43.750,43.810,5969047
2025-08-26 11:00:00,43.810,44.400,43.650,44.310,6964233
2025-08-26 11:30:00,44.320,44.470,44.050,44.430,6587990
2025-08-26 13:30:00,44.430,44.560,44.190,44.250,6259100
2025-08-26 14:00:00,44.260,44.280,44.100,44.210,2991748
2025-08-26 14:30:00,44.220,44.230,44.000,44.060,3550657
2025-08-26 15:00:00,44.060,44.080,43.800,43.910,6918500
2025-08-27 10:00:00,44.460,44.580,43.500,43.540,14121716
2025-08-27 10:30:00,43.560,43.810,43.430,43.620,7072639
2025-08-27 11:00:00,43.610,44.110,43.580,43.890,5574809
2025-08-27 11:30:00,43.890,44.880,43.830,44.400,12277947
2025-08-27 13:30:00,44.400,44.490,43.940,43.980,5140683
2025-08-27 14:00:00,43.970,43.980,43.430,43.440,6428617
2025-08-27 14:30:00,43.430,43.770,43.240,43.260,6425762
2025-08-27 15:00:00,43.260,43.550,42.750,42.770,10204965
2025-08-28 10:00:00,41.880,42.740,41.750,42.170,18036857
2025-08-28 10:30:00,42.170,42.470,41.950,42.230,6341164
2025-08-28 11:00:00,42.230,42.580,42.190,42.330,4839691
2025-08-28 11:30:00,42.350,42.380,41.800,42.100,5789809
2025-08-28 13:30:00,42.110,42.220,41.510,41.520,5830919
2025-08-28 14:00:00,41.520,42.100,41.300,42.060,7070743
2025-08-28 14:30:00,42.050,42.470,42.010,42.310,3718899
2025-08-28 15:00:00,42.300,42.800,42.300,42.800,6391589
2025-08-29 10:00:00,42.800,43.770,42.800,43.630,15904753
2025-08-29 10:30:00,43.630,44.400,43.590,44.220,17177983
2025-08-29 11:00:00,44.260,44.600,43.980,44.140,13674444
2025-08-29 11:30:00,44.130,44.380,43.850,43.910,5951183
2025-08-29 13:30:00,43.910,44.280,43.680,43.750,4860600
2025-08-29 14:00:00,43.750,44.000,43.720,43.990,2856600
2025-08-29 14:30:00,43.970,44.020,43.680,43.790,2954478
2025-08-29 15:00:00,43.780,44.000,43.780,43.960,6341780
2025-09-01 10:00:00,43.990,44.190,43.080,43.500,17677693
2025-09-01 10:30:00,43.500,44.190,43.460,43.600,8346999
2025-09-01 11:00:00,43.610,43.730,43.600,43.700,3450694
2025-09-01 11:30:00,43.700,43.840,43.440,43.450,3363347
2025-09-01 13:30:00,43.440,44.000,43.400,43.760,4627334
2025-09-01 14:00:00,43.750,43.820,43.450,43.650,3511330
2025-09-01 14:30:00,43.660,44.060,43.660,43.950,4873887
2025-09-01 15:00:00,43.950,43.960,43.820,43.860,5097001
2025-09-02 10:00:00,44.020,44.590,43.440,43.640,22122510
2025-09-02 10:30:00,43.640,44.150,43.450,43.940,7693611
2025-09-02 11:00:00,43.930,43.980,43.030,43.110,6895400
2025-09-02 11:30:00,43.100,43.500,42.850,43.100,4562565
2025-09-02 13:30:00,43.120,43.240,42.550,42.730,5700959
2025-09-02 14:00:00,42.730,43.210,42.700,42.910,3451997
2025-09-02 14:30:00,42.910,43.100,42.610,42.620,2820538
2025-09-02 15:00:00,42.620,42.900,42.530,42.580,5391236
2025-09-03 10:00:00,42.530,44.400,42.400,43.350,21301717
2025-09-03 10:30:00,43.340,43.390,42.890,42.920,5846756
2025-09-03 11:00:00,42.920,43.250,42.500,42.920,4937674
2025-09-03 11:30:00,42.920,42.960,42.470,42.500,3176700
2025-09-03 13:30:00,42.500,42.620,42.200,42.320,3948600
2025-09-03 14:00:00,42.320,42.350,41.800,42.100,5412381
2025-09-03 14:30:00,42.110,42.500,41.900,42.240,2873477
2025-09-03 15:00:00,42.230,42.370,41.820,42.120,4796529
2025-09-04 10:00:00,41.920,43.940,41.820,43.120,28360022
2025-09-04 10:30:00,43.110,43.600,42.820,42.850,8150989
2025-09-04 11:00:00,42.840,43.000,42.520,42.970,5190693
2025-09-04 11:30:00,42.970,43.500,42.810,43.120,4296990
2025-09-04 13:30:00,43.130,43.400,42.710,42.730,3717050
2025-09-04 14:00:00,42.730,42.730,42.400,42.600,3441971
2025-09-04 14:30:00,42.600,42.610,42.000,42.360,4567859
2025-09-04 15:00:00,42.340,42.700,42.000,42.660,5617857
2025-09-05 10:00:00,42.240,44.890,41.920,44.870,41608560
2025-09-05 10:30:00,44.870,45.220,44.680,45.120,23358108
2025-09-05 11:00:00,45.120,45.300,44.660,45.270,10262051
2025-09-05 11:30:00,45.280,45.430,44.870,45.060,6748008
2025-09-05 13:30:00,45.060,45.690,45.050,45.450,12457387
2025-09-05 14:00:00,45.440,45.480,45.160,45.460,5599143
2025-09-05 14:30:00,45.450,46.780,45.450,46.530,17049421
2025-09-05 15:00:00,46.530,46.540,46.260,46.350,12373516
2025-09-08 10:00:00,46.420,46.700,44.900,45.880,43836949
2025-09-08 10:30:00,45.880,45.910,45.200,45.420,9571600
2025-09-08 11:00:00,45.420,49.670,45.410,48.880,41630685
2025-09-08 11:30:00,48.900,48.990,47.500,48.070,9648798
2025-09-08 13:30:00,48.070,48.500,47.470,47.490,6377527
2025-09-08 14:00:00,47.490,48.200,47.270,47.870,5608198
2025-09-08 14:30:00,47.880,47.950,47.180,47.200,4828597
2025-09-08 15:00:00,47.200,47.750,47.130,47.340,11135931
2025-09-09 10:00:00,46.500,47.970,46.300,47.090,30747193
2025-09-09 10:30:00,47.060,48.090,47.000,47.460,13477812
2025-09-09 11:00:00,47.500,47.960,47.010,47.210,7125772
2025-09-09 11:30:00,47.190,47.220,46.680,47.000,5810689
2025-09-09 13:30:00,47.000,47.080,46.350,46.630,8168491
2025-09-09 14:00:00,46.630,46.690,45.860,46.170,8616399
2025-09-09 14:30:00,46.160,47.250,46.100,46.530,5614026
2025-09-09 15:00:00,46.530,46.670,46.000,46.240,7045276
2025-09-10 10:00:00,43.740,44.720,43.450,43.980,41056237
2025-09-10 10:30:00,43.990,44.010,43.160,43.200,17772387
2025-09-10 11:00:00,43.200,43.610,43.200,43.480,6321673
2025-09-10 11:30:00,43.490,43.870,43.450,43.720,4185512
2025-09-10 13:30:00,43.720,43.960,43.610,43.940,4404922
2025-09-10 14:00:00,43.940,44.280,43.810,44.020,4172302
2025-09-10 14:30:00,44.030,44.190,43.850,43.930,3118400
2025-09-10 15:00:00,43.930,43.980,43.700,43.930,6990229
2025-09-11 10:00:00,43.800,43.810,43.100,43.480,11866233
2025-09-11 10:30:00,43.470,43.740,43.330,43.490,6837320
2025-09-11 11:00:00,43.510,43.630,43.300,43.430,6500036
2025-09-11 11:30:00,43.430,43.950,43.430,43.920,6244646
2025-09-11 13:30:00,43.920,44.120,43.600,43.700,6745385
2025-09-11 14:00:00,43.700,43.700,43.510,43.630,4466921
2025-09-11 14:30:00,43.630,43.840,43.550,43.720,4875401
2025-09-11 15:00:00,43.710,43.930,43.700,43.930,8982181
2025-09-12 10:00:00,43.940,43.990,43.360,43.650,14147594
2025-09-12 10:30:00,43.660,43.950,43.500,43.740,6098499
2025-09-12 11:00:00,43.730,43.880,43.400,43.410,5354776
2025-09-12 11:30:00,43.410,44.330,43.360,44.310,6951412
2025-09-12 13:30:00,44.310,44.910,44.210,44.370,13495845
2025-09-12 14:00:00,44.380,44.410,44.250,44.250,2897145
2025-09-12 14:30:00,44.250,44.260,44.020,44.140,3683126
2025-09-12 15:00:00,44.140,44.190,44.000,44.030,5548728
2025-09-15 10:00:00,44.040,45.400,44.040,45.110,23946496
2025-09-15 10:30:00,45.110,45.950,45.040,45.730,17242509
2025-09-15 11:00:00,45.730,45.900,45.460,45.490,6031529
2025-09-15 11:30:00,45.490,45.660,45.310,45.400,3139640
2025-09-15 13:30:00,45.400,45.420,45.070,45.320,3732422
2025-09-15 14:00:00,45.330,45.330,45.100,45.290,2896962
2025-09-15 14:30:00,45.300,45.310,45.000,45.010,3605486
2025-09-15 15:00:00,45.010,45.320,45.000,45.310,5560947
2025-09-16 10:00:00,45.420,45.800,44.440,44.440,17369661
2025-09-16 10:30:00,44.440,44.560,44.090,44.190,8624455
2025-09-16 11:00:00,44.190,44.290,43.810,43.910,7238842
2025-09-16 11:30:00,43.910,44.300,43.880,44.220,2521864
2025-09-16 13:30:00,44.220,44.410,44.070,44.140,2767717
2025-09-16 14:00:00,44.130,44.400,44.080,44.400,2093479
2025-09-16 14:30:00,44.390,44.550,44.340,44.350,2599600
2025-09-16 15:00:00,44.350,44.500,44.350,44.490,3691647
2025-09-17 10:00:00,44.370,44.380,43.750,43.960,8437714
2025-09-17 10:30:00,43.970,44.270,43.830,44.000,4923930
2025-09-17 11:00:00,43.980,44.960,43.930,44.960,8207351
2025-09-17 11:30:00,44.950,45.450,44.770,44.890,8391974
2025-09-17 13:30:00,44.890,44.990,44.700,44.700,3336878
2025-09-17 14:00:00,44.710,44.930,44.610,44.820,2582860
2025-09-17 14:30:00,44.820,44.860,44.620,44.710,2749199
2025-09-17 15:00:00,44.700,44.840,44.580,44.790,5160241
2025-09-18 10:00:00,44.500,44.500,43.820,44.150,11598615
2025-09-18 10:30:00,44.140,44.300,43.990,44.190,4482520
2025-09-18 11:00:00,44.190,44.200,44.000,44.050,3674894
2025-09-18 11:30:00,44.060,44.250,43.980,44.160,2411817
2025-09-18 13:30:00,44.170,44.250,43.890,43.990,4149517
2025-09-18 14:00:00,43.980,44.350,43.900,43.900,3648484
2025-09-18 14:30:00,43.900,43.940,43.200,43.200,9557880
2025-09-18 15:00:00,43.210,43.410,42.550,43.150,11127452
2025-09-19 10:00:00,43.180,44.650,43.180,44.390,18508183
2025-09-19 10:30:00,44.390,46.000,44.190,45.600,28199293
2025-09-19 11:00:00,45.590,45.600,44.830,45.050,10967865
2025-09-19 11:30:00,45.060,45.300,44.980,45.290,3759273
2025-09-19 13:30:00,45.290,45.970,45.280,45.420,12112352
2025-09-19 14:00:00,45.420,45.560,45.100,45.280,6118875
2025-09-19 14:30:00,45.280,45.410,45.250,45.360,3547848
2025-09-19 15:00:00,45.360,45.400,45.010,45.010,9935520
2025-09-22 10:00:00,45.210,45.220,43.510,43.550,25100291
2025-09-22 10:30:00,43.550,43.780,43.300,43.610,8908217
2025-09-22 11:00:00,43.610,43.740,43.500,43.540,4191800
2025-09-22 11:30:00,43.540,43.610,43.400,43.560,3385615
2025-09-22 13:30:00,43.560,43.660,43.450,43.590,3376317
2025-09-22 14:00:00,43.590,43.710,43.500,43.510,3267100
2025-09-22 14:30:00,43.500,43.640,43.430,43.630,2922993
2025-09-22 15:00:00,43.630,43.870,43.620,43.870,5637700
2025-09-23 10:00:00,43.400,44.430,43.300,43.680,14319422
2025-09-23 10:30:00,43.680,43.730,42.770,42.860,9286001
2025-09-23 11:00:00,42.860,43.280,42.680,43.020,5441855
2025-09-23 11:30:00,43.000,43.020,42.660,42.680,3360989
2025-09-23 13:30:00,42.680,42.680,42.240,42.610,4868500
2025-09-23 14:00:00,42.600,42.690,42.300,42.390,2864600
2025-09-23 14:30:00,42.380,42.680,42.010,42.660,3902955
2025-09-23 15:00:00,42.660,42.950,42.620,42.820,4266384
2025-09-24 10:00:00,42.710,43.380,42.320,42.550,10052252
2025-09-24 10:30:00,42.550,42.590,42.010,42.230,6109269
2025-09-24 11:00:00,42.230,42.570,42.180,42.570,2484773
2025-09-24 11:30:00,42.570,42.890,42.540,42.810,3334365
2025-09-24 13:30:00,42.820,44.000,42.790,43.630,12505907
2025-09-24 14:00:00,43.640,43.720,43.310,43.320,4387532
2025-09-24 14:30:00,43.310,43.480,43.110,43.190,2928251
2025-09-24 15:00:00,43.190,43.380,43.150,43.340,3958631
2025-09-25 10:00:00,43.470,44.480,43.470,44.170,20589267
2025-09-25 10:30:00,44.170,44.680,43.900,44.540,11358084
2025-09-25 11:00:00,44.540,44.800,44.330,44.410,7105179
2025-09-25 11:30:00,44.420,45.400,44.410,45.140,13332778
2025-09-25 13:30:00,45.140,45.320,44.610,44.680,6854108
2025-09-25 14:00:00,44.670,44.840,44.580,44.650,4054078
2025-09-25 14:30:00,44.640,44.750,44.600,44.630,2889697
2025-09-25 15:00:00,44.640,44.700,44.620,44.690,7345710
2025-09-26 10:00:00,44.100,44.620,43.900,44.080,14506702
2025-09-26 10:30:00,44.080,45.890,43.790,45.750,16699229
2025-09-26 11:00:00,45.790,46.760,45.380,45.450,24769017
2025-09-26 11:30:00,45.460,45.800,45.400,45.530,3550524
2025-09-26 13:30:00,45.550,45.590,45.310,45.490,3382791
2025-09-26 14:00:00,45.490,45.500,44.880,44.880,4510723
2025-09-26 14:30:00,44.880,45.130,44.860,44.880,3695540
2025-09-26 15:00:00,44.890,45.110,44.690,44.770,6928778
2025-09-29 10:00:00,45.150,45.980,45.000,45.250,24084524
2025-09-29 10:30:00,45.250,46.000,45.080,45.960,12094387
2025-09-29 11:00:00,45.960,46.290,45.800,46.050,10118452
2025-09-29 11:30:00,46.060,46.110,45.600,45.790,4054201
2025-09-29 13:30:00,45.780,45.960,45.720,45.920,3668546
2025-09-29 14:00:00,45.920,45.990,45.450,45.930,6437943
2025-09-29 14:30:00,45.940,46.650,45.930,46.400,15168547
2025-09-29 15:00:00,46.400,46.480,46.080,46.440,11551057
2025-09-30 10:00:00,46.380,47.520,45.890,47.480,28940261
2025-09-30 10:30:00,47.490,48.000,47.170,47.440,18861240
2025-09-30 11:00:00,47.450,47.680,46.960,47.230,8056141
2025-09-30 11:30:00,47.240,47.480,47.130,47.330,3820586
2025-09-30 13:30:00,47.370,47.440,47.100,47.200,3802925
2025-09-30 14:00:00,47.200,47.580,46.990,47.190,5815526
2025-09-30 14:30:00,47.190,47.540,47.190,47.380,4826991
2025-09-30 15:00:00,47.390,47.650,47.300,47.570,11323008
2025-10-09 10:00:00,49.680,49.970,48.640,49.040,39410018
2025-10-09 10:30:00,49.030,51.190,48.600,51.080,24645777
2025-10-09 11:00:00,51.100,52.200,50.850,50.980,14349645
2025-10-09 11:30:00,51.000,51.600,50.970,51.070,4165610
2025-10-09 13:30:00,51.070,51.500,50.850,50.900,5362879
2025-10-09 14:00:00,50.910,51.500,50.840,51.270,5748700
2025-10-09 14:30:00,51.270,51.500,50.800,50.800,4320804
2025-10-09 15:00:00,50.800,51.390,50.770,51.330,9910425
2025-10-10 10:00:00,51.080,51.390,49.010,49.240,35864395
2025-10-10 10:30:00,49.240,49.280,48.600,49.180,15714368
2025-10-10 11:00:00,49.170,49.500,49.000,49.010,4786050
2025-10-10 11:30:00,49.010,49.020,48.610,48.740,5614226
2025-10-10 13:30:00,48.750,48.800,48.130,48.170,6920569
2025-10-10 14:00:00,48.170,48.660,47.900,48.580,5771414
2025-10-10 14:30:00,48.580,48.630,47.870,47.880,5882899
2025-10-10 15:00:00,47.880,47.880,47.140,47.650,12952679
2025-10-13 10:00:00,45.000,46.990,45.000,46.720,24285085
2025-10-13 10:30:00,46.690,46.950,46.060,46.920,7040650
2025-10-13 11:00:00,46.920,47.410,46.590,47.270,7398821
2025-10-13 11:30:00,47.270,47.270,46.590,46.600,3633186
2025-10-13 13:30:00,46.600,46.870,46.160,46.840,4433600
2025-10-13 14:00:00,46.830,48.500,46.710,48.490,8253769
2025-10-13 14:30:00,48.500,49.890,48.180,49.430,13657718
2025-10-13 15:00:00,49.430,49.830,49.020,49.770,11030840
2025-10-14 10:00:00,50.410,50.480,48.580,50.290,26634662
2025-10-14 10:30:00,50.290,50.330,49.000,49.000,9436373
2025-10-14 11:00:00,49.010,49.050,48.300,48.350,6425159
2025-10-14 11:30:00,48.350,48.700,48.010,48.560,4293715
2025-10-14 13:30:00,48.550,48.810,47.900,48.740,6321189
2025-10-14 14:00:00,48.720,48.780,47.980,47.990,3131700
2025-10-14 14:30:00,47.990,47.990,47.070,47.510,6232831
2025-10-14 15:00:00,47.510,47.690,46.690,46.980,11388054
2025-10-15 10:00:00,47.340,48.680,46.880,48.130,20069092
2025-10-15 10:30:00,48.130,48.190,46.960,47.440,8891097
2025-10-15 11:00:00,47.400,47.460,46.270,46.560,9634451
2025-10-15 11:30:00,46.560,47.010,46.520,46.800,2302714
2025-10-15 13:30:00,46.780,47.500,46.720,47.440,2906565
2025-10-15 14:00:00,47.440,47.440,47.000,47.350,2131165
2025-10-15 14:30:00,47.340,47.580,47.170,47.580,2377436
2025-10-15 15:00:00,47.580,47.600,47.200,47.300,4507243
2025-10-16 10:00:00,47.200,47.750,46.530,46.770,10480225
2025-10-16 10:30:00,46.770,47.690,46.730,47.220,4757285
2025-10-16 11:00:00,47.240,47.600,47.120,47.490,3090667
2025-10-16 11:30:00,47.480,48.300,47.420,47.660,6986981
2025-10-16 13:30:00,47.660,48.090,47.410,47.470,3438434
2025-10-16 14:00:00,47.470,47.550,47.180,47.360,2318693
2025-10-16 14:30:00,47.360,47.740,47.150,47.300,2690778
2025-10-16 15:00:00,47.300,47.500,46.960,47.500,5641777
2025-10-17 10:00:00,47.990,49.150,47.250,47.550,21980361
2025-10-17 10:30:00,47.550,47.930,47.160,47.560,5724303
2025-10-17 11:00:00,47.550,48.280,47.500,48.250,3447967
2025-10-17 11:30:00,48.260,48.370,47.660,47.880,3230750
2025-10-17 13:30:00,47.880,47.950,47.360,47.520,2988811
2025-10-17 14:00:00,47.520,47.700,47.000,47.290,3654083
2025-10-17 14:30:00,47.290,47.690,46.860,46.870,3645700
2025-10-17 15:00:00,46.870,46.980,46.300,46.550,8099276
2025-10-20 10:00:00,46.750,46.960,45.800,46.610,14778645
2025-10-20 10:30:00,46.640,47.140,46.500,46.630,5960151
2025-10-20 11:00:00,46.610,46.740,46.270,46.280,3309138
2025-10-20 11:30:00,46.280,46.340,46.000,46.150,2194200
2025-10-20 13:30:00,46.140,46.220,45.610,45.630,4840571
2025-10-20 14:00:00,45.630,45.700,45.090,45.190,6596876
2025-10-20 14:30:00,45.190,45.270,44.830,45.160,6160520
2025-10-20 15:00:00,45.160,45.490,45.040,45.490,3834463
2025-10-21 10:00:00,45.650,45.990,44.960,45.600,9429776
2025-10-21 10:30:00,45.600,45.780,45.000,45.650,4496227
2025-10-21 11:00:00,45.630,45.800,45.490,45.510,3089130
2025-10-21 11:30:00,45.510,45.800,45.460,45.670,2492490
2025-10-21 13:30:00,45.660,45.690,45.320,45.450,3586200
2025-10-21 14:00:00,45.440,45.600,45.300,45.430,2307973
2025-10-21 14:30:00,45.420,45.550,45.410,45.500,2032897
2025-10-21 15:00:00,45.490,45.610,45.460,45.610,4236787
2025-10-22 10:00:00,45.410,45.530,43.960,44.830,14736740
2025-10-22 10:30:00,44.830,45.200,44.740,45.190,3799154
2025-10-22 11:00:00,45.190,45.200,44.800,44.810,1593716
2025-10-22 11:30:00,44.810,44.880,44.580,44.580,1899595
2025-10-22 13:30:00,44.580,44.980,44.500,44.910,1843600
2025-10-22 14:00:00,44.920,45.830,44.810,45.130,3914070
2025-10-22 14:30:00,45.200,45.980,45.150,45.680,5795500
2025-10-22 15:00:00,45.680,45.980,45.600,45.970,5129217
2025-10-23 10:00:00,45.640,46.350,45.400,45.700,10781227
2025-10-23 10:30:00,45.700,46.170,45.150,46.020,6582181
2025-10-23 11:00:00,46.030,47.280,46.020,46.670,13830740
2025-10-23 11:30:00,46.680,47.020,46.630,46.860,3519864
2025-10-23 13:30:00,46.870,47.480,46.750,47.350,5622073
2025-10-23 14:00:00,47.320,47.390,46.930,47.250,4464500
2025-10-23 14:30:00,47.240,47.990,47.170,47.930,9993522
2025-10-23 15:00:00,47.930,48.320,47.800,48.010,10732898
2025-10-24 10:00:00,48.400,50.510,48.190,49.270,39663294
2025-10-24 10:30:00,49.280,49.500,48.740,48.810,9870490
2025-10-24 11:00:00,48.810,49.170,48.530,48.820,4789151
2025-10-24 11:30:00,48.820,49.000,48.650,48.900,2851003
2025-10-24 13:30:00,48.900,48.970,48.500,48.560,4117233
2025-10-24 14:00:00,48.560,48.650,48.170,48.630,5736008
2025-10-24 14:30:00,48.630,48.840,48.270,48.500,3314403
2025-10-24 15:00:00,48.500,48.700,48.370,48.610,6857811
2025-10-27 10:00:00,49.100,49.450,48.220,48.760,20731820
2025-10-27 10:30:00,48.770,48.960,48.430,48.620,7860112
2025-10-27 11:00:00,48.620,49.120,48.210,48.510,6524080
2025-10-27 11:30:00,48.500,48.900,48.410,48.900,3290984
2025-10-27 13:30:00,48.900,49.140,48.580,48.580,4593750
2025-10-27 14:00:00,48.580,48.880,48.520,48.660,3170400
2025-10-27 14:30:00,48.680,49.500,48.640,49.060,7172425
2025-10-27 15:00:00,49.070,49.270,48.930,49.210,8083322
2025-10-28 10:00:00,49.100,49.850,48.500,49.830,14722235
2025-10-28 10:30:00,49.840,50.160,49.350,50.000,12563313
2025-10-28 11:00:00,50.000,50.130,49.200,49.230,8761322
2025-10-28 11:30:00,49.230,49.390,48.810,49.360,4943100
2025-10-28 13:30:00,49.360,49.420,48.800,48.860,3876778
2025-10-28 14:00:00,48.850,48.860,48.300,48.760,6993781
2025-10-28 14:30:00,48.750,48.950,48.580,48.630,2332293
2025-10-28 15:00:00,48.630,48.780,48.470,48.510,4719038
2025-10-29 10:00:00,48.900,49.880,48.730,49.100,18626205
2025-10-29 10:30:00,49.080,49.500,49.000,49.340,6232660
2025-10-29 11:00:00,49.350,49.880,49.250,49.560,9421856
2025-10-29 11:30:00,49.560,49.680,49.400,49.660,3381900
2025-10-29 13:30:00,49.660,50.490,49.590,50.430,17316388
2025-10-29 14:00:00,50.440,50.550,50.100,50.300,10191642
2025-10-29 14:30:00,50.300,50.980,50.260,50.970,10496143
2025-10-29 15:00:00,50.970,51.000,50.720,50.770,11208264
2025-10-30 10:00:00,50.400,51.850,50.080,51.370,28229750
2025-10-30 10:30:00,51.360,51.750,50.800,51.470,12470967
2025-10-30 11:00:00,51.480,51.850,51.190,51.600,8381945
2025-10-30 11:30:00,51.590,55.500,51.580,54.800,31953960
2025-10-30 13:30:00,54.840,55.300,53.260,55.210,24799502
2025-10-30 14:00:00,55.250,55.850,54.750,55.850,35472561
2025-10-30 14:30:00,55.850,55.850,55.270,55.640,18646476
2025-10-30 15:00:00,55.640,55.850,55.500,55.680,21335812
2025-10-31 10:00:00,55.630,56.920,55.000,55.440,63537765
2025-10-31 10:30:00,55.440,56.640,55.440,56.230,20348518
2025-10-31 11:00:00,56.230,56.530,55.190,55.450,13394952
2025-10-31 11:30:00,55.440,55.440,54.480,54.490,14034405
2025-10-31 13:30:00,54.480,54.800,54.000,54.410,11560349
2025-10-31 14:00:00,54.400,54.570,53.500,53.710,10785424
2025-10-31 14:30:00,53.720,54.310,53.600,54.230,7659767
2025-10-31 15:00:00,54.240,54.280,53.400,53.400,13499995
2025-11-03 10:00:00,54.410,54.410,52.380,53.820,35658403
2025-11-03 10:30:00,53.850,54.000,52.220,52.240,14047281
2025-11-03 11:00:00,52.240,53.670,52.100,53.420,9121052
2025-11-03 11:30:00,53.420,53.510,52.600,52.790,4846750
2025-11-03 13:30:00,52.800,53.780,52.740,53.220,5962303
2025-11-03 14:00:00,53.210,54.080,53.000,53.950,7820736
2025-11-03 14:30:00,53.950,54.330,53.500,53.650,6546349
2025-11-03 15:00:00,53.660,53.850,53.580,53.830,5738266
2025-11-04 10:00:00,53.800,55.450,53.660,53.850,27100308
2025-11-04 10:30:00,53.850,54.060,53.300,53.540,10139011
2025-11-04 11:00:00,53.530,53.540,52.620,52.670,8786736
2025-11-04 11:30:00,52.670,53.180,52.430,52.540,4422091
2025-11-04 13:30:00,52.530,52.580,51.930,52.390,6719751
2025-11-04 14:00:00,52.390,52.650,52.220,52.380,3524806
2025-11-04 14:30:00,52.380,52.460,51.930,51.990,5842485
2025-11-04 15:00:00,52.000,52.500,51.780,52.250,8139843
2025-11-05 10:00:00,51.620,51.980,51.000,51.250,17243714
2025-11-05 10:30:00,51.230,52.000,51.030,51.370,7194938
2025-11-05 11:00:00,51.370,51.950,51.270,51.660,4038110
2025-11-05 11:30:00,51.660,53.300,51.650,52.850,11518000
2025-11-05 13:30:00,52.850,54.630,52.650,54.300,19219519
2025-11-05 14:00:00,54.290,55.400,53.960,54.070,15375218
2025-11-05 14:30:00,54.070,54.500,54.030,54.370,4774865
2025-11-05 15:00:00,54.380,54.450,54.180,54.270,10244700
2025-11-06 10:00:00,54.000,55.550,53.990,54.150,26148006
2025-11-06 10:30:00,54.160,54.980,53.860,54.930,8774588
2025-11-06 11:00:00,54.930,55.490,54.660,55.280,8846878
2025-11-06 11:30:00,55.260,55.810,55.070,55.250,9229450
2025-11-06 13:30:00,55.230,55.450,54.950,55.030,5385827
2025-11-06 14:00:00,55.030,55.500,54.720,55.260,5674105
2025-11-06 14:30:00,55.260,55.510,55.100,55.390,4181498
2025-11-06 15:00:00,55.400,55.450,55.030,55.140,7981568
2025-11-07 10:00:00,55.740,56.070,54.980,55.390,19849001
2025-11-07 10:30:00,55.390,56.430,55.360,56.050,14392006
2025-11-07 11:00:00,56.060,56.880,56.020,56.410,12444340
2025-11-07 11:30:00,56.410,57.380,56.330,56.380,12893357
2025-11-07 13:30:00,56.380,57.350,56.050,56.650,9635927
2025-11-07 14:00:00,56.650,57.920,56.630,57.510,13288203
2025-11-07 14:30:00,57.510,57.800,57.090,57.310,7652926
2025-11-07 15:00:00,57.310,57.480,56.900,56.990,11793396
2025-11-10 10:00:00,58.200,60.000,58.040,59.150,44180679
2025-11-10 10:30:00,59.150,59.340,58.000,58.150,16937812
2025-11-10 11:00:00,58.140,59.880,57.800,58.520,11881052
2025-11-10 11:30:00,58.520,59.000,58.280,58.460,5508594
2025-11-10 13:30:00,58.500,58.990,57.300,57.320,9501309
2025-11-10 14:00:00,57.330,57.780,56.460,56.670,12948034
2025-11-10 14:30:00,56.680,57.250,56.440,56.750,8143815
2025-11-10 15:00:00,56.750,57.750,56.730,57.510,11276316
2025-11-11 10:00:00,57.000,57.740,56.500,57.450,25458799
2025-11-11 10:30:00,57.450,57.540,56.670,56.700,8254327
2025-11-11 11:00:00,56.700,56.700,56.000,56.250,10142181
2025-11-11 11:30:00,56.250,56.810,56.100,56.200,7587421
2025-11-11 13:30:00,56.180,56.340,55.660,55.700,8464889
2025-11-11 14:00:00,55.700,55.870,55.460,55.570,6360139
2025-11-11 14:30:00,55.570,55.600,55.180,55.180,6581192
2025-11-11 15:00:00,55.190,55.360,54.880,55.320,12404256
2025-11-12 10:00:00,54.300,54.900,52.680,54.450,25177375
2025-11-12 10:30:00,54.420,55.540,54.390,54.800,9995311
2025-11-12 11:00:00,54.790,54.910,53.810,53.950,5127847
2025-11-12 11:30:00,53.950,54.000,53.380,53.400,5373579
2025-11-12 13:30:00,53.430,53.930,53.340,53.730,4472379
2025-11-12 14:00:00,53.720,54.600,53.670,54.420,3744422
2025-11-12 14:30:00,54.410,54.610,53.970,54.280,4192599
2025-11-12 15:00:00,54.290,54.430,53.950,54.100,6539661
2025-11-13 10:00:00,53.990,57.000,53.620,56.750,33533277
2025-11-13 10:30:00,56.750,57.690,56.420,57.670,16130317
2025-11-13 11:00:00,57.670,59.000,57.380,58.200,17399179
2025-11-13 11:30:00,58.200,59.510,58.180,59.430,27299133
2025-11-13 13:30:00,59.430,59.510,58.690,58.830,15502236
2025-11-13 14:00:00,58.830,59.090,58.540,58.610,8450224
2025-11-13 14:30:00,58.600,59.510,58.280,59.510,14177452
2025-11-13 15:00:00,59.510,59.510,59.350,59.500,10165959
2025-11-14 10:00:00,58.000,58.860,57.000,57.280,36356197
2025-11-14 10:30:00,57.290,57.430,56.380,56.850,17416117
2025-11-14 11:00:00,56.840,56.900,56.000,56.340,10522258
2025-11-14 11:30:00,56.330,56.840,56.270,56.570,4251297
2025-11-14 13:30:00,56.570,57.280,56.530,57.220,6876242
2025-11-14 14:00:00,57.220,57.560,56.800,56.970,6917000
2025-11-14 14:30:00,56.970,57.560,56.870,56.940,5686873
2025-11-14 15:00:00,56.940,57.130,56.600,56.610,8883991
2025-11-17 10:00:00,58.290,60.990,58.280,59.970,53831670
2025-11-17 10:30:00,59.970,61.460,59.770,61.000,22460565
2025-11-17 11:00:00,60.990,61.760,60.620,61.270,11035286
2025-11-17 11:30:00,61.270,62.200,61.210,61.490,11175266
2025-11-17 13:30:00,61.500,62.000,61.460,61.790,7469937
2025-11-17 14:00:00,61.800,62.270,61.690,62.110,19072831
2025-11-17 14:30:00,62.100,62.270,61.750,61.830,17315275
2025-11-17 15:00:00,61.820,62.200,61.410,62.200,13120554
2025-11-18 10:00:00,62.000,63.670,60.350,60.360,57222208
2025-11-18 10:30:00,60.370,61.210,60.110,61.040,15481153
2025-11-18 11:00:00,61.040,61.570,60.220,60.260,9258504
2025-11-18 11:30:00,60.250,60.380,59.750,60.070,10847990
2025-11-18 13:30:00,60.060,60.080,59.180,59.400,9687152
2025-11-18 14:00:00,59.400,59.950,59.360,59.530,6336135
2025-11-18 14:30:00,59.520,59.550,59.330,59.480,5496200
2025-11-18 15:00:00,59.490,60.050,59.400,59.940,12394718
2025-11-19 10:00:00,61.000,62.810,60.120,62.510,47579741
2025-11-19 10:30:00,62.500,64.380,62.340,64.070,32615011
2025-11-19 11:00:00,64.080,64.710,62.920,63.070,12825494
2025-11-19 11:30:00,63.070,63.840,62.460,62.510,8349256
2025-11-19 13:30:00,62.510,63.170,61.810,63.110,8882850
2025-11-19 14:00:00,63.110,63.360,62.530,63.130,6464782
2025-11-19 14:30:00,63.130,63.770,62.890,63.610,6058076
2025-11-19 15:00:00,63.610,64.000,63.410,63.590,10978284
2025-11-20 10:00:00,63.360,65.820,62.500,65.450,47030736
2025-11-20 10:30:00,65.450,66.650,65.090,65.330,26299127
2025-11-20 11:00:00,65.330,65.500,63.920,64.040,13187711
2025-11-20 11:30:00,64.040,65.220,63.960,64.390,6203301
2025-11-20 13:30:00,64.380,64.740,63.710,63.810,7488611
2025-11-20 14:00:00,63.810,63.830,62.550,62.780,10799635
2025-11-20 14:30:00,62.770,63.090,61.850,62.040,11589597
2025-11-20 15:00:00,62.040,62.800,62.000,62.310,13006557
2025-11-21 10:00:00,58.320,58.990,56.200,56.780,51052598
2025-11-21 10:30:00,56.770,56.950,56.100,56.180,17902500
2025-11-21 11:00:00,56.170,56.180,56.080,56.170,12919227
2025-11-21 11:30:00,56.160,56.440,56.080,56.080,6470000
2025-11-21 13:30:00,56.080,56.090,56.080,56.080,2305100
2025-11-21 14:00:00,56.080,56.080,56.080,56.080,784900
2025-11-21 14:30:00,56.080,56.080,56.080,56.080,567900
2025-11-21 15:00:00,56.080,56.080,56.080,56.080,1859400
2025-11-24 10:00:00,54.790,55.000,51.510,51.910,51571499
2025-11-24 10:30:00,51.920,52.000,51.220,51.510,14511105
2025-11-24 11:00:00,51.510,51.560,50.660,50.700,13919032
2025-11-24 11:30:00,50.710,51.250,50.510,50.580,7733586
2025-11-24 13:30:00,50.570,51.480,50.480,51.470,8470986
2025-11-24 14:00:00,51.470,52.300,51.110,51.840,9759200
2025-11-24 14:30:00,51.840,52.500,51.800,52.090,6008459
2025-11-24 15:00:00,52.090,52.220,51.480,51.590,8753506
2025-11-25 10:00:00,52.450,52.670,51.120,51.630,26191610
2025-11-25 10:30:00,51.640,52.180,51.350,52.130,9341800
2025-11-25 11:00:00,52.130,52.600,52.050,52.080,9180959
2025-11-25 11:30:00,52.070,52.560,52.060,52.470,3878013
2025-11-25 13:30:00,52.470,53.490,52.450,52.600,12342155
2025-11-25 14:00:00,52.590,53.570,52.540,53.570,7918463
2025-11-25 14:30:00,53.560,54.450,53.520,53.680,12913241
2025-11-25 15:00:00,53.670,53.810,53.500,53.700,8556648
2025-11-26 10:00:00,54.500,55.140,53.550,54.370,27107191
2025-11-26 10:30:00,54.370,54.460,53.390,53.670,9561454
2025-11-26 11:00:00,53.670,54.390,53.620,54.020,5056316
2025-11-26 11:30:00,54.020,55.900,54.020,55.880,11089263
2025-11-26 13:30:00,55.880,55.880,54.860,55.150,7693536
2025-11-26 14:00:00,55.120,55.160,54.190,54.240,6174700
2025-11-26 14:30:00,54.230,54.350,53.900,54.020,5630387
2025-11-26 15:00:00,54.050,54.220,53.960,54.160,6984682
2025-11-27 10:00:00,53.540,54.890,53.340,54.380,17906326
2025-11-27 10:30:00,54.380,55.150,54.350,54.650,8733325
2025-11-27 11:00:00,54.690,54.770,53.800,53.990,5655713
2025-11-27 11:30:00,53.990,54.190,53.700,53.730,3134023
2025-11-27 13:30:00,53.710,54.450,53.680,53.930,3813221
2025-11-27 14:00:00,53.930,54.590,53.910,54.390,4575731
2025-11-27 14:30:00,54.370,54.380,54.000,54.090,2913041
2025-11-27 15:00:00,54.100,54.140,53.660,53.750,7552497
2025-11-28 10:00:00,53.820,54.650,53.580,54.420,14330810
2025-11-28 10:30:00,54.440,55.550,54.350,54.740,15957679
2025-11-28 11:00:00,54.740,55.050,54.550,54.580,4130800
2025-11-28 11:30:00,54.580,54.930,54.510,54.670,2748693
2025-11-28 13:30:00,54.670,55.780,54.580,55.200,10854361
2025-11-28 14:00:00,55.210,55.550,55.000,55.220,4600900
2025-11-28 14:30:00,55.220,55.260,54.800,55.000,4155443
2025-11-28 15:00:00,55.000,55.070,54.900,55.030,6213556
2025-12-01 10:00:00,55.450,56.210,55.150,55.850,19670307
2025-12-01 10:30:00,55.860,55.950,54.440,54.750,10816311
2025-12-01 11:00:00,54.750,55.030,54.190,54.670,6375093
2025-12-01 11:30:00,54.710,55.080,54.600,54.790,2546100
2025-12-01 13:30:00,54.820,55.030,54.670,54.770,2387300
2025-12-01 14:00:00,54.780,54.810,54.350,54.450,2823100
2025-12-01 14:30:00,54.450,54.570,54.290,54.300,3589294
2025-12-01 15:00:00,54.300,54.750,54.290,54.620,5013114
2025-12-02 10:00:00,53.810,53.860,52.540,53.400,19110384
2025-12-02 10:30:00,53.410,53.700,52.950,53.020,5489655
2025-12-02 11:00:00,53.010,53.350,52.890,53.040,2805565
2025-12-02 11:30:00,53.040,53.100,52.980,53.000,2948849
2025-12-02 13:30:00,52.990,53.100,52.680,52.690,5099162
2025-12-02 14:00:00,52.690,52.930,52.570,52.700,4868124
2025-12-02 14:30:00,52.700,52.840,52.600,52.770,2737057
2025-12-02 15:00:00,52.760,52.780,52.510,52.610,7343918
2025-12-03 10:00:00,53.050,53.200,51.660,51.990,14790370
2025-12-03 10:30:00,52.000,52.290,51.400,51.410,7013130
2025-12-03 11:00:00,51.410,51.770,51.000,51.320,7821047
2025-12-03 11:30:00,51.310,51.630,51.210,51.620,3120770
2025-12-03 13:30:00,51.620,52.000,51.500,51.640,3215300
2025-12-03 14:00:00,51.680,51.680,51.240,51.270,2838100
2025-12-03 14:30:00,51.260,51.280,50.900,51.020,5421987
2025-12-03 15:00:00,51.030,51.250,50.920,51.200,5375968
2025-12-04 10:00:00,51.040,52.000,51.010,51.020,14913511
2025-12-04 10:30:00,51.020,51.390,50.810,51.300,5367146
2025-12-04 11:00:00,51.310,51.410,50.920,51.350,3414500
2025-12-04 11:30:00,51.350,51.350,50.810,51.130,3135200
2025-12-04 13:30:00,51.140,51.460,51.010,51.180,3149122
2025-12-04 14:00:00,51.190,51.200,50.870,51.190,2519400
2025-12-04 14:30:00,51.180,51.390,51.100,51.240,2649483
2025-12-04 15:00:00,51.240,51.400,51.200,51.390,5007694
2025-12-05 10:00:00,50.910,51.280,50.200,50.990,11486322
2025-12-05 10:30:00,50.990,51.280,50.420,50.500,4704200
2025-12-05 11:00:00,50.490,50.860,50.480,50.780,2351863
2025-12-05 11:30:00,50.790,51.390,50.730,51.100,3990150
2025-12-05 13:30:00,51.100,51.350,50.900,50.970,2469900
2025-12-05 14:00:00,50.960,51.220,50.840,51.140,3761227
2025-12-05 14:30:00,51.150,51.340,51.100,51.190,3764455
2025-12-05 15:00:00,51.170,51.240,51.000,51.050,5152736
2025-12-08 10:00:00,51.200,52.790,51.190,52.650,21895404
2025-12-08 10:30:00,52.650,53.080,52.310,52.320,13289634
2025-12-08 11:00:00,52.320,52.600,52.220,52.490,4908948
2025-12-08 11:30:00,52.490,52.950,52.470,52.880,3505249
2025-12-08 13:30:00,52.880,53.300,52.860,53.200,6781169
2025-12-08 14:00:00,53.200,53.450,52.880,52.900,4975055
2025-12-08 14:30:00,52.900,53.050,52.780,52.960,2981534
2025-12-08 15:00:00,52.950,53.100,52.900,53.100,5660852
2025-12-09 10:00:00,52.740,52.860,51.800,52.750,13647271
2025-12-09 10:30:00,52.730,53.100,52.260,52.270,5874856
2025-12-09 11:00:00,52.260,52.690,52.060,52.260,3110698
2025-12-09 11:30:00,52.250,52.560,52.200,52.400,1645399
2025-12-09 13:30:00,52.400,52.430,51.820,51.850,4359618
2025-12-09 14:00:00,51.840,51.940,51.590,51.800,4610948
2025-12-09 14:30:00,51.800,52.230,51.700,52.170,3006289
2025-12-09 15:00:00,52.170,52.390,52.100,52.250,4534800
2025-12-10 10:00:00,52.950,53.030,51.500,52.030,9927344
2025-12-10 10:30:00,52.040,52.510,51.880,52.410,4065395
2025-12-10 11:00:00,52.430,53.610,52.230,53.300,13151739
2025-12-10 11:30:00,53.320,53.390,52.610,52.740,4303434
2025-12-10 13:30:00,52.740,52.880,52.300,52.590,3511103
2025-12-10 14:00:00,52.590,52.900,52.350,52.670,2527900
2025-12-10 14:30:00,52.670,53.100,52.570,53.090,3218554
2025-12-10 15:00:00,53.090,53.100,52.860,52.890,3943155
2025-12-11 10:00:00,53.890,54.000,53.350,53.630,16744113
2025-12-11 10:30:00,53.650,53.980,53.150,53.870,8181217
2025-12-11 11:00:00,53.890,54.430,53.600,53.730,8231846
2025-12-11 11:30:00,53.730,53.970,53.300,53.330,3804205
2025-12-11 13:30:00,53.320,53.340,53.050,53.200,4097400
2025-12-11 14:00:00,53.200,53.330,52.850,53.310,3369900
2025-12-11 14:30:00,53.310,53.330,52.920,53.020,2279300
2025-12-11 15:00:00,53.020,53.210,52.830,53.100,5120048
2025-12-12 10:00:00,54.300,54.460,52.170,52.590,18674314
2025-12-12 10:30:00,52.590,52.630,51.130,51.240,12677610
2025-12-12 11:00:00,51.250,51.790,51.130,51.450,6927994
2025-12-12 11:30:00,51.450,51.750,51.260,51.300,5400789
2025-12-12 13:30:00,51.300,51.500,51.300,51.420,3543387
2025-12-12 14:00:00,51.410,51.760,51.410,51.620,2949719
2025-12-12 14:30:00,51.620,51.820,51.550,51.570,2714325
2025-12-12 15:00:00,51.570,51.640,51.450,51.640,5623903
2025-12-15 10:00:00,51.230,51.720,50.230,50.510,16485257
2025-12-15 10:30:00,50.520,50.520,49.800,49.960,12187278
2025-12-15 11:00:00,49.960,50.360,49.880,50.330,4669829
2025-12-15 11:30:00,50.320,50.470,49.800,49.800,4306055
2025-12-15 13:30:00,49.820,49.850,49.150,49.420,7550476
2025-12-15 14:00:00,49.420,50.190,49.220,49.960,4088690
2025-12-15 14:30:00,49.960,51.000,49.740,50.910,5359802
2025-12-15 15:00:00,50.910,50.950,50.330,50.410,4470772
2025-12-16 10:00:00,50.490,50.800,50.160,50.450,10951517
2025-12-16 10:30:00,50.450,50.500,49.820,50.200,5711400
2025-12-16 11:00:00,50.200,50.250,49.310,49.490,4791271
2025-12-16 11:30:00,49.490,49.630,49.080,49.100,3153484
2025-12-16 13:30:00,49.110,49.990,49.090,49.620,3264832
2025-12-16 14:00:00,49.650,50.880,49.520,50.440,7338900
2025-12-16 14:30:00,50.440,50.670,50.210,50.240,2856016
2025-12-16 15:00:00,50.230,50.460,50.130,50.130,3673397
2025-12-17 10:00:00,51.990,52.800,51.230,52.250,33269315
2025-12-17 10:30:00,52.260,52.780,52.010,52.480,11118045
2025-12-17 11:00:00,52.480,52.880,52.070,52.880,6929509
2025-12-17 11:30:00,52.880,53.120,52.710,52.850,7792389
2025-12-17 13:30:00,52.850,53.000,52.790,52.890,3986863
2025-12-17 14:00:00,52.890,53.050,52.480,53.050,6329929
2025-12-17 14:30:00,53.050,53.360,52.990,53.120,6720000
2025-12-17 15:00:00,53.120,53.150,53.000,53.140,6688548
2025-12-18 10:00:00,52.960,53.950,52.230,53.580,20676525
2025-12-18 10:30:00,53.570,53.700,52.990,53.110,7605720
2025-12-18 11:00:00,53.110,53.800,53.100,53.460,5056200
2025-12-18 11:30:00,53.470,53.650,53.300,53.480,2471306
2025-12-18 13:30:00,53.480,53.500,52.970,53.110,3847413
2025-12-18 14:00:00,53.110,53.120,52.280,52.360,6638099
2025-12-18 14:30:00,52.360,52.410,52.050,52.220,5167100
2025-12-18 15:00:00,52.230,52.320,52.070,52.100,5115976
2025-12-19 10:00:00,52.150,52.390,51.010,51.320,14279622
2025-12-19 10:30:00,51.320,52.440,51.110,52.110,7495653
2025-12-19 11:00:00,52.110,52.400,51.810,51.870,3503980
2025-12-19 11:30:00,51.870,51.870,51.480,51.580,3006100
2025-12-19 13:30:00,51.580,51.720,51.320,51.330,3820819
2025-12-19 14:00:00,51.330,53.490,51.300,53.060,19980321
2025-12-19 14:30:00,53.070,53.300,52.900,53.050,6113278
2025-12-19 15:00:00,53.060,53.450,52.880,52.900,9747481
2025-12-22 10:00:00,53.210,54.480,53.200,53.930,21586613
2025-12-22 10:30:00,53.910,54.900,53.890,54.340,12738718
2025-12-22 11:00:00,54.330,54.500,53.910,54.270,5757562
2025-12-22 11:30:00,54.280,54.880,54.260,54.680,5563027
2025-12-22 13:30:00,54.680,54.690,54.420,54.470,3773717
2025-12-22 14:00:00,54.470,54.600,53.350,53.380,10272750
2025-12-22 14:30:00,53.390,53.970,53.380,53.870,3848266
2025-12-22 15:00:00,53.870,53.920,53.600,53.920,5927678
2025-12-23 10:00:00,54.180,54.970,53.680,54.700,14480444
2025-12-23 10:30:00,54.700,54.850,54.400,54.690,7554398
2025-12-23 11:00:00,54.660,55.500,54.560,55.500,13796231
2025-12-23 11:30:00,55.490,56.320,55.420,55.960,15102550
2025-12-23 13:30:00,55.930,56.270,55.400,55.630,7650056
2025-12-23 14:00:00,55.620,56.180,55.400,55.430,5668600
2025-12-23 14:30:00,55.420,55.720,55.370,55.380,4399800
2025-12-23 15:00:00,55.370,55.830,55.260,55.780,9591812
2025-12-24 10:00:00,56.290,56.940,55.400,56.770,25060294
2025-12-24 10:30:00,56.770,57.200,55.780,55.970,12184716
2025-12-24 11:00:00,55.970,56.100,55.220,55.220,6606344
2025-12-24 11:30:00,55.220,55.650,55.160,55.580,4075731
2025-12-24 13:30:00,55.570,55.850,55.300,55.760,3923177
2025-12-24 14:00:00,55.760,55.940,55.390,55.570,3769900
2025-12-24 14:30:00,55.580,55.800,55.410,55.680,4279409
2025-12-24 15:00:00,55.660,56.500,55.410,56.260,13432176
2025-12-25 10:00:00,54.810,55.010,54.060,54.410,24079775
2025-12-25 10:30:00,54.410,54.450,54.080,54.090,8019030
2025-12-25 11:00:00,54.090,54.370,54.020,54.070,6210614
2025-12-25 11:30:00,54.060,54.140,53.850,53.920,6819093
2025-12-25 13:30:00,53.920,54.450,53.810,54.280,4227301
2025-12-25 14:00:00,54.270,55.330,54.180,55.220,7564816
2025-12-25 14:30:00,55.220,56.180,55.180,55.760,9477021
2025-12-25 15:00:00,55.760,55.850,55.390,55.530,6629111
2025-12-26 10:00:00,57.500,58.500,57.000,57.100,42855252
2025-12-26 10:30:00,57.100,57.610,57.060,57.460,5833172
2025-12-26 11:00:00,57.450,58.300,57.400,58.170,8121226
2025-12-26 11:30:00,58.160,58.880,57.330,57.740,14298812
2025-12-26 13:30:00,57.740,58.550,57.390,58.100,7478637
2025-12-26 14:00:00,58.100,58.280,57.960,58.100,2965775
2025-12-26 14:30:00,58.100,58.220,57.870,57.920,4927426
2025-12-26 15:00:00,57.920,58.040,57.900,57.930,7944798
2025-12-29 10:00:00,58.100,58.130,56.200,56.950,26510981
2025-12-29 10:30:00,56.950,57.350,56.720,57.020,6363482
2025-12-29 11:00:00,57.010,57.290,56.880,57.120,3696763
2025-12-29 11:30:00,57.120,57.260,56.680,56.690,3518479
2025-12-29 13:30:00,56.690,57.050,56.400,56.680,4561415
2025-12-29 14:00:00,56.680,56.730,55.940,56.080,6385357
2025-12-29 14:30:00,56.070,56.080,55.660,55.710,9089489
2025-12-29 15:00:00,55.710,55.790,55.110,55.300,14423410
2025-12-30 10:00:00,54.000,55.130,53.810,55.000,17978988
2025-12-30 10:30:00,54.970,55.330,54.700,55.040,4433368
2025-12-30 11:00:00,55.030,55.950,54.980,55.770,6324907
2025-12-30 11:30:00,55.780,56.000,55.500,55.820,4087957
2025-12-30 13:30:00,55.800,56.790,55.650,56.770,9074350
2025-12-30 14:00:00,56.770,57.000,56.330,56.450,6346114
2025-12-30 14:30:00,56.440,56.700,56.380,56.500,2958023
2025-12-30 15:00:00,56.490,56.590,56.300,56.380,5654522
2025-12-31 10:00:00,56.300,57.540,55.860,55.900,15647421
2025-12-31 10:30:00,55.900,56.500,55.870,56.330,4525000
2025-12-31 11:00:00,56.320,56.450,55.400,55.420,5594658
2025-12-31 11:30:00,55.420,55.620,55.100,55.260,4047300
2025-12-31 13:30:00,55.250,55.930,55.010,55.760,3195188
2025-12-31 14:00:00,55.750,55.760,55.110,55.190,2985970
2025-12-31 14:30:00,55.190,55.370,55.110,55.200,3217077
2025-12-31 15:00:00,55.200,55.460,55.030,55.380,6168322
2026-01-05 10:00:00,55.800,56.150,54.960,55.750,15789639
2026-01-05 10:30:00,55.750,55.860,55.230,55.480,6041712
2026-01-05 11:00:00,55.480,56.980,55.460,56.550,11923671
2026-01-05 11:30:00,56.520,56.960,56.440,56.820,5538386
2026-01-05 13:30:00,56.820,56.900,56.220,56.460,4536557
2026-01-05 14:00:00,56.460,56.870,56.430,56.580,3778309
2026-01-05 14:30:00,56.580,57.100,56.570,56.880,7365701
2026-01-05 15:00:00,56.880,57.000,56.860,57.000,7361507
2026-01-06 10:00:00,58.500,59.200,57.700,58.500,28976958
2026-01-06 10:30:00,58.500,59.100,58.200,58.360,12004593
2026-01-06 11:00:00,58.360,59.100,58.330,58.980,9482401
2026-01-06 11:30:00,58.970,59.050,58.650,58.760,5256391
2026-01-06 13:30:00,58.780,59.870,58.750,59.650,11193380
2026-01-06 14:00:00,59.670,59.970,58.880,59.080,7625617
2026-01-06 14:30:00,59.080,59.360,58.850,59.320,4381261
2026-01-06 15:00:00,59.310,59.380,59.010,59.280,6890665
2026-01-07 10:00:00,59.800,60.560,58.510,59.300,24823705
2026-01-07 10:30:00,59.300,59.340,58.330,58.890,10307959
2026-01-07 11:00:00,58.900,59.790,58.820,59.200,6575183
2026-01-07 11:30:00,59.200,59.400,58.830,58.960,3476821
2026-01-07 13:30:00,58.960,59.010,58.110,58.140,7702869
2026-01-07 14:00:00,58.150,58.500,57.800,58.390,6859118
2026-01-07 14:30:00,58.380,59.190,58.380,59.120,4544760
2026-01-07 15:00:00,59.120,59.280,58.900,59.240,8225118
2026-01-08 10:00:00,59.580,60.980,59.500,60.290,25548382
2026-01-08 10:30:00,60.290,60.570,59.500,59.590,8040674
2026-01-08 11:00:00,59.580,59.640,59.180,59.610,5883040
2026-01-08 11:30:00,59.610,59.670,58.850,58.900,4702012
2026-01-08 13:30:00,58.900,59.000,58.500,58.530,5410300
2026-01-08 14:00:00,58.520,58.540,58.000,58.330,8037800
2026-01-08 14:30:00,58.320,58.360,57.770,58.360,6704449
2026-01-08 15:00:00,58.360,58.840,58.350,58.620,5299866
2026-01-09 10:00:00,57.800,58.900,57.200,58.660,14325707
2026-01-09 10:30:00,58.660,59.650,58.500,59.490,10869839
2026-01-09 11:00:00,59.490,59.900,59.000,59.370,7574784
2026-01-09 11:30:00,59.370,59.370,58.680,58.850,4756165
2026-01-09 13:30:00,58.850,59.300,58.690,59.060,4050984
2026-01-09 14:00:00,59.070,59.150,58.400,58.630,4158050
2026-01-09 14:30:00,58.630,58.710,58.330,58.610,4065109
2026-01-09 15:00:00,58.610,58.680,58.460,58.630,5592428
2026-01-12 10:00:00,60.800,62.180,60.100,60.680,29303652
2026-01-12 10:30:00,60.630,60.800,60.010,60.050,7115602
2026-01-12 11:00:00,60.080,61.300,59.910,60.990,6670978
2026-01-12 11:30:00,60.970,61.890,60.720,61.450,8231033
2026-01-12 13:30:00,61.450,61.800,61.040,61.630,5747878
2026-01-12 14:00:00,61.620,61.650,61.190,61.400,2819046
2026-01-12 14:30:00,61.410,61.450,61.000,61.200,3419624
2026-01-12 15:00:00,61.190,61.300,60.800,61.300,6583710
2026-01-13 10:00:00,61.500,63.500,61.310,62.000,30615029
2026-01-13 10:30:00,62.000,63.500,61.620,63.090,11796156
2026-01-13 11:00:00,63.050,65.360,62.720,64.960,18226455
2026-01-13 11:30:00,64.930,66.000,64.280,64.310,11514332
2026-01-13 13:30:00,64.280,64.310,62.900,63.140,9585079
2026-01-13 14:00:00,63.150,63.500,62.190,63.350,7205036
2026-01-13 14:30:00,63.370,63.370,62.300,62.310,4736268
2026-01-13 15:00:00,62.320,62.540,61.890,62.360,10829820
2026-01-14 10:00:00,61.460,63.330,61.200,62.330,20418400
2026-01-14 10:30:00,62.310,62.680,62.200,62.420,8028809
2026-01-14 11:00:00,62.450,62.610,61.600,61.980,7683868
2026-01-14 11:30:00,61.980,62.110,61.650,61.750,5665231
2026-01-14 13:30:00,61.760,61.770,59.550,60.050,22072707
2026-01-14 14:00:00,60.050,60.720,59.600,59.600,10995300
2026-01-14 14:30:00,59.590,60.190,59.230,60.130,8159688
2026-01-14 15:00:00,60.120,60.190,59.610,59.820,8580204
2026-01-15 10:00:00,59.580,62.770,59.460,62.350,31453882
2026-01-15 10:30:00,62.370,62.500,61.550,61.600,11320624
2026-01-15 11:00:00,61.620,62.480,61.580,61.970,6136768
2026-01-15 11:30:00,61.920,62.250,61.430,61.510,3836702
2026-01-15 13:30:00,61.560,61.600,61.010,61.540,4629900
2026-01-15 14:00:00,61.530,61.620,60.800,61.090,3572853
2026-01-15 14:30:00,61.090,61.310,60.970,61.210,2585922
2026-01-15 15:00:00,61.220,61.320,61.060,61.320,5235609
2026-01-16 10:00:00,61.400,62.660,60.900,61.000,15155798
2026-01-16 10:30:00,60.980,61.020,59.720,59.810,14334217
2026-01-16 11:00:00,59.850,59.960,58.610,59.670,12894364
2026-01-16 11:30:00,59.670,59.980,59.350,59.400,4002321
2026-01-16 13:30:00,59.400,59.780,59.020,59.320,4303348
2026-01-16 14:00:00,59.310,59.360,58.900,58.950,5730518
2026-01-16 14:30:00,58.960,59.200,58.760,59.000,4967784
2026-01-16 15:00:00,58.990,59.080,58.710,58.730,8112794
2026-01-19 10:00:00,58.550,59.080,57.800,58.900,13461876
2026-01-19 10:30:00,58.890,59.240,58.600,58.770,5804998
2026-01-19 11:00:00,58.770,58.800,58.310,58.750,2968005
2026-01-19 11:30:00,58.740,58.900,58.580,58.720,2355000
2026-01-19 13:30:00,58.740,58.940,58.610,58.940,1917630
2026-01-19 14:00:00,58.930,59.060,58.180,58.420,3654100
2026-01-19 14:30:00,58.370,58.580,58.300,58.450,2324785
2026-01-19 15:00:00,58.500,58.660,58.420,58.610,3698629
2026-01-20 10:00:00,59.610,59.990,58.680,58.780,15996278
2026-01-20 10:30:00,58.780,58.930,57.870,58.160,7188822
2026-01-20 11:00:00,58.150,58.400,57.810,58.010,3709414
2026-01-20 11:30:00,58.020,59.160,57.900,59.060,3427068
2026-01-20 13:30:00,59.060,59.580,58.900,59.330,8318875
2026-01-20 14:00:00,59.330,59.460,59.060,59.130,2859079
2026-01-20 14:30:00,59.130,59.150,58.700,58.950,2398173
2026-01-20 15:00:00,58.960,59.490,58.850,59.490,4601971
2026-01-21 10:00:00,59.600,61.580,59.330,61.300,22915790
2026-01-21 10:30:00,61.300,61.480,60.910,61.270,7777216
2026-01-21 11:00:00,61.270,61.450,60.800,60.800,5154714
2026-01-21 11:30:00,60.800,61.190,60.780,60.800,2830018
2026-01-21 13:30:00,60.800,60.960,60.510,60.670,3320800
2026-01-21 14:00:00,60.680,61.300,60.670,61.300,4364243
2026-01-21 14:30:00,61.300,61.880,61.210,61.370,10269930
2026-01-21 15:00:00,61.400,61.630,61.350,61.430,6885250
2026-01-22 10:00:00,61.820,62.650,60.830,61.350,15685781
2026-01-22 10:30:00,61.360,61.450,60.410,60.600,6880060
2026-01-22 11:00:00,60.600,61.750,60.440,61.450,4816533
2026-01-22 11:30:00,61.440,61.780,61.000,61.060,5420898
2026-01-22 13:30:00,61.060,61.150,60.480,60.500,4475261
2026-01-22 14:00:00,60.510,60.880,60.290,60.600,4113740
2026-01-22 14:30:00,60.600,60.830,60.520,60.680,1971012
2026-01-22 15:00:00,60.670,60.690,60.320,60.650,5382110
2026-01-23 10:00:00,61.650,62.490,61.030,62.450,18930249
2026-01-23 10:30:00,62.460,63.400,62.270,62.280,13972399
2026-01-23 11:00:00,62.280,62.840,62.050,62.310,4949969
2026-01-23 11:30:00,62.310,62.430,61.780,61.990,4873301
2026-01-23 13:30:00,61.970,62.870,61.810,62.480,5961525
2026-01-23 14:00:00,62.480,63.000,62.390,62.650,6524206
2026-01-23 14:30:00,62.640,63.000,62.450,62.630,5545449
2026-01-23 15:00:00,62.630,62.890,62.320,62.800,10489708
2026-01-26 10:00:00,64.000,64.550,62.480,62.720,27190432
2026-01-26 10:30:00,62.780,63.430,62.450,62.780,10480993
2026-01-26 11:00:00,62.780,63.260,61.710,61.750,8289105
2026-01-26 11:30:00,61.780,62.760,61.510,61.580,7894080
2026-01-26 13:30:00,61.570,61.980,61.560,61.880,4136287
2026-01-26 14:00:00,61.880,62.140,61.480,61.870,4581833
2026-01-26 14:30:00,61.790,62.020,61.660,61.960,2462770
2026-01-26 15:00:00,61.940,62.000,61.700,61.710,5622899
2026-01-27 10:00:00,61.510,62.700,59.700,59.780,22639593
2026-01-27 10:30:00,59.770,59.960,59.240,59.510,10533893
2026-01-27 11:00:00,59.500,60.520,59.500,60.100,4348096
2026-01-27 11:30:00,60.100,60.790,60.010,60.260,2423290
2026-01-27 13:30:00,60.300,60.500,60.050,60.170,2539220
2026-01-27 14:00:00,60.190,60.730,60.180,60.600,3325536
2026-01-27 14:30:00,60.590,60.800,60.420,60.490,2532969
2026-01-27 15:00:00,60.480,61.150,60.450,61.000,6100123
2026-01-28 10:00:00,61.500,62.220,59.730,60.100,14993278
2026-01-28 10:30:00,60.130,60.580,59.810,59.840,8060970
2026-01-28 11:00:00,59.840,60.410,59.790,59.950,5440318
2026-01-28 11:30:00,59.940,60.980,59.870,60.530,4426663
2026-01-28 13:30:00,60.540,62.000,60.510,60.800,10427265
2026-01-28 14:00:00,60.810,61.150,60.680,60.930,3451425
2026-01-28 14:30:00,60.930,61.400,60.930,61.250,5358301
2026-01-28 15:00:00,61.240,61.710,60.920,61.110,8166956
2026-01-29 10:00:00,59.750,60.320,58.450,59.960,21505382
2026-01-29 10:30:00,59.960,60.000,58.840,59.070,8330167
2026-01-29 11:00:00,59.060,60.630,59.000,60.250,6745110
2026-01-29 11:30:00,60.260,60.650,60.000,60.090,4147262
2026-01-29 13:30:00,60.100,60.600,59.530,59.560,3683438
2026-01-29 14:00:00,59.560,60.180,59.420,59.550,3771077
2026-01-29 14:30:00,59.550,59.820,59.310,59.530,3301562
2026-01-29 15:00:00,59.520,59.630,58.990,59.120,7247529
2026-01-30 10:00:00,58.250,58.250,55.400,55.400,28785451
2026-01-30 10:30:00,55.400,55.420,53.450,53.470,18921001
2026-01-30 11:00:00,53.460,54.600,53.210,54.410,12796414
2026-01-30 11:30:00,54.410,54.820,54.040,54.390,3492558
2026-01-30 13:30:00,54.390,54.860,54.150,54.690,4525736
2026-01-30 14:00:00,54.680,55.610,54.580,55.260,4277032
2026-01-30 14:30:00,55.250,55.260,54.610,54.760,3301900
2026-01-30 15:00:00,54.760,54.830,54.550,54.550,5239031
2026-02-02 10:00:00,53.040,54.380,52.870,54.360,19201164
2026-02-02 10:30:00,54.350,54.350,53.600,53.710,3618334
2026-02-02 11:00:00,53.710,54.270,53.670,53.690,2656450
2026-02-02 11:30:00,53.680,54.010,53.590,53.730,3340102
2026-02-02 13:30:00,53.710,53.710,53.080,53.080,4589287
2026-02-02 14:00:00,53.080,53.230,52.560,53.100,6413866
2026-02-02 14:30:00,53.100,53.490,52.630,52.630,4444939
2026-02-02 15:00:00,52.630,52.810,52.230,52.290,7828932
2026-02-03 10:00:00,53.500,53.800,52.260,52.850,14590316
2026-02-03 10:30:00,52.850,53.190,52.680,52.910,5044061
2026-02-03 11:00:00,52.910,52.920,52.240,52.500,4142781
2026-02-03 11:30:00,52.490,52.980,52.450,52.980,2295850
2026-02-03 13:30:00,52.960,53.020,52.680,52.950,2611996
2026-02-03 14:00:00,52.950,53.190,52.950,53.110,3148659
2026-02-03 14:30:00,53.110,53.650,53.020,53.590,4103859
2026-02-03 15:00:00,53.590,53.620,53.360,53.470,4327238
2026-02-04 10:00:00,53.320,53.650,52.670,52.780,10802503
2026-02-04 10:30:00,52.780,53.190,52.530,52.630,4423100
2026-02-04 11:00:00,52.630,52.760,52.320,52.370,3372500
2026-02-04 11:30:00,52.360,52.580,52.280,52.390,2401775
2026-02-04 13:30:00,52.390,52.590,52.120,52.430,3208655
2026-02-04 14:00:00,52.450,52.600,52.220,52.240,1836800
2026-02-04 14:30:00,52.240,52.890,52.210,52.770,2689395
2026-02-04 15:00:00,52.770,52.940,52.700,52.750,4602648
2026-02-05 10:00:00,51.790,51.790,50.190,50.190,21605915
2026-02-05 10:30:00,50.200,50.300,49.600,49.800,11124863
2026-02-05 11:00:00,49.800,50.090,49.180,49.350,6993870
2026-02-05 11:30:00,49.350,49.650,49.200,49.320,3499669
2026-02-05 13:30:00,49.370,49.580,49.220,49.490,3329198
2026-02-05 14:00:00,49.490,49.920,49.220,49.680,2828915
2026-02-05 14:30:00,49.670,49.990,49.540,49.600,2659900
2026-02-05 15:00:00,49.600,49.830,49.410,49.440,5603023
2026-02-06 10:00:00,48.000,49.370,47.660,49.280,12589296
2026-02-06 10:30:00,49.300,50.280,49.100,50.050,7478121
2026-02-06 11:00:00,50.040,50.650,50.040,50.160,5634099
2026-02-06 11:30:00,50.150,50.770,50.150,50.630,3697560
2026-02-06 13:30:00,50.630,50.670,50.400,50.560,2660895
2026-02-06 14:00:00,50.560,51.000,50.430,50.890,3751045
2026-02-06 14:30:00,50.890,50.940,50.370,50.540,2967907
2026-02-06 15:00:00,50.540,50.560,50.160,50.200,4330327
2026-02-09 10:00:00,50.920,50.940,50.060,50.340,10602450
2026-02-09 10:30:00,50.350,50.440,50.100,50.420,3408774
2026-02-09 11:00:00,50.410,50.420,50.140,50.240,2586438
2026-02-09 11:30:00,50.230,50.440,50.180,50.270,2121600
2026-02-09 13:30:00,50.270,50.380,50.220,50.350,1760300
2026-02-09 14:00:00,50.340,50.380,50.240,50.310,1758300
2026-02-09 14:30:00,50.320,50.400,50.250,50.310,1642900
2026-02-09 15:00:00,50.310,50.360,50.220,50.350,2975343
2026-02-10 10:00:00,50.160,50.450,49.750,50.230,7103002
2026-02-10 10:30:00,50.250,50.530,50.100,50.230,2931900
2026-02-10 11:00:00,50.230,50.360,50.160,50.220,1729549
2026-02-10 11:30:00,50.210,50.270,50.120,50.200,1189832
2026-02-10 13:30:00,50.210,50.400,50.180,50.220,1393900
2026-02-10 14:00:00,50.210,50.290,50.130,50.210,1333893
2026-02-10 14:30:00,50.200,50.270,50.090,50.210,1508000
2026-02-10 15:00:00,50.220,50.260,50.170,50.190,2382275
2026-02-11 10:00:00,50.240,51.140,50.080,50.750,10817184
2026-02-11 10:30:00,50.750,51.020,50.550,50.900,4735407
2026-02-11 11:00:00,50.890,51.330,50.810,51.100,6149600
2026-02-11 11:30:00,51.100,51.230,50.900,51.150,2279369
2026-02-11 13:30:00,51.160,51.220,50.800,50.880,2251400
2026-02-11 14:00:00,50.870,50.950,50.770,50.850,1642195
2026-02-11 14:30:00,50.850,51.120,50.750,50.930,2779386
2026-02-11 15:00:00,50.930,51.150,50.850,51.150,6002669
2026-02-12 10:00:00,51.080,51.770,50.820,51.350,8970101
2026-02-12 10:30:00,51.340,51.430,50.840,50.970,4006144
2026-02-12 11:00:00,50.940,51.330,50.760,51.110,3217600
2026-02-12 11:30:00,51.110,51.370,51.090,51.300,1863400
2026-02-12 13:30:00,51.290,51.310,50.980,51.040,1704200
2026-02-12 14:00:00,51.030,51.280,50.990,51.150,1641085
2026-02-12 14:30:00,51.150,51.500,51.140,51.390,3155353
2026-02-12 15:00:00,51.390,51.500,51.220,51.290,3978568
2026-02-13 10:00:00,50.660,51.420,50.450,51.400,6519400
2026-02-13 10:30:00,51.410,51.690,51.330,51.370,3835236
2026-02-13 11:00:00,51.370,51.470,51.170,51.370,2118788
2026-02-13 11:30:00,51.370,51.440,51.200,51.370,1203350
2026-02-13 13:30:00,51.360,51.500,51.090,51.100,1970002
2026-02-13 14:00:00,51.090,51.590,51.090,51.500,2634751
2026-02-13 14:30:00,51.500,51.640,51.320,51.390,2093178
2026-02-13 15:00:00,51.400,51.460,51.170,51.240,4077713
2026-02-24 10:00:00,52.600,53.180,52.280,52.710,16173286
2026-02-24 10:30:00,52.700,52.970,52.530,52.900,3624613
2026-02-24 11:00:00,52.910,53.070,52.830,53.010,4887244
2026-02-24 11:30:00,53.010,53.130,52.870,52.970,3404280
2026-02-24 13:30:00,52.970,53.020,52.680,52.760,2740996
2026-02-24 14:00:00,52.760,52.850,52.670,52.840,1707600
2026-02-24 14:30:00,52.840,53.310,52.840,53.210,5025290
2026-02-24 15:00:00,53.210,53.310,53.140,53.310,4902498
2026-02-25 10:00:00,53.520,54.080,52.800,53.810,12462946
2026-02-25 10:30:00,53.810,55.290,53.800,55.290,10945934
2026-02-25 11:00:00,55.280,55.390,54.800,55.250,7308379
2026-02-25 11:30:00,55.260,55.700,55.180,55.380,6410128
2026-02-25 13:30:00,55.380,55.410,54.890,55.110,4689149
2026-02-25 14:00:00,55.100,55.160,54.700,54.760,3671763
2026-02-25 14:30:00,54.780,54.800,53.990,54.090,8129593
2026-02-25 15:00:00,54.100,54.440,54.050,54.320,5183259
2026-02-26 10:00:00,57.530,57.630,55.910,57.070,40850765
2026-02-26 10:30:00,57.070,57.230,56.190,56.340,8882898
2026-02-26 11:00:00,56.350,56.560,56.000,56.350,5037961
2026-02-26 11:30:00,56.350,56.950,56.350,56.920,2929143
2026-02-26 13:30:00,56.920,56.940,56.240,56.340,2959716
2026-02-26 14:00:00,56.340,56.480,56.250,56.400,2292395
2026-02-26 14:30:00,56.400,56.430,56.050,56.060,3667032
2026-02-26 15:00:00,56.050,56.170,55.930,56.040,6517273
2026-02-27 10:00:00,54.840,56.790,54.750,56.790,15736820
2026-02-27 10:30:00,56.790,56.790,56.160,56.330,5626736
2026-02-27 11:00:00,56.330,56.420,55.760,55.920,4203005
2026-02-27 11:30:00,55.920,56.250,55.850,55.950,1876114
2026-02-27 13:30:00,55.920,56.480,55.810,56.320,2880640
2026-02-27 14:00:00,56.310,56.750,56.160,56.500,4691387
2026-02-27 14:30:00,56.500,56.610,56.380,56.500,3114520
2026-02-27 15:00:00,56.500,56.600,56.380,56.600,5777692
2026-03-02 10:00:00,55.990,56.400,54.800,54.820,18106399
2026-03-02 10:30:00,54.880,55.070,53.800,54.350,11219223
2026-03-02 11:00:00,54.350,54.770,54.200,54.350,3805340
2026-03-02 11:30:00,54.350,54.680,54.320,54.630,1886100
2026-03-02 13:30:00,54.640,55.360,54.600,55.130,3516893
2026-03-02 14:00:00,55.140,55.210,54.800,54.890,2219814
2026-03-02 14:30:00,54.890,55.190,54.800,55.190,2214554
2026-03-02 15:00:00,55.180,55.430,55.130,55.180,4049435
2026-03-03 10:00:00,54.730,55.400,52.970,53.040,15543340
2026-03-03 10:30:00,53.040,53.180,51.990,52.250,12317813
2026-03-03 11:00:00,52.260,53.340,52.250,53.320,5234244
2026-03-03 11:30:00,53.310,53.730,53.050,53.170,3104600
2026-03-03 13:30:00,53.170,53.180,52.610,52.670,2626314
2026-03-03 14:00:00,52.680,52.740,52.050,52.100,4323079
2026-03-03 14:30:00,52.090,52.250,51.600,52.250,6511309
2026-03-03 15:00:00,52.250,52.280,51.500,51.580,5735248
2026-03-04 10:00:00,50.700,52.830,50.640,52.780,12968572
2026-03-04 10:30:00,52.780,53.320,52.480,52.490,5673401
2026-03-04 11:00:00,52.490,52.540,52.080,52.100,3593236
2026-03-04 11:30:00,52.100,52.250,51.870,51.970,2626803
2026-03-04 13:30:00,51.980,52.430,51.900,52.160,1930069
2026-03-04 14:00:00,52.170,52.500,51.990,52.030,1886557
2026-03-04 14:30:00,52.030,52.030,51.640,51.760,1958831
2026-03-04 15:00:00,51.770,52.070,51.750,52.070,2614046
2026-03-05 10:00:00,53.090,53.460,52.720,52.800,9097470
2026-03-05 10:30:00,52.800,53.050,52.780,52.930,2516700
2026-03-05 11:00:00,52.900,53.020,52.680,52.910,1808300
2026-03-05 11:30:00,52.920,53.070,52.540,52.610,2001038
2026-03-05 13:30:00,52.610,52.790,52.500,52.750,1519918
2026-03-05 14:00:00,52.720,52.860,52.200,52.200,1937300
2026-03-05 14:30:00,52.200,52.300,51.900,52.190,2785500
2026-03-05 15:00:00,52.220,52.350,52.090,52.350,2837451
2026-03-06 10:00:00,52.340,52.790,52.050,52.270,6329387
2026-03-06 10:30:00,52.270,52.480,52.180,52.260,2064500
2026-03-06 11:00:00,52.260,52.410,52.110,52.370,2283898
2026-03-06 11:30:00,52.370,53.000,52.370,52.710,4046015
2026-03-06 13:30:00,52.710,52.780,52.200,52.270,2682500
2026-03-06 14:00:00,52.270,52.440,52.100,52.140,2495666
2026-03-06 14:30:00,52.150,52.200,51.920,51.950,3035101
2026-03-06 15:00:00,51.970,52.080,51.950,51.990,2553838
2026-03-09 10:00:00,50.740,51.030,50.080,50.120,11374630
2026-03-09 10:30:00,50.120,51.390,50.040,51.050,5043205
2026-03-09 11:00:00,51.050,52.500,50.970,52.120,5273830
2026-03-09 11:30:00,52.140,52.290,51.900,51.960,1778276
2026-03-09 13:30:00,51.990,53.000,51.920,52.780,5055410
2026-03-09 14:00:00,52.780,52.860,52.480,52.800,2488175
2026-03-09 14:30:00,52.790,53.290,52.740,53.160,4433300
2026-03-09 15:00:00,53.180,53.280,53.010,53.090,3569415
2026-03-10 10:00:00,53.660,54.350,53.440,54.100,10319937
2026-03-10 10:30:00,54.090,54.150,53.730,53.740,3031885
2026-03-10 11:00:00,53.750,54.110,53.710,53.740,2231330
2026-03-10 11:30:00,53.730,53.870,53.610,53.740,1428700
2026-03-10 13:30:00,53.740,53.760,53.530,53.550,1672400
2026-03-10 14:00:00,53.550,53.700,53.520,53.680,1282623
2026-03-10 14:30:00,53.690,53.720,53.580,53.630,1190318
2026-03-10 15:00:00,53.620,53.870,53.620,53.850,3389188
2026-03-11 10:00:00,53.170,54.360,53.010,54.070,8914511
2026-03-11 10:30:00,54.060,54.740,54.000,54.350,7055925
2026-03-11 11:00:00,54.340,54.620,53.890,54.420,4234105
2026-03-11 11:30:00,54.420,54.850,54.420,54.650,4276825
2026-03-11 13:30:00,54.650,54.830,54.360,54.430,2528950
2026-03-11 14:00:00,54.430,54.500,54.340,54.470,1732148
2026-03-11 14:30:00,54.470,54.680,54.420,54.570,2191200
2026-03-11 15:00:00,54.580,54.690,54.460,54.540,3306497
2026-03-12 10:00:00,54.300,54.480,53.600,53.650,6945246
2026-03-12 10:30:00,53.680,54.140,53.580,53.580,3340082
2026-03-12 11:00:00,53.580,53.760,53.200,53.400,3335700
2026-03-12 11:30:00,53.390,53.510,53.230,53.240,1726200
2026-03-12 13:30:00,53.270,53.500,53.020,53.190,1945091
2026-03-12 14:00:00,53.190,53.660,53.180,53.590,1421392
2026-03-12 14:30:00,53.560,53.620,53.460,53.600,1301590
2026-03-12 15:00:00,53.590,53.820,53.510,53.600,2404413
2026-03-13 10:00:00,53.960,55.460,53.800,55.400,14668152
2026-03-13 10:30:00,55.450,55.940,55.290,55.350,10908246
2026-03-13 11:00:00,55.360,55.600,55.170,55.290,3953699
2026-03-13 11:30:00,55.290,55.300,55.010,55.090,2857034
2026-03-13 13:30:00,55.100,55.400,54.800,54.800,3259235
2026-03-13 14:00:00,54.800,54.990,54.560,54.600,2788791
2026-03-13 14:30:00,54.590,54.660,54.300,54.360,2443164
2026-03-13 15:00:00,54.360,54.390,53.920,54.150,4564986
2026-03-16 10:00:00,53.900,54.630,53.010,53.400,10594202
2026-03-16 10:30:00,53.400,53.930,52.830,52.980,5238057
2026-03-16 11:00:00,52.980,53.150,52.800,53.120,2623267
2026-03-16 11:30:00,53.120,53.220,52.880,53.210,1709200
2026-03-16 13:30:00,53.210,53.680,53.130,53.300,2133474
2026-03-16 14:00:00,53.300,53.580,53.250,53.500,1518056
2026-03-16 14:30:00,53.470,53.790,53.310,53.560,1919200
2026-03-16 15:00:00,53.560,53.600,53.460,53.580,2318271
2026-03-17 10:00:00,53.810,54.480,52.610,53.450,7568233
2026-03-17 10:30:00,53.450,53.970,53.360,53.480,3190662
2026-03-17 11:00:00,53.480,53.800,53.340,53.340,1535572
2026-03-17 11:30:00,53.340,53.460,53.180,53.300,842500
2026-03-17 13:30:00,53.300,53.490,53.000,53.000,1295678
2026-03-17 14:00:00,53.000,53.050,52.730,52.730,2225600
2026-03-17 14:30:00,52.730,52.860,52.470,52.510,2688905
2026-03-17 15:00:00,52.520,52.520,52.000,52.110,4824214
2026-03-18 10:00:00,52.480,52.570,51.030,51.120,7121384
2026-03-18 10:30:00,51.110,51.300,50.770,50.820,4656450
2026-03-18 11:00:00,50.850,51.030,50.340,50.450,4099449
2026-03-18 11:30:00,50.450,50.880,50.420,50.770,2260014
2026-03-18 13:30:00,50.780,50.950,50.500,50.510,2052300
2026-03-18 14:00:00,50.510,50.930,50.500,50.830,1931704
2026-03-18 14:30:00,50.830,51.080,50.820,51.080,1909765
2026-03-18 15:00:00,51.070,51.180,50.950,51.150,3512459
2026-03-19 10:00:00,50.150,50.470,49.590,49.960,7440100
2026-03-19 10:30:00,49.960,50.250,49.370,49.750,5439243
2026-03-19 11:00:00,49.750,49.850,49.600,49.780,1998731
2026-03-19 11:30:00,49.740,49.860,49.430,49.610,2121010
2026-03-19 13:30:00,49.620,49.650,49.070,49.100,3488805
2026-03-19 14:00:00,49.090,49.360,48.880,49.180,3875184
2026-03-19 14:30:00,49.180,49.450,48.930,49.000,2243906
2026-03-19 15:00:00,48.990,49.050,48.710,48.930,5773138
2026-03-20 10:00:00,49.380,50.260,48.850,49.030,9749819
2026-03-20 10:30:00,49.030,49.270,48.800,49.100,2924001
2026-03-20 11:00:00,49.110,49.920,48.880,49.430,3977917
2026-03-20 11:30:00,49.430,50.980,49.380,50.930,6467725
2026-03-20 13:30:00,50.890,52.620,50.720,50.950,15731208
2026-03-20 14:00:00,50.950,51.320,50.660,50.680,3930057
2026-03-20 14:30:00,50.660,50.820,50.500,50.500,2831837
2026-03-20 15:00:00,50.510,50.560,50.000,50.100,4405054
2026-03-23 10:00:00,49.020,50.730,49.000,50.700,13118155
2026-03-23 10:30:00,50.710,51.280,50.110,50.130,8169533
2026-03-23 11:00:00,50.160,50.240,49.780,50.160,3428436
2026-03-23 11:30:00,50.150,50.450,49.820,49.840,1621123
2026-03-23 13:30:00,49.850,50.350,49.300,49.300,4311982
2026-03-23 14:00:00,49.300,49.750,49.000,49.180,3975800
2026-03-23 14:30:00,49.160,49.330,48.540,49.060,4378349
2026-03-23 15:00:00,49.080,49.090,48.580,49.000,4684578
2026-03-24 10:00:00,50.050,50.790,49.070,49.100,16401252
2026-03-24 10:30:00,49.080,49.290,48.280,49.230,6566197
2026-03-24 11:00:00,49.230,50.500,49.200,49.810,8763507
2026-03-24 11:30:00,49.800,50.640,49.710,50.430,4262123
2026-03-24 13:30:00,50.430,50.620,49.700,49.750,3120999
2026-03-24 14:00:00,49.750,50.650,49.740,50.570,3546821
2026-03-24 14:30:00,50.560,51.390,50.350,51.110,5921103
2026-03-24 15:00:00,51.110,51.630,51.030,51.630,7167233
2026-03-25 10:00:00,52.660,53.320,52.370,52.690,17154187
2026-03-25 10:30:00,52.660,52.680,52.110,52.140,6769295
2026-03-25 11:00:00,52.140,52.710,51.960,52.530,4073114
2026-03-25 11:30:00,52.560,52.760,52.100,52.300,2235201
2026-03-25 13:30:00,52.280,53.980,52.230,53.690,11618862
2026-03-25 14:00:00,53.680,53.700,53.040,53.280,3853578
2026-03-25 14:30:00,53.280,53.350,53.030,53.250,2394266
2026-03-25 15:00:00,53.240,53.500,53.160,53.460,5681453
2026-03-26 10:00:00,53.460,55.270,52.950,55.260,21567903
2026-03-26 10:30:00,55.260,55.790,54.780,54.990,15865170
2026-03-26 11:00:00,55.000,55.180,54.310,54.400,5122737
2026-03-26 11:30:00,54.400,54.810,54.310,54.440,2678082
2026-03-26 13:30:00,54.430,54.530,53.840,54.150,5011400
2026-03-26 14:00:00,54.150,54.550,53.970,53.970,3459205
2026-03-26 14:30:00,53.970,54.330,53.930,54.080,2827890
2026-03-26 15:00:00,54.100,54.330,54.020,54.200,5241067
2026-03-27 10:00:00,53.610,54.620,53.500,54.140,13836237
2026-03-27 10:30:00,54.130,55.260,53.960,55.140,7739200
2026-03-27 11:00:00,55.140,57.000,54.740,55.880,23153032
2026-03-27 11:30:00,55.880,56.800,55.860,56.740,7569387
2026-03-27 13:30:00,56.710,58.260,56.700,57.790,22501967
2026-03-27 14:00:00,57.800,58.200,57.350,57.350,10257389
2026-03-27 14:30:00,57.360,57.940,57.340,57.670,6901259
2026-03-27 15:00:00,57.670,58.000,57.660,57.960,10113124
2026-03-30 10:00:00,58.020,58.390,57.190,57.440,33121872
2026-03-30 10:30:00,57.410,57.440,56.290,56.590,11652244
2026-03-30 11:00:00,56.590,57.020,56.070,56.910,6972861
2026-03-30 11:30:00,56.920,57.490,56.760,57.400,5370312
2026-03-30 13:30:00,57.410,57.750,57.050,57.070,3877384
2026-03-30 14:00:00,57.070,57.150,56.610,57.070,3179761
2026-03-30 14:30:00,57.060,57.340,57.000,57.210,3025634
2026-03-30 15:00:00,57.220,57.300,57.130,57.240,5021141
2026-03-31 10:00:00,57.100,57.190,55.700,56.710,16913762
2026-03-31 10:30:00,56.710,56.750,56.160,56.490,5703097
2026-03-31 11:00:00,56.490,56.690,55.610,55.650,7753595
2026-03-31 11:30:00,55.660,55.850,55.290,55.690,6189548
2026-03-31 13:30:00,55.680,56.000,55.470,55.790,3586840
2026-03-31 14:00:00,55.790,56.370,55.780,56.110,3229608
2026-03-31 14:30:00,56.110,56.160,55.650,55.680,2349986
2026-03-31 15:00:00,55.690,55.830,55.450,55.480,5525950
2026-04-01 10:00:00,55.980,56.450,54.680,55.480,12519164
2026-04-01 10:30:00,55.470,55.740,55.160,55.500,4684700
2026-04-01 11:00:00,55.500,56.650,55.400,56.100,7562050
2026-04-01 11:30:00,56.110,56.200,55.480,55.500,2758070
2026-04-01 13:30:00,55.500,55.590,55.070,55.560,2896622
2026-04-01 14:00:00,55.580,55.640,55.160,55.220,2566337
2026-04-01 14:30:00,55.210,55.440,55.190,55.320,2203715
2026-04-01 15:00:00,55.320,55.490,55.210,55.450,4012486
2026-04-02 10:00:00,55.450,56.720,54.620,56.630,11446595
2026-04-02 10:30:00,56.680,57.700,56.540,56.820,18530108
2026-04-02 11:00:00,56.840,57.400,56.540,57.100,4921827
2026-04-02 11:30:00,57.150,57.220,56.400,56.500,4076626
2026-04-02 13:30:00,56.510,56.560,56.020,56.250,3554350
2026-04-02 14:00:00,56.250,56.400,55.900,55.940,2734818
2026-04-02 14:30:00,55.940,56.360,55.890,56.140,2876089
2026-04-02 15:00:00,56.140,56.250,56.000,56.170,4406800
