date,open,high,low,close,volume
2025-03-27 14:30:00,127.450,128.000,127.370,127.730,207100
2025-03-27 15:00:00,127.730,127.870,127.220,127.440,473809
2025-03-28 10:00:00,127.440,128.170,126.080,127.500,997479
2025-03-28 10:30:00,127.620,127.850,126.500,127.300,622700
2025-03-28 11:00:00,127.590,127.600,126.320,126.370,447979
2025-03-28 11:30:00,126.350,127.000,126.000,126.200,532300
2025-03-28 13:30:00,126.200,126.600,125.800,125.990,438000
2025-03-28 14:00:00,126.000,126.550,125.930,126.540,357100
2025-03-28 14:30:00,126.540,126.660,125.850,126.010,353600
2025-03-28 15:00:00,126.010,126.050,125.800,125.900,589500
2025-03-31 10:00:00,125.120,127.010,125.120,125.720,1220724
2025-03-31 10:30:00,125.750,125.850,124.300,124.510,776507
2025-03-31 11:00:00,124.530,124.680,123.840,123.940,829800
2025-03-31 11:30:00,123.940,124.690,123.560,123.680,492800
2025-03-31 13:30:00,123.680,124.890,123.650,124.410,710900
2025-03-31 14:00:00,124.520,125.400,124.380,125.220,482200
2025-03-31 14:30:00,125.200,126.690,124.900,126.100,700800
2025-03-31 15:00:00,126.100,126.330,125.800,126.060,471909
2025-04-01 10:00:00,128.000,130.000,127.570,128.760,3408708
2025-04-01 10:30:00,128.760,129.390,128.080,128.400,789300
2025-04-01 11:00:00,128.400,128.600,127.800,127.840,494800
2025-04-01 11:30:00,127.850,128.070,126.800,127.120,622800
2025-04-01 13:30:00,127.100,127.120,126.580,126.830,447100
2025-04-01 14:00:00,126.830,127.110,126.710,126.940,311200
2025-04-01 14:30:00,126.940,126.990,126.250,126.270,477400
2025-04-01 15:00:00,126.270,126.580,126.000,126.400,713811
2025-04-02 10:00:00,126.000,127.990,125.550,127.090,1149300
2025-04-02 10:30:00,127.080,129.160,126.750,129.090,1803500
2025-04-02 11:00:00,129.100,129.190,127.670,127.800,561869
2025-04-02 11:30:00,127.760,128.240,127.600,127.760,279100
2025-04-02 13:30:00,127.970,127.980,126.800,127.100,436600
2025-04-02 14:00:00,127.100,127.150,126.700,126.960,205100
2025-04-02 14:30:00,126.960,127.620,126.910,127.120,213600
2025-04-02 15:00:00,127.130,127.570,126.920,127.570,449408
2025-04-03 10:00:00,126.000,126.490,122.660,125.570,2737700
2025-04-03 10:30:00,125.550,125.550,122.870,124.120,1413540
2025-04-03 11:00:00,124.200,124.290,122.000,122.240,1369140
2025-04-03 11:30:00,122.230,122.950,120.010,120.080,1334500
2025-04-03 13:30:00,120.170,121.500,119.330,121.300,1347900
2025-04-03 14:00:00,121.290,123.120,120.790,122.940,664300
2025-04-03 14:30:00,122.930,123.320,122.070,122.700,445100
2025-04-03 15:00:00,122.710,122.740,121.530,121.830,634597
2025-04-07 10:00:00,110.000,112.880,109.650,109.960,4027777
2025-04-07 10:30:00,109.950,112.220,109.760,111.530,1813823
2025-04-07 11:00:00,111.530,111.950,109.700,109.900,1018709
2025-04-07 11:30:00,109.900,109.900,109.650,109.660,686809
2025-04-07 13:30:00,109.660,109.720,109.650,109.650,194100
2025-04-07 14:00:00,109.650,109.650,109.650,109.650,57700
2025-04-07 14:30:00,109.650,109.650,109.650,109.650,26300
2025-04-07 15:00:00,109.650,109.650,109.650,109.650,135300
2025-04-08 10:00:00,107.020,110.210,105.340,106.420,4873325
2025-04-08 10:30:00,106.300,106.500,103.750,104.120,2377867
2025-04-08 11:00:00,104.130,105.400,102.800,103.790,1356509
2025-04-08 11:30:00,103.800,104.870,103.790,104.220,813244
2025-04-08 13:30:00,104.220,104.660,102.660,102.680,1190610
2025-04-08 14:00:00,102.750,102.890,100.530,101.890,2152522
2025-04-08 14:30:00,101.880,102.800,101.460,102.380,1002400
2025-04-08 15:00:00,102.440,104.560,102.000,104.450,1555128
2025-04-09 10:00:00,100.000,104.900,99.000,104.790,3904641
2025-04-09 10:30:00,104.790,107.380,104.720,106.400,1943957
2025-04-09 11:00:00,106.400,106.400,104.780,105.680,909160
2025-04-09 11:30:00,105.730,105.970,104.200,104.750,598100
2025-04-09 13:30:00,104.740,104.750,103.500,104.010,821511
2025-04-09 14:00:00,104.010,105.460,103.630,104.960,1097909
2025-04-09 14:30:00,104.800,105.580,104.220,105.490,931521
2025-04-09 15:00:00,105.540,105.950,104.950,105.040,1157118
2025-04-10 10:00:00,110.280,112.890,110.030,112.740,4899589
2025-04-10 10:30:00,112.680,112.850,111.200,111.600,1082900
2025-04-10 11:00:00,111.570,111.600,109.700,110.010,1043200
2025-04-10 11:30:00,110.010,110.030,108.380,108.550,1164433
2025-04-10 13:30:00,108.520,108.690,107.880,108.050,778500
2025-04-10 14:00:00,108.050,108.800,107.280,108.080,848980
2025-04-10 14:30:00,108.070,108.710,107.860,108.020,650209
2025-04-10 15:00:00,108.100,108.360,107.500,107.750,948024
2025-04-11 10:00:00,107.000,108.120,106.010,107.220,1615800
2025-04-11 10:30:00,107.400,107.700,106.160,107.200,945800
2025-04-11 11:00:00,107.200,107.650,106.680,106.710,669400
2025-04-11 11:30:00,106.700,110.700,106.550,110.400,2010900
2025-04-11 13:30:00,110.500,111.600,109.620,110.110,1728894
2025-04-11 14:00:00,110.110,111.120,109.800,110.220,1087800
2025-04-11 14:30:00,110.230,110.820,110.000,110.000,688800
2025-04-11 15:00:00,110.000,110.230,109.680,110.170,900459
2025-04-14 10:00:00,113.500,113.700,109.000,109.930,3352200
2025-04-14 10:30:00,109.890,111.600,109.800,110.490,924680
2025-04-14 11:00:00,110.520,111.080,110.180,110.660,466300
2025-04-14 11:30:00,110.650,110.970,110.010,110.330,454200
2025-04-14 13:30:00,110.330,110.400,108.460,109.070,1321300
2025-04-14 14:00:00,109.020,109.500,109.000,109.210,297400
2025-04-14 14:30:00,109.210,109.880,109.160,109.170,363600
2025-04-14 15:00:00,109.170,109.730,109.100,109.570,715069
2025-04-15 10:00:00,109.000,109.040,106.790,106.920,1959065
2025-04-15 10:30:00,106.920,107.540,106.900,107.270,544200
2025-04-15 11:00:00,107.260,107.980,106.950,107.700,422200
2025-04-15 11:30:00,107.700,108.180,107.160,107.440,382500
2025-04-15 13:30:00,107.440,107.600,107.050,107.350,289600
2025-04-15 14:00:00,107.350,108.880,107.310,108.040,542600
2025-04-15 14:30:00,108.020,108.300,107.810,108.050,269623
2025-04-15 15:00:00,108.050,108.350,107.900,108.200,582499
2025-04-16 10:00:00,107.000,108.000,105.470,105.510,2467909
2025-04-16 10:30:00,105.530,106.400,105.500,105.960,717822
2025-04-16 11:00:00,105.960,106.180,105.150,105.170,665900
2025-04-16 11:30:00,105.170,105.280,104.400,104.400,707300
2025-04-16 13:30:00,104.400,105.500,104.100,104.660,663267
2025-04-16 14:00:00,104.650,105.200,104.400,104.670,344400
2025-04-16 14:30:00,104.640,105.770,104.620,105.420,471400
2025-04-16 15:00:00,105.420,106.100,104.950,105.940,882817
2025-04-17 10:00:00,105.220,107.520,104.900,106.790,1431840
2025-04-17 10:30:00,106.780,107.050,106.490,106.760,539400
2025-04-17 11:00:00,106.780,106.930,106.300,106.780,401700
2025-04-17 11:30:00,106.780,106.880,106.060,106.210,427300
2025-04-17 13:30:00,106.060,106.490,105.660,105.680,510300
2025-04-17 14:00:00,105.700,105.830,105.230,105.730,475100
2025-04-17 14:30:00,105.730,106.160,105.520,105.860,526400
2025-04-17 15:00:00,105.860,105.890,105.210,105.420,570574
2025-04-18 10:00:00,105.570,107.360,105.420,106.480,1323912
2025-04-18 10:30:00,106.480,106.560,105.700,106.220,439500
2025-04-18 11:00:00,106.110,107.190,106.030,106.690,494362
2025-04-18 11:30:00,106.670,106.670,105.940,106.180,207600
2025-04-18 13:30:00,106.220,107.430,106.000,106.600,613700
2025-04-18 14:00:00,106.580,107.500,106.530,107.230,559600
2025-04-18 14:30:00,107.330,108.000,107.130,107.770,833871
2025-04-18 15:00:00,107.770,107.900,107.460,107.820,671697
2025-04-21 10:00:00,107.800,108.640,106.770,108.120,1390251
2025-04-21 10:30:00,108.240,109.650,108.120,109.080,1214365
2025-04-21 11:00:00,109.100,109.650,108.850,109.620,494335
2025-04-21 11:30:00,109.610,109.750,108.000,109.180,773733
2025-04-21 13:30:00,109.180,109.700,108.880,109.520,361200
2025-04-21 14:00:00,109.530,110.750,109.400,110.340,771298
2025-04-21 14:30:00,110.360,110.590,110.010,110.400,493200
2025-04-21 15:00:00,110.400,110.990,110.250,110.900,829466
2025-04-22 10:00:00,110.220,110.870,109.000,110.700,1349600
2025-04-22 10:30:00,110.840,111.660,110.000,110.840,806700
2025-04-22 11:00:00,110.830,112.700,110.660,112.440,1222699
2025-04-22 11:30:00,112.470,113.330,112.030,112.820,1591600
2025-04-22 13:30:00,112.820,113.140,111.620,111.680,755500
2025-04-22 14:00:00,111.690,112.250,111.380,111.490,587000
2025-04-22 14:30:00,111.470,111.520,110.840,111.040,736197
2025-04-22 15:00:00,111.020,111.160,110.710,110.920,906240
2025-04-23 10:00:00,112.000,112.790,109.000,109.870,3308483
2025-04-23 10:30:00,109.810,109.860,108.300,108.680,1342851
2025-04-23 11:00:00,108.680,109.280,108.660,108.950,536900
2025-04-23 11:30:00,108.950,111.350,108.840,110.330,817900
2025-04-23 13:30:00,110.350,111.580,110.160,110.660,766682
2025-04-23 14:00:00,110.670,110.790,109.780,110.240,678028
2025-04-23 14:30:00,110.120,110.630,109.850,110.530,648717
2025-04-23 15:00:00,110.530,110.720,110.350,110.690,954976
2025-04-24 10:00:00,108.700,109.230,106.300,108.170,4584354
2025-04-24 10:30:00,108.170,109.000,108.120,108.500,553309
2025-04-24 11:00:00,108.510,108.760,106.990,107.440,723935
2025-04-24 11:30:00,107.440,108.440,106.880,107.350,748000
2025-04-24 13:30:00,107.350,107.440,107.000,107.120,548600
2025-04-24 14:00:00,107.120,107.430,106.770,106.960,681200
2025-04-24 14:30:00,106.960,106.990,106.440,106.450,1122200
2025-04-24 15:00:00,106.450,106.480,106.200,106.270,1161942
2025-04-25 10:00:00,107.300,110.800,107.010,110.130,4074260
2025-04-25 10:30:00,110.150,111.280,109.880,110.550,1970493
2025-04-25 11:00:00,110.540,111.260,110.140,111.260,1218430
2025-04-25 11:30:00,111.250,111.980,111.240,111.600,1154126
2025-04-25 13:30:00,111.600,111.750,110.350,110.400,446800
2025-04-25 14:00:00,110.400,110.450,109.600,109.610,611414
2025-04-25 14:30:00,109.600,109.600,109.000,109.320,571979
2025-04-25 15:00:00,109.320,109.410,109.090,109.320,664247
2025-04-28 10:00:00,109.940,110.400,108.700,109.310,1550009
2025-04-28 10:30:00,109.300,109.480,108.450,108.780,773000
2025-04-28 11:00:00,108.780,109.400,108.610,108.720,443300
2025-04-28 11:30:00,108.710,109.180,108.630,108.850,269500
2025-04-28 13:30:00,108.910,110.000,108.480,108.960,588566
2025-04-28 14:00:00,108.930,109.020,108.650,108.710,304300
2025-04-28 14:30:00,108.710,108.890,108.500,108.660,449409
2025-04-28 15:00:00,108.660,108.900,108.630,108.830,510418
2025-04-29 10:00:00,108.820,109.100,107.480,108.190,1156955
2025-04-29 10:30:00,108.210,108.780,108.000,108.080,463999
2025-04-29 11:00:00,108.060,108.190,107.600,107.620,540100
2025-04-29 11:30:00,107.610,107.850,107.300,107.780,455300
2025-04-29 13:30:00,107.750,107.900,107.500,107.760,223489
2025-04-29 14:00:00,107.760,107.820,107.550,107.560,301800
2025-04-29 14:30:00,107.570,108.440,107.570,108.050,492433
2025-04-29 15:00:00,108.050,108.120,107.860,108.060,469509
2025-04-30 10:00:00,108.350,109.560,107.500,108.460,1292875
2025-04-30 10:30:00,108.460,109.030,108.350,109.000,461140
2025-04-30 11:00:00,108.980,109.970,108.910,109.260,891233
2025-04-30 11:30:00,109.250,110.210,109.250,109.680,675500
2025-04-30 13:30:00,109.680,109.850,109.380,109.830,306500
2025-04-30 14:00:00,109.790,109.850,109.320,109.590,337260
2025-04-30 14:30:00,109.590,109.680,109.240,109.250,326100
2025-04-30 15:00:00,109.240,109.360,109.000,109.020,799453
2025-05-06 10:00:00,110.580,113.500,110.530,113.330,3041633
2025-05-06 10:30:00,113.390,113.960,113.170,113.650,1400400
2025-05-06 11:00:00,113.690,116.000,113.640,115.960,2411745
2025-05-06 11:30:00,115.930,115.990,114.510,114.600,747900
2025-05-06 13:30:00,114.640,115.350,114.090,115.220,728300
2025-05-06 14:00:00,115.260,116.480,115.170,115.970,1161549
2025-05-06 14:30:00,115.970,116.010,115.580,115.640,511098
2025-05-06 15:00:00,115.640,115.690,115.270,115.650,819915
2025-05-07 10:00:00,118.260,118.860,115.870,116.800,2613300
2025-05-07 10:30:00,116.800,117.060,115.890,115.900,907400
2025-05-07 11:00:00,115.890,116.880,115.650,116.540,547400
2025-05-07 11:30:00,116.540,116.700,115.520,115.550,503800
2025-05-07 13:30:00,115.530,116.000,115.520,115.900,335600
2025-05-07 14:00:00,115.900,115.940,115.120,115.180,435600
2025-05-07 14:30:00,115.180,115.300,114.630,115.170,647573
2025-05-07 15:00:00,115.200,115.900,115.030,115.790,700965
2025-05-08 10:00:00,115.810,118.330,115.500,118.280,2291240
2025-05-08 10:30:00,118.240,118.750,117.400,118.600,1175930
2025-05-08 11:00:00,118.600,119.060,117.750,118.950,1019524
2025-05-08 11:30:00,118.930,119.060,118.000,118.060,948200
2025-05-08 13:30:00,118.070,119.000,117.800,118.230,911860
2025-05-08 14:00:00,118.230,118.960,118.070,118.730,721700
2025-05-08 14:30:00,118.730,119.090,118.470,118.980,772819
2025-05-08 15:00:00,119.000,119.260,118.880,119.250,1070800
2025-05-09 10:00:00,118.160,118.630,116.710,116.990,1694819
2025-05-09 10:30:00,117.000,117.030,115.760,115.930,1073111
2025-05-09 11:00:00,115.930,116.000,114.760,114.770,1015300
2025-05-09 11:30:00,114.750,115.810,114.690,115.300,523789
2025-05-09 13:30:00,115.280,115.930,115.230,115.680,336000
2025-05-09 14:00:00,115.680,115.880,115.300,115.670,447600
2025-05-09 14:30:00,115.670,115.840,114.980,115.040,579009
2025-05-09 15:00:00,115.030,115.450,115.000,115.080,638496
2025-05-12 10:00:00,116.860,118.670,116.390,116.450,2484797
2025-05-12 10:30:00,116.460,117.160,116.450,116.850,741900
2025-05-12 11:00:00,116.850,117.000,116.040,116.040,688800
2025-05-12 11:30:00,116.040,116.120,115.350,115.350,464900
2025-05-12 13:30:00,115.380,116.320,115.260,116.270,543671
2025-05-12 14:00:00,116.270,116.270,115.810,115.850,275200
2025-05-12 14:30:00,115.860,116.800,115.850,116.620,505421
2025-05-12 15:00:00,116.620,116.640,116.010,116.600,629276
2025-05-13 10:00:00,118.340,118.340,116.200,116.920,2019900
2025-05-13 10:30:00,116.900,116.910,115.860,115.980,1024757
2025-05-13 11:00:00,116.000,116.020,115.500,115.890,587100
2025-05-13 11:30:00,115.890,116.080,115.600,115.650,239000
2025-05-13 13:30:00,115.650,116.200,115.630,116.040,187802
2025-05-13 14:00:00,116.070,116.460,116.000,116.290,250300
2025-05-13 14:30:00,116.280,116.340,116.080,116.120,227209
2025-05-13 15:00:00,116.110,116.170,115.600,115.760,649016
2025-05-14 10:00:00,116.120,118.220,116.010,116.690,2531076
2025-05-14 10:30:00,116.680,116.800,116.120,116.180,528200
2025-05-14 11:00:00,116.160,116.170,115.590,115.600,507800
2025-05-14 11:30:00,115.590,116.000,115.120,115.250,517119
2025-05-14 13:30:00,115.270,115.990,115.200,115.500,510502
2025-05-14 14:00:00,115.500,116.850,115.160,115.970,676650
2025-05-14 14:30:00,115.960,115.960,115.200,115.200,571356
2025-05-14 15:00:00,115.200,115.740,115.160,115.720,684317
2025-05-15 10:00:00,115.060,115.070,112.650,112.680,2271610
2025-05-15 10:30:00,112.680,113.430,112.460,113.050,709600
2025-05-15 11:00:00,113.050,113.070,112.650,112.650,490702
2025-05-15 11:30:00,112.650,112.660,112.330,112.330,565740
2025-05-15 13:30:00,112.340,112.440,111.550,111.660,896600
2025-05-15 14:00:00,111.670,112.030,111.510,111.520,600400
2025-05-15 14:30:00,111.520,111.630,111.220,111.380,808400
2025-05-15 15:00:00,111.380,111.500,111.200,111.410,917803
2025-05-16 10:00:00,111.220,111.790,110.440,111.400,1689876
2025-05-16 10:30:00,111.400,111.400,110.280,110.330,1128787
2025-05-16 11:00:00,110.340,110.750,110.320,110.590,553840
2025-05-16 11:30:00,110.680,111.090,110.570,111.020,325500
2025-05-16 13:30:00,110.910,111.670,110.910,111.190,654802
2025-05-16 14:00:00,111.260,111.260,110.870,110.890,364900
2025-05-16 14:30:00,110.890,111.160,110.740,110.900,417700
2025-05-16 15:00:00,110.900,110.980,110.750,110.970,548068
2025-05-19 10:00:00,111.000,111.380,108.510,108.560,1741096
2025-05-19 10:30:00,108.550,109.890,108.520,109.730,492276
2025-05-19 11:00:00,109.730,110.300,109.370,110.070,295400
2025-05-19 11:30:00,110.050,110.210,109.800,109.800,244600
2025-05-19 13:30:00,109.800,111.450,109.750,111.200,774300
2025-05-19 14:00:00,111.190,111.750,111.000,111.570,686300
2025-05-19 14:30:00,111.590,111.750,111.520,111.750,368861
2025-05-19 15:00:00,111.750,112.170,111.740,112.060,719500
2025-05-20 10:00:00,111.520,111.520,110.000,110.410,1372100
2025-05-20 10:30:00,110.430,111.350,110.410,110.900,444500
2025-05-20 11:00:00,110.830,111.300,110.830,111.000,221100
2025-05-20 11:30:00,110.990,111.390,110.910,111.350,264540
2025-05-20 13:30:00,111.340,111.580,110.990,111.100,477900
2025-05-20 14:00:00,111.090,111.200,110.860,111.100,288400
2025-05-20 14:30:00,111.100,111.230,110.950,111.210,335600
2025-05-20 15:00:00,111.210,111.460,111.080,111.220,637000
2025-05-21 10:00:00,111.230,112.200,110.510,111.700,1254640
2025-05-21 10:30:00,111.700,111.990,110.520,111.000,761800
2025-05-21 11:00:00,111.000,112.030,110.930,111.830,698920
2025-05-21 11:30:00,111.840,112.220,111.510,111.730,546500
2025-05-21 13:30:00,111.730,111.860,111.310,111.470,221100
2025-05-21 14:00:00,111.460,111.780,111.110,111.710,260789
2025-05-21 14:30:00,111.740,111.740,111.330,111.480,178800
2025-05-21 15:00:00,111.460,111.580,111.100,111.320,491000
2025-05-22 10:00:00,111.000,111.500,110.700,111.000,864740
2025-05-22 10:30:00,110.990,111.000,110.020,110.300,762179
2025-05-22 11:00:00,110.310,112.950,110.280,111.300,1083209
2025-05-22 11:30:00,111.260,112.350,111.000,112.120,681600
2025-05-22 13:30:00,112.120,112.340,111.520,111.770,432600
2025-05-22 14:00:00,111.770,111.860,111.420,111.690,303000
2025-05-22 14:30:00,111.700,111.710,110.600,110.850,553100
2025-05-22 15:00:00,110.840,111.190,110.700,110.820,726500
2025-05-23 10:00:00,110.620,111.200,109.390,110.820,1090679
2025-05-23 10:30:00,110.870,111.070,110.450,110.700,395589
2025-05-23 11:00:00,110.710,111.050,110.570,111.010,303500
2025-05-23 11:30:00,111.040,111.490,110.950,111.020,390800
2025-05-23 13:30:00,111.060,111.090,109.930,109.930,434500
2025-05-23 14:00:00,109.920,110.160,109.880,109.930,338400
2025-05-23 14:30:00,109.930,109.960,109.000,109.000,925400
2025-05-23 15:00:00,109.000,109.020,108.550,108.600,771680
2025-05-26 10:00:00,108.770,110.490,108.770,109.600,1421309
2025-05-26 10:30:00,109.560,109.840,109.330,109.820,360200
2025-05-26 11:00:00,109.830,109.870,109.100,109.160,267500
2025-05-26 11:30:00,109.160,109.430,108.510,108.730,327000
2025-05-26 13:30:00,108.730,108.940,108.180,108.690,269800
2025-05-26 14:00:00,108.690,109.130,108.660,109.000,218700
2025-05-26 14:30:00,109.060,109.230,108.890,108.900,228840
2025-05-26 15:00:00,108.910,109.270,108.910,109.240,297849
2025-05-27 10:00:00,108.710,108.900,106.800,106.910,1170000
2025-05-27 10:30:00,106.960,107.210,106.620,106.950,741396
2025-05-27 11:00:00,106.950,106.950,106.200,106.220,581400
2025-05-27 11:30:00,106.250,106.270,105.590,105.770,733389
2025-05-27 13:30:00,105.770,105.920,105.050,105.510,904954
2025-05-27 14:00:00,105.510,105.510,105.120,105.380,605446
2025-05-27 14:30:00,105.380,106.000,105.310,105.360,486200
2025-05-27 15:00:00,105.350,105.580,105.180,105.530,608570
2025-05-28 10:00:00,105.770,107.000,105.620,106.860,1347076
2025-05-28 10:30:00,106.870,106.890,106.280,106.350,465300
2025-05-28 11:00:00,106.320,107.490,106.320,107.390,668781
2025-05-28 11:30:00,107.390,107.500,106.680,106.710,419000
2025-05-28 13:30:00,106.720,106.900,106.170,106.740,428400
2025-05-28 14:00:00,106.750,107.070,106.640,106.990,370000
2025-05-28 14:30:00,106.980,107.380,106.770,107.300,486589
2025-05-28 15:00:00,107.280,107.600,107.000,107.480,920418
2025-05-29 10:00:00,82.000,85.100,82.000,85.040,3443030
2025-05-29 10:30:00,85.080,85.180,84.340,84.520,1503744
2025-05-29 11:00:00,84.560,84.950,84.520,84.680,558510
2025-05-29 11:30:00,84.680,84.680,84.130,84.250,599690
2025-05-29 13:30:00,84.250,84.850,84.240,84.640,714810
2025-05-29 14:00:00,84.620,84.880,84.510,84.790,579870
2025-05-29 14:30:00,84.770,85.170,84.660,85.090,1217080
2025-05-29 15:00:00,85.080,85.170,84.960,85.030,1086600
2025-05-30 10:00:00,84.030,84.980,83.510,83.520,1787280
2025-05-30 10:30:00,83.510,83.650,82.800,82.880,1330420
2025-05-30 11:00:00,82.870,83.000,82.690,82.820,472197
2025-05-30 11:30:00,82.810,83.050,82.810,83.000,432260
2025-05-30 13:30:00,83.040,84.500,82.880,83.980,772270
2025-05-30 14:00:00,83.980,84.800,83.960,84.600,797410
2025-05-30 14:30:00,84.620,84.690,84.310,84.490,542500
2025-05-30 15:00:00,84.450,84.670,84.200,84.260,870366
2025-06-03 10:00:00,83.550,84.820,83.220,84.760,1394859
2025-06-03 10:30:00,84.780,86.180,84.300,85.900,1789210
2025-06-03 11:00:00,85.900,86.860,85.790,86.370,1780000
2025-06-03 11:30:00,86.380,86.750,86.100,86.340,962780
2025-06-03 13:30:00,86.330,86.360,85.710,86.070,670370
2025-06-03 14:00:00,86.090,86.480,86.010,86.480,542003
2025-06-03 14:30:00,86.480,86.680,86.060,86.080,927399
2025-06-03 15:00:00,86.060,86.350,86.030,86.190,988958
2025-06-04 10:00:00,86.380,88.490,86.190,88.330,2875032
2025-06-04 10:30:00,88.310,89.300,88.310,88.910,2403363
2025-06-04 11:00:00,88.910,88.970,87.700,87.800,1493642
2025-06-04 11:30:00,87.950,88.630,87.750,88.350,599060
2025-06-04 13:30:00,88.350,88.580,88.140,88.410,594860
2025-06-04 14:00:00,88.410,88.600,88.300,88.520,599310
2025-06-04 14:30:00,88.500,88.550,88.380,88.410,646915
2025-06-04 15:00:00,88.440,88.450,87.900,88.170,1064375
2025-06-05 10:00:00,88.200,89.660,87.880,89.430,2586695
2025-06-05 10:30:00,89.410,89.450,88.900,89.190,914660
2025-06-05 11:00:00,89.180,89.350,88.800,89.300,731900
2025-06-05 11:30:00,89.300,91.250,89.240,91.230,2749353
2025-06-05 13:30:00,91.250,93.490,91.230,92.510,3616016
2025-06-05 14:00:00,92.520,93.250,92.310,92.340,1397765
2025-06-05 14:30:00,92.350,92.700,92.330,92.330,975390
2025-06-05 15:00:00,92.340,92.550,92.100,92.420,1453909
2025-06-06 10:00:00,91.500,93.150,90.850,92.000,3299448
2025-06-06 10:30:00,92.000,92.790,91.750,92.420,1422800
2025-06-06 11:00:00,92.390,92.600,92.090,92.470,569061
2025-06-06 11:30:00,92.460,92.580,91.630,91.630,635827
2025-06-06 13:30:00,91.640,91.690,91.020,91.190,939321
2025-06-06 14:00:00,91.220,91.340,90.880,90.930,790739
2025-06-06 14:30:00,90.930,91.860,90.930,91.660,613115
2025-06-06 15:00:00,91.660,91.900,91.520,91.880,805578
2025-06-09 10:00:00,92.000,95.300,92.000,94.740,4930378
2025-06-09 10:30:00,94.740,95.450,94.730,95.070,1929447
2025-06-09 11:00:00,95.070,95.450,94.260,95.100,1342210
2025-06-09 11:30:00,95.020,95.200,94.680,95.150,555580
2025-06-09 13:30:00,95.150,95.300,94.170,94.250,883710
2025-06-09 14:00:00,94.280,94.500,94.080,94.340,572388
2025-06-09 14:30:00,94.320,94.850,94.310,94.400,657650
2025-06-09 15:00:00,94.400,94.570,93.880,94.560,1477826
2025-06-10 10:00:00,93.950,95.800,93.500,95.030,2290873
2025-06-10 10:30:00,95.060,95.380,94.000,94.000,1090754
2025-06-10 11:00:00,94.000,94.860,93.750,94.660,649370
2025-06-10 11:30:00,94.660,94.950,94.560,94.570,398370
2025-06-10 13:30:00,94.570,94.640,93.060,93.160,1662293
2025-06-10 14:00:00,93.260,93.850,93.000,93.770,1129823
2025-06-10 14:30:00,93.770,94.660,93.230,94.500,891182
2025-06-10 15:00:00,94.430,95.010,94.180,94.400,1025715
2025-06-11 10:00:00,94.450,96.170,94.410,94.580,2874225
2025-06-11 10:30:00,94.670,96.570,94.120,95.700,2691896
2025-06-11 11:00:00,95.700,95.710,94.360,94.410,892090
2025-06-11 11:30:00,94.410,95.020,94.400,94.940,396000
2025-06-11 13:30:00,94.990,95.380,94.500,94.510,378512
2025-06-11 14:00:00,94.510,94.600,94.300,94.380,403104
2025-06-11 14:30:00,94.380,94.460,94.130,94.440,631050
2025-06-11 15:00:00,94.440,94.460,93.880,93.960,902718
2025-06-12 10:00:00,93.980,96.230,93.110,96.190,3538340
2025-06-12 10:30:00,96.200,97.160,95.540,96.920,2676556
2025-06-12 11:00:00,96.930,97.450,96.560,96.600,1475118
2025-06-12 11:30:00,96.580,96.790,95.650,96.010,680000
2025-06-12 13:30:00,96.000,97.450,95.800,96.100,1126010
2025-06-12 14:00:00,96.100,96.490,95.900,95.930,600540
2025-06-12 14:30:00,95.930,96.200,95.890,96.060,385867
2025-06-12 15:00:00,96.080,96.100,95.840,95.950,714270
2025-06-13 10:00:00,95.530,96.940,95.160,95.360,1564170
2025-06-13 10:30:00,95.350,95.610,95.000,95.250,1123600
2025-06-13 11:00:00,95.250,95.370,94.280,94.360,941390
2025-06-13 11:30:00,94.350,95.780,94.300,95.330,800559
2025-06-13 13:30:00,95.310,95.610,94.490,95.330,829260
2025-06-13 14:00:00,95.330,95.990,95.330,95.730,578270
2025-06-13 14:30:00,95.730,96.000,95.510,95.760,663620
2025-06-13 15:00:00,95.700,95.760,95.400,95.500,856133
2025-06-16 10:00:00,95.450,100.800,94.810,100.680,5417227
2025-06-16 10:30:00,100.650,101.000,99.170,99.780,2335877
2025-06-16 11:00:00,99.810,100.100,98.700,98.870,1092380
2025-06-16 11:30:00,98.870,99.290,98.150,98.340,651296
2025-06-16 13:30:00,98.340,98.980,97.900,98.330,766390
2025-06-16 14:00:00,98.330,98.800,98.220,98.480,548040
2025-06-16 14:30:00,98.490,98.730,98.430,98.540,561210
2025-06-16 15:00:00,98.530,98.950,98.450,98.950,1158655
2025-06-17 10:00:00,99.010,100.000,97.240,97.390,2247040
2025-06-17 10:30:00,97.400,97.820,96.100,96.110,1852830
2025-06-17 11:00:00,96.100,96.380,95.750,96.140,1148102
2025-06-17 11:30:00,96.140,96.620,96.080,96.150,854136
2025-06-17 13:30:00,96.150,96.610,96.110,96.260,542616
2025-06-17 14:00:00,96.260,97.880,96.200,97.270,1461490
2025-06-17 14:30:00,97.210,97.260,95.750,95.760,1594580
2025-06-17 15:00:00,95.750,96.980,95.360,96.780,2795633
2025-06-18 10:00:00,96.390,100.700,96.200,100.490,4306141
2025-06-18 10:30:00,100.380,101.480,99.900,101.280,4214240
2025-06-18 11:00:00,101.280,102.300,100.880,101.270,1669797
2025-06-18 11:30:00,101.270,101.790,100.650,101.040,915952
2025-06-18 13:30:00,101.040,104.480,100.800,104.100,3298820
2025-06-18 14:00:00,104.100,104.390,102.970,103.070,1785182
2025-06-18 14:30:00,103.090,103.630,102.980,103.610,1099275
2025-06-18 15:00:00,103.600,103.990,103.430,103.600,1477184
2025-06-19 10:00:00,103.850,105.450,103.000,103.540,4012417
2025-06-19 10:30:00,103.550,104.330,102.990,103.220,1694784
2025-06-19 11:00:00,103.220,103.860,103.000,103.320,804080
2025-06-19 11:30:00,103.320,103.430,102.740,102.840,628362
2025-06-19 13:30:00,102.840,103.560,102.400,103.330,1006824
2025-06-19 14:00:00,103.330,103.420,102.660,102.670,506466
2025-06-19 14:30:00,102.680,102.990,102.380,102.580,625106
2025-06-19 15:00:00,102.580,102.660,102.000,102.570,1419431
2025-06-20 10:00:00,102.080,102.570,98.360,99.210,3500130
2025-06-20 10:30:00,99.210,100.280,98.700,98.990,1435683
2025-06-20 11:00:00,99.020,99.660,98.960,99.070,723176
2025-06-20 11:30:00,99.050,99.070,98.270,98.990,914294
2025-06-20 13:30:00,98.930,100.290,98.420,99.810,953362
2025-06-20 14:00:00,99.800,99.990,99.180,99.460,610677
2025-06-20 14:30:00,99.400,99.510,98.970,99.290,818895
2025-06-20 15:00:00,99.280,99.330,98.830,99.230,1970037
2025-06-23 10:00:00,98.590,99.840,98.200,98.560,1629552
2025-06-23 10:30:00,98.550,98.990,97.730,98.300,1114006
2025-06-23 11:00:00,98.290,98.290,97.200,97.280,1017612
2025-06-23 11:30:00,97.320,97.800,96.800,97.650,863893
2025-06-23 13:30:00,97.740,98.040,97.160,97.910,525175
2025-06-23 14:00:00,97.850,98.060,97.320,97.830,700600
2025-06-23 14:30:00,97.840,98.410,97.790,98.100,594321
2025-06-23 15:00:00,98.100,98.310,97.800,98.000,689403
2025-06-24 10:00:00,98.800,99.370,97.400,97.680,2330956
2025-06-24 10:30:00,97.680,98.090,97.450,97.510,1372655
2025-06-24 11:00:00,97.510,97.660,96.530,96.730,1534707
2025-06-24 11:30:00,96.750,97.400,96.670,97.110,482374
2025-06-24 13:30:00,97.110,97.820,97.010,97.220,628621
2025-06-24 14:00:00,97.210,97.320,97.010,97.100,461636
2025-06-24 14:30:00,97.100,97.460,97.080,97.310,496810
2025-06-24 15:00:00,97.250,97.500,97.150,97.400,939661
2025-06-25 10:00:00,97.550,99.990,97.550,99.030,3979230
2025-06-25 10:30:00,99.030,99.300,98.060,98.250,985160
2025-06-25 11:00:00,98.280,99.560,98.200,98.630,794700
2025-06-25 11:30:00,98.630,98.770,98.150,98.300,430320
2025-06-25 13:30:00,98.300,98.430,97.600,98.100,824035
2025-06-25 14:00:00,98.100,98.310,97.900,98.100,471340
2025-06-25 14:30:00,98.050,99.950,98.040,99.520,1417250
2025-06-25 15:00:00,99.500,99.980,99.380,99.900,1700206
2025-06-26 10:00:00,99.940,101.930,99.610,101.230,2773962
2025-06-26 10:30:00,101.230,101.550,99.440,99.550,1549290
2025-06-26 11:00:00,99.530,100.470,99.500,100.400,782458
2025-06-26 11:30:00,100.360,100.950,100.080,100.780,995610
2025-06-26 13:30:00,100.780,109.890,100.780,107.000,6919694
2025-06-26 14:00:00,107.000,108.020,105.880,105.880,1990867
2025-06-26 14:30:00,105.880,105.980,105.000,105.230,1454856
2025-06-26 15:00:00,105.200,105.880,104.450,104.710,1983316
2025-06-27 10:00:00,103.980,107.650,102.200,106.950,5974727
2025-06-27 10:30:00,106.920,108.870,105.900,108.700,1977720
2025-06-27 11:00:00,108.690,110.610,108.000,109.980,3499311
2025-06-27 11:30:00,109.980,111.250,109.110,109.990,2090390
2025-06-27 13:30:00,110.000,110.220,108.120,108.980,1330376
2025-06-27 14:00:00,108.970,109.300,107.980,108.300,980089
2025-06-27 14:30:00,108.300,108.650,107.990,108.050,752141
2025-06-27 15:00:00,108.050,108.080,107.400,107.950,1182447
2025-06-30 10:00:00,109.000,110.120,107.000,107.940,3964126
2025-06-30 10:30:00,107.940,108.600,107.000,107.930,1627782
2025-06-30 11:00:00,107.920,108.700,107.000,108.280,1301640
2025-06-30 11:30:00,108.280,108.890,107.700,108.890,771474
2025-06-30 13:30:00,108.870,109.500,107.400,107.500,1274170
2025-06-30 14:00:00,107.500,107.780,106.000,106.730,1634010
2025-06-30 14:30:00,106.730,107.730,106.730,107.630,1204229
2025-06-30 15:00:00,107.620,107.860,107.210,107.810,992644
2025-07-01 10:00:00,107.040,113.280,107.040,110.840,5298135
2025-07-01 10:30:00,110.500,111.350,109.330,110.600,1414016
2025-07-01 11:00:00,110.590,111.110,109.630,110.240,805310
2025-07-01 11:30:00,110.240,110.240,109.110,109.790,750800
2025-07-01 13:30:00,109.790,112.200,109.200,111.800,1961426
2025-07-01 14:00:00,111.840,112.220,110.360,110.550,983865
2025-07-01 14:30:00,110.640,110.990,110.520,110.730,535530
2025-07-01 15:00:00,110.730,111.500,110.300,110.990,1035593
2025-07-02 10:00:00,109.660,110.300,106.670,107.680,3139620
2025-07-02 10:30:00,107.680,107.880,106.950,107.440,957390
2025-07-02 11:00:00,107.400,107.900,106.860,107.180,834570
2025-07-02 11:30:00,107.040,107.210,106.440,107.190,1226350
2025-07-02 13:30:00,107.180,107.200,105.300,105.900,1618360
2025-07-02 14:00:00,105.900,105.990,105.140,105.270,962406
2025-07-02 14:30:00,105.280,105.800,105.100,105.490,799206
2025-07-02 15:00:00,105.490,105.640,105.020,105.160,1308512
2025-07-03 10:00:00,105.940,109.350,105.940,108.800,4760795
2025-07-03 10:30:00,108.800,111.660,108.710,111.320,5964982
2025-07-03 11:00:00,111.220,112.880,110.300,111.220,1921489
2025-07-03 11:30:00,111.190,112.580,111.010,111.840,805594
2025-07-03 13:30:00,111.800,112.670,111.300,112.660,1212671
2025-07-03 14:00:00,112.650,112.880,111.590,112.180,842044
2025-07-03 14:30:00,112.180,113.500,112.150,113.300,1974288
2025-07-03 15:00:00,113.300,113.490,112.500,113.450,1692561
2025-07-04 10:00:00,113.450,115.370,113.200,113.690,4517751
2025-07-04 10:30:00,113.700,114.000,113.000,113.160,1879725
2025-07-04 11:00:00,113.150,113.550,112.180,112.600,1934470
2025-07-04 11:30:00,112.650,116.600,112.570,116.200,2356473
2025-07-04 13:30:00,116.200,117.000,114.400,114.650,2392870
2025-07-04 14:00:00,114.640,115.140,113.020,113.890,1250835
2025-07-04 14:30:00,113.780,116.000,113.460,115.080,2142052
2025-07-04 15:00:00,115.080,116.180,114.740,115.900,1530459
2025-07-07 10:00:00,114.410,118.200,112.200,112.200,5026804
2025-07-07 10:30:00,112.210,116.000,112.000,115.080,1735073
2025-07-07 11:00:00,115.080,115.460,113.990,114.420,691233
2025-07-07 11:30:00,114.420,114.950,114.300,114.840,372066
2025-07-07 13:30:00,114.480,115.530,114.380,115.070,733011
2025-07-07 14:00:00,115.320,115.400,114.240,114.850,874860
2025-07-07 14:30:00,114.850,114.890,113.910,114.290,731325
2025-07-07 15:00:00,114.020,114.430,113.860,114.410,1207542
2025-07-08 10:00:00,114.000,118.880,113.000,117.540,4377176
2025-07-08 10:30:00,117.410,119.490,117.370,119.370,2572547
2025-07-08 11:00:00,119.390,120.000,117.700,118.140,1735895
2025-07-08 11:30:00,118.140,119.920,117.800,118.990,1243003
2025-07-08 13:30:00,118.990,119.200,118.400,118.660,1141890
2025-07-08 14:00:00,118.600,119.970,118.400,119.880,1205620
2025-07-08 14:30:00,119.870,120.000,119.010,119.500,1305127
2025-07-08 15:00:00,119.460,119.800,118.470,118.980,1412515
2025-07-09 10:00:00,117.940,120.800,117.680,119.970,3013388
2025-07-09 10:30:00,119.970,120.150,118.500,119.800,1308180
2025-07-09 11:00:00,119.760,119.850,118.440,118.440,723804
2025-07-09 11:30:00,118.440,118.440,117.830,118.120,617254
2025-07-09 13:30:00,118.120,121.000,117.880,118.010,1729452
2025-07-09 14:00:00,118.200,118.980,117.980,118.510,425100
2025-07-09 14:30:00,118.550,118.550,117.880,118.150,500120
2025-07-09 15:00:00,118.150,118.580,117.800,118.090,984753
2025-07-10 10:00:00,118.910,121.860,118.600,118.690,4156210
2025-07-10 10:30:00,118.660,119.300,117.100,118.100,1412422
2025-07-10 11:00:00,118.060,118.100,115.680,116.100,1655090
2025-07-10 11:30:00,116.090,116.620,115.000,115.940,1172838
2025-07-10 13:30:00,115.940,119.080,115.930,118.990,1384154
2025-07-10 14:00:00,118.980,120.280,118.240,120.270,1524953
2025-07-10 14:30:00,120.270,120.350,118.490,118.670,1333366
2025-07-10 15:00:00,118.530,119.500,118.500,119.240,863342
2025-07-11 10:00:00,117.000,121.970,117.000,120.990,4049799
2025-07-11 10:30:00,120.940,121.230,119.680,119.880,1292492
2025-07-11 11:00:00,119.840,119.840,117.750,118.510,1193472
2025-07-11 11:30:00,118.450,118.510,117.890,118.250,414260
2025-07-11 13:30:00,118.250,118.890,117.220,118.700,926632
2025-07-11 14:00:00,118.650,118.990,117.480,117.900,870750
2025-07-11 14:30:00,117.760,118.160,117.500,117.560,691386
2025-07-11 15:00:00,117.670,118.000,117.010,117.490,1108310
2025-07-14 10:00:00,117.870,124.400,117.000,122.900,5884333
2025-07-14 10:30:00,123.220,123.750,121.500,122.470,1909974
2025-07-14 11:00:00,122.470,123.000,122.000,122.470,778162
2025-07-14 11:30:00,122.460,122.540,121.780,121.800,457492
2025-07-14 13:30:00,121.860,123.990,121.500,123.860,1846212
2025-07-14 14:00:00,123.770,124.380,123.260,123.780,1143270
2025-07-14 14:30:00,123.720,124.060,123.720,123.950,577313
2025-07-14 15:00:00,123.900,123.980,123.200,123.980,1138527
2025-07-15 10:00:00,124.300,131.000,124.300,130.740,7414724
2025-07-15 10:30:00,130.730,132.270,129.000,130.300,2668577
2025-07-15 11:00:00,130.400,131.980,129.680,131.510,1013405
2025-07-15 11:30:00,131.510,131.840,128.500,128.570,1147521
2025-07-15 13:30:00,128.580,129.990,128.100,128.100,1033208
2025-07-15 14:00:00,128.160,129.900,127.680,129.560,744852
2025-07-15 14:30:00,129.640,130.000,129.570,129.910,701880
2025-07-15 15:00:00,129.930,132.000,128.600,131.960,1400711
2025-07-16 10:00:00,131.000,131.500,128.000,128.400,2890337
2025-07-16 10:30:00,128.420,129.230,127.520,128.050,1361532
2025-07-16 11:00:00,128.040,128.410,126.000,126.590,1813687
2025-07-16 11:30:00,126.580,128.000,126.310,127.110,959620
2025-07-16 13:30:00,127.110,127.280,124.880,125.280,1671420
2025-07-16 14:00:00,125.220,126.020,124.250,124.410,1307963
2025-07-16 14:30:00,124.410,125.750,124.000,124.010,1448548
2025-07-16 15:00:00,124.000,124.100,123.000,123.530,2076242
2025-07-17 10:00:00,123.000,125.600,122.030,125.140,3709090
2025-07-17 10:30:00,125.010,128.940,124.960,127.020,3322862
2025-07-17 11:00:00,127.200,128.290,126.070,126.930,2143311
2025-07-17 11:30:00,126.910,128.600,126.260,127.530,2478992
2025-07-17 13:30:00,127.780,132.000,127.530,130.800,2426263
2025-07-17 14:00:00,130.850,132.000,130.500,130.500,976349
2025-07-17 14:30:00,130.490,130.990,129.480,129.480,630968
2025-07-17 15:00:00,129.490,131.000,129.450,130.900,1232316
2025-07-18 10:00:00,133.290,136.500,131.020,133.150,5937775
2025-07-18 10:30:00,133.010,134.000,131.520,133.150,1608610
2025-07-18 11:00:00,133.150,134.640,133.150,133.890,879813
2025-07-18 11:30:00,133.900,136.320,133.450,134.820,1718191
2025-07-18 13:30:00,134.750,134.750,130.000,130.830,2013836
2025-07-18 14:00:00,130.800,131.350,130.020,130.240,1063451
2025-07-18 14:30:00,130.240,132.830,130.200,130.630,762404
2025-07-18 15:00:00,130.620,131.910,130.180,131.600,1158834
2025-07-21 10:00:00,134.670,137.630,131.990,133.710,6405754
2025-07-21 10:30:00,133.690,135.000,133.050,133.390,1209028
2025-07-21 11:00:00,133.400,135.790,133.390,135.010,1192090
2025-07-21 11:30:00,135.040,139.120,134.000,138.220,2962433
2025-07-21 13:30:00,138.460,140.000,136.900,137.350,1949719
2025-07-21 14:00:00,137.260,140.000,137.130,139.430,2191114
2025-07-21 14:30:00,139.430,141.660,138.900,140.240,1355235
2025-07-21 15:00:00,140.220,141.550,140.200,141.250,1681245
2025-07-22 10:00:00,140.050,143.990,137.800,143.900,4766933
2025-07-22 10:30:00,143.900,143.980,136.010,137.710,3189955
2025-07-22 11:00:00,137.700,138.700,134.000,137.900,2795735
2025-07-22 11:30:00,137.880,139.500,137.000,139.100,661245
2025-07-22 13:30:00,139.350,139.770,136.000,136.050,1007210
2025-07-22 14:00:00,136.050,136.080,134.420,134.420,1252674
2025-07-22 14:30:00,134.420,135.960,134.110,135.960,1192640
2025-07-22 15:00:00,135.960,137.000,134.710,137.000,1122369
2025-07-23 10:00:00,134.000,134.000,131.000,132.290,4931854
2025-07-23 10:30:00,132.210,133.560,130.400,132.300,2188730
2025-07-23 11:00:00,132.300,133.200,131.510,131.700,1051764
2025-07-23 11:30:00,131.700,132.750,131.600,132.280,1206172
2025-07-23 13:30:00,132.290,134.000,131.840,133.060,1238934
2025-07-23 14:00:00,132.860,133.140,131.720,131.760,883510
2025-07-23 14:30:00,131.750,132.600,131.500,132.020,843862
2025-07-23 15:00:00,132.020,132.200,131.400,132.200,1330682
2025-07-24 10:00:00,135.020,137.000,132.310,133.480,5308980
2025-07-24 10:30:00,133.080,133.680,131.490,131.890,1649129
2025-07-24 11:00:00,131.890,132.980,130.570,130.930,1321181
2025-07-24 11:30:00,130.940,131.060,129.000,130.290,2470928
2025-07-24 13:30:00,130.290,131.970,129.710,131.360,940514
2025-07-24 14:00:00,131.400,132.200,131.160,131.410,673620
2025-07-24 14:30:00,131.360,131.820,131.180,131.510,537614
2025-07-24 15:00:00,131.510,132.490,131.360,132.410,1183951
2025-07-25 10:00:00,131.000,133.900,130.680,131.780,2732110
2025-07-25 10:30:00,131.690,133.200,130.920,132.240,1988664
2025-07-25 11:00:00,132.240,132.330,130.490,130.600,1353341
2025-07-25 11:30:00,130.670,133.170,130.430,132.120,1350630
2025-07-25 13:30:00,132.100,132.560,131.000,131.390,702950
2025-07-25 14:00:00,131.390,131.770,131.000,131.770,591382
2025-07-25 14:30:00,131.790,131.790,131.010,131.560,724941
2025-07-25 15:00:00,131.540,132.320,131.500,131.980,1031613
2025-07-28 10:00:00,132.830,137.310,132.690,134.750,5683200
2025-07-28 10:30:00,134.750,138.080,134.000,137.980,2923295
2025-07-28 11:00:00,137.920,139.330,137.300,138.280,2532078
2025-07-28 11:30:00,138.280,138.500,136.960,136.990,910967
2025-07-28 13:30:00,137.000,145.180,136.990,145.180,5977774
2025-07-28 14:00:00,145.180,145.180,144.300,145.180,3575342
2025-07-28 14:30:00,145.170,145.180,145.010,145.180,1107641
2025-07-28 15:00:00,145.170,145.180,145.170,145.180,225162
2025-07-29 10:00:00,145.000,148.600,141.550,141.740,7391273
2025-07-29 10:30:00,141.730,142.700,141.020,142.510,1774701
2025-07-29 11:00:00,142.540,143.020,141.850,142.060,904280
2025-07-29 11:30:00,142.060,143.270,141.490,142.420,733706
2025-07-29 13:30:00,142.520,144.970,142.520,144.900,1076073
2025-07-29 14:00:00,144.950,146.500,144.220,144.580,1887748
2025-07-29 14:30:00,144.430,146.000,144.410,145.050,1222308
2025-07-29 15:00:00,145.290,145.340,143.730,144.500,1870182
2025-07-30 10:00:00,144.880,145.570,142.380,142.500,3040184
2025-07-30 10:30:00,142.380,142.820,141.500,142.470,1235620
2025-07-30 11:00:00,142.590,142.890,141.600,142.010,627622
2025-07-30 11:30:00,142.010,142.960,141.860,142.010,592632
2025-07-30 13:30:00,142.030,142.380,140.280,140.320,2513322
2025-07-30 14:00:00,140.450,141.390,139.660,140.550,1956078
2025-07-30 14:30:00,140.480,141.200,139.710,141.200,1425700
2025-07-30 15:00:00,141.200,141.390,140.180,140.980,1385916
2025-07-31 10:00:00,144.500,147.300,142.000,146.000,7514956
2025-07-31 10:30:00,146.030,146.170,144.000,144.100,1536078
2025-07-31 11:00:00,144.200,145.750,143.370,144.800,1134323
2025-07-31 11:30:00,144.800,147.000,144.070,147.000,980910
2025-07-31 13:30:00,146.990,149.970,143.000,144.100,3615046
2025-07-31 14:00:00,144.090,144.250,142.630,142.770,1099019
2025-07-31 14:30:00,142.700,142.700,141.330,141.550,1408040
2025-07-31 15:00:00,141.540,142.580,141.050,142.100,1369205
2025-08-01 10:00:00,139.000,140.220,137.200,137.770,3948591
2025-08-01 10:30:00,138.030,138.500,136.550,137.020,2331852
2025-08-01 11:00:00,137.020,137.500,134.880,135.290,2683540
2025-08-01 11:30:00,135.290,136.030,134.040,134.740,1493618
2025-08-01 13:30:00,134.700,134.840,133.010,133.100,1944691
2025-08-01 14:00:00,133.100,135.500,132.550,134.610,1912544
2025-08-01 14:30:00,134.610,135.780,134.400,135.210,1371514
2025-08-01 15:00:00,135.030,135.880,135.000,135.490,1580414
2025-08-04 10:00:00,132.700,134.850,131.520,133.640,3750966
2025-08-04 10:30:00,133.640,134.680,133.120,133.230,1782400
2025-08-04 11:00:00,133.220,133.860,132.680,133.430,1068030
2025-08-04 11:30:00,133.360,134.120,133.120,133.780,506996
2025-08-04 13:30:00,133.790,135.480,133.780,134.550,1013662
2025-08-04 14:00:00,134.530,135.410,134.510,135.240,865376
2025-08-04 14:30:00,135.240,136.170,134.750,135.880,1019633
2025-08-04 15:00:00,135.880,136.550,135.750,136.230,1271546
2025-08-05 10:00:00,138.950,140.000,135.860,136.040,3975621
2025-08-05 10:30:00,136.040,136.900,135.240,135.970,1068970
2025-08-05 11:00:00,135.960,136.450,134.410,134.550,1032082
2025-08-05 11:30:00,134.550,134.860,133.080,134.130,1180850
2025-08-05 13:30:00,134.130,136.360,133.450,135.740,1221386
2025-08-05 14:00:00,135.740,136.800,135.700,135.880,1068040
2025-08-05 14:30:00,135.880,136.200,135.500,135.820,511890
2025-08-05 15:00:00,135.820,136.200,135.360,135.900,1004207
2025-08-06 10:00:00,134.900,138.680,134.270,136.830,2859020
2025-08-06 10:30:00,136.830,137.090,134.660,134.930,1256430
2025-08-06 11:00:00,134.930,135.770,134.600,135.260,731122
2025-08-06 11:30:00,135.250,135.250,134.650,134.900,407840
2025-08-06 13:30:00,134.910,135.300,134.190,134.430,886844
2025-08-06 14:00:00,134.430,135.810,134.230,135.200,584688
2025-08-06 14:30:00,135.200,135.310,134.500,134.760,563616
2025-08-06 15:00:00,134.680,135.020,134.500,134.840,961348
2025-08-07 10:00:00,134.820,139.480,134.700,137.300,5061589
2025-08-07 10:30:00,137.310,137.380,132.740,133.970,2424209
2025-08-07 11:00:00,133.970,134.670,133.370,133.390,734400
2025-08-07 11:30:00,133.370,134.400,132.840,133.720,1058510
2025-08-07 13:30:00,133.900,135.800,133.570,134.930,738281
2025-08-07 14:00:00,134.930,135.260,134.440,135.250,374051
2025-08-07 14:30:00,135.200,135.310,134.300,134.400,371810
2025-08-07 15:00:00,134.400,134.900,133.800,134.490,1053690
2025-08-08 10:00:00,132.700,135.260,132.000,134.790,2169044
2025-08-08 10:30:00,134.790,135.880,133.500,134.600,1033236
2025-08-08 11:00:00,134.600,135.910,134.500,135.690,722295
2025-08-08 11:30:00,135.790,136.350,134.700,134.880,902120
2025-08-08 13:30:00,134.960,135.170,134.070,134.140,690632
2025-08-08 14:00:00,134.150,134.620,133.510,133.540,665603
2025-08-08 14:30:00,133.590,134.000,133.400,133.500,500665
2025-08-08 15:00:00,133.600,133.900,133.170,133.500,1157956
2025-08-11 10:00:00,133.000,139.300,133.000,137.650,5190271
2025-08-11 10:30:00,137.650,138.780,136.500,136.870,1391680
2025-08-11 11:00:00,136.860,137.580,135.770,135.920,691700
2025-08-11 11:30:00,135.920,137.700,135.850,137.370,695929
2025-08-11 13:30:00,137.500,138.680,136.830,137.520,1577312
2025-08-11 14:00:00,137.540,140.120,137.480,139.100,2507359
2025-08-11 14:30:00,139.100,139.170,137.880,138.450,644354
2025-08-11 15:00:00,138.440,138.880,138.200,138.510,1113772
2025-08-12 10:00:00,138.390,139.980,137.000,139.720,2368900
2025-08-12 10:30:00,139.830,141.670,138.900,139.940,2626018
2025-08-12 11:00:00,139.900,140.320,137.500,138.800,1292320
2025-08-12 11:30:00,138.800,139.780,138.400,138.770,657890
2025-08-12 13:30:00,138.770,139.000,137.610,137.820,825723
2025-08-12 14:00:00,137.780,138.440,137.700,137.960,704137
2025-08-12 14:30:00,137.950,139.980,137.950,139.280,965885
2025-08-12 15:00:00,139.250,139.800,139.110,139.800,804132
2025-08-13 10:00:00,139.850,148.170,139.820,147.730,7017426
2025-08-13 10:30:00,147.730,150.000,146.800,148.430,3271711
2025-08-13 11:00:00,148.530,152.000,147.490,148.990,2270988
2025-08-13 11:30:00,149.000,150.800,148.550,150.270,826423
2025-08-13 13:30:00,150.270,153.770,149.900,152.060,2101170
2025-08-13 14:00:00,152.080,153.780,152.040,153.780,2156284
2025-08-13 14:30:00,153.780,153.780,153.780,153.780,740675
2025-08-13 15:00:00,153.780,153.780,153.780,153.780,456969
2025-08-14 10:00:00,153.840,154.930,149.440,150.140,4975795
2025-08-14 10:30:00,150.140,152.000,149.930,150.720,1305861
2025-08-14 11:00:00,150.730,151.000,149.340,149.780,1012124
2025-08-14 11:30:00,149.620,150.500,149.500,150.490,547210
2025-08-14 13:30:00,150.390,150.880,148.210,148.610,1168810
2025-08-14 14:00:00,148.640,150.880,148.540,150.320,865927
2025-08-14 14:30:00,150.320,152.200,150.320,151.510,775787
2025-08-14 15:00:00,151.480,151.860,149.260,150.000,1410669
2025-08-15 10:00:00,150.010,153.780,149.300,151.330,2967945
2025-08-15 10:30:00,151.090,151.870,149.000,149.210,1629094
2025-08-15 11:00:00,149.210,151.090,149.140,149.790,636080
2025-08-15 11:30:00,149.780,149.910,147.000,147.980,1284946
2025-08-15 13:30:00,147.970,150.920,147.530,149.620,1353376
2025-08-15 14:00:00,149.610,149.780,145.310,147.310,2029129
2025-08-15 14:30:00,147.240,147.700,145.270,146.110,1950580
2025-08-15 15:00:00,146.200,146.800,145.300,145.710,2621271
2025-08-18 10:00:00,146.940,146.940,140.890,144.170,5471067
2025-08-18 10:30:00,144.170,145.060,143.300,144.980,1888300
2025-08-18 11:00:00,144.970,149.060,144.820,148.970,2994955
2025-08-18 11:30:00,148.970,149.200,145.510,147.090,1381553
2025-08-18 13:30:00,147.090,147.950,145.000,145.500,1450767
2025-08-18 14:00:00,145.500,146.490,145.500,145.840,1109666
2025-08-18 14:30:00,145.840,146.770,145.520,146.000,746303
2025-08-18 15:00:00,146.040,146.590,145.980,146.560,1105332
2025-08-19 10:00:00,146.000,149.610,145.030,147.940,3388218
2025-08-19 10:30:00,147.940,148.010,143.770,144.140,2178587
2025-08-19 11:00:00,144.200,144.570,143.100,143.840,1186990
2025-08-19 11:30:00,143.840,146.890,143.770,146.600,1004594
2025-08-19 13:30:00,146.600,146.900,144.170,144.560,990440
2025-08-19 14:00:00,144.550,144.640,143.280,143.340,809060
2025-08-19 14:30:00,143.380,145.200,143.200,144.290,943923
2025-08-19 15:00:00,144.290,145.310,144.250,145.000,1004064
2025-08-20 10:00:00,141.610,144.360,137.330,144.020,4117451
2025-08-20 10:30:00,144.020,145.950,142.880,145.620,1578102
2025-08-20 11:00:00,145.610,145.650,143.510,143.750,538100
2025-08-20 11:30:00,143.750,144.050,141.500,142.690,733341
2025-08-20 13:30:00,142.690,142.740,140.860,141.990,1111876
2025-08-20 14:00:00,141.970,142.280,141.530,141.900,942160
2025-08-20 14:30:00,141.880,142.530,141.800,142.210,1076030
2025-08-20 15:00:00,142.210,142.710,141.580,142.710,1168540
2025-08-21 10:00:00,142.020,143.390,138.660,138.830,3128330
2025-08-21 10:30:00,138.850,142.100,137.700,141.600,2033676
2025-08-21 11:00:00,141.610,144.130,141.240,143.620,1876215
2025-08-21 11:30:00,143.590,144.610,142.830,143.450,932660
2025-08-21 13:30:00,143.460,144.360,142.050,142.250,869220
2025-08-21 14:00:00,142.250,142.380,141.640,141.800,640750
2025-08-21 14:30:00,141.800,141.860,140.500,140.780,914720
2025-08-21 15:00:00,140.780,141.580,140.520,141.580,987565
2025-08-22 10:00:00,140.600,151.000,140.060,148.940,7117643
2025-08-22 10:30:00,149.010,152.000,148.360,151.160,3281576
2025-08-22 11:00:00,151.290,151.900,150.830,151.120,1278954
2025-08-22 11:30:00,151.230,152.180,150.790,152.180,1388115
2025-08-22 13:30:00,152.180,153.000,149.900,151.590,1666968
2025-08-22 14:00:00,151.600,152.590,148.240,149.000,1178426
2025-08-22 14:30:00,149.000,150.180,148.890,149.650,820218
2025-08-22 15:00:00,149.640,150.330,149.500,149.920,1330228
2025-08-25 10:00:00,151.100,151.980,148.020,150.230,4192205
2025-08-25 10:30:00,150.080,154.470,149.930,153.860,3061270
2025-08-25 11:00:00,153.920,155.000,152.300,154.950,1373283
2025-08-25 11:30:00,154.950,157.410,154.550,155.120,1584204
2025-08-25 13:30:00,155.100,156.300,154.210,156.120,1210566
2025-08-25 14:00:00,156.000,157.960,155.650,157.360,1408949
2025-08-25 14:30:00,157.260,162.560,157.010,162.560,1918825
2025-08-25 15:00:00,162.560,163.870,160.700,161.100,1825473
2025-08-26 10:00:00,161.000,164.820,158.080,164.000,4074621
2025-08-26 10:30:00,163.990,164.000,160.790,161.440,1454672
2025-08-26 11:00:00,161.440,162.670,160.800,160.880,649368
2025-08-26 11:30:00,160.880,162.900,160.810,162.120,528437
2025-08-26 13:30:00,162.550,165.040,161.320,164.000,1172172
2025-08-26 14:00:00,163.900,164.240,162.600,163.140,769993
2025-08-26 14:30:00,163.480,163.560,162.390,163.510,714558
2025-08-26 15:00:00,163.400,163.510,162.020,162.690,1137907
2025-08-27 10:00:00,161.640,175.810,161.100,175.690,5056345
2025-08-27 10:30:00,175.120,177.960,174.000,174.370,2041892
2025-08-27 11:00:00,174.370,175.660,173.730,174.530,615620
2025-08-27 11:30:00,174.520,175.980,174.510,175.200,352302
2025-08-27 13:30:00,175.200,177.070,174.120,174.970,784448
2025-08-27 14:00:00,174.650,174.920,171.580,172.280,1016664
2025-08-27 14:30:00,171.930,174.000,170.820,171.300,1383425
2025-08-27 15:00:00,171.180,172.400,169.000,169.500,2289109
2025-08-28 10:00:00,173.500,180.670,171.000,179.100,6886643
2025-08-28 10:30:00,179.010,185.000,177.210,184.460,2331520
2025-08-28 11:00:00,184.740,186.450,184.000,185.500,2740806
2025-08-28 11:30:00,185.500,185.650,183.060,184.060,1144192
2025-08-28 13:30:00,184.350,186.000,182.380,182.600,769748
2025-08-28 14:00:00,182.600,186.450,181.590,186.440,1143056
2025-08-28 14:30:00,186.440,186.450,186.300,186.450,530018
2025-08-28 15:00:00,186.450,186.450,186.450,186.450,100480
2025-08-29 10:00:00,190.010,192.000,185.110,189.850,5023916
2025-08-29 10:30:00,189.830,197.500,189.220,196.450,3336433
2025-08-29 11:00:00,196.100,200.000,194.000,195.520,1590680
2025-08-29 11:30:00,195.500,195.720,191.550,194.500,1210744
2025-08-29 13:30:00,194.220,198.000,193.690,195.050,765037
2025-08-29 14:00:00,195.010,196.290,193.860,196.000,799847
2025-08-29 14:30:00,196.000,197.000,194.000,194.710,570212
2025-08-29 15:00:00,194.990,199.660,194.710,198.000,1374088
2025-09-01 10:00:00,198.000,201.000,190.180,192.030,5519131
2025-09-01 10:30:00,192.030,194.800,190.380,190.710,2191509
2025-09-01 11:00:00,190.750,194.480,190.330,193.140,1692152
2025-09-01 11:30:00,193.150,194.430,191.540,191.670,1336761
2025-09-01 13:30:00,191.920,200.580,191.660,199.390,2075719
2025-09-01 14:00:00,199.390,203.100,197.010,197.370,1664303
2025-09-01 14:30:00,197.160,198.890,195.200,198.020,1188959
2025-09-01 15:00:00,198.020,200.530,198.000,199.880,1277341
2025-09-02 10:00:00,199.000,202.000,193.000,193.690,4907685
2025-09-02 10:30:00,193.690,194.460,191.060,192.070,2590257
2025-09-02 11:00:00,192.120,192.180,189.000,189.050,1719414
2025-09-02 11:30:00,189.020,190.440,186.000,186.330,1952178
2025-09-02 13:30:00,186.330,187.700,182.160,182.930,2989641
2025-09-02 14:00:00,182.840,187.000,182.840,183.260,1837895
2025-09-02 14:30:00,183.270,184.440,180.430,180.650,2128453
2025-09-02 15:00:00,180.520,182.360,179.890,179.890,1715248
2025-09-03 10:00:00,182.580,185.640,178.880,183.940,3649602
2025-09-03 10:30:00,184.070,189.600,182.700,187.180,2181482
2025-09-03 11:00:00,187.250,188.880,184.500,185.390,1380819
2025-09-03 11:30:00,185.150,186.000,183.180,183.680,994818
2025-09-03 13:30:00,183.680,184.400,183.100,184.150,1027368
2025-09-03 14:00:00,184.150,185.630,183.150,185.180,813700
2025-09-03 14:30:00,185.170,187.500,184.340,186.300,1059628
2025-09-03 15:00:00,186.310,186.800,184.330,185.640,1094734
2025-09-04 10:00:00,185.640,189.190,177.300,177.320,5117879
2025-09-04 10:30:00,177.350,178.180,171.900,172.290,4532284
2025-09-04 11:00:00,172.290,173.070,167.620,171.000,3885997
2025-09-04 11:30:00,171.000,171.290,167.290,167.830,1869897
2025-09-04 13:30:00,167.850,171.200,167.100,170.780,2791288
2025-09-04 14:00:00,170.790,172.060,169.200,171.760,880250
2025-09-04 14:30:00,171.760,171.760,167.560,168.550,818990
2025-09-04 15:00:00,168.550,169.810,167.080,168.800,1804225
2025-09-05 10:00:00,168.800,173.720,168.800,171.590,3849121
2025-09-05 10:30:00,171.550,173.370,169.800,172.750,1850696
2025-09-05 11:00:00,172.730,176.680,172.000,175.430,2214758
2025-09-05 11:30:00,175.370,177.300,174.500,177.300,1546077
2025-09-05 13:30:00,177.300,177.500,174.570,176.200,1479796
2025-09-05 14:00:00,176.200,178.890,175.620,178.890,1037264
2025-09-05 14:30:00,178.880,182.060,178.880,182.000,2304352
2025-09-05 15:00:00,181.960,183.090,181.200,182.250,1377592
2025-09-08 10:00:00,181.470,183.880,174.120,176.700,5248744
2025-09-08 10:30:00,176.700,176.930,174.000,174.300,1194735
2025-09-08 11:00:00,174.250,174.500,170.680,172.050,1588802
2025-09-08 11:30:00,171.990,173.610,170.890,171.640,831902
2025-09-08 13:30:00,171.610,174.660,171.000,174.000,814622
2025-09-08 14:00:00,173.990,175.330,173.060,175.000,629823
2025-09-08 14:30:00,174.910,175.640,174.560,175.220,581094
2025-09-08 15:00:00,175.210,177.500,175.170,176.320,1466696
2025-09-09 10:00:00,175.010,179.880,173.980,177.990,2723779
2025-09-09 10:30:00,177.760,178.250,176.300,176.990,847545
2025-09-09 11:00:00,176.870,177.490,176.310,176.730,464360
2025-09-09 11:30:00,176.670,176.870,175.450,175.990,594102
2025-09-09 13:30:00,176.020,176.420,173.640,174.470,764245
2025-09-09 14:00:00,174.470,174.590,172.150,172.510,1004740
2025-09-09 14:30:00,172.510,174.500,172.420,172.960,650540
2025-09-09 15:00:00,172.990,174.650,172.840,173.950,647799
2025-09-10 10:00:00,177.110,182.870,177.110,178.360,5097727
2025-09-10 10:30:00,178.350,179.710,177.250,177.980,1070182
2025-09-10 11:00:00,178.000,180.440,177.500,179.820,646728
2025-09-10 11:30:00,179.860,183.770,178.790,181.980,1700416
2025-09-10 13:30:00,182.000,185.000,181.800,184.620,1782949
2025-09-10 14:00:00,184.630,184.990,182.210,182.680,998950
2025-09-10 14:30:00,182.650,184.680,182.560,184.150,908110
2025-09-10 15:00:00,184.080,184.340,182.950,183.310,1275467
2025-09-11 10:00:00,185.010,194.500,184.000,191.550,5587932
2025-09-11 10:30:00,191.430,195.500,190.680,194.190,2312889
2025-09-11 11:00:00,194.200,198.210,193.620,198.000,1732377
2025-09-11 11:30:00,197.690,201.600,197.300,200.700,2129830
2025-09-11 13:30:00,200.870,201.640,200.590,201.640,1302087
2025-09-11 14:00:00,201.640,201.640,201.640,201.640,133382
2025-09-11 14:30:00,201.640,201.640,201.640,201.640,81683
2025-09-11 15:00:00,201.640,201.640,201.640,201.640,72939
2025-09-12 10:00:00,204.020,204.910,195.000,197.150,4688578
2025-09-12 10:30:00,197.480,199.610,196.490,198.260,1451652
2025-09-12 11:00:00,198.410,199.010,196.660,196.690,885472
2025-09-12 11:30:00,196.690,196.700,195.300,195.710,1095389
2025-09-12 13:30:00,195.700,198.500,195.320,197.180,761163
2025-09-12 14:00:00,197.170,198.650,196.800,196.800,687560
2025-09-12 14:30:00,196.800,197.020,195.500,195.540,690707
2025-09-12 15:00:00,195.530,196.510,195.000,195.370,1068889
2025-09-15 10:00:00,195.380,196.580,187.550,190.590,2324190
2025-09-15 10:30:00,190.580,191.200,187.290,189.350,1827297
2025-09-15 11:00:00,189.350,191.240,189.080,189.700,785773
2025-09-15 11:30:00,189.700,190.000,188.100,189.120,652692
2025-09-15 13:30:00,189.120,189.520,187.400,187.400,943402
2025-09-15 14:00:00,187.420,188.170,186.950,187.500,1325985
2025-09-15 14:30:00,187.510,188.160,186.690,187.180,1018730
2025-09-15 15:00:00,187.180,189.000,187.000,187.850,1026854
2025-09-16 10:00:00,188.100,193.470,187.380,192.020,3153762
2025-09-16 10:30:00,192.100,194.500,190.400,191.160,2293024
2025-09-16 11:00:00,191.160,191.160,187.260,187.590,1485068
2025-09-16 11:30:00,187.590,188.810,187.320,188.300,661916
2025-09-16 13:30:00,188.300,189.740,186.630,186.690,1060920
2025-09-16 14:00:00,186.630,188.500,186.000,188.300,654660
2025-09-16 14:30:00,188.310,189.080,187.000,188.310,578690
2025-09-16 15:00:00,188.270,188.910,187.900,188.490,953104
2025-09-17 10:00:00,188.610,190.000,186.000,188.300,2172070
2025-09-17 10:30:00,188.240,189.670,182.000,182.670,2300194
2025-09-17 11:00:00,182.670,185.490,182.560,185.000,974372
2025-09-17 11:30:00,185.160,186.800,184.600,186.300,730390
2025-09-17 13:30:00,186.160,187.500,185.070,187.210,744127
2025-09-17 14:00:00,187.150,188.170,186.610,187.010,467800
2025-09-17 14:30:00,187.010,188.300,186.500,187.040,678870
2025-09-17 15:00:00,187.050,188.320,187.000,187.950,808450
2025-09-18 10:00:00,186.510,190.710,185.000,190.630,2232171
2025-09-18 10:30:00,190.530,192.500,189.600,192.200,1896410
2025-09-18 11:00:00,192.410,193.880,189.240,192.800,1213803
2025-09-18 11:30:00,192.800,196.600,191.220,196.390,1285895
2025-09-18 13:30:00,196.390,201.980,192.730,193.500,2796755
2025-09-18 14:00:00,193.450,200.010,193.450,197.700,1753722
2025-09-18 14:30:00,197.690,199.000,195.150,197.470,1928172
2025-09-18 15:00:00,197.470,198.600,195.760,197.470,2297391
2025-09-19 10:00:00,200.000,201.490,194.610,196.310,3544442
2025-09-19 10:30:00,196.150,197.690,194.680,197.210,1173780
2025-09-19 11:00:00,197.250,197.250,194.470,194.930,873780
2025-09-19 11:30:00,194.980,197.100,194.930,196.020,584498
2025-09-19 13:30:00,196.020,197.000,193.650,193.900,652472
2025-09-19 14:00:00,193.890,194.500,192.890,193.940,660955
2025-09-19 14:30:00,193.980,197.900,193.580,196.860,676270
2025-09-19 15:00:00,196.760,196.940,195.030,195.570,934241
2025-09-22 10:00:00,194.980,203.590,190.080,202.680,2945922
2025-09-22 10:30:00,202.680,208.900,200.180,204.800,2516807
2025-09-22 11:00:00,205.120,212.660,204.800,209.660,1550164
2025-09-22 11:30:00,209.660,211.110,208.000,211.070,721703
2025-09-22 13:30:00,211.000,212.000,208.010,211.970,940029
2025-09-22 14:00:00,211.960,215.000,211.940,212.220,1373338
2025-09-22 14:30:00,212.220,213.000,210.810,212.660,649554
2025-09-22 15:00:00,212.650,215.000,212.650,214.800,1127648
2025-09-23 10:00:00,223.630,227.990,216.000,224.050,5008595
2025-09-23 10:30:00,224.060,225.000,219.770,221.020,1780881
2025-09-23 11:00:00,221.020,227.880,220.570,222.800,1323854
2025-09-23 11:30:00,222.820,225.040,217.570,220.000,997344
2025-09-23 13:30:00,219.990,222.800,214.090,216.420,1868582
2025-09-23 14:00:00,216.430,219.960,214.500,215.560,1785077
2025-09-23 14:30:00,215.580,216.000,211.990,213.120,1472630
2025-09-23 15:00:00,213.590,221.000,213.590,218.920,1414354
2025-09-24 10:00:00,209.500,214.240,204.010,207.930,3593499
2025-09-24 10:30:00,207.920,208.230,204.600,206.990,1546373
2025-09-24 11:00:00,207.000,209.000,206.000,208.870,816712
2025-09-24 11:30:00,208.970,213.000,207.600,211.900,1072968
2025-09-24 13:30:00,211.900,212.180,209.180,210.390,648360
2025-09-24 14:00:00,210.200,211.730,209.020,211.030,620960
2025-09-24 14:30:00,211.030,213.200,210.600,210.930,456720
2025-09-24 15:00:00,210.930,210.990,210.180,210.590,874647
2025-09-25 10:00:00,211.030,211.800,202.000,204.830,2503403
2025-09-25 10:30:00,205.000,210.130,204.710,209.090,1056790
2025-09-25 11:00:00,209.080,213.940,208.500,212.400,1326714
2025-09-25 11:30:00,212.460,213.940,210.910,211.600,555840
2025-09-25 13:30:00,211.600,211.980,209.000,209.120,539008
2025-09-25 14:00:00,209.110,210.470,208.010,210.300,363600
2025-09-25 14:30:00,210.300,211.200,209.310,210.160,353952
2025-09-25 15:00:00,209.930,210.700,208.460,208.510,878923
2025-09-26 10:00:00,209.400,211.580,206.590,206.750,1680221
2025-09-26 10:30:00,206.840,208.120,205.500,206.280,954860
2025-09-26 11:00:00,206.270,211.000,205.860,210.400,725768
2025-09-26 11:30:00,210.390,210.500,207.200,207.850,435300
2025-09-26 13:30:00,207.960,209.400,206.680,209.180,352520
2025-09-26 14:00:00,209.180,210.970,208.650,210.500,985944
2025-09-26 14:30:00,210.480,211.500,208.520,208.870,874220
2025-09-26 15:00:00,208.880,208.910,206.000,206.550,939270
2025-09-29 10:00:00,206.610,209.930,202.600,209.890,2424713
2025-09-29 10:30:00,209.900,215.490,209.600,214.200,1788269
2025-09-29 11:00:00,214.200,216.240,212.700,215.770,820357
2025-09-29 11:30:00,215.780,220.000,215.560,217.690,856511
2025-09-29 13:30:00,217.750,219.440,216.480,217.390,581332
2025-09-29 14:00:00,217.480,219.550,217.390,218.940,527402
2025-09-29 14:30:00,219.000,219.500,218.060,219.000,456720
2025-09-29 15:00:00,219.000,221.290,218.500,221.290,1064276
2025-09-30 10:00:00,229.000,233.680,218.100,219.980,3259787
2025-09-30 10:30:00,219.970,220.590,214.940,216.010,1259050
2025-09-30 11:00:00,216.010,217.270,214.960,215.730,766811
2025-09-30 11:30:00,215.600,216.950,214.800,216.450,549382
2025-09-30 13:30:00,216.450,218.980,215.320,217.570,405760
2025-09-30 14:00:00,217.280,217.330,215.030,215.440,415394
2025-09-30 14:30:00,215.440,217.260,215.050,215.820,469814
2025-09-30 15:00:00,215.800,217.980,215.610,216.640,742047
2025-10-09 10:00:00,228.010,238.300,228.010,238.300,4922739
2025-10-09 10:30:00,238.300,238.300,238.300,238.300,271567
2025-10-09 11:00:00,238.300,238.300,238.300,238.300,108828
2025-10-09 11:30:00,238.300,238.300,238.300,238.300,67094
2025-10-09 13:30:00,238.300,238.300,238.300,238.300,178071
2025-10-09 14:00:00,238.300,238.300,238.300,238.300,122080
2025-10-09 14:30:00,238.300,238.300,234.990,238.070,2112416
2025-10-09 15:00:00,238.070,238.300,237.880,238.300,1420805
2025-10-10 10:00:00,231.150,234.000,216.020,226.000,6088855
2025-10-10 10:30:00,226.000,226.000,218.610,223.000,1987102
2025-10-10 11:00:00,223.110,224.700,218.730,221.300,831986
2025-10-10 11:30:00,221.290,221.310,217.600,218.360,796592
2025-10-10 13:30:00,218.360,218.670,216.500,216.830,685220
2025-10-10 14:00:00,216.830,217.900,216.000,217.870,774056
2025-10-10 14:30:00,217.780,218.300,215.010,215.510,798947
2025-10-10 15:00:00,215.510,217.730,214.980,216.790,968247
2025-10-13 10:00:00,205.010,220.000,205.010,215.670,3702238
2025-10-13 10:30:00,215.480,216.720,213.410,214.210,990328
2025-10-13 11:00:00,214.220,219.360,213.960,218.220,1083456
2025-10-13 11:30:00,218.050,218.060,212.800,212.800,441160
2025-10-13 13:30:00,213.080,214.970,210.700,213.690,416440
2025-10-13 14:00:00,213.710,215.630,213.000,215.590,573968
2025-10-13 14:30:00,215.560,215.600,213.000,213.530,928505
2025-10-13 15:00:00,213.530,215.350,213.370,214.340,705572
2025-10-14 10:00:00,219.000,219.220,208.210,208.300,2991281
2025-10-14 10:30:00,208.300,208.410,201.350,202.180,2302908
2025-10-14 11:00:00,202.180,203.020,200.000,200.660,1395774
2025-10-14 11:30:00,200.620,202.380,198.580,201.330,972460
2025-10-14 13:30:00,201.410,201.480,197.000,200.200,1203616
2025-10-14 14:00:00,200.200,202.980,198.000,198.500,801143
2025-10-14 14:30:00,198.420,198.550,197.000,197.160,817936
2025-10-14 15:00:00,197.170,199.040,194.950,196.600,1275108
2025-10-15 10:00:00,196.510,198.200,192.200,195.650,2143022
2025-10-15 10:30:00,195.730,200.400,195.150,198.350,1491013
2025-10-15 11:00:00,198.400,200.000,195.400,195.810,750300
2025-10-15 11:30:00,195.800,198.800,195.120,197.830,530214
2025-10-15 13:30:00,197.810,202.000,197.000,197.100,1281238
2025-10-15 14:00:00,197.950,198.920,197.000,198.240,627980
2025-10-15 14:30:00,198.240,201.700,198.030,201.330,909106
2025-10-15 15:00:00,201.140,202.000,200.100,202.000,864201
2025-10-16 10:00:00,200.000,205.580,198.500,202.430,2142843
2025-10-16 10:30:00,202.420,205.970,201.810,202.540,1306264
2025-10-16 11:00:00,203.000,207.800,202.200,207.580,881475
2025-10-16 11:30:00,207.580,208.000,203.410,203.410,732800
2025-10-16 13:30:00,203.420,204.020,200.420,200.840,791568
2025-10-16 14:00:00,200.850,202.160,200.450,201.480,712499
2025-10-16 14:30:00,201.490,201.900,200.750,200.920,509930
2025-10-16 15:00:00,200.920,201.940,200.110,201.500,613459
2025-10-17 10:00:00,200.870,201.880,194.260,194.510,2024589
2025-10-17 10:30:00,194.510,201.300,193.000,200.590,1290094
2025-10-17 11:00:00,200.610,200.800,198.730,199.940,619930
2025-10-17 11:30:00,199.940,199.940,198.050,198.050,346520
2025-10-17 13:30:00,198.050,200.500,197.280,200.390,697122
2025-10-17 14:00:00,200.380,200.450,197.800,198.220,493852
2025-10-17 14:30:00,198.220,199.410,196.870,196.890,466081
2025-10-17 15:00:00,196.890,197.550,195.750,196.350,884332
2025-10-20 10:00:00,199.000,203.000,197.170,202.990,2603572
2025-10-20 10:30:00,202.980,205.370,202.000,202.310,1956304
2025-10-20 11:00:00,202.400,203.900,200.000,202.090,1092746
2025-10-20 11:30:00,202.090,202.150,198.560,198.800,514713
2025-10-20 13:30:00,198.800,198.940,194.570,195.140,812347
2025-10-20 14:00:00,195.150,196.460,194.790,194.810,715660
2025-10-20 14:30:00,194.820,195.000,193.350,194.460,766056
2025-10-20 15:00:00,194.170,195.690,193.200,194.970,831099
2025-10-21 10:00:00,196.090,198.220,191.000,196.650,1868010
2025-10-21 10:30:00,196.650,200.750,196.190,200.340,1445794
2025-10-21 11:00:00,200.340,201.580,199.000,200.020,791796
2025-10-21 11:30:00,200.020,201.080,199.230,199.600,593680
2025-10-21 13:30:00,199.820,203.920,199.150,201.000,1091740
2025-10-21 14:00:00,200.990,202.850,198.720,199.700,774090
2025-10-21 14:30:00,199.700,201.970,199.500,201.020,814460
2025-10-21 15:00:00,200.960,201.500,200.070,201.200,928632
2025-10-22 10:00:00,200.890,204.000,198.500,203.170,2141976
2025-10-22 10:30:00,203.100,207.380,202.910,206.060,2076664
2025-10-22 11:00:00,206.060,206.590,202.130,202.380,786946
2025-10-22 11:30:00,202.390,202.570,200.200,200.310,555030
2025-10-22 13:30:00,200.310,204.200,199.800,202.320,570176
2025-10-22 14:00:00,202.330,204.170,201.340,202.810,429171
2025-10-22 14:30:00,202.630,203.390,201.380,201.990,267390
2025-10-22 15:00:00,201.990,202.090,201.000,201.990,413284
2025-10-23 10:00:00,201.970,203.970,194.500,194.710,1697284
2025-10-23 10:30:00,194.710,195.980,193.030,194.210,1192720
2025-10-23 11:00:00,194.280,195.700,191.780,192.330,1428532
2025-10-23 11:30:00,192.210,192.900,190.580,191.140,1590352
2025-10-23 13:30:00,191.000,192.680,191.000,191.700,1072410
2025-10-23 14:00:00,191.730,191.970,190.300,191.410,1403552
2025-10-23 14:30:00,191.410,193.970,191.250,193.360,1321692
2025-10-23 15:00:00,193.430,194.860,192.880,193.710,1010054
2025-10-24 10:00:00,199.000,201.990,197.000,201.520,3470393
2025-10-24 10:30:00,201.600,204.580,200.210,203.700,1881904
2025-10-24 11:00:00,203.700,207.860,203.500,207.480,1593025
2025-10-24 11:30:00,207.480,210.280,207.360,207.720,1348305
2025-10-24 13:30:00,207.730,210.500,207.190,209.670,830998
2025-10-24 14:00:00,209.650,212.990,208.300,212.250,1324199
2025-10-24 14:30:00,212.260,213.080,211.910,213.080,1719595
2025-10-24 15:00:00,213.080,213.080,213.080,213.080,289676
2025-10-27 10:00:00,216.920,220.920,213.800,220.080,5770812
2025-10-27 10:30:00,219.930,222.660,217.550,218.990,2549574
2025-10-27 11:00:00,218.950,221.200,215.160,216.060,1484394
2025-10-27 11:30:00,216.060,221.430,215.420,220.850,1219936
2025-10-27 13:30:00,220.520,220.990,217.590,218.900,1027954
2025-10-27 14:00:00,218.900,220.550,218.570,219.210,932660
2025-10-27 14:30:00,219.190,223.220,219.000,223.220,1694474
2025-10-27 15:00:00,223.210,223.560,220.480,221.070,1560415
2025-10-28 10:00:00,218.030,222.350,218.010,221.780,3203771
2025-10-28 10:30:00,221.780,223.560,220.100,220.920,1214981
2025-10-28 11:00:00,220.920,226.980,220.500,225.490,1658686
2025-10-28 11:30:00,225.310,232.000,225.300,229.200,2231492
2025-10-28 13:30:00,229.620,231.000,222.640,224.040,1274480
2025-10-28 14:00:00,224.040,224.840,221.500,223.780,829222
2025-10-28 14:30:00,223.770,224.800,223.100,223.580,578280
2025-10-28 15:00:00,223.530,225.000,223.420,224.250,889445
2025-10-29 10:00:00,227.400,233.110,224.010,225.430,3078429
2025-10-29 10:30:00,225.430,227.550,220.010,220.560,1348565
2025-10-29 11:00:00,221.000,226.500,220.000,226.050,946866
2025-10-29 11:30:00,226.000,226.580,224.110,225.260,388970
2025-10-29 13:30:00,225.030,227.800,222.750,223.500,585151
2025-10-29 14:00:00,223.510,225.460,222.960,223.060,590030
2025-10-29 14:30:00,223.040,225.580,222.010,225.240,523200
2025-10-29 15:00:00,225.260,227.840,224.260,227.800,1150646
2025-10-30 10:00:00,230.000,243.910,226.000,237.120,6716064
2025-10-30 10:30:00,237.120,237.120,230.500,233.960,1935109
2025-10-30 11:00:00,234.000,239.600,232.300,238.380,1015504
2025-10-30 11:30:00,238.290,238.290,233.130,235.420,586736
2025-10-30 13:30:00,235.300,236.490,231.920,234.390,723306
2025-10-30 14:00:00,234.340,239.280,233.880,239.280,628456
2025-10-30 14:30:00,239.280,239.370,234.100,234.570,657029
2025-10-30 15:00:00,234.560,235.290,233.000,233.440,1212507
2025-10-31 10:00:00,231.440,231.500,220.500,222.180,3441209
2025-10-31 10:30:00,222.200,225.500,217.000,218.110,2021340
2025-10-31 11:00:00,218.110,219.090,215.030,216.030,1554777
2025-10-31 11:30:00,216.030,218.470,214.140,216.670,755720
2025-10-31 13:30:00,216.670,216.790,213.780,214.270,1066270
2025-10-31 14:00:00,214.300,214.980,212.990,214.100,822532
2025-10-31 14:30:00,214.570,216.000,213.600,215.610,637369
2025-10-31 15:00:00,215.680,215.680,213.700,214.480,1113003
2025-11-03 10:00:00,210.000,214.000,206.360,208.040,3602445
2025-11-03 10:30:00,207.970,211.220,206.760,208.730,1305166
2025-11-03 11:00:00,208.770,212.300,207.500,211.690,1105010
2025-11-03 11:30:00,211.700,212.280,210.360,211.810,896542
2025-11-03 13:30:00,211.820,216.550,211.460,216.090,1480566
2025-11-03 14:00:00,215.990,218.440,214.100,218.160,1262871
2025-11-03 14:30:00,218.160,219.580,216.820,218.770,1311739
2025-11-03 15:00:00,218.770,219.600,218.200,218.830,1087823
2025-11-04 10:00:00,221.420,231.120,219.000,227.810,4642238
2025-11-04 10:30:00,228.000,233.990,226.000,230.780,2235988
2025-11-04 11:00:00,230.590,230.870,228.310,229.300,902872
2025-11-04 11:30:00,229.330,229.660,226.340,226.840,581228
2025-11-04 13:30:00,226.700,227.440,224.100,225.890,976822
2025-11-04 14:00:00,225.860,226.880,222.250,222.810,1280020
2025-11-04 14:30:00,222.930,223.600,221.000,221.480,1295926
2025-11-04 15:00:00,221.480,222.900,220.090,222.850,1334848
2025-11-05 10:00:00,213.000,220.720,212.800,216.940,2584322
2025-11-05 10:30:00,216.940,221.380,216.510,219.980,906200
2025-11-05 11:00:00,219.980,220.370,218.150,218.490,410431
2025-11-05 11:30:00,218.500,220.730,218.450,219.910,399901
2025-11-05 13:30:00,220.060,222.800,219.910,220.780,676973
2025-11-05 14:00:00,220.770,224.500,220.620,223.990,672120
2025-11-05 14:30:00,223.990,228.580,223.340,228.030,993919
2025-11-05 15:00:00,228.000,228.130,225.160,226.000,953182
2025-11-06 10:00:00,227.000,235.000,226.000,226.260,3214186
2025-11-06 10:30:00,226.260,228.000,223.000,225.660,1485210
2025-11-06 11:00:00,225.660,230.690,225.480,229.000,1023865
2025-11-06 11:30:00,229.000,229.840,227.000,227.960,414460
2025-11-06 13:30:00,227.950,231.500,227.420,231.000,604318
2025-11-06 14:00:00,231.000,231.190,227.900,230.990,608240
2025-11-06 14:30:00,230.950,231.680,230.260,230.480,564914
2025-11-06 15:00:00,230.480,231.000,229.900,230.500,830194
2025-11-07 10:00:00,226.110,227.890,217.990,218.850,3349622
2025-11-07 10:30:00,218.810,225.000,217.790,224.700,1174449
2025-11-07 11:00:00,224.710,225.490,223.570,225.390,394681
2025-11-07 11:30:00,225.180,226.340,224.100,224.770,352939
2025-11-07 13:30:00,224.780,225.570,223.700,224.870,484000
2025-11-07 14:00:00,224.810,225.650,222.000,222.840,762500
2025-11-07 14:30:00,222.530,223.400,222.310,223.260,451654
2025-11-07 15:00:00,223.130,223.380,222.320,222.760,755930
2025-11-10 10:00:00,224.380,225.300,215.070,217.000,2297438
2025-11-10 10:30:00,217.010,217.020,212.700,215.160,1733261
2025-11-10 11:00:00,215.120,215.880,212.260,212.400,1083340
2025-11-10 11:30:00,212.430,212.600,210.000,210.180,1028093
2025-11-10 13:30:00,210.150,216.880,210.060,216.380,830162
2025-11-10 14:00:00,216.240,218.170,215.220,216.500,750621
2025-11-10 14:30:00,216.500,217.650,215.850,217.050,649760
2025-11-10 15:00:00,217.050,220.000,217.050,218.310,1355718
2025-11-11 10:00:00,221.870,221.870,217.000,218.000,1579172
2025-11-11 10:30:00,218.380,220.340,215.000,215.800,761432
2025-11-11 11:00:00,215.750,216.000,213.000,213.300,635450
2025-11-11 11:30:00,213.120,214.560,213.000,213.800,389500
2025-11-11 13:30:00,213.760,214.290,211.500,212.020,666287
2025-11-11 14:00:00,212.020,213.400,211.880,212.000,472330
2025-11-11 14:30:00,212.200,213.310,211.880,212.710,464860
2025-11-11 15:00:00,212.460,212.710,211.540,212.060,874865
2025-11-12 10:00:00,209.010,209.960,205.050,209.190,2017899
2025-11-12 10:30:00,209.090,213.320,208.510,208.700,1174790
2025-11-12 11:00:00,208.660,209.180,205.230,205.250,858535
2025-11-12 11:30:00,205.250,206.790,204.200,205.630,727300
2025-11-12 13:30:00,205.630,206.270,204.500,205.520,781960
2025-11-12 14:00:00,205.500,207.750,205.060,206.010,631668
2025-11-12 14:30:00,206.050,207.700,205.860,207.360,512494
2025-11-12 15:00:00,207.350,208.510,206.800,207.600,829670
2025-11-13 10:00:00,205.880,209.720,204.000,207.050,2447770
2025-11-13 10:30:00,207.050,208.000,206.310,207.060,932157
2025-11-13 11:00:00,207.060,207.160,205.100,205.560,598785
2025-11-13 11:30:00,205.550,208.500,205.500,208.070,475311
2025-11-13 13:30:00,208.070,208.850,206.010,207.610,540300
2025-11-13 14:00:00,207.640,207.950,206.410,206.720,541480
2025-11-13 14:30:00,206.520,207.070,206.100,206.740,485480
2025-11-13 15:00:00,206.630,207.500,206.500,207.500,616950
2025-11-14 10:00:00,202.600,203.940,198.680,202.000,2413865
2025-11-14 10:30:00,202.000,205.960,201.380,204.100,741030
2025-11-14 11:00:00,204.090,204.580,202.500,202.620,402800
2025-11-14 11:30:00,202.680,203.420,202.000,202.750,245996
2025-11-14 13:30:00,202.750,203.500,201.660,202.200,464660
2025-11-14 14:00:00,202.010,202.600,201.500,202.280,408573
2025-11-14 14:30:00,202.280,202.770,200.990,201.040,607800
2025-11-14 15:00:00,201.170,201.680,200.010,200.320,825230
2025-11-17 10:00:00,202.000,206.580,200.800,203.500,1989030
2025-11-17 10:30:00,203.510,204.240,201.570,201.580,588400
2025-11-17 11:00:00,201.580,202.600,200.920,202.190,400030
2025-11-17 11:30:00,202.190,202.300,200.580,200.770,299400
2025-11-17 13:30:00,200.740,201.540,200.000,201.220,391738
2025-11-17 14:00:00,201.240,201.470,199.510,200.130,357482
2025-11-17 14:30:00,200.130,201.800,199.710,201.000,313890
2025-11-17 15:00:00,200.960,201.680,200.880,201.170,393346
2025-11-18 10:00:00,199.110,205.280,199.000,203.950,1914810
2025-11-18 10:30:00,203.890,205.480,202.320,205.450,908462
2025-11-18 11:00:00,205.450,205.800,202.700,202.820,537520
2025-11-18 11:30:00,202.820,203.530,202.180,203.260,271200
2025-11-18 13:30:00,203.230,203.230,200.880,201.050,492208
2025-11-18 14:00:00,201.010,201.530,200.300,200.360,432202
2025-11-18 14:30:00,200.360,200.400,199.360,200.050,693500
2025-11-18 15:00:00,200.020,200.960,199.770,200.290,605114
2025-11-19 10:00:00,199.080,203.500,199.000,200.470,1702225
2025-11-19 10:30:00,200.700,201.280,199.550,200.370,401300
2025-11-19 11:00:00,200.360,203.000,200.100,200.420,662703
2025-11-19 11:30:00,200.400,201.500,199.670,199.810,255037
2025-11-19 13:30:00,199.800,199.920,197.000,197.100,802200
2025-11-19 14:00:00,197.280,199.900,197.000,199.750,577750
2025-11-19 14:30:00,199.750,200.420,199.000,199.960,370100
2025-11-19 15:00:00,199.980,200.300,199.500,199.960,449447
2025-11-20 10:00:00,207.000,209.000,199.000,200.550,2695047
2025-11-20 10:30:00,200.570,201.300,198.010,198.350,823630
2025-11-20 11:00:00,198.350,199.820,197.620,198.000,617044
2025-11-20 11:30:00,197.970,199.070,197.050,197.800,383130
2025-11-20 13:30:00,197.800,199.300,197.600,198.010,274157
2025-11-20 14:00:00,198.080,199.650,197.560,198.270,380800
2025-11-20 14:30:00,198.260,198.700,198.000,198.180,375060
2025-11-20 15:00:00,198.200,199.120,197.160,197.880,645415
2025-11-21 10:00:00,192.000,194.870,189.420,192.480,2333114
2025-11-21 10:30:00,192.400,193.560,192.000,192.280,696920
2025-11-21 11:00:00,192.200,192.290,190.000,190.170,648241
2025-11-21 11:30:00,190.050,191.180,188.000,190.200,786802
2025-11-21 13:30:00,190.190,192.050,189.580,190.700,511652
2025-11-21 14:00:00,190.690,191.700,189.500,189.810,381070
2025-11-21 14:30:00,189.830,190.580,188.790,188.920,728821
2025-11-21 15:00:00,188.920,189.480,188.100,188.100,1272864
2025-11-24 10:00:00,189.640,192.760,188.570,189.630,1527476
2025-11-24 10:30:00,189.450,189.800,185.170,187.520,1510192
2025-11-24 11:00:00,187.520,188.820,186.170,186.200,410900
2025-11-24 11:30:00,186.400,186.890,184.000,184.300,889140
2025-11-24 13:30:00,184.290,186.380,184.000,186.380,879243
2025-11-24 14:00:00,186.380,188.000,185.620,187.280,777590
2025-11-24 14:30:00,187.280,188.000,186.710,187.940,744910
2025-11-24 15:00:00,187.940,188.500,185.910,187.410,1318824
2025-11-25 10:00:00,191.000,203.630,190.950,201.600,5431550
2025-11-25 10:30:00,201.930,203.500,201.330,203.250,1284142
2025-11-25 11:00:00,203.150,204.800,203.100,203.250,963644
2025-11-25 11:30:00,203.150,204.760,202.700,204.320,629520
2025-11-25 13:30:00,204.310,204.310,201.330,201.480,726190
2025-11-25 14:00:00,201.360,202.360,201.310,202.210,498230
2025-11-25 14:30:00,202.200,202.270,200.170,200.780,491944
2025-11-25 15:00:00,200.800,201.080,200.380,200.880,809395
2025-11-26 10:00:00,198.210,206.880,196.660,206.870,2699168
2025-11-26 10:30:00,206.870,207.140,204.300,206.400,1453464
2025-11-26 11:00:00,206.400,211.200,205.680,210.000,1481570
2025-11-26 11:30:00,210.000,212.890,210.000,211.030,1093138
2025-11-26 13:30:00,211.010,211.230,206.800,207.300,1230130
2025-11-26 14:00:00,207.310,207.350,204.500,204.700,864798
2025-11-26 14:30:00,204.700,206.480,203.780,204.980,714871
2025-11-26 15:00:00,204.980,205.100,204.180,204.850,738586
2025-11-27 10:00:00,203.630,208.500,203.620,207.850,1843367
2025-11-27 10:30:00,207.810,208.180,204.580,204.640,1026273
2025-11-27 11:00:00,204.600,205.000,202.580,202.900,1137990
2025-11-27 11:30:00,202.910,203.960,201.600,202.170,768905
2025-11-27 13:30:00,202.180,202.450,199.380,201.160,982956
2025-11-27 14:00:00,201.160,201.770,198.320,199.050,849994
2025-11-27 14:30:00,199.040,199.100,197.560,197.980,821170
2025-11-27 15:00:00,198.000,198.030,196.800,197.860,1141251
2025-11-28 10:00:00,196.460,198.750,195.680,196.480,1802252
2025-11-28 10:30:00,196.340,196.780,194.140,194.480,1483830
2025-11-28 11:00:00,194.480,195.330,193.520,194.000,1079980
2025-11-28 11:30:00,194.050,195.880,193.910,195.430,1066600
2025-11-28 13:30:00,195.330,196.890,194.290,194.510,831100
2025-11-28 14:00:00,194.510,195.670,194.010,195.190,529487
2025-11-28 14:30:00,195.180,195.360,194.540,195.140,487872
2025-11-28 15:00:00,195.140,195.680,194.930,195.550,990206
2025-12-01 10:00:00,197.300,198.420,191.600,196.350,2143450
2025-12-01 10:30:00,196.490,196.990,194.770,196.290,966850
2025-12-01 11:00:00,196.290,198.370,195.900,196.680,970354
2025-12-01 11:30:00,196.680,198.790,196.000,197.810,668020
2025-12-01 13:30:00,197.900,199.600,196.800,196.830,721900
2025-12-01 14:00:00,196.830,197.410,196.520,197.040,437300
2025-12-01 14:30:00,197.040,197.560,196.740,196.870,411100
2025-12-01 15:00:00,196.860,197.300,196.600,197.100,679972
2025-12-02 10:00:00,197.120,198.960,195.470,196.760,1127360
2025-12-02 10:30:00,196.720,199.500,195.590,197.750,998280
2025-12-02 11:00:00,197.700,199.180,196.680,198.320,803082
2025-12-02 11:30:00,198.570,198.590,197.350,197.540,560300
2025-12-02 13:30:00,197.530,197.640,195.850,196.260,566030
2025-12-02 14:00:00,196.210,197.690,196.130,197.050,293450
2025-12-02 14:30:00,197.050,197.800,196.890,197.180,219430
2025-12-02 15:00:00,197.130,197.590,196.910,197.590,483517
2025-12-03 10:00:00,197.580,200.500,196.600,199.130,1749868
2025-12-03 10:30:00,199.190,200.980,197.000,197.310,1161118
2025-12-03 11:00:00,197.250,197.400,195.630,195.650,742900
2025-12-03 11:30:00,195.650,197.280,194.500,195.170,476350
2025-12-03 13:30:00,195.170,196.980,194.500,196.200,420230
2025-12-03 14:00:00,196.160,196.160,195.000,195.100,354061
2025-12-03 14:30:00,195.080,195.090,193.600,194.110,668770
2025-12-03 15:00:00,194.110,194.990,193.980,194.990,647729
2025-12-04 10:00:00,193.550,195.470,189.450,189.600,1584830
2025-12-04 10:30:00,189.600,193.820,189.580,192.670,852059
2025-12-04 11:00:00,192.670,194.850,192.000,194.280,428800
2025-12-04 11:30:00,194.080,194.460,193.410,194.000,215300
2025-12-04 13:30:00,193.970,194.600,193.100,194.200,233830
2025-12-04 14:00:00,194.190,194.500,193.290,194.160,264300
2025-12-04 14:30:00,194.160,195.750,194.160,195.000,409610
2025-12-04 15:00:00,194.890,195.530,194.890,195.300,499631
2025-12-05 10:00:00,195.550,195.550,185.000,185.010,4181511
2025-12-05 10:30:00,185.010,186.640,182.360,184.410,3389876
2025-12-05 11:00:00,184.410,189.800,184.000,188.930,1867285
2025-12-05 11:30:00,188.960,190.890,188.500,189.650,1227404
2025-12-05 13:30:00,189.700,190.370,188.000,188.800,919688
2025-12-05 14:00:00,188.700,190.270,188.400,190.230,604558
2025-12-05 14:30:00,190.250,190.650,189.330,189.600,521143
2025-12-05 15:00:00,189.560,190.000,189.320,189.950,760802
2025-12-08 10:00:00,190.640,193.430,189.050,191.820,3425100
2025-12-08 10:30:00,191.860,196.980,191.500,195.410,2069766
2025-12-08 11:00:00,195.480,198.380,194.970,196.730,1351450
2025-12-08 11:30:00,196.710,197.960,196.510,197.560,696390
2025-12-08 13:30:00,197.560,198.600,195.800,197.340,927793
2025-12-08 14:00:00,197.500,197.550,195.140,195.680,631087
2025-12-08 14:30:00,195.680,196.590,195.260,196.270,565840
2025-12-08 15:00:00,196.270,196.500,195.700,196.310,803693
2025-12-09 10:00:00,197.300,203.330,197.000,202.900,4234484
2025-12-09 10:30:00,202.810,204.660,200.640,201.150,1792270
2025-12-09 11:00:00,201.250,205.510,201.160,204.960,1817182
2025-12-09 11:30:00,205.000,209.980,204.280,207.260,2156720
2025-12-09 13:30:00,207.230,207.600,202.220,202.590,1381891
2025-12-09 14:00:00,202.570,204.440,202.500,203.210,774051
2025-12-09 14:30:00,203.190,204.200,202.750,204.040,731996
2025-12-09 15:00:00,204.050,206.400,203.390,205.490,1647764
2025-12-10 10:00:00,209.200,216.800,202.200,205.680,7184528
2025-12-10 10:30:00,205.740,209.040,203.700,208.560,2058190
2025-12-10 11:00:00,208.500,209.990,205.660,205.860,1095900
2025-12-10 11:30:00,205.890,206.240,204.550,204.580,661440
2025-12-10 13:30:00,204.570,206.110,202.500,202.830,916940
2025-12-10 14:00:00,202.840,204.490,202.500,203.920,609710
2025-12-10 14:30:00,203.920,206.500,203.810,206.250,752250
2025-12-10 15:00:00,206.250,206.980,205.550,206.150,1059722
2025-12-11 10:00:00,202.210,203.220,197.000,200.900,3530400
2025-12-11 10:30:00,200.750,202.780,199.080,202.330,1176746
2025-12-11 11:00:00,202.450,202.900,200.000,200.120,814135
2025-12-11 11:30:00,200.120,202.200,200.010,200.230,470553
2025-12-11 13:30:00,200.230,200.230,197.570,198.190,1125705
2025-12-11 14:00:00,198.190,198.730,197.680,197.890,685520
2025-12-11 14:30:00,197.930,198.410,197.000,197.080,1005863
2025-12-11 15:00:00,197.080,197.310,193.000,193.740,2593985
2025-12-12 10:00:00,193.630,195.490,187.420,188.680,3241047
2025-12-12 10:30:00,188.680,189.660,186.600,188.840,1477760
2025-12-12 11:00:00,188.840,192.480,188.610,192.110,933452
2025-12-12 11:30:00,192.110,193.830,191.210,192.570,1025849
2025-12-12 13:30:00,192.650,195.500,192.300,194.700,916930
2025-12-12 14:00:00,194.700,195.500,191.930,192.500,896100
2025-12-12 14:30:00,192.370,193.000,191.290,192.650,1077392
2025-12-12 15:00:00,192.640,192.660,191.800,192.280,937975
2025-12-15 10:00:00,191.010,208.780,190.600,206.400,9617939
2025-12-15 10:30:00,206.320,206.850,202.780,203.370,1722970
2025-12-15 11:00:00,203.380,205.050,203.120,204.450,871810
2025-12-15 11:30:00,204.450,204.720,202.550,202.680,660030
2025-12-15 13:30:00,202.700,203.350,200.650,201.060,973260
2025-12-15 14:00:00,201.120,202.790,200.190,202.070,866350
2025-12-15 14:30:00,202.080,202.650,201.410,202.090,684769
2025-12-15 15:00:00,202.090,202.970,201.320,201.780,1173104
2025-12-16 10:00:00,201.800,210.880,201.800,206.630,5204256
2025-12-16 10:30:00,206.620,208.160,203.440,204.920,1469730
2025-12-16 11:00:00,204.990,205.600,202.110,202.940,910960
2025-12-16 11:30:00,203.020,203.630,201.410,202.310,628410
2025-12-16 13:30:00,202.310,203.790,200.000,200.750,804750
2025-12-16 14:00:00,200.750,204.190,200.320,202.970,670620
2025-12-16 14:30:00,202.900,206.600,202.310,203.110,902202
2025-12-16 15:00:00,203.100,203.460,202.100,202.300,772446
2025-12-17 10:00:00,203.640,208.360,199.800,205.050,3556206
2025-12-17 10:30:00,205.050,206.800,202.850,206.760,1088930
2025-12-17 11:00:00,206.650,209.870,206.550,208.110,1758502
2025-12-17 11:30:00,208.110,210.890,208.100,209.600,1363884
2025-12-17 13:30:00,209.250,210.980,208.280,210.230,1356742
2025-12-17 14:00:00,210.220,214.520,209.570,214.500,1632589
2025-12-17 14:30:00,214.500,216.880,213.760,216.500,2035550
2025-12-17 15:00:00,216.060,222.530,215.780,222.530,4488920
2025-12-18 10:00:00,222.000,224.000,216.410,220.260,4680419
2025-12-18 10:30:00,220.250,220.990,216.060,216.420,1865073
2025-12-18 11:00:00,216.450,217.710,215.950,216.800,1165920
2025-12-18 11:30:00,216.740,217.600,215.150,217.040,812325
2025-12-18 13:30:00,216.900,219.800,215.580,219.710,1041606
2025-12-18 14:00:00,219.780,219.800,217.270,218.110,763700
2025-12-18 14:30:00,218.110,218.810,217.100,217.500,665012
2025-12-18 15:00:00,217.540,217.760,216.000,216.680,1223942
2025-12-19 10:00:00,219.080,219.880,213.380,213.580,2700885
2025-12-19 10:30:00,213.570,218.980,212.000,217.760,1889928
2025-12-19 11:00:00,217.660,219.300,214.590,215.540,1438560
2025-12-19 11:30:00,215.540,215.980,214.500,214.810,467976
2025-12-19 13:30:00,214.830,216.510,213.800,213.800,535200
2025-12-19 14:00:00,213.820,213.820,212.680,213.280,608040
2025-12-19 14:30:00,213.270,213.390,212.300,212.880,579237
2025-12-19 15:00:00,212.880,213.000,212.010,212.750,1310489
2025-12-22 10:00:00,223.000,225.180,216.010,218.100,5230345
2025-12-22 10:30:00,218.110,224.990,217.810,222.910,2910257
2025-12-22 11:00:00,222.630,226.180,222.620,224.500,2021135
2025-12-22 11:30:00,224.500,228.210,224.170,225.650,1388112
2025-12-22 13:30:00,225.640,228.360,225.350,227.450,1079132
2025-12-22 14:00:00,227.420,229.000,227.020,227.500,881808
2025-12-22 14:30:00,227.420,228.000,225.750,226.030,757985
2025-12-22 15:00:00,226.030,226.420,225.070,226.000,1064893
2025-12-23 10:00:00,226.020,233.500,226.000,227.590,3836749
2025-12-23 10:30:00,227.590,227.670,223.380,225.480,2191546
2025-12-23 11:00:00,225.480,226.850,225.000,226.500,531106
2025-12-23 11:30:00,226.430,228.080,225.500,226.360,519460
2025-12-23 13:30:00,226.120,226.180,223.810,223.820,431401
2025-12-23 14:00:00,223.820,225.950,223.820,224.150,450236
2025-12-23 14:30:00,224.150,225.000,223.130,223.310,565160
2025-12-23 15:00:00,223.320,224.750,223.000,224.590,690893
2025-12-24 10:00:00,226.040,226.800,219.160,220.050,2356705
2025-12-24 10:30:00,220.050,222.980,219.320,221.890,1140730
2025-12-24 11:00:00,221.770,222.350,220.500,221.930,382600
2025-12-24 11:30:00,221.920,222.720,221.000,222.100,433100
2025-12-24 13:30:00,222.190,229.290,221.520,228.630,1914280
2025-12-24 14:00:00,228.590,232.430,227.600,227.690,1715037
2025-12-24 14:30:00,227.700,229.110,227.650,229.110,742550
2025-12-24 15:00:00,229.070,229.980,229.000,229.290,1206417
2025-12-25 10:00:00,227.000,228.620,222.000,222.040,2084500
2025-12-25 10:30:00,222.020,222.020,219.500,221.450,953580
2025-12-25 11:00:00,221.400,222.020,220.280,221.840,639408
2025-12-25 11:30:00,221.570,222.790,221.000,222.000,424866
2025-12-25 13:30:00,222.000,222.840,221.330,222.800,530221
2025-12-25 14:00:00,222.790,223.200,221.500,222.680,512180
2025-12-25 14:30:00,222.670,223.440,222.530,223.150,509614
2025-12-25 15:00:00,223.150,224.780,222.980,224.500,1082442
2025-12-26 10:00:00,223.100,223.600,219.370,221.590,1611812
2025-12-26 10:30:00,221.650,223.300,221.320,222.700,700546
2025-12-26 11:00:00,222.700,225.290,222.280,223.200,766320
2025-12-26 11:30:00,223.200,224.150,220.450,221.300,499895
2025-12-26 13:30:00,221.250,222.600,220.260,221.760,502296
2025-12-26 14:00:00,221.740,222.000,220.880,221.150,330330
2025-12-26 14:30:00,221.160,221.810,219.820,219.940,674350
2025-12-26 15:00:00,219.980,220.800,219.920,220.380,768831
2025-12-29 10:00:00,223.520,235.880,223.000,228.990,4942695
2025-12-29 10:30:00,228.990,234.000,228.010,232.260,1369682
2025-12-29 11:00:00,232.260,238.120,230.150,237.510,1909965
2025-12-29 11:30:00,237.540,239.390,236.270,236.270,1076286
2025-12-29 13:30:00,236.390,238.000,234.310,235.280,940327
2025-12-29 14:00:00,235.270,236.960,234.530,235.040,578746
2025-12-29 14:30:00,235.040,235.260,233.270,233.290,636068
2025-12-29 15:00:00,233.370,233.990,232.390,233.420,1273695
2025-12-30 10:00:00,234.700,238.500,232.100,235.900,2769831
2025-12-30 10:30:00,235.910,236.010,227.600,228.280,2048167
2025-12-30 11:00:00,228.280,232.250,228.030,232.200,767960
2025-12-30 11:30:00,232.160,238.000,232.000,234.720,1105645
2025-12-30 13:30:00,234.710,235.870,232.360,235.020,726723
2025-12-30 14:00:00,235.030,236.240,234.300,235.310,463519
2025-12-30 14:30:00,235.100,235.300,233.000,233.180,585296
2025-12-30 15:00:00,233.180,233.760,232.100,233.750,906052
2025-12-31 10:00:00,233.930,234.980,229.300,233.890,1279950
2025-12-31 10:30:00,233.970,239.390,233.020,233.020,1584683
2025-12-31 11:00:00,233.060,233.680,230.510,231.470,836780
2025-12-31 11:30:00,231.450,231.850,229.400,229.440,643133
2025-12-31 13:30:00,229.440,233.970,229.380,233.340,587306
2025-12-31 14:00:00,233.300,236.170,232.880,233.000,537524
2025-12-31 14:30:00,232.930,233.640,231.860,232.300,383172
2025-12-31 15:00:00,232.670,233.400,231.370,232.290,634356
2026-01-05 10:00:00,233.240,239.900,231.500,231.970,2309145
2026-01-05 10:30:00,232.390,242.610,232.070,242.480,2114614
2026-01-05 11:00:00,242.390,242.500,238.080,238.470,825332
2026-01-05 11:30:00,238.470,240.000,238.360,239.390,532488
2026-01-05 13:30:00,239.380,239.390,233.720,235.300,866600
2026-01-05 14:00:00,235.160,242.650,234.560,242.470,1084241
2026-01-05 14:30:00,242.560,245.000,242.340,242.910,1479325
2026-01-05 15:00:00,242.900,243.440,241.510,242.420,882636
2026-01-06 10:00:00,240.000,240.930,234.050,236.230,2820172
2026-01-06 10:30:00,236.230,236.530,227.500,229.680,4218050
2026-01-06 11:00:00,229.600,229.900,225.700,227.230,1751113
2026-01-06 11:30:00,227.120,231.900,227.010,230.680,1087350
2026-01-06 13:30:00,230.680,233.430,230.200,232.860,767900
2026-01-06 14:00:00,232.930,234.090,231.580,232.110,668664
2026-01-06 14:30:00,232.010,234.500,231.700,234.440,567390
2026-01-06 15:00:00,234.440,234.530,233.590,234.330,880496
2026-01-07 10:00:00,235.090,246.560,234.630,244.800,4820761
2026-01-07 10:30:00,244.800,249.540,244.240,247.720,2050631
2026-01-07 11:00:00,247.710,247.760,244.290,245.490,716411
2026-01-07 11:30:00,245.490,246.550,243.210,243.300,328122
2026-01-07 13:30:00,243.300,244.000,240.690,240.940,1072758
2026-01-07 14:00:00,240.920,241.510,239.280,240.110,745290
2026-01-07 14:30:00,240.180,242.580,240.120,241.770,487810
2026-01-07 15:00:00,241.780,247.060,241.570,244.300,1526056
2026-01-08 10:00:00,244.020,246.530,238.500,241.870,1501631
2026-01-08 10:30:00,241.880,242.980,240.500,242.050,588250
2026-01-08 11:00:00,242.050,243.080,240.000,240.280,525119
2026-01-08 11:30:00,240.250,240.660,239.000,239.870,544500
2026-01-08 13:30:00,239.780,239.960,237.600,237.710,833180
2026-01-08 14:00:00,237.710,237.810,235.590,235.960,934228
2026-01-08 14:30:00,235.980,236.390,233.810,236.230,941788
2026-01-08 15:00:00,236.040,238.200,235.580,237.000,1005344
2026-01-09 10:00:00,233.330,234.330,225.000,232.520,2535512
2026-01-09 10:30:00,232.520,235.380,231.210,234.460,777980
2026-01-09 11:00:00,234.110,234.990,232.000,233.070,579810
2026-01-09 11:30:00,232.790,236.590,231.270,233.710,848002
2026-01-09 13:30:00,233.710,236.590,233.110,233.450,630140
2026-01-09 14:00:00,233.470,233.790,231.020,232.470,814000
2026-01-09 14:30:00,232.460,233.500,231.200,231.650,777701
2026-01-09 15:00:00,231.650,233.040,231.630,232.250,769397
2026-01-12 10:00:00,231.430,232.010,222.010,225.060,4320961
2026-01-12 10:30:00,225.080,226.200,223.280,223.680,1079917
2026-01-12 11:00:00,223.590,225.770,223.120,225.530,690837
2026-01-12 11:30:00,225.500,225.880,224.100,225.620,591350
2026-01-12 13:30:00,225.620,228.650,224.540,226.510,1235933
2026-01-12 14:00:00,226.540,228.800,226.020,227.480,715753
2026-01-12 14:30:00,227.470,228.500,226.970,228.360,597404
2026-01-12 15:00:00,228.350,228.590,226.240,227.550,872884
2026-01-13 10:00:00,225.030,228.800,222.230,224.440,3483374
2026-01-13 10:30:00,224.110,224.560,220.000,220.800,2244359
2026-01-13 11:00:00,220.780,222.870,219.200,221.870,938852
2026-01-13 11:30:00,221.640,222.400,221.120,221.530,403474
2026-01-13 13:30:00,221.830,222.620,221.000,221.200,402450
2026-01-13 14:00:00,221.200,222.330,219.650,221.810,690406
2026-01-13 14:30:00,221.790,222.080,220.190,221.240,407437
2026-01-13 15:00:00,221.240,221.580,219.550,220.180,802690
2026-01-14 10:00:00,222.000,224.490,219.080,223.080,2298080
2026-01-14 10:30:00,223.130,223.790,219.310,222.380,1302166
2026-01-14 11:00:00,222.250,223.500,220.780,223.000,511880
2026-01-14 11:30:00,222.990,226.880,222.370,225.180,1367012
2026-01-14 13:30:00,225.160,225.600,219.590,222.980,1412564
2026-01-14 14:00:00,223.260,225.890,220.770,220.960,919150
2026-01-14 14:30:00,220.970,222.390,220.490,222.380,547417
2026-01-14 15:00:00,222.380,223.000,221.580,222.820,666720
2026-01-15 10:00:00,220.000,223.800,219.180,222.760,1425290
2026-01-15 10:30:00,222.500,222.990,217.270,217.970,1421160
2026-01-15 11:00:00,217.950,219.700,217.160,219.430,1559088
2026-01-15 11:30:00,219.430,220.680,217.530,218.000,835000
2026-01-15 13:30:00,218.000,220.700,217.850,220.480,877964
2026-01-15 14:00:00,220.480,222.820,220.480,222.300,805590
2026-01-15 14:30:00,222.290,224.860,220.500,222.880,1455010
2026-01-15 15:00:00,222.940,223.500,221.800,222.500,1174556
2026-01-16 10:00:00,225.070,229.500,222.260,223.900,3605174
2026-01-16 10:30:00,223.970,227.580,223.070,227.580,1578242
2026-01-16 11:00:00,227.580,232.770,226.250,232.240,3207128
2026-01-16 11:30:00,232.100,235.310,229.330,229.450,2033200
2026-01-16 13:30:00,229.330,230.000,225.280,227.300,1420880
2026-01-16 14:00:00,227.360,231.060,227.060,229.450,1147400
2026-01-16 14:30:00,229.450,233.000,228.970,232.100,1475520
2026-01-16 15:00:00,232.120,233.660,231.880,232.660,1551277
2026-01-19 10:00:00,229.780,237.000,226.020,234.550,2775619
2026-01-19 10:30:00,234.590,239.480,234.130,235.580,2101297
2026-01-19 11:00:00,235.580,236.900,234.120,235.120,853787
2026-01-19 11:30:00,235.120,235.970,232.790,233.250,644910
2026-01-19 13:30:00,233.280,245.000,233.240,240.130,3280874
2026-01-19 14:00:00,240.140,241.370,238.500,239.180,922356
2026-01-19 14:30:00,239.060,239.780,238.020,239.570,774646
2026-01-19 15:00:00,239.660,239.780,236.620,237.950,1246038
2026-01-20 10:00:00,237.850,244.790,236.010,237.040,3299480
2026-01-20 10:30:00,237.100,239.850,233.180,234.700,1443776
2026-01-20 11:00:00,234.690,238.880,233.430,235.650,872930
2026-01-20 11:30:00,235.580,236.570,232.750,232.830,777156
2026-01-20 13:30:00,232.830,234.500,232.000,234.150,842410
2026-01-20 14:00:00,234.140,235.590,232.600,232.600,714930
2026-01-20 14:30:00,232.620,232.770,228.000,229.880,1458973
2026-01-20 15:00:00,229.840,231.000,228.500,230.880,1438047
2026-01-21 10:00:00,228.900,240.890,228.680,239.240,3873326
2026-01-21 10:30:00,239.350,241.780,238.000,240.300,1508092
2026-01-21 11:00:00,240.240,242.340,238.190,240.090,1125952
2026-01-21 11:30:00,240.090,245.000,239.980,243.360,1772200
2026-01-21 13:30:00,243.360,248.880,243.230,244.240,2061807
2026-01-21 14:00:00,244.200,246.300,243.510,244.810,711702
2026-01-21 14:30:00,244.810,245.790,243.100,245.310,927092
2026-01-21 15:00:00,245.320,247.990,245.320,247.100,1834431
2026-01-22 10:00:00,252.200,262.660,252.100,256.170,5085685
2026-01-22 10:30:00,256.100,257.770,253.300,256.370,1451878
2026-01-22 11:00:00,256.070,258.900,256.000,258.270,789351
2026-01-22 11:30:00,258.210,258.220,254.200,255.370,637661
2026-01-22 13:30:00,255.370,265.660,255.190,264.750,2456674
2026-01-22 14:00:00,264.750,265.000,262.040,263.680,1138277
2026-01-22 14:30:00,263.680,268.020,262.590,266.380,1774860
2026-01-22 15:00:00,266.380,266.390,264.680,266.000,1425503
2026-01-23 10:00:00,264.410,264.990,250.100,250.750,4041980
2026-01-23 10:30:00,251.000,251.800,246.160,246.750,2961681
2026-01-23 11:00:00,246.990,249.550,245.010,246.340,1717019
2026-01-23 11:30:00,246.340,249.950,246.170,246.310,897392
2026-01-23 13:30:00,246.180,248.550,245.600,246.890,1206302
2026-01-23 14:00:00,246.900,249.780,246.200,248.390,1445610
2026-01-23 14:30:00,248.380,248.390,246.280,246.300,1121800
2026-01-23 15:00:00,246.380,247.630,245.600,247.470,1702518
2026-01-26 10:00:00,246.110,247.310,241.300,244.080,2946716
2026-01-26 10:30:00,244.040,245.430,241.800,244.680,1396714
2026-01-26 11:00:00,244.690,245.160,241.800,242.290,859920
2026-01-26 11:30:00,242.300,243.600,242.100,243.020,618000
2026-01-26 13:30:00,243.000,244.680,242.270,242.400,1031400
2026-01-26 14:00:00,242.420,242.940,241.300,241.900,1105130
2026-01-26 14:30:00,241.900,242.520,241.260,241.830,722565
2026-01-26 15:00:00,241.760,242.150,241.300,241.500,1128034
2026-01-27 10:00:00,241.500,247.000,237.200,246.000,2734376
2026-01-27 10:30:00,245.990,260.650,245.380,258.330,4397013
2026-01-27 11:00:00,258.330,262.590,256.100,256.140,1576234
2026-01-27 11:30:00,256.100,258.990,254.780,257.800,727200
2026-01-27 13:30:00,257.750,259.080,255.510,255.910,904745
2026-01-27 14:00:00,255.910,256.850,254.000,255.520,952024
2026-01-27 14:30:00,255.210,255.840,254.450,255.240,732836
2026-01-27 15:00:00,255.220,255.290,253.480,253.940,964112
2026-01-28 10:00:00,253.940,255.880,245.100,248.610,4768128
2026-01-28 10:30:00,248.610,249.400,244.280,244.860,1634904
2026-01-28 11:00:00,245.490,247.980,244.500,245.780,929153
2026-01-28 11:30:00,245.760,249.980,245.160,249.430,845820
2026-01-28 13:30:00,249.430,252.600,248.000,250.450,958423
2026-01-28 14:00:00,250.170,250.840,248.320,248.580,651470
2026-01-28 14:30:00,248.620,250.550,248.000,248.780,745400
2026-01-28 15:00:00,248.780,249.000,246.490,247.000,1391660
2026-01-29 10:00:00,249.000,249.280,236.200,236.400,3959503
2026-01-29 10:30:00,236.400,238.400,234.030,237.370,2341349
2026-01-29 11:00:00,237.350,240.860,236.600,238.710,943451
2026-01-29 11:30:00,238.790,240.000,235.220,235.700,684495
2026-01-29 13:30:00,235.700,236.330,233.320,234.360,1616576
2026-01-29 14:00:00,234.370,234.600,232.500,233.480,1544085
2026-01-29 14:30:00,233.480,234.980,232.800,232.800,1050193
2026-01-29 15:00:00,232.900,233.280,231.000,231.960,2025426
2026-01-30 10:00:00,229.290,232.570,227.010,230.200,2143000
2026-01-30 10:30:00,230.200,232.050,226.410,226.540,1321500
2026-01-30 11:00:00,226.510,232.880,225.160,232.680,1466169
2026-01-30 11:30:00,232.780,234.870,232.000,234.650,1147403
2026-01-30 13:30:00,234.560,238.830,234.130,234.880,1564905
2026-01-30 14:00:00,234.620,235.500,233.010,234.170,1036350
2026-01-30 14:30:00,234.150,235.080,233.290,233.880,822908
2026-01-30 15:00:00,233.830,234.370,233.540,233.600,862494
2026-02-02 10:00:00,230.810,239.280,230.210,237.900,2760317
2026-02-02 10:30:00,238.050,238.080,233.260,234.310,992390
2026-02-02 11:00:00,234.290,234.620,230.500,230.650,998728
2026-02-02 11:30:00,230.670,233.820,230.300,230.390,875944
2026-02-02 13:30:00,230.380,232.180,229.270,230.860,910800
2026-02-02 14:00:00,230.860,233.500,230.600,233.000,898858
2026-02-02 14:30:00,232.980,234.600,232.790,233.580,890200
2026-02-02 15:00:00,233.580,234.230,230.260,230.500,1099134
2026-02-03 10:00:00,233.010,237.550,230.900,232.870,2758798
2026-02-03 10:30:00,232.870,232.980,228.300,228.980,1797642
2026-02-03 11:00:00,228.990,229.790,226.380,227.280,1143527
2026-02-03 11:30:00,227.360,230.660,227.100,229.830,786298
2026-02-03 13:30:00,229.830,233.000,229.500,232.200,1135526
2026-02-03 14:00:00,232.200,233.580,231.830,232.800,789290
2026-02-03 14:30:00,232.810,233.390,232.080,233.100,680282
2026-02-03 15:00:00,233.100,233.330,232.010,232.380,896974
2026-02-04 10:00:00,229.010,236.360,226.000,228.820,2697066
2026-02-04 10:30:00,228.830,229.830,227.200,228.630,692921
2026-02-04 11:00:00,228.620,229.380,227.000,227.120,433521
2026-02-04 11:30:00,227.120,227.460,225.840,226.980,667246
2026-02-04 13:30:00,226.980,228.650,226.510,227.660,704360
2026-02-04 14:00:00,227.540,228.570,227.140,227.600,459550
2026-02-04 14:30:00,227.610,228.730,227.430,228.360,461465
2026-02-04 15:00:00,228.360,230.450,228.340,230.000,870475
2026-02-05 10:00:00,225.450,229.500,223.690,224.620,1301581
2026-02-05 10:30:00,224.600,227.900,224.010,226.480,943600
2026-02-05 11:00:00,226.350,229.220,226.350,227.630,622220
2026-02-05 11:30:00,227.580,228.600,225.100,225.340,359216
2026-02-05 13:30:00,225.330,226.930,224.500,225.360,434910
2026-02-05 14:00:00,225.360,226.500,224.800,225.600,403890
2026-02-05 14:30:00,225.610,225.970,225.000,225.440,394730
2026-02-05 15:00:00,225.410,226.310,225.000,225.250,647530
2026-02-06 10:00:00,223.230,225.000,221.750,222.970,1283316
2026-02-06 10:30:00,223.190,231.630,222.400,229.720,2057163
2026-02-06 11:00:00,230.000,246.660,230.000,246.200,6311759
2026-02-06 11:30:00,246.040,247.780,245.820,247.780,4434012
2026-02-06 13:30:00,247.780,247.780,247.780,247.780,577400
2026-02-06 14:00:00,247.780,247.780,246.100,247.780,1754938
2026-02-06 14:30:00,247.780,247.780,245.600,246.400,2411472
2026-02-06 15:00:00,246.390,246.790,243.020,243.470,2494694
2026-02-09 10:00:00,248.000,249.970,240.000,246.440,6896002
2026-02-09 10:30:00,246.500,246.670,241.600,241.970,1768695
2026-02-09 11:00:00,241.930,244.490,240.110,243.900,1448362
2026-02-09 11:30:00,243.890,246.320,243.750,245.070,1299952
2026-02-09 13:30:00,245.080,248.660,245.070,246.490,1292986
2026-02-09 14:00:00,246.550,246.660,243.020,244.000,1340850
2026-02-09 14:30:00,244.220,244.350,243.370,243.510,751569
2026-02-09 15:00:00,243.500,246.180,243.450,246.050,1388404
2026-02-10 10:00:00,247.000,254.740,246.500,249.700,3437943
2026-02-10 10:30:00,249.700,252.140,248.300,248.890,1218055
2026-02-10 11:00:00,248.880,249.570,247.880,248.660,606438
2026-02-10 11:30:00,248.610,248.790,246.880,248.140,650488
2026-02-10 13:30:00,248.010,249.800,247.560,249.130,611930
2026-02-10 14:00:00,249.140,249.370,247.130,247.200,478768
2026-02-10 14:30:00,247.200,247.960,246.820,247.380,661308
2026-02-10 15:00:00,247.420,247.680,246.660,246.690,992564
2026-02-11 10:00:00,246.350,247.500,238.100,238.870,2027565
2026-02-11 10:30:00,238.870,243.850,238.000,242.320,859953
2026-02-11 11:00:00,242.100,243.450,241.430,241.610,518230
2026-02-11 11:30:00,241.620,243.000,241.110,242.100,294110
2026-02-11 13:30:00,242.120,243.240,241.000,242.690,424550
2026-02-11 14:00:00,242.830,242.830,241.360,241.940,506146
2026-02-11 14:30:00,241.920,242.420,241.500,241.780,365100
2026-02-11 15:00:00,241.780,242.150,241.100,241.460,699307
2026-02-12 10:00:00,240.000,243.680,237.310,238.990,2016500
2026-02-12 10:30:00,238.990,239.350,234.350,234.890,1756701
2026-02-12 11:00:00,234.940,236.080,233.370,236.060,964330
2026-02-12 11:30:00,236.070,238.220,235.530,238.170,550871
2026-02-12 13:30:00,238.170,239.100,234.780,235.780,640768
2026-02-12 14:00:00,235.870,236.300,235.230,235.750,492800
2026-02-12 14:30:00,235.760,236.980,235.370,236.960,588950
2026-02-12 15:00:00,236.950,238.100,236.700,237.210,1222159
2026-02-13 10:00:00,235.000,239.800,234.860,236.770,1451669
2026-02-13 10:30:00,236.750,237.940,235.380,236.080,498900
2026-02-13 11:00:00,236.080,242.940,235.500,242.150,1680430
2026-02-13 11:30:00,242.120,242.480,237.570,237.690,682800
2026-02-13 13:30:00,237.590,238.030,236.360,236.390,392838
2026-02-13 14:00:00,236.390,238.090,236.120,236.910,730052
2026-02-13 14:30:00,236.920,237.330,235.660,236.070,495800
2026-02-13 15:00:00,236.060,236.520,235.000,235.000,850118
2026-02-24 10:00:00,241.070,258.220,240.010,257.320,6314614
2026-02-24 10:30:00,257.100,258.500,255.280,258.500,3523281
2026-02-24 11:00:00,258.500,258.500,255.880,257.260,849790
2026-02-24 11:30:00,257.290,258.500,257.290,258.500,705261
2026-02-24 13:30:00,258.500,258.500,257.780,257.890,1049240
2026-02-24 14:00:00,257.890,258.500,257.580,258.480,817209
2026-02-24 14:30:00,258.480,258.500,257.750,258.500,624302
2026-02-24 15:00:00,258.500,258.500,258.140,258.500,373715
2026-02-25 10:00:00,260.000,267.890,259.340,260.180,4697495
2026-02-25 10:30:00,260.450,263.090,259.380,259.450,1251374
2026-02-25 11:00:00,259.650,261.250,257.420,260.410,1203044
2026-02-25 11:30:00,260.600,264.890,259.460,264.760,820619
2026-02-25 13:30:00,264.800,265.000,261.510,263.560,824310
2026-02-25 14:00:00,263.560,265.220,263.250,263.520,790414
2026-02-25 14:30:00,263.520,265.020,262.020,262.510,667428
2026-02-25 15:00:00,262.590,263.760,261.530,263.760,1198397
2026-02-26 10:00:00,266.070,279.000,259.880,278.320,4556480
2026-02-26 10:30:00,278.320,289.970,277.700,286.530,3733926
2026-02-26 11:00:00,286.580,290.140,286.530,290.140,1836632
2026-02-26 11:30:00,290.140,290.140,290.140,290.140,133187
2026-02-26 13:30:00,290.140,290.140,290.140,290.140,130144
2026-02-26 14:00:00,290.140,290.140,290.140,290.140,402048
2026-02-26 14:30:00,290.140,290.140,288.880,290.140,1713177
2026-02-26 15:00:00,290.140,290.140,290.130,290.140,593513
2026-02-27 10:00:00,284.000,288.200,276.810,278.800,5156056
2026-02-27 10:30:00,278.810,284.550,278.800,282.560,1707873
2026-02-27 11:00:00,282.540,283.000,280.000,280.720,682050
2026-02-27 11:30:00,280.660,283.180,278.900,279.000,661300
2026-02-27 13:30:00,279.000,286.280,279.000,286.000,1140356
2026-02-27 14:00:00,286.270,286.720,284.000,284.500,776600
2026-02-27 14:30:00,284.590,285.850,284.060,285.430,728640
2026-02-27 15:00:00,285.470,285.850,284.010,285.460,1387969
2026-03-02 10:00:00,278.580,291.880,278.580,285.050,3353753
2026-03-02 10:30:00,285.030,287.350,282.300,283.140,1458680
2026-03-02 11:00:00,283.140,283.710,280.000,281.430,954900
2026-03-02 11:30:00,281.430,283.180,279.610,280.710,749579
2026-03-02 13:30:00,280.710,284.300,280.380,282.900,947319
2026-03-02 14:00:00,282.900,290.350,282.600,288.670,1708156
2026-03-02 14:30:00,288.670,295.660,288.070,289.990,2444330
2026-03-02 15:00:00,289.990,290.560,288.000,289.770,1054338
2026-03-03 10:00:00,289.800,290.950,279.800,280.710,2798469
2026-03-03 10:30:00,280.350,280.860,274.280,278.860,2670730
2026-03-03 11:00:00,278.720,279.550,276.660,279.370,660360
2026-03-03 11:30:00,279.380,280.810,276.980,278.480,516800
2026-03-03 13:30:00,278.330,278.330,274.010,274.100,706865
2026-03-03 14:00:00,274.090,275.570,272.640,273.520,959660
2026-03-03 14:30:00,273.520,273.990,271.000,273.700,767875
2026-03-03 15:00:00,273.700,273.900,270.280,270.950,888263
2026-03-04 10:00:00,269.000,273.260,265.200,266.010,2330352
2026-03-04 10:30:00,266.020,274.500,265.260,269.790,1136337
2026-03-04 11:00:00,269.750,271.790,267.900,269.560,548548
2026-03-04 11:30:00,269.620,271.300,267.700,268.450,379998
2026-03-04 13:30:00,268.490,270.960,266.890,268.600,568324
2026-03-04 14:00:00,268.590,270.120,267.600,267.700,346672
2026-03-04 14:30:00,267.720,268.520,266.780,267.380,420940
2026-03-04 15:00:00,267.380,268.260,267.000,267.900,720376
2026-03-05 10:00:00,274.800,275.400,267.080,274.270,2310316
2026-03-05 10:30:00,274.280,280.440,273.380,279.470,2132289
2026-03-05 11:00:00,279.160,279.880,273.100,274.630,1275751
2026-03-05 11:30:00,274.750,275.220,272.200,272.300,539430
2026-03-05 13:30:00,272.310,272.590,269.380,269.810,555700
2026-03-05 14:00:00,269.810,269.930,266.700,267.050,939268
2026-03-05 14:30:00,267.050,267.460,265.200,267.260,744438
2026-03-05 15:00:00,267.270,268.180,265.880,268.160,737614
2026-03-06 10:00:00,266.110,268.130,259.600,261.200,1914314
2026-03-06 10:30:00,261.150,264.370,261.060,264.170,595345
2026-03-06 11:00:00,264.220,265.880,263.800,264.100,393838
2026-03-06 11:30:00,264.080,266.390,264.030,266.090,358186
2026-03-06 13:30:00,266.000,268.960,264.910,265.220,658319
2026-03-06 14:00:00,265.220,266.200,263.000,263.510,614158
2026-03-06 14:30:00,263.450,263.830,262.530,262.660,478974
2026-03-06 15:00:00,262.650,264.000,262.130,263.780,688778
2026-03-09 10:00:00,250.600,250.600,241.300,242.500,4395601
2026-03-09 10:30:00,242.500,246.670,241.200,241.290,1330588
2026-03-09 11:00:00,241.290,245.270,240.660,244.920,1039774
2026-03-09 11:30:00,244.930,246.660,244.510,245.000,690143
2026-03-09 13:30:00,245.000,252.000,244.380,250.780,949929
2026-03-09 14:00:00,250.770,254.680,250.650,253.550,848124
2026-03-09 14:30:00,253.560,257.780,253.560,255.710,942010
2026-03-09 15:00:00,255.400,258.480,254.600,255.100,751822
2026-03-10 10:00:00,260.610,267.750,260.120,264.420,3193732
2026-03-10 10:30:00,264.340,264.990,260.940,261.030,1037274
2026-03-10 11:00:00,261.010,263.500,260.770,260.880,734836
2026-03-10 11:30:00,260.850,261.320,259.000,259.200,705765
2026-03-10 13:30:00,259.200,263.450,259.030,262.700,795571
2026-03-10 14:00:00,262.700,263.880,262.000,262.680,505000
2026-03-10 14:30:00,262.660,263.400,262.250,263.230,538800
2026-03-10 15:00:00,263.250,264.260,262.990,263.660,964065
2026-03-11 10:00:00,263.000,266.900,261.010,261.160,2023059
2026-03-11 10:30:00,261.500,264.890,260.640,263.880,916903
2026-03-11 11:00:00,263.880,265.500,262.320,262.370,985141
2026-03-11 11:30:00,262.410,262.920,259.080,260.100,1135244
2026-03-11 13:30:00,260.060,260.300,258.650,258.720,780200
2026-03-11 14:00:00,258.740,259.510,258.000,258.600,631400
2026-03-11 14:30:00,258.550,259.420,258.300,259.130,514000
2026-03-11 15:00:00,259.160,260.980,258.500,259.600,763090
2026-03-12 10:00:00,258.000,263.000,255.800,257.940,1625440
2026-03-12 10:30:00,257.950,257.950,255.100,255.610,851160
2026-03-12 11:00:00,255.620,255.880,252.110,252.430,845030
2026-03-12 11:30:00,252.430,253.020,251.290,251.700,911871
2026-03-12 13:30:00,251.670,252.150,249.500,249.570,745442
2026-03-12 14:00:00,249.580,253.390,249.560,252.980,487300
2026-03-12 14:30:00,252.810,253.500,251.880,252.500,431592
2026-03-12 15:00:00,252.520,253.240,251.680,252.610,926367
2026-03-13 10:00:00,250.000,253.520,243.500,246.750,2887220
2026-03-13 10:30:00,246.880,248.580,244.410,248.410,1323010
2026-03-13 11:00:00,248.400,249.770,245.430,246.220,792460
2026-03-13 11:30:00,246.220,246.780,245.000,245.220,526300
2026-03-13 13:30:00,245.220,249.320,245.170,246.600,673540
2026-03-13 14:00:00,246.510,256.380,246.250,253.290,2582092
2026-03-13 14:30:00,253.290,253.320,250.120,250.200,789100
2026-03-13 15:00:00,250.200,250.530,248.880,250.230,815149
2026-03-16 10:00:00,248.230,249.300,243.510,246.020,2439690
2026-03-16 10:30:00,246.030,246.040,244.100,245.650,795700
2026-03-16 11:00:00,245.440,245.710,243.790,245.450,637400
2026-03-16 11:30:00,245.450,245.720,243.800,245.040,416600
2026-03-16 13:30:00,245.040,251.500,245.040,251.350,1486137
2026-03-16 14:00:00,251.350,253.980,249.550,253.460,1540136
2026-03-16 14:30:00,253.460,256.400,252.550,256.020,1803903
2026-03-16 15:00:00,256.020,256.500,254.220,256.000,1639971
2026-03-17 10:00:00,263.660,268.300,260.540,265.950,7933378
2026-03-17 10:30:00,265.950,266.640,257.700,258.220,1979287
2026-03-17 11:00:00,258.220,261.900,258.200,259.570,764501
2026-03-17 11:30:00,259.590,260.580,258.600,260.020,503494
2026-03-17 13:30:00,260.120,260.700,257.960,258.500,738125
2026-03-17 14:00:00,258.650,259.820,257.000,258.360,601312
2026-03-17 14:30:00,258.270,259.220,256.000,256.060,827008
2026-03-17 15:00:00,256.010,256.570,254.000,254.400,1212427
2026-03-18 10:00:00,259.790,264.780,251.080,260.900,4502772
2026-03-18 10:30:00,260.900,263.500,258.710,260.790,1299695
2026-03-18 11:00:00,260.390,261.980,257.570,257.700,554478
2026-03-18 11:30:00,257.790,261.880,257.700,261.740,749849
2026-03-18 13:30:00,261.740,262.960,256.550,257.180,1024324
2026-03-18 14:00:00,257.180,259.400,257.000,258.260,642187
2026-03-18 14:30:00,258.350,262.620,258.260,262.600,1019428
2026-03-18 15:00:00,262.620,265.660,261.000,264.930,2227768
2026-03-19 10:00:00,255.000,258.100,248.570,249.630,4733792
2026-03-19 10:30:00,249.780,252.000,248.000,252.000,1899029
2026-03-19 11:00:00,252.000,255.770,251.590,252.900,1040028
2026-03-19 11:30:00,252.870,254.550,252.150,252.610,363298
2026-03-19 13:30:00,252.530,252.980,249.180,250.060,830789
2026-03-19 14:00:00,249.980,252.880,249.880,251.200,526700
2026-03-19 14:30:00,251.190,251.820,249.000,249.120,743850
2026-03-19 15:00:00,249.120,250.010,248.000,249.990,1220220
2026-03-20 10:00:00,251.820,256.770,248.010,254.590,3100198
2026-03-20 10:30:00,254.580,255.370,252.100,253.710,938700
2026-03-20 11:00:00,253.710,255.580,251.090,251.410,774000
2026-03-20 11:30:00,251.260,253.960,250.510,253.310,503315
2026-03-20 13:30:00,253.490,254.480,252.010,252.700,589400
2026-03-20 14:00:00,252.700,252.750,250.800,251.650,530730
2026-03-20 14:30:00,251.650,252.500,251.200,251.390,423740
2026-03-20 15:00:00,251.390,251.390,249.600,249.680,1021242
2026-03-23 10:00:00,239.000,240.500,230.010,239.850,4499060
2026-03-23 10:30:00,239.850,241.030,236.680,236.850,991531
2026-03-23 11:00:00,236.850,238.330,235.930,237.940,360500
2026-03-23 11:30:00,237.940,238.930,236.060,236.390,290575
2026-03-23 13:30:00,236.390,239.890,236.000,238.840,719179
2026-03-23 14:00:00,238.850,240.400,235.600,236.990,528757
2026-03-23 14:30:00,236.930,237.130,233.200,236.260,527946
2026-03-23 15:00:00,236.340,236.400,232.950,233.490,778978
2026-03-24 10:00:00,236.810,236.990,230.500,232.000,1974489
2026-03-24 10:30:00,232.040,232.580,228.090,232.580,1070124
2026-03-24 11:00:00,232.500,234.700,231.860,232.520,531900
2026-03-24 11:30:00,232.520,232.970,231.000,231.600,323446
2026-03-24 13:30:00,231.630,231.860,228.360,228.450,630551
2026-03-24 14:00:00,228.460,231.000,228.450,230.200,427170
2026-03-24 14:30:00,230.200,233.990,230.170,233.770,575040
2026-03-24 15:00:00,233.770,235.150,233.760,235.030,907163
2026-03-25 10:00:00,237.880,244.380,237.880,242.670,2817627
2026-03-25 10:30:00,242.690,246.990,242.690,244.630,1855162
2026-03-25 11:00:00,244.530,244.530,242.000,242.210,726252
2026-03-25 11:30:00,242.210,242.500,240.230,241.230,573889
2026-03-25 13:30:00,241.250,242.040,240.160,241.900,570713
2026-03-25 14:00:00,241.900,241.930,240.000,240.000,463530
2026-03-25 14:30:00,240.000,240.130,239.000,239.060,526099
2026-03-25 15:00:00,239.060,239.680,237.000,237.990,1286587
2026-03-26 10:00:00,236.600,239.500,235.580,238.190,1317474
2026-03-26 10:30:00,238.190,239.820,237.230,237.230,762600
2026-03-26 11:00:00,237.230,238.020,236.580,237.280,413200
2026-03-26 11:30:00,237.280,239.490,236.840,238.650,404800
2026-03-26 13:30:00,238.610,238.650,233.680,233.830,1135600
2026-03-26 14:00:00,233.840,234.710,233.000,233.050,741666
2026-03-26 14:30:00,233.060,234.170,232.220,232.590,694571
2026-03-26 15:00:00,232.620,233.500,231.780,232.300,986161
2026-03-27 10:00:00,226.070,228.900,224.000,227.660,2109622
2026-03-27 10:30:00,227.780,231.440,226.850,231.390,913240
2026-03-27 11:00:00,231.430,233.520,230.780,232.530,900214
2026-03-27 11:30:00,232.530,236.650,232.490,235.230,986842
2026-03-27 13:30:00,235.230,237.230,234.520,234.800,832939
2026-03-27 14:00:00,234.720,235.490,232.940,233.000,532390
2026-03-27 14:30:00,233.060,233.830,232.000,232.320,673284
2026-03-27 15:00:00,232.340,233.200,232.230,233.180,625178
2026-03-30 10:00:00,228.990,230.190,221.630,221.700,3632600
2026-03-30 10:30:00,221.700,222.480,218.500,219.970,2977584
2026-03-30 11:00:00,219.910,224.170,219.800,222.290,806109
2026-03-30 11:30:00,222.310,225.370,222.230,225.250,623567
2026-03-30 13:30:00,225.250,226.580,224.230,225.430,639180
2026-03-30 14:00:00,225.430,226.380,224.000,226.000,547557
2026-03-30 14:30:00,225.980,226.540,225.660,225.800,491833
2026-03-30 15:00:00,225.790,225.940,225.400,225.580,716552
2026-03-31 10:00:00,225.170,225.310,220.330,224.960,2415647
2026-03-31 10:30:00,225.030,225.320,223.160,224.270,1056236
2026-03-31 11:00:00,224.270,224.270,220.560,220.560,853400
2026-03-31 11:30:00,220.560,220.560,217.930,217.930,1204010
2026-03-31 13:30:00,217.930,221.030,217.680,221.030,845485
2026-03-31 14:00:00,221.030,223.220,220.800,221.670,547100
2026-03-31 14:30:00,221.670,221.670,219.390,220.150,624771
2026-03-31 15:00:00,220.250,220.800,219.200,219.510,1052632
2026-04-01 10:00:00,225.800,229.550,223.880,226.880,3764491
2026-04-01 10:30:00,226.880,228.890,225.500,225.510,1332477
2026-04-01 11:00:00,225.510,227.990,225.340,227.160,728785
2026-04-01 11:30:00,227.160,227.330,226.220,226.300,402306
2026-04-01 13:30:00,226.300,231.000,225.820,230.940,1775180
2026-04-01 14:00:00,230.940,231.700,228.120,228.350,862400
2026-04-01 14:30:00,228.320,230.660,228.300,230.630,839045
2026-04-01 15:00:00,230.640,231.500,230.060,231.000,1179062
2026-04-02 10:00:00,228.340,229.000,224.350,224.350,2329630
2026-04-02 10:30:00,224.350,225.000,221.510,221.640,1629500
2026-04-02 11:00:00,221.630,222.040,220.100,220.890,1067441
2026-04-02 11:30:00,220.810,222.100,220.500,220.610,488200
2026-04-02 13:30:00,220.610,220.620,218.550,219.050,1215778
2026-04-02 14:00:00,219.050,219.300,218.070,218.070,631500
2026-04-02 14:30:00,218.080,219.940,218.000,219.010,786935
2026-04-02 15:00:00,218.990,219.120,218.000,219.000,1000109
