date,open,high,low,close,volume
2025-03-27 14:30:00,23.040,23.100,23.010,23.010,13380113
2025-03-27 15:00:00,23.020,23.030,22.950,22.980,29785239
2025-03-28 10:00:00,23.040,23.110,22.900,22.940,39312064
2025-03-28 10:30:00,22.950,23.050,22.930,22.980,16557387
2025-03-28 11:00:00,22.980,23.000,22.920,22.950,12426144
2025-03-28 11:30:00,22.950,23.060,22.920,22.980,14671120
2025-03-28 13:30:00,22.980,23.000,22.920,22.930,11909410
2025-03-28 14:00:00,22.930,23.180,22.910,23.110,38861124
2025-03-28 14:30:00,23.100,23.120,23.030,23.060,14558602
2025-03-28 15:00:00,23.070,23.070,22.980,23.000,30518033
2025-03-31 10:00:00,22.820,22.980,22.470,22.790,86936606
2025-03-31 10:30:00,22.790,22.860,22.590,22.590,24134814
2025-03-31 11:00:00,22.590,22.680,22.550,22.600,18841948
2025-03-31 11:30:00,22.600,22.650,22.450,22.460,31244675
2025-03-31 13:30:00,22.450,22.600,22.410,22.480,22755489
2025-03-31 14:00:00,22.490,22.550,22.430,22.440,16715841
2025-03-31 14:30:00,22.440,22.660,22.390,22.570,29769569
2025-03-31 15:00:00,22.570,22.640,22.560,22.580,31414630
2025-04-01 10:00:00,22.680,22.730,22.520,22.660,41773910
2025-04-01 10:30:00,22.670,22.780,22.630,22.670,33429398
2025-04-01 11:00:00,22.670,22.700,22.610,22.620,17238805
2025-04-01 11:30:00,22.610,22.660,22.590,22.640,12270455
2025-04-01 13:30:00,22.630,22.650,22.180,22.270,81029091
2025-04-01 14:00:00,22.280,22.290,22.150,22.210,45526324
2025-04-01 14:30:00,22.220,22.290,22.150,22.270,27112890
2025-04-01 15:00:00,22.270,22.340,22.180,22.200,39538760
2025-04-02 10:00:00,22.200,22.610,22.150,22.540,80270636
2025-04-02 10:30:00,22.530,22.650,22.480,22.560,39771375
2025-04-02 11:00:00,22.560,22.570,22.500,22.530,15027562
2025-04-02 11:30:00,22.530,22.590,22.500,22.550,13281486
2025-04-02 13:30:00,22.540,22.560,22.410,22.450,19565412
2025-04-02 14:00:00,22.450,22.460,22.360,22.380,14924391
2025-04-02 14:30:00,22.380,22.440,22.370,22.400,12839865
2025-04-02 15:00:00,22.400,22.460,22.370,22.440,27819867
2025-04-03 10:00:00,22.190,22.650,22.170,22.530,73759448
2025-04-03 10:30:00,22.530,22.620,22.460,22.590,25880712
2025-04-03 11:00:00,22.590,22.590,22.440,22.460,12293180
2025-04-03 11:30:00,22.460,22.490,22.320,22.370,14545123
2025-04-03 13:30:00,22.380,22.440,22.280,22.330,15111769
2025-04-03 14:00:00,22.330,22.480,22.320,22.450,15440828
2025-04-03 14:30:00,22.450,22.530,22.420,22.460,13656419
2025-04-03 15:00:00,22.460,22.480,22.430,22.450,22744497
2025-04-07 10:00:00,21.000,21.450,19.340,20.480,300547615
2025-04-07 10:30:00,20.480,20.550,20.150,20.330,63732649
2025-04-07 11:00:00,20.330,20.490,20.230,20.260,37174747
2025-04-07 11:30:00,20.250,20.280,19.900,19.990,44211725
2025-04-07 13:30:00,20.000,20.090,19.700,19.930,61007042
2025-04-07 14:00:00,19.920,20.000,19.600,19.600,62070560
2025-04-07 14:30:00,19.600,19.610,18.180,18.930,158145207
2025-04-07 15:00:00,18.930,20.090,18.910,19.330,115220858
2025-04-08 10:00:00,19.660,20.150,19.580,19.900,235058673
2025-04-08 10:30:00,19.900,19.970,19.790,19.800,52284322
2025-04-08 11:00:00,19.800,19.890,19.680,19.710,32442292
2025-04-08 11:30:00,19.730,19.840,19.670,19.810,23602263
2025-04-08 13:30:00,19.810,19.880,19.500,19.510,39773883
2025-04-08 14:00:00,19.510,19.720,19.440,19.590,35676160
2025-04-08 14:30:00,19.570,19.670,19.460,19.560,29122251
2025-04-08 15:00:00,19.570,19.770,19.500,19.700,71779280
2025-04-09 10:00:00,19.460,20.040,19.020,19.940,168690242
2025-04-09 10:30:00,19.950,20.340,19.840,20.050,106813608
2025-04-09 11:00:00,20.050,20.130,19.930,20.110,34306638
2025-04-09 11:30:00,20.110,20.300,19.960,20.180,44749146
2025-04-09 13:30:00,20.170,20.360,20.020,20.350,48984320
2025-04-09 14:00:00,20.360,20.750,20.240,20.500,105606429
2025-04-09 14:30:00,20.500,20.700,20.460,20.540,40408515
2025-04-09 15:00:00,20.540,20.670,20.480,20.500,63146860
2025-04-10 10:00:00,21.000,21.180,20.520,21.100,221541726
2025-04-10 10:30:00,21.100,21.160,20.910,20.960,60320022
2025-04-10 11:00:00,20.960,20.980,20.720,20.780,51206630
2025-04-10 11:30:00,20.770,20.850,20.700,20.740,24941766
2025-04-10 13:30:00,20.730,20.780,20.600,20.750,35534738
2025-04-10 14:00:00,20.750,20.790,20.650,20.670,22730798
2025-04-10 14:30:00,20.670,20.830,20.660,20.670,29091593
2025-04-10 15:00:00,20.680,20.690,20.480,20.500,72910446
2025-04-11 10:00:00,20.350,20.530,20.330,20.430,71216696
2025-04-11 10:30:00,20.420,20.480,20.330,20.410,26683165
2025-04-11 11:00:00,20.410,20.450,20.360,20.370,12371984
2025-04-11 11:30:00,20.370,20.600,20.360,20.530,29427409
2025-04-11 13:30:00,20.530,20.750,20.530,20.680,50788004
2025-04-11 14:00:00,20.680,20.870,20.630,20.700,49402288
2025-04-11 14:30:00,20.700,20.790,20.610,20.620,28008392
2025-04-11 15:00:00,20.630,20.640,20.510,20.580,49134234
2025-04-14 10:00:00,20.710,20.790,20.590,20.680,70870681
2025-04-14 10:30:00,20.670,20.760,20.640,20.680,28567509
2025-04-14 11:00:00,20.680,20.830,20.650,20.760,28262711
2025-04-14 11:30:00,20.760,20.790,20.680,20.690,13958055
2025-04-14 13:30:00,20.690,20.700,20.560,20.590,29187074
2025-04-14 14:00:00,20.600,20.640,20.560,20.640,15415588
2025-04-14 14:30:00,20.630,20.640,20.570,20.590,14901440
2025-04-14 15:00:00,20.580,20.640,20.580,20.600,34092387
2025-04-15 10:00:00,20.540,20.540,20.310,20.320,58005725
2025-04-15 10:30:00,20.320,20.450,20.320,20.390,17447514
2025-04-15 11:00:00,20.400,20.440,20.340,20.390,12523522
2025-04-15 11:30:00,20.390,20.460,20.350,20.420,11215239
2025-04-15 13:30:00,20.420,20.440,20.340,20.400,14031896
2025-04-15 14:00:00,20.400,20.490,20.370,20.420,14564323
2025-04-15 14:30:00,20.420,20.440,20.370,20.390,10000642
2025-04-15 15:00:00,20.380,20.450,20.370,20.440,30924985
2025-04-16 10:00:00,20.290,20.410,20.240,20.250,33631776
2025-04-16 10:30:00,20.260,20.330,20.250,20.250,15798157
2025-04-16 11:00:00,20.250,20.290,20.120,20.160,22349117
2025-04-16 11:30:00,20.170,20.180,20.020,20.020,20939936
2025-04-16 13:30:00,20.020,20.210,19.980,20.110,31745354
2025-04-16 14:00:00,20.110,20.250,20.100,20.150,16534727
2025-04-16 14:30:00,20.160,20.220,20.130,20.160,10454627
2025-04-16 15:00:00,20.150,20.360,20.100,20.320,46595066
2025-04-17 10:00:00,20.200,20.420,20.160,20.380,37552317
2025-04-17 10:30:00,20.380,20.440,20.300,20.350,23671002
2025-04-17 11:00:00,20.360,20.380,20.280,20.330,13999320
2025-04-17 11:30:00,20.330,20.360,20.300,20.350,8528701
2025-04-17 13:30:00,20.340,20.360,20.250,20.260,12508034
2025-04-17 14:00:00,20.270,20.320,20.250,20.300,9826164
2025-04-17 14:30:00,20.310,20.420,20.270,20.360,20833755
2025-04-17 15:00:00,20.350,20.380,20.250,20.250,28458732
2025-04-18 10:00:00,20.200,20.390,20.160,20.340,34135824
2025-04-18 10:30:00,20.350,20.370,20.260,20.290,12741435
2025-04-18 11:00:00,20.290,20.330,20.270,20.280,7376100
2025-04-18 11:30:00,20.280,20.300,20.240,20.270,7779886
2025-04-18 13:30:00,20.260,20.340,20.230,20.290,11509041
2025-04-18 14:00:00,20.290,20.550,20.280,20.520,44648446
2025-04-18 14:30:00,20.520,20.570,20.410,20.450,37342543
2025-04-18 15:00:00,20.450,20.500,20.400,20.480,39669196
2025-04-21 10:00:00,20.300,20.770,20.270,20.610,71992682
2025-04-21 10:30:00,20.610,20.680,20.560,20.590,22103971
2025-04-21 11:00:00,20.590,20.610,20.520,20.590,14926324
2025-04-21 11:30:00,20.580,20.590,20.520,20.540,8882125
2025-04-21 13:30:00,20.550,20.640,20.500,20.580,15792680
2025-04-21 14:00:00,20.580,20.670,20.560,20.640,13770030
2025-04-21 14:30:00,20.630,20.670,20.610,20.630,15984820
2025-04-21 15:00:00,20.630,20.650,20.590,20.630,31182782
2025-04-22 10:00:00,20.540,20.690,20.500,20.690,39644861
2025-04-22 10:30:00,20.680,20.690,20.550,20.600,21051237
2025-04-22 11:00:00,20.590,20.610,20.490,20.570,19415093
2025-04-22 11:30:00,20.560,20.570,20.500,20.530,9335818
2025-04-22 13:30:00,20.530,20.580,20.500,20.550,10538033
2025-04-22 14:00:00,20.550,20.650,20.550,20.570,12875470
2025-04-22 14:30:00,20.580,20.740,20.560,20.630,28032024
2025-04-22 15:00:00,20.620,20.640,20.520,20.550,27128644
2025-04-23 10:00:00,20.700,20.840,20.630,20.680,79779215
2025-04-23 10:30:00,20.680,20.680,20.580,20.610,23199652
2025-04-23 11:00:00,20.600,20.670,20.560,20.610,13747027
2025-04-23 11:30:00,20.620,20.680,20.610,20.660,10340120
2025-04-23 13:30:00,20.650,20.790,20.640,20.740,27630921
2025-04-23 14:00:00,20.730,20.750,20.680,20.680,17057008
2025-04-23 14:30:00,20.680,20.690,20.580,20.650,19693557
2025-04-23 15:00:00,20.660,20.670,20.620,20.620,26332154
2025-04-24 10:00:00,20.600,20.610,20.460,20.560,43684100
2025-04-24 10:30:00,20.570,20.720,20.540,20.660,31753061
2025-04-24 11:00:00,20.670,20.700,20.520,20.550,17691857
2025-04-24 11:30:00,20.550,20.550,20.390,20.460,29918187
2025-04-24 13:30:00,20.460,20.530,20.430,20.510,12364806
2025-04-24 14:00:00,20.510,20.570,20.490,20.520,9560505
2025-04-24 14:30:00,20.520,20.530,20.460,20.480,10221037
2025-04-24 15:00:00,20.480,20.540,20.460,20.480,23976283
2025-04-25 10:00:00,20.580,20.690,20.500,20.610,52232295
2025-04-25 10:30:00,20.620,20.750,20.580,20.710,34432116
2025-04-25 11:00:00,20.700,20.760,20.660,20.690,25706166
2025-04-25 11:30:00,20.690,20.830,20.680,20.780,43696751
2025-04-25 13:30:00,20.790,20.820,20.730,20.740,21246081
2025-04-25 14:00:00,20.740,20.830,20.720,20.740,27492084
2025-04-25 14:30:00,20.740,20.750,20.670,20.740,24431103
2025-04-25 15:00:00,20.740,20.750,20.690,20.700,36427345
2025-04-28 10:00:00,20.650,20.710,20.510,20.530,55003819
2025-04-28 10:30:00,20.530,20.580,20.490,20.570,24663554
2025-04-28 11:00:00,20.560,20.650,20.560,20.570,12462894
2025-04-28 11:30:00,20.570,20.610,20.540,20.570,7625360
2025-04-28 13:30:00,20.570,20.630,20.560,20.610,9037731
2025-04-28 14:00:00,20.600,20.640,20.590,20.590,13320007
2025-04-28 14:30:00,20.590,20.610,20.570,20.600,11450941
2025-04-28 15:00:00,20.600,20.610,20.560,20.560,22580475
2025-04-29 10:00:00,20.560,20.640,20.450,20.560,29506472
2025-04-29 10:30:00,20.550,20.650,20.530,20.570,19507742
2025-04-29 11:00:00,20.580,20.590,20.550,20.550,9456633
2025-04-29 11:30:00,20.560,20.570,20.530,20.550,8272135
2025-04-29 13:30:00,20.540,20.600,20.520,20.550,11153062
2025-04-29 14:00:00,20.550,20.550,20.500,20.520,13400639
2025-04-29 14:30:00,20.520,20.580,20.500,20.510,13334327
2025-04-29 15:00:00,20.520,20.520,20.460,20.490,31708354
2025-04-30 10:00:00,20.530,20.800,20.430,20.640,70648481
2025-04-30 10:30:00,20.640,20.720,20.630,20.650,17744040
2025-04-30 11:00:00,20.650,20.670,20.600,20.630,15698136
2025-04-30 11:30:00,20.630,20.690,20.620,20.650,10941205
2025-04-30 13:30:00,20.650,20.670,20.570,20.620,16597693
2025-04-30 14:00:00,20.630,20.660,20.620,20.640,10708761
2025-04-30 14:30:00,20.640,20.680,20.630,20.640,13449434
2025-04-30 15:00:00,20.640,20.650,20.570,20.570,34951862
2025-05-06 10:00:00,20.700,20.950,20.610,20.920,101409629
2025-05-06 10:30:00,20.920,21.030,20.880,20.980,60128026
2025-05-06 11:00:00,20.980,21.020,20.930,20.990,25336961
2025-05-06 11:30:00,21.000,21.070,20.980,21.070,22493194
2025-05-06 13:30:00,21.060,21.080,20.960,20.990,27549913
2025-05-06 14:00:00,20.990,21.000,20.910,20.940,23693131
2025-05-06 14:30:00,20.940,20.970,20.920,20.950,18337229
2025-05-06 15:00:00,20.960,21.000,20.910,20.990,48914986
2025-05-07 10:00:00,22.000,22.580,21.520,21.620,397664841
2025-05-07 10:30:00,21.630,21.640,21.350,21.400,67033876
2025-05-07 11:00:00,21.410,21.520,21.320,21.370,33040830
2025-05-07 11:30:00,21.380,21.400,21.280,21.380,25424416
2025-05-07 13:30:00,21.390,21.400,21.280,21.310,21202717
2025-05-07 14:00:00,21.300,21.340,21.160,21.180,26822960
2025-05-07 14:30:00,21.180,21.240,21.100,21.190,28655433
2025-05-07 15:00:00,21.190,21.300,21.180,21.250,49050148
2025-05-08 10:00:00,21.090,21.390,21.040,21.280,97852336
2025-05-08 10:30:00,21.280,21.310,21.200,21.280,32969749
2025-05-08 11:00:00,21.280,21.330,21.180,21.290,25209696
2025-05-08 11:30:00,21.290,21.360,21.250,21.300,26948418
2025-05-08 13:30:00,21.290,21.320,21.220,21.230,16860466
2025-05-08 14:00:00,21.240,21.270,21.210,21.260,14308309
2025-05-08 14:30:00,21.260,21.280,21.230,21.260,18386364
2025-05-08 15:00:00,21.260,21.280,21.220,21.220,34165317
2025-05-09 10:00:00,21.210,21.270,20.910,20.960,71950457
2025-05-09 10:30:00,20.970,20.970,20.850,20.880,33972343
2025-05-09 11:00:00,20.880,20.890,20.780,20.780,32648975
2025-05-09 11:30:00,20.800,20.870,20.770,20.830,14746670
2025-05-09 13:30:00,20.830,20.900,20.810,20.890,12957870
2025-05-09 14:00:00,20.890,20.920,20.850,20.900,12525015
2025-05-09 14:30:00,20.900,20.920,20.820,20.830,13885014
2025-05-09 15:00:00,20.840,20.880,20.820,20.830,27411459
2025-05-12 10:00:00,21.060,21.140,20.890,20.980,65045408
2025-05-12 10:30:00,20.980,21.380,20.980,21.220,90813822
2025-05-12 11:00:00,21.230,21.460,21.200,21.340,60223335
2025-05-12 11:30:00,21.330,21.350,21.220,21.300,18180388
2025-05-12 13:30:00,21.310,21.400,21.260,21.400,31748104
2025-05-12 14:00:00,21.400,21.450,21.360,21.410,35400924
2025-05-12 14:30:00,21.420,21.970,21.400,21.770,149220355
2025-05-12 15:00:00,21.770,21.840,21.650,21.720,73183060
2025-05-13 10:00:00,21.900,21.900,21.600,21.660,138081988
2025-05-13 10:30:00,21.660,21.670,21.500,21.530,51262297
2025-05-13 11:00:00,21.540,21.550,21.480,21.550,24355476
2025-05-13 11:30:00,21.550,21.560,21.430,21.450,17407628
2025-05-13 13:30:00,21.450,21.540,21.430,21.500,15907547
2025-05-13 14:00:00,21.500,21.590,21.470,21.530,15255579
2025-05-13 14:30:00,21.540,21.580,21.470,21.480,17451650
2025-05-13 15:00:00,21.490,21.520,21.420,21.450,40881450
2025-05-14 10:00:00,21.420,21.550,21.330,21.350,44535417
2025-05-14 10:30:00,21.370,21.380,21.270,21.290,28033139
2025-05-14 11:00:00,21.290,21.300,21.210,21.260,23241337
2025-05-14 11:30:00,21.260,21.500,21.230,21.450,40412551
2025-05-14 13:30:00,21.450,22.080,21.380,21.970,181317513
2025-05-14 14:00:00,21.980,23.280,21.900,22.720,350910097
2025-05-14 14:30:00,22.730,22.740,22.350,22.490,107722427
2025-05-14 15:00:00,22.490,22.620,22.480,22.530,107499646
2025-05-15 10:00:00,22.160,22.300,21.970,22.050,173915420
2025-05-15 10:30:00,22.060,22.130,21.970,22.050,49047829
2025-05-15 11:00:00,22.050,22.080,21.950,21.960,31841052
2025-05-15 11:30:00,21.960,22.020,21.940,21.990,19218511
2025-05-15 13:30:00,21.990,22.030,21.880,21.920,28452319
2025-05-15 14:00:00,21.920,21.980,21.880,21.930,21475295
2025-05-15 14:30:00,21.930,21.950,21.800,21.870,36056875
2025-05-15 15:00:00,21.870,21.890,21.800,21.820,54868197
2025-05-16 10:00:00,21.760,21.970,21.650,21.710,56836081
2025-05-16 10:30:00,21.710,21.720,21.510,21.540,48306703
2025-05-16 11:00:00,21.540,21.640,21.530,21.620,18738540
2025-05-16 11:30:00,21.630,21.630,21.530,21.570,14846562
2025-05-16 13:30:00,21.570,21.640,21.530,21.570,17769178
2025-05-16 14:00:00,21.580,21.690,21.560,21.600,19442209
2025-05-16 14:30:00,21.610,21.610,21.520,21.560,19632713
2025-05-16 15:00:00,21.560,21.580,21.520,21.530,34173689
2025-05-19 10:00:00,21.490,21.510,21.270,21.310,49578510
2025-05-19 10:30:00,21.310,21.480,21.280,21.390,23223707
2025-05-19 11:00:00,21.390,21.540,21.370,21.510,14425782
2025-05-19 11:30:00,21.520,21.560,21.420,21.430,12756140
2025-05-19 13:30:00,21.440,21.520,21.400,21.460,11482839
2025-05-19 14:00:00,21.460,21.560,21.450,21.470,15308565
2025-05-19 14:30:00,21.470,21.650,21.460,21.530,20928008
2025-05-19 15:00:00,21.520,21.530,21.480,21.500,23942646
2025-05-20 10:00:00,21.580,21.660,21.470,21.520,47542520
2025-05-20 10:30:00,21.520,21.570,21.460,21.480,18452533
2025-05-20 11:00:00,21.480,21.530,21.460,21.480,11848249
2025-05-20 11:30:00,21.480,21.640,21.450,21.610,21785773
2025-05-20 13:30:00,21.620,21.710,21.550,21.580,41647454
2025-05-20 14:00:00,21.580,21.610,21.530,21.540,13441531
2025-05-20 14:30:00,21.550,21.560,21.500,21.520,14724059
2025-05-20 15:00:00,21.520,21.540,21.490,21.520,28298457
2025-05-21 10:00:00,21.460,21.640,21.460,21.480,55093308
2025-05-21 10:30:00,21.480,21.560,21.450,21.560,23277561
2025-05-21 11:00:00,21.550,21.590,21.460,21.520,18675668
2025-05-21 11:30:00,21.520,21.520,21.470,21.500,11168950
2025-05-21 13:30:00,21.510,21.520,21.430,21.450,19512310
2025-05-21 14:00:00,21.450,21.460,21.400,21.420,18697600
2025-05-21 14:30:00,21.400,21.420,21.350,21.360,21216422
2025-05-21 15:00:00,21.370,21.440,21.360,21.380,28078664
2025-05-22 10:00:00,21.300,21.440,21.210,21.390,41399561
2025-05-22 10:30:00,21.380,21.400,21.280,21.320,13912819
2025-05-22 11:00:00,21.320,21.350,21.210,21.210,17885360
2025-05-22 11:30:00,21.220,21.330,21.180,21.320,19704404
2025-05-22 13:30:00,21.330,21.330,21.210,21.210,13606592
2025-05-22 14:00:00,21.220,21.290,21.210,21.280,10905668
2025-05-22 14:30:00,21.280,21.290,21.210,21.230,11757824
2025-05-22 15:00:00,21.220,21.250,21.190,21.230,32197718
2025-05-23 10:00:00,21.160,21.350,21.130,21.310,41634686
2025-05-23 10:30:00,21.310,21.370,21.270,21.300,19794276
2025-05-23 11:00:00,21.300,21.350,21.280,21.340,9822409
2025-05-23 11:30:00,21.340,21.380,21.290,21.300,12719166
2025-05-23 13:30:00,21.310,21.310,21.210,21.220,13818100
2025-05-23 14:00:00,21.210,21.230,21.150,21.150,16536509
2025-05-23 14:30:00,21.150,21.160,20.830,20.830,84502590
2025-05-23 15:00:00,20.830,20.920,20.760,20.780,71630598
2025-05-26 10:00:00,20.710,20.830,20.670,20.710,46079142
2025-05-26 10:30:00,20.720,20.860,20.710,20.830,20385769
2025-05-26 11:00:00,20.840,20.850,20.740,20.760,11544702
2025-05-26 11:30:00,20.760,20.790,20.670,20.710,17252106
2025-05-26 13:30:00,20.710,20.740,20.670,20.690,11813880
2025-05-26 14:00:00,20.690,20.770,20.690,20.740,11442562
2025-05-26 14:30:00,20.750,20.780,20.690,20.740,13013989
2025-05-26 15:00:00,20.740,20.800,20.720,20.800,27474266
2025-05-27 10:00:00,20.800,20.850,20.730,20.790,30585159
2025-05-27 10:30:00,20.800,20.800,20.730,20.750,15193960
2025-05-27 11:00:00,20.750,20.790,20.710,20.730,11656727
2025-05-27 11:30:00,20.730,20.730,20.630,20.680,14163121
2025-05-27 13:30:00,20.680,20.800,20.670,20.700,13878985
2025-05-27 14:00:00,20.690,20.740,20.660,20.700,12031354
2025-05-27 14:30:00,20.700,20.780,20.680,20.730,11376451
2025-05-27 15:00:00,20.730,20.730,20.680,20.690,19454921
2025-05-28 10:00:00,20.750,20.780,20.650,20.710,25099004
2025-05-28 10:30:00,20.720,20.720,20.600,20.620,15573887
2025-05-28 11:00:00,20.620,20.680,20.610,20.630,8104266
2025-05-28 11:30:00,20.640,20.690,20.610,20.630,8663651
2025-05-28 13:30:00,20.630,20.640,20.540,20.590,16685701
2025-05-28 14:00:00,20.590,20.620,20.520,20.550,13469781
2025-05-28 14:30:00,20.550,20.560,20.470,20.540,22387269
2025-05-28 15:00:00,20.540,20.560,20.480,20.500,21974906
2025-05-29 10:00:00,20.540,20.810,20.500,20.760,57783907
2025-05-29 10:30:00,20.760,20.840,20.720,20.790,30469590
2025-05-29 11:00:00,20.790,20.970,20.770,20.870,42670706
2025-05-29 11:30:00,20.870,20.910,20.820,20.900,16366931
2025-05-29 13:30:00,20.900,20.930,20.800,20.830,19074108
2025-05-29 14:00:00,20.830,20.900,20.820,20.860,11296856
2025-05-29 14:30:00,20.860,20.880,20.810,20.830,13133092
2025-05-29 15:00:00,20.830,20.850,20.810,20.850,27017843
2025-05-30 10:00:00,20.740,20.750,20.570,20.580,55006266
2025-05-30 10:30:00,20.580,20.590,20.520,20.530,22101685
2025-05-30 11:00:00,20.530,20.630,20.520,20.610,12938246
2025-05-30 11:30:00,20.620,20.670,20.580,20.630,10627853
2025-05-30 13:30:00,20.620,20.710,20.610,20.640,11446118
2025-05-30 14:00:00,20.650,20.700,20.620,20.630,9092395
2025-05-30 14:30:00,20.640,20.650,20.580,20.610,9947571
2025-05-30 15:00:00,20.620,20.660,20.610,20.620,24286797
2025-06-03 10:00:00,20.480,20.660,20.440,20.610,34488588
2025-06-03 10:30:00,20.620,20.640,20.520,20.520,17965075
2025-06-03 11:00:00,20.520,20.640,20.520,20.620,12032962
2025-06-03 11:30:00,20.630,20.880,20.620,20.780,49596293
2025-06-03 13:30:00,20.780,20.780,20.660,20.660,14572749
2025-06-03 14:00:00,20.660,20.700,20.620,20.670,11433000
2025-06-03 14:30:00,20.680,20.710,20.650,20.660,9931449
2025-06-03 15:00:00,20.660,20.690,20.630,20.660,18062960
2025-06-04 10:00:00,20.650,20.870,20.570,20.830,50648841
2025-06-04 10:30:00,20.830,21.030,20.830,20.900,54394361
2025-06-04 11:00:00,20.890,20.910,20.800,20.900,16304198
2025-06-04 11:30:00,20.910,21.130,20.850,21.050,43991180
2025-06-04 13:30:00,21.040,21.080,20.920,20.960,24309503
2025-06-04 14:00:00,20.960,21.000,20.930,20.980,11599393
2025-06-04 14:30:00,20.970,21.020,20.940,20.950,15283114
2025-06-04 15:00:00,20.960,20.970,20.890,20.940,30259480
2025-06-05 10:00:00,20.970,21.060,20.860,20.890,50899549
2025-06-05 10:30:00,20.890,20.970,20.860,20.930,15696451
2025-06-05 11:00:00,20.940,20.970,20.900,20.920,9163253
2025-06-05 11:30:00,20.920,21.050,20.910,21.000,25548282
2025-06-05 13:30:00,21.000,21.020,20.920,21.000,18439741
2025-06-05 14:00:00,20.990,21.070,20.970,21.010,25408882
2025-06-05 14:30:00,21.000,21.080,21.000,21.080,25084743
2025-06-05 15:00:00,21.080,21.260,21.070,21.130,67836530
2025-06-06 10:00:00,21.130,21.190,21.010,21.020,54717144
2025-06-06 10:30:00,21.030,21.040,20.920,20.970,26798331
2025-06-06 11:00:00,20.970,21.010,20.940,20.980,12724662
2025-06-06 11:30:00,20.990,21.010,20.920,20.920,12585827
2025-06-06 13:30:00,20.930,20.970,20.900,20.920,12305495
2025-06-06 14:00:00,20.920,20.930,20.890,20.910,12401371
2025-06-06 14:30:00,20.910,20.930,20.870,20.900,13923247
2025-06-06 15:00:00,20.900,20.930,20.880,20.890,25036446
2025-06-09 10:00:00,21.010,21.530,21.000,21.350,159136496
2025-06-09 10:30:00,21.350,21.490,21.320,21.390,41499211
2025-06-09 11:00:00,21.400,21.580,21.390,21.540,55693209
2025-06-09 11:30:00,21.540,21.550,21.410,21.420,22436492
2025-06-09 13:30:00,21.420,21.430,21.330,21.380,25307356
2025-06-09 14:00:00,21.390,21.420,21.350,21.410,17793668
2025-06-09 14:30:00,21.410,21.540,21.400,21.480,31455233
2025-06-09 15:00:00,21.490,21.510,21.420,21.460,40255139
2025-06-10 10:00:00,21.390,21.490,21.260,21.270,68290013
2025-06-10 10:30:00,21.270,21.330,21.210,21.270,31292432
2025-06-10 11:00:00,21.270,21.270,21.220,21.230,15260283
2025-06-10 11:30:00,21.240,21.280,21.210,21.220,15275926
2025-06-10 13:30:00,21.220,21.240,20.850,20.850,67991473
2025-06-10 14:00:00,20.850,21.050,20.770,20.960,46401485
2025-06-10 14:30:00,20.960,20.980,20.860,20.970,23053788
2025-06-10 15:00:00,20.970,21.000,20.940,20.970,27964908
2025-06-11 10:00:00,21.050,21.900,20.990,21.720,204312450
2025-06-11 10:30:00,21.740,21.800,21.430,21.510,87761456
2025-06-11 11:00:00,21.520,21.540,21.410,21.420,22922655
2025-06-11 11:30:00,21.430,21.470,21.380,21.460,15283046
2025-06-11 13:30:00,21.450,21.510,21.400,21.480,18565022
2025-06-11 14:00:00,21.480,21.540,21.450,21.480,22081548
2025-06-11 14:30:00,21.490,21.620,21.470,21.560,38733273
2025-06-11 15:00:00,21.560,21.600,21.470,21.490,54565683
2025-06-12 10:00:00,21.310,21.560,21.300,21.470,77266055
2025-06-12 10:30:00,21.470,21.700,21.460,21.670,44437222
2025-06-12 11:00:00,21.670,21.980,21.660,21.940,94891509
2025-06-12 11:30:00,21.940,22.080,21.730,21.780,59250734
2025-06-12 13:30:00,21.780,21.810,21.650,21.650,32639599
2025-06-12 14:00:00,21.650,21.680,21.560,21.640,35758970
2025-06-12 14:30:00,21.640,21.680,21.610,21.670,17940873
2025-06-12 15:00:00,21.670,21.710,21.620,21.650,40204667
2025-06-13 10:00:00,21.480,21.640,21.420,21.430,72065966
2025-06-13 10:30:00,21.440,21.550,21.330,21.390,60421630
2025-06-13 11:00:00,21.390,21.500,21.360,21.440,29453828
2025-06-13 11:30:00,21.440,21.480,21.380,21.440,20315038
2025-06-13 13:30:00,21.440,21.460,21.270,21.360,40784153
2025-06-13 14:00:00,21.360,21.450,21.350,21.420,21425764
2025-06-13 14:30:00,21.420,21.480,21.370,21.400,23529414
2025-06-13 15:00:00,21.390,21.430,21.320,21.330,40514940
2025-06-16 10:00:00,21.330,21.680,21.330,21.580,77845339
2025-06-16 10:30:00,21.590,21.660,21.520,21.630,24388206
2025-06-16 11:00:00,21.630,21.650,21.540,21.590,16252836
2025-06-16 11:30:00,21.590,21.600,21.540,21.550,10011200
2025-06-16 13:30:00,21.540,21.650,21.510,21.630,24031913
2025-06-16 14:00:00,21.630,21.700,21.580,21.700,27190922
2025-06-16 14:30:00,21.700,21.720,21.640,21.690,37263422
2025-06-16 15:00:00,21.680,21.770,21.680,21.730,52002456
2025-06-17 10:00:00,21.750,21.780,21.580,21.710,52321590
2025-06-17 10:30:00,21.710,21.740,21.620,21.630,22808804
2025-06-17 11:00:00,21.630,21.670,21.590,21.650,20211182
2025-06-17 11:30:00,21.660,21.690,21.630,21.660,11442178
2025-06-17 13:30:00,21.660,21.660,21.590,21.650,18674571
2025-06-17 14:00:00,21.660,21.700,21.610,21.620,16633800
2025-06-17 14:30:00,21.620,21.650,21.590,21.600,22167392
2025-06-17 15:00:00,21.590,21.720,21.580,21.710,35724821
2025-06-18 10:00:00,21.630,21.680,21.420,21.470,59691008
2025-06-18 10:30:00,21.470,21.490,21.300,21.380,43357050
2025-06-18 11:00:00,21.380,21.470,21.330,21.360,16326796
2025-06-18 11:30:00,21.360,21.410,21.330,21.390,11444489
2025-06-18 13:30:00,21.400,21.510,21.360,21.480,16808092
2025-06-18 14:00:00,21.470,21.550,21.450,21.500,14522862
2025-06-18 14:30:00,21.500,21.550,21.470,21.520,12040158
2025-06-18 15:00:00,21.520,21.550,21.480,21.500,23842969
2025-06-19 10:00:00,21.450,21.460,21.260,21.280,48013918
2025-06-19 10:30:00,21.270,21.290,21.210,21.220,27296045
2025-06-19 11:00:00,21.220,21.290,21.150,21.180,21189585
2025-06-19 11:30:00,21.180,21.210,21.000,21.030,40808829
2025-06-19 13:30:00,21.030,21.050,20.900,21.000,41589670
2025-06-19 14:00:00,21.000,21.060,20.960,20.990,17415889
2025-06-19 14:30:00,20.980,21.040,20.920,20.930,22613585
2025-06-19 15:00:00,20.930,20.980,20.860,20.930,43459781
2025-06-20 10:00:00,21.000,21.050,20.880,20.940,35797781
2025-06-20 10:30:00,20.940,20.960,20.840,20.890,20280306
2025-06-20 11:00:00,20.880,20.930,20.850,20.860,10832040
2025-06-20 11:30:00,20.860,20.880,20.810,20.860,11188353
2025-06-20 13:30:00,20.860,20.890,20.810,20.810,15996936
2025-06-20 14:00:00,20.820,20.830,20.770,20.790,16694298
2025-06-20 14:30:00,20.790,20.790,20.730,20.770,17803870
2025-06-20 15:00:00,20.770,20.780,20.690,20.710,35189542
2025-06-23 10:00:00,20.600,20.800,20.520,20.730,44023034
2025-06-23 10:30:00,20.740,20.770,20.660,20.720,14397966
2025-06-23 11:00:00,20.730,20.830,20.700,20.760,18185464
2025-06-23 11:30:00,20.760,20.770,20.690,20.700,8943764
2025-06-23 13:30:00,20.700,20.750,20.660,20.740,11897658
2025-06-23 14:00:00,20.730,20.820,20.700,20.820,19589035
2025-06-23 14:30:00,20.820,20.980,20.790,20.940,41437824
2025-06-23 15:00:00,20.940,21.020,20.920,20.930,41083217
2025-06-24 10:00:00,21.000,21.660,20.930,21.610,180663385
2025-06-24 10:30:00,21.610,22.100,21.590,21.780,198522258
2025-06-24 11:00:00,21.780,21.900,21.690,21.700,51678076
2025-06-24 11:30:00,21.700,21.850,21.680,21.800,29854620
2025-06-24 13:30:00,21.800,21.900,21.730,21.770,38585844
2025-06-24 14:00:00,21.770,21.850,21.770,21.780,22328823
2025-06-24 14:30:00,21.780,21.790,21.700,21.760,24402499
2025-06-24 15:00:00,21.760,21.880,21.760,21.810,63053038
2025-06-25 10:00:00,21.890,22.450,21.810,22.250,221174806
2025-06-25 10:30:00,22.260,22.320,22.010,22.020,75962108
2025-06-25 11:00:00,22.010,22.400,22.010,22.400,62045844
2025-06-25 11:30:00,22.390,22.840,22.310,22.820,187648537
2025-06-25 13:30:00,22.820,23.280,22.800,23.190,263187827
2025-06-25 14:00:00,23.190,23.220,22.900,23.190,96340289
2025-06-25 14:30:00,23.180,24.440,23.130,24.150,320585652
2025-06-25 15:00:00,24.160,24.170,23.760,24.000,212817392
2025-06-26 10:00:00,23.520,23.750,23.050,23.520,415711922
2025-06-26 10:30:00,23.520,23.610,23.340,23.460,79226178
2025-06-26 11:00:00,23.450,23.660,23.430,23.590,57793747
2025-06-26 11:30:00,23.590,23.780,23.520,23.610,48835805
2025-06-26 13:30:00,23.610,23.630,23.380,23.550,62598759
2025-06-26 14:00:00,23.550,23.700,23.250,23.290,86219792
2025-06-26 14:30:00,23.300,23.360,23.170,23.200,67931067
2025-06-26 15:00:00,23.200,23.230,23.080,23.130,132126739
2025-06-27 10:00:00,23.160,23.980,23.000,23.770,273753849
2025-06-27 10:30:00,23.770,24.150,23.520,23.590,199612359
2025-06-27 11:00:00,23.590,23.730,23.410,23.590,74415208
2025-06-27 11:30:00,23.600,23.640,23.480,23.500,28842872
2025-06-27 13:30:00,23.500,23.550,23.320,23.340,47037054
2025-06-27 14:00:00,23.340,23.420,23.080,23.180,74187284
2025-06-27 14:30:00,23.190,23.270,23.080,23.140,45752973
2025-06-27 15:00:00,23.130,23.200,23.020,23.040,81151811
2025-06-30 10:00:00,23.050,23.150,22.810,22.900,149570375
2025-06-30 10:30:00,22.900,23.070,22.730,23.040,70102458
2025-06-30 11:00:00,23.040,23.100,22.970,23.010,32405936
2025-06-30 11:30:00,23.010,23.050,22.950,22.980,18455494
2025-06-30 13:30:00,22.970,23.200,22.930,23.140,45205264
2025-06-30 14:00:00,23.140,23.170,22.990,23.010,29836860
2025-06-30 14:30:00,23.000,23.100,22.990,23.090,27470316
2025-06-30 15:00:00,23.100,23.160,23.060,23.130,69172197
2025-07-01 10:00:00,23.100,23.120,22.800,22.870,89674558
2025-07-01 10:30:00,22.870,22.890,22.800,22.810,43122178
2025-07-01 11:00:00,22.810,22.970,22.750,22.790,38336920
2025-07-01 11:30:00,22.800,22.820,22.680,22.740,35206421
2025-07-01 13:30:00,22.730,22.870,22.700,22.860,22019526
2025-07-01 14:00:00,22.850,22.980,22.820,22.970,28034453
2025-07-01 14:30:00,22.970,22.980,22.840,22.840,21067542
2025-07-01 15:00:00,22.850,22.890,22.800,22.880,32931579
2025-07-02 10:00:00,22.890,23.030,22.740,22.860,60657561
2025-07-02 10:30:00,22.860,22.980,22.780,22.880,39316803
2025-07-02 11:00:00,22.870,22.920,22.810,22.840,18533076
2025-07-02 11:30:00,22.840,22.860,22.780,22.810,12864907
2025-07-02 13:30:00,22.820,22.880,22.720,22.740,24443343
2025-07-02 14:00:00,22.730,22.750,22.650,22.650,37007238
2025-07-02 14:30:00,22.650,22.720,22.610,22.700,27045798
2025-07-02 15:00:00,22.700,22.750,22.650,22.710,33208928
2025-07-03 10:00:00,22.740,22.940,22.720,22.830,66008758
2025-07-03 10:30:00,22.840,22.910,22.730,22.780,27462114
2025-07-03 11:00:00,22.780,22.800,22.710,22.720,16316248
2025-07-03 11:30:00,22.710,22.980,22.710,22.880,51174857
2025-07-03 13:30:00,22.870,22.910,22.760,22.790,22850671
2025-07-03 14:00:00,22.790,22.990,22.780,22.930,45125775
2025-07-03 14:30:00,22.940,22.950,22.870,22.900,23616980
2025-07-03 15:00:00,22.910,22.910,22.860,22.880,34034871
2025-07-04 10:00:00,22.800,22.830,22.620,22.720,67878391
2025-07-04 10:30:00,22.710,22.720,22.620,22.700,28366479
2025-07-04 11:00:00,22.700,23.030,22.680,22.910,67245983
2025-07-04 11:30:00,22.910,23.020,22.870,22.940,34076585
2025-07-04 13:30:00,22.930,23.460,22.880,23.310,163711432
2025-07-04 14:00:00,23.300,23.320,23.010,23.010,62001113
2025-07-04 14:30:00,23.010,23.020,22.820,22.850,46895567
2025-07-04 15:00:00,22.850,22.890,22.770,22.800,49623177
2025-07-07 10:00:00,22.660,22.920,22.650,22.800,84836485
2025-07-07 10:30:00,22.800,22.870,22.740,22.860,25184539
2025-07-07 11:00:00,22.870,22.920,22.790,22.810,28080287
2025-07-07 11:30:00,22.820,22.850,22.770,22.800,16243642
2025-07-07 13:30:00,22.800,22.830,22.730,22.790,18668436
2025-07-07 14:00:00,22.780,22.920,22.780,22.810,25365933
2025-07-07 14:30:00,22.810,22.820,22.750,22.760,17794699
2025-07-07 15:00:00,22.750,22.780,22.730,22.750,32637529
2025-07-08 10:00:00,22.730,23.090,22.710,23.000,102139660
2025-07-08 10:30:00,23.000,23.000,22.870,22.890,30909500
2025-07-08 11:00:00,22.890,22.950,22.850,22.890,21171798
2025-07-08 11:30:00,22.900,23.130,22.890,23.050,62915849
2025-07-08 13:30:00,23.060,23.270,23.000,23.060,76310402
2025-07-08 14:00:00,23.060,23.230,23.050,23.130,36242764
2025-07-08 14:30:00,23.130,23.170,23.060,23.160,28432039
2025-07-08 15:00:00,23.160,23.200,23.110,23.150,59600569
2025-07-09 10:00:00,23.160,23.350,23.050,23.130,103536635
2025-07-09 10:30:00,23.140,23.230,23.100,23.220,31532711
2025-07-09 11:00:00,23.210,23.230,23.070,23.080,25203600
2025-07-09 11:30:00,23.070,23.130,23.010,23.090,28963541
2025-07-09 13:30:00,23.080,23.130,23.020,23.090,17685203
2025-07-09 14:00:00,23.090,23.170,23.020,23.100,27258641
2025-07-09 14:30:00,23.100,23.100,22.920,22.950,49293877
2025-07-09 15:00:00,22.950,22.980,22.860,22.930,55320413
2025-07-10 10:00:00,22.850,23.000,22.800,22.900,54984119
2025-07-10 10:30:00,22.920,23.140,22.900,23.130,37791059
2025-07-10 11:00:00,23.130,23.240,23.050,23.130,68302428
2025-07-10 11:30:00,23.130,23.180,23.060,23.090,23688728
2025-07-10 13:30:00,23.100,23.300,23.080,23.190,65484835
2025-07-10 14:00:00,23.190,23.260,23.130,23.150,27332728
2025-07-10 14:30:00,23.160,23.340,23.130,23.130,64167111
2025-07-10 15:00:00,23.140,23.180,23.110,23.150,48502698
2025-07-11 10:00:00,23.290,23.590,23.060,23.590,133948555
2025-07-11 10:30:00,23.590,23.980,23.530,23.760,227088362
2025-07-11 11:00:00,23.770,24.180,23.750,23.800,177608453
2025-07-11 11:30:00,23.800,24.330,23.760,24.310,100392115
2025-07-11 13:30:00,24.320,24.590,24.200,24.260,191947748
2025-07-11 14:00:00,24.260,24.400,24.010,24.040,79877422
2025-07-11 14:30:00,24.050,24.080,23.870,23.950,62545637
2025-07-11 15:00:00,23.960,24.000,23.770,23.860,124282064
2025-07-14 10:00:00,23.970,23.970,23.610,23.660,184094846
2025-07-14 10:30:00,23.670,23.750,23.640,23.700,41782860
2025-07-14 11:00:00,23.710,23.820,23.630,23.630,33818267
2025-07-14 11:30:00,23.640,23.650,23.530,23.570,50554250
2025-07-14 13:30:00,23.570,23.650,23.540,23.640,23399058
2025-07-14 14:00:00,23.640,23.710,23.600,23.610,19356908
2025-07-14 14:30:00,23.600,23.770,23.600,23.720,25299457
2025-07-14 15:00:00,23.730,23.730,23.600,23.620,39339809
2025-07-15 10:00:00,23.620,23.940,23.620,23.720,104561291
2025-07-15 10:30:00,23.720,23.780,23.480,23.590,71423500
2025-07-15 11:00:00,23.600,23.760,23.580,23.600,32056989
2025-07-15 11:30:00,23.590,23.600,23.380,23.430,51954728
2025-07-15 13:30:00,23.430,23.520,23.390,23.460,25959279
2025-07-15 14:00:00,23.450,23.500,23.410,23.440,20417275
2025-07-15 14:30:00,23.430,23.540,23.420,23.530,21690971
2025-07-15 15:00:00,23.520,23.570,23.480,23.530,37158618
2025-07-16 10:00:00,23.600,23.710,23.420,23.600,71545101
2025-07-16 10:30:00,23.600,23.630,23.440,23.460,36709127
2025-07-16 11:00:00,23.460,23.470,23.380,23.420,31526942
2025-07-16 11:30:00,23.430,23.500,23.410,23.430,12206949
2025-07-16 13:30:00,23.450,23.460,23.380,23.410,19079291
2025-07-16 14:00:00,23.410,23.420,23.260,23.370,35354847
2025-07-16 14:30:00,23.370,23.530,23.330,23.420,25200329
2025-07-16 15:00:00,23.420,23.440,23.380,23.420,29373672
2025-07-17 10:00:00,23.400,23.580,23.360,23.460,50817187
2025-07-17 10:30:00,23.460,23.510,23.380,23.400,28999841
2025-07-17 11:00:00,23.410,23.460,23.380,23.450,21751342
2025-07-17 11:30:00,23.450,23.540,23.390,23.480,23353098
2025-07-17 13:30:00,23.480,23.500,23.400,23.440,26894000
2025-07-17 14:00:00,23.440,23.650,23.410,23.540,56930571
2025-07-17 14:30:00,23.540,23.600,23.500,23.510,26293751
2025-07-17 15:00:00,23.520,23.600,23.510,23.600,46162817
2025-07-18 10:00:00,23.600,23.700,23.530,23.630,77104141
2025-07-18 10:30:00,23.620,23.690,23.520,23.550,33423108
2025-07-18 11:00:00,23.550,23.650,23.520,23.630,24951669
2025-07-18 11:30:00,23.630,23.640,23.530,23.550,19594776
2025-07-18 13:30:00,23.560,23.570,23.440,23.470,33787645
2025-07-18 14:00:00,23.480,23.490,23.390,23.400,23939319
2025-07-18 14:30:00,23.410,23.500,23.400,23.450,15988769
2025-07-18 15:00:00,23.460,23.530,23.440,23.520,33799908
2025-07-21 10:00:00,23.180,23.410,22.850,23.330,168825695
2025-07-21 10:30:00,23.330,23.500,23.280,23.340,60777571
2025-07-21 11:00:00,23.340,23.410,23.180,23.220,42502490
2025-07-21 11:30:00,23.220,23.250,23.070,23.140,43045952
2025-07-21 13:30:00,23.140,23.170,23.060,23.120,37346377
2025-07-21 14:00:00,23.130,23.250,23.120,23.200,30228485
2025-07-21 14:30:00,23.210,23.380,23.150,23.350,38005578
2025-07-21 15:00:00,23.350,23.380,23.260,23.350,57040320
2025-07-22 10:00:00,23.450,23.770,23.350,23.410,153636787
2025-07-22 10:30:00,23.410,23.440,23.260,23.300,44887306
2025-07-22 11:00:00,23.310,23.400,23.280,23.350,26553973
2025-07-22 11:30:00,23.350,23.450,23.310,23.450,23148142
2025-07-22 13:30:00,23.450,23.720,23.390,23.640,87359388
2025-07-22 14:00:00,23.640,23.660,23.400,23.410,44072176
2025-07-22 14:30:00,23.410,23.450,23.350,23.450,28830852
2025-07-22 15:00:00,23.450,23.540,23.410,23.540,48366224
2025-07-23 10:00:00,23.750,24.120,23.690,23.850,220648256
2025-07-23 10:30:00,23.850,23.890,23.640,23.710,53350590
2025-07-23 11:00:00,23.720,23.810,23.640,23.800,27905856
2025-07-23 11:30:00,23.800,24.120,23.760,24.120,116459218
2025-07-23 13:30:00,24.120,24.320,24.000,24.160,186624430
2025-07-23 14:00:00,24.170,24.180,23.920,23.940,60114475
2025-07-23 14:30:00,23.930,23.990,23.680,23.750,66144589
2025-07-23 15:00:00,23.760,23.850,23.660,23.710,69629429
2025-07-24 10:00:00,23.600,24.180,23.540,24.020,191014164
2025-07-24 10:30:00,24.020,24.140,23.940,23.950,63027650
2025-07-24 11:00:00,23.950,24.200,23.930,24.180,73401590
2025-07-24 11:30:00,24.170,24.250,24.070,24.110,49885970
2025-07-24 13:30:00,24.110,24.230,24.100,24.190,62659733
2025-07-24 14:00:00,24.190,24.200,23.960,23.990,65302077
2025-07-24 14:30:00,23.990,24.180,23.990,24.150,38981357
2025-07-24 15:00:00,24.150,24.450,24.150,24.320,167426151
2025-07-25 10:00:00,24.550,24.680,24.140,24.250,153930871
2025-07-25 10:30:00,24.250,24.260,24.090,24.230,55138914
2025-07-25 11:00:00,24.240,24.390,24.080,24.140,50766006
2025-07-25 11:30:00,24.140,24.170,24.080,24.120,25301778
2025-07-25 13:30:00,24.110,24.180,24.070,24.130,31927524
2025-07-25 14:00:00,24.140,24.150,24.030,24.120,31973047
2025-07-25 14:30:00,24.120,24.160,23.920,23.980,58263547
2025-07-25 15:00:00,23.990,24.040,23.960,23.990,59872297
2025-07-28 10:00:00,24.020,24.330,23.920,24.260,107233854
2025-07-28 10:30:00,24.260,24.450,24.210,24.400,87551699
2025-07-28 11:00:00,24.400,24.400,24.220,24.270,39102158
2025-07-28 11:30:00,24.280,24.280,24.040,24.060,41368377
2025-07-28 13:30:00,24.060,24.150,24.020,24.090,30392271
2025-07-28 14:00:00,24.080,24.120,24.020,24.110,22619709
2025-07-28 14:30:00,24.120,24.120,24.010,24.060,24289331
2025-07-28 15:00:00,24.070,24.130,24.040,24.120,41246723
2025-07-29 10:00:00,23.950,24.000,23.590,23.600,151824070
2025-07-29 10:30:00,23.600,23.820,23.580,23.700,51127685
2025-07-29 11:00:00,23.710,23.970,23.680,23.970,35222656
2025-07-29 11:30:00,23.970,24.150,23.910,23.960,45014045
2025-07-29 13:30:00,23.950,24.020,23.860,23.910,21007319
2025-07-29 14:00:00,23.920,23.980,23.880,23.930,17875572
2025-07-29 14:30:00,23.930,24.120,23.910,24.080,32804140
2025-07-29 15:00:00,24.080,24.180,24.050,24.180,56157537
2025-07-30 10:00:00,24.110,24.210,23.950,24.130,71100020
2025-07-30 10:30:00,24.130,24.160,23.950,24.050,43156962
2025-07-30 11:00:00,24.050,24.250,24.050,24.150,48439578
2025-07-30 11:30:00,24.150,24.160,24.040,24.060,19194181
2025-07-30 13:30:00,24.070,24.090,23.970,24.020,27194524
2025-07-30 14:00:00,24.010,24.090,23.700,23.770,72217511
2025-07-30 14:30:00,23.760,23.940,23.600,23.900,71400409
2025-07-30 15:00:00,23.910,23.970,23.760,23.810,44724153
2025-07-31 10:00:00,23.670,24.040,23.670,23.780,88506495
2025-07-31 10:30:00,23.780,23.830,23.700,23.730,39639375
2025-07-31 11:00:00,23.720,23.760,23.650,23.720,34047633
2025-07-31 11:30:00,23.720,23.740,23.580,23.620,35703436
2025-07-31 13:30:00,23.620,23.660,23.460,23.480,53951588
2025-07-31 14:00:00,23.480,23.520,23.320,23.470,56155493
2025-07-31 14:30:00,23.480,23.480,23.240,23.260,51846972
2025-07-31 15:00:00,23.250,23.280,23.100,23.230,82987995
2025-08-01 10:00:00,23.200,23.420,23.160,23.380,76659049
2025-08-01 10:30:00,23.380,23.470,23.250,23.440,38804553
2025-08-01 11:00:00,23.440,23.450,23.220,23.250,25313380
2025-08-01 11:30:00,23.260,23.350,23.200,23.240,17533913
2025-08-01 13:30:00,23.240,23.250,23.070,23.080,34005195
2025-08-01 14:00:00,23.080,23.200,23.060,23.120,24422427
2025-08-01 14:30:00,23.110,23.250,23.090,23.210,20691457
2025-08-01 15:00:00,23.220,23.240,23.160,23.170,28650789
2025-08-04 10:00:00,23.010,23.290,23.000,23.240,58707971
2025-08-04 10:30:00,23.250,23.300,23.200,23.240,24700405
2025-08-04 11:00:00,23.240,23.280,23.170,23.180,15382610
2025-08-04 11:30:00,23.190,23.270,23.180,23.190,11979732
2025-08-04 13:30:00,23.200,23.290,23.180,23.240,15669961
2025-08-04 14:00:00,23.240,23.270,23.180,23.230,16052335
2025-08-04 14:30:00,23.230,23.360,23.230,23.310,33398463
2025-08-04 15:00:00,23.320,23.350,23.290,23.350,29507349
2025-08-05 10:00:00,23.460,23.640,23.310,23.430,93640427
2025-08-05 10:30:00,23.430,23.470,23.370,23.380,27235978
2025-08-05 11:00:00,23.380,23.400,23.320,23.370,18154264
2025-08-05 11:30:00,23.370,23.430,23.350,23.390,11365966
2025-08-05 13:30:00,23.380,23.540,23.370,23.470,23756170
2025-08-05 14:00:00,23.480,23.560,23.430,23.480,23514161
2025-08-05 14:30:00,23.480,23.620,23.470,23.590,38672786
2025-08-05 15:00:00,23.600,23.630,23.540,23.630,42280934
2025-08-06 10:00:00,23.580,23.630,23.500,23.550,44811704
2025-08-06 10:30:00,23.540,23.570,23.500,23.500,25019822
2025-08-06 11:00:00,23.510,23.550,23.450,23.550,21705002
2025-08-06 11:30:00,23.550,23.600,23.530,23.580,17214999
2025-08-06 13:30:00,23.580,23.600,23.530,23.540,17080065
2025-08-06 14:00:00,23.530,23.690,23.510,23.600,34229280
2025-08-06 14:30:00,23.610,23.650,23.590,23.620,16545720
2025-08-06 15:00:00,23.630,23.630,23.600,23.630,33019271
2025-08-07 10:00:00,23.690,23.850,23.620,23.690,84496410
2025-08-07 10:30:00,23.690,23.720,23.450,23.460,54220514
2025-08-07 11:00:00,23.450,23.520,23.450,23.480,25123865
2025-08-07 11:30:00,23.470,23.690,23.430,23.680,24467470
2025-08-07 13:30:00,23.690,23.750,23.580,23.600,26538264
2025-08-07 14:00:00,23.610,23.650,23.580,23.600,13592118
2025-08-07 14:30:00,23.610,23.680,23.530,23.560,16126059
2025-08-07 15:00:00,23.570,23.620,23.520,23.540,31985997
2025-08-08 10:00:00,23.460,23.470,23.250,23.270,65436952
2025-08-08 10:30:00,23.260,23.430,23.250,23.330,28562455
2025-08-08 11:00:00,23.330,23.430,23.300,23.380,19780382
2025-08-08 11:30:00,23.390,23.400,23.330,23.370,11680895
2025-08-08 13:30:00,23.370,23.390,23.260,23.270,21269968
2025-08-08 14:00:00,23.270,23.320,23.210,23.220,28889416
2025-08-08 14:30:00,23.220,23.320,23.210,23.260,19446578
2025-08-08 15:00:00,23.260,23.280,23.200,23.200,39964756
2025-08-11 10:00:00,23.170,23.900,23.170,23.780,140161853
2025-08-11 10:30:00,23.770,23.970,23.700,23.740,108750335
2025-08-11 11:00:00,23.740,23.880,23.720,23.870,31588553
2025-08-11 11:30:00,23.880,23.950,23.800,23.920,49833957
2025-08-11 13:30:00,23.920,23.940,23.810,23.840,38128969
2025-08-11 14:00:00,23.840,23.840,23.780,23.830,20404147
2025-08-11 14:30:00,23.830,23.880,23.720,23.800,32763818
2025-08-11 15:00:00,23.800,23.810,23.760,23.800,42473036
2025-08-12 10:00:00,23.780,23.930,23.660,23.870,92082116
2025-08-12 10:30:00,23.860,23.930,23.780,23.860,47264282
2025-08-12 11:00:00,23.860,24.080,23.790,23.810,71291717
2025-08-12 11:30:00,23.820,23.910,23.800,23.910,17385785
2025-08-12 13:30:00,23.910,23.950,23.850,23.860,27074622
2025-08-12 14:00:00,23.850,23.890,23.810,23.840,20519280
2025-08-12 14:30:00,23.840,23.920,23.820,23.890,20532180
2025-08-12 15:00:00,23.900,23.990,23.860,23.990,69408699
2025-08-13 10:00:00,24.150,24.280,23.960,23.960,129789191
2025-08-13 10:30:00,23.960,24.020,23.860,23.970,53607102
2025-08-13 11:00:00,23.970,24.560,23.910,24.390,170198531
2025-08-13 11:30:00,24.390,24.600,24.300,24.550,124870031
2025-08-13 13:30:00,24.560,24.800,24.550,24.560,146971134
2025-08-13 14:00:00,24.560,24.600,24.430,24.460,44865544
2025-08-13 14:30:00,24.470,24.550,24.230,24.280,59015469
2025-08-13 15:00:00,24.290,24.600,24.280,24.580,105053077
2025-08-14 10:00:00,24.580,24.800,24.420,24.600,165954973
2025-08-14 10:30:00,24.590,24.800,24.560,24.800,83412125
2025-08-14 11:00:00,24.800,25.090,24.730,24.810,155394661
2025-08-14 11:30:00,24.800,25.070,24.710,24.720,72159521
2025-08-14 13:30:00,24.730,24.730,24.360,24.490,99464978
2025-08-14 14:00:00,24.490,24.610,24.440,24.580,46224184
2025-08-14 14:30:00,24.580,24.720,24.540,24.580,37096894
2025-08-14 15:00:00,24.580,24.630,24.350,24.360,95646433
2025-08-15 10:00:00,24.310,25.320,24.290,25.160,302517903
2025-08-15 10:30:00,25.200,25.380,24.960,25.060,156199430
2025-08-15 11:00:00,25.060,25.270,24.990,25.090,59402701
2025-08-15 11:30:00,25.090,26.010,24.940,26.000,202438184
2025-08-15 13:30:00,26.000,27.170,26.000,26.910,439475235
2025-08-15 14:00:00,26.900,27.200,26.700,26.920,206205417
2025-08-15 14:30:00,26.930,27.200,26.560,26.700,158618971
2025-08-15 15:00:00,26.700,26.960,26.460,26.760,169587604
2025-08-18 10:00:00,26.980,27.050,26.250,26.840,433295193
2025-08-18 10:30:00,26.830,27.420,26.740,27.380,231593389
2025-08-18 11:00:00,27.380,28.000,27.250,27.970,237679186
2025-08-18 11:30:00,27.960,28.360,27.510,28.360,176513550
2025-08-18 13:30:00,28.360,28.970,27.900,28.110,219825297
2025-08-18 14:00:00,28.110,28.280,27.760,27.830,93115190
2025-08-18 14:30:00,27.840,28.050,27.580,27.580,98386146
2025-08-18 15:00:00,27.580,28.180,27.580,27.850,143068055
2025-08-19 10:00:00,27.390,27.860,27.300,27.410,251492391
2025-08-19 10:30:00,27.410,27.550,27.250,27.450,134179633
2025-08-19 11:00:00,27.450,27.530,27.300,27.370,51385808
2025-08-19 11:30:00,27.370,27.580,27.350,27.440,45581758
2025-08-19 13:30:00,27.440,27.590,27.370,27.490,53410545
2025-08-19 14:00:00,27.480,27.490,27.020,27.030,119243650
2025-08-19 14:30:00,27.020,27.170,26.930,26.980,105924755
2025-08-19 15:00:00,26.980,27.100,26.830,26.900,140336202
2025-08-20 10:00:00,26.640,27.080,26.530,26.910,190712710
2025-08-20 10:30:00,26.900,26.920,26.720,26.870,48467362
2025-08-20 11:00:00,26.870,27.000,26.650,26.660,48681890
2025-08-20 11:30:00,26.660,26.710,26.320,26.480,95182959
2025-08-20 13:30:00,26.480,26.640,26.430,26.640,49206889
2025-08-20 14:00:00,26.640,26.730,26.560,26.710,39015605
2025-08-20 14:30:00,26.710,27.040,26.710,27.020,91691775
2025-08-20 15:00:00,27.020,27.080,26.840,27.080,99272035
2025-08-21 10:00:00,27.360,27.450,26.850,26.850,164052559
2025-08-21 10:30:00,26.860,27.090,26.850,27.080,53579146
2025-08-21 11:00:00,27.070,27.300,27.020,27.110,67633399
2025-08-21 11:30:00,27.110,27.140,26.920,27.040,30417626
2025-08-21 13:30:00,27.030,27.090,26.930,26.990,25853116
2025-08-21 14:00:00,26.990,27.010,26.860,26.930,36128654
2025-08-21 14:30:00,26.930,26.970,26.670,26.790,54597717
2025-08-21 15:00:00,26.790,26.810,26.620,26.800,72466373
2025-08-22 10:00:00,26.700,27.380,26.700,27.200,153051664
2025-08-22 10:30:00,27.220,27.240,26.950,26.990,67402883
2025-08-22 11:00:00,27.000,27.880,26.980,27.700,168909155
2025-08-22 11:30:00,27.710,27.800,27.440,27.660,106627383
2025-08-22 13:30:00,27.660,27.740,27.410,27.510,79754879
2025-08-22 14:00:00,27.510,28.000,27.380,27.730,145923269
2025-08-22 14:30:00,27.730,27.870,27.640,27.830,63343080
2025-08-22 15:00:00,27.820,27.860,27.700,27.850,120376744
2025-08-25 10:00:00,28.280,28.520,27.820,27.980,293455970
2025-08-25 10:30:00,27.970,28.150,27.840,27.980,95329961
2025-08-25 11:00:00,27.980,28.640,27.850,28.540,139041662
2025-08-25 11:30:00,28.540,28.920,28.070,28.170,174635069
2025-08-25 13:30:00,28.170,28.200,27.770,27.840,113949579
2025-08-25 14:00:00,27.840,28.030,27.810,27.910,56281058
2025-08-25 14:30:00,27.920,28.270,27.850,28.250,55223250
2025-08-25 15:00:00,28.250,28.360,28.060,28.230,88022340
2025-08-26 10:00:00,27.970,28.220,27.900,28.120,128183527
2025-08-26 10:30:00,28.120,28.220,27.950,28.040,69105264
2025-08-26 11:00:00,28.050,28.150,27.930,28.050,37223847
2025-08-26 11:30:00,28.060,28.410,28.020,28.330,75231406
2025-08-26 13:30:00,28.330,28.360,28.100,28.160,39653326
2025-08-26 14:00:00,28.160,28.300,28.100,28.230,34364440
2025-08-26 14:30:00,28.230,28.270,28.000,28.080,47910687
2025-08-26 15:00:00,28.070,28.080,27.830,27.930,99755355
2025-08-27 10:00:00,27.940,28.020,27.720,27.820,125440754
2025-08-27 10:30:00,27.820,28.450,27.800,28.310,143763858
2025-08-27 11:00:00,28.300,28.440,28.150,28.180,60185391
2025-08-27 11:30:00,28.180,28.400,28.170,28.250,41879376
2025-08-27 13:30:00,28.250,28.320,28.060,28.090,59565042
2025-08-27 14:00:00,28.110,28.130,27.770,27.850,89165202
2025-08-27 14:30:00,27.850,28.040,27.590,27.600,93852945
2025-08-27 15:00:00,27.600,27.840,27.190,27.210,174503462
2025-08-28 10:00:00,27.150,27.430,26.850,27.140,173682447
2025-08-28 10:30:00,27.130,27.410,27.120,27.380,66094639
2025-08-28 11:00:00,27.370,27.570,27.330,27.390,79331447
2025-08-28 11:30:00,27.400,27.460,27.110,27.300,57495702
2025-08-28 13:30:00,27.300,27.350,26.920,26.980,68860650
2025-08-28 14:00:00,26.980,27.350,26.880,27.190,73390423
2025-08-28 14:30:00,27.200,27.490,27.190,27.340,62490132
2025-08-28 15:00:00,27.350,27.960,27.310,27.960,158894323
2025-08-29 10:00:00,28.100,28.330,27.730,28.250,206644097
2025-08-29 10:30:00,28.260,29.110,28.160,28.860,256317341
2025-08-29 11:00:00,28.850,28.930,28.450,28.530,115560655
2025-08-29 11:30:00,28.530,28.630,28.280,28.390,68037247
2025-08-29 13:30:00,28.400,29.360,28.280,28.740,216281249
2025-08-29 14:00:00,28.750,28.800,28.500,28.710,70159698
2025-08-29 14:30:00,28.700,28.760,28.500,28.760,52800576
2025-08-29 15:00:00,28.760,29.060,28.680,28.910,143784921
2025-09-01 10:00:00,28.790,29.050,28.500,28.690,211524373
2025-09-01 10:30:00,28.700,28.750,28.360,28.410,94475470
2025-09-01 11:00:00,28.400,28.590,28.240,28.550,74774569
2025-09-01 11:30:00,28.550,28.570,28.280,28.310,49056024
2025-09-01 13:30:00,28.320,28.490,28.280,28.450,45696582
2025-09-01 14:00:00,28.450,28.580,28.300,28.560,48722067
2025-09-01 14:30:00,28.570,28.620,28.440,28.560,38662678
2025-09-01 15:00:00,28.560,28.700,28.430,28.690,84476875
2025-09-02 10:00:00,28.560,28.560,28.180,28.250,155013074
2025-09-02 10:30:00,28.250,28.450,27.950,28.360,102826331
2025-09-02 11:00:00,28.360,28.410,27.980,28.010,64637419
2025-09-02 11:30:00,28.000,28.590,27.900,28.240,106298318
2025-09-02 13:30:00,28.240,28.270,27.620,27.790,135777484
2025-09-02 14:00:00,27.790,28.090,27.780,27.800,59239206
2025-09-02 14:30:00,27.800,28.010,27.680,27.710,53819388
2025-09-02 15:00:00,27.710,27.950,27.640,27.850,96599536
2025-09-03 10:00:00,28.080,28.380,27.780,27.860,119156260
2025-09-03 10:30:00,27.860,27.900,27.470,27.530,76555110
2025-09-03 11:00:00,27.530,27.690,27.300,27.580,82425718
2025-09-03 11:30:00,27.580,27.620,27.180,27.190,58156846
2025-09-03 13:30:00,27.190,27.370,26.890,26.940,110208604
2025-09-03 14:00:00,26.940,26.960,26.610,26.730,128566791
2025-09-03 14:30:00,26.750,27.000,26.690,26.780,70839053
2025-09-03 15:00:00,26.780,26.840,26.330,26.630,152595815
2025-09-04 10:00:00,26.550,26.970,26.550,26.620,147216318
2025-09-04 10:30:00,26.620,26.780,26.410,26.430,92109172
2025-09-04 11:00:00,26.450,26.470,25.930,26.310,134995755
2025-09-04 11:30:00,26.330,26.480,26.150,26.300,43715609
2025-09-04 13:30:00,26.300,26.880,26.220,26.560,106449348
2025-09-04 14:00:00,26.570,26.660,26.280,26.530,47629598
2025-09-04 14:30:00,26.530,26.540,26.000,26.120,66182147
2025-09-04 15:00:00,26.140,26.360,25.900,26.210,99076428
2025-09-05 10:00:00,26.320,26.380,25.900,26.310,111484726
2025-09-05 10:30:00,26.300,26.320,26.050,26.240,49327679
2025-09-05 11:00:00,26.250,26.380,26.160,26.270,49178180
2025-09-05 11:30:00,26.270,26.300,26.100,26.180,32334154
2025-09-05 13:30:00,26.180,26.290,26.170,26.220,33787329
2025-09-05 14:00:00,26.220,26.340,26.180,26.310,40578826
2025-09-05 14:30:00,26.310,26.640,26.310,26.610,99310670
2025-09-05 15:00:00,26.610,26.690,26.510,26.600,83179596
2025-09-08 10:00:00,26.400,26.720,26.300,26.510,137037989
2025-09-08 10:30:00,26.510,26.550,26.350,26.350,56567312
2025-09-08 11:00:00,26.350,26.380,26.240,26.380,50798889
2025-09-08 11:30:00,26.370,26.480,26.330,26.470,26919284
2025-09-08 13:30:00,26.470,26.480,26.310,26.310,28949406
2025-09-08 14:00:00,26.310,26.450,26.300,26.450,23397038
2025-09-08 14:30:00,26.450,26.460,26.360,26.370,24619131
2025-09-08 15:00:00,26.380,26.500,26.370,26.420,46819318
2025-09-09 10:00:00,26.420,26.510,26.230,26.340,73628598
2025-09-09 10:30:00,26.350,26.490,26.320,26.450,44127742
2025-09-09 11:00:00,26.450,26.660,26.420,26.540,79345296
2025-09-09 11:30:00,26.550,26.590,26.370,26.390,32372446
2025-09-09 13:30:00,26.390,26.420,26.240,26.310,37641148
2025-09-09 14:00:00,26.310,26.320,26.180,26.180,45422935
2025-09-09 14:30:00,26.180,26.330,26.120,26.210,35400067
2025-09-09 15:00:00,26.200,26.300,26.180,26.190,43544326
2025-09-10 10:00:00,26.240,26.570,26.230,26.420,92355961
2025-09-10 10:30:00,26.420,26.430,26.220,26.240,42629829
2025-09-10 11:00:00,26.250,26.300,26.120,26.190,34098945
2025-09-10 11:30:00,26.200,26.290,26.140,26.260,21278060
2025-09-10 13:30:00,26.250,26.330,26.200,26.270,25908968
2025-09-10 14:00:00,26.280,26.290,26.200,26.240,21818833
2025-09-10 14:30:00,26.240,26.450,26.230,26.260,32923983
2025-09-10 15:00:00,26.260,26.260,26.180,26.190,40845706
2025-09-11 10:00:00,26.050,26.320,25.930,26.310,84624017
2025-09-11 10:30:00,26.310,26.380,26.230,26.340,46030248
2025-09-11 11:00:00,26.340,26.720,26.280,26.670,77725393
2025-09-11 11:30:00,26.670,27.490,26.640,27.440,178624903
2025-09-11 13:30:00,27.440,27.580,26.970,27.150,136483748
2025-09-11 14:00:00,27.150,27.160,26.940,27.060,46956868
2025-09-11 14:30:00,27.070,27.230,27.000,27.180,48302484
2025-09-11 15:00:00,27.190,27.300,27.180,27.270,83456857
2025-09-12 10:00:00,27.170,27.640,27.040,27.310,157732782
2025-09-12 10:30:00,27.310,27.500,27.290,27.460,59928294
2025-09-12 11:00:00,27.460,27.480,27.130,27.130,55348510
2025-09-12 11:30:00,27.130,27.220,27.060,27.140,36765385
2025-09-12 13:30:00,27.140,27.220,27.080,27.120,30243195
2025-09-12 14:00:00,27.120,27.200,27.080,27.110,27166248
2025-09-12 14:30:00,27.110,27.120,26.920,26.980,61240956
2025-09-12 15:00:00,26.970,27.020,26.910,26.950,53601207
2025-09-15 10:00:00,26.950,27.460,26.860,27.370,138628882
2025-09-15 10:30:00,27.370,27.560,27.180,27.360,93525394
2025-09-15 11:00:00,27.360,27.550,27.320,27.470,48553967
2025-09-15 11:30:00,27.470,27.520,27.320,27.420,28244473
2025-09-15 13:30:00,27.410,27.440,27.260,27.290,30452254
2025-09-15 14:00:00,27.280,27.330,27.210,27.260,25667724
2025-09-15 14:30:00,27.260,27.290,27.100,27.100,39114270
2025-09-15 15:00:00,27.100,27.240,27.100,27.210,48501836
2025-09-16 10:00:00,27.260,27.440,27.140,27.200,84608296
2025-09-16 10:30:00,27.200,27.300,27.090,27.120,48002686
2025-09-16 11:00:00,27.120,27.150,26.960,27.060,51132609
2025-09-16 11:30:00,27.060,27.380,27.010,27.230,36101178
2025-09-16 13:30:00,27.210,27.420,27.110,27.290,44911111
2025-09-16 14:00:00,27.290,27.690,27.250,27.660,54088747
2025-09-16 14:30:00,27.670,27.950,27.550,27.560,165579531
2025-09-16 15:00:00,27.570,27.740,27.560,27.710,75606073
2025-09-17 10:00:00,27.610,28.050,27.500,27.810,142013624
2025-09-17 10:30:00,27.810,27.850,27.620,27.640,57141342
2025-09-17 11:00:00,27.640,28.070,27.630,27.980,73761035
2025-09-17 11:30:00,27.980,28.500,27.830,28.450,147373112
2025-09-17 13:30:00,28.410,28.480,28.070,28.100,86652643
2025-09-17 14:00:00,28.100,28.230,28.000,28.190,42908951
2025-09-17 14:30:00,28.190,28.230,28.070,28.100,39560371
2025-09-17 15:00:00,28.100,28.210,27.980,28.210,90144218
2025-09-18 10:00:00,27.900,27.900,27.250,27.550,247378164
2025-09-18 10:30:00,27.550,27.740,27.420,27.680,81394733
2025-09-18 11:00:00,27.680,27.720,27.430,27.490,58943119
2025-09-18 11:30:00,27.490,27.520,27.350,27.420,57441415
2025-09-18 13:30:00,27.430,27.500,27.200,27.230,88759855
2025-09-18 14:00:00,27.230,27.430,27.060,27.110,96580858
2025-09-18 14:30:00,27.110,27.190,26.900,26.920,123741324
2025-09-18 15:00:00,26.920,27.060,26.600,26.870,160314522
2025-09-19 10:00:00,26.770,26.920,26.550,26.610,125133707
2025-09-19 10:30:00,26.600,27.030,26.580,26.950,69047195
2025-09-19 11:00:00,26.950,26.950,26.700,26.760,34977433
2025-09-19 11:30:00,26.760,26.850,26.700,26.830,21001190
2025-09-19 13:30:00,26.830,26.990,26.650,26.670,37205021
2025-09-19 14:00:00,26.670,26.710,26.550,26.630,46262574
2025-09-19 14:30:00,26.630,26.820,26.610,26.760,33408881
2025-09-19 15:00:00,26.770,26.770,26.550,26.550,60609111
2025-09-22 10:00:00,26.550,26.830,26.550,26.760,72733031
2025-09-22 10:30:00,26.750,26.970,26.650,26.840,62951644
2025-09-22 11:00:00,26.840,26.940,26.720,26.760,25390924
2025-09-22 11:30:00,26.760,26.790,26.630,26.710,21331146
2025-09-22 13:30:00,26.710,26.890,26.660,26.750,31678027
2025-09-22 14:00:00,26.750,26.850,26.680,26.710,22377536
2025-09-22 14:30:00,26.700,26.770,26.630,26.710,26642835
2025-09-22 15:00:00,26.710,26.890,26.710,26.890,60675535
2025-09-23 10:00:00,26.570,26.590,26.290,26.350,125065859
2025-09-23 10:30:00,26.360,26.380,25.920,25.980,113803546
2025-09-23 11:00:00,25.980,26.200,25.900,26.090,60961366
2025-09-23 11:30:00,26.100,26.100,25.850,25.880,44053380
2025-09-23 13:30:00,25.880,25.990,25.780,25.980,49757232
2025-09-23 14:00:00,25.980,26.000,25.790,25.890,32109186
2025-09-23 14:30:00,25.890,25.930,25.700,25.910,42056744
2025-09-23 15:00:00,25.900,26.190,25.860,26.120,69657138
2025-09-24 10:00:00,26.000,26.250,25.950,26.160,66978244
2025-09-24 10:30:00,26.150,26.160,25.910,25.940,44009461
2025-09-24 11:00:00,25.940,26.100,25.890,26.090,28731675
2025-09-24 11:30:00,26.080,26.230,25.980,26.210,39463944
2025-09-24 13:30:00,26.210,26.240,26.050,26.090,39534761
2025-09-24 14:00:00,26.100,26.730,26.080,26.580,129927322
2025-09-24 14:30:00,26.580,26.650,26.410,26.440,51136491
2025-09-24 15:00:00,26.440,26.490,26.420,26.450,43887083
2025-09-25 10:00:00,26.400,26.750,26.350,26.540,92955659
2025-09-25 10:30:00,26.540,26.750,26.440,26.680,60975833
2025-09-25 11:00:00,26.690,26.790,26.630,26.690,40497868
2025-09-25 11:30:00,26.680,26.770,26.660,26.710,30930329
2025-09-25 13:30:00,26.710,26.750,26.510,26.530,34647695
2025-09-25 14:00:00,26.520,26.630,26.460,26.570,25926702
2025-09-25 14:30:00,26.560,26.600,26.480,26.570,25124593
2025-09-25 15:00:00,26.590,26.630,26.460,26.470,46348371
2025-09-26 10:00:00,26.370,26.480,26.240,26.330,69773146
2025-09-26 10:30:00,26.340,26.530,26.250,26.280,45773478
2025-09-26 11:00:00,26.280,26.410,26.260,26.340,20215979
2025-09-26 11:30:00,26.340,26.490,26.320,26.330,22864652
2025-09-26 13:30:00,26.320,26.370,26.240,26.310,23848596
2025-09-26 14:00:00,26.310,26.470,26.210,26.230,29956676
2025-09-26 14:30:00,26.230,26.290,26.140,26.180,31826315
2025-09-26 15:00:00,26.190,26.210,26.050,26.060,58620156
2025-09-29 10:00:00,26.040,26.340,25.990,26.090,72190518
2025-09-29 10:30:00,26.080,26.430,26.050,26.400,52836797
2025-09-29 11:00:00,26.400,26.860,26.330,26.660,123000368
2025-09-29 11:30:00,26.670,26.950,26.640,26.820,88304838
2025-09-29 13:30:00,26.840,27.410,26.680,27.390,139872501
2025-09-29 14:00:00,27.380,28.450,27.290,28.050,364467846
2025-09-29 14:30:00,28.050,28.400,27.560,27.710,165272572
2025-09-29 15:00:00,27.710,27.750,27.420,27.580,101826841
2025-09-30 10:00:00,27.310,27.560,27.050,27.100,217839845
2025-09-30 10:30:00,27.090,27.200,27.010,27.090,73808361
2025-09-30 11:00:00,27.090,27.190,27.040,27.140,36708215
2025-09-30 11:30:00,27.140,27.240,27.080,27.160,33642215
2025-09-30 13:30:00,27.160,27.400,27.070,27.190,51117362
2025-09-30 14:00:00,27.190,27.230,27.100,27.130,31723891
2025-09-30 14:30:00,27.130,27.270,27.120,27.150,34344437
2025-09-30 15:00:00,27.160,27.180,27.030,27.120,92873949
2025-10-09 10:00:00,26.520,26.580,26.190,26.360,222482783
2025-10-09 10:30:00,26.350,26.740,26.210,26.650,102619483
2025-10-09 11:00:00,26.650,27.080,26.610,26.780,87483952
2025-10-09 11:30:00,26.790,26.900,26.640,26.710,39800751
2025-10-09 13:30:00,26.710,26.860,26.660,26.830,39068387
2025-10-09 14:00:00,26.830,26.850,26.640,26.750,29145973
2025-10-09 14:30:00,26.740,26.770,26.600,26.610,32615048
2025-10-09 15:00:00,26.620,26.760,26.610,26.760,54261422
2025-10-10 10:00:00,26.630,27.000,26.530,26.720,156002285
2025-10-10 10:30:00,26.710,26.840,26.600,26.830,65571453
2025-10-10 11:00:00,26.830,26.930,26.610,26.620,69300570
2025-10-10 11:30:00,26.620,26.620,26.360,26.400,67454745
2025-10-10 13:30:00,26.390,26.550,26.370,26.380,38200359
2025-10-10 14:00:00,26.380,26.430,26.310,26.380,44080969
2025-10-10 14:30:00,26.380,26.410,26.120,26.150,74752732
2025-10-10 15:00:00,26.140,26.210,26.010,26.090,85695148
2025-10-13 10:00:00,25.170,25.800,25.120,25.520,163759326
2025-10-13 10:30:00,25.520,25.590,25.420,25.580,48152640
2025-10-13 11:00:00,25.580,25.680,25.510,25.520,30366084
2025-10-13 11:30:00,25.520,25.530,25.360,25.370,34064536
2025-10-13 13:30:00,25.370,25.470,25.300,25.470,30259693
2025-10-13 14:00:00,25.470,25.670,25.420,25.620,32805460
2025-10-13 14:30:00,25.610,25.630,25.510,25.590,23904769
2025-10-13 15:00:00,25.590,25.750,25.570,25.620,46792699
2025-10-14 10:00:00,25.700,26.150,25.700,25.880,117845093
2025-10-14 10:30:00,25.880,25.890,25.680,25.710,46602798
2025-10-14 11:00:00,25.710,25.910,25.650,25.670,35340724
2025-10-14 11:30:00,25.680,25.770,25.510,25.570,37301931
2025-10-14 13:30:00,25.560,25.600,25.350,25.480,41106945
2025-10-14 14:00:00,25.490,25.570,25.290,25.300,35669103
2025-10-14 14:30:00,25.300,25.300,25.120,25.270,52270744
2025-10-14 15:00:00,25.270,25.320,25.130,25.160,49323133
2025-10-15 10:00:00,25.350,25.490,25.180,25.320,76760807
2025-10-15 10:30:00,25.330,25.440,25.260,25.310,27487991
2025-10-15 11:00:00,25.300,25.330,25.150,25.170,27530150
2025-10-15 11:30:00,25.170,25.260,25.140,25.240,15844184
2025-10-15 13:30:00,25.240,25.320,25.210,25.290,18846265
2025-10-15 14:00:00,25.290,25.500,25.210,25.430,37381558
2025-10-15 14:30:00,25.430,25.620,25.350,25.520,52348825
2025-10-15 15:00:00,25.530,25.580,25.450,25.540,44950092
2025-10-16 10:00:00,25.420,25.520,25.310,25.450,55936124
2025-10-16 10:30:00,25.450,25.620,25.410,25.450,42193387
2025-10-16 11:00:00,25.440,25.630,25.410,25.560,22752437
2025-10-16 11:30:00,25.560,25.590,25.430,25.450,18148357
2025-10-16 13:30:00,25.450,25.490,25.330,25.390,29074443
2025-10-16 14:00:00,25.380,25.440,25.330,25.370,17586873
2025-10-16 14:30:00,25.370,25.440,25.350,25.380,18376298
2025-10-16 15:00:00,25.380,25.430,25.330,25.420,32990831
2025-10-17 10:00:00,25.400,25.620,25.300,25.320,62943723
2025-10-17 10:30:00,25.320,25.330,25.140,25.240,50078399
2025-10-17 11:00:00,25.230,25.340,25.210,25.310,16426321
2025-10-17 11:30:00,25.320,25.350,25.170,25.180,17274930
2025-10-17 13:30:00,25.180,25.230,25.150,25.200,21602180
2025-10-17 14:00:00,25.200,25.250,25.100,25.120,25381048
2025-10-17 14:30:00,25.130,25.200,24.940,24.980,46157094
2025-10-17 15:00:00,24.980,25.020,24.810,24.860,68879132
2025-10-20 10:00:00,25.250,25.340,25.100,25.160,77263768
2025-10-20 10:30:00,25.160,25.250,25.050,25.080,31742051
2025-10-20 11:00:00,25.090,25.270,25.050,25.110,27063432
2025-10-20 11:30:00,25.110,25.150,25.070,25.080,11422608
2025-10-20 13:30:00,25.090,25.120,24.980,25.000,18598112
2025-10-20 14:00:00,24.990,25.050,24.930,25.000,14788339
2025-10-20 14:30:00,25.000,25.000,24.860,24.920,20765956
2025-10-20 15:00:00,24.930,25.020,24.860,25.020,25767235
2025-10-21 10:00:00,25.120,25.320,25.040,25.300,58595658
2025-10-21 10:30:00,25.300,25.320,25.170,25.240,30546772
2025-10-21 11:00:00,25.230,25.450,25.230,25.350,54133967
2025-10-21 11:30:00,25.350,25.550,25.340,25.420,51346472
2025-10-21 13:30:00,25.430,25.440,25.330,25.350,23838946
2025-10-21 14:00:00,25.350,25.390,25.260,25.290,21848608
2025-10-21 14:30:00,25.290,25.380,25.280,25.300,20090961
2025-10-21 15:00:00,25.310,25.360,25.270,25.360,36800008
2025-10-22 10:00:00,25.210,25.250,24.990,25.160,65368083
2025-10-22 10:30:00,25.160,25.200,25.100,25.180,18686548
2025-10-22 11:00:00,25.190,25.190,25.090,25.090,13676724
2025-10-22 11:30:00,25.100,25.120,25.030,25.030,17472651
2025-10-22 13:30:00,25.030,25.140,25.020,25.120,12532139
2025-10-22 14:00:00,25.120,25.150,25.060,25.070,13454988
2025-10-22 14:30:00,25.070,25.140,25.030,25.110,11009802
2025-10-22 15:00:00,25.120,25.180,25.080,25.120,24671931
2025-10-23 10:00:00,25.160,25.230,24.940,24.960,48385684
2025-10-23 10:30:00,24.950,25.090,24.920,25.020,25540899
2025-10-23 11:00:00,25.020,25.140,25.000,25.040,17621732
2025-10-23 11:30:00,25.040,25.230,25.020,25.140,23071973
2025-10-23 13:30:00,25.130,25.210,25.100,25.170,15883153
2025-10-23 14:00:00,25.170,25.180,25.100,25.160,10611574
2025-10-23 14:30:00,25.170,25.360,25.160,25.320,44281913
2025-10-23 15:00:00,25.320,25.480,25.310,25.470,64715006
2025-10-24 10:00:00,25.540,25.780,25.460,25.590,93990897
2025-10-24 10:30:00,25.580,25.630,25.450,25.460,39559890
2025-10-24 11:00:00,25.450,25.550,25.430,25.530,23211981
2025-10-24 11:30:00,25.520,25.550,25.460,25.520,17311524
2025-10-24 13:30:00,25.540,25.760,25.510,25.630,42059715
2025-10-24 14:00:00,25.650,25.710,25.530,25.700,22200839
2025-10-24 14:30:00,25.700,25.780,25.640,25.730,30353331
2025-10-24 15:00:00,25.730,25.900,25.690,25.900,89163587
2025-10-27 10:00:00,26.350,26.450,25.930,26.140,195704969
2025-10-27 10:30:00,26.150,26.350,26.050,26.050,71592138
2025-10-27 11:00:00,26.060,26.150,25.950,26.040,34498790
2025-10-27 11:30:00,26.050,26.230,25.990,26.220,21197537
2025-10-27 13:30:00,26.230,26.290,26.090,26.170,41568734
2025-10-27 14:00:00,26.160,26.200,25.990,26.040,30926716
2025-10-27 14:30:00,26.030,26.120,26.020,26.080,23319094
2025-10-27 15:00:00,26.080,26.100,26.030,26.040,54787227
2025-10-28 10:00:00,25.850,26.030,25.810,25.940,72530635
2025-10-28 10:30:00,25.940,26.210,25.910,26.070,53860772
2025-10-28 11:00:00,26.070,26.080,25.950,26.020,20493279
2025-10-28 11:30:00,26.010,26.400,26.010,26.340,89607498
2025-10-28 13:30:00,26.350,26.350,26.070,26.090,35156302
2025-10-28 14:00:00,26.090,26.110,25.970,26.070,29574835
2025-10-28 14:30:00,26.070,26.120,26.010,26.020,16185316
2025-10-28 15:00:00,26.020,26.080,25.990,26.000,32868567
2025-10-29 10:00:00,25.910,26.150,25.880,26.000,58692878
2025-10-29 10:30:00,26.010,26.250,26.000,26.180,45470515
2025-10-29 11:00:00,26.180,26.630,26.120,26.510,135345315
2025-10-29 11:30:00,26.510,26.790,26.460,26.710,118337957
2025-10-29 13:30:00,26.710,26.740,26.480,26.570,46135073
2025-10-29 14:00:00,26.560,26.570,26.320,26.330,46642694
2025-10-29 14:30:00,26.330,26.490,26.310,26.480,30647595
2025-10-29 15:00:00,26.480,26.590,26.450,26.490,62278876
2025-10-30 10:00:00,26.290,26.330,26.050,26.110,126050093
2025-10-30 10:30:00,26.110,26.170,26.010,26.170,52515452
2025-10-30 11:00:00,26.170,26.220,26.080,26.110,25279491
2025-10-30 11:30:00,26.120,26.190,26.050,26.090,23924339
2025-10-30 13:30:00,26.090,26.100,25.610,25.840,112664766
2025-10-30 14:00:00,25.830,25.940,25.780,25.870,28265052
2025-10-30 14:30:00,25.870,25.870,25.680,25.710,38284939
2025-10-30 15:00:00,25.710,25.770,25.620,25.630,59415902
2025-10-31 10:00:00,25.780,25.860,25.580,25.770,66954300
2025-10-31 10:30:00,25.770,25.870,25.710,25.720,28541603
2025-10-31 11:00:00,25.730,25.760,25.670,25.750,20998028
2025-10-31 11:30:00,25.750,25.760,25.630,25.640,20315091
2025-10-31 13:30:00,25.650,25.710,25.580,25.680,25796433
2025-10-31 14:00:00,25.670,25.730,25.600,25.610,19735033
2025-10-31 14:30:00,25.610,25.680,25.590,25.630,18498376
2025-10-31 15:00:00,25.630,25.640,25.500,25.500,47111403
2025-11-03 10:00:00,25.490,25.530,25.260,25.280,63264531
2025-11-03 10:30:00,25.280,25.320,25.160,25.220,39957027
2025-11-03 11:00:00,25.220,25.360,25.150,25.350,25203640
2025-11-03 11:30:00,25.360,25.360,25.260,25.290,9787737
2025-11-03 13:30:00,25.280,25.440,25.250,25.380,17491739
2025-11-03 14:00:00,25.380,25.480,25.370,25.430,14655713
2025-11-03 14:30:00,25.440,25.590,25.420,25.490,24597032
2025-11-03 15:00:00,25.490,25.570,25.470,25.560,23920188
2025-11-04 10:00:00,25.410,25.480,25.310,25.330,41159433
2025-11-04 10:30:00,25.350,25.380,25.300,25.320,20834175
2025-11-04 11:00:00,25.320,25.360,25.200,25.250,28465175
2025-11-04 11:30:00,25.260,25.310,25.210,25.250,10720380
2025-11-04 13:30:00,25.240,25.410,25.230,25.300,18420952
2025-11-04 14:00:00,25.310,25.470,25.290,25.410,18998125
2025-11-04 14:30:00,25.400,25.440,25.230,25.260,20726681
2025-11-04 15:00:00,25.260,25.340,25.210,25.260,30159436
2025-11-05 10:00:00,25.090,25.370,25.010,25.250,52469350
2025-11-05 10:30:00,25.250,25.290,25.170,25.180,17162595
2025-11-05 11:00:00,25.170,25.250,25.150,25.180,11238301
2025-11-05 11:30:00,25.190,25.340,25.180,25.310,13528689
2025-11-05 13:30:00,25.310,25.340,25.250,25.270,16079929
2025-11-05 14:00:00,25.260,25.370,25.250,25.280,16946937
2025-11-05 14:30:00,25.280,25.330,25.270,25.330,11352079
2025-11-05 15:00:00,25.330,25.340,25.240,25.260,27453319
2025-11-06 10:00:00,25.270,25.470,25.270,25.410,52678097
2025-11-06 10:30:00,25.410,25.460,25.340,25.450,23427375
2025-11-06 11:00:00,25.450,25.680,25.440,25.560,62954942
2025-11-06 11:30:00,25.560,25.600,25.480,25.550,17669044
2025-11-06 13:30:00,25.540,25.580,25.460,25.490,18402938
2025-11-06 14:00:00,25.490,25.630,25.480,25.540,18364872
2025-11-06 14:30:00,25.550,25.570,25.520,25.540,14969663
2025-11-06 15:00:00,25.540,25.560,25.500,25.510,30936073
2025-11-07 10:00:00,25.280,25.310,25.110,25.180,67395995
2025-11-07 10:30:00,25.180,25.200,25.100,25.160,31105406
2025-11-07 11:00:00,25.160,25.250,25.130,25.230,15969229
2025-11-07 11:30:00,25.240,25.280,25.150,25.200,12809003
2025-11-07 13:30:00,25.200,25.280,25.170,25.220,12921749
2025-11-07 14:00:00,25.220,25.320,25.170,25.180,17278657
2025-11-07 14:30:00,25.190,25.220,25.150,25.180,13901061
2025-11-07 15:00:00,25.190,25.220,25.130,25.140,30420844
2025-11-10 10:00:00,25.120,25.280,25.110,25.160,38545515
2025-11-10 10:30:00,25.160,25.200,25.130,25.180,20283967
2025-11-10 11:00:00,25.180,25.310,25.150,25.220,26821660
2025-11-10 11:30:00,25.220,25.300,25.210,25.270,15133789
2025-11-10 13:30:00,25.270,25.440,25.250,25.420,33516903
2025-11-10 14:00:00,25.420,25.520,25.350,25.360,32796166
2025-11-10 14:30:00,25.360,25.380,25.320,25.370,14226150
2025-11-10 15:00:00,25.370,25.430,25.350,25.400,31762622
2025-11-11 10:00:00,25.390,25.440,25.210,25.220,47902266
2025-11-11 10:30:00,25.220,25.240,25.140,25.160,32834084
2025-11-11 11:00:00,25.160,25.170,25.020,25.040,36248139
2025-11-11 11:30:00,25.040,25.040,24.980,25.030,39127520
2025-11-11 13:30:00,25.020,25.040,24.940,24.970,26709747
2025-11-11 14:00:00,24.970,25.030,24.950,24.960,15962850
2025-11-11 14:30:00,24.970,25.060,24.950,25.000,16440625
2025-11-11 15:00:00,25.010,25.020,24.920,24.930,34646098
2025-11-12 10:00:00,24.930,25.020,24.810,24.980,45886281
2025-11-12 10:30:00,24.980,25.010,24.870,24.880,19215328
2025-11-12 11:00:00,24.880,24.950,24.830,24.840,17968585
2025-11-12 11:30:00,24.840,24.850,24.710,24.720,27164368
2025-11-12 13:30:00,24.720,24.750,24.500,24.560,45496658
2025-11-12 14:00:00,24.560,24.680,24.540,24.630,15026716
2025-11-12 14:30:00,24.630,24.780,24.620,24.700,16442691
2025-11-12 15:00:00,24.700,24.780,24.680,24.690,21891618
2025-11-13 10:00:00,24.590,24.770,24.590,24.740,28261214
2025-11-13 10:30:00,24.740,24.830,24.730,24.770,24746864
2025-11-13 11:00:00,24.780,24.820,24.750,24.760,14423173
2025-11-13 11:30:00,24.760,24.830,24.720,24.830,17925883
2025-11-13 13:30:00,24.830,24.870,24.790,24.810,18135001
2025-11-13 14:00:00,24.810,24.880,24.780,24.810,18586972
2025-11-13 14:30:00,24.800,24.850,24.770,24.820,14997713
2025-11-13 15:00:00,24.830,25.140,24.820,25.130,92108279
2025-11-14 10:00:00,24.900,24.980,24.810,24.820,48399037
2025-11-14 10:30:00,24.830,24.890,24.770,24.860,26891698
2025-11-14 11:00:00,24.860,24.950,24.810,24.820,14860542
2025-11-14 11:30:00,24.820,24.860,24.810,24.820,8094837
2025-11-14 13:30:00,24.820,24.830,24.750,24.790,15012774
2025-11-14 14:00:00,24.790,24.820,24.710,24.750,15237563
2025-11-14 14:30:00,24.740,24.800,24.670,24.670,20514933
2025-11-14 15:00:00,24.680,24.710,24.520,24.540,52994460
2025-11-17 10:00:00,24.510,24.660,24.440,24.460,44418216
2025-11-17 10:30:00,24.470,24.590,24.440,24.490,20411090
2025-11-17 11:00:00,24.480,24.600,24.460,24.550,14146784
2025-11-17 11:30:00,24.550,24.610,24.510,24.520,9750004
2025-11-17 13:30:00,24.550,24.560,24.460,24.520,11391911
2025-11-17 14:00:00,24.510,24.530,24.460,24.460,11347195
2025-11-17 14:30:00,24.470,24.540,24.450,24.480,17301045
2025-11-17 15:00:00,24.490,24.550,24.480,24.510,19219875
2025-11-18 10:00:00,24.500,24.650,24.460,24.550,32623643
2025-11-18 10:30:00,24.550,24.690,24.530,24.620,27832909
2025-11-18 11:00:00,24.640,24.650,24.540,24.550,12401012
2025-11-18 11:30:00,24.550,24.570,24.500,24.530,11187536
2025-11-18 13:30:00,24.520,24.560,24.490,24.520,14963931
2025-11-18 14:00:00,24.510,24.620,24.510,24.540,13329889
2025-11-18 14:30:00,24.530,24.540,24.480,24.480,14550883
2025-11-18 15:00:00,24.490,24.530,24.470,24.490,23796122
2025-11-19 10:00:00,24.480,24.610,24.400,24.490,32959188
2025-11-19 10:30:00,24.480,24.490,24.320,24.330,28923644
2025-11-19 11:00:00,24.340,24.450,24.330,24.350,16372930
2025-11-19 11:30:00,24.360,24.400,24.250,24.260,17380186
2025-11-19 13:30:00,24.260,24.330,24.240,24.250,14228242
2025-11-19 14:00:00,24.260,24.310,24.160,24.300,25677057
2025-11-19 14:30:00,24.300,24.400,24.260,24.370,17122274
2025-11-19 15:00:00,24.380,24.440,24.320,24.330,22036347
2025-11-20 10:00:00,24.710,24.800,24.450,24.500,84517569
2025-11-20 10:30:00,24.500,24.550,24.360,24.360,21897709
2025-11-20 11:00:00,24.370,24.490,24.360,24.410,13532401
2025-11-20 11:30:00,24.420,24.520,24.410,24.500,13707297
2025-11-20 13:30:00,24.500,24.520,24.430,24.430,11167135
2025-11-20 14:00:00,24.430,24.430,24.360,24.370,11962876
2025-11-20 14:30:00,24.380,24.390,24.220,24.260,16531263
2025-11-20 15:00:00,24.260,24.300,24.060,24.070,43750965
2025-11-21 10:00:00,23.880,24.080,23.580,23.600,75651079
2025-11-21 10:30:00,23.600,23.750,23.510,23.530,38044935
2025-11-21 11:00:00,23.530,23.530,23.260,23.470,60480947
2025-11-21 11:30:00,23.470,23.540,23.370,23.510,23916203
2025-11-21 13:30:00,23.510,23.670,23.470,23.590,21525703
2025-11-21 14:00:00,23.590,23.700,23.520,23.550,15568759
2025-11-21 14:30:00,23.540,23.600,23.460,23.490,18556615
2025-11-21 15:00:00,23.500,23.550,23.290,23.300,49287847
2025-11-24 10:00:00,23.400,23.480,23.260,23.390,40716316
2025-11-24 10:30:00,23.400,23.540,23.370,23.470,26421098
2025-11-24 11:00:00,23.480,23.510,23.390,23.420,11932748
2025-11-24 11:30:00,23.420,23.450,23.360,23.400,9127545
2025-11-24 13:30:00,23.400,23.530,23.370,23.520,19259603
2025-11-24 14:00:00,23.520,23.610,23.500,23.560,22600381
2025-11-24 14:30:00,23.560,23.620,23.540,23.580,15156939
2025-11-24 15:00:00,23.580,23.590,23.430,23.430,27808838
2025-11-25 10:00:00,23.490,23.620,23.410,23.550,43794392
2025-11-25 10:30:00,23.540,23.620,23.500,23.600,25238217
2025-11-25 11:00:00,23.600,23.630,23.500,23.510,28851357
2025-11-25 11:30:00,23.500,23.560,23.460,23.550,14071043
2025-11-25 13:30:00,23.540,23.560,23.410,23.420,25327870
2025-11-25 14:00:00,23.410,23.450,23.380,23.440,15825370
2025-11-25 14:30:00,23.440,23.530,23.400,23.430,17613814
2025-11-25 15:00:00,23.420,23.480,23.410,23.420,23574752
2025-11-26 10:00:00,23.420,23.510,23.340,23.500,30153423
2025-11-26 10:30:00,23.500,23.530,23.410,23.420,26559256
2025-11-26 11:00:00,23.430,23.440,23.360,23.370,19358024
2025-11-26 11:30:00,23.380,23.490,23.360,23.430,20582799
2025-11-26 13:30:00,23.410,23.490,23.400,23.450,17027091
2025-11-26 14:00:00,23.440,23.460,23.360,23.380,15534310
2025-11-26 14:30:00,23.390,23.390,23.310,23.360,16592163
2025-11-26 15:00:00,23.360,23.360,23.310,23.340,22897320
2025-11-27 10:00:00,23.330,23.600,23.310,23.550,60260102
2025-11-27 10:30:00,23.560,23.630,23.480,23.490,34653909
2025-11-27 11:00:00,23.490,23.530,23.440,23.440,12605089
2025-11-27 11:30:00,23.450,23.490,23.380,23.390,13434300
2025-11-27 13:30:00,23.390,23.440,23.360,23.420,14479460
2025-11-27 14:00:00,23.420,23.480,23.390,23.400,11697535
2025-11-27 14:30:00,23.390,23.400,23.350,23.370,13185645
2025-11-27 15:00:00,23.370,23.370,23.260,23.300,33419662
2025-11-28 10:00:00,23.290,23.300,23.060,23.060,44860788
2025-11-28 10:30:00,23.070,23.340,23.060,23.290,30108612
2025-11-28 11:00:00,23.290,23.330,23.260,23.310,14696898
2025-11-28 11:30:00,23.320,23.350,23.280,23.340,13316514
2025-11-28 13:30:00,23.340,23.410,23.330,23.360,16072504
2025-11-28 14:00:00,23.360,23.400,23.340,23.370,14882519
2025-11-28 14:30:00,23.370,23.380,23.300,23.330,14473807
2025-11-28 15:00:00,23.340,23.400,23.330,23.400,30661303
2025-12-01 10:00:00,23.220,23.340,23.160,23.280,56672086
2025-12-01 10:30:00,23.280,23.290,23.090,23.140,49596088
2025-12-01 11:00:00,23.150,23.200,23.110,23.130,19818594
2025-12-01 11:30:00,23.130,23.180,23.120,23.140,15606935
2025-12-01 13:30:00,23.140,23.150,23.080,23.090,26983206
2025-12-01 14:00:00,23.090,23.090,22.850,22.930,73231856
2025-12-01 14:30:00,22.940,23.030,22.910,22.970,28909409
2025-12-01 15:00:00,22.980,23.100,22.960,23.090,36706913
2025-12-02 10:00:00,23.030,23.050,22.780,22.810,57743195
2025-12-02 10:30:00,22.810,22.860,22.750,22.770,25681371
2025-12-02 11:00:00,22.770,22.790,22.670,22.670,31028614
2025-12-02 11:30:00,22.670,22.690,22.620,22.620,25875914
2025-12-02 13:30:00,22.630,22.730,22.620,22.660,19020383
2025-12-02 14:00:00,22.660,22.740,22.630,22.700,15760733
2025-12-02 14:30:00,22.710,22.710,22.660,22.670,12974578
2025-12-02 15:00:00,22.670,22.680,22.590,22.610,46152514
2025-12-03 10:00:00,22.670,22.800,22.500,22.510,47260170
2025-12-03 10:30:00,22.510,22.560,22.400,22.410,28428856
2025-12-03 11:00:00,22.410,22.430,22.330,22.390,31023739
2025-12-03 11:30:00,22.380,22.420,22.370,22.410,11093796
2025-12-03 13:30:00,22.420,22.420,22.340,22.380,13692898
2025-12-03 14:00:00,22.370,22.380,22.240,22.260,27786724
2025-12-03 14:30:00,22.260,22.280,22.180,22.220,33101260
2025-12-03 15:00:00,22.230,22.250,22.200,22.230,31983331
2025-12-04 10:00:00,22.250,22.340,22.170,22.230,39318704
2025-12-04 10:30:00,22.230,22.410,22.230,22.370,36209010
2025-12-04 11:00:00,22.370,22.590,22.350,22.520,39930567
2025-12-04 11:30:00,22.520,22.530,22.420,22.440,13307034
2025-12-04 13:30:00,22.440,22.460,22.360,22.410,11309932
2025-12-04 14:00:00,22.400,22.430,22.380,22.400,7838771
2025-12-04 14:30:00,22.390,22.440,22.370,22.400,10303025
2025-12-04 15:00:00,22.390,22.430,22.380,22.390,21790291
2025-12-05 10:00:00,22.350,22.490,22.310,22.420,33055923
2025-12-05 10:30:00,22.430,22.440,22.360,22.390,13059303
2025-12-05 11:00:00,22.390,22.420,22.360,22.370,10908194
2025-12-05 11:30:00,22.370,22.450,22.360,22.410,12342212
2025-12-05 13:30:00,22.400,22.430,22.370,22.400,11096237
2025-12-05 14:00:00,22.400,23.640,22.400,23.620,289570899
2025-12-05 14:30:00,23.630,23.720,23.400,23.420,117774178
2025-12-05 15:00:00,23.410,23.420,23.300,23.310,60109746
2025-12-08 10:00:00,23.800,24.220,23.540,23.830,302854017
2025-12-08 10:30:00,23.820,24.080,23.720,23.930,63708632
2025-12-08 11:00:00,23.940,24.030,23.830,23.890,30647029
2025-12-08 11:30:00,23.890,23.900,23.750,23.780,30722682
2025-12-08 13:30:00,23.780,23.970,23.750,23.960,25336738
2025-12-08 14:00:00,23.960,23.980,23.790,23.800,25008597
2025-12-08 14:30:00,23.790,23.830,23.700,23.730,37440327
2025-12-08 15:00:00,23.730,23.770,23.620,23.640,61484978
2025-12-09 10:00:00,23.400,23.550,23.270,23.470,103613841
2025-12-09 10:30:00,23.470,23.630,23.330,23.340,34761395
2025-12-09 11:00:00,23.340,23.410,23.290,23.340,25592694
2025-12-09 11:30:00,23.340,23.380,23.300,23.330,14032556
2025-12-09 13:30:00,23.330,23.390,23.230,23.240,20764895
2025-12-09 14:00:00,23.240,23.290,23.180,23.200,25387709
2025-12-09 14:30:00,23.200,23.270,23.160,23.240,19087064
2025-12-09 15:00:00,23.240,23.300,23.220,23.280,26468033
2025-12-10 10:00:00,23.210,23.270,23.000,23.050,54967200
2025-12-10 10:30:00,23.050,23.120,22.960,23.060,27206923
2025-12-10 11:00:00,23.070,23.230,23.030,23.100,19571401
2025-12-10 11:30:00,23.110,23.200,23.060,23.100,10296903
2025-12-10 13:30:00,23.100,23.230,23.060,23.210,12896030
2025-12-10 14:00:00,23.210,23.450,23.180,23.270,57243492
2025-12-10 14:30:00,23.270,23.370,23.270,23.320,18945034
2025-12-10 15:00:00,23.320,23.380,23.290,23.290,23784296
2025-12-11 10:00:00,23.350,23.360,23.140,23.180,42618295
2025-12-11 10:30:00,23.170,23.200,23.100,23.170,24236747
2025-12-11 11:00:00,23.170,23.210,23.120,23.140,12669386
2025-12-11 11:30:00,23.150,23.170,23.060,23.070,12368479
2025-12-11 13:30:00,23.070,23.090,22.940,22.950,27797569
2025-12-11 14:00:00,22.950,23.060,22.950,23.030,16852341
2025-12-11 14:30:00,23.030,23.100,22.950,22.980,15995996
2025-12-11 15:00:00,22.980,23.000,22.840,22.840,41191716
2025-12-12 10:00:00,22.890,23.000,22.860,22.960,40642825
2025-12-12 10:30:00,22.960,22.990,22.860,22.930,20394728
2025-12-12 11:00:00,22.920,23.120,22.890,23.020,27412848
2025-12-12 11:30:00,23.010,23.080,22.960,22.970,12721163
2025-12-12 13:30:00,22.980,23.270,22.970,23.210,31521862
2025-12-12 14:00:00,23.200,23.300,23.090,23.120,40322752
2025-12-12 14:30:00,23.120,23.180,23.080,23.090,17516787
2025-12-12 15:00:00,23.100,23.120,22.960,23.020,35503016
2025-12-15 10:00:00,22.810,23.040,22.710,23.020,50443877
2025-12-15 10:30:00,23.030,23.060,22.920,23.000,21192438
2025-12-15 11:00:00,23.000,23.240,22.990,23.080,36348322
2025-12-15 11:30:00,23.070,23.130,22.970,23.020,13918045
2025-12-15 13:30:00,23.030,23.100,22.900,22.900,16015729
2025-12-15 14:00:00,22.900,22.960,22.880,22.940,13161217
2025-12-15 14:30:00,22.930,22.970,22.840,22.870,14764928
2025-12-15 15:00:00,22.870,22.920,22.840,22.850,20813888
2025-12-16 10:00:00,22.750,22.930,22.670,22.720,42566040
2025-12-16 10:30:00,22.720,22.840,22.610,22.790,33355854
2025-12-16 11:00:00,22.790,22.790,22.600,22.660,20417865
2025-12-16 11:30:00,22.650,22.750,22.570,22.620,22218135
2025-12-16 13:30:00,22.620,22.800,22.570,22.600,18018534
2025-12-16 14:00:00,22.610,22.730,22.580,22.660,15729612
2025-12-16 14:30:00,22.670,22.700,22.630,22.680,10443895
2025-12-16 15:00:00,22.690,22.750,22.610,22.610,24732018
2025-12-17 10:00:00,22.610,22.770,22.500,22.620,37414688
2025-12-17 10:30:00,22.620,22.660,22.510,22.570,16550006
2025-12-17 11:00:00,22.580,22.590,22.480,22.580,16149268
2025-12-17 11:30:00,22.580,22.660,22.540,22.560,9218771
2025-12-17 13:30:00,22.560,22.590,22.460,22.500,14277778
2025-12-17 14:00:00,22.500,23.250,22.480,23.180,102513086
2025-12-17 14:30:00,23.190,23.420,23.080,23.100,102480703
2025-12-17 15:00:00,23.100,23.120,23.040,23.090,43169161
2025-12-18 10:00:00,23.000,23.150,22.880,23.000,64138316
2025-12-18 10:30:00,23.010,23.030,22.920,22.950,19961876
2025-12-18 11:00:00,22.960,23.000,22.840,22.910,22737349
2025-12-18 11:30:00,22.920,22.960,22.880,22.910,9622574
2025-12-18 13:30:00,22.920,23.100,22.890,23.050,22486531
2025-12-18 14:00:00,23.050,23.050,22.900,22.930,12194984
2025-12-18 14:30:00,22.920,22.970,22.880,22.920,13820947
2025-12-18 15:00:00,22.940,22.990,22.860,22.860,24306007
2025-12-19 10:00:00,22.870,22.990,22.830,22.940,31507899
2025-12-19 10:30:00,22.930,23.300,22.880,23.150,60879246
2025-12-19 11:00:00,23.160,23.190,23.040,23.070,20558119
2025-12-19 11:30:00,23.080,23.180,23.030,23.120,12214510
2025-12-19 13:30:00,23.130,23.150,23.070,23.100,11393732
2025-12-19 14:00:00,23.090,23.100,23.000,23.000,15465872
2025-12-19 14:30:00,23.000,23.030,22.940,23.010,17090478
2025-12-19 15:00:00,23.000,23.040,22.970,23.000,24524960
2025-12-22 10:00:00,22.980,23.190,22.940,23.170,50854539
2025-12-22 10:30:00,23.170,23.180,23.080,23.080,23657392
2025-12-22 11:00:00,23.090,23.150,23.060,23.100,13971030
2025-12-22 11:30:00,23.110,23.150,23.080,23.090,11534821
2025-12-22 13:30:00,23.090,23.120,23.050,23.090,14215417
2025-12-22 14:00:00,23.070,23.100,23.030,23.040,12430438
2025-12-22 14:30:00,23.030,23.100,23.030,23.080,10560590
2025-12-22 15:00:00,23.080,23.080,23.020,23.080,22855630
2025-12-23 10:00:00,23.060,23.070,22.930,23.020,35063135
2025-12-23 10:30:00,23.020,23.190,22.990,23.120,37870407
2025-12-23 11:00:00,23.120,23.160,23.060,23.120,14427841
2025-12-23 11:30:00,23.120,23.240,23.070,23.140,29341194
2025-12-23 13:30:00,23.140,23.160,23.080,23.100,13233975
2025-12-23 14:00:00,23.100,23.120,23.050,23.060,13133878
2025-12-23 14:30:00,23.060,23.080,22.980,22.990,18758738
2025-12-23 15:00:00,23.000,23.030,22.950,23.020,23121682
2025-12-24 10:00:00,22.950,23.120,22.920,23.000,35046122
2025-12-24 10:30:00,23.000,23.050,22.950,22.960,15392077
2025-12-24 11:00:00,22.960,23.090,22.960,23.030,14960174
2025-12-24 11:30:00,23.040,23.090,23.010,23.070,14943682
2025-12-24 13:30:00,23.080,23.250,23.070,23.210,50074731
2025-12-24 14:00:00,23.210,23.330,23.170,23.190,36508789
2025-12-24 14:30:00,23.200,23.240,23.160,23.170,15198359
2025-12-24 15:00:00,23.180,23.210,23.140,23.200,33979512
2025-12-25 10:00:00,23.150,23.270,23.100,23.180,41699302
2025-12-25 10:30:00,23.170,23.330,23.130,23.290,30196549
2025-12-25 11:00:00,23.290,23.350,23.240,23.280,25563002
2025-12-25 11:30:00,23.270,23.320,23.210,23.230,14527200
2025-12-25 13:30:00,23.230,23.340,23.200,23.280,20964704
2025-12-25 14:00:00,23.280,23.430,23.260,23.350,36377504
2025-12-25 14:30:00,23.360,23.400,23.340,23.340,20235676
2025-12-25 15:00:00,23.350,23.360,23.310,23.340,27613366
2025-12-26 10:00:00,23.340,23.750,23.230,23.710,80601198
2025-12-26 10:30:00,23.710,23.940,23.590,23.810,115482212
2025-12-26 11:00:00,23.810,24.050,23.740,23.840,75214791
2025-12-26 11:30:00,23.840,23.930,23.510,23.620,64424056
2025-12-26 13:30:00,23.610,23.710,23.560,23.630,26570059
2025-12-26 14:00:00,23.620,23.700,23.610,23.680,13558488
2025-12-26 14:30:00,23.690,23.760,23.540,23.620,26702760
2025-12-26 15:00:00,23.620,23.630,23.580,23.610,29299807
2025-12-29 10:00:00,23.580,23.600,23.450,23.480,65364029
2025-12-29 10:30:00,23.480,23.540,23.410,23.460,28367613
2025-12-29 11:00:00,23.450,23.510,23.410,23.430,18814241
2025-12-29 11:30:00,23.430,23.460,23.360,23.380,23226175
2025-12-29 13:30:00,23.380,23.440,23.320,23.400,25427275
2025-12-29 14:00:00,23.400,23.450,23.380,23.380,13648342
2025-12-29 14:30:00,23.380,23.400,23.320,23.340,17688525
2025-12-29 15:00:00,23.340,23.400,23.300,23.350,28866224
2025-12-30 10:00:00,23.290,23.350,23.210,23.300,35399879
2025-12-30 10:30:00,23.290,23.380,23.260,23.260,22433204
2025-12-30 11:00:00,23.270,23.290,23.220,23.280,21845402
2025-12-30 11:30:00,23.280,23.300,23.210,23.260,13061844
2025-12-30 13:30:00,23.270,23.630,23.250,23.530,52193591
2025-12-30 14:00:00,23.530,23.620,23.460,23.470,33045939
2025-12-30 14:30:00,23.480,23.510,23.430,23.460,16296326
2025-12-30 15:00:00,23.470,23.490,23.380,23.430,30517591
2025-12-31 10:00:00,23.430,23.610,23.320,23.490,49508862
2025-12-31 10:30:00,23.490,23.600,23.460,23.500,20495215
2025-12-31 11:00:00,23.510,23.570,23.410,23.420,16476885
2025-12-31 11:30:00,23.420,23.430,23.300,23.320,21476597
2025-12-31 13:30:00,23.320,23.390,23.250,23.360,16636358
2025-12-31 14:00:00,23.350,23.370,23.260,23.270,15763842
2025-12-31 14:30:00,23.270,23.290,23.230,23.250,20416153
2025-12-31 15:00:00,23.250,23.260,23.180,23.180,38465576
2026-01-05 10:00:00,23.220,23.420,23.210,23.380,60272273
2026-01-05 10:30:00,23.370,23.620,23.360,23.600,61338967
2026-01-05 11:00:00,23.600,23.720,23.550,23.580,57444494
2026-01-05 11:30:00,23.570,23.650,23.560,23.600,19052246
2026-01-05 13:30:00,23.590,23.640,23.500,23.560,28384688
2026-01-05 14:00:00,23.560,23.600,23.510,23.590,17391042
2026-01-05 14:30:00,23.590,23.690,23.580,23.640,40119271
2026-01-05 15:00:00,23.640,23.750,23.600,23.750,72520409
2026-01-06 10:00:00,23.680,24.710,23.650,24.530,263324505
2026-01-06 10:30:00,24.530,24.840,24.480,24.650,157906571
2026-01-06 11:00:00,24.670,24.760,24.470,24.730,74079000
2026-01-06 11:30:00,24.720,24.880,24.640,24.770,73971114
2026-01-06 13:30:00,24.790,24.860,24.650,24.740,45665798
2026-01-06 14:00:00,24.750,24.770,24.520,24.600,39979365
2026-01-06 14:30:00,24.610,25.370,24.600,25.220,134955083
2026-01-06 15:00:00,25.230,25.250,25.020,25.110,116210639
2026-01-07 10:00:00,24.880,24.970,24.660,24.790,177957507
2026-01-07 10:30:00,24.790,24.810,24.570,24.660,80228421
2026-01-07 11:00:00,24.660,24.720,24.620,24.650,29617552
2026-01-07 11:30:00,24.650,24.730,24.600,24.680,27067789
2026-01-07 13:30:00,24.680,24.690,24.320,24.340,79551715
2026-01-07 14:00:00,24.360,24.420,24.260,24.380,49593981
2026-01-07 14:30:00,24.370,24.540,24.360,24.500,32620266
2026-01-07 15:00:00,24.490,24.550,24.390,24.530,42748816
2026-01-08 10:00:00,24.290,24.290,24.080,24.120,123087279
2026-01-08 10:30:00,24.120,24.150,23.990,24.020,81226262
2026-01-08 11:00:00,24.020,24.150,23.980,24.100,42200587
2026-01-08 11:30:00,24.110,24.130,24.010,24.040,20841516
2026-01-08 13:30:00,24.040,24.080,24.000,24.020,25994626
2026-01-08 14:00:00,24.020,24.020,23.940,24.010,33268386
2026-01-08 14:30:00,24.000,24.020,23.870,23.950,40317041
2026-01-08 15:00:00,23.960,24.020,23.950,24.000,34409656
2026-01-09 10:00:00,24.000,24.290,24.000,24.270,78283465
2026-01-09 10:30:00,24.270,24.360,24.150,24.210,63551141
2026-01-09 11:00:00,24.210,24.350,24.190,24.300,41329618
2026-01-09 11:30:00,24.300,24.300,24.030,24.070,35410268
2026-01-09 13:30:00,24.070,24.090,24.000,24.020,29796701
2026-01-09 14:00:00,24.020,24.060,23.990,24.010,23946026
2026-01-09 14:30:00,24.010,24.070,24.000,24.050,20166387
2026-01-09 15:00:00,24.050,24.160,24.020,24.130,48502464
2026-01-12 10:00:00,24.060,24.350,24.010,24.250,102700247
2026-01-12 10:30:00,24.260,24.580,24.160,24.360,91425641
2026-01-12 11:00:00,24.350,24.580,24.300,24.520,56773040
2026-01-12 11:30:00,24.520,24.940,24.410,24.890,104554336
2026-01-12 13:30:00,24.890,25.000,24.740,24.990,123249191
2026-01-12 14:00:00,24.990,25.000,24.820,24.940,47993325
2026-01-12 14:30:00,24.940,25.050,24.860,25.050,70155737
2026-01-12 15:00:00,25.050,25.050,24.850,25.050,103712515
2026-01-13 10:00:00,25.300,25.480,24.750,25.130,218196406
2026-01-13 10:30:00,25.130,25.350,24.910,24.910,83297431
2026-01-13 11:00:00,24.920,24.950,24.810,24.850,43918047
2026-01-13 11:30:00,24.860,25.000,24.820,24.840,28799190
2026-01-13 13:30:00,24.860,24.930,24.630,24.710,55896391
2026-01-13 14:00:00,24.700,24.800,24.600,24.740,40290330
2026-01-13 14:30:00,24.750,24.750,24.550,24.560,34681293
2026-01-13 15:00:00,24.550,24.630,24.410,24.490,68363281
2026-01-14 10:00:00,24.360,25.140,24.360,25.070,149896378
2026-01-14 10:30:00,25.080,25.350,25.060,25.290,156726974
2026-01-14 11:00:00,25.290,25.400,25.160,25.180,92794037
2026-01-14 11:30:00,25.180,25.710,25.160,25.670,152730407
2026-01-14 13:30:00,25.670,25.690,24.610,24.900,186283350
2026-01-14 14:00:00,24.910,24.980,24.450,24.470,84337813
2026-01-14 14:30:00,24.470,24.910,24.420,24.840,57632299
2026-01-14 15:00:00,24.840,24.860,24.650,24.720,56706673
2026-01-15 10:00:00,24.210,24.520,24.120,24.340,146630923
2026-01-15 10:30:00,24.340,24.350,24.030,24.040,107566678
2026-01-15 11:00:00,24.040,24.150,24.030,24.060,42659324
2026-01-15 11:30:00,24.060,24.100,23.960,24.010,47655014
2026-01-15 13:30:00,24.010,24.110,23.960,24.060,30067264
2026-01-15 14:00:00,24.050,24.120,23.990,24.010,30642285
2026-01-15 14:30:00,24.000,24.030,23.910,23.970,45122997
2026-01-15 15:00:00,23.970,24.060,23.910,24.060,46008868
2026-01-16 10:00:00,24.290,24.430,24.010,24.010,99656768
2026-01-16 10:30:00,24.020,24.170,23.970,24.070,41377684
2026-01-16 11:00:00,24.060,24.110,24.030,24.050,20651080
2026-01-16 11:30:00,24.050,24.120,23.980,23.990,24616787
2026-01-16 13:30:00,24.000,24.040,23.920,23.950,28457273
2026-01-16 14:00:00,23.940,24.080,23.920,23.940,28630396
2026-01-16 14:30:00,23.930,23.980,23.880,23.960,32677535
2026-01-16 15:00:00,23.960,24.000,23.830,23.890,49101710
2026-01-19 10:00:00,23.800,23.820,23.450,23.680,96262257
2026-01-19 10:30:00,23.670,23.760,23.600,23.640,34205111
2026-01-19 11:00:00,23.640,23.640,23.510,23.540,31191904
2026-01-19 11:30:00,23.540,23.600,23.500,23.510,24261883
2026-01-19 13:30:00,23.510,23.660,23.500,23.600,27612002
2026-01-19 14:00:00,23.590,23.640,23.500,23.520,27048562
2026-01-19 14:30:00,23.510,23.540,23.500,23.500,22844365
2026-01-19 15:00:00,23.500,23.550,23.480,23.500,36254984
2026-01-20 10:00:00,23.490,23.660,23.450,23.500,60348672
2026-01-20 10:30:00,23.500,23.570,23.380,23.490,49939666
2026-01-20 11:00:00,23.490,23.600,23.420,23.470,27635839
2026-01-20 11:30:00,23.460,23.540,23.420,23.440,19193321
2026-01-20 13:30:00,23.440,23.460,23.320,23.370,30693977
2026-01-20 14:00:00,23.370,23.530,23.320,23.370,26837937
2026-01-20 14:30:00,23.380,23.430,23.360,23.380,16223964
2026-01-20 15:00:00,23.390,23.460,23.330,23.440,27696980
2026-01-21 10:00:00,23.430,23.470,23.330,23.430,41861205
2026-01-21 10:30:00,23.430,23.530,23.430,23.500,32073022
2026-01-21 11:00:00,23.500,23.500,23.430,23.450,20319725
2026-01-21 11:30:00,23.450,23.490,23.390,23.400,19579875
2026-01-21 13:30:00,23.400,23.440,23.350,23.360,19795217
2026-01-21 14:00:00,23.370,23.420,23.350,23.420,16802804
2026-01-21 14:30:00,23.410,23.420,23.300,23.330,34967369
2026-01-21 15:00:00,23.330,23.350,23.250,23.310,45302585
2026-01-22 10:00:00,23.310,23.450,23.290,23.390,52002168
2026-01-22 10:30:00,23.390,23.520,23.360,23.370,48784711
2026-01-22 11:00:00,23.360,23.420,23.350,23.370,15389747
2026-01-22 11:30:00,23.360,23.380,23.260,23.280,21156275
2026-01-22 13:30:00,23.290,23.320,23.260,23.270,15044732
2026-01-22 14:00:00,23.270,23.350,23.260,23.320,14188363
2026-01-22 14:30:00,23.320,23.330,23.270,23.290,15608980
2026-01-22 15:00:00,23.300,23.320,23.240,23.310,33564839
2026-01-23 10:00:00,23.360,23.440,23.280,23.440,52967783
2026-01-23 10:30:00,23.440,23.450,23.310,23.310,31585459
2026-01-23 11:00:00,23.310,23.360,23.300,23.350,23387121
2026-01-23 11:30:00,23.350,23.420,23.320,23.350,26488781
2026-01-23 13:30:00,23.340,23.380,23.300,23.320,24713961
2026-01-23 14:00:00,23.310,23.330,23.300,23.310,22611010
2026-01-23 14:30:00,23.320,23.330,23.280,23.310,30685568
2026-01-23 15:00:00,23.310,23.310,23.250,23.300,46505980
2026-01-26 10:00:00,23.250,23.350,23.160,23.160,89452423
2026-01-26 10:30:00,23.160,23.670,23.130,23.600,133063012
2026-01-26 11:00:00,23.610,23.730,23.430,23.430,77576021
2026-01-26 11:30:00,23.440,23.510,23.380,23.400,24992700
2026-01-26 13:30:00,23.410,23.450,23.350,23.370,20080764
2026-01-26 14:00:00,23.370,23.440,23.330,23.360,21776003
2026-01-26 14:30:00,23.360,23.390,23.300,23.330,20275786
2026-01-26 15:00:00,23.340,23.350,23.300,23.310,38316192
2026-01-27 10:00:00,23.280,23.300,22.730,22.750,128507453
2026-01-27 10:30:00,22.750,22.920,22.750,22.850,41113403
2026-01-27 11:00:00,22.860,23.030,22.830,23.020,26080617
2026-01-27 11:30:00,23.020,23.020,22.900,22.930,10971527
2026-01-27 13:30:00,22.930,23.030,22.920,22.990,16915535
2026-01-27 14:00:00,23.000,23.070,22.950,23.050,23151628
2026-01-27 14:30:00,23.050,23.130,22.980,22.990,27393179
2026-01-27 15:00:00,22.990,23.000,22.880,22.900,42342489
2026-01-28 10:00:00,22.900,22.970,22.840,22.940,55495201
2026-01-28 10:30:00,22.930,23.020,22.860,22.870,33501458
2026-01-28 11:00:00,22.870,22.980,22.850,22.870,28170240
2026-01-28 11:30:00,22.860,23.000,22.840,22.960,21272723
2026-01-28 13:30:00,22.970,22.980,22.830,22.840,29886111
2026-01-28 14:00:00,22.830,22.900,22.830,22.870,17328307
2026-01-28 14:30:00,22.880,22.910,22.830,22.860,19448291
2026-01-28 15:00:00,22.860,22.880,22.770,22.780,50032999
2026-01-29 10:00:00,22.660,22.670,22.390,22.630,76812375
2026-01-29 10:30:00,22.640,22.750,22.620,22.690,27065453
2026-01-29 11:00:00,22.690,22.740,22.610,22.660,16542343
2026-01-29 11:30:00,22.670,22.670,22.520,22.590,25093587
2026-01-29 13:30:00,22.590,22.950,22.570,22.840,54241519
2026-01-29 14:00:00,22.830,23.140,22.790,23.080,82709615
2026-01-29 14:30:00,23.090,23.300,23.040,23.130,85857964
2026-01-29 15:00:00,23.140,23.210,23.060,23.140,49464612
2026-01-30 10:00:00,23.100,23.100,22.780,22.800,82106198
2026-01-30 10:30:00,22.790,22.910,22.760,22.780,38715206
2026-01-30 11:00:00,22.780,22.840,22.680,22.740,37021930
2026-01-30 11:30:00,22.740,22.790,22.690,22.740,19332214
2026-01-30 13:30:00,22.750,22.980,22.730,22.910,27256901
2026-01-30 14:00:00,22.910,22.940,22.840,22.840,16345566
2026-01-30 14:30:00,22.850,22.880,22.770,22.800,16318970
2026-01-30 15:00:00,22.800,22.840,22.700,22.700,32757968
2026-02-02 10:00:00,22.610,23.010,22.560,22.920,64739385
2026-02-02 10:30:00,22.910,23.050,22.850,22.860,32535314
2026-02-02 11:00:00,22.860,22.900,22.760,22.790,15998779
2026-02-02 11:30:00,22.790,22.870,22.760,22.770,13056134
2026-02-02 13:30:00,22.760,22.790,22.630,22.650,23363258
2026-02-02 14:00:00,22.660,22.790,22.640,22.760,26022667
2026-02-02 14:30:00,22.760,22.790,22.640,22.650,15671359
2026-02-02 15:00:00,22.660,22.700,22.450,22.530,48401218
2026-02-03 10:00:00,22.680,22.730,22.550,22.640,47640132
2026-02-03 10:30:00,22.650,22.650,22.490,22.510,28126026
2026-02-03 11:00:00,22.510,22.590,22.480,22.570,18435626
2026-02-03 11:30:00,22.570,22.600,22.510,22.590,12176368
2026-02-03 13:30:00,22.590,22.660,22.570,22.630,13251368
2026-02-03 14:00:00,22.620,22.690,22.620,22.640,17551134
2026-02-03 14:30:00,22.640,22.660,22.600,22.640,15222166
2026-02-03 15:00:00,22.640,22.720,22.620,22.700,27547580
2026-02-04 10:00:00,22.600,22.790,22.560,22.690,48134947
2026-02-04 10:30:00,22.690,22.750,22.620,22.650,24904563
2026-02-04 11:00:00,22.650,22.680,22.610,22.610,13612413
2026-02-04 11:30:00,22.620,22.620,22.530,22.570,20175843
2026-02-04 13:30:00,22.580,22.600,22.520,22.590,16254369
2026-02-04 14:00:00,22.590,22.590,22.530,22.560,17563489
2026-02-04 14:30:00,22.560,23.120,22.550,22.880,111276399
2026-02-04 15:00:00,22.880,22.940,22.860,22.890,45646390
2026-02-05 10:00:00,22.750,22.930,22.710,22.890,50130121
2026-02-05 10:30:00,22.890,22.960,22.800,22.860,33601964
2026-02-05 11:00:00,22.850,22.870,22.730,22.750,27258560
2026-02-05 11:30:00,22.760,22.840,22.740,22.770,12032736
2026-02-05 13:30:00,22.780,23.020,22.750,22.990,40237929
2026-02-05 14:00:00,23.000,23.130,22.930,23.000,62269133
2026-02-05 14:30:00,23.000,23.030,22.950,22.970,18493633
2026-02-05 15:00:00,22.970,23.000,22.920,22.930,28015126
2026-02-06 10:00:00,22.780,22.860,22.700,22.780,49515214
2026-02-06 10:30:00,22.770,22.910,22.740,22.870,20822911
2026-02-06 11:00:00,22.870,22.900,22.810,22.820,13523252
2026-02-06 11:30:00,22.830,22.860,22.760,22.810,15249443
2026-02-06 13:30:00,22.810,22.840,22.780,22.800,14030388
2026-02-06 14:00:00,22.810,22.840,22.770,22.790,13600602
2026-02-06 14:30:00,22.800,22.840,22.680,22.710,31790276
2026-02-06 15:00:00,22.700,22.730,22.650,22.660,39290801
2026-02-09 10:00:00,22.810,22.950,22.720,22.880,67995615
2026-02-09 10:30:00,22.870,22.920,22.850,22.900,25635123
2026-02-09 11:00:00,22.900,22.940,22.860,22.880,22562653
2026-02-09 11:30:00,22.880,22.950,22.870,22.920,15586356
2026-02-09 13:30:00,22.920,22.930,22.870,22.900,11803748
2026-02-09 14:00:00,22.890,22.950,22.890,22.900,16279645
2026-02-09 14:30:00,22.900,22.920,22.880,22.910,12634938
2026-02-09 15:00:00,22.910,22.950,22.900,22.950,35802260
2026-02-10 10:00:00,22.920,23.090,22.890,22.950,46062625
2026-02-10 10:30:00,22.960,22.970,22.870,22.900,24344324
2026-02-10 11:00:00,22.890,22.970,22.870,22.940,12956092
2026-02-10 11:30:00,22.940,23.020,22.900,22.970,11436468
2026-02-10 13:30:00,22.960,22.970,22.920,22.920,9777904
2026-02-10 14:00:00,22.920,22.940,22.900,22.910,9230904
2026-02-10 14:30:00,22.900,22.910,22.860,22.860,15658751
2026-02-10 15:00:00,22.870,22.900,22.850,22.890,22784558
2026-02-11 10:00:00,22.850,22.890,22.730,22.760,43035263
2026-02-11 10:30:00,22.760,22.800,22.750,22.800,15426628
2026-02-11 11:00:00,22.790,22.920,22.780,22.870,22519285
2026-02-11 11:30:00,22.870,22.880,22.810,22.850,9016207
2026-02-11 13:30:00,22.860,22.940,22.850,22.890,14000567
2026-02-11 14:00:00,22.880,22.890,22.820,22.830,8975093
2026-02-11 14:30:00,22.830,22.850,22.770,22.770,12912071
2026-02-11 15:00:00,22.780,22.790,22.750,22.770,23580952
2026-02-12 10:00:00,22.750,22.770,22.670,22.720,33223016
2026-02-12 10:30:00,22.730,22.750,22.670,22.690,16785260
2026-02-12 11:00:00,22.680,22.700,22.670,22.690,14360951
2026-02-12 11:30:00,22.690,22.730,22.680,22.690,10683975
2026-02-12 13:30:00,22.700,22.720,22.680,22.700,11819000
2026-02-12 14:00:00,22.690,22.720,22.680,22.690,12291989
2026-02-12 14:30:00,22.680,22.710,22.670,22.670,18252261
2026-02-12 15:00:00,22.680,22.730,22.650,22.660,35945577
2026-02-13 10:00:00,22.700,22.820,22.700,22.730,40663748
2026-02-13 10:30:00,22.720,22.740,22.690,22.690,13660778
2026-02-13 11:00:00,22.690,22.700,22.650,22.690,13549120
2026-02-13 11:30:00,22.690,22.700,22.640,22.670,12302788
2026-02-13 13:30:00,22.650,22.680,22.620,22.620,13140107
2026-02-13 14:00:00,22.620,22.700,22.610,22.650,14296735
2026-02-13 14:30:00,22.640,22.650,22.520,22.540,28980613
2026-02-13 15:00:00,22.540,22.570,22.360,22.370,68843610
2026-02-24 10:00:00,22.490,22.570,22.330,22.370,53116241
2026-02-24 10:30:00,22.370,22.450,22.360,22.410,18113348
2026-02-24 11:00:00,22.410,22.470,22.390,22.450,12316437
2026-02-24 11:30:00,22.450,22.450,22.410,22.430,9222574
2026-02-24 13:30:00,22.430,22.450,22.370,22.380,12173125
2026-02-24 14:00:00,22.390,22.440,22.380,22.420,9178244
2026-02-24 14:30:00,22.420,22.460,22.400,22.410,9163668
2026-02-24 15:00:00,22.410,22.430,22.390,22.410,17930133
2026-02-25 10:00:00,22.470,22.850,22.430,22.790,93805146
2026-02-25 10:30:00,22.790,22.800,22.720,22.770,21924554
2026-02-25 11:00:00,22.770,22.830,22.770,22.830,20843362
2026-02-25 11:30:00,22.830,22.890,22.790,22.880,36241734
2026-02-25 13:30:00,22.870,22.890,22.770,22.770,21390233
2026-02-25 14:00:00,22.780,22.780,22.690,22.690,21479350
2026-02-25 14:30:00,22.690,22.710,22.640,22.650,17332264
2026-02-25 15:00:00,22.660,22.750,22.650,22.740,22947729
2026-02-26 10:00:00,22.690,22.700,22.520,22.550,46653846
2026-02-26 10:30:00,22.560,22.600,22.480,22.490,29611639
2026-02-26 11:00:00,22.490,22.530,22.480,22.500,21024991
2026-02-26 11:30:00,22.510,22.530,22.490,22.510,13174465
2026-02-26 13:30:00,22.520,22.540,22.490,22.510,16046152
2026-02-26 14:00:00,22.520,22.530,22.460,22.470,18085511
2026-02-26 14:30:00,22.460,22.490,22.440,22.450,17948546
2026-02-26 15:00:00,22.460,22.510,22.430,22.500,26608099
2026-02-27 10:00:00,22.460,22.570,22.370,22.460,33780240
2026-02-27 10:30:00,22.460,22.500,22.420,22.500,17152282
2026-02-27 11:00:00,22.490,22.500,22.420,22.440,13271609
2026-02-27 11:30:00,22.440,22.480,22.430,22.430,8891097
2026-02-27 13:30:00,22.440,22.670,22.410,22.610,45384773
2026-02-27 14:00:00,22.600,22.630,22.520,22.530,16707696
2026-02-27 14:30:00,22.540,22.550,22.490,22.500,15630842
2026-02-27 15:00:00,22.500,22.520,22.460,22.520,25862634
2026-03-02 10:00:00,22.260,22.320,22.150,22.180,73081990
2026-03-02 10:30:00,22.180,22.210,21.900,22.000,74228891
2026-03-02 11:00:00,22.000,22.070,21.930,21.960,24910863
2026-03-02 11:30:00,21.960,22.010,21.930,21.990,16524276
2026-03-02 13:30:00,21.990,22.150,21.970,22.070,22741537
2026-03-02 14:00:00,22.070,22.080,21.980,21.990,18444815
2026-03-02 14:30:00,21.990,22.000,21.950,21.960,19310801
2026-03-02 15:00:00,21.960,21.990,21.930,21.950,33433979
2026-03-03 10:00:00,21.930,22.240,21.930,21.940,58755017
2026-03-03 10:30:00,21.940,22.100,21.860,22.030,46480299
2026-03-03 11:00:00,22.030,22.180,22.010,22.170,24865565
2026-03-03 11:30:00,22.170,22.330,22.100,22.140,34429227
2026-03-03 13:30:00,22.140,22.170,22.020,22.020,15295053
2026-03-03 14:00:00,22.030,22.040,21.910,21.920,20214224
2026-03-03 14:30:00,21.930,21.940,21.760,21.880,39526275
2026-03-03 15:00:00,21.880,21.900,21.620,21.640,51196269
2026-03-04 10:00:00,21.430,21.550,21.340,21.470,64533537
2026-03-04 10:30:00,21.460,21.500,21.380,21.390,26209388
2026-03-04 11:00:00,21.390,21.400,21.140,21.150,52812951
2026-03-04 11:30:00,21.150,21.170,20.960,21.000,54881494
2026-03-04 13:30:00,20.990,21.100,20.950,20.990,26606720
2026-03-04 14:00:00,20.990,21.120,20.980,21.030,17854365
2026-03-04 14:30:00,21.030,21.030,20.980,21.000,17934033
2026-03-04 15:00:00,21.000,21.100,20.990,21.020,27716425
2026-03-05 10:00:00,21.330,21.350,21.040,21.050,64673486
2026-03-05 10:30:00,21.060,21.140,20.990,21.100,33159945
2026-03-05 11:00:00,21.090,21.230,21.090,21.210,24495421
2026-03-05 11:30:00,21.210,21.280,21.170,21.240,19697018
2026-03-05 13:30:00,21.230,21.240,21.140,21.150,16042716
2026-03-05 14:00:00,21.140,21.180,21.090,21.090,13134545
2026-03-05 14:30:00,21.090,21.100,21.010,21.060,19165107
2026-03-05 15:00:00,21.060,21.100,21.020,21.090,22438540
2026-03-06 10:00:00,21.000,21.240,20.960,21.180,44174143
2026-03-06 10:30:00,21.190,21.340,21.170,21.290,30496774
2026-03-06 11:00:00,21.290,21.320,21.250,21.290,14126814
2026-03-06 11:30:00,21.290,21.400,21.260,21.350,22232625
2026-03-06 13:30:00,21.340,21.370,21.270,21.300,14943958
2026-03-06 14:00:00,21.290,21.640,21.280,21.500,58014505
2026-03-06 14:30:00,21.500,21.530,21.460,21.520,15658796
2026-03-06 15:00:00,21.520,21.600,21.500,21.560,34171949
2026-03-09 10:00:00,21.150,21.210,21.020,21.110,76749304
2026-03-09 10:30:00,21.110,21.200,21.080,21.100,24154330
2026-03-09 11:00:00,21.100,21.180,21.080,21.160,14945486
2026-03-09 11:30:00,21.170,21.240,21.110,21.180,12958553
2026-03-09 13:30:00,21.170,21.280,21.160,21.260,15104492
2026-03-09 14:00:00,21.260,21.320,21.230,21.280,15722344
2026-03-09 14:30:00,21.280,21.340,21.240,21.250,16148975
2026-03-09 15:00:00,21.250,21.290,21.210,21.230,21513447
2026-03-10 10:00:00,21.420,21.560,21.370,21.410,59021505
2026-03-10 10:30:00,21.420,21.430,21.320,21.320,22211467
2026-03-10 11:00:00,21.320,21.360,21.260,21.290,14547075
2026-03-10 11:30:00,21.300,21.340,21.260,21.310,9455369
2026-03-10 13:30:00,21.320,21.360,21.280,21.320,12183796
2026-03-10 14:00:00,21.310,21.330,21.290,21.330,9938399
2026-03-10 14:30:00,21.330,21.420,21.310,21.330,13810322
2026-03-10 15:00:00,21.320,21.380,21.320,21.360,19918230
2026-03-11 10:00:00,21.350,21.390,21.250,21.290,31914518
2026-03-11 10:30:00,21.290,21.440,21.270,21.440,29511482
2026-03-11 11:00:00,21.440,21.590,21.430,21.500,40311818
2026-03-11 11:30:00,21.490,21.510,21.420,21.460,12011171
2026-03-11 13:30:00,21.470,21.510,21.390,21.390,12156522
2026-03-11 14:00:00,21.390,21.440,21.380,21.440,9924506
2026-03-11 14:30:00,21.440,21.590,21.430,21.490,24146173
2026-03-11 15:00:00,21.500,21.510,21.440,21.470,20278014
2026-03-12 10:00:00,21.380,21.530,21.340,21.430,33001144
2026-03-12 10:30:00,21.440,21.520,21.370,21.390,22230904
2026-03-12 11:00:00,21.390,21.420,21.280,21.320,24725871
2026-03-12 11:30:00,21.320,21.340,21.280,21.280,13324751
2026-03-12 13:30:00,21.290,21.300,21.250,21.270,14609260
2026-03-12 14:00:00,21.280,21.410,21.270,21.350,15855638
2026-03-12 14:30:00,21.350,21.390,21.320,21.340,9122910
2026-03-12 15:00:00,21.340,21.380,21.330,21.360,18779086
2026-03-13 10:00:00,21.300,21.330,21.170,21.220,37494840
2026-03-13 10:30:00,21.230,21.300,21.210,21.240,14757507
2026-03-13 11:00:00,21.240,21.300,21.210,21.270,11665110
2026-03-13 11:30:00,21.270,21.290,21.210,21.220,8277518
2026-03-13 13:30:00,21.220,21.460,21.210,21.270,29638889
2026-03-13 14:00:00,21.270,21.310,21.200,21.210,14481485
2026-03-13 14:30:00,21.200,21.220,21.130,21.150,26562680
2026-03-13 15:00:00,21.140,21.150,21.060,21.100,33372692
2026-03-16 10:00:00,21.090,21.090,20.940,21.040,44301497
2026-03-16 10:30:00,21.030,21.170,21.000,21.070,21016936
2026-03-16 11:00:00,21.080,21.090,21.000,21.040,11058248
2026-03-16 11:30:00,21.040,21.100,21.010,21.090,7697700
2026-03-16 13:30:00,21.090,21.140,21.070,21.100,14033055
2026-03-16 14:00:00,21.100,21.170,21.090,21.130,14375698
2026-03-16 14:30:00,21.130,21.230,21.120,21.160,15237065
2026-03-16 15:00:00,21.170,21.210,21.140,21.210,16986275
2026-03-17 10:00:00,21.300,21.940,21.260,21.880,145263984
2026-03-17 10:30:00,21.880,22.040,21.810,21.960,105088570
2026-03-17 11:00:00,21.950,22.070,21.820,21.870,45058806
2026-03-17 11:30:00,21.880,21.880,21.750,21.780,21137284
2026-03-17 13:30:00,21.770,21.800,21.700,21.730,19567506
2026-03-17 14:00:00,21.720,21.780,21.680,21.690,17200214
2026-03-17 14:30:00,21.690,21.700,21.580,21.600,28832226
2026-03-17 15:00:00,21.610,21.650,21.520,21.560,37854960
2026-03-18 10:00:00,21.450,21.530,21.310,21.350,69673039
2026-03-18 10:30:00,21.340,21.440,21.320,21.390,18633170
2026-03-18 11:00:00,21.390,21.460,21.350,21.390,13825754
2026-03-18 11:30:00,21.390,21.430,21.360,21.380,7914596
2026-03-18 13:30:00,21.380,21.440,21.340,21.340,13773106
2026-03-18 14:00:00,21.350,21.530,21.340,21.390,20618862
2026-03-18 14:30:00,21.400,21.470,21.380,21.470,13555493
2026-03-18 15:00:00,21.470,21.550,21.440,21.510,27584137
2026-03-19 10:00:00,21.340,21.430,21.300,21.370,40376263
2026-03-19 10:30:00,21.370,21.390,21.290,21.340,28742422
2026-03-19 11:00:00,21.340,21.360,21.260,21.300,12970812
2026-03-19 11:30:00,21.310,21.380,21.280,21.330,11244231
2026-03-19 13:30:00,21.350,21.360,21.250,21.290,18730030
2026-03-19 14:00:00,21.280,21.600,21.250,21.460,46929957
2026-03-19 14:30:00,21.450,21.520,21.370,21.400,23612321
2026-03-19 15:00:00,21.400,21.420,21.280,21.330,34777286
2026-03-20 10:00:00,21.200,21.220,20.510,20.630,186644788
2026-03-20 10:30:00,20.630,20.660,20.390,20.480,63897255
2026-03-20 11:00:00,20.470,20.590,20.340,20.360,38878195
2026-03-20 11:30:00,20.370,20.580,20.340,20.520,36946696
2026-03-20 13:30:00,20.530,20.570,20.360,20.390,32671950
2026-03-20 14:00:00,20.380,20.390,20.270,20.350,34292657
2026-03-20 14:30:00,20.340,20.390,20.280,20.340,23704503
2026-03-20 15:00:00,20.350,20.400,20.210,20.210,59730026
2026-03-23 10:00:00,19.780,20.040,19.680,19.960,97249340
2026-03-23 10:30:00,19.960,20.020,19.860,19.860,25867753
2026-03-23 11:00:00,19.870,19.930,19.770,19.930,23939340
2026-03-23 11:30:00,19.930,19.980,19.780,19.790,15989023
2026-03-23 13:30:00,19.790,20.050,19.760,19.760,34014944
2026-03-23 14:00:00,19.770,19.890,19.700,19.750,30949712
2026-03-23 14:30:00,19.740,19.930,19.600,19.790,42530929
2026-03-23 15:00:00,19.800,19.830,19.560,19.610,43499820
2026-03-24 10:00:00,19.870,19.910,19.560,19.570,57911059
2026-03-24 10:30:00,19.580,19.960,19.550,19.950,46664571
2026-03-24 11:00:00,19.940,19.950,19.770,19.780,18834582
2026-03-24 11:30:00,19.780,19.800,19.710,19.730,9856878
2026-03-24 13:30:00,19.730,19.750,19.600,19.620,14997022
2026-03-24 14:00:00,19.610,19.660,19.560,19.580,14919054
2026-03-24 14:30:00,19.570,19.770,19.560,19.720,18582956
2026-03-24 15:00:00,19.730,19.790,19.720,19.770,27035985
2026-03-25 10:00:00,19.750,19.950,19.730,19.880,59199840
2026-03-25 10:30:00,19.870,19.920,19.840,19.890,27145088
2026-03-25 11:00:00,19.890,19.950,19.830,19.830,20493036
2026-03-25 11:30:00,19.830,19.850,19.760,19.790,17933039
2026-03-25 13:30:00,19.790,19.850,19.780,19.830,13568212
2026-03-25 14:00:00,19.840,20.150,19.830,19.950,48882725
2026-03-25 14:30:00,19.950,19.980,19.880,19.900,12810005
2026-03-25 15:00:00,19.900,19.950,19.880,19.900,24952893
2026-03-26 10:00:00,19.810,19.820,19.640,19.660,46032113
2026-03-26 10:30:00,19.660,19.670,19.560,19.570,35482972
2026-03-26 11:00:00,19.570,19.610,19.330,19.400,48056756
2026-03-26 11:30:00,19.400,19.410,19.290,19.360,27487881
2026-03-26 13:30:00,19.370,19.380,19.120,19.160,41907261
2026-03-26 14:00:00,19.160,19.230,19.150,19.160,24397972
2026-03-26 14:30:00,19.160,19.200,19.130,19.180,18493518
2026-03-26 15:00:00,19.170,19.190,19.100,19.120,37556993
2026-03-27 10:00:00,18.930,19.230,18.890,19.120,45642554
2026-03-27 10:30:00,19.120,19.240,19.100,19.160,18895109
2026-03-27 11:00:00,19.160,19.210,19.080,19.100,15730199
2026-03-27 11:30:00,19.100,19.190,19.090,19.160,11921445
2026-03-27 13:30:00,19.160,19.390,19.160,19.290,36082113
2026-03-27 14:00:00,19.290,19.350,19.230,19.240,16295448
2026-03-27 14:30:00,19.240,19.260,19.200,19.210,13311631
2026-03-27 15:00:00,19.220,19.270,19.210,19.210,23459154
2026-03-30 10:00:00,18.920,19.090,18.830,18.860,58426401
2026-03-30 10:30:00,18.860,19.120,18.850,19.020,22772502
2026-03-30 11:00:00,19.020,19.070,18.990,19.040,9614752
2026-03-30 11:30:00,19.040,19.150,19.030,19.130,10509864
2026-03-30 13:30:00,19.140,19.150,19.000,19.000,14693032
2026-03-30 14:00:00,19.010,19.050,18.960,19.000,13686573
2026-03-30 14:30:00,18.990,19.050,18.980,19.030,9954417
2026-03-30 15:00:00,19.030,19.090,19.030,19.070,18780337
2026-03-31 10:00:00,19.070,19.370,19.070,19.220,51304065
2026-03-31 10:30:00,19.230,19.260,19.180,19.180,16332915
2026-03-31 11:00:00,19.190,19.200,19.110,19.130,13739711
2026-03-31 11:30:00,19.130,19.130,19.040,19.060,14238528
2026-03-31 13:30:00,19.050,19.110,19.000,19.030,13540172
2026-03-31 14:00:00,19.030,19.090,18.970,19.040,13588077
2026-03-31 14:30:00,19.040,19.040,18.920,18.920,17411383
2026-03-31 15:00:00,18.930,18.960,18.850,18.890,29051376
2026-04-01 10:00:00,19.200,19.280,19.080,19.090,58408667
2026-04-01 10:30:00,19.080,19.290,19.080,19.220,32027581
2026-04-01 11:00:00,19.220,19.290,19.200,19.240,19914344
2026-04-01 11:30:00,19.250,19.260,19.180,19.190,8360921
2026-04-01 13:30:00,19.200,19.240,19.180,19.240,9003181
2026-04-01 14:00:00,19.240,19.250,19.120,19.130,14013577
2026-04-01 14:30:00,19.140,19.180,19.120,19.180,10276844
2026-04-01 15:00:00,19.170,19.200,19.160,19.190,20835071
2026-04-02 10:00:00,19.110,19.120,18.940,18.980,40191098
2026-04-02 10:30:00,18.980,18.980,18.890,18.900,25280691
2026-04-02 11:00:00,18.910,18.960,18.880,18.920,13741643
2026-04-02 11:30:00,18.930,18.930,18.890,18.900,8441665
2026-04-02 13:30:00,18.900,18.910,18.800,18.830,26002600
2026-04-02 14:00:00,18.830,18.840,18.710,18.720,22175701
2026-04-02 14:30:00,18.720,18.820,18.680,18.770,21175695
2026-04-02 15:00:00,18.770,18.790,18.700,18.750,22565798
