date,open,high,low,close,volume
2025-03-27 14:30:00,24.940,25.040,24.930,24.990,1457150
2025-03-27 15:00:00,25.000,25.040,24.980,25.000,2335479
2025-03-28 10:00:00,24.930,25.180,24.850,25.110,4209749
2025-03-28 10:30:00,25.100,25.390,25.080,25.170,5895812
2025-03-28 11:00:00,25.180,25.200,25.010,25.040,2162750
2025-03-28 11:30:00,25.040,25.060,24.920,24.980,1267200
2025-03-28 13:30:00,24.980,25.000,24.820,24.830,1410000
2025-03-28 14:00:00,24.830,24.940,24.790,24.890,1161200
2025-03-28 14:30:00,24.900,24.900,24.800,24.840,807300
2025-03-28 15:00:00,24.830,24.890,24.790,24.800,1551373
2025-03-31 10:00:00,24.540,24.670,24.330,24.480,5004800
2025-03-31 10:30:00,24.480,24.600,24.310,24.310,2046400
2025-03-31 11:00:00,24.310,24.360,24.210,24.230,2276000
2025-03-31 11:30:00,24.230,24.330,24.140,24.140,1802150
2025-03-31 13:30:00,24.140,24.280,24.110,24.220,1069850
2025-03-31 14:00:00,24.230,24.250,24.140,24.150,955900
2025-03-31 14:30:00,24.150,24.380,24.130,24.280,1085030
2025-03-31 15:00:00,24.280,24.370,24.270,24.270,1410900
2025-04-01 10:00:00,24.340,25.460,24.340,25.450,12799524
2025-04-01 10:30:00,25.440,25.540,25.200,25.270,9016250
2025-04-01 11:00:00,25.270,26.230,25.250,25.870,16466650
2025-04-01 11:30:00,25.890,25.900,25.620,25.690,3126750
2025-04-01 13:30:00,25.690,25.720,25.520,25.590,2564350
2025-04-01 14:00:00,25.580,25.580,25.350,25.510,2421200
2025-04-01 14:30:00,25.510,25.510,25.440,25.490,1273500
2025-04-01 15:00:00,25.480,25.550,25.470,25.500,3292800
2025-04-02 10:00:00,25.360,25.650,25.200,25.340,7246700
2025-04-02 10:30:00,25.350,25.390,25.190,25.250,3204148
2025-04-02 11:00:00,25.250,25.380,25.190,25.310,1635721
2025-04-02 11:30:00,25.310,25.330,25.230,25.270,725350
2025-04-02 13:30:00,25.270,25.290,25.100,25.190,2175900
2025-04-02 14:00:00,25.190,25.200,25.090,25.110,1488100
2025-04-02 14:30:00,25.120,25.160,25.080,25.100,1299400
2025-04-02 15:00:00,25.100,25.140,25.040,25.120,2273500
2025-04-03 10:00:00,24.900,25.550,24.860,25.290,8751872
2025-04-03 10:30:00,25.310,25.380,25.220,25.340,2372529
2025-04-03 11:00:00,25.340,25.350,25.140,25.140,1349900
2025-04-03 11:30:00,25.150,25.220,25.060,25.090,1328150
2025-04-03 13:30:00,25.090,25.150,25.030,25.130,1122750
2025-04-03 14:00:00,25.130,25.230,25.070,25.200,1349800
2025-04-03 14:30:00,25.190,25.250,25.110,25.170,1144700
2025-04-03 15:00:00,25.170,25.260,25.150,25.210,2668350
2025-04-07 10:00:00,23.500,24.180,22.000,22.910,18228602
2025-04-07 10:30:00,22.920,23.140,22.770,22.980,4061700
2025-04-07 11:00:00,22.980,23.200,22.850,22.960,2134700
2025-04-07 11:30:00,22.960,22.960,22.760,22.830,1507000
2025-04-07 13:30:00,22.830,22.850,22.490,22.610,2971289
2025-04-07 14:00:00,22.600,22.820,22.170,22.170,3996663
2025-04-07 14:30:00,22.180,22.180,21.110,21.450,7867206
2025-04-07 15:00:00,21.460,22.030,21.370,21.760,6066281
2025-04-08 10:00:00,22.300,22.810,22.160,22.440,12120096
2025-04-08 10:30:00,22.440,22.490,22.300,22.340,2089550
2025-04-08 11:00:00,22.340,22.470,22.270,22.290,1133600
2025-04-08 11:30:00,22.290,22.450,22.270,22.400,1423960
2025-04-08 13:30:00,22.400,22.430,22.130,22.210,2160040
2025-04-08 14:00:00,22.200,22.350,22.090,22.200,2117050
2025-04-08 14:30:00,22.220,22.350,22.170,22.340,1877300
2025-04-08 15:00:00,22.340,22.570,22.320,22.540,3430367
2025-04-09 10:00:00,22.130,22.280,21.640,22.240,8368663
2025-04-09 10:30:00,22.230,22.650,22.230,22.510,4248150
2025-04-09 11:00:00,22.510,22.570,22.370,22.550,1518700
2025-04-09 11:30:00,22.560,22.640,22.350,22.550,1349110
2025-04-09 13:30:00,22.560,22.560,22.400,22.510,1648550
2025-04-09 14:00:00,22.500,22.740,22.470,22.640,3574050
2025-04-09 14:30:00,22.640,22.740,22.550,22.690,2244180
2025-04-09 15:00:00,22.700,22.810,22.630,22.680,3551515
2025-04-10 10:00:00,23.010,23.480,22.810,23.380,10537484
2025-04-10 10:30:00,23.380,23.680,23.260,23.520,4471750
2025-04-10 11:00:00,23.530,23.530,23.350,23.380,2238438
2025-04-10 11:30:00,23.380,23.430,23.300,23.320,1688600
2025-04-10 13:30:00,23.320,23.500,23.250,23.480,2110800
2025-04-10 14:00:00,23.480,23.650,23.430,23.550,2223945
2025-04-10 14:30:00,23.550,23.660,23.480,23.550,2106600
2025-04-10 15:00:00,23.540,23.570,23.400,23.400,2836350
2025-04-11 10:00:00,23.100,23.280,23.070,23.220,4127350
2025-04-11 10:30:00,23.210,23.260,22.940,22.980,3810746
2025-04-11 11:00:00,22.970,23.020,22.760,22.760,3610815
2025-04-11 11:30:00,22.760,22.980,22.740,22.960,1614638
2025-04-11 13:30:00,22.970,23.170,22.960,23.090,2362900
2025-04-11 14:00:00,23.090,23.190,23.060,23.120,1983400
2025-04-11 14:30:00,23.120,23.170,23.020,23.030,1273352
2025-04-11 15:00:00,23.040,23.050,22.970,23.010,2497841
2025-04-14 10:00:00,23.150,23.370,23.010,23.300,5220676
2025-04-14 10:30:00,23.300,23.330,23.180,23.290,1969350
2025-04-14 11:00:00,23.300,23.360,23.260,23.290,1612700
2025-04-14 11:30:00,23.290,23.350,23.240,23.250,1240800
2025-04-14 13:30:00,23.250,23.260,23.110,23.140,1604550
2025-04-14 14:00:00,23.150,23.170,23.100,23.120,915800
2025-04-14 14:30:00,23.130,23.170,23.070,23.120,1075221
2025-04-14 15:00:00,23.120,23.180,23.110,23.160,1731850
2025-04-15 10:00:00,23.200,23.200,22.800,22.850,4024500
2025-04-15 10:30:00,22.850,22.930,22.800,22.890,1479302
2025-04-15 11:00:00,22.890,23.020,22.830,22.880,1245300
2025-04-15 11:30:00,22.880,22.910,22.810,22.890,909350
2025-04-15 13:30:00,22.890,22.900,22.740,22.810,1871950
2025-04-15 14:00:00,22.810,22.840,22.760,22.810,967300
2025-04-15 14:30:00,22.820,22.850,22.780,22.800,676200
2025-04-15 15:00:00,22.810,22.880,22.800,22.850,1840750
2025-04-16 10:00:00,22.660,22.700,22.420,22.460,4247912
2025-04-16 10:30:00,22.460,22.460,22.300,22.300,2684788
2025-04-16 11:00:00,22.300,22.380,22.250,22.290,1971350
2025-04-16 11:30:00,22.290,22.290,22.040,22.040,2307300
2025-04-16 13:30:00,22.050,22.180,22.000,22.120,2240238
2025-04-16 14:00:00,22.110,22.230,22.050,22.120,1589136
2025-04-16 14:30:00,22.120,22.220,22.110,22.150,926400
2025-04-16 15:00:00,22.150,22.380,22.090,22.330,3365442
2025-04-17 10:00:00,22.190,22.390,22.100,22.360,2232050
2025-04-17 10:30:00,22.350,22.400,22.300,22.340,1212118
2025-04-17 11:00:00,22.340,22.380,22.280,22.320,608200
2025-04-17 11:30:00,22.320,22.350,22.240,22.340,1043050
2025-04-17 13:30:00,22.340,22.350,22.200,22.220,908500
2025-04-17 14:00:00,22.220,22.290,22.210,22.260,608347
2025-04-17 14:30:00,22.270,22.310,22.210,22.260,817000
2025-04-17 15:00:00,22.270,22.270,22.140,22.150,2789292
2025-04-18 10:00:00,22.110,22.350,22.110,22.130,2580300
2025-04-18 10:30:00,22.120,22.130,22.040,22.070,1244350
2025-04-18 11:00:00,22.060,22.120,22.040,22.060,679200
2025-04-18 11:30:00,22.060,22.080,22.010,22.030,756350
2025-04-18 13:30:00,22.050,22.100,22.040,22.080,589700
2025-04-18 14:00:00,22.080,22.280,22.070,22.260,1227619
2025-04-18 14:30:00,22.260,22.280,22.210,22.220,732600
2025-04-18 15:00:00,22.230,22.300,22.200,22.290,1980250
2025-04-21 10:00:00,22.150,22.270,22.000,22.240,3405400
2025-04-21 10:30:00,22.240,22.310,22.190,22.220,1603325
2025-04-21 11:00:00,22.210,22.220,22.100,22.130,1596580
2025-04-21 11:30:00,22.130,22.150,22.020,22.090,1727900
2025-04-21 13:30:00,22.100,22.150,22.050,22.110,1084919
2025-04-21 14:00:00,22.110,22.130,22.080,22.110,1371667
2025-04-21 14:30:00,22.120,22.130,22.070,22.090,1709464
2025-04-21 15:00:00,22.090,22.100,21.670,21.720,9789182
2025-04-22 10:00:00,20.150,20.580,19.840,20.020,28148504
2025-04-22 10:30:00,20.020,20.170,19.850,20.000,7327139
2025-04-22 11:00:00,20.000,20.200,19.990,20.060,3761683
2025-04-22 11:30:00,20.070,20.080,19.950,19.980,2399471
2025-04-22 13:30:00,19.980,20.280,19.940,20.160,3049314
2025-04-22 14:00:00,20.160,20.200,20.120,20.170,1622722
2025-04-22 14:30:00,20.170,20.260,20.140,20.200,2510049
2025-04-22 15:00:00,20.200,20.240,20.170,20.230,3202262
2025-04-23 10:00:00,20.200,20.330,20.010,20.060,9031889
2025-04-23 10:30:00,20.060,20.070,19.970,19.980,4036159
2025-04-23 11:00:00,19.970,20.050,19.960,20.020,1773136
2025-04-23 11:30:00,20.020,20.070,20.000,20.040,1127250
2025-04-23 13:30:00,20.040,20.220,20.020,20.170,2320900
2025-04-23 14:00:00,20.180,20.190,20.110,20.130,1230700
2025-04-23 14:30:00,20.140,20.140,20.030,20.100,1396700
2025-04-23 15:00:00,20.090,20.100,20.050,20.080,2195854
2025-04-24 10:00:00,20.080,20.210,19.860,19.990,6803735
2025-04-24 10:30:00,19.990,20.080,19.970,20.020,1448500
2025-04-24 11:00:00,20.020,20.080,19.900,19.950,1855250
2025-04-24 11:30:00,19.940,19.950,19.800,19.860,3344404
2025-04-24 13:30:00,19.850,19.880,19.810,19.830,1401254
2025-04-24 14:00:00,19.840,19.890,19.830,19.880,1258043
2025-04-24 14:30:00,19.880,19.880,19.760,19.770,2785758
2025-04-24 15:00:00,19.780,19.820,19.650,19.700,4304272
2025-04-25 10:00:00,19.700,19.990,19.700,19.840,5437380
2025-04-25 10:30:00,19.840,19.910,19.810,19.870,1479389
2025-04-25 11:00:00,19.890,20.060,19.870,19.940,2356949
2025-04-25 11:30:00,19.930,20.060,19.920,19.990,1567150
2025-04-25 13:30:00,20.000,20.020,19.920,19.920,1089600
2025-04-25 14:00:00,19.920,19.950,19.840,19.840,1281600
2025-04-25 14:30:00,19.840,19.870,19.820,19.840,1340000
2025-04-25 15:00:00,19.840,19.870,19.840,19.850,2298182
2025-04-28 10:00:00,19.790,19.800,19.190,19.230,10155082
2025-04-28 10:30:00,19.240,19.300,19.190,19.250,4090531
2025-04-28 11:00:00,19.250,19.320,19.230,19.260,1452349
2025-04-28 11:30:00,19.270,19.330,19.240,19.260,1016650
2025-04-28 13:30:00,19.270,19.300,19.230,19.280,1297400
2025-04-28 14:00:00,19.280,19.300,19.230,19.240,1060416
2025-04-28 14:30:00,19.240,19.250,19.200,19.240,1333637
2025-04-28 15:00:00,19.240,19.240,19.200,19.210,2719126
2025-04-29 10:00:00,19.190,19.300,19.050,19.220,3511600
2025-04-29 10:30:00,19.230,19.280,19.160,19.170,1839870
2025-04-29 11:00:00,19.180,19.200,19.100,19.120,1152500
2025-04-29 11:30:00,19.120,19.170,19.120,19.140,847100
2025-04-29 13:30:00,19.150,19.150,18.900,18.920,4729300
2025-04-29 14:00:00,18.910,18.920,18.750,18.830,4724581
2025-04-29 14:30:00,18.830,18.910,18.830,18.840,2123414
2025-04-29 15:00:00,18.830,18.840,18.700,18.750,5374522
2025-04-30 10:00:00,18.750,18.940,18.710,18.850,5613450
2025-04-30 10:30:00,18.840,18.900,18.810,18.880,2037250
2025-04-30 11:00:00,18.880,18.890,18.820,18.830,1074500
2025-04-30 11:30:00,18.830,18.980,18.830,18.960,2342250
2025-04-30 13:30:00,18.960,19.000,18.900,18.920,1562950
2025-04-30 14:00:00,18.930,18.930,18.880,18.900,858200
2025-04-30 14:30:00,18.900,18.910,18.870,18.880,1116964
2025-04-30 15:00:00,18.890,18.890,18.810,18.840,2902739
2025-05-06 10:00:00,19.040,19.340,19.000,19.290,8481030
2025-05-06 10:30:00,19.290,19.510,19.290,19.450,5859656
2025-05-06 11:00:00,19.450,19.500,19.410,19.450,2188641
2025-05-06 11:30:00,19.460,19.520,19.440,19.520,1747111
2025-05-06 13:30:00,19.520,19.530,19.400,19.430,1937192
2025-05-06 14:00:00,19.430,19.480,19.410,19.430,1166133
2025-05-06 14:30:00,19.430,19.450,19.420,19.430,930300
2025-05-06 15:00:00,19.430,19.510,19.420,19.500,2824576
2025-05-07 10:00:00,19.760,19.820,19.420,19.470,7393633
2025-05-07 10:30:00,19.460,19.510,19.320,19.360,2636300
2025-05-07 11:00:00,19.360,19.410,19.340,19.400,1366200
2025-05-07 11:30:00,19.400,19.450,19.350,19.370,980200
2025-05-07 13:30:00,19.380,19.430,19.330,19.340,1229000
2025-05-07 14:00:00,19.350,19.370,19.310,19.310,1204922
2025-05-07 14:30:00,19.300,19.320,19.250,19.310,1575850
2025-05-07 15:00:00,19.330,19.410,19.310,19.410,2025872
2025-05-08 10:00:00,19.340,19.480,19.250,19.480,3504218
2025-05-08 10:30:00,19.470,19.510,19.380,19.480,1952523
2025-05-08 11:00:00,19.480,19.510,19.440,19.510,1649700
2025-05-08 11:30:00,19.500,19.530,19.480,19.530,1603600
2025-05-08 13:30:00,19.520,19.570,19.470,19.490,1354450
2025-05-08 14:00:00,19.480,19.500,19.450,19.490,815607
2025-05-08 14:30:00,19.500,19.560,19.480,19.530,1301000
2025-05-08 15:00:00,19.520,19.560,19.510,19.560,2567996
2025-05-09 10:00:00,19.500,19.500,19.340,19.390,3744750
2025-05-09 10:30:00,19.390,19.460,19.360,19.380,1296650
2025-05-09 11:00:00,19.370,19.390,19.220,19.250,2258000
2025-05-09 11:30:00,19.250,19.300,19.230,19.280,1002300
2025-05-09 13:30:00,19.280,19.330,19.250,19.320,689550
2025-05-09 14:00:00,19.320,19.380,19.310,19.370,774500
2025-05-09 14:30:00,19.370,19.380,19.270,19.290,739750
2025-05-09 15:00:00,19.290,19.310,19.250,19.260,2043250
2025-05-12 10:00:00,19.420,19.450,19.310,19.390,3495500
2025-05-12 10:30:00,19.380,19.460,19.360,19.440,2201000
2025-05-12 11:00:00,19.430,19.450,19.410,19.440,916545
2025-05-12 11:30:00,19.440,19.450,19.400,19.400,689641
2025-05-12 13:30:00,19.410,19.420,19.360,19.410,979509
2025-05-12 14:00:00,19.410,19.450,19.400,19.450,1139150
2025-05-12 14:30:00,19.440,19.510,19.440,19.500,1948450
2025-05-12 15:00:00,19.500,19.570,19.480,19.570,2860027
2025-05-13 10:00:00,19.760,19.880,19.580,19.740,7544050
2025-05-13 10:30:00,19.750,19.750,19.590,19.610,2768950
2025-05-13 11:00:00,19.610,19.650,19.550,19.650,1637950
2025-05-13 11:30:00,19.630,19.630,19.490,19.500,1202600
2025-05-13 13:30:00,19.500,19.560,19.490,19.540,888300
2025-05-13 14:00:00,19.530,19.610,19.500,19.610,1029900
2025-05-13 14:30:00,19.600,19.690,19.590,19.600,1133571
2025-05-13 15:00:00,19.600,19.610,19.550,19.590,2014400
2025-05-14 10:00:00,19.600,19.630,19.330,19.400,4257860
2025-05-14 10:30:00,19.390,19.410,19.310,19.330,1904150
2025-05-14 11:00:00,19.330,19.360,19.300,19.360,1211350
2025-05-14 11:30:00,19.360,19.400,19.320,19.340,912100
2025-05-14 13:30:00,19.340,19.480,19.340,19.450,1942100
2025-05-14 14:00:00,19.450,19.720,19.420,19.570,3683600
2025-05-14 14:30:00,19.570,19.580,19.500,19.540,1356700
2025-05-14 15:00:00,19.550,19.610,19.540,19.610,2195416
2025-05-15 10:00:00,19.540,19.560,19.350,19.360,3373600
2025-05-15 10:30:00,19.350,19.510,19.320,19.480,2025400
2025-05-15 11:00:00,19.480,19.520,19.440,19.440,1133750
2025-05-15 11:30:00,19.460,19.460,19.370,19.400,980300
2025-05-15 13:30:00,19.410,19.470,19.360,19.390,928350
2025-05-15 14:00:00,19.370,19.390,19.340,19.350,1063550
2025-05-15 14:30:00,19.350,19.390,19.330,19.350,1020041
2025-05-15 15:00:00,19.350,19.360,19.320,19.360,2106000
2025-05-16 10:00:00,19.330,19.410,19.220,19.390,3364400
2025-05-16 10:30:00,19.390,19.430,19.250,19.260,1998700
2025-05-16 11:00:00,19.260,19.320,19.260,19.310,636050
2025-05-16 11:30:00,19.300,19.330,19.290,19.320,620550
2025-05-16 13:30:00,19.310,19.400,19.300,19.360,876741
2025-05-16 14:00:00,19.360,19.400,19.350,19.400,892100
2025-05-16 14:30:00,19.400,19.600,19.320,19.500,3028200
2025-05-16 15:00:00,19.500,19.510,19.450,19.470,2915600
2025-05-19 10:00:00,19.500,19.630,19.360,19.390,4820050
2025-05-19 10:30:00,19.390,19.420,19.320,19.350,2208126
2025-05-19 11:00:00,19.350,19.420,19.330,19.380,977350
2025-05-19 11:30:00,19.380,19.420,19.360,19.360,522900
2025-05-19 13:30:00,19.370,19.420,19.350,19.400,666700
2025-05-19 14:00:00,19.400,19.590,19.400,19.450,2017200
2025-05-19 14:30:00,19.450,19.500,19.430,19.460,714450
2025-05-19 15:00:00,19.470,19.490,19.450,19.470,1394633
2025-05-20 10:00:00,19.470,20.390,19.450,20.230,22919102
2025-05-20 10:30:00,20.230,20.350,20.110,20.230,5673664
2025-05-20 11:00:00,20.230,20.420,20.230,20.410,6146800
2025-05-20 11:30:00,20.400,20.490,20.290,20.350,3810850
2025-05-20 13:30:00,20.350,20.390,20.210,20.260,2714402
2025-05-20 14:00:00,20.250,20.260,20.160,20.200,1962850
2025-05-20 14:30:00,20.200,20.220,20.160,20.200,1621800
2025-05-20 15:00:00,20.190,20.220,20.170,20.210,3781967
2025-05-21 10:00:00,20.100,20.160,19.930,20.000,8415326
2025-05-21 10:30:00,20.000,20.080,19.910,19.980,3995850
2025-05-21 11:00:00,19.980,20.000,19.870,19.940,2824900
2025-05-21 11:30:00,19.940,19.960,19.910,19.930,1293850
2025-05-21 13:30:00,19.940,19.950,19.870,19.910,1986350
2025-05-21 14:00:00,19.910,19.920,19.800,19.820,2624750
2025-05-21 14:30:00,19.820,19.890,19.800,19.880,1744050
2025-05-21 15:00:00,19.880,19.910,19.850,19.880,2832500
2025-05-22 10:00:00,19.830,19.850,19.620,19.670,5573850
2025-05-22 10:30:00,19.680,19.720,19.630,19.650,1805250
2025-05-22 11:00:00,19.650,19.650,19.480,19.480,3793964
2025-05-22 11:30:00,19.490,19.580,19.480,19.560,1452107
2025-05-22 13:30:00,19.570,19.580,19.510,19.550,891650
2025-05-22 14:00:00,19.550,19.590,19.530,19.580,897870
2025-05-22 14:30:00,19.580,19.610,19.510,19.560,1213980
2025-05-22 15:00:00,19.560,19.600,19.490,19.550,2430000
2025-05-23 10:00:00,19.550,19.750,19.510,19.620,4471350
2025-05-23 10:30:00,19.630,19.840,19.570,19.700,3180597
2025-05-23 11:00:00,19.690,19.760,19.690,19.750,1418300
2025-05-23 11:30:00,19.750,19.780,19.720,19.750,1219050
2025-05-23 13:30:00,19.740,19.750,19.680,19.700,1051650
2025-05-23 14:00:00,19.690,19.700,19.630,19.630,1362200
2025-05-23 14:30:00,19.620,19.630,19.360,19.370,3374500
2025-05-23 15:00:00,19.360,19.390,19.290,19.320,3391700
2025-05-26 10:00:00,19.350,19.360,19.090,19.130,4623500
2025-05-26 10:30:00,19.120,19.240,19.110,19.180,1224750
2025-05-26 11:00:00,19.190,19.190,19.110,19.130,1463650
2025-05-26 11:30:00,19.120,19.140,19.030,19.060,1957470
2025-05-26 13:30:00,19.050,19.090,19.010,19.030,1554144
2025-05-26 14:00:00,19.030,19.120,19.020,19.090,1193400
2025-05-26 14:30:00,19.100,19.130,19.070,19.090,959250
2025-05-26 15:00:00,19.090,19.140,19.080,19.130,1858482
2025-05-27 10:00:00,19.100,19.210,19.000,19.170,3351500
2025-05-27 10:30:00,19.170,19.190,19.110,19.140,1503650
2025-05-27 11:00:00,19.140,19.200,19.130,19.150,1210000
2025-05-27 11:30:00,19.140,19.150,19.080,19.090,665000
2025-05-27 13:30:00,19.090,19.210,19.080,19.140,952900
2025-05-27 14:00:00,19.140,19.210,19.130,19.210,1075730
2025-05-27 14:30:00,19.200,19.310,19.200,19.250,2124100
2025-05-27 15:00:00,19.240,19.270,19.230,19.270,1471372
2025-05-28 10:00:00,19.260,19.270,19.060,19.130,3070150
2025-05-28 10:30:00,19.130,19.130,18.940,18.950,3483150
2025-05-28 11:00:00,18.950,18.990,18.910,18.950,1600600
2025-05-28 11:30:00,18.960,18.970,18.920,18.930,1070401
2025-05-28 13:30:00,18.920,18.980,18.920,18.970,652500
2025-05-28 14:00:00,18.960,18.970,18.910,18.950,948300
2025-05-28 14:30:00,18.940,18.950,18.860,18.920,1875647
2025-05-28 15:00:00,18.920,18.930,18.870,18.900,1775834
2025-05-29 10:00:00,18.810,19.250,18.780,19.180,5106384
2025-05-29 10:30:00,19.180,19.260,19.140,19.230,3045853
2025-05-29 11:00:00,19.220,19.300,19.200,19.240,2456482
2025-05-29 11:30:00,19.240,19.250,19.200,19.230,1051800
2025-05-29 13:30:00,19.230,19.400,19.220,19.370,2472200
2025-05-29 14:00:00,19.370,19.420,19.330,19.420,2567300
2025-05-29 14:30:00,19.420,19.440,19.380,19.390,1915800
2025-05-29 15:00:00,19.400,19.430,19.390,19.430,3047350
2025-05-30 10:00:00,19.340,19.480,19.150,19.190,4800900
2025-05-30 10:30:00,19.190,19.240,19.170,19.240,1916500
2025-05-30 11:00:00,19.240,19.360,19.210,19.320,1560800
2025-05-30 11:30:00,19.330,19.670,19.310,19.400,4907050
2025-05-30 13:30:00,19.390,19.410,19.310,19.350,1433100
2025-05-30 14:00:00,19.340,19.360,19.260,19.260,1144300
2025-05-30 14:30:00,19.260,19.260,19.180,19.220,1945650
2025-05-30 15:00:00,19.210,19.230,19.140,19.140,3769573
2025-06-03 10:00:00,18.990,19.440,18.890,19.390,6320350
2025-06-03 10:30:00,19.390,19.470,19.280,19.320,2635551
2025-06-03 11:00:00,19.310,19.320,19.180,19.240,1781150
2025-06-03 11:30:00,19.240,19.340,19.240,19.250,939548
2025-06-03 13:30:00,19.260,19.290,19.200,19.260,907500
2025-06-03 14:00:00,19.270,19.320,19.220,19.310,829850
2025-06-03 14:30:00,19.310,19.450,19.300,19.440,2228903
2025-06-03 15:00:00,19.440,19.510,19.420,19.490,4047155
2025-06-04 10:00:00,19.500,19.690,19.350,19.600,5109600
2025-06-04 10:30:00,19.600,19.970,19.520,19.750,5279869
2025-06-04 11:00:00,19.750,19.760,19.610,19.720,2112294
2025-06-04 11:30:00,19.720,19.960,19.710,19.840,4164957
2025-06-04 13:30:00,19.830,19.880,19.780,19.800,1450150
2025-06-04 14:00:00,19.790,19.810,19.740,19.780,1171800
2025-06-04 14:30:00,19.780,19.800,19.750,19.780,1303000
2025-06-04 15:00:00,19.780,19.790,19.730,19.780,2473500
2025-06-05 10:00:00,19.720,19.820,19.430,19.490,6628600
2025-06-05 10:30:00,19.480,19.570,19.440,19.490,1917250
2025-06-05 11:00:00,19.490,19.510,19.440,19.480,1494450
2025-06-05 11:30:00,19.480,19.540,19.460,19.520,895400
2025-06-05 13:30:00,19.540,19.670,19.480,19.520,1938525
2025-06-05 14:00:00,19.520,19.560,19.480,19.560,1842800
2025-06-05 14:30:00,19.560,19.790,19.550,19.780,3179550
2025-06-05 15:00:00,19.780,20.080,19.760,19.930,8763950
2025-06-06 10:00:00,19.930,20.180,19.640,19.700,6935700
2025-06-06 10:30:00,19.710,19.720,19.580,19.590,3217100
2025-06-06 11:00:00,19.600,19.640,19.580,19.600,1581700
2025-06-06 11:30:00,19.610,19.620,19.540,19.550,1886900
2025-06-06 13:30:00,19.550,19.560,19.510,19.530,1625002
2025-06-06 14:00:00,19.530,19.580,19.480,19.510,2140248
2025-06-06 14:30:00,19.500,19.530,19.480,19.500,1579800
2025-06-06 15:00:00,19.500,19.530,19.490,19.500,2667618
2025-06-09 10:00:00,19.510,20.340,19.510,20.060,16387150
2025-06-09 10:30:00,20.060,20.200,20.050,20.190,4029263
2025-06-09 11:00:00,20.200,20.800,20.180,20.520,13687431
2025-06-09 11:30:00,20.520,20.540,20.320,20.340,3113800
2025-06-09 13:30:00,20.340,20.360,20.240,20.280,2626350
2025-06-09 14:00:00,20.280,20.310,20.240,20.290,1728400
2025-06-09 14:30:00,20.280,20.290,20.200,20.210,1876750
2025-06-09 15:00:00,20.220,20.230,20.180,20.190,3890004
2025-06-10 10:00:00,20.300,20.300,20.090,20.100,7130000
2025-06-10 10:30:00,20.090,20.100,19.960,20.000,3871150
2025-06-10 11:00:00,20.010,20.150,20.000,20.100,1657000
2025-06-10 11:30:00,20.110,20.210,20.050,20.060,1950050
2025-06-10 13:30:00,20.060,20.080,19.720,19.740,4902250
2025-06-10 14:00:00,19.740,19.960,19.700,19.930,3048550
2025-06-10 14:30:00,19.940,19.970,19.860,19.880,2085850
2025-06-10 15:00:00,19.880,19.930,19.860,19.890,2410550
2025-06-11 10:00:00,20.010,20.080,19.810,19.990,5095249
2025-06-11 10:30:00,19.990,20.050,19.880,19.920,2409250
2025-06-11 11:00:00,19.910,19.950,19.850,19.870,1636650
2025-06-11 11:30:00,19.860,19.880,19.830,19.870,1064050
2025-06-11 13:30:00,19.870,19.890,19.810,19.850,1543750
2025-06-11 14:00:00,19.860,19.910,19.840,19.860,962200
2025-06-11 14:30:00,19.860,19.870,19.810,19.840,1726050
2025-06-11 15:00:00,19.840,19.840,19.770,19.790,3111100
2025-06-12 10:00:00,19.730,19.900,19.650,19.830,4689614
2025-06-12 10:30:00,19.830,19.830,19.670,19.670,2432350
2025-06-12 11:00:00,19.670,19.780,19.670,19.750,1275499
2025-06-12 11:30:00,19.750,19.770,19.690,19.690,1002700
2025-06-12 13:30:00,19.700,19.870,19.690,19.720,2474600
2025-06-12 14:00:00,19.730,19.740,19.660,19.700,2134550
2025-06-12 14:30:00,19.700,19.830,19.690,19.770,2027499
2025-06-12 15:00:00,19.780,19.820,19.750,19.790,2419650
2025-06-13 10:00:00,19.650,19.850,19.400,19.400,7440200
2025-06-13 10:30:00,19.400,19.410,19.160,19.210,7485849
2025-06-13 11:00:00,19.210,19.220,19.100,19.130,4249801
2025-06-13 11:30:00,19.120,19.180,19.090,19.150,1983750
2025-06-13 13:30:00,19.140,19.150,19.060,19.110,2727999
2025-06-13 14:00:00,19.110,19.130,19.050,19.060,2995564
2025-06-13 14:30:00,19.070,19.110,19.060,19.070,2274950
2025-06-13 15:00:00,19.060,19.070,18.880,18.960,8715785
2025-06-16 10:00:00,18.910,19.030,18.820,18.950,5132208
2025-06-16 10:30:00,18.940,18.960,18.840,18.870,2980450
2025-06-16 11:00:00,18.860,18.880,18.810,18.830,2419000
2025-06-16 11:30:00,18.820,18.860,18.810,18.840,1452700
2025-06-16 13:30:00,18.830,18.880,18.820,18.850,1197505
2025-06-16 14:00:00,18.860,18.860,18.820,18.840,983500
2025-06-16 14:30:00,18.840,18.880,18.830,18.870,936520
2025-06-16 15:00:00,18.880,18.890,18.850,18.890,2374417
2025-06-17 10:00:00,18.950,20.660,18.880,20.300,35748724
2025-06-17 10:30:00,20.290,20.600,20.040,20.040,13277690
2025-06-17 11:00:00,20.050,20.070,19.910,19.940,4149250
2025-06-17 11:30:00,19.940,19.970,19.850,19.910,2079434
2025-06-17 13:30:00,19.910,19.920,19.780,19.800,2148766
2025-06-17 14:00:00,19.810,19.940,19.780,19.780,1786800
2025-06-17 14:30:00,19.780,19.790,19.720,19.740,1629699
2025-06-17 15:00:00,19.750,19.800,19.730,19.790,3355150
2025-06-18 10:00:00,19.590,19.750,19.330,19.370,11702862
2025-06-18 10:30:00,19.370,19.370,19.170,19.230,5742750
2025-06-18 11:00:00,19.220,19.260,19.160,19.200,2868800
2025-06-18 11:30:00,19.190,19.250,19.180,19.210,1100300
2025-06-18 13:30:00,19.220,19.310,19.210,19.280,2000250
2025-06-18 14:00:00,19.270,19.300,19.240,19.240,1398800
2025-06-18 14:30:00,19.250,19.280,19.210,19.220,1926500
2025-06-18 15:00:00,19.220,19.230,19.180,19.200,4095400
2025-06-19 10:00:00,19.200,19.280,19.060,19.060,4592200
2025-06-19 10:30:00,19.060,19.080,18.980,19.050,3978336
2025-06-19 11:00:00,19.050,19.080,18.970,18.990,1562719
2025-06-19 11:30:00,18.980,19.070,18.920,18.930,2027937
2025-06-19 13:30:00,18.930,18.970,18.890,18.960,2388252
2025-06-19 14:00:00,18.960,18.990,18.910,18.930,1600150
2025-06-19 14:30:00,18.930,18.950,18.880,18.910,2067900
2025-06-19 15:00:00,18.920,18.960,18.870,18.940,3151346
2025-06-20 10:00:00,19.100,19.360,18.920,19.160,8185836
2025-06-20 10:30:00,19.150,19.300,19.110,19.210,4396500
2025-06-20 11:00:00,19.220,19.220,19.120,19.130,1331486
2025-06-20 11:30:00,19.140,19.230,19.120,19.150,1082700
2025-06-20 13:30:00,19.160,19.170,19.080,19.080,1532550
2025-06-20 14:00:00,19.090,19.110,19.050,19.060,1301800
2025-06-20 14:30:00,19.060,19.070,19.000,19.030,1542500
2025-06-20 15:00:00,19.030,19.040,18.980,19.020,2823215
2025-06-23 10:00:00,18.850,19.050,18.820,18.980,5117750
2025-06-23 10:30:00,18.990,19.020,18.910,18.950,1443750
2025-06-23 11:00:00,18.940,19.010,18.930,18.970,1233250
2025-06-23 11:30:00,18.980,19.070,18.960,19.030,844400
2025-06-23 13:30:00,19.030,19.090,19.000,19.080,1260675
2025-06-23 14:00:00,19.080,19.180,19.060,19.150,1871264
2025-06-23 14:30:00,19.160,19.210,19.130,19.180,2314143
2025-06-23 15:00:00,19.170,19.190,19.130,19.190,2570770
2025-06-24 10:00:00,19.240,19.300,19.140,19.300,4949168
2025-06-24 10:30:00,19.300,19.430,19.280,19.400,4661850
2025-06-24 11:00:00,19.400,19.410,19.310,19.320,2123800
2025-06-24 11:30:00,19.310,19.380,19.310,19.370,1579023
2025-06-24 13:30:00,19.370,19.390,19.300,19.330,1939200
2025-06-24 14:00:00,19.340,19.380,19.330,19.340,1579900
2025-06-24 14:30:00,19.340,19.370,19.320,19.360,1162779
2025-06-24 15:00:00,19.370,19.430,19.360,19.420,3334868
2025-06-25 10:00:00,19.440,19.530,19.360,19.440,5375150
2025-06-25 10:30:00,19.440,19.470,19.230,19.240,4609162
2025-06-25 11:00:00,19.240,19.320,19.240,19.290,2167773
2025-06-25 11:30:00,19.290,19.330,19.260,19.330,1583277
2025-06-25 13:30:00,19.320,19.450,19.230,19.440,2700885
2025-06-25 14:00:00,19.440,19.480,19.370,19.430,1795150
2025-06-25 14:30:00,19.420,19.610,19.420,19.600,4844106
2025-06-25 15:00:00,19.610,19.610,19.520,19.590,4067320
2025-06-26 10:00:00,19.500,19.620,19.360,19.510,5932920
2025-06-26 10:30:00,19.510,19.590,19.470,19.490,2547650
2025-06-26 11:00:00,19.490,19.530,19.450,19.530,1356009
2025-06-26 11:30:00,19.530,19.550,19.500,19.530,923750
2025-06-26 13:30:00,19.520,19.530,19.410,19.450,1799750
2025-06-26 14:00:00,19.450,19.460,19.330,19.350,3227850
2025-06-26 14:30:00,19.340,19.400,19.340,19.370,1686568
2025-06-26 15:00:00,19.370,19.380,19.340,19.350,2631900
2025-06-27 10:00:00,19.380,19.560,19.360,19.540,4790150
2025-06-27 10:30:00,19.530,19.700,19.530,19.560,5189500
2025-06-27 11:00:00,19.550,19.600,19.470,19.510,2160050
2025-06-27 11:30:00,19.510,19.560,19.480,19.500,978900
2025-06-27 13:30:00,19.510,19.520,19.460,19.510,1517750
2025-06-27 14:00:00,19.500,19.540,19.420,19.430,1871700
2025-06-27 14:30:00,19.440,19.490,19.430,19.460,1335952
2025-06-27 15:00:00,19.460,19.480,19.420,19.430,2114409
2025-06-30 10:00:00,19.430,19.510,19.370,19.500,3766200
2025-06-30 10:30:00,19.490,19.500,19.440,19.480,1541050
2025-06-30 11:00:00,19.480,19.560,19.440,19.530,2015350
2025-06-30 11:30:00,19.530,19.540,19.470,19.510,1183700
2025-06-30 13:30:00,19.510,19.580,19.480,19.570,2004650
2025-06-30 14:00:00,19.560,19.570,19.500,19.530,1474150
2025-06-30 14:30:00,19.540,19.590,19.520,19.560,1626100
2025-06-30 15:00:00,19.560,19.600,19.560,19.590,3304751
2025-07-01 10:00:00,19.840,19.840,19.600,19.650,8274126
2025-07-01 10:30:00,19.650,19.700,19.620,19.670,2098950
2025-07-01 11:00:00,19.660,19.670,19.520,19.520,2670150
2025-07-01 11:30:00,19.520,19.560,19.470,19.540,2163300
2025-07-01 13:30:00,19.540,19.700,19.520,19.680,1897300
2025-07-01 14:00:00,19.680,19.730,19.640,19.660,2001700
2025-07-01 14:30:00,19.660,19.690,19.640,19.640,1560463
2025-07-01 15:00:00,19.650,19.670,19.610,19.650,2946520
2025-07-02 10:00:00,19.640,19.820,19.540,19.640,6608300
2025-07-02 10:30:00,19.650,19.650,19.510,19.560,2509000
2025-07-02 11:00:00,19.560,19.630,19.500,19.600,1573370
2025-07-02 11:30:00,19.600,19.640,19.580,19.640,860417
2025-07-02 13:30:00,19.640,19.740,19.580,19.670,1761900
2025-07-02 14:00:00,19.670,19.860,19.650,19.750,4587150
2025-07-02 14:30:00,19.750,19.760,19.690,19.700,1654450
2025-07-02 15:00:00,19.700,19.760,19.700,19.760,2904031
2025-07-03 10:00:00,19.800,19.950,19.700,19.880,6554850
2025-07-03 10:30:00,19.890,19.980,19.800,19.830,5102170
2025-07-03 11:00:00,19.830,19.980,19.830,19.970,3372900
2025-07-03 11:30:00,19.960,19.970,19.880,19.940,2035200
2025-07-03 13:30:00,19.930,19.950,19.840,19.920,2135440
2025-07-03 14:00:00,19.920,19.930,19.880,19.910,1834400
2025-07-03 14:30:00,19.910,19.920,19.880,19.890,1746884
2025-07-03 15:00:00,19.890,19.900,19.830,19.840,3564350
2025-07-04 10:00:00,19.800,19.860,19.610,19.630,6641360
2025-07-04 10:30:00,19.630,19.650,19.550,19.630,3463500
2025-07-04 11:00:00,19.620,19.640,19.580,19.600,1310689
2025-07-04 11:30:00,19.600,19.650,19.570,19.630,1402709
2025-07-04 13:30:00,19.640,19.820,19.630,19.800,3593050
2025-07-04 14:00:00,19.800,19.800,19.690,19.710,1565650
2025-07-04 14:30:00,19.720,19.720,19.580,19.610,2331050
2025-07-04 15:00:00,19.600,19.630,19.580,19.600,2432500
2025-07-07 10:00:00,19.550,19.550,19.370,19.430,4654450
2025-07-07 10:30:00,19.430,19.480,19.400,19.410,2502700
2025-07-07 11:00:00,19.410,19.440,19.360,19.400,2023900
2025-07-07 11:30:00,19.400,19.440,19.380,19.390,1041950
2025-07-07 13:30:00,19.390,19.430,19.370,19.400,1294630
2025-07-07 14:00:00,19.400,19.490,19.390,19.470,955950
2025-07-07 14:30:00,19.460,19.470,19.420,19.430,1154700
2025-07-07 15:00:00,19.440,19.460,19.420,19.440,2115450
2025-07-08 10:00:00,19.420,19.930,19.380,19.680,11914818
2025-07-08 10:30:00,19.690,19.700,19.630,19.650,2236700
2025-07-08 11:00:00,19.650,19.790,19.630,19.760,2375050
2025-07-08 11:30:00,19.770,19.910,19.760,19.830,5495553
2025-07-08 13:30:00,19.830,19.840,19.750,19.750,2086715
2025-07-08 14:00:00,19.750,19.830,19.740,19.820,1764000
2025-07-08 14:30:00,19.820,19.870,19.810,19.860,2639676
2025-07-08 15:00:00,19.860,19.870,19.830,19.850,4196500
2025-07-09 10:00:00,19.860,19.880,19.730,19.790,4767850
2025-07-09 10:30:00,19.800,20.290,19.770,20.130,7048367
2025-07-09 11:00:00,20.140,20.250,20.080,20.130,6101700
2025-07-09 11:30:00,20.130,20.140,20.020,20.040,2539050
2025-07-09 13:30:00,20.040,20.180,20.010,20.130,2580172
2025-07-09 14:00:00,20.130,20.160,20.070,20.120,1734400
2025-07-09 14:30:00,20.120,20.120,19.980,20.020,2795373
2025-07-09 15:00:00,20.030,20.060,19.930,20.000,4008127
2025-07-10 10:00:00,20.000,20.770,19.980,20.400,16779359
2025-07-10 10:30:00,20.400,20.570,20.390,20.510,4902800
2025-07-10 11:00:00,20.510,21.230,20.480,21.020,17313068
2025-07-10 11:30:00,21.020,21.060,20.740,20.820,6790800
2025-07-10 13:30:00,20.830,20.860,20.610,20.650,3892035
2025-07-10 14:00:00,20.650,20.730,20.620,20.650,2199050
2025-07-10 14:30:00,20.650,20.700,20.590,20.590,2474800
2025-07-10 15:00:00,20.600,20.640,20.550,20.590,4722969
2025-07-11 10:00:00,20.580,20.650,20.360,20.540,9898459
2025-07-11 10:30:00,20.540,20.670,20.390,20.620,6947100
2025-07-11 11:00:00,20.620,20.720,20.560,20.590,3612650
2025-07-11 11:30:00,20.590,20.670,20.500,20.660,2172500
2025-07-11 13:30:00,20.660,20.720,20.580,20.590,3118550
2025-07-11 14:00:00,20.590,20.650,20.560,20.590,2270100
2025-07-11 14:30:00,20.600,20.650,20.590,20.600,2092700
2025-07-11 15:00:00,20.610,20.630,20.500,20.540,4367800
2025-07-14 10:00:00,20.460,20.500,20.310,20.370,7587587
2025-07-14 10:30:00,20.360,20.400,20.310,20.330,3534200
2025-07-14 11:00:00,20.330,20.360,20.300,20.310,2538567
2025-07-14 11:30:00,20.310,20.320,20.250,20.270,2571583
2025-07-14 13:30:00,20.270,20.300,20.250,20.290,1347750
2025-07-14 14:00:00,20.290,20.330,20.280,20.320,934148
2025-07-14 14:30:00,20.320,20.400,20.300,20.360,1618250
2025-07-14 15:00:00,20.370,20.370,20.290,20.320,3714626
2025-07-15 10:00:00,20.300,20.410,20.190,20.240,5619149
2025-07-15 10:30:00,20.250,20.250,19.970,20.000,7047350
2025-07-15 11:00:00,20.000,20.080,20.000,20.010,1944000
2025-07-15 11:30:00,20.020,20.040,19.900,19.910,3035749
2025-07-15 13:30:00,19.920,20.040,19.910,20.000,1749741
2025-07-15 14:00:00,20.000,20.110,20.000,20.070,1458200
2025-07-15 14:30:00,20.070,20.170,20.060,20.160,1880050
2025-07-15 15:00:00,20.150,20.170,20.110,20.160,2491528
2025-07-16 10:00:00,20.090,20.340,20.070,20.230,5111550
2025-07-16 10:30:00,20.230,20.240,20.100,20.200,2185100
2025-07-16 11:00:00,20.200,20.220,20.160,20.190,1436300
2025-07-16 11:30:00,20.190,20.220,20.150,20.200,941900
2025-07-16 13:30:00,20.190,20.210,20.150,20.180,1072500
2025-07-16 14:00:00,20.190,20.200,20.040,20.160,2017342
2025-07-16 14:30:00,20.170,20.240,20.130,20.150,1600350
2025-07-16 15:00:00,20.160,20.200,20.130,20.200,2040653
2025-07-17 10:00:00,20.210,20.270,20.140,20.250,3871667
2025-07-17 10:30:00,20.240,20.300,20.160,20.190,2761550
2025-07-17 11:00:00,20.180,20.250,20.150,20.230,1669850
2025-07-17 11:30:00,20.220,20.220,20.120,20.160,1976650
2025-07-17 13:30:00,20.170,20.230,20.160,20.210,1808950
2025-07-17 14:00:00,20.210,20.360,20.200,20.300,4766300
2025-07-17 14:30:00,20.310,20.450,20.290,20.420,4681673
2025-07-17 15:00:00,20.420,20.480,20.400,20.470,4426150
2025-07-18 10:00:00,20.410,20.440,20.300,20.350,5507350
2025-07-18 10:30:00,20.340,20.380,20.280,20.310,3016000
2025-07-18 11:00:00,20.300,20.330,20.270,20.290,1798650
2025-07-18 11:30:00,20.280,20.310,20.250,20.280,1261700
2025-07-18 13:30:00,20.290,20.300,20.200,20.210,2662900
2025-07-18 14:00:00,20.220,20.230,20.200,20.210,1189950
2025-07-18 14:30:00,20.210,20.300,20.210,20.290,1487526
2025-07-18 15:00:00,20.300,20.370,20.290,20.360,2670040
2025-07-21 10:00:00,20.350,20.400,20.180,20.260,5405050
2025-07-21 10:30:00,20.260,20.350,20.240,20.300,2028900
2025-07-21 11:00:00,20.310,20.360,20.290,20.330,1305400
2025-07-21 11:30:00,20.330,20.360,20.250,20.350,1425200
2025-07-21 13:30:00,20.340,20.350,20.250,20.300,1202650
2025-07-21 14:00:00,20.300,20.350,20.290,20.300,1102850
2025-07-21 14:30:00,20.300,20.360,20.300,20.350,1556450
2025-07-21 15:00:00,20.350,20.360,20.340,20.350,3219906
2025-07-22 10:00:00,20.450,20.750,20.400,20.550,11312150
2025-07-22 10:30:00,20.540,20.650,20.420,20.440,5074450
2025-07-22 11:00:00,20.430,20.570,20.420,20.530,2093550
2025-07-22 11:30:00,20.530,20.580,20.510,20.540,1148700
2025-07-22 13:30:00,20.540,20.700,20.480,20.630,3801250
2025-07-22 14:00:00,20.620,20.740,20.590,20.600,3690600
2025-07-22 14:30:00,20.600,20.600,20.510,20.590,2254350
2025-07-22 15:00:00,20.590,20.630,20.550,20.600,4439127
2025-07-23 10:00:00,20.580,20.970,20.520,20.830,10170700
2025-07-23 10:30:00,20.840,21.000,20.810,20.950,7240150
2025-07-23 11:00:00,20.950,20.960,20.770,20.830,4711677
2025-07-23 11:30:00,20.820,20.840,20.770,20.830,2149000
2025-07-23 13:30:00,20.830,20.930,20.800,20.910,3277688
2025-07-23 14:00:00,20.900,20.910,20.790,20.820,2074829
2025-07-23 14:30:00,20.820,20.820,20.620,20.650,3991994
2025-07-23 15:00:00,20.650,20.680,20.530,20.640,4569042
2025-07-24 10:00:00,20.900,22.240,20.900,21.840,41079534
2025-07-24 10:30:00,21.840,21.880,21.650,21.650,7725300
2025-07-24 11:00:00,21.650,21.790,21.590,21.720,4982359
2025-07-24 11:30:00,21.730,21.790,21.670,21.730,2240100
2025-07-24 13:30:00,21.740,24.770,21.720,24.770,77896408
2025-07-24 14:00:00,24.770,24.770,24.400,24.770,20385129
2025-07-24 14:30:00,24.770,24.770,24.770,24.770,3499174
2025-07-24 15:00:00,24.770,24.770,24.770,24.770,2860919
2025-07-25 10:00:00,25.160,25.220,23.790,24.060,60917175
2025-07-25 10:30:00,24.050,24.090,23.780,23.840,17760122
2025-07-25 11:00:00,23.830,24.050,23.770,23.830,8519950
2025-07-25 11:30:00,23.830,23.880,23.620,23.710,10866094
2025-07-25 13:30:00,23.710,24.190,23.650,23.950,12821513
2025-07-25 14:00:00,23.970,24.500,23.800,24.290,13294144
2025-07-25 14:30:00,24.310,24.310,23.940,24.010,6895670
2025-07-25 15:00:00,24.020,24.050,23.820,23.880,11156134
2025-07-28 10:00:00,23.640,23.980,23.340,23.770,22751062
2025-07-28 10:30:00,23.760,23.770,23.510,23.580,6798757
2025-07-28 11:00:00,23.590,23.690,23.500,23.560,3844044
2025-07-28 11:30:00,23.560,23.600,23.380,23.390,5595700
2025-07-28 13:30:00,23.390,23.540,23.380,23.500,4357574
2025-07-28 14:00:00,23.490,23.790,23.490,23.550,5965112
2025-07-28 14:30:00,23.560,23.570,23.410,23.460,3608614
2025-07-28 15:00:00,23.460,23.570,23.410,23.530,8621168
2025-07-29 10:00:00,23.720,23.790,23.110,23.170,18345540
2025-07-29 10:30:00,23.160,23.550,23.100,23.470,8482150
2025-07-29 11:00:00,23.450,24.150,23.380,24.120,16530902
2025-07-29 11:30:00,24.120,24.630,24.050,24.220,29702320
2025-07-29 13:30:00,24.230,24.470,24.010,24.340,10888361
2025-07-29 14:00:00,24.340,25.480,24.320,25.000,26446762
2025-07-29 14:30:00,25.010,25.190,24.950,25.080,8261450
2025-07-29 15:00:00,25.070,25.110,24.870,25.060,11253828
2025-07-30 10:00:00,24.660,26.000,24.520,25.300,46972514
2025-07-30 10:30:00,25.300,25.690,25.040,25.340,12766295
2025-07-30 11:00:00,25.340,25.440,25.110,25.230,5008624
2025-07-30 11:30:00,25.240,25.250,25.000,25.120,5203667
2025-07-30 13:30:00,25.120,25.400,24.870,25.190,7219403
2025-07-30 14:00:00,25.190,25.250,24.490,24.600,9657483
2025-07-30 14:30:00,24.590,24.880,24.440,24.780,6951000
2025-07-30 15:00:00,24.780,24.970,24.590,24.690,8665464
2025-07-31 10:00:00,24.690,24.980,24.350,24.730,19728610
2025-07-31 10:30:00,24.740,24.980,24.560,24.560,9619150
2025-07-31 11:00:00,24.560,24.850,24.510,24.740,4567834
2025-07-31 11:30:00,24.740,25.250,24.720,24.970,9984266
2025-07-31 13:30:00,24.970,25.000,24.660,24.700,5570800
2025-07-31 14:00:00,24.690,24.720,24.520,24.600,5384500
2025-07-31 14:30:00,24.590,24.610,24.160,24.160,10101518
2025-07-31 15:00:00,24.170,24.320,23.960,24.090,11720450
2025-08-01 10:00:00,24.000,24.700,23.810,24.650,19490021
2025-08-01 10:30:00,24.650,24.690,24.090,24.190,8151910
2025-08-01 11:00:00,24.190,24.240,24.010,24.180,3887100
2025-08-01 11:30:00,24.180,24.200,24.070,24.110,2004400
2025-08-01 13:30:00,24.110,24.180,24.000,24.100,3178449
2025-08-01 14:00:00,24.110,24.170,24.040,24.040,2750800
2025-08-01 14:30:00,24.040,24.080,23.850,23.890,5503800
2025-08-01 15:00:00,23.890,23.920,23.790,23.850,7047040
2025-08-04 10:00:00,23.610,23.830,22.960,23.200,21747980
2025-08-04 10:30:00,23.200,23.250,23.030,23.160,5377263
2025-08-04 11:00:00,23.150,23.200,23.030,23.030,4032450
2025-08-04 11:30:00,23.050,23.130,23.010,23.080,3401864
2025-08-04 13:30:00,23.080,23.330,23.060,23.270,3527000
2025-08-04 14:00:00,23.270,24.430,23.180,24.260,8681868
2025-08-04 14:30:00,24.270,24.280,23.900,24.040,8941815
2025-08-04 15:00:00,24.030,24.090,23.900,23.900,5304850
2025-08-05 10:00:00,23.890,24.600,23.810,24.090,23068734
2025-08-05 10:30:00,24.090,24.140,23.930,23.950,5352043
2025-08-05 11:00:00,23.960,24.040,23.860,23.890,3532800
2025-08-05 11:30:00,23.890,24.080,23.880,23.970,2712500
2025-08-05 13:30:00,23.990,24.100,23.930,23.970,2481313
2025-08-05 14:00:00,23.970,24.020,23.900,23.930,2546350
2025-08-05 14:30:00,23.950,24.120,23.940,24.070,3149509
2025-08-05 15:00:00,24.070,24.100,24.020,24.080,4608645
2025-08-06 10:00:00,23.920,24.140,23.610,23.680,13507185
2025-08-06 10:30:00,23.680,23.760,23.560,23.580,6878023
2025-08-06 11:00:00,23.590,23.690,23.500,23.630,4340365
2025-08-06 11:30:00,23.630,23.670,23.520,23.630,2917250
2025-08-06 13:30:00,23.630,23.630,23.430,23.440,5318800
2025-08-06 14:00:00,23.440,23.580,23.420,23.490,4538400
2025-08-06 14:30:00,23.480,23.620,23.470,23.590,3527657
2025-08-06 15:00:00,23.600,23.750,23.550,23.550,5364319
2025-08-07 10:00:00,23.490,23.670,23.400,23.590,7194666
2025-08-07 10:30:00,23.600,23.600,23.270,23.290,7696652
2025-08-07 11:00:00,23.290,23.390,23.280,23.300,3361830
2025-08-07 11:30:00,23.290,23.400,23.200,23.380,3205025
2025-08-07 13:30:00,23.380,23.400,23.270,23.280,2503707
2025-08-07 14:00:00,23.280,23.360,23.270,23.320,1884106
2025-08-07 14:30:00,23.310,23.390,23.260,23.260,2536045
2025-08-07 15:00:00,23.260,23.310,23.250,23.300,4788155
2025-08-08 10:00:00,23.290,23.290,22.990,23.110,8466439
2025-08-08 10:30:00,23.110,23.420,23.050,23.400,5160677
2025-08-08 11:00:00,23.390,23.500,23.290,23.300,4113100
2025-08-08 11:30:00,23.290,23.320,23.220,23.300,1540500
2025-08-08 13:30:00,23.300,23.380,23.220,23.220,1847900
2025-08-08 14:00:00,23.230,23.280,23.140,23.170,1955965
2025-08-08 14:30:00,23.170,23.320,23.160,23.190,1361462
2025-08-08 15:00:00,23.190,23.240,23.100,23.140,3222642
2025-08-11 10:00:00,23.160,23.430,23.150,23.360,6224254
2025-08-11 10:30:00,23.370,23.400,23.310,23.340,3091600
2025-08-11 11:00:00,23.340,23.390,23.320,23.360,1671200
2025-08-11 11:30:00,23.360,23.480,23.360,23.420,2835700
2025-08-11 13:30:00,23.430,23.490,23.380,23.470,2606452
2025-08-11 14:00:00,23.460,23.500,23.420,23.430,2478250
2025-08-11 14:30:00,23.430,23.470,23.360,23.380,2765218
2025-08-11 15:00:00,23.380,23.460,23.380,23.460,3742466
2025-08-12 10:00:00,23.560,23.720,23.370,23.460,9117250
2025-08-12 10:30:00,23.450,23.460,23.260,23.270,4931899
2025-08-12 11:00:00,23.260,23.320,23.100,23.140,4292800
2025-08-12 11:30:00,23.130,23.240,23.130,23.230,1803946
2025-08-12 13:30:00,23.220,23.320,23.200,23.260,2123300
2025-08-12 14:00:00,23.260,23.280,23.210,23.260,1371100
2025-08-12 14:30:00,23.260,23.290,23.220,23.280,1474806
2025-08-12 15:00:00,23.280,23.310,23.230,23.280,2900078
2025-08-13 10:00:00,23.360,23.440,23.200,23.250,6333937
2025-08-13 10:30:00,23.240,23.350,23.150,23.340,4154512
2025-08-13 11:00:00,23.350,23.950,23.350,23.930,12355229
2025-08-13 11:30:00,23.930,23.950,23.760,23.870,10794248
2025-08-13 13:30:00,23.880,23.940,23.680,23.680,6176700
2025-08-13 14:00:00,23.690,23.790,23.670,23.680,3145300
2025-08-13 14:30:00,23.690,23.720,23.470,23.490,6331010
2025-08-13 15:00:00,23.500,23.730,23.480,23.720,5929171
2025-08-14 10:00:00,23.740,23.790,23.410,23.430,10249320
2025-08-14 10:30:00,23.420,23.640,23.410,23.600,4868175
2025-08-14 11:00:00,23.610,23.650,23.420,23.460,3831850
2025-08-14 11:30:00,23.470,23.520,23.370,23.400,3212050
2025-08-14 13:30:00,23.390,23.420,22.980,23.100,8337300
2025-08-14 14:00:00,23.100,23.180,23.000,23.010,4920245
2025-08-14 14:30:00,23.020,23.160,23.010,23.020,4290043
2025-08-14 15:00:00,23.020,23.050,22.740,22.760,10466576
2025-08-15 10:00:00,22.640,22.890,22.620,22.770,7395963
2025-08-15 10:30:00,22.770,23.010,22.750,22.920,4061662
2025-08-15 11:00:00,22.910,23.060,22.860,23.000,3337200
2025-08-15 11:30:00,23.000,23.150,22.960,23.100,3968957
2025-08-15 13:30:00,23.090,23.240,23.090,23.120,4672850
2025-08-15 14:00:00,23.120,23.170,23.020,23.050,3068650
2025-08-15 14:30:00,23.060,23.110,23.020,23.030,2690670
2025-08-15 15:00:00,23.040,23.120,23.020,23.100,4725406
2025-08-18 10:00:00,23.390,23.950,23.170,23.480,15949050
2025-08-18 10:30:00,23.490,23.650,23.450,23.560,4809850
2025-08-18 11:00:00,23.560,23.720,23.550,23.700,4205104
2025-08-18 11:30:00,23.710,23.720,23.600,23.620,3866600
2025-08-18 13:30:00,23.620,23.750,23.490,23.530,5783399
2025-08-18 14:00:00,23.540,23.590,23.350,23.390,5080597
2025-08-18 14:30:00,23.390,23.450,23.260,23.280,5016600
2025-08-18 15:00:00,23.290,23.590,23.270,23.550,6912270
2025-08-19 10:00:00,23.080,23.380,22.800,23.250,22806429
2025-08-19 10:30:00,23.250,24.110,23.100,23.710,20344711
2025-08-19 11:00:00,23.700,23.710,23.510,23.510,3581984
2025-08-19 11:30:00,23.510,23.520,23.400,23.410,3226419
2025-08-19 13:30:00,23.400,23.480,23.330,23.360,3930381
2025-08-19 14:00:00,23.370,23.380,23.160,23.220,4113400
2025-08-19 14:30:00,23.220,23.390,23.180,23.200,2911745
2025-08-19 15:00:00,23.200,23.860,23.190,23.680,10811492
2025-08-20 10:00:00,23.470,23.470,23.120,23.340,11568469
2025-08-20 10:30:00,23.340,23.490,23.180,23.240,6397250
2025-08-20 11:00:00,23.250,23.310,23.140,23.150,3947150
2025-08-20 11:30:00,23.150,23.190,23.000,23.090,5007200
2025-08-20 13:30:00,23.080,23.140,23.010,23.100,2435371
2025-08-20 14:00:00,23.100,23.170,23.080,23.140,2327577
2025-08-20 14:30:00,23.140,23.290,23.130,23.240,2835412
2025-08-20 15:00:00,23.240,23.300,23.220,23.280,5116712
2025-08-21 10:00:00,23.280,23.820,23.280,23.370,16118670
2025-08-21 10:30:00,23.370,23.490,23.340,23.390,3325150
2025-08-21 11:00:00,23.390,23.430,23.310,23.390,2703900
2025-08-21 11:30:00,23.380,23.420,23.000,23.220,8062976
2025-08-21 13:30:00,23.210,23.390,23.200,23.250,2376650
2025-08-21 14:00:00,23.250,23.260,23.160,23.220,1794300
2025-08-21 14:30:00,23.210,23.230,23.010,23.130,3216801
2025-08-21 15:00:00,23.130,23.180,23.060,23.170,4135585
2025-08-22 10:00:00,23.120,23.130,22.940,23.000,8119702
2025-08-22 10:30:00,23.000,23.090,22.920,22.930,5568733
2025-08-22 11:00:00,22.930,23.080,22.920,23.050,2919800
2025-08-22 11:30:00,23.050,23.090,22.960,22.970,2387750
2025-08-22 13:30:00,22.980,23.020,22.940,23.010,3121350
2025-08-22 14:00:00,23.010,23.080,22.970,23.000,2665950
2025-08-22 14:30:00,23.000,23.120,22.990,23.100,3590178
2025-08-22 15:00:00,23.100,23.160,23.060,23.160,5217093
2025-08-25 10:00:00,23.170,24.370,23.160,24.050,44222545
2025-08-25 10:30:00,24.050,24.250,24.020,24.170,8020304
2025-08-25 11:00:00,24.180,24.250,24.080,24.200,4837991
2025-08-25 11:30:00,24.200,24.250,23.970,24.030,6863213
2025-08-25 13:30:00,24.030,24.080,23.780,23.820,5817215
2025-08-25 14:00:00,23.830,23.960,23.780,23.900,2869307
2025-08-25 14:30:00,23.910,23.990,23.830,23.990,2806808
2025-08-25 15:00:00,23.990,24.050,23.940,24.050,8135676
2025-08-26 10:00:00,23.810,24.080,23.670,23.930,13672551
2025-08-26 10:30:00,23.940,23.980,23.800,23.850,4250250
2025-08-26 11:00:00,23.840,23.880,23.770,23.850,3058003
2025-08-26 11:30:00,23.850,24.150,23.780,24.080,6183550
2025-08-26 13:30:00,24.090,24.100,23.920,23.950,2714500
2025-08-26 14:00:00,23.950,24.010,23.890,23.990,2504300
2025-08-26 14:30:00,23.980,23.990,23.870,23.900,2734848
2025-08-26 15:00:00,23.900,23.900,23.740,23.830,7283402
2025-08-27 10:00:00,23.830,24.170,23.780,23.810,10322856
2025-08-27 10:30:00,23.820,23.900,23.710,23.710,4197848
2025-08-27 11:00:00,23.720,23.770,23.680,23.720,4213650
2025-08-27 11:30:00,23.710,23.900,23.680,23.820,3684956
2025-08-27 13:30:00,23.830,23.870,23.680,23.680,3969296
2025-08-27 14:00:00,23.690,23.700,23.350,23.410,8722500
2025-08-27 14:30:00,23.410,23.540,23.120,23.130,6435000
2025-08-27 15:00:00,23.130,23.290,22.800,22.810,13552282
2025-08-28 10:00:00,22.830,23.080,22.650,22.650,12455518
2025-08-28 10:30:00,22.650,22.710,22.380,22.460,10682022
2025-08-28 11:00:00,22.460,22.640,22.450,22.470,3847160
2025-08-28 11:30:00,22.470,22.500,22.080,22.200,6901199
2025-08-28 13:30:00,22.200,22.260,21.870,21.900,7385100
2025-08-28 14:00:00,21.900,22.170,21.800,22.170,6149234
2025-08-28 14:30:00,22.170,22.400,22.170,22.340,3949257
2025-08-28 15:00:00,22.340,22.750,22.330,22.720,5872982
2025-08-29 10:00:00,22.670,22.790,22.460,22.510,8548854
2025-08-29 10:30:00,22.520,22.880,22.490,22.840,6402229
2025-08-29 11:00:00,22.840,22.940,22.720,22.730,4470800
2025-08-29 11:30:00,22.730,22.860,22.660,22.710,2759816
2025-08-29 13:30:00,22.720,22.810,22.560,22.600,3159850
2025-08-29 14:00:00,22.590,22.670,22.550,22.660,1726550
2025-08-29 14:30:00,22.670,22.720,22.550,22.600,2087031
2025-08-29 15:00:00,22.600,22.630,22.510,22.510,3980126
2025-09-01 10:00:00,22.470,22.970,22.450,22.750,10704850
2025-09-01 10:30:00,22.750,22.840,22.710,22.790,3131850
2025-09-01 11:00:00,22.790,22.840,22.690,22.730,2245200
2025-09-01 11:30:00,22.730,22.780,22.630,22.630,2092523
2025-09-01 13:30:00,22.640,22.790,22.610,22.770,2247900
2025-09-01 14:00:00,22.780,22.830,22.660,22.800,3080348
2025-09-01 14:30:00,22.800,22.840,22.760,22.810,2758676
2025-09-01 15:00:00,22.820,22.880,22.790,22.860,4222883
2025-09-02 10:00:00,22.860,23.070,22.730,22.740,9506000
2025-09-02 10:30:00,22.730,22.750,22.480,22.580,5772816
2025-09-02 11:00:00,22.580,22.590,22.290,22.320,4781950
2025-09-02 11:30:00,22.320,22.450,22.220,22.340,3469377
2025-09-02 13:30:00,22.330,22.440,22.160,22.220,3082822
2025-09-02 14:00:00,22.240,22.540,22.220,22.350,2556350
2025-09-02 14:30:00,22.340,22.480,22.270,22.280,1788650
2025-09-02 15:00:00,22.300,22.370,22.210,22.330,3642188
2025-09-03 10:00:00,22.340,22.570,22.230,22.250,5361521
2025-09-03 10:30:00,22.250,22.320,22.020,22.050,3819748
2025-09-03 11:00:00,22.050,22.370,21.900,22.220,4519336
2025-09-03 11:30:00,22.230,22.260,22.030,22.060,1570850
2025-09-03 13:30:00,22.060,22.100,21.970,22.020,2171667
2025-09-03 14:00:00,22.020,22.040,21.850,21.940,3808500
2025-09-03 14:30:00,21.940,22.080,21.900,21.960,2213950
2025-09-03 15:00:00,21.960,22.000,21.760,21.800,4827285
2025-09-04 10:00:00,21.880,22.240,21.760,21.980,8389173
2025-09-04 10:30:00,21.980,21.990,21.780,21.800,4096600
2025-09-04 11:00:00,21.790,21.830,21.520,21.700,4772449
2025-09-04 11:30:00,21.700,21.850,21.570,21.640,2580200
2025-09-04 13:30:00,21.640,21.730,21.520,21.580,2552450
2025-09-04 14:00:00,21.590,21.590,21.420,21.480,2897651
2025-09-04 14:30:00,21.480,21.490,21.220,21.250,4451082
2025-09-04 15:00:00,21.260,21.490,21.070,21.380,5919787
2025-09-05 10:00:00,21.400,21.560,21.140,21.440,7173700
2025-09-05 10:30:00,21.420,21.500,21.340,21.470,2569650
2025-09-05 11:00:00,21.480,21.630,21.420,21.510,4063863
2025-09-05 11:30:00,21.510,21.530,21.440,21.480,1804350
2025-09-05 13:30:00,21.480,21.610,21.410,21.600,2580300
2025-09-05 14:00:00,21.610,21.630,21.540,21.610,1919950
2025-09-05 14:30:00,21.610,21.790,21.600,21.780,3595285
2025-09-05 15:00:00,21.790,21.950,21.780,21.950,5404760
2025-09-08 10:00:00,21.960,22.480,21.880,22.410,12117609
2025-09-08 10:30:00,22.410,22.430,22.130,22.200,5410261
2025-09-08 11:00:00,22.200,22.270,22.110,22.220,2285948
2025-09-08 11:30:00,22.220,22.260,22.160,22.230,1565378
2025-09-08 13:30:00,22.230,22.260,22.130,22.170,1692950
2025-09-08 14:00:00,22.160,22.360,22.150,22.350,2002750
2025-09-08 14:30:00,22.350,22.350,22.260,22.270,1465500
2025-09-08 15:00:00,22.270,22.330,22.260,22.280,3178235
2025-09-09 10:00:00,22.250,22.260,22.040,22.200,4756679
2025-09-09 10:30:00,22.220,22.220,22.010,22.050,3537000
2025-09-09 11:00:00,22.050,22.110,21.980,22.000,2374900
2025-09-09 11:30:00,22.000,22.040,21.910,21.940,2415700
2025-09-09 13:30:00,21.940,21.960,21.750,21.840,3213590
2025-09-09 14:00:00,21.830,21.830,21.700,21.730,2746350
2025-09-09 14:30:00,21.720,21.950,21.690,21.830,2523400
2025-09-09 15:00:00,21.830,21.940,21.800,21.890,2797108
2025-09-10 10:00:00,21.850,22.080,21.800,21.950,4509328
2025-09-10 10:30:00,21.940,21.950,21.680,21.700,4072955
2025-09-10 11:00:00,21.690,21.760,21.630,21.670,2922442
2025-09-10 11:30:00,21.660,21.770,21.600,21.700,1697563
2025-09-10 13:30:00,21.700,21.720,21.630,21.670,1600903
2025-09-10 14:00:00,21.670,21.730,21.630,21.710,1291801
2025-09-10 14:30:00,21.710,21.800,21.690,21.700,1270000
2025-09-10 15:00:00,21.700,21.700,21.660,21.670,2320375
2025-09-11 10:00:00,21.570,21.660,21.210,21.600,8039350
2025-09-11 10:30:00,21.590,21.670,21.540,21.640,2336480
2025-09-11 11:00:00,21.640,21.770,21.570,21.720,2185605
2025-09-11 11:30:00,21.710,22.190,21.710,22.040,7140883
2025-09-11 13:30:00,22.040,22.070,21.820,21.890,2927342
2025-09-11 14:00:00,21.890,21.910,21.820,21.840,1949550
2025-09-11 14:30:00,21.850,21.970,21.840,21.970,1846300
2025-09-11 15:00:00,21.970,22.130,21.970,22.100,4554882
2025-09-12 10:00:00,22.180,22.550,22.050,22.070,10897080
2025-09-12 10:30:00,22.080,22.170,22.030,22.090,3375350
2025-09-12 11:00:00,22.100,22.120,21.930,21.960,2951000
2025-09-12 11:30:00,21.960,22.040,21.900,22.020,1513232
2025-09-12 13:30:00,22.020,22.330,21.960,22.240,3555000
2025-09-12 14:00:00,22.240,22.300,22.160,22.170,2936100
2025-09-12 14:30:00,22.170,22.170,22.080,22.090,1584450
2025-09-12 15:00:00,22.100,22.130,22.010,22.050,2559300
2025-09-15 10:00:00,22.010,22.090,21.890,21.930,6075195
2025-09-15 10:30:00,21.930,22.000,21.880,21.990,2796498
2025-09-15 11:00:00,21.990,22.060,21.940,21.980,2286700
2025-09-15 11:30:00,21.980,22.010,21.900,21.980,1058100
2025-09-15 13:30:00,21.980,22.030,21.930,21.950,1139350
2025-09-15 14:00:00,21.960,21.970,21.920,21.950,998450
2025-09-15 14:30:00,21.940,22.000,21.870,21.890,1950600
2025-09-15 15:00:00,21.900,21.940,21.890,21.900,2596737
2025-09-16 10:00:00,21.910,22.000,21.770,21.800,3980608
2025-09-16 10:30:00,21.800,21.860,21.720,21.750,2649149
2025-09-16 11:00:00,21.750,21.760,21.560,21.620,3505750
2025-09-16 11:30:00,21.620,22.130,21.610,21.870,4131704
2025-09-16 13:30:00,21.880,21.900,21.800,21.810,1390550
2025-09-16 14:00:00,21.810,21.950,21.790,21.950,1320930
2025-09-16 14:30:00,21.950,22.030,21.930,21.950,2501950
2025-09-16 15:00:00,21.950,22.020,21.930,22.010,2465875
2025-09-17 10:00:00,21.990,22.050,21.790,21.830,4339190
2025-09-17 10:30:00,21.830,21.830,21.700,21.740,3906267
2025-09-17 11:00:00,21.750,21.880,21.720,21.860,1797900
2025-09-17 11:30:00,21.850,21.920,21.820,21.860,1586550
2025-09-17 13:30:00,21.870,21.890,21.770,21.780,1992850
2025-09-17 14:00:00,21.790,21.840,21.760,21.830,1638150
2025-09-17 14:30:00,21.830,21.850,21.750,21.800,1235595
2025-09-17 15:00:00,21.790,21.800,21.760,21.780,2617541
2025-09-18 10:00:00,22.360,23.240,22.360,23.060,45092450
2025-09-18 10:30:00,23.060,23.120,22.940,23.060,7828267
2025-09-18 11:00:00,23.060,23.100,22.920,23.060,4872051
2025-09-18 11:30:00,23.060,23.490,23.050,23.100,10356438
2025-09-18 13:30:00,23.100,23.120,22.790,22.810,4954000
2025-09-18 14:00:00,22.820,22.910,22.590,22.590,4861873
2025-09-18 14:30:00,22.590,22.700,22.370,22.420,6879737
2025-09-18 15:00:00,22.430,22.680,22.370,22.660,7176980
2025-09-19 10:00:00,22.360,22.620,22.100,22.160,17394910
2025-09-19 10:30:00,22.150,22.210,22.100,22.100,5644361
2025-09-19 11:00:00,22.100,22.120,21.910,21.990,5879959
2025-09-19 11:30:00,21.990,22.030,21.860,22.020,3803500
2025-09-19 13:30:00,22.020,22.060,21.830,21.880,4250047
2025-09-19 14:00:00,21.880,21.910,21.760,21.860,4151236
2025-09-19 14:30:00,21.870,22.010,21.860,21.980,2110352
2025-09-19 15:00:00,21.970,21.980,21.880,21.940,3987950
2025-09-22 10:00:00,21.950,22.450,21.860,21.890,8755226
2025-09-22 10:30:00,21.890,21.990,21.780,21.850,3636900
2025-09-22 11:00:00,21.830,21.880,21.780,21.820,1843800
2025-09-22 11:30:00,21.810,21.820,21.700,21.740,2230542
2025-09-22 13:30:00,21.740,21.820,21.710,21.720,1730585
2025-09-22 14:00:00,21.720,21.730,21.610,21.640,2519536
2025-09-22 14:30:00,21.630,21.640,21.510,21.630,2713200
2025-09-22 15:00:00,21.630,21.790,21.620,21.770,2937100
2025-09-23 10:00:00,21.670,21.740,21.230,21.250,10138071
2025-09-23 10:30:00,21.240,21.290,20.940,21.010,8093183
2025-09-23 11:00:00,21.020,21.130,20.910,21.110,3591990
2025-09-23 11:30:00,21.120,21.120,20.960,20.990,2008500
2025-09-23 13:30:00,20.980,21.020,20.890,21.000,3204651
2025-09-23 14:00:00,20.990,21.020,20.890,20.960,1572100
2025-09-23 14:30:00,20.950,21.060,20.840,21.050,2251615
2025-09-23 15:00:00,21.050,21.190,21.020,21.160,3137224
2025-09-24 10:00:00,21.110,21.290,21.070,21.160,5089750
2025-09-24 10:30:00,21.160,21.170,21.060,21.110,2553700
2025-09-24 11:00:00,21.100,21.190,21.050,21.190,1976000
2025-09-24 11:30:00,21.190,21.210,21.110,21.190,1803862
2025-09-24 13:30:00,21.200,21.220,21.130,21.170,2447700
2025-09-24 14:00:00,21.160,21.240,21.160,21.170,2111950
2025-09-24 14:30:00,21.170,21.210,21.160,21.170,1608200
2025-09-24 15:00:00,21.170,21.290,21.160,21.290,3421656
2025-09-25 10:00:00,21.160,21.350,21.110,21.230,5760871
2025-09-25 10:30:00,21.230,21.240,21.130,21.180,3278750
2025-09-25 11:00:00,21.190,21.280,21.170,21.190,1550150
2025-09-25 11:30:00,21.180,21.200,21.120,21.150,1911062
2025-09-25 13:30:00,21.150,21.160,20.970,21.000,3613184
2025-09-25 14:00:00,21.000,21.110,20.980,21.070,1904900
2025-09-25 14:30:00,21.070,21.090,21.000,21.090,1959600
2025-09-25 15:00:00,21.090,21.140,21.020,21.030,2815474
2025-09-26 10:00:00,20.930,20.950,20.650,20.710,9164347
2025-09-26 10:30:00,20.710,20.850,20.680,20.850,3330707
2025-09-26 11:00:00,20.850,20.880,20.800,20.810,1953050
2025-09-26 11:30:00,20.810,20.880,20.800,20.850,1147250
2025-09-26 13:30:00,20.850,20.870,20.780,20.810,985400
2025-09-26 14:00:00,20.810,20.870,20.760,20.760,1171186
2025-09-26 14:30:00,20.770,20.820,20.720,20.760,1428300
2025-09-26 15:00:00,20.760,20.780,20.670,20.710,3258961
2025-09-29 10:00:00,20.750,20.850,20.320,20.420,7611869
2025-09-29 10:30:00,20.410,20.590,20.350,20.540,2337617
2025-09-29 11:00:00,20.540,20.570,20.460,20.510,1943944
2025-09-29 11:30:00,20.500,20.520,20.460,20.490,1199250
2025-09-29 13:30:00,20.490,20.500,20.430,20.490,1489850
2025-09-29 14:00:00,20.480,20.740,20.480,20.740,3703450
2025-09-29 14:30:00,20.740,20.840,20.660,20.760,2937200
2025-09-29 15:00:00,20.760,20.790,20.720,20.770,2699366
2025-09-30 10:00:00,20.800,21.080,20.800,20.910,5223830
2025-09-30 10:30:00,20.900,21.000,20.860,20.880,2632950
2025-09-30 11:00:00,20.880,20.890,20.820,20.840,2437600
2025-09-30 11:30:00,20.850,20.910,20.830,20.880,1633900
2025-09-30 13:30:00,20.880,20.890,20.780,20.800,1725950
2025-09-30 14:00:00,20.800,20.860,20.780,20.820,1652645
2025-09-30 14:30:00,20.820,20.870,20.800,20.830,1369850
2025-09-30 15:00:00,20.840,20.840,20.760,20.760,4123800
2025-10-09 10:00:00,20.800,20.800,20.490,20.580,6467693
2025-10-09 10:30:00,20.580,20.700,20.530,20.690,4227388
2025-10-09 11:00:00,20.700,20.760,20.670,20.690,2911450
2025-10-09 11:30:00,20.700,20.730,20.680,20.690,2244600
2025-10-09 13:30:00,20.690,20.710,20.610,20.710,2493600
2025-10-09 14:00:00,20.720,20.970,20.720,20.910,5814393
2025-10-09 14:30:00,20.900,20.950,20.880,20.900,2002505
2025-10-09 15:00:00,20.900,21.030,20.900,20.960,4387850
2025-10-10 10:00:00,20.930,21.190,20.810,21.110,9431450
2025-10-10 10:30:00,21.110,21.200,21.080,21.130,4832300
2025-10-10 11:00:00,21.120,21.140,21.040,21.060,1778160
2025-10-10 11:30:00,21.060,21.070,20.970,20.990,1627390
2025-10-10 13:30:00,21.000,21.030,20.960,20.990,1658800
2025-10-10 14:00:00,20.980,21.000,20.890,20.990,1791542
2025-10-10 14:30:00,20.990,21.000,20.880,20.890,2266250
2025-10-10 15:00:00,20.900,20.930,20.850,20.910,3256253
2025-10-13 10:00:00,20.400,20.550,20.360,20.440,9783727
2025-10-13 10:30:00,20.450,20.550,20.430,20.510,2022250
2025-10-13 11:00:00,20.520,20.570,20.490,20.510,1805114
2025-10-13 11:30:00,20.510,20.520,20.390,20.400,2441500
2025-10-13 13:30:00,20.390,20.430,20.350,20.430,2587000
2025-10-13 14:00:00,20.430,20.480,20.400,20.470,1403600
2025-10-13 14:30:00,20.480,20.480,20.410,20.450,1800600
2025-10-13 15:00:00,20.450,20.600,20.450,20.590,3022020
2025-10-14 10:00:00,20.640,20.860,20.630,20.850,6387232
2025-10-14 10:30:00,20.850,20.870,20.760,20.800,3824550
2025-10-14 11:00:00,20.790,20.810,20.720,20.720,2267300
2025-10-14 11:30:00,20.720,20.880,20.720,20.750,2709800
2025-10-14 13:30:00,20.750,20.770,20.620,20.710,2414000
2025-10-14 14:00:00,20.720,20.790,20.670,20.710,1537650
2025-10-14 14:30:00,20.700,20.750,20.550,20.590,2778850
2025-10-14 15:00:00,20.600,20.650,20.460,20.480,3359675
2025-10-15 10:00:00,20.580,20.730,20.270,20.550,5717945
2025-10-15 10:30:00,20.560,20.850,20.500,20.800,5299850
2025-10-15 11:00:00,20.790,20.810,20.720,20.740,3010977
2025-10-15 11:30:00,20.740,20.910,20.730,20.830,3422874
2025-10-15 13:30:00,20.800,20.840,20.740,20.790,1430900
2025-10-15 14:00:00,20.800,20.830,20.730,20.780,1530308
2025-10-15 14:30:00,20.780,20.800,20.750,20.780,1394456
2025-10-15 15:00:00,20.780,20.820,20.770,20.790,2748265
2025-10-16 10:00:00,20.760,20.770,20.600,20.690,4980933
2025-10-16 10:30:00,20.700,20.760,20.620,20.630,2771880
2025-10-16 11:00:00,20.630,20.660,20.580,20.620,2089900
2025-10-16 11:30:00,20.620,20.640,20.530,20.530,1757812
2025-10-16 13:30:00,20.540,20.540,20.460,20.530,2188200
2025-10-16 14:00:00,20.520,20.560,20.490,20.500,1476150
2025-10-16 14:30:00,20.510,20.550,20.480,20.510,1311900
2025-10-16 15:00:00,20.500,20.570,20.470,20.570,2346600
2025-10-17 10:00:00,20.520,20.730,20.470,20.510,4515293
2025-10-17 10:30:00,20.510,20.520,20.360,20.440,2919881
2025-10-17 11:00:00,20.460,20.520,20.430,20.460,1198085
2025-10-17 11:30:00,20.460,20.460,20.350,20.350,1917200
2025-10-17 13:30:00,20.360,20.360,20.230,20.300,3040600
2025-10-17 14:00:00,20.310,20.330,20.220,20.230,1394450
2025-10-17 14:30:00,20.230,20.270,20.050,20.070,3628650
2025-10-17 15:00:00,20.070,20.150,20.030,20.050,4150384
2025-10-20 10:00:00,20.200,20.230,20.070,20.170,4471330
2025-10-20 10:30:00,20.170,20.170,20.090,20.150,1731950
2025-10-20 11:00:00,20.140,20.200,20.110,20.120,1193250
2025-10-20 11:30:00,20.120,20.160,20.100,20.120,807650
2025-10-20 13:30:00,20.130,20.150,20.040,20.060,1305700
2025-10-20 14:00:00,20.050,20.070,20.030,20.070,1097000
2025-10-20 14:30:00,20.070,20.070,19.940,19.970,2497813
2025-10-20 15:00:00,19.970,20.030,19.910,20.030,2372831
2025-10-21 10:00:00,20.090,20.130,19.970,20.100,3131073
2025-10-21 10:30:00,20.100,20.120,20.020,20.110,1658450
2025-10-21 11:00:00,20.110,20.150,20.080,20.110,1450250
2025-10-21 11:30:00,20.110,20.380,20.110,20.270,4745562
2025-10-21 13:30:00,20.280,20.280,20.210,20.220,1145700
2025-10-21 14:00:00,20.220,20.260,20.190,20.220,1183300
2025-10-21 14:30:00,20.220,20.280,20.200,20.210,1349300
2025-10-21 15:00:00,20.200,20.260,20.200,20.250,2256256
2025-10-22 10:00:00,20.190,20.530,20.150,20.290,5227947
2025-10-22 10:30:00,20.280,20.300,20.240,20.300,2090400
2025-10-22 11:00:00,20.300,20.420,20.240,20.300,1645500
2025-10-22 11:30:00,20.300,20.310,20.250,20.270,919900
2025-10-22 13:30:00,20.270,20.290,20.240,20.280,836600
2025-10-22 14:00:00,20.270,20.320,20.240,20.260,816100
2025-10-22 14:30:00,20.260,20.280,20.230,20.240,790250
2025-10-22 15:00:00,20.240,20.260,20.180,20.220,2192250
2025-10-23 10:00:00,20.170,20.210,19.900,19.920,4963000
2025-10-23 10:30:00,19.920,20.000,19.900,19.980,2250213
2025-10-23 11:00:00,19.980,20.030,19.970,19.970,1645051
2025-10-23 11:30:00,19.970,20.040,19.950,19.970,860874
2025-10-23 13:30:00,19.970,19.990,19.930,19.930,828650
2025-10-23 14:00:00,19.940,19.980,19.900,19.960,1126571
2025-10-23 14:30:00,19.960,20.070,19.950,20.050,1098200
2025-10-23 15:00:00,20.040,20.170,20.020,20.170,2398675
2025-10-24 10:00:00,20.170,20.340,20.150,20.240,3987394
2025-10-24 10:30:00,20.230,20.250,20.140,20.140,1952150
2025-10-24 11:00:00,20.140,20.200,20.140,20.180,1162800
2025-10-24 11:30:00,20.180,20.190,20.150,20.160,899198
2025-10-24 13:30:00,20.160,20.180,20.140,20.150,1182100
2025-10-24 14:00:00,20.150,20.170,20.090,20.120,1398450
2025-10-24 14:30:00,20.120,20.140,20.110,20.120,925050
2025-10-24 15:00:00,20.130,20.190,20.110,20.190,2106800
2025-10-27 10:00:00,20.250,20.410,20.230,20.360,5828000
2025-10-27 10:30:00,20.360,20.380,20.280,20.290,2189450
2025-10-27 11:00:00,20.290,20.310,20.240,20.310,1691093
2025-10-27 11:30:00,20.310,20.350,20.280,20.340,722762
2025-10-27 13:30:00,20.340,20.350,20.280,20.300,967200
2025-10-27 14:00:00,20.300,20.310,20.230,20.240,1342000
2025-10-27 14:30:00,20.240,20.260,20.200,20.200,1909400
2025-10-27 15:00:00,20.190,20.240,20.180,20.220,2564000
2025-10-28 10:00:00,20.150,20.190,20.020,20.110,3839475
2025-10-28 10:30:00,20.100,20.250,20.100,20.200,2081016
2025-10-28 11:00:00,20.190,20.210,20.130,20.140,1216400
2025-10-28 11:30:00,20.140,20.230,20.130,20.200,1045158
2025-10-28 13:30:00,20.210,20.250,20.120,20.150,1807026
2025-10-28 14:00:00,20.140,20.170,20.070,20.080,1918124
2025-10-28 14:30:00,20.070,20.100,20.020,20.030,2264300
2025-10-28 15:00:00,20.040,20.050,20.010,20.030,2786293
2025-10-29 10:00:00,19.970,20.300,19.950,20.090,5908942
2025-10-29 10:30:00,20.090,20.130,20.030,20.090,1803250
2025-10-29 11:00:00,20.080,20.130,20.060,20.080,1238100
2025-10-29 11:30:00,20.100,20.120,20.070,20.110,1239600
2025-10-29 13:30:00,20.120,20.220,20.110,20.170,2281200
2025-10-29 14:00:00,20.180,20.240,20.150,20.170,2038916
2025-10-29 14:30:00,20.160,20.230,20.150,20.210,1346250
2025-10-29 15:00:00,20.220,20.280,20.210,20.250,3896551
2025-10-30 10:00:00,20.000,20.270,19.610,20.100,11814605
2025-10-30 10:30:00,20.100,20.230,20.080,20.210,2814317
2025-10-30 11:00:00,20.200,20.250,20.110,20.170,1538900
2025-10-30 11:30:00,20.170,20.250,20.140,20.150,1596550
2025-10-30 13:30:00,20.140,20.160,19.960,20.050,3234550
2025-10-30 14:00:00,20.060,20.140,20.030,20.100,1016050
2025-10-30 14:30:00,20.110,20.110,20.020,20.050,1203946
2025-10-30 15:00:00,20.060,20.090,19.980,19.980,2793500
2025-10-31 10:00:00,20.580,20.970,20.440,20.550,21768008
2025-10-31 10:30:00,20.550,20.630,20.530,20.570,2754950
2025-10-31 11:00:00,20.570,20.720,20.560,20.690,2788111
2025-10-31 11:30:00,20.700,20.780,20.600,20.700,2637350
2025-10-31 13:30:00,20.710,20.740,20.650,20.720,2403666
2025-10-31 14:00:00,20.720,20.750,20.670,20.710,2244558
2025-10-31 14:30:00,20.720,20.730,20.670,20.690,1783900
2025-10-31 15:00:00,20.690,20.690,20.590,20.590,4140954
2025-11-03 10:00:00,20.520,20.680,20.350,20.420,7947800
2025-11-03 10:30:00,20.420,20.630,20.400,20.550,2979600
2025-11-03 11:00:00,20.550,20.630,20.530,20.580,2479818
2025-11-03 11:30:00,20.580,20.660,20.540,20.610,1923300
2025-11-03 13:30:00,20.620,20.640,20.560,20.610,1573164
2025-11-03 14:00:00,20.610,20.630,20.580,20.620,1379300
2025-11-03 14:30:00,20.620,20.630,20.550,20.580,1436450
2025-11-03 15:00:00,20.580,20.730,20.560,20.710,3696550
2025-11-04 10:00:00,20.630,20.980,20.540,20.800,7831650
2025-11-04 10:30:00,20.800,20.850,20.720,20.790,2928350
2025-11-04 11:00:00,20.790,20.790,20.650,20.740,2317450
2025-11-04 11:30:00,20.730,20.780,20.690,20.700,1075800
2025-11-04 13:30:00,20.700,21.230,20.680,21.110,10145500
2025-11-04 14:00:00,21.110,21.850,21.110,21.540,21603392
2025-11-04 14:30:00,21.530,21.540,21.340,21.400,4273665
2025-11-04 15:00:00,21.400,21.410,21.240,21.290,5205400
2025-11-05 10:00:00,21.000,21.270,20.900,21.110,10720712
2025-11-05 10:30:00,21.120,21.210,21.060,21.060,3052902
2025-11-05 11:00:00,21.080,21.130,20.970,21.000,2205598
2025-11-05 11:30:00,21.000,21.140,21.000,21.090,1616846
2025-11-05 13:30:00,21.090,21.170,21.040,21.130,2817756
2025-11-05 14:00:00,21.130,21.170,21.090,21.090,1784603
2025-11-05 14:30:00,21.090,21.150,21.080,21.130,1960905
2025-11-05 15:00:00,21.140,21.150,21.110,21.110,3119442
2025-11-06 10:00:00,21.100,21.150,20.890,20.910,6473858
2025-11-06 10:30:00,20.910,21.030,20.800,20.870,4440200
2025-11-06 11:00:00,20.870,20.920,20.810,20.860,2692700
2025-11-06 11:30:00,20.860,20.910,20.830,20.880,1336750
2025-11-06 13:30:00,20.890,20.920,20.820,20.840,1841400
2025-11-06 14:00:00,20.830,20.880,20.810,20.880,1250247
2025-11-06 14:30:00,20.880,20.880,20.780,20.810,2157700
2025-11-06 15:00:00,20.810,20.850,20.790,20.800,3011000
2025-11-07 10:00:00,20.880,21.150,20.860,21.120,8620372
2025-11-07 10:30:00,21.130,21.140,20.970,21.000,2002775
2025-11-07 11:00:00,21.020,21.340,21.000,21.260,6384439
2025-11-07 11:30:00,21.260,21.290,21.200,21.260,2258633
2025-11-07 13:30:00,21.260,21.350,21.190,21.240,2686878
2025-11-07 14:00:00,21.240,21.300,21.170,21.220,2287951
2025-11-07 14:30:00,21.220,21.250,21.180,21.190,1637800
2025-11-07 15:00:00,21.200,21.210,21.090,21.100,3440401
2025-11-10 10:00:00,21.050,21.460,21.050,21.360,9058092
2025-11-10 10:30:00,21.370,21.600,21.350,21.440,7101879
2025-11-10 11:00:00,21.430,21.500,21.370,21.430,2760250
2025-11-10 11:30:00,21.410,21.480,21.390,21.460,1511400
2025-11-10 13:30:00,21.460,21.530,21.450,21.470,2433206
2025-11-10 14:00:00,21.480,21.530,21.470,21.470,2113000
2025-11-10 14:30:00,21.470,21.560,21.470,21.530,2350600
2025-11-10 15:00:00,21.520,21.550,21.480,21.520,3662600
2025-11-11 10:00:00,21.500,21.500,21.250,21.300,7382680
2025-11-11 10:30:00,21.300,21.390,21.250,21.340,2908700
2025-11-11 11:00:00,21.340,21.490,21.320,21.440,2090700
2025-11-11 11:30:00,21.440,21.520,21.390,21.490,2221650
2025-11-11 13:30:00,21.490,21.920,21.450,21.910,7443770
2025-11-11 14:00:00,21.920,22.180,21.900,21.970,11378773
2025-11-11 14:30:00,21.960,21.990,21.860,21.910,2717354
2025-11-11 15:00:00,21.910,21.910,21.700,21.770,4860783
2025-11-12 10:00:00,21.850,22.090,21.580,21.850,9963289
2025-11-12 10:30:00,21.850,21.890,21.700,21.750,2733200
2025-11-12 11:00:00,21.760,21.940,21.750,21.830,2728100
2025-11-12 11:30:00,21.840,21.890,21.700,21.700,2075350
2025-11-12 13:30:00,21.700,21.720,21.590,21.660,2610283
2025-11-12 14:00:00,21.650,21.700,21.520,21.550,1936800
2025-11-12 14:30:00,21.550,21.630,21.410,21.490,3388635
2025-11-12 15:00:00,21.490,21.650,21.490,21.620,2739400
2025-11-13 10:00:00,21.730,21.750,21.420,21.600,4973989
2025-11-13 10:30:00,21.600,21.610,21.450,21.550,2897000
2025-11-13 11:00:00,21.550,21.600,21.510,21.510,2084100
2025-11-13 11:30:00,21.530,21.590,21.500,21.570,2450550
2025-11-13 13:30:00,21.580,21.660,21.540,21.550,1943147
2025-11-13 14:00:00,21.550,21.910,21.540,21.710,4072300
2025-11-13 14:30:00,21.700,21.790,21.670,21.730,2062133
2025-11-13 15:00:00,21.730,21.750,21.680,21.690,3040700
2025-11-14 10:00:00,21.570,21.970,21.510,21.830,7203756
2025-11-14 10:30:00,21.830,22.010,21.770,21.870,7035928
2025-11-14 11:00:00,21.860,21.930,21.820,21.840,1991950
2025-11-14 11:30:00,21.830,21.840,21.750,21.780,1584850
2025-11-14 13:30:00,21.780,21.790,21.670,21.730,2026950
2025-11-14 14:00:00,21.730,21.750,21.680,21.710,1511000
2025-11-14 14:30:00,21.710,21.750,21.660,21.660,1674419
2025-11-14 15:00:00,21.670,21.690,21.510,21.520,3913827
2025-11-17 10:00:00,21.410,21.510,21.120,21.130,9500178
2025-11-17 10:30:00,21.150,21.220,21.090,21.170,3582640
2025-11-17 11:00:00,21.160,21.250,21.150,21.200,1625800
2025-11-17 11:30:00,21.190,21.280,21.180,21.220,1209200
2025-11-17 13:30:00,21.220,21.250,21.150,21.190,1329364
2025-11-17 14:00:00,21.180,21.190,21.150,21.170,1219750
2025-11-17 14:30:00,21.180,21.200,21.110,21.160,1589200
2025-11-17 15:00:00,21.170,21.240,21.150,21.240,2940326
2025-11-18 10:00:00,21.180,21.330,21.050,21.060,4768450
2025-11-18 10:30:00,21.050,21.130,21.040,21.080,2206350
2025-11-18 11:00:00,21.070,21.110,21.000,21.020,2251249
2025-11-18 11:30:00,21.020,21.090,20.970,21.090,1764000
2025-11-18 13:30:00,21.080,21.090,20.990,21.000,1332900
2025-11-18 14:00:00,21.000,21.060,20.970,21.020,1141600
2025-11-18 14:30:00,21.010,21.020,20.950,20.980,1312400
2025-11-18 15:00:00,20.970,21.050,20.960,21.040,2286900
2025-11-19 10:00:00,21.050,21.160,20.880,20.940,3861419
2025-11-19 10:30:00,20.940,20.940,20.800,20.840,2631800
2025-11-19 11:00:00,20.830,20.900,20.810,20.820,1305582
2025-11-19 11:30:00,20.820,20.880,20.740,20.750,1321179
2025-11-19 13:30:00,20.750,20.810,20.740,20.760,1201900
2025-11-19 14:00:00,20.760,20.810,20.730,20.810,1348450
2025-11-19 14:30:00,20.810,20.920,20.760,20.920,1179620
2025-11-19 15:00:00,20.920,20.950,20.840,20.840,1741909
2025-11-20 10:00:00,21.360,21.770,21.210,21.460,17189469
2025-11-20 10:30:00,21.470,21.600,21.330,21.350,3435008
2025-11-20 11:00:00,21.360,21.370,21.240,21.250,1709012
2025-11-20 11:30:00,21.240,21.350,21.240,21.330,963400
2025-11-20 13:30:00,21.320,21.340,21.240,21.240,1078500
2025-11-20 14:00:00,21.240,21.240,21.080,21.110,1919400
2025-11-20 14:30:00,21.110,21.120,21.000,21.010,1720500
2025-11-20 15:00:00,21.010,21.110,20.920,20.940,3033977
2025-11-21 10:00:00,20.800,20.990,20.360,20.420,10069528
2025-11-21 10:30:00,20.420,20.470,20.290,20.300,4505372
2025-11-21 11:00:00,20.310,20.310,20.110,20.270,4269200
2025-11-21 11:30:00,20.260,20.330,20.190,20.310,1673750
2025-11-21 13:30:00,20.320,20.430,20.280,20.360,1631800
2025-11-21 14:00:00,20.360,20.470,20.320,20.330,1128665
2025-11-21 14:30:00,20.340,20.360,20.260,20.270,1133400
2025-11-21 15:00:00,20.280,20.300,20.120,20.190,3480570
2025-11-24 10:00:00,20.210,20.370,20.140,20.310,3853109
2025-11-24 10:30:00,20.300,20.340,20.250,20.300,1219100
2025-11-24 11:00:00,20.300,20.330,20.270,20.300,892156
2025-11-24 11:30:00,20.290,20.310,20.240,20.250,818094
2025-11-24 13:30:00,20.240,20.440,20.230,20.420,1558100
2025-11-24 14:00:00,20.420,20.490,20.390,20.430,1976900
2025-11-24 14:30:00,20.430,20.440,20.360,20.430,1302606
2025-11-24 15:00:00,20.430,20.440,20.310,20.310,2967165
2025-11-25 10:00:00,20.410,20.510,20.290,20.460,3602552
2025-11-25 10:30:00,20.450,20.490,20.400,20.480,2331400
2025-11-25 11:00:00,20.480,20.620,20.460,20.590,2636067
2025-11-25 11:30:00,20.570,20.640,20.520,20.560,1970600
2025-11-25 13:30:00,20.550,20.560,20.460,20.480,1228200
2025-11-25 14:00:00,20.480,20.660,20.450,20.610,1693050
2025-11-25 14:30:00,20.600,20.610,20.470,20.500,1233000
2025-11-25 15:00:00,20.500,20.510,20.440,20.460,1877158
2025-11-26 10:00:00,20.500,20.840,20.470,20.750,6392753
2025-11-26 10:30:00,20.750,20.850,20.590,20.640,3865100
2025-11-26 11:00:00,20.640,20.640,20.500,20.550,2156240
2025-11-26 11:30:00,20.550,20.600,20.510,20.530,1142200
2025-11-26 13:30:00,20.540,20.560,20.500,20.530,1417900
2025-11-26 14:00:00,20.520,20.540,20.450,20.460,1556800
2025-11-26 14:30:00,20.470,20.480,20.370,20.400,1328000
2025-11-26 15:00:00,20.400,20.420,20.350,20.360,2101100
2025-11-27 10:00:00,20.360,20.450,20.180,20.390,4310700
2025-11-27 10:30:00,20.400,20.450,20.370,20.410,1644150
2025-11-27 11:00:00,20.420,20.500,20.380,20.400,1360500
2025-11-27 11:30:00,20.400,20.430,20.320,20.350,1001100
2025-11-27 13:30:00,20.360,20.450,20.350,20.420,919000
2025-11-27 14:00:00,20.410,20.440,20.370,20.410,838358
2025-11-27 14:30:00,20.400,20.560,20.380,20.550,2682218
2025-11-27 15:00:00,20.550,20.550,20.430,20.460,2266400
2025-11-28 10:00:00,20.520,20.590,20.290,20.300,3480648
2025-11-28 10:30:00,20.290,20.400,20.240,20.370,1413250
2025-11-28 11:00:00,20.350,20.420,20.320,20.400,1168753
2025-11-28 11:30:00,20.400,20.500,20.390,20.480,1207300
2025-11-28 13:30:00,20.480,20.500,20.400,20.460,1025150
2025-11-28 14:00:00,20.450,20.480,20.400,20.470,1192500
2025-11-28 14:30:00,20.480,20.540,20.470,20.530,1198000
2025-11-28 15:00:00,20.530,20.610,20.510,20.560,2260725
2025-12-01 10:00:00,20.590,20.690,20.470,20.610,3410100
2025-12-01 10:30:00,20.610,20.620,20.550,20.590,1496900
2025-12-01 11:00:00,20.590,20.650,20.560,20.640,1170050
2025-12-01 11:30:00,20.640,20.650,20.590,20.590,749750
2025-12-01 13:30:00,20.590,20.610,20.530,20.570,1097750
2025-12-01 14:00:00,20.560,20.570,20.510,20.530,1176950
2025-12-01 14:30:00,20.540,20.550,20.510,20.520,858672
2025-12-01 15:00:00,20.510,20.570,20.500,20.560,1708305
2025-12-02 10:00:00,20.500,20.510,20.220,20.240,4541400
2025-12-02 10:30:00,20.230,20.300,20.210,20.280,1611000
2025-12-02 11:00:00,20.280,20.310,20.230,20.260,1053100
2025-12-02 11:30:00,20.270,20.280,20.210,20.210,1134250
2025-12-02 13:30:00,20.220,20.260,20.200,20.210,1043263
2025-12-02 14:00:00,20.200,20.230,20.160,20.190,1560200
2025-12-02 14:30:00,20.190,20.210,20.170,20.180,915900
2025-12-02 15:00:00,20.190,20.190,20.120,20.170,2881833
2025-12-03 10:00:00,20.170,20.270,20.000,20.030,3705056
2025-12-03 10:30:00,20.030,20.080,19.970,19.970,2095950
2025-12-03 11:00:00,19.970,20.050,19.930,20.030,1592700
2025-12-03 11:30:00,20.030,20.040,19.990,20.020,486300
2025-12-03 13:30:00,20.030,20.090,19.990,20.060,699000
2025-12-03 14:00:00,20.050,20.060,19.980,19.990,732100
2025-12-03 14:30:00,19.990,19.990,19.940,19.950,1307200
2025-12-03 15:00:00,19.960,20.030,19.950,20.010,1234150
2025-12-04 10:00:00,20.060,20.060,19.790,19.810,3816900
2025-12-04 10:30:00,19.820,19.880,19.730,19.860,2124500
2025-12-04 11:00:00,19.860,20.040,19.850,20.010,1436250
2025-12-04 11:30:00,20.000,20.020,19.950,20.010,697500
2025-12-04 13:30:00,20.000,20.020,19.930,19.950,718200
2025-12-04 14:00:00,19.950,19.950,19.910,19.920,531750
2025-12-04 14:30:00,19.920,20.020,19.910,19.930,776972
2025-12-04 15:00:00,19.940,19.970,19.900,19.960,1422683
2025-12-05 10:00:00,19.970,19.980,19.700,19.790,3819709
2025-12-05 10:30:00,19.790,19.850,19.760,19.830,1491000
2025-12-05 11:00:00,19.820,19.850,19.790,19.800,821600
2025-12-05 11:30:00,19.800,19.880,19.790,19.850,983322
2025-12-05 13:30:00,19.860,19.860,19.790,19.830,800600
2025-12-05 14:00:00,19.840,20.040,19.830,20.020,1972800
2025-12-05 14:30:00,20.030,20.080,20.020,20.060,1640365
2025-12-05 15:00:00,20.070,20.100,20.050,20.100,1847350
2025-12-08 10:00:00,20.140,20.230,20.020,20.050,3630700
2025-12-08 10:30:00,20.050,20.110,20.050,20.070,1539450
2025-12-08 11:00:00,20.070,20.100,20.040,20.070,1167800
2025-12-08 11:30:00,20.070,20.080,20.030,20.040,990450
2025-12-08 13:30:00,20.040,20.050,20.000,20.010,1637600
2025-12-08 14:00:00,20.020,20.060,20.010,20.040,867681
2025-12-08 14:30:00,20.020,20.030,19.980,20.010,1501450
2025-12-08 15:00:00,20.010,20.060,20.000,20.060,1450700
2025-12-09 10:00:00,20.000,20.040,19.930,19.940,3030875
2025-12-09 10:30:00,19.940,19.940,19.850,19.870,2454500
2025-12-09 11:00:00,19.870,19.890,19.830,19.860,1213150
2025-12-09 11:30:00,19.850,19.870,19.840,19.850,723182
2025-12-09 13:30:00,19.860,19.890,19.810,19.810,1141550
2025-12-09 14:00:00,19.820,19.820,19.790,19.800,1447450
2025-12-09 14:30:00,19.810,19.830,19.800,19.810,716744
2025-12-09 15:00:00,19.820,19.820,19.780,19.800,1876399
2025-12-10 10:00:00,19.760,19.830,19.570,19.690,3431569
2025-12-10 10:30:00,19.680,19.770,19.620,19.680,1284600
2025-12-10 11:00:00,19.670,19.700,19.630,19.670,960503
2025-12-10 11:30:00,19.670,19.690,19.620,19.650,578300
2025-12-10 13:30:00,19.660,19.680,19.600,19.680,1146300
2025-12-10 14:00:00,19.670,19.760,19.660,19.720,1224556
2025-12-10 14:30:00,19.720,19.840,19.700,19.820,1437300
2025-12-10 15:00:00,19.820,19.830,19.800,19.820,1251565
2025-12-11 10:00:00,19.840,19.870,19.630,19.640,2572100
2025-12-11 10:30:00,19.640,19.670,19.620,19.630,1509550
2025-12-11 11:00:00,19.640,19.640,19.570,19.590,1783265
2025-12-11 11:30:00,19.580,19.590,19.550,19.550,1112090
2025-12-11 13:30:00,19.550,19.560,19.420,19.420,2217900
2025-12-11 14:00:00,19.430,19.510,19.420,19.490,1182200
2025-12-11 14:30:00,19.500,19.500,19.420,19.430,1124150
2025-12-11 15:00:00,19.430,19.460,19.380,19.380,2466250
2025-12-12 10:00:00,19.370,19.450,19.260,19.360,3558566
2025-12-12 10:30:00,19.360,19.450,19.350,19.380,1577300
2025-12-12 11:00:00,19.380,19.450,19.360,19.400,1118350
2025-12-12 11:30:00,19.410,19.430,19.350,19.380,1084800
2025-12-12 13:30:00,19.380,19.420,19.360,19.400,861150
2025-12-12 14:00:00,19.400,19.440,19.380,19.440,1027800
2025-12-12 14:30:00,19.440,19.450,19.400,19.440,1379000
2025-12-12 15:00:00,19.420,19.440,19.360,19.370,1963410
2025-12-15 10:00:00,19.250,19.350,19.130,19.240,3359872
2025-12-15 10:30:00,19.250,19.300,19.200,19.290,1406905
2025-12-15 11:00:00,19.280,19.320,19.260,19.270,957250
2025-12-15 11:30:00,19.280,19.280,19.240,19.250,751950
2025-12-15 13:30:00,19.260,19.260,19.210,19.220,789711
2025-12-15 14:00:00,19.230,19.240,19.170,19.230,1101539
2025-12-15 14:30:00,19.220,19.230,19.140,19.160,1133512
2025-12-15 15:00:00,19.160,19.170,19.070,19.100,2895166
2025-12-16 10:00:00,19.080,19.160,18.930,18.970,3656350
2025-12-16 10:30:00,18.960,19.010,18.900,19.000,2121432
2025-12-16 11:00:00,19.000,19.010,18.910,18.940,1154250
2025-12-16 11:30:00,18.950,18.970,18.900,18.940,889400
2025-12-16 13:30:00,18.930,19.000,18.900,18.930,1076650
2025-12-16 14:00:00,18.910,19.040,18.910,18.970,967650
2025-12-16 14:30:00,18.980,19.000,18.920,18.930,796950
2025-12-16 15:00:00,18.930,18.960,18.900,18.910,1645325
2025-12-17 10:00:00,18.950,19.030,18.860,18.890,2581528
2025-12-17 10:30:00,18.880,18.940,18.860,18.910,1339150
2025-12-17 11:00:00,18.910,18.910,18.860,18.900,660400
2025-12-17 11:30:00,18.900,18.920,18.870,18.880,602150
2025-12-17 13:30:00,18.880,18.890,18.800,18.830,1214600
2025-12-17 14:00:00,18.840,19.030,18.830,19.010,1634150
2025-12-17 14:30:00,19.020,19.130,18.980,19.090,2213050
2025-12-17 15:00:00,19.090,19.110,19.070,19.110,1906100
2025-12-18 10:00:00,19.040,19.270,19.010,19.250,3224301
2025-12-18 10:30:00,19.250,19.330,19.230,19.300,2203650
2025-12-18 11:00:00,19.300,19.310,19.210,19.260,1164950
2025-12-18 11:30:00,19.250,19.280,19.220,19.240,664500
2025-12-18 13:30:00,19.240,19.300,19.230,19.280,713450
2025-12-18 14:00:00,19.260,19.280,19.200,19.200,891650
2025-12-18 14:30:00,19.200,19.250,19.190,19.220,669950
2025-12-18 15:00:00,19.220,19.240,19.200,19.200,1323500
2025-12-19 10:00:00,19.210,19.310,19.190,19.300,2063391
2025-12-19 10:30:00,19.300,19.350,19.260,19.280,1809500
2025-12-19 11:00:00,19.290,19.330,19.280,19.310,676800
2025-12-19 11:30:00,19.320,19.350,19.290,19.340,627600
2025-12-19 13:30:00,19.340,19.350,19.300,19.320,783200
2025-12-19 14:00:00,19.320,19.330,19.250,19.260,1007300
2025-12-19 14:30:00,19.260,19.290,19.230,19.270,1082825
2025-12-19 15:00:00,19.280,19.330,19.250,19.330,2094783
2025-12-22 10:00:00,19.260,19.320,19.210,19.300,2529059
2025-12-22 10:30:00,19.300,19.350,19.290,19.340,1142761
2025-12-22 11:00:00,19.330,19.350,19.310,19.320,658000
2025-12-22 11:30:00,19.330,19.350,19.320,19.330,586100
2025-12-22 13:30:00,19.340,19.340,19.280,19.300,926900
2025-12-22 14:00:00,19.290,19.320,19.260,19.280,919996
2025-12-22 14:30:00,19.290,19.350,19.270,19.340,879100
2025-12-22 15:00:00,19.340,19.350,19.310,19.330,1320150
2025-12-23 10:00:00,19.290,19.370,19.180,19.210,2571215
2025-12-23 10:30:00,19.210,19.250,19.100,19.140,1713062
2025-12-23 11:00:00,19.140,19.150,19.080,19.110,1302287
2025-12-23 11:30:00,19.110,19.180,19.060,19.120,985401
2025-12-23 13:30:00,19.120,19.150,19.090,19.140,572100
2025-12-23 14:00:00,19.120,19.160,19.090,19.090,507750
2025-12-23 14:30:00,19.090,19.110,19.030,19.040,1191400
2025-12-23 15:00:00,19.040,19.060,19.010,19.040,1746842
2025-12-24 10:00:00,19.050,19.150,18.980,19.120,2015548
2025-12-24 10:30:00,19.110,19.140,19.050,19.070,1053850
2025-12-24 11:00:00,19.070,19.180,19.060,19.120,710115
2025-12-24 11:30:00,19.120,19.150,19.100,19.110,668350
2025-12-24 13:30:00,19.120,19.140,19.100,19.130,688821
2025-12-24 14:00:00,19.130,19.200,19.130,19.170,1273925
2025-12-24 14:30:00,19.170,19.180,19.150,19.150,624500
2025-12-24 15:00:00,19.160,19.170,19.140,19.150,1648248
2025-12-25 10:00:00,19.200,19.200,19.120,19.140,1699633
2025-12-25 10:30:00,19.150,19.160,19.100,19.120,937900
2025-12-25 11:00:00,19.120,19.150,19.100,19.140,842100
2025-12-25 11:30:00,19.140,19.150,19.120,19.140,593000
2025-12-25 13:30:00,19.140,19.220,19.110,19.200,1287400
2025-12-25 14:00:00,19.200,19.220,19.180,19.200,818400
2025-12-25 14:30:00,19.200,19.220,19.190,19.200,819945
2025-12-25 15:00:00,19.200,19.220,19.180,19.210,1490650
2025-12-26 10:00:00,19.160,19.370,19.140,19.370,2610700
2025-12-26 10:30:00,19.370,19.380,19.310,19.370,1568050
2025-12-26 11:00:00,19.370,19.370,19.330,19.350,823012
2025-12-26 11:30:00,19.350,19.350,19.180,19.220,2218250
2025-12-26 13:30:00,19.220,19.270,19.190,19.240,735246
2025-12-26 14:00:00,19.250,19.280,19.230,19.270,597400
2025-12-26 14:30:00,19.270,19.300,19.220,19.240,794900
2025-12-26 15:00:00,19.240,19.260,19.220,19.240,1289650
2025-12-29 10:00:00,19.250,19.280,19.140,19.190,2275350
2025-12-29 10:30:00,19.190,19.200,19.090,19.120,1727250
2025-12-29 11:00:00,19.110,19.130,19.080,19.090,1238562
2025-12-29 11:30:00,19.100,19.120,19.070,19.070,997150
2025-12-29 13:30:00,19.080,19.120,19.030,19.080,1479700
2025-12-29 14:00:00,19.090,19.100,19.040,19.060,804450
2025-12-29 14:30:00,19.070,19.070,19.030,19.040,913400
2025-12-29 15:00:00,19.050,19.050,19.020,19.030,1638459
2025-12-30 10:00:00,19.010,19.090,18.910,18.950,2945650
2025-12-30 10:30:00,18.960,19.040,18.950,19.030,1073668
2025-12-30 11:00:00,19.030,19.060,19.000,19.060,741900
2025-12-30 11:30:00,19.060,19.080,19.020,19.040,619250
2025-12-30 13:30:00,19.040,19.120,19.000,19.090,1089200
2025-12-30 14:00:00,19.090,19.110,19.030,19.050,625950
2025-12-30 14:30:00,19.050,19.050,19.020,19.030,580750
2025-12-30 15:00:00,19.030,19.040,18.980,18.980,1395200
2025-12-31 10:00:00,19.060,19.090,18.870,18.880,2839921
2025-12-31 10:30:00,18.880,18.900,18.830,18.890,1734790
2025-12-31 11:00:00,18.900,18.940,18.880,18.920,600714
2025-12-31 11:30:00,18.930,18.960,18.900,18.920,600150
2025-12-31 13:30:00,18.920,18.970,18.870,18.940,953743
2025-12-31 14:00:00,18.930,18.950,18.890,18.900,666750
2025-12-31 14:30:00,18.890,18.910,18.880,18.900,631300
2025-12-31 15:00:00,18.900,18.900,18.850,18.870,1905535
2026-01-05 10:00:00,18.900,19.110,18.880,19.090,4171134
2026-01-05 10:30:00,19.090,19.180,19.080,19.180,2566978
2026-01-05 11:00:00,19.180,19.270,19.170,19.230,2872276
2026-01-05 11:30:00,19.230,19.290,19.210,19.280,1568950
2026-01-05 13:30:00,19.290,19.430,19.250,19.320,3163921
2026-01-05 14:00:00,19.310,19.350,19.310,19.350,1066450
2026-01-05 14:30:00,19.350,19.380,19.330,19.370,1268250
2026-01-05 15:00:00,19.380,19.440,19.370,19.430,3028927
2026-01-06 10:00:00,19.410,19.490,19.370,19.470,4541516
2026-01-06 10:30:00,19.470,19.470,19.350,19.380,2612764
2026-01-06 11:00:00,19.380,19.400,19.290,19.380,2313450
2026-01-06 11:30:00,19.380,19.470,19.380,19.430,1342900
2026-01-06 13:30:00,19.440,19.490,19.430,19.460,1916400
2026-01-06 14:00:00,19.470,19.480,19.390,19.410,1321500
2026-01-06 14:30:00,19.420,19.490,19.410,19.470,1400100
2026-01-06 15:00:00,19.480,19.540,19.450,19.540,3065400
2026-01-07 10:00:00,19.490,19.580,19.450,19.480,4086100
2026-01-07 10:30:00,19.480,19.500,19.360,19.390,3215850
2026-01-07 11:00:00,19.380,19.450,19.380,19.410,1242900
2026-01-07 11:30:00,19.420,19.450,19.400,19.450,824600
2026-01-07 13:30:00,19.450,19.470,19.310,19.340,1904450
2026-01-07 14:00:00,19.340,19.390,19.310,19.350,1470400
2026-01-07 14:30:00,19.360,19.410,19.340,19.340,936300
2026-01-07 15:00:00,19.360,19.360,19.320,19.330,1958511
2026-01-08 10:00:00,19.330,19.440,19.230,19.420,3213950
2026-01-08 10:30:00,19.410,19.560,19.390,19.550,3092163
2026-01-08 11:00:00,19.540,19.550,19.470,19.480,1236600
2026-01-08 11:30:00,19.480,19.540,19.470,19.490,969756
2026-01-08 13:30:00,19.490,19.540,19.490,19.530,1462985
2026-01-08 14:00:00,19.520,19.530,19.470,19.500,1567232
2026-01-08 14:30:00,19.500,19.520,19.370,19.430,1642000
2026-01-08 15:00:00,19.440,19.490,19.430,19.470,1577350
2026-01-09 10:00:00,19.500,19.950,19.470,19.800,10091272
2026-01-09 10:30:00,19.820,19.900,19.700,19.900,3426850
2026-01-09 11:00:00,19.900,19.910,19.750,19.780,2232434
2026-01-09 11:30:00,19.780,19.790,19.600,19.620,2260369
2026-01-09 13:30:00,19.620,19.710,19.600,19.670,1464450
2026-01-09 14:00:00,19.670,19.720,19.650,19.680,1272050
2026-01-09 14:30:00,19.690,19.750,19.680,19.720,1243836
2026-01-09 15:00:00,19.730,19.840,19.720,19.800,3538848
2026-01-12 10:00:00,19.670,19.910,19.660,19.810,7025865
2026-01-12 10:30:00,19.800,19.870,19.780,19.780,2735355
2026-01-12 11:00:00,19.780,19.830,19.750,19.820,2208145
2026-01-12 11:30:00,19.820,19.840,19.780,19.830,1914000
2026-01-12 13:30:00,19.840,20.180,19.830,20.070,7387750
2026-01-12 14:00:00,20.080,20.100,20.020,20.090,1920875
2026-01-12 14:30:00,20.090,20.110,20.060,20.110,2069100
2026-01-12 15:00:00,20.110,20.110,20.040,20.080,3341100
2026-01-13 10:00:00,19.840,20.730,19.710,20.430,20376805
2026-01-13 10:30:00,20.420,20.890,20.360,20.600,14213798
2026-01-13 11:00:00,20.590,20.680,20.530,20.590,3756700
2026-01-13 11:30:00,20.590,20.660,20.570,20.600,2028158
2026-01-13 13:30:00,20.590,20.630,20.380,20.470,3238809
2026-01-13 14:00:00,20.470,20.490,20.330,20.400,2017850
2026-01-13 14:30:00,20.400,20.420,20.280,20.300,2195100
2026-01-13 15:00:00,20.300,20.310,20.100,20.190,5024400
2026-01-14 10:00:00,19.960,20.580,19.800,20.320,14430825
2026-01-14 10:30:00,20.330,20.500,20.320,20.470,4776447
2026-01-14 11:00:00,20.470,20.490,20.350,20.360,2856150
2026-01-14 11:30:00,20.370,20.550,20.360,20.420,3879820
2026-01-14 13:30:00,20.430,20.440,20.000,20.100,7171553
2026-01-14 14:00:00,20.110,20.150,19.890,19.900,5499764
2026-01-14 14:30:00,19.900,20.060,19.810,20.060,4019900
2026-01-14 15:00:00,20.060,20.080,19.970,20.030,2784350
2026-01-15 10:00:00,19.870,19.980,19.750,19.770,7441050
2026-01-15 10:30:00,19.770,19.780,19.460,19.510,8201902
2026-01-15 11:00:00,19.510,19.550,19.430,19.500,3456157
2026-01-15 11:30:00,19.510,19.530,19.410,19.430,1874300
2026-01-15 13:30:00,19.440,19.530,19.410,19.510,1806873
2026-01-15 14:00:00,19.510,19.520,19.430,19.450,1680750
2026-01-15 14:30:00,19.440,19.450,19.280,19.330,4898550
2026-01-15 15:00:00,19.340,19.440,19.290,19.420,4041638
2026-01-16 10:00:00,19.460,19.500,19.110,19.110,8160338
2026-01-16 10:30:00,19.110,19.120,18.960,19.000,7463100
2026-01-16 11:00:00,18.990,19.090,18.990,19.030,1916276
2026-01-16 11:30:00,19.030,19.080,18.970,18.970,2825989
2026-01-16 13:30:00,18.970,19.050,18.950,19.010,2095766
2026-01-16 14:00:00,19.010,19.100,18.980,18.990,2302850
2026-01-16 14:30:00,18.990,19.000,18.950,18.970,2317600
2026-01-16 15:00:00,18.980,18.980,18.910,18.920,4218700
2026-01-19 10:00:00,18.770,18.770,17.330,17.920,31960797
2026-01-19 10:30:00,17.910,17.940,17.760,17.790,5310282
2026-01-19 11:00:00,17.790,17.800,17.600,17.780,4737656
2026-01-19 11:30:00,17.790,17.800,17.700,17.700,2109248
2026-01-19 13:30:00,17.710,17.720,17.580,17.580,3804311
2026-01-19 14:00:00,17.580,17.620,17.400,17.500,5853750
2026-01-19 14:30:00,17.500,17.660,17.490,17.510,3047940
2026-01-19 15:00:00,17.510,17.560,17.480,17.560,5030494
2026-01-20 10:00:00,17.480,17.700,17.240,17.320,11961037
2026-01-20 10:30:00,17.320,17.340,17.190,17.220,6350020
2026-01-20 11:00:00,17.220,17.310,17.210,17.240,1985250
2026-01-20 11:30:00,17.240,17.290,17.190,17.200,2881660
2026-01-20 13:30:00,17.200,17.240,17.170,17.200,2240906
2026-01-20 14:00:00,17.200,17.240,17.180,17.180,2054050
2026-01-20 14:30:00,17.190,17.190,17.020,17.030,6148171
2026-01-20 15:00:00,17.030,17.100,16.980,17.090,6079640
2026-01-21 10:00:00,16.950,17.060,16.750,17.000,8401250
2026-01-21 10:30:00,16.990,17.100,16.970,17.100,3043401
2026-01-21 11:00:00,17.100,17.170,17.000,17.040,2812937
2026-01-21 11:30:00,17.030,17.050,16.930,16.940,1987854
2026-01-21 13:30:00,16.960,16.970,16.920,16.930,1930950
2026-01-21 14:00:00,16.930,16.980,16.920,16.970,1688844
2026-01-21 14:30:00,16.970,17.000,16.890,16.900,2688582
2026-01-21 15:00:00,16.900,16.950,16.890,16.950,3440445
2026-01-22 10:00:00,16.950,17.100,16.890,17.020,5410263
2026-01-22 10:30:00,17.010,17.130,17.000,17.010,3754416
2026-01-22 11:00:00,17.000,17.080,17.000,17.050,1666350
2026-01-22 11:30:00,17.040,17.070,16.960,16.990,1890550
2026-01-22 13:30:00,17.020,17.030,16.970,17.000,999950
2026-01-22 14:00:00,17.000,17.030,16.990,17.010,841851
2026-01-22 14:30:00,17.020,17.050,17.000,17.020,1290750
2026-01-22 15:00:00,17.030,17.050,17.000,17.030,2917591
2026-01-23 10:00:00,17.020,17.210,17.000,17.180,6406559
2026-01-23 10:30:00,17.170,17.240,17.160,17.170,3448400
2026-01-23 11:00:00,17.170,17.180,17.130,17.160,1843500
2026-01-23 11:30:00,17.160,17.180,17.090,17.150,2226250
2026-01-23 13:30:00,17.150,17.230,17.110,17.200,2813700
2026-01-23 14:00:00,17.180,17.470,17.160,17.330,7188664
2026-01-23 14:30:00,17.330,17.370,17.280,17.320,2198567
2026-01-23 15:00:00,17.320,17.340,17.250,17.280,3607016
2026-01-26 10:00:00,17.550,18.510,17.550,18.510,37862183
2026-01-26 10:30:00,18.510,19.450,18.480,19.090,26212164
2026-01-26 11:00:00,19.090,19.100,18.810,18.840,5103014
2026-01-26 11:30:00,18.840,18.990,18.800,18.920,2529429
2026-01-26 13:30:00,18.950,19.730,18.920,19.660,19068730
2026-01-26 14:00:00,19.670,20.400,19.660,20.220,17375501
2026-01-26 14:30:00,20.220,20.240,19.850,19.850,5207540
2026-01-26 15:00:00,19.850,20.090,19.750,19.850,10696883
2026-01-27 10:00:00,19.240,19.270,18.020,18.320,47567698
2026-01-27 10:30:00,18.310,18.570,18.210,18.390,9652996
2026-01-27 11:00:00,18.400,18.420,18.260,18.380,4514672
2026-01-27 11:30:00,18.350,18.430,18.290,18.340,2394300
2026-01-27 13:30:00,18.330,18.590,18.320,18.520,3903250
2026-01-27 14:00:00,18.520,18.780,18.500,18.730,4575246
2026-01-27 14:30:00,18.730,18.730,18.560,18.620,3580744
2026-01-27 15:00:00,18.620,18.690,18.560,18.640,7172744
2026-01-28 10:00:00,18.400,18.600,18.120,18.280,18713874
2026-01-28 10:30:00,18.280,18.420,18.180,18.230,4791470
2026-01-28 11:00:00,18.220,18.280,18.160,18.180,3758310
2026-01-28 11:30:00,18.180,18.390,18.160,18.190,2838361
2026-01-28 13:30:00,18.190,18.210,18.050,18.050,5572636
2026-01-28 14:00:00,18.050,18.100,18.010,18.040,4117945
2026-01-28 14:30:00,18.030,18.050,17.970,18.010,3704500
2026-01-28 15:00:00,18.000,18.030,17.860,17.860,7419985
2026-01-29 10:00:00,17.720,17.880,17.450,17.720,10756502
2026-01-29 10:30:00,17.730,17.860,17.650,17.720,4387150
2026-01-29 11:00:00,17.710,17.880,17.710,17.730,2586987
2026-01-29 11:30:00,17.730,17.770,17.620,17.700,2828150
2026-01-29 13:30:00,17.700,17.750,17.550,17.570,3332773
2026-01-29 14:00:00,17.570,17.690,17.550,17.600,2414550
2026-01-29 14:30:00,17.600,18.380,17.570,17.960,11550949
2026-01-29 15:00:00,17.970,18.050,17.880,17.990,5832107
2026-01-30 10:00:00,17.830,17.930,17.600,17.650,9085607
2026-01-30 10:30:00,17.640,17.650,17.460,17.470,5923150
2026-01-30 11:00:00,17.460,17.500,17.360,17.440,3862549
2026-01-30 11:30:00,17.450,17.470,17.380,17.450,2115150
2026-01-30 13:30:00,17.440,17.580,17.440,17.510,2378178
2026-01-30 14:00:00,17.520,17.570,17.490,17.500,1232224
2026-01-30 14:30:00,17.500,17.550,17.460,17.460,1441700
2026-01-30 15:00:00,17.470,17.470,17.370,17.370,4126913
2026-02-02 10:00:00,17.240,17.490,17.110,17.350,6908570
2026-02-02 10:30:00,17.340,17.420,17.280,17.300,2191929
2026-02-02 11:00:00,17.300,17.350,17.250,17.260,1524800
2026-02-02 11:30:00,17.250,17.330,17.250,17.270,989839
2026-02-02 13:30:00,17.280,17.330,17.220,17.220,1557900
2026-02-02 14:00:00,17.230,17.250,17.140,17.230,2135550
2026-02-02 14:30:00,17.220,17.250,17.130,17.140,1501750
2026-02-02 15:00:00,17.150,17.160,17.010,17.010,3988867
2026-02-03 10:00:00,17.210,17.260,17.110,17.180,4695600
2026-02-03 10:30:00,17.170,17.190,17.050,17.050,3441250
2026-02-03 11:00:00,17.070,17.110,17.030,17.100,1396950
2026-02-03 11:30:00,17.090,17.160,17.090,17.130,720000
2026-02-03 13:30:00,17.130,17.220,17.110,17.190,1426936
2026-02-03 14:00:00,17.200,17.220,17.160,17.190,1172150
2026-02-03 14:30:00,17.190,17.210,17.150,17.210,1447237
2026-02-03 15:00:00,17.210,17.240,17.200,17.220,3164217
2026-02-04 10:00:00,17.230,17.370,17.120,17.230,4402253
2026-02-04 10:30:00,17.240,17.290,17.210,17.280,1807487
2026-02-04 11:00:00,17.290,17.320,17.230,17.240,1484300
2026-02-04 11:30:00,17.240,17.290,17.220,17.220,1141500
2026-02-04 13:30:00,17.230,17.300,17.220,17.300,1877799
2026-02-04 14:00:00,17.300,17.320,17.270,17.290,1392800
2026-02-04 14:30:00,17.300,17.830,17.290,17.600,9514724
2026-02-04 15:00:00,17.610,17.680,17.590,17.670,4705433
2026-02-05 10:00:00,17.570,17.790,17.520,17.750,7478250
2026-02-05 10:30:00,17.740,17.790,17.580,17.600,3703500
2026-02-05 11:00:00,17.600,17.700,17.510,17.550,1859150
2026-02-05 11:30:00,17.560,17.590,17.480,17.510,1436900
2026-02-05 13:30:00,17.510,17.590,17.500,17.550,1196336
2026-02-05 14:00:00,17.570,17.590,17.490,17.550,1441376
2026-02-05 14:30:00,17.540,17.560,17.500,17.510,1260950
2026-02-05 15:00:00,17.520,17.550,17.440,17.440,3029550
2026-02-06 10:00:00,17.410,17.740,17.350,17.680,7231964
2026-02-06 10:30:00,17.690,17.690,17.580,17.640,2287800
2026-02-06 11:00:00,17.660,17.660,17.570,17.610,1431100
2026-02-06 11:30:00,17.600,17.640,17.550,17.580,1078900
2026-02-06 13:30:00,17.590,17.600,17.550,17.550,995500
2026-02-06 14:00:00,17.560,17.630,17.560,17.600,1010900
2026-02-06 14:30:00,17.600,17.630,17.550,17.570,1278850
2026-02-06 15:00:00,17.570,17.580,17.460,17.470,3397389
2026-02-09 10:00:00,17.610,17.680,17.490,17.610,5944261
2026-02-09 10:30:00,17.620,17.650,17.580,17.590,1805400
2026-02-09 11:00:00,17.590,17.610,17.560,17.570,1381800
2026-02-09 11:30:00,17.560,17.570,17.510,17.520,1445650
2026-02-09 13:30:00,17.520,17.530,17.500,17.510,1349904
2026-02-09 14:00:00,17.510,17.530,17.490,17.510,1475000
2026-02-09 14:30:00,17.510,17.560,17.500,17.550,1170500
2026-02-09 15:00:00,17.550,17.600,17.540,17.570,2672273
2026-02-10 10:00:00,17.600,17.650,17.400,17.460,4895242
2026-02-10 10:30:00,17.460,17.490,17.420,17.470,2025098
2026-02-10 11:00:00,17.480,17.580,17.440,17.510,1995550
2026-02-10 11:30:00,17.500,17.520,17.470,17.500,742650
2026-02-10 13:30:00,17.510,17.540,17.480,17.510,963600
2026-02-10 14:00:00,17.490,17.520,17.470,17.480,1067100
2026-02-10 14:30:00,17.470,17.480,17.400,17.400,1932400
2026-02-10 15:00:00,17.410,17.440,17.400,17.420,2233200
2026-02-11 10:00:00,17.400,17.470,17.350,17.400,3190000
2026-02-11 10:30:00,17.390,17.440,17.370,17.380,1363800
2026-02-11 11:00:00,17.380,17.400,17.330,17.360,1396333
2026-02-11 11:30:00,17.350,17.370,17.310,17.340,1418017
2026-02-11 13:30:00,17.340,17.350,17.310,17.310,875500
2026-02-11 14:00:00,17.320,17.370,17.310,17.340,963368
2026-02-11 14:30:00,17.340,17.350,17.310,17.310,975700
2026-02-11 15:00:00,17.310,17.320,17.260,17.260,2834490
2026-02-12 10:00:00,17.240,17.280,17.100,17.140,3994350
2026-02-12 10:30:00,17.140,17.220,17.140,17.170,1656750
2026-02-12 11:00:00,17.180,17.180,17.140,17.140,1048022
2026-02-12 11:30:00,17.150,17.180,17.130,17.150,1033204
2026-02-12 13:30:00,17.160,17.160,17.120,17.140,897400
2026-02-12 14:00:00,17.140,17.260,17.130,17.200,1364060
2026-02-12 14:30:00,17.190,17.200,17.160,17.160,840640
2026-02-12 15:00:00,17.170,17.180,17.070,17.070,3626270
2026-02-13 10:00:00,17.140,17.200,17.090,17.130,2619900
2026-02-13 10:30:00,17.130,17.150,17.110,17.110,968400
2026-02-13 11:00:00,17.120,17.130,17.070,17.090,1267850
2026-02-13 11:30:00,17.090,17.100,17.040,17.060,1306100
2026-02-13 13:30:00,17.070,17.080,17.030,17.040,989500
2026-02-13 14:00:00,17.040,17.060,17.030,17.030,944300
2026-02-13 14:30:00,17.030,17.040,16.950,16.980,2602100
2026-02-13 15:00:00,16.980,16.990,16.900,16.900,3674227
2026-02-24 10:00:00,17.020,17.080,16.910,16.930,3730551
2026-02-24 10:30:00,16.940,17.020,16.920,17.010,1806566
2026-02-24 11:00:00,17.020,17.050,17.000,17.010,1000712
2026-02-24 11:30:00,17.020,17.040,17.000,17.040,959950
2026-02-24 13:30:00,17.040,17.050,16.970,17.010,1141993
2026-02-24 14:00:00,17.010,17.010,16.960,17.000,580400
2026-02-24 14:30:00,17.010,17.080,16.990,17.070,958850
2026-02-24 15:00:00,17.070,17.120,17.030,17.110,2420408
2026-02-25 10:00:00,17.070,17.250,17.030,17.250,3425850
2026-02-25 10:30:00,17.250,17.260,17.200,17.220,1439200
2026-02-25 11:00:00,17.230,17.230,17.180,17.210,1188250
2026-02-25 11:30:00,17.210,17.310,17.190,17.310,2142298
2026-02-25 13:30:00,17.300,17.330,17.230,17.250,1397411
2026-02-25 14:00:00,17.250,17.280,17.230,17.240,1106700
2026-02-25 14:30:00,17.230,17.240,17.190,17.200,1273450
2026-02-25 15:00:00,17.210,17.600,17.200,17.580,10957741
2026-02-26 10:00:00,17.570,17.570,17.300,17.330,5182735
2026-02-26 10:30:00,17.340,17.350,17.250,17.250,2622165
2026-02-26 11:00:00,17.250,17.290,17.230,17.240,1594000
2026-02-26 11:30:00,17.240,17.300,17.240,17.290,918872
2026-02-26 13:30:00,17.280,17.310,17.250,17.300,848000
2026-02-26 14:00:00,17.300,17.310,17.250,17.260,812650
2026-02-26 14:30:00,17.260,17.260,17.190,17.190,2040725
2026-02-26 15:00:00,17.200,17.230,17.190,17.230,2086987
2026-02-27 10:00:00,17.230,17.330,17.200,17.290,2361278
2026-02-27 10:30:00,17.290,17.310,17.270,17.290,1262014
2026-02-27 11:00:00,17.290,17.310,17.260,17.280,802200
2026-02-27 11:30:00,17.270,17.290,17.240,17.250,819000
2026-02-27 13:30:00,17.260,17.280,17.230,17.260,830800
2026-02-27 14:00:00,17.250,17.270,17.240,17.250,969739
2026-02-27 14:30:00,17.250,17.260,17.240,17.250,885373
2026-02-27 15:00:00,17.250,17.290,17.240,17.290,2583870
2026-03-02 10:00:00,17.010,17.080,16.880,16.890,7266230
2026-03-02 10:30:00,16.880,16.910,16.610,16.700,7272723
2026-03-02 11:00:00,16.710,16.740,16.660,16.660,2365100
2026-03-02 11:30:00,16.660,16.680,16.630,16.670,2050774
2026-03-02 13:30:00,16.680,16.860,16.670,16.850,2048900
2026-03-02 14:00:00,16.850,16.860,16.720,16.720,1157950
2026-03-02 14:30:00,16.730,16.730,16.670,16.680,1044650
2026-03-02 15:00:00,16.680,16.690,16.630,16.630,3327628
2026-03-03 10:00:00,16.630,16.750,16.360,16.370,6594800
2026-03-03 10:30:00,16.380,16.430,16.210,16.240,5919994
2026-03-03 11:00:00,16.240,16.320,16.230,16.320,1831951
2026-03-03 11:30:00,16.320,16.340,16.290,16.290,908750
2026-03-03 13:30:00,16.290,16.300,16.210,16.220,2301677
2026-03-03 14:00:00,16.220,16.240,16.080,16.100,2755900
2026-03-03 14:30:00,16.100,16.120,16.020,16.080,2890100
2026-03-03 15:00:00,16.080,16.080,15.970,15.980,4175002
2026-03-04 10:00:00,15.890,15.980,15.760,15.970,5283500
2026-03-04 10:30:00,15.970,15.980,15.860,15.860,1964300
2026-03-04 11:00:00,15.860,15.880,15.670,15.690,3111687
2026-03-04 11:30:00,15.690,15.730,15.580,15.620,2344078
2026-03-04 13:30:00,15.630,15.680,15.600,15.630,1667200
2026-03-04 14:00:00,15.620,15.760,15.610,15.730,984748
2026-03-04 14:30:00,15.730,15.730,15.640,15.660,848350
2026-03-04 15:00:00,15.670,15.700,15.610,15.630,2050446
2026-03-05 10:00:00,15.920,15.950,15.700,15.700,4237650
2026-03-05 10:30:00,15.710,15.770,15.690,15.720,1879050
2026-03-05 11:00:00,15.720,15.850,15.720,15.830,1738858
2026-03-05 11:30:00,15.840,15.880,15.810,15.820,919450
2026-03-05 13:30:00,15.820,15.850,15.750,15.790,1243650
2026-03-05 14:00:00,15.790,15.800,15.710,15.710,957550
2026-03-05 14:30:00,15.720,15.730,15.650,15.680,1649148
2026-03-05 15:00:00,15.680,15.730,15.650,15.690,1758907
2026-03-06 10:00:00,15.640,15.980,15.600,15.960,4759539
2026-03-06 10:30:00,15.950,16.120,15.930,16.000,3880037
2026-03-06 11:00:00,16.010,16.060,15.960,16.000,1236844
2026-03-06 11:30:00,16.000,16.020,15.990,16.000,662300
2026-03-06 13:30:00,16.010,16.030,15.970,15.990,892550
2026-03-06 14:00:00,15.990,16.080,15.980,16.080,1044217
2026-03-06 14:30:00,16.070,16.140,16.070,16.130,1723100
2026-03-06 15:00:00,16.140,16.180,16.130,16.160,2704110
2026-03-09 10:00:00,15.950,16.270,15.900,16.130,6279827
2026-03-09 10:30:00,16.140,16.360,16.120,16.260,2866437
2026-03-09 11:00:00,16.260,16.320,16.200,16.200,976250
2026-03-09 11:30:00,16.200,16.220,16.140,16.140,975200
2026-03-09 13:30:00,16.140,16.200,16.110,16.170,849800
2026-03-09 14:00:00,16.170,16.220,16.160,16.180,1175850
2026-03-09 14:30:00,16.180,16.220,16.170,16.190,836900
2026-03-09 15:00:00,16.190,16.210,16.160,16.170,1654910
2026-03-10 10:00:00,16.230,16.340,16.170,16.190,4323950
2026-03-10 10:30:00,16.180,16.220,16.150,16.200,1893750
2026-03-10 11:00:00,16.210,16.220,16.130,16.160,1266350
2026-03-10 11:30:00,16.160,16.190,16.140,16.170,778500
2026-03-10 13:30:00,16.170,16.190,16.160,16.170,623400
2026-03-10 14:00:00,16.180,16.220,16.170,16.210,662600
2026-03-10 14:30:00,16.220,16.270,16.200,16.200,1166450
2026-03-10 15:00:00,16.200,16.230,16.190,16.200,2161028
2026-03-11 10:00:00,16.220,16.230,16.090,16.150,2974815
2026-03-11 10:30:00,16.140,16.180,16.120,16.150,1292700
2026-03-11 11:00:00,16.160,16.190,16.140,16.160,988650
2026-03-11 11:30:00,16.170,16.250,16.160,16.190,1476650
2026-03-11 13:30:00,16.190,16.220,16.140,16.150,910500
2026-03-11 14:00:00,16.150,16.170,16.130,16.140,642300
2026-03-11 14:30:00,16.140,16.170,16.120,16.170,838388
2026-03-11 15:00:00,16.170,16.180,16.140,16.150,1429550
2026-03-12 10:00:00,16.140,16.200,16.060,16.100,2652000
2026-03-12 10:30:00,16.100,16.150,16.080,16.110,1275500
2026-03-12 11:00:00,16.110,16.130,16.060,16.060,1326900
2026-03-12 11:30:00,16.060,16.070,16.000,16.000,1327800
2026-03-12 13:30:00,16.000,16.790,16.000,16.620,17057743
2026-03-12 14:00:00,16.630,16.700,16.540,16.580,2983250
2026-03-12 14:30:00,16.570,16.590,16.550,16.560,1334300
2026-03-12 15:00:00,16.560,16.570,16.530,16.530,2925661
2026-03-13 10:00:00,16.400,16.500,16.200,16.300,6233489
2026-03-13 10:30:00,16.290,16.360,16.280,16.310,1465250
2026-03-13 11:00:00,16.310,16.410,16.270,16.350,1257061
2026-03-13 11:30:00,16.350,16.370,16.310,16.320,1084750
2026-03-13 13:30:00,16.320,16.350,16.270,16.280,856500
2026-03-13 14:00:00,16.270,16.300,16.200,16.250,1666535
2026-03-13 14:30:00,16.240,16.270,16.200,16.200,1400520
2026-03-13 15:00:00,16.210,16.210,16.180,16.180,2089030
2026-03-16 10:00:00,16.200,16.470,16.180,16.420,4953279
2026-03-16 10:30:00,16.420,16.490,16.390,16.420,3089015
2026-03-16 11:00:00,16.420,16.440,16.310,16.360,1291895
2026-03-16 11:30:00,16.360,16.400,16.320,16.400,753100
2026-03-16 13:30:00,16.400,16.430,16.330,16.350,909605
2026-03-16 14:00:00,16.360,16.360,16.310,16.330,683100
2026-03-16 14:30:00,16.320,16.390,16.300,16.390,1114500
2026-03-16 15:00:00,16.390,16.400,16.350,16.400,1635900
2026-03-17 10:00:00,16.390,16.490,16.330,16.440,3442950
2026-03-17 10:30:00,16.440,16.590,16.420,16.590,2932618
2026-03-17 11:00:00,16.590,16.620,16.500,16.500,1752300
2026-03-17 11:30:00,16.500,16.500,16.460,16.470,907500
2026-03-17 13:30:00,16.460,16.480,16.420,16.450,769950
2026-03-17 14:00:00,16.440,16.450,16.360,16.370,1060100
2026-03-17 14:30:00,16.370,16.380,16.290,16.290,1558100
2026-03-17 15:00:00,16.300,16.330,16.260,16.280,1732735
2026-03-18 10:00:00,16.240,16.320,16.100,16.150,4101005
2026-03-18 10:30:00,16.150,16.240,16.100,16.230,1543345
2026-03-18 11:00:00,16.230,16.260,16.080,16.120,1382300
2026-03-18 11:30:00,16.120,16.150,16.090,16.100,743250
2026-03-18 13:30:00,16.100,16.180,16.060,16.070,1204800
2026-03-18 14:00:00,16.060,16.120,16.050,16.110,904900
2026-03-18 14:30:00,16.100,16.190,16.090,16.150,1089000
2026-03-18 15:00:00,16.150,16.210,16.140,16.190,1617005
2026-03-19 10:00:00,16.090,16.210,15.960,16.010,4262045
2026-03-19 10:30:00,16.020,16.070,15.870,15.970,2992800
2026-03-19 11:00:00,15.970,16.000,15.930,15.970,1036300
2026-03-19 11:30:00,15.970,16.000,15.900,15.930,645900
2026-03-19 13:30:00,15.930,15.940,15.870,15.870,1023020
2026-03-19 14:00:00,15.880,15.940,15.850,15.910,1218543
2026-03-19 14:30:00,15.910,16.030,15.890,15.900,1458900
2026-03-19 15:00:00,15.900,15.930,15.850,15.900,1745200
2026-03-20 10:00:00,15.950,16.200,15.800,15.830,4595400
2026-03-20 10:30:00,15.830,15.850,15.700,15.730,2744917
2026-03-20 11:00:00,15.740,15.780,15.650,15.720,1765400
2026-03-20 11:30:00,15.710,15.860,15.690,15.810,1229900
2026-03-20 13:30:00,15.820,15.980,15.730,15.860,1636750
2026-03-20 14:00:00,15.840,15.850,15.730,15.750,730400
2026-03-20 14:30:00,15.750,15.830,15.700,15.710,838650
2026-03-20 15:00:00,15.710,15.720,15.610,15.660,2614436
2026-03-23 10:00:00,15.450,15.450,15.100,15.280,6933048
2026-03-23 10:30:00,15.270,15.340,15.160,15.170,1861500
2026-03-23 11:00:00,15.160,15.180,15.100,15.170,2420350
2026-03-23 11:30:00,15.170,15.180,15.080,15.100,1567150
2026-03-23 13:30:00,15.090,15.170,14.980,15.010,2937150
2026-03-23 14:00:00,15.000,15.090,14.970,15.040,2399050
2026-03-23 14:30:00,15.020,15.040,14.850,14.950,3029050
2026-03-23 15:00:00,14.950,14.980,14.740,14.790,3215409
2026-03-24 10:00:00,15.000,15.100,14.800,14.870,4679250
2026-03-24 10:30:00,14.870,15.030,14.820,15.010,2306100
2026-03-24 11:00:00,15.020,15.030,14.950,14.960,961000
2026-03-24 11:30:00,14.970,14.980,14.930,14.960,610093
2026-03-24 13:30:00,14.950,15.100,14.910,14.910,1975206
2026-03-24 14:00:00,14.910,15.000,14.910,14.970,674100
2026-03-24 14:30:00,14.960,15.080,14.960,15.060,1306800
2026-03-24 15:00:00,15.050,15.130,15.050,15.120,2291450
2026-03-25 10:00:00,15.090,15.210,15.030,15.150,4577550
2026-03-25 10:30:00,15.150,15.180,15.120,15.120,1976449
2026-03-25 11:00:00,15.130,15.140,15.080,15.090,1682550
2026-03-25 11:30:00,15.100,15.110,15.060,15.080,797900
2026-03-25 13:30:00,15.080,15.110,15.060,15.080,1054200
2026-03-25 14:00:00,15.090,15.150,15.070,15.080,1349450
2026-03-25 14:30:00,15.080,15.100,15.020,15.030,1746150
2026-03-25 15:00:00,15.040,15.120,15.030,15.110,1702030
2026-03-26 10:00:00,15.100,15.250,15.050,15.120,3701200
2026-03-26 10:30:00,15.120,15.130,15.070,15.090,1529250
2026-03-26 11:00:00,15.080,15.110,14.950,14.960,1437150
2026-03-26 11:30:00,14.960,14.980,14.920,14.930,974700
2026-03-26 13:30:00,14.930,14.940,14.830,14.850,1842850
2026-03-26 14:00:00,14.850,14.880,14.830,14.850,807800
2026-03-26 14:30:00,14.860,14.870,14.780,14.810,1310350
2026-03-26 15:00:00,14.810,14.820,14.750,14.780,2024320
2026-03-27 10:00:00,14.530,14.810,14.450,14.810,3803150
2026-03-27 10:30:00,14.800,14.970,14.770,14.880,2581950
2026-03-27 11:00:00,14.890,14.990,14.850,14.860,1555947
2026-03-27 11:30:00,14.870,14.940,14.860,14.870,640500
2026-03-27 13:30:00,14.880,15.080,14.870,15.050,2310056
2026-03-27 14:00:00,15.050,15.150,15.040,15.090,1987800
2026-03-27 14:30:00,15.080,15.110,15.050,15.090,997626
2026-03-27 15:00:00,15.100,15.140,15.090,15.120,2393900
2026-03-30 10:00:00,14.940,15.180,14.900,15.040,5047654
2026-03-30 10:30:00,15.040,15.290,15.010,15.160,3404500
2026-03-30 11:00:00,15.170,15.180,15.100,15.120,1045250
2026-03-30 11:30:00,15.110,15.180,15.110,15.170,819400
2026-03-30 13:30:00,15.170,15.190,15.110,15.140,866300
2026-03-30 14:00:00,15.140,15.190,15.120,15.170,509000
2026-03-30 14:30:00,15.170,15.180,15.150,15.180,660750
2026-03-30 15:00:00,15.180,15.200,15.160,15.190,1532916
2026-03-31 10:00:00,15.250,15.390,15.170,15.260,5252750
2026-03-31 10:30:00,15.270,15.290,15.200,15.200,1597900
2026-03-31 11:00:00,15.210,15.230,15.150,15.170,1600820
2026-03-31 11:30:00,15.170,15.200,15.130,15.160,869285
2026-03-31 13:30:00,15.160,15.200,15.100,15.130,788850
2026-03-31 14:00:00,15.130,15.170,15.100,15.110,788750
2026-03-31 14:30:00,15.100,15.100,15.010,15.020,1490789
2026-03-31 15:00:00,15.020,15.060,14.960,14.960,2456775
2026-04-01 10:00:00,15.180,15.260,15.010,15.040,3899073
2026-04-01 10:30:00,15.050,15.300,15.020,15.280,4804100
2026-04-01 11:00:00,15.290,15.390,15.250,15.380,3715650
2026-04-01 11:30:00,15.380,15.780,15.340,15.780,5566476
2026-04-01 13:30:00,15.770,16.060,15.700,15.970,11545174
2026-04-01 14:00:00,15.970,16.000,15.740,15.780,3106265
2026-04-01 14:30:00,15.770,15.960,15.750,15.880,2403250
2026-04-01 15:00:00,15.880,16.080,15.860,16.020,7170023
2026-04-02 10:00:00,15.780,15.950,15.610,15.680,8255267
2026-04-02 10:30:00,15.680,15.800,15.650,15.760,2970650
2026-04-02 11:00:00,15.760,15.950,15.720,15.800,3660175
2026-04-02 11:30:00,15.810,15.830,15.750,15.790,1187200
2026-04-02 13:30:00,15.800,15.800,15.660,15.740,1483016
2026-04-02 14:00:00,15.750,15.800,15.680,15.690,1096900
2026-04-02 14:30:00,15.680,15.760,15.640,15.710,1358900
2026-04-02 15:00:00,15.720,15.720,15.650,15.680,2387400
