date,open,high,low,close,volume
2025-03-27 14:30:00,25.860,25.920,25.840,25.910,1832000
2025-03-27 15:00:00,25.890,25.920,25.750,25.860,4618606
2025-03-28 10:00:00,25.790,25.790,25.010,25.350,15511437
2025-03-28 10:30:00,25.360,25.550,25.330,25.480,3126457
2025-03-28 11:00:00,25.470,25.500,25.380,25.460,1866100
2025-03-28 11:30:00,25.450,25.590,25.440,25.490,2370900
2025-03-28 13:30:00,25.490,25.790,25.430,25.680,3308800
2025-03-28 14:00:00,25.690,25.750,25.570,25.680,2309800
2025-03-28 14:30:00,25.680,25.740,25.600,25.690,1863400
2025-03-28 15:00:00,25.690,25.720,25.560,25.610,3682411
2025-03-31 10:00:00,25.500,25.600,25.150,25.500,8680505
2025-03-31 10:30:00,25.500,25.540,25.260,25.260,3982100
2025-03-31 11:00:00,25.270,25.350,25.180,25.190,3234100
2025-03-31 11:30:00,25.180,25.290,25.030,25.030,3108600
2025-03-31 13:30:00,25.030,25.210,25.030,25.090,3506077
2025-03-31 14:00:00,25.100,25.140,25.010,25.080,3052700
2025-03-31 14:30:00,25.080,25.350,25.070,25.180,3232589
2025-03-31 15:00:00,25.190,25.360,25.180,25.330,3625388
2025-04-01 10:00:00,25.450,25.500,24.700,24.950,12029700
2025-04-01 10:30:00,24.950,25.160,24.890,25.100,3690400
2025-04-01 11:00:00,25.090,25.330,25.030,25.200,3135598
2025-04-01 11:30:00,25.200,25.220,25.060,25.170,2116900
2025-04-01 13:30:00,25.160,25.180,24.880,24.890,2973600
2025-04-01 14:00:00,24.890,24.970,24.860,24.930,2423580
2025-04-01 14:30:00,24.920,24.920,24.760,24.810,3488717
2025-04-01 15:00:00,24.800,24.830,24.640,24.640,6750288
2025-04-02 10:00:00,24.800,25.080,24.670,24.980,7515200
2025-04-02 10:30:00,24.980,25.300,24.930,25.240,4724500
2025-04-02 11:00:00,25.220,25.240,25.060,25.070,1819800
2025-04-02 11:30:00,25.080,25.250,25.050,25.100,2301600
2025-04-02 13:30:00,25.090,25.150,25.000,25.020,1786317
2025-04-02 14:00:00,25.030,25.060,24.930,25.040,1806775
2025-04-02 14:30:00,25.030,25.180,25.030,25.150,2896300
2025-04-02 15:00:00,25.150,25.330,25.140,25.280,6551884
2025-04-03 10:00:00,24.700,24.800,23.310,23.430,35722800
2025-04-03 10:30:00,23.420,23.600,23.100,23.330,17081212
2025-04-03 11:00:00,23.330,23.500,23.060,23.070,7608800
2025-04-03 11:30:00,23.080,23.180,22.900,23.000,8641800
2025-04-03 13:30:00,22.990,23.020,22.760,22.820,9416046
2025-04-03 14:00:00,22.810,22.830,22.540,22.650,10381800
2025-04-03 14:30:00,22.640,22.740,22.550,22.640,9541300
2025-04-03 15:00:00,22.640,22.660,22.530,22.580,13016279
2025-04-07 10:00:00,19.460,19.850,18.060,18.340,62235179
2025-04-07 10:30:00,18.360,18.850,18.340,18.600,12969400
2025-04-07 11:00:00,18.610,18.770,18.510,18.550,6877100
2025-04-07 11:30:00,18.560,18.570,18.190,18.320,8813803
2025-04-07 13:30:00,18.320,18.370,18.060,18.060,13402741
2025-04-07 14:00:00,18.060,18.100,18.060,18.060,8738900
2025-04-07 14:30:00,18.060,18.060,18.060,18.060,1841100
2025-04-07 15:00:00,18.060,18.060,18.060,18.060,3982200
2025-04-08 10:00:00,18.490,18.770,17.690,17.850,44388011
2025-04-08 10:30:00,17.850,18.060,17.730,17.730,11938455
2025-04-08 11:00:00,17.740,17.830,17.640,17.660,9974039
2025-04-08 11:30:00,17.660,17.880,17.620,17.820,9510420
2025-04-08 13:30:00,17.810,17.960,17.550,17.550,10001142
2025-04-08 14:00:00,17.550,17.690,17.380,17.460,11487634
2025-04-08 14:30:00,17.450,17.620,17.420,17.580,9299500
2025-04-08 15:00:00,17.580,17.950,17.470,17.880,17736411
2025-04-09 10:00:00,17.000,17.300,16.400,17.240,44152317
2025-04-09 10:30:00,17.240,17.910,17.230,17.730,24210062
2025-04-09 11:00:00,17.740,17.750,17.180,17.360,12463700
2025-04-09 11:30:00,17.340,17.410,17.000,17.290,9178541
2025-04-09 13:30:00,17.300,17.330,17.000,17.130,13818400
2025-04-09 14:00:00,17.130,17.520,17.090,17.340,19821000
2025-04-09 14:30:00,17.330,17.500,17.260,17.410,13421673
2025-04-09 15:00:00,17.410,17.600,17.410,17.490,18682922
2025-04-10 10:00:00,19.800,20.270,19.410,20.120,89217183
2025-04-10 10:30:00,20.120,20.290,19.680,19.730,22787699
2025-04-10 11:00:00,19.750,19.800,19.550,19.590,11611100
2025-04-10 11:30:00,19.590,19.600,19.300,19.340,10098700
2025-04-10 13:30:00,19.330,19.330,19.080,19.240,11271913
2025-04-10 14:00:00,19.240,19.260,19.050,19.110,7687640
2025-04-10 14:30:00,19.110,19.320,19.090,19.180,8103200
2025-04-10 15:00:00,19.190,19.210,19.020,19.040,13080196
2025-04-11 10:00:00,18.890,19.150,18.610,18.800,28943139
2025-04-11 10:30:00,18.800,19.000,18.560,18.960,12755200
2025-04-11 11:00:00,18.950,19.300,18.930,19.180,10877044
2025-04-11 11:30:00,19.170,19.730,19.130,19.720,14472300
2025-04-11 13:30:00,19.730,20.060,19.630,19.810,19424300
2025-04-11 14:00:00,19.800,20.120,19.740,19.920,18047600
2025-04-11 14:30:00,19.920,20.450,19.920,20.080,18687300
2025-04-11 15:00:00,20.090,20.200,19.980,20.160,15871158
2025-04-14 10:00:00,21.580,21.700,20.450,20.520,83987309
2025-04-14 10:30:00,20.540,20.680,20.360,20.430,21291900
2025-04-14 11:00:00,20.420,20.520,20.320,20.400,11451100
2025-04-14 11:30:00,20.400,20.460,20.290,20.310,9578925
2025-04-14 13:30:00,20.310,20.320,19.970,19.980,15227454
2025-04-14 14:00:00,19.970,20.070,19.860,20.030,11468356
2025-04-14 14:30:00,20.030,20.070,19.920,19.950,6637600
2025-04-14 15:00:00,19.950,20.050,19.920,20.000,14955326
2025-04-15 10:00:00,19.800,20.020,19.360,19.400,34781234
2025-04-15 10:30:00,19.400,19.880,19.390,19.700,14277153
2025-04-15 11:00:00,19.710,19.820,19.570,19.630,6582548
2025-04-15 11:30:00,19.630,19.670,19.410,19.470,7389800
2025-04-15 13:30:00,19.470,19.500,19.380,19.420,6396900
2025-04-15 14:00:00,19.430,19.650,19.400,19.480,7016400
2025-04-15 14:30:00,19.480,19.540,19.400,19.480,5392955
2025-04-15 15:00:00,19.490,19.600,19.430,19.560,8589125
2025-04-16 10:00:00,19.250,19.340,19.070,19.120,17728278
2025-04-16 10:30:00,19.120,19.170,18.980,19.000,14090099
2025-04-16 11:00:00,18.990,19.050,18.830,18.870,9779939
2025-04-16 11:30:00,18.870,18.870,18.610,18.620,10163409
2025-04-16 13:30:00,18.620,18.930,18.560,18.770,10922506
2025-04-16 14:00:00,18.780,18.870,18.670,18.730,6068900
2025-04-16 14:30:00,18.730,18.840,18.720,18.760,3850300
2025-04-16 15:00:00,18.750,18.960,18.690,18.920,9563188
2025-04-17 10:00:00,18.840,19.400,18.730,19.200,20257149
2025-04-17 10:30:00,19.200,19.340,19.180,19.270,5844400
2025-04-17 11:00:00,19.270,19.310,19.180,19.250,4078700
2025-04-17 11:30:00,19.250,19.300,19.150,19.260,3301700
2025-04-17 13:30:00,19.230,19.270,19.100,19.110,4851999
2025-04-17 14:00:00,19.120,19.150,19.070,19.120,2791700
2025-04-17 14:30:00,19.110,19.190,19.060,19.100,3437800
2025-04-17 15:00:00,19.100,19.110,19.000,19.030,7906973
2025-04-18 10:00:00,18.980,19.430,18.980,19.330,19132676
2025-04-18 10:30:00,19.330,19.510,19.280,19.430,11070470
2025-04-18 11:00:00,19.430,19.620,19.390,19.470,9232349
2025-04-18 11:30:00,19.470,19.470,19.300,19.300,3831800
2025-04-18 13:30:00,19.300,19.780,19.230,19.750,9881800
2025-04-18 14:00:00,19.750,19.920,19.650,19.900,11537994
2025-04-18 14:30:00,19.910,19.970,19.720,19.880,7835100
2025-04-18 15:00:00,19.880,19.910,19.790,19.870,10779500
2025-04-21 10:00:00,19.760,19.860,19.430,19.610,20061500
2025-04-21 10:30:00,19.600,19.800,19.540,19.720,6736874
2025-04-21 11:00:00,19.720,19.890,19.680,19.850,6227200
2025-04-21 11:30:00,19.860,19.870,19.750,19.780,3468600
2025-04-21 13:30:00,19.780,20.300,19.680,20.240,17184700
2025-04-21 14:00:00,20.240,20.400,20.160,20.320,11488400
2025-04-21 14:30:00,20.320,20.350,20.100,20.280,10213275
2025-04-21 15:00:00,20.290,20.350,20.250,20.270,10368700
2025-04-22 10:00:00,20.270,20.270,19.700,19.890,20447638
2025-04-22 10:30:00,19.890,19.900,19.760,19.770,7370400
2025-04-22 11:00:00,19.770,19.770,19.610,19.720,9362400
2025-04-22 11:30:00,19.710,19.720,19.610,19.640,4659726
2025-04-22 13:30:00,19.640,19.740,19.550,19.680,6002250
2025-04-22 14:00:00,19.680,19.750,19.640,19.680,4216200
2025-04-22 14:30:00,19.680,19.750,19.630,19.640,4394228
2025-04-22 15:00:00,19.640,19.670,19.570,19.570,8286605
2025-04-23 10:00:00,20.900,20.980,20.210,20.320,49273504
2025-04-23 10:30:00,20.320,20.330,20.070,20.150,10150100
2025-04-23 11:00:00,20.150,20.420,20.090,20.350,9901700
2025-04-23 11:30:00,20.350,20.800,20.330,20.730,18876489
2025-04-23 13:30:00,20.730,21.060,20.690,20.810,18313840
2025-04-23 14:00:00,20.810,20.820,20.640,20.750,6713300
2025-04-23 14:30:00,20.750,20.750,20.560,20.680,7042353
2025-04-23 15:00:00,20.680,20.700,20.580,20.580,9419463
2025-04-24 10:00:00,20.580,20.650,20.180,20.530,21242497
2025-04-24 10:30:00,20.530,20.580,20.410,20.420,7420436
2025-04-24 11:00:00,20.420,20.450,20.230,20.330,6970449
2025-04-24 11:30:00,20.320,20.410,20.200,20.360,6014300
2025-04-24 13:30:00,20.350,20.440,20.250,20.400,3975936
2025-04-24 14:00:00,20.430,20.460,20.330,20.360,4523200
2025-04-24 14:30:00,20.360,20.380,20.290,20.300,4510600
2025-04-24 15:00:00,20.300,20.370,20.290,20.350,6965000
2025-04-25 10:00:00,20.590,21.230,20.580,21.130,31280305
2025-04-25 10:30:00,21.130,21.270,20.890,20.990,13224400
2025-04-25 11:00:00,20.980,21.130,20.880,20.950,5977250
2025-04-25 11:30:00,20.950,21.250,20.920,21.220,7275941
2025-04-25 13:30:00,21.220,21.230,20.940,21.020,5819563
2025-04-25 14:00:00,21.020,21.100,20.960,20.970,4128037
2025-04-25 14:30:00,20.970,20.980,20.840,20.920,5063463
2025-04-25 15:00:00,20.920,20.960,20.880,20.880,7941015
2025-04-28 10:00:00,20.890,20.950,20.510,20.540,18354189
2025-04-28 10:30:00,20.520,20.560,20.380,20.520,7860700
2025-04-28 11:00:00,20.540,20.660,20.520,20.520,3347800
2025-04-28 11:30:00,20.520,20.600,20.470,20.570,2634000
2025-04-28 13:30:00,20.570,20.660,20.500,20.580,3079600
2025-04-28 14:00:00,20.570,20.590,20.500,20.570,2537600
2025-04-28 14:30:00,20.570,20.600,20.520,20.530,3384100
2025-04-28 15:00:00,20.530,20.590,20.520,20.580,5717274
2025-04-29 10:00:00,20.440,20.570,20.200,20.460,9604309
2025-04-29 10:30:00,20.460,20.710,20.450,20.580,5042000
2025-04-29 11:00:00,20.580,20.610,20.420,20.430,2949259
2025-04-29 11:30:00,20.440,20.460,20.390,20.420,2321900
2025-04-29 13:30:00,20.430,20.500,20.330,20.370,3255000
2025-04-29 14:00:00,20.360,20.400,20.300,20.390,2578400
2025-04-29 14:30:00,20.400,20.490,20.360,20.380,2591200
2025-04-29 15:00:00,20.360,20.380,20.200,20.320,8584929
2025-04-30 10:00:00,20.450,20.650,20.300,20.530,11906755
2025-04-30 10:30:00,20.530,20.680,20.440,20.640,6074330
2025-04-30 11:00:00,20.640,20.830,20.540,20.640,8334701
2025-04-30 11:30:00,20.640,20.820,20.630,20.780,3791200
2025-04-30 13:30:00,20.780,20.830,20.710,20.770,4804300
2025-04-30 14:00:00,20.760,20.980,20.730,20.950,7672537
2025-04-30 14:30:00,20.950,20.980,20.860,20.910,4590683
2025-04-30 15:00:00,20.910,20.930,20.800,20.810,6213078
2025-05-06 10:00:00,20.980,21.160,20.880,21.140,16540350
2025-05-06 10:30:00,21.130,21.360,21.120,21.290,10578200
2025-05-06 11:00:00,21.270,21.300,21.160,21.190,5000100
2025-05-06 11:30:00,21.200,21.240,21.170,21.230,3654000
2025-05-06 13:30:00,21.240,21.280,21.110,21.240,4749300
2025-05-06 14:00:00,21.250,21.280,21.180,21.200,3163300
2025-05-06 14:30:00,21.200,21.350,21.190,21.310,6620740
2025-05-06 15:00:00,21.310,21.550,21.290,21.500,15785396
2025-05-07 10:00:00,22.030,22.250,21.430,21.580,35224650
2025-05-07 10:30:00,21.580,21.610,21.150,21.210,12060800
2025-05-07 11:00:00,21.210,21.270,21.080,21.180,7356400
2025-05-07 11:30:00,21.200,21.240,20.920,20.990,8089907
2025-05-07 13:30:00,21.000,21.050,20.900,21.010,5624475
2025-05-07 14:00:00,21.010,21.040,20.920,20.930,3532900
2025-05-07 14:30:00,20.930,20.960,20.850,20.900,5831000
2025-05-07 15:00:00,20.920,21.170,20.900,21.150,6658778
2025-05-08 10:00:00,21.000,21.580,20.880,21.510,18973700
2025-05-08 10:30:00,21.500,21.780,21.430,21.620,14232907
2025-05-08 11:00:00,21.610,21.690,21.460,21.690,5179200
2025-05-08 11:30:00,21.690,21.750,21.520,21.530,4433500
2025-05-08 13:30:00,21.540,21.610,21.420,21.430,4640818
2025-05-08 14:00:00,21.430,21.500,21.380,21.470,2707388
2025-05-08 14:30:00,21.470,21.600,21.440,21.590,3112457
2025-05-08 15:00:00,21.590,21.630,21.500,21.540,6815048
2025-05-09 10:00:00,21.400,21.460,20.960,21.080,16926886
2025-05-09 10:30:00,21.090,21.100,20.880,20.900,8425705
2025-05-09 11:00:00,20.900,20.910,20.730,20.770,7130400
2025-05-09 11:30:00,20.780,20.860,20.750,20.780,2862565
2025-05-09 13:30:00,20.790,21.030,20.780,21.000,3377038
2025-05-09 14:00:00,21.000,21.090,20.960,21.080,2778474
2025-05-09 14:30:00,21.080,21.100,20.850,20.880,6408300
2025-05-09 15:00:00,20.930,20.990,20.850,20.970,7957733
2025-05-12 10:00:00,21.790,22.600,21.770,22.070,55533482
2025-05-12 10:30:00,22.070,22.470,22.050,22.430,18625700
2025-05-12 11:00:00,22.430,22.580,22.360,22.460,12012013
2025-05-12 11:30:00,22.460,22.490,22.190,22.250,4785600
2025-05-12 13:30:00,22.250,22.490,22.180,22.460,5874100
2025-05-12 14:00:00,22.460,22.580,22.430,22.580,6939350
2025-05-12 14:30:00,22.580,22.980,22.570,22.910,13502476
2025-05-12 15:00:00,22.910,22.990,22.720,22.990,18413097
2025-05-13 10:00:00,23.600,23.800,22.650,22.780,70666356
2025-05-13 10:30:00,22.780,22.870,22.450,22.610,16938060
2025-05-13 11:00:00,22.600,22.760,22.450,22.720,8180321
2025-05-13 11:30:00,22.720,22.790,22.610,22.630,4747900
2025-05-13 13:30:00,22.630,22.640,22.470,22.490,6350142
2025-05-13 14:00:00,22.480,22.660,22.470,22.590,4079500
2025-05-13 14:30:00,22.580,22.590,22.400,22.410,7075700
2025-05-13 15:00:00,22.410,22.580,22.330,22.550,11538473
2025-05-14 10:00:00,22.390,22.470,22.070,22.100,22602455
2025-05-14 10:30:00,22.100,22.160,21.910,21.970,13254100
2025-05-14 11:00:00,21.970,22.060,21.850,21.870,7287360
2025-05-14 11:30:00,21.870,22.010,21.820,21.870,5531327
2025-05-14 13:30:00,21.870,22.150,21.860,22.060,5815200
2025-05-14 14:00:00,22.070,22.400,21.990,22.180,10261000
2025-05-14 14:30:00,22.180,22.190,22.060,22.120,5396891
2025-05-14 15:00:00,22.130,22.280,22.110,22.240,8429841
2025-05-15 10:00:00,22.180,22.180,21.800,21.990,13564700
2025-05-15 10:30:00,21.980,22.060,21.900,21.960,5252700
2025-05-15 11:00:00,21.960,22.150,21.930,22.040,3260400
2025-05-15 11:30:00,22.040,22.050,21.860,21.940,3800300
2025-05-15 13:30:00,21.950,21.960,21.690,21.720,6734900
2025-05-15 14:00:00,21.710,21.830,21.690,21.710,5314100
2025-05-15 14:30:00,21.710,21.800,21.680,21.730,5423600
2025-05-15 15:00:00,21.740,21.750,21.610,21.660,8455816
2025-05-16 10:00:00,21.600,21.850,21.480,21.710,12846095
2025-05-16 10:30:00,21.710,21.730,21.450,21.510,7201300
2025-05-16 11:00:00,21.510,21.750,21.500,21.680,4018800
2025-05-16 11:30:00,21.680,21.980,21.600,21.910,7336400
2025-05-16 13:30:00,21.920,22.290,21.900,22.000,12882770
2025-05-16 14:00:00,22.010,22.140,21.960,22.070,4055200
2025-05-16 14:30:00,22.060,22.070,21.930,22.030,3849600
2025-05-16 15:00:00,22.020,22.030,21.920,21.930,4740879
2025-05-19 10:00:00,21.780,21.790,21.250,21.300,14858900
2025-05-19 10:30:00,21.310,21.500,21.220,21.400,7416724
2025-05-19 11:00:00,21.400,21.590,21.320,21.500,3493100
2025-05-19 11:30:00,21.520,21.560,21.450,21.490,1797607
2025-05-19 13:30:00,21.490,21.540,21.410,21.420,2518844
2025-05-19 14:00:00,21.420,21.540,21.390,21.460,3337241
2025-05-19 14:30:00,21.450,21.580,21.450,21.500,3187805
2025-05-19 15:00:00,21.490,21.530,21.450,21.480,5479944
2025-05-20 10:00:00,21.420,21.500,21.160,21.490,8627100
2025-05-20 10:30:00,21.490,21.740,21.480,21.580,7743843
2025-05-20 11:00:00,21.580,21.630,21.490,21.530,2472100
2025-05-20 11:30:00,21.530,21.690,21.510,21.680,2436800
2025-05-20 13:30:00,21.690,21.730,21.560,21.590,3530350
2025-05-20 14:00:00,21.580,21.600,21.510,21.570,2936700
2025-05-20 14:30:00,21.570,21.660,21.530,21.600,2657500
2025-05-20 15:00:00,21.600,21.620,21.550,21.570,3867666
2025-05-21 10:00:00,21.530,21.530,21.270,21.270,9197109
2025-05-21 10:30:00,21.280,21.290,21.110,21.220,7600931
2025-05-21 11:00:00,21.220,21.290,21.160,21.240,3400664
2025-05-21 11:30:00,21.250,21.440,21.230,21.400,2818300
2025-05-21 13:30:00,21.400,21.500,21.330,21.430,2907600
2025-05-21 14:00:00,21.420,21.490,21.340,21.450,2385300
2025-05-21 14:30:00,21.460,21.460,21.330,21.340,2211812
2025-05-21 15:00:00,21.350,21.430,21.350,21.380,4313600
2025-05-22 10:00:00,21.160,21.460,21.100,21.410,7757900
2025-05-22 10:30:00,21.380,21.410,21.260,21.300,2036000
2025-05-22 11:00:00,21.300,21.320,21.150,21.150,3179300
2025-05-22 11:30:00,21.150,21.340,21.140,21.330,2260600
2025-05-22 13:30:00,21.340,21.420,21.190,21.230,1948900
2025-05-22 14:00:00,21.230,21.240,21.180,21.200,2023900
2025-05-22 14:30:00,21.210,21.220,21.160,21.160,2822550
2025-05-22 15:00:00,21.170,21.210,21.120,21.150,4521330
2025-05-23 10:00:00,21.150,21.300,21.040,21.190,5417662
2025-05-23 10:30:00,21.180,21.350,21.110,21.270,4630400
2025-05-23 11:00:00,21.270,21.600,21.210,21.590,6578549
2025-05-23 11:30:00,21.570,21.650,21.410,21.460,4432154
2025-05-23 13:30:00,21.470,21.480,21.370,21.390,2549496
2025-05-23 14:00:00,21.390,21.400,21.280,21.280,2234400
2025-05-23 14:30:00,21.280,21.290,21.060,21.060,5352700
2025-05-23 15:00:00,21.070,21.090,20.950,20.970,5472200
2025-05-26 10:00:00,20.210,20.680,20.050,20.640,17995700
2025-05-26 10:30:00,20.640,20.880,20.590,20.870,6415500
2025-05-26 11:00:00,20.870,20.900,20.770,20.830,3228300
2025-05-26 11:30:00,20.830,20.850,20.600,20.700,3369600
2025-05-26 13:30:00,20.690,20.820,20.610,20.820,3252848
2025-05-26 14:00:00,20.820,20.890,20.770,20.890,2880900
2025-05-26 14:30:00,20.880,20.930,20.840,20.890,2059500
2025-05-26 15:00:00,20.910,21.040,20.890,20.990,4062500
2025-05-27 10:00:00,20.950,20.980,20.750,20.770,5071100
2025-05-27 10:30:00,20.780,20.810,20.700,20.800,2966400
2025-05-27 11:00:00,20.800,20.810,20.640,20.660,3273225
2025-05-27 11:30:00,20.650,20.700,20.610,20.660,1887978
2025-05-27 13:30:00,20.650,20.830,20.610,20.610,2642600
2025-05-27 14:00:00,20.610,20.680,20.460,20.490,4794800
2025-05-27 14:30:00,20.500,20.650,20.480,20.540,3277275
2025-05-27 15:00:00,20.540,20.550,20.470,20.520,5225100
2025-05-28 10:00:00,20.700,20.890,20.620,20.710,7498636
2025-05-28 10:30:00,20.710,20.730,20.490,20.520,2881187
2025-05-28 11:00:00,20.520,20.660,20.510,20.640,2010500
2025-05-28 11:30:00,20.640,20.710,20.610,20.650,2659726
2025-05-28 13:30:00,20.640,20.740,20.600,20.730,2146900
2025-05-28 14:00:00,20.730,20.730,20.620,20.680,1463400
2025-05-28 14:30:00,20.690,20.700,20.580,20.660,1600300
2025-05-28 15:00:00,20.670,20.700,20.600,20.650,3015500
2025-05-29 10:00:00,21.200,21.790,21.200,21.320,22051400
2025-05-29 10:30:00,21.310,21.370,21.150,21.270,5253800
2025-05-29 11:00:00,21.250,21.390,21.250,21.340,3791900
2025-05-29 11:30:00,21.350,21.350,21.210,21.240,2184200
2025-05-29 13:30:00,21.240,21.260,21.100,21.110,3608126
2025-05-29 14:00:00,21.110,21.120,20.960,20.970,4954500
2025-05-29 14:30:00,20.960,21.000,20.900,20.950,3746050
2025-05-29 15:00:00,20.950,20.990,20.910,20.990,5484200
2025-05-30 10:00:00,20.690,20.750,20.360,20.360,13714900
2025-05-30 10:30:00,20.370,20.400,20.270,20.280,5504400
2025-05-30 11:00:00,20.280,20.290,20.170,20.240,5363000
2025-05-30 11:30:00,20.240,20.270,20.180,20.220,3106000
2025-05-30 13:30:00,20.230,20.250,20.150,20.170,3687693
2025-05-30 14:00:00,20.170,20.300,20.150,20.220,2956276
2025-05-30 14:30:00,20.230,20.240,20.170,20.220,3062700
2025-05-30 15:00:00,20.220,20.300,20.180,20.270,6618822
2025-06-03 10:00:00,20.000,20.390,19.890,20.380,9042419
2025-06-03 10:30:00,20.380,20.390,20.260,20.350,3591050
2025-06-03 11:00:00,20.340,20.390,20.270,20.350,1989500
2025-06-03 11:30:00,20.350,20.390,20.320,20.360,2322000
2025-06-03 13:30:00,20.360,20.360,20.210,20.220,1803700
2025-06-03 14:00:00,20.220,20.280,20.170,20.280,1980855
2025-06-03 14:30:00,20.280,20.280,20.200,20.220,1758900
2025-06-03 15:00:00,20.220,20.230,20.100,20.110,4944172
2025-06-04 10:00:00,20.270,20.550,20.260,20.460,9331900
2025-06-04 10:30:00,20.450,20.540,20.410,20.450,4428700
2025-06-04 11:00:00,20.450,20.460,20.360,20.390,1880500
2025-06-04 11:30:00,20.390,20.500,20.380,20.480,2282170
2025-06-04 13:30:00,20.460,20.620,20.430,20.490,3891600
2025-06-04 14:00:00,20.480,20.580,20.440,20.540,2587300
2025-06-04 14:30:00,20.530,20.570,20.530,20.570,2837548
2025-06-04 15:00:00,20.560,20.570,20.510,20.550,4675850
2025-06-05 10:00:00,20.430,21.740,20.430,21.510,33786051
2025-06-05 10:30:00,21.510,21.680,21.420,21.580,12822700
2025-06-05 11:00:00,21.580,21.640,21.470,21.630,5510650
2025-06-05 11:30:00,21.620,21.720,21.520,21.680,9229232
2025-06-05 13:30:00,21.690,21.880,21.580,21.800,11413734
2025-06-05 14:00:00,21.800,22.100,21.780,21.980,10335887
2025-06-05 14:30:00,21.990,22.000,21.850,21.880,4334050
2025-06-05 15:00:00,21.890,21.980,21.820,21.880,9234999
2025-06-06 10:00:00,21.700,21.880,21.240,21.650,16283700
2025-06-06 10:30:00,21.660,21.770,21.610,21.700,3795698
2025-06-06 11:00:00,21.710,21.850,21.700,21.820,3625771
2025-06-06 11:30:00,21.820,21.940,21.790,21.820,4372771
2025-06-06 13:30:00,21.810,21.930,21.780,21.890,4371100
2025-06-06 14:00:00,21.870,21.910,21.790,21.800,3378700
2025-06-06 14:30:00,21.800,21.870,21.750,21.850,3478503
2025-06-06 15:00:00,21.850,21.890,21.830,21.860,5261576
2025-06-09 10:00:00,21.980,22.320,21.820,22.130,13926230
2025-06-09 10:30:00,22.120,22.220,22.050,22.120,5533900
2025-06-09 11:00:00,22.120,22.400,22.110,22.310,7638649
2025-06-09 11:30:00,22.310,22.610,22.230,22.230,10168900
2025-06-09 13:30:00,22.240,22.330,22.180,22.240,3492326
2025-06-09 14:00:00,22.240,22.250,22.090,22.190,4034400
2025-06-09 14:30:00,22.180,22.300,22.180,22.190,3344100
2025-06-09 15:00:00,22.190,22.250,22.010,22.040,9710100
2025-06-10 10:00:00,22.020,22.120,21.730,21.920,10935728
2025-06-10 10:30:00,21.930,22.010,21.780,21.800,4490700
2025-06-10 11:00:00,21.810,21.840,21.740,21.800,2981800
2025-06-10 11:30:00,21.810,21.830,21.750,21.780,1917500
2025-06-10 13:30:00,21.780,21.830,21.360,21.400,8633007
2025-06-10 14:00:00,21.400,21.530,21.320,21.470,5976500
2025-06-10 14:30:00,21.460,21.540,21.390,21.530,3914350
2025-06-10 15:00:00,21.540,21.630,21.520,21.570,3996175
2025-06-11 10:00:00,21.610,22.050,21.550,21.830,11834100
2025-06-11 10:30:00,21.820,21.850,21.730,21.780,3945500
2025-06-11 11:00:00,21.790,21.790,21.600,21.610,3767100
2025-06-11 11:30:00,21.610,21.690,21.600,21.650,2625300
2025-06-11 13:30:00,21.650,21.790,21.600,21.660,3057700
2025-06-11 14:00:00,21.660,21.670,21.490,21.580,5390900
2025-06-11 14:30:00,21.590,21.710,21.570,21.660,2886200
2025-06-11 15:00:00,21.660,21.670,21.570,21.600,4112400
2025-06-12 10:00:00,21.400,21.780,21.390,21.660,9041000
2025-06-12 10:30:00,21.650,21.750,21.520,21.570,4166700
2025-06-12 11:00:00,21.560,21.630,21.540,21.610,2734600
2025-06-12 11:30:00,21.620,21.630,21.430,21.480,3403200
2025-06-12 13:30:00,21.480,21.880,21.470,21.570,5624300
2025-06-12 14:00:00,21.570,21.610,21.520,21.550,2331900
2025-06-12 14:30:00,21.550,21.580,21.490,21.550,3219900
2025-06-12 15:00:00,21.550,21.570,21.480,21.530,4270300
2025-06-13 10:00:00,21.400,21.540,21.220,21.230,6623548
2025-06-13 10:30:00,21.230,21.270,21.060,21.110,6484900
2025-06-13 11:00:00,21.110,21.160,20.860,20.920,6508900
2025-06-13 11:30:00,20.920,21.020,20.920,20.950,2779400
2025-06-13 13:30:00,20.950,21.070,20.870,21.040,3666000
2025-06-13 14:00:00,21.040,21.200,21.020,21.090,3315630
2025-06-13 14:30:00,21.100,21.170,21.040,21.040,2980000
2025-06-13 15:00:00,21.040,21.090,21.010,21.070,5571120
2025-06-16 10:00:00,20.950,21.950,20.860,21.940,19460700
2025-06-16 10:30:00,21.940,21.990,21.630,21.730,11109500
2025-06-16 11:00:00,21.720,21.780,21.650,21.670,2715200
2025-06-16 11:30:00,21.660,21.670,21.500,21.500,2905148
2025-06-16 13:30:00,21.510,21.600,21.470,21.560,1993100
2025-06-16 14:00:00,21.560,21.600,21.530,21.580,1799900
2025-06-16 14:30:00,21.570,21.610,21.550,21.590,2405488
2025-06-16 15:00:00,21.590,21.670,21.590,21.630,5496850
2025-06-17 10:00:00,21.630,22.060,21.610,22.050,12585700
2025-06-17 10:30:00,22.060,22.450,21.960,22.280,18527600
2025-06-17 11:00:00,22.280,22.390,22.160,22.200,7913500
2025-06-17 11:30:00,22.210,22.440,22.200,22.220,5251597
2025-06-17 13:30:00,22.230,22.230,21.940,22.010,5181800
2025-06-17 14:00:00,22.010,22.070,21.970,21.990,3255799
2025-06-17 14:30:00,21.990,22.010,21.940,21.950,3186300
2025-06-17 15:00:00,21.940,22.050,21.930,22.020,5389274
2025-06-18 10:00:00,21.600,22.000,21.450,21.820,14631563
2025-06-18 10:30:00,21.820,21.920,21.730,21.760,7416639
2025-06-18 11:00:00,21.740,21.850,21.690,21.760,3856220
2025-06-18 11:30:00,21.770,21.900,21.680,21.740,3273600
2025-06-18 13:30:00,21.740,21.950,21.700,21.910,5652000
2025-06-18 14:00:00,21.910,22.000,21.820,21.850,4826000
2025-06-18 14:30:00,21.850,21.930,21.810,21.840,2927649
2025-06-18 15:00:00,21.840,22.110,21.760,22.030,13252833
2025-06-19 10:00:00,21.880,22.440,21.860,21.960,14685500
2025-06-19 10:30:00,21.960,22.000,21.860,21.920,4406215
2025-06-19 11:00:00,21.910,22.060,21.820,21.820,3470568
2025-06-19 11:30:00,21.830,21.900,21.680,21.700,4844000
2025-06-19 13:30:00,21.700,21.770,21.600,21.740,4061738
2025-06-19 14:00:00,21.750,21.790,21.630,21.660,1966062
2025-06-19 14:30:00,21.660,21.700,21.550,21.630,3198400
2025-06-19 15:00:00,21.620,21.650,21.510,21.630,4149021
2025-06-20 10:00:00,21.630,21.920,21.340,21.430,8709383
2025-06-20 10:30:00,21.440,21.560,21.280,21.360,3907350
2025-06-20 11:00:00,21.370,21.510,21.360,21.410,3124953
2025-06-20 11:30:00,21.420,21.440,21.280,21.310,3315100
2025-06-20 13:30:00,21.350,21.530,21.210,21.490,3003800
2025-06-20 14:00:00,21.490,21.520,21.420,21.460,1785500
2025-06-20 14:30:00,21.460,21.470,21.360,21.420,1964600
2025-06-20 15:00:00,21.430,21.450,21.340,21.380,3772208
2025-06-23 10:00:00,21.250,21.600,21.210,21.320,7716950
2025-06-23 10:30:00,21.320,21.410,21.170,21.280,5058300
2025-06-23 11:00:00,21.280,21.350,21.140,21.150,3819900
2025-06-23 11:30:00,21.140,21.230,21.090,21.140,2888480
2025-06-23 13:30:00,21.140,21.170,21.080,21.120,3379220
2025-06-23 14:00:00,21.140,21.310,21.110,21.190,3815700
2025-06-23 14:30:00,21.200,21.300,21.180,21.220,4080300
2025-06-23 15:00:00,21.220,21.250,21.200,21.200,6418225
2025-06-24 10:00:00,21.320,21.710,21.300,21.540,13448688
2025-06-24 10:30:00,21.540,21.680,21.500,21.680,7166964
2025-06-24 11:00:00,21.680,21.760,21.590,21.590,5048500
2025-06-24 11:30:00,21.600,21.600,21.450,21.510,3921986
2025-06-24 13:30:00,21.510,21.800,21.500,21.630,5332957
2025-06-24 14:00:00,21.620,21.800,21.610,21.760,5156189
2025-06-24 14:30:00,21.780,21.880,21.690,21.820,5676800
2025-06-24 15:00:00,21.830,21.920,21.800,21.900,9910761
2025-06-25 10:00:00,22.290,22.290,21.590,21.980,18603899
2025-06-25 10:30:00,22.000,22.280,21.930,21.970,10543070
2025-06-25 11:00:00,21.960,22.110,21.940,21.980,4573300
2025-06-25 11:30:00,21.980,21.990,21.860,21.960,3065020
2025-06-25 13:30:00,21.960,22.000,21.800,21.840,6214300
2025-06-25 14:00:00,21.850,22.000,21.770,21.950,6564400
2025-06-25 14:30:00,21.940,22.110,21.840,22.070,8227149
2025-06-25 15:00:00,22.080,22.100,21.970,22.050,10231500
2025-06-26 10:00:00,22.000,22.270,22.000,22.120,14417716
2025-06-26 10:30:00,22.150,22.180,21.880,21.890,8445800
2025-06-26 11:00:00,21.890,21.930,21.800,21.900,5608482
2025-06-26 11:30:00,21.910,21.920,21.850,21.900,2986957
2025-06-26 13:30:00,21.910,21.940,21.800,21.830,4526867
2025-06-26 14:00:00,21.830,21.850,21.640,21.670,7866896
2025-06-26 14:30:00,21.660,21.670,21.600,21.610,6840532
2025-06-26 15:00:00,21.620,21.640,21.590,21.600,9086975
2025-06-27 10:00:00,21.860,21.980,21.430,21.730,14211672
2025-06-27 10:30:00,21.730,22.300,21.700,22.150,14150335
2025-06-27 11:00:00,22.160,22.580,22.060,22.430,20662991
2025-06-27 11:30:00,22.420,22.430,22.110,22.200,5986467
2025-06-27 13:30:00,22.200,22.380,22.150,22.260,5206333
2025-06-27 14:00:00,22.260,22.330,22.050,22.120,5566000
2025-06-27 14:30:00,22.120,22.150,22.050,22.060,3918981
2025-06-27 15:00:00,22.060,22.080,22.000,22.060,7182713
2025-06-30 10:00:00,21.970,22.440,21.940,22.210,17389014
2025-06-30 10:30:00,22.200,22.220,21.910,22.020,10483600
2025-06-30 11:00:00,22.020,22.110,21.940,22.030,5522900
2025-06-30 11:30:00,22.040,22.170,22.020,22.150,3672600
2025-06-30 13:30:00,22.150,22.350,22.080,22.260,9042642
2025-06-30 14:00:00,22.260,22.320,22.100,22.150,5786800
2025-06-30 14:30:00,22.160,22.260,22.130,22.260,4794831
2025-06-30 15:00:00,22.260,22.300,22.240,22.300,8488600
2025-07-01 10:00:00,22.320,22.320,22.000,22.030,11611686
2025-07-01 10:30:00,22.030,22.050,21.930,22.010,6918767
2025-07-01 11:00:00,22.000,22.050,21.880,21.920,4810900
2025-07-01 11:30:00,21.920,22.000,21.830,21.920,4157810
2025-07-01 13:30:00,21.910,22.330,21.900,22.290,7769383
2025-07-01 14:00:00,22.290,22.290,22.170,22.260,4046780
2025-07-01 14:30:00,22.260,22.500,22.240,22.280,7952750
2025-07-01 15:00:00,22.280,22.290,22.200,22.270,5003977
2025-07-02 10:00:00,22.270,22.320,21.900,21.930,12349732
2025-07-02 10:30:00,21.930,21.980,21.820,21.930,6401022
2025-07-02 11:00:00,21.930,21.960,21.840,21.870,3239000
2025-07-02 11:30:00,21.870,21.880,21.820,21.840,2693600
2025-07-02 13:30:00,21.840,21.850,21.720,21.730,5185000
2025-07-02 14:00:00,21.730,21.740,21.660,21.670,3998100
2025-07-02 14:30:00,21.680,21.780,21.660,21.750,3037300
2025-07-02 15:00:00,21.760,21.810,21.720,21.750,4092100
2025-07-03 10:00:00,21.900,22.980,21.900,22.800,51777392
2025-07-03 10:30:00,22.810,23.090,22.790,23.070,26869401
2025-07-03 11:00:00,23.070,23.290,23.060,23.120,15928810
2025-07-03 11:30:00,23.110,23.780,23.050,23.580,17850470
2025-07-03 13:30:00,23.580,23.780,23.480,23.770,9836287
2025-07-03 14:00:00,23.770,24.750,23.770,24.520,25003775
2025-07-03 14:30:00,24.530,24.570,24.200,24.490,13250624
2025-07-03 15:00:00,24.480,24.500,24.170,24.230,21241388
2025-07-04 10:00:00,23.910,23.990,23.510,23.580,32356700
2025-07-04 10:30:00,23.580,23.800,23.480,23.560,11857021
2025-07-04 11:00:00,23.570,23.730,23.380,23.480,10313251
2025-07-04 11:30:00,23.480,23.860,23.470,23.850,6706621
2025-07-04 13:30:00,23.850,23.870,23.650,23.740,7449100
2025-07-04 14:00:00,23.740,23.790,23.650,23.760,6275051
2025-07-04 14:30:00,23.770,23.790,23.650,23.700,6945500
2025-07-04 15:00:00,23.700,23.750,23.670,23.740,8788600
2025-07-07 10:00:00,23.680,23.680,22.810,22.810,24742300
2025-07-07 10:30:00,22.810,23.120,22.780,23.040,8402400
2025-07-07 11:00:00,23.040,23.080,22.800,22.880,5835200
2025-07-07 11:30:00,22.880,22.990,22.860,22.960,3049040
2025-07-07 13:30:00,22.950,22.990,22.820,22.880,4233800
2025-07-07 14:00:00,22.890,23.080,22.860,23.000,4284145
2025-07-07 14:30:00,23.000,23.010,22.870,22.910,4424900
2025-07-07 15:00:00,22.910,22.930,22.860,22.920,6676178
2025-07-08 10:00:00,22.880,23.670,22.880,23.450,26441710
2025-07-08 10:30:00,23.450,23.520,23.340,23.430,8863700
2025-07-08 11:00:00,23.440,23.590,23.260,23.380,6853400
2025-07-08 11:30:00,23.390,23.500,23.340,23.430,4311650
2025-07-08 13:30:00,23.420,23.450,23.300,23.330,6309370
2025-07-08 14:00:00,23.320,23.460,23.300,23.380,4766900
2025-07-08 14:30:00,23.380,23.400,23.310,23.380,5761050
2025-07-08 15:00:00,23.390,23.400,23.300,23.330,9603282
2025-07-09 10:00:00,23.500,23.750,22.750,22.780,31037825
2025-07-09 10:30:00,22.780,23.090,22.760,23.010,10574325
2025-07-09 11:00:00,23.000,23.050,22.910,22.960,4822900
2025-07-09 11:30:00,22.960,22.970,22.830,22.900,3797200
2025-07-09 13:30:00,22.910,22.990,22.830,22.900,4125070
2025-07-09 14:00:00,22.900,22.920,22.850,22.870,3434640
2025-07-09 14:30:00,22.870,22.880,22.700,22.750,8602480
2025-07-09 15:00:00,22.740,22.760,22.620,22.690,10665970
2025-07-10 10:00:00,22.660,22.790,22.500,22.600,12088250
2025-07-10 10:30:00,22.600,22.790,22.500,22.570,6928300
2025-07-10 11:00:00,22.580,22.600,22.450,22.500,4693500
2025-07-10 11:30:00,22.490,22.550,22.450,22.500,3311100
2025-07-10 13:30:00,22.520,22.620,22.500,22.580,3696921
2025-07-10 14:00:00,22.580,22.630,22.500,22.570,3814300
2025-07-10 14:30:00,22.570,22.630,22.520,22.520,4470900
2025-07-10 15:00:00,22.520,22.520,22.460,22.490,7921334
2025-07-11 10:00:00,22.500,22.600,22.280,22.560,12590574
2025-07-11 10:30:00,22.560,22.740,22.440,22.690,9514500
2025-07-11 11:00:00,22.680,22.770,22.600,22.630,4970100
2025-07-11 11:30:00,22.630,22.750,22.590,22.740,3245051
2025-07-11 13:30:00,22.740,22.820,22.700,22.710,7327800
2025-07-11 14:00:00,22.720,22.740,22.660,22.670,4683151
2025-07-11 14:30:00,22.680,22.710,22.630,22.680,4296400
2025-07-11 15:00:00,22.680,22.810,22.610,22.690,8126368
2025-07-14 10:00:00,22.750,22.870,22.420,22.730,14221674
2025-07-14 10:30:00,22.730,22.860,22.680,22.800,5506100
2025-07-14 11:00:00,22.800,22.870,22.760,22.790,3447100
2025-07-14 11:30:00,22.790,22.970,22.750,22.940,6984209
2025-07-14 13:30:00,22.950,23.010,22.880,22.920,6378400
2025-07-14 14:00:00,22.920,23.280,22.920,23.170,10426215
2025-07-14 14:30:00,23.170,23.360,23.140,23.270,9392300
2025-07-14 15:00:00,23.270,23.300,23.230,23.260,8654960
2025-07-15 10:00:00,23.300,23.380,23.000,23.160,15666400
2025-07-15 10:30:00,23.170,23.220,22.950,23.110,9391993
2025-07-15 11:00:00,23.110,23.140,23.010,23.100,3587500
2025-07-15 11:30:00,23.090,23.130,22.810,22.830,6504500
2025-07-15 13:30:00,22.840,22.980,22.810,22.880,3914100
2025-07-15 14:00:00,22.900,22.990,22.870,22.990,3166879
2025-07-15 14:30:00,22.990,23.190,22.980,23.150,4547800
2025-07-15 15:00:00,23.150,23.300,23.080,23.200,7583117
2025-07-16 10:00:00,23.200,23.690,22.910,23.550,17885744
2025-07-16 10:30:00,23.550,23.580,23.350,23.510,9179862
2025-07-16 11:00:00,23.500,23.580,23.430,23.480,5422147
2025-07-16 11:30:00,23.480,23.500,23.330,23.500,3287022
2025-07-16 13:30:00,23.500,23.560,23.370,23.540,4728226
2025-07-16 14:00:00,23.540,23.550,23.230,23.350,4593900
2025-07-16 14:30:00,23.350,23.420,23.180,23.200,5268700
2025-07-16 15:00:00,23.200,23.210,23.000,23.040,11292800
2025-07-17 10:00:00,23.040,23.490,22.910,23.490,14195147
2025-07-17 10:30:00,23.480,24.300,23.430,24.000,35869181
2025-07-17 11:00:00,23.990,24.250,23.900,24.030,11144526
2025-07-17 11:30:00,24.030,24.150,23.900,24.090,6113633
2025-07-17 13:30:00,24.090,24.240,24.060,24.150,5812400
2025-07-17 14:00:00,24.160,24.170,24.050,24.100,4137900
2025-07-17 14:30:00,24.090,24.200,24.070,24.150,6860642
2025-07-17 15:00:00,24.140,24.170,24.070,24.120,11938133
2025-07-18 10:00:00,24.090,24.150,23.820,23.890,20647785
2025-07-18 10:30:00,23.890,24.000,23.770,23.790,9054521
2025-07-18 11:00:00,23.780,23.830,23.690,23.820,6073700
2025-07-18 11:30:00,23.820,23.820,23.700,23.720,3404533
2025-07-18 13:30:00,23.730,23.750,23.600,23.670,5449938
2025-07-18 14:00:00,23.680,23.680,23.570,23.600,4570450
2025-07-18 14:30:00,23.600,23.700,23.600,23.630,3625200
2025-07-18 15:00:00,23.640,23.700,23.620,23.640,7112550
2025-07-21 10:00:00,23.790,23.950,23.460,23.820,16072018
2025-07-21 10:30:00,23.820,23.900,23.710,23.760,6230600
2025-07-21 11:00:00,23.760,23.840,23.710,23.800,4356900
2025-07-21 11:30:00,23.800,23.800,23.650,23.730,3910000
2025-07-21 13:30:00,23.730,23.840,23.720,23.810,3146300
2025-07-21 14:00:00,23.800,23.930,23.780,23.830,4037700
2025-07-21 14:30:00,23.840,23.950,23.830,23.910,3849048
2025-07-21 15:00:00,23.910,24.050,23.910,24.040,9034561
2025-07-22 10:00:00,24.080,24.100,23.720,23.860,14187299
2025-07-22 10:30:00,23.860,23.900,23.590,23.700,9012100
2025-07-22 11:00:00,23.700,23.980,23.670,23.960,3797972
2025-07-22 11:30:00,23.960,24.040,23.830,24.030,3377524
2025-07-22 13:30:00,24.020,24.050,23.820,23.850,3922000
2025-07-22 14:00:00,23.850,23.860,23.760,23.800,3946200
2025-07-22 14:30:00,23.790,23.860,23.750,23.840,3659400
2025-07-22 15:00:00,23.840,23.970,23.820,23.940,6695686
2025-07-23 10:00:00,23.800,24.200,23.650,24.080,12434373
2025-07-23 10:30:00,24.080,24.090,23.810,23.930,5616100
2025-07-23 11:00:00,23.910,24.000,23.860,23.860,2837100
2025-07-23 11:30:00,23.860,24.010,23.850,23.950,3442098
2025-07-23 13:30:00,23.970,24.060,23.900,23.910,4011599
2025-07-23 14:00:00,23.920,23.930,23.810,23.820,4026598
2025-07-23 14:30:00,23.810,23.830,23.580,23.660,9030963
2025-07-23 15:00:00,23.650,23.670,23.500,23.570,7289099
2025-07-24 10:00:00,23.670,23.700,23.410,23.480,13699358
2025-07-24 10:30:00,23.480,23.500,23.340,23.380,7035800
2025-07-24 11:00:00,23.390,23.480,23.370,23.450,7551742
2025-07-24 11:30:00,23.450,23.450,23.320,23.360,5737468
2025-07-24 13:30:00,23.360,23.490,23.350,23.440,5008184
2025-07-24 14:00:00,23.450,23.570,23.370,23.420,5899000
2025-07-24 14:30:00,23.410,23.520,23.390,23.500,3702606
2025-07-24 15:00:00,23.500,23.790,23.480,23.780,9148960
2025-07-25 10:00:00,23.650,23.860,23.580,23.730,10801633
2025-07-25 10:30:00,23.730,23.800,23.560,23.590,6960700
2025-07-25 11:00:00,23.580,23.670,23.520,23.520,3429280
2025-07-25 11:30:00,23.530,23.620,23.520,23.560,2077694
2025-07-25 13:30:00,23.560,23.580,23.510,23.520,3028755
2025-07-25 14:00:00,23.510,23.580,23.510,23.580,2831006
2025-07-25 14:30:00,23.580,23.610,23.510,23.540,3971600
2025-07-25 15:00:00,23.540,23.650,23.530,23.620,5304962
2025-07-28 10:00:00,23.780,23.790,23.380,23.430,12337120
2025-07-28 10:30:00,23.420,23.560,23.380,23.500,5720285
2025-07-28 11:00:00,23.500,23.550,23.430,23.450,3340300
2025-07-28 11:30:00,23.460,23.500,23.360,23.370,4793300
2025-07-28 13:30:00,23.380,23.420,23.330,23.360,4124075
2025-07-28 14:00:00,23.360,23.440,23.310,23.400,5090300
2025-07-28 14:30:00,23.400,23.420,23.290,23.320,6293317
2025-07-28 15:00:00,23.320,23.430,23.320,23.420,5904147
2025-07-29 10:00:00,23.300,23.400,22.750,22.810,21365029
2025-07-29 10:30:00,22.820,23.040,22.770,23.020,6640387
2025-07-29 11:00:00,23.020,23.080,22.940,23.010,4025500
2025-07-29 11:30:00,23.020,23.100,22.970,23.040,2678000
2025-07-29 13:30:00,23.040,23.090,22.970,23.080,4118000
2025-07-29 14:00:00,23.090,23.250,23.060,23.160,4360243
2025-07-29 14:30:00,23.170,23.280,23.150,23.250,4007200
2025-07-29 15:00:00,23.260,23.270,23.110,23.240,6562192
2025-07-30 10:00:00,23.130,23.180,22.810,22.840,15499900
2025-07-30 10:30:00,22.840,22.950,22.810,22.940,5822050
2025-07-30 11:00:00,22.930,23.230,22.930,23.140,6780024
2025-07-30 11:30:00,23.140,23.190,23.020,23.030,2891665
2025-07-30 13:30:00,23.040,23.110,22.880,22.900,4493600
2025-07-30 14:00:00,22.910,23.110,22.800,22.850,6841900
2025-07-30 14:30:00,22.840,22.870,22.710,22.860,8048096
2025-07-30 15:00:00,22.860,22.900,22.720,22.780,8235917
2025-07-31 10:00:00,22.630,23.200,22.630,22.920,14595570
2025-07-31 10:30:00,22.920,23.000,22.760,22.890,5551800
2025-07-31 11:00:00,22.900,22.910,22.800,22.880,3401850
2025-07-31 11:30:00,22.880,22.890,22.770,22.880,2511846
2025-07-31 13:30:00,22.870,23.020,22.780,22.780,5746500
2025-07-31 14:00:00,22.780,23.000,22.700,22.870,5965600
2025-07-31 14:30:00,22.870,22.900,22.730,22.740,4643200
2025-07-31 15:00:00,22.740,22.830,22.650,22.810,7869634
2025-08-01 10:00:00,22.680,23.010,22.550,22.760,11205945
2025-08-01 10:30:00,22.740,22.820,22.710,22.740,3596400
2025-08-01 11:00:00,22.730,22.740,22.510,22.530,7379700
2025-08-01 11:30:00,22.530,22.620,22.510,22.520,2650709
2025-08-01 13:30:00,22.520,22.540,22.310,22.320,5464600
2025-08-01 14:00:00,22.320,22.390,22.240,22.310,5191146
2025-08-01 14:30:00,22.320,22.460,22.280,22.380,3670540
2025-08-01 15:00:00,22.370,22.380,22.330,22.380,4533605
2025-08-04 10:00:00,22.110,22.340,22.050,22.240,9328640
2025-08-04 10:30:00,22.240,22.310,22.170,22.240,3090537
2025-08-04 11:00:00,22.250,22.260,22.160,22.170,3209100
2025-08-04 11:30:00,22.180,22.200,22.120,22.150,2313500
2025-08-04 13:30:00,22.150,22.270,22.140,22.200,2661980
2025-08-04 14:00:00,22.200,22.210,22.150,22.160,2114400
2025-08-04 14:30:00,22.160,22.320,22.150,22.310,3098430
2025-08-04 15:00:00,22.300,22.390,22.290,22.390,4364016
2025-08-05 10:00:00,23.120,23.450,23.010,23.030,39329411
2025-08-05 10:30:00,23.030,23.130,22.850,22.860,7490900
2025-08-05 11:00:00,22.860,22.990,22.850,22.950,3304368
2025-08-05 11:30:00,22.950,22.950,22.860,22.910,2464000
2025-08-05 13:30:00,22.930,22.980,22.900,22.950,2285450
2025-08-05 14:00:00,22.950,23.020,22.910,22.930,3083100
2025-08-05 14:30:00,22.930,22.950,22.910,22.930,2199106
2025-08-05 15:00:00,22.930,22.940,22.860,22.880,6141894
2025-08-06 10:00:00,22.850,22.970,22.650,22.890,13638562
2025-08-06 10:30:00,22.890,23.050,22.820,22.950,8291369
2025-08-06 11:00:00,22.940,22.950,22.870,22.900,4071055
2025-08-06 11:30:00,22.900,23.030,22.890,23.000,3304813
2025-08-06 13:30:00,23.010,23.650,23.000,23.400,19400023
2025-08-06 14:00:00,23.400,23.420,23.250,23.280,5740700
2025-08-06 14:30:00,23.280,23.300,23.250,23.280,3419360
2025-08-06 15:00:00,23.280,23.280,23.190,23.240,7076189
2025-08-07 10:00:00,24.280,25.200,24.160,24.210,86879744
2025-08-07 10:30:00,24.220,24.280,23.750,23.860,18029587
2025-08-07 11:00:00,23.860,24.260,23.760,24.000,7636891
2025-08-07 11:30:00,23.990,24.170,23.900,24.160,3923174
2025-08-07 13:30:00,24.160,24.180,23.850,23.890,5225000
2025-08-07 14:00:00,23.890,23.990,23.860,23.880,3720410
2025-08-07 14:30:00,23.870,23.950,23.650,23.650,6605131
2025-08-07 15:00:00,23.660,23.700,23.440,23.490,12891833
2025-08-08 10:00:00,23.320,23.490,23.000,23.130,25605455
2025-08-08 10:30:00,23.130,23.260,23.000,23.020,9525373
2025-08-08 11:00:00,23.010,23.150,23.000,23.090,6251503
2025-08-08 11:30:00,23.080,23.110,22.930,23.000,7862792
2025-08-08 13:30:00,23.010,23.020,22.840,22.860,6975558
2025-08-08 14:00:00,22.870,22.920,22.810,22.830,5393800
2025-08-08 14:30:00,22.830,22.930,22.820,22.930,3553004
2025-08-08 15:00:00,22.920,22.980,22.870,22.880,6402646
2025-08-11 10:00:00,23.050,24.670,22.950,23.890,71370601
2025-08-11 10:30:00,23.890,24.060,23.840,23.970,10308690
2025-08-11 11:00:00,23.980,24.300,23.950,24.120,10110800
2025-08-11 11:30:00,24.120,24.500,24.120,24.320,13345896
2025-08-11 13:30:00,24.330,24.360,24.120,24.230,6653444
2025-08-11 14:00:00,24.230,24.470,24.210,24.400,8751748
2025-08-11 14:30:00,24.390,24.420,24.240,24.310,7548800
2025-08-11 15:00:00,24.300,24.310,24.200,24.260,12208693
2025-08-12 10:00:00,24.140,24.350,24.080,24.230,18677944
2025-08-12 10:30:00,24.220,24.290,24.070,24.090,7745100
2025-08-12 11:00:00,24.080,24.160,23.950,23.970,8082200
2025-08-12 11:30:00,23.980,24.120,23.970,24.110,3738822
2025-08-12 13:30:00,24.110,24.130,24.000,24.050,4831000
2025-08-12 14:00:00,24.050,24.060,23.960,24.000,4475358
2025-08-12 14:30:00,24.010,24.130,24.000,24.110,4910244
2025-08-12 15:00:00,24.110,24.140,24.060,24.090,9187685
2025-08-13 10:00:00,24.350,24.420,24.000,24.030,17700200
2025-08-13 10:30:00,24.030,24.290,24.010,24.240,9165826
2025-08-13 11:00:00,24.240,24.600,24.240,24.310,15993866
2025-08-13 11:30:00,24.310,24.500,24.270,24.490,6638087
2025-08-13 13:30:00,24.480,24.540,24.350,24.360,8756831
2025-08-13 14:00:00,24.370,24.400,24.310,24.340,5425500
2025-08-13 14:30:00,24.350,24.430,24.270,24.280,7404786
2025-08-13 15:00:00,24.280,24.400,24.270,24.400,9332241
2025-08-14 10:00:00,24.410,24.660,24.370,24.450,22486585
2025-08-14 10:30:00,24.440,24.870,24.370,24.680,13359700
2025-08-14 11:00:00,24.690,24.730,24.340,24.540,10555800
2025-08-14 11:30:00,24.550,24.650,24.510,24.570,5563600
2025-08-14 13:30:00,24.570,24.740,24.260,24.350,11748500
2025-08-14 14:00:00,24.350,24.790,24.340,24.690,11092250
2025-08-14 14:30:00,24.690,25.000,24.680,24.740,15728800
2025-08-14 15:00:00,24.740,24.770,24.500,24.520,11059760
2025-08-15 10:00:00,24.300,24.750,24.200,24.670,17239013
2025-08-15 10:30:00,24.680,25.090,24.500,24.670,15149719
2025-08-15 11:00:00,24.680,24.740,24.610,24.630,6178600
2025-08-15 11:30:00,24.640,24.650,24.450,24.540,7432800
2025-08-15 13:30:00,24.540,24.670,24.460,24.570,7979302
2025-08-15 14:00:00,24.570,24.660,24.520,24.580,6002725
2025-08-15 14:30:00,24.580,24.640,24.540,24.580,6009935
2025-08-15 15:00:00,24.580,24.650,24.570,24.620,10211769
2025-08-18 10:00:00,24.850,25.510,24.710,25.500,34747744
2025-08-18 10:30:00,25.500,25.580,25.350,25.550,15409191
2025-08-18 11:00:00,25.550,25.880,25.500,25.670,15348857
2025-08-18 11:30:00,25.670,25.850,25.560,25.800,7825600
2025-08-18 13:30:00,25.800,26.000,25.630,25.760,12128173
2025-08-18 14:00:00,25.760,25.900,25.700,25.730,9007799
2025-08-18 14:30:00,25.740,25.800,25.500,25.700,9874962
2025-08-18 15:00:00,25.710,25.840,25.700,25.770,13999629
2025-08-19 10:00:00,25.700,25.730,25.370,25.430,21976596
2025-08-19 10:30:00,25.420,25.430,25.130,25.270,15313827
2025-08-19 11:00:00,25.260,25.480,25.250,25.390,5888707
2025-08-19 11:30:00,25.380,25.720,25.380,25.640,6383918
2025-08-19 13:30:00,25.640,25.980,25.630,25.670,9068868
2025-08-19 14:00:00,25.670,25.700,25.510,25.510,6094900
2025-08-19 14:30:00,25.520,25.700,25.480,25.570,4558641
2025-08-19 15:00:00,25.570,25.670,25.550,25.620,7105915
2025-08-20 10:00:00,25.580,26.170,25.360,25.900,22817003
2025-08-20 10:30:00,25.900,26.990,25.830,26.950,34722106
2025-08-20 11:00:00,26.950,27.840,26.790,27.170,30667042
2025-08-20 11:30:00,27.160,27.180,26.770,26.790,9853711
2025-08-20 13:30:00,26.780,27.200,26.400,26.990,12288351
2025-08-20 14:00:00,27.000,27.040,26.850,26.900,4829321
2025-08-20 14:30:00,26.900,27.280,26.900,27.140,7510869
2025-08-20 15:00:00,27.130,27.200,26.960,27.010,10886015
2025-08-21 10:00:00,27.180,27.870,27.020,27.120,39277147
2025-08-21 10:30:00,27.090,27.770,27.060,27.620,14059672
2025-08-21 11:00:00,27.630,28.880,27.500,28.610,31828369
2025-08-21 11:30:00,28.610,29.990,28.600,29.220,26964738
2025-08-21 13:30:00,29.220,29.420,28.500,28.500,13509984
2025-08-21 14:00:00,28.500,28.650,28.250,28.340,9008069
2025-08-21 14:30:00,28.340,28.370,27.900,28.100,13600057
2025-08-21 15:00:00,28.100,28.350,27.900,28.340,17299908
2025-08-22 10:00:00,28.000,28.600,27.830,28.020,36269102
2025-08-22 10:30:00,28.020,28.230,27.760,28.210,27729160
2025-08-22 11:00:00,28.210,28.220,27.930,28.100,9302959
2025-08-22 11:30:00,28.120,28.310,28.000,28.220,7555957
2025-08-22 13:30:00,28.200,28.950,28.130,28.760,15476415
2025-08-22 14:00:00,28.750,28.790,28.460,28.520,10667872
2025-08-22 14:30:00,28.520,28.880,28.510,28.870,10201642
2025-08-22 15:00:00,28.870,29.350,28.790,29.140,18132741
2025-08-25 10:00:00,29.330,29.550,28.650,28.960,36937334
2025-08-25 10:30:00,28.960,29.300,28.910,29.140,14678342
2025-08-25 11:00:00,29.140,29.480,29.070,29.140,12703100
2025-08-25 11:30:00,29.140,29.140,28.730,28.820,11510700
2025-08-25 13:30:00,28.800,28.910,28.250,28.500,15231161
2025-08-25 14:00:00,28.500,28.850,28.330,28.720,8927853
2025-08-25 14:30:00,28.720,28.960,28.490,28.960,7178929
2025-08-25 15:00:00,28.970,29.100,28.830,29.100,10793824
2025-08-26 10:00:00,28.700,29.400,28.500,29.370,28115853
2025-08-26 10:30:00,29.380,29.490,29.000,29.270,17788750
2025-08-26 11:00:00,29.270,30.210,29.110,29.770,23335301
2025-08-26 11:30:00,29.760,30.360,29.490,30.340,20106262
2025-08-26 13:30:00,30.340,31.650,29.980,31.650,25888847
2025-08-26 14:00:00,31.650,32.010,31.080,31.390,25590977
2025-08-26 14:30:00,31.390,31.450,30.750,30.790,10374901
2025-08-26 15:00:00,30.790,30.860,30.180,30.300,16072092
2025-08-27 10:00:00,31.110,33.000,31.100,31.530,100852985
2025-08-27 10:30:00,31.530,31.900,31.300,31.420,16405289
2025-08-27 11:00:00,31.420,31.860,31.370,31.750,8314140
2025-08-27 11:30:00,31.750,31.810,31.350,31.440,5799500
2025-08-27 13:30:00,31.450,31.750,31.330,31.650,9677460
2025-08-27 14:00:00,31.640,31.650,30.830,30.930,18791327
2025-08-27 14:30:00,30.930,32.010,30.930,31.530,18145267
2025-08-27 15:00:00,31.540,31.980,30.650,31.400,28258794
2025-08-28 10:00:00,30.700,30.980,30.150,30.290,48055315
2025-08-28 10:30:00,30.290,30.860,30.240,30.850,16596448
2025-08-28 11:00:00,30.810,31.120,30.700,30.920,14080554
2025-08-28 11:30:00,30.920,31.010,30.460,30.550,8440786
2025-08-28 13:30:00,30.570,30.790,30.140,30.150,11514308
2025-08-28 14:00:00,30.140,30.540,30.070,30.500,12173136
2025-08-28 14:30:00,30.500,31.100,30.480,30.970,12298797
2025-08-28 15:00:00,30.970,31.950,30.930,31.820,30349634
2025-08-29 10:00:00,31.670,31.700,30.610,31.120,37405688
2025-08-29 10:30:00,31.100,31.470,30.780,31.170,12354147
2025-08-29 11:00:00,31.170,31.850,31.130,31.220,12652728
2025-08-29 11:30:00,31.220,31.600,31.080,31.520,7789365
2025-08-29 13:30:00,31.520,32.000,31.180,31.300,14592777
2025-08-29 14:00:00,31.300,31.520,31.090,31.440,8296491
2025-08-29 14:30:00,31.440,31.500,30.800,31.000,8686033
2025-08-29 15:00:00,31.000,31.350,31.000,31.110,13150435
2025-09-01 10:00:00,31.070,31.850,30.360,30.380,38284823
2025-09-01 10:30:00,30.380,31.080,30.360,30.780,12556194
2025-09-01 11:00:00,30.800,31.680,30.650,31.200,14081372
2025-09-01 11:30:00,31.200,31.500,31.050,31.060,6046000
2025-09-01 13:30:00,31.070,32.280,31.040,31.930,25927845
2025-09-01 14:00:00,31.920,32.190,31.600,31.950,13731411
2025-09-01 14:30:00,31.950,32.190,31.910,32.170,12111104
2025-09-01 15:00:00,32.170,32.620,32.140,32.340,20811244
2025-09-02 10:00:00,32.350,32.360,30.310,30.640,58711856
2025-09-02 10:30:00,30.610,30.710,30.130,30.330,23028857
2025-09-02 11:00:00,30.330,30.330,29.500,29.810,22157214
2025-09-02 11:30:00,29.810,30.500,29.600,30.140,8158318
2025-09-02 13:30:00,30.100,30.570,29.900,30.130,7689689
2025-09-02 14:00:00,30.130,30.950,30.100,30.370,9192049
2025-09-02 14:30:00,30.360,30.590,30.090,30.220,6429231
2025-09-02 15:00:00,30.210,30.590,29.990,30.030,12892167
2025-09-03 10:00:00,30.420,30.780,30.110,30.200,27244420
2025-09-03 10:30:00,30.200,30.640,30.060,30.270,9944841
2025-09-03 11:00:00,30.260,30.650,29.940,30.420,12190029
2025-09-03 11:30:00,30.420,30.500,30.100,30.110,3927688
2025-09-03 13:30:00,30.110,30.450,30.060,30.150,6341600
2025-09-03 14:00:00,30.130,30.180,29.700,29.890,10090660
2025-09-03 14:30:00,29.900,30.270,29.850,30.080,7094685
2025-09-03 15:00:00,30.070,30.150,29.620,29.830,15084269
2025-09-04 10:00:00,30.300,32.070,30.160,30.880,70741422
2025-09-04 10:30:00,30.880,31.000,30.500,30.630,15951040
2025-09-04 11:00:00,30.650,30.670,30.010,30.590,12066523
2025-09-04 11:30:00,30.600,30.860,30.390,30.620,6566218
2025-09-04 13:30:00,30.660,31.150,30.280,30.580,9639191
2025-09-04 14:00:00,30.590,30.820,30.500,30.580,6607403
2025-09-04 14:30:00,30.580,30.640,29.900,30.080,13180373
2025-09-04 15:00:00,30.080,30.420,29.750,30.200,14789905
2025-09-05 10:00:00,30.190,30.860,29.420,30.470,32168100
2025-09-05 10:30:00,30.480,31.440,30.240,31.110,23088417
2025-09-05 11:00:00,31.110,31.200,30.750,30.950,11071583
2025-09-05 11:30:00,30.960,31.280,30.800,30.890,7638289
2025-09-05 13:30:00,30.900,31.000,30.550,30.780,7973162
2025-09-05 14:00:00,30.780,31.180,30.750,31.150,7872080
2025-09-05 14:30:00,31.140,31.380,30.970,31.280,12573729
2025-09-05 15:00:00,31.290,31.400,31.140,31.400,17220435
2025-09-08 10:00:00,31.990,34.050,31.700,32.470,91376222
2025-09-08 10:30:00,32.470,32.750,32.050,32.300,14166904
2025-09-08 11:00:00,32.300,32.350,31.920,32.150,9870105
2025-09-08 11:30:00,32.150,32.600,31.780,32.400,9276240
2025-09-08 13:30:00,32.390,33.080,32.330,32.510,15473705
2025-09-08 14:00:00,32.520,32.990,32.510,32.870,7411125
2025-09-08 14:30:00,32.870,32.900,32.520,32.540,6342800
2025-09-08 15:00:00,32.540,33.000,32.540,33.000,15455232
2025-09-09 10:00:00,32.000,32.000,30.800,30.800,63196084
2025-09-09 10:30:00,30.810,30.990,30.320,30.610,23069860
2025-09-09 11:00:00,30.600,30.860,30.510,30.760,8402840
2025-09-09 11:30:00,30.760,30.800,30.490,30.640,6958103
2025-09-09 13:30:00,30.600,30.700,30.000,30.290,13120753
2025-09-09 14:00:00,30.290,30.310,30.000,30.090,9064676
2025-09-09 14:30:00,30.090,30.210,30.000,30.030,10002447
2025-09-09 15:00:00,30.030,30.130,29.810,29.830,19024980
2025-09-10 10:00:00,29.490,30.110,29.140,29.750,35846068
2025-09-10 10:30:00,29.750,29.780,29.280,29.310,12140094
2025-09-10 11:00:00,29.340,29.400,29.000,29.200,13583377
2025-09-10 11:30:00,29.200,29.590,29.100,29.410,5114403
2025-09-10 13:30:00,29.420,30.090,29.200,30.010,13485504
2025-09-10 14:00:00,30.010,30.300,29.810,29.900,9918128
2025-09-10 14:30:00,29.900,29.940,29.600,29.650,4905796
2025-09-10 15:00:00,29.660,29.670,29.340,29.550,8996373
2025-09-11 10:00:00,29.150,29.170,28.200,28.780,48513868
2025-09-11 10:30:00,28.780,29.160,28.720,28.880,20445300
2025-09-11 11:00:00,28.880,29.080,28.790,28.950,15425620
2025-09-11 11:30:00,28.930,29.630,28.920,29.630,15267550
2025-09-11 13:30:00,29.620,30.200,29.620,30.130,22081405
2025-09-11 14:00:00,30.120,30.200,29.630,30.130,12731705
2025-09-11 14:30:00,30.140,30.210,29.800,30.080,14557479
2025-09-11 15:00:00,30.080,30.150,29.960,30.110,12976819
2025-09-12 10:00:00,30.090,30.130,29.380,30.010,29777583
2025-09-12 10:30:00,30.020,30.100,29.720,30.040,15681751
2025-09-12 11:00:00,30.040,30.080,29.360,29.390,16226194
2025-09-12 11:30:00,29.390,29.570,29.250,29.540,12031680
2025-09-12 13:30:00,29.550,29.650,29.350,29.490,9928076
2025-09-12 14:00:00,29.480,29.780,29.470,29.600,7504483
2025-09-12 14:30:00,29.600,29.650,29.460,29.520,6609800
2025-09-12 15:00:00,29.500,29.600,29.440,29.490,10578200
2025-09-15 10:00:00,29.770,30.590,29.770,30.480,42960949
2025-09-15 10:30:00,30.490,31.000,30.430,30.740,26315616
2025-09-15 11:00:00,30.740,31.300,30.550,30.910,16071404
2025-09-15 11:30:00,30.900,31.050,30.550,30.720,7607002
2025-09-15 13:30:00,30.720,30.770,30.380,30.380,7465263
2025-09-15 14:00:00,30.380,30.410,30.260,30.380,6075284
2025-09-15 14:30:00,30.380,30.490,30.120,30.180,7382194
2025-09-15 15:00:00,30.180,30.450,30.180,30.370,11737926
2025-09-16 10:00:00,30.070,30.420,29.900,30.070,18521500
2025-09-16 10:30:00,30.090,30.320,29.900,29.950,9993100
2025-09-16 11:00:00,29.960,30.000,29.600,29.810,11810352
2025-09-16 11:30:00,29.810,29.950,29.740,29.920,4314509
2025-09-16 13:30:00,29.920,30.250,29.860,29.960,7119563
2025-09-16 14:00:00,29.960,30.250,29.860,30.240,4764307
2025-09-16 14:30:00,30.240,30.350,30.080,30.170,7682992
2025-09-16 15:00:00,30.170,30.330,30.140,30.300,9551485
2025-09-17 10:00:00,30.490,30.820,30.140,30.610,22130538
2025-09-17 10:30:00,30.580,31.110,30.390,30.410,22228964
2025-09-17 11:00:00,30.410,31.270,30.360,31.190,21981439
2025-09-17 11:30:00,31.180,31.990,31.120,31.750,31420852
2025-09-17 13:30:00,31.760,31.850,31.360,31.390,12494400
2025-09-17 14:00:00,31.380,32.500,31.270,32.440,27211699
2025-09-17 14:30:00,32.470,32.500,31.950,31.980,13543544
2025-09-17 15:00:00,31.990,32.100,31.950,32.100,14978342
2025-09-18 10:00:00,31.950,31.950,31.250,31.930,38707910
2025-09-18 10:30:00,31.930,32.130,31.800,31.910,15553368
2025-09-18 11:00:00,31.920,32.500,31.790,32.440,17491700
2025-09-18 11:30:00,32.420,32.900,32.370,32.580,18952367
2025-09-18 13:30:00,32.570,32.680,31.840,31.940,17050282
2025-09-18 14:00:00,31.960,32.150,31.630,31.660,15890802
2025-09-18 14:30:00,31.660,31.730,31.250,31.310,16618580
2025-09-18 15:00:00,31.300,31.450,30.800,31.410,18505853
2025-09-19 10:00:00,31.390,31.590,30.890,31.280,24018800
2025-09-19 10:30:00,31.280,31.630,31.000,31.590,11158600
2025-09-19 11:00:00,31.600,31.630,30.980,31.080,12775839
2025-09-19 11:30:00,31.080,31.350,30.970,31.180,4959285
2025-09-19 13:30:00,31.170,31.900,30.920,30.970,16318380
2025-09-19 14:00:00,30.960,31.040,30.560,30.770,10859500
2025-09-19 14:30:00,30.770,30.950,30.700,30.930,6022751
2025-09-19 15:00:00,30.940,30.950,30.510,30.510,11285635
2025-09-22 10:00:00,31.600,32.800,31.560,32.090,75313613
2025-09-22 10:30:00,32.090,32.790,31.920,32.580,24469901
2025-09-22 11:00:00,32.580,32.790,32.450,32.650,11452529
2025-09-22 11:30:00,32.650,32.770,32.450,32.690,9955200
2025-09-22 13:30:00,32.690,32.800,32.450,32.790,12997046
2025-09-22 14:00:00,32.800,33.180,32.700,32.960,21952762
2025-09-22 14:30:00,32.950,32.970,32.540,32.940,11061484
2025-09-22 15:00:00,32.930,33.070,32.850,33.050,21658422
2025-09-23 10:00:00,33.190,33.260,32.360,32.730,49820910
2025-09-23 10:30:00,32.740,32.780,31.800,31.910,25420965
2025-09-23 11:00:00,31.910,32.130,31.650,31.800,17131600
2025-09-23 11:30:00,31.800,32.040,31.380,31.400,10761895
2025-09-23 13:30:00,31.440,31.950,31.300,31.830,9086123
2025-09-23 14:00:00,31.840,31.960,31.660,31.840,6467913
2025-09-23 14:30:00,31.830,31.930,31.480,31.890,8042215
2025-09-23 15:00:00,31.890,32.150,31.800,32.090,13815715
2025-09-24 10:00:00,31.600,32.570,31.180,31.930,22440248
2025-09-24 10:30:00,31.920,32.490,31.570,32.180,12258613
2025-09-24 11:00:00,32.250,32.320,31.730,32.170,7378290
2025-09-24 11:30:00,32.180,32.500,32.110,32.500,11966235
2025-09-24 13:30:00,32.490,32.800,32.330,32.440,16022951
2025-09-24 14:00:00,32.420,32.950,32.350,32.600,11685006
2025-09-24 14:30:00,32.620,32.880,32.530,32.830,7823837
2025-09-24 15:00:00,32.830,33.540,32.790,33.320,31935424
2025-09-25 10:00:00,33.320,34.950,33.120,33.130,57486593
2025-09-25 10:30:00,33.130,33.800,33.010,33.800,13190610
2025-09-25 11:00:00,33.780,34.810,33.760,34.400,18027149
2025-09-25 11:30:00,34.410,34.480,34.000,34.110,7162995
2025-09-25 13:30:00,34.110,34.160,33.550,33.710,10092769
2025-09-25 14:00:00,33.700,34.020,33.500,34.010,8984935
2025-09-25 14:30:00,34.020,34.160,33.700,33.870,5699833
2025-09-25 15:00:00,33.870,33.950,33.490,33.620,15413996
2025-09-26 10:00:00,33.650,33.880,32.400,32.500,32915088
2025-09-26 10:30:00,32.510,32.550,32.020,32.240,18152059
2025-09-26 11:00:00,32.240,32.380,32.000,32.330,9707862
2025-09-26 11:30:00,32.330,32.490,32.080,32.190,6059105
2025-09-26 13:30:00,32.170,32.600,32.150,32.320,6029470
2025-09-26 14:00:00,32.310,32.330,32.000,32.020,8867330
2025-09-26 14:30:00,32.010,32.090,31.900,31.950,8673884
2025-09-26 15:00:00,31.950,32.150,31.800,31.980,12813259
2025-09-29 10:00:00,31.650,32.130,31.380,31.650,21389864
2025-09-29 10:30:00,31.690,32.800,31.510,32.640,18940578
2025-09-29 11:00:00,32.650,33.080,32.540,32.840,18004111
2025-09-29 11:30:00,32.840,33.000,32.600,32.620,6504299
2025-09-29 13:30:00,32.610,32.770,32.340,32.430,6390400
2025-09-29 14:00:00,32.440,32.650,32.370,32.480,6393709
2025-09-29 14:30:00,32.490,32.650,32.330,32.470,6555286
2025-09-29 15:00:00,32.460,32.600,32.460,32.600,9665754
2025-09-30 10:00:00,32.630,33.800,32.600,33.400,24927823
2025-09-30 10:30:00,33.440,33.500,32.680,32.770,12286115
2025-09-30 11:00:00,32.760,33.010,32.550,32.600,6804326
2025-09-30 11:30:00,32.620,32.770,32.500,32.510,5413444
2025-09-30 13:30:00,32.530,33.300,32.400,32.940,8937147
2025-09-30 14:00:00,32.920,32.930,32.680,32.750,4504146
2025-09-30 14:30:00,32.740,33.250,32.710,33.010,8066857
2025-09-30 15:00:00,33.050,33.690,33.020,33.480,23094179
2025-10-09 10:00:00,33.500,34.800,33.000,34.130,36075419
2025-10-09 10:30:00,34.130,34.760,33.920,34.530,14934388
2025-10-09 11:00:00,34.530,34.880,34.380,34.580,11942375
2025-10-09 11:30:00,34.590,34.850,34.380,34.540,6629440
2025-10-09 13:30:00,34.540,34.610,34.220,34.600,9185900
2025-10-09 14:00:00,34.600,34.620,33.980,34.140,9454588
2025-10-09 14:30:00,34.130,34.210,33.760,33.770,8927700
2025-10-09 15:00:00,33.770,33.950,33.770,33.870,10027456
2025-10-10 10:00:00,33.500,34.400,32.480,33.120,29482898
2025-10-10 10:30:00,33.090,33.250,32.550,32.680,9289000
2025-10-10 11:00:00,32.680,32.920,32.340,32.420,10822657
2025-10-10 11:30:00,32.430,32.440,32.150,32.210,6430600
2025-10-10 13:30:00,32.210,32.320,32.030,32.080,6010897
2025-10-10 14:00:00,32.080,32.170,31.850,32.060,9238271
2025-10-10 14:30:00,32.050,32.130,31.750,31.870,7793400
2025-10-10 15:00:00,31.870,31.970,31.610,31.900,10418951
2025-10-13 10:00:00,29.080,30.500,29.080,29.980,37289493
2025-10-13 10:30:00,29.990,30.010,29.680,29.960,10428080
2025-10-13 11:00:00,29.960,30.160,29.880,30.020,5718337
2025-10-13 11:30:00,30.010,30.010,29.530,29.530,7290362
2025-10-13 13:30:00,29.530,30.060,29.330,29.920,8349756
2025-10-13 14:00:00,29.920,30.260,29.820,30.240,7381500
2025-10-13 14:30:00,30.230,30.280,29.960,30.120,5581932
2025-10-13 15:00:00,30.120,30.450,30.110,30.230,8653957
2025-10-14 10:00:00,30.700,31.170,30.550,30.580,19282912
2025-10-14 10:30:00,30.580,30.630,30.130,30.150,8801257
2025-10-14 11:00:00,30.150,30.240,29.770,29.780,6511152
2025-10-14 11:30:00,29.780,29.930,29.620,29.760,4383838
2025-10-14 13:30:00,29.750,29.780,29.300,29.580,7470433
2025-10-14 14:00:00,29.570,29.710,29.320,29.320,4716712
2025-10-14 14:30:00,29.320,29.350,29.000,29.130,8381318
2025-10-14 15:00:00,29.130,29.340,29.000,29.290,7004216
2025-10-15 10:00:00,29.280,29.470,28.540,28.690,21282196
2025-10-15 10:30:00,28.690,29.200,28.610,29.070,8362052
2025-10-15 11:00:00,29.060,29.070,28.670,28.680,3657736
2025-10-15 11:30:00,28.680,28.790,28.660,28.750,3516150
2025-10-15 13:30:00,28.760,29.620,28.750,29.480,9650200
2025-10-15 14:00:00,29.490,29.670,29.410,29.480,8249500
2025-10-15 14:30:00,29.480,29.600,29.310,29.540,4442808
2025-10-15 15:00:00,29.540,29.600,29.420,29.440,7099400
2025-10-16 10:00:00,29.300,29.400,28.940,29.260,10258233
2025-10-16 10:30:00,29.240,29.700,29.230,29.540,8910044
2025-10-16 11:00:00,29.550,29.680,29.370,29.600,5982598
2025-10-16 11:30:00,29.600,29.800,29.260,29.270,6061200
2025-10-16 13:30:00,29.260,29.270,28.660,28.720,12186332
2025-10-16 14:00:00,28.720,28.770,28.480,28.540,12447100
2025-10-16 14:30:00,28.540,28.610,28.360,28.400,11019143
2025-10-16 15:00:00,28.410,28.670,28.290,28.590,11677802
2025-10-17 10:00:00,28.490,28.640,27.700,27.740,20408376
2025-10-17 10:30:00,27.730,27.830,27.510,27.690,12274990
2025-10-17 11:00:00,27.690,27.960,27.670,27.840,4391887
2025-10-17 11:30:00,27.840,27.850,27.610,27.650,3390556
2025-10-17 13:30:00,27.650,27.840,27.590,27.770,3747634
2025-10-17 14:00:00,27.770,27.820,27.630,27.650,2970035
2025-10-17 14:30:00,27.640,27.700,27.390,27.420,7746011
2025-10-17 15:00:00,27.420,27.500,27.200,27.350,11493605
2025-10-20 10:00:00,27.910,28.070,27.560,27.920,17151566
2025-10-20 10:30:00,27.930,27.990,27.630,27.770,8361339
2025-10-20 11:00:00,27.780,28.060,27.710,27.800,5408213
2025-10-20 11:30:00,27.780,27.890,27.720,27.830,2372454
2025-10-20 13:30:00,27.830,27.850,27.480,27.570,4177700
2025-10-20 14:00:00,27.550,27.560,27.360,27.480,4352500
2025-10-20 14:30:00,27.470,27.510,27.250,27.380,4758400
2025-10-20 15:00:00,27.380,27.540,27.270,27.530,7080758
2025-10-21 10:00:00,28.200,29.130,28.200,29.110,48770425
2025-10-21 10:30:00,29.110,29.650,28.990,29.570,23629425
2025-10-21 11:00:00,29.570,29.600,29.020,29.030,12116599
2025-10-21 11:30:00,29.050,29.160,28.980,29.020,6371100
2025-10-21 13:30:00,29.030,29.190,28.830,29.110,7670200
2025-10-21 14:00:00,29.120,29.260,29.000,29.100,6283820
2025-10-21 14:30:00,29.100,29.200,28.930,28.990,5806505
2025-10-21 15:00:00,28.990,29.010,28.880,28.930,10687120
2025-10-22 10:00:00,28.680,29.170,28.500,29.030,19195057
2025-10-22 10:30:00,29.040,30.100,29.020,29.890,25582401
2025-10-22 11:00:00,29.880,29.900,29.360,29.360,7608414
2025-10-22 11:30:00,29.370,29.410,29.290,29.330,5635785
2025-10-22 13:30:00,29.330,29.630,29.210,29.620,6034839
2025-10-22 14:00:00,29.620,29.750,29.410,29.500,4496000
2025-10-22 14:30:00,29.500,29.520,29.380,29.470,3430000
2025-10-22 15:00:00,29.480,29.500,29.400,29.450,6567700
2025-10-23 10:00:00,28.920,29.100,28.640,28.690,16008535
2025-10-23 10:30:00,28.680,28.890,28.560,28.770,7557422
2025-10-23 11:00:00,28.760,29.000,28.510,28.570,4131300
2025-10-23 11:30:00,28.570,28.910,28.520,28.670,2798800
2025-10-23 13:30:00,28.670,28.780,28.600,28.640,3544000
2025-10-23 14:00:00,28.640,28.650,28.520,28.610,3239829
2025-10-23 14:30:00,28.610,28.820,28.580,28.770,3611600
2025-10-23 15:00:00,28.750,29.020,28.700,28.930,6358085
2025-10-24 10:00:00,29.200,29.520,28.990,29.510,18686757
2025-10-24 10:30:00,29.520,29.740,29.390,29.520,10063303
2025-10-24 11:00:00,29.530,29.700,29.400,29.610,5561800
2025-10-24 11:30:00,29.610,29.970,29.500,29.780,8146142
2025-10-24 13:30:00,29.780,30.000,29.670,29.710,9307200
2025-10-24 14:00:00,29.730,29.810,29.610,29.760,5279500
2025-10-24 14:30:00,29.770,29.870,29.700,29.800,5981438
2025-10-24 15:00:00,29.810,29.850,29.720,29.770,11578479
2025-10-27 10:00:00,30.410,30.700,29.910,29.920,24051752
2025-10-27 10:30:00,29.910,30.100,29.700,29.750,13190550
2025-10-27 11:00:00,29.750,30.000,29.390,29.500,11651958
2025-10-27 11:30:00,29.510,29.780,29.370,29.700,5393650
2025-10-27 13:30:00,29.700,29.770,29.470,29.700,5092086
2025-10-27 14:00:00,29.700,29.850,29.610,29.630,5419562
2025-10-27 14:30:00,29.630,29.850,29.540,29.820,7333900
2025-10-27 15:00:00,29.820,29.890,29.740,29.880,9124283
2025-10-28 10:00:00,29.720,29.950,29.540,29.870,16731939
2025-10-28 10:30:00,29.880,30.000,29.600,29.680,8643400
2025-10-28 11:00:00,29.680,29.850,29.610,29.730,4098280
2025-10-28 11:30:00,29.730,29.940,29.700,29.790,5156365
2025-10-28 13:30:00,29.780,29.800,29.420,29.580,6735383
2025-10-28 14:00:00,29.560,29.700,29.370,29.700,5100300
2025-10-28 14:30:00,29.680,29.770,29.600,29.610,2821900
2025-10-28 15:00:00,29.620,29.690,29.590,29.680,4745553
2025-10-29 10:00:00,30.000,30.580,29.970,30.430,28042708
2025-10-29 10:30:00,30.420,30.640,30.120,30.130,11953200
2025-10-29 11:00:00,30.130,30.370,30.100,30.250,5078821
2025-10-29 11:30:00,30.250,30.500,30.220,30.440,4663300
2025-10-29 13:30:00,30.440,30.590,30.260,30.500,6442300
2025-10-29 14:00:00,30.500,30.630,30.490,30.520,7469040
2025-10-29 14:30:00,30.530,31.000,30.520,30.790,13710831
2025-10-29 15:00:00,30.800,30.900,30.750,30.850,7961712
2025-10-30 10:00:00,30.890,30.890,29.750,30.010,25197480
2025-10-30 10:30:00,30.020,30.100,29.740,30.030,9449432
2025-10-30 11:00:00,30.040,30.250,29.910,30.080,4491410
2025-10-30 11:30:00,30.080,30.190,29.970,30.060,2849525
2025-10-30 13:30:00,30.080,30.390,29.680,29.960,8807543
2025-10-30 14:00:00,29.960,30.120,29.900,30.040,4146006
2025-10-30 14:30:00,30.040,30.150,29.840,29.860,3981959
2025-10-30 15:00:00,29.850,29.930,29.720,29.730,9603854
2025-10-31 10:00:00,30.000,30.250,29.610,29.990,21603303
2025-10-31 10:30:00,29.980,30.350,29.790,29.810,11300099
2025-10-31 11:00:00,29.810,29.860,29.630,29.760,7573603
2025-10-31 11:30:00,29.760,29.770,29.520,29.560,5896619
2025-10-31 13:30:00,29.560,29.600,29.380,29.520,6423196
2025-10-31 14:00:00,29.530,29.680,29.370,29.420,5238300
2025-10-31 14:30:00,29.420,29.550,29.390,29.470,4127554
2025-10-31 15:00:00,29.470,29.500,29.400,29.430,6667496
2025-11-03 10:00:00,29.350,29.450,28.710,29.350,13876123
2025-11-03 10:30:00,29.320,29.960,29.200,29.400,12010119
2025-11-03 11:00:00,29.400,29.760,29.350,29.610,5799850
2025-11-03 11:30:00,29.600,29.620,29.250,29.300,2911300
2025-11-03 13:30:00,29.300,29.550,29.210,29.460,3445570
2025-11-03 14:00:00,29.450,29.580,29.420,29.550,2887200
2025-11-03 14:30:00,29.530,29.750,29.490,29.520,4437600
2025-11-03 15:00:00,29.510,29.580,29.480,29.570,4073750
2025-11-04 10:00:00,29.850,29.850,28.880,28.920,11689025
2025-11-04 10:30:00,28.910,28.920,28.560,28.570,11436700
2025-11-04 11:00:00,28.580,28.650,28.370,28.590,7417615
2025-11-04 11:30:00,28.580,28.600,28.400,28.450,3051193
2025-11-04 13:30:00,28.460,28.550,28.330,28.400,3641500
2025-11-04 14:00:00,28.400,28.440,28.350,28.400,3169400
2025-11-04 14:30:00,28.410,28.420,28.100,28.140,5981699
2025-11-04 15:00:00,28.130,28.620,28.110,28.590,9007401
2025-11-05 10:00:00,27.800,28.330,27.720,28.120,13101455
2025-11-05 10:30:00,28.110,28.300,28.050,28.120,3042686
2025-11-05 11:00:00,28.110,28.170,27.900,27.920,3858400
2025-11-05 11:30:00,27.920,28.500,27.910,28.410,3775236
2025-11-05 13:30:00,28.400,28.630,28.400,28.460,3656099
2025-11-05 14:00:00,28.460,28.600,28.410,28.430,2911300
2025-11-05 14:30:00,28.430,28.700,28.430,28.660,3424840
2025-11-05 15:00:00,28.670,28.730,28.510,28.530,4395254
2025-11-06 10:00:00,28.630,28.790,28.530,28.700,7888387
2025-11-06 10:30:00,28.700,29.070,28.610,29.020,7369310
2025-11-06 11:00:00,29.020,29.130,28.940,29.020,4687781
2025-11-06 11:30:00,28.990,29.100,28.880,28.910,2464250
2025-11-06 13:30:00,28.950,31.250,28.910,30.840,39460837
2025-11-06 14:00:00,30.820,32.020,30.790,31.080,48357413
2025-11-06 14:30:00,31.080,31.790,30.990,31.270,19071444
2025-11-06 15:00:00,31.280,31.300,31.070,31.270,20572555
2025-11-07 10:00:00,31.310,31.700,30.950,31.110,40915263
2025-11-07 10:30:00,31.120,31.950,31.070,31.940,21122741
2025-11-07 11:00:00,31.950,31.990,31.470,31.580,12079600
2025-11-07 11:30:00,31.580,31.690,31.280,31.370,5759249
2025-11-07 13:30:00,31.370,32.220,31.370,31.420,19702055
2025-11-07 14:00:00,31.420,31.530,31.160,31.280,10760052
2025-11-07 14:30:00,31.270,31.350,31.120,31.150,7458358
2025-11-07 15:00:00,31.140,31.240,31.100,31.120,12759308
2025-11-10 10:00:00,31.050,31.200,29.860,29.880,39478066
2025-11-10 10:30:00,29.880,29.900,29.380,29.590,21896705
2025-11-10 11:00:00,29.560,29.620,29.350,29.390,9025053
2025-11-10 11:30:00,29.390,29.400,29.170,29.250,8543100
2025-11-10 13:30:00,29.260,29.740,29.150,29.620,8775100
2025-11-10 14:00:00,29.630,29.680,29.260,29.320,9314474
2025-11-10 14:30:00,29.320,29.650,29.290,29.600,5500662
2025-11-10 15:00:00,29.590,29.850,29.580,29.850,11047671
2025-11-11 10:00:00,29.940,30.000,29.510,29.870,18148914
2025-11-11 10:30:00,29.850,29.940,29.460,29.470,8388574
2025-11-11 11:00:00,29.460,29.530,29.190,29.190,8151100
2025-11-11 11:30:00,29.200,29.260,29.030,29.100,7212772
2025-11-11 13:30:00,29.110,29.200,28.800,28.850,9078088
2025-11-11 14:00:00,28.850,29.020,28.810,28.890,5284479
2025-11-11 14:30:00,28.880,29.030,28.840,28.970,5313200
2025-11-11 15:00:00,28.960,28.980,28.770,28.800,11025566
2025-11-12 10:00:00,28.800,29.920,28.700,29.650,26918951
2025-11-12 10:30:00,29.640,30.180,29.470,29.570,19199979
2025-11-12 11:00:00,29.570,29.970,29.310,29.390,6898330
2025-11-12 11:30:00,29.390,29.850,29.290,29.560,5997750
2025-11-12 13:30:00,29.560,29.750,29.360,29.600,4943650
2025-11-12 14:00:00,29.600,30.100,29.480,29.830,11175256
2025-11-12 14:30:00,29.830,30.090,29.800,29.900,7884447
2025-11-12 15:00:00,29.910,30.050,29.800,29.830,10117224
2025-11-13 10:00:00,29.570,29.860,28.960,29.170,22286209
2025-11-13 10:30:00,29.160,29.380,29.060,29.290,6391700
2025-11-13 11:00:00,29.290,29.350,29.130,29.290,4320696
2025-11-13 11:30:00,29.290,29.520,29.200,29.520,3864820
2025-11-13 13:30:00,29.520,29.550,29.250,29.310,4292629
2025-11-13 14:00:00,29.310,29.360,29.100,29.120,5633000
2025-11-13 14:30:00,29.120,29.220,29.010,29.060,6505770
2025-11-13 15:00:00,29.050,29.300,29.040,29.160,9812862
2025-11-14 10:00:00,28.800,28.820,28.230,28.340,19216426
2025-11-14 10:30:00,28.340,28.550,28.300,28.490,5783121
2025-11-14 11:00:00,28.490,28.540,28.200,28.210,7853269
2025-11-14 11:30:00,28.200,28.230,28.090,28.120,7479965
2025-11-14 13:30:00,28.120,28.170,28.060,28.120,4722500
2025-11-14 14:00:00,28.110,28.120,28.050,28.090,3996200
2025-11-14 14:30:00,28.080,28.140,27.930,27.990,8107823
2025-11-14 15:00:00,27.980,28.020,27.880,27.900,11299474
2025-11-17 10:00:00,27.660,28.050,27.550,27.580,12539058
2025-11-17 10:30:00,27.580,27.730,27.500,27.590,6197382
2025-11-17 11:00:00,27.580,27.680,27.490,27.500,7661475
2025-11-17 11:30:00,27.500,27.520,27.000,27.120,14361398
2025-11-17 13:30:00,27.120,27.240,27.000,27.120,9445231
2025-11-17 14:00:00,27.120,27.120,26.850,26.920,10516155
2025-11-17 14:30:00,26.920,27.120,26.850,27.010,6738900
2025-11-17 15:00:00,27.010,27.230,26.990,27.230,7466800
2025-11-18 10:00:00,27.140,27.200,26.880,27.130,9434637
2025-11-18 10:30:00,27.130,27.260,27.000,27.190,7747500
2025-11-18 11:00:00,27.190,27.280,27.000,27.010,6127963
2025-11-18 11:30:00,27.010,27.070,26.980,27.050,3645966
2025-11-18 13:30:00,27.050,27.160,26.920,26.960,3618000
2025-11-18 14:00:00,26.950,27.030,26.890,26.900,4662800
2025-11-18 14:30:00,26.900,26.900,26.660,26.750,9974195
2025-11-18 15:00:00,26.740,27.010,26.740,26.980,6252415
2025-11-19 10:00:00,27.060,27.170,26.700,26.820,9556708
2025-11-19 10:30:00,26.820,26.850,26.530,26.600,6634928
2025-11-19 11:00:00,26.610,26.930,26.610,26.660,4664750
2025-11-19 11:30:00,26.660,26.680,26.500,26.500,4293950
2025-11-19 13:30:00,26.500,26.560,26.420,26.450,4206800
2025-11-19 14:00:00,26.460,26.750,26.450,26.740,3893289
2025-11-19 14:30:00,26.730,26.740,26.510,26.670,3950500
2025-11-19 15:00:00,26.670,26.690,26.530,26.550,6912946
2025-11-20 10:00:00,26.890,27.010,26.700,26.860,10973926
2025-11-20 10:30:00,26.870,26.890,26.710,26.720,3710249
2025-11-20 11:00:00,26.720,26.850,26.600,26.680,3594502
2025-11-20 11:30:00,26.670,26.760,26.610,26.670,1580089
2025-11-20 13:30:00,26.670,26.730,26.600,26.610,1938300
2025-11-20 14:00:00,26.610,26.720,26.510,26.720,2670160
2025-11-20 14:30:00,26.710,26.770,26.570,26.620,2800966
2025-11-20 15:00:00,26.610,26.740,26.560,26.570,5281528
2025-11-21 10:00:00,26.500,26.500,25.960,26.080,15184427
2025-11-21 10:30:00,26.090,26.280,26.050,26.160,5415200
2025-11-21 11:00:00,26.140,26.150,25.860,25.990,6849700
2025-11-21 11:30:00,25.990,26.320,25.850,26.190,5975699
2025-11-21 13:30:00,26.190,26.790,26.190,26.420,8125300
2025-11-21 14:00:00,26.410,26.750,26.400,26.490,6246745
2025-11-21 14:30:00,26.480,26.530,26.310,26.330,3182900
2025-11-21 15:00:00,26.330,26.380,26.140,26.240,6187300
2025-11-24 10:00:00,26.630,26.770,26.050,26.240,13070342
2025-11-24 10:30:00,26.240,26.360,26.050,26.300,5555700
2025-11-24 11:00:00,26.300,26.500,26.170,26.190,3942532
2025-11-24 11:30:00,26.190,26.250,26.100,26.140,2923777
2025-11-24 13:30:00,26.140,26.390,26.060,26.340,4832152
2025-11-24 14:00:00,26.340,26.660,26.320,26.520,6791610
2025-11-24 14:30:00,26.520,26.690,26.440,26.660,4884529
2025-11-24 15:00:00,26.660,26.690,26.420,26.500,8040125
2025-11-25 10:00:00,26.770,27.450,26.620,27.400,25827911
2025-11-25 10:30:00,27.400,27.610,27.400,27.570,12968960
2025-11-25 11:00:00,27.570,27.700,27.340,27.340,6816392
2025-11-25 11:30:00,27.330,27.460,27.280,27.390,3522773
2025-11-25 13:30:00,27.390,27.430,27.100,27.100,5376297
2025-11-25 14:00:00,27.100,27.200,27.060,27.180,2881843
2025-11-25 14:30:00,27.180,27.200,27.010,27.140,3706100
2025-11-25 15:00:00,27.130,27.190,27.130,27.140,5693220
2025-11-26 10:00:00,27.150,27.630,26.800,27.480,15718700
2025-11-26 10:30:00,27.470,27.520,27.240,27.400,6393523
2025-11-26 11:00:00,27.390,27.850,27.250,27.810,9582735
2025-11-26 11:30:00,27.790,27.970,27.500,27.900,12862305
2025-11-26 13:30:00,27.900,27.910,27.640,27.720,5436599
2025-11-26 14:00:00,27.710,27.720,27.500,27.510,4137800
2025-11-26 14:30:00,27.510,27.530,27.390,27.490,3801100
2025-11-26 15:00:00,27.480,27.500,27.200,27.470,8764860
2025-11-27 10:00:00,27.700,28.080,27.500,27.830,17189173
2025-11-27 10:30:00,27.840,27.980,27.740,27.780,9147225
2025-11-27 11:00:00,27.760,27.900,27.580,27.650,5955047
2025-11-27 11:30:00,27.660,27.700,27.520,27.540,3159475
2025-11-27 13:30:00,27.540,27.570,27.410,27.520,4029032
2025-11-27 14:00:00,27.530,27.540,27.250,27.350,4759371
2025-11-27 14:30:00,27.350,27.350,27.190,27.260,4182066
2025-11-27 15:00:00,27.250,27.260,27.090,27.180,7191710
2025-11-28 10:00:00,27.180,27.520,27.000,27.050,11778385
2025-11-28 10:30:00,27.050,27.720,27.000,27.500,12829601
2025-11-28 11:00:00,27.500,27.750,27.450,27.510,7852100
2025-11-28 11:30:00,27.500,27.750,27.480,27.580,5533255
2025-11-28 13:30:00,27.590,27.750,27.460,27.490,5325326
2025-11-28 14:00:00,27.480,27.550,27.410,27.440,3042500
2025-11-28 14:30:00,27.440,27.520,27.380,27.460,3545600
2025-11-28 15:00:00,27.470,27.530,27.420,27.500,5446629
2025-12-01 10:00:00,27.660,28.130,27.480,28.000,20404996
2025-12-01 10:30:00,27.990,28.370,27.930,28.360,16854405
2025-12-01 11:00:00,28.360,28.950,28.250,28.940,21409889
2025-12-01 11:30:00,28.950,29.150,28.780,28.970,16155888
2025-12-01 13:30:00,28.970,29.100,28.550,28.570,9947124
2025-12-01 14:00:00,28.570,28.650,28.450,28.530,6416918
2025-12-01 14:30:00,28.530,28.650,28.530,28.570,4330067
2025-12-01 15:00:00,28.570,28.730,28.560,28.660,10090600
2025-12-02 10:00:00,29.370,29.770,29.000,29.480,58154743
2025-12-02 10:30:00,29.460,29.550,29.050,29.160,15071489
2025-12-02 11:00:00,29.140,29.160,28.880,29.040,8291095
2025-12-02 11:30:00,29.030,29.050,28.800,28.850,4763575
2025-12-02 13:30:00,28.840,28.950,28.700,28.730,5890600
2025-12-02 14:00:00,28.710,28.940,28.680,28.930,4728125
2025-12-02 14:30:00,28.920,29.000,28.840,28.950,3806374
2025-12-02 15:00:00,28.950,29.030,28.860,28.970,8791922
2025-12-03 10:00:00,28.980,28.990,28.420,28.470,23504344
2025-12-03 10:30:00,28.480,28.700,28.430,28.430,7906780
2025-12-03 11:00:00,28.450,28.470,28.260,28.330,7813900
2025-12-03 11:30:00,28.330,28.490,28.260,28.410,4011837
2025-12-03 13:30:00,28.410,28.470,28.250,28.270,4300100
2025-12-03 14:00:00,28.270,28.280,28.180,28.200,5308900
2025-12-03 14:30:00,28.210,28.210,28.090,28.170,6133122
2025-12-03 15:00:00,28.170,28.270,28.120,28.220,6475869
2025-12-04 10:00:00,28.890,28.990,28.040,28.060,20574616
2025-12-04 10:30:00,28.060,28.430,27.830,28.330,10377283
2025-12-04 11:00:00,28.330,28.570,28.110,28.370,7040880
2025-12-04 11:30:00,28.370,28.440,28.160,28.350,3583200
2025-12-04 13:30:00,28.330,28.490,28.170,28.280,4484200
2025-12-04 14:00:00,28.280,28.300,28.210,28.230,1961500
2025-12-04 14:30:00,28.240,28.350,28.220,28.280,2552100
2025-12-04 15:00:00,28.280,28.330,28.230,28.320,5585101
2025-12-05 10:00:00,28.300,28.530,28.130,28.350,11575599
2025-12-05 10:30:00,28.360,28.440,28.160,28.340,5759900
2025-12-05 11:00:00,28.340,28.880,28.320,28.690,11354582
2025-12-05 11:30:00,28.700,28.900,28.640,28.740,5311391
2025-12-05 13:30:00,28.730,29.330,28.720,29.000,13020964
2025-12-05 14:00:00,29.000,29.020,28.800,28.930,4447273
2025-12-05 14:30:00,28.940,29.100,28.890,28.990,5028235
2025-12-05 15:00:00,28.980,28.990,28.800,28.860,8163478
2025-12-08 10:00:00,29.130,29.260,28.370,29.170,22172319
2025-12-08 10:30:00,29.170,29.450,29.100,29.170,13757300
2025-12-08 11:00:00,29.180,29.470,29.130,29.410,7452455
2025-12-08 11:30:00,29.410,29.510,29.210,29.510,6840818
2025-12-08 13:30:00,29.510,29.570,29.260,29.420,7894831
2025-12-08 14:00:00,29.420,29.460,29.190,29.200,5905411
2025-12-08 14:30:00,29.190,29.500,29.150,29.440,7091920
2025-12-08 15:00:00,29.430,29.520,29.350,29.380,10207597
2025-12-09 10:00:00,29.220,29.480,29.080,29.400,13951128
2025-12-09 10:30:00,29.410,29.650,29.130,29.140,10424421
2025-12-09 11:00:00,29.160,29.350,29.010,29.200,5783830
2025-12-09 11:30:00,29.190,29.460,29.170,29.380,3971134
2025-12-09 13:30:00,29.380,29.380,29.120,29.160,4483200
2025-12-09 14:00:00,29.160,29.240,29.040,29.060,4263700
2025-12-09 14:30:00,29.070,29.250,29.030,29.220,3138600
2025-12-09 15:00:00,29.210,29.350,29.200,29.260,5902491
2025-12-10 10:00:00,29.110,29.230,28.390,28.540,17452902
2025-12-10 10:30:00,28.540,28.680,28.350,28.520,7673100
2025-12-10 11:00:00,28.530,28.840,28.470,28.710,4580500
2025-12-10 11:30:00,28.710,28.780,28.600,28.670,2925900
2025-12-10 13:30:00,28.660,28.790,28.440,28.500,3709500
2025-12-10 14:00:00,28.520,28.690,28.490,28.540,3967400
2025-12-10 14:30:00,28.550,28.900,28.520,28.850,5680652
2025-12-10 15:00:00,28.850,28.940,28.850,28.900,5362354
2025-12-11 10:00:00,31.000,32.000,30.840,31.780,132653599
2025-12-11 10:30:00,31.760,32.780,31.530,31.620,48546186
2025-12-11 11:00:00,31.620,31.990,31.260,31.450,15740805
2025-12-11 11:30:00,31.450,31.550,31.060,31.210,8611400
2025-12-11 13:30:00,31.200,31.530,31.080,31.140,9286090
2025-12-11 14:00:00,31.140,31.300,30.990,31.060,7652546
2025-12-11 14:30:00,31.060,31.110,30.850,30.900,9817207
2025-12-11 15:00:00,30.910,31.070,30.630,30.650,22459511
2025-12-12 10:00:00,30.260,30.400,29.080,29.380,74051556
2025-12-12 10:30:00,29.380,29.550,29.030,29.450,24550458
2025-12-12 11:00:00,29.470,29.910,29.390,29.760,14917670
2025-12-12 11:30:00,29.760,30.180,29.760,29.910,12661610
2025-12-12 13:30:00,29.900,29.990,29.720,29.890,7666804
2025-12-12 14:00:00,29.880,29.940,29.740,29.860,7431300
2025-12-12 14:30:00,29.860,30.250,29.800,30.090,10532887
2025-12-12 15:00:00,30.090,30.120,29.850,30.000,15116551
2025-12-15 10:00:00,29.310,29.820,29.110,29.500,23581876
2025-12-15 10:30:00,29.500,29.500,29.170,29.310,12067789
2025-12-15 11:00:00,29.350,29.530,29.240,29.260,5953200
2025-12-15 11:30:00,29.260,29.280,29.040,29.130,8547997
2025-12-15 13:30:00,29.130,29.210,28.950,28.980,7972377
2025-12-15 14:00:00,28.990,29.170,28.950,29.140,4929603
2025-12-15 14:30:00,29.140,29.160,28.990,29.050,4005230
2025-12-15 15:00:00,29.060,29.140,28.980,29.000,9500429
2025-12-16 10:00:00,28.880,29.240,28.580,28.830,14495915
2025-12-16 10:30:00,28.820,28.870,28.610,28.810,7070500
2025-12-16 11:00:00,28.810,28.880,28.600,28.860,5680941
2025-12-16 11:30:00,28.860,29.200,28.790,29.040,12592162
2025-12-16 13:30:00,29.040,29.060,28.650,28.710,5908761
2025-12-16 14:00:00,28.710,28.940,28.680,28.790,3889500
2025-12-16 14:30:00,28.790,29.050,28.750,28.850,3847500
2025-12-16 15:00:00,28.850,28.880,28.750,28.790,6962619
2025-12-17 10:00:00,28.800,29.800,28.800,29.320,29217082
2025-12-17 10:30:00,29.310,29.410,29.120,29.380,8093261
2025-12-17 11:00:00,29.370,29.460,29.250,29.380,4523881
2025-12-17 11:30:00,29.370,29.440,29.210,29.320,2804200
2025-12-17 13:30:00,29.330,29.380,29.230,29.270,3190800
2025-12-17 14:00:00,29.270,29.660,29.220,29.650,8686909
2025-12-17 14:30:00,29.660,29.870,29.580,29.650,14526319
2025-12-17 15:00:00,29.640,29.760,29.600,29.650,11422916
2025-12-18 10:00:00,29.140,29.360,29.000,29.270,18861317
2025-12-18 10:30:00,29.270,29.280,28.980,29.070,10440600
2025-12-18 11:00:00,29.060,29.080,28.830,28.900,7217809
2025-12-18 11:30:00,28.900,28.990,28.850,28.870,3459000
2025-12-18 13:30:00,28.860,29.020,28.810,28.960,4197100
2025-12-18 14:00:00,28.970,28.970,28.700,28.730,6689892
2025-12-18 14:30:00,28.720,28.810,28.610,28.660,5525608
2025-12-18 15:00:00,28.660,28.740,28.570,28.590,10384059
2025-12-19 10:00:00,28.810,28.980,28.710,28.800,10560552
2025-12-19 10:30:00,28.800,29.000,28.630,28.910,7301967
2025-12-19 11:00:00,28.910,28.950,28.760,28.860,3790300
2025-12-19 11:30:00,28.860,28.990,28.750,28.900,2937798
2025-12-19 13:30:00,28.900,28.930,28.700,28.730,4915232
2025-12-19 14:00:00,28.730,28.800,28.600,28.660,4087318
2025-12-19 14:30:00,28.660,28.820,28.630,28.790,3234879
2025-12-19 15:00:00,28.790,28.850,28.660,28.710,7138686
2025-12-22 10:00:00,28.950,29.200,28.800,28.970,13166578
2025-12-22 10:30:00,28.980,29.140,28.750,28.800,9342500
2025-12-22 11:00:00,28.800,28.850,28.680,28.710,8138200
2025-12-22 11:30:00,28.710,28.870,28.650,28.810,6065242
2025-12-22 13:30:00,28.780,28.880,28.680,28.830,7096482
2025-12-22 14:00:00,28.810,28.980,28.790,28.900,4729080
2025-12-22 14:30:00,28.890,29.050,28.870,28.950,4874712
2025-12-22 15:00:00,28.950,28.960,28.790,28.880,7084573
2025-12-23 10:00:00,28.820,28.850,28.280,28.600,17810713
2025-12-23 10:30:00,28.600,28.620,28.310,28.380,10548899
2025-12-23 11:00:00,28.370,28.470,28.280,28.440,10151100
2025-12-23 11:30:00,28.450,28.640,28.450,28.550,4103500
2025-12-23 13:30:00,28.560,28.560,28.380,28.450,3777300
2025-12-23 14:00:00,28.440,28.700,28.440,28.510,4740000
2025-12-23 14:30:00,28.500,28.570,28.400,28.410,4477885
2025-12-23 15:00:00,28.420,28.440,28.330,28.440,9071824
2025-12-24 10:00:00,28.430,28.950,28.390,28.680,15293525
2025-12-24 10:30:00,28.680,28.820,28.630,28.770,4816567
2025-12-24 11:00:00,28.770,28.830,28.630,28.670,4058700
2025-12-24 11:30:00,28.670,28.800,28.610,28.730,3310539
2025-12-24 13:30:00,28.730,29.080,28.720,29.000,12761767
2025-12-24 14:00:00,29.000,29.140,28.870,28.920,8925550
2025-12-24 14:30:00,28.930,29.010,28.910,28.970,5762657
2025-12-24 15:00:00,28.970,29.000,28.880,28.980,8484720
2025-12-25 10:00:00,28.800,28.860,28.480,28.660,17244355
2025-12-25 10:30:00,28.660,29.340,28.550,29.130,19930676
2025-12-25 11:00:00,29.130,29.130,28.960,28.970,5346698
2025-12-25 11:30:00,28.980,29.120,28.910,29.100,3594900
2025-12-25 13:30:00,29.110,29.220,29.020,29.170,5420686
2025-12-25 14:00:00,29.180,29.470,29.130,29.300,11009266
2025-12-25 14:30:00,29.290,29.350,29.150,29.260,5906276
2025-12-25 15:00:00,29.250,29.270,29.170,29.220,7770088
2025-12-26 10:00:00,29.000,29.030,28.710,28.820,14850243
2025-12-26 10:30:00,28.820,28.940,28.790,28.880,6118524
2025-12-26 11:00:00,28.880,29.040,28.800,28.910,5103387
2025-12-26 11:30:00,28.910,28.970,28.500,28.630,13265776
2025-12-26 13:30:00,28.620,28.720,28.550,28.640,5116000
2025-12-26 14:00:00,28.640,28.720,28.620,28.650,3956400
2025-12-26 14:30:00,28.650,28.720,28.560,28.610,4840206
2025-12-26 15:00:00,28.610,28.720,28.570,28.710,6724664
2025-12-29 10:00:00,28.660,28.700,28.450,28.480,12058608
2025-12-29 10:30:00,28.470,28.700,28.380,28.610,8471417
2025-12-29 11:00:00,28.620,28.850,28.560,28.850,8344558
2025-12-29 11:30:00,28.850,28.930,28.690,28.690,4337601
2025-12-29 13:30:00,28.700,28.700,28.460,28.530,4562142
2025-12-29 14:00:00,28.530,28.620,28.500,28.530,2749700
2025-12-29 14:30:00,28.540,28.560,28.430,28.450,3907886
2025-12-29 15:00:00,28.450,28.560,28.400,28.500,6834053
2025-12-30 10:00:00,28.330,29.650,27.920,29.100,42689643
2025-12-30 10:30:00,29.090,29.180,28.890,28.900,8390898
2025-12-30 11:00:00,28.900,28.990,28.860,28.920,4177300
2025-12-30 11:30:00,28.920,28.960,28.760,28.870,3737750
2025-12-30 13:30:00,28.870,29.790,28.870,29.580,25836944
2025-12-30 14:00:00,29.590,29.790,29.530,29.620,19104622
2025-12-30 14:30:00,29.640,29.720,29.580,29.650,9111680
2025-12-30 15:00:00,29.640,29.700,29.530,29.660,13731894
2025-12-31 10:00:00,30.050,30.240,29.500,30.040,37849722
2025-12-31 10:30:00,30.020,30.450,29.850,30.110,18360790
2025-12-31 11:00:00,30.120,30.390,30.010,30.240,9991861
2025-12-31 11:30:00,30.240,30.280,29.890,29.970,8610100
2025-12-31 13:30:00,29.970,30.000,29.780,29.970,6627204
2025-12-31 14:00:00,29.970,30.280,29.900,30.070,6219353
2025-12-31 14:30:00,30.070,30.210,30.050,30.140,5795685
2025-12-31 15:00:00,30.140,30.400,30.090,30.270,19493079
2026-01-05 10:00:00,30.660,33.900,30.650,32.510,94985974
2026-01-05 10:30:00,32.510,33.100,32.450,32.580,25715377
2026-01-05 11:00:00,32.570,32.630,31.980,31.990,18432995
2026-01-05 11:30:00,31.990,32.260,31.900,32.020,13683309
2026-01-05 13:30:00,32.030,32.150,31.660,31.720,13669387
2026-01-05 14:00:00,31.710,32.200,31.650,32.040,10746827
2026-01-05 14:30:00,32.040,32.050,31.900,31.980,8011688
2026-01-05 15:00:00,31.980,32.100,31.820,32.040,18351166
2026-01-06 10:00:00,32.760,32.770,32.130,32.270,42820390
2026-01-06 10:30:00,32.280,32.460,32.000,32.090,17575944
2026-01-06 11:00:00,32.100,32.160,31.800,32.000,15012052
2026-01-06 11:30:00,31.980,32.230,31.910,32.170,8896597
2026-01-06 13:30:00,32.170,34.470,32.160,34.100,64159343
2026-01-06 14:00:00,34.080,35.000,33.850,33.970,37390383
2026-01-06 14:30:00,33.970,34.010,33.780,33.850,10377886
2026-01-06 15:00:00,33.850,33.970,33.700,33.930,14978555
2026-01-07 10:00:00,34.300,34.480,33.200,33.640,64341362
2026-01-07 10:30:00,33.640,34.680,33.620,33.930,31231070
2026-01-07 11:00:00,33.920,34.080,33.720,34.000,11939373
2026-01-07 11:30:00,33.990,34.170,33.790,33.800,9504980
2026-01-07 13:30:00,33.800,33.870,33.180,33.230,22176645
2026-01-07 14:00:00,33.230,33.500,33.050,33.430,15791169
2026-01-07 14:30:00,33.430,33.900,33.420,33.870,11375742
2026-01-07 15:00:00,33.880,34.020,33.800,34.010,17755998
2026-01-08 10:00:00,33.500,33.520,32.650,32.980,52546076
2026-01-08 10:30:00,32.960,33.120,32.600,33.060,23949741
2026-01-08 11:00:00,33.060,34.470,32.990,33.680,28404908
2026-01-08 11:30:00,33.680,35.190,33.600,34.260,39417966
2026-01-08 13:30:00,34.260,34.610,33.960,34.230,19114500
2026-01-08 14:00:00,34.230,34.330,33.830,34.040,11093546
2026-01-08 14:30:00,34.040,34.090,33.650,34.070,9334371
2026-01-08 15:00:00,34.050,34.110,33.760,33.900,14514274
2026-01-09 10:00:00,33.700,36.370,33.400,36.330,89158500
2026-01-09 10:30:00,36.330,38.880,36.040,38.620,68733889
2026-01-09 11:00:00,38.620,40.050,38.030,39.270,55894978
2026-01-09 11:30:00,39.300,39.330,38.010,38.020,27570814
2026-01-09 13:30:00,38.050,38.600,37.900,38.400,19599147
2026-01-09 14:00:00,38.410,38.830,38.190,38.330,11802601
2026-01-09 14:30:00,38.320,38.820,38.250,38.760,11614047
2026-01-09 15:00:00,38.760,38.900,38.500,38.690,22293842
2026-01-12 10:00:00,40.510,42.200,40.140,42.190,131216681
2026-01-12 10:30:00,42.170,43.440,41.420,41.440,50040812
2026-01-12 11:00:00,41.430,42.100,41.110,41.810,27033984
2026-01-12 11:30:00,41.810,42.300,41.500,42.010,13052476
2026-01-12 13:30:00,42.010,42.500,41.760,42.030,17493050
2026-01-12 14:00:00,42.020,42.800,41.900,42.760,11762238
2026-01-12 14:30:00,42.770,42.850,42.200,42.540,12272106
2026-01-12 15:00:00,42.530,43.100,42.360,42.660,24822336
2026-01-13 10:00:00,42.390,42.390,39.500,40.880,109411973
2026-01-13 10:30:00,40.890,41.080,39.520,39.610,48261556
2026-01-13 11:00:00,39.610,39.610,39.100,39.270,32891390
2026-01-13 11:30:00,39.270,40.680,39.250,39.890,19672258
2026-01-13 13:30:00,39.900,40.340,39.380,39.520,10831697
2026-01-13 14:00:00,39.520,39.800,39.380,39.580,8358077
2026-01-13 14:30:00,39.580,39.580,39.080,39.080,13201600
2026-01-13 15:00:00,39.090,39.410,38.860,39.180,25403433
2026-01-14 10:00:00,39.550,39.800,38.800,39.030,44327521
2026-01-14 10:30:00,39.040,40.370,38.990,40.190,37640905
2026-01-14 11:00:00,40.190,40.250,39.740,39.970,17843773
2026-01-14 11:30:00,39.970,40.060,39.700,39.900,10252796
2026-01-14 13:30:00,39.900,39.950,38.380,38.890,31646976
2026-01-14 14:00:00,38.870,39.060,38.020,38.030,21353335
2026-01-14 14:30:00,38.020,38.770,38.000,38.590,16193724
2026-01-14 15:00:00,38.590,38.720,37.990,38.370,22741202
2026-01-15 10:00:00,39.000,39.850,38.040,38.210,66649617
2026-01-15 10:30:00,38.210,38.600,38.010,38.090,17027731
2026-01-15 11:00:00,38.100,38.300,38.030,38.080,9676700
2026-01-15 11:30:00,38.080,38.700,38.060,38.250,9369600
2026-01-15 13:30:00,38.250,38.480,37.900,38.350,10305263
2026-01-15 14:00:00,38.350,38.460,38.010,38.220,8129335
2026-01-15 14:30:00,38.220,38.280,38.010,38.180,8494696
2026-01-15 15:00:00,38.190,38.430,38.020,38.410,15496599
2026-01-16 10:00:00,38.600,39.880,38.500,39.190,59005641
2026-01-16 10:30:00,39.190,39.670,38.930,39.240,20858539
2026-01-16 11:00:00,39.250,39.870,39.130,39.720,17060409
2026-01-16 11:30:00,39.720,40.120,39.400,40.040,18200484
2026-01-16 13:30:00,40.040,40.100,39.510,39.710,12969895
2026-01-16 14:00:00,39.710,39.770,39.050,39.280,12491145
2026-01-16 14:30:00,39.260,39.340,39.100,39.280,8793063
2026-01-16 15:00:00,39.270,39.300,39.100,39.220,14750996
2026-01-19 10:00:00,39.000,40.950,38.450,40.570,54196807
2026-01-19 10:30:00,40.570,40.800,40.080,40.380,18492592
2026-01-19 11:00:00,40.380,40.680,39.780,40.530,13789793
2026-01-19 11:30:00,40.530,40.550,39.950,39.960,7571872
2026-01-19 13:30:00,39.990,40.600,39.960,40.260,8556069
2026-01-19 14:00:00,40.250,40.350,39.900,39.970,7907979
2026-01-19 14:30:00,39.960,40.000,39.590,39.640,10169400
2026-01-19 15:00:00,39.640,39.730,39.540,39.710,11271115
2026-01-20 10:00:00,39.800,40.380,39.190,39.350,30268923
2026-01-20 10:30:00,39.350,39.510,38.510,38.700,26731912
2026-01-20 11:00:00,38.690,39.000,38.500,38.550,11908400
2026-01-20 11:30:00,38.540,38.870,38.400,38.480,8481800
2026-01-20 13:30:00,38.480,38.650,38.200,38.500,9651956
2026-01-20 14:00:00,38.500,38.620,38.300,38.310,6116357
2026-01-20 14:30:00,38.310,38.340,38.010,38.060,12499309
2026-01-20 15:00:00,38.070,38.400,37.730,38.380,18102951
2026-01-21 10:00:00,37.950,38.730,37.660,38.300,25027508
2026-01-21 10:30:00,38.310,38.620,38.250,38.440,12783900
2026-01-21 11:00:00,38.450,38.470,37.850,37.940,12618648
2026-01-21 11:30:00,37.940,38.330,37.920,38.070,8284424
2026-01-21 13:30:00,38.080,38.290,37.970,38.100,6825843
2026-01-21 14:00:00,38.100,38.130,37.960,38.010,8150400
2026-01-21 14:30:00,38.010,38.100,37.650,37.720,13933644
2026-01-21 15:00:00,37.710,37.870,37.660,37.750,14571285
2026-01-22 10:00:00,37.800,38.070,37.020,37.150,36780020
2026-01-22 10:30:00,37.140,37.350,36.760,36.780,25817682
2026-01-22 11:00:00,36.790,37.230,36.740,37.160,13890692
2026-01-22 11:30:00,37.160,37.160,36.870,36.960,7393530
2026-01-22 13:30:00,36.980,37.110,36.840,36.920,11335464
2026-01-22 14:00:00,36.910,37.050,36.860,36.940,5283557
2026-01-22 14:30:00,36.930,37.010,36.820,36.840,8849632
2026-01-22 15:00:00,36.840,37.100,36.800,37.060,14675465
2026-01-23 10:00:00,37.150,38.870,37.150,38.840,47277390
2026-01-23 10:30:00,38.850,39.980,38.820,39.300,51888609
2026-01-23 11:00:00,39.310,40.760,39.160,40.450,34217339
2026-01-23 11:30:00,40.450,40.560,39.800,39.870,12253531
2026-01-23 13:30:00,39.880,42.380,39.880,41.810,47136041
2026-01-23 14:00:00,41.800,42.280,41.630,42.200,23171855
2026-01-23 14:30:00,42.190,42.500,41.850,42.310,21237889
2026-01-23 15:00:00,42.310,42.600,41.840,42.600,35172096
2026-01-26 10:00:00,42.100,42.100,39.400,39.720,86414822
2026-01-26 10:30:00,39.720,39.760,39.260,39.300,29171921
2026-01-26 11:00:00,39.300,39.330,38.720,38.740,25715315
2026-01-26 11:30:00,38.750,39.200,38.650,39.000,11336508
2026-01-26 13:30:00,39.010,39.140,38.820,38.840,9956959
2026-01-26 14:00:00,38.850,38.860,38.500,38.650,12720034
2026-01-26 14:30:00,38.640,39.080,38.350,38.990,14343425
2026-01-26 15:00:00,39.000,39.300,38.830,38.930,15469239
2026-01-27 10:00:00,38.550,39.250,38.350,38.810,29652697
2026-01-27 10:30:00,38.810,38.940,38.500,38.550,11657932
2026-01-27 11:00:00,38.550,39.130,38.540,38.620,10575760
2026-01-27 11:30:00,38.620,38.700,38.500,38.560,5633600
2026-01-27 13:30:00,38.550,39.080,38.510,38.890,9778647
2026-01-27 14:00:00,38.890,39.050,38.790,38.950,7340641
2026-01-27 14:30:00,38.950,39.050,38.650,38.680,9728100
2026-01-27 15:00:00,38.670,38.800,38.570,38.720,12567647
2026-01-28 10:00:00,38.990,39.250,38.380,38.490,25743904
2026-01-28 10:30:00,38.480,38.490,37.940,37.960,17330663
2026-01-28 11:00:00,37.960,38.060,37.660,37.780,13400485
2026-01-28 11:30:00,37.770,38.070,37.610,38.040,7937505
2026-01-28 13:30:00,38.020,38.320,37.780,37.780,7168549
2026-01-28 14:00:00,37.790,37.970,37.780,37.830,4493948
2026-01-28 14:30:00,37.830,38.050,37.820,37.980,4853725
2026-01-28 15:00:00,37.990,38.080,37.800,37.920,10642963
2026-01-29 10:00:00,38.050,38.440,37.360,38.000,21605859
2026-01-29 10:30:00,38.010,39.300,37.880,38.930,32959031
2026-01-29 11:00:00,38.930,39.070,38.550,38.710,12451432
2026-01-29 11:30:00,38.710,38.740,38.180,38.200,7288537
2026-01-29 13:30:00,38.200,38.420,37.960,38.000,7836900
2026-01-29 14:00:00,37.990,38.080,37.740,37.800,7237910
2026-01-29 14:30:00,37.790,37.940,37.540,37.660,8503271
2026-01-29 15:00:00,37.670,37.750,37.510,37.540,11556500
2026-01-30 10:00:00,37.000,37.000,35.500,35.830,47196398
2026-01-30 10:30:00,35.830,36.130,35.510,35.530,14853745
2026-01-30 11:00:00,35.530,36.280,35.300,36.140,12712229
2026-01-30 11:30:00,36.140,36.480,36.050,36.190,5364660
2026-01-30 13:30:00,36.180,36.770,36.110,36.620,9511871
2026-01-30 14:00:00,36.640,36.900,36.460,36.610,5693110
2026-01-30 14:30:00,36.610,36.790,36.460,36.480,5637273
2026-01-30 15:00:00,36.480,36.580,36.350,36.350,9777512
2026-02-02 10:00:00,36.020,37.150,36.020,36.780,20897345
2026-02-02 10:30:00,36.760,37.070,36.440,36.610,9246332
2026-02-02 11:00:00,36.620,36.660,36.250,36.330,5684000
2026-02-02 11:30:00,36.330,36.680,36.300,36.320,3948633
2026-02-02 13:30:00,36.330,36.780,36.290,36.350,5592600
2026-02-02 14:00:00,36.360,36.420,35.900,36.270,8682723
2026-02-02 14:30:00,36.270,36.360,35.900,35.910,6923140
2026-02-02 15:00:00,35.920,35.960,35.630,35.800,10510811
2026-02-03 10:00:00,36.400,36.740,35.970,36.570,18130218
2026-02-03 10:30:00,36.580,36.630,36.150,36.410,9808794
2026-02-03 11:00:00,36.420,36.490,36.060,36.440,7433953
2026-02-03 11:30:00,36.440,37.430,36.370,37.300,24205913
2026-02-03 13:30:00,37.290,37.420,36.950,37.400,11456803
2026-02-03 14:00:00,37.390,37.680,37.210,37.510,12077304
2026-02-03 14:30:00,37.490,37.550,37.270,37.280,7969900
2026-02-03 15:00:00,37.280,37.440,37.260,37.360,9286892
2026-02-04 10:00:00,37.100,37.580,36.900,37.300,19759492
2026-02-04 10:30:00,37.300,37.500,36.830,36.880,11339667
2026-02-04 11:00:00,36.880,37.040,36.610,36.670,7811204
2026-02-04 11:30:00,36.670,36.830,36.500,36.580,5247400
2026-02-04 13:30:00,36.580,36.780,36.250,36.570,8260600
2026-02-04 14:00:00,36.580,36.620,36.400,36.480,3773500
2026-02-04 14:30:00,36.460,36.780,36.360,36.640,5442453
2026-02-04 15:00:00,36.640,37.000,36.630,36.960,8464764
2026-02-05 10:00:00,36.510,36.510,35.530,35.550,22083694
2026-02-05 10:30:00,35.560,35.570,35.130,35.330,15954817
2026-02-05 11:00:00,35.310,35.640,35.290,35.390,5602273
2026-02-05 11:30:00,35.400,35.540,35.250,35.270,4336000
2026-02-05 13:30:00,35.240,35.470,35.170,35.450,5208399
2026-02-05 14:00:00,35.440,35.600,35.250,35.420,5484601
2026-02-05 14:30:00,35.430,35.710,35.410,35.450,4324828
2026-02-05 15:00:00,35.450,35.620,35.420,35.440,6892917
2026-02-06 10:00:00,35.000,35.430,34.590,35.060,13600995
2026-02-06 10:30:00,35.060,35.950,34.990,35.850,9151089
2026-02-06 11:00:00,35.830,36.070,35.750,35.870,8916343
2026-02-06 11:30:00,35.860,36.050,35.570,35.800,5405499
2026-02-06 13:30:00,35.790,35.930,35.620,35.660,3400561
2026-02-06 14:00:00,35.650,35.800,35.560,35.650,3687181
2026-02-06 14:30:00,35.650,35.740,35.440,35.540,4609813
2026-02-06 15:00:00,35.540,35.560,35.200,35.200,7553254
2026-02-09 10:00:00,36.000,36.060,35.330,35.500,15756999
2026-02-09 10:30:00,35.490,35.800,35.450,35.760,7511522
2026-02-09 11:00:00,35.750,35.760,35.440,35.460,5643672
2026-02-09 11:30:00,35.450,35.640,35.450,35.500,4832500
2026-02-09 13:30:00,35.500,35.560,35.300,35.430,6678667
2026-02-09 14:00:00,35.430,35.470,35.210,35.320,6445502
2026-02-09 14:30:00,35.320,35.340,35.160,35.300,6671677
2026-02-09 15:00:00,35.290,35.370,35.200,35.360,8309979
2026-02-10 10:00:00,35.220,35.600,35.170,35.230,11970075
2026-02-10 10:30:00,35.230,35.310,35.100,35.110,7955147
2026-02-10 11:00:00,35.110,35.150,34.990,35.070,6794773
2026-02-10 11:30:00,35.080,35.080,34.980,35.060,3685580
2026-02-10 13:30:00,35.050,35.250,35.040,35.090,3037900
2026-02-10 14:00:00,35.100,35.420,35.060,35.310,6032872
2026-02-10 14:30:00,35.310,35.320,35.140,35.140,2863700
2026-02-10 15:00:00,35.150,35.180,35.060,35.100,5465350
2026-02-11 10:00:00,34.950,35.220,34.770,34.900,10932875
2026-02-11 10:30:00,34.900,35.000,34.810,34.860,5538600
2026-02-11 11:00:00,34.860,34.950,34.810,34.810,4159899
2026-02-11 11:30:00,34.820,34.890,34.700,34.760,6408200
2026-02-11 13:30:00,34.760,34.910,34.540,34.570,7660528
2026-02-11 14:00:00,34.570,34.640,34.520,34.540,5360492
2026-02-11 14:30:00,34.540,34.560,34.440,34.470,7100809
2026-02-11 15:00:00,34.470,34.540,34.400,34.490,9006066
2026-02-12 10:00:00,34.490,34.830,34.400,34.830,12445271
2026-02-12 10:30:00,34.830,34.880,34.540,34.590,7194538
2026-02-12 11:00:00,34.600,34.780,34.520,34.710,3980100
2026-02-12 11:30:00,34.700,34.990,34.690,34.930,6377744
2026-02-12 13:30:00,34.930,34.950,34.680,34.710,3635200
2026-02-12 14:00:00,34.710,34.810,34.610,34.770,3961106
2026-02-12 14:30:00,34.770,34.880,34.720,34.840,4409300
2026-02-12 15:00:00,34.840,34.870,34.700,34.770,7084876
2026-02-13 10:00:00,34.540,34.830,34.310,34.750,11095001
2026-02-13 10:30:00,34.750,34.840,34.570,34.720,4977600
2026-02-13 11:00:00,34.730,34.730,34.590,34.630,3159682
2026-02-13 11:30:00,34.640,34.700,34.450,34.500,3579400
2026-02-13 13:30:00,34.500,34.620,34.410,34.410,3988000
2026-02-13 14:00:00,34.420,34.560,34.400,34.480,3206200
2026-02-13 14:30:00,34.480,34.520,34.380,34.410,3709835
2026-02-13 15:00:00,34.410,34.510,34.280,34.290,9089100
2026-02-24 10:00:00,34.730,34.840,34.060,34.360,15532380
2026-02-24 10:30:00,34.360,34.670,34.330,34.580,6147268
2026-02-24 11:00:00,34.580,34.610,34.430,34.600,3241980
2026-02-24 11:30:00,34.600,34.770,34.590,34.640,5126158
2026-02-24 13:30:00,34.640,34.650,34.370,34.390,4227534
2026-02-24 14:00:00,34.390,34.410,34.290,34.320,3591500
2026-02-24 14:30:00,34.320,34.350,34.200,34.220,5335114
2026-02-24 15:00:00,34.230,34.360,34.180,34.340,5524889
2026-02-25 10:00:00,34.290,34.370,33.950,34.020,12913551
2026-02-25 10:30:00,34.020,34.230,33.930,34.170,7875584
2026-02-25 11:00:00,34.160,34.260,34.110,34.140,6738524
2026-02-25 11:30:00,34.140,34.490,34.140,34.460,6475037
2026-02-25 13:30:00,34.470,34.680,34.370,34.630,9079991
2026-02-25 14:00:00,34.630,34.940,34.620,34.820,11669178
2026-02-25 14:30:00,34.820,34.830,34.540,34.570,5084222
2026-02-25 15:00:00,34.570,34.690,34.550,34.680,6281844
2026-02-26 10:00:00,34.980,35.870,34.880,35.490,39898218
2026-02-26 10:30:00,35.500,35.910,35.420,35.590,16048934
2026-02-26 11:00:00,35.590,35.770,35.520,35.550,6871800
2026-02-26 11:30:00,35.550,35.800,35.540,35.760,5748335
2026-02-26 13:30:00,35.760,35.800,35.610,35.730,5596225
2026-02-26 14:00:00,35.730,35.840,35.580,35.600,7264159
2026-02-26 14:30:00,35.580,35.610,35.370,35.450,7851651
2026-02-26 15:00:00,35.440,35.530,35.440,35.530,9846461
2026-02-27 10:00:00,35.280,35.300,34.580,34.740,22237549
2026-02-27 10:30:00,34.730,35.300,34.720,35.210,8650546
2026-02-27 11:00:00,35.220,35.330,35.090,35.240,5187911
2026-02-27 11:30:00,35.240,35.420,35.090,35.110,4021569
2026-02-27 13:30:00,35.100,35.200,35.000,35.170,4184757
2026-02-27 14:00:00,35.170,35.230,35.010,35.020,4397788
2026-02-27 14:30:00,35.030,35.110,35.010,35.030,3363389
2026-02-27 15:00:00,35.020,35.170,35.000,35.170,7934174
2026-03-02 10:00:00,34.130,34.800,34.050,34.580,19529016
2026-03-02 10:30:00,34.580,34.770,34.020,34.040,15086588
2026-03-02 11:00:00,34.030,34.240,33.880,34.010,10009696
2026-03-02 11:30:00,34.010,34.070,33.840,33.920,7450443
2026-03-02 13:30:00,33.920,34.250,33.900,34.040,6367581
2026-03-02 14:00:00,34.040,34.070,33.800,33.810,9745409
2026-03-02 14:30:00,33.820,33.850,33.620,33.690,11317224
2026-03-02 15:00:00,33.690,33.960,33.610,33.950,10824244
2026-03-03 10:00:00,33.930,34.220,33.180,33.210,19769292
2026-03-03 10:30:00,33.210,33.270,32.520,32.730,18381248
2026-03-03 11:00:00,32.720,33.080,32.680,33.070,5939391
2026-03-03 11:30:00,33.070,33.450,33.040,33.050,4528200
2026-03-03 13:30:00,33.050,33.140,32.840,32.910,4243519
2026-03-03 14:00:00,32.920,32.920,32.600,32.620,6529512
2026-03-03 14:30:00,32.610,32.740,32.410,32.740,9409532
2026-03-03 15:00:00,32.730,32.810,32.380,32.510,10143763
2026-03-04 10:00:00,32.070,32.680,31.720,32.410,16782750
2026-03-04 10:30:00,32.410,32.750,32.200,32.250,8297600
2026-03-04 11:00:00,32.270,32.330,31.980,31.990,6816100
2026-03-04 11:30:00,31.990,32.000,31.660,31.730,6912388
2026-03-04 13:30:00,31.730,32.150,31.680,32.010,6671070
2026-03-04 14:00:00,32.000,32.200,31.930,32.050,4386778
2026-03-04 14:30:00,32.040,32.060,31.840,31.950,4266200
2026-03-04 15:00:00,31.940,32.100,31.910,32.060,6925907
2026-03-05 10:00:00,32.700,32.950,32.450,32.580,17063366
2026-03-05 10:30:00,32.580,32.830,32.570,32.790,5224925
2026-03-05 11:00:00,32.790,32.840,32.470,32.620,5080078
2026-03-05 11:30:00,32.620,32.680,32.500,32.560,2917722
2026-03-05 13:30:00,32.550,32.570,32.410,32.500,4097100
2026-03-05 14:00:00,32.490,32.570,32.320,32.360,3693600
2026-03-05 14:30:00,32.360,32.370,32.150,32.290,4440400
2026-03-05 15:00:00,32.290,32.450,32.220,32.390,5052356
2026-03-06 10:00:00,32.220,32.340,31.960,31.970,10264400
2026-03-06 10:30:00,31.970,32.350,31.950,32.260,5162305
2026-03-06 11:00:00,32.280,32.430,32.260,32.370,3852612
2026-03-06 11:30:00,32.370,32.570,32.370,32.460,4549700
2026-03-06 13:30:00,32.460,32.560,32.280,32.290,3473000
2026-03-06 14:00:00,32.300,32.580,32.290,32.410,4020403
2026-03-06 14:30:00,32.400,32.440,32.350,32.400,4242400
2026-03-06 15:00:00,32.390,32.410,32.350,32.410,5367890
2026-03-09 10:00:00,31.700,31.700,30.640,30.650,24138939
2026-03-09 10:30:00,30.640,31.020,30.600,30.680,6728590
2026-03-09 11:00:00,30.690,30.900,30.680,30.850,5136400
2026-03-09 11:30:00,30.840,31.020,30.800,30.910,3758387
2026-03-09 13:30:00,30.900,31.220,30.820,31.170,4701482
2026-03-09 14:00:00,31.170,31.350,31.140,31.350,5205900
2026-03-09 14:30:00,31.350,31.550,31.310,31.420,4875510
2026-03-09 15:00:00,31.420,31.490,31.340,31.450,7233272
2026-03-10 10:00:00,32.010,32.630,32.000,32.340,19094603
2026-03-10 10:30:00,32.350,32.870,32.250,32.590,14128489
2026-03-10 11:00:00,32.590,32.660,32.420,32.630,4610499
2026-03-10 11:30:00,32.640,32.680,32.340,32.450,3078147
2026-03-10 13:30:00,32.460,32.600,32.340,32.510,2781350
2026-03-10 14:00:00,32.500,32.670,32.480,32.620,3835986
2026-03-10 14:30:00,32.610,32.640,32.480,32.520,3832300
2026-03-10 15:00:00,32.520,32.610,32.520,32.560,6685900
2026-03-11 10:00:00,32.440,33.290,32.360,32.780,19543594
2026-03-11 10:30:00,32.770,32.990,32.670,32.920,6630686
2026-03-11 11:00:00,32.920,33.080,32.810,32.960,5498600
2026-03-11 11:30:00,32.960,32.970,32.620,32.740,5399000
2026-03-11 13:30:00,32.740,32.750,32.500,32.500,4581000
2026-03-11 14:00:00,32.500,32.570,32.410,32.500,4734387
2026-03-11 14:30:00,32.490,32.640,32.480,32.620,2871800
2026-03-11 15:00:00,32.620,32.630,32.450,32.490,5182460
2026-03-12 10:00:00,32.330,32.790,32.200,32.430,11240469
2026-03-12 10:30:00,32.430,32.480,32.200,32.260,5254400
2026-03-12 11:00:00,32.260,32.310,31.970,32.010,6616282
2026-03-12 11:30:00,32.010,32.060,31.790,31.810,6409245
2026-03-12 13:30:00,31.800,31.990,31.740,31.750,3769691
2026-03-12 14:00:00,31.750,31.960,31.720,31.930,4672000
2026-03-12 14:30:00,31.930,31.980,31.850,31.890,2915435
2026-03-12 15:00:00,31.890,32.050,31.850,32.020,4225047
2026-03-13 10:00:00,31.800,32.000,31.480,31.720,9283422
2026-03-13 10:30:00,31.720,31.970,31.710,31.880,3649100
2026-03-13 11:00:00,31.890,32.030,31.750,31.790,3600600
2026-03-13 11:30:00,31.790,31.830,31.590,31.600,2683400
2026-03-13 13:30:00,31.600,31.850,31.580,31.680,2476500
2026-03-13 14:00:00,31.690,31.980,31.600,31.710,3688142
2026-03-13 14:30:00,31.710,31.750,31.520,31.550,3627580
2026-03-13 15:00:00,31.550,31.570,31.430,31.510,6924299
2026-03-16 10:00:00,31.500,31.630,30.640,30.880,13484450
2026-03-16 10:30:00,30.880,30.950,30.630,30.660,6999795
2026-03-16 11:00:00,30.660,30.790,30.630,30.740,3346311
2026-03-16 11:30:00,30.740,30.860,30.660,30.860,1887555
2026-03-16 13:30:00,30.860,31.160,30.850,31.080,4354086
2026-03-16 14:00:00,31.090,31.200,31.010,31.160,2720100
2026-03-16 14:30:00,31.160,31.230,31.060,31.180,2522800
2026-03-16 15:00:00,31.190,31.200,31.100,31.190,4516343
2026-03-17 10:00:00,31.500,31.770,31.180,31.740,12419954
2026-03-17 10:30:00,31.740,31.750,31.440,31.460,5031900
2026-03-17 11:00:00,31.480,31.730,31.430,31.430,3003900
2026-03-17 11:30:00,31.440,31.440,31.260,31.280,2671893
2026-03-17 13:30:00,31.280,31.350,31.090,31.160,2941715
2026-03-17 14:00:00,31.160,31.160,30.860,30.860,4309400
2026-03-17 14:30:00,30.860,30.870,30.660,30.660,5982507
2026-03-17 15:00:00,30.670,30.720,30.520,30.560,7782778
2026-03-18 10:00:00,30.780,30.870,30.250,30.350,11525200
2026-03-18 10:30:00,30.340,30.610,30.340,30.420,4485739
2026-03-18 11:00:00,30.410,30.530,30.180,30.220,4075439
2026-03-18 11:30:00,30.220,30.490,30.210,30.440,2412000
2026-03-18 13:30:00,30.440,30.540,30.260,30.320,3296100
2026-03-18 14:00:00,30.290,30.530,30.260,30.430,3774018
2026-03-18 14:30:00,30.430,30.650,30.430,30.590,3759868
2026-03-18 15:00:00,30.590,30.670,30.530,30.630,5933881
2026-03-19 10:00:00,30.120,30.180,29.880,30.010,14012639
2026-03-19 10:30:00,30.010,30.080,29.680,29.950,8872846
2026-03-19 11:00:00,29.930,30.210,29.920,29.990,4084960
2026-03-19 11:30:00,29.990,30.140,29.930,30.020,2405404
2026-03-19 13:30:00,30.010,30.030,29.760,29.780,4431900
2026-03-19 14:00:00,29.780,29.950,29.710,29.840,3912100
2026-03-19 14:30:00,29.840,29.930,29.700,29.720,4293062
2026-03-19 15:00:00,29.720,29.820,29.540,29.730,9045494
2026-03-20 10:00:00,29.900,30.180,29.840,30.070,11460361
2026-03-20 10:30:00,30.070,30.120,29.710,29.850,4525602
2026-03-20 11:00:00,29.840,29.960,29.620,29.630,3471400
2026-03-20 11:30:00,29.620,29.920,29.550,29.870,3730282
2026-03-20 13:30:00,29.870,30.150,29.730,29.820,6596995
2026-03-20 14:00:00,29.850,29.860,29.670,29.700,2164300
2026-03-20 14:30:00,29.700,29.730,29.500,29.560,3229800
2026-03-20 15:00:00,29.560,29.580,29.320,29.350,7828897
2026-03-23 10:00:00,28.800,28.960,28.300,28.790,16549522
2026-03-23 10:30:00,28.790,28.980,28.710,28.720,5239470
2026-03-23 11:00:00,28.720,28.720,28.460,28.540,4116640
2026-03-23 11:30:00,28.530,28.660,28.220,28.250,4318800
2026-03-23 13:30:00,28.230,28.550,28.050,28.070,9600744
2026-03-23 14:00:00,28.070,28.320,27.900,28.080,8691816
2026-03-23 14:30:00,28.080,28.090,27.600,27.900,9143799
2026-03-23 15:00:00,27.900,27.930,27.600,27.880,11124262
2026-03-24 10:00:00,28.380,28.500,27.560,27.570,12065923
2026-03-24 10:30:00,27.560,27.650,27.280,27.630,7423582
2026-03-24 11:00:00,27.630,27.780,27.550,27.660,4283800
2026-03-24 11:30:00,27.670,27.690,27.470,27.630,2788727
2026-03-24 13:30:00,27.630,27.650,27.260,27.290,4027650
2026-03-24 14:00:00,27.290,27.480,27.270,27.430,2834123
2026-03-24 14:30:00,27.430,27.950,27.420,27.930,5131003
2026-03-24 15:00:00,27.930,28.040,27.920,28.000,7557200
2026-03-25 10:00:00,28.300,29.180,28.300,29.100,22771327
2026-03-25 10:30:00,29.120,29.800,29.070,29.400,19544820
2026-03-25 11:00:00,29.400,29.480,29.170,29.220,6573616
2026-03-25 11:30:00,29.220,29.270,29.070,29.140,4207200
2026-03-25 13:30:00,29.150,29.630,29.140,29.460,8185239
2026-03-25 14:00:00,29.460,29.470,29.210,29.310,4151300
2026-03-25 14:30:00,29.310,29.360,29.220,29.300,3395791
2026-03-25 15:00:00,29.290,29.400,29.280,29.400,7317467
2026-03-26 10:00:00,29.420,29.850,29.210,29.640,19679194
2026-03-26 10:30:00,29.650,30.100,29.500,29.650,13042748
2026-03-26 11:00:00,29.650,29.660,29.420,29.470,4913219
2026-03-26 11:30:00,29.480,29.550,29.390,29.420,2938493
2026-03-26 13:30:00,29.410,29.430,28.960,29.060,6734994
2026-03-26 14:00:00,29.050,29.150,28.970,28.990,3966200
2026-03-26 14:30:00,28.990,29.100,28.880,28.960,4311516
2026-03-26 15:00:00,28.960,29.010,28.840,28.950,5408619
2026-03-27 10:00:00,28.510,28.800,28.280,28.640,13110345
2026-03-27 10:30:00,28.640,28.850,28.540,28.780,5012823
2026-03-27 11:00:00,28.790,28.920,28.680,28.720,3348700
2026-03-27 11:30:00,28.730,28.900,28.730,28.890,1902000
2026-03-27 13:30:00,28.900,29.110,28.890,28.940,4862640
2026-03-27 14:00:00,28.930,29.010,28.830,28.850,3033160
2026-03-27 14:30:00,28.850,28.870,28.710,28.720,3631638
2026-03-27 15:00:00,28.720,28.770,28.660,28.700,7310656
2026-03-30 10:00:00,28.160,28.160,27.710,27.710,17519287
2026-03-30 10:30:00,27.720,27.870,27.670,27.840,6657049
2026-03-30 11:00:00,27.840,28.090,27.790,28.020,4390902
2026-03-30 11:30:00,28.020,28.350,28.010,28.300,4622020
2026-03-30 13:30:00,28.290,28.330,28.050,28.080,4382940
2026-03-30 14:00:00,28.080,28.170,27.980,28.160,3567300
2026-03-30 14:30:00,28.160,28.300,28.110,28.280,3214306
2026-03-30 15:00:00,28.280,28.340,28.250,28.300,4892701
2026-03-31 10:00:00,28.310,28.630,28.170,28.600,10865700
2026-03-31 10:30:00,28.620,28.910,28.480,28.570,10253906
2026-03-31 11:00:00,28.570,28.620,28.280,28.280,6097300
2026-03-31 11:30:00,28.290,28.320,28.010,28.050,4441706
2026-03-31 13:30:00,28.060,28.190,27.970,28.090,3458314
2026-03-31 14:00:00,28.080,28.440,28.070,28.250,3459560
2026-03-31 14:30:00,28.260,28.260,27.990,28.010,4053200
2026-03-31 15:00:00,28.000,28.050,27.970,27.980,5248900
2026-04-01 10:00:00,28.740,29.260,28.370,28.450,19667681
2026-04-01 10:30:00,28.460,28.640,28.400,28.400,5763300
2026-04-01 11:00:00,28.410,28.640,28.400,28.590,3245252
2026-04-01 11:30:00,28.590,28.600,28.420,28.440,2579115
2026-04-01 13:30:00,28.440,29.090,28.400,28.710,12270941
2026-04-01 14:00:00,28.720,28.760,28.410,28.440,5569300
2026-04-01 14:30:00,28.430,28.530,28.410,28.490,3078462
2026-04-01 15:00:00,28.490,28.630,28.470,28.620,6064330
2026-04-02 10:00:00,28.400,28.490,28.110,28.300,10223917
2026-04-02 10:30:00,28.300,28.310,28.000,28.040,6076396
2026-04-02 11:00:00,28.030,28.040,27.890,27.980,4826222
2026-04-02 11:30:00,27.980,28.000,27.700,27.780,5066400
2026-04-02 13:30:00,27.790,27.790,27.510,27.620,6463497
2026-04-02 14:00:00,27.610,27.620,27.310,27.340,6119800
2026-04-02 14:30:00,27.340,27.490,27.120,27.430,7756520
2026-04-02 15:00:00,27.410,27.480,27.300,27.480,6164504
