date,open,high,low,close,volume
2025-03-27 14:30:00,241.700,242.460,241.570,242.080,394442
2025-03-27 15:00:00,242.260,242.640,242.010,242.380,554800
2025-03-28 10:00:00,241.780,242.600,240.210,241.000,875912
2025-03-28 10:30:00,241.020,241.640,240.500,240.560,489300
2025-03-28 11:00:00,240.560,240.750,238.850,239.030,573000
2025-03-28 11:30:00,239.030,239.540,238.700,239.020,321100
2025-03-28 13:30:00,239.050,239.620,238.910,238.960,483022
2025-03-28 14:00:00,238.960,239.670,238.880,239.170,516700
2025-03-28 14:30:00,239.170,239.170,238.890,238.910,340300
2025-03-28 15:00:00,238.930,238.940,238.080,238.080,699149
2025-03-31 10:00:00,238.080,238.800,236.990,238.490,865759
2025-03-31 10:30:00,238.420,239.780,238.000,238.220,507266
2025-03-31 11:00:00,238.300,238.980,237.450,237.450,384749
2025-03-31 11:30:00,237.460,237.540,236.180,236.200,739000
2025-03-31 13:30:00,236.240,236.360,235.300,235.530,698500
2025-03-31 14:00:00,235.530,235.690,234.440,234.500,740000
2025-03-31 14:30:00,234.470,235.100,234.210,234.280,931093
2025-03-31 15:00:00,234.230,234.850,234.000,234.000,1307659
2025-04-01 10:00:00,234.990,235.630,232.250,234.940,1664250
2025-04-01 10:30:00,234.890,238.670,234.400,237.730,1747199
2025-04-01 11:00:00,237.730,237.830,236.210,236.650,732080
2025-04-01 11:30:00,236.650,237.000,236.300,236.680,407300
2025-04-01 13:30:00,236.680,239.800,236.220,237.880,1808989
2025-04-01 14:00:00,237.870,237.930,236.500,236.720,550070
2025-04-01 14:30:00,236.720,237.450,236.650,236.650,501400
2025-04-01 15:00:00,236.660,237.000,236.480,236.660,792113
2025-04-02 10:00:00,236.600,238.360,235.080,235.750,1362849
2025-04-02 10:30:00,235.710,236.020,234.270,234.470,823400
2025-04-02 11:00:00,234.470,235.440,234.390,234.880,301724
2025-04-02 11:30:00,234.880,235.200,234.390,234.970,398700
2025-04-02 13:30:00,234.980,235.040,233.030,233.240,1158900
2025-04-02 14:00:00,233.340,233.390,231.550,231.700,1219633
2025-04-02 14:30:00,231.700,231.840,230.200,230.250,1720867
2025-04-02 15:00:00,230.250,230.450,229.250,229.860,2283928
2025-04-03 10:00:00,228.000,230.490,227.800,227.900,2428949
2025-04-03 10:30:00,227.900,228.490,225.380,227.930,2314200
2025-04-03 11:00:00,227.920,228.410,227.070,227.200,830350
2025-04-03 11:30:00,227.170,227.200,225.860,225.930,882500
2025-04-03 13:30:00,225.940,226.380,225.500,225.680,987400
2025-04-03 14:00:00,225.670,226.110,225.520,226.030,860484
2025-04-03 14:30:00,226.020,226.500,225.750,225.830,853100
2025-04-03 15:00:00,225.840,225.840,225.110,225.270,1498842
2025-04-07 10:00:00,217.060,222.000,215.170,221.230,6169475
2025-04-07 10:30:00,221.230,222.000,218.000,219.020,2016953
2025-04-07 11:00:00,219.210,220.840,218.030,218.800,1079800
2025-04-07 11:30:00,218.800,219.300,215.180,215.980,1141500
2025-04-07 13:30:00,215.980,216.010,211.790,214.160,1955400
2025-04-07 14:00:00,213.820,216.670,212.940,213.670,1435000
2025-04-07 14:30:00,213.670,213.990,206.800,209.230,1945600
2025-04-07 15:00:00,209.230,213.980,208.300,211.590,1618310
2025-04-08 10:00:00,213.820,214.500,209.170,212.070,3953720
2025-04-08 10:30:00,212.070,214.800,211.600,213.480,1423520
2025-04-08 11:00:00,213.470,214.400,212.600,213.100,734300
2025-04-08 11:30:00,213.100,214.490,212.680,213.000,881828
2025-04-08 13:30:00,212.950,213.600,212.000,212.710,860500
2025-04-08 14:00:00,212.710,214.180,212.120,212.530,887778
2025-04-08 14:30:00,212.860,213.600,212.210,213.080,984589
2025-04-08 15:00:00,213.000,214.400,212.280,214.110,1437902
2025-04-09 10:00:00,211.530,213.320,209.600,212.140,2539900
2025-04-09 10:30:00,212.110,214.980,212.090,214.430,1405091
2025-04-09 11:00:00,214.480,214.930,212.660,213.710,747627
2025-04-09 11:30:00,213.710,214.550,212.470,214.040,638800
2025-04-09 13:30:00,214.040,214.120,212.010,213.400,911241
2025-04-09 14:00:00,213.370,214.500,213.120,213.930,883420
2025-04-09 14:30:00,213.960,214.660,213.500,214.500,1010900
2025-04-09 15:00:00,214.320,214.660,213.400,213.760,989609
2025-04-10 10:00:00,216.800,219.300,215.900,219.140,3114223
2025-04-10 10:30:00,218.980,219.300,217.820,218.040,1081140
2025-04-10 11:00:00,218.050,218.310,216.200,216.370,1047621
2025-04-10 11:30:00,216.370,216.980,214.910,215.130,702300
2025-04-10 13:30:00,215.120,216.720,214.600,216.610,639600
2025-04-10 14:00:00,216.630,217.270,216.260,216.460,651071
2025-04-10 14:30:00,216.570,217.290,216.200,216.900,579800
2025-04-10 15:00:00,216.900,217.000,215.850,215.850,826977
2025-04-11 10:00:00,215.040,216.670,213.500,215.520,1161913
2025-04-11 10:30:00,215.520,215.890,213.100,213.200,866000
2025-04-11 11:00:00,213.210,213.310,212.600,212.600,641676
2025-04-11 11:30:00,212.600,213.400,212.510,213.190,441100
2025-04-11 13:30:00,213.190,215.350,213.050,214.850,828203
2025-04-11 14:00:00,214.850,216.090,214.710,215.950,732300
2025-04-11 14:30:00,215.950,216.300,214.880,215.050,611500
2025-04-11 15:00:00,215.010,215.270,214.400,214.900,833785
2025-04-14 10:00:00,216.750,218.200,215.130,217.690,1939150
2025-04-14 10:30:00,217.710,218.500,216.000,216.160,882000
2025-04-14 11:00:00,216.170,217.210,216.060,217.000,459100
2025-04-14 11:30:00,216.990,217.040,215.580,215.760,595900
2025-04-14 13:30:00,215.760,215.800,214.750,214.790,762286
2025-04-14 14:00:00,214.820,215.300,214.480,214.820,442094
2025-04-14 14:30:00,214.820,216.200,214.710,216.120,557800
2025-04-14 15:00:00,216.140,216.170,214.710,214.710,836807
2025-04-15 10:00:00,214.730,214.770,212.730,213.030,1161700
2025-04-15 10:30:00,213.030,215.220,212.840,213.750,840300
2025-04-15 11:00:00,213.750,214.480,213.400,213.850,234100
2025-04-15 11:30:00,213.850,214.850,213.530,214.760,301657
2025-04-15 13:30:00,214.790,214.990,214.100,214.290,312600
2025-04-15 14:00:00,214.360,214.380,213.700,213.760,268190
2025-04-15 14:30:00,213.790,214.250,213.770,214.110,183700
2025-04-15 15:00:00,214.140,214.590,213.720,214.150,632458
2025-04-16 10:00:00,213.140,213.500,212.100,212.230,1006807
2025-04-16 10:30:00,212.230,212.400,210.820,211.240,830900
2025-04-16 11:00:00,211.220,211.360,210.680,211.020,401960
2025-04-16 11:30:00,211.020,211.830,210.820,211.100,458877
2025-04-16 13:30:00,211.170,211.690,210.700,210.710,431821
2025-04-16 14:00:00,210.710,211.500,210.700,211.020,356400
2025-04-16 14:30:00,211.030,211.450,210.770,211.180,356944
2025-04-16 15:00:00,211.230,214.100,211.000,213.260,1242027
2025-04-17 10:00:00,212.700,220.400,212.190,217.330,2794028
2025-04-17 10:30:00,217.260,218.280,217.110,217.690,596800
2025-04-17 11:00:00,217.640,218.470,217.540,218.300,460600
2025-04-17 11:30:00,218.300,219.550,218.290,219.300,537280
2025-04-17 13:30:00,219.300,221.000,219.150,219.610,1143921
2025-04-17 14:00:00,219.600,221.000,219.360,220.310,673500
2025-04-17 14:30:00,220.340,222.880,220.310,221.950,1271900
2025-04-17 15:00:00,221.990,222.270,221.300,221.660,971424
2025-04-18 10:00:00,221.270,221.270,217.300,217.310,1420000
2025-04-18 10:30:00,217.380,217.390,216.710,216.810,578000
2025-04-18 11:00:00,216.800,216.850,216.000,216.010,620600
2025-04-18 11:30:00,216.010,216.020,215.050,215.520,525750
2025-04-18 13:30:00,215.520,216.190,215.320,215.490,309500
2025-04-18 14:00:00,215.490,217.400,215.440,217.210,313753
2025-04-18 14:30:00,217.210,217.210,216.290,216.390,230608
2025-04-18 15:00:00,216.400,217.900,216.380,217.080,855677
2025-04-21 10:00:00,215.050,216.790,215.050,215.720,747227
2025-04-21 10:30:00,215.830,216.450,215.700,216.380,288200
2025-04-21 11:00:00,216.390,216.450,215.750,215.940,310300
2025-04-21 11:30:00,215.950,216.110,215.850,216.000,144600
2025-04-21 13:30:00,216.000,216.520,215.750,216.180,235197
2025-04-21 14:00:00,216.200,216.630,216.110,216.150,223700
2025-04-21 14:30:00,216.160,216.500,216.040,216.050,308300
2025-04-21 15:00:00,216.070,216.300,215.980,216.020,562580
2025-04-22 10:00:00,216.050,219.190,215.310,216.940,1538231
2025-04-22 10:30:00,216.940,220.600,216.500,220.000,1456263
2025-04-22 11:00:00,219.790,220.460,219.010,219.710,480800
2025-04-22 11:30:00,219.800,220.000,217.070,217.590,815400
2025-04-22 13:30:00,217.600,221.060,217.300,220.940,1263700
2025-04-22 14:00:00,220.940,221.140,219.700,220.110,789300
2025-04-22 14:30:00,220.110,220.820,220.060,220.300,682995
2025-04-22 15:00:00,220.260,220.380,219.400,219.600,807844
2025-04-23 10:00:00,220.020,220.600,217.530,218.080,1425194
2025-04-23 10:30:00,218.080,218.100,217.350,217.870,481800
2025-04-23 11:00:00,217.850,218.140,217.610,217.950,240300
2025-04-23 11:30:00,217.950,218.590,217.760,218.450,259900
2025-04-23 13:30:00,218.450,218.780,218.100,218.360,486900
2025-04-23 14:00:00,218.460,218.530,217.600,217.800,441100
2025-04-23 14:30:00,217.760,217.820,216.600,217.120,886781
2025-04-23 15:00:00,217.110,217.710,217.000,217.220,639523
2025-04-24 10:00:00,217.000,218.960,216.510,218.050,929245
2025-04-24 10:30:00,217.860,218.880,217.820,218.490,379200
2025-04-24 11:00:00,218.440,218.590,217.490,217.740,284045
2025-04-24 11:30:00,217.740,217.740,216.520,216.520,470420
2025-04-24 13:30:00,216.530,216.700,215.490,215.580,754500
2025-04-24 14:00:00,215.580,215.590,214.790,214.920,697170
2025-04-24 14:30:00,214.920,214.920,213.960,214.190,772692
2025-04-24 15:00:00,214.190,214.950,214.010,214.710,549853
2025-04-25 10:00:00,214.770,218.310,214.770,216.780,1419603
2025-04-25 10:30:00,216.780,217.800,216.300,217.800,423888
2025-04-25 11:00:00,217.770,219.310,217.350,218.030,929718
2025-04-25 11:30:00,218.180,219.090,217.880,218.630,472536
2025-04-25 13:30:00,218.790,218.980,217.800,217.990,284500
2025-04-25 14:00:00,217.880,218.180,217.700,217.930,255400
2025-04-25 14:30:00,217.800,218.020,216.910,217.060,359700
2025-04-25 15:00:00,217.050,217.310,216.720,217.010,468889
2025-04-28 10:00:00,216.800,217.000,214.270,215.240,1603816
2025-04-28 10:30:00,215.150,215.680,214.420,215.460,472000
2025-04-28 11:00:00,215.280,215.490,214.660,214.970,402144
2025-04-28 11:30:00,214.940,215.410,214.700,215.210,318867
2025-04-28 13:30:00,215.210,215.700,214.880,215.490,387981
2025-04-28 14:00:00,215.490,215.590,215.020,215.100,309148
2025-04-28 14:30:00,215.090,215.260,214.750,214.870,380000
2025-04-28 15:00:00,214.870,215.150,214.710,214.800,501652
2025-04-29 10:00:00,210.700,217.620,209.990,217.250,2619231
2025-04-29 10:30:00,217.270,218.810,215.600,215.980,1391254
2025-04-29 11:00:00,215.980,215.980,213.670,213.760,980421
2025-04-29 11:30:00,213.780,213.780,212.950,213.040,791900
2025-04-29 13:30:00,213.080,213.700,211.570,213.440,1158750
2025-04-29 14:00:00,213.420,215.180,213.000,215.100,602000
2025-04-29 14:30:00,215.100,215.430,214.460,214.800,592400
2025-04-29 15:00:00,214.790,215.900,214.790,215.850,865714
2025-04-30 10:00:00,215.500,220.300,214.180,219.920,2316100
2025-04-30 10:30:00,219.660,221.640,219.520,219.990,2018432
2025-04-30 11:00:00,220.030,220.670,218.620,218.800,715608
2025-04-30 11:30:00,218.780,219.750,218.760,218.850,518500
2025-04-30 13:30:00,218.860,219.060,218.170,218.730,602000
2025-04-30 14:00:00,218.710,219.680,218.310,219.670,540400
2025-04-30 14:30:00,219.670,220.000,219.060,219.840,749957
2025-04-30 15:00:00,219.840,220.000,219.350,219.660,794698
2025-05-06 10:00:00,222.590,222.590,217.030,219.200,2174656
2025-05-06 10:30:00,219.280,219.520,218.600,219.350,689427
2025-05-06 11:00:00,219.340,219.350,218.180,218.580,542768
2025-05-06 11:30:00,218.560,219.120,218.430,219.080,427400
2025-05-06 13:30:00,219.070,220.670,218.900,220.120,742760
2025-05-06 14:00:00,220.120,221.000,220.070,220.690,544562
2025-05-06 14:30:00,220.690,220.720,220.320,220.580,484100
2025-05-06 15:00:00,220.570,221.000,220.020,220.240,694972
2025-05-07 10:00:00,222.570,223.180,220.300,220.360,2029675
2025-05-07 10:30:00,220.410,221.800,220.150,220.730,642500
2025-05-07 11:00:00,220.740,221.430,219.830,220.240,486000
2025-05-07 11:30:00,220.240,220.970,220.020,220.970,341400
2025-05-07 13:30:00,220.980,222.470,220.500,222.250,977500
2025-05-07 14:00:00,222.250,222.760,222.070,222.090,633080
2025-05-07 14:30:00,222.110,222.360,221.840,222.280,724730
2025-05-07 15:00:00,222.280,222.680,221.930,222.410,812513
2025-05-08 10:00:00,221.230,225.170,221.220,225.130,1973526
2025-05-08 10:30:00,225.130,225.720,224.600,225.430,852900
2025-05-08 11:00:00,225.430,225.600,224.460,225.500,681848
2025-05-08 11:30:00,225.510,225.960,225.160,225.350,528126
2025-05-08 13:30:00,225.350,226.230,224.920,225.160,807400
2025-05-08 14:00:00,225.100,226.180,225.060,226.180,536600
2025-05-08 14:30:00,226.190,226.350,225.820,226.300,598200
2025-05-08 15:00:00,226.290,226.520,225.500,225.850,883750
2025-05-09 10:00:00,225.690,226.070,224.170,224.950,1116700
2025-05-09 10:30:00,224.950,225.490,224.870,225.270,370600
2025-05-09 11:00:00,225.250,225.500,224.700,224.800,481200
2025-05-09 11:30:00,224.800,225.300,224.410,225.290,417209
2025-05-09 13:30:00,225.180,225.280,223.850,224.550,772391
2025-05-09 14:00:00,224.540,224.550,223.380,223.810,670100
2025-05-09 14:30:00,223.850,224.480,223.730,224.270,411900
2025-05-09 15:00:00,224.270,224.450,224.000,224.000,663372
2025-05-12 10:00:00,226.480,228.920,225.200,226.460,2537879
2025-05-12 10:30:00,226.520,228.200,226.270,227.210,1148099
2025-05-12 11:00:00,227.210,227.800,227.020,227.540,457500
2025-05-12 11:30:00,227.530,227.690,226.850,227.220,369700
2025-05-12 13:30:00,227.040,227.500,226.970,227.200,476400
2025-05-12 14:00:00,227.200,228.360,227.000,228.360,586800
2025-05-12 14:30:00,228.360,229.300,228.050,229.290,1141887
2025-05-12 15:00:00,229.290,229.680,228.960,229.150,1054371
2025-05-13 10:00:00,230.000,233.490,229.500,233.330,2680822
2025-05-13 10:30:00,233.340,233.670,232.720,233.160,1401950
2025-05-13 11:00:00,233.310,233.460,232.900,233.280,710200
2025-05-13 11:30:00,233.280,233.380,232.020,233.100,655326
2025-05-13 13:30:00,232.940,233.540,232.360,233.190,799850
2025-05-13 14:00:00,233.200,233.300,232.870,233.180,409900
2025-05-13 14:30:00,233.180,233.500,233.110,233.420,568800
2025-05-13 15:00:00,233.410,233.410,232.560,232.980,866100
2025-05-14 10:00:00,232.070,232.970,230.300,231.570,1328700
2025-05-14 10:30:00,231.540,232.210,231.000,231.210,434600
2025-05-14 11:00:00,231.210,231.400,230.880,231.020,315600
2025-05-14 11:30:00,231.020,231.710,230.950,231.380,304683
2025-05-14 13:30:00,231.380,232.880,231.150,232.540,696839
2025-05-14 14:00:00,232.560,233.490,232.000,232.660,767330
2025-05-14 14:30:00,232.660,232.740,232.140,232.170,495382
2025-05-14 15:00:00,232.180,232.500,231.800,231.900,753425
2025-05-15 10:00:00,231.150,233.200,229.370,229.370,1225500
2025-05-15 10:30:00,229.310,229.970,228.780,228.780,620600
2025-05-15 11:00:00,228.770,229.450,228.720,229.030,379705
2025-05-15 11:30:00,228.980,229.100,228.700,228.890,337898
2025-05-15 13:30:00,228.970,229.080,228.600,228.610,433682
2025-05-15 14:00:00,228.600,228.860,228.240,228.710,333800
2025-05-15 14:30:00,228.710,228.790,228.330,228.520,357900
2025-05-15 15:00:00,228.540,228.790,228.420,228.580,650776
2025-05-16 10:00:00,227.950,229.340,226.300,227.650,1050399
2025-05-16 10:30:00,227.650,227.650,225.700,225.800,680700
2025-05-16 11:00:00,225.700,226.880,225.700,226.840,349800
2025-05-16 11:30:00,226.820,227.370,226.520,227.090,255723
2025-05-16 13:30:00,227.090,227.480,226.860,227.470,341900
2025-05-16 14:00:00,227.470,227.670,227.000,227.550,357400
2025-05-16 14:30:00,227.490,227.550,226.700,226.920,464300
2025-05-16 15:00:00,226.920,227.000,226.200,226.350,681432
2025-05-19 10:00:00,227.490,228.000,225.370,225.680,930800
2025-05-19 10:30:00,225.690,226.450,225.510,225.960,304900
2025-05-19 11:00:00,225.960,226.260,225.550,225.550,226000
2025-05-19 11:30:00,225.560,226.050,225.420,225.630,172177
2025-05-19 13:30:00,225.630,226.000,225.520,225.560,226900
2025-05-19 14:00:00,225.570,226.020,225.510,225.580,180100
2025-05-19 14:30:00,225.580,226.330,225.570,226.030,243800
2025-05-19 15:00:00,226.140,226.560,226.000,226.010,415816
2025-05-20 10:00:00,226.000,227.870,222.840,224.600,1700706
2025-05-20 10:30:00,224.600,225.470,223.830,224.120,531387
2025-05-20 11:00:00,224.140,224.770,224.040,224.750,294500
2025-05-20 11:30:00,224.750,225.110,224.040,224.950,445450
2025-05-20 13:30:00,224.950,225.410,224.290,224.880,581900
2025-05-20 14:00:00,224.930,225.080,224.000,224.350,430396
2025-05-20 14:30:00,224.340,224.360,223.790,223.920,469302
2025-05-20 15:00:00,223.890,223.920,223.580,223.720,705766
2025-05-21 10:00:00,223.700,225.340,222.670,224.770,1597000
2025-05-21 10:30:00,224.760,225.750,224.480,225.490,640316
2025-05-21 11:00:00,225.550,225.640,224.700,225.580,528177
2025-05-21 11:30:00,225.580,226.000,225.400,225.660,478750
2025-05-21 13:30:00,225.660,228.380,225.210,227.380,1030389
2025-05-21 14:00:00,227.380,227.950,226.750,227.210,502700
2025-05-21 14:30:00,227.190,227.500,226.700,227.240,388600
2025-05-21 15:00:00,227.030,227.480,226.660,226.670,602465
2025-05-22 10:00:00,227.380,230.500,226.410,227.560,1394320
2025-05-22 10:30:00,227.560,228.950,227.290,228.210,466700
2025-05-22 11:00:00,228.200,228.380,226.910,226.910,274600
2025-05-22 11:30:00,226.960,227.990,226.710,227.680,301000
2025-05-22 13:30:00,227.870,227.870,225.500,226.320,414200
2025-05-22 14:00:00,226.340,226.770,226.070,226.360,221700
2025-05-22 14:30:00,226.360,226.530,225.420,225.880,257800
2025-05-22 15:00:00,225.880,226.210,225.450,225.600,302400
2025-05-23 10:00:00,225.370,229.180,225.370,227.490,1398050
2025-05-23 10:30:00,227.490,229.250,227.490,229.000,743600
2025-05-23 11:00:00,228.990,232.370,228.990,232.250,1522248
2025-05-23 11:30:00,232.240,233.010,232.020,232.290,1215820
2025-05-23 13:30:00,232.300,234.960,232.080,233.210,1405738
2025-05-23 14:00:00,233.200,234.600,233.000,233.720,877350
2025-05-23 14:30:00,233.720,233.790,232.050,232.760,1077160
2025-05-23 15:00:00,232.690,233.000,231.790,231.900,992617
2025-05-26 10:00:00,230.770,234.440,230.770,231.330,1473816
2025-05-26 10:30:00,231.330,232.350,230.840,231.820,358820
2025-05-26 11:00:00,231.820,231.840,230.070,230.160,479500
2025-05-26 11:30:00,230.160,231.430,229.570,229.620,389800
2025-05-26 13:30:00,229.640,230.170,228.800,228.980,376600
2025-05-26 14:00:00,228.990,229.120,228.200,228.530,353700
2025-05-26 14:30:00,228.550,229.060,228.200,228.300,429400
2025-05-26 15:00:00,228.300,228.890,228.300,228.310,449206
2025-05-27 10:00:00,228.290,229.540,227.330,228.600,675000
2025-05-27 10:30:00,228.470,229.080,227.680,227.720,414100
2025-05-27 11:00:00,227.720,227.910,227.410,227.530,237000
2025-05-27 11:30:00,227.550,228.180,227.450,227.800,161759
2025-05-27 13:30:00,227.800,227.800,226.180,226.330,523950
2025-05-27 14:00:00,226.330,226.820,226.200,226.800,276220
2025-05-27 14:30:00,226.800,227.320,226.800,227.050,245250
2025-05-27 15:00:00,227.020,227.430,226.930,227.280,386225
2025-05-28 10:00:00,227.450,231.590,226.480,231.300,1151364
2025-05-28 10:30:00,231.200,232.000,230.500,230.950,615109
2025-05-28 11:00:00,230.930,232.330,230.310,231.770,405825
2025-05-28 11:30:00,231.730,232.300,231.000,231.140,343800
2025-05-28 13:30:00,231.020,231.640,230.500,231.340,207200
2025-05-28 14:00:00,231.350,231.550,230.380,230.720,197042
2025-05-28 14:30:00,230.900,231.320,230.560,230.860,266950
2025-05-28 15:00:00,230.870,230.910,229.810,230.510,466607
2025-05-29 10:00:00,228.220,229.770,226.410,228.680,1435473
2025-05-29 10:30:00,228.670,229.330,226.660,227.710,681278
2025-05-29 11:00:00,227.910,229.000,227.450,228.480,492500
2025-05-29 11:30:00,228.480,228.910,227.820,228.120,258400
2025-05-29 13:30:00,228.130,228.580,227.700,228.080,372000
2025-05-29 14:00:00,228.080,228.400,227.280,227.690,587400
2025-05-29 14:30:00,227.680,228.000,227.110,227.720,366500
2025-05-29 15:00:00,227.700,228.190,227.450,227.710,667300
2025-05-30 10:00:00,227.600,228.480,226.300,227.320,811800
2025-05-30 10:30:00,227.320,227.320,226.060,226.950,530700
2025-05-30 11:00:00,226.820,228.000,226.370,227.800,426973
2025-05-30 11:30:00,227.830,229.000,227.660,228.600,525352
2025-05-30 13:30:00,228.410,229.460,228.280,228.490,402800
2025-05-30 14:00:00,228.490,228.680,228.010,228.030,242200
2025-05-30 14:30:00,228.080,228.490,228.000,228.110,280300
2025-05-30 15:00:00,228.110,228.390,225.870,225.870,1173890
2025-06-03 10:00:00,224.000,230.980,223.800,229.680,1936000
2025-06-03 10:30:00,229.670,230.500,229.590,230.000,596038
2025-06-03 11:00:00,230.060,231.490,229.590,231.320,749620
2025-06-03 11:30:00,231.390,232.980,231.390,232.360,804753
2025-06-03 13:30:00,232.280,232.970,231.550,232.790,927724
2025-06-03 14:00:00,232.790,232.860,231.550,232.280,599300
2025-06-03 14:30:00,232.280,232.800,232.160,232.630,610600
2025-06-03 15:00:00,232.630,232.800,231.910,232.690,774463
2025-06-04 10:00:00,232.000,232.000,229.000,230.780,1187600
2025-06-04 10:30:00,230.780,231.000,230.070,230.510,411200
2025-06-04 11:00:00,230.420,231.100,229.590,229.890,442400
2025-06-04 11:30:00,229.880,230.140,229.600,229.730,374700
2025-06-04 13:30:00,229.730,230.010,229.010,229.210,513300
2025-06-04 14:00:00,229.200,229.880,228.550,229.750,584000
2025-06-04 14:30:00,229.740,230.000,229.090,229.170,439302
2025-06-04 15:00:00,229.170,230.130,228.850,228.850,810425
2025-06-05 10:00:00,230.000,230.750,228.440,228.770,687300
2025-06-05 10:30:00,228.800,229.790,228.300,229.770,408100
2025-06-05 11:00:00,229.770,230.660,229.590,229.760,387400
2025-06-05 11:30:00,229.760,231.260,229.540,231.000,422650
2025-06-05 13:30:00,231.000,233.210,230.610,233.030,944677
2025-06-05 14:00:00,233.020,234.280,232.910,234.260,782031
2025-06-05 14:30:00,234.270,235.360,234.250,235.290,778720
2025-06-05 15:00:00,235.230,235.750,234.890,235.300,1060562
2025-06-06 10:00:00,235.900,235.900,232.740,232.800,930600
2025-06-06 10:30:00,232.880,233.380,232.630,232.790,344650
2025-06-06 11:00:00,232.770,233.060,232.390,232.500,337096
2025-06-06 11:30:00,232.570,232.720,231.620,231.890,426541
2025-06-06 13:30:00,231.930,232.190,231.780,232.040,462900
2025-06-06 14:00:00,232.020,232.620,231.800,232.150,504400
2025-06-06 14:30:00,232.150,232.360,231.800,232.090,475712
2025-06-06 15:00:00,232.070,232.530,231.800,232.500,551176
2025-06-09 10:00:00,232.970,237.500,232.200,236.670,1856291
2025-06-09 10:30:00,236.640,238.000,236.480,237.940,783918
2025-06-09 11:00:00,237.940,238.000,236.440,236.850,407000
2025-06-09 11:30:00,236.800,237.210,235.050,235.180,450731
2025-06-09 13:30:00,235.590,236.180,235.150,235.930,466000
2025-06-09 14:00:00,235.960,236.130,235.010,235.200,337000
2025-06-09 14:30:00,235.240,235.750,235.200,235.380,257000
2025-06-09 15:00:00,235.370,235.750,235.000,235.750,539400
2025-06-10 10:00:00,235.750,240.850,234.000,239.430,1723545
2025-06-10 10:30:00,239.430,240.300,238.080,238.080,670428
2025-06-10 11:00:00,238.090,239.800,238.070,239.570,363900
2025-06-10 11:30:00,239.580,240.300,239.300,239.970,416700
2025-06-10 13:30:00,239.870,239.870,236.000,237.270,766150
2025-06-10 14:00:00,237.280,238.460,236.450,237.490,526500
2025-06-10 14:30:00,237.490,237.490,236.800,236.950,328400
2025-06-10 15:00:00,236.970,237.300,235.750,235.750,585369
2025-06-11 10:00:00,236.790,240.180,236.050,239.170,1230279
2025-06-11 10:30:00,239.200,239.660,236.800,237.220,728900
2025-06-11 11:00:00,237.220,237.810,236.960,237.000,337800
2025-06-11 11:30:00,236.980,238.350,236.950,238.100,346900
2025-06-11 13:30:00,238.070,239.080,236.860,237.150,559100
2025-06-11 14:00:00,237.130,237.830,237.130,237.280,439076
2025-06-11 14:30:00,237.260,237.950,237.110,237.570,420000
2025-06-11 15:00:00,237.580,238.000,237.180,237.320,576989
2025-06-12 10:00:00,237.010,237.560,233.860,237.320,1350400
2025-06-12 10:30:00,237.400,237.400,235.500,236.350,384400
2025-06-12 11:00:00,236.150,237.360,235.890,237.020,382590
2025-06-12 11:30:00,237.030,237.500,236.560,237.080,398100
2025-06-12 13:30:00,237.080,238.760,236.740,236.740,477400
2025-06-12 14:00:00,236.740,236.940,235.360,236.140,397300
2025-06-12 14:30:00,236.150,236.900,235.900,236.860,290000
2025-06-12 15:00:00,236.720,236.850,236.000,236.600,445381
2025-06-13 10:00:00,236.600,242.520,235.100,241.460,3212745
2025-06-13 10:30:00,241.460,241.460,239.900,239.960,1290407
2025-06-13 11:00:00,239.910,241.300,239.560,239.580,745700
2025-06-13 11:30:00,239.580,240.600,239.570,239.730,462804
2025-06-13 13:30:00,239.730,240.000,238.060,239.190,559000
2025-06-13 14:00:00,239.000,239.940,238.220,239.420,542500
2025-06-13 14:30:00,239.780,239.850,238.530,238.640,509500
2025-06-13 15:00:00,238.700,239.000,237.280,237.280,767392
2025-06-16 10:00:00,237.780,239.960,236.430,236.760,866475
2025-06-16 10:30:00,236.800,237.660,235.510,237.300,796900
2025-06-16 11:00:00,237.300,237.500,234.560,235.100,596400
2025-06-16 11:30:00,235.100,236.080,234.820,235.440,250267
2025-06-16 13:30:00,235.260,237.260,235.200,236.930,334700
2025-06-16 14:00:00,236.930,237.190,236.550,236.990,292601
2025-06-16 14:30:00,236.990,237.200,236.380,236.590,256100
2025-06-16 15:00:00,236.500,237.000,236.000,236.610,384758
2025-06-17 10:00:00,236.300,237.130,234.220,234.570,1096800
2025-06-17 10:30:00,234.580,234.620,232.030,232.050,931950
2025-06-17 11:00:00,232.050,232.820,231.630,232.490,523747
2025-06-17 11:30:00,232.480,232.870,231.890,232.700,226653
2025-06-17 13:30:00,232.700,233.470,232.300,232.720,339300
2025-06-17 14:00:00,232.750,233.820,232.720,233.270,375416
2025-06-17 14:30:00,233.270,233.340,232.160,232.160,387849
2025-06-17 15:00:00,232.160,232.610,231.600,232.010,712083
2025-06-18 10:00:00,231.410,232.600,230.300,230.590,658046
2025-06-18 10:30:00,230.560,231.350,230.010,230.260,290800
2025-06-18 11:00:00,230.210,230.880,230.120,230.280,161700
2025-06-18 11:30:00,230.280,230.750,230.010,230.700,168600
2025-06-18 13:30:00,230.750,231.150,229.810,230.460,391202
2025-06-18 14:00:00,230.610,230.770,230.110,230.270,195300
2025-06-18 14:30:00,230.280,230.280,229.580,229.690,348100
2025-06-18 15:00:00,229.690,229.860,229.300,229.300,444348
2025-06-19 10:00:00,229.060,229.960,227.660,228.190,654000
2025-06-19 10:30:00,228.270,228.500,227.350,227.620,394700
2025-06-19 11:00:00,227.570,227.790,226.720,226.730,329800
2025-06-19 11:30:00,226.720,226.960,226.200,226.330,365600
2025-06-19 13:30:00,226.330,226.890,226.240,226.400,356900
2025-06-19 14:00:00,226.430,226.730,225.760,225.820,339200
2025-06-19 14:30:00,225.820,225.820,225.330,225.690,402300
2025-06-19 15:00:00,225.740,226.230,225.300,225.950,502457
2025-06-20 10:00:00,226.000,227.210,225.020,226.040,604900
2025-06-20 10:30:00,226.030,226.750,225.330,225.900,277400
2025-06-20 11:00:00,225.900,227.480,225.630,226.690,333867
2025-06-20 11:30:00,226.650,227.480,226.300,227.010,315620
2025-06-20 13:30:00,227.270,227.390,226.330,226.950,301700
2025-06-20 14:00:00,226.950,227.830,226.670,227.510,386700
2025-06-20 14:30:00,227.510,227.730,227.050,227.530,332200
2025-06-20 15:00:00,227.520,227.560,227.210,227.260,495451
2025-06-23 10:00:00,227.260,229.260,226.690,226.720,758200
2025-06-23 10:30:00,226.800,226.820,225.330,225.440,675400
2025-06-23 11:00:00,225.350,226.320,224.890,225.830,402200
2025-06-23 11:30:00,225.840,226.330,225.470,225.470,216900
2025-06-23 13:30:00,225.470,226.600,225.450,225.900,246046
2025-06-23 14:00:00,225.900,226.500,225.660,226.240,237540
2025-06-23 14:30:00,226.170,226.800,226.000,226.350,325600
2025-06-23 15:00:00,226.350,226.490,225.800,225.830,415057
2025-06-24 10:00:00,226.040,226.990,224.800,226.980,1249100
2025-06-24 10:30:00,226.630,228.000,226.170,227.010,808759
2025-06-24 11:00:00,227.190,227.500,226.110,226.500,362600
2025-06-24 11:30:00,226.540,227.600,226.140,227.550,301900
2025-06-24 13:30:00,227.550,227.680,226.050,226.130,471632
2025-06-24 14:00:00,226.120,226.260,225.680,225.700,463352
2025-06-24 14:30:00,225.700,226.000,225.140,225.440,485600
2025-06-24 15:00:00,225.430,225.950,224.770,224.840,1047295
2025-06-25 10:00:00,225.450,227.250,224.010,226.470,1036278
2025-06-25 10:30:00,226.500,226.500,224.800,224.970,367309
2025-06-25 11:00:00,224.920,225.560,224.810,225.560,211600
2025-06-25 11:30:00,225.520,225.840,225.110,225.500,175900
2025-06-25 13:30:00,225.620,226.800,225.300,226.300,338876
2025-06-25 14:00:00,226.360,227.360,226.000,227.300,492800
2025-06-25 14:30:00,227.280,229.580,227.190,229.500,1012640
2025-06-25 15:00:00,229.500,229.540,228.630,229.050,652778
2025-06-26 10:00:00,228.850,231.900,228.500,229.670,1276022
2025-06-26 10:30:00,229.670,230.430,228.540,228.720,563274
2025-06-26 11:00:00,228.720,228.890,228.010,228.560,410718
2025-06-26 11:30:00,228.560,229.280,228.500,229.120,179526
2025-06-26 13:30:00,229.140,229.490,228.700,229.170,251500
2025-06-26 14:00:00,229.170,229.530,228.580,228.920,341957
2025-06-26 14:30:00,228.920,229.150,228.260,228.500,306900
2025-06-26 15:00:00,228.500,228.740,227.500,227.500,570820
2025-06-27 10:00:00,227.970,229.180,227.000,228.000,836413
2025-06-27 10:30:00,228.090,229.500,227.490,227.880,508000
2025-06-27 11:00:00,227.880,228.390,227.160,227.540,325100
2025-06-27 11:30:00,227.530,228.400,227.500,227.940,219200
2025-06-27 13:30:00,228.080,229.320,227.670,228.020,415700
2025-06-27 14:00:00,228.030,228.080,226.230,226.310,536433
2025-06-27 14:30:00,226.310,227.160,226.030,226.510,424800
2025-06-27 15:00:00,226.500,226.960,226.300,226.640,602869
2025-06-30 10:00:00,224.100,226.200,223.150,224.790,1730755
2025-06-30 10:30:00,224.800,224.890,223.200,223.360,682974
2025-06-30 11:00:00,223.400,223.540,223.010,223.180,724650
2025-06-30 11:30:00,223.180,223.520,223.000,223.350,456224
2025-06-30 13:30:00,223.360,223.910,223.310,223.680,421500
2025-06-30 14:00:00,223.680,223.730,223.420,223.620,406955
2025-06-30 14:30:00,223.630,224.850,223.600,224.810,500100
2025-06-30 15:00:00,224.820,224.980,224.400,224.750,646709
2025-07-01 10:00:00,224.770,227.760,224.360,227.290,1259803
2025-07-01 10:30:00,227.290,227.300,226.080,226.780,627305
2025-07-01 11:00:00,226.780,227.070,226.360,226.590,264000
2025-07-01 11:30:00,226.560,226.800,226.350,226.640,218100
2025-07-01 13:30:00,226.690,227.770,226.440,226.770,535531
2025-07-01 14:00:00,226.820,227.500,226.560,227.100,224654
2025-07-01 14:30:00,227.170,227.440,226.800,226.860,225120
2025-07-01 15:00:00,226.860,226.920,226.400,226.500,380756
2025-07-02 10:00:00,226.960,227.930,225.310,226.000,689101
2025-07-02 10:30:00,226.190,226.270,225.550,226.020,316826
2025-07-02 11:00:00,226.020,226.790,225.860,226.400,183100
2025-07-02 11:30:00,226.490,226.760,226.150,226.750,171900
2025-07-02 13:30:00,226.730,226.770,225.820,226.060,338217
2025-07-02 14:00:00,225.880,226.450,225.810,226.000,194100
2025-07-02 14:30:00,226.030,226.200,225.400,225.410,366300
2025-07-02 15:00:00,225.450,225.700,224.500,224.990,686254
2025-07-03 10:00:00,225.210,225.990,223.820,224.440,908200
2025-07-03 10:30:00,224.490,224.770,223.950,224.050,491300
2025-07-03 11:00:00,224.050,224.080,222.600,222.880,943918
2025-07-03 11:30:00,222.870,223.650,222.860,223.170,338100
2025-07-03 13:30:00,223.190,223.210,221.220,221.500,1312349
2025-07-03 14:00:00,221.500,221.510,219.880,220.720,1511522
2025-07-03 14:30:00,220.900,220.900,219.930,220.060,1082888
2025-07-03 15:00:00,220.050,220.270,219.990,220.200,1046386
2025-07-04 10:00:00,220.910,223.790,220.000,223.340,2052942
2025-07-04 10:30:00,223.340,223.830,222.330,222.830,588008
2025-07-04 11:00:00,222.830,224.190,222.700,222.970,815310
2025-07-04 11:30:00,222.900,223.160,222.320,222.790,275800
2025-07-04 13:30:00,222.790,223.990,222.410,223.890,954118
2025-07-04 14:00:00,223.880,224.160,223.460,223.580,524800
2025-07-04 14:30:00,223.570,223.770,222.960,223.570,344471
2025-07-04 15:00:00,223.560,223.850,223.430,223.800,489948
2025-07-07 10:00:00,224.500,226.160,220.750,221.250,1865313
2025-07-07 10:30:00,221.250,221.260,218.030,218.130,2083100
2025-07-07 11:00:00,218.100,218.430,217.570,217.570,1091500
2025-07-07 11:30:00,217.590,217.690,216.990,216.990,864600
2025-07-07 13:30:00,216.990,218.010,216.960,216.980,874500
2025-07-07 14:00:00,216.970,217.240,216.600,216.610,752040
2025-07-07 14:30:00,216.600,216.610,216.110,216.150,784254
2025-07-07 15:00:00,216.150,216.660,216.030,216.410,908173
2025-07-08 10:00:00,216.410,216.980,214.110,216.910,1658042
2025-07-08 10:30:00,216.830,217.160,216.250,216.940,547529
2025-07-08 11:00:00,216.920,216.930,216.020,216.880,431910
2025-07-08 11:30:00,216.900,218.290,216.860,217.440,851163
2025-07-08 13:30:00,217.440,217.870,216.910,217.030,424937
2025-07-08 14:00:00,217.020,217.450,216.700,217.210,405100
2025-07-08 14:30:00,217.210,217.460,216.880,217.360,447600
2025-07-08 15:00:00,217.380,217.470,217.000,217.330,592200
2025-07-09 10:00:00,217.330,217.340,215.000,215.740,1890000
2025-07-09 10:30:00,215.750,216.500,215.750,216.210,841900
2025-07-09 11:00:00,216.210,216.370,215.700,215.740,706500
2025-07-09 11:30:00,215.730,215.750,215.200,215.420,634100
2025-07-09 13:30:00,215.420,215.500,215.100,215.110,797100
2025-07-09 14:00:00,215.110,215.860,215.000,215.010,1089607
2025-07-09 14:30:00,215.020,215.210,214.800,214.860,917093
2025-07-09 15:00:00,214.870,214.990,214.300,214.480,1121979
2025-07-10 10:00:00,214.490,216.280,214.130,215.510,1145856
2025-07-10 10:30:00,215.600,216.180,215.410,216.110,401112
2025-07-10 11:00:00,216.170,217.510,216.130,217.290,1295964
2025-07-10 11:30:00,217.300,217.500,217.020,217.230,440006
2025-07-10 13:30:00,217.180,218.000,217.160,217.800,720271
2025-07-10 14:00:00,217.800,218.490,217.700,218.470,874350
2025-07-10 14:30:00,218.480,219.360,218.480,218.790,1128902
2025-07-10 15:00:00,218.790,218.990,218.570,218.650,721333
2025-07-11 10:00:00,219.760,219.960,218.200,219.740,1451100
2025-07-11 10:30:00,219.810,220.640,219.510,220.060,791900
2025-07-11 11:00:00,220.000,221.130,219.980,220.730,719200
2025-07-11 11:30:00,220.710,222.620,220.500,222.510,702950
2025-07-11 13:30:00,222.530,222.980,222.060,222.200,943200
2025-07-11 14:00:00,222.200,222.490,221.760,222.040,445910
2025-07-11 14:30:00,222.020,222.480,221.970,222.200,447860
2025-07-11 15:00:00,222.210,222.460,220.980,221.080,703800
2025-07-14 10:00:00,221.080,221.750,218.350,218.570,1136000
2025-07-14 10:30:00,218.570,219.180,218.200,218.660,828722
2025-07-14 11:00:00,218.650,218.900,218.250,218.250,390900
2025-07-14 11:30:00,218.270,218.600,217.900,218.000,591800
2025-07-14 13:30:00,218.000,218.080,217.370,217.410,545800
2025-07-14 14:00:00,217.460,217.630,217.000,217.100,694256
2025-07-14 14:30:00,217.090,217.260,216.870,217.120,520166
2025-07-14 15:00:00,217.110,217.270,217.000,217.000,740480
2025-07-15 10:00:00,216.630,217.990,216.230,217.310,1145351
2025-07-15 10:30:00,217.300,217.640,215.780,216.460,940400
2025-07-15 11:00:00,216.560,216.670,216.010,216.010,280800
2025-07-15 11:30:00,216.010,216.070,215.120,215.150,574000
2025-07-15 13:30:00,215.170,215.540,214.860,215.320,589810
2025-07-15 14:00:00,215.330,215.450,215.120,215.330,254190
2025-07-15 14:30:00,215.330,216.000,215.330,215.980,278500
2025-07-15 15:00:00,215.980,216.000,215.000,215.060,939799
2025-07-16 10:00:00,214.860,216.290,214.860,215.140,1151700
2025-07-16 10:30:00,215.060,215.250,214.480,214.500,895800
2025-07-16 11:00:00,214.500,214.790,214.480,214.530,446400
2025-07-16 11:30:00,214.500,214.580,214.200,214.500,571900
2025-07-16 13:30:00,214.580,214.600,214.200,214.450,517100
2025-07-16 14:00:00,214.490,214.490,214.000,214.100,649100
2025-07-16 14:30:00,214.090,214.790,214.080,214.200,416663
2025-07-16 15:00:00,214.200,215.050,214.180,214.650,570204
2025-07-17 10:00:00,214.590,215.990,214.320,215.260,1151227
2025-07-17 10:30:00,215.260,215.500,214.260,214.360,699500
2025-07-17 11:00:00,214.350,214.410,214.060,214.180,581300
2025-07-17 11:30:00,214.340,214.550,214.080,214.170,418800
2025-07-17 13:30:00,214.180,215.400,214.170,215.380,619300
2025-07-17 14:00:00,215.380,215.840,215.000,215.780,610200
2025-07-17 14:30:00,215.780,216.470,215.760,216.430,804900
2025-07-17 15:00:00,216.410,217.190,216.410,217.180,1031574
2025-07-18 10:00:00,217.280,219.170,217.270,218.740,2202535
2025-07-18 10:30:00,218.720,218.960,217.610,218.100,739813
2025-07-18 11:00:00,218.140,218.570,217.420,218.420,634100
2025-07-18 11:30:00,218.440,219.230,218.300,218.330,680630
2025-07-18 13:30:00,218.440,220.880,217.710,219.930,1412001
2025-07-18 14:00:00,219.910,225.260,219.910,222.950,2524823
2025-07-18 14:30:00,222.990,225.520,222.670,224.870,1607545
2025-07-18 15:00:00,224.870,225.520,224.640,225.320,1517566
2025-07-21 10:00:00,225.500,226.980,224.090,225.210,1887767
2025-07-21 10:30:00,225.210,225.900,225.010,225.320,698816
2025-07-21 11:00:00,225.370,226.810,225.130,226.680,721100
2025-07-21 11:30:00,226.690,226.710,225.250,225.410,712066
2025-07-21 13:30:00,225.560,225.860,224.830,225.430,419469
2025-07-21 14:00:00,225.450,226.000,225.200,225.910,326300
2025-07-21 14:30:00,225.880,226.080,225.730,225.850,333727
2025-07-21 15:00:00,225.850,226.030,225.780,225.790,623911
2025-07-22 10:00:00,225.500,225.500,222.800,223.090,1457450
2025-07-22 10:30:00,223.110,223.790,222.150,222.200,1146300
2025-07-22 11:00:00,222.220,223.510,222.030,223.330,469997
2025-07-22 11:30:00,223.320,224.680,223.310,224.640,445100
2025-07-22 13:30:00,224.640,226.190,224.240,225.800,732700
2025-07-22 14:00:00,225.790,225.790,224.830,225.080,504200
2025-07-22 14:30:00,225.020,225.780,224.300,225.620,540220
2025-07-22 15:00:00,225.620,226.000,225.260,226.000,925703
2025-07-23 10:00:00,226.040,229.160,226.040,227.830,2330259
2025-07-23 10:30:00,227.880,229.280,227.680,228.000,944233
2025-07-23 11:00:00,228.000,228.360,227.340,228.190,377867
2025-07-23 11:30:00,228.190,230.730,228.000,230.510,1276256
2025-07-23 13:30:00,230.510,232.420,230.450,231.280,1368939
2025-07-23 14:00:00,231.270,231.310,230.150,231.060,670700
2025-07-23 14:30:00,231.070,231.440,228.500,228.960,957100
2025-07-23 15:00:00,228.960,229.130,228.290,228.500,967704
2025-07-24 10:00:00,228.740,229.780,226.000,226.840,2166807
2025-07-24 10:30:00,226.840,227.230,226.580,226.970,581350
2025-07-24 11:00:00,226.920,227.980,226.710,227.950,543240
2025-07-24 11:30:00,227.980,228.060,227.530,228.000,380800
2025-07-24 13:30:00,228.060,235.660,228.060,235.660,2826339
2025-07-24 14:00:00,235.660,236.280,230.010,230.270,2280927
2025-07-24 14:30:00,230.270,231.530,230.270,231.530,961963
2025-07-24 15:00:00,231.530,232.570,231.300,232.070,1362492
2025-07-25 10:00:00,231.960,235.930,230.180,233.720,2605959
2025-07-25 10:30:00,233.580,234.780,232.200,232.510,1137726
2025-07-25 11:00:00,232.480,233.200,231.160,231.450,721055
2025-07-25 11:30:00,231.330,232.140,231.000,231.830,440806
2025-07-25 13:30:00,231.840,232.500,231.390,231.920,389623
2025-07-25 14:00:00,231.920,233.460,231.350,233.120,592100
2025-07-25 14:30:00,233.120,233.250,231.510,232.070,649000
2025-07-25 15:00:00,231.870,232.440,231.710,231.840,635971
2025-07-28 10:00:00,232.500,233.250,230.680,233.180,1425347
2025-07-28 10:30:00,233.180,234.600,232.880,233.920,913000
2025-07-28 11:00:00,233.950,234.660,232.990,233.080,669098
2025-07-28 11:30:00,233.140,233.860,232.500,232.640,473600
2025-07-28 13:30:00,232.690,234.300,232.500,232.900,553700
2025-07-28 14:00:00,233.100,233.190,232.200,232.530,440800
2025-07-28 14:30:00,232.520,232.690,232.150,232.620,416701
2025-07-28 15:00:00,232.610,233.180,232.330,233.180,592214
2025-07-29 10:00:00,232.850,234.400,228.500,228.610,2287800
2025-07-29 10:30:00,228.600,230.310,228.010,229.700,1225738
2025-07-29 11:00:00,229.780,232.210,229.260,231.960,871903
2025-07-29 11:30:00,231.980,233.000,231.610,231.800,673721
2025-07-29 13:30:00,231.810,232.650,231.000,231.760,599709
2025-07-29 14:00:00,231.770,232.470,231.000,231.330,554360
2025-07-29 14:30:00,231.330,231.990,231.000,231.700,574893
2025-07-29 15:00:00,231.630,232.000,230.920,231.820,1136100
2025-07-30 10:00:00,231.800,240.250,228.700,240.020,4834313
2025-07-30 10:30:00,240.100,241.930,239.490,239.750,2419442
2025-07-30 11:00:00,239.750,242.000,239.750,241.000,1511257
2025-07-30 11:30:00,241.020,241.800,239.900,239.910,861887
2025-07-30 13:30:00,239.910,240.960,239.730,240.120,747031
2025-07-30 14:00:00,240.110,240.480,237.610,238.340,1309794
2025-07-30 14:30:00,238.160,238.790,236.820,238.200,1051490
2025-07-30 15:00:00,238.200,238.800,237.520,237.960,777914
2025-07-31 10:00:00,237.960,238.000,234.200,236.910,2455224
2025-07-31 10:30:00,236.910,237.250,235.350,235.700,780600
2025-07-31 11:00:00,235.700,236.730,235.100,235.980,530400
2025-07-31 11:30:00,235.980,236.500,235.160,236.000,472000
2025-07-31 13:30:00,235.980,236.250,233.070,233.120,1006184
2025-07-31 14:00:00,233.120,233.210,231.850,232.300,1046902
2025-07-31 14:30:00,232.140,232.410,230.880,230.890,806793
2025-07-31 15:00:00,230.870,231.340,229.990,231.200,1293740
2025-08-01 10:00:00,231.000,233.440,228.660,231.810,2273350
2025-08-01 10:30:00,232.100,232.120,229.170,229.710,813920
2025-08-01 11:00:00,229.650,229.750,227.780,228.120,1058300
2025-08-01 11:30:00,228.300,229.490,227.880,227.950,394250
2025-08-01 13:30:00,227.950,228.120,226.300,226.610,897797
2025-08-01 14:00:00,226.620,227.580,226.000,226.950,633100
2025-08-01 14:30:00,226.950,227.620,226.800,227.540,492500
2025-08-01 15:00:00,227.550,227.590,227.230,227.230,592242
2025-08-04 10:00:00,226.990,228.000,224.660,226.370,1848300
2025-08-04 10:30:00,226.370,226.880,225.290,225.490,600850
2025-08-04 11:00:00,225.480,226.200,224.980,224.990,551800
2025-08-04 11:30:00,224.980,225.490,224.800,225.090,457270
2025-08-04 13:30:00,225.130,225.900,225.020,225.840,545994
2025-08-04 14:00:00,225.850,225.850,225.010,225.410,558969
2025-08-04 14:30:00,225.500,226.890,225.430,226.540,715000
2025-08-04 15:00:00,226.500,227.460,226.400,227.300,589642
2025-08-05 10:00:00,227.310,227.660,226.400,227.010,859574
2025-08-05 10:30:00,227.090,227.460,226.710,227.150,347850
2025-08-05 11:00:00,227.130,227.200,226.140,226.340,379900
2025-08-05 11:30:00,226.530,226.920,226.250,226.750,182400
2025-08-05 13:30:00,226.750,227.840,226.600,227.170,487850
2025-08-05 14:00:00,227.170,228.560,226.970,227.930,498200
2025-08-05 14:30:00,227.940,228.170,227.650,228.100,290100
2025-08-05 15:00:00,227.980,228.500,227.600,228.030,614408
2025-08-06 10:00:00,228.600,229.980,227.660,228.100,993916
2025-08-06 10:30:00,228.090,228.110,226.890,226.930,468100
2025-08-06 11:00:00,226.930,227.500,226.680,227.300,269000
2025-08-06 11:30:00,227.360,227.900,226.840,227.790,259100
2025-08-06 13:30:00,227.740,227.850,226.900,226.910,329100
2025-08-06 14:00:00,226.900,227.580,226.750,227.440,420558
2025-08-06 14:30:00,227.440,228.500,226.970,228.430,559499
2025-08-06 15:00:00,228.440,228.790,228.130,228.310,743190
2025-08-07 10:00:00,228.000,235.300,227.340,233.800,3058446
2025-08-07 10:30:00,233.780,234.240,231.000,231.190,1204441
2025-08-07 11:00:00,231.190,231.980,230.370,230.900,644900
2025-08-07 11:30:00,230.910,232.450,230.540,232.160,397000
2025-08-07 13:30:00,232.160,232.760,231.480,231.810,624300
2025-08-07 14:00:00,231.810,232.000,231.110,231.380,318212
2025-08-07 14:30:00,231.370,231.680,230.740,230.940,430400
2025-08-07 15:00:00,230.930,231.280,230.590,230.790,597601
2025-08-08 10:00:00,231.610,234.620,229.180,229.520,1717770
2025-08-08 10:30:00,229.450,233.800,229.200,233.150,1057100
2025-08-08 11:00:00,233.180,235.970,232.600,233.060,1408962
2025-08-08 11:30:00,233.010,233.300,231.950,232.520,490960
2025-08-08 13:30:00,232.520,233.530,231.760,231.930,498800
2025-08-08 14:00:00,231.930,232.270,231.000,231.010,313297
2025-08-08 14:30:00,231.110,231.420,230.860,231.030,341650
2025-08-08 15:00:00,231.030,231.380,230.710,230.710,598400
2025-08-11 10:00:00,231.000,231.860,227.010,229.660,2365248
2025-08-11 10:30:00,229.590,229.790,228.210,229.090,741220
2025-08-11 11:00:00,229.090,229.850,229.080,229.800,341240
2025-08-11 11:30:00,229.780,230.360,229.580,230.240,359700
2025-08-11 13:30:00,230.250,230.790,230.060,230.300,554000
2025-08-11 14:00:00,230.300,231.350,230.200,230.900,707121
2025-08-11 14:30:00,230.900,231.400,230.090,230.590,501300
2025-08-11 15:00:00,230.600,230.690,230.000,230.500,658837
2025-08-12 10:00:00,230.500,237.200,230.100,236.200,3749330
2025-08-12 10:30:00,236.200,238.600,235.210,238.380,2440417
2025-08-12 11:00:00,238.360,238.680,235.000,235.050,1290695
2025-08-12 11:30:00,235.050,236.250,234.880,235.270,721200
2025-08-12 13:30:00,235.330,235.960,234.020,234.210,719600
2025-08-12 14:00:00,234.110,234.400,233.400,233.680,690578
2025-08-12 14:30:00,233.690,234.400,233.380,234.150,529734
2025-08-12 15:00:00,234.150,234.300,233.830,234.300,729966
2025-08-13 10:00:00,234.500,236.000,233.010,233.150,1744421
2025-08-13 10:30:00,233.160,233.880,232.530,233.310,898700
2025-08-13 11:00:00,233.440,235.340,233.030,234.960,740806
2025-08-13 11:30:00,234.960,236.490,234.670,236.200,955310
2025-08-13 13:30:00,236.100,236.700,235.200,235.870,828700
2025-08-13 14:00:00,235.870,236.470,235.500,235.620,545253
2025-08-13 14:30:00,235.610,236.130,234.620,234.750,646200
2025-08-13 15:00:00,234.760,236.490,234.700,236.490,1026400
2025-08-14 10:00:00,238.050,240.500,235.000,235.200,2591587
2025-08-14 10:30:00,235.170,236.990,235.120,236.150,795900
2025-08-14 11:00:00,236.100,236.980,234.600,234.970,974500
2025-08-14 11:30:00,234.990,235.680,234.500,234.510,544900
2025-08-14 13:30:00,234.560,234.600,232.530,233.340,1108200
2025-08-14 14:00:00,233.340,234.500,233.000,233.940,498800
2025-08-14 14:30:00,233.940,234.530,233.600,234.460,408216
2025-08-14 15:00:00,234.490,234.730,233.400,233.440,674770
2025-08-15 10:00:00,233.400,234.430,232.330,232.950,1316107
2025-08-15 10:30:00,232.990,233.330,232.160,232.400,910290
2025-08-15 11:00:00,232.420,233.380,232.270,233.100,604011
2025-08-15 11:30:00,233.110,234.700,232.650,234.700,585500
2025-08-15 13:30:00,234.640,237.470,234.620,236.620,1708496
2025-08-15 14:00:00,236.610,236.810,235.260,235.500,617400
2025-08-15 14:30:00,235.500,235.680,234.500,234.710,855700
2025-08-15 15:00:00,234.770,235.300,234.550,235.230,833759
2025-08-18 10:00:00,235.240,237.450,234.360,235.800,1814787
2025-08-18 10:30:00,235.820,236.350,235.000,235.040,961159
2025-08-18 11:00:00,235.050,236.700,234.940,236.600,917402
2025-08-18 11:30:00,236.620,237.770,236.340,237.330,1047800
2025-08-18 13:30:00,237.370,238.000,236.380,236.720,1083445
2025-08-18 14:00:00,236.730,236.990,235.800,235.810,799562
2025-08-18 14:30:00,235.820,236.180,235.110,235.840,757347
2025-08-18 15:00:00,235.840,236.870,235.800,236.650,699837
2025-08-19 10:00:00,236.650,238.490,236.180,236.600,1835407
2025-08-19 10:30:00,236.600,236.990,235.700,236.000,933153
2025-08-19 11:00:00,236.000,237.300,235.510,235.510,696249
2025-08-19 11:30:00,235.510,236.540,235.500,235.990,385790
2025-08-19 13:30:00,235.990,236.790,235.710,235.950,562610
2025-08-19 14:00:00,235.950,235.950,234.620,234.710,919690
2025-08-19 14:30:00,234.750,235.480,234.140,234.640,777700
2025-08-19 15:00:00,234.600,235.020,234.180,234.180,787089
2025-08-20 10:00:00,233.700,235.020,231.800,233.950,1847224
2025-08-20 10:30:00,233.950,234.070,233.030,233.780,547300
2025-08-20 11:00:00,233.780,235.360,233.640,234.200,608347
2025-08-20 11:30:00,234.100,234.990,233.500,233.890,484677
2025-08-20 13:30:00,234.100,234.450,233.110,234.000,468054
2025-08-20 14:00:00,234.080,234.500,233.860,234.360,308669
2025-08-20 14:30:00,234.360,235.880,234.340,235.720,850502
2025-08-20 15:00:00,235.730,236.990,235.690,236.560,1105485
2025-08-21 10:00:00,236.980,246.500,236.900,243.770,5956886
2025-08-21 10:30:00,243.770,245.880,243.740,244.770,1892428
2025-08-21 11:00:00,244.760,246.400,244.480,245.270,1267121
2025-08-21 11:30:00,245.250,245.980,243.150,245.800,910100
2025-08-21 13:30:00,245.800,248.830,245.660,248.000,2532539
2025-08-21 14:00:00,248.150,248.200,246.660,246.980,1219100
2025-08-21 14:30:00,247.000,247.280,245.750,246.520,1234952
2025-08-21 15:00:00,246.530,246.600,245.660,245.710,1520156
2025-08-22 10:00:00,245.490,247.000,243.340,244.870,2287101
2025-08-22 10:30:00,244.980,245.180,243.000,243.550,1142149
2025-08-22 11:00:00,243.550,244.140,243.050,243.740,761100
2025-08-22 11:30:00,243.860,243.940,242.200,242.980,1069200
2025-08-22 13:30:00,242.980,244.830,242.860,243.750,878127
2025-08-22 14:00:00,243.790,244.490,243.510,244.200,665600
2025-08-22 14:30:00,244.180,244.720,243.340,244.020,828020
2025-08-22 15:00:00,244.140,244.370,243.660,244.250,1501178
2025-08-25 10:00:00,246.460,246.490,244.010,244.560,2706025
2025-08-25 10:30:00,244.590,246.500,244.510,246.160,1098283
2025-08-25 11:00:00,246.200,246.950,244.600,246.950,1115292
2025-08-25 11:30:00,246.860,247.180,244.500,245.160,1023239
2025-08-25 13:30:00,245.150,245.500,243.300,243.580,1223819
2025-08-25 14:00:00,243.580,244.500,243.270,244.130,606923
2025-08-25 14:30:00,244.100,245.200,243.580,245.080,559173
2025-08-25 15:00:00,245.080,245.500,244.450,245.500,1145517
2025-08-26 10:00:00,244.110,247.390,244.000,246.060,2102023
2025-08-26 10:30:00,245.870,246.200,244.350,244.660,1009235
2025-08-26 11:00:00,244.660,245.930,244.020,245.800,616600
2025-08-26 11:30:00,245.790,250.260,245.700,249.370,2383453
2025-08-26 13:30:00,249.180,249.580,247.100,247.110,1080348
2025-08-26 14:00:00,247.130,249.000,246.890,248.990,777546
2025-08-26 14:30:00,248.870,248.990,247.850,247.880,680640
2025-08-26 15:00:00,247.940,247.980,246.280,246.770,1360879
2025-08-27 10:00:00,245.600,250.960,245.560,248.000,2693355
2025-08-27 10:30:00,248.090,249.450,247.880,248.840,1131840
2025-08-27 11:00:00,248.780,250.360,248.700,249.720,1279361
2025-08-27 11:30:00,249.720,256.490,249.680,254.890,3104601
2025-08-27 13:30:00,254.890,257.000,254.160,255.920,2046136
2025-08-27 14:00:00,255.920,256.230,251.000,251.140,1944313
2025-08-27 14:30:00,251.290,252.680,249.100,249.130,1797837
2025-08-27 15:00:00,249.130,250.520,247.300,247.310,2320606
2025-08-28 10:00:00,243.000,251.000,242.580,247.410,5517647
2025-08-28 10:30:00,247.390,248.960,247.060,248.500,1494200
2025-08-28 11:00:00,248.620,250.000,246.590,246.730,1310587
2025-08-28 11:30:00,246.770,248.000,245.000,245.670,1402693
2025-08-28 13:30:00,245.730,245.900,241.770,241.870,2720564
2025-08-28 14:00:00,241.890,243.010,240.510,242.600,1796659
2025-08-28 14:30:00,242.590,247.260,242.590,245.760,1497400
2025-08-28 15:00:00,245.760,247.080,245.430,247.080,1612224
2025-08-29 10:00:00,244.340,246.660,241.600,242.700,3350206
2025-08-29 10:30:00,242.700,244.990,242.550,244.770,1378520
2025-08-29 11:00:00,244.660,245.560,243.680,243.680,1230100
2025-08-29 11:30:00,243.670,244.600,242.710,243.580,1066151
2025-08-29 13:30:00,243.580,244.500,242.360,242.500,1224094
2025-08-29 14:00:00,242.500,243.530,242.260,243.510,1000400
2025-08-29 14:30:00,243.510,243.960,242.790,243.200,1069700
2025-08-29 15:00:00,243.220,243.630,242.580,242.790,1471071
2025-09-01 10:00:00,244.420,246.440,242.520,244.000,2701710
2025-09-01 10:30:00,244.000,248.350,243.550,246.830,2355537
2025-09-01 11:00:00,246.830,247.500,245.300,245.310,898520
2025-09-01 11:30:00,245.310,245.370,243.800,244.040,907200
2025-09-01 13:30:00,244.040,245.120,243.690,244.000,1070200
2025-09-01 14:00:00,244.000,245.280,243.710,244.370,1003900
2025-09-01 14:30:00,244.380,246.000,244.090,245.970,965999
2025-09-01 15:00:00,245.990,246.480,245.890,246.480,1061900
2025-09-02 10:00:00,246.260,250.750,244.400,248.980,2743870
2025-09-02 10:30:00,248.900,249.000,245.770,246.810,1162100
2025-09-02 11:00:00,246.810,246.930,243.410,243.420,1251050
2025-09-02 11:30:00,243.420,244.500,242.260,243.130,1289174
2025-09-02 13:30:00,243.130,243.400,240.780,241.240,1535162
2025-09-02 14:00:00,241.200,243.900,241.200,242.750,851081
2025-09-02 14:30:00,242.750,243.660,241.900,242.100,749910
2025-09-02 15:00:00,242.100,243.000,241.930,242.160,911229
2025-09-03 10:00:00,241.960,243.980,240.580,242.360,2065670
2025-09-03 10:30:00,242.360,243.060,240.700,240.800,1032323
2025-09-03 11:00:00,240.800,244.160,239.560,241.840,1500850
2025-09-03 11:30:00,241.840,242.040,240.010,240.120,583100
2025-09-03 13:30:00,240.070,241.000,239.790,240.560,632057
2025-09-03 14:00:00,240.560,240.590,238.880,239.250,1042541
2025-09-03 14:30:00,239.250,240.130,238.880,239.320,770616
2025-09-03 15:00:00,239.440,239.570,238.010,238.810,1160886
2025-09-04 10:00:00,238.970,240.810,237.950,238.460,2021340
2025-09-04 10:30:00,238.260,239.110,237.010,237.800,1303300
2025-09-04 11:00:00,237.560,237.780,235.450,236.160,1378869
2025-09-04 11:30:00,236.270,237.000,234.550,234.990,1024000
2025-09-04 13:30:00,235.000,235.620,233.540,234.880,940600
2025-09-04 14:00:00,234.890,235.110,233.780,234.310,630383
2025-09-04 14:30:00,234.270,234.500,232.600,232.700,1174813
2025-09-04 15:00:00,232.790,234.000,231.310,233.500,1312348
2025-09-05 10:00:00,233.400,235.770,231.460,235.640,1918050
2025-09-05 10:30:00,235.610,235.620,233.510,234.350,842900
2025-09-05 11:00:00,234.330,235.100,233.810,234.320,760257
2025-09-05 11:30:00,234.300,234.880,233.850,234.350,474500
2025-09-05 13:30:00,234.430,236.900,234.090,236.430,982205
2025-09-05 14:00:00,236.370,236.640,235.660,236.280,481042
2025-09-05 14:30:00,236.360,237.370,236.360,237.230,872486
2025-09-05 15:00:00,237.220,238.610,237.210,237.960,1143813
2025-09-08 10:00:00,236.000,251.600,236.000,249.070,6863828
2025-09-08 10:30:00,249.070,252.950,247.550,249.480,3377705
2025-09-08 11:00:00,249.450,250.870,248.120,249.300,1100097
2025-09-08 11:30:00,249.300,249.800,248.220,248.840,778300
2025-09-08 13:30:00,248.830,249.530,248.500,249.370,843640
2025-09-08 14:00:00,249.370,249.400,248.230,248.660,837406
2025-09-08 14:30:00,248.680,248.690,247.730,248.240,1017794
2025-09-08 15:00:00,248.350,248.800,247.670,248.040,1277503
2025-09-09 10:00:00,246.330,248.040,244.200,244.950,3409429
2025-09-09 10:30:00,244.950,245.000,243.600,244.210,1359100
2025-09-09 11:00:00,244.210,244.660,243.600,243.970,781246
2025-09-09 11:30:00,243.960,244.050,242.100,242.190,1186882
2025-09-09 13:30:00,242.300,242.910,241.390,241.660,1186800
2025-09-09 14:00:00,241.660,241.880,240.050,240.860,1236931
2025-09-09 14:30:00,240.860,242.500,240.610,241.320,1061514
2025-09-09 15:00:00,241.370,241.800,240.900,241.000,1250952
2025-09-10 10:00:00,240.960,241.930,240.050,240.490,1695799
2025-09-10 10:30:00,240.600,240.620,238.070,238.310,1389991
2025-09-10 11:00:00,238.310,238.560,237.650,238.250,911121
2025-09-10 11:30:00,238.250,239.880,237.960,238.840,468339
2025-09-10 13:30:00,239.060,240.480,238.360,240.320,578700
2025-09-10 14:00:00,240.310,240.390,239.010,239.710,393213
2025-09-10 14:30:00,239.710,240.000,239.180,239.320,375300
2025-09-10 15:00:00,239.350,239.780,238.710,238.710,647722
2025-09-11 10:00:00,237.700,239.500,236.410,238.200,1751084
2025-09-11 10:30:00,238.190,239.830,238.060,239.210,840881
2025-09-11 11:00:00,239.210,240.450,238.770,240.010,606199
2025-09-11 11:30:00,240.130,241.880,240.130,241.700,912748
2025-09-11 13:30:00,241.840,242.660,241.060,241.320,875250
2025-09-11 14:00:00,241.320,242.000,240.550,241.600,571420
2025-09-11 14:30:00,241.590,242.250,241.360,242.250,656300
2025-09-11 15:00:00,242.260,243.950,242.230,243.740,1362920
2025-09-12 10:00:00,243.700,247.250,242.550,242.820,1903783
2025-09-12 10:30:00,242.820,243.440,241.560,242.350,959759
2025-09-12 11:00:00,242.330,243.000,241.150,241.380,683800
2025-09-12 11:30:00,241.310,242.170,240.780,241.460,707552
2025-09-12 13:30:00,241.460,242.170,240.820,241.730,636700
2025-09-12 14:00:00,241.710,242.480,241.210,241.240,566100
2025-09-12 14:30:00,241.210,241.570,240.780,241.110,623800
2025-09-12 15:00:00,241.110,241.580,240.950,240.990,775419
2025-09-15 10:00:00,241.500,242.500,239.810,240.390,1570439
2025-09-15 10:30:00,240.390,241.890,240.020,241.730,690567
2025-09-15 11:00:00,241.730,242.530,240.810,241.050,785100
2025-09-15 11:30:00,240.900,241.130,239.660,240.330,862602
2025-09-15 13:30:00,240.340,240.410,239.000,239.870,919050
2025-09-15 14:00:00,239.900,240.400,239.200,240.000,515675
2025-09-15 14:30:00,239.980,240.350,239.590,239.590,659900
2025-09-15 15:00:00,239.600,240.380,239.570,239.600,784170
2025-09-16 10:00:00,239.700,241.990,239.600,240.400,1280690
2025-09-16 10:30:00,240.220,242.230,239.740,239.830,836700
2025-09-16 11:00:00,239.850,240.000,238.500,238.600,978100
2025-09-16 11:30:00,238.650,239.240,238.550,238.950,471900
2025-09-16 13:30:00,238.930,240.300,238.710,239.030,664800
2025-09-16 14:00:00,239.030,239.980,238.800,239.970,364635
2025-09-16 14:30:00,239.970,240.700,239.330,239.350,493701
2025-09-16 15:00:00,239.360,239.810,239.300,239.600,682192
2025-09-17 10:00:00,239.600,242.480,239.090,239.440,1382122
2025-09-17 10:30:00,239.440,239.790,238.070,238.210,969796
2025-09-17 11:00:00,238.210,240.000,238.100,239.980,605561
2025-09-17 11:30:00,239.900,240.090,238.880,238.920,667700
2025-09-17 13:30:00,239.010,239.630,238.660,238.840,611515
2025-09-17 14:00:00,238.850,239.560,238.500,239.390,529100
2025-09-17 14:30:00,239.470,239.880,239.150,239.390,517100
2025-09-17 15:00:00,239.500,239.650,239.000,239.390,755541
2025-09-18 10:00:00,239.980,242.000,239.400,240.030,1630472
2025-09-18 10:30:00,240.000,241.850,239.880,241.650,977350
2025-09-18 11:00:00,241.680,242.990,240.310,241.970,1363492
2025-09-18 11:30:00,241.970,242.210,240.990,241.590,720200
2025-09-18 13:30:00,241.660,242.680,240.710,240.900,1132516
2025-09-18 14:00:00,240.900,241.190,239.610,239.630,803500
2025-09-18 14:30:00,239.630,239.880,237.000,237.340,1616961
2025-09-18 15:00:00,237.340,238.200,236.510,237.800,1647481
2025-09-19 10:00:00,238.500,240.780,236.550,236.800,1805279
2025-09-19 10:30:00,236.820,238.800,236.300,238.490,889946
2025-09-19 11:00:00,238.400,239.370,236.800,236.980,650700
2025-09-19 11:30:00,236.980,237.740,236.710,237.400,408971
2025-09-19 13:30:00,237.620,238.290,236.380,236.420,648855
2025-09-19 14:00:00,236.420,236.600,235.780,235.990,1054045
2025-09-19 14:30:00,236.000,236.840,235.900,236.690,667300
2025-09-19 15:00:00,236.710,236.710,235.000,235.000,1425731
2025-09-22 10:00:00,236.080,240.250,236.080,237.930,3090797
2025-09-22 10:30:00,237.930,238.380,236.220,237.580,976500
2025-09-22 11:00:00,237.570,237.840,236.400,236.740,615825
2025-09-22 11:30:00,236.740,236.890,235.600,236.150,568100
2025-09-22 13:30:00,236.150,237.260,235.980,236.700,546282
2025-09-22 14:00:00,236.710,236.820,236.000,236.120,597618
2025-09-22 14:30:00,236.140,236.490,235.800,236.490,568326
2025-09-22 15:00:00,236.310,237.150,236.310,237.150,595945
2025-09-23 10:00:00,236.280,236.730,233.600,233.650,2137810
2025-09-23 10:30:00,233.820,233.990,231.650,231.880,1833528
2025-09-23 11:00:00,231.890,232.490,231.080,231.570,1076806
2025-09-23 11:30:00,231.600,231.610,230.000,230.850,871329
2025-09-23 13:30:00,230.800,231.350,230.090,231.350,724050
2025-09-23 14:00:00,231.300,231.990,230.850,231.940,521399
2025-09-23 14:30:00,231.940,232.800,230.860,232.730,666021
2025-09-23 15:00:00,232.680,234.050,231.980,233.500,1177489
2025-09-24 10:00:00,232.600,235.870,232.600,234.200,1430833
2025-09-24 10:30:00,234.200,234.330,233.210,233.620,488098
2025-09-24 11:00:00,233.620,234.290,233.010,234.120,430672
2025-09-24 11:30:00,234.120,234.280,233.080,234.190,607000
2025-09-24 13:30:00,234.200,234.440,233.010,234.020,673193
2025-09-24 14:00:00,234.020,234.190,233.460,233.460,578755
2025-09-24 14:30:00,233.460,233.770,233.200,233.420,625798
2025-09-24 15:00:00,233.420,233.890,233.300,233.890,697151
2025-09-25 10:00:00,233.680,235.630,232.720,235.220,1894953
2025-09-25 10:30:00,235.220,237.280,234.500,236.850,1439995
2025-09-25 11:00:00,236.850,237.650,236.510,237.310,1213890
2025-09-25 11:30:00,237.310,240.200,237.140,240.190,1855867
2025-09-25 13:30:00,240.180,244.680,238.610,242.790,3501824
2025-09-25 14:00:00,242.790,244.880,242.000,244.750,2471721
2025-09-25 14:30:00,244.760,246.450,244.600,245.760,2165661
2025-09-25 15:00:00,245.770,246.000,244.880,245.000,1651600
2025-09-26 10:00:00,244.360,244.360,241.200,241.400,2325047
2025-09-26 10:30:00,241.430,242.700,241.050,241.990,1057390
2025-09-26 11:00:00,241.990,242.480,240.910,241.020,668023
2025-09-26 11:30:00,241.020,241.760,240.880,241.240,507700
2025-09-26 13:30:00,241.250,241.260,240.220,240.720,610500
2025-09-26 14:00:00,240.710,241.000,240.250,240.250,475800
2025-09-26 14:30:00,240.250,240.450,239.560,239.650,905054
2025-09-26 15:00:00,239.650,239.830,238.300,238.550,1358581
2025-09-29 10:00:00,238.550,238.680,234.610,234.840,2294057
2025-09-29 10:30:00,234.830,235.760,234.330,235.550,941600
2025-09-29 11:00:00,235.630,236.550,234.900,236.040,640800
2025-09-29 11:30:00,236.020,236.080,235.000,235.240,471000
2025-09-29 13:30:00,235.240,235.550,234.880,235.220,694700
2025-09-29 14:00:00,235.200,238.720,235.200,238.720,970189
2025-09-29 14:30:00,238.740,240.380,237.670,239.750,1327655
2025-09-29 15:00:00,239.630,239.800,238.500,239.000,891519
2025-09-30 10:00:00,238.790,240.600,237.800,238.180,1321101
2025-09-30 10:30:00,238.230,240.350,237.800,239.050,918415
2025-09-30 11:00:00,239.120,241.660,239.020,241.070,879410
2025-09-30 11:30:00,241.070,241.400,240.010,240.280,508100
2025-09-30 13:30:00,240.200,243.340,240.010,243.340,1336634
2025-09-30 14:00:00,243.340,246.650,242.940,245.830,2818988
2025-09-30 14:30:00,245.600,246.280,244.860,245.840,988500
2025-09-30 15:00:00,245.830,246.250,245.270,245.690,1506280
2025-10-09 10:00:00,244.000,245.450,240.510,240.860,2870736
2025-10-09 10:30:00,240.860,242.210,240.010,242.090,1424445
2025-10-09 11:00:00,242.210,243.950,241.700,243.240,1042292
2025-10-09 11:30:00,243.110,244.000,243.000,243.020,570710
2025-10-09 13:30:00,243.040,243.700,242.080,243.000,688900
2025-10-09 14:00:00,242.970,245.950,242.970,244.720,832552
2025-10-09 14:30:00,244.740,246.000,244.660,245.550,903630
2025-10-09 15:00:00,245.550,248.980,245.530,248.240,2609522
2025-10-10 10:00:00,246.300,247.000,243.660,244.280,1961581
2025-10-10 10:30:00,244.260,245.500,243.730,244.800,902550
2025-10-10 11:00:00,244.870,245.300,243.260,243.290,903800
2025-10-10 11:30:00,243.290,243.710,243.060,243.650,564900
2025-10-10 13:30:00,243.450,243.890,242.950,243.280,665700
2025-10-10 14:00:00,243.270,244.460,243.260,244.250,540220
2025-10-10 14:30:00,244.250,244.300,243.020,243.020,767200
2025-10-10 15:00:00,243.050,243.180,241.720,242.000,1464200
2025-10-13 10:00:00,238.000,239.980,235.660,236.140,3531992
2025-10-13 10:30:00,236.100,237.000,235.200,236.600,1374800
2025-10-13 11:00:00,236.630,237.220,236.020,236.100,624372
2025-10-13 11:30:00,236.100,236.100,234.350,234.390,1440100
2025-10-13 13:30:00,234.380,234.500,233.050,234.150,1250150
2025-10-13 14:00:00,234.150,234.850,233.820,234.520,721300
2025-10-13 14:30:00,234.510,235.200,234.070,234.780,818800
2025-10-13 15:00:00,234.780,235.790,234.770,235.200,1022150
2025-10-14 10:00:00,237.700,239.790,235.800,238.300,2200273
2025-10-14 10:30:00,238.300,239.260,236.610,236.950,955591
2025-10-14 11:00:00,236.940,237.880,235.300,235.350,804400
2025-10-14 11:30:00,235.350,236.270,235.000,235.270,623100
2025-10-14 13:30:00,235.300,235.490,233.360,233.910,1193750
2025-10-14 14:00:00,233.870,234.000,231.570,231.960,1651800
2025-10-14 14:30:00,231.960,231.990,230.230,230.730,1628733
2025-10-14 15:00:00,230.750,231.140,230.290,230.680,1363459
2025-10-15 10:00:00,232.000,233.430,230.800,231.420,1989697
2025-10-15 10:30:00,231.500,232.330,230.010,231.300,1108501
2025-10-15 11:00:00,231.270,231.510,230.110,230.120,679819
2025-10-15 11:30:00,230.150,230.600,230.010,230.430,624500
2025-10-15 13:30:00,230.240,230.510,229.700,230.250,976227
2025-10-15 14:00:00,230.250,230.400,229.800,230.280,679100
2025-10-15 14:30:00,230.390,231.450,230.000,231.080,809104
2025-10-15 15:00:00,231.110,231.700,230.310,230.500,1345407
2025-10-16 10:00:00,230.510,232.340,229.100,232.150,1470324
2025-10-16 10:30:00,232.150,233.950,232.010,232.490,1200277
2025-10-16 11:00:00,232.330,233.100,231.630,232.420,514000
2025-10-16 11:30:00,232.420,232.540,231.060,231.070,398600
2025-10-16 13:30:00,231.070,231.340,230.010,230.280,697663
2025-10-16 14:00:00,230.200,231.280,229.830,230.600,637700
2025-10-16 14:30:00,230.600,231.280,230.420,230.530,500800
2025-10-16 15:00:00,230.530,230.980,230.510,230.930,628189
2025-10-17 10:00:00,230.030,231.490,227.560,227.600,2189795
2025-10-17 10:30:00,227.610,227.860,226.870,227.700,1151620
2025-10-17 11:00:00,227.680,228.440,227.280,227.480,472253
2025-10-17 11:30:00,227.350,227.930,226.940,226.950,462168
2025-10-17 13:30:00,226.950,227.150,226.220,226.540,752498
2025-10-17 14:00:00,226.560,226.990,225.740,226.020,745207
2025-10-17 14:30:00,226.010,226.370,225.590,225.670,593001
2025-10-17 15:00:00,225.640,226.010,225.280,225.500,1084088
2025-10-20 10:00:00,227.020,227.810,225.650,226.250,1346317
2025-10-20 10:30:00,226.330,226.330,224.800,225.200,892520
2025-10-20 11:00:00,225.200,226.040,224.800,224.870,599744
2025-10-20 11:30:00,224.900,225.300,224.610,224.800,434038
2025-10-20 13:30:00,224.840,225.070,224.050,224.110,697800
2025-10-20 14:00:00,224.140,224.320,223.610,223.620,712000
2025-10-20 14:30:00,223.620,223.630,222.760,222.910,902550
2025-10-20 15:00:00,222.900,223.800,222.730,223.470,667093
2025-10-21 10:00:00,223.470,226.950,223.350,225.860,1733672
2025-10-21 10:30:00,225.870,225.980,224.050,224.440,718700
2025-10-21 11:00:00,224.500,224.610,223.580,223.720,797400
2025-10-21 11:30:00,223.790,224.380,223.370,224.040,740195
2025-10-21 13:30:00,224.040,224.220,223.240,224.000,851581
2025-10-21 14:00:00,223.990,224.170,223.410,223.450,417880
2025-10-21 14:30:00,223.450,223.960,223.410,223.770,479130
2025-10-21 15:00:00,223.780,223.900,223.500,223.570,778512
2025-10-22 10:00:00,222.670,223.500,221.340,221.920,1544466
2025-10-22 10:30:00,221.910,222.290,221.400,222.130,618150
2025-10-22 11:00:00,222.140,222.280,221.450,221.470,427050
2025-10-22 11:30:00,221.460,221.470,220.850,221.000,629023
2025-10-22 13:30:00,221.000,221.340,220.400,220.880,680300
2025-10-22 14:00:00,220.880,221.200,220.430,220.450,570400
2025-10-22 14:30:00,220.450,220.770,220.220,220.720,571028
2025-10-22 15:00:00,220.740,220.880,220.110,220.200,949037
2025-10-23 10:00:00,220.310,221.580,219.220,219.260,1261959
2025-10-23 10:30:00,219.260,220.070,219.020,219.730,733554
2025-10-23 11:00:00,219.800,220.190,219.180,219.240,502800
2025-10-23 11:30:00,219.220,220.260,219.200,219.300,339800
2025-10-23 13:30:00,219.470,219.560,219.310,219.400,318806
2025-10-23 14:00:00,219.410,219.860,219.320,219.660,382094
2025-10-23 14:30:00,219.660,221.170,219.660,220.890,610689
2025-10-23 15:00:00,220.960,222.180,220.890,221.800,852933
2025-10-24 10:00:00,221.850,222.980,221.650,221.820,1337160
2025-10-24 10:30:00,221.820,222.090,221.000,221.190,629500
2025-10-24 11:00:00,221.160,221.580,220.850,221.350,301800
2025-10-24 11:30:00,221.320,221.480,220.900,221.000,323800
2025-10-24 13:30:00,221.000,221.570,220.930,221.210,385150
2025-10-24 14:00:00,221.210,221.460,220.850,221.440,405600
2025-10-24 14:30:00,221.460,221.550,220.980,221.350,435800
2025-10-24 15:00:00,221.330,221.580,221.180,221.550,570016
2025-10-27 10:00:00,222.980,224.700,222.520,223.340,2239760
2025-10-27 10:30:00,223.300,224.100,222.760,222.830,741507
2025-10-27 11:00:00,222.840,223.110,222.110,222.390,503578
2025-10-27 11:30:00,222.330,222.550,221.910,222.080,512236
2025-10-27 13:30:00,222.060,222.780,221.910,222.350,505000
2025-10-27 14:00:00,222.360,223.150,222.220,222.830,487800
2025-10-27 14:30:00,222.830,224.020,222.760,223.180,796833
2025-10-27 15:00:00,223.250,223.600,222.700,223.300,755615
2025-10-28 10:00:00,223.510,223.830,222.470,223.620,1054136
2025-10-28 10:30:00,223.620,225.200,223.590,225.200,1165438
2025-10-28 11:00:00,225.180,225.740,224.700,225.720,751290
2025-10-28 11:30:00,225.700,226.360,225.270,226.010,711829
2025-10-28 13:30:00,226.050,226.230,224.600,225.000,586700
2025-10-28 14:00:00,225.010,225.120,224.030,225.060,514300
2025-10-28 14:30:00,224.990,225.110,224.560,224.900,344506
2025-10-28 15:00:00,224.880,225.100,224.730,225.090,808000
2025-10-29 10:00:00,224.490,224.690,220.000,220.800,2683679
2025-10-29 10:30:00,220.800,220.940,218.280,218.980,1963200
2025-10-29 11:00:00,218.990,219.020,218.380,218.510,924945
2025-10-29 11:30:00,218.520,220.400,218.520,220.100,684196
2025-10-29 13:30:00,220.000,220.870,219.800,220.770,673976
2025-10-29 14:00:00,220.770,221.950,220.750,221.120,664900
2025-10-29 14:30:00,221.120,222.000,220.840,221.810,588900
2025-10-29 15:00:00,221.850,223.040,221.810,222.830,950931
2025-10-30 10:00:00,220.000,224.500,220.000,221.120,2932656
2025-10-30 10:30:00,221.100,222.130,220.350,221.180,1062288
2025-10-30 11:00:00,221.180,221.480,220.000,220.000,875272
2025-10-30 11:30:00,220.010,220.760,220.000,220.040,661507
2025-10-30 13:30:00,220.050,220.200,219.530,219.810,1144427
2025-10-30 14:00:00,219.810,219.840,219.000,219.000,1022100
2025-10-30 14:30:00,219.020,219.020,217.100,217.620,1903601
2025-10-30 15:00:00,217.580,217.750,216.000,216.690,2371813
2025-10-31 10:00:00,215.500,216.480,212.130,215.960,2772329
2025-10-31 10:30:00,215.950,216.820,215.010,215.160,971100
2025-10-31 11:00:00,215.190,216.410,214.500,215.780,1300744
2025-10-31 11:30:00,215.750,215.780,214.530,214.560,877800
2025-10-31 13:30:00,214.560,216.300,213.820,215.830,1767040
2025-10-31 14:00:00,215.830,216.890,215.400,215.890,1350300
2025-10-31 14:30:00,215.870,216.250,215.050,215.610,848800
2025-10-31 15:00:00,215.650,215.740,215.030,215.040,980083
2025-11-03 10:00:00,215.030,216.380,212.200,212.300,2517255
2025-11-03 10:30:00,212.280,213.620,212.000,212.340,1574283
2025-11-03 11:00:00,212.330,212.610,212.030,212.290,828852
2025-11-03 11:30:00,212.280,212.370,211.500,212.000,945607
2025-11-03 13:30:00,212.000,212.730,211.910,212.300,669200
2025-11-03 14:00:00,212.250,212.350,212.010,212.030,647500
2025-11-03 14:30:00,212.120,212.500,211.800,211.850,839200
2025-11-03 15:00:00,211.850,212.130,211.510,212.010,1289138
2025-11-04 10:00:00,211.500,212.880,210.390,210.800,1800600
2025-11-04 10:30:00,210.690,211.020,210.120,210.460,825500
2025-11-04 11:00:00,210.460,210.460,208.510,208.740,1764100
2025-11-04 11:30:00,208.740,208.830,207.290,207.430,1496799
2025-11-04 13:30:00,207.430,208.630,207.300,207.980,933099
2025-11-04 14:00:00,207.980,208.130,206.580,206.980,1611273
2025-11-04 14:30:00,206.980,206.980,205.050,205.190,2162827
2025-11-04 15:00:00,205.170,207.250,205.050,207.000,2006456
2025-11-05 10:00:00,205.110,208.970,204.550,207.950,3167100
2025-11-05 10:30:00,207.950,208.100,206.660,207.430,822643
2025-11-05 11:00:00,207.420,207.580,206.690,207.130,407600
2025-11-05 11:30:00,207.130,207.770,207.130,207.200,505800
2025-11-05 13:30:00,207.200,207.800,206.800,207.000,444200
2025-11-05 14:00:00,207.010,207.800,207.000,207.270,454500
2025-11-05 14:30:00,207.270,207.970,207.230,207.960,389100
2025-11-05 15:00:00,207.960,208.000,206.010,206.270,1267489
2025-11-06 10:00:00,206.700,207.190,205.730,206.390,1642544
2025-11-06 10:30:00,206.390,207.390,206.200,207.390,611940
2025-11-06 11:00:00,207.310,207.890,207.080,207.660,811800
2025-11-06 11:30:00,207.600,207.810,207.120,207.190,352800
2025-11-06 13:30:00,207.170,207.300,206.810,207.070,514698
2025-11-06 14:00:00,207.080,207.400,206.910,206.970,430900
2025-11-06 14:30:00,207.050,207.440,206.980,207.090,467700
2025-11-06 15:00:00,207.090,207.200,206.310,206.350,1193500
2025-11-07 10:00:00,206.230,206.500,204.550,205.310,1854882
2025-11-07 10:30:00,205.320,205.960,204.980,205.580,667658
2025-11-07 11:00:00,205.600,207.270,205.600,206.970,867900
2025-11-07 11:30:00,206.970,207.100,206.020,206.150,414400
2025-11-07 13:30:00,206.120,206.780,206.120,206.260,306799
2025-11-07 14:00:00,206.260,206.590,205.810,206.020,506100
2025-11-07 14:30:00,206.000,206.150,205.610,205.680,527000
2025-11-07 15:00:00,205.700,205.920,205.610,205.790,766887
2025-11-10 10:00:00,205.500,206.640,205.050,205.700,1588591
2025-11-10 10:30:00,205.700,207.690,205.600,207.200,1233700
2025-11-10 11:00:00,207.200,208.780,207.170,208.200,1518800
2025-11-10 11:30:00,208.020,208.660,207.880,208.320,608500
2025-11-10 13:30:00,208.340,209.650,208.330,208.810,1261000
2025-11-10 14:00:00,208.850,209.080,208.340,208.800,596600
2025-11-10 14:30:00,208.800,209.340,208.600,209.180,547221
2025-11-10 15:00:00,209.190,209.360,208.880,209.350,802402
2025-11-11 10:00:00,208.800,208.980,207.000,207.690,2127000
2025-11-11 10:30:00,207.610,208.210,207.510,207.730,517700
2025-11-11 11:00:00,207.730,208.070,207.470,207.470,386213
2025-11-11 11:30:00,207.470,208.120,207.260,207.990,398600
2025-11-11 13:30:00,207.970,209.600,207.720,208.670,606000
2025-11-11 14:00:00,208.670,209.070,208.620,208.620,515100
2025-11-11 14:30:00,208.630,209.410,208.620,209.400,618600
2025-11-11 15:00:00,209.400,209.400,208.500,208.700,926821
2025-11-12 10:00:00,207.790,210.880,207.790,210.200,2509420
2025-11-12 10:30:00,210.200,210.470,209.520,210.010,914994
2025-11-12 11:00:00,210.020,210.680,209.880,210.410,867370
2025-11-12 11:30:00,210.410,210.670,209.650,210.010,778300
2025-11-12 13:30:00,210.000,210.220,208.810,209.100,663200
2025-11-12 14:00:00,209.110,209.590,209.000,209.150,371403
2025-11-12 14:30:00,209.140,209.280,208.560,208.850,554580
2025-11-12 15:00:00,208.850,209.130,208.200,208.200,817320
2025-11-13 10:00:00,208.580,209.190,207.330,208.470,1313614
2025-11-13 10:30:00,208.470,208.480,207.210,207.390,1100200
2025-11-13 11:00:00,207.390,207.900,207.380,207.520,559900
2025-11-13 11:30:00,207.560,208.480,207.550,208.480,515500
2025-11-13 13:30:00,208.480,208.780,208.120,208.160,589300
2025-11-13 14:00:00,208.160,208.440,207.800,208.190,438900
2025-11-13 14:30:00,208.190,208.450,207.900,208.010,423800
2025-11-13 15:00:00,208.150,208.440,208.000,208.210,755969
2025-11-14 10:00:00,207.500,209.670,207.200,209.180,1840534
2025-11-14 10:30:00,209.180,209.400,208.630,209.070,498456
2025-11-14 11:00:00,209.060,209.490,208.650,209.090,440400
2025-11-14 11:30:00,209.170,209.430,208.710,208.930,460964
2025-11-14 13:30:00,209.040,209.040,208.510,208.700,357780
2025-11-14 14:00:00,208.700,209.200,208.690,208.860,261900
2025-11-14 14:30:00,208.850,208.870,208.220,208.450,422405
2025-11-14 15:00:00,208.460,208.620,207.600,207.700,869850
2025-11-17 10:00:00,207.000,207.560,205.800,205.920,1469906
2025-11-17 10:30:00,205.920,206.400,205.810,206.300,622200
2025-11-17 11:00:00,206.220,206.750,206.220,206.460,377650
2025-11-17 11:30:00,206.460,206.650,206.150,206.290,328500
2025-11-17 13:30:00,206.290,206.700,205.900,206.000,439920
2025-11-17 14:00:00,206.000,206.270,205.990,206.000,266991
2025-11-17 14:30:00,206.000,206.290,205.850,205.880,412400
2025-11-17 15:00:00,205.900,206.210,205.800,206.040,580819
2025-11-18 10:00:00,206.000,206.780,205.830,206.010,988454
2025-11-18 10:30:00,205.900,206.480,205.880,206.020,370900
2025-11-18 11:00:00,206.020,206.200,205.660,205.670,418700
2025-11-18 11:30:00,205.670,206.060,205.560,205.980,294493
2025-11-18 13:30:00,205.970,206.080,205.590,205.600,400682
2025-11-18 14:00:00,205.610,206.660,205.600,206.180,503600
2025-11-18 14:30:00,206.050,206.510,205.810,206.200,384300
2025-11-18 15:00:00,206.200,206.850,206.120,206.710,612257
2025-11-19 10:00:00,206.720,207.250,205.520,205.810,1012814
2025-11-19 10:30:00,205.810,206.470,205.030,206.150,768447
2025-11-19 11:00:00,206.070,206.380,205.350,205.550,549330
2025-11-19 11:30:00,205.550,206.000,205.420,205.500,410900
2025-11-19 13:30:00,205.580,206.080,205.400,205.490,402320
2025-11-19 14:00:00,205.490,205.520,205.110,205.290,448900
2025-11-19 14:30:00,205.300,205.690,205.000,205.470,654073
2025-11-19 15:00:00,205.490,205.890,204.810,204.810,821518
2025-11-20 10:00:00,204.800,205.380,201.250,201.900,2312247
2025-11-20 10:30:00,201.930,202.170,200.000,200.070,1964298
2025-11-20 11:00:00,200.080,200.300,198.010,198.300,2561242
2025-11-20 11:30:00,198.300,199.980,198.030,199.900,1271184
2025-11-20 13:30:00,199.910,200.500,199.680,199.820,657695
2025-11-20 14:00:00,199.810,199.980,199.400,199.600,375600
2025-11-20 14:30:00,199.620,199.670,199.000,199.220,527805
2025-11-20 15:00:00,199.220,199.990,198.850,198.850,914947
2025-11-21 10:00:00,197.990,199.570,195.910,195.980,2629938
2025-11-21 10:30:00,195.950,197.000,194.980,195.180,1655299
2025-11-21 11:00:00,195.180,195.270,193.680,194.140,1547648
2025-11-21 11:30:00,194.130,196.160,194.110,195.330,917844
2025-11-21 13:30:00,195.330,195.980,195.030,195.970,655750
2025-11-21 14:00:00,195.970,197.390,195.950,196.430,820000
2025-11-21 14:30:00,196.430,196.690,195.390,195.410,747700
2025-11-21 15:00:00,195.410,195.780,195.030,195.110,772813
2025-11-24 10:00:00,195.110,197.000,194.250,195.420,1423499
2025-11-24 10:30:00,195.460,195.500,194.600,194.720,636840
2025-11-24 11:00:00,194.720,195.110,193.200,193.740,869741
2025-11-24 11:30:00,193.740,194.200,193.250,194.150,454980
2025-11-24 13:30:00,194.150,194.580,193.800,194.580,508859
2025-11-24 14:00:00,194.590,194.680,194.010,194.080,526500
2025-11-24 14:30:00,194.080,194.180,193.620,194.040,593922
2025-11-24 15:00:00,194.010,194.090,192.250,193.000,1493537
2025-11-25 10:00:00,193.750,195.220,192.750,193.510,1890135
2025-11-25 10:30:00,193.510,194.400,193.200,194.170,640080
2025-11-25 11:00:00,194.170,194.190,193.370,193.430,590900
2025-11-25 11:30:00,193.410,194.450,193.110,194.400,664192
2025-11-25 13:30:00,194.400,194.430,193.330,194.020,546000
2025-11-25 14:00:00,194.030,194.370,194.020,194.250,506400
2025-11-25 14:30:00,194.250,194.390,193.770,193.910,509397
2025-11-25 15:00:00,193.910,194.040,193.740,193.880,615641
2025-11-26 10:00:00,193.960,194.900,193.570,194.120,1193948
2025-11-26 10:30:00,194.120,194.600,193.700,193.990,626900
2025-11-26 11:00:00,193.930,194.000,193.140,193.360,721020
2025-11-26 11:30:00,193.300,193.490,192.680,193.000,839288
2025-11-26 13:30:00,192.990,193.600,192.770,193.050,648448
2025-11-26 14:00:00,193.050,193.390,192.900,192.920,594600
2025-11-26 14:30:00,192.930,194.200,192.890,194.080,799282
2025-11-26 15:00:00,194.090,194.110,193.300,193.400,641697
2025-11-27 10:00:00,193.390,194.390,191.780,194.000,1909098
2025-11-27 10:30:00,194.000,194.500,193.550,194.140,630897
2025-11-27 11:00:00,194.140,194.800,193.980,194.050,652896
2025-11-27 11:30:00,194.050,197.750,194.000,197.290,1973549
2025-11-27 13:30:00,197.180,197.510,196.350,197.170,576970
2025-11-27 14:00:00,197.180,197.650,196.720,196.970,515340
2025-11-27 14:30:00,196.960,196.970,196.260,196.430,325980
2025-11-27 15:00:00,196.440,196.650,196.050,196.300,612242
2025-11-28 10:00:00,199.000,201.170,198.710,198.740,3426634
2025-11-28 10:30:00,198.760,201.700,198.710,201.400,1575958
2025-11-28 11:00:00,201.400,203.000,201.400,203.000,1929688
2025-11-28 11:30:00,203.000,204.230,202.780,203.620,1331751
2025-11-28 13:30:00,203.640,203.970,202.810,203.100,800005
2025-11-28 14:00:00,203.110,203.870,203.110,203.540,550150
2025-11-28 14:30:00,203.520,204.240,203.000,204.230,824400
2025-11-28 15:00:00,204.240,204.500,203.850,204.010,1337203
2025-12-01 10:00:00,204.000,204.000,200.710,201.070,2274700
2025-12-01 10:30:00,201.060,201.420,200.500,200.900,906156
2025-12-01 11:00:00,200.900,201.900,200.870,201.390,512554
2025-12-01 11:30:00,201.390,201.400,200.790,201.100,438762
2025-12-01 13:30:00,201.100,201.380,200.820,200.950,383938
2025-12-01 14:00:00,200.890,201.580,200.880,201.540,316600
2025-12-01 14:30:00,201.560,201.600,201.010,201.240,373000
2025-12-01 15:00:00,201.290,201.890,201.070,201.620,679328
2025-12-02 10:00:00,201.000,202.240,200.500,201.070,1205958
2025-12-02 10:30:00,201.060,202.100,200.890,201.510,450402
2025-12-02 11:00:00,201.510,201.900,201.290,201.510,351800
2025-12-02 11:30:00,201.510,201.700,201.060,201.080,305900
2025-12-02 13:30:00,201.080,201.980,200.950,201.000,472650
2025-12-02 14:00:00,200.930,201.190,200.200,200.300,520200
2025-12-02 14:30:00,200.250,200.940,200.220,200.680,317182
2025-12-02 15:00:00,200.680,201.170,200.310,200.620,627404
2025-12-03 10:00:00,200.620,201.000,198.310,199.500,1639969
2025-12-03 10:30:00,199.510,200.210,199.370,200.010,511400
2025-12-03 11:00:00,200.000,200.470,199.790,200.130,456508
2025-12-03 11:30:00,200.140,201.070,199.880,200.870,390200
2025-12-03 13:30:00,200.900,201.070,200.210,200.210,297000
2025-12-03 14:00:00,200.260,200.700,200.000,200.510,306300
2025-12-03 14:30:00,200.510,200.510,199.800,199.990,283000
2025-12-03 15:00:00,199.990,200.200,199.500,199.500,584589
2025-12-04 10:00:00,200.000,201.990,199.980,201.100,1219421
2025-12-04 10:30:00,201.100,201.600,200.530,200.800,584694
2025-12-04 11:00:00,200.780,201.280,200.400,200.890,343919
2025-12-04 11:30:00,200.780,201.220,200.700,200.780,168000
2025-12-04 13:30:00,200.730,201.280,200.460,200.780,242583
2025-12-04 14:00:00,200.790,200.870,199.960,200.010,282570
2025-12-04 14:30:00,200.010,200.550,199.920,199.980,292200
2025-12-04 15:00:00,199.970,200.270,199.680,200.000,496715
2025-12-05 10:00:00,200.050,201.250,199.510,200.300,781448
2025-12-05 10:30:00,200.360,200.810,199.710,200.810,336200
2025-12-05 11:00:00,200.810,200.930,199.770,199.780,290221
2025-12-05 11:30:00,199.770,200.140,199.570,199.660,346436
2025-12-05 13:30:00,199.900,200.340,199.300,199.650,372600
2025-12-05 14:00:00,199.700,201.590,199.610,201.250,770354
2025-12-05 14:30:00,201.220,202.880,200.990,202.470,974900
2025-12-05 15:00:00,202.490,202.730,202.210,202.390,600900
2025-12-08 10:00:00,202.390,204.750,202.000,202.120,1795052
2025-12-08 10:30:00,202.130,202.820,201.820,202.270,730625
2025-12-08 11:00:00,202.270,202.960,202.090,202.620,371000
2025-12-08 11:30:00,202.690,202.690,202.000,202.150,382819
2025-12-08 13:30:00,202.100,202.150,201.520,201.580,570717
2025-12-08 14:00:00,201.600,201.800,201.050,201.080,640000
2025-12-08 14:30:00,201.100,201.110,200.420,200.830,709621
2025-12-08 15:00:00,200.840,200.850,200.020,200.050,907320
2025-12-09 10:00:00,200.000,203.490,199.350,199.470,2297014
2025-12-09 10:30:00,199.470,200.360,199.200,199.900,594900
2025-12-09 11:00:00,199.900,200.300,199.510,199.510,355200
2025-12-09 11:30:00,199.520,199.620,198.310,198.390,877399
2025-12-09 13:30:00,198.380,199.260,198.030,199.020,485000
2025-12-09 14:00:00,199.030,199.500,198.800,198.850,341949
2025-12-09 14:30:00,198.850,199.050,198.460,198.940,292500
2025-12-09 15:00:00,198.940,199.330,198.710,198.710,496440
2025-12-10 10:00:00,197.750,198.450,195.850,197.080,1585741
2025-12-10 10:30:00,197.070,197.880,196.760,197.260,492400
2025-12-10 11:00:00,197.180,197.760,197.110,197.330,450500
2025-12-10 11:30:00,197.330,197.330,196.800,197.060,400840
2025-12-10 13:30:00,197.060,197.290,196.510,197.140,538726
2025-12-10 14:00:00,197.170,197.480,196.990,197.210,350921
2025-12-10 14:30:00,197.210,198.300,197.000,197.900,730500
2025-12-10 15:00:00,198.060,198.340,197.940,198.000,584735
2025-12-11 10:00:00,198.000,198.690,197.010,197.340,1165747
2025-12-11 10:30:00,197.300,198.100,197.000,197.130,808015
2025-12-11 11:00:00,197.130,197.290,196.750,196.850,733740
2025-12-11 11:30:00,196.860,197.710,196.750,197.480,467500
2025-12-11 13:30:00,197.280,197.580,196.300,196.300,594500
2025-12-11 14:00:00,196.290,196.490,196.170,196.430,494200
2025-12-11 14:30:00,196.400,196.740,196.260,196.310,471800
2025-12-11 15:00:00,196.310,196.510,195.770,195.770,937344
2025-12-12 10:00:00,195.750,197.310,194.510,196.870,1922832
2025-12-12 10:30:00,196.770,197.580,196.200,197.580,1280755
2025-12-12 11:00:00,197.590,198.470,197.040,197.670,1218100
2025-12-12 11:30:00,197.680,198.990,197.500,198.620,1259300
2025-12-12 13:30:00,198.620,199.090,198.020,198.170,989520
2025-12-12 14:00:00,198.150,200.260,198.080,199.980,1431998
2025-12-12 14:30:00,199.980,200.500,199.660,200.210,1310900
2025-12-12 15:00:00,200.230,200.750,199.780,199.820,1789437
2025-12-15 10:00:00,199.640,200.000,198.250,199.940,1420169
2025-12-15 10:30:00,199.960,199.990,198.530,198.560,599300
2025-12-15 11:00:00,198.550,198.990,198.500,198.610,425500
2025-12-15 11:30:00,198.610,198.850,198.020,198.020,564400
2025-12-15 13:30:00,198.030,198.960,198.020,198.720,328319
2025-12-15 14:00:00,198.720,198.900,198.160,198.320,340800
2025-12-15 14:30:00,198.310,198.430,197.640,197.880,572200
2025-12-15 15:00:00,197.910,198.050,197.010,197.010,694813
2025-12-16 10:00:00,197.030,198.980,195.200,195.750,1450219
2025-12-16 10:30:00,195.740,196.380,195.250,196.110,708800
2025-12-16 11:00:00,196.170,196.340,195.550,195.930,450999
2025-12-16 11:30:00,195.920,195.920,195.300,195.570,358820
2025-12-16 13:30:00,195.570,195.600,195.000,195.110,698100
2025-12-16 14:00:00,195.140,195.470,195.020,195.030,463100
2025-12-16 14:30:00,195.050,195.290,195.000,195.220,366260
2025-12-16 15:00:00,195.220,195.300,194.810,194.810,655135
2025-12-17 10:00:00,194.800,195.200,193.810,194.270,973700
2025-12-17 10:30:00,194.270,195.190,194.000,194.460,576145
2025-12-17 11:00:00,194.440,194.460,193.500,193.680,589697
2025-12-17 11:30:00,193.670,194.010,193.540,193.690,278100
2025-12-17 13:30:00,193.690,194.010,193.470,193.740,337548
2025-12-17 14:00:00,193.700,196.390,193.680,196.300,985867
2025-12-17 14:30:00,196.260,197.840,196.060,196.990,1255200
2025-12-17 15:00:00,196.990,197.090,196.350,196.360,780498
2025-12-18 10:00:00,196.000,198.250,195.750,197.770,1304159
2025-12-18 10:30:00,197.750,199.910,197.750,199.150,1279990
2025-12-18 11:00:00,199.120,199.500,198.260,198.500,526600
2025-12-18 11:30:00,198.500,198.740,197.820,197.830,329600
2025-12-18 13:30:00,197.830,198.470,197.680,197.780,317000
2025-12-18 14:00:00,197.770,198.290,197.690,197.900,317400
2025-12-18 14:30:00,198.040,198.100,197.800,198.050,231800
2025-12-18 15:00:00,198.060,198.480,197.770,197.770,526900
2025-12-19 10:00:00,197.700,199.290,197.520,199.110,853191
2025-12-19 10:30:00,199.200,200.300,198.680,199.460,1220500
2025-12-19 11:00:00,199.510,199.700,198.700,198.830,432100
2025-12-19 11:30:00,198.970,199.100,198.260,198.870,445900
2025-12-19 13:30:00,198.960,199.040,198.310,198.500,365000
2025-12-19 14:00:00,198.460,198.640,197.880,197.880,403400
2025-12-19 14:30:00,197.900,198.250,197.510,198.120,448194
2025-12-19 15:00:00,198.080,198.760,198.030,198.190,586031
2025-12-22 10:00:00,198.340,199.740,197.750,199.010,1227262
2025-12-22 10:30:00,199.000,200.500,198.960,200.310,1001956
2025-12-22 11:00:00,200.310,200.930,199.800,200.130,490700
2025-12-22 11:30:00,200.130,200.930,199.880,199.880,409620
2025-12-22 13:30:00,199.890,200.550,199.890,200.240,437700
2025-12-22 14:00:00,200.190,200.400,199.850,199.990,361800
2025-12-22 14:30:00,199.990,200.200,199.910,200.120,328000
2025-12-22 15:00:00,200.120,200.190,199.670,199.700,785105
2025-12-23 10:00:00,200.000,200.450,198.500,199.080,1049300
2025-12-23 10:30:00,199.000,199.230,198.070,198.180,712101
2025-12-23 11:00:00,198.190,198.770,198.190,198.430,379614
2025-12-23 11:30:00,198.430,199.040,198.100,198.750,354000
2025-12-23 13:30:00,198.750,198.980,198.370,198.510,388800
2025-12-23 14:00:00,198.510,198.740,198.330,198.380,377900
2025-12-23 14:30:00,198.390,198.470,198.100,198.150,373900
2025-12-23 15:00:00,198.160,198.460,198.000,198.070,620507
2025-12-24 10:00:00,197.750,198.730,197.510,198.000,706075
2025-12-24 10:30:00,198.000,198.440,197.310,197.650,503700
2025-12-24 11:00:00,197.650,198.130,197.580,197.920,291054
2025-12-24 11:30:00,197.910,198.370,197.720,198.090,247700
2025-12-24 13:30:00,198.070,198.300,197.850,198.170,359600
2025-12-24 14:00:00,198.260,198.500,197.950,198.010,498470
2025-12-24 14:30:00,198.120,198.320,198.010,198.180,304139
2025-12-24 15:00:00,198.180,198.250,198.000,198.130,539223
2025-12-25 10:00:00,198.000,198.000,197.060,197.560,756458
2025-12-25 10:30:00,197.560,198.800,197.500,198.720,455820
2025-12-25 11:00:00,198.780,200.700,198.720,200.150,1196831
2025-12-25 11:30:00,200.180,201.250,200.150,200.800,704751
2025-12-25 13:30:00,200.800,202.100,200.660,202.090,910691
2025-12-25 14:00:00,202.090,202.100,201.720,201.810,622559
2025-12-25 14:30:00,201.810,201.900,201.020,201.060,492000
2025-12-25 15:00:00,201.060,201.440,201.030,201.430,622000
2025-12-26 10:00:00,201.250,201.880,200.000,200.400,926800
2025-12-26 10:30:00,200.410,200.500,199.860,200.240,674941
2025-12-26 11:00:00,200.240,200.800,200.000,200.630,376600
2025-12-26 11:30:00,200.620,200.750,199.700,199.820,581200
2025-12-26 13:30:00,199.810,200.380,199.610,200.340,357327
2025-12-26 14:00:00,200.300,200.730,200.120,200.620,260500
2025-12-26 14:30:00,200.620,200.740,200.100,200.630,317420
2025-12-26 15:00:00,200.620,200.630,199.900,199.990,627000
2025-12-29 10:00:00,200.020,201.500,198.800,199.350,1510277
2025-12-29 10:30:00,199.370,199.990,199.010,199.830,522000
2025-12-29 11:00:00,199.640,199.880,199.120,199.150,444150
2025-12-29 11:30:00,199.140,201.250,199.000,200.560,716519
2025-12-29 13:30:00,200.560,201.400,200.440,200.570,542900
2025-12-29 14:00:00,200.590,200.840,200.360,200.480,446403
2025-12-29 14:30:00,200.490,200.700,199.500,199.630,395700
2025-12-29 15:00:00,199.650,199.780,199.000,199.000,595340
2025-12-30 10:00:00,199.030,199.500,196.010,196.760,2126162
2025-12-30 10:30:00,196.720,197.350,196.500,196.820,654851
2025-12-30 11:00:00,196.820,196.950,196.330,196.710,538600
2025-12-30 11:30:00,196.710,196.990,196.260,196.460,454900
2025-12-30 13:30:00,196.460,196.500,195.570,196.180,1226900
2025-12-30 14:00:00,196.180,196.510,195.810,195.860,636900
2025-12-30 14:30:00,195.870,196.450,195.530,196.070,779850
2025-12-30 15:00:00,196.110,196.160,194.980,195.590,1853753
2025-12-31 10:00:00,195.200,195.380,192.250,192.630,3040809
2025-12-31 10:30:00,192.630,192.800,191.800,192.000,1963499
2025-12-31 11:00:00,191.990,192.050,191.500,191.820,1164420
2025-12-31 11:30:00,191.810,191.820,190.560,190.660,1661530
2025-12-31 13:30:00,190.670,191.200,190.370,190.720,877153
2025-12-31 14:00:00,190.700,190.860,190.420,190.530,747282
2025-12-31 14:30:00,190.510,190.980,190.500,190.800,638361
2025-12-31 15:00:00,190.800,190.820,190.450,190.450,1281750
2026-01-05 10:00:00,190.460,192.500,190.460,192.350,2567853
2026-01-05 10:30:00,192.340,194.490,192.110,194.100,2230200
2026-01-05 11:00:00,194.100,197.880,194.090,197.790,2988853
2026-01-05 11:30:00,197.790,199.860,197.340,199.140,2710648
2026-01-05 13:30:00,199.160,199.600,197.900,198.220,1922726
2026-01-05 14:00:00,198.220,198.890,197.810,198.800,1260248
2026-01-05 14:30:00,198.740,199.330,198.680,199.050,1341700
2026-01-05 15:00:00,199.050,199.650,199.050,199.600,1952617
2026-01-06 10:00:00,200.500,205.700,200.110,202.930,5245896
2026-01-06 10:30:00,202.910,204.260,201.770,202.050,1816800
2026-01-06 11:00:00,202.070,202.380,201.110,202.180,1493705
2026-01-06 11:30:00,202.180,202.750,201.800,202.540,659900
2026-01-06 13:30:00,202.550,203.830,202.530,203.520,795000
2026-01-06 14:00:00,203.520,203.520,202.260,203.000,803700
2026-01-06 14:30:00,203.010,204.390,202.930,204.380,1236482
2026-01-06 15:00:00,204.390,204.630,203.800,203.940,1425838
2026-01-07 10:00:00,203.870,204.140,202.620,203.500,2069095
2026-01-07 10:30:00,203.440,203.570,201.110,201.370,1931300
2026-01-07 11:00:00,201.370,202.660,201.250,202.150,989850
2026-01-07 11:30:00,202.150,202.480,201.570,201.990,649200
2026-01-07 13:30:00,201.950,202.310,200.880,201.000,1030950
2026-01-07 14:00:00,200.990,201.230,200.040,200.570,1107806
2026-01-07 14:30:00,200.560,200.850,200.120,200.570,879100
2026-01-07 15:00:00,200.560,200.980,200.170,200.870,1110741
2026-01-08 10:00:00,201.250,202.650,199.300,201.160,2433861
2026-01-08 10:30:00,201.130,203.300,200.160,202.390,1274121
2026-01-08 11:00:00,202.390,202.500,201.180,201.840,634073
2026-01-08 11:30:00,201.950,202.500,201.410,201.530,575095
2026-01-08 13:30:00,201.580,202.440,201.310,202.010,842604
2026-01-08 14:00:00,202.000,202.010,200.880,201.370,725168
2026-01-08 14:30:00,201.370,201.500,200.250,201.470,848627
2026-01-08 15:00:00,201.470,201.980,201.200,201.710,1033398
2026-01-09 10:00:00,202.000,205.200,201.850,204.400,3001463
2026-01-09 10:30:00,204.420,204.420,202.850,203.430,1318907
2026-01-09 11:00:00,203.350,203.970,203.200,203.440,616900
2026-01-09 11:30:00,203.400,203.560,201.900,202.010,922500
2026-01-09 13:30:00,202.050,203.420,202.010,202.600,714638
2026-01-09 14:00:00,202.680,203.470,202.460,203.170,701724
2026-01-09 14:30:00,203.170,203.480,202.800,202.950,615977
2026-01-09 15:00:00,202.950,203.780,202.900,203.680,1087691
2026-01-12 10:00:00,204.750,208.430,204.500,207.820,4053611
2026-01-12 10:30:00,207.930,208.590,206.600,206.640,1880915
2026-01-12 11:00:00,206.600,207.000,206.100,206.760,941289
2026-01-12 11:30:00,206.750,208.200,206.590,208.170,764008
2026-01-12 13:30:00,208.090,209.310,207.510,208.230,1820621
2026-01-12 14:00:00,208.290,208.450,207.510,208.200,968550
2026-01-12 14:30:00,208.200,208.390,207.860,208.380,968861
2026-01-12 15:00:00,208.390,208.390,207.590,208.030,1509959
2026-01-13 10:00:00,209.200,211.860,207.600,210.680,5257033
2026-01-13 10:30:00,210.680,213.080,210.330,211.180,3406498
2026-01-13 11:00:00,211.100,211.380,210.050,210.050,1336600
2026-01-13 11:30:00,210.060,210.410,209.250,209.720,829500
2026-01-13 13:30:00,209.720,210.740,208.290,209.000,1243400
2026-01-13 14:00:00,208.990,209.430,208.330,208.980,1004964
2026-01-13 14:30:00,208.990,209.000,208.060,208.110,968836
2026-01-13 15:00:00,208.120,208.340,207.500,208.220,1561678
2026-01-14 10:00:00,208.000,214.120,206.760,212.750,5112553
2026-01-14 10:30:00,212.760,213.470,212.200,213.110,1559860
2026-01-14 11:00:00,213.100,213.500,211.610,211.810,1305000
2026-01-14 11:30:00,211.860,212.500,211.530,211.540,1010900
2026-01-14 13:30:00,211.530,211.550,207.310,208.460,2892989
2026-01-14 14:00:00,208.260,209.000,206.520,206.590,1420800
2026-01-14 14:30:00,206.590,208.250,206.120,208.250,1192600
2026-01-14 15:00:00,208.240,208.300,207.010,207.760,1017352
2026-01-15 10:00:00,206.750,207.500,205.800,206.000,2196900
2026-01-15 10:30:00,206.180,206.380,203.620,203.840,2609050
2026-01-15 11:00:00,203.840,204.790,203.800,204.410,772593
2026-01-15 11:30:00,204.420,204.600,203.800,203.840,606223
2026-01-15 13:30:00,203.850,204.580,203.500,204.480,828577
2026-01-15 14:00:00,204.470,205.090,203.900,204.020,851441
2026-01-15 14:30:00,204.000,204.420,203.520,203.720,1024400
2026-01-15 15:00:00,203.760,204.380,203.600,204.080,1086211
2026-01-16 10:00:00,204.510,206.710,203.250,203.340,2210723
2026-01-16 10:30:00,203.340,203.640,202.250,203.050,1385296
2026-01-16 11:00:00,203.050,203.750,202.720,203.110,541900
2026-01-16 11:30:00,202.990,203.450,201.880,201.880,1027200
2026-01-16 13:30:00,201.890,202.590,201.210,201.900,1153093
2026-01-16 14:00:00,201.900,202.880,201.380,201.410,1094544
2026-01-16 14:30:00,201.410,201.790,201.030,201.750,991360
2026-01-16 15:00:00,201.690,201.770,201.160,201.190,1204710
2026-01-19 10:00:00,201.190,202.880,201.100,202.680,1527338
2026-01-19 10:30:00,202.680,202.690,201.520,201.710,796350
2026-01-19 11:00:00,201.700,201.970,200.510,201.200,993161
2026-01-19 11:30:00,201.190,201.300,200.530,200.740,524198
2026-01-19 13:30:00,200.750,201.190,200.590,201.150,515200
2026-01-19 14:00:00,201.000,201.490,200.090,200.160,1061742
2026-01-19 14:30:00,200.200,200.490,200.040,200.160,578700
2026-01-19 15:00:00,200.090,200.290,199.880,200.190,1158266
2026-01-20 10:00:00,200.910,201.180,199.900,200.100,1268736
2026-01-20 10:30:00,199.930,200.100,198.210,198.670,1559499
2026-01-20 11:00:00,198.560,199.080,198.290,198.440,825543
2026-01-20 11:30:00,198.370,198.500,197.730,197.770,962500
2026-01-20 13:30:00,197.770,197.800,197.420,197.510,721550
2026-01-20 14:00:00,197.510,197.530,196.690,196.810,1122799
2026-01-20 14:30:00,196.980,197.230,196.800,196.810,655900
2026-01-20 15:00:00,196.830,197.150,196.600,197.000,992893
2026-01-21 10:00:00,196.900,197.690,195.510,197.350,1516581
2026-01-21 10:30:00,197.410,197.920,197.160,197.870,770869
2026-01-21 11:00:00,197.870,198.180,197.170,197.320,606131
2026-01-21 11:30:00,197.360,197.600,196.600,196.600,602777
2026-01-21 13:30:00,196.760,197.160,196.200,196.600,702587
2026-01-21 14:00:00,196.600,196.800,196.410,196.610,483400
2026-01-21 14:30:00,196.610,196.650,195.310,195.510,1477000
2026-01-21 15:00:00,195.510,195.720,195.060,195.300,1351989
2026-01-22 10:00:00,195.850,196.090,194.960,195.300,1479887
2026-01-22 10:30:00,195.380,195.990,194.510,194.540,1175679
2026-01-22 11:00:00,194.540,195.000,194.380,194.640,679706
2026-01-22 11:30:00,194.610,194.670,193.700,193.750,936805
2026-01-22 13:30:00,193.820,194.070,193.660,194.070,633100
2026-01-22 14:00:00,194.070,194.350,193.750,193.960,427700
2026-01-22 14:30:00,194.000,194.000,193.530,193.890,681600
2026-01-22 15:00:00,193.910,194.010,193.350,193.500,1219674
2026-01-23 10:00:00,194.750,196.000,194.300,195.970,1937012
2026-01-23 10:30:00,195.950,196.010,195.190,195.190,914404
2026-01-23 11:00:00,195.190,195.540,194.770,195.520,696400
2026-01-23 11:30:00,195.530,197.000,195.100,196.330,1508100
2026-01-23 13:30:00,196.340,196.600,195.600,195.890,712720
2026-01-23 14:00:00,195.890,196.070,195.590,195.980,553000
2026-01-23 14:30:00,196.010,196.500,195.710,196.000,657759
2026-01-23 15:00:00,196.000,196.140,195.000,195.510,1367867
2026-01-26 10:00:00,195.880,196.720,193.250,193.390,2441366
2026-01-26 10:30:00,193.390,194.580,193.250,194.580,1176212
2026-01-26 11:00:00,194.570,195.250,193.310,193.320,956900
2026-01-26 11:30:00,193.320,193.580,193.130,193.190,928500
2026-01-26 13:30:00,193.260,195.120,193.160,194.000,1112200
2026-01-26 14:00:00,194.000,195.590,193.850,195.120,753100
2026-01-26 14:30:00,195.320,195.500,194.790,195.220,870304
2026-01-26 15:00:00,195.160,196.030,195.010,195.100,1668055
2026-01-27 10:00:00,195.250,196.500,193.680,193.700,2154192
2026-01-27 10:30:00,193.700,194.490,193.420,193.510,993374
2026-01-27 11:00:00,193.510,194.110,193.420,193.970,499241
2026-01-27 11:30:00,193.960,194.480,193.580,193.590,461200
2026-01-27 13:30:00,193.580,193.990,192.380,192.620,1498200
2026-01-27 14:00:00,192.620,193.620,192.500,193.450,961913
2026-01-27 14:30:00,193.450,193.650,192.580,192.660,889500
2026-01-27 15:00:00,192.620,192.860,192.000,192.160,2094828
2026-01-28 10:00:00,192.100,192.150,190.400,191.130,3038039
2026-01-28 10:30:00,191.060,191.120,190.670,190.710,955311
2026-01-28 11:00:00,190.710,191.040,188.880,188.990,3096700
2026-01-28 11:30:00,188.990,189.460,188.610,188.630,1623947
2026-01-28 13:30:00,188.640,188.840,188.000,188.190,2142365
2026-01-28 14:00:00,188.180,189.360,188.100,188.910,805483
2026-01-28 14:30:00,188.920,189.180,188.800,188.880,720298
2026-01-28 15:00:00,188.880,189.200,188.010,188.060,1922907
2026-01-29 10:00:00,188.070,189.750,186.750,189.350,2109600
2026-01-29 10:30:00,189.350,192.750,188.970,191.400,2532175
2026-01-29 11:00:00,191.420,191.520,190.400,190.470,683000
2026-01-29 11:30:00,190.430,190.460,189.760,190.130,745900
2026-01-29 13:30:00,190.160,190.610,189.560,189.860,560784
2026-01-29 14:00:00,189.860,190.940,189.840,190.810,709000
2026-01-29 14:30:00,190.850,194.500,190.750,192.820,2680400
2026-01-29 15:00:00,192.820,193.700,192.610,193.380,1633597
2026-01-30 10:00:00,193.330,193.330,191.390,191.870,1805466
2026-01-30 10:30:00,191.880,192.420,191.180,191.200,836342
2026-01-30 11:00:00,191.200,191.430,190.360,190.670,898299
2026-01-30 11:30:00,190.670,191.080,190.080,190.490,630487
2026-01-30 13:30:00,190.490,191.990,190.340,191.300,683000
2026-01-30 14:00:00,191.300,191.460,190.780,191.000,534300
2026-01-30 14:30:00,190.910,191.160,190.460,190.480,684600
2026-01-30 15:00:00,190.480,190.590,189.260,189.260,1431228
2026-02-02 10:00:00,189.500,190.950,188.370,190.610,1594086
2026-02-02 10:30:00,190.610,190.850,189.630,189.680,640128
2026-02-02 11:00:00,189.670,190.180,189.000,189.100,589361
2026-02-02 11:30:00,189.090,189.880,189.060,189.250,345600
2026-02-02 13:30:00,189.270,189.590,188.680,188.810,618128
2026-02-02 14:00:00,188.830,189.160,188.030,188.490,836817
2026-02-02 14:30:00,188.430,188.750,188.000,188.010,675956
2026-02-02 15:00:00,188.050,188.280,187.110,187.110,1363300
2026-02-03 10:00:00,187.790,188.880,187.790,188.850,1491136
2026-02-03 10:30:00,188.830,188.830,187.700,187.710,700700
2026-02-03 11:00:00,187.700,187.890,187.030,187.600,587100
2026-02-03 11:30:00,187.590,188.180,187.110,188.020,347300
2026-02-03 13:30:00,188.020,188.400,187.660,187.890,463800
2026-02-03 14:00:00,187.900,188.280,187.350,187.410,656600
2026-02-03 14:30:00,187.450,187.700,187.260,187.660,671208
2026-02-03 15:00:00,187.660,188.400,187.520,188.150,829280
2026-02-04 10:00:00,187.980,189.000,187.370,188.590,1231268
2026-02-04 10:30:00,188.510,188.780,187.500,188.270,830855
2026-02-04 11:00:00,188.270,188.630,188.060,188.100,372676
2026-02-04 11:30:00,188.100,188.520,188.010,188.100,400469
2026-02-04 13:30:00,188.100,189.200,188.100,188.800,817000
2026-02-04 14:00:00,188.770,190.250,188.550,190.240,1330905
2026-02-04 14:30:00,190.240,193.220,190.240,192.810,2369880
2026-02-04 15:00:00,192.810,192.920,192.490,192.660,1077531
2026-02-05 10:00:00,191.960,193.500,191.600,192.720,1680000
2026-02-05 10:30:00,192.720,193.200,192.400,192.630,910900
2026-02-05 11:00:00,192.630,193.220,191.410,191.570,814696
2026-02-05 11:30:00,191.530,192.220,191.250,191.670,434800
2026-02-05 13:30:00,191.690,192.580,191.500,192.500,415585
2026-02-05 14:00:00,192.580,192.980,192.150,192.340,490200
2026-02-05 14:30:00,192.310,192.370,191.870,192.150,398100
2026-02-05 15:00:00,192.140,192.390,192.010,192.100,537680
2026-02-06 10:00:00,191.890,192.320,190.070,190.800,1373100
2026-02-06 10:30:00,190.800,191.000,190.200,190.820,704500
2026-02-06 11:00:00,190.810,190.950,189.300,189.650,1360050
2026-02-06 11:30:00,189.650,189.860,189.100,189.680,659800
2026-02-06 13:30:00,189.660,189.860,189.280,189.400,578096
2026-02-06 14:00:00,189.420,189.970,189.370,189.470,504900
2026-02-06 14:30:00,189.470,189.810,189.100,189.140,715200
2026-02-06 15:00:00,189.140,189.490,188.660,189.490,1198009
2026-02-09 10:00:00,189.680,189.940,188.810,189.070,1328705
2026-02-09 10:30:00,189.070,189.330,188.910,189.150,680600
2026-02-09 11:00:00,189.150,189.300,188.850,188.900,627651
2026-02-09 11:30:00,188.900,189.080,188.860,188.980,360800
2026-02-09 13:30:00,189.000,189.470,188.910,189.110,530425
2026-02-09 14:00:00,189.110,189.130,188.960,188.990,440000
2026-02-09 14:30:00,189.000,189.180,188.970,189.000,438100
2026-02-09 15:00:00,189.020,189.230,188.990,189.170,661176
2026-02-10 10:00:00,189.160,189.380,188.680,189.100,1090751
2026-02-10 10:30:00,189.100,190.750,188.930,190.300,1370691
2026-02-10 11:00:00,190.310,191.000,190.100,190.500,721826
2026-02-10 11:30:00,190.500,190.530,190.060,190.400,281600
2026-02-10 13:30:00,190.400,190.560,190.060,190.070,398400
2026-02-10 14:00:00,190.060,190.340,190.010,190.260,226000
2026-02-10 14:30:00,190.250,190.500,190.050,190.490,337900
2026-02-10 15:00:00,190.490,190.680,190.320,190.360,747660
2026-02-11 10:00:00,190.000,190.380,189.500,190.280,772690
2026-02-11 10:30:00,190.180,190.370,189.810,190.000,375750
2026-02-11 11:00:00,190.000,190.040,189.590,189.650,422100
2026-02-11 11:30:00,189.640,189.780,189.330,189.420,390012
2026-02-11 13:30:00,189.450,189.930,189.420,189.530,361000
2026-02-11 14:00:00,189.540,189.750,189.520,189.650,266400
2026-02-11 14:30:00,189.650,189.850,189.570,189.610,282287
2026-02-11 15:00:00,189.600,189.600,189.120,189.210,692939
2026-02-12 10:00:00,189.210,189.770,188.510,188.520,1127400
2026-02-12 10:30:00,188.510,188.720,188.210,188.250,619700
2026-02-12 11:00:00,188.250,188.500,188.160,188.320,443300
2026-02-12 11:30:00,188.320,188.420,188.230,188.300,264600
2026-02-12 13:30:00,188.310,188.420,188.210,188.420,366905
2026-02-12 14:00:00,188.420,188.420,188.180,188.260,468358
2026-02-12 14:30:00,188.270,188.420,188.090,188.120,527513
2026-02-12 15:00:00,188.120,188.150,188.000,188.000,830400
2026-02-13 10:00:00,187.960,187.960,186.300,186.990,1384950
2026-02-13 10:30:00,186.980,187.180,186.820,187.090,486100
2026-02-13 11:00:00,187.070,187.270,187.000,187.220,234800
2026-02-13 11:30:00,187.220,187.360,186.720,186.910,381400
2026-02-13 13:30:00,186.910,187.030,186.680,186.720,376664
2026-02-13 14:00:00,186.720,186.820,186.300,186.340,851000
2026-02-13 14:30:00,186.340,186.450,186.000,186.020,1183511
2026-02-13 15:00:00,186.020,186.070,185.670,185.770,1562052
2026-02-24 10:00:00,187.820,187.950,185.790,186.200,1621500
2026-02-24 10:30:00,186.370,186.580,186.000,186.240,463830
2026-02-24 11:00:00,186.280,186.740,186.110,186.510,388600
2026-02-24 11:30:00,186.510,186.580,186.250,186.400,337700
2026-02-24 13:30:00,186.400,186.580,186.010,186.040,336400
2026-02-24 14:00:00,186.030,186.190,185.990,186.130,256815
2026-02-24 14:30:00,186.140,186.220,186.010,186.030,237726
2026-02-24 15:00:00,186.030,186.250,185.810,186.200,606966
2026-02-25 10:00:00,186.200,187.940,185.150,187.260,1379948
2026-02-25 10:30:00,187.240,187.390,186.800,187.140,720497
2026-02-25 11:00:00,187.140,187.590,187.060,187.570,488900
2026-02-25 11:30:00,187.540,187.780,186.960,187.730,544800
2026-02-25 13:30:00,187.710,187.830,187.270,187.680,545444
2026-02-25 14:00:00,187.690,187.730,187.380,187.500,409400
2026-02-25 14:30:00,187.430,187.500,186.880,186.890,482100
2026-02-25 15:00:00,186.900,187.060,186.880,186.960,462472
2026-02-26 10:00:00,187.600,189.990,186.750,187.500,2587419
2026-02-26 10:30:00,187.510,187.810,186.660,186.660,771277
2026-02-26 11:00:00,186.660,186.980,186.500,186.950,438400
2026-02-26 11:30:00,186.950,187.500,186.900,187.370,240134
2026-02-26 13:30:00,187.370,187.500,186.800,187.110,334900
2026-02-26 14:00:00,187.090,187.150,186.750,186.770,370800
2026-02-26 14:30:00,186.750,186.810,186.550,186.720,385733
2026-02-26 15:00:00,186.720,187.500,186.610,187.280,647317
2026-02-27 10:00:00,186.900,186.900,186.010,186.210,1189112
2026-02-27 10:30:00,186.210,186.500,186.050,186.120,717600
2026-02-27 11:00:00,186.120,186.250,186.030,186.130,506012
2026-02-27 11:30:00,186.130,186.270,185.930,186.000,588875
2026-02-27 13:30:00,186.010,186.160,185.780,185.930,566200
2026-02-27 14:00:00,185.930,186.100,185.870,185.900,439500
2026-02-27 14:30:00,185.890,186.200,185.880,186.140,389019
2026-02-27 15:00:00,186.070,186.180,185.880,185.920,923023
2026-03-02 10:00:00,184.910,186.010,183.810,184.320,2093442
2026-03-02 10:30:00,184.330,184.650,183.000,183.120,1541752
2026-03-02 11:00:00,183.080,183.270,181.750,182.820,1874214
2026-03-02 11:30:00,182.830,183.470,182.660,183.270,562800
2026-03-02 13:30:00,183.260,184.290,183.130,184.260,785834
2026-03-02 14:00:00,184.260,184.680,184.150,184.200,610100
2026-03-02 14:30:00,184.220,184.540,183.700,183.850,448073
2026-03-02 15:00:00,183.850,184.000,183.350,183.700,704746
2026-03-03 10:00:00,183.250,183.850,181.500,181.540,2112056
2026-03-03 10:30:00,181.530,181.860,181.070,181.450,1354423
2026-03-03 11:00:00,181.450,182.250,181.440,181.890,703839
2026-03-03 11:30:00,181.860,182.180,181.710,181.720,443060
2026-03-03 13:30:00,181.730,183.250,181.690,182.130,821446
2026-03-03 14:00:00,182.190,182.190,181.260,181.260,685800
2026-03-03 14:30:00,181.250,181.280,180.340,180.690,1433384
2026-03-03 15:00:00,180.700,180.850,180.300,180.400,1013177
2026-03-04 10:00:00,179.750,179.780,178.580,179.150,1987496
2026-03-04 10:30:00,179.170,179.170,178.000,178.000,1402287
2026-03-04 11:00:00,178.010,178.020,176.280,176.350,1554046
2026-03-04 11:30:00,176.350,176.700,175.830,176.010,1144838
2026-03-04 13:30:00,176.010,176.650,175.860,176.060,709762
2026-03-04 14:00:00,176.050,176.600,175.990,176.190,466400
2026-03-04 14:30:00,176.190,176.190,175.800,175.840,616550
2026-03-04 15:00:00,175.840,176.350,175.750,175.750,954068
2026-03-05 10:00:00,178.000,178.300,176.320,176.350,1396299
2026-03-05 10:30:00,176.390,177.080,176.010,176.070,786100
2026-03-05 11:00:00,176.070,177.130,176.070,177.000,551100
2026-03-05 11:30:00,177.010,177.600,176.630,177.000,509497
2026-03-05 13:30:00,177.010,177.250,176.830,176.900,476674
2026-03-05 14:00:00,176.910,177.140,176.630,176.640,291083
2026-03-05 14:30:00,176.630,176.630,176.010,176.150,443717
2026-03-05 15:00:00,176.160,176.350,175.900,176.200,643668
2026-03-06 10:00:00,175.800,182.250,175.500,181.020,4164713
2026-03-06 10:30:00,181.010,181.910,180.890,181.300,956515
2026-03-06 11:00:00,181.300,181.590,181.100,181.290,429800
2026-03-06 11:30:00,181.290,181.350,180.710,180.810,329978
2026-03-06 13:30:00,180.820,181.270,180.330,180.840,464900
2026-03-06 14:00:00,180.850,181.270,180.770,181.220,303400
2026-03-06 14:30:00,181.220,181.230,180.970,181.080,250600
2026-03-06 15:00:00,181.080,181.500,181.040,181.370,738588
2026-03-09 10:00:00,179.500,181.980,179.110,179.840,1988063
2026-03-09 10:30:00,179.880,180.000,178.680,178.680,962700
2026-03-09 11:00:00,178.700,179.190,178.500,179.170,453174
2026-03-09 11:30:00,179.150,179.280,178.630,178.640,367626
2026-03-09 13:30:00,178.800,178.800,177.830,178.460,724200
2026-03-09 14:00:00,178.470,179.680,178.310,179.580,400500
2026-03-09 14:30:00,179.580,179.950,179.070,179.270,424500
2026-03-09 15:00:00,179.270,179.450,178.710,178.780,544100
2026-03-10 10:00:00,179.990,180.760,179.520,180.130,1341986
2026-03-10 10:30:00,180.140,180.400,179.800,179.860,453958
2026-03-10 11:00:00,179.850,179.990,179.270,179.780,366688
2026-03-10 11:30:00,179.730,179.930,179.380,179.740,274000
2026-03-10 13:30:00,179.860,180.190,179.530,180.000,254700
2026-03-10 14:00:00,180.000,180.180,179.850,180.140,196000
2026-03-10 14:30:00,180.150,180.430,179.820,180.100,368588
2026-03-10 15:00:00,180.050,180.440,180.050,180.340,682280
2026-03-11 10:00:00,180.500,181.300,179.320,179.510,1112425
2026-03-11 10:30:00,179.480,179.750,179.320,179.390,621900
2026-03-11 11:00:00,179.380,180.480,179.370,180.380,591019
2026-03-11 11:30:00,180.370,181.850,180.240,180.840,1107400
2026-03-11 13:30:00,180.830,180.900,180.350,180.370,420200
2026-03-11 14:00:00,180.370,180.580,180.200,180.470,370121
2026-03-11 14:30:00,180.470,180.860,180.450,180.490,371100
2026-03-11 15:00:00,180.490,180.800,180.300,180.570,545382
2026-03-12 10:00:00,180.300,180.720,178.880,179.010,1196036
2026-03-12 10:30:00,179.060,179.400,179.010,179.140,421400
2026-03-12 11:00:00,179.150,179.300,178.390,178.430,718297
2026-03-12 11:30:00,178.420,178.720,178.010,178.150,792594
2026-03-12 13:30:00,178.160,178.500,178.020,178.140,361998
2026-03-12 14:00:00,178.130,178.550,178.110,178.380,442000
2026-03-12 14:30:00,178.380,178.590,178.300,178.490,391400
2026-03-12 15:00:00,178.490,178.500,178.180,178.180,636476
2026-03-13 10:00:00,178.510,178.880,177.320,178.800,990318
2026-03-13 10:30:00,178.790,178.930,178.460,178.500,405400
2026-03-13 11:00:00,178.550,178.740,178.200,178.590,343000
2026-03-13 11:30:00,178.590,178.720,178.410,178.460,216400
2026-03-13 13:30:00,178.480,179.100,178.460,178.700,430600
2026-03-13 14:00:00,178.720,179.070,178.650,178.660,333600
2026-03-13 14:30:00,178.660,179.210,178.640,178.790,449600
2026-03-13 15:00:00,178.790,178.800,178.330,178.570,739488
2026-03-16 10:00:00,179.000,179.130,176.660,177.880,1655178
2026-03-16 10:30:00,177.880,178.800,177.600,178.090,1094258
2026-03-16 11:00:00,178.180,178.200,176.900,177.020,645700
2026-03-16 11:30:00,177.020,177.180,176.800,176.990,313500
2026-03-16 13:30:00,176.990,177.480,176.910,177.100,537164
2026-03-16 14:00:00,177.070,177.260,177.000,177.170,227200
2026-03-16 14:30:00,177.110,177.490,177.070,177.260,292900
2026-03-16 15:00:00,177.300,177.390,177.000,177.250,410044
2026-03-17 10:00:00,177.500,178.860,177.180,178.560,1853760
2026-03-17 10:30:00,178.560,180.430,178.400,180.410,1753538
2026-03-17 11:00:00,180.430,180.550,179.740,179.930,858799
2026-03-17 11:30:00,179.940,180.000,179.590,179.670,412100
2026-03-17 13:30:00,179.720,180.000,179.550,179.800,396500
2026-03-17 14:00:00,179.870,179.870,179.100,179.140,492817
2026-03-17 14:30:00,179.140,179.590,178.860,178.870,509800
2026-03-17 15:00:00,178.870,179.000,178.100,178.100,895013
2026-03-18 10:00:00,177.800,178.390,175.350,175.360,2399800
2026-03-18 10:30:00,175.350,175.370,174.750,175.330,1539600
2026-03-18 11:00:00,175.330,175.450,174.240,174.480,960400
2026-03-18 11:30:00,174.470,174.690,174.340,174.360,557930
2026-03-18 13:30:00,174.350,175.050,174.350,174.390,665800
2026-03-18 14:00:00,174.380,174.660,174.370,174.400,550697
2026-03-18 14:30:00,174.410,174.940,174.350,174.860,584200
2026-03-18 15:00:00,174.850,174.980,174.680,174.920,888585
2026-03-19 10:00:00,173.180,173.950,172.750,173.450,1846400
2026-03-19 10:30:00,173.420,173.480,172.400,172.590,1019500
2026-03-19 11:00:00,172.580,172.880,172.150,172.670,612700
2026-03-19 11:30:00,172.660,172.750,172.000,172.360,641679
2026-03-19 13:30:00,172.350,172.380,171.890,171.950,627300
2026-03-19 14:00:00,171.950,172.350,171.690,172.230,665042
2026-03-19 14:30:00,172.240,172.570,172.000,172.170,481656
2026-03-19 15:00:00,172.170,172.250,171.700,171.860,869973
2026-03-20 10:00:00,171.860,173.230,171.440,171.500,1185065
2026-03-20 10:30:00,171.500,171.770,170.310,170.600,951318
2026-03-20 11:00:00,170.600,171.300,170.490,170.770,502800
2026-03-20 11:30:00,170.750,171.270,170.600,170.880,503600
2026-03-20 13:30:00,170.940,171.380,170.410,170.570,646600
2026-03-20 14:00:00,170.550,170.780,170.200,170.260,628700
2026-03-20 14:30:00,170.270,170.670,170.020,170.030,634897
2026-03-20 15:00:00,170.030,170.100,169.520,169.520,1567761
2026-03-23 10:00:00,167.010,168.500,166.050,168.430,2918042
2026-03-23 10:30:00,168.440,168.750,167.580,167.910,856134
2026-03-23 11:00:00,167.900,168.080,167.100,167.990,616582
2026-03-23 11:30:00,167.990,168.360,167.250,167.360,377000
2026-03-23 13:30:00,167.460,168.100,166.500,166.510,754298
2026-03-23 14:00:00,166.510,166.870,165.800,166.360,1031751
2026-03-23 14:30:00,166.330,166.340,165.170,165.800,1174400
2026-03-23 15:00:00,165.800,165.980,165.250,165.610,1056486
2026-03-24 10:00:00,167.960,168.250,165.250,166.590,1636040
2026-03-24 10:30:00,166.580,167.450,166.000,167.200,706682
2026-03-24 11:00:00,167.290,167.400,166.560,166.810,422304
2026-03-24 11:30:00,166.810,166.860,166.250,166.360,354600
2026-03-24 13:30:00,166.360,167.060,165.700,165.750,521900
2026-03-24 14:00:00,165.740,166.000,165.380,165.650,544300
2026-03-24 14:30:00,165.640,166.550,165.640,166.210,512955
2026-03-24 15:00:00,166.260,166.490,166.100,166.370,908466
2026-03-25 10:00:00,168.000,168.490,167.110,167.850,1682827
2026-03-25 10:30:00,167.880,168.180,167.710,167.720,614327
2026-03-25 11:00:00,167.720,168.050,167.470,167.840,485000
2026-03-25 11:30:00,167.840,167.860,167.370,167.540,303032
2026-03-25 13:30:00,167.400,167.780,167.300,167.520,382400
2026-03-25 14:00:00,167.520,167.900,167.380,167.410,472700
2026-03-25 14:30:00,167.410,167.420,166.780,166.990,715517
2026-03-25 15:00:00,166.970,167.660,166.970,167.470,552984
2026-03-26 10:00:00,166.990,168.250,166.750,166.820,1417911
2026-03-26 10:30:00,166.820,167.170,166.420,166.480,701200
2026-03-26 11:00:00,166.470,166.600,165.220,165.600,892800
2026-03-26 11:30:00,165.530,165.600,164.780,165.350,804000
2026-03-26 13:30:00,165.210,165.580,165.080,165.320,540102
2026-03-26 14:00:00,165.320,165.450,164.670,164.670,692876
2026-03-26 14:30:00,164.660,164.970,164.250,164.410,597600
2026-03-26 15:00:00,164.420,164.670,164.260,164.300,574698
2026-03-27 10:00:00,163.000,166.180,162.600,166.020,1619327
2026-03-27 10:30:00,166.020,168.250,165.700,167.540,1496843
2026-03-27 11:00:00,167.560,169.500,167.280,168.690,964088
2026-03-27 11:30:00,168.800,169.370,168.690,169.180,644000
2026-03-27 13:30:00,169.190,169.750,168.830,169.130,1014261
2026-03-27 14:00:00,169.130,169.980,168.970,169.390,819200
2026-03-27 14:30:00,169.270,169.590,168.950,169.400,465002
2026-03-27 15:00:00,169.410,169.820,169.380,169.600,869448
2026-03-30 10:00:00,168.500,169.560,168.040,169.140,1520788
2026-03-30 10:30:00,168.980,171.490,168.880,170.540,1537200
2026-03-30 11:00:00,170.600,171.120,170.250,170.600,520615
2026-03-30 11:30:00,170.650,171.400,170.650,171.100,519700
2026-03-30 13:30:00,171.170,171.230,170.590,170.810,423700
2026-03-30 14:00:00,170.810,171.200,170.100,170.670,472300
2026-03-30 14:30:00,170.660,171.000,170.470,170.600,409400
2026-03-30 15:00:00,170.620,170.950,170.610,170.770,726932
2026-03-31 10:00:00,167.360,169.000,166.400,166.760,3576906
2026-03-31 10:30:00,166.810,167.380,166.600,166.960,766047
2026-03-31 11:00:00,166.960,168.220,166.580,167.290,699753
2026-03-31 11:30:00,167.270,167.870,166.820,167.410,526140
2026-03-31 13:30:00,167.540,167.610,166.750,166.810,444678
2026-03-31 14:00:00,166.810,167.000,166.250,166.270,696600
2026-03-31 14:30:00,166.260,166.270,165.010,165.090,999900
2026-03-31 15:00:00,165.090,165.300,164.660,164.660,1257497
2026-04-01 10:00:00,165.760,167.450,164.750,164.930,2141832
2026-04-01 10:30:00,164.930,170.250,164.890,167.720,2810300
2026-04-01 11:00:00,167.700,168.700,166.560,166.610,1063000
2026-04-01 11:30:00,166.630,166.700,165.210,166.060,985100
2026-04-01 13:30:00,166.080,166.940,166.060,166.110,708930
2026-04-01 14:00:00,166.120,166.430,165.680,165.750,544000
2026-04-01 14:30:00,165.700,166.160,165.510,165.930,685200
2026-04-01 15:00:00,165.930,166.290,165.690,165.900,892640
2026-04-02 10:00:00,165.500,165.580,162.610,163.110,3100545
2026-04-02 10:30:00,163.110,163.260,162.650,163.010,1322536
2026-04-02 11:00:00,163.020,164.190,162.790,163.290,885270
2026-04-02 11:30:00,163.300,163.450,162.900,163.000,513301
2026-04-02 13:30:00,163.000,163.100,162.620,162.890,1155200
2026-04-02 14:00:00,162.880,163.190,162.700,162.750,476000
2026-04-02 14:30:00,162.750,163.000,162.620,162.860,566260
2026-04-02 15:00:00,162.860,162.860,162.100,162.400,1139400
