date,open,high,low,close,volume
2025-03-27 14:30:00,60.990,61.240,60.980,61.240,349800
2025-03-27 15:00:00,61.250,61.400,61.100,61.350,1049000
2025-03-28 10:00:00,60.800,61.300,60.370,60.380,1989000
2025-03-28 10:30:00,60.370,60.510,60.020,60.020,1172900
2025-03-28 11:00:00,60.040,60.220,59.870,59.940,1057400
2025-03-28 11:30:00,59.930,60.010,59.790,59.990,683923
2025-03-28 13:30:00,59.990,60.060,59.900,59.910,404500
2025-03-28 14:00:00,59.900,60.120,59.850,60.010,380610
2025-03-28 14:30:00,60.020,60.050,59.870,59.940,336100
2025-03-28 15:00:00,59.950,59.990,59.770,59.880,872300
2025-03-31 10:00:00,59.200,59.870,59.020,59.510,1427800
2025-03-31 10:30:00,59.510,59.520,58.800,58.970,1032800
2025-03-31 11:00:00,59.070,59.130,58.840,58.980,473200
2025-03-31 11:30:00,58.970,59.020,58.850,58.850,501500
2025-03-31 13:30:00,58.850,59.200,58.810,58.920,490923
2025-03-31 14:00:00,58.970,59.030,58.880,58.910,300400
2025-03-31 14:30:00,58.900,59.200,58.860,59.170,425900
2025-03-31 15:00:00,59.140,59.200,58.980,59.000,453800
2025-04-01 10:00:00,59.660,60.390,59.580,60.280,2130552
2025-04-01 10:30:00,60.270,60.550,60.160,60.480,1234122
2025-04-01 11:00:00,60.460,60.680,60.310,60.640,1221600
2025-04-01 11:30:00,60.630,60.950,60.580,60.800,1025000
2025-04-01 13:30:00,60.800,60.800,60.510,60.690,742100
2025-04-01 14:00:00,60.690,60.750,60.450,60.650,618408
2025-04-01 14:30:00,60.660,60.790,60.520,60.590,350200
2025-04-01 15:00:00,60.580,60.610,60.500,60.600,587500
2025-04-02 10:00:00,60.200,60.800,59.920,60.190,1276700
2025-04-02 10:30:00,60.210,60.230,60.000,60.090,685699
2025-04-02 11:00:00,60.080,60.190,60.000,60.090,376500
2025-04-02 11:30:00,60.050,60.200,60.050,60.140,244900
2025-04-02 13:30:00,60.140,60.250,60.090,60.180,301930
2025-04-02 14:00:00,60.180,60.190,59.910,59.930,409200
2025-04-02 14:30:00,59.930,59.940,59.680,59.830,637200
2025-04-02 15:00:00,59.830,60.000,59.720,59.890,565000
2025-04-03 10:00:00,59.420,60.140,59.400,59.720,969600
2025-04-03 10:30:00,59.720,60.090,59.590,60.040,468100
2025-04-03 11:00:00,60.040,60.090,59.710,59.730,242700
2025-04-03 11:30:00,59.730,59.880,59.560,59.650,288700
2025-04-03 13:30:00,59.640,59.680,59.300,59.490,480475
2025-04-03 14:00:00,59.490,59.720,59.350,59.690,269600
2025-04-03 14:30:00,59.700,59.710,59.500,59.590,263100
2025-04-03 15:00:00,59.590,59.880,59.520,59.520,474300
2025-04-07 10:00:00,57.000,58.430,53.880,56.000,4465700
2025-04-07 10:30:00,56.000,56.670,55.660,56.210,1200075
2025-04-07 11:00:00,56.180,56.330,55.660,55.910,444600
2025-04-07 11:30:00,55.940,55.960,54.960,55.090,695080
2025-04-07 13:30:00,55.060,55.090,54.000,54.580,1035015
2025-04-07 14:00:00,54.570,54.770,53.680,53.690,1434160
2025-04-07 14:30:00,53.680,53.700,50.400,51.940,2968692
2025-04-07 15:00:00,51.940,53.050,50.980,51.380,2061780
2025-04-08 10:00:00,52.080,54.490,52.080,54.480,4838515
2025-04-08 10:30:00,54.490,54.940,54.200,54.310,1550300
2025-04-08 11:00:00,54.320,54.520,54.130,54.160,797700
2025-04-08 11:30:00,54.150,54.590,54.090,54.470,627299
2025-04-08 13:30:00,54.470,54.490,53.610,53.720,1033500
2025-04-08 14:00:00,53.720,53.800,53.340,53.700,1157600
2025-04-08 14:30:00,53.700,54.000,53.600,53.950,672700
2025-04-08 15:00:00,53.960,54.550,53.810,54.510,1344110
2025-04-09 10:00:00,54.080,59.180,53.900,58.400,7409980
2025-04-09 10:30:00,58.430,59.380,58.430,59.040,2536069
2025-04-09 11:00:00,59.040,59.060,58.470,58.590,1045733
2025-04-09 11:30:00,58.590,59.000,58.230,58.460,875479
2025-04-09 13:30:00,58.470,58.960,58.290,58.830,789903
2025-04-09 14:00:00,58.760,59.680,58.750,59.300,1808839
2025-04-09 14:30:00,59.300,59.700,59.090,59.580,1264800
2025-04-09 15:00:00,59.580,59.660,59.180,59.280,1442907
2025-04-10 10:00:00,59.250,59.920,58.000,59.740,5204200
2025-04-10 10:30:00,59.760,59.830,59.360,59.650,1572400
2025-04-10 11:00:00,59.660,59.660,59.290,59.350,1011100
2025-04-10 11:30:00,59.350,59.500,59.150,59.260,708100
2025-04-10 13:30:00,59.260,59.470,59.050,59.430,852259
2025-04-10 14:00:00,59.430,59.800,59.300,59.320,719800
2025-04-10 14:30:00,59.330,59.580,59.230,59.280,593100
2025-04-10 15:00:00,59.280,59.410,59.140,59.230,1151226
2025-04-11 10:00:00,58.510,59.150,57.890,58.860,3575559
2025-04-11 10:30:00,58.860,59.450,58.550,58.580,1378900
2025-04-11 11:00:00,58.590,58.690,58.260,58.260,755300
2025-04-11 11:30:00,58.280,58.870,58.260,58.750,418800
2025-04-11 13:30:00,58.750,59.100,58.700,58.830,879400
2025-04-11 14:00:00,58.820,59.360,58.760,59.030,1080399
2025-04-11 14:30:00,59.020,59.140,58.720,58.720,653120
2025-04-11 15:00:00,58.730,58.850,58.710,58.830,841426
2025-04-14 10:00:00,58.820,59.140,58.310,58.580,2064100
2025-04-14 10:30:00,58.580,58.950,58.480,58.920,875800
2025-04-14 11:00:00,58.910,59.280,58.890,59.020,1046500
2025-04-14 11:30:00,59.020,59.170,58.960,59.030,457600
2025-04-14 13:30:00,59.070,59.150,58.800,59.060,681459
2025-04-14 14:00:00,59.070,59.100,58.920,58.970,436700
2025-04-14 14:30:00,59.020,59.080,58.920,59.030,384000
2025-04-14 15:00:00,59.010,59.450,59.010,59.400,1753700
2025-04-15 10:00:00,59.220,59.350,58.620,58.740,1387800
2025-04-15 10:30:00,58.740,58.760,58.480,58.500,925600
2025-04-15 11:00:00,58.500,58.590,58.300,58.520,598242
2025-04-15 11:30:00,58.520,58.580,58.330,58.440,311935
2025-04-15 13:30:00,58.500,58.590,58.230,58.380,497000
2025-04-15 14:00:00,58.380,59.100,58.300,58.850,747593
2025-04-15 14:30:00,58.840,58.960,58.680,58.780,822592
2025-04-15 15:00:00,58.780,58.820,58.410,58.580,825700
2025-04-16 10:00:00,58.710,59.850,58.710,58.850,2233700
2025-04-16 10:30:00,58.850,58.990,58.650,58.790,635000
2025-04-16 11:00:00,58.790,58.800,58.520,58.610,364300
2025-04-16 11:30:00,58.620,58.640,58.200,58.250,496300
2025-04-16 13:30:00,58.250,58.770,58.200,58.550,433700
2025-04-16 14:00:00,58.550,58.790,58.220,58.570,274600
2025-04-16 14:30:00,58.570,58.580,58.350,58.400,325200
2025-04-16 15:00:00,58.410,58.700,58.120,58.650,588500
2025-04-17 10:00:00,58.680,59.330,58.610,58.820,1275300
2025-04-17 10:30:00,58.820,58.890,58.670,58.710,409700
2025-04-17 11:00:00,58.710,59.100,58.480,59.030,965300
2025-04-17 11:30:00,59.020,59.120,58.880,59.000,364700
2025-04-17 13:30:00,59.010,59.030,58.700,58.720,276300
2025-04-17 14:00:00,58.710,59.040,58.710,58.980,441594
2025-04-17 14:30:00,58.980,58.990,58.820,58.840,215406
2025-04-17 15:00:00,58.850,58.850,58.690,58.700,592200
2025-04-18 10:00:00,58.600,58.600,57.900,57.900,1400700
2025-04-18 10:30:00,57.900,57.990,57.700,57.770,749370
2025-04-18 11:00:00,57.810,57.900,57.720,57.750,355800
2025-04-18 11:30:00,57.750,57.800,57.370,57.480,552600
2025-04-18 13:30:00,57.470,57.720,57.450,57.630,374400
2025-04-18 14:00:00,57.630,58.000,57.550,57.950,344800
2025-04-18 14:30:00,57.950,57.980,57.800,57.870,291600
2025-04-18 15:00:00,57.870,57.980,57.800,57.800,563400
2025-04-21 10:00:00,57.800,59.140,57.770,58.940,2236800
2025-04-21 10:30:00,58.940,59.100,58.850,58.900,675718
2025-04-21 11:00:00,58.890,58.930,58.700,58.750,507000
2025-04-21 11:30:00,58.740,58.770,58.590,58.700,282576
2025-04-21 13:30:00,58.710,58.750,58.480,58.580,398524
2025-04-21 14:00:00,58.580,58.690,58.450,58.650,281977
2025-04-21 14:30:00,58.630,58.690,58.580,58.600,267600
2025-04-21 15:00:00,58.600,58.660,58.440,58.520,663700
2025-04-22 10:00:00,58.250,58.800,58.170,58.740,980900
2025-04-22 10:30:00,58.740,59.190,58.610,58.780,1217000
2025-04-22 11:00:00,58.790,58.950,58.650,58.770,267100
2025-04-22 11:30:00,58.790,58.800,58.550,58.550,202781
2025-04-22 13:30:00,58.550,58.770,58.520,58.620,242400
2025-04-22 14:00:00,58.610,58.740,58.520,58.560,280700
2025-04-22 14:30:00,58.540,58.730,58.520,58.580,193600
2025-04-22 15:00:00,58.590,58.600,58.460,58.480,425600
2025-04-23 10:00:00,58.550,58.990,58.420,58.720,1086500
2025-04-23 10:30:00,58.730,58.750,58.460,58.470,389600
2025-04-23 11:00:00,58.470,58.580,58.440,58.520,272500
2025-04-23 11:30:00,58.530,58.640,58.480,58.510,204600
2025-04-23 13:30:00,58.520,58.780,58.510,58.780,419300
2025-04-23 14:00:00,58.790,58.940,58.680,58.880,485700
2025-04-23 14:30:00,58.870,59.130,58.710,59.080,686211
2025-04-23 15:00:00,59.030,59.100,58.790,58.970,892825
2025-04-24 10:00:00,59.130,59.200,58.550,58.680,884800
2025-04-24 10:30:00,58.670,58.800,58.620,58.710,308200
2025-04-24 11:00:00,58.720,58.750,58.430,58.500,576300
2025-04-24 11:30:00,58.510,58.510,58.140,58.200,678200
2025-04-24 13:30:00,58.220,58.480,58.150,58.390,268700
2025-04-24 14:00:00,58.390,58.480,58.340,58.450,173467
2025-04-24 14:30:00,58.450,58.490,58.190,58.240,293500
2025-04-24 15:00:00,58.240,58.300,57.960,57.980,773400
2025-04-25 10:00:00,58.270,58.460,57.960,58.010,866066
2025-04-25 10:30:00,58.010,58.120,57.960,58.030,431500
2025-04-25 11:00:00,58.040,58.220,58.020,58.200,336000
2025-04-25 11:30:00,58.200,58.350,58.190,58.290,398100
2025-04-25 13:30:00,58.300,58.350,58.290,58.310,253500
2025-04-25 14:00:00,58.310,59.980,58.280,59.440,3006334
2025-04-25 14:30:00,59.440,59.680,59.210,59.580,1020700
2025-04-25 15:00:00,59.560,59.590,59.330,59.400,1018100
2025-04-28 10:00:00,59.700,59.900,59.470,59.560,2309000
2025-04-28 10:30:00,59.570,59.760,59.410,59.740,578100
2025-04-28 11:00:00,59.690,61.230,59.590,60.970,2890918
2025-04-28 11:30:00,60.920,61.110,60.680,61.080,1300657
2025-04-28 13:30:00,61.080,61.920,61.080,61.660,3034971
2025-04-28 14:00:00,61.670,61.670,61.150,61.360,958000
2025-04-28 14:30:00,61.350,61.400,61.010,61.010,728900
2025-04-28 15:00:00,61.010,61.360,60.920,61.340,1693292
2025-04-29 10:00:00,58.000,59.370,57.500,58.940,4534410
2025-04-29 10:30:00,58.930,59.890,58.900,59.400,1614200
2025-04-29 11:00:00,59.410,59.410,58.910,59.130,825756
2025-04-29 11:30:00,59.110,59.170,58.780,58.890,730100
2025-04-29 13:30:00,58.880,58.930,58.710,58.760,720867
2025-04-29 14:00:00,58.770,58.770,58.560,58.590,729870
2025-04-29 14:30:00,58.610,58.770,58.440,58.440,792130
2025-04-29 15:00:00,58.440,58.630,58.080,58.110,1719751
2025-04-30 10:00:00,58.000,58.670,57.990,58.060,1716474
2025-04-30 10:30:00,58.070,58.550,58.070,58.550,755800
2025-04-30 11:00:00,58.530,58.630,58.370,58.460,454100
2025-04-30 11:30:00,58.480,58.490,58.360,58.400,266800
2025-04-30 13:30:00,58.410,58.550,58.340,58.360,498300
2025-04-30 14:00:00,58.360,59.140,58.250,58.880,1477300
2025-04-30 14:30:00,58.880,59.000,58.760,58.850,637865
2025-04-30 15:00:00,58.840,58.890,58.650,58.750,1176700
2025-05-06 10:00:00,59.300,59.390,58.520,58.630,2300357
2025-05-06 10:30:00,58.660,59.020,58.610,58.910,1010800
2025-05-06 11:00:00,58.910,59.050,58.780,58.980,653400
2025-05-06 11:30:00,58.990,59.060,58.560,59.060,703900
2025-05-06 13:30:00,59.040,59.150,58.960,59.020,572300
2025-05-06 14:00:00,59.000,59.650,58.900,59.270,1464100
2025-05-06 14:30:00,59.260,59.290,59.080,59.210,727600
2025-05-06 15:00:00,59.200,59.270,59.140,59.230,944850
2025-05-07 10:00:00,62.900,63.410,61.500,62.000,9322476
2025-05-07 10:30:00,62.000,62.330,61.840,62.110,2368300
2025-05-07 11:00:00,62.110,65.080,61.900,65.020,9441405
2025-05-07 11:30:00,65.030,71.080,64.910,71.080,17778411
2025-05-07 13:30:00,71.080,71.080,69.000,69.640,11891822
2025-05-07 14:00:00,69.620,70.250,69.010,69.650,4147922
2025-05-07 14:30:00,69.660,69.670,68.150,69.250,4621750
2025-05-07 15:00:00,69.250,69.530,68.770,69.330,4185635
2025-05-08 10:00:00,70.000,74.880,69.340,73.750,39893218
2025-05-08 10:30:00,73.730,80.790,73.100,78.860,15933107
2025-05-08 11:00:00,78.860,79.150,75.200,77.800,7123572
2025-05-08 11:30:00,77.900,78.130,75.870,77.600,2500528
2025-05-08 13:30:00,77.590,79.010,76.800,77.510,3667100
2025-05-08 14:00:00,77.500,83.200,77.380,83.200,17144006
2025-05-08 14:30:00,83.200,83.200,83.200,83.200,7466854
2025-05-08 15:00:00,83.200,83.200,83.200,83.200,936888
2025-05-09 10:00:00,88.000,88.880,80.010,80.050,55007434
2025-05-09 10:30:00,80.010,82.110,78.720,81.490,12099179
2025-05-09 11:00:00,81.490,84.970,80.680,83.520,7355890
2025-05-09 11:30:00,83.520,86.600,83.500,85.630,7727389
2025-05-09 13:30:00,85.670,88.580,85.060,86.180,7395699
2025-05-09 14:00:00,86.180,86.180,83.660,84.910,4070000
2025-05-09 14:30:00,84.900,84.920,81.000,82.030,4317862
2025-05-09 15:00:00,82.030,82.120,79.500,79.880,9951494
2025-05-12 10:00:00,78.000,95.000,77.680,94.710,57830423
2025-05-12 10:30:00,94.730,95.860,92.000,93.940,24712435
2025-05-12 11:00:00,94.050,95.700,92.020,94.330,9723015
2025-05-12 11:30:00,94.360,95.500,93.500,94.510,3108692
2025-05-12 13:30:00,94.500,95.860,92.770,95.030,5142839
2025-05-12 14:00:00,95.040,95.800,94.800,95.580,2716802
2025-05-12 14:30:00,95.600,95.860,95.520,95.860,3710730
2025-05-12 15:00:00,95.860,95.860,95.860,95.860,805263
2025-05-13 10:00:00,95.670,97.550,91.400,92.990,37133639
2025-05-13 10:30:00,93.000,94.600,90.700,91.010,12827589
2025-05-13 11:00:00,91.000,91.970,89.180,91.450,11292633
2025-05-13 11:30:00,91.410,91.530,89.260,89.900,5412600
2025-05-13 13:30:00,89.910,91.660,89.910,90.740,4466700
2025-05-13 14:00:00,90.690,91.480,90.250,90.300,3273512
2025-05-13 14:30:00,90.280,90.450,87.500,87.930,9707305
2025-05-13 15:00:00,87.950,88.800,86.930,88.740,16125973
2025-05-14 10:00:00,89.000,91.100,86.780,90.000,31056832
2025-05-14 10:30:00,90.000,90.350,88.960,89.700,7597600
2025-05-14 11:00:00,89.700,90.990,88.490,90.550,6756186
2025-05-14 11:30:00,90.550,90.960,90.000,90.580,4471300
2025-05-14 13:30:00,90.580,90.890,89.660,90.050,3881300
2025-05-14 14:00:00,90.050,93.500,90.010,91.510,12103109
2025-05-14 14:30:00,91.510,91.680,90.020,90.040,5053237
2025-05-14 15:00:00,90.040,91.000,89.020,90.350,7673328
2025-05-15 10:00:00,87.880,91.320,85.990,87.300,21659298
2025-05-15 10:30:00,87.210,87.950,85.000,85.730,13284344
2025-05-15 11:00:00,85.730,87.010,85.340,85.350,3928500
2025-05-15 11:30:00,85.350,86.100,84.650,85.500,5521119
2025-05-15 13:30:00,85.500,85.680,84.310,85.500,4575191
2025-05-15 14:00:00,85.500,90.000,84.800,89.180,7928838
2025-05-15 14:30:00,89.130,90.000,87.110,87.150,3584200
2025-05-15 15:00:00,87.140,87.890,86.010,87.050,6322089
2025-05-16 10:00:00,86.000,89.650,85.510,87.580,20152278
2025-05-16 10:30:00,87.580,88.320,86.290,87.480,5729781
2025-05-16 11:00:00,87.480,87.500,86.600,87.060,2298400
2025-05-16 11:30:00,87.060,87.580,86.450,86.620,2454312
2025-05-16 13:30:00,86.660,87.330,85.500,86.110,4866637
2025-05-16 14:00:00,86.110,88.610,85.820,86.940,4758844
2025-05-16 14:30:00,86.940,86.960,85.860,86.450,2695558
2025-05-16 15:00:00,86.490,87.150,86.010,86.080,6654100
2025-05-19 10:00:00,87.600,88.880,85.650,85.790,19295131
2025-05-19 10:30:00,85.780,90.990,85.730,89.720,18595323
2025-05-19 11:00:00,89.760,90.500,88.790,89.520,5697740
2025-05-19 11:30:00,89.510,89.990,88.960,89.310,2179857
2025-05-19 13:30:00,89.380,89.430,87.880,88.380,3239703
2025-05-19 14:00:00,88.370,89.070,87.380,87.490,2592103
2025-05-19 14:30:00,87.490,87.950,87.210,87.410,2272700
2025-05-19 15:00:00,87.410,88.200,87.120,87.200,5348990
2025-05-20 10:00:00,85.380,86.300,81.660,81.720,27082848
2025-05-20 10:30:00,81.720,82.100,80.230,81.400,10815436
2025-05-20 11:00:00,81.420,81.560,80.800,81.100,3482014
2025-05-20 11:30:00,81.100,81.200,80.400,80.740,2790936
2025-05-20 13:30:00,80.740,81.360,80.590,80.630,3099800
2025-05-20 14:00:00,80.650,82.190,80.610,81.500,3452847
2025-05-20 14:30:00,81.500,81.580,80.650,80.750,3142309
2025-05-20 15:00:00,80.760,81.600,80.240,80.290,8401315
2025-05-21 10:00:00,79.890,81.000,79.200,79.230,11680607
2025-05-21 10:30:00,79.240,80.380,79.210,79.820,4554260
2025-05-21 11:00:00,79.850,80.220,79.360,79.970,3385503
2025-05-21 11:30:00,79.980,80.330,79.620,80.290,1578700
2025-05-21 13:30:00,80.290,82.490,79.970,82.350,10484940
2025-05-21 14:00:00,82.330,82.800,81.220,81.600,4460300
2025-05-21 14:30:00,81.610,81.890,81.270,81.640,1924300
2025-05-21 15:00:00,81.640,82.590,81.620,81.960,5218400
2025-05-22 10:00:00,81.490,82.540,81.110,82.200,9120033
2025-05-22 10:30:00,82.220,85.520,81.960,85.460,16812770
2025-05-22 11:00:00,85.460,85.600,83.580,83.580,6275700
2025-05-22 11:30:00,83.570,83.580,82.770,83.480,3540600
2025-05-22 13:30:00,83.480,83.560,82.350,82.570,2455008
2025-05-22 14:00:00,82.570,82.590,81.820,81.820,2663292
2025-05-22 14:30:00,81.830,81.990,81.210,81.220,2620300
2025-05-22 15:00:00,81.230,81.360,80.600,80.860,5058640
2025-05-23 10:00:00,82.010,82.610,80.610,81.620,10688129
2025-05-23 10:30:00,81.540,81.590,80.810,81.110,1938000
2025-05-23 11:00:00,81.060,81.650,80.710,80.870,1848100
2025-05-23 11:30:00,80.830,81.210,80.120,80.290,3110125
2025-05-23 13:30:00,80.280,81.120,80.210,81.120,1389600
2025-05-23 14:00:00,81.150,81.350,80.380,80.390,1591000
2025-05-23 14:30:00,80.380,81.160,79.710,80.400,4215834
2025-05-23 15:00:00,80.400,80.730,80.050,80.200,3027262
2025-05-26 10:00:00,80.310,80.670,78.500,78.870,6425350
2025-05-26 10:30:00,78.870,79.590,78.860,79.490,2537090
2025-05-26 11:00:00,79.490,79.510,78.900,79.310,1672365
2025-05-26 11:30:00,79.320,79.880,78.900,79.780,1923300
2025-05-26 13:30:00,79.780,79.800,78.520,78.630,2199300
2025-05-26 14:00:00,78.640,79.150,78.620,78.890,1305614
2025-05-26 14:30:00,78.890,79.200,78.720,78.870,1580786
2025-05-26 15:00:00,78.870,79.380,78.870,79.250,2994300
2025-05-27 10:00:00,79.800,80.390,79.240,79.430,7879416
2025-05-27 10:30:00,79.390,79.450,78.730,78.890,2777300
2025-05-27 11:00:00,78.890,79.200,78.570,78.680,1463315
2025-05-27 11:30:00,78.680,78.920,78.600,78.650,814200
2025-05-27 13:30:00,78.650,80.200,78.610,80.050,3943200
2025-05-27 14:00:00,80.080,80.200,78.900,79.210,2769800
2025-05-27 14:30:00,79.210,80.320,79.050,79.780,2982100
2025-05-27 15:00:00,79.750,79.790,79.310,79.380,3079500
2025-05-28 10:00:00,78.590,78.880,77.700,78.610,8549149
2025-05-28 10:30:00,78.610,79.780,78.480,79.620,3918498
2025-05-28 11:00:00,79.620,79.780,78.940,79.190,1531000
2025-05-28 11:30:00,79.190,79.190,78.520,78.560,1307800
2025-05-28 13:30:00,78.560,78.860,78.130,78.700,1627189
2025-05-28 14:00:00,78.700,78.730,78.030,78.070,1459900
2025-05-28 14:30:00,78.070,78.400,78.020,78.100,1547300
2025-05-28 15:00:00,78.100,78.140,77.410,77.850,5190126
2025-05-29 10:00:00,76.830,77.490,76.570,77.370,5460050
2025-05-29 10:30:00,77.380,77.900,77.230,77.850,2518068
2025-05-29 11:00:00,77.850,78.180,77.610,78.010,2232800
2025-05-29 11:30:00,78.020,78.070,77.260,77.540,1846604
2025-05-29 13:30:00,77.540,77.950,77.410,77.420,1399700
2025-05-29 14:00:00,77.430,78.000,77.410,77.710,1811532
2025-05-29 14:30:00,77.710,77.730,77.450,77.640,1277655
2025-05-29 15:00:00,77.620,77.850,77.540,77.560,2890200
2025-05-30 10:00:00,77.840,78.110,77.040,77.110,6070600
2025-05-30 10:30:00,77.110,77.510,76.850,76.850,2803500
2025-05-30 11:00:00,76.850,76.990,76.420,76.770,2464100
2025-05-30 11:30:00,76.760,76.960,76.080,76.090,1555700
2025-05-30 13:30:00,76.100,77.080,76.040,76.910,1952169
2025-05-30 14:00:00,76.880,77.660,76.820,77.100,1768600
2025-05-30 14:30:00,77.140,77.180,76.550,76.690,1137295
2025-05-30 15:00:00,76.690,76.870,76.630,76.740,2787615
2025-06-03 10:00:00,76.710,79.160,76.700,79.030,9243763
2025-06-03 10:30:00,79.030,80.140,78.400,78.440,9643600
2025-06-03 11:00:00,78.440,78.780,78.370,78.410,1877100
2025-06-03 11:30:00,78.410,78.440,78.100,78.260,1243800
2025-06-03 13:30:00,78.250,78.300,77.870,77.900,1357900
2025-06-03 14:00:00,77.900,78.120,77.780,77.880,1009128
2025-06-03 14:30:00,77.890,78.000,77.600,77.780,1019772
2025-06-03 15:00:00,77.790,77.810,77.430,77.550,2488050
2025-06-04 10:00:00,77.010,77.340,76.450,77.020,7005000
2025-06-04 10:30:00,77.020,77.880,76.740,77.150,2897800
2025-06-04 11:00:00,77.150,77.210,76.990,77.200,1220329
2025-06-04 11:30:00,77.210,77.590,77.090,77.380,950534
2025-06-04 13:30:00,77.370,77.440,77.000,77.010,977900
2025-06-04 14:00:00,77.010,77.230,76.990,77.140,790000
2025-06-04 14:30:00,77.140,77.240,77.020,77.080,814100
2025-06-04 15:00:00,77.090,77.240,77.050,77.210,1998000
2025-06-05 10:00:00,77.070,77.400,76.460,77.280,4328040
2025-06-05 10:30:00,77.290,79.700,77.210,79.300,10084429
2025-06-05 11:00:00,79.300,79.550,78.640,78.900,3241300
2025-06-05 11:30:00,78.920,79.200,78.800,78.900,1284600
2025-06-05 13:30:00,78.900,79.150,78.820,78.850,1579488
2025-06-05 14:00:00,78.850,78.930,78.130,78.300,2212000
2025-06-05 14:30:00,78.300,78.520,78.180,78.340,1145700
2025-06-05 15:00:00,78.340,78.760,78.300,78.580,2397600
2025-06-06 10:00:00,80.800,86.340,80.150,83.730,27026065
2025-06-06 10:30:00,83.740,83.810,82.300,83.380,5487400
2025-06-06 11:00:00,83.390,83.460,82.680,83.100,1553418
2025-06-06 11:30:00,83.100,83.120,82.310,82.620,1497500
2025-06-06 13:30:00,82.620,82.750,81.620,81.920,2071134
2025-06-06 14:00:00,81.920,82.050,81.440,81.840,1817051
2025-06-06 14:30:00,81.830,81.870,80.710,81.400,2312597
2025-06-06 15:00:00,81.400,81.880,81.330,81.670,3062187
2025-06-09 10:00:00,81.880,84.490,81.500,83.900,14733876
2025-06-09 10:30:00,83.900,85.920,83.870,84.980,8766600
2025-06-09 11:00:00,84.980,85.000,83.380,83.380,3135500
2025-06-09 11:30:00,83.380,84.000,83.130,83.750,1515015
2025-06-09 13:30:00,83.740,83.800,83.150,83.180,1700803
2025-06-09 14:00:00,83.180,83.190,82.500,82.640,2352400
2025-06-09 14:30:00,82.640,83.590,82.630,82.910,1436195
2025-06-09 15:00:00,82.900,83.550,82.900,83.440,2927587
2025-06-10 10:00:00,82.070,82.080,79.810,80.050,10857768
2025-06-10 10:30:00,80.050,80.480,79.800,80.350,3527900
2025-06-10 11:00:00,80.370,80.570,79.900,79.910,1232568
2025-06-10 11:30:00,79.910,80.750,79.910,80.570,1531000
2025-06-10 13:30:00,80.570,80.570,79.400,79.400,3294709
2025-06-10 14:00:00,79.400,80.350,79.400,80.170,1969708
2025-06-10 14:30:00,80.200,80.290,79.850,80.150,1166888
2025-06-10 15:00:00,80.140,80.210,79.770,79.830,2913718
2025-06-11 10:00:00,79.250,80.150,78.650,79.610,5357500
2025-06-11 10:30:00,79.600,80.450,79.360,80.010,2632000
2025-06-11 11:00:00,80.020,80.210,79.800,80.110,1201255
2025-06-11 11:30:00,80.110,80.270,79.820,79.870,1028700
2025-06-11 13:30:00,79.860,80.260,79.620,79.630,1207400
2025-06-11 14:00:00,79.630,80.100,79.630,79.780,905950
2025-06-11 14:30:00,79.770,80.070,79.760,79.850,984100
2025-06-11 15:00:00,79.850,79.950,79.760,79.880,1739399
2025-06-12 10:00:00,79.130,79.970,78.720,78.970,3493077
2025-06-12 10:30:00,78.970,79.420,78.900,79.390,1609000
2025-06-12 11:00:00,79.380,79.490,79.080,79.190,904800
2025-06-12 11:30:00,79.180,79.580,78.970,79.180,874500
2025-06-12 13:30:00,79.180,79.450,79.040,79.280,973400
2025-06-12 14:00:00,79.270,79.520,78.940,79.240,1342950
2025-06-12 14:30:00,79.260,79.430,79.210,79.390,1111460
2025-06-12 15:00:00,79.380,79.400,78.900,79.100,2517100
2025-06-13 10:00:00,80.600,81.560,79.460,80.140,8419700
2025-06-13 10:30:00,80.140,82.000,79.630,81.990,7275201
2025-06-13 11:00:00,81.990,83.600,81.990,82.590,9546750
2025-06-13 11:30:00,82.600,83.380,82.390,83.210,3417094
2025-06-13 13:30:00,83.210,92.680,83.190,89.700,18197880
2025-06-13 14:00:00,89.720,90.000,88.590,88.990,5149961
2025-06-13 14:30:00,88.980,88.980,86.700,87.520,5669699
2025-06-13 15:00:00,87.540,88.700,87.500,88.000,8057329
2025-06-16 10:00:00,87.000,87.000,85.440,85.700,17710825
2025-06-16 10:30:00,85.720,86.790,85.580,85.580,4640750
2025-06-16 11:00:00,85.590,86.180,84.690,85.910,5586300
2025-06-16 11:30:00,85.900,90.100,85.900,89.980,6692750
2025-06-16 13:30:00,89.980,91.100,87.690,88.770,5459384
2025-06-16 14:00:00,88.780,89.000,87.820,88.650,1895794
2025-06-16 14:30:00,88.680,89.230,88.010,88.200,2113900
2025-06-16 15:00:00,88.190,88.430,87.270,87.800,4176637
2025-06-17 10:00:00,87.000,88.210,85.380,85.390,9252234
2025-06-17 10:30:00,85.390,85.850,85.080,85.120,4005115
2025-06-17 11:00:00,85.120,85.500,84.880,85.170,2453089
2025-06-17 11:30:00,85.170,85.240,84.900,85.010,1530700
2025-06-17 13:30:00,85.010,87.380,84.910,87.070,4515955
2025-06-17 14:00:00,87.090,87.150,85.320,85.360,2732200
2025-06-17 14:30:00,85.360,86.060,85.280,85.350,1513800
2025-06-17 15:00:00,85.340,85.520,85.070,85.400,2769700
2025-06-18 10:00:00,85.480,89.000,85.280,87.800,12940106
2025-06-18 10:30:00,87.800,93.880,87.770,92.000,15887817
2025-06-18 11:00:00,91.990,92.000,90.100,90.700,4866196
2025-06-18 11:30:00,90.700,90.990,89.880,90.550,2043800
2025-06-18 13:30:00,90.550,90.670,88.180,88.200,3151700
2025-06-18 14:00:00,88.200,88.990,87.430,88.260,2707800
2025-06-18 14:30:00,88.260,89.880,88.250,88.410,1828691
2025-06-18 15:00:00,88.410,89.470,88.410,88.930,3484273
2025-06-19 10:00:00,86.600,86.650,84.440,85.150,11040225
2025-06-19 10:30:00,85.150,85.360,84.260,85.350,5365352
2025-06-19 11:00:00,85.360,85.620,84.850,84.890,1718900
2025-06-19 11:30:00,84.890,85.800,84.830,84.940,1482565
2025-06-19 13:30:00,84.950,86.330,84.530,86.020,2377755
2025-06-19 14:00:00,86.020,88.920,85.900,87.390,3734590
2025-06-19 14:30:00,87.380,87.700,86.400,86.970,1885100
2025-06-19 15:00:00,86.970,87.550,86.010,86.290,3063693
2025-06-20 10:00:00,84.780,85.690,83.800,85.400,4876500
2025-06-20 10:30:00,85.400,85.680,84.190,84.200,2375800
2025-06-20 11:00:00,84.190,84.490,83.690,84.100,2862500
2025-06-20 11:30:00,84.110,84.360,83.540,83.770,1594707
2025-06-20 13:30:00,83.770,84.340,83.370,83.960,1441100
2025-06-20 14:00:00,83.960,84.300,83.640,83.650,854300
2025-06-20 14:30:00,83.650,83.890,83.410,83.430,1432825
2025-06-20 15:00:00,83.430,83.490,82.890,83.380,3896317
2025-06-23 10:00:00,84.000,85.040,82.990,84.170,5937518
2025-06-23 10:30:00,84.170,84.450,83.600,83.900,1337357
2025-06-23 11:00:00,83.900,84.260,83.750,84.000,880400
2025-06-23 11:30:00,84.000,84.000,83.780,83.780,666300
2025-06-23 13:30:00,83.780,84.950,83.770,84.810,2078773
2025-06-23 14:00:00,84.810,84.850,84.200,84.420,1209400
2025-06-23 14:30:00,84.410,84.800,84.400,84.570,1463255
2025-06-23 15:00:00,84.570,84.830,84.400,84.790,3000677
2025-06-24 10:00:00,81.000,81.400,79.400,80.830,8224501
2025-06-24 10:30:00,80.820,82.660,80.820,82.490,3789600
2025-06-24 11:00:00,82.500,82.540,81.500,82.050,2106200
2025-06-24 11:30:00,82.040,82.050,81.020,81.230,1734800
2025-06-24 13:30:00,81.240,81.950,81.130,81.310,1899557
2025-06-24 14:00:00,81.320,81.360,80.650,80.850,2215900
2025-06-24 14:30:00,80.850,80.900,80.060,80.320,3416881
2025-06-24 15:00:00,80.340,80.890,80.260,80.300,3731133
2025-06-25 10:00:00,80.000,80.890,79.790,80.870,4404400
2025-06-25 10:30:00,80.880,81.130,80.300,80.680,2649506
2025-06-25 11:00:00,80.690,83.360,80.680,82.400,7805870
2025-06-25 11:30:00,82.400,82.600,82.030,82.440,1605933
2025-06-25 13:30:00,82.440,82.530,81.800,81.950,2090467
2025-06-25 14:00:00,81.930,82.130,81.590,81.890,1487100
2025-06-25 14:30:00,81.900,82.000,81.400,81.450,1979000
2025-06-25 15:00:00,81.450,81.820,81.440,81.500,3064400
2025-06-26 10:00:00,81.460,84.130,81.000,83.320,10031402
2025-06-26 10:30:00,83.320,83.750,82.850,83.720,2764400
2025-06-26 11:00:00,83.740,83.830,82.880,83.090,1756700
2025-06-26 11:30:00,83.100,84.000,83.090,83.440,2163400
2025-06-26 13:30:00,83.430,83.750,82.710,82.970,1636200
2025-06-26 14:00:00,82.960,82.980,82.300,82.410,1919100
2025-06-26 14:30:00,82.400,82.890,82.340,82.560,1210400
2025-06-26 15:00:00,82.570,82.670,82.100,82.120,2571500
2025-06-27 10:00:00,82.000,82.560,81.000,82.230,6164490
2025-06-27 10:30:00,82.240,83.190,82.020,82.990,3070200
2025-06-27 11:00:00,82.990,83.480,82.720,82.860,2893794
2025-06-27 11:30:00,82.860,82.920,82.500,82.530,1147857
2025-06-27 13:30:00,82.550,82.710,82.400,82.520,1105714
2025-06-27 14:00:00,82.520,82.990,82.330,82.410,1051407
2025-06-27 14:30:00,82.410,82.460,82.230,82.260,1079100
2025-06-27 15:00:00,82.260,82.400,82.020,82.200,2416050
2025-06-30 10:00:00,83.580,90.300,83.510,87.960,21001274
2025-06-30 10:30:00,87.920,89.300,87.780,88.490,4510340
2025-06-30 11:00:00,88.500,88.830,87.920,88.070,2112614
2025-06-30 11:30:00,88.060,88.460,87.590,87.880,1550686
2025-06-30 13:30:00,87.890,88.100,87.750,87.750,1563900
2025-06-30 14:00:00,87.750,87.750,86.540,86.980,2696602
2025-06-30 14:30:00,86.980,87.150,86.710,87.150,1662225
2025-06-30 15:00:00,87.150,88.320,87.150,87.940,4530704
2025-07-01 10:00:00,86.750,87.600,85.600,85.830,11384290
2025-07-01 10:30:00,85.830,86.650,85.580,86.140,4270929
2025-07-01 11:00:00,86.100,86.170,85.670,85.850,1371824
2025-07-01 11:30:00,85.850,86.030,85.500,85.630,1619176
2025-07-01 13:30:00,85.630,85.820,85.310,85.600,1539620
2025-07-01 14:00:00,85.600,87.030,85.500,86.700,2334949
2025-07-01 14:30:00,86.700,86.750,85.950,86.310,1563300
2025-07-01 15:00:00,86.320,86.330,85.860,85.950,2152599
2025-07-02 10:00:00,85.000,85.680,84.000,84.740,4767800
2025-07-02 10:30:00,84.710,85.600,84.660,84.710,2528400
2025-07-02 11:00:00,84.720,84.970,84.580,84.630,947100
2025-07-02 11:30:00,84.630,85.150,84.550,84.920,602600
2025-07-02 13:30:00,84.910,85.010,84.380,84.400,971225
2025-07-02 14:00:00,84.400,84.440,83.850,83.930,1973677
2025-07-02 14:30:00,83.930,84.000,83.640,83.710,1913000
2025-07-02 15:00:00,83.720,84.100,83.710,84.100,1672868
2025-07-03 10:00:00,84.360,84.700,83.520,83.700,3868900
2025-07-03 10:30:00,83.680,84.300,83.590,83.630,1597000
2025-07-03 11:00:00,83.630,83.810,83.360,83.500,1389542
2025-07-03 11:30:00,83.500,83.960,83.470,83.570,611949
2025-07-03 13:30:00,83.580,83.630,83.460,83.630,585380
2025-07-03 14:00:00,83.630,84.090,83.510,84.070,874225
2025-07-03 14:30:00,84.060,84.080,83.670,83.820,789400
2025-07-03 15:00:00,83.810,83.950,83.670,83.750,1541000
2025-07-04 10:00:00,83.750,84.350,83.010,84.220,3517543
2025-07-04 10:30:00,84.210,84.290,83.320,83.410,1519300
2025-07-04 11:00:00,83.410,83.640,83.350,83.450,701200
2025-07-04 11:30:00,83.450,83.980,83.380,83.960,933500
2025-07-04 13:30:00,83.970,85.000,83.890,84.790,2292392
2025-07-04 14:00:00,84.790,85.580,84.500,84.580,2807872
2025-07-04 14:30:00,84.580,84.590,84.140,84.240,1376765
2025-07-04 15:00:00,84.240,84.480,84.230,84.400,1943500
2025-07-07 10:00:00,84.400,84.930,82.800,84.370,4104508
2025-07-07 10:30:00,84.370,84.400,83.680,83.690,1685451
2025-07-07 11:00:00,83.700,84.120,83.600,83.770,824318
2025-07-07 11:30:00,83.780,84.070,83.750,83.890,728500
2025-07-07 13:30:00,83.890,84.070,83.770,83.930,612135
2025-07-07 14:00:00,83.910,84.210,83.880,83.970,509700
2025-07-07 14:30:00,83.970,83.970,83.400,83.440,1116582
2025-07-07 15:00:00,83.440,83.640,83.290,83.500,1599333
2025-07-08 10:00:00,83.050,83.530,83.050,83.200,2225135
2025-07-08 10:30:00,83.200,83.680,83.100,83.520,1423700
2025-07-08 11:00:00,83.530,83.530,83.150,83.270,855710
2025-07-08 11:30:00,83.290,83.530,83.270,83.450,608200
2025-07-08 13:30:00,83.460,83.670,83.400,83.490,1071200
2025-07-08 14:00:00,83.480,83.520,83.260,83.400,990200
2025-07-08 14:30:00,83.360,83.470,83.290,83.380,1016600
2025-07-08 15:00:00,83.390,83.620,83.320,83.520,1661900
2025-07-09 10:00:00,84.710,87.420,84.710,86.730,11618309
2025-07-09 10:30:00,86.730,87.000,85.800,85.980,3186300
2025-07-09 11:00:00,85.990,86.000,85.050,85.050,1662700
2025-07-09 11:30:00,85.070,85.290,84.760,85.180,1432800
2025-07-09 13:30:00,85.180,85.230,84.870,84.890,653400
2025-07-09 14:00:00,84.890,85.320,84.820,85.020,1028900
2025-07-09 14:30:00,85.010,85.010,84.550,84.590,1129500
2025-07-09 15:00:00,84.600,84.690,84.020,84.320,2132884
2025-07-10 10:00:00,83.300,83.320,81.550,82.080,7191712
2025-07-10 10:30:00,82.090,82.410,82.000,82.170,1571100
2025-07-10 11:00:00,82.170,82.230,81.710,82.080,1759735
2025-07-10 11:30:00,82.110,82.240,81.770,82.200,946400
2025-07-10 13:30:00,82.200,82.780,82.180,82.550,1147434
2025-07-10 14:00:00,82.550,82.950,82.460,82.840,842520
2025-07-10 14:30:00,82.840,83.340,82.830,82.900,1328399
2025-07-10 15:00:00,82.900,83.180,82.700,83.160,1676998
2025-07-11 10:00:00,83.000,83.260,82.560,83.100,2352135
2025-07-11 10:30:00,83.100,83.350,82.880,83.070,1817900
2025-07-11 11:00:00,83.070,83.490,83.010,83.250,1297714
2025-07-11 11:30:00,83.250,83.340,83.120,83.310,738225
2025-07-11 13:30:00,83.310,85.200,83.300,84.000,3134827
2025-07-11 14:00:00,84.000,84.250,83.870,84.060,1234972
2025-07-11 14:30:00,84.060,84.420,83.970,84.160,1223737
2025-07-11 15:00:00,84.160,84.220,83.800,84.020,1799643
2025-07-14 10:00:00,83.980,83.980,83.160,83.400,2819999
2025-07-14 10:30:00,83.400,83.980,83.400,83.580,1199600
2025-07-14 11:00:00,83.580,84.660,83.580,84.250,1643468
2025-07-14 11:30:00,84.260,84.280,83.960,84.050,696484
2025-07-14 13:30:00,84.090,84.090,83.770,84.000,527954
2025-07-14 14:00:00,84.000,84.100,83.820,83.930,518684
2025-07-14 14:30:00,83.920,84.020,83.820,83.970,461500
2025-07-14 15:00:00,83.970,83.980,83.790,83.830,1108069
2025-07-15 10:00:00,83.400,83.660,82.790,82.920,3234800
2025-07-15 10:30:00,82.920,83.000,82.160,82.210,2407700
2025-07-15 11:00:00,82.210,82.550,82.100,82.520,1098500
2025-07-15 11:30:00,82.530,82.530,82.140,82.250,819900
2025-07-15 13:30:00,82.250,82.540,82.190,82.340,686000
2025-07-15 14:00:00,82.340,82.500,82.250,82.340,589112
2025-07-15 14:30:00,82.340,82.520,82.330,82.390,742786
2025-07-15 15:00:00,82.390,82.660,82.320,82.320,1367300
2025-07-16 10:00:00,82.150,82.650,81.890,82.550,2349272
2025-07-16 10:30:00,82.560,82.590,82.220,82.370,977500
2025-07-16 11:00:00,82.370,82.460,82.250,82.340,555800
2025-07-16 11:30:00,82.340,82.570,82.310,82.520,413800
2025-07-16 13:30:00,82.520,82.580,82.300,82.320,507800
2025-07-16 14:00:00,82.310,82.980,82.310,82.920,1696080
2025-07-16 14:30:00,82.930,82.930,82.590,82.640,886000
2025-07-16 15:00:00,82.660,82.660,82.430,82.590,1207100
2025-07-17 10:00:00,82.490,83.050,82.250,82.870,2109800
2025-07-17 10:30:00,82.860,83.240,82.590,83.240,1510800
2025-07-17 11:00:00,83.230,83.300,82.770,82.800,975271
2025-07-17 11:30:00,82.810,82.920,82.690,82.880,498135
2025-07-17 13:30:00,82.870,87.150,82.800,86.030,10179843
2025-07-17 14:00:00,86.020,86.610,85.200,86.150,5656331
2025-07-17 14:30:00,86.140,86.170,85.520,85.660,2561369
2025-07-17 15:00:00,85.660,86.000,85.570,85.980,3423700
2025-07-18 10:00:00,85.320,86.290,84.900,85.510,5838186
2025-07-18 10:30:00,85.520,86.070,84.990,86.070,2564400
2025-07-18 11:00:00,86.070,86.530,85.840,86.020,2836525
2025-07-18 11:30:00,86.020,87.500,85.750,87.200,4392129
2025-07-18 13:30:00,87.200,87.240,86.210,86.610,1874000
2025-07-18 14:00:00,86.610,87.280,86.510,86.740,1754220
2025-07-18 14:30:00,86.730,87.000,86.550,86.890,1520800
2025-07-18 15:00:00,86.890,86.930,86.520,86.590,3092520
2025-07-21 10:00:00,85.910,89.700,84.950,88.610,8999080
2025-07-21 10:30:00,88.600,88.880,88.000,88.760,2780856
2025-07-21 11:00:00,88.760,89.440,87.880,87.960,2793360
2025-07-21 11:30:00,87.950,88.000,87.120,87.280,1876640
2025-07-21 13:30:00,87.280,87.500,86.970,87.300,1237450
2025-07-21 14:00:00,87.300,87.310,86.750,87.100,1332350
2025-07-21 14:30:00,87.090,88.220,87.090,87.750,1503020
2025-07-21 15:00:00,87.760,88.200,87.750,88.000,2542649
2025-07-22 10:00:00,87.100,88.990,86.860,88.790,5927300
2025-07-22 10:30:00,88.790,88.830,87.210,87.320,2899400
2025-07-22 11:00:00,87.340,88.130,87.340,87.810,1162325
2025-07-22 11:30:00,87.830,87.830,87.210,87.330,1032400
2025-07-22 13:30:00,87.330,87.410,86.680,87.000,2385893
2025-07-22 14:00:00,86.960,87.450,86.200,86.220,2001100
2025-07-22 14:30:00,86.220,86.760,85.710,86.680,1902300
2025-07-22 15:00:00,86.680,86.840,86.460,86.730,1447260
2025-07-23 10:00:00,85.940,86.600,85.400,85.580,4241800
2025-07-23 10:30:00,85.590,86.000,85.510,85.660,1300000
2025-07-23 11:00:00,85.630,85.660,85.350,85.510,999880
2025-07-23 11:30:00,85.510,85.710,85.350,85.710,922900
2025-07-23 13:30:00,85.710,85.990,85.500,85.700,1067959
2025-07-23 14:00:00,85.720,85.840,85.510,85.520,736900
2025-07-23 14:30:00,85.520,85.570,84.970,85.160,2072499
2025-07-23 15:00:00,85.160,85.320,84.970,85.220,1564701
2025-07-24 10:00:00,84.970,85.550,84.970,85.540,2152600
2025-07-24 10:30:00,85.500,85.800,85.290,85.370,1459500
2025-07-24 11:00:00,85.370,85.790,85.310,85.670,970699
2025-07-24 11:30:00,85.700,85.900,85.470,85.480,803125
2025-07-24 13:30:00,85.490,87.660,85.490,85.700,3094827
2025-07-24 14:00:00,85.720,85.760,85.230,85.370,1506880
2025-07-24 14:30:00,85.370,86.100,85.370,85.930,1337000
2025-07-24 15:00:00,85.960,86.120,85.800,86.060,1643150
2025-07-25 10:00:00,86.010,86.080,85.090,85.490,2552600
2025-07-25 10:30:00,85.410,85.490,84.910,84.930,1778900
2025-07-25 11:00:00,84.940,85.010,84.560,84.560,1596400
2025-07-25 11:30:00,84.580,84.930,84.560,84.730,646800
2025-07-25 13:30:00,84.730,84.870,84.580,84.720,643400
2025-07-25 14:00:00,84.720,85.460,84.700,85.000,853669
2025-07-25 14:30:00,85.050,85.300,84.880,85.180,682797
2025-07-25 15:00:00,85.180,85.380,85.160,85.290,1303000
2025-07-28 10:00:00,85.260,86.750,85.110,86.190,4326296
2025-07-28 10:30:00,86.200,86.620,86.070,86.320,1953521
2025-07-28 11:00:00,86.320,86.330,85.900,86.150,1400266
2025-07-28 11:30:00,86.140,86.280,85.910,85.910,1328357
2025-07-28 13:30:00,85.920,86.010,85.770,85.850,993938
2025-07-28 14:00:00,85.850,86.340,85.800,85.890,1102000
2025-07-28 14:30:00,85.880,85.980,85.500,85.500,1069940
2025-07-28 15:00:00,85.510,85.750,85.500,85.750,1404160
2025-07-29 10:00:00,85.240,86.300,84.800,85.850,3803226
2025-07-29 10:30:00,85.850,86.130,85.510,86.060,1263600
2025-07-29 11:00:00,86.090,86.500,85.970,85.990,1600496
2025-07-29 11:30:00,85.990,86.160,85.800,85.930,688722
2025-07-29 13:30:00,85.930,86.300,85.880,86.100,1289200
2025-07-29 14:00:00,86.110,86.200,85.950,86.120,738000
2025-07-29 14:30:00,86.110,87.600,86.100,86.690,4225400
2025-07-29 15:00:00,86.690,87.500,86.510,87.500,4081569
2025-07-30 10:00:00,87.500,88.510,86.710,86.730,5799985
2025-07-30 10:30:00,86.700,86.880,86.020,86.200,2767501
2025-07-30 11:00:00,86.200,86.550,86.170,86.410,1006698
2025-07-30 11:30:00,86.410,86.480,86.090,86.150,731600
2025-07-30 13:30:00,86.150,86.180,85.650,85.730,1787476
2025-07-30 14:00:00,85.740,86.000,84.960,85.120,2119600
2025-07-30 14:30:00,85.120,85.470,83.880,85.340,2487772
2025-07-30 15:00:00,85.330,85.340,84.710,84.990,1741104
2025-07-31 10:00:00,84.000,85.410,83.900,85.200,3048200
2025-07-31 10:30:00,85.210,85.210,84.670,84.800,1251900
2025-07-31 11:00:00,84.800,85.550,84.770,85.230,1196100
2025-07-31 11:30:00,85.250,85.250,84.790,84.910,926600
2025-07-31 13:30:00,84.930,84.950,84.130,84.370,1329299
2025-07-31 14:00:00,84.380,84.710,84.210,84.670,891996
2025-07-31 14:30:00,84.680,84.690,84.000,84.010,1481985
2025-07-31 15:00:00,84.010,84.660,83.810,84.660,2239888
2025-08-01 10:00:00,84.400,84.400,82.860,82.990,4428000
2025-08-01 10:30:00,82.990,84.140,82.950,83.860,1734800
2025-08-01 11:00:00,83.860,83.940,83.310,83.640,706100
2025-08-01 11:30:00,83.640,83.690,83.360,83.510,364700
2025-08-01 13:30:00,83.510,83.570,82.860,82.970,1123085
2025-08-01 14:00:00,82.970,83.080,82.900,82.970,707900
2025-08-01 14:30:00,82.970,83.070,82.610,82.880,1364225
2025-08-01 15:00:00,82.880,83.020,82.280,82.300,2337500
2025-08-04 10:00:00,82.020,84.190,82.000,83.820,3874800
2025-08-04 10:30:00,83.810,84.180,83.800,84.050,1454370
2025-08-04 11:00:00,84.050,84.070,83.370,83.840,792100
2025-08-04 11:30:00,83.830,84.050,83.800,83.990,590700
2025-08-04 13:30:00,83.990,84.360,83.940,84.300,1368000
2025-08-04 14:00:00,84.290,84.340,83.950,84.040,680700
2025-08-04 14:30:00,84.030,84.330,84.000,84.170,729900
2025-08-04 15:00:00,84.170,84.500,84.150,84.420,2226600
2025-08-05 10:00:00,84.410,86.000,83.820,86.000,5076871
2025-08-05 10:30:00,86.000,86.000,84.870,84.910,2769900
2025-08-05 11:00:00,84.920,85.110,84.680,84.840,1143900
2025-08-05 11:30:00,84.840,85.040,84.570,84.730,603100
2025-08-05 13:30:00,84.740,84.950,84.650,84.760,559900
2025-08-05 14:00:00,84.730,85.480,84.730,85.090,770100
2025-08-05 14:30:00,85.090,85.090,84.960,84.980,528600
2025-08-05 15:00:00,84.970,84.990,84.680,84.780,1195603
2025-08-06 10:00:00,84.220,87.890,84.180,87.570,10107504
2025-08-06 10:30:00,87.570,87.880,86.600,87.170,3657399
2025-08-06 11:00:00,87.180,87.790,86.960,87.740,2593417
2025-08-06 11:30:00,87.740,92.370,87.730,90.200,9918455
2025-08-06 13:30:00,90.180,90.390,89.100,89.600,2381800
2025-08-06 14:00:00,89.600,89.910,89.090,89.370,1371688
2025-08-06 14:30:00,89.370,89.990,89.290,89.400,1337288
2025-08-06 15:00:00,89.400,89.400,88.460,88.820,3022850
2025-08-07 10:00:00,87.810,88.480,86.050,86.400,8771689
2025-08-07 10:30:00,86.400,86.690,86.000,86.170,2710822
2025-08-07 11:00:00,86.170,86.660,86.100,86.220,1366326
2025-08-07 11:30:00,86.230,86.530,86.180,86.420,840217
2025-08-07 13:30:00,86.420,86.500,86.070,86.180,1681263
2025-08-07 14:00:00,86.190,86.350,85.790,85.790,2030825
2025-08-07 14:30:00,85.790,86.370,85.710,85.990,1427209
2025-08-07 15:00:00,86.000,86.330,85.970,86.310,1851211
2025-08-08 10:00:00,86.000,86.590,85.600,86.400,3009081
2025-08-08 10:30:00,86.390,86.500,85.780,85.870,1642936
2025-08-08 11:00:00,85.880,86.260,85.700,85.890,844850
2025-08-08 11:30:00,85.890,85.890,85.500,85.650,1107658
2025-08-08 13:30:00,85.660,85.660,85.000,85.040,1794500
2025-08-08 14:00:00,85.050,85.250,85.000,85.010,1029565
2025-08-08 14:30:00,85.020,85.160,84.900,84.950,971500
2025-08-08 15:00:00,84.940,85.020,84.900,84.940,1540242
2025-08-11 10:00:00,84.780,85.470,84.700,85.330,2592114
2025-08-11 10:30:00,85.310,86.080,85.290,85.980,2185669
2025-08-11 11:00:00,85.960,85.970,85.530,85.880,949050
2025-08-11 11:30:00,85.870,85.940,85.780,85.840,579322
2025-08-11 13:30:00,85.840,85.950,85.550,85.620,976400
2025-08-11 14:00:00,85.610,85.630,85.550,85.560,644000
2025-08-11 14:30:00,85.570,85.600,85.080,85.240,1375100
2025-08-11 15:00:00,85.250,85.360,84.980,85.130,1731334
2025-08-12 10:00:00,85.000,85.800,84.580,85.180,3573627
2025-08-12 10:30:00,85.170,85.180,84.200,84.270,2212900
2025-08-12 11:00:00,84.270,84.600,84.140,84.300,1456412
2025-08-12 11:30:00,84.380,84.680,84.350,84.570,718580
2025-08-12 13:30:00,84.570,85.190,84.400,84.660,1155497
2025-08-12 14:00:00,84.660,86.770,84.660,86.010,3425604
2025-08-12 14:30:00,86.000,86.470,85.600,85.930,1932400
2025-08-12 15:00:00,85.940,85.940,85.510,85.620,1550800
2025-08-13 10:00:00,85.050,86.220,84.960,85.940,3856798
2025-08-13 10:30:00,85.940,86.080,85.330,85.450,1569219
2025-08-13 11:00:00,85.480,85.490,85.110,85.330,1573525
2025-08-13 11:30:00,85.330,85.580,85.120,85.530,791700
2025-08-13 13:30:00,85.580,85.680,85.300,85.440,1206400
2025-08-13 14:00:00,85.450,85.550,85.330,85.520,1075300
2025-08-13 14:30:00,85.520,85.880,85.380,85.420,1301900
2025-08-13 15:00:00,85.410,85.720,85.410,85.700,2006700
2025-08-14 10:00:00,85.580,85.580,84.180,84.490,4003786
2025-08-14 10:30:00,84.490,84.990,84.440,84.520,1105700
2025-08-14 11:00:00,84.520,84.800,84.290,84.700,1571400
2025-08-14 11:30:00,84.710,84.890,84.510,84.700,696581
2025-08-14 13:30:00,84.710,84.720,84.000,84.290,2042524
2025-08-14 14:00:00,84.290,84.490,84.200,84.390,759203
2025-08-14 14:30:00,84.390,84.650,84.330,84.590,678000
2025-08-14 15:00:00,84.590,84.740,84.290,84.330,1276500
2025-08-15 10:00:00,84.450,84.840,84.010,84.130,2450528
2025-08-15 10:30:00,84.130,84.290,84.020,84.130,1726234
2025-08-15 11:00:00,84.120,84.500,84.050,84.330,763900
2025-08-15 11:30:00,84.310,84.330,84.040,84.100,723500
2025-08-15 13:30:00,84.100,84.390,84.080,84.310,1131936
2025-08-15 14:00:00,84.310,84.490,84.180,84.330,1113174
2025-08-15 14:30:00,84.330,84.680,84.330,84.470,1352160
2025-08-15 15:00:00,84.490,84.820,84.480,84.780,1818939
2025-08-18 10:00:00,84.770,85.500,84.630,85.070,3701964
2025-08-18 10:30:00,85.080,85.250,84.900,85.090,1660256
2025-08-18 11:00:00,85.080,85.180,84.770,84.930,2160554
2025-08-18 11:30:00,84.930,85.590,84.910,85.400,1970547
2025-08-18 13:30:00,85.400,86.000,85.300,85.840,2771995
2025-08-18 14:00:00,85.830,86.000,85.360,85.490,2292042
2025-08-18 14:30:00,85.490,85.640,85.110,85.170,1476800
2025-08-18 15:00:00,85.180,85.870,85.160,85.870,2422401
2025-08-19 10:00:00,85.690,85.690,84.270,85.220,3556800
2025-08-19 10:30:00,85.220,85.320,84.510,84.640,2387114
2025-08-19 11:00:00,84.660,84.930,84.510,84.770,1049137
2025-08-19 11:30:00,84.780,85.130,84.650,85.040,814540
2025-08-19 13:30:00,85.050,85.420,85.000,85.080,1057100
2025-08-19 14:00:00,85.090,87.500,84.780,86.440,5905564
2025-08-19 14:30:00,86.450,86.530,85.980,86.100,2008173
2025-08-19 15:00:00,86.010,86.680,85.980,86.450,2680249
2025-08-20 10:00:00,86.270,86.590,85.810,86.100,3260802
2025-08-20 10:30:00,86.100,91.660,85.960,90.470,16667491
2025-08-20 11:00:00,90.470,90.470,88.630,89.160,3977105
2025-08-20 11:30:00,89.170,89.280,87.810,87.960,2093695
2025-08-20 13:30:00,87.960,88.880,87.950,88.470,1352428
2025-08-20 14:00:00,88.470,88.490,87.310,88.000,2127079
2025-08-20 14:30:00,87.990,88.020,87.500,87.720,1380600
2025-08-20 15:00:00,87.740,87.860,87.600,87.780,2240862
2025-08-21 10:00:00,86.800,90.390,86.060,89.800,9784008
2025-08-21 10:30:00,89.780,90.580,88.790,89.860,5947275
2025-08-21 11:00:00,89.900,90.390,89.320,89.590,2674600
2025-08-21 11:30:00,89.600,90.000,89.200,89.800,1325863
2025-08-21 13:30:00,89.800,90.480,89.410,89.410,2016400
2025-08-21 14:00:00,89.410,89.820,89.080,89.490,1600064
2025-08-21 14:30:00,89.480,89.540,88.600,88.950,1965550
2025-08-21 15:00:00,88.950,90.300,88.360,90.110,4488791
2025-08-22 10:00:00,90.300,90.790,87.860,88.300,8108679
2025-08-22 10:30:00,88.300,90.800,88.300,89.700,4523894
2025-08-22 11:00:00,89.620,94.970,89.600,93.110,10144634
2025-08-22 11:30:00,93.200,93.960,92.120,92.800,3141729
2025-08-22 13:30:00,92.800,93.850,92.040,92.280,2455954
2025-08-22 14:00:00,92.290,93.300,92.240,92.790,1822392
2025-08-22 14:30:00,92.800,93.980,92.600,93.850,3108264
2025-08-22 15:00:00,93.860,101.000,93.210,99.360,14689640
2025-08-25 10:00:00,99.500,104.490,98.610,104.050,18622654
2025-08-25 10:30:00,104.050,108.930,104.000,107.600,7680420
2025-08-25 11:00:00,107.600,108.700,105.380,106.580,2593402
2025-08-25 11:30:00,106.590,106.600,103.510,103.700,2881537
2025-08-25 13:30:00,103.690,105.060,101.450,103.660,3627656
2025-08-25 14:00:00,103.690,105.000,102.220,104.060,2021816
2025-08-25 14:30:00,104.060,104.590,102.760,103.900,1532199
2025-08-25 15:00:00,103.900,103.980,101.000,101.300,6612884
2025-08-26 10:00:00,99.790,101.540,97.880,99.910,11947752
2025-08-26 10:30:00,99.940,101.830,99.470,99.930,3744849
2025-08-26 11:00:00,99.940,101.410,99.540,100.300,1807113
2025-08-26 11:30:00,100.270,100.800,99.700,100.300,1372814
2025-08-26 13:30:00,100.310,100.700,99.680,100.130,1489247
2025-08-26 14:00:00,100.120,100.240,99.880,100.140,1264911
2025-08-26 14:30:00,100.130,100.130,98.700,99.180,3530405
2025-08-26 15:00:00,99.160,99.870,98.200,98.420,3989600
2025-08-27 10:00:00,97.550,102.170,97.550,99.980,8264567
2025-08-27 10:30:00,99.910,100.000,98.520,98.770,4028639
2025-08-27 11:00:00,98.770,98.830,97.500,97.500,3700400
2025-08-27 11:30:00,97.530,98.240,97.030,97.720,2977464
2025-08-27 13:30:00,97.720,99.360,97.500,99.280,2293678
2025-08-27 14:00:00,99.280,100.850,98.100,99.010,3504158
2025-08-27 14:30:00,99.010,100.180,98.470,98.710,1933434
2025-08-27 15:00:00,98.700,99.540,98.400,99.420,3753913
2025-08-28 10:00:00,96.980,96.980,92.460,93.990,13911163
2025-08-28 10:30:00,93.980,94.360,92.740,93.250,4948735
2025-08-28 11:00:00,93.250,93.980,92.810,92.990,3355139
2025-08-28 11:30:00,93.000,93.090,91.750,92.880,3910134
2025-08-28 13:30:00,92.880,92.980,90.980,91.390,4021862
2025-08-28 14:00:00,91.390,92.930,90.980,92.630,2623647
2025-08-28 14:30:00,92.610,93.980,92.610,93.600,2162383
2025-08-28 15:00:00,93.600,95.420,93.600,94.640,3785278
2025-08-29 10:00:00,94.990,95.880,93.680,93.700,7332624
2025-08-29 10:30:00,93.700,95.400,93.680,94.700,2904946
2025-08-29 11:00:00,94.700,97.230,94.630,95.680,4138888
2025-08-29 11:30:00,95.680,96.320,95.390,95.820,1364454
2025-08-29 13:30:00,95.810,96.220,95.260,95.300,1461493
2025-08-29 14:00:00,95.300,96.160,95.210,95.940,1604081
2025-08-29 14:30:00,95.930,102.620,95.800,101.660,10548809
2025-08-29 15:00:00,101.660,102.010,99.900,101.950,7056512
2025-09-01 10:00:00,102.200,102.300,97.850,99.930,8671533
2025-09-01 10:30:00,99.930,101.360,99.660,101.000,2668761
2025-09-01 11:00:00,101.010,102.340,100.370,101.050,2581776
2025-09-01 11:30:00,101.100,101.540,99.880,100.190,1776478
2025-09-01 13:30:00,100.220,106.480,100.190,104.500,6870172
2025-09-01 14:00:00,104.510,108.880,104.500,106.990,6190975
2025-09-01 14:30:00,107.010,108.000,105.560,108.000,3279248
2025-09-01 15:00:00,107.980,108.000,103.980,105.590,5677972
2025-09-02 10:00:00,104.000,107.100,102.580,103.660,8169821
2025-09-02 10:30:00,103.660,104.880,101.450,103.630,3318818
2025-09-02 11:00:00,103.630,104.500,102.600,102.980,1896452
2025-09-02 11:30:00,102.980,108.180,102.550,107.590,5987630
2025-09-02 13:30:00,107.500,109.800,107.000,108.400,5378840
2025-09-02 14:00:00,108.400,108.500,105.880,106.890,2552523
2025-09-02 14:30:00,106.890,108.940,106.260,107.580,3228600
2025-09-02 15:00:00,107.530,108.000,104.990,106.220,5416047
2025-09-03 10:00:00,107.000,107.880,97.800,100.450,10517280
2025-09-03 10:30:00,100.450,101.010,95.000,97.850,6059844
2025-09-03 11:00:00,97.830,98.680,92.010,96.180,7051378
2025-09-03 11:30:00,96.190,96.230,93.470,93.680,3802060
2025-09-03 13:30:00,93.640,96.980,93.600,94.580,2172567
2025-09-03 14:00:00,94.570,95.800,93.350,94.390,2074914
2025-09-03 14:30:00,94.390,94.800,91.030,92.200,4313922
2025-09-03 15:00:00,92.110,92.500,90.000,90.990,8472080
2025-09-04 10:00:00,89.010,90.120,85.490,85.750,14697896
2025-09-04 10:30:00,85.750,85.980,83.940,84.990,7226375
2025-09-04 11:00:00,84.980,85.100,84.200,84.960,2442765
2025-09-04 11:30:00,84.990,85.500,84.000,84.230,1802642
2025-09-04 13:30:00,84.230,84.500,83.110,83.180,3150331
2025-09-04 14:00:00,83.110,84.090,82.290,83.230,3332326
2025-09-04 14:30:00,83.230,83.340,81.890,82.510,2280500
2025-09-04 15:00:00,82.510,83.850,81.000,83.000,3957097
2025-09-05 10:00:00,82.290,83.670,82.290,83.360,5078476
2025-09-05 10:30:00,83.360,83.970,82.870,83.100,2737331
2025-09-05 11:00:00,83.070,84.280,83.030,83.800,2365998
2025-09-05 11:30:00,83.810,83.810,82.300,82.460,2184800
2025-09-05 13:30:00,82.600,82.880,81.550,82.380,3004016
2025-09-05 14:00:00,82.380,83.460,82.320,83.010,1926275
2025-09-05 14:30:00,83.010,83.500,82.400,82.790,2608761
2025-09-05 15:00:00,82.780,83.220,82.630,82.730,3500395
2025-09-08 10:00:00,82.200,82.950,81.360,82.050,5561143
2025-09-08 10:30:00,82.050,82.170,80.770,80.890,3941307
2025-09-08 11:00:00,80.920,80.920,80.000,80.670,3586253
2025-09-08 11:30:00,80.670,81.450,80.670,80.950,1305600
2025-09-08 13:30:00,80.950,81.300,80.510,80.690,1019700
2025-09-08 14:00:00,80.690,80.880,80.530,80.740,1018189
2025-09-08 14:30:00,80.710,81.290,80.600,81.080,1342643
2025-09-08 15:00:00,81.090,81.430,81.000,81.250,1950574
2025-09-09 10:00:00,81.300,82.160,80.380,81.750,4786056
2025-09-09 10:30:00,81.780,81.960,81.420,81.780,1261500
2025-09-09 11:00:00,81.760,81.780,81.000,81.170,1518100
2025-09-09 11:30:00,81.170,81.930,81.160,81.440,1129876
2025-09-09 13:30:00,81.490,81.620,80.640,80.770,1473200
2025-09-09 14:00:00,80.770,80.790,79.940,79.990,2611700
2025-09-09 14:30:00,79.980,80.300,79.790,79.840,1404199
2025-09-09 15:00:00,79.840,80.190,79.500,79.500,2309000
2025-09-10 10:00:00,80.000,81.590,79.880,81.510,5073036
2025-09-10 10:30:00,81.510,81.560,80.320,80.460,1676297
2025-09-10 11:00:00,80.460,80.630,80.080,80.470,1083685
2025-09-10 11:30:00,80.470,80.680,80.190,80.380,657424
2025-09-10 13:30:00,80.390,80.570,80.290,80.290,843000
2025-09-10 14:00:00,80.290,80.590,79.980,80.290,1599006
2025-09-10 14:30:00,80.290,80.450,80.090,80.450,947502
2025-09-10 15:00:00,80.440,80.690,80.250,80.590,1981173
2025-09-11 10:00:00,80.640,80.860,79.770,80.610,2807072
2025-09-11 10:30:00,80.610,80.870,80.350,80.830,1418806
2025-09-11 11:00:00,80.830,81.740,80.700,81.390,2167944
2025-09-11 11:30:00,81.400,82.000,81.310,81.990,1910710
2025-09-11 13:30:00,82.000,83.000,81.990,82.830,2947144
2025-09-11 14:00:00,82.850,83.500,82.600,82.950,2721687
2025-09-11 14:30:00,82.950,83.160,82.790,82.830,1113500
2025-09-11 15:00:00,82.840,83.000,82.770,82.810,1895390
2025-09-12 10:00:00,82.560,83.390,82.400,83.010,3589777
2025-09-12 10:30:00,83.050,83.060,82.550,82.980,1888924
2025-09-12 11:00:00,82.990,83.980,82.830,83.900,2577804
2025-09-12 11:30:00,83.910,83.940,83.320,83.680,1891484
2025-09-12 13:30:00,83.680,83.780,83.000,83.190,1168236
2025-09-12 14:00:00,83.180,84.400,83.180,83.750,2312500
2025-09-12 14:30:00,83.750,83.800,83.300,83.460,1321203
2025-09-12 15:00:00,83.500,83.580,82.820,82.940,2057270
2025-09-15 10:00:00,82.980,82.990,81.750,82.010,3374989
2025-09-15 10:30:00,82.000,82.130,81.400,81.510,2947728
2025-09-15 11:00:00,81.500,82.110,81.450,81.940,1305580
2025-09-15 11:30:00,81.940,82.120,81.680,81.850,657400
2025-09-15 13:30:00,81.890,81.920,81.500,81.790,967001
2025-09-15 14:00:00,81.790,81.860,81.640,81.750,713700
2025-09-15 14:30:00,81.750,81.990,81.680,81.730,683617
2025-09-15 15:00:00,81.740,81.850,81.600,81.610,1367947
2025-09-16 10:00:00,81.560,81.780,80.790,80.880,3165786
2025-09-16 10:30:00,80.880,81.270,80.820,81.060,1033937
2025-09-16 11:00:00,81.050,81.060,80.280,80.470,1717300
2025-09-16 11:30:00,80.460,81.270,80.330,81.170,812760
2025-09-16 13:30:00,81.130,81.350,80.650,81.060,651070
2025-09-16 14:00:00,81.060,82.450,80.990,82.210,1845500
2025-09-16 14:30:00,82.210,82.220,81.700,81.720,764047
2025-09-16 15:00:00,81.720,81.940,81.710,81.780,1072322
2025-09-17 10:00:00,82.250,82.250,81.420,81.800,2683066
2025-09-17 10:30:00,81.800,81.840,81.070,81.200,1737100
2025-09-17 11:00:00,81.200,81.650,81.130,81.450,944153
2025-09-17 11:30:00,81.440,81.840,81.440,81.780,608400
2025-09-17 13:30:00,81.780,82.070,81.650,81.670,905300
2025-09-17 14:00:00,81.660,81.840,81.500,81.660,824700
2025-09-17 14:30:00,81.660,81.780,81.520,81.700,797146
2025-09-17 15:00:00,81.730,81.780,81.560,81.690,1290426
2025-09-18 10:00:00,81.690,82.770,81.600,82.470,3510526
2025-09-18 10:30:00,82.460,83.490,82.370,83.210,3282778
2025-09-18 11:00:00,83.180,83.870,82.970,83.070,3126469
2025-09-18 11:30:00,83.050,83.190,82.920,83.040,1193881
2025-09-18 13:30:00,83.100,83.500,82.500,82.610,2000392
2025-09-18 14:00:00,82.620,82.780,82.100,82.130,1308028
2025-09-18 14:30:00,82.130,82.180,81.440,81.710,2225800
2025-09-18 15:00:00,81.700,82.230,81.380,82.110,1950414
2025-09-19 10:00:00,82.600,89.000,82.310,86.940,16941474
2025-09-19 10:30:00,86.940,86.980,85.850,86.230,2950231
2025-09-19 11:00:00,86.240,86.640,85.870,85.910,1523494
2025-09-19 11:30:00,85.950,86.390,85.790,86.170,976824
2025-09-19 13:30:00,86.170,86.300,84.990,85.010,2170400
2025-09-19 14:00:00,85.000,85.800,85.000,85.520,1461205
2025-09-19 14:30:00,85.520,86.100,85.350,86.080,1383532
2025-09-19 15:00:00,86.070,86.180,85.670,85.670,2343856
2025-09-22 10:00:00,84.690,85.460,83.900,83.900,5410040
2025-09-22 10:30:00,83.910,84.710,83.380,84.700,2393612
2025-09-22 11:00:00,84.710,84.990,84.000,84.050,1466725
2025-09-22 11:30:00,84.050,84.150,83.720,84.050,1102200
2025-09-22 13:30:00,84.030,84.390,84.000,84.010,948700
2025-09-22 14:00:00,84.010,84.010,83.600,83.650,1305249
2025-09-22 14:30:00,83.650,85.500,83.370,85.080,2422332
2025-09-22 15:00:00,85.080,85.370,84.670,85.180,1843918
2025-09-23 10:00:00,85.300,85.770,83.600,83.610,4260556
2025-09-23 10:30:00,83.600,83.610,82.180,82.260,3500533
2025-09-23 11:00:00,82.260,83.480,81.900,83.150,1864005
2025-09-23 11:30:00,83.160,83.250,82.380,82.500,709900
2025-09-23 13:30:00,82.500,82.880,81.800,82.380,1468900
2025-09-23 14:00:00,82.370,82.430,81.700,82.060,1333900
2025-09-23 14:30:00,82.050,82.330,81.900,82.250,871764
2025-09-23 15:00:00,82.290,83.390,82.170,83.260,1810237
2025-09-24 10:00:00,82.600,83.250,82.040,83.070,3057420
2025-09-24 10:30:00,83.090,85.550,82.700,84.990,3877003
2025-09-24 11:00:00,84.900,85.190,84.230,84.790,1784181
2025-09-24 11:30:00,84.750,85.200,84.460,84.670,1168400
2025-09-24 13:30:00,84.670,84.730,84.280,84.420,906310
2025-09-24 14:00:00,84.420,84.950,84.400,84.700,1172035
2025-09-24 14:30:00,84.700,84.820,84.480,84.560,915412
2025-09-24 15:00:00,84.560,85.000,84.560,84.970,2175018
2025-09-25 10:00:00,84.300,84.600,83.600,83.750,3114867
2025-09-25 10:30:00,83.750,84.260,83.630,84.250,1038334
2025-09-25 11:00:00,84.230,86.600,84.200,86.100,3258140
2025-09-25 11:30:00,86.050,86.290,85.360,85.650,1624155
2025-09-25 13:30:00,85.650,85.660,85.060,85.210,1088309
2025-09-25 14:00:00,85.240,85.480,85.000,85.420,994291
2025-09-25 14:30:00,85.420,86.000,85.410,85.890,1666600
2025-09-25 15:00:00,85.890,86.000,85.660,85.740,2522632
2025-09-26 10:00:00,85.970,86.450,85.470,86.190,3019530
2025-09-26 10:30:00,86.150,88.670,86.150,88.400,7390228
2025-09-26 11:00:00,88.380,90.740,88.370,89.500,8463024
2025-09-26 11:30:00,89.490,90.200,89.390,89.500,1746109
2025-09-26 13:30:00,89.500,89.900,88.800,88.950,1569655
2025-09-26 14:00:00,88.950,88.990,88.560,88.660,963501
2025-09-26 14:30:00,88.660,88.880,88.580,88.640,1158475
2025-09-26 15:00:00,88.640,88.850,88.000,88.070,2866400
2025-09-29 10:00:00,87.200,87.900,85.660,86.400,5488146
2025-09-29 10:30:00,86.410,86.600,85.800,86.320,2217900
2025-09-29 11:00:00,86.320,87.050,86.280,86.280,1315040
2025-09-29 11:30:00,86.280,86.660,86.180,86.440,870192
2025-09-29 13:30:00,86.500,86.880,86.400,86.660,754037
2025-09-29 14:00:00,86.660,87.080,86.480,86.900,1427062
2025-09-29 14:30:00,86.900,87.170,86.540,86.840,1224847
2025-09-29 15:00:00,86.840,86.900,86.510,86.690,1805883
2025-09-30 10:00:00,86.760,87.880,85.970,86.340,4372230
2025-09-30 10:30:00,86.340,87.540,86.140,87.480,2261411
2025-09-30 11:00:00,87.480,90.980,87.460,90.980,8406964
2025-09-30 11:30:00,90.970,91.530,89.790,89.900,3135922
2025-09-30 13:30:00,89.950,91.360,89.890,90.500,3231611
2025-09-30 14:00:00,90.470,91.600,90.000,91.060,3245062
2025-09-30 14:30:00,91.100,91.120,90.470,90.470,1730488
2025-09-30 15:00:00,90.470,90.550,90.000,90.150,2794126
2025-10-09 10:00:00,89.000,89.500,86.780,87.190,8636850
2025-10-09 10:30:00,87.180,88.300,86.800,88.210,2710140
2025-10-09 11:00:00,88.260,89.180,88.080,88.750,1893200
2025-10-09 11:30:00,88.730,90.020,88.700,89.400,1361081
2025-10-09 13:30:00,89.420,89.430,88.600,89.210,1398085
2025-10-09 14:00:00,89.250,91.000,89.060,90.260,2662475
2025-10-09 14:30:00,90.260,90.520,89.700,90.330,1454298
2025-10-09 15:00:00,90.330,90.490,90.000,90.240,2478882
2025-10-10 10:00:00,89.020,92.200,89.020,92.070,7857997
2025-10-10 10:30:00,92.050,93.680,91.090,93.670,4702888
2025-10-10 11:00:00,93.670,93.680,92.300,92.670,2433465
2025-10-10 11:30:00,92.660,94.590,92.310,93.850,3580132
2025-10-10 13:30:00,93.860,94.440,93.270,93.270,1733729
2025-10-10 14:00:00,93.270,93.270,91.910,92.250,1972547
2025-10-10 14:30:00,92.250,92.440,91.150,92.050,1889739
2025-10-10 15:00:00,92.050,92.120,91.250,91.320,2531320
2025-10-13 10:00:00,88.900,92.880,88.330,89.950,7140049
2025-10-13 10:30:00,89.950,92.680,89.790,91.820,3165709
2025-10-13 11:00:00,91.820,92.620,91.110,92.190,1909300
2025-10-13 11:30:00,92.150,92.500,91.520,91.910,1101524
2025-10-13 13:30:00,91.910,91.980,91.270,91.870,939053
2025-10-13 14:00:00,91.870,92.000,90.970,90.970,1380445
2025-10-13 14:30:00,90.970,91.200,90.000,90.480,1913675
2025-10-13 15:00:00,90.490,91.070,90.410,90.600,2194858
2025-10-14 10:00:00,90.000,90.880,89.000,90.460,7101348
2025-10-14 10:30:00,90.220,90.460,88.860,88.910,2492186
2025-10-14 11:00:00,88.900,89.230,87.400,87.550,2803821
2025-10-14 11:30:00,87.540,88.160,87.330,87.660,1720564
2025-10-14 13:30:00,87.660,88.010,87.350,87.920,1061200
2025-10-14 14:00:00,87.910,87.930,87.000,87.080,1534280
2025-10-14 14:30:00,87.080,87.800,86.780,87.800,1715300
2025-10-14 15:00:00,87.700,87.950,86.490,86.730,2380819
2025-10-15 10:00:00,86.730,86.730,83.500,84.990,5555201
2025-10-15 10:30:00,84.980,85.600,84.710,84.760,1935472
2025-10-15 11:00:00,84.760,85.000,83.990,84.120,1527377
2025-10-15 11:30:00,84.110,84.370,83.900,84.110,875499
2025-10-15 13:30:00,84.110,84.990,84.080,84.990,963229
2025-10-15 14:00:00,84.990,85.680,84.920,85.120,1339285
2025-10-15 14:30:00,85.120,85.990,85.000,85.660,954446
2025-10-15 15:00:00,85.660,86.500,85.560,86.100,1676100
2025-10-16 10:00:00,91.010,94.000,89.610,92.570,17181357
2025-10-16 10:30:00,92.600,92.720,91.010,91.040,3093262
2025-10-16 11:00:00,91.050,92.080,90.770,90.810,1850478
2025-10-16 11:30:00,90.820,91.190,90.010,90.580,1825100
2025-10-16 13:30:00,90.580,91.310,90.060,90.210,1405262
2025-10-16 14:00:00,90.210,90.790,90.040,90.220,915350
2025-10-16 14:30:00,90.230,90.500,90.050,90.150,925762
2025-10-16 15:00:00,90.160,90.240,89.030,89.710,2794300
2025-10-17 10:00:00,87.990,88.720,86.880,88.050,7581264
2025-10-17 10:30:00,88.160,89.000,87.810,88.540,2166738
2025-10-17 11:00:00,88.590,88.880,88.280,88.400,980592
2025-10-17 11:30:00,88.410,88.490,87.800,88.030,1007270
2025-10-17 13:30:00,87.990,88.350,87.560,87.560,1305419
2025-10-17 14:00:00,87.580,87.590,86.870,86.920,1822763
2025-10-17 14:30:00,86.930,87.290,86.130,86.320,2273580
2025-10-17 15:00:00,86.320,86.940,85.900,86.000,2461555
2025-10-20 10:00:00,87.000,89.380,86.380,88.930,6918211
2025-10-20 10:30:00,88.930,88.940,87.780,88.040,2392392
2025-10-20 11:00:00,88.050,88.250,87.430,87.530,1376693
2025-10-20 11:30:00,87.520,87.780,87.100,87.400,725600
2025-10-20 13:30:00,87.440,87.440,86.890,87.330,1161600
2025-10-20 14:00:00,87.320,87.460,86.890,87.100,751079
2025-10-20 14:30:00,87.080,87.420,86.850,87.310,918108
2025-10-20 15:00:00,87.300,87.830,87.100,87.710,1335438
2025-10-21 10:00:00,87.300,87.810,86.160,86.890,3454005
2025-10-21 10:30:00,86.880,87.170,86.430,87.040,1700740
2025-10-21 11:00:00,87.050,87.800,86.980,87.220,1389549
2025-10-21 11:30:00,87.220,88.350,87.140,87.740,1417267
2025-10-21 13:30:00,87.740,87.870,86.880,86.880,1892608
2025-10-21 14:00:00,86.870,87.030,86.510,86.650,1628300
2025-10-21 14:30:00,86.620,87.190,86.600,86.880,1279413
2025-10-21 15:00:00,86.880,87.200,86.810,87.190,1501635
2025-10-22 10:00:00,86.800,86.800,84.900,85.430,4092378
2025-10-22 10:30:00,85.430,85.700,85.160,85.280,1559866
2025-10-22 11:00:00,85.280,85.300,84.560,84.580,1935336
2025-10-22 11:30:00,84.620,84.850,84.560,84.560,1005100
2025-10-22 13:30:00,84.560,84.900,84.500,84.660,1032609
2025-10-22 14:00:00,84.650,85.000,84.590,84.680,738679
2025-10-22 14:30:00,84.690,84.690,84.560,84.590,640659
2025-10-22 15:00:00,84.600,84.750,84.560,84.570,1311058
2025-10-23 10:00:00,84.530,85.680,84.060,84.680,3617377
2025-10-23 10:30:00,84.680,84.840,84.390,84.590,1130515
2025-10-23 11:00:00,84.590,84.780,84.500,84.550,462600
2025-10-23 11:30:00,84.550,84.770,84.430,84.540,487885
2025-10-23 13:30:00,84.550,84.580,84.120,84.200,711100
2025-10-23 14:00:00,84.200,84.300,83.690,83.910,1205717
2025-10-23 14:30:00,83.900,84.840,83.830,84.660,708315
2025-10-23 15:00:00,84.660,85.310,84.590,84.980,1328100
2025-10-24 10:00:00,85.340,87.650,85.320,87.150,6013191
2025-10-24 10:30:00,87.150,87.300,86.420,86.430,1808900
2025-10-24 11:00:00,86.450,86.650,86.300,86.470,660600
2025-10-24 11:30:00,86.480,86.810,86.430,86.650,528036
2025-10-24 13:30:00,86.660,86.660,86.000,86.160,1261659
2025-10-24 14:00:00,86.160,86.270,86.010,86.230,602030
2025-10-24 14:30:00,86.230,86.230,86.010,86.140,551817
2025-10-24 15:00:00,86.140,86.240,85.970,86.010,1613999
2025-10-27 10:00:00,86.020,86.680,85.560,85.900,3513523
2025-10-27 10:30:00,85.900,86.000,85.470,85.480,1842700
2025-10-27 11:00:00,85.490,85.900,85.440,85.630,906500
2025-10-27 11:30:00,85.630,85.770,85.450,85.760,819000
2025-10-27 13:30:00,85.760,86.320,85.750,86.010,925527
2025-10-27 14:00:00,86.020,86.150,85.730,85.810,657094
2025-10-27 14:30:00,85.800,86.200,85.770,86.060,835800
2025-10-27 15:00:00,86.040,86.500,86.030,86.450,1699599
2025-10-28 10:00:00,86.310,88.180,85.600,87.860,4760985
2025-10-28 10:30:00,87.870,90.230,87.810,88.950,6236772
2025-10-28 11:00:00,88.950,89.930,88.530,89.130,2094280
2025-10-28 11:30:00,89.130,89.500,88.880,89.080,1292622
2025-10-28 13:30:00,89.080,91.880,88.750,90.900,7335047
2025-10-28 14:00:00,90.890,90.940,89.500,90.000,3618623
2025-10-28 14:30:00,90.000,90.240,89.690,89.700,1184400
2025-10-28 15:00:00,89.700,90.090,89.690,89.990,2732286
2025-10-29 10:00:00,90.130,90.520,88.200,88.520,9015741
2025-10-29 10:30:00,88.520,88.840,87.770,88.520,3640680
2025-10-29 11:00:00,88.510,88.860,88.340,88.650,1384000
2025-10-29 11:30:00,88.660,89.170,88.180,88.280,1371214
2025-10-29 13:30:00,88.280,88.500,88.160,88.230,1202630
2025-10-29 14:00:00,88.230,88.290,87.930,88.090,1785801
2025-10-29 14:30:00,88.090,88.680,88.020,88.390,1184333
2025-10-29 15:00:00,88.390,88.750,88.300,88.680,2137332
2025-10-30 10:00:00,88.120,88.150,85.000,85.570,7954615
2025-10-30 10:30:00,85.560,86.700,85.390,86.700,1956438
2025-10-30 11:00:00,86.700,87.130,86.310,86.440,1139600
2025-10-30 11:30:00,86.440,86.840,86.200,86.520,1032533
2025-10-30 13:30:00,86.510,86.560,85.700,86.540,1298639
2025-10-30 14:00:00,86.520,86.850,86.380,86.680,652504
2025-10-30 14:30:00,86.680,86.770,86.260,86.260,921500
2025-10-30 15:00:00,86.270,86.460,85.780,85.900,1859679
2025-10-31 10:00:00,86.080,86.390,85.130,86.080,2574249
2025-10-31 10:30:00,86.080,86.200,85.880,85.940,1308500
2025-10-31 11:00:00,85.980,86.130,85.810,85.970,810654
2025-10-31 11:30:00,85.980,85.980,84.880,84.910,2881548
2025-10-31 13:30:00,84.900,85.120,84.590,85.020,1756700
2025-10-31 14:00:00,85.010,85.090,84.750,84.900,727400
2025-10-31 14:30:00,84.890,85.120,84.800,84.990,626486
2025-10-31 15:00:00,85.000,85.010,84.700,84.750,1774940
2025-11-03 10:00:00,84.750,84.750,83.730,83.730,2924130
2025-11-03 10:30:00,83.720,83.730,83.100,83.250,2107700
2025-11-03 11:00:00,83.220,83.630,83.000,83.630,1072918
2025-11-03 11:30:00,83.630,84.010,83.100,83.780,838600
2025-11-03 13:30:00,83.790,84.200,83.600,84.060,601300
2025-11-03 14:00:00,84.060,84.440,84.030,84.310,647255
2025-11-03 14:30:00,84.300,84.460,84.100,84.290,595900
2025-11-03 15:00:00,84.290,84.710,84.120,84.710,1197409
2025-11-04 10:00:00,84.500,84.830,83.980,84.090,1952611
2025-11-04 10:30:00,84.080,84.300,83.780,83.880,864643
2025-11-04 11:00:00,83.880,84.130,83.240,83.480,1210551
2025-11-04 11:30:00,83.480,83.820,83.440,83.740,454300
2025-11-04 13:30:00,83.740,83.860,83.310,83.400,543600
2025-11-04 14:00:00,83.440,83.690,83.190,83.290,826600
2025-11-04 14:30:00,83.320,83.330,83.000,83.040,938868
2025-11-04 15:00:00,83.030,83.530,83.020,83.270,1016258
2025-11-05 10:00:00,82.510,83.690,82.350,83.300,1611870
2025-11-05 10:30:00,83.280,83.660,83.030,83.460,811447
2025-11-05 11:00:00,83.440,83.550,83.060,83.080,395200
2025-11-05 11:30:00,83.140,83.580,83.050,83.470,806400
2025-11-05 13:30:00,83.450,83.610,83.360,83.480,437963
2025-11-05 14:00:00,83.470,83.590,83.390,83.390,414500
2025-11-05 14:30:00,83.400,83.560,83.270,83.520,424500
2025-11-05 15:00:00,83.520,83.520,83.350,83.350,728640
2025-11-06 10:00:00,83.450,83.830,83.020,83.350,1483496
2025-11-06 10:30:00,83.350,84.520,83.350,84.300,1963130
2025-11-06 11:00:00,84.310,84.500,84.180,84.280,831967
2025-11-06 11:30:00,84.280,84.480,84.250,84.350,527491
2025-11-06 13:30:00,84.350,84.370,83.930,84.060,576600
2025-11-06 14:00:00,84.100,84.130,83.910,84.020,482700
2025-11-06 14:30:00,84.020,84.290,84.000,84.290,487500
2025-11-06 15:00:00,84.280,84.300,84.000,84.280,861479
2025-11-07 10:00:00,83.890,83.890,83.010,83.130,2203827
2025-11-07 10:30:00,83.070,83.280,82.900,83.040,1171875
2025-11-07 11:00:00,83.040,83.290,83.000,83.290,741500
2025-11-07 11:30:00,83.290,83.330,83.070,83.080,385900
2025-11-07 13:30:00,83.100,83.290,82.950,82.980,909770
2025-11-07 14:00:00,82.970,83.150,82.950,82.990,610090
2025-11-07 14:30:00,82.990,83.100,82.790,83.080,1161685
2025-11-07 15:00:00,83.080,83.220,82.890,82.960,750186
2025-11-10 10:00:00,82.960,82.960,82.220,82.290,1924314
2025-11-10 10:30:00,82.280,82.350,81.800,82.240,1376100
2025-11-10 11:00:00,82.240,82.270,81.960,81.980,532841
2025-11-10 11:30:00,81.970,82.240,81.530,81.770,1397224
2025-11-10 13:30:00,81.800,82.170,81.730,82.100,477994
2025-11-10 14:00:00,82.110,82.170,81.950,82.000,347696
2025-11-10 14:30:00,82.000,82.080,81.940,82.060,491200
2025-11-10 15:00:00,82.060,82.230,82.060,82.140,752326
2025-11-11 10:00:00,82.010,82.280,81.900,82.110,1451542
2025-11-11 10:30:00,82.050,82.160,81.300,81.300,1380600
2025-11-11 11:00:00,81.300,81.530,81.020,81.090,1121048
2025-11-11 11:30:00,81.090,81.230,81.000,81.040,835109
2025-11-11 13:30:00,81.040,81.200,80.110,80.220,2053900
2025-11-11 14:00:00,80.220,80.630,80.200,80.500,876120
2025-11-11 14:30:00,80.500,80.940,80.440,80.780,644160
2025-11-11 15:00:00,80.800,80.800,80.450,80.570,815800
2025-11-12 10:00:00,80.580,81.200,80.130,81.060,1817800
2025-11-12 10:30:00,81.060,81.100,80.870,80.900,549600
2025-11-12 11:00:00,80.900,80.930,80.460,80.510,793919
2025-11-12 11:30:00,80.520,80.570,80.300,80.300,532415
2025-11-12 13:30:00,80.490,80.500,80.210,80.270,601655
2025-11-12 14:00:00,80.280,80.600,80.270,80.570,434300
2025-11-12 14:30:00,80.570,80.600,80.400,80.420,375463
2025-11-12 15:00:00,80.420,80.960,80.410,80.890,1100669
2025-11-13 10:00:00,80.890,80.890,80.200,80.380,1336353
2025-11-13 10:30:00,80.370,80.860,80.360,80.770,629909
2025-11-13 11:00:00,80.760,80.860,80.660,80.760,466100
2025-11-13 11:30:00,80.750,81.050,80.680,81.040,517300
2025-11-13 13:30:00,81.050,81.130,80.670,80.790,621600
2025-11-13 14:00:00,80.800,80.880,80.620,80.710,504500
2025-11-13 14:30:00,80.700,80.930,80.670,80.910,417537
2025-11-13 15:00:00,80.910,81.070,80.800,81.060,971138
2025-11-14 10:00:00,80.800,82.100,80.640,81.550,2817579
2025-11-14 10:30:00,81.550,81.910,81.400,81.860,825436
2025-11-14 11:00:00,81.850,82.860,81.820,82.450,2809834
2025-11-14 11:30:00,82.410,82.600,82.300,82.350,697900
2025-11-14 13:30:00,82.330,82.350,82.070,82.250,409134
2025-11-14 14:00:00,82.250,82.260,82.050,82.230,320580
2025-11-14 14:30:00,82.240,82.680,82.210,82.620,768622
2025-11-14 15:00:00,82.620,82.660,82.050,82.120,1308000
2025-11-17 10:00:00,84.390,85.890,84.330,85.300,10005532
2025-11-17 10:30:00,85.270,85.490,84.910,85.010,1817700
2025-11-17 11:00:00,85.010,85.040,84.840,84.920,1041000
2025-11-17 11:30:00,84.920,84.920,83.520,83.920,1447148
2025-11-17 13:30:00,83.920,84.560,83.900,84.260,662377
2025-11-17 14:00:00,84.250,84.300,84.180,84.210,672100
2025-11-17 14:30:00,84.220,84.230,83.990,84.070,809900
2025-11-17 15:00:00,84.070,84.080,83.480,83.550,1621337
2025-11-18 10:00:00,82.500,82.500,80.710,81.250,5453292
2025-11-18 10:30:00,81.280,81.370,80.990,81.050,1309138
2025-11-18 11:00:00,81.040,81.650,81.010,81.170,682400
2025-11-18 11:30:00,81.160,81.280,81.050,81.080,443445
2025-11-18 13:30:00,81.150,81.680,81.080,81.400,421805
2025-11-18 14:00:00,81.400,81.580,81.320,81.330,381112
2025-11-18 14:30:00,81.320,81.330,81.030,81.130,528500
2025-11-18 15:00:00,81.140,81.360,81.100,81.100,764900
2025-11-19 10:00:00,81.130,82.250,81.110,81.940,2299435
2025-11-19 10:30:00,81.950,81.950,81.280,81.390,692100
2025-11-19 11:00:00,81.390,82.190,81.360,81.790,929406
2025-11-19 11:30:00,81.790,82.030,81.450,81.630,622440
2025-11-19 13:30:00,81.630,84.170,81.540,83.470,4119813
2025-11-19 14:00:00,83.500,83.600,82.980,83.380,1263100
2025-11-19 14:30:00,83.400,83.430,82.980,83.060,803651
2025-11-19 15:00:00,83.060,83.100,82.300,82.520,1273871
2025-11-20 10:00:00,81.600,81.990,80.880,81.420,2951372
2025-11-20 10:30:00,81.410,81.680,81.120,81.130,776300
2025-11-20 11:00:00,81.140,81.210,81.010,81.010,956390
2025-11-20 11:30:00,81.010,81.330,81.000,81.170,365699
2025-11-20 13:30:00,81.180,81.340,81.010,81.030,533389
2025-11-20 14:00:00,81.020,81.120,81.000,81.020,583700
2025-11-20 14:30:00,81.020,81.090,80.980,81.000,664100
2025-11-20 15:00:00,81.000,81.160,80.890,80.970,1273410
2025-11-21 10:00:00,80.010,80.780,79.500,79.650,2419801
2025-11-21 10:30:00,79.650,80.580,79.600,80.290,1192738
2025-11-21 11:00:00,80.300,82.480,80.170,81.390,3012920
2025-11-21 11:30:00,81.390,81.610,81.100,81.380,792328
2025-11-21 13:30:00,81.390,81.790,81.220,81.240,636800
2025-11-21 14:00:00,81.230,81.530,80.950,81.150,471162
2025-11-21 14:30:00,81.150,81.180,80.550,80.640,486244
2025-11-21 15:00:00,80.640,80.810,79.760,79.800,1519300
2025-11-24 10:00:00,79.800,81.600,79.800,81.560,2436575
2025-11-24 10:30:00,81.590,82.080,81.150,81.590,2486193
2025-11-24 11:00:00,81.590,81.780,81.230,81.550,707999
2025-11-24 11:30:00,81.590,81.710,81.310,81.510,567937
2025-11-24 13:30:00,81.480,83.560,81.480,83.060,4477344
2025-11-24 14:00:00,83.050,83.150,82.780,83.010,1263388
2025-11-24 14:30:00,83.020,83.050,82.590,82.900,851823
2025-11-24 15:00:00,82.900,83.300,82.660,83.200,2846110
2025-11-25 10:00:00,81.900,81.950,81.000,81.630,4769377
2025-11-25 10:30:00,81.630,82.140,81.530,81.970,1440679
2025-11-25 11:00:00,81.970,82.260,81.880,81.880,998550
2025-11-25 11:30:00,81.890,82.180,81.670,82.120,558233
2025-11-25 13:30:00,82.100,82.150,81.580,81.590,1036100
2025-11-25 14:00:00,81.590,81.790,81.330,81.700,1183955
2025-11-25 14:30:00,81.700,81.740,81.580,81.670,447900
2025-11-25 15:00:00,81.710,81.830,81.600,81.780,1068854
2025-11-26 10:00:00,81.110,81.550,80.000,80.150,4494755
2025-11-26 10:30:00,80.160,80.360,80.000,80.230,1860506
2025-11-26 11:00:00,80.230,80.230,80.000,80.120,911756
2025-11-26 11:30:00,80.120,80.280,80.020,80.100,857208
2025-11-26 13:30:00,80.110,80.230,80.030,80.160,777144
2025-11-26 14:00:00,80.160,80.200,80.050,80.130,525600
2025-11-26 14:30:00,80.130,80.240,80.060,80.130,528440
2025-11-26 15:00:00,80.140,80.170,80.050,80.060,1148417
2025-11-27 10:00:00,80.070,80.200,79.800,80.050,1679700
2025-11-27 10:30:00,80.050,80.350,80.020,80.090,833416
2025-11-27 11:00:00,80.130,80.130,80.010,80.060,470096
2025-11-27 11:30:00,80.060,80.070,79.960,80.010,326400
2025-11-27 13:30:00,80.020,80.600,79.990,80.340,1017093
2025-11-27 14:00:00,80.330,80.400,80.130,80.310,387300
2025-11-27 14:30:00,80.210,80.300,80.080,80.090,332501
2025-11-27 15:00:00,80.090,80.110,80.010,80.030,724481
2025-11-28 10:00:00,80.600,80.600,80.000,80.150,1318717
2025-11-28 10:30:00,80.150,80.250,80.050,80.190,666307
2025-11-28 11:00:00,80.180,80.210,80.000,80.060,674100
2025-11-28 11:30:00,80.060,80.100,80.010,80.090,381599
2025-11-28 13:30:00,80.090,80.100,80.000,80.080,501500
2025-11-28 14:00:00,80.080,80.230,80.020,80.090,343900
2025-11-28 14:30:00,80.090,80.420,80.080,80.140,607121
2025-11-28 15:00:00,80.130,80.290,80.130,80.220,829897
2025-12-01 10:00:00,80.000,80.490,79.880,80.400,2049128
2025-12-01 10:30:00,80.400,80.410,80.150,80.200,589200
2025-12-01 11:00:00,80.210,80.500,80.180,80.460,807600
2025-12-01 11:30:00,80.450,80.480,80.280,80.330,337275
2025-12-01 13:30:00,80.340,80.380,80.210,80.210,372525
2025-12-01 14:00:00,80.220,80.220,80.100,80.100,518300
2025-12-01 14:30:00,80.130,80.200,80.090,80.160,416900
2025-12-01 15:00:00,80.180,80.310,80.130,80.210,852084
2025-12-02 10:00:00,80.140,80.440,79.800,80.030,1581882
2025-12-02 10:30:00,80.030,80.210,80.020,80.110,449099
2025-12-02 11:00:00,80.100,80.380,80.040,80.240,886800
2025-12-02 11:30:00,80.250,80.260,80.020,80.070,445800
2025-12-02 13:30:00,80.060,80.130,79.900,79.940,649100
2025-12-02 14:00:00,79.920,80.060,79.920,79.980,373636
2025-12-02 14:30:00,80.000,80.050,79.980,80.000,251700
2025-12-02 15:00:00,80.010,80.030,79.970,80.000,649504
2025-12-03 10:00:00,79.850,80.090,78.100,78.150,3614000
2025-12-03 10:30:00,78.150,78.570,78.140,78.200,1247657
2025-12-03 11:00:00,78.210,78.260,77.810,78.190,1296100
2025-12-03 11:30:00,78.200,78.310,78.050,78.150,452988
2025-12-03 13:30:00,78.150,78.230,77.900,78.000,817976
2025-12-03 14:00:00,78.000,78.020,77.890,77.930,625733
2025-12-03 14:30:00,77.940,77.980,77.890,77.980,678988
2025-12-03 15:00:00,77.970,78.080,77.500,77.530,1801926
2025-12-04 10:00:00,77.480,78.080,77.230,77.290,1591454
2025-12-04 10:30:00,77.280,77.850,77.280,77.760,788977
2025-12-04 11:00:00,77.760,77.970,77.680,77.820,551700
2025-12-04 11:30:00,77.820,77.980,77.760,77.980,340606
2025-12-04 13:30:00,77.970,78.050,77.880,77.980,540000
2025-12-04 14:00:00,77.980,78.000,77.800,77.910,519000
2025-12-04 14:30:00,77.910,77.920,77.750,77.800,548000
2025-12-04 15:00:00,77.790,77.820,77.600,77.610,1023518
2025-12-05 10:00:00,77.610,77.770,76.700,77.160,1823703
2025-12-05 10:30:00,77.160,77.530,77.020,77.080,602375
2025-12-05 11:00:00,77.070,77.270,77.070,77.250,384200
2025-12-05 11:30:00,77.250,77.360,77.130,77.300,292400
2025-12-05 13:30:00,77.310,77.340,77.000,77.090,424561
2025-12-05 14:00:00,77.080,77.780,77.070,77.780,700632
2025-12-05 14:30:00,77.780,78.180,77.670,77.980,1079840
2025-12-05 15:00:00,77.980,78.400,77.890,78.290,1093606
2025-12-08 10:00:00,78.290,79.000,78.130,78.550,2007388
2025-12-08 10:30:00,78.550,78.750,78.410,78.600,936700
2025-12-08 11:00:00,78.640,78.750,78.510,78.570,448900
2025-12-08 11:30:00,78.580,78.600,78.400,78.500,434500
2025-12-08 13:30:00,78.460,78.650,78.210,78.310,842511
2025-12-08 14:00:00,78.320,78.360,78.000,78.020,903650
2025-12-08 14:30:00,78.030,78.110,77.920,77.970,678513
2025-12-08 15:00:00,77.980,78.250,77.970,78.210,726318
2025-12-09 10:00:00,77.900,78.170,77.330,77.510,2446033
2025-12-09 10:30:00,77.500,77.560,76.910,77.000,1879297
2025-12-09 11:00:00,77.000,77.250,76.990,77.130,546851
2025-12-09 11:30:00,77.110,77.550,77.080,77.320,438168
2025-12-09 13:30:00,77.310,77.330,77.100,77.140,428253
2025-12-09 14:00:00,77.130,77.140,76.980,76.990,655247
2025-12-09 14:30:00,77.000,77.270,77.000,77.210,418900
2025-12-09 15:00:00,77.210,77.250,77.020,77.120,618290
2025-12-10 10:00:00,77.150,77.660,76.940,77.360,1629400
2025-12-10 10:30:00,77.370,77.380,77.000,77.010,675600
2025-12-10 11:00:00,77.010,77.200,77.000,77.040,400200
2025-12-10 11:30:00,77.040,77.060,76.860,77.000,515902
2025-12-10 13:30:00,77.000,77.090,76.890,77.070,395900
2025-12-10 14:00:00,77.060,77.120,77.000,77.010,298900
2025-12-10 14:30:00,77.010,77.290,76.990,77.200,553336
2025-12-10 15:00:00,77.200,77.380,77.160,77.310,765230
2025-12-11 10:00:00,77.200,77.360,76.900,77.010,1406453
2025-12-11 10:30:00,77.000,77.030,76.830,76.990,771309
2025-12-11 11:00:00,76.990,77.140,76.900,76.930,409770
2025-12-11 11:30:00,76.910,77.060,76.910,76.950,265400
2025-12-11 13:30:00,76.940,77.000,76.780,76.790,622547
2025-12-11 14:00:00,76.810,76.890,76.760,76.820,540608
2025-12-11 14:30:00,76.830,76.940,76.670,76.670,565900
2025-12-11 15:00:00,76.670,76.670,76.280,76.410,1292861
2025-12-12 10:00:00,76.500,76.600,75.500,75.920,1639779
2025-12-12 10:30:00,75.950,76.390,75.900,76.110,760700
2025-12-12 11:00:00,76.110,76.220,75.930,76.000,497500
2025-12-12 11:30:00,76.020,76.110,75.880,75.980,582118
2025-12-12 13:30:00,76.010,76.150,75.950,75.990,388400
2025-12-12 14:00:00,75.990,76.100,75.970,76.080,492200
2025-12-12 14:30:00,76.080,76.270,76.020,76.060,620100
2025-12-12 15:00:00,76.060,76.070,75.950,75.990,924825
2025-12-15 10:00:00,75.800,75.990,75.180,75.420,1993900
2025-12-15 10:30:00,75.430,75.660,75.290,75.300,884000
2025-12-15 11:00:00,75.310,75.480,75.120,75.250,924400
2025-12-15 11:30:00,75.190,75.220,74.590,75.030,1696800
2025-12-15 13:30:00,75.100,75.160,74.650,74.660,602800
2025-12-15 14:00:00,74.660,74.880,74.610,74.700,649800
2025-12-15 14:30:00,74.690,74.760,74.600,74.670,635900
2025-12-15 15:00:00,74.660,74.740,74.510,74.580,1232277
2025-12-16 10:00:00,74.300,74.320,72.200,72.500,3473911
2025-12-16 10:30:00,72.460,73.100,72.200,72.930,1229664
2025-12-16 11:00:00,72.900,73.000,72.670,72.950,484600
2025-12-16 11:30:00,72.960,73.370,72.720,73.150,576900
2025-12-16 13:30:00,73.150,73.960,73.110,73.310,750800
2025-12-16 14:00:00,73.320,73.640,73.300,73.490,409070
2025-12-16 14:30:00,73.490,73.970,73.440,73.950,544800
2025-12-16 15:00:00,73.950,73.970,73.300,73.330,725771
2025-12-17 10:00:00,76.810,81.400,76.810,77.530,15394204
2025-12-17 10:30:00,77.540,77.840,77.000,77.640,1874537
2025-12-17 11:00:00,77.640,77.650,77.000,77.060,732300
2025-12-17 11:30:00,77.070,77.390,77.070,77.260,366800
2025-12-17 13:30:00,77.260,78.600,77.180,78.390,1227297
2025-12-17 14:00:00,78.390,78.700,78.000,78.350,1030700
2025-12-17 14:30:00,78.320,78.380,78.000,78.090,718411
2025-12-17 15:00:00,78.090,78.250,77.680,77.810,2205467
2025-12-18 10:00:00,76.010,76.880,75.570,76.300,4834695
2025-12-18 10:30:00,76.300,77.400,76.280,76.770,1647800
2025-12-18 11:00:00,76.860,77.010,76.510,76.820,689400
2025-12-18 11:30:00,76.820,76.820,76.250,76.350,702400
2025-12-18 13:30:00,76.390,77.830,76.330,77.210,1463000
2025-12-18 14:00:00,77.210,77.270,76.480,76.580,1055200
2025-12-18 14:30:00,76.580,76.950,76.300,76.850,831100
2025-12-18 15:00:00,76.840,76.860,76.150,76.200,1151074
2025-12-19 10:00:00,76.700,77.600,76.080,76.740,3117988
2025-12-19 10:30:00,76.730,77.000,76.500,76.670,1050500
2025-12-19 11:00:00,76.670,76.860,76.310,76.510,691600
2025-12-19 11:30:00,76.520,76.900,76.350,76.760,525126
2025-12-19 13:30:00,76.760,76.840,76.600,76.730,331100
2025-12-19 14:00:00,76.740,76.740,76.440,76.460,477462
2025-12-19 14:30:00,76.470,76.600,76.380,76.500,436100
2025-12-19 15:00:00,76.500,76.770,76.440,76.690,903425
2025-12-22 10:00:00,76.700,76.770,75.900,76.580,2005700
2025-12-22 10:30:00,76.600,76.990,76.570,76.620,849800
2025-12-22 11:00:00,76.670,76.840,76.600,76.830,466750
2025-12-22 11:30:00,76.830,76.840,76.590,76.610,525700
2025-12-22 13:30:00,76.620,76.690,76.290,76.480,728700
2025-12-22 14:00:00,76.470,76.530,76.340,76.350,366400
2025-12-22 14:30:00,76.350,76.520,76.340,76.390,461600
2025-12-22 15:00:00,76.390,76.410,76.070,76.250,1410897
2025-12-23 10:00:00,76.230,76.370,75.790,75.880,1619469
2025-12-23 10:30:00,75.880,75.920,75.280,75.700,1687867
2025-12-23 11:00:00,75.590,75.700,75.000,75.160,931200
2025-12-23 11:30:00,75.160,75.280,75.080,75.160,526744
2025-12-23 13:30:00,75.170,75.180,74.860,74.900,979055
2025-12-23 14:00:00,74.900,75.110,74.860,74.910,555304
2025-12-23 14:30:00,74.920,75.100,74.800,74.810,500050
2025-12-23 15:00:00,74.810,75.200,74.710,75.190,900493
2025-12-24 10:00:00,75.080,75.260,74.790,74.980,1004000
2025-12-24 10:30:00,74.980,75.590,74.930,75.580,1155067
2025-12-24 11:00:00,75.570,75.850,75.530,75.660,869255
2025-12-24 11:30:00,75.670,75.960,75.660,75.880,705800
2025-12-24 13:30:00,75.880,77.090,75.870,76.670,2085986
2025-12-24 14:00:00,76.670,76.800,76.380,76.380,751806
2025-12-24 14:30:00,76.380,76.450,76.160,76.190,656377
2025-12-24 15:00:00,76.180,76.450,76.160,76.360,945996
2025-12-25 10:00:00,76.210,78.180,76.200,77.980,3980553
2025-12-25 10:30:00,77.980,79.250,77.770,78.580,4232762
2025-12-25 11:00:00,78.600,79.110,78.410,78.600,1566200
2025-12-25 11:30:00,78.600,78.730,78.200,78.350,898894
2025-12-25 13:30:00,78.350,79.150,78.190,79.140,1513521
2025-12-25 14:00:00,79.140,79.750,78.720,78.770,2386973
2025-12-25 14:30:00,78.770,78.900,78.610,78.690,685300
2025-12-25 15:00:00,78.690,78.710,78.480,78.650,1569432
2025-12-26 10:00:00,78.500,78.900,77.500,77.920,3701229
2025-12-26 10:30:00,77.920,78.080,77.690,78.010,1307000
2025-12-26 11:00:00,78.020,78.330,77.880,77.970,769705
2025-12-26 11:30:00,77.980,78.120,77.120,77.330,1652093
2025-12-26 13:30:00,77.330,77.850,77.280,77.660,741482
2025-12-26 14:00:00,77.660,78.350,77.620,78.350,1031495
2025-12-26 14:30:00,78.350,78.350,77.560,77.870,840800
2025-12-26 15:00:00,77.870,78.020,77.790,77.960,1007336
2025-12-29 10:00:00,78.440,78.500,77.420,77.670,2125250
2025-12-29 10:30:00,77.670,78.260,77.610,77.880,941001
2025-12-29 11:00:00,77.880,77.890,77.550,77.670,878400
2025-12-29 11:30:00,77.700,78.270,77.680,78.080,1003000
2025-12-29 13:30:00,78.070,78.120,77.650,77.900,778402
2025-12-29 14:00:00,77.900,78.040,77.760,77.940,647500
2025-12-29 14:30:00,77.950,82.280,77.830,79.770,8287730
2025-12-29 15:00:00,79.770,80.080,79.450,79.930,2917977
2025-12-30 10:00:00,80.000,81.000,78.580,80.020,4350470
2025-12-30 10:30:00,80.010,80.550,79.920,79.920,1739000
2025-12-30 11:00:00,79.950,80.460,79.800,80.310,1090340
2025-12-30 11:30:00,80.310,80.400,79.050,79.400,1459776
2025-12-30 13:30:00,79.450,79.460,78.770,79.000,1507400
2025-12-30 14:00:00,79.010,80.310,78.820,79.400,1770840
2025-12-30 14:30:00,79.450,79.640,79.280,79.380,636361
2025-12-30 15:00:00,79.380,79.390,78.890,78.940,1694489
2025-12-31 10:00:00,78.950,79.490,78.000,78.320,2802295
2025-12-31 10:30:00,78.330,78.600,77.500,78.350,2662431
2025-12-31 11:00:00,78.350,81.000,78.250,79.820,3308299
2025-12-31 11:30:00,79.820,79.990,79.380,79.460,853100
2025-12-31 13:30:00,79.460,79.460,78.680,78.920,1171211
2025-12-31 14:00:00,78.920,79.260,78.860,78.990,664400
2025-12-31 14:30:00,78.990,79.180,78.810,79.050,620700
2025-12-31 15:00:00,79.060,79.300,78.890,79.000,1110703
2026-01-05 10:00:00,80.570,80.850,79.720,79.970,4732513
2026-01-05 10:30:00,79.970,80.150,79.420,79.470,1695403
2026-01-05 11:00:00,79.470,79.740,79.000,79.010,1460700
2026-01-05 11:30:00,79.060,80.860,79.000,80.800,2027382
2026-01-05 13:30:00,80.850,80.980,80.210,80.350,2697141
2026-01-05 14:00:00,80.350,80.970,80.300,80.640,1786162
2026-01-05 14:30:00,80.640,80.970,80.420,80.630,987893
2026-01-05 15:00:00,80.630,80.650,80.330,80.370,1494079
2026-01-06 10:00:00,79.850,80.380,79.760,80.000,2979639
2026-01-06 10:30:00,80.000,80.080,79.790,79.970,1780495
2026-01-06 11:00:00,79.980,80.020,79.680,79.910,1048370
2026-01-06 11:30:00,79.900,80.060,79.750,80.030,683700
2026-01-06 13:30:00,80.020,81.420,80.000,80.990,3712500
2026-01-06 14:00:00,80.990,81.250,80.810,80.890,1367797
2026-01-06 14:30:00,80.900,82.380,80.690,82.010,5199723
2026-01-06 15:00:00,82.010,82.010,81.810,81.820,2049694
2026-01-07 10:00:00,81.500,81.500,80.510,81.030,3997744
2026-01-07 10:30:00,81.030,81.600,80.350,80.610,2222600
2026-01-07 11:00:00,80.610,80.920,80.550,80.580,815500
2026-01-07 11:30:00,80.580,80.970,80.550,80.960,772375
2026-01-07 13:30:00,80.960,81.440,80.500,80.550,1406510
2026-01-07 14:00:00,80.560,80.680,80.250,80.460,1081600
2026-01-07 14:30:00,80.460,80.670,80.350,80.460,710995
2026-01-07 15:00:00,80.460,80.470,80.160,80.190,1867065
2026-01-08 10:00:00,80.010,80.770,79.810,80.610,2195200
2026-01-08 10:30:00,80.610,82.070,80.570,81.790,4425876
2026-01-08 11:00:00,81.800,83.330,81.600,83.040,6007222
2026-01-08 11:30:00,83.050,83.060,82.200,82.920,2235793
2026-01-08 13:30:00,82.920,83.800,82.910,83.100,3622689
2026-01-08 14:00:00,83.100,83.730,83.000,83.340,2004200
2026-01-08 14:30:00,83.340,83.410,82.500,82.950,1826900
2026-01-08 15:00:00,82.950,83.200,82.860,82.890,2069624
2026-01-09 10:00:00,83.940,84.910,83.200,84.610,9083507
2026-01-09 10:30:00,84.620,84.870,83.530,84.020,3550123
2026-01-09 11:00:00,84.050,89.530,84.000,87.760,11302365
2026-01-09 11:30:00,87.750,87.800,85.280,85.720,3889800
2026-01-09 13:30:00,85.710,86.160,85.070,85.580,2457901
2026-01-09 14:00:00,85.580,86.160,85.510,85.620,1112117
2026-01-09 14:30:00,85.620,86.000,85.500,85.850,945735
2026-01-09 15:00:00,85.850,86.380,85.800,86.050,2823740
2026-01-12 10:00:00,86.440,86.980,85.520,86.020,8308063
2026-01-12 10:30:00,86.030,86.680,85.740,86.070,3640280
2026-01-12 11:00:00,86.080,86.620,85.780,86.160,2047360
2026-01-12 11:30:00,86.170,87.500,86.100,87.500,3373373
2026-01-12 13:30:00,87.410,89.000,86.420,89.000,5506293
2026-01-12 14:00:00,89.000,89.000,87.990,88.130,2398100
2026-01-12 14:30:00,88.130,88.280,87.600,87.770,1726714
2026-01-12 15:00:00,87.770,88.200,87.160,88.010,3079220
2026-01-13 10:00:00,86.500,86.570,82.880,83.320,11139948
2026-01-13 10:30:00,83.360,83.930,82.960,83.050,2442456
2026-01-13 11:00:00,83.060,83.250,82.600,83.190,2031836
2026-01-13 11:30:00,83.140,84.150,82.950,83.600,1472810
2026-01-13 13:30:00,83.600,84.900,83.450,84.400,2305687
2026-01-13 14:00:00,84.500,84.520,83.620,83.820,1199300
2026-01-13 14:30:00,83.820,83.920,83.050,83.070,1225500
2026-01-13 15:00:00,83.070,83.290,82.300,82.850,3240099
2026-01-14 10:00:00,83.000,85.060,82.860,84.020,4750750
2026-01-14 10:30:00,84.020,84.370,83.760,84.040,2000799
2026-01-14 11:00:00,84.080,84.480,83.840,84.120,1861009
2026-01-14 11:30:00,84.120,84.390,83.940,84.260,1143228
2026-01-14 13:30:00,84.260,84.340,82.520,83.360,3547087
2026-01-14 14:00:00,83.400,83.580,81.980,82.100,2191800
2026-01-14 14:30:00,82.090,82.870,81.400,82.850,2433921
2026-01-14 15:00:00,82.870,82.900,82.190,82.270,1704756
2026-01-15 10:00:00,82.270,85.380,82.100,85.100,9097095
2026-01-15 10:30:00,85.030,85.120,83.300,83.450,2862968
2026-01-15 11:00:00,83.410,83.950,83.130,83.200,1580612
2026-01-15 11:30:00,83.200,83.300,82.730,82.820,1270560
2026-01-15 13:30:00,82.820,83.150,82.600,82.960,1006454
2026-01-15 14:00:00,82.960,83.430,82.740,82.920,911600
2026-01-15 14:30:00,82.920,83.000,82.660,82.850,953882
2026-01-15 15:00:00,82.850,83.200,82.710,83.090,1250135
2026-01-16 10:00:00,82.900,82.900,80.500,80.790,7592562
2026-01-16 10:30:00,80.800,80.890,80.310,80.380,2751000
2026-01-16 11:00:00,80.400,80.560,80.210,80.510,1545118
2026-01-16 11:30:00,80.500,80.760,80.280,80.490,967300
2026-01-16 13:30:00,80.490,80.880,80.290,80.720,1163800
2026-01-16 14:00:00,80.720,82.000,80.680,81.300,1744100
2026-01-16 14:30:00,81.260,81.480,80.770,81.470,885900
2026-01-16 15:00:00,81.450,81.480,80.900,81.060,1551001
2026-01-19 10:00:00,80.490,81.650,80.200,81.650,2606819
2026-01-19 10:30:00,81.650,81.680,80.760,80.990,1277700
2026-01-19 11:00:00,80.940,81.270,80.560,81.200,1015000
2026-01-19 11:30:00,81.190,81.890,81.190,81.840,1545249
2026-01-19 13:30:00,81.840,84.000,81.700,83.230,6467934
2026-01-19 14:00:00,83.230,83.560,82.730,83.080,2013100
2026-01-19 14:30:00,83.020,83.020,82.620,82.710,1122200
2026-01-19 15:00:00,82.740,82.850,82.540,82.830,1927510
2026-01-20 10:00:00,82.000,83.140,80.880,80.890,4162609
2026-01-20 10:30:00,80.940,81.150,80.270,80.560,2564200
2026-01-20 11:00:00,80.560,80.890,80.410,80.700,986400
2026-01-20 11:30:00,80.660,80.980,80.580,80.630,624500
2026-01-20 13:30:00,80.620,80.700,80.380,80.450,1121300
2026-01-20 14:00:00,80.450,80.720,80.320,80.500,888492
2026-01-20 14:30:00,80.500,80.500,80.120,80.140,1306117
2026-01-20 15:00:00,80.170,80.280,80.040,80.170,1567802
2026-01-21 10:00:00,80.010,80.860,79.800,80.070,2378070
2026-01-21 10:30:00,80.070,80.580,80.000,80.260,1047000
2026-01-21 11:00:00,80.270,80.300,80.080,80.100,1093600
2026-01-21 11:30:00,80.100,80.580,80.090,80.390,752381
2026-01-21 13:30:00,80.390,80.850,80.160,80.740,839660
2026-01-21 14:00:00,80.700,80.970,80.510,80.540,1085700
2026-01-21 14:30:00,80.530,80.650,80.120,80.210,858700
2026-01-21 15:00:00,80.210,80.310,80.140,80.210,1184119
2026-01-22 10:00:00,80.100,81.860,80.050,81.190,3652686
2026-01-22 10:30:00,81.180,81.660,80.730,81.150,2252152
2026-01-22 11:00:00,81.130,81.250,80.820,80.890,808748
2026-01-22 11:30:00,80.880,81.030,80.660,80.670,617720
2026-01-22 13:30:00,80.660,81.400,80.660,80.940,882270
2026-01-22 14:00:00,81.000,81.280,80.900,80.980,626600
2026-01-22 14:30:00,80.970,81.240,80.870,81.020,796465
2026-01-22 15:00:00,81.020,81.110,80.700,81.070,1429481
2026-01-23 10:00:00,80.800,80.800,79.720,79.940,3331013
2026-01-23 10:30:00,79.940,80.360,79.900,80.160,1370500
2026-01-23 11:00:00,80.140,80.620,79.880,80.360,1711534
2026-01-23 11:30:00,80.350,80.500,80.220,80.390,674800
2026-01-23 13:30:00,80.340,80.800,80.340,80.510,1104700
2026-01-23 14:00:00,80.460,80.640,80.260,80.540,747400
2026-01-23 14:30:00,80.510,80.670,80.380,80.630,798585
2026-01-23 15:00:00,80.630,80.650,80.240,80.600,1605100
2026-01-26 10:00:00,80.650,80.850,78.900,79.050,3861693
2026-01-26 10:30:00,79.050,79.360,78.910,79.170,1491035
2026-01-26 11:00:00,79.170,79.510,79.000,79.000,998571
2026-01-26 11:30:00,78.990,79.100,78.900,79.000,666499
2026-01-26 13:30:00,79.010,79.030,78.400,78.620,1312100
2026-01-26 14:00:00,78.620,78.800,78.400,78.650,871200
2026-01-26 14:30:00,78.650,78.870,78.480,78.680,631600
2026-01-26 15:00:00,78.680,78.810,78.480,78.490,1556700
2026-01-27 10:00:00,79.900,80.790,78.610,78.700,4918600
2026-01-27 10:30:00,78.700,79.200,78.520,78.920,1242410
2026-01-27 11:00:00,78.930,79.600,78.920,79.600,963500
2026-01-27 11:30:00,79.610,79.880,79.420,79.540,765031
2026-01-27 13:30:00,79.580,80.160,79.540,79.830,1052069
2026-01-27 14:00:00,79.870,81.200,79.870,80.820,3522038
2026-01-27 14:30:00,80.830,81.090,80.590,80.640,1281500
2026-01-27 15:00:00,80.620,80.700,80.200,80.450,1645586
2026-01-28 10:00:00,80.030,81.800,79.930,80.480,4504735
2026-01-28 10:30:00,80.480,80.540,79.950,80.330,1405680
2026-01-28 11:00:00,80.330,81.100,80.120,80.500,1753700
2026-01-28 11:30:00,80.600,80.600,80.190,80.310,695500
2026-01-28 13:30:00,80.300,80.410,79.700,79.790,1464400
2026-01-28 14:00:00,79.800,80.030,79.570,79.750,1099237
2026-01-28 14:30:00,79.750,80.100,79.650,79.980,569908
2026-01-28 15:00:00,79.980,80.090,79.600,79.950,1555561
2026-01-29 10:00:00,79.500,79.710,78.740,79.600,2584789
2026-01-29 10:30:00,79.600,79.780,79.010,79.030,1212454
2026-01-29 11:00:00,79.060,79.870,78.950,79.840,1004777
2026-01-29 11:30:00,79.840,79.900,79.010,79.060,743900
2026-01-29 13:30:00,79.050,79.410,78.770,78.850,1299311
2026-01-29 14:00:00,78.840,78.990,78.510,78.620,1374953
2026-01-29 14:30:00,78.620,79.230,78.520,79.000,1078940
2026-01-29 15:00:00,79.000,79.050,78.630,78.690,1204700
2026-01-30 10:00:00,78.200,78.790,77.590,77.750,2851900
2026-01-30 10:30:00,77.750,77.860,77.010,77.010,1687800
2026-01-30 11:00:00,77.010,77.250,76.350,76.970,1373500
2026-01-30 11:30:00,76.970,77.280,76.850,77.000,573294
2026-01-30 13:30:00,77.000,77.960,76.920,77.830,962176
2026-01-30 14:00:00,77.810,77.950,77.680,77.720,609800
2026-01-30 14:30:00,77.730,77.800,77.550,77.610,476000
2026-01-30 15:00:00,77.640,77.710,77.500,77.580,873000
2026-02-02 10:00:00,77.800,77.930,77.110,77.230,1910581
2026-02-02 10:30:00,77.220,77.980,77.210,77.860,1006464
2026-02-02 11:00:00,77.800,77.900,77.420,77.460,490554
2026-02-02 11:30:00,77.450,77.520,77.200,77.210,488900
2026-02-02 13:30:00,77.210,77.330,76.790,76.800,794201
2026-02-02 14:00:00,76.800,76.970,76.510,76.960,865400
2026-02-02 14:30:00,76.960,77.250,76.310,76.340,914100
2026-02-02 15:00:00,76.340,76.480,75.900,76.030,1166545
2026-02-03 10:00:00,76.320,76.660,76.130,76.390,1679061
2026-02-03 10:30:00,76.400,76.780,76.150,76.400,1229200
2026-02-03 11:00:00,76.400,76.500,76.180,76.350,632600
2026-02-03 11:30:00,76.340,76.760,76.310,76.690,647190
2026-02-03 13:30:00,76.700,77.160,76.600,76.980,1098923
2026-02-03 14:00:00,76.970,77.120,76.900,77.040,574000
2026-02-03 14:30:00,77.040,77.150,76.950,77.070,570357
2026-02-03 15:00:00,77.070,77.140,76.870,76.970,1331394
2026-02-04 10:00:00,76.570,78.220,76.500,77.980,2845562
2026-02-04 10:30:00,77.990,79.280,77.850,78.690,3162418
2026-02-04 11:00:00,78.690,78.700,78.180,78.220,869000
2026-02-04 11:30:00,78.220,78.400,78.000,78.230,770377
2026-02-04 13:30:00,78.230,78.250,77.780,78.010,684100
2026-02-04 14:00:00,78.000,78.030,77.780,77.890,488890
2026-02-04 14:30:00,77.860,78.090,77.780,77.900,526900
2026-02-04 15:00:00,77.900,78.320,77.890,78.300,1359300
2026-02-05 10:00:00,77.780,78.990,77.560,78.030,2360300
2026-02-05 10:30:00,78.030,78.100,77.620,77.650,1062438
2026-02-05 11:00:00,77.660,77.840,77.240,77.390,830600
2026-02-05 11:30:00,77.380,77.550,77.240,77.240,362828
2026-02-05 13:30:00,77.240,77.390,77.010,77.320,463892
2026-02-05 14:00:00,77.330,77.900,77.180,77.700,473300
2026-02-05 14:30:00,77.700,77.870,77.480,77.550,371100
2026-02-05 15:00:00,77.590,77.750,77.420,77.430,589100
2026-02-06 10:00:00,76.800,77.350,76.360,76.730,1550105
2026-02-06 10:30:00,76.700,76.900,76.010,76.850,1181800
2026-02-06 11:00:00,76.840,76.970,76.560,76.750,594000
2026-02-06 11:30:00,76.760,76.970,76.680,76.900,429600
2026-02-06 13:30:00,76.900,76.950,76.710,76.900,354200
2026-02-06 14:00:00,76.900,77.130,76.800,77.010,431300
2026-02-06 14:30:00,77.020,77.140,76.820,76.910,417700
2026-02-06 15:00:00,76.960,77.000,76.590,76.640,926740
2026-02-09 10:00:00,77.290,77.770,76.880,77.680,2348290
2026-02-09 10:30:00,77.670,77.740,77.300,77.410,796700
2026-02-09 11:00:00,77.430,77.550,77.340,77.350,534971
2026-02-09 11:30:00,77.340,77.520,77.260,77.410,506300
2026-02-09 13:30:00,77.410,77.700,77.350,77.640,728213
2026-02-09 14:00:00,77.620,77.630,77.400,77.580,528800
2026-02-09 14:30:00,77.580,77.590,77.260,77.370,450300
2026-02-09 15:00:00,77.390,77.430,77.310,77.350,747472
2026-02-10 10:00:00,77.600,77.900,77.400,77.800,1978531
2026-02-10 10:30:00,77.780,78.150,77.780,77.880,1212674
2026-02-10 11:00:00,77.890,78.670,77.890,78.490,1753409
2026-02-10 11:30:00,78.480,78.480,78.080,78.170,426420
2026-02-10 13:30:00,78.240,78.240,78.010,78.060,479500
2026-02-10 14:00:00,78.060,78.190,78.000,78.130,433500
2026-02-10 14:30:00,78.130,78.350,78.020,78.140,567900
2026-02-10 15:00:00,78.140,78.240,78.010,78.130,745800
2026-02-11 10:00:00,78.000,78.250,77.680,77.890,1541800
2026-02-11 10:30:00,77.890,78.030,77.700,77.950,673203
2026-02-11 11:00:00,77.950,78.030,77.880,77.920,360700
2026-02-11 11:30:00,77.920,77.980,77.660,77.840,515554
2026-02-11 13:30:00,77.840,77.980,77.670,77.720,433200
2026-02-11 14:00:00,77.710,77.860,77.670,77.810,339300
2026-02-11 14:30:00,77.810,77.810,77.680,77.690,327100
2026-02-11 15:00:00,77.680,77.700,77.500,77.520,986600
2026-02-12 10:00:00,77.300,77.510,76.800,77.030,1490805
2026-02-12 10:30:00,77.070,77.220,76.830,76.860,639600
2026-02-12 11:00:00,76.870,76.950,76.750,76.870,652600
2026-02-12 11:30:00,76.900,77.450,76.870,77.180,693559
2026-02-12 13:30:00,77.160,77.250,76.880,76.930,502157
2026-02-12 14:00:00,76.930,77.170,76.850,77.000,449173
2026-02-12 14:30:00,77.000,77.070,76.820,76.850,611900
2026-02-12 15:00:00,76.870,76.870,76.610,76.620,1375308
2026-02-13 10:00:00,76.960,78.060,76.960,77.910,2723504
2026-02-13 10:30:00,77.920,78.980,77.820,78.560,3157352
2026-02-13 11:00:00,78.550,80.400,78.460,79.510,3454056
2026-02-13 11:30:00,79.520,80.500,79.370,79.470,2573136
2026-02-13 13:30:00,79.470,79.640,79.000,79.000,780400
2026-02-13 14:00:00,79.000,80.250,78.920,80.200,1370616
2026-02-13 14:30:00,80.230,80.280,79.740,79.820,1401400
2026-02-13 15:00:00,79.820,79.980,79.460,79.460,1996825
2026-02-24 10:00:00,79.360,81.600,78.490,80.970,5969822
2026-02-24 10:30:00,80.900,81.120,80.400,80.660,1923651
2026-02-24 11:00:00,80.650,80.690,80.220,80.490,919038
2026-02-24 11:30:00,80.500,81.080,80.500,80.790,840500
2026-02-24 13:30:00,80.780,81.040,80.550,80.940,783100
2026-02-24 14:00:00,80.940,81.290,80.900,81.010,1293711
2026-02-24 14:30:00,81.050,81.050,80.750,80.820,566801
2026-02-24 15:00:00,80.820,81.100,80.700,81.080,2166828
2026-02-25 10:00:00,80.270,80.900,79.460,79.530,3887479
2026-02-25 10:30:00,79.530,80.100,79.470,79.860,1320568
2026-02-25 11:00:00,79.870,80.280,79.810,80.130,705600
2026-02-25 11:30:00,80.130,80.200,79.880,80.090,627300
2026-02-25 13:30:00,80.090,80.350,80.020,80.310,840500
2026-02-25 14:00:00,80.320,80.330,80.010,80.080,769900
2026-02-25 14:30:00,80.090,80.110,79.880,79.900,874343
2026-02-25 15:00:00,79.890,80.250,79.880,80.220,1002800
2026-02-26 10:00:00,79.800,80.090,79.180,79.420,2116945
2026-02-26 10:30:00,79.500,79.810,79.420,79.420,933500
2026-02-26 11:00:00,79.420,79.630,79.300,79.530,785113
2026-02-26 11:30:00,79.550,80.490,79.470,80.450,1571500
2026-02-26 13:30:00,80.450,80.480,79.780,80.050,929100
2026-02-26 14:00:00,80.170,80.220,79.830,79.830,514703
2026-02-26 14:30:00,79.830,79.980,79.790,79.910,465100
2026-02-26 15:00:00,79.920,80.050,79.900,79.940,811543
2026-02-27 10:00:00,79.710,80.310,78.880,79.890,2254005
2026-02-27 10:30:00,79.920,79.980,79.360,79.490,992980
2026-02-27 11:00:00,79.490,80.040,79.400,79.640,890498
2026-02-27 11:30:00,79.640,79.850,79.390,79.450,537600
2026-02-27 13:30:00,79.430,80.080,79.150,79.530,999724
2026-02-27 14:00:00,79.530,79.630,79.250,79.290,720200
2026-02-27 14:30:00,79.280,79.470,79.190,79.430,576994
2026-02-27 15:00:00,79.440,79.580,79.250,79.560,993983
2026-03-02 10:00:00,81.600,83.210,80.300,83.110,14237902
2026-03-02 10:30:00,83.120,83.150,82.170,82.170,4057960
2026-03-02 11:00:00,82.180,82.190,81.500,81.660,1666488
2026-03-02 11:30:00,81.660,82.010,81.060,82.010,1464007
2026-03-02 13:30:00,82.000,82.350,81.610,81.930,1049691
2026-03-02 14:00:00,81.940,82.120,81.800,82.030,869021
2026-03-02 14:30:00,82.020,82.790,81.870,82.780,1649979
2026-03-02 15:00:00,82.780,83.180,82.770,82.910,4710228
2026-03-03 10:00:00,82.000,82.000,79.340,79.960,8487114
2026-03-03 10:30:00,79.960,80.080,79.180,79.730,2059407
2026-03-03 11:00:00,79.730,79.760,79.260,79.650,1082709
2026-03-03 11:30:00,79.650,79.750,79.320,79.440,666300
2026-03-03 13:30:00,79.410,80.090,79.340,79.370,916200
2026-03-03 14:00:00,79.380,79.680,79.230,79.260,869900
2026-03-03 14:30:00,79.260,79.260,78.440,78.840,1931618
2026-03-03 15:00:00,78.840,78.870,78.180,78.220,1711721
2026-03-04 10:00:00,76.860,78.380,76.370,77.780,3215300
2026-03-04 10:30:00,77.780,79.580,77.760,79.580,1759355
2026-03-04 11:00:00,79.580,79.580,78.970,79.130,1976732
2026-03-04 11:30:00,79.100,79.140,78.500,78.580,770100
2026-03-04 13:30:00,78.530,78.680,78.190,78.220,691663
2026-03-04 14:00:00,78.210,78.680,78.060,78.330,587397
2026-03-04 14:30:00,78.330,78.950,77.930,78.840,827975
2026-03-04 15:00:00,78.840,79.270,78.700,78.940,1250138
2026-03-05 10:00:00,77.980,78.840,76.890,76.910,4712100
2026-03-05 10:30:00,76.920,77.280,76.710,76.910,1785800
2026-03-05 11:00:00,76.910,77.060,76.690,76.940,1075781
2026-03-05 11:30:00,76.940,76.950,76.690,76.700,945300
2026-03-05 13:30:00,76.690,76.760,76.530,76.590,1361899
2026-03-05 14:00:00,76.590,76.780,76.550,76.680,759403
2026-03-05 14:30:00,76.660,76.950,76.540,76.800,682200
2026-03-05 15:00:00,76.800,76.960,76.670,76.880,981500
2026-03-06 10:00:00,76.300,76.360,75.520,75.980,2464349
2026-03-06 10:30:00,75.980,76.760,75.900,76.550,1284401
2026-03-06 11:00:00,76.550,77.110,76.520,76.900,1048193
2026-03-06 11:30:00,76.930,77.040,76.740,76.830,379803
2026-03-06 13:30:00,76.820,76.880,76.180,76.200,840566
2026-03-06 14:00:00,76.200,76.590,76.200,76.380,425607
2026-03-06 14:30:00,76.370,76.620,76.370,76.480,495200
2026-03-06 15:00:00,76.480,76.580,76.390,76.410,957335
2026-03-09 10:00:00,75.900,76.410,74.220,74.260,3636403
2026-03-09 10:30:00,74.260,74.390,73.990,74.120,1612987
2026-03-09 11:00:00,74.120,74.470,74.100,74.400,594703
2026-03-09 11:30:00,74.400,74.470,74.100,74.120,545600
2026-03-09 13:30:00,74.160,74.380,74.100,74.270,472300
2026-03-09 14:00:00,74.260,74.350,74.080,74.240,783000
2026-03-09 14:30:00,74.240,74.430,74.230,74.320,719499
2026-03-09 15:00:00,74.320,74.320,74.000,74.070,1865667
2026-03-10 10:00:00,74.080,75.160,74.080,74.920,2324685
2026-03-10 10:30:00,74.910,75.050,74.600,74.610,985073
2026-03-10 11:00:00,74.630,74.870,74.580,74.710,460288
2026-03-10 11:30:00,74.710,74.840,74.640,74.770,309300
2026-03-10 13:30:00,74.760,74.770,74.540,74.630,564301
2026-03-10 14:00:00,74.630,74.670,74.560,74.600,399000
2026-03-10 14:30:00,74.590,74.800,74.580,74.720,412788
2026-03-10 15:00:00,74.720,74.990,74.710,74.880,914776
2026-03-11 10:00:00,75.130,75.130,74.200,74.300,1812523
2026-03-11 10:30:00,74.300,74.370,74.200,74.280,863600
2026-03-11 11:00:00,74.280,75.000,74.270,74.870,1008462
2026-03-11 11:30:00,74.850,74.870,74.540,74.560,526819
2026-03-11 13:30:00,74.600,74.690,74.450,74.450,429300
2026-03-11 14:00:00,74.440,74.510,74.280,74.310,538700
2026-03-11 14:30:00,74.320,74.580,74.310,74.480,367601
2026-03-11 15:00:00,74.470,74.550,74.320,74.410,647299
2026-03-12 10:00:00,74.990,74.990,74.100,74.120,1340896
2026-03-12 10:30:00,74.120,74.660,74.100,74.490,627656
2026-03-12 11:00:00,74.490,74.510,74.250,74.390,556900
2026-03-12 11:30:00,74.360,74.510,74.300,74.400,557200
2026-03-12 13:30:00,74.410,74.430,74.110,74.270,680500
2026-03-12 14:00:00,74.270,74.360,74.180,74.220,442939
2026-03-12 14:30:00,74.220,74.320,74.210,74.270,397000
2026-03-12 15:00:00,74.270,74.370,74.260,74.280,749100
2026-03-13 10:00:00,74.260,74.270,73.460,73.620,1678600
2026-03-13 10:30:00,73.630,74.040,73.590,73.690,831941
2026-03-13 11:00:00,73.690,73.880,73.650,73.780,355700
2026-03-13 11:30:00,73.780,74.170,73.520,73.600,592000
2026-03-13 13:30:00,73.600,73.630,73.470,73.510,565437
2026-03-13 14:00:00,73.500,73.620,73.460,73.480,496900
2026-03-13 14:30:00,73.480,73.500,73.240,73.260,1080100
2026-03-13 15:00:00,73.260,73.280,72.830,72.880,1745973
2026-03-16 10:00:00,72.880,73.460,72.820,73.140,1388300
2026-03-16 10:30:00,73.150,73.150,72.330,72.410,847122
2026-03-16 11:00:00,72.410,72.490,72.280,72.400,658521
2026-03-16 11:30:00,72.400,72.790,72.400,72.660,505653
2026-03-16 13:30:00,72.660,73.030,72.650,72.950,484500
2026-03-16 14:00:00,72.960,72.970,72.740,72.780,249800
2026-03-16 14:30:00,72.790,72.970,72.730,72.930,223065
2026-03-16 15:00:00,72.940,73.170,72.930,73.170,528817
2026-03-17 10:00:00,73.170,73.200,72.800,72.970,959688
2026-03-17 10:30:00,72.970,73.480,72.960,73.240,746900
2026-03-17 11:00:00,73.240,73.430,73.190,73.240,345400
2026-03-17 11:30:00,73.240,73.280,73.000,73.110,339200
2026-03-17 13:30:00,73.110,73.260,73.090,73.220,251300
2026-03-17 14:00:00,73.220,73.810,73.160,73.810,830565
2026-03-17 14:30:00,73.810,73.840,73.260,73.260,795873
2026-03-17 15:00:00,73.300,73.580,73.160,73.190,802580
2026-03-18 10:00:00,73.000,73.150,72.200,72.210,1241188
2026-03-18 10:30:00,72.200,72.300,71.860,72.040,1069000
2026-03-18 11:00:00,72.040,72.670,72.010,72.190,449300
2026-03-18 11:30:00,72.200,72.580,72.080,72.480,350000
2026-03-18 13:30:00,72.500,72.610,72.080,72.150,385132
2026-03-18 14:00:00,72.150,72.280,72.070,72.100,433668
2026-03-18 14:30:00,72.090,72.390,72.090,72.380,482100
2026-03-18 15:00:00,72.380,72.450,71.970,72.250,1179022
2026-03-19 10:00:00,71.600,71.620,70.710,70.760,2144892
2026-03-19 10:30:00,70.760,70.790,69.880,70.340,1934263
2026-03-19 11:00:00,70.300,70.500,70.200,70.310,449062
2026-03-19 11:30:00,70.310,70.470,69.990,70.140,458300
2026-03-19 13:30:00,70.150,70.200,69.960,70.060,501200
2026-03-19 14:00:00,70.060,70.180,69.900,70.080,581815
2026-03-19 14:30:00,70.080,70.170,70.010,70.020,339800
2026-03-19 15:00:00,70.020,70.060,69.870,69.940,1255387
2026-03-20 10:00:00,69.930,70.210,69.300,69.600,1409876
2026-03-20 10:30:00,69.620,69.690,68.600,68.890,1365400
2026-03-20 11:00:00,68.890,68.900,68.290,68.510,972500
2026-03-20 11:30:00,68.520,69.140,68.370,69.030,438400
2026-03-20 13:30:00,69.030,69.220,68.710,68.880,377134
2026-03-20 14:00:00,68.880,68.900,68.410,68.550,337700
2026-03-20 14:30:00,68.550,68.640,68.020,68.090,695900
2026-03-20 15:00:00,68.090,68.200,67.880,67.880,1400739
2026-03-23 10:00:00,66.660,67.000,64.810,66.340,2846585
2026-03-23 10:30:00,66.340,67.200,66.000,67.050,820669
2026-03-23 11:00:00,67.010,68.180,66.510,68.150,1062124
2026-03-23 11:30:00,68.150,69.870,68.020,68.410,1831836
2026-03-23 13:30:00,68.400,68.460,67.310,67.330,520873
2026-03-23 14:00:00,67.330,67.900,67.010,67.550,545395
2026-03-23 14:30:00,67.510,67.650,66.820,67.500,705344
2026-03-23 15:00:00,67.500,67.570,66.580,66.710,804621
2026-03-24 10:00:00,67.690,67.880,66.010,66.910,2426984
2026-03-24 10:30:00,66.920,67.690,66.850,67.160,1241222
2026-03-24 11:00:00,67.150,67.150,66.510,66.610,809978
2026-03-24 11:30:00,66.610,66.850,66.400,66.790,499200
2026-03-24 13:30:00,66.790,66.840,66.440,66.440,373000
2026-03-24 14:00:00,66.440,66.760,66.430,66.510,204000
2026-03-24 14:30:00,66.520,67.090,66.510,66.980,501600
2026-03-24 15:00:00,66.990,67.180,66.980,67.110,927088
2026-03-25 10:00:00,66.730,68.150,66.730,67.790,1974765
2026-03-25 10:30:00,67.770,68.040,67.710,67.890,790700
2026-03-25 11:00:00,67.890,68.080,67.710,67.940,591907
2026-03-25 11:30:00,67.940,68.200,67.870,67.900,469500
2026-03-25 13:30:00,67.930,68.000,67.870,67.960,247480
2026-03-25 14:00:00,67.930,68.450,67.910,68.370,671686
2026-03-25 14:30:00,68.370,70.380,68.130,69.780,2828997
2026-03-25 15:00:00,69.770,69.970,69.620,69.900,1206382
2026-03-26 10:00:00,69.280,69.310,68.400,68.630,2069007
2026-03-26 10:30:00,68.600,68.670,68.210,68.240,1019800
2026-03-26 11:00:00,68.250,68.330,68.100,68.160,431800
2026-03-26 11:30:00,68.190,68.360,68.160,68.320,236300
2026-03-26 13:30:00,68.330,68.390,67.530,67.880,738400
2026-03-26 14:00:00,67.780,67.870,67.590,67.610,348700
2026-03-26 14:30:00,67.610,67.960,67.590,67.600,394800
2026-03-26 15:00:00,67.590,67.750,67.500,67.500,635600
2026-03-27 10:00:00,66.890,68.270,66.770,67.810,1338974
2026-03-27 10:30:00,67.810,68.140,67.790,68.020,414228
2026-03-27 11:00:00,68.040,68.080,67.840,67.880,336103
2026-03-27 11:30:00,67.890,68.090,67.890,68.080,175300
2026-03-27 13:30:00,68.060,68.270,68.060,68.230,400600
2026-03-27 14:00:00,68.220,68.580,68.100,68.110,405800
2026-03-27 14:30:00,68.110,68.300,68.050,68.250,251500
2026-03-27 15:00:00,68.270,68.390,68.200,68.220,677873
2026-03-30 10:00:00,67.200,68.490,67.080,67.180,1412500
2026-03-30 10:30:00,67.180,67.800,67.130,67.660,484900
2026-03-30 11:00:00,67.660,67.780,67.410,67.580,311200
2026-03-30 11:30:00,67.580,68.000,67.580,67.860,265192
2026-03-30 13:30:00,67.880,67.970,67.600,67.630,260600
2026-03-30 14:00:00,67.640,67.810,67.500,67.810,315716
2026-03-30 14:30:00,67.820,67.880,67.660,67.750,226100
2026-03-30 15:00:00,67.750,67.810,67.710,67.770,476502
2026-03-31 10:00:00,67.900,68.990,67.900,68.770,1698150
2026-03-31 10:30:00,68.770,68.930,68.560,68.560,670151
2026-03-31 11:00:00,68.570,68.580,68.210,68.210,613100
2026-03-31 11:30:00,68.210,68.230,67.910,68.010,490000
2026-03-31 13:30:00,67.960,68.230,67.960,68.100,243099
2026-03-31 14:00:00,68.100,68.150,67.880,67.900,390500
2026-03-31 14:30:00,67.900,67.900,67.360,67.390,434900
2026-03-31 15:00:00,67.390,67.430,67.000,67.050,704484
2026-04-01 10:00:00,67.620,67.950,67.060,67.060,1345700
2026-04-01 10:30:00,67.080,67.280,67.000,67.000,726700
2026-04-01 11:00:00,67.000,67.360,66.900,67.210,362099
2026-04-01 11:30:00,67.220,67.260,67.030,67.120,282800
2026-04-01 13:30:00,67.120,67.420,66.970,67.350,378065
2026-04-01 14:00:00,67.360,67.420,67.020,67.050,295700
2026-04-01 14:30:00,67.050,67.220,67.030,67.210,326261
2026-04-01 15:00:00,67.210,67.490,67.090,67.460,684302
2026-04-02 10:00:00,67.170,67.700,66.880,67.530,792800
2026-04-02 10:30:00,67.460,67.500,66.920,67.000,569600
2026-04-02 11:00:00,66.960,67.250,66.910,67.100,248156
2026-04-02 11:30:00,67.090,67.370,66.920,67.350,221900
2026-04-02 13:30:00,67.340,67.540,66.950,66.990,350900
2026-04-02 14:00:00,66.990,67.050,66.750,66.800,348400
2026-04-02 14:30:00,66.790,66.940,66.660,66.780,298200
2026-04-02 15:00:00,66.780,66.850,66.520,66.530,497200
