date,open,high,low,close,volume
2025-03-28 11:00:00,8.430,8.450,8.420,8.430,6103100
2025-03-28 11:30:00,8.430,8.440,8.400,8.420,7662600
2025-03-28 13:30:00,8.410,8.450,8.410,8.410,3483400
2025-03-28 14:00:00,8.410,8.490,8.410,8.460,10409297
2025-03-28 14:30:00,8.460,8.480,8.440,8.450,3649100
2025-03-28 15:00:00,8.440,8.450,8.430,8.450,5849068
2025-03-31 10:00:00,8.420,8.430,8.300,8.340,22962110
2025-03-31 10:30:00,8.340,8.390,8.330,8.330,7512000
2025-03-31 11:00:00,8.330,8.330,8.280,8.300,9139700
2025-03-31 11:30:00,8.290,8.310,8.260,8.270,9603364
2025-03-31 13:30:00,8.260,8.280,8.250,8.250,6935500
2025-03-31 14:00:00,8.260,8.270,8.240,8.240,5272100
2025-03-31 14:30:00,8.240,8.290,8.230,8.270,7031156
2025-03-31 15:00:00,8.280,8.290,8.260,8.260,6835110
2025-04-01 10:00:00,8.280,8.300,8.240,8.280,21134800
2025-04-01 10:30:00,8.290,8.290,8.240,8.260,13880100
2025-04-01 11:00:00,8.260,8.270,8.240,8.250,5647600
2025-04-01 11:30:00,8.260,8.280,8.250,8.270,5553500
2025-04-01 13:30:00,8.280,8.290,8.230,8.230,6960100
2025-04-01 14:00:00,8.240,8.240,8.210,8.230,5834500
2025-04-01 14:30:00,8.230,8.250,8.220,8.250,4675100
2025-04-01 15:00:00,8.240,8.260,8.240,8.240,5777664
2025-04-02 10:00:00,8.230,8.240,8.200,8.240,8657000
2025-04-02 10:30:00,8.230,8.240,8.200,8.230,10008410
2025-04-02 11:00:00,8.230,8.240,8.200,8.220,12033000
2025-04-02 11:30:00,8.220,8.250,8.210,8.250,7665300
2025-04-02 13:30:00,8.250,8.250,8.220,8.230,4735828
2025-04-02 14:00:00,8.220,8.270,8.220,8.260,9881070
2025-04-02 14:30:00,8.260,8.270,8.250,8.260,3411350
2025-04-02 15:00:00,8.260,8.310,8.240,8.290,14816057
2025-04-03 10:00:00,8.240,8.560,8.230,8.500,83828944
2025-04-03 10:30:00,8.500,8.530,8.430,8.470,15489900
2025-04-03 11:00:00,8.460,8.470,8.420,8.450,6885600
2025-04-03 11:30:00,8.450,8.450,8.410,8.420,5566300
2025-04-03 13:30:00,8.420,8.440,8.400,8.430,5175900
2025-04-03 14:00:00,8.420,8.440,8.400,8.430,4504300
2025-04-03 14:30:00,8.440,8.450,8.390,8.400,8185300
2025-04-03 15:00:00,8.400,8.400,8.380,8.390,8418831
2025-04-07 10:00:00,8.140,8.200,7.760,7.940,69006600
2025-04-07 10:30:00,7.930,8.040,7.880,7.990,22421800
2025-04-07 11:00:00,7.990,8.070,7.940,8.040,13762118
2025-04-07 11:30:00,8.040,8.040,7.970,7.970,8726300
2025-04-07 13:30:00,7.980,8.000,7.920,7.990,16017500
2025-04-07 14:00:00,7.980,8.000,7.890,7.910,16504836
2025-04-07 14:30:00,7.910,7.910,7.700,7.800,22536990
2025-04-07 15:00:00,7.790,8.020,7.770,7.930,24689584
2025-04-08 10:00:00,7.940,8.120,7.930,8.110,49777439
2025-04-08 10:30:00,8.100,8.190,8.080,8.150,25606199
2025-04-08 11:00:00,8.150,8.240,8.130,8.220,23013500
2025-04-08 11:30:00,8.220,8.310,8.210,8.290,21615700
2025-04-08 13:30:00,8.280,8.350,8.270,8.270,27170040
2025-04-08 14:00:00,8.270,8.390,8.270,8.380,26511657
2025-04-08 14:30:00,8.380,8.430,8.350,8.420,29718100
2025-04-08 15:00:00,8.420,8.550,8.400,8.500,40458802
2025-04-09 10:00:00,8.460,8.650,8.370,8.420,57378999
2025-04-09 10:30:00,8.410,8.590,8.400,8.540,23826200
2025-04-09 11:00:00,8.530,8.780,8.520,8.760,33545200
2025-04-09 11:30:00,8.760,8.830,8.680,8.790,35884104
2025-04-09 13:30:00,8.780,8.820,8.700,8.730,23861200
2025-04-09 14:00:00,8.730,8.800,8.720,8.780,18033051
2025-04-09 14:30:00,8.780,8.820,8.770,8.810,21963396
2025-04-09 15:00:00,8.810,8.920,8.740,8.920,41590011
2025-04-10 10:00:00,8.800,8.880,8.600,8.800,55135628
2025-04-10 10:30:00,8.810,8.870,8.770,8.830,16246100
2025-04-10 11:00:00,8.830,8.870,8.790,8.800,14064851
2025-04-10 11:30:00,8.800,8.820,8.760,8.820,11757314
2025-04-10 13:30:00,8.810,8.930,8.780,8.930,27272804
2025-04-10 14:00:00,8.920,8.970,8.870,8.880,19507700
2025-04-10 14:30:00,8.890,8.900,8.830,8.850,13489900
2025-04-10 15:00:00,8.860,8.980,8.840,8.980,24070833
2025-04-11 10:00:00,8.880,8.880,8.750,8.760,30582000
2025-04-11 10:30:00,8.750,8.780,8.700,8.740,17082708
2025-04-11 11:00:00,8.740,8.760,8.670,8.680,12134100
2025-04-11 11:30:00,8.670,8.720,8.670,8.710,9108460
2025-04-11 13:30:00,8.710,8.760,8.680,8.740,13361249
2025-04-11 14:00:00,8.730,8.750,8.710,8.720,8423200
2025-04-11 14:30:00,8.720,8.760,8.700,8.710,7462951
2025-04-11 15:00:00,8.700,8.730,8.680,8.730,20333624
2025-04-14 10:00:00,8.630,8.730,8.610,8.680,23561900
2025-04-14 10:30:00,8.680,8.710,8.620,8.630,11126700
2025-04-14 11:00:00,8.630,8.710,8.630,8.700,7564200
2025-04-14 11:30:00,8.690,8.710,8.670,8.680,5067243
2025-04-14 13:30:00,8.680,8.690,8.630,8.640,6270157
2025-04-14 14:00:00,8.640,8.660,8.630,8.660,4227100
2025-04-14 14:30:00,8.650,8.680,8.640,8.650,4569800
2025-04-14 15:00:00,8.650,8.680,8.650,8.670,7676301
2025-04-15 10:00:00,8.640,8.670,8.570,8.610,16372700
2025-04-15 10:30:00,8.610,8.640,8.590,8.610,6048400
2025-04-15 11:00:00,8.620,8.620,8.580,8.580,4568600
2025-04-15 11:30:00,8.580,8.630,8.580,8.620,6754701
2025-04-15 13:30:00,8.620,8.630,8.550,8.570,8260400
2025-04-15 14:00:00,8.570,8.590,8.560,8.570,3328300
2025-04-15 14:30:00,8.570,8.610,8.560,8.600,5348000
2025-04-15 15:00:00,8.600,8.660,8.590,8.660,13013410
2025-04-16 10:00:00,8.650,8.780,8.630,8.700,23450206
2025-04-16 10:30:00,8.700,8.710,8.650,8.660,6181900
2025-04-16 11:00:00,8.650,8.700,8.630,8.700,3921495
2025-04-16 11:30:00,8.690,8.770,8.670,8.740,21049810
2025-04-16 13:30:00,8.730,8.820,8.710,8.750,25555700
2025-04-16 14:00:00,8.750,8.790,8.720,8.730,9203238
2025-04-16 14:30:00,8.730,8.750,8.710,8.730,7520800
2025-04-16 15:00:00,8.720,8.830,8.680,8.830,33947918
2025-04-17 10:00:00,8.800,9.160,8.760,9.140,106910714
2025-04-17 10:30:00,9.140,9.320,9.130,9.280,71874108
2025-04-17 11:00:00,9.290,9.290,9.160,9.200,18795700
2025-04-17 11:30:00,9.190,9.210,9.160,9.200,8657600
2025-04-17 13:30:00,9.190,9.200,9.070,9.090,13957400
2025-04-17 14:00:00,9.080,9.090,9.040,9.040,11127000
2025-04-17 14:30:00,9.040,9.140,9.020,9.060,9180029
2025-04-17 15:00:00,9.060,9.200,9.010,9.200,35057015
2025-04-18 10:00:00,9.100,9.150,9.020,9.140,26265400
2025-04-18 10:30:00,9.150,9.160,9.100,9.130,11020500
2025-04-18 11:00:00,9.130,9.180,9.130,9.160,8889900
2025-04-18 11:30:00,9.160,9.170,9.130,9.160,5608400
2025-04-18 13:30:00,9.150,9.170,9.110,9.160,7589200
2025-04-18 14:00:00,9.160,9.210,9.120,9.210,9835500
2025-04-18 14:30:00,9.210,9.240,9.150,9.190,16736904
2025-04-18 15:00:00,9.190,9.220,9.140,9.200,24946052
2025-04-21 10:00:00,9.140,9.150,9.050,9.090,29776449
2025-04-21 10:30:00,9.100,9.120,9.050,9.090,11609300
2025-04-21 11:00:00,9.090,9.100,9.060,9.090,5448702
2025-04-21 11:30:00,9.090,9.100,9.070,9.090,3429600
2025-04-21 13:30:00,9.080,9.090,9.040,9.080,8014698
2025-04-21 14:00:00,9.080,9.090,9.050,9.060,5529800
2025-04-21 14:30:00,9.060,9.080,9.050,9.070,6998056
2025-04-21 15:00:00,9.070,9.080,9.050,9.060,9853600
2025-04-22 10:00:00,9.050,9.080,8.970,9.040,14954200
2025-04-22 10:30:00,9.040,9.100,9.000,9.060,12608300
2025-04-22 11:00:00,9.070,9.080,9.020,9.040,5251800
2025-04-22 11:30:00,9.040,9.090,9.030,9.040,5493200
2025-04-22 13:30:00,9.030,9.070,9.030,9.060,6764468
2025-04-22 14:00:00,9.060,9.070,9.030,9.040,5516500
2025-04-22 14:30:00,9.040,9.060,9.020,9.050,5701800
2025-04-22 15:00:00,9.040,9.050,9.010,9.010,8894268
2025-04-23 10:00:00,9.000,9.030,8.920,8.980,23067400
2025-04-23 10:30:00,8.980,9.010,8.940,8.980,11369100
2025-04-23 11:00:00,8.980,9.000,8.950,8.970,5582660
2025-04-23 11:30:00,8.980,9.000,8.950,8.960,5897349
2025-04-23 13:30:00,8.960,8.970,8.860,8.870,21589851
2025-04-23 14:00:00,8.870,8.900,8.830,8.850,11830800
2025-04-23 14:30:00,8.840,8.880,8.810,8.860,9463572
2025-04-23 15:00:00,8.850,8.860,8.830,8.840,8191113
2025-04-24 10:00:00,8.830,8.980,8.810,8.880,27440984
2025-04-24 10:30:00,8.880,8.880,8.840,8.850,8873600
2025-04-24 11:00:00,8.850,8.850,8.770,8.790,9551800
2025-04-24 11:30:00,8.780,8.800,8.750,8.800,6609550
2025-04-24 13:30:00,8.800,8.910,8.780,8.860,13124300
2025-04-24 14:00:00,8.850,8.910,8.850,8.880,6378710
2025-04-24 14:30:00,8.880,8.880,8.850,8.870,2979094
2025-04-24 15:00:00,8.880,8.890,8.860,8.860,7299134
2025-04-25 10:00:00,8.880,8.960,8.830,8.940,28505382
2025-04-25 10:30:00,8.940,9.140,8.930,9.100,44149175
2025-04-25 11:00:00,9.100,9.100,9.010,9.040,12401295
2025-04-25 11:30:00,9.020,9.050,9.000,9.030,6966510
2025-04-25 13:30:00,9.020,9.070,8.960,8.960,10662700
2025-04-25 14:00:00,8.960,9.000,8.800,8.800,17939500
2025-04-25 14:30:00,8.800,8.820,8.710,8.730,40536230
2025-04-25 15:00:00,8.720,8.760,8.680,8.760,33176675
2025-04-28 10:00:00,8.610,8.650,8.380,8.400,72115902
2025-04-28 10:30:00,8.400,8.420,8.350,8.360,25289200
2025-04-28 11:00:00,8.360,8.380,8.310,8.340,32684594
2025-04-28 11:30:00,8.340,8.360,8.320,8.330,10330800
2025-04-28 13:30:00,8.330,8.340,8.300,8.320,12852562
2025-04-28 14:00:00,8.320,8.330,8.300,8.300,9344300
2025-04-28 14:30:00,8.300,8.310,8.280,8.290,12231538
2025-04-28 15:00:00,8.290,8.320,8.280,8.310,12996114
2025-04-29 10:00:00,8.350,8.410,8.320,8.330,18193410
2025-04-29 10:30:00,8.330,8.350,8.310,8.320,8540490
2025-04-29 11:00:00,8.330,8.340,8.320,8.320,5230800
2025-04-29 11:30:00,8.330,8.360,8.310,8.350,6253828
2025-04-29 13:30:00,8.350,8.360,8.330,8.340,3746800
2025-04-29 14:00:00,8.330,8.350,8.330,8.340,4965600
2025-04-29 14:30:00,8.340,8.360,8.330,8.340,6095400
2025-04-29 15:00:00,8.330,8.350,8.330,8.330,10046128
2025-04-30 10:00:00,8.310,8.400,8.290,8.370,17254800
2025-04-30 10:30:00,8.380,8.490,8.350,8.470,16383429
2025-04-30 11:00:00,8.460,8.500,8.440,8.460,13365502
2025-04-30 11:30:00,8.460,8.460,8.430,8.460,6350700
2025-04-30 13:30:00,8.450,8.460,8.380,8.400,9359500
2025-04-30 14:00:00,8.400,8.410,8.370,8.390,6781400
2025-04-30 14:30:00,8.390,8.400,8.380,8.390,6087800
2025-04-30 15:00:00,8.390,8.400,8.370,8.370,11407734
2025-05-06 10:00:00,8.380,8.410,8.340,8.410,18667228
2025-05-06 10:30:00,8.410,8.410,8.340,8.370,17757000
2025-05-06 11:00:00,8.370,8.370,8.350,8.360,11497800
2025-05-06 11:30:00,8.350,8.390,8.350,8.380,9723218
2025-05-06 13:30:00,8.380,8.390,8.340,8.370,14556900
2025-05-06 14:00:00,8.370,8.370,8.340,8.340,9065582
2025-05-06 14:30:00,8.340,8.360,8.340,8.350,9585702
2025-05-06 15:00:00,8.340,8.370,8.340,8.350,17576339
2025-05-07 10:00:00,8.650,8.710,8.450,8.510,82335914
2025-05-07 10:30:00,8.510,8.510,8.430,8.460,18276700
2025-05-07 11:00:00,8.460,8.490,8.430,8.460,11569200
2025-05-07 11:30:00,8.460,8.510,8.440,8.500,9290160
2025-05-07 13:30:00,8.490,8.510,8.440,8.460,6768100
2025-05-07 14:00:00,8.450,8.480,8.450,8.450,6171400
2025-05-07 14:30:00,8.450,8.490,8.440,8.490,10130233
2025-05-07 15:00:00,8.480,8.500,8.450,8.500,15535321
2025-05-08 10:00:00,8.440,8.490,8.430,8.470,17192916
2025-05-08 10:30:00,8.470,8.480,8.430,8.480,10873800
2025-05-08 11:00:00,8.470,8.480,8.430,8.450,9225800
2025-05-08 11:30:00,8.450,8.480,8.440,8.460,4494618
2025-05-08 13:30:00,8.450,8.470,8.440,8.440,5950200
2025-05-08 14:00:00,8.440,8.450,8.430,8.440,6043000
2025-05-08 14:30:00,8.450,8.460,8.440,8.450,6474400
2025-05-08 15:00:00,8.450,8.460,8.430,8.440,14590784
2025-05-09 10:00:00,8.450,8.460,8.320,8.350,28912500
2025-05-09 10:30:00,8.350,8.360,8.300,8.310,17432700
2025-05-09 11:00:00,8.310,8.320,8.280,8.290,10326100
2025-05-09 11:30:00,8.300,8.300,8.280,8.300,5371700
2025-05-09 13:30:00,8.300,8.300,8.260,8.280,12898000
2025-05-09 14:00:00,8.280,8.280,8.230,8.270,15171100
2025-05-09 14:30:00,8.270,8.270,8.220,8.230,15644200
2025-05-09 15:00:00,8.240,8.270,8.230,8.250,10947700
2025-05-12 10:00:00,8.270,8.300,8.240,8.260,18820700
2025-05-12 10:30:00,8.260,8.280,8.250,8.280,14171600
2025-05-12 11:00:00,8.280,8.280,8.260,8.260,4082830
2025-05-12 11:30:00,8.270,8.270,8.250,8.260,5318862
2025-05-12 13:30:00,8.260,8.270,8.250,8.270,6085669
2025-05-12 14:00:00,8.270,8.280,8.250,8.280,6925000
2025-05-12 14:30:00,8.270,8.310,8.270,8.310,14068985
2025-05-12 15:00:00,8.300,8.310,8.280,8.300,10380089
2025-05-13 10:00:00,8.330,8.360,8.280,8.340,21690900
2025-05-13 10:30:00,8.330,8.340,8.290,8.300,8230500
2025-05-13 11:00:00,8.300,8.320,8.290,8.300,5317800
2025-05-13 11:30:00,8.310,8.310,8.280,8.280,7454700
2025-05-13 13:30:00,8.280,8.310,8.280,8.300,4005400
2025-05-13 14:00:00,8.300,8.310,8.290,8.300,2571500
2025-05-13 14:30:00,8.300,8.320,8.300,8.310,3715600
2025-05-13 15:00:00,8.300,8.310,8.290,8.300,8738200
2025-05-14 10:00:00,8.290,8.300,8.220,8.250,20788201
2025-05-14 10:30:00,8.250,8.260,8.240,8.250,5359900
2025-05-14 11:00:00,8.250,8.250,8.220,8.220,8464600
2025-05-14 11:30:00,8.220,8.260,8.220,8.250,6913561
2025-05-14 13:30:00,8.250,8.320,8.240,8.310,11853294
2025-05-14 14:00:00,8.310,8.420,8.290,8.360,27274900
2025-05-14 14:30:00,8.360,8.370,8.330,8.340,8769126
2025-05-14 15:00:00,8.330,8.360,8.330,8.350,11920761
2025-05-15 10:00:00,8.310,8.380,8.310,8.340,16784200
2025-05-15 10:30:00,8.340,8.340,8.310,8.320,6005200
2025-05-15 11:00:00,8.330,8.340,8.300,8.300,5154765
2025-05-15 11:30:00,8.300,8.310,8.280,8.290,6306200
2025-05-15 13:30:00,8.290,8.300,8.250,8.260,9105600
2025-05-15 14:00:00,8.260,8.270,8.250,8.250,7558400
2025-05-15 14:30:00,8.250,8.280,8.250,8.260,7115300
2025-05-15 15:00:00,8.260,8.270,8.240,8.250,13165282
2025-05-16 10:00:00,8.260,8.290,8.200,8.220,18667000
2025-05-16 10:30:00,8.210,8.220,8.190,8.190,11910300
2025-05-16 11:00:00,8.200,8.220,8.190,8.200,4656294
2025-05-16 11:30:00,8.210,8.210,8.200,8.210,2588200
2025-05-16 13:30:00,8.210,8.230,8.190,8.200,7583092
2025-05-16 14:00:00,8.200,8.220,8.200,8.210,4199426
2025-05-16 14:30:00,8.200,8.230,8.190,8.210,9615482
2025-05-16 15:00:00,8.210,8.270,8.200,8.270,15438016
2025-05-19 10:00:00,8.260,8.290,8.210,8.290,17317165
2025-05-19 10:30:00,8.280,8.310,8.260,8.310,12627610
2025-05-19 11:00:00,8.310,8.310,8.280,8.300,5630300
2025-05-19 11:30:00,8.290,8.320,8.290,8.290,5973700
2025-05-19 13:30:00,8.290,8.300,8.270,8.290,6238518
2025-05-19 14:00:00,8.280,8.290,8.270,8.270,5594400
2025-05-19 14:30:00,8.280,8.290,8.270,8.280,3767900
2025-05-19 15:00:00,8.270,8.290,8.270,8.280,7740154
2025-05-20 10:00:00,8.280,8.290,8.240,8.250,10823100
2025-05-20 10:30:00,8.240,8.260,8.240,8.250,4936800
2025-05-20 11:00:00,8.240,8.270,8.240,8.260,4249500
2025-05-20 11:30:00,8.250,8.280,8.250,8.280,3609080
2025-05-20 13:30:00,8.270,8.290,8.270,8.270,6219136
2025-05-20 14:00:00,8.280,8.280,8.260,8.260,3048964
2025-05-20 14:30:00,8.260,8.270,8.250,8.260,6613600
2025-05-20 15:00:00,8.260,8.270,8.250,8.260,8451369
2025-05-21 10:00:00,8.260,8.270,8.220,8.250,9927874
2025-05-21 10:30:00,8.250,8.250,8.220,8.240,8099769
2025-05-21 11:00:00,8.240,8.250,8.210,8.220,9895000
2025-05-21 11:30:00,8.230,8.230,8.210,8.220,8512500
2025-05-21 13:30:00,8.220,8.220,8.200,8.210,10431000
2025-05-21 14:00:00,8.220,8.220,8.210,8.220,5288500
2025-05-21 14:30:00,8.220,8.230,8.210,8.210,4005100
2025-05-21 15:00:00,8.210,8.230,8.210,8.220,9133346
2025-05-22 10:00:00,8.210,8.220,8.170,8.220,14805300
2025-05-22 10:30:00,8.220,8.220,8.190,8.190,4929000
2025-05-22 11:00:00,8.190,8.200,8.170,8.170,8417300
2025-05-22 11:30:00,8.170,8.190,8.170,8.180,6783103
2025-05-22 13:30:00,8.190,8.190,8.170,8.180,5374900
2025-05-22 14:00:00,8.190,8.190,8.170,8.170,5064900
2025-05-22 14:30:00,8.180,8.190,8.160,8.170,6545897
2025-05-22 15:00:00,8.170,8.180,8.150,8.170,13501962
2025-05-23 10:00:00,8.160,8.210,8.150,8.210,12710502
2025-05-23 10:30:00,8.210,8.220,8.170,8.190,6564200
2025-05-23 11:00:00,8.190,8.200,8.170,8.200,2695604
2025-05-23 11:30:00,8.200,8.200,8.180,8.190,2655600
2025-05-23 13:30:00,8.190,8.190,8.160,8.180,6096200
2025-05-23 14:00:00,8.180,8.180,8.160,8.160,2654800
2025-05-23 14:30:00,8.160,8.170,8.120,8.120,14044800
2025-05-23 15:00:00,8.120,8.130,8.090,8.090,15833410
2025-05-26 10:00:00,8.070,8.120,8.060,8.100,9877300
2025-05-26 10:30:00,8.110,8.120,8.100,8.120,4331728
2025-05-26 11:00:00,8.120,8.120,8.060,8.060,11482800
2025-05-26 11:30:00,8.060,8.070,8.020,8.050,9059300
2025-05-26 13:30:00,8.050,8.060,8.030,8.050,7307651
2025-05-26 14:00:00,8.050,8.080,8.040,8.080,3862400
2025-05-26 14:30:00,8.080,8.080,8.050,8.060,3086400
2025-05-26 15:00:00,8.060,8.080,8.050,8.070,6171476
2025-05-27 10:00:00,8.070,8.130,8.060,8.110,11642200
2025-05-27 10:30:00,8.110,8.110,8.080,8.100,3555500
2025-05-27 11:00:00,8.090,8.110,8.080,8.080,3443100
2025-05-27 11:30:00,8.080,8.120,8.080,8.110,4470791
2025-05-27 13:30:00,8.110,8.140,8.100,8.110,4793800
2025-05-27 14:00:00,8.110,8.120,8.100,8.120,1834400
2025-05-27 14:30:00,8.120,8.130,8.100,8.120,3551100
2025-05-27 15:00:00,8.120,8.120,8.100,8.100,5439003
2025-05-28 10:00:00,8.120,8.130,8.080,8.100,7175300
2025-05-28 10:30:00,8.090,8.110,8.070,8.100,5183270
2025-05-28 11:00:00,8.110,8.120,8.090,8.100,3325700
2025-05-28 11:30:00,8.100,8.110,8.090,8.110,1908000
2025-05-28 13:30:00,8.110,8.110,8.090,8.100,1426500
2025-05-28 14:00:00,8.100,8.100,8.080,8.080,2680400
2025-05-28 14:30:00,8.080,8.100,8.070,8.090,3106928
2025-05-28 15:00:00,8.090,8.090,8.080,8.080,3530160
2025-05-29 10:00:00,8.090,8.120,8.060,8.110,10394112
2025-05-29 10:30:00,8.110,8.130,8.100,8.110,6377500
2025-05-29 11:00:00,8.120,8.140,8.110,8.130,7903904
2025-05-29 11:30:00,8.130,8.140,8.120,8.130,3843605
2025-05-29 13:30:00,8.130,8.130,8.100,8.110,5656091
2025-05-29 14:00:00,8.110,8.120,8.100,8.110,4072500
2025-05-29 14:30:00,8.120,8.120,8.100,8.100,5066200
2025-05-29 15:00:00,8.110,8.130,8.100,8.110,11839215
2025-05-30 10:00:00,8.110,8.140,8.090,8.100,12686450
2025-05-30 10:30:00,8.100,8.100,8.080,8.090,7466550
2025-05-30 11:00:00,8.090,8.110,8.090,8.110,3359330
2025-05-30 11:30:00,8.100,8.110,8.090,8.110,4789100
2025-05-30 13:30:00,8.100,8.140,8.100,8.130,8528600
2025-05-30 14:00:00,8.130,8.140,8.120,8.130,5044600
2025-05-30 14:30:00,8.130,8.140,8.120,8.130,3685000
2025-05-30 15:00:00,8.120,8.130,8.110,8.130,7313911
2025-06-03 10:00:00,8.070,8.130,8.050,8.120,11092600
2025-06-03 10:30:00,8.120,8.120,8.090,8.110,7318904
2025-06-03 11:00:00,8.100,8.120,8.090,8.100,5367100
2025-06-03 11:30:00,8.100,8.130,8.090,8.120,4076600
2025-06-03 13:30:00,8.120,8.120,8.100,8.110,3166900
2025-06-03 14:00:00,8.110,8.120,8.110,8.110,3505200
2025-06-03 14:30:00,8.120,8.130,8.100,8.110,5615189
2025-06-03 15:00:00,8.110,8.120,8.090,8.110,7609532
2025-06-04 10:00:00,8.110,8.130,8.100,8.110,8369813
2025-06-04 10:30:00,8.120,8.120,8.100,8.110,5087995
2025-06-04 11:00:00,8.110,8.150,8.100,8.150,8361728
2025-06-04 11:30:00,8.150,8.160,8.130,8.150,5163969
2025-06-04 13:30:00,8.160,8.160,8.130,8.130,6075735
2025-06-04 14:00:00,8.140,8.170,8.130,8.160,6094700
2025-06-04 14:30:00,8.170,8.180,8.150,8.160,5064600
2025-06-04 15:00:00,8.160,8.180,8.150,8.170,9037283
2025-06-05 10:00:00,8.180,8.250,8.160,8.220,25176473
2025-06-05 10:30:00,8.220,8.240,8.210,8.210,8233000
2025-06-05 11:00:00,8.210,8.220,8.190,8.190,4154700
2025-06-05 11:30:00,8.200,8.210,8.190,8.190,4459185
2025-06-05 13:30:00,8.190,8.200,8.170,8.180,5279415
2025-06-05 14:00:00,8.180,8.190,8.170,8.180,4485000
2025-06-05 14:30:00,8.180,8.190,8.180,8.180,3644700
2025-06-05 15:00:00,8.180,8.200,8.180,8.190,8142989
2025-06-06 10:00:00,8.190,8.210,8.170,8.170,11626500
2025-06-06 10:30:00,8.180,8.180,8.150,8.150,6474200
2025-06-06 11:00:00,8.150,8.160,8.130,8.140,7347556
2025-06-06 11:30:00,8.140,8.150,8.140,8.150,2948008
2025-06-06 13:30:00,8.150,8.160,8.140,8.140,5900700
2025-06-06 14:00:00,8.150,8.150,8.140,8.140,2278800
2025-06-06 14:30:00,8.140,8.180,8.140,8.160,5685501
2025-06-06 15:00:00,8.160,8.170,8.150,8.160,6014200
2025-06-09 10:00:00,8.170,8.180,8.140,8.160,9791846
2025-06-09 10:30:00,8.160,8.180,8.150,8.160,6379500
2025-06-09 11:00:00,8.160,8.180,8.160,8.160,3078400
2025-06-09 11:30:00,8.160,8.170,8.150,8.150,5976500
2025-06-09 13:30:00,8.160,8.170,8.130,8.150,11936000
2025-06-09 14:00:00,8.150,8.160,8.140,8.160,5780200
2025-06-09 14:30:00,8.150,8.160,8.140,8.150,6803200
2025-06-09 15:00:00,8.150,8.160,8.140,8.160,9655300
2025-06-10 10:00:00,8.160,8.240,8.150,8.200,22080100
2025-06-10 10:30:00,8.200,8.210,8.170,8.180,8984668
2025-06-10 11:00:00,8.170,8.190,8.170,8.180,3506500
2025-06-10 11:30:00,8.180,8.180,8.150,8.160,6219460
2025-06-10 13:30:00,8.150,8.170,8.080,8.080,15781240
2025-06-10 14:00:00,8.090,8.120,8.070,8.100,6882746
2025-06-10 14:30:00,8.100,8.120,8.090,8.120,5192311
2025-06-10 15:00:00,8.110,8.130,8.110,8.120,6826214
2025-06-11 10:00:00,8.120,8.180,8.100,8.170,16051206
2025-06-11 10:30:00,8.160,8.170,8.150,8.150,7354200
2025-06-11 11:00:00,8.160,8.160,8.150,8.160,3745800
2025-06-11 11:30:00,8.160,8.180,8.150,8.170,5154230
2025-06-11 13:30:00,8.170,8.170,8.150,8.150,4758970
2025-06-11 14:00:00,8.160,8.170,8.150,8.150,4841400
2025-06-11 14:30:00,8.150,8.170,8.150,8.160,5934400
2025-06-11 15:00:00,8.170,8.170,8.150,8.160,7626742
2025-06-12 10:00:00,8.160,8.170,8.110,8.130,12363217
2025-06-12 10:30:00,8.130,8.130,8.110,8.130,6281400
2025-06-12 11:00:00,8.120,8.150,8.110,8.140,5422500
2025-06-12 11:30:00,8.140,8.150,8.120,8.130,3844683
2025-06-12 13:30:00,8.130,8.140,8.120,8.130,4029159
2025-06-12 14:00:00,8.120,8.140,8.110,8.130,7567558
2025-06-12 14:30:00,8.130,8.140,8.120,8.130,4716904
2025-06-12 15:00:00,8.120,8.140,8.120,8.140,5710179
2025-06-13 10:00:00,8.120,8.130,8.090,8.100,14358600
2025-06-13 10:30:00,8.090,8.100,8.060,8.080,12384918
2025-06-13 11:00:00,8.070,8.090,8.050,8.060,10633182
2025-06-13 11:30:00,8.060,8.090,8.060,8.070,4713500
2025-06-13 13:30:00,8.090,8.090,8.050,8.070,6512000
2025-06-13 14:00:00,8.070,8.100,8.060,8.090,6769998
2025-06-13 14:30:00,8.090,8.100,8.070,8.080,5914292
2025-06-13 15:00:00,8.080,8.110,8.060,8.060,13708075
2025-06-16 10:00:00,8.100,8.210,8.080,8.180,40411003
2025-06-16 10:30:00,8.180,8.220,8.170,8.200,22194029
2025-06-16 11:00:00,8.190,8.250,8.190,8.240,19483317
2025-06-16 11:30:00,8.240,8.280,8.220,8.250,21393419
2025-06-16 13:30:00,8.250,8.260,8.230,8.240,8479000
2025-06-16 14:00:00,8.240,8.240,8.220,8.240,5525300
2025-06-16 14:30:00,8.240,8.240,8.210,8.210,5679700
2025-06-16 15:00:00,8.220,8.240,8.210,8.240,8076134
2025-06-17 10:00:00,8.210,8.220,8.160,8.190,15663000
2025-06-17 10:30:00,8.180,8.200,8.160,8.180,7906342
2025-06-17 11:00:00,8.170,8.200,8.170,8.170,6587232
2025-06-17 11:30:00,8.170,8.180,8.160,8.170,5235425
2025-06-17 13:30:00,8.170,8.190,8.150,8.160,6275808
2025-06-17 14:00:00,8.160,8.170,8.150,8.160,5239600
2025-06-17 14:30:00,8.150,8.160,8.120,8.130,10929500
2025-06-17 15:00:00,8.130,8.140,8.110,8.120,13017122
2025-06-18 10:00:00,8.120,8.130,8.060,8.070,18775100
2025-06-18 10:30:00,8.070,8.070,7.980,8.000,31682100
2025-06-18 11:00:00,7.990,8.010,7.980,8.000,10773232
2025-06-18 11:30:00,8.000,8.000,7.980,7.990,6479800
2025-06-18 13:30:00,7.990,8.010,7.980,8.000,7283600
2025-06-18 14:00:00,8.000,8.010,7.990,7.990,4571400
2025-06-18 14:30:00,7.990,8.010,7.990,8.000,4754850
2025-06-18 15:00:00,7.990,8.020,7.990,8.010,10396564
2025-06-19 10:00:00,8.000,8.010,7.950,7.950,13207100
2025-06-19 10:30:00,7.950,7.960,7.910,7.920,14089700
2025-06-19 11:00:00,7.920,7.930,7.910,7.920,8957901
2025-06-19 11:30:00,7.910,7.920,7.840,7.860,19909007
2025-06-19 13:30:00,7.860,7.880,7.800,7.870,14319318
2025-06-19 14:00:00,7.870,7.900,7.860,7.880,6707534
2025-06-19 14:30:00,7.880,7.890,7.870,7.870,3550700
2025-06-19 15:00:00,7.880,7.900,7.870,7.880,10754959
2025-06-20 10:00:00,7.880,7.920,7.880,7.890,12285500
2025-06-20 10:30:00,7.890,7.900,7.870,7.890,7711109
2025-06-20 11:00:00,7.900,7.900,7.880,7.890,3911900
2025-06-20 11:30:00,7.890,7.900,7.870,7.880,3952100
2025-06-20 13:30:00,7.880,7.880,7.860,7.870,4615391
2025-06-20 14:00:00,7.870,7.870,7.830,7.840,7344200
2025-06-20 14:30:00,7.850,7.850,7.830,7.840,5954364
2025-06-20 15:00:00,7.850,7.890,7.820,7.890,12594771
2025-06-23 10:00:00,7.830,7.840,7.780,7.820,13563400
2025-06-23 10:30:00,7.820,7.850,7.820,7.830,5732200
2025-06-23 11:00:00,7.830,7.880,7.830,7.860,4128300
2025-06-23 11:30:00,7.850,7.860,7.840,7.840,3033444
2025-06-23 13:30:00,7.840,7.870,7.840,7.860,3909834
2025-06-23 14:00:00,7.850,7.890,7.850,7.870,4866200
2025-06-23 14:30:00,7.870,7.900,7.870,7.880,6434102
2025-06-23 15:00:00,7.890,7.900,7.880,7.880,9554276
2025-06-24 10:00:00,7.900,7.940,7.870,7.930,12711696
2025-06-24 10:30:00,7.920,7.970,7.920,7.950,14161132
2025-06-24 11:00:00,7.950,7.960,7.930,7.940,5459400
2025-06-24 11:30:00,7.940,7.950,7.930,7.940,4219900
2025-06-24 13:30:00,7.950,7.960,7.940,7.960,7476200
2025-06-24 14:00:00,7.960,7.970,7.950,7.950,5485600
2025-06-24 14:30:00,7.950,7.970,7.940,7.950,12059100
2025-06-24 15:00:00,7.960,7.970,7.950,7.970,8148900
2025-06-25 10:00:00,7.960,7.980,7.940,7.960,12026502
2025-06-25 10:30:00,7.970,7.970,7.940,7.950,7003245
2025-06-25 11:00:00,7.950,7.950,7.920,7.930,5724600
2025-06-25 11:30:00,7.930,7.980,7.930,7.980,6820660
2025-06-25 13:30:00,7.980,8.010,7.970,8.000,12520991
2025-06-25 14:00:00,7.990,8.030,7.980,8.020,9821074
2025-06-25 14:30:00,8.020,8.040,8.010,8.040,10747000
2025-06-25 15:00:00,8.030,8.060,8.020,8.050,14588399
2025-06-26 10:00:00,8.050,8.070,8.020,8.040,20208152
2025-06-26 10:30:00,8.040,8.060,8.030,8.030,4819100
2025-06-26 11:00:00,8.040,8.050,8.030,8.040,4471074
2025-06-26 11:30:00,8.050,8.070,8.040,8.050,7457400
2025-06-26 13:30:00,8.050,8.060,8.030,8.060,9728200
2025-06-26 14:00:00,8.060,8.060,8.030,8.040,6939155
2025-06-26 14:30:00,8.030,8.050,8.030,8.050,5374730
2025-06-26 15:00:00,8.040,8.060,8.030,8.040,7670239
2025-06-27 10:00:00,8.040,8.130,8.030,8.110,22914827
2025-06-27 10:30:00,8.120,8.200,8.110,8.130,26204433
2025-06-27 11:00:00,8.140,8.150,8.090,8.110,10972600
2025-06-27 11:30:00,8.120,8.120,8.090,8.110,5900193
2025-06-27 13:30:00,8.110,8.120,8.080,8.100,5049858
2025-06-27 14:00:00,8.090,8.110,8.050,8.050,10254949
2025-06-27 14:30:00,8.050,8.070,8.050,8.060,7038235
2025-06-27 15:00:00,8.060,8.070,8.040,8.050,6862465
2025-06-30 10:00:00,8.060,8.110,8.030,8.090,17342700
2025-06-30 10:30:00,8.090,8.170,8.080,8.130,15104510
2025-06-30 11:00:00,8.130,8.140,8.100,8.130,5397590
2025-06-30 11:30:00,8.130,8.130,8.100,8.100,2667500
2025-06-30 13:30:00,8.100,8.130,8.100,8.120,3095800
2025-06-30 14:00:00,8.120,8.130,8.100,8.110,4125760
2025-06-30 14:30:00,8.120,8.120,8.090,8.100,5482300
2025-06-30 15:00:00,8.090,8.120,8.090,8.100,9737221
2025-07-01 10:00:00,8.110,8.120,8.050,8.070,14267100
2025-07-01 10:30:00,8.060,8.070,8.040,8.050,7753338
2025-07-01 11:00:00,8.050,8.060,8.000,8.010,14759314
2025-07-01 11:30:00,8.010,8.020,8.000,8.010,9814087
2025-07-01 13:30:00,8.010,8.020,7.990,8.000,11469400
2025-07-01 14:00:00,8.010,8.040,8.000,8.020,10655700
2025-07-01 14:30:00,8.030,8.030,8.000,8.010,11705900
2025-07-01 15:00:00,8.010,8.030,8.000,8.020,11005954
2025-07-02 10:00:00,8.030,8.030,8.000,8.010,9614688
2025-07-02 10:30:00,8.010,8.020,8.010,8.020,4473200
2025-07-02 11:00:00,8.020,8.040,8.000,8.040,10795000
2025-07-02 11:30:00,8.030,8.040,8.010,8.020,7399300
2025-07-02 13:30:00,8.030,8.060,8.010,8.050,14403800
2025-07-02 14:00:00,8.050,8.060,8.030,8.030,7484200
2025-07-02 14:30:00,8.030,8.050,8.020,8.040,7306588
2025-07-02 15:00:00,8.040,8.100,8.040,8.080,21136834
2025-07-03 10:00:00,8.090,8.170,8.070,8.110,33790041
2025-07-03 10:30:00,8.120,8.130,8.100,8.110,10102800
2025-07-03 11:00:00,8.110,8.120,8.090,8.100,4383737
2025-07-03 11:30:00,8.090,8.120,8.090,8.110,4583081
2025-07-03 13:30:00,8.110,8.120,8.080,8.090,6745275
2025-07-03 14:00:00,8.100,8.110,8.080,8.100,8033515
2025-07-03 14:30:00,8.110,8.110,8.090,8.110,6049100
2025-07-03 15:00:00,8.110,8.120,8.090,8.110,8575892
2025-07-04 10:00:00,8.100,8.130,8.070,8.100,13402655
2025-07-04 10:30:00,8.110,8.110,8.060,8.090,9745845
2025-07-04 11:00:00,8.090,8.110,8.080,8.110,8771300
2025-07-04 11:30:00,8.100,8.110,8.070,8.070,9008183
2025-07-04 13:30:00,8.070,8.130,8.060,8.120,15579881
2025-07-04 14:00:00,8.120,8.130,8.080,8.090,10668036
2025-07-04 14:30:00,8.090,8.100,8.070,8.080,6408900
2025-07-04 15:00:00,8.080,8.080,8.060,8.070,10082805
2025-07-07 10:00:00,8.050,8.190,8.040,8.160,47579727
2025-07-07 10:30:00,8.160,8.200,8.160,8.180,23848300
2025-07-07 11:00:00,8.170,8.190,8.170,8.170,8573737
2025-07-07 11:30:00,8.180,8.190,8.170,8.180,7178791
2025-07-07 13:30:00,8.190,8.190,8.150,8.160,7196300
2025-07-07 14:00:00,8.150,8.180,8.150,8.180,5607900
2025-07-07 14:30:00,8.170,8.180,8.150,8.160,7258900
2025-07-07 15:00:00,8.160,8.170,8.150,8.160,11177545
2025-07-08 10:00:00,8.150,8.190,8.120,8.170,16100283
2025-07-08 10:30:00,8.160,8.170,8.130,8.140,7307200
2025-07-08 11:00:00,8.140,8.170,8.130,8.170,7348100
2025-07-08 11:30:00,8.170,8.210,8.170,8.200,19366947
2025-07-08 13:30:00,8.200,8.230,8.190,8.190,16868600
2025-07-08 14:00:00,8.200,8.210,8.190,8.210,6071044
2025-07-08 14:30:00,8.210,8.220,8.190,8.220,9121800
2025-07-08 15:00:00,8.220,8.230,8.200,8.220,12689833
2025-07-09 10:00:00,8.210,8.240,8.200,8.210,18583950
2025-07-09 10:30:00,8.210,8.260,8.200,8.250,11611900
2025-07-09 11:00:00,8.260,8.260,8.160,8.180,32446900
2025-07-09 11:30:00,8.170,8.200,8.150,8.200,15908100
2025-07-09 13:30:00,8.200,8.220,8.160,8.180,20532888
2025-07-09 14:00:00,8.180,8.200,8.170,8.200,7931700
2025-07-09 14:30:00,8.190,8.200,8.150,8.170,9202712
2025-07-09 15:00:00,8.170,8.180,8.140,8.150,13635660
2025-07-10 10:00:00,8.150,8.240,8.140,8.240,41327171
2025-07-10 10:30:00,8.230,8.270,8.220,8.230,23073700
2025-07-10 11:00:00,8.240,8.260,8.230,8.250,14677964
2025-07-10 11:30:00,8.250,8.280,8.250,8.270,18631200
2025-07-10 13:30:00,8.270,8.290,8.260,8.280,14311986
2025-07-10 14:00:00,8.270,8.320,8.270,8.310,25498971
2025-07-10 14:30:00,8.310,8.430,8.300,8.350,59144036
2025-07-10 15:00:00,8.350,8.360,8.320,8.340,29260562
2025-07-11 10:00:00,8.340,8.380,8.290,8.330,38475814
2025-07-11 10:30:00,8.320,8.350,8.300,8.340,20372900
2025-07-11 11:00:00,8.340,8.370,8.320,8.320,13007885
2025-07-11 11:30:00,8.320,8.340,8.300,8.320,11830500
2025-07-11 13:30:00,8.330,8.360,8.320,8.320,16504800
2025-07-11 14:00:00,8.330,8.360,8.320,8.330,12163400
2025-07-11 14:30:00,8.340,8.340,8.320,8.330,9562500
2025-07-11 15:00:00,8.320,8.330,8.260,8.260,22202828
2025-07-14 10:00:00,8.250,8.300,8.190,8.190,35677588
2025-07-14 10:30:00,8.200,8.200,8.160,8.160,26862500
2025-07-14 11:00:00,8.170,8.190,8.160,8.180,8828200
2025-07-14 11:30:00,8.170,8.180,8.130,8.140,22791900
2025-07-14 13:30:00,8.150,8.180,8.140,8.170,11715460
2025-07-14 14:00:00,8.170,8.170,8.140,8.150,9119000
2025-07-14 14:30:00,8.150,8.160,8.130,8.150,12840650
2025-07-14 15:00:00,8.140,8.150,8.130,8.140,13091600
2025-07-15 10:00:00,8.110,8.130,8.060,8.070,31324400
2025-07-15 10:30:00,8.070,8.080,7.970,8.010,43712900
2025-07-15 11:00:00,8.010,8.030,7.990,8.000,12450200
2025-07-15 11:30:00,7.990,8.000,7.950,7.970,18587400
2025-07-15 13:30:00,7.970,8.010,7.950,8.000,28443664
2025-07-15 14:00:00,8.000,8.030,7.980,8.000,16093700
2025-07-15 14:30:00,7.990,8.010,7.980,8.010,10988628
2025-07-15 15:00:00,8.010,8.020,7.990,8.010,11066127
2025-07-16 10:00:00,7.990,8.040,7.970,8.000,26995652
2025-07-16 10:30:00,8.000,8.030,7.980,8.000,14670601
2025-07-16 11:00:00,8.000,8.010,7.970,7.980,11994000
2025-07-16 11:30:00,7.980,7.990,7.970,7.980,7047100
2025-07-16 13:30:00,7.990,7.990,7.970,7.970,5375800
2025-07-16 14:00:00,7.970,7.980,7.950,7.960,11112500
2025-07-16 14:30:00,7.960,7.990,7.960,7.970,5004900
2025-07-16 15:00:00,7.970,7.990,7.970,7.980,9654834
2025-07-17 10:00:00,7.980,8.010,7.970,7.990,12425400
2025-07-17 10:30:00,7.980,7.990,7.950,7.960,11069200
2025-07-17 11:00:00,7.960,7.970,7.950,7.960,4861202
2025-07-17 11:30:00,7.960,7.980,7.960,7.970,4927900
2025-07-17 13:30:00,7.970,7.970,7.950,7.960,9994400
2025-07-17 14:00:00,7.960,7.980,7.950,7.970,7582900
2025-07-17 14:30:00,7.970,7.990,7.970,7.980,5892600
2025-07-17 15:00:00,7.980,7.990,7.970,7.990,9509185
2025-07-18 10:00:00,8.000,8.020,7.990,8.000,21531775
2025-07-18 10:30:00,7.990,8.000,7.980,7.990,9411100
2025-07-18 11:00:00,7.990,8.020,7.980,8.010,8458000
2025-07-18 11:30:00,8.020,8.020,7.990,8.000,6726600
2025-07-18 13:30:00,8.000,8.000,7.980,7.990,7051600
2025-07-18 14:00:00,7.990,8.000,7.980,7.980,5243000
2025-07-18 14:30:00,7.980,8.010,7.980,8.000,6660600
2025-07-18 15:00:00,8.000,8.020,7.990,8.020,9693197
2025-07-21 10:00:00,8.020,8.050,8.000,8.040,24728244
2025-07-21 10:30:00,8.040,8.050,8.020,8.030,14044000
2025-07-21 11:00:00,8.030,8.040,8.020,8.030,8081576
2025-07-21 11:30:00,8.030,8.030,8.010,8.030,8724900
2025-07-21 13:30:00,8.030,8.040,8.020,8.030,6749604
2025-07-21 14:00:00,8.030,8.050,8.030,8.030,9782800
2025-07-21 14:30:00,8.030,8.060,8.030,8.050,12430100
2025-07-21 15:00:00,8.050,8.060,8.040,8.050,13763731
2025-07-22 10:00:00,8.060,8.090,8.010,8.020,31534700
2025-07-22 10:30:00,8.020,8.020,7.990,7.990,18987000
2025-07-22 11:00:00,7.990,8.030,7.990,8.010,8949500
2025-07-22 11:30:00,8.020,8.090,8.000,8.080,21104005
2025-07-22 13:30:00,8.080,8.200,8.080,8.140,53762321
2025-07-22 14:00:00,8.140,8.220,8.140,8.170,35428539
2025-07-22 14:30:00,8.170,8.190,8.150,8.190,13191146
2025-07-22 15:00:00,8.180,8.200,8.180,8.200,18977298
2025-07-23 10:00:00,8.200,8.350,8.190,8.330,82643503
2025-07-23 10:30:00,8.330,8.340,8.230,8.250,31690000
2025-07-23 11:00:00,8.250,8.260,8.210,8.230,12735100
2025-07-23 11:30:00,8.220,8.260,8.210,8.240,11883600
2025-07-23 13:30:00,8.250,8.270,8.220,8.260,12290510
2025-07-23 14:00:00,8.250,8.260,8.220,8.230,8719000
2025-07-23 14:30:00,8.230,8.230,8.170,8.200,16733187
2025-07-23 15:00:00,8.190,8.220,8.170,8.200,19851405
2025-07-24 10:00:00,8.180,8.340,8.180,8.340,57509156
2025-07-24 10:30:00,8.340,8.360,8.280,8.320,48146596
2025-07-24 11:00:00,8.330,8.370,8.310,8.360,26834700
2025-07-24 11:30:00,8.360,8.380,8.340,8.360,24298201
2025-07-24 13:30:00,8.360,8.370,8.320,8.350,14960099
2025-07-24 14:00:00,8.350,8.360,8.290,8.300,14532997
2025-07-24 14:30:00,8.300,8.340,8.290,8.340,11778400
2025-07-24 15:00:00,8.340,8.340,8.320,8.340,18023260
2025-07-25 10:00:00,8.330,8.410,8.300,8.370,47670600
2025-07-25 10:30:00,8.360,8.400,8.320,8.380,22063423
2025-07-25 11:00:00,8.390,8.440,8.390,8.410,27314600
2025-07-25 11:30:00,8.410,8.420,8.380,8.390,13391100
2025-07-25 13:30:00,8.380,8.470,8.380,8.450,27865213
2025-07-25 14:00:00,8.450,8.450,8.410,8.420,11278100
2025-07-25 14:30:00,8.430,8.450,8.390,8.420,15505834
2025-07-25 15:00:00,8.410,8.430,8.380,8.380,15124461
2025-07-28 10:00:00,8.380,8.410,8.250,8.330,40831600
2025-07-28 10:30:00,8.320,8.500,8.300,8.480,44319699
2025-07-28 11:00:00,8.490,8.550,8.450,8.460,27112679
2025-07-28 11:30:00,8.460,8.490,8.400,8.410,11445100
2025-07-28 13:30:00,8.410,8.530,8.400,8.500,22607171
2025-07-28 14:00:00,8.500,8.510,8.470,8.510,11827634
2025-07-28 14:30:00,8.510,8.520,8.480,8.490,13471350
2025-07-28 15:00:00,8.500,8.510,8.490,8.490,18082021
2025-07-29 10:00:00,8.480,8.510,8.400,8.400,29626479
2025-07-29 10:30:00,8.400,8.460,8.380,8.400,23646802
2025-07-29 11:00:00,8.410,8.430,8.400,8.430,8029000
2025-07-29 11:30:00,8.420,8.460,8.410,8.430,9352121
2025-07-29 13:30:00,8.420,8.440,8.400,8.400,9693500
2025-07-29 14:00:00,8.410,8.420,8.370,8.370,18056660
2025-07-29 14:30:00,8.370,8.410,8.370,8.390,17442700
2025-07-29 15:00:00,8.390,8.440,8.390,8.420,17835735
2025-07-30 10:00:00,8.400,8.500,8.400,8.500,41018595
2025-07-30 10:30:00,8.490,8.520,8.420,8.440,22112089
2025-07-30 11:00:00,8.430,8.470,8.420,8.440,13008500
2025-07-30 11:30:00,8.440,8.470,8.420,8.450,8998800
2025-07-30 13:30:00,8.440,8.470,8.430,8.440,7878410
2025-07-30 14:00:00,8.430,8.450,8.360,8.370,19726600
2025-07-30 14:30:00,8.370,8.380,8.330,8.350,24363400
2025-07-30 15:00:00,8.340,8.350,8.310,8.320,27932441
2025-07-31 10:00:00,8.280,8.310,8.100,8.110,76355599
2025-07-31 10:30:00,8.110,8.120,8.030,8.040,50263856
2025-07-31 11:00:00,8.040,8.050,8.020,8.050,26225500
2025-07-31 11:30:00,8.050,8.050,8.020,8.030,15279200
2025-07-31 13:30:00,8.040,8.040,8.010,8.010,23458800
2025-07-31 14:00:00,8.010,8.020,7.990,8.010,25984300
2025-07-31 14:30:00,8.010,8.020,7.960,7.970,28162600
2025-07-31 15:00:00,7.970,7.990,7.950,7.980,41229970
2025-08-01 10:00:00,7.970,8.010,7.920,7.960,41777112
2025-08-01 10:30:00,7.970,7.990,7.960,7.980,12404800
2025-08-01 11:00:00,7.970,7.980,7.950,7.950,8728400
2025-08-01 11:30:00,7.960,7.980,7.950,7.960,5898997
2025-08-01 13:30:00,7.970,7.970,7.950,7.950,9707309
2025-08-01 14:00:00,7.950,7.970,7.940,7.960,9166691
2025-08-01 14:30:00,7.950,7.970,7.940,7.960,8564935
2025-08-01 15:00:00,7.970,7.970,7.950,7.950,15193048
2025-08-04 10:00:00,7.990,7.990,7.930,7.950,28883100
2025-08-04 10:30:00,7.940,7.960,7.930,7.950,12000802
2025-08-04 11:00:00,7.940,7.950,7.930,7.940,10541698
2025-08-04 11:30:00,7.930,7.960,7.930,7.950,5721841
2025-08-04 13:30:00,7.960,7.960,7.940,7.960,6704544
2025-08-04 14:00:00,7.960,7.960,7.950,7.960,4658324
2025-08-04 14:30:00,7.960,7.990,7.950,7.990,9208226
2025-08-04 15:00:00,7.990,7.990,7.960,7.990,12193348
2025-08-05 10:00:00,7.990,8.030,7.970,8.000,26843638
2025-08-05 10:30:00,8.000,8.040,7.990,8.030,19892900
2025-08-05 11:00:00,8.020,8.030,8.000,8.010,8010600
2025-08-05 11:30:00,8.020,8.030,8.000,8.020,5511700
2025-08-05 13:30:00,8.020,8.030,8.010,8.020,8497300
2025-08-05 14:00:00,8.010,8.030,8.000,8.020,8307202
2025-08-05 14:30:00,8.010,8.050,8.010,8.030,11490887
2025-08-05 15:00:00,8.040,8.040,8.020,8.040,12300300
2025-08-06 10:00:00,8.030,8.030,7.970,7.980,24269900
2025-08-06 10:30:00,7.980,7.990,7.970,7.980,9592500
2025-08-06 11:00:00,7.990,8.010,7.980,7.990,6853220
2025-08-06 11:30:00,7.990,8.020,7.990,8.010,6132954
2025-08-06 13:30:00,8.010,8.020,7.990,8.000,6873150
2025-08-06 14:00:00,7.990,8.030,7.990,8.010,8879900
2025-08-06 14:30:00,8.010,8.020,8.000,8.000,6703300
2025-08-06 15:00:00,8.010,8.010,8.000,8.010,9698300
2025-08-07 10:00:00,8.000,8.030,7.970,7.980,23080400
2025-08-07 10:30:00,7.980,7.990,7.950,7.960,20404909
2025-08-07 11:00:00,7.950,8.000,7.950,7.990,11502502
2025-08-07 11:30:00,7.990,8.020,7.980,8.020,11063500
2025-08-07 13:30:00,8.020,8.020,7.990,8.010,9173699
2025-08-07 14:00:00,8.000,8.040,8.000,8.030,13916369
2025-08-07 14:30:00,8.030,8.040,8.010,8.030,12121646
2025-08-07 15:00:00,8.030,8.050,8.030,8.040,12071500
2025-08-08 10:00:00,8.020,8.040,7.990,8.000,19606462
2025-08-08 10:30:00,7.990,8.010,7.990,8.000,8016300
2025-08-08 11:00:00,8.000,8.010,7.990,8.000,6659000
2025-08-08 11:30:00,8.000,8.010,7.990,8.010,7728900
2025-08-08 13:30:00,8.010,8.020,7.980,7.990,11910700
2025-08-08 14:00:00,7.980,8.020,7.980,8.000,8977900
2025-08-08 14:30:00,8.000,8.020,8.000,8.010,3948800
2025-08-08 15:00:00,8.010,8.020,8.000,8.010,7584300
2025-08-11 10:00:00,8.040,8.090,8.030,8.070,40140374
2025-08-11 10:30:00,8.070,8.080,8.040,8.040,13156200
2025-08-11 11:00:00,8.040,8.070,8.040,8.060,8596600
2025-08-11 11:30:00,8.070,8.070,8.050,8.060,5448580
2025-08-11 13:30:00,8.070,8.070,8.040,8.050,12961208
2025-08-11 14:00:00,8.050,8.060,8.040,8.050,7765621
2025-08-11 14:30:00,8.050,8.060,8.030,8.040,8763500
2025-08-11 15:00:00,8.050,8.050,8.030,8.030,16112566
2025-08-12 10:00:00,8.030,8.070,8.020,8.040,19835557
2025-08-12 10:30:00,8.040,8.060,8.030,8.030,13564366
2025-08-12 11:00:00,8.040,8.050,8.020,8.030,12148500
2025-08-12 11:30:00,8.030,8.050,8.020,8.040,5560000
2025-08-12 13:30:00,8.040,8.050,8.030,8.030,6056500
2025-08-12 14:00:00,8.040,8.040,8.020,8.030,9162000
2025-08-12 14:30:00,8.030,8.040,8.010,8.020,13363700
2025-08-12 15:00:00,8.020,8.030,8.010,8.020,17710820
2025-08-13 10:00:00,8.040,8.050,7.990,8.000,25887796
2025-08-13 10:30:00,8.000,8.010,7.980,7.990,12238800
2025-08-13 11:00:00,7.990,8.000,7.980,7.990,9342200
2025-08-13 11:30:00,7.990,8.030,7.990,8.020,13940093
2025-08-13 13:30:00,8.010,8.020,8.000,8.010,9599451
2025-08-13 14:00:00,8.010,8.010,8.000,8.010,7080300
2025-08-13 14:30:00,8.010,8.010,7.980,7.990,13629800
2025-08-13 15:00:00,8.000,8.000,7.980,8.000,15532618
2025-08-14 10:00:00,8.010,8.130,8.000,8.090,85028438
2025-08-14 10:30:00,8.080,8.090,8.050,8.060,15605600
2025-08-14 11:00:00,8.070,8.070,8.020,8.040,15840000
2025-08-14 11:30:00,8.040,8.060,8.020,8.030,15547700
2025-08-14 13:30:00,8.030,8.040,7.990,8.000,26571700
2025-08-14 14:00:00,8.000,8.030,7.990,8.020,12176418
2025-08-14 14:30:00,8.020,8.040,8.010,8.030,8862601
2025-08-14 15:00:00,8.030,8.030,8.000,8.010,13339418
2025-08-15 10:00:00,8.010,8.190,7.990,8.150,113292496
2025-08-15 10:30:00,8.150,8.170,8.120,8.130,32718031
2025-08-15 11:00:00,8.120,8.130,8.100,8.110,16460600
2025-08-15 11:30:00,8.120,8.140,8.100,8.130,7837603
2025-08-15 13:30:00,8.140,8.180,8.130,8.170,25424700
2025-08-15 14:00:00,8.170,8.190,8.160,8.170,23550653
2025-08-15 14:30:00,8.170,8.180,8.140,8.150,18188247
2025-08-15 15:00:00,8.150,8.180,8.140,8.150,26364300
2025-08-18 10:00:00,8.160,8.180,8.070,8.080,57739900
2025-08-18 10:30:00,8.090,8.090,8.060,8.070,28458678
2025-08-18 11:00:00,8.080,8.100,8.070,8.090,18397843
2025-08-18 11:30:00,8.080,8.130,8.080,8.110,15278750
2025-08-18 13:30:00,8.120,8.130,8.090,8.100,14875600
2025-08-18 14:00:00,8.100,8.110,8.070,8.080,14976700
2025-08-18 14:30:00,8.080,8.090,8.050,8.050,29671157
2025-08-18 15:00:00,8.060,8.080,8.030,8.030,44616945
2025-08-19 10:00:00,8.060,8.120,8.050,8.100,59754255
2025-08-19 10:30:00,8.100,8.120,8.060,8.090,24090109
2025-08-19 11:00:00,8.090,8.100,8.070,8.070,12202100
2025-08-19 11:30:00,8.080,8.090,8.050,8.070,19930523
2025-08-19 13:30:00,8.060,8.080,8.030,8.040,29774361
2025-08-19 14:00:00,8.030,8.040,8.010,8.020,32770573
2025-08-19 14:30:00,8.020,8.050,8.000,8.010,34062600
2025-08-19 15:00:00,8.010,8.030,7.980,7.990,53474900
2025-08-20 10:00:00,7.830,7.930,7.770,7.870,79293355
2025-08-20 10:30:00,7.870,7.870,7.830,7.840,20546901
2025-08-20 11:00:00,7.840,7.870,7.840,7.840,11352563
2025-08-20 11:30:00,7.840,7.850,7.810,7.820,15891490
2025-08-20 13:30:00,7.820,7.830,7.810,7.810,10951392
2025-08-20 14:00:00,7.820,7.830,7.810,7.830,11966884
2025-08-20 14:30:00,7.830,7.860,7.820,7.850,7835600
2025-08-20 15:00:00,7.850,7.880,7.850,7.870,14588438
2025-08-21 10:00:00,7.880,7.930,7.850,7.900,60865117
2025-08-21 10:30:00,7.910,7.980,7.900,7.940,42504536
2025-08-21 11:00:00,7.940,7.970,7.930,7.930,17119347
2025-08-21 11:30:00,7.930,7.950,7.920,7.930,7393308
2025-08-21 13:30:00,7.930,7.960,7.920,7.940,9750915
2025-08-21 14:00:00,7.950,7.950,7.930,7.930,7884900
2025-08-21 14:30:00,7.940,7.950,7.910,7.940,11704400
2025-08-21 15:00:00,7.940,7.940,7.900,7.930,17837210
2025-08-22 10:00:00,7.920,7.940,7.870,7.890,31499227
2025-08-22 10:30:00,7.900,7.900,7.870,7.880,13621720
2025-08-22 11:00:00,7.880,7.890,7.870,7.880,9317031
2025-08-22 11:30:00,7.880,7.900,7.870,7.880,11482840
2025-08-22 13:30:00,7.890,7.920,7.880,7.910,13797100
2025-08-22 14:00:00,7.900,7.950,7.890,7.930,19297796
2025-08-22 14:30:00,7.930,7.950,7.910,7.940,14583020
2025-08-22 15:00:00,7.950,7.970,7.930,7.960,27013019
2025-08-25 10:00:00,8.000,8.350,7.990,8.350,206762030
2025-08-25 10:30:00,8.350,8.480,8.310,8.420,110457176
2025-08-25 11:00:00,8.420,8.460,8.360,8.460,40016025
2025-08-25 11:30:00,8.460,8.550,8.400,8.420,48301910
2025-08-25 13:30:00,8.410,8.470,8.290,8.300,46021396
2025-08-25 14:00:00,8.300,8.300,8.260,8.280,26843500
2025-08-25 14:30:00,8.280,8.340,8.250,8.340,22351100
2025-08-25 15:00:00,8.340,8.340,8.280,8.300,23905131
2025-08-26 10:00:00,8.260,8.270,8.180,8.240,66775252
2025-08-26 10:30:00,8.240,8.250,8.180,8.200,33015100
2025-08-26 11:00:00,8.190,8.260,8.190,8.230,16104800
2025-08-26 11:30:00,8.230,8.260,8.220,8.260,10024100
2025-08-26 13:30:00,8.260,8.270,8.210,8.220,12834401
2025-08-26 14:00:00,8.220,8.240,8.210,8.220,10175016
2025-08-26 14:30:00,8.230,8.230,8.210,8.220,10672101
2025-08-26 15:00:00,8.210,8.230,8.190,8.220,27555900
2025-08-27 10:00:00,8.200,8.220,8.120,8.130,49570410
2025-08-27 10:30:00,8.130,8.170,8.130,8.160,20108951
2025-08-27 11:00:00,8.160,8.170,8.140,8.150,9960200
2025-08-27 11:30:00,8.150,8.170,8.140,8.150,10957706
2025-08-27 13:30:00,8.160,8.170,8.070,8.070,49086610
2025-08-27 14:00:00,8.070,8.080,8.020,8.030,43580214
2025-08-27 14:30:00,8.030,8.070,8.010,8.010,27745500
2025-08-27 15:00:00,8.010,8.040,7.970,7.980,50167062
2025-08-28 10:00:00,7.990,8.040,7.980,7.990,36372474
2025-08-28 10:30:00,8.000,8.020,7.990,7.990,16291764
2025-08-28 11:00:00,7.990,8.010,7.990,8.000,16579022
2025-08-28 11:30:00,8.000,8.010,7.930,7.960,23364182
2025-08-28 13:30:00,7.970,7.970,7.880,7.890,30878619
2025-08-28 14:00:00,7.890,7.930,7.860,7.910,27633726
2025-08-28 14:30:00,7.920,7.960,7.910,7.930,16920200
2025-08-28 15:00:00,7.940,7.970,7.930,7.960,31981004
2025-08-29 10:00:00,8.050,8.100,8.020,8.040,59375944
2025-08-29 10:30:00,8.040,8.040,7.980,8.000,28166526
2025-08-29 11:00:00,8.000,8.000,7.920,7.960,54056900
2025-08-29 11:30:00,7.960,8.000,7.930,7.960,20905310
2025-08-29 13:30:00,7.970,8.030,7.920,7.980,43558276
2025-08-29 14:00:00,7.980,8.050,7.970,8.040,27306066
2025-08-29 14:30:00,8.030,8.050,7.990,8.000,23266500
2025-08-29 15:00:00,8.000,8.030,7.950,7.960,51168000
2025-09-01 10:00:00,7.960,7.980,7.880,7.920,55392531
2025-09-01 10:30:00,7.930,8.010,7.910,7.970,28282100
2025-09-01 11:00:00,7.970,7.980,7.950,7.970,13614600
2025-09-01 11:30:00,7.970,7.980,7.890,7.900,35053200
2025-09-01 13:30:00,7.900,7.920,7.880,7.900,23370400
2025-09-01 14:00:00,7.890,7.900,7.860,7.880,31167550
2025-09-01 14:30:00,7.880,7.900,7.870,7.880,21154900
2025-09-01 15:00:00,7.880,7.890,7.860,7.890,47982200
2025-09-02 10:00:00,7.870,7.910,7.810,7.820,61274733
2025-09-02 10:30:00,7.820,7.840,7.800,7.830,26972800
2025-09-02 11:00:00,7.840,7.850,7.780,7.790,33906149
2025-09-02 11:30:00,7.790,7.860,7.770,7.850,34480704
2025-09-02 13:30:00,7.850,7.870,7.800,7.810,18655800
2025-09-02 14:00:00,7.800,7.840,7.800,7.820,11566700
2025-09-02 14:30:00,7.830,7.840,7.810,7.810,10827700
2025-09-02 15:00:00,7.810,7.830,7.790,7.820,23414645
2025-09-03 10:00:00,7.830,7.850,7.770,7.780,37021800
2025-09-03 10:30:00,7.780,7.780,7.760,7.760,20387922
2025-09-03 11:00:00,7.770,7.780,7.740,7.760,20366465
2025-09-03 11:30:00,7.760,7.770,7.740,7.750,11301813
2025-09-03 13:30:00,7.750,7.760,7.710,7.730,17945600
2025-09-03 14:00:00,7.720,7.730,7.700,7.720,22203670
2025-09-03 14:30:00,7.710,7.730,7.700,7.710,14000298
2025-09-03 15:00:00,7.710,7.730,7.680,7.730,33154818
2025-09-04 10:00:00,7.720,7.750,7.680,7.750,33480800
2025-09-04 10:30:00,7.740,7.750,7.720,7.730,14022896
2025-09-04 11:00:00,7.730,7.750,7.710,7.720,15390123
2025-09-04 11:30:00,7.720,7.760,7.720,7.740,10469634
2025-09-04 13:30:00,7.740,7.760,7.730,7.740,9894300
2025-09-04 14:00:00,7.730,7.750,7.720,7.740,9236002
2025-09-04 14:30:00,7.740,7.740,7.690,7.700,13269004
2025-09-04 15:00:00,7.700,7.740,7.680,7.720,22776542
2025-09-05 10:00:00,7.720,7.740,7.690,7.730,24763159
2025-09-05 10:30:00,7.730,7.740,7.700,7.720,16695800
2025-09-05 11:00:00,7.710,7.730,7.710,7.720,10767500
2025-09-05 11:30:00,7.710,7.730,7.710,7.720,5443374
2025-09-05 13:30:00,7.720,7.730,7.710,7.720,8610308
2025-09-05 14:00:00,7.720,7.740,7.710,7.730,16435296
2025-09-05 14:30:00,7.730,7.750,7.730,7.740,15143809
2025-09-05 15:00:00,7.740,7.750,7.720,7.740,39052081
2025-09-08 10:00:00,7.780,7.830,7.780,7.780,78173542
2025-09-08 10:30:00,7.780,7.800,7.750,7.770,26330753
2025-09-08 11:00:00,7.770,7.820,7.760,7.790,20491500
2025-09-08 11:30:00,7.780,7.800,7.760,7.770,20983554
2025-09-08 13:30:00,7.780,7.790,7.740,7.750,32001904
2025-09-08 14:00:00,7.740,7.760,7.730,7.750,18615500
2025-09-08 14:30:00,7.750,7.760,7.740,7.750,16483048
2025-09-08 15:00:00,7.760,7.760,7.740,7.760,23043282
2025-09-09 10:00:00,7.780,7.830,7.750,7.800,60503247
2025-09-09 10:30:00,7.800,7.860,7.790,7.850,60568880
2025-09-09 11:00:00,7.850,7.870,7.830,7.850,33800653
2025-09-09 11:30:00,7.860,7.860,7.830,7.840,23508105
2025-09-09 13:30:00,7.850,7.870,7.820,7.860,28557531
2025-09-09 14:00:00,7.860,7.880,7.850,7.860,32001380
2025-09-09 14:30:00,7.860,7.880,7.840,7.870,22280400
2025-09-09 15:00:00,7.870,7.890,7.860,7.880,22981500
2025-09-10 10:00:00,7.850,7.850,7.800,7.800,51434400
2025-09-10 10:30:00,7.800,7.830,7.790,7.790,22830000
2025-09-10 11:00:00,7.790,7.820,7.790,7.800,9385234
2025-09-10 11:30:00,7.810,7.820,7.790,7.800,9466119
2025-09-10 13:30:00,7.800,7.830,7.800,7.830,9012000
2025-09-10 14:00:00,7.820,7.840,7.800,7.800,15499101
2025-09-10 14:30:00,7.810,7.830,7.800,7.820,11118852
2025-09-10 15:00:00,7.820,7.830,7.810,7.830,16326300
2025-09-11 10:00:00,7.800,7.810,7.750,7.780,36467970
2025-09-11 10:30:00,7.790,7.790,7.760,7.760,16942600
2025-09-11 11:00:00,7.770,7.780,7.750,7.760,22781906
2025-09-11 11:30:00,7.770,7.800,7.760,7.790,15795047
2025-09-11 13:30:00,7.800,7.800,7.770,7.770,14440237
2025-09-11 14:00:00,7.770,7.780,7.760,7.770,12669784
2025-09-11 14:30:00,7.780,7.810,7.770,7.800,17110090
2025-09-11 15:00:00,7.800,7.820,7.790,7.820,23361110
2025-09-12 10:00:00,7.830,7.860,7.830,7.850,46685010
2025-09-12 10:30:00,7.840,7.900,7.840,7.880,43834500
2025-09-12 11:00:00,7.880,7.880,7.850,7.850,15919920
2025-09-12 11:30:00,7.850,7.940,7.840,7.940,34574228
2025-09-12 13:30:00,7.940,8.000,7.910,7.930,54119200
2025-09-12 14:00:00,7.920,7.930,7.870,7.880,25533842
2025-09-12 14:30:00,7.880,7.890,7.840,7.850,34386800
2025-09-12 15:00:00,7.860,7.880,7.830,7.870,37605391
2025-09-15 10:00:00,7.860,7.920,7.810,7.830,67161701
2025-09-15 10:30:00,7.830,7.840,7.810,7.820,28442572
2025-09-15 11:00:00,7.820,7.840,7.820,7.830,10990600
2025-09-15 11:30:00,7.820,7.850,7.810,7.840,9525400
2025-09-15 13:30:00,7.840,7.870,7.830,7.860,19618777
2025-09-15 14:00:00,7.860,7.890,7.840,7.870,18350900
2025-09-15 14:30:00,7.870,7.900,7.850,7.880,28581407
2025-09-15 15:00:00,7.890,7.970,7.890,7.960,64564440
2025-09-16 10:00:00,7.940,8.010,7.910,7.930,72191561
2025-09-16 10:30:00,7.920,7.940,7.890,7.910,26616700
2025-09-16 11:00:00,7.910,7.920,7.880,7.890,19067043
2025-09-16 11:30:00,7.890,7.920,7.880,7.910,11601155
2025-09-16 13:30:00,7.920,7.930,7.900,7.930,10546118
2025-09-16 14:00:00,7.920,7.960,7.920,7.950,9699400
2025-09-16 14:30:00,7.960,7.960,7.940,7.940,10662502
2025-09-16 15:00:00,7.940,7.980,7.940,7.980,30295174
2025-09-17 10:00:00,7.960,8.000,7.910,7.920,50287393
2025-09-17 10:30:00,7.920,7.920,7.900,7.910,18337000
2025-09-17 11:00:00,7.920,7.950,7.910,7.930,10615839
2025-09-17 11:30:00,7.930,7.960,7.930,7.940,13929166
2025-09-17 13:30:00,7.950,8.030,7.940,8.000,52273264
2025-09-17 14:00:00,8.000,8.020,7.980,7.990,20124114
2025-09-17 14:30:00,7.990,7.990,7.970,7.990,10755628
2025-09-17 15:00:00,7.990,8.000,7.970,8.000,27662974
2025-09-18 10:00:00,7.950,7.960,7.880,7.910,68243559
2025-09-18 10:30:00,7.910,7.930,7.890,7.890,24013476
2025-09-18 11:00:00,7.890,7.910,7.840,7.850,46797897
2025-09-18 11:30:00,7.840,7.860,7.820,7.850,19540212
2025-09-18 13:30:00,7.850,7.860,7.810,7.820,18307949
2025-09-18 14:00:00,7.830,7.840,7.810,7.810,13981973
2025-09-18 14:30:00,7.820,7.820,7.770,7.780,33448813
2025-09-18 15:00:00,7.780,7.790,7.730,7.760,36360904
2025-09-19 10:00:00,7.770,7.790,7.720,7.730,33363441
2025-09-19 10:30:00,7.720,7.730,7.700,7.710,24524000
2025-09-19 11:00:00,7.710,7.720,7.690,7.700,17195300
2025-09-19 11:30:00,7.700,7.750,7.700,7.750,9644364
2025-09-19 13:30:00,7.740,7.780,7.730,7.740,17432150
2025-09-19 14:00:00,7.740,7.790,7.730,7.770,16446500
2025-09-19 14:30:00,7.780,7.910,7.770,7.890,68040579
2025-09-19 15:00:00,7.900,7.950,7.880,7.930,74481841
2025-09-22 10:00:00,7.860,7.880,7.780,7.870,67627000
2025-09-22 10:30:00,7.870,7.890,7.810,7.830,21616738
2025-09-22 11:00:00,7.820,7.830,7.780,7.810,25676296
2025-09-22 11:30:00,7.820,7.870,7.810,7.840,12261400
2025-09-22 13:30:00,7.840,7.850,7.800,7.800,9826900
2025-09-22 14:00:00,7.800,7.820,7.790,7.800,9399000
2025-09-22 14:30:00,7.800,7.820,7.780,7.800,12428400
2025-09-22 15:00:00,7.800,7.820,7.800,7.820,15204845
2025-09-23 10:00:00,7.760,7.780,7.680,7.690,57484800
2025-09-23 10:30:00,7.690,7.700,7.600,7.610,49678390
2025-09-23 11:00:00,7.610,7.620,7.580,7.620,23680000
2025-09-23 11:30:00,7.620,7.620,7.600,7.610,11543300
2025-09-23 13:30:00,7.610,7.610,7.580,7.610,13918600
2025-09-23 14:00:00,7.600,7.620,7.580,7.590,10652200
2025-09-23 14:30:00,7.600,7.620,7.580,7.620,12357600
2025-09-23 15:00:00,7.620,7.640,7.610,7.620,14705410
2025-09-24 10:00:00,7.580,7.780,7.570,7.740,55444791
2025-09-24 10:30:00,7.740,7.750,7.680,7.700,25944000
2025-09-24 11:00:00,7.700,7.720,7.660,7.700,12498706
2025-09-24 11:30:00,7.710,7.710,7.680,7.690,4963500
2025-09-24 13:30:00,7.690,7.700,7.660,7.670,9281503
2025-09-24 14:00:00,7.670,7.700,7.670,7.690,7518078
2025-09-24 14:30:00,7.690,7.700,7.660,7.670,11314347
2025-09-24 15:00:00,7.680,7.680,7.660,7.660,19212703
2025-09-25 10:00:00,7.640,7.660,7.590,7.610,33083983
2025-09-25 10:30:00,7.620,7.620,7.590,7.600,18404617
2025-09-25 11:00:00,7.600,7.620,7.600,7.600,8859600
2025-09-25 11:30:00,7.610,7.620,7.590,7.600,14676200
2025-09-25 13:30:00,7.610,7.690,7.600,7.660,29265790
2025-09-25 14:00:00,7.660,7.680,7.650,7.650,11244300
2025-09-25 14:30:00,7.660,7.680,7.650,7.680,10429356
2025-09-25 15:00:00,7.670,7.680,7.650,7.660,16428447
2025-09-26 10:00:00,7.630,7.660,7.620,7.620,24903882
2025-09-26 10:30:00,7.630,7.730,7.620,7.690,32548987
2025-09-26 11:00:00,7.700,7.900,7.690,7.800,102036304
2025-09-26 11:30:00,7.800,7.820,7.780,7.780,15041000
2025-09-26 13:30:00,7.790,7.790,7.760,7.770,12925700
2025-09-26 14:00:00,7.770,7.780,7.750,7.760,7100500
2025-09-26 14:30:00,7.760,7.770,7.730,7.730,7859800
2025-09-26 15:00:00,7.740,7.750,7.720,7.720,13506690
2025-09-29 10:00:00,7.700,7.720,7.610,7.640,55392678
2025-09-29 10:30:00,7.640,7.660,7.620,7.640,14481512
2025-09-29 11:00:00,7.640,7.650,7.620,7.640,12811600
2025-09-29 11:30:00,7.640,7.650,7.620,7.630,7630738
2025-09-29 13:30:00,7.640,7.670,7.640,7.650,10516102
2025-09-29 14:00:00,7.660,7.780,7.650,7.760,28409787
2025-09-29 14:30:00,7.760,7.780,7.720,7.730,14329448
2025-09-29 15:00:00,7.730,7.740,7.690,7.720,19374480
2025-09-30 10:00:00,7.700,7.870,7.690,7.830,66547421
2025-09-30 10:30:00,7.840,7.880,7.800,7.810,56752784
2025-09-30 11:00:00,7.820,7.830,7.790,7.820,14716236
2025-09-30 11:30:00,7.820,7.850,7.820,7.840,11955107
2025-09-30 13:30:00,7.850,7.870,7.820,7.840,19486997
2025-09-30 14:00:00,7.840,7.880,7.830,7.870,31126490
2025-09-30 14:30:00,7.870,7.880,7.850,7.860,22095084
2025-09-30 15:00:00,7.860,7.870,7.850,7.860,28213100
2025-10-09 10:00:00,7.820,7.830,7.620,7.650,115937766
2025-10-09 10:30:00,7.650,7.670,7.640,7.650,26265167
2025-10-09 11:00:00,7.660,7.700,7.640,7.680,17413600
2025-10-09 11:30:00,7.680,7.730,7.670,7.720,13084300
2025-10-09 13:30:00,7.720,7.760,7.710,7.740,14390700
2025-10-09 14:00:00,7.740,7.760,7.730,7.750,13734526
2025-10-09 14:30:00,7.750,7.860,7.740,7.830,36540944
2025-10-09 15:00:00,7.830,7.890,7.830,7.880,37135584
2025-10-10 10:00:00,7.790,8.000,7.780,7.870,90362870
2025-10-10 10:30:00,7.880,7.900,7.850,7.900,16843265
2025-10-10 11:00:00,7.900,7.900,7.850,7.860,12918600
2025-10-10 11:30:00,7.860,7.870,7.830,7.860,12216679
2025-10-10 13:30:00,7.860,7.960,7.860,7.940,29862706
2025-10-10 14:00:00,7.930,7.950,7.910,7.940,28087233
2025-10-10 14:30:00,7.940,7.950,7.890,7.910,14993400
2025-10-10 15:00:00,7.900,7.940,7.870,7.930,27243098
2025-10-13 10:00:00,7.780,7.910,7.710,7.850,92204425
2025-10-13 10:30:00,7.850,7.960,7.830,7.930,42449208
2025-10-13 11:00:00,7.930,7.940,7.870,7.900,17581380
2025-10-13 11:30:00,7.900,7.900,7.840,7.840,12610044
2025-10-13 13:30:00,7.840,7.890,7.820,7.890,19627100
2025-10-13 14:00:00,7.880,7.910,7.870,7.900,15384375
2025-10-13 14:30:00,7.910,7.910,7.870,7.880,15722000
2025-10-13 15:00:00,7.880,7.900,7.870,7.890,23179680
2025-10-14 10:00:00,7.880,7.960,7.860,7.950,49787816
2025-10-14 10:30:00,7.950,7.990,7.930,7.960,38227265
2025-10-14 11:00:00,7.950,7.960,7.890,7.910,20098899
2025-10-14 11:30:00,7.900,7.920,7.870,7.900,15217500
2025-10-14 13:30:00,7.910,7.910,7.840,7.880,18754126
2025-10-14 14:00:00,7.890,7.890,7.860,7.860,10627100
2025-10-14 14:30:00,7.870,7.880,7.850,7.870,13080400
2025-10-14 15:00:00,7.870,7.900,7.850,7.880,22983471
2025-10-15 10:00:00,7.860,7.920,7.850,7.880,25190100
2025-10-15 10:30:00,7.880,7.890,7.830,7.850,18721600
2025-10-15 11:00:00,7.860,7.870,7.790,7.790,24344100
2025-10-15 11:30:00,7.800,7.830,7.780,7.800,14436000
2025-10-15 13:30:00,7.810,7.830,7.790,7.810,10878700
2025-10-15 14:00:00,7.820,7.840,7.810,7.830,10852178
2025-10-15 14:30:00,7.830,7.870,7.820,7.850,12924311
2025-10-15 15:00:00,7.860,7.880,7.850,7.870,19054724
2025-10-16 10:00:00,7.840,7.850,7.800,7.820,21121124
2025-10-16 10:30:00,7.830,7.870,7.820,7.830,15181098
2025-10-16 11:00:00,7.820,7.850,7.810,7.840,15076900
2025-10-16 11:30:00,7.840,7.860,7.810,7.820,10403987
2025-10-16 13:30:00,7.820,7.820,7.780,7.780,23911813
2025-10-16 14:00:00,7.780,7.820,7.770,7.810,14287098
2025-10-16 14:30:00,7.810,7.840,7.800,7.840,16293700
2025-10-16 15:00:00,7.840,7.840,7.810,7.820,15406100
2025-10-17 10:00:00,7.810,7.910,7.800,7.860,68838725
2025-10-17 10:30:00,7.850,7.880,7.820,7.820,21238189
2025-10-17 11:00:00,7.830,7.860,7.820,7.840,10131950
2025-10-17 11:30:00,7.830,7.840,7.810,7.820,8874692
2025-10-17 13:30:00,7.820,7.840,7.810,7.840,12518200
2025-10-17 14:00:00,7.840,7.850,7.810,7.830,12924205
2025-10-17 14:30:00,7.820,7.840,7.780,7.790,17879297
2025-10-17 15:00:00,7.780,7.790,7.740,7.750,27355546
2025-10-20 10:00:00,7.780,7.800,7.740,7.780,34433388
2025-10-20 10:30:00,7.790,7.790,7.740,7.750,12566000
2025-10-20 11:00:00,7.760,7.770,7.720,7.730,14048800
2025-10-20 11:30:00,7.730,7.740,7.710,7.730,11468200
2025-10-20 13:30:00,7.740,7.740,7.690,7.710,16457900
2025-10-20 14:00:00,7.700,7.720,7.690,7.710,8126600
2025-10-20 14:30:00,7.710,7.730,7.700,7.700,7411179
2025-10-20 15:00:00,7.710,7.720,7.690,7.710,14143748
2025-10-21 10:00:00,7.710,7.740,7.680,7.730,23195896
2025-10-21 10:30:00,7.740,7.760,7.730,7.750,15279200
2025-10-21 11:00:00,7.740,7.770,7.730,7.750,16991800
2025-10-21 11:30:00,7.750,7.770,7.750,7.750,12560300
2025-10-21 13:30:00,7.750,7.760,7.720,7.720,12570302
2025-10-21 14:00:00,7.720,7.730,7.690,7.700,24900398
2025-10-21 14:30:00,7.710,7.740,7.700,7.730,8408934
2025-10-21 15:00:00,7.740,7.740,7.720,7.720,14643356
2025-10-22 10:00:00,7.640,7.710,7.620,7.690,56498600
2025-10-22 10:30:00,7.680,7.690,7.640,7.650,32661700
2025-10-22 11:00:00,7.650,7.650,7.630,7.630,20152756
2025-10-22 11:30:00,7.630,7.650,7.620,7.630,14923900
2025-10-22 13:30:00,7.640,7.650,7.620,7.640,14602000
2025-10-22 14:00:00,7.630,7.640,7.570,7.590,49899900
2025-10-22 14:30:00,7.590,7.590,7.560,7.590,38058416
2025-10-22 15:00:00,7.580,7.590,7.570,7.580,24866355
2025-10-23 10:00:00,7.580,7.590,7.510,7.510,45084000
2025-10-23 10:30:00,7.520,7.520,7.440,7.470,44003300
2025-10-23 11:00:00,7.470,7.510,7.460,7.480,13900823
2025-10-23 11:30:00,7.480,7.500,7.470,7.480,7326600
2025-10-23 13:30:00,7.490,7.490,7.460,7.460,9364600
2025-10-23 14:00:00,7.460,7.480,7.450,7.460,13925100
2025-10-23 14:30:00,7.460,7.500,7.450,7.500,9333400
2025-10-23 15:00:00,7.500,7.510,7.490,7.510,18454500
2025-10-24 10:00:00,7.500,7.520,7.490,7.500,24372000
2025-10-24 10:30:00,7.490,7.500,7.470,7.480,13047300
2025-10-24 11:00:00,7.470,7.500,7.470,7.500,9779400
2025-10-24 11:30:00,7.500,7.500,7.480,7.490,3713400
2025-10-24 13:30:00,7.490,7.500,7.480,7.500,9841505
2025-10-24 14:00:00,7.490,7.500,7.480,7.490,4206318
2025-10-24 14:30:00,7.480,7.490,7.480,7.490,6901100
2025-10-24 15:00:00,7.490,7.490,7.480,7.490,14769200
2025-10-27 10:00:00,7.500,7.510,7.470,7.480,24472597
2025-10-27 10:30:00,7.480,7.500,7.470,7.480,20402200
2025-10-27 11:00:00,7.490,7.490,7.470,7.490,8433100
2025-10-27 11:30:00,7.480,7.510,7.480,7.510,9707000
2025-10-27 13:30:00,7.500,7.510,7.490,7.500,7276900
2025-10-27 14:00:00,7.500,7.500,7.480,7.490,10403900
2025-10-27 14:30:00,7.480,7.500,7.480,7.480,8245204
2025-10-27 15:00:00,7.480,7.490,7.470,7.480,16107949
2025-10-28 10:00:00,7.480,7.490,7.440,7.450,28165400
2025-10-28 10:30:00,7.440,7.470,7.440,7.450,10501589
2025-10-28 11:00:00,7.450,7.460,7.450,7.450,5652900
2025-10-28 11:30:00,7.450,7.470,7.440,7.450,12893448
2025-10-28 13:30:00,7.460,7.460,7.440,7.440,9349100
2025-10-28 14:00:00,7.440,7.450,7.420,7.430,17110223
2025-10-28 14:30:00,7.440,7.440,7.410,7.420,15385057
2025-10-28 15:00:00,7.420,7.430,7.410,7.420,17786934
2025-10-29 10:00:00,7.420,7.430,7.360,7.370,31930500
2025-10-29 10:30:00,7.370,7.400,7.360,7.400,19437445
2025-10-29 11:00:00,7.390,7.420,7.390,7.400,14358712
2025-10-29 11:30:00,7.410,7.440,7.400,7.430,11862550
2025-10-29 13:30:00,7.430,7.440,7.410,7.410,8367100
2025-10-29 14:00:00,7.420,7.430,7.410,7.430,6450263
2025-10-29 14:30:00,7.430,7.440,7.420,7.430,7426600
2025-10-29 15:00:00,7.430,7.440,7.420,7.440,16249200
2025-10-30 10:00:00,7.420,7.440,7.400,7.410,24575100
2025-10-30 10:30:00,7.420,7.430,7.410,7.420,9736301
2025-10-30 11:00:00,7.420,7.430,7.390,7.400,15382799
2025-10-30 11:30:00,7.400,7.420,7.390,7.410,6113172
2025-10-30 13:30:00,7.410,7.410,7.360,7.380,25926528
2025-10-30 14:00:00,7.380,7.380,7.360,7.370,18768700
2025-10-30 14:30:00,7.380,7.380,7.330,7.340,30068700
2025-10-30 15:00:00,7.340,7.340,7.320,7.330,23630100
2025-10-31 10:00:00,7.330,7.350,7.310,7.330,22973035
2025-10-31 10:30:00,7.330,7.340,7.320,7.330,12115600
2025-10-31 11:00:00,7.330,7.350,7.320,7.350,12246100
2025-10-31 11:30:00,7.350,7.350,7.330,7.340,7936601
2025-10-31 13:30:00,7.340,7.340,7.330,7.340,4710600
2025-10-31 14:00:00,7.340,7.350,7.330,7.330,6118540
2025-10-31 14:30:00,7.330,7.340,7.320,7.330,14447400
2025-10-31 15:00:00,7.330,7.340,7.320,7.330,11456184
2025-11-03 10:00:00,7.350,7.350,7.320,7.330,16172444
2025-11-03 10:30:00,7.330,7.330,7.300,7.300,13641419
2025-11-03 11:00:00,7.310,7.310,7.270,7.300,18582166
2025-11-03 11:30:00,7.300,7.310,7.290,7.300,4952000
2025-11-03 13:30:00,7.290,7.310,7.290,7.310,8928800
2025-11-03 14:00:00,7.310,7.310,7.290,7.300,8043400
2025-11-03 14:30:00,7.300,7.310,7.290,7.290,8079200
2025-11-03 15:00:00,7.300,7.310,7.290,7.300,11824802
2025-11-04 10:00:00,7.280,7.290,7.230,7.240,34047700
2025-11-04 10:30:00,7.250,7.250,7.210,7.220,27803600
2025-11-04 11:00:00,7.220,7.230,7.200,7.210,23698310
2025-11-04 11:30:00,7.220,7.240,7.210,7.220,11098807
2025-11-04 13:30:00,7.230,7.230,7.210,7.210,6255300
2025-11-04 14:00:00,7.220,7.220,7.200,7.210,12296700
2025-11-04 14:30:00,7.210,7.220,7.190,7.200,12182800
2025-11-04 15:00:00,7.200,7.220,7.190,7.210,14509848
2025-11-05 10:00:00,7.150,7.210,7.130,7.210,24507958
2025-11-05 10:30:00,7.200,7.210,7.170,7.180,11552800
2025-11-05 11:00:00,7.180,7.190,7.170,7.180,5894701
2025-11-05 11:30:00,7.180,7.200,7.170,7.190,5656568
2025-11-05 13:30:00,7.200,7.200,7.180,7.190,6160300
2025-11-05 14:00:00,7.190,7.200,7.180,7.190,7665400
2025-11-05 14:30:00,7.180,7.200,7.180,7.190,7274303
2025-11-05 15:00:00,7.190,7.200,7.180,7.180,13002897
2025-11-06 10:00:00,7.160,7.190,7.150,7.170,20115948
2025-11-06 10:30:00,7.180,7.180,7.160,7.180,9726355
2025-11-06 11:00:00,7.180,7.190,7.170,7.180,9674400
2025-11-06 11:30:00,7.180,7.180,7.160,7.170,7188900
2025-11-06 13:30:00,7.170,7.180,7.160,7.170,7987019
2025-11-06 14:00:00,7.170,7.170,7.160,7.170,9638954
2025-11-06 14:30:00,7.170,7.180,7.160,7.170,8526900
2025-11-06 15:00:00,7.170,7.180,7.160,7.170,11802786
2025-11-07 10:00:00,7.150,7.230,7.150,7.210,31284800
2025-11-07 10:30:00,7.220,7.220,7.190,7.210,13265760
2025-11-07 11:00:00,7.210,7.210,7.190,7.200,5423900
2025-11-07 11:30:00,7.200,7.210,7.180,7.190,7052200
2025-11-07 13:30:00,7.190,7.190,7.180,7.190,4340300
2025-11-07 14:00:00,7.190,7.200,7.180,7.180,6063900
2025-11-07 14:30:00,7.190,7.190,7.170,7.180,5742148
2025-11-07 15:00:00,7.190,7.190,7.180,7.180,9496336
2025-11-10 10:00:00,7.210,7.240,7.190,7.230,34357230
2025-11-10 10:30:00,7.220,7.240,7.210,7.230,16658800
2025-11-10 11:00:00,7.240,7.250,7.230,7.230,12425200
2025-11-10 11:30:00,7.230,7.260,7.230,7.250,13148954
2025-11-10 13:30:00,7.240,7.260,7.240,7.260,9116600
2025-11-10 14:00:00,7.260,7.270,7.250,7.260,12121600
2025-11-10 14:30:00,7.250,7.270,7.250,7.260,6779708
2025-11-10 15:00:00,7.270,7.280,7.260,7.270,18989071
2025-11-11 10:00:00,7.280,7.310,7.250,7.310,27045812
2025-11-11 10:30:00,7.310,7.320,7.280,7.280,21503500
2025-11-11 11:00:00,7.280,7.290,7.260,7.260,12192802
2025-11-11 11:30:00,7.260,7.270,7.250,7.260,6384290
2025-11-11 13:30:00,7.270,7.280,7.260,7.260,8033200
2025-11-11 14:00:00,7.260,7.290,7.260,7.280,7068400
2025-11-11 14:30:00,7.280,7.300,7.270,7.290,7778430
2025-11-11 15:00:00,7.300,7.300,7.280,7.290,12390969
2025-11-12 10:00:00,7.300,7.310,7.260,7.270,18781401
2025-11-12 10:30:00,7.280,7.300,7.270,7.290,12033000
2025-11-12 11:00:00,7.280,7.290,7.270,7.270,7225500
2025-11-12 11:30:00,7.270,7.290,7.260,7.290,13379367
2025-11-12 13:30:00,7.290,7.300,7.260,7.270,9207800
2025-11-12 14:00:00,7.260,7.280,7.260,7.270,4946304
2025-11-12 14:30:00,7.270,7.290,7.260,7.270,5730200
2025-11-12 15:00:00,7.270,7.290,7.270,7.270,8529200
2025-11-13 10:00:00,7.260,7.270,7.210,7.250,22809009
2025-11-13 10:30:00,7.250,7.260,7.230,7.240,9563800
2025-11-13 11:00:00,7.240,7.260,7.240,7.240,4782892
2025-11-13 11:30:00,7.250,7.260,7.240,7.250,5269200
2025-11-13 13:30:00,7.250,7.270,7.250,7.250,9948007
2025-11-13 14:00:00,7.250,7.270,7.240,7.250,8564159
2025-11-13 14:30:00,7.260,7.270,7.250,7.260,5301491
2025-11-13 15:00:00,7.260,7.290,7.260,7.280,16836012
2025-11-14 10:00:00,7.260,7.310,7.250,7.290,33126445
2025-11-14 10:30:00,7.290,7.300,7.280,7.290,8878800
2025-11-14 11:00:00,7.300,7.310,7.280,7.290,13365700
2025-11-14 11:30:00,7.280,7.290,7.280,7.280,4828400
2025-11-14 13:30:00,7.290,7.290,7.270,7.290,8998600
2025-11-14 14:00:00,7.280,7.300,7.280,7.290,7503599
2025-11-14 14:30:00,7.280,7.290,7.270,7.280,8214500
2025-11-14 15:00:00,7.280,7.280,7.250,7.250,16150100
2025-11-17 10:00:00,7.240,7.260,7.230,7.240,19040100
2025-11-17 10:30:00,7.230,7.250,7.230,7.230,8029200
2025-11-17 11:00:00,7.230,7.270,7.230,7.270,8953705
2025-11-17 11:30:00,7.260,7.270,7.250,7.260,5977600
2025-11-17 13:30:00,7.270,7.270,7.250,7.250,5919650
2025-11-17 14:00:00,7.250,7.260,7.240,7.240,5356300
2025-11-17 14:30:00,7.250,7.260,7.230,7.240,8054800
2025-11-17 15:00:00,7.240,7.260,7.240,7.250,11269905
2025-11-18 10:00:00,7.240,7.250,7.160,7.180,35008600
2025-11-18 10:30:00,7.170,7.180,7.150,7.170,18503227
2025-11-18 11:00:00,7.160,7.170,7.130,7.130,23489673
2025-11-18 11:30:00,7.140,7.140,7.130,7.140,9640644
2025-11-18 13:30:00,7.140,7.140,7.080,7.100,27921992
2025-11-18 14:00:00,7.090,7.120,7.090,7.100,9437900
2025-11-18 14:30:00,7.100,7.110,7.080,7.080,10412700
2025-11-18 15:00:00,7.090,7.100,7.080,7.080,20714074
2025-11-19 10:00:00,7.080,7.090,6.990,7.000,41807146
2025-11-19 10:30:00,7.000,7.020,6.980,7.000,20257495
2025-11-19 11:00:00,7.000,7.020,6.990,7.010,8305100
2025-11-19 11:30:00,7.000,7.010,6.950,6.960,16204900
2025-11-19 13:30:00,6.960,6.960,6.930,6.950,17165639
2025-11-19 14:00:00,6.940,6.950,6.930,6.950,10856161
2025-11-19 14:30:00,6.950,6.970,6.940,6.960,16916671
2025-11-19 15:00:00,6.960,6.970,6.940,6.950,19514397
2025-11-20 10:00:00,6.950,6.960,6.900,6.920,28126600
2025-11-20 10:30:00,6.930,6.930,6.880,6.890,17792300
2025-11-20 11:00:00,6.890,6.890,6.860,6.860,17473600
2025-11-20 11:30:00,6.870,7.180,6.860,7.160,123509564
2025-11-20 13:30:00,7.150,7.170,7.090,7.090,25556244
2025-11-20 14:00:00,7.090,7.110,7.070,7.100,12783850
2025-11-20 14:30:00,7.100,7.100,7.080,7.100,7281197
2025-11-20 15:00:00,7.100,7.100,7.060,7.070,16373981
2025-11-21 10:00:00,6.990,7.070,6.960,7.040,46784317
2025-11-21 10:30:00,7.040,7.060,6.980,6.990,20022078
2025-11-21 11:00:00,7.000,7.000,6.960,6.980,17854391
2025-11-21 11:30:00,6.970,7.000,6.970,7.000,7290123
2025-11-21 13:30:00,7.000,7.010,6.980,6.980,6078509
2025-11-21 14:00:00,6.990,7.000,6.960,6.970,6599377
2025-11-21 14:30:00,6.970,6.980,6.950,6.960,8381600
2025-11-21 15:00:00,6.960,6.970,6.930,6.930,13727700
2025-11-24 10:00:00,6.930,7.030,6.930,7.020,30673933
2025-11-24 10:30:00,7.020,7.060,7.020,7.050,22251663
2025-11-24 11:00:00,7.050,7.060,6.990,6.990,13146900
2025-11-24 11:30:00,7.000,7.010,6.960,6.980,11965058
2025-11-24 13:30:00,6.970,7.010,6.960,7.010,6001200
2025-11-24 14:00:00,7.010,7.030,7.000,7.010,6112700
2025-11-24 14:30:00,7.010,7.020,7.000,7.010,4384700
2025-11-24 15:00:00,7.010,7.020,6.990,7.000,14971600
2025-11-25 10:00:00,6.990,7.020,6.950,6.980,22980825
2025-11-25 10:30:00,6.970,6.990,6.970,6.980,10631200
2025-11-25 11:00:00,6.980,6.990,6.970,6.970,8888500
2025-11-25 11:30:00,6.970,7.030,6.960,7.000,19140800
2025-11-25 13:30:00,7.010,7.010,6.990,7.000,5108100
2025-11-25 14:00:00,7.000,7.020,6.990,7.000,4649540
2025-11-25 14:30:00,7.010,7.010,6.990,7.000,3321363
2025-11-25 15:00:00,7.000,7.000,6.980,6.980,9689864
2025-11-26 10:00:00,6.980,6.990,6.940,6.970,15871340
2025-11-26 10:30:00,6.980,6.980,6.940,6.950,10456900
2025-11-26 11:00:00,6.950,6.950,6.900,6.920,19718600
2025-11-26 11:30:00,6.920,6.930,6.910,6.920,5212500
2025-11-26 13:30:00,6.920,6.930,6.880,6.890,21698745
2025-11-26 14:00:00,6.880,6.890,6.870,6.880,11307911
2025-11-26 14:30:00,6.890,6.900,6.880,6.890,6726808
2025-11-26 15:00:00,6.890,6.890,6.870,6.870,15046501
2025-11-27 10:00:00,6.770,6.790,6.660,6.780,67609413
2025-11-27 10:30:00,6.790,6.800,6.750,6.790,13198240
2025-11-27 11:00:00,6.780,6.820,6.780,6.800,7625592
2025-11-27 11:30:00,6.810,6.830,6.790,6.800,6457200
2025-11-27 13:30:00,6.800,6.810,6.780,6.790,7293700
2025-11-27 14:00:00,6.800,6.810,6.790,6.800,6956195
2025-11-27 14:30:00,6.810,6.820,6.800,6.810,6859500
2025-11-27 15:00:00,6.810,6.810,6.770,6.770,13022213
2025-11-28 10:00:00,6.750,6.760,6.680,6.690,27919969
2025-11-28 10:30:00,6.690,6.720,6.680,6.710,10134200
2025-11-28 11:00:00,6.710,6.720,6.680,6.710,13160613
2025-11-28 11:30:00,6.710,6.780,6.700,6.740,16318010
2025-11-28 13:30:00,6.740,6.760,6.720,6.740,7284860
2025-11-28 14:00:00,6.740,6.770,6.740,6.750,7707086
2025-11-28 14:30:00,6.750,6.760,6.740,6.750,5006600
2025-11-28 15:00:00,6.750,6.780,6.750,6.760,10863646
2025-12-01 10:00:00,6.720,6.750,6.690,6.720,33239900
2025-12-01 10:30:00,6.710,6.720,6.680,6.690,21339500
2025-12-01 11:00:00,6.690,6.690,6.660,6.670,21473502
2025-12-01 11:30:00,6.680,6.680,6.660,6.670,11184481
2025-12-01 13:30:00,6.660,6.670,6.640,6.650,24799056
2025-12-01 14:00:00,6.650,6.660,6.620,6.630,18720710
2025-12-01 14:30:00,6.640,6.640,6.610,6.610,18163200
2025-12-01 15:00:00,6.620,6.630,6.610,6.620,20370579
2025-12-02 10:00:00,6.620,6.650,6.580,6.650,40293900
2025-12-02 10:30:00,6.640,6.650,6.630,6.630,10841939
2025-12-02 11:00:00,6.640,6.640,6.610,6.620,8010461
2025-12-02 11:30:00,6.620,6.620,6.600,6.620,6228600
2025-12-02 13:30:00,6.610,6.620,6.590,6.600,7292000
2025-12-02 14:00:00,6.600,6.610,6.590,6.600,4061321
2025-12-02 14:30:00,6.610,6.610,6.590,6.610,5816500
2025-12-02 15:00:00,6.610,6.610,6.590,6.590,12608691
2025-12-03 10:00:00,6.590,6.610,6.510,6.530,34767795
2025-12-03 10:30:00,6.520,6.530,6.480,6.490,23215856
2025-12-03 11:00:00,6.490,6.500,6.460,6.470,24511731
2025-12-03 11:30:00,6.480,6.490,6.470,6.490,9123300
2025-12-03 13:30:00,6.490,6.510,6.480,6.500,13678454
2025-12-03 14:00:00,6.500,6.500,6.470,6.470,8600300
2025-12-03 14:30:00,6.480,6.480,6.460,6.470,7886353
2025-12-03 15:00:00,6.470,6.480,6.450,6.460,17607931
2025-12-04 10:00:00,6.460,6.590,6.450,6.530,52805145
2025-12-04 10:30:00,6.520,6.530,6.480,6.500,10329499
2025-12-04 11:00:00,6.500,6.540,6.480,6.520,13863401
2025-12-04 11:30:00,6.520,6.530,6.490,6.500,5059000
2025-12-04 13:30:00,6.500,6.510,6.480,6.490,6216300
2025-12-04 14:00:00,6.490,6.490,6.470,6.480,5495600
2025-12-04 14:30:00,6.480,6.480,6.450,6.470,11354000
2025-12-04 15:00:00,6.470,6.480,6.460,6.480,9505929
2025-12-05 10:00:00,6.460,6.470,6.390,6.420,28196716
2025-12-05 10:30:00,6.420,6.430,6.380,6.390,15936084
2025-12-05 11:00:00,6.390,6.400,6.380,6.390,16655500
2025-12-05 11:30:00,6.380,6.410,6.380,6.390,11754800
2025-12-05 13:30:00,6.400,6.400,6.380,6.390,12754682
2025-12-05 14:00:00,6.390,6.520,6.380,6.500,41547354
2025-12-05 14:30:00,6.510,6.540,6.490,6.540,24527171
2025-12-05 15:00:00,6.540,6.540,6.510,6.530,15585371
2025-12-08 10:00:00,6.490,6.550,6.490,6.530,28799294
2025-12-08 10:30:00,6.530,6.570,6.520,6.560,19313167
2025-12-08 11:00:00,6.560,6.570,6.550,6.560,8641257
2025-12-08 11:30:00,6.560,6.560,6.520,6.530,8591934
2025-12-08 13:30:00,6.530,6.530,6.500,6.520,11943866
2025-12-08 14:00:00,6.520,6.530,6.510,6.510,6460023
2025-12-08 14:30:00,6.520,6.520,6.490,6.500,9249200
2025-12-08 15:00:00,6.500,6.510,6.490,6.510,10999601
2025-12-09 10:00:00,6.490,6.500,6.400,6.410,36361000
2025-12-09 10:30:00,6.410,6.420,6.370,6.390,26367838
2025-12-09 11:00:00,6.390,6.410,6.380,6.380,8278400
2025-12-09 11:30:00,6.380,6.390,6.360,6.370,16571600
2025-12-09 13:30:00,6.360,6.380,6.360,6.360,13239200
2025-12-09 14:00:00,6.360,6.380,6.360,6.370,13956906
2025-12-09 14:30:00,6.370,6.380,6.360,6.360,10750000
2025-12-09 15:00:00,6.370,6.370,6.340,6.350,19469096
2025-12-10 10:00:00,6.340,6.360,6.280,6.360,27668352
2025-12-10 10:30:00,6.350,6.370,6.340,6.360,10799335
2025-12-10 11:00:00,6.360,6.370,6.340,6.360,8634096
2025-12-10 11:30:00,6.360,6.370,6.350,6.350,4580306
2025-12-10 13:30:00,6.360,6.600,6.350,6.580,63960870
2025-12-10 14:00:00,6.590,6.820,6.560,6.660,116809499
2025-12-10 14:30:00,6.660,6.740,6.650,6.680,32290329
2025-12-10 15:00:00,6.670,6.700,6.670,6.680,35030920
2025-12-11 10:00:00,6.580,6.580,6.450,6.450,78762600
2025-12-11 10:30:00,6.460,6.480,6.440,6.460,20198100
2025-12-11 11:00:00,6.460,6.470,6.440,6.450,13852100
2025-12-11 11:30:00,6.450,6.480,6.440,6.450,10537300
2025-12-11 13:30:00,6.460,6.560,6.450,6.460,24504315
2025-12-11 14:00:00,6.460,6.480,6.440,6.440,11654702
2025-12-11 14:30:00,6.450,6.460,6.420,6.430,10492798
2025-12-11 15:00:00,6.430,6.450,6.410,6.420,19507707
2025-12-12 10:00:00,6.460,6.530,6.430,6.490,43113963
2025-12-12 10:30:00,6.500,6.500,6.430,6.450,17835212
2025-12-12 11:00:00,6.440,6.460,6.430,6.450,12060700
2025-12-12 11:30:00,6.450,6.450,6.410,6.420,13620400
2025-12-12 13:30:00,6.430,6.440,6.400,6.420,13288700
2025-12-12 14:00:00,6.420,6.430,6.410,6.420,12982804
2025-12-12 14:30:00,6.420,6.460,6.410,6.450,17019394
2025-12-12 15:00:00,6.450,6.450,6.410,6.420,31996255
2025-12-15 10:00:00,6.320,6.380,6.310,6.330,41077073
2025-12-15 10:30:00,6.330,6.350,6.320,6.340,16953522
2025-12-15 11:00:00,6.340,6.360,6.330,6.340,12428000
2025-12-15 11:30:00,6.340,6.350,6.320,6.340,13422376
2025-12-15 13:30:00,6.340,6.350,6.310,6.310,13544529
2025-12-15 14:00:00,6.320,6.330,6.310,6.320,10151077
2025-12-15 14:30:00,6.310,6.320,6.270,6.280,29503823
2025-12-15 15:00:00,6.270,6.290,6.260,6.270,26794513
2025-12-16 10:00:00,6.270,6.330,6.260,6.290,29604765
2025-12-16 10:30:00,6.290,6.300,6.270,6.300,11383750
2025-12-16 11:00:00,6.290,6.300,6.260,6.270,13912750
2025-12-16 11:30:00,6.270,6.280,6.260,6.270,6940201
2025-12-16 13:30:00,6.270,6.290,6.250,6.270,12478071
2025-12-16 14:00:00,6.270,6.350,6.250,6.320,30471486
2025-12-16 14:30:00,6.320,6.320,6.290,6.300,8139900
2025-12-16 15:00:00,6.300,6.300,6.270,6.280,12565204
2025-12-17 10:00:00,6.270,6.280,6.190,6.210,33533800
2025-12-17 10:30:00,6.210,6.310,6.200,6.280,20808037
2025-12-17 11:00:00,6.280,6.280,6.260,6.270,6373200
2025-12-17 11:30:00,6.280,6.300,6.270,6.280,6740049
2025-12-17 13:30:00,6.290,6.290,6.220,6.240,9647300
2025-12-17 14:00:00,6.240,6.300,6.230,6.290,13344698
2025-12-17 14:30:00,6.280,6.310,6.280,6.290,18529478
2025-12-17 15:00:00,6.290,6.300,6.280,6.280,11176408
2025-12-18 10:00:00,6.250,6.280,6.230,6.270,21252500
2025-12-18 10:30:00,6.280,6.280,6.240,6.260,15914351
2025-12-18 11:00:00,6.260,6.270,6.240,6.240,13635000
2025-12-18 11:30:00,6.240,6.250,6.230,6.250,8511200
2025-12-18 13:30:00,6.250,6.290,6.240,6.280,10139368
2025-12-18 14:00:00,6.270,6.280,6.250,6.250,6045400
2025-12-18 14:30:00,6.260,6.260,6.240,6.250,7228500
2025-12-18 15:00:00,6.250,6.260,6.240,6.250,11391915
2025-12-19 10:00:00,6.240,6.290,6.230,6.290,19585215
2025-12-19 10:30:00,6.290,6.340,6.280,6.330,32303640
2025-12-19 11:00:00,6.320,6.350,6.310,6.330,20431100
2025-12-19 11:30:00,6.330,6.340,6.320,6.330,9282424
2025-12-19 13:30:00,6.330,6.340,6.300,6.310,12819797
2025-12-19 14:00:00,6.310,6.310,6.280,6.280,13134800
2025-12-19 14:30:00,6.280,6.320,6.280,6.310,8810520
2025-12-19 15:00:00,6.310,6.330,6.310,6.330,18160361
2025-12-22 10:00:00,6.310,6.320,6.270,6.300,27840147
2025-12-22 10:30:00,6.300,6.350,6.290,6.330,16173000
2025-12-22 11:00:00,6.330,6.370,6.320,6.340,13480172
2025-12-22 11:30:00,6.330,6.370,6.330,6.340,13052322
2025-12-22 13:30:00,6.350,6.360,6.330,6.350,13739234
2025-12-22 14:00:00,6.350,6.360,6.340,6.340,6484820
2025-12-22 14:30:00,6.340,6.350,6.340,6.340,5878500
2025-12-22 15:00:00,6.340,6.350,6.330,6.340,10005500
2025-12-23 10:00:00,6.310,6.320,6.270,6.290,24650413
2025-12-23 10:30:00,6.290,6.300,6.280,6.290,6864900
2025-12-23 11:00:00,6.290,6.290,6.270,6.280,7598317
2025-12-23 11:30:00,6.290,6.320,6.280,6.300,9239200
2025-12-23 13:30:00,6.300,6.320,6.290,6.300,5182800
2025-12-23 14:00:00,6.300,6.300,6.270,6.280,8644900
2025-12-23 14:30:00,6.270,6.280,6.260,6.270,8331801
2025-12-23 15:00:00,6.260,6.280,6.260,6.270,10953786
2025-12-24 10:00:00,6.270,6.300,6.250,6.280,16302724
2025-12-24 10:30:00,6.280,6.290,6.240,6.260,18864250
2025-12-24 11:00:00,6.250,6.270,6.240,6.250,11215600
2025-12-24 11:30:00,6.260,6.270,6.240,6.250,12876542
2025-12-24 13:30:00,6.240,6.260,6.230,6.250,15876619
2025-12-24 14:00:00,6.260,6.280,6.250,6.260,7831500
2025-12-24 14:30:00,6.260,6.270,6.250,6.250,7537200
2025-12-24 15:00:00,6.260,6.260,6.240,6.260,15343776
2025-12-25 10:00:00,6.280,6.310,6.260,6.260,18689800
2025-12-25 10:30:00,6.270,6.270,6.240,6.250,10171100
2025-12-25 11:00:00,6.260,6.280,6.250,6.260,7023440
2025-12-25 11:30:00,6.260,6.270,6.260,6.270,2126600
2025-12-25 13:30:00,6.260,6.280,6.260,6.270,6359937
2025-12-25 14:00:00,6.270,6.280,6.270,6.280,3600400
2025-12-25 14:30:00,6.280,6.290,6.270,6.280,8301372
2025-12-25 15:00:00,6.280,6.290,6.270,6.280,9662900
2025-12-26 10:00:00,6.260,6.290,6.260,6.290,13216324
2025-12-26 10:30:00,6.280,6.300,6.280,6.290,9377458
2025-12-26 11:00:00,6.290,6.300,6.280,6.290,6646601
2025-12-26 11:30:00,6.290,6.300,6.250,6.260,16617499
2025-12-26 13:30:00,6.260,6.280,6.260,6.270,4341500
2025-12-26 14:00:00,6.270,6.280,6.260,6.260,2213600
2025-12-26 14:30:00,6.260,6.280,6.250,6.260,11166604
2025-12-26 15:00:00,6.250,6.270,6.250,6.260,8402700
2025-12-29 10:00:00,6.260,6.290,6.240,6.270,30728234
2025-12-29 10:30:00,6.260,6.270,6.230,6.240,17924301
2025-12-29 11:00:00,6.230,6.240,6.210,6.210,20883541
2025-12-29 11:30:00,6.210,6.220,6.200,6.210,12515702
2025-12-29 13:30:00,6.210,6.220,6.200,6.210,9137898
2025-12-29 14:00:00,6.210,6.220,6.200,6.210,4690612
2025-12-29 14:30:00,6.200,6.210,6.190,6.200,9048788
2025-12-29 15:00:00,6.200,6.200,6.180,6.190,15479001
2025-12-30 10:00:00,6.180,6.180,6.130,6.150,28163223
2025-12-30 10:30:00,6.140,6.150,6.120,6.130,13186621
2025-12-30 11:00:00,6.140,6.140,6.120,6.130,12800800
2025-12-30 11:30:00,6.130,6.140,6.110,6.120,10742800
2025-12-30 13:30:00,6.120,6.140,6.110,6.130,10212031
2025-12-30 14:00:00,6.130,6.130,6.110,6.110,11385738
2025-12-30 14:30:00,6.110,6.120,6.100,6.100,7610700
2025-12-30 15:00:00,6.100,6.110,6.090,6.090,20573640
2025-12-31 10:00:00,6.130,6.150,6.090,6.090,25533736
2025-12-31 10:30:00,6.090,6.130,6.080,6.120,13518500
2025-12-31 11:00:00,6.110,6.130,6.110,6.120,7383200
2025-12-31 11:30:00,6.120,6.130,6.110,6.120,4704462
2025-12-31 13:30:00,6.120,6.120,6.090,6.100,6839100
2025-12-31 14:00:00,6.100,6.120,6.100,6.110,5936026
2025-12-31 14:30:00,6.100,6.110,6.100,6.110,6710286
2025-12-31 15:00:00,6.100,6.110,6.090,6.100,11995414
2026-01-05 10:00:00,6.110,6.320,6.100,6.300,83721717
2026-01-05 10:30:00,6.300,6.310,6.250,6.300,47592300
2026-01-05 11:00:00,6.290,6.310,6.270,6.300,19974923
2026-01-05 11:30:00,6.290,6.310,6.290,6.300,15896965
2026-01-05 13:30:00,6.300,6.380,6.300,6.350,45151108
2026-01-05 14:00:00,6.340,6.350,6.320,6.330,9192133
2026-01-05 14:30:00,6.330,6.330,6.310,6.320,8332690
2026-01-05 15:00:00,6.310,6.330,6.310,6.320,21996883
2026-01-06 10:00:00,6.300,6.390,6.280,6.370,51154593
2026-01-06 10:30:00,6.370,6.400,6.370,6.390,33889570
2026-01-06 11:00:00,6.390,6.510,6.370,6.480,59783814
2026-01-06 11:30:00,6.480,6.550,6.460,6.520,40355001
2026-01-06 13:30:00,6.530,6.530,6.450,6.470,20292900
2026-01-06 14:00:00,6.470,6.480,6.430,6.450,17038000
2026-01-06 14:30:00,6.450,6.490,6.440,6.480,9926751
2026-01-06 15:00:00,6.470,6.480,6.470,6.480,15710896
2026-01-07 10:00:00,6.470,6.510,6.430,6.440,41409762
2026-01-07 10:30:00,6.440,6.450,6.390,6.410,29033080
2026-01-07 11:00:00,6.410,6.420,6.390,6.410,14007576
2026-01-07 11:30:00,6.400,6.420,6.390,6.420,8096800
2026-01-07 13:30:00,6.420,6.430,6.390,6.390,15056900
2026-01-07 14:00:00,6.400,6.410,6.380,6.390,14295100
2026-01-07 14:30:00,6.400,6.400,6.390,6.390,6685938
2026-01-07 15:00:00,6.390,6.400,6.380,6.390,14267766
2026-01-08 10:00:00,6.380,6.400,6.340,6.390,24206220
2026-01-08 10:30:00,6.400,6.410,6.370,6.400,14343622
2026-01-08 11:00:00,6.390,6.520,6.390,6.520,30594361
2026-01-08 11:30:00,6.520,6.530,6.470,6.510,21672683
2026-01-08 13:30:00,6.500,6.620,6.500,6.620,49679398
2026-01-08 14:00:00,6.610,6.640,6.560,6.590,32374801
2026-01-08 14:30:00,6.590,6.620,6.560,6.580,28670542
2026-01-08 15:00:00,6.580,6.600,6.570,6.590,24038788
2026-01-09 10:00:00,6.570,6.630,6.560,6.580,43569583
2026-01-09 10:30:00,6.580,6.600,6.530,6.560,26663500
2026-01-09 11:00:00,6.570,6.590,6.540,6.570,16116811
2026-01-09 11:30:00,6.570,6.580,6.510,6.520,21762836
2026-01-09 13:30:00,6.520,6.530,6.490,6.520,11856590
2026-01-09 14:00:00,6.520,6.530,6.500,6.520,9017800
2026-01-09 14:30:00,6.520,6.540,6.510,6.530,10877300
2026-01-09 15:00:00,6.520,6.590,6.520,6.570,32132801
2026-01-12 10:00:00,6.520,6.580,6.490,6.500,43480699
2026-01-12 10:30:00,6.510,6.540,6.500,6.510,15187900
2026-01-12 11:00:00,6.510,6.520,6.490,6.510,16752621
2026-01-12 11:30:00,6.510,6.560,6.500,6.540,12944828
2026-01-12 13:30:00,6.550,6.550,6.500,6.520,13345800
2026-01-12 14:00:00,6.530,6.540,6.520,6.530,10674400
2026-01-12 14:30:00,6.520,6.540,6.510,6.520,17509800
2026-01-12 15:00:00,6.530,6.530,6.500,6.510,19886194
2026-01-13 10:00:00,6.510,6.540,6.470,6.530,37240568
2026-01-13 10:30:00,6.520,6.590,6.520,6.580,32977086
2026-01-13 11:00:00,6.580,6.610,6.560,6.570,22029399
2026-01-13 11:30:00,6.570,6.580,6.530,6.540,12725301
2026-01-13 13:30:00,6.540,6.550,6.510,6.520,13291852
2026-01-13 14:00:00,6.520,6.530,6.500,6.510,13025600
2026-01-13 14:30:00,6.520,6.520,6.490,6.490,13476400
2026-01-13 15:00:00,6.490,6.500,6.460,6.470,24245000
2026-01-14 10:00:00,6.450,6.530,6.440,6.500,32479152
2026-01-14 10:30:00,6.500,6.520,6.490,6.500,13390396
2026-01-14 11:00:00,6.510,6.520,6.500,6.510,6597300
2026-01-14 11:30:00,6.510,6.510,6.490,6.510,8547110
2026-01-14 13:30:00,6.510,6.510,6.400,6.420,33602450
2026-01-14 14:00:00,6.420,6.450,6.370,6.370,22087000
2026-01-14 14:30:00,6.380,6.410,6.340,6.360,45471780
2026-01-14 15:00:00,6.370,6.370,6.270,6.290,91982160
2026-01-15 10:00:00,6.330,6.450,6.330,6.370,56550308
2026-01-15 10:30:00,6.370,6.380,6.320,6.330,15913832
2026-01-15 11:00:00,6.340,6.390,6.330,6.380,12034812
2026-01-15 11:30:00,6.380,6.390,6.350,6.360,10697233
2026-01-15 13:30:00,6.360,6.520,6.360,6.430,68333744
2026-01-15 14:00:00,6.440,6.500,6.420,6.450,26378700
2026-01-15 14:30:00,6.450,6.450,6.400,6.400,15987300
2026-01-15 15:00:00,6.400,6.410,6.380,6.390,16651401
2026-01-16 10:00:00,6.420,6.440,6.320,6.320,47875000
2026-01-16 10:30:00,6.320,6.330,6.270,6.280,40022714
2026-01-16 11:00:00,6.280,6.290,6.260,6.280,20328100
2026-01-16 11:30:00,6.280,6.310,6.270,6.270,11950000
2026-01-16 13:30:00,6.280,6.280,6.240,6.260,21231971
2026-01-16 14:00:00,6.260,6.300,6.240,6.250,15561377
2026-01-16 14:30:00,6.250,6.250,6.220,6.230,18350520
2026-01-16 15:00:00,6.230,6.240,6.210,6.230,19681614
2026-01-19 10:00:00,6.210,6.300,6.160,6.270,36412729
2026-01-19 10:30:00,6.260,6.300,6.250,6.270,20032419
2026-01-19 11:00:00,6.270,6.280,6.230,6.250,12185212
2026-01-19 11:30:00,6.250,6.260,6.210,6.220,10392530
2026-01-19 13:30:00,6.230,6.260,6.220,6.250,10037900
2026-01-19 14:00:00,6.250,6.260,6.210,6.220,10440800
2026-01-19 14:30:00,6.220,6.240,6.220,6.230,7500300
2026-01-19 15:00:00,6.230,6.260,6.230,6.260,13086531
2026-01-20 10:00:00,6.290,6.620,6.280,6.580,193853149
2026-01-20 10:30:00,6.580,6.590,6.500,6.550,44057878
2026-01-20 11:00:00,6.550,6.650,6.540,6.650,76214339
2026-01-20 11:30:00,6.650,6.680,6.620,6.630,42933696
2026-01-20 13:30:00,6.620,6.640,6.560,6.570,19683408
2026-01-20 14:00:00,6.570,6.580,6.540,6.540,11800346
2026-01-20 14:30:00,6.550,6.560,6.530,6.540,12045700
2026-01-20 15:00:00,6.540,6.560,6.530,6.530,19716861
2026-01-21 10:00:00,6.510,6.570,6.480,6.490,64032700
2026-01-21 10:30:00,6.490,6.530,6.460,6.470,23060500
2026-01-21 11:00:00,6.470,6.500,6.470,6.480,15246629
2026-01-21 11:30:00,6.480,6.480,6.430,6.440,19390709
2026-01-21 13:30:00,6.440,6.510,6.440,6.500,18159636
2026-01-21 14:00:00,6.500,6.520,6.470,6.500,12436200
2026-01-21 14:30:00,6.510,6.570,6.490,6.490,37214684
2026-01-21 15:00:00,6.490,6.510,6.480,6.500,21365333
2026-01-22 10:00:00,6.510,6.600,6.460,6.590,59489255
2026-01-22 10:30:00,6.590,6.650,6.480,6.500,84977407
2026-01-22 11:00:00,6.490,6.510,6.440,6.460,98890693
2026-01-22 11:30:00,6.460,6.510,6.420,6.470,43723159
2026-01-22 13:30:00,6.470,6.480,6.420,6.450,47363300
2026-01-22 14:00:00,6.450,6.490,6.420,6.460,25773708
2026-01-22 14:30:00,6.460,6.600,6.440,6.570,64422941
2026-01-22 15:00:00,6.580,6.630,6.570,6.580,95559948
2026-01-23 10:00:00,6.560,6.620,6.530,6.570,58001067
2026-01-23 10:30:00,6.560,6.640,6.540,6.540,37598861
2026-01-23 11:00:00,6.540,6.550,6.520,6.530,22754341
2026-01-23 11:30:00,6.530,6.560,6.510,6.530,26269936
2026-01-23 13:30:00,6.530,6.620,6.530,6.610,58976077
2026-01-23 14:00:00,6.600,6.720,6.600,6.700,70181822
2026-01-23 14:30:00,6.710,6.740,6.680,6.710,50384697
2026-01-23 15:00:00,6.710,6.730,6.670,6.710,44099272
2026-01-26 10:00:00,6.660,6.760,6.640,6.640,70211706
2026-01-26 10:30:00,6.640,6.680,6.620,6.630,34205075
2026-01-26 11:00:00,6.640,6.740,6.620,6.680,30007268
2026-01-26 11:30:00,6.680,6.760,6.670,6.690,30545300
2026-01-26 13:30:00,6.700,6.730,6.690,6.700,18236070
2026-01-26 14:00:00,6.700,6.720,6.660,6.660,22167230
2026-01-26 14:30:00,6.670,6.690,6.660,6.670,13368200
2026-01-26 15:00:00,6.670,6.690,6.640,6.650,21655350
2026-01-27 10:00:00,6.660,6.670,6.560,6.610,55749390
2026-01-27 10:30:00,6.610,6.650,6.570,6.590,30396997
2026-01-27 11:00:00,6.590,6.590,6.540,6.570,19333500
2026-01-27 11:30:00,6.580,6.610,6.570,6.600,7492364
2026-01-27 13:30:00,6.600,6.670,6.590,6.660,20233983
2026-01-27 14:00:00,6.650,6.700,6.640,6.670,23247000
2026-01-27 14:30:00,6.670,6.670,6.620,6.630,10398019
2026-01-27 15:00:00,6.640,6.640,6.590,6.600,27022276
2026-01-28 10:00:00,6.660,6.780,6.640,6.650,88329982
2026-01-28 10:30:00,6.640,6.730,6.640,6.700,30906295
2026-01-28 11:00:00,6.700,6.850,6.690,6.770,87306195
2026-01-28 11:30:00,6.770,6.900,6.760,6.870,57880153
2026-01-28 13:30:00,6.880,6.880,6.790,6.790,26365110
2026-01-28 14:00:00,6.790,6.830,6.790,6.810,16190167
2026-01-28 14:30:00,6.820,6.830,6.800,6.820,15773000
2026-01-28 15:00:00,6.810,6.820,6.780,6.800,35370900
2026-01-29 10:00:00,6.790,7.040,6.760,7.040,123885827
2026-01-29 10:30:00,7.040,7.060,6.960,7.030,72176554
2026-01-29 11:00:00,7.030,7.090,7.020,7.090,47660827
2026-01-29 11:30:00,7.080,7.120,7.050,7.100,42211283
2026-01-29 13:30:00,7.110,7.200,7.090,7.110,59735664
2026-01-29 14:00:00,7.120,7.120,7.060,7.070,25421292
2026-01-29 14:30:00,7.080,7.150,7.070,7.110,28267602
2026-01-29 15:00:00,7.120,7.160,7.100,7.110,39003642
2026-01-30 10:00:00,7.050,7.080,6.920,6.940,91062497
2026-01-30 10:30:00,6.940,6.950,6.860,6.880,51757133
2026-01-30 11:00:00,6.880,6.890,6.820,6.870,38897066
2026-01-30 11:30:00,6.860,6.880,6.800,6.810,32195800
2026-01-30 13:30:00,6.820,6.880,6.810,6.870,24221000
2026-01-30 14:00:00,6.870,6.870,6.830,6.840,24577700
2026-01-30 14:30:00,6.830,6.850,6.790,6.800,27626100
2026-01-30 15:00:00,6.800,6.820,6.790,6.810,31396440
2026-02-02 10:00:00,6.700,6.870,6.690,6.800,65975300
2026-02-02 10:30:00,6.790,6.800,6.720,6.720,30786600
2026-02-02 11:00:00,6.730,6.800,6.720,6.730,21405500
2026-02-02 11:30:00,6.740,6.760,6.720,6.720,11802600
2026-02-02 13:30:00,6.720,6.750,6.690,6.730,26360400
2026-02-02 14:00:00,6.730,6.730,6.680,6.700,19768400
2026-02-02 14:30:00,6.710,6.720,6.660,6.660,19298300
2026-02-02 15:00:00,6.670,6.680,6.620,6.630,26925300
2026-02-03 10:00:00,6.700,6.810,6.690,6.760,54870552
2026-02-03 10:30:00,6.760,6.770,6.710,6.720,21250052
2026-02-03 11:00:00,6.710,6.720,6.670,6.690,15935600
2026-02-03 11:30:00,6.700,6.730,6.670,6.720,10474700
2026-02-03 13:30:00,6.730,6.750,6.720,6.750,14279100
2026-02-03 14:00:00,6.740,6.780,6.730,6.760,13121300
2026-02-03 14:30:00,6.770,6.790,6.750,6.790,14965581
2026-02-03 15:00:00,6.790,6.810,6.780,6.800,22542500
2026-02-04 10:00:00,6.760,6.860,6.750,6.840,34679500
2026-02-04 10:30:00,6.840,6.970,6.830,6.950,55310198
2026-02-04 11:00:00,6.960,7.080,6.940,6.980,54370760
2026-02-04 11:30:00,6.990,7.050,6.980,7.030,28375568
2026-02-04 13:30:00,7.030,7.140,7.010,7.130,57044974
2026-02-04 14:00:00,7.130,7.200,7.120,7.140,61920812
2026-02-04 14:30:00,7.140,7.200,7.140,7.190,48919042
2026-02-04 15:00:00,7.190,7.220,7.180,7.190,56669140
2026-02-05 10:00:00,7.140,7.250,7.110,7.150,66651299
2026-02-05 10:30:00,7.150,7.230,7.110,7.160,30829200
2026-02-05 11:00:00,7.160,7.180,7.120,7.140,13307881
2026-02-05 11:30:00,7.150,7.200,7.130,7.190,12286168
2026-02-05 13:30:00,7.190,7.200,7.140,7.190,18712607
2026-02-05 14:00:00,7.180,7.210,7.160,7.180,13935851
2026-02-05 14:30:00,7.180,7.180,7.140,7.160,13601300
2026-02-05 15:00:00,7.160,7.190,7.140,7.170,21610700
2026-02-06 10:00:00,7.110,7.150,7.010,7.070,52351209
2026-02-06 10:30:00,7.060,7.100,7.040,7.090,11936900
2026-02-06 11:00:00,7.090,7.090,7.020,7.040,18628000
2026-02-06 11:30:00,7.050,7.050,7.000,7.010,29003250
2026-02-06 13:30:00,7.020,7.060,7.000,7.040,18711980
2026-02-06 14:00:00,7.040,7.050,7.030,7.030,12148200
2026-02-06 14:30:00,7.040,7.050,7.000,7.010,17890100
2026-02-06 15:00:00,7.010,7.010,6.970,6.980,30306040
2026-02-09 10:00:00,7.010,7.240,6.990,7.200,85267261
2026-02-09 10:30:00,7.200,7.290,7.170,7.190,54464300
2026-02-09 11:00:00,7.180,7.190,7.110,7.120,27631900
2026-02-09 11:30:00,7.120,7.130,7.090,7.100,12715900
2026-02-09 13:30:00,7.090,7.110,7.070,7.090,9428900
2026-02-09 14:00:00,7.080,7.100,7.070,7.090,8834100
2026-02-09 14:30:00,7.080,7.100,7.080,7.090,10548300
2026-02-09 15:00:00,7.080,7.100,7.060,7.080,25028507
2026-02-10 10:00:00,7.060,7.080,6.920,6.940,71926111
2026-02-10 10:30:00,6.940,6.960,6.890,6.920,40570005
2026-02-10 11:00:00,6.920,6.970,6.910,6.960,11801472
2026-02-10 11:30:00,6.960,6.960,6.920,6.940,5592900
2026-02-10 13:30:00,6.940,6.940,6.910,6.920,10392600
2026-02-10 14:00:00,6.920,6.930,6.900,6.900,12108100
2026-02-10 14:30:00,6.910,6.910,6.880,6.890,18141300
2026-02-10 15:00:00,6.890,6.920,6.880,6.890,13538600
2026-02-11 10:00:00,6.870,6.910,6.820,6.870,32587996
2026-02-11 10:30:00,6.870,6.900,6.850,6.860,9585000
2026-02-11 11:00:00,6.860,6.890,6.850,6.890,7542901
2026-02-11 11:30:00,6.890,6.920,6.870,6.880,9299500
2026-02-11 13:30:00,6.890,6.890,6.870,6.880,7570554
2026-02-11 14:00:00,6.890,6.900,6.870,6.880,7507000
2026-02-11 14:30:00,6.880,6.890,6.870,6.880,6311000
2026-02-11 15:00:00,6.890,6.890,6.860,6.880,17090672
2026-02-12 10:00:00,6.890,6.970,6.830,6.830,29037637
2026-02-12 10:30:00,6.830,6.900,6.830,6.890,13340852
2026-02-12 11:00:00,6.900,6.900,6.870,6.870,8164109
2026-02-12 11:30:00,6.880,6.920,6.870,6.890,9549641
2026-02-12 13:30:00,6.890,6.890,6.860,6.870,6982600
2026-02-12 14:00:00,6.870,6.870,6.840,6.840,8071700
2026-02-12 14:30:00,6.850,6.850,6.810,6.820,13882042
2026-02-12 15:00:00,6.820,6.840,6.810,6.810,17561086
2026-02-13 10:00:00,6.830,6.850,6.780,6.800,30866700
2026-02-13 10:30:00,6.790,6.800,6.760,6.760,19264675
2026-02-13 11:00:00,6.760,6.810,6.760,6.800,8362901
2026-02-13 11:30:00,6.790,6.810,6.780,6.780,4995700
2026-02-13 13:30:00,6.790,6.790,6.750,6.760,9126245
2026-02-13 14:00:00,6.760,6.770,6.730,6.740,11302500
2026-02-13 14:30:00,6.740,6.750,6.730,6.730,8874700
2026-02-13 15:00:00,6.730,6.750,6.710,6.740,21528202
2026-02-24 10:00:00,6.750,6.780,6.710,6.740,30502725
2026-02-24 10:30:00,6.740,6.820,6.740,6.790,20403991
2026-02-24 11:00:00,6.790,6.820,6.780,6.790,12182911
2026-02-24 11:30:00,6.790,6.810,6.760,6.780,9826112
2026-02-24 13:30:00,6.790,6.800,6.750,6.760,11472200
2026-02-24 14:00:00,6.760,6.790,6.760,6.780,7036900
2026-02-24 14:30:00,6.790,6.810,6.780,6.800,7494180
2026-02-24 15:00:00,6.810,6.810,6.780,6.790,10437203
2026-02-25 10:00:00,6.800,7.030,6.800,7.000,86867038
2026-02-25 10:30:00,7.010,7.110,6.990,7.040,63926267
2026-02-25 11:00:00,7.040,7.050,7.000,7.010,16864062
2026-02-25 11:30:00,7.000,7.020,6.990,7.010,12164134
2026-02-25 13:30:00,7.010,7.070,7.000,7.020,15443349
2026-02-25 14:00:00,7.020,7.050,7.010,7.020,10000254
2026-02-25 14:30:00,7.030,7.030,6.920,6.930,23716666
2026-02-25 15:00:00,6.930,6.970,6.920,6.960,18484260
2026-02-26 10:00:00,6.930,6.950,6.850,6.860,51188500
2026-02-26 10:30:00,6.860,6.870,6.760,6.760,51454800
2026-02-26 11:00:00,6.770,6.780,6.750,6.770,22282500
2026-02-26 11:30:00,6.760,6.780,6.750,6.780,9625700
2026-02-26 13:30:00,6.780,6.790,6.760,6.780,11265100
2026-02-26 14:00:00,6.770,6.790,6.760,6.770,9319000
2026-02-26 14:30:00,6.770,6.770,6.740,6.760,15079900
2026-02-26 15:00:00,6.750,6.780,6.740,6.770,14611175
2026-02-27 10:00:00,6.770,6.790,6.740,6.790,17903350
2026-02-27 10:30:00,6.780,6.790,6.760,6.780,10469500
2026-02-27 11:00:00,6.780,6.820,6.770,6.790,14529000
2026-02-27 11:30:00,6.790,6.800,6.770,6.770,6915500
2026-02-27 13:30:00,6.770,6.790,6.760,6.790,7875400
2026-02-27 14:00:00,6.780,6.800,6.780,6.790,8572959
2026-02-27 14:30:00,6.800,6.810,6.790,6.800,6769900
2026-02-27 15:00:00,6.800,6.820,6.790,6.800,14031912
2026-03-02 10:00:00,6.720,6.880,6.700,6.860,56642607
2026-03-02 10:30:00,6.860,6.860,6.750,6.770,28748699
2026-03-02 11:00:00,6.770,6.900,6.760,6.850,22658700
2026-03-02 11:30:00,6.860,6.900,6.820,6.840,15601712
2026-03-02 13:30:00,6.840,6.840,6.810,6.820,6217800
2026-03-02 14:00:00,6.820,6.820,6.800,6.800,5818760
2026-03-02 14:30:00,6.800,6.810,6.790,6.800,5770140
2026-03-02 15:00:00,6.800,6.800,6.770,6.790,10491300
2026-03-03 10:00:00,6.780,6.840,6.690,6.710,33272700
2026-03-03 10:30:00,6.710,6.720,6.670,6.690,27239332
2026-03-03 11:00:00,6.690,6.790,6.690,6.780,13356382
2026-03-03 11:30:00,6.780,6.800,6.760,6.770,12964400
2026-03-03 13:30:00,6.770,6.780,6.730,6.740,10835540
2026-03-03 14:00:00,6.740,6.760,6.710,6.710,8746502
2026-03-03 14:30:00,6.720,6.720,6.670,6.720,18434531
2026-03-03 15:00:00,6.710,6.720,6.680,6.680,19932643
2026-03-04 10:00:00,6.660,6.700,6.630,6.680,27680289
2026-03-04 10:30:00,6.680,6.700,6.620,6.670,21466443
2026-03-04 11:00:00,6.670,6.670,6.580,6.590,26974492
2026-03-04 11:30:00,6.600,6.600,6.530,6.550,25757778
2026-03-04 13:30:00,6.540,6.570,6.520,6.560,11611660
2026-03-04 14:00:00,6.560,6.590,6.550,6.570,22789600
2026-03-04 14:30:00,6.560,6.580,6.530,6.580,18043327
2026-03-04 15:00:00,6.570,6.600,6.570,6.590,15074267
2026-03-05 10:00:00,6.650,6.680,6.610,6.610,23460200
2026-03-05 10:30:00,6.610,6.620,6.550,6.570,23983389
2026-03-05 11:00:00,6.570,6.590,6.560,6.590,7685005
2026-03-05 11:30:00,6.590,6.600,6.570,6.590,7463100
2026-03-05 13:30:00,6.590,6.630,6.560,6.590,14472017
2026-03-05 14:00:00,6.600,6.600,6.580,6.590,4911500
2026-03-05 14:30:00,6.590,6.590,6.550,6.570,8762800
2026-03-05 15:00:00,6.560,6.580,6.540,6.570,15985048
2026-03-06 10:00:00,6.550,6.580,6.520,6.550,16275202
2026-03-06 10:30:00,6.560,6.580,6.530,6.570,11922782
2026-03-06 11:00:00,6.570,6.580,6.560,6.580,6133501
2026-03-06 11:30:00,6.580,6.580,6.540,6.550,11556199
2026-03-06 13:30:00,6.560,6.560,6.410,6.460,56661000
2026-03-06 14:00:00,6.470,6.500,6.460,6.490,15801600
2026-03-06 14:30:00,6.500,6.510,6.480,6.500,15792500
2026-03-06 15:00:00,6.510,6.530,6.500,6.530,20270474
2026-03-09 10:00:00,6.420,6.440,6.300,6.300,65331700
2026-03-09 10:30:00,6.310,6.320,6.280,6.300,29296671
2026-03-09 11:00:00,6.300,6.320,6.290,6.300,12936200
2026-03-09 11:30:00,6.310,6.310,6.280,6.310,15209600
2026-03-09 13:30:00,6.310,6.350,6.290,6.340,13517300
2026-03-09 14:00:00,6.340,6.350,6.310,6.340,11601200
2026-03-09 14:30:00,6.340,6.370,6.330,6.340,11606048
2026-03-09 15:00:00,6.350,6.360,6.330,6.350,15463724
2026-03-10 10:00:00,6.380,6.400,6.340,6.370,29215959
2026-03-10 10:30:00,6.370,6.380,6.350,6.350,14059300
2026-03-10 11:00:00,6.360,6.360,6.310,6.320,14048639
2026-03-10 11:30:00,6.320,6.340,6.320,6.340,7305810
2026-03-10 13:30:00,6.340,6.340,6.310,6.330,10103900
2026-03-10 14:00:00,6.330,6.340,6.320,6.330,6203500
2026-03-10 14:30:00,6.340,6.340,6.320,6.320,7604700
2026-03-10 15:00:00,6.330,6.360,6.320,6.350,10578523
2026-03-11 10:00:00,6.340,6.400,6.320,6.400,24215002
2026-03-11 10:30:00,6.400,6.410,6.360,6.390,19782512
2026-03-11 11:00:00,6.380,6.410,6.380,6.400,10671451
2026-03-11 11:30:00,6.400,6.430,6.380,6.400,13601362
2026-03-11 13:30:00,6.400,6.410,6.380,6.380,5287000
2026-03-11 14:00:00,6.380,6.380,6.360,6.380,7878816
2026-03-11 14:30:00,6.380,6.390,6.370,6.380,3848100
2026-03-11 15:00:00,6.380,6.390,6.370,6.390,10088800
2026-03-12 10:00:00,6.380,6.450,6.350,6.400,32273948
2026-03-12 10:30:00,6.400,6.450,6.390,6.420,15924400
2026-03-12 11:00:00,6.410,6.430,6.380,6.380,10110215
2026-03-12 11:30:00,6.380,6.390,6.360,6.360,7471800
2026-03-12 13:30:00,6.360,6.380,6.350,6.380,8516193
2026-03-12 14:00:00,6.370,6.430,6.370,6.420,16186260
2026-03-12 14:30:00,6.420,6.430,6.390,6.410,7295900
2026-03-12 15:00:00,6.400,6.410,6.380,6.390,11952208
2026-03-13 10:00:00,6.430,6.650,6.430,6.600,108850294
2026-03-13 10:30:00,6.600,6.640,6.540,6.540,31348068
2026-03-13 11:00:00,6.540,6.550,6.510,6.530,12905500
2026-03-13 11:30:00,6.530,6.540,6.510,6.520,5914582
2026-03-13 13:30:00,6.510,6.530,6.500,6.510,9177800
2026-03-13 14:00:00,6.510,6.520,6.470,6.490,10735900
2026-03-13 14:30:00,6.480,6.490,6.460,6.470,9664900
2026-03-13 15:00:00,6.470,6.480,6.460,6.460,17048781
2026-03-16 10:00:00,6.500,6.610,6.470,6.530,47592490
2026-03-16 10:30:00,6.530,6.560,6.510,6.510,16857562
2026-03-16 11:00:00,6.520,6.520,6.480,6.490,9527521
2026-03-16 11:30:00,6.500,6.530,6.470,6.520,10112900
2026-03-16 13:30:00,6.520,6.520,6.470,6.480,10721400
2026-03-16 14:00:00,6.470,6.490,6.460,6.460,7750900
2026-03-16 14:30:00,6.470,6.480,6.450,6.460,7468800
2026-03-16 15:00:00,6.470,6.470,6.450,6.460,15555344
2026-03-17 10:00:00,6.480,6.640,6.470,6.630,86895621
2026-03-17 10:30:00,6.630,6.630,6.560,6.560,21381000
2026-03-17 11:00:00,6.570,6.590,6.560,6.560,10919757
2026-03-17 11:30:00,6.570,6.570,6.550,6.570,7436843
2026-03-17 13:30:00,6.570,6.590,6.560,6.570,12800500
2026-03-17 14:00:00,6.570,6.590,6.540,6.550,12418700
2026-03-17 14:30:00,6.550,6.550,6.520,6.520,12266200
2026-03-17 15:00:00,6.520,6.530,6.500,6.500,20661940
2026-03-18 10:00:00,6.500,6.510,6.360,6.390,51341500
2026-03-18 10:30:00,6.380,6.400,6.360,6.380,17377140
2026-03-18 11:00:00,6.380,6.390,6.340,6.350,15487900
2026-03-18 11:30:00,6.350,6.370,6.340,6.360,6934600
2026-03-18 13:30:00,6.360,6.370,6.340,6.340,11249400
2026-03-18 14:00:00,6.350,6.370,6.340,6.350,8627600
2026-03-18 14:30:00,6.350,6.380,6.340,6.380,6389300
2026-03-18 15:00:00,6.370,6.380,6.350,6.360,21526399
2026-03-19 10:00:00,6.310,6.350,6.280,6.300,28218803
2026-03-19 10:30:00,6.310,6.310,6.260,6.290,15640200
2026-03-19 11:00:00,6.280,6.290,6.270,6.270,5666300
2026-03-19 11:30:00,6.270,6.280,6.260,6.270,8054480
2026-03-19 13:30:00,6.270,6.270,6.240,6.240,13303000
2026-03-19 14:00:00,6.240,6.260,6.220,6.250,11289400
2026-03-19 14:30:00,6.260,6.260,6.230,6.230,8050116
2026-03-19 15:00:00,6.240,6.250,6.220,6.240,11909410
2026-03-20 10:00:00,6.250,6.280,6.200,6.210,19323899
2026-03-20 10:30:00,6.220,6.220,6.180,6.190,13630600
2026-03-20 11:00:00,6.190,6.200,6.170,6.190,8834700
2026-03-20 11:30:00,6.180,6.240,6.180,6.240,7373323
2026-03-20 13:30:00,6.240,6.250,6.200,6.220,4778000
2026-03-20 14:00:00,6.220,6.220,6.190,6.190,3882300
2026-03-20 14:30:00,6.190,6.200,6.180,6.180,4397600
2026-03-20 15:00:00,6.190,6.200,6.160,6.160,14854830
2026-03-23 10:00:00,6.110,6.110,6.020,6.090,39188283
2026-03-23 10:30:00,6.090,6.100,6.060,6.080,8550000
2026-03-23 11:00:00,6.090,6.090,6.040,6.080,16648602
2026-03-23 11:30:00,6.070,6.080,6.000,6.010,18630117
2026-03-23 13:30:00,6.010,6.020,5.960,5.960,24684500
2026-03-23 14:00:00,5.970,6.000,5.960,5.970,11605752
2026-03-23 14:30:00,5.970,5.970,5.920,5.960,14452347
2026-03-23 15:00:00,5.960,5.960,5.900,5.920,20583791
2026-03-24 10:00:00,5.970,6.000,5.880,5.910,26427900
2026-03-24 10:30:00,5.910,5.950,5.890,5.950,16616208
2026-03-24 11:00:00,5.950,5.950,5.920,5.920,10592200
2026-03-24 11:30:00,5.920,5.940,5.920,5.940,6756000
2026-03-24 13:30:00,5.940,5.940,5.900,5.910,8862400
2026-03-24 14:00:00,5.920,5.920,5.900,5.910,4940800
2026-03-24 14:30:00,5.910,5.950,5.900,5.950,8646000
2026-03-24 15:00:00,5.940,5.990,5.940,5.970,14243636
2026-03-25 10:00:00,5.970,6.020,5.950,6.000,25232708
2026-03-25 10:30:00,6.000,6.000,5.990,6.000,7167300
2026-03-25 11:00:00,6.000,6.030,5.990,5.990,11989400
2026-03-25 11:30:00,5.990,6.030,5.990,6.020,12515500
2026-03-25 13:30:00,6.010,6.020,6.000,6.010,4942500
2026-03-25 14:00:00,6.000,6.020,5.990,5.990,9167200
2026-03-25 14:30:00,5.990,6.000,5.980,5.990,7941868
2026-03-25 15:00:00,5.990,6.010,5.990,6.010,11872833
2026-03-26 10:00:00,6.010,6.030,5.980,6.000,16472257
2026-03-26 10:30:00,6.000,6.010,5.970,5.970,9124300
2026-03-26 11:00:00,5.970,6.000,5.960,5.970,6666000
2026-03-26 11:30:00,5.970,5.980,5.960,5.960,5635600
2026-03-26 13:30:00,5.960,5.970,5.930,5.930,9966600
2026-03-26 14:00:00,5.930,5.940,5.910,5.910,8338200
2026-03-26 14:30:00,5.920,5.920,5.890,5.910,11754100
2026-03-26 15:00:00,5.910,5.920,5.880,5.880,14097200
2026-03-27 10:00:00,5.830,5.870,5.810,5.870,17865500
2026-03-27 10:30:00,5.870,5.900,5.850,5.860,13087301
2026-03-27 11:00:00,5.870,5.880,5.850,5.850,6357800
2026-03-27 11:30:00,5.860,5.870,5.840,5.870,6407747
2026-03-27 13:30:00,5.860,5.900,5.860,5.880,7681000
2026-03-27 14:00:00,5.880,5.900,5.880,5.880,4450800
2026-03-27 14:30:00,5.880,5.890,5.870,5.890,4689865
2026-03-27 15:00:00,5.880,5.900,5.880,5.890,6727057
2026-03-30 10:00:00,5.820,5.850,5.770,5.790,28298074
2026-03-30 10:30:00,5.780,5.850,5.780,5.840,17913608
2026-03-30 11:00:00,5.830,5.840,5.820,5.820,4528603
2026-03-30 11:30:00,5.820,5.860,5.820,5.840,4803150
2026-03-30 13:30:00,5.850,5.860,5.830,5.840,4716700
2026-03-30 14:00:00,5.850,5.850,5.820,5.840,4135200
2026-03-30 14:30:00,5.830,5.850,5.830,5.830,4499700
2026-03-30 15:00:00,5.830,5.850,5.830,5.840,6245648
2026-03-31 10:00:00,5.850,5.930,5.850,5.880,23414800
2026-03-31 10:30:00,5.880,5.910,5.860,5.890,8540300
2026-03-31 11:00:00,5.880,5.890,5.860,5.870,4691410
2026-03-31 11:30:00,5.860,5.870,5.850,5.870,4956890
2026-03-31 13:30:00,5.860,5.900,5.850,5.860,8887400
2026-03-31 14:00:00,5.860,5.870,5.840,5.860,7011000
2026-03-31 14:30:00,5.860,5.860,5.790,5.810,15975800
2026-03-31 15:00:00,5.810,5.820,5.800,5.820,8679348
2026-04-01 10:00:00,5.880,5.900,5.830,5.840,17180000
2026-04-01 10:30:00,5.830,5.890,5.830,5.860,10424262
2026-04-01 11:00:00,5.870,5.900,5.860,5.890,9726203
2026-04-01 11:30:00,5.890,5.910,5.880,5.890,11082500
2026-04-01 13:30:00,5.890,5.900,5.880,5.880,3915300
2026-04-01 14:00:00,5.880,5.890,5.860,5.860,5614800
2026-04-01 14:30:00,5.860,5.880,5.860,5.870,3297700
2026-04-01 15:00:00,5.870,5.890,5.870,5.890,8259700
2026-04-02 10:00:00,5.870,5.870,5.800,5.800,20244300
2026-04-02 10:30:00,5.810,5.810,5.770,5.780,19522500
2026-04-02 11:00:00,5.790,5.800,5.770,5.780,10795576
2026-04-02 11:30:00,5.770,5.780,5.760,5.770,11908100
2026-04-02 13:30:00,5.760,5.770,5.720,5.730,16196500
2026-04-02 14:00:00,5.740,5.750,5.710,5.710,11021357
2026-04-02 14:30:00,5.720,5.730,5.700,5.710,11950323
2026-04-02 15:00:00,5.720,5.720,5.680,5.700,24223292
2026-04-03 10:00:00,5.710,5.730,5.640,5.650,19141200
2026-04-03 10:30:00,5.650,5.660,5.600,5.610,20200959
2026-04-03 11:00:00,5.610,5.620,5.580,5.580,10879141
2026-04-03 11:30:00,5.580,5.590,5.550,5.560,14055200
