date,open,high,low,close,volume
2025-03-27 14:30:00,7.230,7.260,7.230,7.240,1571456
2025-03-27 15:00:00,7.250,7.260,7.240,7.250,2892339
2025-03-28 10:00:00,7.240,7.280,7.230,7.230,3720360
2025-03-28 10:30:00,7.230,7.290,7.220,7.260,4052508
2025-03-28 11:00:00,7.260,7.280,7.240,7.240,2286000
2025-03-28 11:30:00,7.250,7.270,7.230,7.250,1898480
2025-03-28 13:30:00,7.240,7.280,7.230,7.230,1570636
2025-03-28 14:00:00,7.240,7.290,7.220,7.270,3770396
2025-03-28 14:30:00,7.270,7.290,7.260,7.290,3015200
2025-03-28 15:00:00,7.280,7.290,7.250,7.280,5480584
2025-03-31 10:00:00,7.240,7.280,7.150,7.180,10223428
2025-03-31 10:30:00,7.180,7.210,7.120,7.120,5004304
2025-03-31 11:00:00,7.120,7.130,7.080,7.090,7034552
2025-03-31 11:30:00,7.100,7.110,7.030,7.040,4398404
2025-03-31 13:30:00,7.050,7.070,7.030,7.060,4664088
2025-03-31 14:00:00,7.060,7.080,7.040,7.070,2402000
2025-03-31 14:30:00,7.080,7.090,7.050,7.070,2725586
2025-03-31 15:00:00,7.080,7.080,7.050,7.070,3472900
2025-04-01 10:00:00,7.070,7.120,7.040,7.120,5617568
2025-04-01 10:30:00,7.120,7.130,7.090,7.100,3622980
2025-04-01 11:00:00,7.100,7.110,7.080,7.100,1738300
2025-04-01 11:30:00,7.090,7.120,7.080,7.100,1538644
2025-04-01 13:30:00,7.110,7.110,7.070,7.080,2357556
2025-04-01 14:00:00,7.080,7.080,7.060,7.080,2233904
2025-04-01 14:30:00,7.070,7.090,7.060,7.090,1477300
2025-04-01 15:00:00,7.080,7.090,7.060,7.070,3599100
2025-04-02 10:00:00,7.070,7.100,7.040,7.090,3911028
2025-04-02 10:30:00,7.090,7.110,7.080,7.090,2758900
2025-04-02 11:00:00,7.080,7.100,7.080,7.090,1061800
2025-04-02 11:30:00,7.080,7.100,7.080,7.100,962500
2025-04-02 13:30:00,7.100,7.120,7.080,7.090,2492202
2025-04-02 14:00:00,7.090,7.100,7.080,7.100,955200
2025-04-02 14:30:00,7.100,7.100,7.080,7.090,1224176
2025-04-02 15:00:00,7.090,7.110,7.080,7.100,3147141
2025-04-03 10:00:00,7.060,7.140,7.060,7.110,6939180
2025-04-03 10:30:00,7.120,7.160,7.090,7.160,3657424
2025-04-03 11:00:00,7.150,7.160,7.120,7.130,2208800
2025-04-03 11:30:00,7.140,7.150,7.100,7.110,1620648
2025-04-03 13:30:00,7.110,7.130,7.080,7.090,2288100
2025-04-03 14:00:00,7.090,7.150,7.090,7.140,3861657
2025-04-03 14:30:00,7.140,7.150,7.120,7.130,1205700
2025-04-03 15:00:00,7.140,7.140,7.120,7.120,2015257
2025-04-07 10:00:00,6.810,6.850,6.440,6.610,26277434
2025-04-07 10:30:00,6.610,6.620,6.550,6.580,4819440
2025-04-07 11:00:00,6.570,6.600,6.520,6.530,3419300
2025-04-07 11:30:00,6.530,6.540,6.460,6.470,3979512
2025-04-07 13:30:00,6.460,6.480,6.410,6.420,6992988
2025-04-07 14:00:00,6.410,6.440,6.410,6.410,4936800
2025-04-07 14:30:00,6.410,6.410,6.410,6.410,1065300
2025-04-07 15:00:00,6.410,6.440,6.410,6.420,6012456
2025-04-08 10:00:00,6.460,6.530,6.400,6.490,16293269
2025-04-08 10:30:00,6.490,6.520,6.450,6.450,4097923
2025-04-08 11:00:00,6.460,6.490,6.440,6.450,2333900
2025-04-08 11:30:00,6.450,6.510,6.440,6.510,3266220
2025-04-08 13:30:00,6.510,6.540,6.480,6.490,4581900
2025-04-08 14:00:00,6.480,6.520,6.450,6.470,3745760
2025-04-08 14:30:00,6.470,6.500,6.460,6.490,3367900
2025-04-08 15:00:00,6.490,6.540,6.470,6.530,6391735
2025-04-09 10:00:00,6.500,6.630,6.420,6.630,16476260
2025-04-09 10:30:00,6.620,6.750,6.620,6.660,9364714
2025-04-09 11:00:00,6.670,6.710,6.640,6.710,3115276
2025-04-09 11:30:00,6.710,6.730,6.660,6.710,3646676
2025-04-09 13:30:00,6.720,6.740,6.690,6.730,4617360
2025-04-09 14:00:00,6.730,6.820,6.720,6.760,6577564
2025-04-09 14:30:00,6.760,6.790,6.740,6.750,2872724
2025-04-09 15:00:00,6.750,6.790,6.750,6.760,5298025
2025-04-10 10:00:00,6.830,6.930,6.750,6.920,15348360
2025-04-10 10:30:00,6.920,6.930,6.860,6.880,5320856
2025-04-10 11:00:00,6.890,6.900,6.830,6.870,4237136
2025-04-10 11:30:00,6.870,6.940,6.870,6.900,5399500
2025-04-10 13:30:00,6.900,6.930,6.880,6.910,3384896
2025-04-10 14:00:00,6.920,6.930,6.880,6.890,2376520
2025-04-10 14:30:00,6.880,6.920,6.880,6.900,2418652
2025-04-10 15:00:00,6.900,6.910,6.880,6.890,4323100
2025-04-11 10:00:00,6.850,6.880,6.810,6.810,7258812
2025-04-11 10:30:00,6.810,6.850,6.790,6.820,3386024
2025-04-11 11:00:00,6.820,6.830,6.810,6.820,1534700
2025-04-11 11:30:00,6.810,6.850,6.810,6.840,2442688
2025-04-11 13:30:00,6.840,6.870,6.820,6.850,2896660
2025-04-11 14:00:00,6.850,6.890,6.840,6.860,2799408
2025-04-11 14:30:00,6.860,6.880,6.840,6.840,2158852
2025-04-11 15:00:00,6.840,6.850,6.830,6.830,2996499
2025-04-14 10:00:00,6.850,6.880,6.830,6.840,5219580
2025-04-14 10:30:00,6.840,6.850,6.800,6.810,4831100
2025-04-14 11:00:00,6.810,6.860,6.800,6.840,3095800
2025-04-14 11:30:00,6.840,6.860,6.830,6.830,2400380
2025-04-14 13:30:00,6.830,6.850,6.800,6.810,3220568
2025-04-14 14:00:00,6.800,6.820,6.790,6.810,2323492
2025-04-14 14:30:00,6.810,6.830,6.800,6.820,1494488
2025-04-14 15:00:00,6.820,6.850,6.810,6.830,4468331
2025-04-15 10:00:00,6.840,6.840,6.730,6.740,5491020
2025-04-15 10:30:00,6.750,6.770,6.730,6.750,2122100
2025-04-15 11:00:00,6.750,6.780,6.750,6.760,1191864
2025-04-15 11:30:00,6.760,6.790,6.760,6.790,1451400
2025-04-15 13:30:00,6.790,6.790,6.750,6.770,936752
2025-04-15 14:00:00,6.770,6.790,6.760,6.770,1252512
2025-04-15 14:30:00,6.780,6.790,6.760,6.770,820700
2025-04-15 15:00:00,6.770,6.810,6.760,6.800,3489945
2025-04-16 10:00:00,6.770,6.790,6.750,6.750,3076404
2025-04-16 10:30:00,6.760,6.770,6.740,6.740,2010900
2025-04-16 11:00:00,6.750,6.760,6.730,6.740,2196940
2025-04-16 11:30:00,6.750,6.750,6.700,6.700,2824960
2025-04-16 13:30:00,6.700,6.730,6.690,6.710,2230048
2025-04-16 14:00:00,6.720,6.770,6.710,6.750,2170433
2025-04-16 14:30:00,6.740,6.760,6.730,6.760,1452652
2025-04-16 15:00:00,6.760,6.810,6.730,6.790,6001140
2025-04-17 10:00:00,6.770,6.790,6.750,6.770,2484364
2025-04-17 10:30:00,6.770,6.810,6.770,6.790,3146256
2025-04-17 11:00:00,6.780,6.800,6.770,6.780,1032700
2025-04-17 11:30:00,6.790,6.810,6.780,6.810,1390220
2025-04-17 13:30:00,6.800,6.810,6.760,6.780,1483680
2025-04-17 14:00:00,6.780,6.790,6.770,6.790,796100
2025-04-17 14:30:00,6.790,6.810,6.770,6.800,2124604
2025-04-17 15:00:00,6.790,6.800,6.780,6.780,2662548
2025-04-18 10:00:00,6.770,6.810,6.750,6.810,4402620
2025-04-18 10:30:00,6.810,6.820,6.800,6.800,1685556
2025-04-18 11:00:00,6.810,6.820,6.800,6.820,1222100
2025-04-18 11:30:00,6.820,6.820,6.790,6.810,1213400
2025-04-18 13:30:00,6.810,6.820,6.790,6.810,1668588
2025-04-18 14:00:00,6.810,6.860,6.800,6.850,3298656
2025-04-18 14:30:00,6.840,6.860,6.830,6.850,2453100
2025-04-18 15:00:00,6.850,6.860,6.830,6.830,4909364
2025-04-21 10:00:00,6.820,6.880,6.790,6.870,4485064
2025-04-21 10:30:00,6.860,6.880,6.850,6.860,1908400
2025-04-21 11:00:00,6.870,6.870,6.830,6.830,1162200
2025-04-21 11:30:00,6.830,6.850,6.820,6.840,1786600
2025-04-21 13:30:00,6.850,6.860,6.830,6.840,1592600
2025-04-21 14:00:00,6.850,6.860,6.840,6.850,1060000
2025-04-21 14:30:00,6.850,6.860,6.850,6.850,939692
2025-04-21 15:00:00,6.850,6.860,6.840,6.850,2019616
2025-04-22 10:00:00,6.860,6.990,6.850,6.980,9866601
2025-04-22 10:30:00,6.970,6.980,6.920,6.960,5211652
2025-04-22 11:00:00,6.960,6.980,6.930,6.970,3130200
2025-04-22 11:30:00,6.980,6.980,6.940,6.940,1790200
2025-04-22 13:30:00,6.950,6.950,6.920,6.940,1727854
2025-04-22 14:00:00,6.930,6.960,6.930,6.940,1464100
2025-04-22 14:30:00,6.930,6.970,6.930,6.950,2087700
2025-04-22 15:00:00,6.950,6.960,6.930,6.930,3065286
2025-04-23 10:00:00,6.950,6.960,6.880,6.890,6784600
2025-04-23 10:30:00,6.890,6.890,6.850,6.870,3787900
2025-04-23 11:00:00,6.870,6.880,6.850,6.870,1833900
2025-04-23 11:30:00,6.860,6.870,6.840,6.850,2349460
2025-04-23 13:30:00,6.860,6.880,6.840,6.860,2817972
2025-04-23 14:00:00,6.860,6.880,6.850,6.860,1626010
2025-04-23 14:30:00,6.870,6.870,6.840,6.870,2569300
2025-04-23 15:00:00,6.860,6.870,6.850,6.860,2156084
2025-04-24 10:00:00,6.850,6.860,6.820,6.840,4974656
2025-04-24 10:30:00,6.840,6.880,6.840,6.870,3693236
2025-04-24 11:00:00,6.880,6.880,6.820,6.820,3515900
2025-04-24 11:30:00,6.830,6.830,6.770,6.800,4392733
2025-04-24 13:30:00,6.800,6.840,6.790,6.830,2317258
2025-04-24 14:00:00,6.840,6.850,6.830,6.830,970100
2025-04-24 14:30:00,6.840,6.840,6.820,6.830,920000
2025-04-24 15:00:00,6.820,6.840,6.820,6.820,1634585
2025-04-25 10:00:00,6.850,6.870,6.830,6.860,4410361
2025-04-25 10:30:00,6.860,6.900,6.840,6.870,3942800
2025-04-25 11:00:00,6.870,6.900,6.860,6.870,2271100
2025-04-25 11:30:00,6.870,6.900,6.870,6.880,2554000
2025-04-25 13:30:00,6.890,6.900,6.880,6.880,1968480
2025-04-25 14:00:00,6.880,6.900,6.870,6.870,2126840
2025-04-25 14:30:00,6.870,6.880,6.860,6.870,1445000
2025-04-25 15:00:00,6.870,6.890,6.870,6.870,2783604
2025-04-28 10:00:00,6.860,6.860,6.800,6.800,6354036
2025-04-28 10:30:00,6.810,6.840,6.790,6.830,3242184
2025-04-28 11:00:00,6.830,6.840,6.820,6.840,1396476
2025-04-28 11:30:00,6.830,6.860,6.830,6.840,1371652
2025-04-28 13:30:00,6.850,6.860,6.840,6.860,1107651
2025-04-28 14:00:00,6.850,6.860,6.840,6.840,1308472
2025-04-28 14:30:00,6.840,6.860,6.830,6.830,892336
2025-04-28 15:00:00,6.830,6.850,6.820,6.830,2641500
2025-04-29 10:00:00,6.820,6.870,6.800,6.860,4099600
2025-04-29 10:30:00,6.850,6.870,6.830,6.830,2506100
2025-04-29 11:00:00,6.840,6.840,6.820,6.840,1340920
2025-04-29 11:30:00,6.830,6.850,6.830,6.840,1116800
2025-04-29 13:30:00,6.840,6.850,6.820,6.840,1921780
2025-04-29 14:00:00,6.830,6.840,6.820,6.830,1509100
2025-04-29 14:30:00,6.830,6.840,6.820,6.820,1390100
2025-04-29 15:00:00,6.820,6.830,6.810,6.830,3066368
2025-04-30 10:00:00,6.840,6.910,6.840,6.880,6716600
2025-04-30 10:30:00,6.870,6.890,6.870,6.890,1858960
2025-04-30 11:00:00,6.890,6.890,6.860,6.880,1541792
2025-04-30 11:30:00,6.880,6.900,6.870,6.890,1522232
2025-04-30 13:30:00,6.880,6.890,6.860,6.870,1843971
2025-04-30 14:00:00,6.860,6.870,6.850,6.860,1349545
2025-04-30 14:30:00,6.860,6.870,6.850,6.860,1586200
2025-04-30 15:00:00,6.850,6.870,6.830,6.840,3550726
2025-05-06 10:00:00,6.880,6.930,6.880,6.910,7784917
2025-05-06 10:30:00,6.920,6.950,6.900,6.930,4942564
2025-05-06 11:00:00,6.930,6.950,6.920,6.950,3358189
2025-05-06 11:30:00,6.940,6.970,6.940,6.960,2802153
2025-05-06 13:30:00,6.960,6.970,6.930,6.960,3900647
2025-05-06 14:00:00,6.960,6.970,6.940,6.940,2624932
2025-05-06 14:30:00,6.950,6.960,6.940,6.950,2723500
2025-05-06 15:00:00,6.950,6.980,6.950,6.980,4720924
2025-05-07 10:00:00,7.100,7.200,7.040,7.040,15794952
2025-05-07 10:30:00,7.050,7.060,7.020,7.020,3189698
2025-05-07 11:00:00,7.020,7.040,7.020,7.020,1461960
2025-05-07 11:30:00,7.020,7.040,7.000,7.020,2323058
2025-05-07 13:30:00,7.030,7.050,7.010,7.030,1410700
2025-05-07 14:00:00,7.030,7.040,7.010,7.010,1421100
2025-05-07 14:30:00,7.010,7.030,7.000,7.000,1392500
2025-05-07 15:00:00,7.000,7.030,7.000,7.020,3440752
2025-05-08 10:00:00,7.000,7.060,6.980,7.050,4743382
2025-05-08 10:30:00,7.060,7.060,7.020,7.050,2036012
2025-05-08 11:00:00,7.050,7.050,7.020,7.040,1146600
2025-05-08 11:30:00,7.030,7.060,7.030,7.060,1987244
2025-05-08 13:30:00,7.060,7.060,7.020,7.040,2062180
2025-05-08 14:00:00,7.040,7.040,7.020,7.040,1039700
2025-05-08 14:30:00,7.030,7.060,7.030,7.060,1542232
2025-05-08 15:00:00,7.060,7.060,7.030,7.030,2226963
2025-05-09 10:00:00,7.040,7.040,7.000,7.020,4553064
2025-05-09 10:30:00,7.020,7.030,6.990,6.990,1864100
2025-05-09 11:00:00,7.000,7.000,6.950,6.970,2395500
2025-05-09 11:30:00,6.960,6.980,6.950,6.960,1400700
2025-05-09 13:30:00,6.970,6.990,6.960,6.990,1216960
2025-05-09 14:00:00,6.990,6.990,6.970,6.990,1261660
2025-05-09 14:30:00,6.990,6.990,6.960,6.970,1160700
2025-05-09 15:00:00,6.970,6.990,6.960,6.980,3050680
2025-05-12 10:00:00,7.020,7.030,7.000,7.020,3581050
2025-05-12 10:30:00,7.030,7.070,7.020,7.050,3792248
2025-05-12 11:00:00,7.050,7.070,7.030,7.030,1409132
2025-05-12 11:30:00,7.040,7.050,7.030,7.040,860020
2025-05-12 13:30:00,7.040,7.050,7.030,7.040,1110880
2025-05-12 14:00:00,7.040,7.070,7.040,7.060,1796196
2025-05-12 14:30:00,7.050,7.100,7.050,7.080,4310424
2025-05-12 15:00:00,7.070,7.090,7.070,7.080,2938774
2025-05-13 10:00:00,7.140,7.140,7.070,7.090,5818620
2025-05-13 10:30:00,7.090,7.100,7.060,7.080,2284300
2025-05-13 11:00:00,7.080,7.080,7.050,7.060,1387268
2025-05-13 11:30:00,7.060,7.070,7.050,7.060,800100
2025-05-13 13:30:00,7.050,7.070,7.040,7.060,1230716
2025-05-13 14:00:00,7.070,7.090,7.060,7.080,1486200
2025-05-13 14:30:00,7.080,7.090,7.070,7.070,1485036
2025-05-13 15:00:00,7.070,7.090,7.050,7.070,2547564
2025-05-14 10:00:00,7.050,7.080,7.030,7.030,2436400
2025-05-14 10:30:00,7.030,7.040,7.010,7.020,1539728
2025-05-14 11:00:00,7.020,7.030,7.010,7.020,801700
2025-05-14 11:30:00,7.020,7.090,7.020,7.060,2862696
2025-05-14 13:30:00,7.070,7.180,7.060,7.160,9113656
2025-05-14 14:00:00,7.160,7.330,7.140,7.240,16102554
2025-05-14 14:30:00,7.240,7.250,7.190,7.210,4856448
2025-05-14 15:00:00,7.220,7.250,7.210,7.230,4454520
2025-05-15 10:00:00,7.210,7.230,7.150,7.150,8444500
2025-05-15 10:30:00,7.160,7.180,7.140,7.160,3097600
2025-05-15 11:00:00,7.160,7.170,7.140,7.140,1291900
2025-05-15 11:30:00,7.150,7.160,7.140,7.160,913944
2025-05-15 13:30:00,7.160,7.170,7.130,7.140,1289700
2025-05-15 14:00:00,7.130,7.150,7.120,7.130,2037100
2025-05-15 14:30:00,7.140,7.160,7.120,7.140,2158200
2025-05-15 15:00:00,7.140,7.150,7.120,7.130,2161470
2025-05-16 10:00:00,7.110,7.130,7.060,7.070,5075300
2025-05-16 10:30:00,7.070,7.080,7.000,7.010,5936200
2025-05-16 11:00:00,7.010,7.020,7.000,7.010,3726800
2025-05-16 11:30:00,7.000,7.010,6.970,6.990,3879200
2025-05-16 13:30:00,6.990,7.020,6.980,7.010,2256960
2025-05-16 14:00:00,7.000,7.030,6.990,7.010,1661716
2025-05-16 14:30:00,7.020,7.020,7.000,7.010,958060
2025-05-16 15:00:00,7.010,7.020,7.000,7.010,2436400
2025-05-19 10:00:00,7.010,7.020,6.970,6.990,3936952
2025-05-19 10:30:00,7.000,7.020,6.990,6.990,1888500
2025-05-19 11:00:00,6.990,7.010,6.980,7.010,1448704
2025-05-19 11:30:00,7.010,7.020,6.980,7.000,2037200
2025-05-19 13:30:00,7.000,7.010,6.990,7.000,1103832
2025-05-19 14:00:00,7.010,7.020,7.000,7.010,880380
2025-05-19 14:30:00,7.010,7.040,7.000,7.010,2398842
2025-05-19 15:00:00,7.020,7.020,7.000,7.000,1799700
2025-05-20 10:00:00,7.020,7.040,6.980,7.000,3682500
2025-05-20 10:30:00,7.000,7.030,6.990,7.030,1808688
2025-05-20 11:00:00,7.010,7.030,7.000,7.000,1111600
2025-05-20 11:30:00,7.000,7.040,7.000,7.040,1950500
2025-05-20 13:30:00,7.040,7.050,7.020,7.030,2356200
2025-05-20 14:00:00,7.030,7.040,7.020,7.030,841700
2025-05-20 14:30:00,7.030,7.040,7.020,7.030,1088600
2025-05-20 15:00:00,7.030,7.040,7.020,7.020,1804152
2025-05-21 10:00:00,7.010,7.050,7.010,7.030,2242540
2025-05-21 10:30:00,7.040,7.050,7.010,7.050,1962220
2025-05-21 11:00:00,7.050,7.050,7.020,7.030,1339976
2025-05-21 11:30:00,7.030,7.050,7.030,7.040,1426492
2025-05-21 13:30:00,7.030,7.040,7.030,7.030,768252
2025-05-21 14:00:00,7.030,7.040,7.020,7.020,998952
2025-05-21 14:30:00,7.020,7.030,7.010,7.030,1462119
2025-05-21 15:00:00,7.030,7.040,7.020,7.020,2453272
2025-05-22 10:00:00,7.010,7.010,6.960,7.000,4619745
2025-05-22 10:30:00,6.990,7.010,6.980,6.990,1480800
2025-05-22 11:00:00,6.990,7.000,6.960,6.960,1554800
2025-05-22 11:30:00,6.960,6.990,6.950,6.990,1490400
2025-05-22 13:30:00,6.980,7.000,6.960,6.960,906920
2025-05-22 14:00:00,6.970,6.990,6.960,6.980,824900
2025-05-22 14:30:00,6.980,7.000,6.970,6.980,857000
2025-05-22 15:00:00,6.970,6.990,6.960,6.980,1464756
2025-05-23 10:00:00,6.970,7.000,6.960,6.990,2576309
2025-05-23 10:30:00,6.990,7.000,6.980,6.980,1737176
2025-05-23 11:00:00,6.990,7.000,6.980,6.990,777784
2025-05-23 11:30:00,7.000,7.010,6.980,6.980,1242372
2025-05-23 13:30:00,6.990,6.990,6.960,6.970,1370701
2025-05-23 14:00:00,6.970,6.980,6.950,6.960,1716799
2025-05-23 14:30:00,6.950,6.960,6.900,6.910,4432400
2025-05-23 15:00:00,6.900,6.910,6.880,6.880,3160035
2025-05-26 10:00:00,6.880,6.930,6.870,6.910,2974382
2025-05-26 10:30:00,6.920,6.930,6.910,6.920,872600
2025-05-26 11:00:00,6.920,6.920,6.900,6.900,682260
2025-05-26 11:30:00,6.900,6.900,6.860,6.870,1352808
2025-05-26 13:30:00,6.870,6.900,6.870,6.890,1357984
2025-05-26 14:00:00,6.900,6.910,6.880,6.900,908700
2025-05-26 14:30:00,6.900,6.910,6.880,6.890,875352
2025-05-26 15:00:00,6.890,6.910,6.890,6.910,1079626
2025-05-27 10:00:00,6.910,6.930,6.880,6.920,2304100
2025-05-27 10:30:00,6.930,6.940,6.900,6.920,2111827
2025-05-27 11:00:00,6.930,6.940,6.910,6.910,1068800
2025-05-27 11:30:00,6.910,6.930,6.910,6.910,948400
2025-05-27 13:30:00,6.910,6.950,6.910,6.920,1651292
2025-05-27 14:00:00,6.930,6.950,6.920,6.940,897466
2025-05-27 14:30:00,6.940,6.970,6.930,6.960,1081008
2025-05-27 15:00:00,6.950,6.970,6.940,6.960,1121411
2025-05-28 10:00:00,6.960,6.960,6.930,6.930,2258680
2025-05-28 10:30:00,6.940,6.940,6.900,6.910,2118188
2025-05-28 11:00:00,6.900,6.920,6.900,6.920,731580
2025-05-28 11:30:00,6.910,6.920,6.900,6.920,887464
2025-05-28 13:30:00,6.920,6.930,6.910,6.920,754000
2025-05-28 14:00:00,6.930,6.930,6.900,6.910,815700
2025-05-28 14:30:00,6.910,6.920,6.900,6.920,811424
2025-05-28 15:00:00,6.920,6.920,6.900,6.910,1548573
2025-05-29 10:00:00,6.920,6.960,6.910,6.950,2697652
2025-05-29 10:30:00,6.950,6.960,6.920,6.950,3210592
2025-05-29 11:00:00,6.950,6.980,6.940,6.980,3085000
2025-05-29 11:30:00,6.970,6.980,6.960,6.970,1406303
2025-05-29 13:30:00,6.980,6.980,6.960,6.960,867700
2025-05-29 14:00:00,6.960,6.980,6.960,6.980,1393264
2025-05-29 14:30:00,6.980,6.980,6.960,6.970,2721372
2025-05-29 15:00:00,6.970,6.980,6.960,6.970,2278800
2025-05-30 10:00:00,6.970,6.980,6.930,6.930,3432544
2025-05-30 10:30:00,6.930,6.950,6.920,6.950,2368472
2025-05-30 11:00:00,6.940,6.970,6.930,6.970,1412386
2025-05-30 11:30:00,6.970,6.990,6.960,6.980,1974460
2025-05-30 13:30:00,6.980,7.000,6.980,6.980,1284412
2025-05-30 14:00:00,6.990,7.000,6.970,6.980,1109400
2025-05-30 14:30:00,6.980,6.990,6.970,6.970,652700
2025-05-30 15:00:00,6.970,6.990,6.970,6.970,2532976
2025-06-03 10:00:00,6.970,7.030,6.940,7.030,5809087
2025-06-03 10:30:00,7.030,7.030,7.000,7.010,2539380
2025-06-03 11:00:00,7.010,7.050,6.990,7.050,3968392
2025-06-03 11:30:00,7.050,7.090,7.040,7.070,4379280
2025-06-03 13:30:00,7.070,7.080,7.040,7.080,2405052
2025-06-03 14:00:00,7.070,7.090,7.060,7.090,2228812
2025-06-03 14:30:00,7.080,7.100,7.080,7.080,2296600
2025-06-03 15:00:00,7.080,7.090,7.070,7.080,2915200
2025-06-04 10:00:00,7.080,7.110,7.050,7.100,4748432
2025-06-04 10:30:00,7.100,7.130,7.090,7.100,4131256
2025-06-04 11:00:00,7.100,7.120,7.080,7.120,1683348
2025-06-04 11:30:00,7.120,7.150,7.100,7.130,3109000
2025-06-04 13:30:00,7.140,7.150,7.120,7.140,2121320
2025-06-04 14:00:00,7.140,7.150,7.130,7.140,1210400
2025-06-04 14:30:00,7.140,7.150,7.130,7.130,1755221
2025-06-04 15:00:00,7.140,7.150,7.110,7.130,2248161
2025-06-05 10:00:00,7.140,7.170,7.120,7.140,4450360
2025-06-05 10:30:00,7.140,7.160,7.130,7.150,2155300
2025-06-05 11:00:00,7.150,7.170,7.130,7.160,2310431
2025-06-05 11:30:00,7.160,7.170,7.130,7.150,2496500
2025-06-05 13:30:00,7.150,7.150,7.110,7.140,2292300
2025-06-05 14:00:00,7.140,7.140,7.110,7.120,1693900
2025-06-05 14:30:00,7.110,7.150,7.110,7.130,2423679
2025-06-05 15:00:00,7.140,7.170,7.130,7.140,5340572
2025-06-06 10:00:00,7.160,7.200,7.140,7.150,6018067
2025-06-06 10:30:00,7.150,7.160,7.120,7.140,2201500
2025-06-06 11:00:00,7.140,7.160,7.130,7.140,1670600
2025-06-06 11:30:00,7.150,7.150,7.110,7.110,1830100
2025-06-06 13:30:00,7.120,7.140,7.100,7.120,1306959
2025-06-06 14:00:00,7.110,7.120,7.110,7.110,851300
2025-06-06 14:30:00,7.110,7.120,7.100,7.120,1068500
2025-06-06 15:00:00,7.120,7.130,7.100,7.120,1873207
2025-06-09 10:00:00,7.160,7.230,7.150,7.200,8474901
2025-06-09 10:30:00,7.200,7.210,7.170,7.200,2498152
2025-06-09 11:00:00,7.190,7.220,7.190,7.210,1523423
2025-06-09 11:30:00,7.200,7.210,7.170,7.170,1655141
2025-06-09 13:30:00,7.170,7.190,7.150,7.180,1927860
2025-06-09 14:00:00,7.180,7.190,7.160,7.190,1218036
2025-06-09 14:30:00,7.190,7.200,7.180,7.190,1288500
2025-06-09 15:00:00,7.190,7.200,7.170,7.180,1862192
2025-06-10 10:00:00,7.180,7.200,7.150,7.180,3820428
2025-06-10 10:30:00,7.180,7.190,7.160,7.180,2406312
2025-06-10 11:00:00,7.170,7.190,7.170,7.180,1305600
2025-06-10 11:30:00,7.170,7.180,7.170,7.170,1157500
2025-06-10 13:30:00,7.170,7.180,7.070,7.070,4300772
2025-06-10 14:00:00,7.070,7.130,7.070,7.100,3282368
2025-06-10 14:30:00,7.100,7.120,7.090,7.120,1506800
2025-06-10 15:00:00,7.110,7.120,7.100,7.110,2155576
2025-06-11 10:00:00,7.120,7.270,7.110,7.250,12319212
2025-06-11 10:30:00,7.250,7.270,7.210,7.230,4843700
2025-06-11 11:00:00,7.230,7.230,7.200,7.220,1745700
2025-06-11 11:30:00,7.210,7.230,7.210,7.210,1660700
2025-06-11 13:30:00,7.210,7.230,7.200,7.210,2748460
2025-06-11 14:00:00,7.210,7.250,7.200,7.230,1982612
2025-06-11 14:30:00,7.230,7.270,7.220,7.260,4014112
2025-06-11 15:00:00,7.250,7.270,7.220,7.230,4169922
2025-06-12 10:00:00,7.220,7.250,7.210,7.250,4836328
2025-06-12 10:30:00,7.240,7.260,7.230,7.250,2924872
2025-06-12 11:00:00,7.250,7.300,7.250,7.290,5341740
2025-06-12 11:30:00,7.290,7.300,7.260,7.290,2937364
2025-06-12 13:30:00,7.280,7.290,7.260,7.270,3610436
2025-06-12 14:00:00,7.270,7.280,7.250,7.270,2132720
2025-06-12 14:30:00,7.280,7.300,7.260,7.290,4289312
2025-06-12 15:00:00,7.300,7.300,7.280,7.300,3820320
2025-06-13 10:00:00,7.280,7.290,7.250,7.260,4111128
2025-06-13 10:30:00,7.260,7.290,7.240,7.260,4056774
2025-06-13 11:00:00,7.260,7.280,7.230,7.270,3602100
2025-06-13 11:30:00,7.260,7.290,7.250,7.270,2114180
2025-06-13 13:30:00,7.260,7.270,7.230,7.270,2993352
2025-06-13 14:00:00,7.270,7.280,7.250,7.260,2507500
2025-06-13 14:30:00,7.270,7.290,7.260,7.270,2651500
2025-06-13 15:00:00,7.280,7.290,7.250,7.280,4192728
2025-06-16 10:00:00,7.270,7.320,7.250,7.260,5675900
2025-06-16 10:30:00,7.280,7.280,7.240,7.270,2429600
2025-06-16 11:00:00,7.270,7.270,7.230,7.240,1695400
2025-06-16 11:30:00,7.240,7.250,7.220,7.230,1716600
2025-06-16 13:30:00,7.230,7.250,7.220,7.250,2468760
2025-06-16 14:00:00,7.240,7.260,7.230,7.260,1527860
2025-06-16 14:30:00,7.260,7.300,7.250,7.280,2897152
2025-06-16 15:00:00,7.290,7.310,7.280,7.290,4026980
2025-06-17 10:00:00,7.300,7.340,7.280,7.330,5189652
2025-06-17 10:30:00,7.320,7.340,7.310,7.320,4092060
2025-06-17 11:00:00,7.330,7.350,7.300,7.350,2716280
2025-06-17 11:30:00,7.350,7.350,7.320,7.330,1990700
2025-06-17 13:30:00,7.330,7.350,7.310,7.350,2800900
2025-06-17 14:00:00,7.350,7.380,7.340,7.350,4352996
2025-06-17 14:30:00,7.350,7.380,7.350,7.350,2895100
2025-06-17 15:00:00,7.360,7.390,7.350,7.380,5633666
2025-06-18 10:00:00,7.370,7.390,7.340,7.350,5664036
2025-06-18 10:30:00,7.350,7.350,7.260,7.270,5577900
2025-06-18 11:00:00,7.270,7.290,7.260,7.270,2224572
2025-06-18 11:30:00,7.270,7.280,7.240,7.270,2202500
2025-06-18 13:30:00,7.280,7.320,7.270,7.300,2399756
2025-06-18 14:00:00,7.310,7.330,7.300,7.300,1335838
2025-06-18 14:30:00,7.310,7.330,7.290,7.300,2052172
2025-06-18 15:00:00,7.290,7.310,7.280,7.310,2415700
2025-06-19 10:00:00,7.290,7.330,7.220,7.220,4278000
2025-06-19 10:30:00,7.230,7.240,7.180,7.180,2627120
2025-06-19 11:00:00,7.190,7.210,7.180,7.190,1201600
2025-06-19 11:30:00,7.190,7.190,7.150,7.170,2937836
2025-06-19 13:30:00,7.160,7.180,7.140,7.170,2465100
2025-06-19 14:00:00,7.180,7.190,7.160,7.160,1168816
2025-06-19 14:30:00,7.160,7.180,7.140,7.170,1771520
2025-06-19 15:00:00,7.170,7.180,7.140,7.170,2587498
2025-06-20 10:00:00,7.160,7.180,7.140,7.150,2423600
2025-06-20 10:30:00,7.150,7.160,7.120,7.140,1973904
2025-06-20 11:00:00,7.140,7.170,7.140,7.150,903196
2025-06-20 11:30:00,7.150,7.180,7.150,7.170,840600
2025-06-20 13:30:00,7.170,7.180,7.140,7.150,939100
2025-06-20 14:00:00,7.140,7.160,7.130,7.140,903900
2025-06-20 14:30:00,7.140,7.140,7.120,7.130,1211564
2025-06-20 15:00:00,7.130,7.140,7.120,7.120,7612636
2025-06-23 10:00:00,7.100,7.150,7.080,7.130,3557360
2025-06-23 10:30:00,7.120,7.140,7.100,7.130,1612114
2025-06-23 11:00:00,7.140,7.170,7.130,7.160,1867300
2025-06-23 11:30:00,7.160,7.170,7.140,7.140,687500
2025-06-23 13:30:00,7.140,7.160,7.130,7.160,1028824
2025-06-23 14:00:00,7.150,7.190,7.140,7.180,1748107
2025-06-23 14:30:00,7.170,7.210,7.160,7.210,2867992
2025-06-23 15:00:00,7.200,7.230,7.190,7.200,2571285
2025-06-24 10:00:00,7.200,7.320,7.190,7.320,6259055
2025-06-24 10:30:00,7.310,7.400,7.310,7.350,7633909
2025-06-24 11:00:00,7.350,7.360,7.330,7.340,2178700
2025-06-24 11:30:00,7.330,7.360,7.320,7.340,1417908
2025-06-24 13:30:00,7.340,7.380,7.330,7.360,3758707
2025-06-24 14:00:00,7.370,7.400,7.360,7.390,4160124
2025-06-24 14:30:00,7.390,7.400,7.380,7.390,2632288
2025-06-24 15:00:00,7.390,7.400,7.370,7.390,4851640
2025-06-25 10:00:00,7.390,7.530,7.370,7.520,13440748
2025-06-25 10:30:00,7.520,7.540,7.470,7.490,7896264
2025-06-25 11:00:00,7.480,7.530,7.470,7.530,4250912
2025-06-25 11:30:00,7.530,7.580,7.520,7.580,7567833
2025-06-25 13:30:00,7.580,7.610,7.540,7.590,8201054
2025-06-25 14:00:00,7.590,7.600,7.550,7.600,3734056
2025-06-25 14:30:00,7.590,7.650,7.580,7.630,8515063
2025-06-25 15:00:00,7.640,7.660,7.610,7.640,8345178
2025-06-26 10:00:00,7.630,7.670,7.560,7.630,15185990
2025-06-26 10:30:00,7.630,7.640,7.590,7.610,3316648
2025-06-26 11:00:00,7.610,7.640,7.590,7.640,2375020
2025-06-26 11:30:00,7.640,7.650,7.620,7.640,2698700
2025-06-26 13:30:00,7.630,7.640,7.590,7.610,3122000
2025-06-26 14:00:00,7.610,7.630,7.570,7.580,3315264
2025-06-26 14:30:00,7.580,7.590,7.570,7.580,2223072
2025-06-26 15:00:00,7.590,7.600,7.570,7.600,4014000
2025-06-27 10:00:00,7.580,7.720,7.540,7.700,10269032
2025-06-27 10:30:00,7.690,7.760,7.630,7.650,10175796
2025-06-27 11:00:00,7.640,7.650,7.610,7.640,3841252
2025-06-27 11:30:00,7.630,7.650,7.620,7.630,2374720
2025-06-27 13:30:00,7.630,7.640,7.600,7.610,3598840
2025-06-27 14:00:00,7.600,7.620,7.540,7.550,4140616
2025-06-27 14:30:00,7.550,7.580,7.540,7.570,2788300
2025-06-27 15:00:00,7.570,7.580,7.540,7.550,3290076
2025-06-30 10:00:00,7.560,7.640,7.490,7.510,7559660
2025-06-30 10:30:00,7.520,7.550,7.470,7.550,4246700
2025-06-30 11:00:00,7.550,7.560,7.510,7.520,1902600
2025-06-30 11:30:00,7.520,7.530,7.490,7.510,1674064
2025-06-30 13:30:00,7.510,7.540,7.490,7.530,2005412
2025-06-30 14:00:00,7.530,7.530,7.510,7.520,1323400
2025-06-30 14:30:00,7.520,7.530,7.500,7.530,2478212
2025-06-30 15:00:00,7.520,7.530,7.500,7.520,4060489
2025-07-01 10:00:00,7.520,7.540,7.460,7.460,4897728
2025-07-01 10:30:00,7.460,7.480,7.440,7.450,3768500
2025-07-01 11:00:00,7.450,7.470,7.430,7.430,2644180
2025-07-01 11:30:00,7.440,7.450,7.420,7.440,1831900
2025-07-01 13:30:00,7.440,7.460,7.430,7.450,1661200
2025-07-01 14:00:00,7.450,7.490,7.440,7.490,2273400
2025-07-01 14:30:00,7.480,7.490,7.450,7.470,1730900
2025-07-01 15:00:00,7.470,7.480,7.450,7.470,3994868
2025-07-02 10:00:00,7.470,7.500,7.450,7.480,4612600
2025-07-02 10:30:00,7.490,7.500,7.470,7.480,3333900
2025-07-02 11:00:00,7.470,7.490,7.470,7.480,1329900
2025-07-02 11:30:00,7.480,7.490,7.470,7.480,874972
2025-07-02 13:30:00,7.480,7.480,7.460,7.460,2045940
2025-07-02 14:00:00,7.460,7.470,7.450,7.450,1415000
2025-07-02 14:30:00,7.450,7.470,7.450,7.460,1603715
2025-07-02 15:00:00,7.450,7.480,7.450,7.470,2227314
2025-07-03 10:00:00,7.470,7.510,7.470,7.490,3708964
2025-07-03 10:30:00,7.500,7.510,7.460,7.480,2619640
2025-07-03 11:00:00,7.470,7.480,7.460,7.460,930000
2025-07-03 11:30:00,7.470,7.510,7.460,7.480,2632651
2025-07-03 13:30:00,7.490,7.500,7.470,7.490,1652260
2025-07-03 14:00:00,7.480,7.510,7.480,7.510,2220500
2025-07-03 14:30:00,7.510,7.510,7.490,7.500,1563180
2025-07-03 15:00:00,7.490,7.500,7.480,7.490,3632224
2025-07-04 10:00:00,7.480,7.480,7.430,7.460,3325800
2025-07-04 10:30:00,7.440,7.460,7.410,7.450,2814500
2025-07-04 11:00:00,7.460,7.540,7.450,7.500,3811865
2025-07-04 11:30:00,7.510,7.530,7.490,7.500,2110300
2025-07-04 13:30:00,7.510,7.590,7.490,7.570,6953279
2025-07-04 14:00:00,7.580,7.580,7.530,7.540,2397600
2025-07-04 14:30:00,7.530,7.530,7.490,7.510,2345365
2025-07-04 15:00:00,7.500,7.510,7.480,7.500,2070316
2025-07-07 10:00:00,7.470,7.530,7.460,7.510,4279392
2025-07-07 10:30:00,7.500,7.520,7.490,7.490,1460216
2025-07-07 11:00:00,7.490,7.530,7.490,7.500,1578200
2025-07-07 11:30:00,7.500,7.510,7.490,7.500,1102788
2025-07-07 13:30:00,7.490,7.510,7.480,7.490,1779460
2025-07-07 14:00:00,7.490,7.520,7.490,7.510,1492900
2025-07-07 14:30:00,7.500,7.510,7.490,7.490,968100
2025-07-07 15:00:00,7.500,7.510,7.490,7.500,2009804
2025-07-08 10:00:00,7.500,7.540,7.470,7.530,4729116
2025-07-08 10:30:00,7.540,7.540,7.490,7.500,3275920
2025-07-08 11:00:00,7.510,7.510,7.490,7.490,922500
2025-07-08 11:30:00,7.490,7.550,7.490,7.530,3688976
2025-07-08 13:30:00,7.530,7.610,7.520,7.570,7402660
2025-07-08 14:00:00,7.570,7.620,7.570,7.600,3903728
2025-07-08 14:30:00,7.600,7.610,7.580,7.610,2448320
2025-07-08 15:00:00,7.600,7.620,7.590,7.610,4649956
2025-07-09 10:00:00,7.610,7.710,7.580,7.670,11914896
2025-07-09 10:30:00,7.660,7.690,7.660,7.690,3331324
2025-07-09 11:00:00,7.690,7.710,7.670,7.680,3578772
2025-07-09 11:30:00,7.670,7.840,7.660,7.820,17083144
2025-07-09 13:30:00,7.820,7.840,7.740,7.770,8428068
2025-07-09 14:00:00,7.760,7.780,7.730,7.770,3379120
2025-07-09 14:30:00,7.760,7.770,7.700,7.720,4537424
2025-07-09 15:00:00,7.710,7.730,7.680,7.690,5877872
2025-07-10 10:00:00,7.680,7.840,7.650,7.780,17127344
2025-07-10 10:30:00,7.780,7.840,7.770,7.830,6277932
2025-07-10 11:00:00,7.830,7.830,7.750,7.790,5157660
2025-07-10 11:30:00,7.800,7.880,7.790,7.850,11105164
2025-07-10 13:30:00,7.840,7.870,7.810,7.840,5845320
2025-07-10 14:00:00,7.840,7.870,7.810,7.820,7146919
2025-07-10 14:30:00,7.820,7.870,7.810,7.830,4632881
2025-07-10 15:00:00,7.830,7.840,7.790,7.830,6072308
2025-07-11 10:00:00,7.850,7.930,7.800,7.890,19394263
2025-07-11 10:30:00,7.900,7.970,7.880,7.950,21739460
2025-07-11 11:00:00,7.940,8.000,7.900,7.900,11623676
2025-07-11 11:30:00,7.900,7.990,7.890,7.990,5903288
2025-07-11 13:30:00,7.990,8.010,7.910,7.930,14652586
2025-07-11 14:00:00,7.930,7.990,7.920,7.950,6899480
2025-07-11 14:30:00,7.940,7.950,7.910,7.930,4936028
2025-07-11 15:00:00,7.930,7.930,7.880,7.900,9362632
2025-07-14 10:00:00,7.900,7.910,7.800,7.830,16343364
2025-07-14 10:30:00,7.830,7.840,7.800,7.810,4761240
2025-07-14 11:00:00,7.810,7.810,7.780,7.780,5324040
2025-07-14 11:30:00,7.780,7.790,7.760,7.770,3996200
2025-07-14 13:30:00,7.770,7.830,7.770,7.820,3167488
2025-07-14 14:00:00,7.820,7.830,7.800,7.810,2261000
2025-07-14 14:30:00,7.810,7.830,7.800,7.820,2961200
2025-07-14 15:00:00,7.810,7.830,7.790,7.800,3914600
2025-07-15 10:00:00,7.800,7.830,7.760,7.770,9811060
2025-07-15 10:30:00,7.770,7.790,7.720,7.760,7357652
2025-07-15 11:00:00,7.750,7.800,7.750,7.780,3540912
2025-07-15 11:30:00,7.770,7.780,7.710,7.750,3638036
2025-07-15 13:30:00,7.740,7.780,7.730,7.760,2159958
2025-07-15 14:00:00,7.760,7.780,7.730,7.760,1680896
2025-07-15 14:30:00,7.750,7.760,7.720,7.740,2701700
2025-07-15 15:00:00,7.740,7.750,7.720,7.740,5063472
2025-07-16 10:00:00,7.740,7.760,7.690,7.750,6490485
2025-07-16 10:30:00,7.740,7.750,7.680,7.700,5396024
2025-07-16 11:00:00,7.700,7.710,7.660,7.690,4494400
2025-07-16 11:30:00,7.690,7.700,7.670,7.690,1653300
2025-07-16 13:30:00,7.690,7.690,7.670,7.680,1909020
2025-07-16 14:00:00,7.680,7.690,7.660,7.690,2836283
2025-07-16 14:30:00,7.690,7.730,7.670,7.720,2856468
2025-07-16 15:00:00,7.720,7.720,7.700,7.700,3081608
2025-07-17 10:00:00,7.600,7.680,7.580,7.630,10627648
2025-07-17 10:30:00,7.630,7.640,7.600,7.610,2497300
2025-07-17 11:00:00,7.600,7.620,7.590,7.610,1994824
2025-07-17 11:30:00,7.610,7.640,7.590,7.620,2066632
2025-07-17 13:30:00,7.620,7.620,7.590,7.600,2335985
2025-07-17 14:00:00,7.600,7.650,7.590,7.620,3236116
2025-07-17 14:30:00,7.630,7.650,7.600,7.620,2405200
2025-07-17 15:00:00,7.620,7.640,7.610,7.640,2389100
2025-07-18 10:00:00,7.650,7.730,7.640,7.710,10850237
2025-07-18 10:30:00,7.710,7.730,7.680,7.710,5442520
2025-07-18 11:00:00,7.710,7.720,7.680,7.710,2377020
2025-07-18 11:30:00,7.710,7.720,7.670,7.670,3584308
2025-07-18 13:30:00,7.680,7.690,7.650,7.670,2597328
2025-07-18 14:00:00,7.670,7.680,7.660,7.660,1074800
2025-07-18 14:30:00,7.660,7.680,7.650,7.660,2049200
2025-07-18 15:00:00,7.670,7.690,7.660,7.680,3140013
2025-07-21 10:00:00,7.670,7.770,7.660,7.730,14100560
2025-07-21 10:30:00,7.730,7.770,7.700,7.720,6907920
2025-07-21 11:00:00,7.730,7.770,7.720,7.750,7796552
2025-07-21 11:30:00,7.740,7.760,7.730,7.740,2853271
2025-07-21 13:30:00,7.740,7.760,7.730,7.750,2805473
2025-07-21 14:00:00,7.750,7.770,7.740,7.760,2054052
2025-07-21 14:30:00,7.760,7.780,7.740,7.780,2502344
2025-07-21 15:00:00,7.780,7.780,7.760,7.780,4107900
2025-07-22 10:00:00,7.800,7.800,7.680,7.690,8080100
2025-07-22 10:30:00,7.680,7.690,7.640,7.660,6932900
2025-07-22 11:00:00,7.650,7.700,7.640,7.690,2769100
2025-07-22 11:30:00,7.680,7.740,7.670,7.720,2924812
2025-07-22 13:30:00,7.720,7.780,7.700,7.760,4575752
2025-07-22 14:00:00,7.760,7.770,7.720,7.730,3157648
2025-07-22 14:30:00,7.730,7.740,7.700,7.740,2893512
2025-07-22 15:00:00,7.730,7.770,7.730,7.750,5062661
2025-07-23 10:00:00,7.780,7.850,7.760,7.840,12540351
2025-07-23 10:30:00,7.830,7.840,7.750,7.800,6110000
2025-07-23 11:00:00,7.790,7.820,7.770,7.810,3858340
2025-07-23 11:30:00,7.810,7.880,7.790,7.880,7492328
2025-07-23 13:30:00,7.880,7.890,7.830,7.850,7596184
2025-07-23 14:00:00,7.850,7.850,7.790,7.800,4528440
2025-07-23 14:30:00,7.800,7.810,7.720,7.760,5668608
2025-07-23 15:00:00,7.750,7.760,7.720,7.750,4977487
2025-07-24 10:00:00,7.710,7.880,7.700,7.840,20238380
2025-07-24 10:30:00,7.840,7.860,7.820,7.830,4632212
2025-07-24 11:00:00,7.830,7.890,7.810,7.890,7115435
2025-07-24 11:30:00,7.880,7.890,7.840,7.860,4095668
2025-07-24 13:30:00,7.860,7.910,7.860,7.890,6093864
2025-07-24 14:00:00,7.880,7.890,7.820,7.830,5394928
2025-07-24 14:30:00,7.830,7.890,7.830,7.880,2858400
2025-07-24 15:00:00,7.890,7.910,7.870,7.910,7217792
2025-07-25 10:00:00,7.920,7.930,7.830,7.850,10485274
2025-07-25 10:30:00,7.850,7.860,7.790,7.850,7836213
2025-07-25 11:00:00,7.850,7.900,7.830,7.830,4649600
2025-07-25 11:30:00,7.840,7.840,7.810,7.820,3332615
2025-07-25 13:30:00,7.820,7.850,7.810,7.840,2752576
2025-07-25 14:00:00,7.840,7.850,7.820,7.850,2893756
2025-07-25 14:30:00,7.850,7.870,7.800,7.810,5065546
2025-07-25 15:00:00,7.820,7.830,7.810,7.820,4361562
2025-07-28 10:00:00,7.810,7.850,7.760,7.840,9228448
2025-07-28 10:30:00,7.850,7.940,7.820,7.930,11950484
2025-07-28 11:00:00,7.930,7.940,7.900,7.900,4929372
2025-07-28 11:30:00,7.900,7.920,7.840,7.840,4246284
2025-07-28 13:30:00,7.840,7.860,7.820,7.850,3086800
2025-07-28 14:00:00,7.850,7.860,7.830,7.850,1486930
2025-07-28 14:30:00,7.850,7.860,7.820,7.820,2016500
2025-07-28 15:00:00,7.830,7.870,7.830,7.840,3727662
2025-07-29 10:00:00,7.820,7.830,7.690,7.690,12120092
2025-07-29 10:30:00,7.680,7.740,7.680,7.720,4872100
2025-07-29 11:00:00,7.710,7.780,7.710,7.780,3040732
2025-07-29 11:30:00,7.780,7.800,7.750,7.760,2933800
2025-07-29 13:30:00,7.760,7.790,7.750,7.760,2070600
2025-07-29 14:00:00,7.760,7.780,7.750,7.780,2056500
2025-07-29 14:30:00,7.780,7.820,7.770,7.820,3460168
2025-07-29 15:00:00,7.810,7.850,7.810,7.850,4216976
2025-07-30 10:00:00,7.830,7.840,7.780,7.820,6217732
2025-07-30 10:30:00,7.810,7.840,7.780,7.800,3993600
2025-07-30 11:00:00,7.800,7.840,7.790,7.810,3324820
2025-07-30 11:30:00,7.800,7.810,7.780,7.800,2610000
2025-07-30 13:30:00,7.790,7.830,7.790,7.800,3343600
2025-07-30 14:00:00,7.810,7.820,7.720,7.730,5460500
2025-07-30 14:30:00,7.730,7.780,7.690,7.770,6013800
2025-07-30 15:00:00,7.780,7.780,7.740,7.760,2898140
2025-07-31 10:00:00,7.710,7.760,7.670,7.680,10220900
2025-07-31 10:30:00,7.680,7.700,7.650,7.660,6851752
2025-07-31 11:00:00,7.670,7.670,7.640,7.650,3943800
2025-07-31 11:30:00,7.660,7.680,7.620,7.640,3041373
2025-07-31 13:30:00,7.640,7.660,7.600,7.600,3446432
2025-07-31 14:00:00,7.600,7.630,7.560,7.620,6241600
2025-07-31 14:30:00,7.620,7.620,7.550,7.550,4685048
2025-07-31 15:00:00,7.560,7.560,7.510,7.560,6452990
2025-08-01 10:00:00,7.570,7.640,7.550,7.610,9051400
2025-08-01 10:30:00,7.610,7.640,7.600,7.630,3009920
2025-08-01 11:00:00,7.620,7.630,7.560,7.580,2250320
2025-08-01 11:30:00,7.580,7.580,7.550,7.560,1822000
2025-08-01 13:30:00,7.550,7.600,7.520,7.530,3376808
2025-08-01 14:00:00,7.540,7.570,7.520,7.540,2000632
2025-08-01 14:30:00,7.550,7.570,7.530,7.550,1821040
2025-08-01 15:00:00,7.560,7.570,7.540,7.560,2960348
2025-08-04 10:00:00,7.540,7.570,7.510,7.540,5437560
2025-08-04 10:30:00,7.540,7.550,7.510,7.520,3663340
2025-08-04 11:00:00,7.520,7.530,7.510,7.510,1941960
2025-08-04 11:30:00,7.520,7.550,7.510,7.530,1706300
2025-08-04 13:30:00,7.520,7.540,7.520,7.530,1597600
2025-08-04 14:00:00,7.520,7.530,7.510,7.530,1856300
2025-08-04 14:30:00,7.520,7.560,7.520,7.550,2234472
2025-08-04 15:00:00,7.550,7.560,7.540,7.550,2725280
2025-08-05 10:00:00,7.580,7.660,7.560,7.610,8317812
2025-08-05 10:30:00,7.620,7.630,7.600,7.610,2910476
2025-08-05 11:00:00,7.610,7.620,7.580,7.600,1956844
2025-08-05 11:30:00,7.600,7.620,7.590,7.620,1608032
2025-08-05 13:30:00,7.620,7.650,7.610,7.620,2647912
2025-08-05 14:00:00,7.630,7.650,7.620,7.630,1770300
2025-08-05 14:30:00,7.630,7.660,7.620,7.660,2590444
2025-08-05 15:00:00,7.650,7.660,7.640,7.660,3672226
2025-08-06 10:00:00,7.640,7.670,7.620,7.640,3737004
2025-08-06 10:30:00,7.640,7.640,7.620,7.620,2136808
2025-08-06 11:00:00,7.620,7.650,7.610,7.640,1664168
2025-08-06 11:30:00,7.650,7.670,7.630,7.650,1795000
2025-08-06 13:30:00,7.650,7.660,7.630,7.640,2238362
2025-08-06 14:00:00,7.640,7.690,7.630,7.680,3145080
2025-08-06 14:30:00,7.680,7.690,7.660,7.670,2162236
2025-08-06 15:00:00,7.670,7.690,7.660,7.670,2418692
2025-08-07 10:00:00,7.700,7.760,7.670,7.710,8786733
2025-08-07 10:30:00,7.710,7.720,7.640,7.640,3710400
2025-08-07 11:00:00,7.650,7.660,7.630,7.640,2184900
2025-08-07 11:30:00,7.640,7.690,7.630,7.690,1873772
2025-08-07 13:30:00,7.690,7.700,7.650,7.660,2680700
2025-08-07 14:00:00,7.650,7.670,7.650,7.670,1216000
2025-08-07 14:30:00,7.670,7.690,7.650,7.670,2519284
2025-08-07 15:00:00,7.670,7.700,7.660,7.690,2984792
2025-08-08 10:00:00,7.690,7.690,7.600,7.620,4810136
2025-08-08 10:30:00,7.620,7.670,7.610,7.650,2503008
2025-08-08 11:00:00,7.650,7.680,7.640,7.660,1809440
2025-08-08 11:30:00,7.660,7.690,7.650,7.670,1319548
2025-08-08 13:30:00,7.670,7.690,7.650,7.650,1676672
2025-08-08 14:00:00,7.660,7.670,7.650,7.650,1571104
2025-08-08 14:30:00,7.660,7.680,7.650,7.660,1505767
2025-08-08 15:00:00,7.660,7.680,7.650,7.660,2658064
2025-08-11 10:00:00,7.650,7.760,7.650,7.740,7297408
2025-08-11 10:30:00,7.740,7.760,7.710,7.720,3893872
2025-08-11 11:00:00,7.730,7.760,7.710,7.760,2040200
2025-08-11 11:30:00,7.760,7.770,7.730,7.770,2440364
2025-08-11 13:30:00,7.770,7.780,7.750,7.760,2465292
2025-08-11 14:00:00,7.760,7.770,7.750,7.760,1957260
2025-08-11 14:30:00,7.770,7.770,7.730,7.760,2193312
2025-08-11 15:00:00,7.760,7.760,7.740,7.750,2679164
2025-08-12 10:00:00,7.780,7.820,7.750,7.820,8455260
2025-08-12 10:30:00,7.810,7.830,7.770,7.780,5584700
2025-08-12 11:00:00,7.780,7.820,7.760,7.760,3900184
2025-08-12 11:30:00,7.770,7.800,7.760,7.790,2788000
2025-08-12 13:30:00,7.800,7.820,7.780,7.800,4057512
2025-08-12 14:00:00,7.800,7.810,7.780,7.800,3033604
2025-08-12 14:30:00,7.800,7.820,7.790,7.810,3701943
2025-08-12 15:00:00,7.810,7.830,7.810,7.830,5055360
2025-08-13 10:00:00,7.870,7.890,7.810,7.840,9279140
2025-08-13 10:30:00,7.850,7.850,7.790,7.830,5035624
2025-08-13 11:00:00,7.840,7.960,7.830,7.910,14668422
2025-08-13 11:30:00,7.920,7.990,7.910,7.980,9774668
2025-08-13 13:30:00,7.970,8.000,7.940,7.950,10437692
2025-08-13 14:00:00,7.940,7.990,7.940,7.960,4611644
2025-08-13 14:30:00,7.960,7.980,7.900,7.920,6272784
2025-08-13 15:00:00,7.910,7.950,7.900,7.950,7047620
2025-08-14 10:00:00,7.960,8.050,7.930,8.030,17138085
2025-08-14 10:30:00,8.030,8.130,8.010,8.120,14059158
2025-08-14 11:00:00,8.110,8.170,8.060,8.110,9708412
2025-08-14 11:30:00,8.100,8.150,8.060,8.070,6094812
2025-08-14 13:30:00,8.060,8.070,7.960,7.980,8387152
2025-08-14 14:00:00,7.990,8.050,7.980,8.030,4138472
2025-08-14 14:30:00,8.030,8.100,8.030,8.080,5179516
2025-08-14 15:00:00,8.080,8.080,8.000,8.020,9769748
2025-08-15 10:00:00,8.000,8.230,7.950,8.170,19461724
2025-08-15 10:30:00,8.170,8.200,8.120,8.130,7395842
2025-08-15 11:00:00,8.120,8.150,8.110,8.110,3878952
2025-08-15 11:30:00,8.110,8.210,8.070,8.210,9153816
2025-08-15 13:30:00,8.200,8.290,8.170,8.280,23393513
2025-08-15 14:00:00,8.280,8.300,8.230,8.240,10891742
2025-08-15 14:30:00,8.250,8.290,8.170,8.170,7557556
2025-08-15 15:00:00,8.180,8.240,8.170,8.230,7519194
2025-08-18 10:00:00,8.270,8.290,8.150,8.240,21718772
2025-08-18 10:30:00,8.240,8.270,8.210,8.240,11303087
2025-08-18 11:00:00,8.240,8.280,8.200,8.260,10172032
2025-08-18 11:30:00,8.260,8.300,8.230,8.300,8907988
2025-08-18 13:30:00,8.290,8.330,8.210,8.230,10759944
2025-08-18 14:00:00,8.230,8.260,8.200,8.210,5741536
2025-08-18 14:30:00,8.210,8.230,8.160,8.160,6649884
2025-08-18 15:00:00,8.170,8.220,8.160,8.210,5420476
2025-08-19 10:00:00,8.160,8.220,8.140,8.140,11640580
2025-08-19 10:30:00,8.150,8.160,8.100,8.140,6653916
2025-08-19 11:00:00,8.150,8.160,8.120,8.130,2899900
2025-08-19 11:30:00,8.130,8.170,8.130,8.160,2647704
2025-08-19 13:30:00,8.160,8.180,8.140,8.170,4661968
2025-08-19 14:00:00,8.180,8.180,8.130,8.160,5876396
2025-08-19 14:30:00,8.160,8.330,8.150,8.270,20636325
2025-08-19 15:00:00,8.270,8.280,8.210,8.230,7376321
2025-08-20 10:00:00,8.200,8.310,8.150,8.280,12829569
2025-08-20 10:30:00,8.270,8.280,8.230,8.260,3991146
2025-08-20 11:00:00,8.260,8.300,8.250,8.260,5339988
2025-08-20 11:30:00,8.250,8.270,8.160,8.200,4374805
2025-08-20 13:30:00,8.190,8.210,8.170,8.200,2879020
2025-08-20 14:00:00,8.200,8.230,8.190,8.230,2321120
2025-08-20 14:30:00,8.230,8.350,8.230,8.340,14914468
2025-08-20 15:00:00,8.340,8.410,8.330,8.410,18264687
2025-08-21 10:00:00,8.400,8.490,8.360,8.360,18359482
2025-08-21 10:30:00,8.370,8.410,8.360,8.400,4379642
2025-08-21 11:00:00,8.400,8.440,8.390,8.400,4428507
2025-08-21 11:30:00,8.390,8.410,8.340,8.360,3456516
2025-08-21 13:30:00,8.370,8.390,8.350,8.360,2428540
2025-08-21 14:00:00,8.360,8.400,8.350,8.350,3797868
2025-08-21 14:30:00,8.360,8.410,8.340,8.360,4598156
2025-08-21 15:00:00,8.360,8.390,8.300,8.370,10353788
2025-08-22 10:00:00,8.370,8.410,8.340,8.370,8806509
2025-08-22 10:30:00,8.370,8.400,8.340,8.350,4322285
2025-08-22 11:00:00,8.360,8.440,8.350,8.410,6354619
2025-08-22 11:30:00,8.420,8.460,8.390,8.440,7678476
2025-08-22 13:30:00,8.440,8.450,8.400,8.410,4022252
2025-08-22 14:00:00,8.420,8.540,8.400,8.480,10756698
2025-08-22 14:30:00,8.480,8.510,8.470,8.490,5679098
2025-08-22 15:00:00,8.500,8.530,8.490,8.530,9306220
2025-08-25 10:00:00,8.590,8.630,8.490,8.520,18629144
2025-08-25 10:30:00,8.520,8.550,8.510,8.530,7752008
2025-08-25 11:00:00,8.520,8.620,8.500,8.610,8800875
2025-08-25 11:30:00,8.600,8.670,8.510,8.530,10094800
2025-08-25 13:30:00,8.540,8.550,8.470,8.490,8455303
2025-08-25 14:00:00,8.480,8.520,8.470,8.500,3468144
2025-08-25 14:30:00,8.510,8.690,8.480,8.630,7258957
2025-08-25 15:00:00,8.620,8.700,8.580,8.680,10419588
2025-08-26 10:00:00,8.620,8.760,8.560,8.730,17492846
2025-08-26 10:30:00,8.720,8.750,8.640,8.650,7251484
2025-08-26 11:00:00,8.650,8.680,8.630,8.660,4403956
2025-08-26 11:30:00,8.650,8.730,8.630,8.690,4855167
2025-08-26 13:30:00,8.680,8.700,8.630,8.660,3896568
2025-08-26 14:00:00,8.660,8.730,8.640,8.730,5177712
2025-08-26 14:30:00,8.730,8.730,8.670,8.690,4153740
2025-08-26 15:00:00,8.690,8.710,8.640,8.690,11229576
2025-08-27 10:00:00,8.690,8.730,8.610,8.620,10526064
2025-08-27 10:30:00,8.620,8.710,8.610,8.680,6125326
2025-08-27 11:00:00,8.680,8.720,8.640,8.700,5566844
2025-08-27 11:30:00,8.690,8.720,8.670,8.680,4405248
2025-08-27 13:30:00,8.680,8.680,8.570,8.580,12209296
2025-08-27 14:00:00,8.570,8.590,8.470,8.500,13669447
2025-08-27 14:30:00,8.490,8.550,8.440,8.450,8864999
2025-08-27 15:00:00,8.450,8.510,8.360,8.380,13205474
2025-08-28 10:00:00,8.350,8.460,8.340,8.410,12156111
2025-08-28 10:30:00,8.410,8.450,8.410,8.440,6677076
2025-08-28 11:00:00,8.450,8.490,8.420,8.440,6982428
2025-08-28 11:30:00,8.450,8.470,8.370,8.410,6524122
2025-08-28 13:30:00,8.410,8.420,8.340,8.350,5075488
2025-08-28 14:00:00,8.350,8.440,8.300,8.410,8249564
2025-08-28 14:30:00,8.410,8.480,8.400,8.450,4348377
2025-08-28 15:00:00,8.440,8.540,8.430,8.510,10124017
2025-08-29 10:00:00,8.550,8.590,8.480,8.520,11191244
2025-08-29 10:30:00,8.530,8.550,8.450,8.480,9254808
2025-08-29 11:00:00,8.470,8.480,8.380,8.400,14210836
2025-08-29 11:30:00,8.390,8.440,8.380,8.400,3738000
2025-08-29 13:30:00,8.400,8.470,8.390,8.400,5575084
2025-08-29 14:00:00,8.400,8.440,8.390,8.430,3086208
2025-08-29 14:30:00,8.430,8.440,8.350,8.400,5265340
2025-08-29 15:00:00,8.390,8.420,8.330,8.340,15679613
2025-09-01 10:00:00,8.350,8.370,8.210,8.270,19788076
2025-09-01 10:30:00,8.270,8.280,8.230,8.240,7662594
2025-09-01 11:00:00,8.240,8.280,8.230,8.260,4798052
2025-09-01 11:30:00,8.250,8.260,8.180,8.190,8600358
2025-09-01 13:30:00,8.200,8.250,8.180,8.250,4920266
2025-09-01 14:00:00,8.240,8.260,8.210,8.260,3422844
2025-09-01 14:30:00,8.260,8.260,8.220,8.240,4484072
2025-09-01 15:00:00,8.240,8.240,8.160,8.190,17755300
2025-09-02 10:00:00,8.220,8.220,8.100,8.110,12267701
2025-09-02 10:30:00,8.110,8.130,8.040,8.120,10976258
2025-09-02 11:00:00,8.130,8.130,8.020,8.040,9390878
2025-09-02 11:30:00,8.040,8.180,8.010,8.130,13486623
2025-09-02 13:30:00,8.130,8.170,8.050,8.090,5821460
2025-09-02 14:00:00,8.090,8.130,8.080,8.100,3847807
2025-09-02 14:30:00,8.100,8.130,8.070,8.080,3470752
2025-09-02 15:00:00,8.090,8.110,8.060,8.100,5783010
2025-09-03 10:00:00,8.130,8.140,8.030,8.040,8604928
2025-09-03 10:30:00,8.040,8.050,7.970,7.990,10168162
2025-09-03 11:00:00,7.990,8.030,7.950,8.010,5406480
2025-09-03 11:30:00,8.010,8.020,7.950,7.970,5088700
2025-09-03 13:30:00,7.960,7.970,7.920,7.940,4434680
2025-09-03 14:00:00,7.940,7.950,7.880,7.900,7889616
2025-09-03 14:30:00,7.900,7.940,7.880,7.900,4049000
2025-09-03 15:00:00,7.890,7.910,7.830,7.880,8343676
2025-09-04 10:00:00,7.870,7.910,7.860,7.870,9601548
2025-09-04 10:30:00,7.870,7.890,7.840,7.850,7590315
2025-09-04 11:00:00,7.840,7.860,7.790,7.840,9863048
2025-09-04 11:30:00,7.830,7.860,7.800,7.830,2632028
2025-09-04 13:30:00,7.820,7.910,7.810,7.870,8262490
2025-09-04 14:00:00,7.870,7.880,7.830,7.850,5126532
2025-09-04 14:30:00,7.850,7.860,7.760,7.800,8306208
2025-09-04 15:00:00,7.780,7.860,7.750,7.810,11208777
2025-09-05 10:00:00,7.840,7.890,7.780,7.880,11838599
2025-09-05 10:30:00,7.880,7.890,7.810,7.830,6678500
2025-09-05 11:00:00,7.830,7.840,7.810,7.830,4964684
2025-09-05 11:30:00,7.830,7.840,7.780,7.800,5807900
2025-09-05 13:30:00,7.790,7.810,7.780,7.800,3890100
2025-09-05 14:00:00,7.790,7.830,7.790,7.830,3238100
2025-09-05 14:30:00,7.820,7.860,7.820,7.850,6199220
2025-09-05 15:00:00,7.860,7.880,7.800,7.800,13076769
2025-09-08 10:00:00,7.820,8.030,7.800,7.910,31600045
2025-09-08 10:30:00,7.920,7.920,7.830,7.850,13356100
2025-09-08 11:00:00,7.840,7.870,7.830,7.850,4551600
2025-09-08 11:30:00,7.860,7.890,7.840,7.870,3155012
2025-09-08 13:30:00,7.880,7.890,7.840,7.850,5246412
2025-09-08 14:00:00,7.850,7.860,7.830,7.840,7072400
2025-09-08 14:30:00,7.850,7.860,7.810,7.810,12009800
2025-09-08 15:00:00,7.810,7.840,7.770,7.800,26624990
2025-09-09 10:00:00,7.800,7.830,7.760,7.780,15722208
2025-09-09 10:30:00,7.780,7.820,7.770,7.790,10131600
2025-09-09 11:00:00,7.790,7.820,7.770,7.810,12541788
2025-09-09 11:30:00,7.810,7.830,7.730,7.770,8723828
2025-09-09 13:30:00,7.750,7.770,7.730,7.740,7873800
2025-09-09 14:00:00,7.740,7.760,7.720,7.730,5624388
2025-09-09 14:30:00,7.720,7.760,7.720,7.740,5910100
2025-09-09 15:00:00,7.740,7.750,7.730,7.740,6895572
2025-09-10 10:00:00,7.740,7.780,7.730,7.740,12260648
2025-09-10 10:30:00,7.730,7.740,7.680,7.690,9103800
2025-09-10 11:00:00,7.690,7.700,7.670,7.680,4258996
2025-09-10 11:30:00,7.680,7.710,7.680,7.690,3887396
2025-09-10 13:30:00,7.690,7.720,7.690,7.700,2761928
2025-09-10 14:00:00,7.710,7.730,7.700,7.710,2527403
2025-09-10 14:30:00,7.720,7.750,7.710,7.710,5430400
2025-09-10 15:00:00,7.710,7.720,7.700,7.700,4297041
2025-09-11 10:00:00,7.700,7.740,7.690,7.720,8271229
2025-09-11 10:30:00,7.720,7.730,7.690,7.710,5847820
2025-09-11 11:00:00,7.710,7.770,7.710,7.760,7138064
2025-09-11 11:30:00,7.760,7.900,7.760,7.890,20375161
2025-09-11 13:30:00,7.890,7.920,7.830,7.840,13636464
2025-09-11 14:00:00,7.840,7.850,7.820,7.840,4363384
2025-09-11 14:30:00,7.830,7.870,7.830,7.870,4912849
2025-09-11 15:00:00,7.860,7.900,7.860,7.890,10368740
2025-09-12 10:00:00,7.890,7.900,7.820,7.840,15231396
2025-09-12 10:30:00,7.850,7.880,7.840,7.880,5574489
2025-09-12 11:00:00,7.880,7.890,7.820,7.820,5293548
2025-09-12 11:30:00,7.830,7.860,7.810,7.850,4715568
2025-09-12 13:30:00,7.860,7.860,7.790,7.800,8500132
2025-09-12 14:00:00,7.800,7.850,7.740,7.740,20405387
2025-09-12 14:30:00,7.740,7.760,7.730,7.740,10297300
2025-09-12 15:00:00,7.730,7.750,7.730,7.740,8614498
2025-09-15 10:00:00,7.750,7.780,7.730,7.760,9982144
2025-09-15 10:30:00,7.770,7.770,7.740,7.760,4723000
2025-09-15 11:00:00,7.760,7.770,7.730,7.750,4731980
2025-09-15 11:30:00,7.750,7.760,7.730,7.760,2700188
2025-09-15 13:30:00,7.760,7.760,7.670,7.690,15044256
2025-09-15 14:00:00,7.680,7.700,7.660,7.690,9777676
2025-09-15 14:30:00,7.700,7.720,7.660,7.670,4963300
2025-09-15 15:00:00,7.680,7.700,7.670,7.690,4713588
2025-09-16 10:00:00,7.700,7.710,7.610,7.640,15637804
2025-09-16 10:30:00,7.630,7.670,7.630,7.650,4946500
2025-09-16 11:00:00,7.650,7.660,7.590,7.610,9176684
2025-09-16 11:30:00,7.610,7.680,7.600,7.660,7722364
2025-09-16 13:30:00,7.660,7.690,7.640,7.670,3987588
2025-09-16 14:00:00,7.670,7.680,7.630,7.680,6210256
2025-09-16 14:30:00,7.680,7.710,7.620,7.620,17247747
2025-09-16 15:00:00,7.620,7.640,7.610,7.630,10255732
2025-09-17 10:00:00,7.650,7.670,7.620,7.650,14756684
2025-09-17 10:30:00,7.640,7.760,7.640,7.710,14492952
2025-09-17 11:00:00,7.710,7.840,7.710,7.810,17860756
2025-09-17 11:30:00,7.810,7.900,7.780,7.870,18093047
2025-09-17 13:30:00,7.860,7.890,7.820,7.820,10709400
2025-09-17 14:00:00,7.820,7.860,7.810,7.860,5744200
2025-09-17 14:30:00,7.850,7.860,7.830,7.840,4945520
2025-09-17 15:00:00,7.840,7.850,7.820,7.840,9652198
2025-09-18 10:00:00,7.800,7.810,7.670,7.700,27682989
2025-09-18 10:30:00,7.690,7.760,7.690,7.740,10514072
2025-09-18 11:00:00,7.750,7.770,7.700,7.720,6861648
2025-09-18 11:30:00,7.720,7.730,7.700,7.730,5633500
2025-09-18 13:30:00,7.730,7.750,7.680,7.700,6879764
2025-09-18 14:00:00,7.700,7.710,7.660,7.670,8696200
2025-09-18 14:30:00,7.670,7.690,7.600,7.610,13371900
2025-09-18 15:00:00,7.620,7.630,7.560,7.610,13508838
2025-09-19 10:00:00,7.600,7.630,7.550,7.560,13291308
2025-09-19 10:30:00,7.560,7.580,7.530,7.580,9019136
2025-09-19 11:00:00,7.570,7.590,7.540,7.560,3445444
2025-09-19 11:30:00,7.550,7.570,7.530,7.570,3261744
2025-09-19 13:30:00,7.570,7.590,7.530,7.540,3802700
2025-09-19 14:00:00,7.550,7.550,7.510,7.520,4468292
2025-09-19 14:30:00,7.530,7.580,7.520,7.570,3923007
2025-09-19 15:00:00,7.570,7.580,7.550,7.570,6004052
2025-09-22 10:00:00,7.570,7.590,7.540,7.540,7252148
2025-09-22 10:30:00,7.550,7.600,7.540,7.560,5713100
2025-09-22 11:00:00,7.560,7.580,7.550,7.570,2925991
2025-09-22 11:30:00,7.570,7.580,7.540,7.550,2490000
2025-09-22 13:30:00,7.560,7.580,7.530,7.530,5326572
2025-09-22 14:00:00,7.540,7.550,7.520,7.530,3349300
2025-09-22 14:30:00,7.540,7.560,7.520,7.540,4913520
2025-09-22 15:00:00,7.550,7.600,7.540,7.600,8185364
2025-09-23 10:00:00,7.570,7.570,7.470,7.470,12947503
2025-09-23 10:30:00,7.470,7.480,7.380,7.400,12184144
2025-09-23 11:00:00,7.390,7.460,7.380,7.460,6393316
2025-09-23 11:30:00,7.460,7.460,7.420,7.420,3575504
2025-09-23 13:30:00,7.430,7.480,7.420,7.470,4194580
2025-09-23 14:00:00,7.470,7.480,7.440,7.450,2947100
2025-09-23 14:30:00,7.460,7.480,7.440,7.470,3146805
2025-09-23 15:00:00,7.480,7.520,7.460,7.500,4826292
2025-09-24 10:00:00,7.470,7.610,7.450,7.610,16692179
2025-09-24 10:30:00,7.610,7.750,7.590,7.720,33047100
2025-09-24 11:00:00,7.720,7.740,7.650,7.660,11813191
2025-09-24 11:30:00,7.670,7.670,7.620,7.670,6143236
2025-09-24 13:30:00,7.670,7.680,7.640,7.660,4848000
2025-09-24 14:00:00,7.650,7.820,7.650,7.780,20493975
2025-09-24 14:30:00,7.780,7.800,7.720,7.730,11388495
2025-09-24 15:00:00,7.720,7.750,7.710,7.730,9150914
2025-09-25 10:00:00,7.700,7.720,7.630,7.660,21503632
2025-09-25 10:30:00,7.660,7.680,7.640,7.650,6479212
2025-09-25 11:00:00,7.650,7.680,7.650,7.660,5388640
2025-09-25 11:30:00,7.660,7.700,7.660,7.680,2276676
2025-09-25 13:30:00,7.680,7.680,7.620,7.630,5926400
2025-09-25 14:00:00,7.630,7.660,7.620,7.660,3711952
2025-09-25 14:30:00,7.650,7.660,7.630,7.650,3499804
2025-09-25 15:00:00,7.650,7.660,7.610,7.610,7717649
2025-09-26 10:00:00,7.630,7.880,7.620,7.820,42687306
2025-09-26 10:30:00,7.820,7.910,7.810,7.820,21486852
2025-09-26 11:00:00,7.820,7.850,7.810,7.810,5088384
2025-09-26 11:30:00,7.820,7.840,7.780,7.790,5400768
2025-09-26 13:30:00,7.800,7.810,7.770,7.770,4294204
2025-09-26 14:00:00,7.780,7.850,7.760,7.790,5797496
2025-09-26 14:30:00,7.790,7.810,7.770,7.780,4732904
2025-09-26 15:00:00,7.780,7.790,7.750,7.760,9851648
2025-09-29 10:00:00,7.730,7.860,7.730,7.840,22066680
2025-09-29 10:30:00,7.840,7.910,7.820,7.900,15801896
2025-09-29 11:00:00,7.900,7.910,7.850,7.880,12679496
2025-09-29 11:30:00,7.880,7.920,7.860,7.890,10072136
2025-09-29 13:30:00,7.890,7.980,7.860,7.970,16259373
2025-09-29 14:00:00,7.970,8.150,7.950,8.100,38023631
2025-09-29 14:30:00,8.100,8.130,7.990,8.010,17025560
2025-09-29 15:00:00,8.010,8.050,7.980,8.000,12479936
2025-09-30 10:00:00,7.950,7.990,7.860,7.870,34855057
2025-09-30 10:30:00,7.880,7.890,7.840,7.860,12228077
2025-09-30 11:00:00,7.860,7.870,7.830,7.860,6798452
2025-09-30 11:30:00,7.860,7.900,7.860,7.890,4010452
2025-09-30 13:30:00,7.900,7.930,7.870,7.880,7312984
2025-09-30 14:00:00,7.890,7.900,7.870,7.890,5348854
2025-09-30 14:30:00,7.880,7.900,7.870,7.890,6531100
2025-09-30 15:00:00,7.880,7.910,7.870,7.890,11252368
2025-10-09 10:00:00,7.850,7.880,7.760,7.790,21810899
2025-10-09 10:30:00,7.790,7.870,7.750,7.860,14587704
2025-10-09 11:00:00,7.860,7.920,7.850,7.880,9990104
2025-10-09 11:30:00,7.890,7.900,7.860,7.880,4795048
2025-10-09 13:30:00,7.880,7.890,7.850,7.890,5772400
2025-10-09 14:00:00,7.880,7.900,7.860,7.870,4046100
2025-10-09 14:30:00,7.870,7.890,7.850,7.860,3693294
2025-10-09 15:00:00,7.870,7.890,7.860,7.880,8509360
2025-10-10 10:00:00,7.830,8.000,7.820,7.950,22260680
2025-10-10 10:30:00,7.950,8.000,7.930,7.990,13780500
2025-10-10 11:00:00,7.990,8.050,7.950,7.980,10577470
2025-10-10 11:30:00,7.980,7.990,7.920,7.950,5521000
2025-10-10 13:30:00,7.940,8.000,7.940,7.990,5911644
2025-10-10 14:00:00,7.980,8.030,7.980,8.010,8013484
2025-10-10 14:30:00,8.010,8.010,7.950,7.960,4759900
2025-10-10 15:00:00,7.970,7.990,7.950,7.960,8688376
2025-10-13 10:00:00,7.800,7.930,7.770,7.800,26163873
2025-10-13 10:30:00,7.810,7.840,7.770,7.830,9398458
2025-10-13 11:00:00,7.840,7.860,7.810,7.810,5432848
2025-10-13 11:30:00,7.820,7.820,7.780,7.800,5058616
2025-10-13 13:30:00,7.790,7.840,7.780,7.840,6603092
2025-10-13 14:00:00,7.840,7.890,7.830,7.860,7012303
2025-10-13 14:30:00,7.870,7.880,7.850,7.870,3829751
2025-10-13 15:00:00,7.880,7.890,7.860,7.870,5985941
2025-10-14 10:00:00,7.890,8.010,7.880,7.960,18913972
2025-10-14 10:30:00,7.950,7.960,7.910,7.930,6680531
2025-10-14 11:00:00,7.940,7.990,7.910,7.940,8885800
2025-10-14 11:30:00,7.940,7.960,7.910,7.920,5167900
2025-10-14 13:30:00,7.920,7.930,7.880,7.900,7209953
2025-10-14 14:00:00,7.900,7.920,7.870,7.880,5870997
2025-10-14 14:30:00,7.880,7.890,7.830,7.850,6564203
2025-10-14 15:00:00,7.860,7.890,7.830,7.860,6381826
2025-10-15 10:00:00,7.870,7.940,7.840,7.860,17092391
2025-10-15 10:30:00,7.860,7.870,7.800,7.820,11790412
2025-10-15 11:00:00,7.820,7.830,7.780,7.790,8281000
2025-10-15 11:30:00,7.790,7.820,7.780,7.800,3826981
2025-10-15 13:30:00,7.810,7.820,7.790,7.820,3311000
2025-10-15 14:00:00,7.810,7.900,7.800,7.870,6062812
2025-10-15 14:30:00,7.860,7.960,7.860,7.940,11346438
2025-10-15 15:00:00,7.950,7.950,7.920,7.940,8439956
2025-10-16 10:00:00,7.910,7.910,7.870,7.900,10260026
2025-10-16 10:30:00,7.910,7.940,7.870,7.880,10211800
2025-10-16 11:00:00,7.880,7.930,7.860,7.910,7718004
2025-10-16 11:30:00,7.920,7.920,7.860,7.860,4579100
2025-10-16 13:30:00,7.870,7.880,7.820,7.830,5913400
2025-10-16 14:00:00,7.830,7.860,7.820,7.840,3158792
2025-10-16 14:30:00,7.850,7.870,7.830,7.850,3918023
2025-10-16 15:00:00,7.860,7.870,7.830,7.870,4020300
2025-10-17 10:00:00,7.870,7.910,7.830,7.840,16424700
2025-10-17 10:30:00,7.830,7.830,7.780,7.800,12127428
2025-10-17 11:00:00,7.790,7.820,7.780,7.800,7111424
2025-10-17 11:30:00,7.810,7.850,7.770,7.790,6433100
2025-10-17 13:30:00,7.800,7.800,7.760,7.770,6248012
2025-10-17 14:00:00,7.760,7.780,7.740,7.740,5317792
2025-10-17 14:30:00,7.740,7.760,7.670,7.690,8580200
2025-10-17 15:00:00,7.690,7.700,7.640,7.640,12909760
2025-10-20 10:00:00,7.710,7.770,7.670,7.700,18174460
2025-10-20 10:30:00,7.700,7.720,7.670,7.700,5178800
2025-10-20 11:00:00,7.700,7.760,7.690,7.710,5908048
2025-10-20 11:30:00,7.710,7.730,7.700,7.720,2324400
2025-10-20 13:30:00,7.720,7.720,7.650,7.670,6816800
2025-10-20 14:00:00,7.670,7.700,7.650,7.680,2753500
2025-10-20 14:30:00,7.690,7.700,7.660,7.670,2399616
2025-10-20 15:00:00,7.670,7.690,7.660,7.680,3567962
2025-10-21 10:00:00,7.680,7.770,7.660,7.760,10037245
2025-10-21 10:30:00,7.770,7.780,7.710,7.750,7397716
2025-10-21 11:00:00,7.750,7.800,7.750,7.790,8410940
2025-10-21 11:30:00,7.780,7.850,7.780,7.810,10488884
2025-10-21 13:30:00,7.810,7.830,7.780,7.790,4749648
2025-10-21 14:00:00,7.790,7.800,7.760,7.770,4156420
2025-10-21 14:30:00,7.770,7.800,7.770,7.780,4756800
2025-10-21 15:00:00,7.770,7.790,7.770,7.770,5321779
2025-10-22 10:00:00,7.750,7.760,7.700,7.740,9484700
2025-10-22 10:30:00,7.740,7.740,7.720,7.730,2565800
2025-10-22 11:00:00,7.730,7.740,7.710,7.720,2898300
2025-10-22 11:30:00,7.720,7.730,7.700,7.710,4713735
2025-10-22 13:30:00,7.710,7.730,7.700,7.710,2605200
2025-10-22 14:00:00,7.710,7.740,7.710,7.710,2228300
2025-10-22 14:30:00,7.720,7.740,7.710,7.720,2488880
2025-10-22 15:00:00,7.730,7.750,7.710,7.720,3582048
2025-10-23 10:00:00,7.710,7.750,7.670,7.680,6754500
2025-10-23 10:30:00,7.680,7.710,7.670,7.700,4376200
2025-10-23 11:00:00,7.700,7.790,7.700,7.760,11090987
2025-10-23 11:30:00,7.750,7.810,7.740,7.760,6952833
2025-10-23 13:30:00,7.760,7.780,7.740,7.750,3369400
2025-10-23 14:00:00,7.740,7.750,7.720,7.730,4713300
2025-10-23 14:30:00,7.730,7.810,7.720,7.770,9051848
2025-10-23 15:00:00,7.760,7.810,7.760,7.810,10381520
2025-10-24 10:00:00,7.780,7.880,7.780,7.820,16650715
2025-10-24 10:30:00,7.810,7.840,7.800,7.800,6059239
2025-10-24 11:00:00,7.800,7.820,7.790,7.800,4157800
2025-10-24 11:30:00,7.810,7.820,7.790,7.820,2723900
2025-10-24 13:30:00,7.810,7.880,7.800,7.870,10462756
2025-10-24 14:00:00,7.860,7.870,7.840,7.870,4328704
2025-10-24 14:30:00,7.870,7.890,7.850,7.880,7812013
2025-10-24 15:00:00,7.880,7.930,7.860,7.930,15429756
2025-10-27 10:00:00,8.000,8.030,7.930,7.990,25708872
2025-10-27 10:30:00,8.000,8.020,7.960,7.960,12759365
2025-10-27 11:00:00,7.970,7.990,7.940,7.960,5206760
2025-10-27 11:30:00,7.970,8.010,7.950,8.010,4640552
2025-10-27 13:30:00,8.010,8.020,7.980,7.990,8597036
2025-10-27 14:00:00,7.990,8.010,7.970,7.970,4678300
2025-10-27 14:30:00,7.970,7.990,7.970,7.980,3029124
2025-10-27 15:00:00,7.980,7.990,7.970,7.980,5947716
2025-10-28 10:00:00,7.990,7.990,7.910,7.920,12181036
2025-10-28 10:30:00,7.920,7.960,7.890,7.950,9307916
2025-10-28 11:00:00,7.940,7.950,7.910,7.920,3283340
2025-10-28 11:30:00,7.920,7.990,7.920,7.950,5618700
2025-10-28 13:30:00,7.950,7.960,7.910,7.920,3262504
2025-10-28 14:00:00,7.920,7.930,7.880,7.900,6229628
2025-10-28 14:30:00,7.890,7.920,7.880,7.890,2844988
2025-10-28 15:00:00,7.890,7.910,7.880,7.890,4495679
2025-10-29 10:00:00,7.890,7.930,7.880,7.910,10052269
2025-10-29 10:30:00,7.910,7.980,7.900,7.980,9675824
2025-10-29 11:00:00,7.970,8.040,7.960,8.010,16375668
2025-10-29 11:30:00,8.010,8.080,8.000,8.050,14214544
2025-10-29 13:30:00,8.050,8.060,8.030,8.050,6560860
2025-10-29 14:00:00,8.040,8.050,8.010,8.010,5541832
2025-10-29 14:30:00,8.020,8.040,8.010,8.030,4020427
2025-10-29 15:00:00,8.030,8.050,8.020,8.050,8017444
2025-10-30 10:00:00,8.030,8.040,7.960,7.990,14908225
2025-10-30 10:30:00,7.970,8.020,7.960,8.020,5797583
2025-10-30 11:00:00,8.020,8.040,8.000,8.010,4268400
2025-10-30 11:30:00,8.010,8.030,7.990,7.990,3493400
2025-10-30 13:30:00,8.000,8.010,7.910,7.950,10740209
2025-10-30 14:00:00,7.950,7.970,7.940,7.970,3923200
2025-10-30 14:30:00,7.960,7.970,7.930,7.940,3845800
2025-10-30 15:00:00,7.930,7.950,7.920,7.930,5516600
2025-10-31 10:00:00,7.930,7.980,7.860,7.900,18879712
2025-10-31 10:30:00,7.890,7.920,7.880,7.880,8198366
2025-10-31 11:00:00,7.890,7.890,7.860,7.880,7498120
2025-10-31 11:30:00,7.880,7.890,7.860,7.880,4365933
2025-10-31 13:30:00,7.880,7.890,7.850,7.870,4077720
2025-10-31 14:00:00,7.880,7.890,7.850,7.860,3603100
2025-10-31 14:30:00,7.860,7.880,7.850,7.870,3142000
2025-10-31 15:00:00,7.870,7.870,7.830,7.840,7261552
2025-11-03 10:00:00,7.830,7.840,7.760,7.780,10732876
2025-11-03 10:30:00,7.770,7.790,7.760,7.770,6218024
2025-11-03 11:00:00,7.770,7.800,7.750,7.790,4476605
2025-11-03 11:30:00,7.780,7.800,7.760,7.770,2205752
2025-11-03 13:30:00,7.770,7.800,7.760,7.790,2079800
2025-11-03 14:00:00,7.780,7.800,7.770,7.800,2302155
2025-11-03 14:30:00,7.790,7.820,7.790,7.810,3531900
2025-11-03 15:00:00,7.810,7.820,7.790,7.800,6339700
2025-11-04 10:00:00,7.790,7.800,7.760,7.770,5765925
2025-11-04 10:30:00,7.760,7.790,7.760,7.770,4325385
2025-11-04 11:00:00,7.770,7.790,7.740,7.770,4830635
2025-11-04 11:30:00,7.770,7.780,7.750,7.770,2275100
2025-11-04 13:30:00,7.770,7.800,7.760,7.790,4064316
2025-11-04 14:00:00,7.790,7.810,7.780,7.810,3916603
2025-11-04 14:30:00,7.810,7.810,7.760,7.760,5442157
2025-11-04 15:00:00,7.760,7.790,7.760,7.790,4005488
2025-11-05 10:00:00,7.760,7.790,7.740,7.780,5776839
2025-11-05 10:30:00,7.780,7.800,7.760,7.770,4302409
2025-11-05 11:00:00,7.770,7.800,7.770,7.790,2375252
2025-11-05 11:30:00,7.790,7.820,7.780,7.810,3370160
2025-11-05 13:30:00,7.810,7.810,7.780,7.790,3280800
2025-11-05 14:00:00,7.800,7.820,7.790,7.790,2592152
2025-11-05 14:30:00,7.800,7.800,7.790,7.800,1596492
2025-11-05 15:00:00,7.790,7.800,7.770,7.770,4818632
2025-11-06 10:00:00,7.780,7.850,7.770,7.830,9183303
2025-11-06 10:30:00,7.840,7.850,7.810,7.850,5304900
2025-11-06 11:00:00,7.840,7.910,7.840,7.890,11727742
2025-11-06 11:30:00,7.900,7.900,7.860,7.880,3660602
2025-11-06 13:30:00,7.880,7.900,7.880,7.890,2836284
2025-11-06 14:00:00,7.880,7.900,7.860,7.880,3405492
2025-11-06 14:30:00,7.880,7.890,7.870,7.880,2805600
2025-11-06 15:00:00,7.880,7.890,7.870,7.880,4738406
2025-11-07 10:00:00,7.860,7.860,7.810,7.830,8992037
2025-11-07 10:30:00,7.830,7.840,7.810,7.830,4485232
2025-11-07 11:00:00,7.820,7.840,7.810,7.830,3471700
2025-11-07 11:30:00,7.840,7.850,7.810,7.820,2816600
2025-11-07 13:30:00,7.820,7.850,7.810,7.850,1931422
2025-11-07 14:00:00,7.850,7.880,7.830,7.840,3623900
2025-11-07 14:30:00,7.830,7.850,7.820,7.830,2141306
2025-11-07 15:00:00,7.830,7.840,7.810,7.810,4064100
2025-11-10 10:00:00,7.810,7.840,7.790,7.810,6945540
2025-11-10 10:30:00,7.810,7.840,7.810,7.830,3487828
2025-11-10 11:00:00,7.830,7.860,7.820,7.850,4393728
2025-11-10 11:30:00,7.850,7.880,7.840,7.870,3383753
2025-11-10 13:30:00,7.870,7.900,7.860,7.890,4622867
2025-11-10 14:00:00,7.890,7.920,7.860,7.870,7014000
2025-11-10 14:30:00,7.870,7.880,7.860,7.870,1734572
2025-11-10 15:00:00,7.870,7.890,7.870,7.890,4265100
2025-11-11 10:00:00,7.900,7.910,7.860,7.870,6107193
2025-11-11 10:30:00,7.870,7.870,7.840,7.850,5296333
2025-11-11 11:00:00,7.850,7.870,7.830,7.830,4204520
2025-11-11 11:30:00,7.830,7.860,7.820,7.850,3393148
2025-11-11 13:30:00,7.860,7.860,7.820,7.830,3639112
2025-11-11 14:00:00,7.830,7.840,7.810,7.810,6505240
2025-11-11 14:30:00,7.820,7.840,7.800,7.820,6921216
2025-11-11 15:00:00,7.830,7.830,7.800,7.820,5051100
2025-11-12 10:00:00,7.830,7.830,7.770,7.810,8689116
2025-11-12 10:30:00,7.810,7.820,7.790,7.810,3314560
2025-11-12 11:00:00,7.800,7.810,7.780,7.780,4050863
2025-11-12 11:30:00,7.780,7.790,7.750,7.770,4652640
2025-11-12 13:30:00,7.750,7.770,7.710,7.720,7437800
2025-11-12 14:00:00,7.710,7.730,7.710,7.720,3743560
2025-11-12 14:30:00,7.730,7.760,7.720,7.750,3229736
2025-11-12 15:00:00,7.740,7.770,7.740,7.740,4355410
2025-11-13 10:00:00,7.740,7.760,7.720,7.750,4458192
2025-11-13 10:30:00,7.750,7.760,7.730,7.730,3438000
2025-11-13 11:00:00,7.740,7.750,7.730,7.750,2710500
2025-11-13 11:30:00,7.740,7.760,7.730,7.750,3025920
2025-11-13 13:30:00,7.760,7.780,7.740,7.770,4608704
2025-11-13 14:00:00,7.760,7.790,7.760,7.760,4852151
2025-11-13 14:30:00,7.770,7.780,7.760,7.770,1430905
2025-11-13 15:00:00,7.780,7.810,7.770,7.790,7135324
2025-11-14 10:00:00,7.750,7.800,7.750,7.790,7927476
2025-11-14 10:30:00,7.780,7.810,7.780,7.800,3601108
2025-11-14 11:00:00,7.800,7.810,7.790,7.790,3818136
2025-11-14 11:30:00,7.800,7.800,7.780,7.790,1316660
2025-11-14 13:30:00,7.790,7.790,7.750,7.750,4195858
2025-11-14 14:00:00,7.760,7.770,7.750,7.760,3190095
2025-11-14 14:30:00,7.760,7.770,7.740,7.750,3070933
2025-11-14 15:00:00,7.750,7.750,7.710,7.710,7821436
2025-11-17 10:00:00,7.710,7.720,7.620,7.620,13803628
2025-11-17 10:30:00,7.630,7.650,7.610,7.620,4355960
2025-11-17 11:00:00,7.620,7.650,7.610,7.640,2168121
2025-11-17 11:30:00,7.630,7.660,7.630,7.640,2195492
2025-11-17 13:30:00,7.650,7.650,7.620,7.620,2266856
2025-11-17 14:00:00,7.630,7.640,7.620,7.620,2048100
2025-11-17 14:30:00,7.630,7.630,7.610,7.620,2441964
2025-11-17 15:00:00,7.630,7.640,7.620,7.630,4034078
2025-11-18 10:00:00,7.620,7.640,7.600,7.600,5871800
2025-11-18 10:30:00,7.600,7.650,7.600,7.630,4159791
2025-11-18 11:00:00,7.630,7.640,7.610,7.620,3614352
2025-11-18 11:30:00,7.610,7.620,7.600,7.610,2867700
2025-11-18 13:30:00,7.600,7.610,7.590,7.610,2480301
2025-11-18 14:00:00,7.600,7.630,7.580,7.610,3918100
2025-11-18 14:30:00,7.600,7.610,7.570,7.570,3707000
2025-11-18 15:00:00,7.570,7.600,7.570,7.590,3652136
2025-11-19 10:00:00,7.600,7.630,7.570,7.590,6472136
2025-11-19 10:30:00,7.590,7.590,7.560,7.570,2770400
2025-11-19 11:00:00,7.570,7.590,7.560,7.570,2796700
2025-11-19 11:30:00,7.560,7.580,7.550,7.550,3151172
2025-11-19 13:30:00,7.560,7.570,7.540,7.550,2547036
2025-11-19 14:00:00,7.550,7.560,7.520,7.550,3565400
2025-11-19 14:30:00,7.550,7.580,7.530,7.570,2447850
2025-11-19 15:00:00,7.570,7.590,7.560,7.570,4805826
2025-11-20 10:00:00,7.660,7.690,7.620,7.620,18337012
2025-11-20 10:30:00,7.620,7.640,7.600,7.600,3507300
2025-11-20 11:00:00,7.610,7.630,7.590,7.590,3974295
2025-11-20 11:30:00,7.590,7.640,7.590,7.630,2793300
2025-11-20 13:30:00,7.620,7.640,7.610,7.610,2532664
2025-11-20 14:00:00,7.610,7.620,7.570,7.570,3356540
2025-11-20 14:30:00,7.580,7.590,7.550,7.570,2438300
2025-11-20 15:00:00,7.570,7.580,7.550,7.550,3713000
2025-11-21 10:00:00,7.480,7.520,7.430,7.430,12374000
2025-11-21 10:30:00,7.430,7.440,7.360,7.370,10722650
2025-11-21 11:00:00,7.370,7.370,7.300,7.340,9048188
2025-11-21 11:30:00,7.350,7.370,7.310,7.360,2541000
2025-11-21 13:30:00,7.360,7.380,7.350,7.360,2885360
2025-11-21 14:00:00,7.370,7.380,7.340,7.340,2102380
2025-11-21 14:30:00,7.340,7.360,7.310,7.330,3236280
2025-11-21 15:00:00,7.330,7.330,7.280,7.280,7844872
2025-11-24 10:00:00,7.310,7.340,7.260,7.290,8589825
2025-11-24 10:30:00,7.290,7.310,7.280,7.300,2721912
2025-11-24 11:00:00,7.290,7.310,7.280,7.300,2382848
2025-11-24 11:30:00,7.300,7.300,7.270,7.290,1626780
2025-11-24 13:30:00,7.290,7.340,7.280,7.340,2547068
2025-11-24 14:00:00,7.340,7.360,7.330,7.340,3178700
2025-11-24 14:30:00,7.340,7.350,7.330,7.340,1686460
2025-11-24 15:00:00,7.340,7.350,7.310,7.320,5661964
2025-11-25 10:00:00,7.340,7.360,7.320,7.340,5559980
2025-11-25 10:30:00,7.340,7.370,7.330,7.360,4202580
2025-11-25 11:00:00,7.360,7.370,7.350,7.350,2698801
2025-11-25 11:30:00,7.360,7.370,7.340,7.370,2163299
2025-11-25 13:30:00,7.370,7.370,7.320,7.330,4649092
2025-11-25 14:00:00,7.330,7.340,7.320,7.340,1748900
2025-11-25 14:30:00,7.330,7.350,7.330,7.340,1680100
2025-11-25 15:00:00,7.340,7.350,7.330,7.340,3173688
2025-11-26 10:00:00,7.340,7.350,7.320,7.350,4925928
2025-11-26 10:30:00,7.340,7.360,7.340,7.350,2618100
2025-11-26 11:00:00,7.340,7.350,7.320,7.320,2468752
2025-11-26 11:30:00,7.330,7.340,7.310,7.320,4789700
2025-11-26 13:30:00,7.330,7.330,7.320,7.320,1344400
2025-11-26 14:00:00,7.320,7.330,7.300,7.310,2376084
2025-11-26 14:30:00,7.310,7.320,7.300,7.310,2037056
2025-11-26 15:00:00,7.320,7.320,7.280,7.300,3099387
2025-11-27 10:00:00,7.290,7.340,7.270,7.330,5446552
2025-11-27 10:30:00,7.330,7.340,7.320,7.320,2446100
2025-11-27 11:00:00,7.330,7.330,7.310,7.320,1391400
2025-11-27 11:30:00,7.330,7.330,7.300,7.310,1000130
2025-11-27 13:30:00,7.320,7.330,7.310,7.330,1599300
2025-11-27 14:00:00,7.330,7.340,7.320,7.320,2375073
2025-11-27 14:30:00,7.330,7.330,7.310,7.330,1399700
2025-11-27 15:00:00,7.330,7.330,7.290,7.300,2780300
2025-11-28 10:00:00,7.290,7.300,7.270,7.280,3270000
2025-11-28 10:30:00,7.280,7.320,7.270,7.310,4272004
2025-11-28 11:00:00,7.310,7.320,7.300,7.310,1197700
2025-11-28 11:30:00,7.310,7.320,7.290,7.300,1353800
2025-11-28 13:30:00,7.290,7.300,7.290,7.300,1407536
2025-11-28 14:00:00,7.290,7.320,7.290,7.310,1925520
2025-11-28 14:30:00,7.320,7.320,7.300,7.320,1551269
2025-11-28 15:00:00,7.320,7.320,7.300,7.320,4034140
2025-12-01 10:00:00,7.320,7.390,7.310,7.370,10057723
2025-12-01 10:30:00,7.370,7.380,7.350,7.360,4750100
2025-12-01 11:00:00,7.350,7.390,7.350,7.370,4218124
2025-12-01 11:30:00,7.370,7.390,7.360,7.370,1778272
2025-12-01 13:30:00,7.380,7.380,7.360,7.360,2565100
2025-12-01 14:00:00,7.370,7.370,7.360,7.370,1476272
2025-12-01 14:30:00,7.370,7.380,7.360,7.370,2586028
2025-12-01 15:00:00,7.370,7.390,7.370,7.390,4202700
2025-12-02 10:00:00,7.380,7.390,7.350,7.350,4270400
2025-12-02 10:30:00,7.350,7.360,7.340,7.340,2909605
2025-12-02 11:00:00,7.350,7.360,7.340,7.360,1375367
2025-12-02 11:30:00,7.350,7.360,7.330,7.340,1656500
2025-12-02 13:30:00,7.340,7.350,7.330,7.330,1428300
2025-12-02 14:00:00,7.340,7.360,7.330,7.350,1574920
2025-12-02 14:30:00,7.350,7.360,7.340,7.350,1402065
2025-12-02 15:00:00,7.360,7.360,7.340,7.350,2292975
2025-12-03 10:00:00,7.370,7.400,7.340,7.350,4640000
2025-12-03 10:30:00,7.360,7.380,7.340,7.370,2669301
2025-12-03 11:00:00,7.360,7.380,7.340,7.370,3949120
2025-12-03 11:30:00,7.370,7.380,7.360,7.380,2050500
2025-12-03 13:30:00,7.380,7.380,7.360,7.370,1461300
2025-12-03 14:00:00,7.370,7.370,7.340,7.340,2792900
2025-12-03 14:30:00,7.350,7.360,7.320,7.330,2647900
2025-12-03 15:00:00,7.320,7.350,7.320,7.340,2453600
2025-12-04 10:00:00,7.360,7.370,7.320,7.340,4561636
2025-12-04 10:30:00,7.340,7.370,7.330,7.370,3820856
2025-12-04 11:00:00,7.370,7.420,7.360,7.410,6448692
2025-12-04 11:30:00,7.400,7.410,7.380,7.400,1954075
2025-12-04 13:30:00,7.400,7.400,7.370,7.380,1756400
2025-12-04 14:00:00,7.390,7.400,7.380,7.390,2960508
2025-12-04 14:30:00,7.390,7.400,7.370,7.380,1594600
2025-12-04 15:00:00,7.370,7.390,7.360,7.370,3212382
2025-12-05 10:00:00,7.370,7.400,7.350,7.380,4357500
2025-12-05 10:30:00,7.380,7.380,7.340,7.350,2635100
2025-12-05 11:00:00,7.350,7.360,7.340,7.340,2182500
2025-12-05 11:30:00,7.340,7.370,7.340,7.360,2768104
2025-12-05 13:30:00,7.350,7.380,7.350,7.360,1880458
2025-12-05 14:00:00,7.350,7.530,7.350,7.520,19781196
2025-12-05 14:30:00,7.510,7.540,7.480,7.500,8893388
2025-12-05 15:00:00,7.490,7.520,7.490,7.500,5442684
2025-12-08 10:00:00,7.580,7.660,7.530,7.590,30927494
2025-12-08 10:30:00,7.590,7.690,7.590,7.650,12097472
2025-12-08 11:00:00,7.640,7.670,7.640,7.660,5096160
2025-12-08 11:30:00,7.650,7.680,7.630,7.650,5227188
2025-12-08 13:30:00,7.660,7.680,7.640,7.660,4114000
2025-12-08 14:00:00,7.660,7.680,7.640,7.640,3893400
2025-12-08 14:30:00,7.650,7.650,7.620,7.620,4043100
2025-12-08 15:00:00,7.630,7.630,7.590,7.600,6750051
2025-12-09 10:00:00,7.550,7.580,7.490,7.530,12704500
2025-12-09 10:30:00,7.530,7.540,7.480,7.490,4803500
2025-12-09 11:00:00,7.490,7.500,7.470,7.480,4174208
2025-12-09 11:30:00,7.470,7.480,7.460,7.480,2440296
2025-12-09 13:30:00,7.470,7.500,7.460,7.460,2513600
2025-12-09 14:00:00,7.460,7.470,7.440,7.460,2690700
2025-12-09 14:30:00,7.460,7.480,7.440,7.480,2014160
2025-12-09 15:00:00,7.480,7.480,7.460,7.460,3167240
2025-12-10 10:00:00,7.450,7.460,7.410,7.410,5380760
2025-12-10 10:30:00,7.410,7.440,7.400,7.440,3975492
2025-12-10 11:00:00,7.440,7.470,7.430,7.450,2436100
2025-12-10 11:30:00,7.440,7.460,7.430,7.450,1508460
2025-12-10 13:30:00,7.440,7.490,7.440,7.490,2559204
2025-12-10 14:00:00,7.490,7.530,7.480,7.510,5691600
2025-12-10 14:30:00,7.510,7.540,7.500,7.520,3029700
2025-12-10 15:00:00,7.520,7.540,7.510,7.520,3225720
2025-12-11 10:00:00,7.520,7.530,7.460,7.480,4864500
2025-12-11 10:30:00,7.470,7.550,7.470,7.540,5236516
2025-12-11 11:00:00,7.550,7.590,7.530,7.540,5644300
2025-12-11 11:30:00,7.540,7.550,7.510,7.520,2082200
2025-12-11 13:30:00,7.510,7.520,7.490,7.490,1831300
2025-12-11 14:00:00,7.490,7.510,7.480,7.500,2486200
2025-12-11 14:30:00,7.510,7.520,7.480,7.500,2279100
2025-12-11 15:00:00,7.500,7.500,7.450,7.480,4825549
2025-12-12 10:00:00,7.460,7.520,7.460,7.510,6019240
2025-12-12 10:30:00,7.520,7.570,7.480,7.540,7927700
2025-12-12 11:00:00,7.550,7.550,7.480,7.480,5317504
2025-12-12 11:30:00,7.490,7.500,7.470,7.470,2989300
2025-12-12 13:30:00,7.480,7.530,7.470,7.520,3064500
2025-12-12 14:00:00,7.530,7.540,7.510,7.520,3218000
2025-12-12 14:30:00,7.520,7.530,7.510,7.530,2839908
2025-12-12 15:00:00,7.520,7.530,7.500,7.500,5094196
2025-12-15 10:00:00,7.480,7.550,7.460,7.550,6672352
2025-12-15 10:30:00,7.550,7.560,7.520,7.550,5128092
2025-12-15 11:00:00,7.540,7.600,7.540,7.590,6462628
2025-12-15 11:30:00,7.580,7.600,7.560,7.580,3166292
2025-12-15 13:30:00,7.570,7.600,7.560,7.560,3226824
2025-12-15 14:00:00,7.560,7.580,7.550,7.560,1714800
2025-12-15 14:30:00,7.560,7.580,7.550,7.580,1903000
2025-12-15 15:00:00,7.570,7.580,7.550,7.560,3182000
2025-12-16 10:00:00,7.540,7.560,7.490,7.510,6435000
2025-12-16 10:30:00,7.500,7.530,7.480,7.520,3920300
2025-12-16 11:00:00,7.520,7.520,7.480,7.500,2560800
2025-12-16 11:30:00,7.500,7.520,7.480,7.500,2346592
2025-12-16 13:30:00,7.500,7.510,7.470,7.480,3025672
2025-12-16 14:00:00,7.480,7.530,7.470,7.500,3416208
2025-12-16 14:30:00,7.510,7.520,7.490,7.510,1233300
2025-12-16 15:00:00,7.500,7.520,7.490,7.490,2445700
2025-12-17 10:00:00,7.490,7.520,7.450,7.470,5917800
2025-12-17 10:30:00,7.480,7.500,7.450,7.500,3807700
2025-12-17 11:00:00,7.490,7.500,7.450,7.480,2473400
2025-12-17 11:30:00,7.490,7.510,7.480,7.500,2351800
2025-12-17 13:30:00,7.510,7.510,7.470,7.480,1944500
2025-12-17 14:00:00,7.490,7.620,7.480,7.610,10108075
2025-12-17 14:30:00,7.600,7.650,7.590,7.600,9418412
2025-12-17 15:00:00,7.590,7.600,7.570,7.590,5462817
2025-12-18 10:00:00,7.600,7.610,7.520,7.540,10767408
2025-12-18 10:30:00,7.540,7.550,7.520,7.550,4781872
2025-12-18 11:00:00,7.540,7.560,7.520,7.540,2214200
2025-12-18 11:30:00,7.530,7.560,7.530,7.530,1877576
2025-12-18 13:30:00,7.540,7.580,7.530,7.560,2465476
2025-12-18 14:00:00,7.570,7.570,7.540,7.540,1983832
2025-12-18 14:30:00,7.540,7.560,7.530,7.550,2522388
2025-12-18 15:00:00,7.550,7.570,7.550,7.550,3798287
2025-12-19 10:00:00,7.550,7.560,7.510,7.560,5176372
2025-12-19 10:30:00,7.550,7.600,7.540,7.580,6469109
2025-12-19 11:00:00,7.580,7.590,7.560,7.560,2239500
2025-12-19 11:30:00,7.570,7.590,7.560,7.580,2193000
2025-12-19 13:30:00,7.590,7.600,7.560,7.570,2062600
2025-12-19 14:00:00,7.570,7.580,7.560,7.560,2475100
2025-12-19 14:30:00,7.560,7.560,7.540,7.550,3297400
2025-12-19 15:00:00,7.560,7.570,7.550,7.560,3597855
2025-12-22 10:00:00,7.560,7.580,7.540,7.570,6635800
2025-12-22 10:30:00,7.560,7.580,7.550,7.570,3495592
2025-12-22 11:00:00,7.580,7.580,7.560,7.560,2388808
2025-12-22 11:30:00,7.570,7.580,7.560,7.570,1835252
2025-12-22 13:30:00,7.570,7.570,7.560,7.560,1461580
2025-12-22 14:00:00,7.560,7.570,7.550,7.550,1893268
2025-12-22 14:30:00,7.560,7.570,7.550,7.550,2326723
2025-12-22 15:00:00,7.550,7.560,7.540,7.540,3501029
2025-12-23 10:00:00,7.550,7.570,7.530,7.550,4422992
2025-12-23 10:30:00,7.540,7.570,7.540,7.570,5016992
2025-12-23 11:00:00,7.550,7.570,7.550,7.560,1954052
2025-12-23 11:30:00,7.560,7.570,7.540,7.540,1862300
2025-12-23 13:30:00,7.550,7.550,7.510,7.520,3423500
2025-12-23 14:00:00,7.520,7.530,7.510,7.520,2720460
2025-12-23 14:30:00,7.520,7.530,7.510,7.520,1427904
2025-12-23 15:00:00,7.520,7.520,7.490,7.510,3857276
2025-12-24 10:00:00,7.510,7.540,7.490,7.520,3535368
2025-12-24 10:30:00,7.510,7.530,7.510,7.520,2223904
2025-12-24 11:00:00,7.510,7.540,7.510,7.520,2977260
2025-12-24 11:30:00,7.530,7.530,7.500,7.520,2626900
2025-12-24 13:30:00,7.510,7.550,7.510,7.540,4697836
2025-12-24 14:00:00,7.550,7.560,7.530,7.540,2818776
2025-12-24 14:30:00,7.550,7.550,7.530,7.550,1466342
2025-12-24 15:00:00,7.540,7.550,7.530,7.550,2936922
2025-12-25 10:00:00,7.540,7.600,7.530,7.580,5889540
2025-12-25 10:30:00,7.590,7.610,7.580,7.610,5254964
2025-12-25 11:00:00,7.610,7.620,7.600,7.610,2053373
2025-12-25 11:30:00,7.600,7.620,7.590,7.600,2301680
2025-12-25 13:30:00,7.610,7.620,7.590,7.610,2221692
2025-12-25 14:00:00,7.610,7.620,7.600,7.610,2192108
2025-12-25 14:30:00,7.620,7.620,7.610,7.620,1540300
2025-12-25 15:00:00,7.620,7.620,7.600,7.610,2751652
2025-12-26 10:00:00,7.590,7.660,7.580,7.650,6149644
2025-12-26 10:30:00,7.650,7.670,7.630,7.650,4113500
2025-12-26 11:00:00,7.650,7.700,7.650,7.680,5264090
2025-12-26 11:30:00,7.670,7.680,7.600,7.620,5201610
2025-12-26 13:30:00,7.610,7.640,7.610,7.630,1979768
2025-12-26 14:00:00,7.630,7.660,7.620,7.640,2123368
2025-12-26 14:30:00,7.650,7.660,7.630,7.640,1846364
2025-12-26 15:00:00,7.640,7.650,7.630,7.640,2079364
2025-12-29 10:00:00,7.650,7.690,7.610,7.680,8139588
2025-12-29 10:30:00,7.670,7.690,7.640,7.670,4578800
2025-12-29 11:00:00,7.660,7.680,7.650,7.660,1732057
2025-12-29 11:30:00,7.650,7.660,7.620,7.620,2666772
2025-12-29 13:30:00,7.640,7.650,7.610,7.640,3124787
2025-12-29 14:00:00,7.640,7.670,7.640,7.650,2306011
2025-12-29 14:30:00,7.650,7.650,7.620,7.630,1488024
2025-12-29 15:00:00,7.630,7.640,7.620,7.640,2633329
2025-12-30 10:00:00,7.610,7.640,7.600,7.610,5315892
2025-12-30 10:30:00,7.610,7.650,7.610,7.620,2943869
2025-12-30 11:00:00,7.620,7.640,7.610,7.640,1450824
2025-12-30 11:30:00,7.630,7.640,7.620,7.630,1613576
2025-12-30 13:30:00,7.640,7.690,7.620,7.680,3428816
2025-12-30 14:00:00,7.670,7.690,7.640,7.650,3063004
2025-12-30 14:30:00,7.650,7.680,7.630,7.670,3478240
2025-12-30 15:00:00,7.660,7.670,7.640,7.660,3453076
2025-12-31 10:00:00,7.670,7.730,7.630,7.690,8161501
2025-12-31 10:30:00,7.690,7.720,7.670,7.680,4901200
2025-12-31 11:00:00,7.680,7.710,7.680,7.690,2927100
2025-12-31 11:30:00,7.690,7.700,7.660,7.670,2232316
2025-12-31 13:30:00,7.670,7.690,7.650,7.680,2763432
2025-12-31 14:00:00,7.690,7.690,7.660,7.670,2266284
2025-12-31 14:30:00,7.670,7.670,7.650,7.670,2636016
2025-12-31 15:00:00,7.670,7.670,7.650,7.650,4494917
2026-01-05 10:00:00,7.660,7.670,7.620,7.670,11145503
2026-01-05 10:30:00,7.670,7.710,7.660,7.700,5888116
2026-01-05 11:00:00,7.710,7.730,7.690,7.720,6363928
2026-01-05 11:30:00,7.710,7.720,7.700,7.710,2502964
2026-01-05 13:30:00,7.720,7.730,7.700,7.710,2995452
2026-01-05 14:00:00,7.710,7.720,7.690,7.710,2629160
2026-01-05 14:30:00,7.720,7.730,7.710,7.710,3904983
2026-01-05 15:00:00,7.710,7.730,7.710,7.720,4617162
2026-01-06 10:00:00,7.720,7.880,7.700,7.840,23061000
2026-01-06 10:30:00,7.830,7.890,7.830,7.860,13322526
2026-01-06 11:00:00,7.850,7.880,7.820,7.850,6611412
2026-01-06 11:30:00,7.860,7.890,7.850,7.870,8234252
2026-01-06 13:30:00,7.880,7.900,7.850,7.870,6745900
2026-01-06 14:00:00,7.880,7.890,7.840,7.860,4442073
2026-01-06 14:30:00,7.850,7.920,7.850,7.910,9461932
2026-01-06 15:00:00,7.900,7.920,7.900,7.910,8883691
2026-01-07 10:00:00,7.910,7.930,7.860,7.880,15274900
2026-01-07 10:30:00,7.880,7.900,7.850,7.870,5426010
2026-01-07 11:00:00,7.860,7.880,7.850,7.870,3651572
2026-01-07 11:30:00,7.860,7.890,7.850,7.870,3046976
2026-01-07 13:30:00,7.870,7.880,7.820,7.830,5605530
2026-01-07 14:00:00,7.830,7.840,7.800,7.820,5733956
2026-01-07 14:30:00,7.830,7.840,7.800,7.830,3275540
2026-01-07 15:00:00,7.820,7.840,7.810,7.840,3972200
2026-01-08 10:00:00,7.800,7.810,7.740,7.810,15301552
2026-01-08 10:30:00,7.810,7.810,7.770,7.790,8794619
2026-01-08 11:00:00,7.780,7.820,7.770,7.800,4498092
2026-01-08 11:30:00,7.790,7.800,7.770,7.780,3049776
2026-01-08 13:30:00,7.780,7.790,7.760,7.770,4964100
2026-01-08 14:00:00,7.770,7.780,7.750,7.760,3744400
2026-01-08 14:30:00,7.760,7.770,7.740,7.750,5029840
2026-01-08 15:00:00,7.760,7.760,7.740,7.750,5301423
2026-01-09 10:00:00,7.750,7.810,7.740,7.810,9137884
2026-01-09 10:30:00,7.810,7.850,7.800,7.820,5599517
2026-01-09 11:00:00,7.820,7.850,7.810,7.830,4932168
2026-01-09 11:30:00,7.840,7.840,7.780,7.790,3793876
2026-01-09 13:30:00,7.790,7.800,7.770,7.780,2659456
2026-01-09 14:00:00,7.780,7.790,7.770,7.770,1928676
2026-01-09 14:30:00,7.780,7.800,7.770,7.800,2234748
2026-01-09 15:00:00,7.790,7.810,7.780,7.810,4824928
2026-01-12 10:00:00,7.810,7.860,7.780,7.830,11035459
2026-01-12 10:30:00,7.820,7.890,7.810,7.850,6839496
2026-01-12 11:00:00,7.860,7.900,7.840,7.860,5771366
2026-01-12 11:30:00,7.870,7.920,7.850,7.910,6041456
2026-01-12 13:30:00,7.910,7.920,7.860,7.890,8118580
2026-01-12 14:00:00,7.890,7.900,7.860,7.880,3886413
2026-01-12 14:30:00,7.880,7.910,7.870,7.910,3901520
2026-01-12 15:00:00,7.900,7.910,7.870,7.900,6000872
2026-01-13 10:00:00,7.920,7.930,7.850,7.920,14699977
2026-01-13 10:30:00,7.910,7.980,7.910,7.910,10443180
2026-01-13 11:00:00,7.920,7.940,7.890,7.920,3163488
2026-01-13 11:30:00,7.920,7.980,7.910,7.960,7189500
2026-01-13 13:30:00,7.970,7.970,7.920,7.940,5950688
2026-01-13 14:00:00,7.930,7.970,7.910,7.950,5485380
2026-01-13 14:30:00,7.950,7.960,7.890,7.890,3220772
2026-01-13 15:00:00,7.890,7.910,7.850,7.890,5774769
2026-01-14 10:00:00,7.870,7.980,7.870,7.980,9970616
2026-01-14 10:30:00,7.980,7.990,7.950,7.980,6992940
2026-01-14 11:00:00,7.970,7.980,7.940,7.940,6295004
2026-01-14 11:30:00,7.940,8.010,7.940,7.990,9898303
2026-01-14 13:30:00,7.990,8.000,7.850,7.860,18020368
2026-01-14 14:00:00,7.860,7.870,7.800,7.810,8370800
2026-01-14 14:30:00,7.810,7.850,7.790,7.850,8680159
2026-01-14 15:00:00,7.840,7.860,7.800,7.820,5539788
2026-01-15 10:00:00,7.770,7.810,7.740,7.770,11806363
2026-01-15 10:30:00,7.770,7.780,7.720,7.730,7256825
2026-01-15 11:00:00,7.730,7.750,7.710,7.710,4431136
2026-01-15 11:30:00,7.720,7.730,7.700,7.700,3783040
2026-01-15 13:30:00,7.710,7.740,7.700,7.720,4046044
2026-01-15 14:00:00,7.730,7.730,7.700,7.730,2828727
2026-01-15 14:30:00,7.730,7.730,7.690,7.700,4225406
2026-01-15 15:00:00,7.690,7.720,7.680,7.700,4806156
2026-01-16 10:00:00,7.730,7.750,7.700,7.700,7489163
2026-01-16 10:30:00,7.700,7.720,7.660,7.680,6023588
2026-01-16 11:00:00,7.680,7.700,7.670,7.680,1948692
2026-01-16 11:30:00,7.670,7.700,7.660,7.660,4023720
2026-01-16 13:30:00,7.670,7.680,7.630,7.670,3616728
2026-01-16 14:00:00,7.660,7.690,7.630,7.640,5504596
2026-01-16 14:30:00,7.640,7.650,7.620,7.640,5077000
2026-01-16 15:00:00,7.640,7.660,7.610,7.620,5586495
2026-01-19 10:00:00,7.600,7.660,7.590,7.650,8366783
2026-01-19 10:30:00,7.650,7.650,7.620,7.620,4736235
2026-01-19 11:00:00,7.630,7.630,7.610,7.610,3106401
2026-01-19 11:30:00,7.610,7.640,7.610,7.610,2245876
2026-01-19 13:30:00,7.620,7.650,7.610,7.630,2762040
2026-01-19 14:00:00,7.630,7.650,7.600,7.600,3336800
2026-01-19 14:30:00,7.600,7.630,7.600,7.620,2041364
2026-01-19 15:00:00,7.620,7.640,7.610,7.630,3503100
2026-01-20 10:00:00,7.650,7.680,7.630,7.650,7714584
2026-01-20 10:30:00,7.640,7.660,7.610,7.620,4771361
2026-01-20 11:00:00,7.630,7.660,7.620,7.660,3294636
2026-01-20 11:30:00,7.660,7.680,7.640,7.640,3091012
2026-01-20 13:30:00,7.650,7.660,7.640,7.650,1914500
2026-01-20 14:00:00,7.650,7.670,7.630,7.640,2742292
2026-01-20 14:30:00,7.650,7.670,7.640,7.640,2237776
2026-01-20 15:00:00,7.650,7.670,7.640,7.660,4815668
2026-01-21 10:00:00,7.650,7.660,7.620,7.630,4800400
2026-01-21 10:30:00,7.640,7.660,7.630,7.640,2809180
2026-01-21 11:00:00,7.650,7.650,7.620,7.620,4283708
2026-01-21 11:30:00,7.620,7.640,7.610,7.610,4655900
2026-01-21 13:30:00,7.620,7.630,7.600,7.610,3749600
2026-01-21 14:00:00,7.610,7.620,7.600,7.610,2611212
2026-01-21 14:30:00,7.610,7.630,7.580,7.580,5405312
2026-01-21 15:00:00,7.590,7.600,7.570,7.590,5830911
2026-01-22 10:00:00,7.590,7.650,7.590,7.630,6461220
2026-01-22 10:30:00,7.630,7.660,7.610,7.610,6041292
2026-01-22 11:00:00,7.610,7.640,7.610,7.630,2604059
2026-01-22 11:30:00,7.630,7.640,7.610,7.610,1886883
2026-01-22 13:30:00,7.620,7.630,7.610,7.630,2324820
2026-01-22 14:00:00,7.630,7.640,7.620,7.640,1526044
2026-01-22 14:30:00,7.640,7.640,7.620,7.630,2283360
2026-01-22 15:00:00,7.630,7.640,7.620,7.630,4250825
2026-01-23 10:00:00,7.630,7.680,7.620,7.670,7334605
2026-01-23 10:30:00,7.670,7.690,7.640,7.640,4982084
2026-01-23 11:00:00,7.640,7.660,7.630,7.660,2781060
2026-01-23 11:30:00,7.660,7.670,7.630,7.640,2408056
2026-01-23 13:30:00,7.640,7.660,7.630,7.630,3195105
2026-01-23 14:00:00,7.630,7.650,7.630,7.640,2125104
2026-01-23 14:30:00,7.640,7.650,7.630,7.630,3188646
2026-01-23 15:00:00,7.640,7.640,7.610,7.630,7004438
2026-01-26 10:00:00,7.630,7.650,7.610,7.610,11896771
2026-01-26 10:30:00,7.610,7.740,7.610,7.720,15440545
2026-01-26 11:00:00,7.730,7.780,7.700,7.700,10702568
2026-01-26 11:30:00,7.700,7.730,7.690,7.720,3273108
2026-01-26 13:30:00,7.720,7.730,7.690,7.700,2806709
2026-01-26 14:00:00,7.700,7.720,7.690,7.700,3090080
2026-01-26 14:30:00,7.700,7.710,7.690,7.700,3170400
2026-01-26 15:00:00,7.690,7.720,7.690,7.710,5176895
2026-01-27 10:00:00,7.690,7.690,7.530,7.540,15925765
2026-01-27 10:30:00,7.540,7.580,7.530,7.560,5791466
2026-01-27 11:00:00,7.560,7.630,7.550,7.630,5285968
2026-01-27 11:30:00,7.630,7.630,7.600,7.610,1625500
2026-01-27 13:30:00,7.620,7.640,7.600,7.630,2043371
2026-01-27 14:00:00,7.630,7.660,7.620,7.660,2660572
2026-01-27 14:30:00,7.650,7.660,7.620,7.630,2654800
2026-01-27 15:00:00,7.620,7.630,7.590,7.600,7194998
2026-01-28 10:00:00,7.620,7.700,7.590,7.690,12668522
2026-01-28 10:30:00,7.700,7.990,7.690,7.860,50511158
2026-01-28 11:00:00,7.860,7.910,7.820,7.850,11195660
2026-01-28 11:30:00,7.850,7.910,7.830,7.900,9341200
2026-01-28 13:30:00,7.900,7.910,7.830,7.840,8219355
2026-01-28 14:00:00,7.840,7.880,7.840,7.860,4880828
2026-01-28 14:30:00,7.860,7.890,7.780,7.800,12079587
2026-01-28 15:00:00,7.800,7.810,7.720,7.730,19911928
2026-01-29 10:00:00,7.720,7.760,7.600,7.650,29917574
2026-01-29 10:30:00,7.650,7.660,7.610,7.630,12354268
2026-01-29 11:00:00,7.630,7.650,7.610,7.640,6128300
2026-01-29 11:30:00,7.640,7.660,7.630,7.650,4312016
2026-01-29 13:30:00,7.650,7.690,7.640,7.680,13905027
2026-01-29 14:00:00,7.670,7.740,7.660,7.730,9569842
2026-01-29 14:30:00,7.730,7.850,7.710,7.780,13233732
2026-01-29 15:00:00,7.780,7.840,7.780,7.830,15806514
2026-01-30 10:00:00,7.790,7.850,7.700,7.710,20589265
2026-01-30 10:30:00,7.710,7.720,7.660,7.680,13727861
2026-01-30 11:00:00,7.680,7.710,7.640,7.680,6704500
2026-01-30 11:30:00,7.670,7.690,7.650,7.670,4489148
2026-01-30 13:30:00,7.670,7.720,7.660,7.710,3291013
2026-01-30 14:00:00,7.710,7.740,7.700,7.720,4860900
2026-01-30 14:30:00,7.720,7.730,7.680,7.680,3285676
2026-01-30 15:00:00,7.690,7.700,7.680,7.690,6430667
2026-02-02 10:00:00,7.660,7.700,7.630,7.680,13399051
2026-02-02 10:30:00,7.680,7.730,7.660,7.660,7334480
2026-02-02 11:00:00,7.660,7.680,7.640,7.640,6279800
2026-02-02 11:30:00,7.650,7.670,7.630,7.630,4303400
2026-02-02 13:30:00,7.640,7.820,7.620,7.690,18178896
2026-02-02 14:00:00,7.690,7.690,7.600,7.610,11609900
2026-02-02 14:30:00,7.620,7.650,7.590,7.600,6906400
2026-02-02 15:00:00,7.590,7.600,7.530,7.540,9348312
2026-02-03 10:00:00,7.600,7.620,7.490,7.530,13342394
2026-02-03 10:30:00,7.530,7.530,7.480,7.480,8150500
2026-02-03 11:00:00,7.490,7.500,7.450,7.460,6817398
2026-02-03 11:30:00,7.470,7.490,7.450,7.480,4093100
2026-02-03 13:30:00,7.490,7.500,7.460,7.480,3616000
2026-02-03 14:00:00,7.480,7.510,7.480,7.480,4442100
2026-02-03 14:30:00,7.490,7.510,7.470,7.490,4420100
2026-02-03 15:00:00,7.490,7.520,7.490,7.510,6157324
2026-02-04 10:00:00,7.510,7.550,7.480,7.530,11389235
2026-02-04 10:30:00,7.530,7.570,7.520,7.540,6289156
2026-02-04 11:00:00,7.530,7.540,7.510,7.520,4304764
2026-02-04 11:30:00,7.530,7.530,7.500,7.520,2774572
2026-02-04 13:30:00,7.520,7.540,7.510,7.540,2612160
2026-02-04 14:00:00,7.530,7.540,7.520,7.530,3409349
2026-02-04 14:30:00,7.530,7.610,7.530,7.580,8517716
2026-02-04 15:00:00,7.580,7.610,7.580,7.600,5961828
2026-02-05 10:00:00,7.580,7.610,7.560,7.590,7554316
2026-02-05 10:30:00,7.590,7.600,7.550,7.570,4459668
2026-02-05 11:00:00,7.560,7.580,7.530,7.550,4118952
2026-02-05 11:30:00,7.550,7.590,7.540,7.560,2297700
2026-02-05 13:30:00,7.560,7.620,7.550,7.610,5191183
2026-02-05 14:00:00,7.600,7.650,7.590,7.630,7255009
2026-02-05 14:30:00,7.630,7.640,7.610,7.630,4017980
2026-02-05 15:00:00,7.630,7.640,7.620,7.620,4844568
2026-02-06 10:00:00,7.580,7.620,7.550,7.610,7896052
2026-02-06 10:30:00,7.610,7.650,7.590,7.630,4032500
2026-02-06 11:00:00,7.630,7.640,7.600,7.600,2603600
2026-02-06 11:30:00,7.600,7.610,7.590,7.600,2497708
2026-02-06 13:30:00,7.610,7.620,7.590,7.600,2464488
2026-02-06 14:00:00,7.600,7.620,7.600,7.610,2771800
2026-02-06 14:30:00,7.600,7.620,7.580,7.590,3859892
2026-02-06 15:00:00,7.590,7.590,7.560,7.560,4343230
2026-02-09 10:00:00,7.610,7.640,7.590,7.620,9516769
2026-02-09 10:30:00,7.630,7.630,7.610,7.620,3158364
2026-02-09 11:00:00,7.620,7.640,7.610,7.610,3680516
2026-02-09 11:30:00,7.610,7.630,7.610,7.620,2089548
2026-02-09 13:30:00,7.620,7.630,7.610,7.620,1521140
2026-02-09 14:00:00,7.610,7.630,7.610,7.630,1822200
2026-02-09 14:30:00,7.620,7.630,7.610,7.620,2060200
2026-02-09 15:00:00,7.620,7.640,7.620,7.630,3412965
2026-02-10 10:00:00,7.640,7.780,7.610,7.760,20758856
2026-02-10 10:30:00,7.770,7.770,7.710,7.720,6860137
2026-02-10 11:00:00,7.720,7.730,7.700,7.720,3650689
2026-02-10 11:30:00,7.730,7.730,7.700,7.710,1616900
2026-02-10 13:30:00,7.710,7.730,7.700,7.720,3974300
2026-02-10 14:00:00,7.720,7.730,7.700,7.720,1968060
2026-02-10 14:30:00,7.720,7.720,7.700,7.720,2352852
2026-02-10 15:00:00,7.720,7.720,7.690,7.700,3981417
2026-02-11 10:00:00,7.720,7.730,7.680,7.700,6109513
2026-02-11 10:30:00,7.700,7.730,7.690,7.710,3403772
2026-02-11 11:00:00,7.710,7.750,7.710,7.750,3903840
2026-02-11 11:30:00,7.750,7.770,7.730,7.760,4665843
2026-02-11 13:30:00,7.760,7.780,7.750,7.770,4985400
2026-02-11 14:00:00,7.760,7.770,7.760,7.760,2777652
2026-02-11 14:30:00,7.770,7.780,7.760,7.760,5419201
2026-02-11 15:00:00,7.770,7.780,7.760,7.780,6725012
2026-02-12 10:00:00,7.780,7.780,7.700,7.720,8453233
2026-02-12 10:30:00,7.710,7.740,7.700,7.740,4610148
2026-02-12 11:00:00,7.730,7.740,7.720,7.720,3534766
2026-02-12 11:30:00,7.720,7.740,7.710,7.710,3459282
2026-02-12 13:30:00,7.720,7.790,7.710,7.740,5405248
2026-02-12 14:00:00,7.750,7.760,7.740,7.750,1539108
2026-02-12 14:30:00,7.740,7.760,7.720,7.730,3367092
2026-02-12 15:00:00,7.730,7.740,7.710,7.730,4846210
2026-02-13 10:00:00,7.740,7.770,7.720,7.720,4956565
2026-02-13 10:30:00,7.720,7.730,7.700,7.710,2392500
2026-02-13 11:00:00,7.700,7.710,7.690,7.690,2559800
2026-02-13 11:30:00,7.690,7.700,7.670,7.680,2547000
2026-02-13 13:30:00,7.670,7.680,7.650,7.660,3454400
2026-02-13 14:00:00,7.650,7.680,7.650,7.660,2284200
2026-02-13 14:30:00,7.650,7.670,7.630,7.640,3153540
2026-02-13 15:00:00,7.640,7.650,7.580,7.580,8991460
2026-02-24 10:00:00,7.610,7.620,7.560,7.590,10820408
2026-02-24 10:30:00,7.580,7.600,7.580,7.600,3987060
2026-02-24 11:00:00,7.600,7.610,7.580,7.600,3198188
2026-02-24 11:30:00,7.600,7.610,7.590,7.590,1825797
2026-02-24 13:30:00,7.590,7.600,7.580,7.580,3534560
2026-02-24 14:00:00,7.580,7.590,7.570,7.580,2188080
2026-02-24 14:30:00,7.580,7.590,7.570,7.580,2795536
2026-02-24 15:00:00,7.570,7.580,7.560,7.570,4598181
2026-02-25 10:00:00,7.580,7.690,7.580,7.660,16051618
2026-02-25 10:30:00,7.670,7.700,7.660,7.690,6157800
2026-02-25 11:00:00,7.700,7.720,7.680,7.710,5198800
2026-02-25 11:30:00,7.710,7.720,7.690,7.710,3475677
2026-02-25 13:30:00,7.710,7.720,7.540,7.570,25267558
2026-02-25 14:00:00,7.560,7.570,7.480,7.510,20592255
2026-02-25 14:30:00,7.510,7.520,7.470,7.480,10216400
2026-02-25 15:00:00,7.480,7.510,7.470,7.500,11490614
2026-02-26 10:00:00,7.510,7.520,7.480,7.500,9848440
2026-02-26 10:30:00,7.500,7.500,7.450,7.470,7143196
2026-02-26 11:00:00,7.470,7.470,7.450,7.450,5095900
2026-02-26 11:30:00,7.460,7.470,7.450,7.460,3103716
2026-02-26 13:30:00,7.470,7.470,7.450,7.460,3174700
2026-02-26 14:00:00,7.450,7.460,7.440,7.450,3790025
2026-02-26 14:30:00,7.450,7.450,7.430,7.440,4678127
2026-02-26 15:00:00,7.430,7.460,7.430,7.460,4401539
2026-02-27 10:00:00,7.450,7.470,7.430,7.440,5721432
2026-02-27 10:30:00,7.440,7.450,7.410,7.430,7484403
2026-02-27 11:00:00,7.430,7.440,7.410,7.420,4038915
2026-02-27 11:30:00,7.430,7.440,7.420,7.420,2021400
2026-02-27 13:30:00,7.430,7.480,7.420,7.470,6670450
2026-02-27 14:00:00,7.460,7.470,7.440,7.450,3216914
2026-02-27 14:30:00,7.450,7.460,7.450,7.460,2645760
2026-02-27 15:00:00,7.460,7.470,7.440,7.460,7028062
2026-03-02 10:00:00,7.400,7.410,7.370,7.380,12387284
2026-03-02 10:30:00,7.380,7.390,7.300,7.320,14620250
2026-03-02 11:00:00,7.320,7.370,7.310,7.350,4513018
2026-03-02 11:30:00,7.360,7.400,7.350,7.390,4007526
2026-03-02 13:30:00,7.400,7.440,7.380,7.430,3848260
2026-03-02 14:00:00,7.430,7.430,7.410,7.410,1772100
2026-03-02 14:30:00,7.410,7.430,7.400,7.420,2608668
2026-03-02 15:00:00,7.410,7.420,7.380,7.390,4849054
2026-03-03 10:00:00,7.410,7.460,7.390,7.400,8205335
2026-03-03 10:30:00,7.390,7.420,7.370,7.410,6978400
2026-03-03 11:00:00,7.400,7.460,7.390,7.460,6175976
2026-03-03 11:30:00,7.450,7.480,7.430,7.440,5414000
2026-03-03 13:30:00,7.440,7.460,7.420,7.440,5431568
2026-03-03 14:00:00,7.440,7.460,7.420,7.430,9347844
2026-03-03 14:30:00,7.420,7.430,7.370,7.390,6317652
2026-03-03 15:00:00,7.390,7.410,7.360,7.360,8687569
2026-03-04 10:00:00,7.350,7.370,7.260,7.300,17526420
2026-03-04 10:30:00,7.290,7.300,7.260,7.270,7432400
2026-03-04 11:00:00,7.260,7.270,7.210,7.220,6847380
2026-03-04 11:30:00,7.210,7.220,7.180,7.190,6162060
2026-03-04 13:30:00,7.180,7.220,7.170,7.190,4002100
2026-03-04 14:00:00,7.180,7.210,7.170,7.200,3253100
2026-03-04 14:30:00,7.190,7.200,7.160,7.180,3642572
2026-03-04 15:00:00,7.180,7.200,7.170,7.180,3952614
2026-03-05 10:00:00,7.240,7.270,7.210,7.220,8516500
2026-03-05 10:30:00,7.220,7.240,7.200,7.220,2433404
2026-03-05 11:00:00,7.230,7.250,7.220,7.250,2240108
2026-03-05 11:30:00,7.250,7.260,7.230,7.250,2345000
2026-03-05 13:30:00,7.250,7.260,7.220,7.240,2136600
2026-03-05 14:00:00,7.230,7.240,7.220,7.220,1404800
2026-03-05 14:30:00,7.230,7.230,7.200,7.200,2154400
2026-03-05 15:00:00,7.200,7.220,7.190,7.210,3501028
2026-03-06 10:00:00,7.190,7.240,7.180,7.230,7363327
2026-03-06 10:30:00,7.240,7.280,7.220,7.260,5326300
2026-03-06 11:00:00,7.260,7.270,7.250,7.270,2549400
2026-03-06 11:30:00,7.260,7.270,7.250,7.270,1468208
2026-03-06 13:30:00,7.260,7.270,7.240,7.270,2266900
2026-03-06 14:00:00,7.260,7.300,7.260,7.290,5529092
2026-03-06 14:30:00,7.290,7.290,7.270,7.280,1876609
2026-03-06 15:00:00,7.280,7.300,7.270,7.280,3696624
2026-03-09 10:00:00,7.200,7.230,7.180,7.190,10664554
2026-03-09 10:30:00,7.190,7.210,7.170,7.200,4153268
2026-03-09 11:00:00,7.190,7.220,7.190,7.210,2032860
2026-03-09 11:30:00,7.210,7.210,7.190,7.200,1871800
2026-03-09 13:30:00,7.200,7.220,7.190,7.220,1888429
2026-03-09 14:00:00,7.220,7.220,7.200,7.220,1644875
2026-03-09 14:30:00,7.220,7.230,7.210,7.220,1685578
2026-03-09 15:00:00,7.210,7.220,7.190,7.190,3096005
2026-03-10 10:00:00,7.230,7.270,7.230,7.240,7611667
2026-03-10 10:30:00,7.240,7.250,7.220,7.230,2756700
2026-03-10 11:00:00,7.220,7.230,7.210,7.230,2581600
2026-03-10 11:30:00,7.230,7.240,7.220,7.240,1427200
2026-03-10 13:30:00,7.240,7.250,7.220,7.220,2248908
2026-03-10 14:00:00,7.220,7.230,7.210,7.220,1930497
2026-03-10 14:30:00,7.230,7.250,7.220,7.230,3266368
2026-03-10 15:00:00,7.230,7.250,7.220,7.240,3615841
2026-03-11 10:00:00,7.250,7.260,7.210,7.230,5385780
2026-03-11 10:30:00,7.220,7.260,7.210,7.240,4437760
2026-03-11 11:00:00,7.250,7.280,7.240,7.260,4516236
2026-03-11 11:30:00,7.260,7.270,7.240,7.260,2582204
2026-03-11 13:30:00,7.250,7.290,7.250,7.260,4129200
2026-03-11 14:00:00,7.270,7.280,7.260,7.280,1561314
2026-03-11 14:30:00,7.280,7.320,7.270,7.300,6526174
2026-03-11 15:00:00,7.290,7.310,7.290,7.290,4558727
2026-03-12 10:00:00,7.270,7.310,7.260,7.310,7576339
2026-03-12 10:30:00,7.300,7.340,7.300,7.310,4073350
2026-03-12 11:00:00,7.300,7.320,7.290,7.300,3191612
2026-03-12 11:30:00,7.300,7.310,7.290,7.300,2351740
2026-03-12 13:30:00,7.300,7.320,7.290,7.310,3052600
2026-03-12 14:00:00,7.320,7.350,7.310,7.340,4373920
2026-03-12 14:30:00,7.340,7.350,7.330,7.330,2805212
2026-03-12 15:00:00,7.330,7.350,7.330,7.330,3348288
2026-03-13 10:00:00,7.310,7.340,7.290,7.320,6468912
2026-03-13 10:30:00,7.320,7.350,7.310,7.340,2835139
2026-03-13 11:00:00,7.340,7.360,7.310,7.350,2671360
2026-03-13 11:30:00,7.350,7.360,7.330,7.340,1551900
2026-03-13 13:30:00,7.350,7.380,7.340,7.360,3702707
2026-03-13 14:00:00,7.350,7.360,7.340,7.350,2281557
2026-03-13 14:30:00,7.340,7.350,7.320,7.330,3882770
2026-03-13 15:00:00,7.320,7.330,7.300,7.300,4969004
2026-03-16 10:00:00,7.300,7.330,7.270,7.280,7755076
2026-03-16 10:30:00,7.290,7.320,7.280,7.290,2938749
2026-03-16 11:00:00,7.290,7.300,7.270,7.290,1887148
2026-03-16 11:30:00,7.280,7.290,7.270,7.290,1271120
2026-03-16 13:30:00,7.290,7.320,7.280,7.290,2639000
2026-03-16 14:00:00,7.300,7.300,7.280,7.300,1398452
2026-03-16 14:30:00,7.300,7.310,7.280,7.300,1466012
2026-03-16 15:00:00,7.290,7.310,7.290,7.300,1832258
2026-03-17 10:00:00,7.320,7.390,7.310,7.390,11305604
2026-03-17 10:30:00,7.380,7.420,7.380,7.410,9802548
2026-03-17 11:00:00,7.410,7.430,7.380,7.390,3371303
2026-03-17 11:30:00,7.400,7.400,7.370,7.370,3263000
2026-03-17 13:30:00,7.370,7.400,7.360,7.380,3501600
2026-03-17 14:00:00,7.380,7.390,7.360,7.360,2600400
2026-03-17 14:30:00,7.360,7.370,7.330,7.330,4535745
2026-03-17 15:00:00,7.330,7.350,7.320,7.330,5896724
2026-03-18 10:00:00,7.320,7.340,7.280,7.300,7834700
2026-03-18 10:30:00,7.300,7.300,7.270,7.290,4032600
2026-03-18 11:00:00,7.290,7.310,7.280,7.290,1789600
2026-03-18 11:30:00,7.290,7.300,7.280,7.290,1577052
2026-03-18 13:30:00,7.280,7.300,7.270,7.270,2218389
2026-03-18 14:00:00,7.280,7.310,7.270,7.280,2901700
2026-03-18 14:30:00,7.280,7.300,7.270,7.290,1190200
2026-03-18 15:00:00,7.290,7.320,7.290,7.300,3067044
2026-03-19 10:00:00,7.270,7.290,7.240,7.280,5644356
2026-03-19 10:30:00,7.270,7.290,7.250,7.290,2963316
2026-03-19 11:00:00,7.280,7.290,7.260,7.260,1087300
2026-03-19 11:30:00,7.270,7.280,7.250,7.270,1631536
2026-03-19 13:30:00,7.260,7.270,7.250,7.260,1896580
2026-03-19 14:00:00,7.250,7.300,7.230,7.270,5221276
2026-03-19 14:30:00,7.270,7.310,7.260,7.270,3537900
2026-03-19 15:00:00,7.260,7.280,7.240,7.260,3727900
2026-03-20 10:00:00,7.250,7.290,7.220,7.240,7201399
2026-03-20 10:30:00,7.240,7.240,7.190,7.200,4373600
2026-03-20 11:00:00,7.200,7.220,7.190,7.200,2019452
2026-03-20 11:30:00,7.200,7.270,7.190,7.260,4235300
2026-03-20 13:30:00,7.270,7.280,7.230,7.250,2247172
2026-03-20 14:00:00,7.250,7.250,7.220,7.220,1788328
2026-03-20 14:30:00,7.230,7.240,7.200,7.210,1644000
2026-03-20 15:00:00,7.210,7.220,7.170,7.170,5684041
2026-03-23 10:00:00,7.090,7.090,6.980,7.010,14999764
2026-03-23 10:30:00,7.010,7.020,6.950,6.960,7569900
2026-03-23 11:00:00,6.950,6.960,6.880,6.910,7248700
2026-03-23 11:30:00,6.900,6.920,6.860,6.880,4281739
2026-03-23 13:30:00,6.870,6.930,6.850,6.850,4881604
2026-03-23 14:00:00,6.850,6.880,6.820,6.830,4295380
2026-03-23 14:30:00,6.830,6.850,6.770,6.820,5357220
2026-03-23 15:00:00,6.820,6.830,6.750,6.790,5359921
2026-03-24 10:00:00,6.850,6.880,6.760,6.770,7888521
2026-03-24 10:30:00,6.780,6.890,6.760,6.880,5820048
2026-03-24 11:00:00,6.890,6.900,6.850,6.870,2649000
2026-03-24 11:30:00,6.870,6.870,6.850,6.850,1559400
2026-03-24 13:30:00,6.860,6.860,6.810,6.810,1386840
2026-03-24 14:00:00,6.810,6.840,6.810,6.820,1229404
2026-03-24 14:30:00,6.820,6.870,6.820,6.850,2791176
2026-03-24 15:00:00,6.850,6.880,6.850,6.880,2795221
2026-03-25 10:00:00,6.890,6.930,6.860,6.900,7194241
2026-03-25 10:30:00,6.900,6.920,6.890,6.920,6338592
2026-03-25 11:00:00,6.910,6.930,6.900,6.910,5081464
2026-03-25 11:30:00,6.910,6.920,6.900,6.910,1681400
2026-03-25 13:30:00,6.920,6.930,6.900,6.930,3305891
2026-03-25 14:00:00,6.930,6.960,6.910,6.920,4424764
2026-03-25 14:30:00,6.920,6.930,6.900,6.900,2706388
2026-03-25 15:00:00,6.910,6.930,6.900,6.910,3135915
2026-03-26 10:00:00,6.890,6.930,6.880,6.920,7427812
2026-03-26 10:30:00,6.910,6.920,6.870,6.880,3479132
2026-03-26 11:00:00,6.880,6.890,6.850,6.860,2223511
2026-03-26 11:30:00,6.870,6.870,6.840,6.860,1925860
2026-03-26 13:30:00,6.860,6.870,6.820,6.830,2897152
2026-03-26 14:00:00,6.830,6.850,6.810,6.820,2501632
2026-03-26 14:30:00,6.820,6.850,6.810,6.820,1909008
2026-03-26 15:00:00,6.820,6.840,6.810,6.820,3348762
2026-03-27 10:00:00,6.780,6.860,6.770,6.850,6480974
2026-03-27 10:30:00,6.850,6.870,6.830,6.840,2590300
2026-03-27 11:00:00,6.840,6.850,6.820,6.820,1587408
2026-03-27 11:30:00,6.820,6.840,6.820,6.830,969500
2026-03-27 13:30:00,6.830,6.890,6.830,6.870,3686200
2026-03-27 14:00:00,6.870,6.880,6.860,6.870,1488200
2026-03-27 14:30:00,6.860,6.880,6.860,6.860,1483640
2026-03-27 15:00:00,6.870,6.890,6.860,6.880,2469820
2026-03-30 10:00:00,6.810,6.860,6.780,6.810,8590700
2026-03-30 10:30:00,6.810,6.900,6.800,6.870,4103100
2026-03-30 11:00:00,6.860,6.870,6.850,6.870,1418300
2026-03-30 11:30:00,6.860,6.890,6.860,6.860,1876100
2026-03-30 13:30:00,6.870,6.890,6.840,6.870,1908152
2026-03-30 14:00:00,6.860,6.880,6.840,6.860,1805492
2026-03-30 14:30:00,6.860,6.880,6.860,6.860,1521960
2026-03-30 15:00:00,6.860,6.890,6.860,6.880,2215793
2026-03-31 10:00:00,6.870,6.970,6.860,6.930,6341552
2026-03-31 10:30:00,6.940,6.970,6.930,6.950,3017216
2026-03-31 11:00:00,6.960,6.960,6.940,6.960,2581821
2026-03-31 11:30:00,6.960,6.960,6.930,6.940,3697199
2026-03-31 13:30:00,6.940,6.970,6.940,6.960,2914488
2026-03-31 14:00:00,6.960,7.020,6.950,7.010,5438640
2026-03-31 14:30:00,7.000,7.000,6.940,6.940,2945100
2026-03-31 15:00:00,6.940,6.960,6.930,6.930,3000768
2026-04-01 10:00:00,7.010,7.040,6.970,7.000,7593800
2026-04-01 10:30:00,6.990,7.030,6.990,7.010,3216010
2026-04-01 11:00:00,7.010,7.030,6.990,7.000,2942100
2026-04-01 11:30:00,7.000,7.010,6.990,6.990,1676300
2026-04-01 13:30:00,6.990,7.000,6.970,6.990,1762076
2026-04-01 14:00:00,6.990,7.010,6.970,6.970,1961900
2026-04-01 14:30:00,6.970,7.000,6.970,7.000,1574000
2026-04-01 15:00:00,6.990,7.010,6.990,7.010,2089620
2026-04-02 10:00:00,6.990,7.000,6.950,6.960,4309621
2026-04-02 10:30:00,6.960,6.970,6.940,6.950,2145820
2026-04-02 11:00:00,6.950,6.970,6.940,6.950,1603468
2026-04-02 11:30:00,6.950,6.970,6.940,6.950,1517800
2026-04-02 13:30:00,6.960,6.960,6.930,6.940,2005100
2026-04-02 14:00:00,6.950,6.960,6.920,6.920,1796000
2026-04-02 14:30:00,6.930,6.950,6.910,6.940,2314400
2026-04-02 15:00:00,6.950,6.950,6.920,6.950,2131776
