date,open,high,low,close,volume
2025-03-27 14:30:00,3.140,3.140,3.130,3.130,1824326
2025-03-27 15:00:00,3.140,3.140,3.130,3.130,6550705
2025-03-28 10:00:00,3.140,3.150,3.120,3.130,14297993
2025-03-28 10:30:00,3.130,3.140,3.120,3.120,11355310
2025-03-28 11:00:00,3.120,3.130,3.110,3.120,12191800
2025-03-28 11:30:00,3.120,3.130,3.110,3.130,4822646
2025-03-28 13:30:00,3.120,3.140,3.110,3.120,7481864
2025-03-28 14:00:00,3.120,3.140,3.110,3.130,11487270
2025-03-28 14:30:00,3.130,3.140,3.120,3.140,3207500
2025-03-28 15:00:00,3.130,3.140,3.130,3.130,7019560
2025-03-31 10:00:00,3.120,3.160,3.110,3.160,29103912
2025-03-31 10:30:00,3.160,3.160,3.140,3.140,11464324
2025-03-31 11:00:00,3.140,3.150,3.120,3.140,10147184
2025-03-31 11:30:00,3.130,3.140,3.110,3.110,8398281
2025-03-31 13:30:00,3.110,3.130,3.110,3.110,6041700
2025-03-31 14:00:00,3.110,3.120,3.110,3.110,3160686
2025-03-31 14:30:00,3.110,3.120,3.100,3.110,8985800
2025-03-31 15:00:00,3.120,3.130,3.110,3.120,9721874
2025-04-01 10:00:00,3.120,3.150,3.110,3.150,24655130
2025-04-01 10:30:00,3.150,3.150,3.130,3.140,8048520
2025-04-01 11:00:00,3.140,3.150,3.140,3.150,4910100
2025-04-01 11:30:00,3.140,3.160,3.140,3.160,13540002
2025-04-01 13:30:00,3.150,3.160,3.140,3.150,7483300
2025-04-01 14:00:00,3.150,3.160,3.140,3.160,6821750
2025-04-01 14:30:00,3.150,3.160,3.150,3.160,3840400
2025-04-01 15:00:00,3.150,3.160,3.150,3.160,8560172
2025-04-02 10:00:00,3.160,3.160,3.140,3.160,11977703
2025-04-02 10:30:00,3.160,3.170,3.150,3.170,10698480
2025-04-02 11:00:00,3.160,3.170,3.150,3.150,10777400
2025-04-02 11:30:00,3.150,3.160,3.140,3.160,8547317
2025-04-02 13:30:00,3.150,3.160,3.150,3.160,1730300
2025-04-02 14:00:00,3.150,3.160,3.140,3.150,4861910
2025-04-02 14:30:00,3.150,3.160,3.140,3.150,2920600
2025-04-02 15:00:00,3.150,3.150,3.140,3.140,6075106
2025-04-03 10:00:00,3.130,3.170,3.130,3.160,19167185
2025-04-03 10:30:00,3.160,3.200,3.160,3.190,35685103
2025-04-03 11:00:00,3.200,3.200,3.180,3.190,14937930
2025-04-03 11:30:00,3.180,3.190,3.170,3.170,5946100
2025-04-03 13:30:00,3.180,3.180,3.160,3.170,5639200
2025-04-03 14:00:00,3.170,3.200,3.170,3.190,14202400
2025-04-03 14:30:00,3.190,3.200,3.180,3.190,9888530
2025-04-03 15:00:00,3.190,3.200,3.180,3.190,10073838
2025-04-07 10:00:00,3.130,3.140,2.970,3.060,78402674
2025-04-07 10:30:00,3.060,3.080,3.040,3.070,24584863
2025-04-07 11:00:00,3.060,3.070,3.030,3.040,15907160
2025-04-07 11:30:00,3.040,3.050,3.010,3.030,12014520
2025-04-07 13:30:00,3.020,3.030,2.990,3.000,19933190
2025-04-07 14:00:00,2.990,3.000,2.950,2.960,19872030
2025-04-07 14:30:00,2.960,2.970,2.900,2.940,24686583
2025-04-07 15:00:00,2.930,2.970,2.920,2.950,13329297
2025-04-08 10:00:00,2.960,3.040,2.950,3.040,51131019
2025-04-08 10:30:00,3.040,3.070,3.030,3.060,23207100
2025-04-08 11:00:00,3.050,3.060,3.030,3.050,11751100
2025-04-08 11:30:00,3.050,3.060,3.040,3.050,8375700
2025-04-08 13:30:00,3.050,3.060,3.020,3.030,10543610
2025-04-08 14:00:00,3.030,3.040,3.010,3.020,12537656
2025-04-08 14:30:00,3.020,3.040,3.000,3.020,8820300
2025-04-08 15:00:00,3.020,3.030,3.010,3.030,12120043
2025-04-09 10:00:00,3.010,3.010,2.940,3.010,45667310
2025-04-09 10:30:00,3.010,3.060,3.000,3.030,27151470
2025-04-09 11:00:00,3.040,3.070,3.030,3.060,15100930
2025-04-09 11:30:00,3.060,3.070,3.030,3.060,8679072
2025-04-09 13:30:00,3.050,3.060,3.030,3.050,7937892
2025-04-09 14:00:00,3.050,3.080,3.050,3.060,14509100
2025-04-09 14:30:00,3.070,3.100,3.060,3.090,13134450
2025-04-09 15:00:00,3.100,3.100,3.080,3.080,13943472
2025-04-10 10:00:00,3.090,3.130,3.080,3.120,42149432
2025-04-10 10:30:00,3.120,3.150,3.110,3.140,22321680
2025-04-10 11:00:00,3.140,3.150,3.110,3.110,12254680
2025-04-10 11:30:00,3.120,3.130,3.100,3.110,8607610
2025-04-10 13:30:00,3.110,3.110,3.090,3.100,8588668
2025-04-10 14:00:00,3.110,3.110,3.090,3.100,6952500
2025-04-10 14:30:00,3.100,3.110,3.090,3.100,6540850
2025-04-10 15:00:00,3.100,3.110,3.090,3.100,9105041
2025-04-11 10:00:00,3.080,3.100,3.080,3.090,15726880
2025-04-11 10:30:00,3.090,3.100,3.080,3.090,5969200
2025-04-11 11:00:00,3.090,3.100,3.080,3.090,6205050
2025-04-11 11:30:00,3.090,3.100,3.080,3.080,3752000
2025-04-11 13:30:00,3.080,3.100,3.080,3.100,4042130
2025-04-11 14:00:00,3.090,3.110,3.090,3.100,12135100
2025-04-11 14:30:00,3.100,3.110,3.090,3.100,5502880
2025-04-11 15:00:00,3.100,3.100,3.090,3.100,6266700
2025-04-14 10:00:00,3.140,3.150,3.110,3.110,28939300
2025-04-14 10:30:00,3.110,3.120,3.100,3.120,11729830
2025-04-14 11:00:00,3.110,3.120,3.100,3.110,9562810
2025-04-14 11:30:00,3.100,3.120,3.100,3.100,8241800
2025-04-14 13:30:00,3.110,3.120,3.100,3.100,6140400
2025-04-14 14:00:00,3.100,3.110,3.100,3.100,4437400
2025-04-14 14:30:00,3.110,3.110,3.100,3.100,4101700
2025-04-14 15:00:00,3.100,3.110,3.100,3.100,11161079
2025-04-15 10:00:00,3.110,3.110,3.080,3.080,16486490
2025-04-15 10:30:00,3.080,3.090,3.070,3.070,12539050
2025-04-15 11:00:00,3.070,3.090,3.060,3.060,11710850
2025-04-15 11:30:00,3.060,3.080,3.060,3.070,7964010
2025-04-15 13:30:00,3.080,3.080,3.060,3.060,5407480
2025-04-15 14:00:00,3.060,3.080,3.060,3.070,3561160
2025-04-15 14:30:00,3.070,3.080,3.060,3.070,9060000
2025-04-15 15:00:00,3.070,3.090,3.060,3.080,9746256
2025-04-16 10:00:00,3.070,3.090,3.070,3.070,15064395
2025-04-16 10:30:00,3.070,3.080,3.060,3.070,8607890
2025-04-16 11:00:00,3.070,3.070,3.060,3.060,3374400
2025-04-16 11:30:00,3.060,3.070,3.050,3.060,9376900
2025-04-16 13:30:00,3.060,3.070,3.050,3.060,6315580
2025-04-16 14:00:00,3.060,3.080,3.060,3.070,6924720
2025-04-16 14:30:00,3.080,3.080,3.070,3.070,2352620
2025-04-16 15:00:00,3.070,3.090,3.070,3.090,10667378
2025-04-17 10:00:00,3.070,3.090,3.060,3.090,8858707
2025-04-17 10:30:00,3.080,3.100,3.080,3.090,13038238
2025-04-17 11:00:00,3.090,3.100,3.080,3.080,3866660
2025-04-17 11:30:00,3.080,3.100,3.080,3.080,6631600
2025-04-17 13:30:00,3.090,3.100,3.080,3.090,4234500
2025-04-17 14:00:00,3.090,3.090,3.080,3.090,2253000
2025-04-17 14:30:00,3.080,3.100,3.080,3.080,10661302
2025-04-17 15:00:00,3.080,3.090,3.080,3.080,4592939
2025-04-18 10:00:00,3.080,3.090,3.060,3.070,9934780
2025-04-18 10:30:00,3.070,3.080,3.060,3.070,4162490
2025-04-18 11:00:00,3.070,3.080,3.070,3.070,2164500
2025-04-18 11:30:00,3.070,3.080,3.060,3.070,4882410
2025-04-18 13:30:00,3.070,3.070,3.060,3.070,2117200
2025-04-18 14:00:00,3.070,3.080,3.060,3.080,6850700
2025-04-18 14:30:00,3.080,3.090,3.070,3.070,6746280
2025-04-18 15:00:00,3.080,3.090,3.070,3.080,5181344
2025-04-21 10:00:00,3.080,3.090,3.070,3.080,10991190
2025-04-21 10:30:00,3.080,3.090,3.080,3.080,4746510
2025-04-21 11:00:00,3.090,3.090,3.070,3.080,6515530
2025-04-21 11:30:00,3.070,3.080,3.070,3.070,2522600
2025-04-21 13:30:00,3.070,3.080,3.060,3.070,13121680
2025-04-21 14:00:00,3.070,3.080,3.060,3.070,4214200
2025-04-21 14:30:00,3.070,3.090,3.070,3.090,7100570
2025-04-21 15:00:00,3.080,3.090,3.070,3.080,6786100
2025-04-22 10:00:00,3.080,3.090,3.070,3.090,14397356
2025-04-22 10:30:00,3.080,3.090,3.080,3.090,2630370
2025-04-22 11:00:00,3.090,3.090,3.070,3.080,7453730
2025-04-22 11:30:00,3.080,3.090,3.070,3.080,2312800
2025-04-22 13:30:00,3.090,3.090,3.070,3.080,3374996
2025-04-22 14:00:00,3.080,3.090,3.080,3.080,1386700
2025-04-22 14:30:00,3.090,3.100,3.080,3.100,13702350
2025-04-22 15:00:00,3.100,3.100,3.080,3.090,9926560
2025-04-23 10:00:00,3.090,3.100,3.080,3.080,7259300
2025-04-23 10:30:00,3.090,3.090,3.070,3.080,11548740
2025-04-23 11:00:00,3.080,3.090,3.070,3.080,4073700
2025-04-23 11:30:00,3.080,3.100,3.080,3.100,15124896
2025-04-23 13:30:00,3.100,3.100,3.080,3.100,4559096
2025-04-23 14:00:00,3.100,3.110,3.090,3.110,8788694
2025-04-23 14:30:00,3.110,3.110,3.090,3.090,4134590
2025-04-23 15:00:00,3.100,3.100,3.090,3.100,3371986
2025-04-24 10:00:00,3.100,3.140,3.090,3.130,35180579
2025-04-24 10:30:00,3.130,3.150,3.120,3.150,21386120
2025-04-24 11:00:00,3.140,3.150,3.120,3.120,10173600
2025-04-24 11:30:00,3.120,3.130,3.110,3.120,8701602
2025-04-24 13:30:00,3.130,3.150,3.120,3.140,13684596
2025-04-24 14:00:00,3.140,3.150,3.130,3.140,5716830
2025-04-24 14:30:00,3.140,3.150,3.130,3.140,5688980
2025-04-24 15:00:00,3.140,3.140,3.130,3.130,5932311
2025-04-25 10:00:00,3.130,3.150,3.130,3.140,15406752
2025-04-25 10:30:00,3.140,3.160,3.130,3.150,14401410
2025-04-25 11:00:00,3.150,3.160,3.140,3.140,4721900
2025-04-25 11:30:00,3.150,3.160,3.140,3.160,6704733
2025-04-25 13:30:00,3.150,3.160,3.140,3.150,5123380
2025-04-25 14:00:00,3.140,3.150,3.140,3.140,1919945
2025-04-25 14:30:00,3.150,3.160,3.130,3.150,14618502
2025-04-25 15:00:00,3.160,3.160,3.150,3.160,6680713
2025-04-28 10:00:00,3.170,3.180,3.140,3.150,18099202
2025-04-28 10:30:00,3.150,3.170,3.140,3.150,14810790
2025-04-28 11:00:00,3.160,3.170,3.150,3.170,5506100
2025-04-28 11:30:00,3.170,3.170,3.150,3.160,5320100
2025-04-28 13:30:00,3.160,3.170,3.160,3.170,3188002
2025-04-28 14:00:00,3.170,3.180,3.160,3.180,11603020
2025-04-28 14:30:00,3.170,3.180,3.160,3.170,3514000
2025-04-28 15:00:00,3.170,3.170,3.160,3.160,8691839
2025-04-29 10:00:00,3.160,3.170,3.140,3.150,22821430
2025-04-29 10:30:00,3.150,3.170,3.120,3.130,26110900
2025-04-29 11:00:00,3.130,3.140,3.120,3.140,6712580
2025-04-29 11:30:00,3.130,3.140,3.120,3.120,6011170
2025-04-29 13:30:00,3.120,3.140,3.120,3.130,4185500
2025-04-29 14:00:00,3.130,3.130,3.110,3.120,12206987
2025-04-29 14:30:00,3.130,3.140,3.120,3.140,5388400
2025-04-29 15:00:00,3.140,3.140,3.120,3.130,4972632
2025-04-30 10:00:00,3.140,3.150,3.120,3.140,17558080
2025-04-30 10:30:00,3.140,3.160,3.130,3.160,11691890
2025-04-30 11:00:00,3.160,3.200,3.150,3.180,36406980
2025-04-30 11:30:00,3.180,3.180,3.170,3.180,4669190
2025-04-30 13:30:00,3.170,3.180,3.160,3.160,5962260
2025-04-30 14:00:00,3.160,3.170,3.160,3.160,3576608
2025-04-30 14:30:00,3.160,3.180,3.160,3.170,9274630
2025-04-30 15:00:00,3.170,3.180,3.160,3.160,9158372
2025-05-06 10:00:00,3.170,3.180,3.150,3.160,23394583
2025-05-06 10:30:00,3.170,3.170,3.140,3.160,21326220
2025-05-06 11:00:00,3.160,3.160,3.140,3.140,13018400
2025-05-06 11:30:00,3.140,3.160,3.140,3.160,9590420
2025-05-06 13:30:00,3.160,3.160,3.140,3.160,11536003
2025-05-06 14:00:00,3.160,3.160,3.140,3.150,9520040
2025-05-06 14:30:00,3.150,3.160,3.140,3.150,10378800
2025-05-06 15:00:00,3.150,3.170,3.150,3.160,9398034
2025-05-07 10:00:00,3.170,3.180,3.150,3.170,28028862
2025-05-07 10:30:00,3.160,3.170,3.150,3.170,9111000
2025-05-07 11:00:00,3.160,3.170,3.160,3.170,3881471
2025-05-07 11:30:00,3.170,3.170,3.150,3.160,9813177
2025-05-07 13:30:00,3.170,3.170,3.150,3.170,6815462
2025-05-07 14:00:00,3.160,3.170,3.150,3.150,7334800
2025-05-07 14:30:00,3.150,3.160,3.150,3.160,3889640
2025-05-07 15:00:00,3.150,3.170,3.150,3.160,9724749
2025-05-08 10:00:00,3.160,3.160,3.150,3.160,9521090
2025-05-08 10:30:00,3.150,3.160,3.140,3.150,11959610
2025-05-08 11:00:00,3.150,3.160,3.150,3.160,4590712
2025-05-08 11:30:00,3.160,3.160,3.150,3.160,5846232
2025-05-08 13:30:00,3.160,3.160,3.140,3.160,12334358
2025-05-08 14:00:00,3.150,3.160,3.140,3.150,4504200
2025-05-08 14:30:00,3.140,3.160,3.140,3.150,6902100
2025-05-08 15:00:00,3.160,3.160,3.140,3.150,8544705
2025-05-09 10:00:00,3.150,3.160,3.140,3.160,9964112
2025-05-09 10:30:00,3.160,3.170,3.140,3.160,21955763
2025-05-09 11:00:00,3.160,3.160,3.140,3.140,9881520
2025-05-09 11:30:00,3.150,3.160,3.140,3.160,8928760
2025-05-09 13:30:00,3.150,3.160,3.140,3.160,5359400
2025-05-09 14:00:00,3.150,3.160,3.140,3.140,6137360
2025-05-09 14:30:00,3.140,3.150,3.140,3.150,3780000
2025-05-09 15:00:00,3.140,3.150,3.140,3.140,9743049
2025-05-12 10:00:00,3.150,3.150,3.120,3.130,32149000
2025-05-12 10:30:00,3.140,3.150,3.130,3.140,18169753
2025-05-12 11:00:00,3.140,3.140,3.130,3.140,4851310
2025-05-12 11:30:00,3.140,3.140,3.130,3.140,8523900
2025-05-12 13:30:00,3.130,3.140,3.130,3.140,4554950
2025-05-12 14:00:00,3.140,3.140,3.130,3.140,6809300
2025-05-12 14:30:00,3.130,3.140,3.130,3.130,4767930
2025-05-12 15:00:00,3.130,3.150,3.130,3.140,12376835
2025-05-13 10:00:00,3.150,3.160,3.140,3.160,20269180
2025-05-13 10:30:00,3.150,3.160,3.140,3.140,9138110
2025-05-13 11:00:00,3.140,3.150,3.140,3.140,2512300
2025-05-13 11:30:00,3.140,3.150,3.140,3.150,2482163
2025-05-13 13:30:00,3.140,3.150,3.140,3.140,1882708
2025-05-13 14:00:00,3.150,3.150,3.140,3.150,2206190
2025-05-13 14:30:00,3.150,3.160,3.140,3.150,10089269
2025-05-13 15:00:00,3.160,3.160,3.140,3.150,10016374
2025-05-14 10:00:00,3.150,3.160,3.130,3.140,16437010
2025-05-14 10:30:00,3.140,3.150,3.130,3.130,5433493
2025-05-14 11:00:00,3.140,3.150,3.130,3.140,5721500
2025-05-14 11:30:00,3.140,3.160,3.140,3.150,13495504
2025-05-14 13:30:00,3.160,3.170,3.150,3.170,10503600
2025-05-14 14:00:00,3.170,3.180,3.150,3.180,28882556
2025-05-14 14:30:00,3.180,3.180,3.160,3.170,11448833
2025-05-14 15:00:00,3.170,3.180,3.160,3.180,5458653
2025-05-15 10:00:00,3.170,3.210,3.170,3.180,41533668
2025-05-15 10:30:00,3.190,3.190,3.170,3.190,9328570
2025-05-15 11:00:00,3.180,3.190,3.170,3.180,9139920
2025-05-15 11:30:00,3.170,3.180,3.170,3.170,2748702
2025-05-15 13:30:00,3.180,3.180,3.170,3.180,3761500
2025-05-15 14:00:00,3.170,3.180,3.160,3.160,12813420
2025-05-15 14:30:00,3.170,3.180,3.160,3.180,5552922
2025-05-15 15:00:00,3.180,3.180,3.160,3.170,5636237
2025-05-16 10:00:00,3.170,3.180,3.160,3.160,14228200
2025-05-16 10:30:00,3.160,3.170,3.150,3.150,16102243
2025-05-16 11:00:00,3.150,3.160,3.140,3.160,10770907
2025-05-16 11:30:00,3.150,3.160,3.140,3.140,6499300
2025-05-16 13:30:00,3.150,3.150,3.140,3.140,4601326
2025-05-16 14:00:00,3.140,3.150,3.140,3.140,3694300
2025-05-16 14:30:00,3.140,3.150,3.140,3.140,3732500
2025-05-16 15:00:00,3.140,3.150,3.140,3.140,6197677
2025-05-19 10:00:00,3.140,3.170,3.140,3.150,23427340
2025-05-19 10:30:00,3.150,3.180,3.150,3.180,14704501
2025-05-19 11:00:00,3.180,3.180,3.160,3.180,8179830
2025-05-19 11:30:00,3.180,3.190,3.170,3.170,17782700
2025-05-19 13:30:00,3.180,3.190,3.170,3.180,5822701
2025-05-19 14:00:00,3.180,3.180,3.170,3.180,2447882
2025-05-19 14:30:00,3.180,3.190,3.170,3.180,7326790
2025-05-19 15:00:00,3.190,3.190,3.170,3.180,8567464
2025-05-20 10:00:00,3.180,3.190,3.170,3.180,7793104
2025-05-20 10:30:00,3.170,3.190,3.170,3.180,8043878
2025-05-20 11:00:00,3.180,3.180,3.170,3.180,3164513
2025-05-20 11:30:00,3.180,3.190,3.170,3.180,4829677
2025-05-20 13:30:00,3.180,3.190,3.170,3.180,5055961
2025-05-20 14:00:00,3.190,3.190,3.170,3.170,4970000
2025-05-20 14:30:00,3.180,3.190,3.170,3.190,3565700
2025-05-20 15:00:00,3.190,3.190,3.170,3.180,5800301
2025-05-21 10:00:00,3.180,3.190,3.170,3.180,5994200
2025-05-21 10:30:00,3.180,3.190,3.170,3.180,8506424
2025-05-21 11:00:00,3.180,3.190,3.170,3.190,5389432
2025-05-21 11:30:00,3.190,3.190,3.180,3.180,1616500
2025-05-21 13:30:00,3.180,3.190,3.170,3.180,5752300
2025-05-21 14:00:00,3.180,3.190,3.170,3.180,6512500
2025-05-21 14:30:00,3.180,3.190,3.170,3.180,4631800
2025-05-21 15:00:00,3.180,3.190,3.170,3.190,5603771
2025-05-22 10:00:00,3.180,3.190,3.160,3.160,19101500
2025-05-22 10:30:00,3.160,3.170,3.150,3.160,14300660
2025-05-22 11:00:00,3.150,3.160,3.150,3.150,4319900
2025-05-22 11:30:00,3.160,3.160,3.150,3.150,9489730
2025-05-22 13:30:00,3.160,3.170,3.150,3.160,5020200
2025-05-22 14:00:00,3.150,3.160,3.150,3.150,2107230
2025-05-22 14:30:00,3.150,3.170,3.150,3.150,3165600
2025-05-22 15:00:00,3.150,3.170,3.150,3.160,5732631
2025-05-23 10:00:00,3.160,3.170,3.150,3.160,6307650
2025-05-23 10:30:00,3.160,3.180,3.160,3.160,16709470
2025-05-23 11:00:00,3.160,3.170,3.160,3.170,1697986
2025-05-23 11:30:00,3.170,3.170,3.160,3.160,3002200
2025-05-23 13:30:00,3.160,3.170,3.150,3.150,9237974
2025-05-23 14:00:00,3.150,3.160,3.140,3.140,8965890
2025-05-23 14:30:00,3.140,3.150,3.130,3.140,12930680
2025-05-23 15:00:00,3.140,3.150,3.130,3.130,7149380
2025-05-26 10:00:00,3.140,3.150,3.130,3.140,7467120
2025-05-26 10:30:00,3.150,3.150,3.140,3.140,2344100
2025-05-26 11:00:00,3.140,3.150,3.130,3.130,6806760
2025-05-26 11:30:00,3.130,3.140,3.120,3.120,8286000
2025-05-26 13:30:00,3.130,3.140,3.120,3.130,8176830
2025-05-26 14:00:00,3.130,3.140,3.120,3.130,2500760
2025-05-26 14:30:00,3.130,3.140,3.130,3.130,2571980
2025-05-26 15:00:00,3.130,3.140,3.130,3.140,4257355
2025-05-27 10:00:00,3.130,3.150,3.130,3.140,6500540
2025-05-27 10:30:00,3.140,3.140,3.130,3.130,2947700
2025-05-27 11:00:00,3.140,3.140,3.130,3.130,6814721
2025-05-27 11:30:00,3.140,3.140,3.120,3.120,3000639
2025-05-27 13:30:00,3.120,3.150,3.120,3.140,8399172
2025-05-27 14:00:00,3.140,3.150,3.130,3.130,1307400
2025-05-27 14:30:00,3.140,3.150,3.130,3.140,2597120
2025-05-27 15:00:00,3.150,3.150,3.130,3.140,4313892
2025-05-28 10:00:00,3.140,3.180,3.130,3.170,38814962
2025-05-28 10:30:00,3.170,3.180,3.150,3.150,10896530
2025-05-28 11:00:00,3.160,3.170,3.150,3.170,6988884
2025-05-28 11:30:00,3.170,3.180,3.160,3.170,5454436
2025-05-28 13:30:00,3.160,3.180,3.160,3.180,5496660
2025-05-28 14:00:00,3.170,3.180,3.160,3.180,7266160
2025-05-28 14:30:00,3.180,3.180,3.160,3.180,5574041
2025-05-28 15:00:00,3.170,3.180,3.160,3.180,5986370
2025-05-29 10:00:00,3.170,3.180,3.160,3.180,15155766
2025-05-29 10:30:00,3.180,3.180,3.160,3.180,8773030
2025-05-29 11:00:00,3.170,3.180,3.170,3.180,4825200
2025-05-29 11:30:00,3.180,3.180,3.170,3.180,1978595
2025-05-29 13:30:00,3.180,3.180,3.170,3.170,2522400
2025-05-29 14:00:00,3.170,3.190,3.170,3.170,13823651
2025-05-29 14:30:00,3.180,3.180,3.170,3.170,3448700
2025-05-29 15:00:00,3.180,3.190,3.170,3.180,5675475
2025-05-30 10:00:00,3.190,3.200,3.170,3.190,26275120
2025-05-30 10:30:00,3.180,3.190,3.170,3.180,15866200
2025-05-30 11:00:00,3.180,3.190,3.170,3.180,4183500
2025-05-30 11:30:00,3.180,3.190,3.170,3.180,4205100
2025-05-30 13:30:00,3.190,3.200,3.180,3.190,13129693
2025-05-30 14:00:00,3.190,3.200,3.180,3.180,5582904
2025-05-30 14:30:00,3.190,3.200,3.180,3.190,6979280
2025-05-30 15:00:00,3.190,3.200,3.180,3.190,6718469
2025-06-03 10:00:00,3.180,3.190,3.160,3.170,21783510
2025-06-03 10:30:00,3.170,3.170,3.160,3.170,5323510
2025-06-03 11:00:00,3.170,3.170,3.150,3.160,11979263
2025-06-03 11:30:00,3.160,3.180,3.160,3.180,4765793
2025-06-03 13:30:00,3.180,3.180,3.170,3.170,3181050
2025-06-03 14:00:00,3.170,3.190,3.170,3.180,6749554
2025-06-03 14:30:00,3.180,3.190,3.170,3.180,5296500
2025-06-03 15:00:00,3.180,3.190,3.170,3.190,5826800
2025-06-04 10:00:00,3.180,3.190,3.170,3.180,10745780
2025-06-04 10:30:00,3.170,3.190,3.170,3.180,4745760
2025-06-04 11:00:00,3.180,3.190,3.180,3.180,2609666
2025-06-04 11:30:00,3.190,3.190,3.180,3.190,1939070
2025-06-04 13:30:00,3.190,3.190,3.180,3.190,5542451
2025-06-04 14:00:00,3.190,3.190,3.180,3.190,4533660
2025-06-04 14:30:00,3.190,3.190,3.180,3.190,2906760
2025-06-04 15:00:00,3.190,3.190,3.180,3.190,7254030
2025-06-05 10:00:00,3.190,3.210,3.180,3.190,14123853
2025-06-05 10:30:00,3.180,3.190,3.180,3.190,5761300
2025-06-05 11:00:00,3.180,3.190,3.180,3.190,3431870
2025-06-05 11:30:00,3.190,3.190,3.180,3.190,3758800
2025-06-05 13:30:00,3.180,3.190,3.170,3.180,13320640
2025-06-05 14:00:00,3.180,3.180,3.170,3.170,3550050
2025-06-05 14:30:00,3.170,3.180,3.170,3.170,3121400
2025-06-05 15:00:00,3.180,3.190,3.170,3.180,8339515
2025-06-06 10:00:00,3.180,3.190,3.170,3.170,7537880
2025-06-06 10:30:00,3.180,3.190,3.170,3.180,8009440
2025-06-06 11:00:00,3.190,3.190,3.180,3.180,2819609
2025-06-06 11:30:00,3.180,3.200,3.180,3.190,13392740
2025-06-06 13:30:00,3.190,3.200,3.180,3.180,8304950
2025-06-06 14:00:00,3.190,3.200,3.180,3.200,5423320
2025-06-06 14:30:00,3.200,3.200,3.190,3.190,2156214
2025-06-06 15:00:00,3.200,3.200,3.180,3.200,10137858
2025-06-09 10:00:00,3.200,3.230,3.200,3.220,33789910
2025-06-09 10:30:00,3.220,3.230,3.210,3.230,13677692
2025-06-09 11:00:00,3.220,3.230,3.210,3.220,7966900
2025-06-09 11:30:00,3.220,3.230,3.210,3.220,4680230
2025-06-09 13:30:00,3.220,3.220,3.210,3.220,3712058
2025-06-09 14:00:00,3.220,3.230,3.210,3.230,5498800
2025-06-09 14:30:00,3.220,3.230,3.220,3.220,3154450
2025-06-09 15:00:00,3.230,3.240,3.220,3.240,13155982
2025-06-10 10:00:00,3.240,3.270,3.230,3.250,30186162
2025-06-10 10:30:00,3.250,3.270,3.250,3.260,11197590
2025-06-10 11:00:00,3.260,3.270,3.260,3.260,6003120
2025-06-10 11:30:00,3.270,3.270,3.250,3.270,4241740
2025-06-10 13:30:00,3.270,3.280,3.230,3.230,28529732
2025-06-10 14:00:00,3.230,3.250,3.220,3.240,13039850
2025-06-10 14:30:00,3.240,3.250,3.230,3.250,6611100
2025-06-10 15:00:00,3.240,3.260,3.240,3.250,9060848
2025-06-11 10:00:00,3.260,3.260,3.250,3.250,11053500
2025-06-11 10:30:00,3.260,3.270,3.250,3.270,11251033
2025-06-11 11:00:00,3.270,3.270,3.250,3.270,8067340
2025-06-11 11:30:00,3.260,3.270,3.250,3.270,5501530
2025-06-11 13:30:00,3.270,3.270,3.250,3.260,6914800
2025-06-11 14:00:00,3.250,3.260,3.250,3.260,3737800
2025-06-11 14:30:00,3.260,3.270,3.250,3.250,8829180
2025-06-11 15:00:00,3.250,3.270,3.250,3.260,10393055
2025-06-12 10:00:00,3.260,3.260,3.220,3.240,27101200
2025-06-12 10:30:00,3.230,3.250,3.230,3.240,8412340
2025-06-12 11:00:00,3.240,3.250,3.230,3.240,4043800
2025-06-12 11:30:00,3.240,3.250,3.230,3.230,2558450
2025-06-12 13:30:00,3.230,3.240,3.220,3.230,17903380
2025-06-12 14:00:00,3.230,3.240,3.220,3.240,5578960
2025-06-12 14:30:00,3.230,3.250,3.230,3.250,10105280
2025-06-12 15:00:00,3.250,3.260,3.240,3.250,16475882
2025-06-13 10:00:00,3.100,3.110,3.080,3.080,32694600
2025-06-13 10:30:00,3.080,3.090,3.060,3.080,15073000
2025-06-13 11:00:00,3.080,3.080,3.060,3.060,9482789
2025-06-13 11:30:00,3.070,3.100,3.060,3.090,12023496
2025-06-13 13:30:00,3.100,3.100,3.060,3.060,11351208
2025-06-13 14:00:00,3.070,3.080,3.060,3.080,8785140
2025-06-13 14:30:00,3.080,3.080,3.060,3.060,4956700
2025-06-13 15:00:00,3.060,3.070,3.050,3.060,11432013
2025-06-16 10:00:00,3.060,3.070,3.050,3.050,15268109
2025-06-16 10:30:00,3.050,3.060,3.040,3.060,11670186
2025-06-16 11:00:00,3.050,3.060,3.040,3.040,5558355
2025-06-16 11:30:00,3.040,3.050,3.040,3.040,8208460
2025-06-16 13:30:00,3.050,3.060,3.040,3.050,5454160
2025-06-16 14:00:00,3.040,3.050,3.030,3.040,12766000
2025-06-16 14:30:00,3.040,3.050,3.040,3.040,2066512
2025-06-16 15:00:00,3.040,3.050,3.030,3.050,9288120
2025-06-17 10:00:00,3.050,3.060,3.030,3.040,11389810
2025-06-17 10:30:00,3.040,3.050,3.030,3.040,6493910
2025-06-17 11:00:00,3.030,3.050,3.030,3.040,6774020
2025-06-17 11:30:00,3.040,3.050,3.040,3.050,1975210
2025-06-17 13:30:00,3.040,3.060,3.040,3.060,11407910
2025-06-17 14:00:00,3.060,3.060,3.050,3.050,3300600
2025-06-17 14:30:00,3.050,3.060,3.040,3.060,5833122
2025-06-17 15:00:00,3.060,3.060,3.050,3.060,6911680
2025-06-18 10:00:00,3.060,3.070,3.040,3.050,11873680
2025-06-18 10:30:00,3.050,3.060,3.040,3.040,8198024
2025-06-18 11:00:00,3.050,3.060,3.040,3.060,3805670
2025-06-18 11:30:00,3.050,3.060,3.040,3.040,4594700
2025-06-18 13:30:00,3.050,3.060,3.040,3.050,3362400
2025-06-18 14:00:00,3.040,3.050,3.040,3.050,2430579
2025-06-18 14:30:00,3.050,3.060,3.040,3.040,1927340
2025-06-18 15:00:00,3.040,3.060,3.040,3.040,5707394
2025-06-19 10:00:00,3.040,3.050,3.020,3.020,16935936
2025-06-19 10:30:00,3.020,3.030,3.000,3.010,17136694
2025-06-19 11:00:00,3.000,3.020,3.000,3.010,9703700
2025-06-19 11:30:00,3.010,3.010,2.990,2.990,12841440
2025-06-19 13:30:00,2.990,3.010,2.980,3.010,8362700
2025-06-19 14:00:00,3.000,3.020,3.000,3.000,6258230
2025-06-19 14:30:00,3.000,3.020,3.000,3.010,2865600
2025-06-19 15:00:00,3.000,3.010,3.000,3.010,4864340
2025-06-20 10:00:00,3.010,3.020,2.990,3.010,10520492
2025-06-20 10:30:00,3.020,3.020,3.000,3.010,3795800
2025-06-20 11:00:00,3.000,3.020,3.000,3.010,4502970
2025-06-20 11:30:00,3.020,3.020,3.010,3.020,1671290
2025-06-20 13:30:00,3.010,3.020,3.010,3.010,1973040
2025-06-20 14:00:00,3.020,3.020,3.000,3.000,2492210
2025-06-20 14:30:00,3.010,3.010,3.000,3.000,2837370
2025-06-20 15:00:00,3.010,3.010,3.000,3.000,8743255
2025-06-23 10:00:00,2.990,3.010,2.980,2.990,15936690
2025-06-23 10:30:00,2.980,2.990,2.980,2.980,3980730
2025-06-23 11:00:00,2.980,3.000,2.980,3.000,7272900
2025-06-23 11:30:00,2.990,3.000,2.980,2.990,7003400
2025-06-23 13:30:00,3.000,3.000,2.980,2.990,2891500
2025-06-23 14:00:00,2.980,3.000,2.980,3.000,6467100
2025-06-23 14:30:00,2.990,3.000,2.990,2.990,4482000
2025-06-23 15:00:00,2.990,3.010,2.990,3.000,15163160
2025-06-24 10:00:00,3.010,3.020,3.000,3.010,13772460
2025-06-24 10:30:00,3.010,3.030,3.010,3.020,12340260
2025-06-24 11:00:00,3.020,3.020,3.010,3.020,8079850
2025-06-24 11:30:00,3.020,3.020,3.010,3.010,1911230
2025-06-24 13:30:00,3.020,3.020,3.010,3.010,2782580
2025-06-24 14:00:00,3.020,3.020,3.010,3.010,3132600
2025-06-24 14:30:00,3.020,3.020,3.010,3.020,3131400
2025-06-24 15:00:00,3.010,3.020,3.010,3.010,7638397
2025-06-25 10:00:00,3.010,3.020,3.000,3.010,11649630
2025-06-25 10:30:00,3.010,3.040,3.010,3.020,24046870
2025-06-25 11:00:00,3.020,3.030,3.020,3.020,3135000
2025-06-25 11:30:00,3.020,3.040,3.020,3.030,5088203
2025-06-25 13:30:00,3.030,3.050,3.030,3.040,14196348
2025-06-25 14:00:00,3.040,3.050,3.040,3.050,2790990
2025-06-25 14:30:00,3.040,3.060,3.040,3.050,10250030
2025-06-25 15:00:00,3.060,3.060,3.050,3.060,7233572
2025-06-26 10:00:00,3.060,3.070,3.040,3.050,11758100
2025-06-26 10:30:00,3.050,3.060,3.040,3.060,7997560
2025-06-26 11:00:00,3.050,3.060,3.050,3.050,1406761
2025-06-26 11:30:00,3.060,3.060,3.050,3.050,2061374
2025-06-26 13:30:00,3.050,3.060,3.050,3.060,3186300
2025-06-26 14:00:00,3.050,3.060,3.040,3.040,7803970
2025-06-26 14:30:00,3.040,3.050,3.040,3.040,2361810
2025-06-26 15:00:00,3.040,3.050,3.040,3.050,4659157
2025-06-27 10:00:00,3.050,3.070,3.050,3.060,13889417
2025-06-27 10:30:00,3.060,3.070,3.050,3.060,9890100
2025-06-27 11:00:00,3.060,3.060,3.040,3.040,9012600
2025-06-27 11:30:00,3.050,3.050,3.030,3.040,12478872
2025-06-27 13:30:00,3.040,3.050,3.030,3.030,5049800
2025-06-27 14:00:00,3.040,3.050,3.030,3.030,8329500
2025-06-27 14:30:00,3.030,3.040,3.030,3.030,3994348
2025-06-27 15:00:00,3.040,3.050,3.030,3.040,7189424
2025-06-30 10:00:00,3.040,3.050,3.010,3.030,22306274
2025-06-30 10:30:00,3.020,3.030,3.020,3.020,4430860
2025-06-30 11:00:00,3.020,3.030,3.020,3.020,5970450
2025-06-30 11:30:00,3.020,3.030,3.010,3.020,6320162
2025-06-30 13:30:00,3.020,3.030,3.010,3.030,10447270
2025-06-30 14:00:00,3.020,3.030,3.020,3.020,3446640
2025-06-30 14:30:00,3.020,3.030,3.020,3.030,2186716
2025-06-30 15:00:00,3.020,3.030,3.020,3.020,6518150
2025-07-01 10:00:00,3.030,3.040,3.020,3.030,15423858
2025-07-01 10:30:00,3.020,3.040,3.020,3.030,4811130
2025-07-01 11:00:00,3.030,3.050,3.030,3.050,11355580
2025-07-01 11:30:00,3.050,3.050,3.030,3.050,7039800
2025-07-01 13:30:00,3.050,3.050,3.030,3.040,3204290
2025-07-01 14:00:00,3.040,3.050,3.030,3.050,4577041
2025-07-01 14:30:00,3.050,3.050,3.040,3.040,2501050
2025-07-01 15:00:00,3.040,3.050,3.040,3.040,5665170
2025-07-02 10:00:00,3.040,3.060,3.030,3.060,13731610
2025-07-02 10:30:00,3.050,3.060,3.040,3.050,7323000
2025-07-02 11:00:00,3.050,3.060,3.040,3.050,6427650
2025-07-02 11:30:00,3.050,3.060,3.050,3.060,4355490
2025-07-02 13:30:00,3.060,3.060,3.050,3.050,3624260
2025-07-02 14:00:00,3.060,3.060,3.050,3.060,5750261
2025-07-02 14:30:00,3.050,3.060,3.040,3.050,6644790
2025-07-02 15:00:00,3.050,3.060,3.050,3.060,8823341
2025-07-03 10:00:00,3.060,3.060,3.040,3.050,10233990
2025-07-03 10:30:00,3.040,3.050,3.040,3.040,4792342
2025-07-03 11:00:00,3.040,3.050,3.040,3.050,1812450
2025-07-03 11:30:00,3.040,3.060,3.040,3.060,7503025
2025-07-03 13:30:00,3.060,3.060,3.040,3.040,7373370
2025-07-03 14:00:00,3.050,3.060,3.040,3.050,4521510
2025-07-03 14:30:00,3.050,3.060,3.040,3.050,4424190
2025-07-03 15:00:00,3.050,3.050,3.040,3.050,4254432
2025-07-04 10:00:00,3.050,3.070,3.040,3.060,16119574
2025-07-04 10:30:00,3.070,3.070,3.050,3.060,11917860
2025-07-04 11:00:00,3.060,3.070,3.060,3.060,7516770
2025-07-04 11:30:00,3.060,3.070,3.060,3.060,4117750
2025-07-04 13:30:00,3.060,3.080,3.060,3.080,9113553
2025-07-04 14:00:00,3.080,3.080,3.070,3.080,3769600
2025-07-04 14:30:00,3.070,3.080,3.060,3.060,8161440
2025-07-04 15:00:00,3.060,3.070,3.050,3.060,8222099
2025-07-07 10:00:00,3.060,3.070,3.050,3.060,11662482
2025-07-07 10:30:00,3.070,3.080,3.060,3.080,9674860
2025-07-07 11:00:00,3.070,3.080,3.070,3.070,3806030
2025-07-07 11:30:00,3.080,3.090,3.070,3.080,8740746
2025-07-07 13:30:00,3.080,3.100,3.080,3.090,17123284
2025-07-07 14:00:00,3.090,3.100,3.080,3.090,6812960
2025-07-07 14:30:00,3.090,3.100,3.080,3.080,5967100
2025-07-07 15:00:00,3.090,3.100,3.080,3.090,7836447
2025-07-08 10:00:00,3.090,3.100,3.070,3.080,19673140
2025-07-08 10:30:00,3.080,3.090,3.070,3.070,8726000
2025-07-08 11:00:00,3.080,3.080,3.060,3.070,12479040
2025-07-08 11:30:00,3.070,3.080,3.060,3.080,2989300
2025-07-08 13:30:00,3.080,3.090,3.070,3.090,5173171
2025-07-08 14:00:00,3.090,3.090,3.070,3.090,4913360
2025-07-08 14:30:00,3.080,3.090,3.070,3.080,5117390
2025-07-08 15:00:00,3.080,3.090,3.070,3.090,9064350
2025-07-09 10:00:00,3.090,3.100,3.070,3.080,13654790
2025-07-09 10:30:00,3.090,3.090,3.080,3.090,2218830
2025-07-09 11:00:00,3.090,3.090,3.080,3.090,3914220
2025-07-09 11:30:00,3.090,3.090,3.070,3.080,7793760
2025-07-09 13:30:00,3.080,3.090,3.080,3.080,4094440
2025-07-09 14:00:00,3.080,3.090,3.080,3.090,4042390
2025-07-09 14:30:00,3.090,3.090,3.080,3.090,2946430
2025-07-09 15:00:00,3.090,3.090,3.070,3.080,9735530
2025-07-10 10:00:00,3.080,3.110,3.070,3.090,32255578
2025-07-10 10:30:00,3.100,3.110,3.090,3.100,4228300
2025-07-10 11:00:00,3.100,3.100,3.090,3.100,8968480
2025-07-10 11:30:00,3.100,3.100,3.090,3.100,1801100
2025-07-10 13:30:00,3.100,3.100,3.090,3.100,3324002
2025-07-10 14:00:00,3.100,3.110,3.090,3.110,10251088
2025-07-10 14:30:00,3.110,3.120,3.100,3.120,13659840
2025-07-10 15:00:00,3.120,3.120,3.100,3.110,5781331
2025-07-11 10:00:00,3.100,3.120,3.100,3.100,8981720
2025-07-11 10:30:00,3.110,3.120,3.100,3.120,10302032
2025-07-11 11:00:00,3.110,3.120,3.100,3.110,6805560
2025-07-11 11:30:00,3.110,3.130,3.100,3.130,12906087
2025-07-11 13:30:00,3.130,3.130,3.120,3.120,7911640
2025-07-11 14:00:00,3.120,3.130,3.120,3.120,3856280
2025-07-11 14:30:00,3.130,3.130,3.110,3.130,13260620
2025-07-11 15:00:00,3.120,3.130,3.110,3.110,11151900
2025-07-14 10:00:00,3.120,3.150,3.110,3.140,21746600
2025-07-14 10:30:00,3.140,3.140,3.120,3.120,6908900
2025-07-14 11:00:00,3.130,3.150,3.120,3.130,20307490
2025-07-14 11:30:00,3.140,3.140,3.120,3.120,6613100
2025-07-14 13:30:00,3.130,3.140,3.120,3.130,4156900
2025-07-14 14:00:00,3.140,3.140,3.120,3.120,1787870
2025-07-14 14:30:00,3.130,3.130,3.120,3.120,3236840
2025-07-14 15:00:00,3.120,3.130,3.110,3.120,14131590
2025-07-15 10:00:00,3.120,3.130,3.080,3.090,29658540
2025-07-15 10:30:00,3.100,3.100,3.070,3.100,22141870
2025-07-15 11:00:00,3.090,3.100,3.080,3.090,7105300
2025-07-15 11:30:00,3.090,3.090,3.070,3.080,6475100
2025-07-15 13:30:00,3.080,3.090,3.070,3.080,5050100
2025-07-15 14:00:00,3.090,3.090,3.070,3.080,4005000
2025-07-15 14:30:00,3.080,3.090,3.070,3.090,2951470
2025-07-15 15:00:00,3.080,3.090,3.070,3.090,7016830
2025-07-16 10:00:00,3.090,3.090,3.070,3.080,9256260
2025-07-16 10:30:00,3.080,3.090,3.080,3.090,4537700
2025-07-16 11:00:00,3.080,3.090,3.070,3.070,6994040
2025-07-16 11:30:00,3.070,3.090,3.070,3.080,6444400
2025-07-16 13:30:00,3.090,3.090,3.070,3.080,4760000
2025-07-16 14:00:00,3.080,3.090,3.070,3.080,4028200
2025-07-16 14:30:00,3.070,3.090,3.070,3.070,6633900
2025-07-16 15:00:00,3.070,3.090,3.070,3.080,7704007
2025-07-17 10:00:00,3.080,3.090,3.080,3.080,7908400
2025-07-17 10:30:00,3.090,3.090,3.070,3.080,7661100
2025-07-17 11:00:00,3.080,3.080,3.060,3.070,11236420
2025-07-17 11:30:00,3.080,3.080,3.060,3.070,4785750
2025-07-17 13:30:00,3.070,3.080,3.070,3.080,1654960
2025-07-17 14:00:00,3.080,3.080,3.060,3.070,6664900
2025-07-17 14:30:00,3.070,3.080,3.070,3.080,3985638
2025-07-17 15:00:00,3.080,3.080,3.070,3.080,6588623
2025-07-18 10:00:00,3.090,3.100,3.080,3.100,16140080
2025-07-18 10:30:00,3.100,3.100,3.080,3.100,11024900
2025-07-18 11:00:00,3.090,3.100,3.090,3.100,2904326
2025-07-18 11:30:00,3.100,3.100,3.080,3.080,5955274
2025-07-18 13:30:00,3.090,3.090,3.080,3.090,6007610
2025-07-18 14:00:00,3.090,3.090,3.080,3.080,2740000
2025-07-18 14:30:00,3.080,3.100,3.080,3.100,8476210
2025-07-18 15:00:00,3.090,3.100,3.090,3.090,7495895
2025-07-21 10:00:00,3.090,3.140,3.090,3.130,36850662
2025-07-21 10:30:00,3.140,3.140,3.120,3.120,10354120
2025-07-21 11:00:00,3.120,3.130,3.120,3.120,4244420
2025-07-21 11:30:00,3.130,3.140,3.120,3.140,10371511
2025-07-21 13:30:00,3.130,3.150,3.130,3.150,15572298
2025-07-21 14:00:00,3.150,3.150,3.130,3.130,8104700
2025-07-21 14:30:00,3.130,3.150,3.130,3.150,5823730
2025-07-21 15:00:00,3.150,3.150,3.140,3.150,11701727
2025-07-22 10:00:00,3.140,3.160,3.120,3.120,23583000
2025-07-22 10:30:00,3.120,3.140,3.120,3.130,8826530
2025-07-22 11:00:00,3.140,3.160,3.130,3.150,13890868
2025-07-22 11:30:00,3.150,3.170,3.150,3.170,13474383
2025-07-22 13:30:00,3.160,3.180,3.160,3.170,13305790
2025-07-22 14:00:00,3.180,3.190,3.160,3.170,20645874
2025-07-22 14:30:00,3.170,3.180,3.160,3.180,5854320
2025-07-22 15:00:00,3.180,3.190,3.170,3.190,15636626
2025-07-23 10:00:00,3.190,3.200,3.180,3.190,22155226
2025-07-23 10:30:00,3.190,3.190,3.160,3.170,16683470
2025-07-23 11:00:00,3.170,3.180,3.160,3.170,5192850
2025-07-23 11:30:00,3.170,3.180,3.160,3.180,9286082
2025-07-23 13:30:00,3.180,3.190,3.170,3.180,7589350
2025-07-23 14:00:00,3.180,3.190,3.170,3.180,6105900
2025-07-23 14:30:00,3.170,3.180,3.150,3.160,15234498
2025-07-23 15:00:00,3.160,3.170,3.150,3.160,11570366
2025-07-24 10:00:00,3.160,3.170,3.140,3.160,23995530
2025-07-24 10:30:00,3.160,3.170,3.150,3.150,6307400
2025-07-24 11:00:00,3.160,3.170,3.150,3.170,7775268
2025-07-24 11:30:00,3.160,3.180,3.150,3.180,14160290
2025-07-24 13:30:00,3.170,3.180,3.160,3.160,7332340
2025-07-24 14:00:00,3.160,3.170,3.160,3.170,3284340
2025-07-24 14:30:00,3.170,3.170,3.160,3.160,7462510
2025-07-24 15:00:00,3.160,3.180,3.160,3.180,9921601
2025-07-25 10:00:00,3.180,3.190,3.160,3.170,18928130
2025-07-25 10:30:00,3.170,3.180,3.160,3.170,6604210
2025-07-25 11:00:00,3.170,3.170,3.160,3.160,7015700
2025-07-25 11:30:00,3.170,3.170,3.150,3.160,10102110
2025-07-25 13:30:00,3.160,3.170,3.150,3.170,8309910
2025-07-25 14:00:00,3.170,3.170,3.150,3.160,7600977
2025-07-25 14:30:00,3.150,3.160,3.140,3.150,8808010
2025-07-25 15:00:00,3.140,3.160,3.140,3.150,10404421
2025-07-28 10:00:00,3.140,3.150,3.130,3.140,20893497
2025-07-28 10:30:00,3.140,3.150,3.130,3.140,6629100
2025-07-28 11:00:00,3.140,3.150,3.130,3.140,3360580
2025-07-28 11:30:00,3.130,3.140,3.120,3.120,13356560
2025-07-28 13:30:00,3.130,3.130,3.120,3.120,5435530
2025-07-28 14:00:00,3.120,3.130,3.110,3.130,14709680
2025-07-28 14:30:00,3.130,3.130,3.110,3.120,4990120
2025-07-28 15:00:00,3.120,3.130,3.120,3.130,7784989
2025-07-29 10:00:00,3.130,3.140,3.110,3.110,14566704
2025-07-29 10:30:00,3.110,3.120,3.100,3.100,11822500
2025-07-29 11:00:00,3.100,3.110,3.100,3.110,6672600
2025-07-29 11:30:00,3.100,3.120,3.100,3.110,7853651
2025-07-29 13:30:00,3.110,3.120,3.110,3.110,3351100
2025-07-29 14:00:00,3.120,3.130,3.110,3.120,4608830
2025-07-29 14:30:00,3.120,3.140,3.120,3.130,10315960
2025-07-29 15:00:00,3.130,3.140,3.130,3.140,6603058
2025-07-30 10:00:00,3.130,3.170,3.130,3.160,28049102
2025-07-30 10:30:00,3.150,3.160,3.140,3.160,8228580
2025-07-30 11:00:00,3.160,3.160,3.140,3.160,5556100
2025-07-30 11:30:00,3.150,3.160,3.150,3.150,4179189
2025-07-30 13:30:00,3.160,3.160,3.150,3.150,2948222
2025-07-30 14:00:00,3.150,3.160,3.130,3.130,12367880
2025-07-30 14:30:00,3.140,3.150,3.130,3.140,6923800
2025-07-30 15:00:00,3.140,3.150,3.130,3.140,7991388
2025-07-31 10:00:00,3.140,3.150,3.090,3.100,46788162
2025-07-31 10:30:00,3.090,3.100,3.080,3.080,19625226
2025-07-31 11:00:00,3.080,3.090,3.070,3.090,18125860
2025-07-31 11:30:00,3.080,3.090,3.070,3.070,4850990
2025-07-31 13:30:00,3.080,3.080,3.070,3.070,6782000
2025-07-31 14:00:00,3.080,3.090,3.060,3.080,15027557
2025-07-31 14:30:00,3.090,3.090,3.070,3.070,8287500
2025-07-31 15:00:00,3.080,3.100,3.070,3.080,17949753
2025-08-01 10:00:00,3.090,3.100,3.080,3.080,15020200
2025-08-01 10:30:00,3.090,3.110,3.080,3.100,13946892
2025-08-01 11:00:00,3.090,3.110,3.090,3.090,5719350
2025-08-01 11:30:00,3.090,3.100,3.090,3.090,1469650
2025-08-01 13:30:00,3.100,3.110,3.090,3.090,6192310
2025-08-01 14:00:00,3.090,3.100,3.090,3.100,4699220
2025-08-01 14:30:00,3.090,3.100,3.080,3.090,10998740
2025-08-01 15:00:00,3.090,3.100,3.080,3.090,6889358
2025-08-04 10:00:00,3.080,3.090,3.070,3.080,12436200
2025-08-04 10:30:00,3.070,3.090,3.070,3.070,9212838
2025-08-04 11:00:00,3.080,3.080,3.070,3.080,7463210
2025-08-04 11:30:00,3.070,3.080,3.070,3.070,2912600
2025-08-04 13:30:00,3.080,3.080,3.060,3.060,7487250
2025-08-04 14:00:00,3.060,3.070,3.060,3.060,4411100
2025-08-04 14:30:00,3.070,3.090,3.060,3.080,12421690
2025-08-04 15:00:00,3.090,3.090,3.080,3.080,7095240
2025-08-05 10:00:00,3.090,3.100,3.080,3.100,13109747
2025-08-05 10:30:00,3.100,3.100,3.090,3.090,2755850
2025-08-05 11:00:00,3.100,3.100,3.090,3.090,4941880
2025-08-05 11:30:00,3.100,3.100,3.090,3.090,2927840
2025-08-05 13:30:00,3.090,3.100,3.090,3.090,2910820
2025-08-05 14:00:00,3.090,3.100,3.090,3.090,1992240
2025-08-05 14:30:00,3.100,3.100,3.090,3.090,3268900
2025-08-05 15:00:00,3.090,3.100,3.090,3.100,6930980
2025-08-06 10:00:00,3.100,3.110,3.070,3.090,17905300
2025-08-06 10:30:00,3.080,3.090,3.080,3.090,4435160
2025-08-06 11:00:00,3.080,3.100,3.080,3.100,7242498
2025-08-06 11:30:00,3.090,3.100,3.080,3.080,3247995
2025-08-06 13:30:00,3.080,3.100,3.080,3.090,3735410
2025-08-06 14:00:00,3.090,3.100,3.080,3.100,2903070
2025-08-06 14:30:00,3.090,3.100,3.090,3.100,2813480
2025-08-06 15:00:00,3.100,3.100,3.090,3.100,6877610
2025-08-07 10:00:00,3.100,3.110,3.090,3.100,6776780
2025-08-07 10:30:00,3.090,3.100,3.080,3.080,5699400
2025-08-07 11:00:00,3.080,3.100,3.080,3.080,7846030
2025-08-07 11:30:00,3.090,3.100,3.080,3.100,1734610
2025-08-07 13:30:00,3.100,3.100,3.080,3.090,4615050
2025-08-07 14:00:00,3.090,3.100,3.080,3.090,4083700
2025-08-07 14:30:00,3.090,3.100,3.080,3.090,2624990
2025-08-07 15:00:00,3.090,3.100,3.080,3.090,4639710
2025-08-08 10:00:00,3.090,3.120,3.080,3.100,26685350
2025-08-08 10:30:00,3.110,3.120,3.100,3.110,7260920
2025-08-08 11:00:00,3.100,3.110,3.100,3.110,2021470
2025-08-08 11:30:00,3.100,3.110,3.100,3.100,1187220
2025-08-08 13:30:00,3.110,3.110,3.100,3.110,6983110
2025-08-08 14:00:00,3.110,3.120,3.100,3.100,7116970
2025-08-08 14:30:00,3.100,3.120,3.100,3.110,5275400
2025-08-08 15:00:00,3.110,3.110,3.100,3.110,3996560
2025-08-11 10:00:00,3.110,3.120,3.080,3.090,25968540
2025-08-11 10:30:00,3.090,3.100,3.080,3.100,13861164
2025-08-11 11:00:00,3.100,3.100,3.090,3.090,1859610
2025-08-11 11:30:00,3.090,3.110,3.090,3.090,8502850
2025-08-11 13:30:00,3.100,3.100,3.090,3.090,4460530
2025-08-11 14:00:00,3.100,3.110,3.090,3.110,4594950
2025-08-11 14:30:00,3.110,3.110,3.090,3.100,6404350
2025-08-11 15:00:00,3.100,3.110,3.090,3.100,6805675
2025-08-12 10:00:00,3.100,3.110,3.090,3.110,6930520
2025-08-12 10:30:00,3.110,3.110,3.090,3.100,14229330
2025-08-12 11:00:00,3.100,3.100,3.090,3.090,3989780
2025-08-12 11:30:00,3.100,3.100,3.090,3.100,3371320
2025-08-12 13:30:00,3.100,3.100,3.090,3.100,3116500
2025-08-12 14:00:00,3.100,3.100,3.090,3.100,2504480
2025-08-12 14:30:00,3.090,3.100,3.090,3.090,3560270
2025-08-12 15:00:00,3.090,3.100,3.090,3.100,7302350
2025-08-13 10:00:00,3.100,3.110,3.090,3.100,11915610
2025-08-13 10:30:00,3.090,3.100,3.090,3.100,5730000
2025-08-13 11:00:00,3.100,3.100,3.090,3.100,6083890
2025-08-13 11:30:00,3.090,3.110,3.090,3.110,11369610
2025-08-13 13:30:00,3.110,3.110,3.100,3.110,4802750
2025-08-13 14:00:00,3.100,3.110,3.100,3.110,2141283
2025-08-13 14:30:00,3.100,3.110,3.100,3.110,6349750
2025-08-13 15:00:00,3.110,3.110,3.100,3.110,7551430
2025-08-14 10:00:00,3.110,3.130,3.100,3.120,23303238
2025-08-14 10:30:00,3.120,3.130,3.120,3.130,6452690
2025-08-14 11:00:00,3.130,3.130,3.110,3.120,12086712
2025-08-14 11:30:00,3.120,3.130,3.110,3.120,4928700
2025-08-14 13:30:00,3.120,3.120,3.090,3.090,20947749
2025-08-14 14:00:00,3.090,3.100,3.090,3.090,5851550
2025-08-14 14:30:00,3.090,3.110,3.090,3.110,8183710
2025-08-14 15:00:00,3.100,3.120,3.100,3.110,10480660
2025-08-15 10:00:00,3.100,3.120,3.090,3.120,18831910
2025-08-15 10:30:00,3.110,3.120,3.100,3.110,7885030
2025-08-15 11:00:00,3.110,3.120,3.100,3.120,6202754
2025-08-15 11:30:00,3.110,3.130,3.110,3.120,10800060
2025-08-15 13:30:00,3.130,3.130,3.120,3.120,9576500
2025-08-15 14:00:00,3.130,3.140,3.120,3.140,19151020
2025-08-15 14:30:00,3.140,3.150,3.130,3.130,7536420
2025-08-15 15:00:00,3.140,3.140,3.130,3.140,8329600
2025-08-18 10:00:00,3.140,3.160,3.130,3.150,19666940
2025-08-18 10:30:00,3.150,3.160,3.140,3.160,16249434
2025-08-18 11:00:00,3.160,3.160,3.140,3.150,7326020
2025-08-18 11:30:00,3.160,3.160,3.150,3.160,4610400
2025-08-18 13:30:00,3.160,3.170,3.150,3.160,11482913
2025-08-18 14:00:00,3.150,3.160,3.140,3.150,7804290
2025-08-18 14:30:00,3.150,3.150,3.140,3.150,6771350
2025-08-18 15:00:00,3.150,3.150,3.140,3.140,9868060
2025-08-19 10:00:00,3.150,3.150,3.130,3.140,13805590
2025-08-19 10:30:00,3.140,3.140,3.130,3.130,5378542
2025-08-19 11:00:00,3.130,3.140,3.120,3.130,9286290
2025-08-19 11:30:00,3.140,3.140,3.130,3.140,3724930
2025-08-19 13:30:00,3.140,3.140,3.130,3.130,5458752
2025-08-19 14:00:00,3.140,3.140,3.120,3.130,6462690
2025-08-19 14:30:00,3.130,3.130,3.120,3.130,5506900
2025-08-19 15:00:00,3.130,3.130,3.120,3.130,9865308
2025-08-20 10:00:00,3.130,3.130,3.110,3.120,11718438
2025-08-20 10:30:00,3.120,3.130,3.110,3.120,6649208
2025-08-20 11:00:00,3.120,3.130,3.110,3.120,6096200
2025-08-20 11:30:00,3.120,3.130,3.110,3.110,5019960
2025-08-20 13:30:00,3.120,3.130,3.110,3.120,5556340
2025-08-20 14:00:00,3.110,3.130,3.110,3.120,4740250
2025-08-20 14:30:00,3.120,3.130,3.110,3.130,3002640
2025-08-20 15:00:00,3.120,3.140,3.120,3.140,13881356
2025-08-21 10:00:00,3.140,3.160,3.140,3.140,14362049
2025-08-21 10:30:00,3.140,3.150,3.140,3.150,4591770
2025-08-21 11:00:00,3.140,3.160,3.140,3.160,8917230
2025-08-21 11:30:00,3.150,3.160,3.140,3.160,8150890
2025-08-21 13:30:00,3.150,3.170,3.150,3.160,14294572
2025-08-21 14:00:00,3.170,3.170,3.150,3.160,7971580
2025-08-21 14:30:00,3.150,3.160,3.150,3.160,3718220
2025-08-21 15:00:00,3.160,3.160,3.140,3.160,9397838
2025-08-22 10:00:00,3.160,3.170,3.140,3.150,21713618
2025-08-22 10:30:00,3.150,3.150,3.130,3.140,22798142
2025-08-22 11:00:00,3.140,3.150,3.130,3.140,8008903
2025-08-22 11:30:00,3.140,3.150,3.130,3.150,7442950
2025-08-22 13:30:00,3.140,3.150,3.140,3.150,3088390
2025-08-22 14:00:00,3.140,3.160,3.140,3.160,8069782
2025-08-22 14:30:00,3.150,3.170,3.150,3.170,11314750
2025-08-22 15:00:00,3.170,3.190,3.160,3.190,39919931
2025-08-25 10:00:00,3.190,3.200,3.180,3.180,21474070
2025-08-25 10:30:00,3.190,3.200,3.180,3.200,15316045
2025-08-25 11:00:00,3.200,3.200,3.180,3.190,12290900
2025-08-25 11:30:00,3.200,3.200,3.180,3.190,8412500
2025-08-25 13:30:00,3.180,3.200,3.180,3.190,10759490
2025-08-25 14:00:00,3.190,3.190,3.170,3.190,8007388
2025-08-25 14:30:00,3.180,3.190,3.170,3.190,6162382
2025-08-25 15:00:00,3.190,3.200,3.180,3.190,11446682
2025-08-26 10:00:00,3.190,3.240,3.180,3.220,42647989
2025-08-26 10:30:00,3.230,3.230,3.200,3.210,19201800
2025-08-26 11:00:00,3.210,3.220,3.200,3.210,9532000
2025-08-26 11:30:00,3.210,3.220,3.200,3.220,3282230
2025-08-26 13:30:00,3.220,3.220,3.210,3.220,3000834
2025-08-26 14:00:00,3.220,3.220,3.200,3.220,10175886
2025-08-26 14:30:00,3.220,3.230,3.210,3.230,12625100
2025-08-26 15:00:00,3.230,3.230,3.210,3.220,15475055
2025-08-27 10:00:00,3.220,3.230,3.200,3.200,16044460
2025-08-27 10:30:00,3.200,3.210,3.190,3.200,11541760
2025-08-27 11:00:00,3.200,3.200,3.180,3.200,14319922
2025-08-27 11:30:00,3.190,3.200,3.190,3.200,9411380
2025-08-27 13:30:00,3.190,3.200,3.180,3.180,8602370
2025-08-27 14:00:00,3.180,3.190,3.160,3.160,16442478
2025-08-27 14:30:00,3.160,3.170,3.150,3.150,12029600
2025-08-27 15:00:00,3.150,3.160,3.130,3.140,19918960
2025-08-28 10:00:00,3.140,3.160,3.130,3.130,21342410
2025-08-28 10:30:00,3.130,3.140,3.120,3.130,14854040
2025-08-28 11:00:00,3.140,3.150,3.130,3.150,9236500
2025-08-28 11:30:00,3.140,3.150,3.120,3.120,8389762
2025-08-28 13:30:00,3.120,3.130,3.110,3.110,13519111
2025-08-28 14:00:00,3.120,3.120,3.100,3.110,11565400
2025-08-28 14:30:00,3.120,3.140,3.110,3.140,11510548
2025-08-28 15:00:00,3.130,3.150,3.130,3.150,11173195
2025-08-29 10:00:00,3.150,3.180,3.140,3.170,33878750
2025-08-29 10:30:00,3.160,3.180,3.150,3.160,11209680
2025-08-29 11:00:00,3.150,3.160,3.130,3.130,10790890
2025-08-29 11:30:00,3.130,3.140,3.120,3.120,9749904
2025-08-29 13:30:00,3.130,3.140,3.120,3.120,4706578
2025-08-29 14:00:00,3.120,3.140,3.120,3.140,5397180
2025-08-29 14:30:00,3.140,3.140,3.120,3.130,5502520
2025-08-29 15:00:00,3.120,3.140,3.120,3.130,9358700
2025-09-01 10:00:00,3.130,3.140,3.100,3.130,35682402
2025-09-01 10:30:00,3.130,3.150,3.120,3.140,15844893
2025-09-01 11:00:00,3.140,3.150,3.130,3.130,9046640
2025-09-01 11:30:00,3.140,3.150,3.130,3.130,5856600
2025-09-01 13:30:00,3.130,3.140,3.120,3.130,7071260
2025-09-01 14:00:00,3.130,3.140,3.130,3.140,7368500
2025-09-01 14:30:00,3.140,3.150,3.130,3.140,8140520
2025-09-01 15:00:00,3.140,3.150,3.140,3.140,7205171
2025-09-02 10:00:00,3.140,3.190,3.130,3.160,60856981
2025-09-02 10:30:00,3.170,3.170,3.150,3.160,14584309
2025-09-02 11:00:00,3.170,3.170,3.140,3.150,8450200
2025-09-02 11:30:00,3.150,3.170,3.140,3.170,13807025
2025-09-02 13:30:00,3.170,3.180,3.140,3.150,20616892
2025-09-02 14:00:00,3.150,3.170,3.140,3.160,8771250
2025-09-02 14:30:00,3.160,3.180,3.150,3.170,13909090
2025-09-02 15:00:00,3.160,3.180,3.160,3.170,9143580
2025-09-03 10:00:00,3.180,3.180,3.130,3.130,20677200
2025-09-03 10:30:00,3.140,3.140,3.120,3.130,14854500
2025-09-03 11:00:00,3.120,3.140,3.120,3.140,12878240
2025-09-03 11:30:00,3.140,3.140,3.120,3.120,10686030
2025-09-03 13:30:00,3.130,3.140,3.120,3.140,5291790
2025-09-03 14:00:00,3.130,3.140,3.120,3.140,11441407
2025-09-03 14:30:00,3.130,3.140,3.120,3.130,4967833
2025-09-03 15:00:00,3.130,3.140,3.120,3.130,8576304
2025-09-04 10:00:00,3.140,3.140,3.100,3.120,23258340
2025-09-04 10:30:00,3.110,3.120,3.110,3.120,5271467
2025-09-04 11:00:00,3.110,3.120,3.100,3.110,10614218
2025-09-04 11:30:00,3.110,3.120,3.110,3.120,4195990
2025-09-04 13:30:00,3.110,3.160,3.110,3.150,28142215
2025-09-04 14:00:00,3.150,3.170,3.140,3.160,17924700
2025-09-04 14:30:00,3.160,3.160,3.140,3.150,18259650
2025-09-04 15:00:00,3.150,3.170,3.140,3.170,23872196
2025-09-05 10:00:00,3.160,3.170,3.110,3.120,36710880
2025-09-05 10:30:00,3.130,3.130,3.110,3.120,14222280
2025-09-05 11:00:00,3.130,3.130,3.110,3.130,13992179
2025-09-05 11:30:00,3.120,3.130,3.110,3.120,9888340
2025-09-05 13:30:00,3.120,3.130,3.110,3.120,7556820
2025-09-05 14:00:00,3.120,3.130,3.110,3.120,6861490
2025-09-05 14:30:00,3.130,3.140,3.120,3.140,15208632
2025-09-05 15:00:00,3.140,3.140,3.120,3.130,12995610
2025-09-08 10:00:00,3.130,3.170,3.120,3.150,46550732
2025-09-08 10:30:00,3.150,3.160,3.140,3.160,10788030
2025-09-08 11:00:00,3.150,3.170,3.150,3.150,14979200
2025-09-08 11:30:00,3.150,3.160,3.140,3.140,10441990
2025-09-08 13:30:00,3.150,3.150,3.140,3.150,4394130
2025-09-08 14:00:00,3.150,3.150,3.140,3.150,3986792
2025-09-08 14:30:00,3.150,3.150,3.140,3.140,9087030
2025-09-08 15:00:00,3.150,3.150,3.140,3.140,6240700
2025-09-09 10:00:00,3.150,3.150,3.130,3.140,11496550
2025-09-09 10:30:00,3.130,3.150,3.130,3.140,6315685
2025-09-09 11:00:00,3.140,3.150,3.140,3.140,3890040
2025-09-09 11:30:00,3.150,3.150,3.130,3.140,8474680
2025-09-09 13:30:00,3.130,3.140,3.110,3.120,18881070
2025-09-09 14:00:00,3.120,3.140,3.120,3.140,8482801
2025-09-09 14:30:00,3.130,3.140,3.130,3.130,4883740
2025-09-09 15:00:00,3.130,3.140,3.130,3.140,5905820
2025-09-10 10:00:00,3.130,3.140,3.120,3.120,13283660
2025-09-10 10:30:00,3.120,3.130,3.110,3.120,14593190
2025-09-10 11:00:00,3.120,3.130,3.110,3.130,8572228
2025-09-10 11:30:00,3.120,3.130,3.110,3.130,4177320
2025-09-10 13:30:00,3.130,3.130,3.110,3.120,7368070
2025-09-10 14:00:00,3.120,3.130,3.110,3.130,4027324
2025-09-10 14:30:00,3.130,3.140,3.120,3.120,8410621
2025-09-10 15:00:00,3.130,3.140,3.120,3.120,4976350
2025-09-11 10:00:00,3.130,3.130,3.110,3.120,11383351
2025-09-11 10:30:00,3.120,3.130,3.110,3.120,6055680
2025-09-11 11:00:00,3.110,3.120,3.110,3.120,12432000
2025-09-11 11:30:00,3.110,3.130,3.110,3.120,11279740
2025-09-11 13:30:00,3.130,3.140,3.120,3.140,12702611
2025-09-11 14:00:00,3.140,3.140,3.130,3.140,4311110
2025-09-11 14:30:00,3.140,3.150,3.130,3.150,11541386
2025-09-11 15:00:00,3.150,3.160,3.140,3.150,17205938
2025-09-12 10:00:00,3.150,3.160,3.140,3.140,19311810
2025-09-12 10:30:00,3.150,3.160,3.140,3.150,15276020
2025-09-12 11:00:00,3.160,3.160,3.140,3.150,22705399
2025-09-12 11:30:00,3.150,3.170,3.140,3.170,19102856
2025-09-12 13:30:00,3.170,3.200,3.160,3.170,35543483
2025-09-12 14:00:00,3.180,3.180,3.170,3.170,4705756
2025-09-12 14:30:00,3.170,3.180,3.150,3.150,18213690
2025-09-12 15:00:00,3.160,3.170,3.150,3.160,10719550
2025-09-15 10:00:00,3.180,3.220,3.170,3.180,60523704
2025-09-15 10:30:00,3.180,3.190,3.160,3.180,16875310
2025-09-15 11:00:00,3.190,3.220,3.180,3.220,26129682
2025-09-15 11:30:00,3.220,3.300,3.210,3.290,85819589
2025-09-15 13:30:00,3.290,3.320,3.240,3.250,57137129
2025-09-15 14:00:00,3.250,3.280,3.240,3.260,13581480
2025-09-15 14:30:00,3.260,3.280,3.260,3.260,11798671
2025-09-15 15:00:00,3.270,3.280,3.260,3.270,15679889
2025-09-16 10:00:00,3.270,3.300,3.230,3.230,48174397
2025-09-16 10:30:00,3.230,3.240,3.210,3.220,21843863
2025-09-16 11:00:00,3.220,3.230,3.200,3.200,14924114
2025-09-16 11:30:00,3.210,3.240,3.200,3.230,9080470
2025-09-16 13:30:00,3.220,3.240,3.210,3.210,11305300
2025-09-16 14:00:00,3.220,3.220,3.200,3.210,8206022
2025-09-16 14:30:00,3.210,3.250,3.210,3.240,16545123
2025-09-16 15:00:00,3.230,3.250,3.230,3.240,11089755
2025-09-17 10:00:00,3.240,3.250,3.220,3.240,30564922
2025-09-17 10:30:00,3.250,3.280,3.230,3.270,26818317
2025-09-17 11:00:00,3.270,3.300,3.260,3.290,32887755
2025-09-17 11:30:00,3.280,3.290,3.270,3.270,7638050
2025-09-17 13:30:00,3.270,3.290,3.270,3.280,12019332
2025-09-17 14:00:00,3.280,3.290,3.270,3.290,7339410
2025-09-17 14:30:00,3.280,3.310,3.270,3.310,24068668
2025-09-17 15:00:00,3.310,3.330,3.290,3.330,32949076
2025-09-18 10:00:00,3.310,3.320,3.280,3.290,36101080
2025-09-18 10:30:00,3.290,3.330,3.280,3.290,26205565
2025-09-18 11:00:00,3.280,3.290,3.270,3.280,17537325
2025-09-18 11:30:00,3.270,3.280,3.260,3.270,12336980
2025-09-18 13:30:00,3.270,3.280,3.260,3.260,14504572
2025-09-18 14:00:00,3.260,3.270,3.250,3.260,13698300
2025-09-18 14:30:00,3.260,3.260,3.230,3.240,24436526
2025-09-18 15:00:00,3.230,3.250,3.220,3.240,24755042
2025-09-19 10:00:00,3.250,3.280,3.210,3.220,42951910
2025-09-19 10:30:00,3.210,3.220,3.200,3.210,17245879
2025-09-19 11:00:00,3.210,3.210,3.190,3.190,12638721
2025-09-19 11:30:00,3.190,3.210,3.180,3.200,14256700
2025-09-19 13:30:00,3.200,3.210,3.190,3.190,9665900
2025-09-19 14:00:00,3.190,3.200,3.180,3.180,9212810
2025-09-19 14:30:00,3.190,3.200,3.180,3.190,3865335
2025-09-19 15:00:00,3.190,3.200,3.180,3.190,13984300
2025-09-22 10:00:00,3.190,3.190,3.150,3.160,23197870
2025-09-22 10:30:00,3.150,3.170,3.150,3.160,14325310
2025-09-22 11:00:00,3.160,3.170,3.150,3.170,7451000
2025-09-22 11:30:00,3.170,3.170,3.150,3.160,6304200
2025-09-22 13:30:00,3.160,3.170,3.160,3.170,1821900
2025-09-22 14:00:00,3.170,3.170,3.150,3.150,8538460
2025-09-22 14:30:00,3.150,3.170,3.150,3.160,6968380
2025-09-22 15:00:00,3.170,3.170,3.160,3.160,5667750
2025-09-23 10:00:00,3.160,3.190,3.140,3.170,24189500
2025-09-23 10:30:00,3.160,3.170,3.140,3.150,11142400
2025-09-23 11:00:00,3.140,3.160,3.140,3.150,8175940
2025-09-23 11:30:00,3.150,3.160,3.140,3.150,7062862
2025-09-23 13:30:00,3.150,3.160,3.140,3.150,8149434
2025-09-23 14:00:00,3.160,3.180,3.140,3.180,13996040
2025-09-23 14:30:00,3.170,3.190,3.160,3.190,13398100
2025-09-23 15:00:00,3.180,3.200,3.180,3.200,10708891
2025-09-24 10:00:00,3.180,3.210,3.170,3.190,17876311
2025-09-24 10:30:00,3.200,3.200,3.170,3.180,9521722
2025-09-24 11:00:00,3.180,3.190,3.170,3.180,4822800
2025-09-24 11:30:00,3.180,3.190,3.170,3.180,4208311
2025-09-24 13:30:00,3.170,3.190,3.170,3.180,6435000
2025-09-24 14:00:00,3.170,3.200,3.170,3.190,7395300
2025-09-24 14:30:00,3.180,3.190,3.180,3.190,4053660
2025-09-24 15:00:00,3.180,3.200,3.180,3.200,12186397
2025-09-25 10:00:00,3.200,3.200,3.160,3.160,21450152
2025-09-25 10:30:00,3.160,3.170,3.150,3.170,15411930
2025-09-25 11:00:00,3.160,3.170,3.150,3.160,6131500
2025-09-25 11:30:00,3.160,3.170,3.160,3.160,1898030
2025-09-25 13:30:00,3.170,3.170,3.150,3.150,6790700
2025-09-25 14:00:00,3.160,3.170,3.150,3.160,5456470
2025-09-25 14:30:00,3.160,3.170,3.160,3.160,2949190
2025-09-25 15:00:00,3.160,3.170,3.150,3.160,10403600
2025-09-26 10:00:00,3.160,3.180,3.150,3.170,13143020
2025-09-26 10:30:00,3.170,3.180,3.160,3.180,6971380
2025-09-26 11:00:00,3.180,3.180,3.170,3.170,4497000
2025-09-26 11:30:00,3.180,3.190,3.170,3.190,8271812
2025-09-26 13:30:00,3.190,3.190,3.170,3.180,5992930
2025-09-26 14:00:00,3.190,3.200,3.180,3.190,13831600
2025-09-26 14:30:00,3.190,3.210,3.180,3.200,17578323
2025-09-26 15:00:00,3.200,3.200,3.180,3.190,10342840
2025-09-29 10:00:00,3.190,3.200,3.160,3.200,18252082
2025-09-29 10:30:00,3.190,3.200,3.180,3.200,8330300
2025-09-29 11:00:00,3.200,3.200,3.170,3.180,8364200
2025-09-29 11:30:00,3.170,3.190,3.170,3.180,4767640
2025-09-29 13:30:00,3.180,3.190,3.170,3.170,6347422
2025-09-29 14:00:00,3.170,3.200,3.170,3.190,11480805
2025-09-29 14:30:00,3.190,3.200,3.180,3.190,9455930
2025-09-29 15:00:00,3.190,3.190,3.170,3.190,9821889
2025-09-30 10:00:00,3.190,3.200,3.160,3.190,24118601
2025-09-30 10:30:00,3.190,3.200,3.180,3.190,8533209
2025-09-30 11:00:00,3.180,3.190,3.170,3.180,9680080
2025-09-30 11:30:00,3.190,3.190,3.170,3.190,2734500
2025-09-30 13:30:00,3.190,3.190,3.180,3.180,4692660
2025-09-30 14:00:00,3.190,3.190,3.180,3.180,3240600
2025-09-30 14:30:00,3.190,3.190,3.180,3.190,2902200
2025-09-30 15:00:00,3.180,3.190,3.170,3.180,12391427
2025-10-09 10:00:00,3.180,3.240,3.170,3.220,41960150
2025-10-09 10:30:00,3.220,3.260,3.220,3.240,26224640
2025-10-09 11:00:00,3.240,3.250,3.230,3.240,10268920
2025-10-09 11:30:00,3.240,3.250,3.240,3.240,5037710
2025-10-09 13:30:00,3.240,3.250,3.230,3.240,8306293
2025-10-09 14:00:00,3.240,3.250,3.240,3.250,5292210
2025-10-09 14:30:00,3.240,3.260,3.230,3.260,15590673
2025-10-09 15:00:00,3.250,3.280,3.250,3.270,19606498
2025-10-10 10:00:00,3.260,3.300,3.250,3.280,36784549
2025-10-10 10:30:00,3.280,3.310,3.270,3.300,26008158
2025-10-10 11:00:00,3.290,3.320,3.290,3.300,16602670
2025-10-10 11:30:00,3.300,3.310,3.290,3.300,6483441
2025-10-10 13:30:00,3.300,3.310,3.290,3.300,15464781
2025-10-10 14:00:00,3.290,3.310,3.290,3.290,11220030
2025-10-10 14:30:00,3.290,3.310,3.280,3.290,13106350
2025-10-10 15:00:00,3.290,3.300,3.280,3.300,13113280
2025-10-13 10:00:00,3.250,3.270,3.220,3.240,37866810
2025-10-13 10:30:00,3.240,3.280,3.230,3.280,13456594
2025-10-13 11:00:00,3.280,3.310,3.270,3.290,22582729
2025-10-13 11:30:00,3.280,3.290,3.270,3.270,7615650
2025-10-13 13:30:00,3.280,3.300,3.270,3.300,8857068
2025-10-13 14:00:00,3.300,3.310,3.290,3.310,14640500
2025-10-13 14:30:00,3.300,3.320,3.290,3.320,13215792
2025-10-13 15:00:00,3.310,3.330,3.310,3.320,18138789
2025-10-14 10:00:00,3.320,3.340,3.300,3.340,33385310
2025-10-14 10:30:00,3.330,3.350,3.320,3.330,16086230
2025-10-14 11:00:00,3.330,3.340,3.310,3.320,15257570
2025-10-14 11:30:00,3.320,3.350,3.320,3.350,16689773
2025-10-14 13:30:00,3.350,3.350,3.320,3.350,15654447
2025-10-14 14:00:00,3.340,3.350,3.330,3.330,9843720
2025-10-14 14:30:00,3.330,3.340,3.310,3.330,16739776
2025-10-14 15:00:00,3.320,3.340,3.310,3.330,19850399
2025-10-15 10:00:00,3.320,3.350,3.310,3.320,19156800
2025-10-15 10:30:00,3.320,3.340,3.300,3.330,28975545
2025-10-15 11:00:00,3.320,3.330,3.300,3.320,11743415
2025-10-15 11:30:00,3.320,3.330,3.300,3.300,10560750
2025-10-15 13:30:00,3.310,3.310,3.290,3.300,12604235
2025-10-15 14:00:00,3.300,3.330,3.290,3.320,12605150
2025-10-15 14:30:00,3.330,3.330,3.320,3.330,3755930
2025-10-15 15:00:00,3.330,3.330,3.320,3.320,9116611
2025-10-16 10:00:00,3.330,3.370,3.300,3.340,42002500
2025-10-16 10:30:00,3.340,3.340,3.320,3.330,7378760
2025-10-16 11:00:00,3.330,3.340,3.320,3.330,5159917
2025-10-16 11:30:00,3.330,3.340,3.320,3.320,4321270
2025-10-16 13:30:00,3.320,3.330,3.300,3.310,9874400
2025-10-16 14:00:00,3.310,3.330,3.310,3.320,8489510
2025-10-16 14:30:00,3.320,3.330,3.310,3.320,4651160
2025-10-16 15:00:00,3.330,3.330,3.310,3.330,10316222
2025-10-17 10:00:00,3.330,3.340,3.310,3.310,14600320
2025-10-17 10:30:00,3.310,3.330,3.300,3.320,14320512
2025-10-17 11:00:00,3.320,3.340,3.310,3.340,9213383
2025-10-17 11:30:00,3.330,3.340,3.320,3.330,8286460
2025-10-17 13:30:00,3.320,3.330,3.300,3.320,10728200
2025-10-17 14:00:00,3.310,3.320,3.300,3.310,9518390
2025-10-17 14:30:00,3.310,3.320,3.290,3.300,10733680
2025-10-17 15:00:00,3.310,3.310,3.290,3.310,13281630
2025-10-20 10:00:00,3.310,3.320,3.270,3.280,26463830
2025-10-20 10:30:00,3.280,3.280,3.250,3.270,19764790
2025-10-20 11:00:00,3.270,3.290,3.270,3.280,8006860
2025-10-20 11:30:00,3.280,3.310,3.280,3.310,10478200
2025-10-20 13:30:00,3.300,3.310,3.290,3.310,6273080
2025-10-20 14:00:00,3.300,3.310,3.290,3.310,4884150
2025-10-20 14:30:00,3.310,3.310,3.290,3.310,6700402
2025-10-20 15:00:00,3.310,3.310,3.290,3.310,7723010
2025-10-21 10:00:00,3.310,3.340,3.300,3.320,21998203
2025-10-21 10:30:00,3.330,3.340,3.320,3.320,9525560
2025-10-21 11:00:00,3.320,3.330,3.310,3.330,14178572
2025-10-21 11:30:00,3.330,3.340,3.320,3.340,6798872
2025-10-21 13:30:00,3.330,3.370,3.330,3.350,24266950
2025-10-21 14:00:00,3.340,3.350,3.330,3.340,5968200
2025-10-21 14:30:00,3.350,3.350,3.330,3.340,9420830
2025-10-21 15:00:00,3.340,3.350,3.330,3.330,8685750
2025-10-22 10:00:00,3.350,3.380,3.340,3.370,29970200
2025-10-22 10:30:00,3.370,3.370,3.340,3.360,8565540
2025-10-22 11:00:00,3.360,3.360,3.340,3.340,3702743
2025-10-22 11:30:00,3.350,3.350,3.330,3.340,6306517
2025-10-22 13:30:00,3.340,3.350,3.330,3.340,4326290
2025-10-22 14:00:00,3.340,3.350,3.330,3.340,9288512
2025-10-22 14:30:00,3.340,3.360,3.340,3.360,6949027
2025-10-22 15:00:00,3.350,3.360,3.340,3.340,13214775
2025-10-23 10:00:00,3.350,3.370,3.340,3.360,19457114
2025-10-23 10:30:00,3.360,3.360,3.340,3.350,10796960
2025-10-23 11:00:00,3.350,3.370,3.340,3.360,18786240
2025-10-23 11:30:00,3.370,3.380,3.360,3.360,17390700
2025-10-23 13:30:00,3.360,3.380,3.360,3.370,15652363
2025-10-23 14:00:00,3.370,3.380,3.360,3.370,8881332
2025-10-23 14:30:00,3.370,3.400,3.370,3.380,23683854
2025-10-23 15:00:00,3.390,3.400,3.380,3.390,18358860
2025-10-24 10:00:00,3.390,3.400,3.340,3.340,46027074
2025-10-24 10:30:00,3.340,3.350,3.330,3.330,14838840
2025-10-24 11:00:00,3.330,3.340,3.320,3.320,13128500
2025-10-24 11:30:00,3.330,3.340,3.310,3.340,12353700
2025-10-24 13:30:00,3.340,3.340,3.320,3.330,5507860
2025-10-24 14:00:00,3.340,3.340,3.330,3.330,4479260
2025-10-24 14:30:00,3.340,3.340,3.320,3.330,5380400
2025-10-24 15:00:00,3.340,3.340,3.320,3.330,10950532
2025-10-27 10:00:00,3.330,3.340,3.300,3.330,27441820
2025-10-27 10:30:00,3.340,3.350,3.320,3.330,11593946
2025-10-27 11:00:00,3.330,3.360,3.330,3.350,10214880
2025-10-27 11:30:00,3.340,3.350,3.340,3.350,3171100
2025-10-27 13:30:00,3.350,3.350,3.320,3.320,10072540
2025-10-27 14:00:00,3.320,3.330,3.310,3.320,12762290
2025-10-27 14:30:00,3.320,3.320,3.300,3.310,9936490
2025-10-27 15:00:00,3.320,3.320,3.300,3.310,10816820
2025-10-28 10:00:00,3.310,3.320,3.290,3.300,17144641
2025-10-28 10:30:00,3.290,3.300,3.280,3.290,14749886
2025-10-28 11:00:00,3.290,3.300,3.280,3.290,6131990
2025-10-28 11:30:00,3.290,3.300,3.280,3.290,7201223
2025-10-28 13:30:00,3.300,3.310,3.290,3.290,6813577
2025-10-28 14:00:00,3.300,3.300,3.280,3.280,9782170
2025-10-28 14:30:00,3.280,3.290,3.280,3.280,7137593
2025-10-28 15:00:00,3.280,3.300,3.280,3.300,7354270
2025-10-29 10:00:00,3.300,3.300,3.260,3.260,23920100
2025-10-29 10:30:00,3.260,3.290,3.260,3.280,8215160
2025-10-29 11:00:00,3.280,3.290,3.270,3.270,7798243
2025-10-29 11:30:00,3.270,3.300,3.270,3.290,7215148
2025-10-29 13:30:00,3.300,3.300,3.280,3.280,5000765
2025-10-29 14:00:00,3.280,3.300,3.280,3.280,4577600
2025-10-29 14:30:00,3.290,3.300,3.280,3.300,4983590
2025-10-29 15:00:00,3.300,3.300,3.290,3.300,5103110
2025-10-30 10:00:00,3.280,3.310,3.280,3.290,21247300
2025-10-30 10:30:00,3.290,3.300,3.280,3.300,8203760
2025-10-30 11:00:00,3.300,3.300,3.280,3.290,6320400
2025-10-30 11:30:00,3.290,3.300,3.280,3.300,4282000
2025-10-30 13:30:00,3.290,3.300,3.260,3.280,22954740
2025-10-30 14:00:00,3.290,3.300,3.280,3.290,8011360
2025-10-30 14:30:00,3.280,3.300,3.280,3.290,3344140
2025-10-30 15:00:00,3.290,3.290,3.270,3.280,11952150
2025-10-31 10:00:00,3.260,3.260,3.210,3.220,56773870
2025-10-31 10:30:00,3.220,3.230,3.200,3.210,28998930
2025-10-31 11:00:00,3.220,3.220,3.200,3.210,13996730
2025-10-31 11:30:00,3.200,3.210,3.190,3.190,14324620
2025-10-31 13:30:00,3.200,3.200,3.180,3.190,20677490
2025-10-31 14:00:00,3.190,3.200,3.170,3.180,16115840
2025-10-31 14:30:00,3.190,3.200,3.180,3.190,8638472
2025-10-31 15:00:00,3.190,3.210,3.190,3.190,23356000
2025-11-03 10:00:00,3.190,3.220,3.190,3.200,20748300
2025-11-03 10:30:00,3.190,3.200,3.190,3.190,6000823
2025-11-03 11:00:00,3.200,3.200,3.190,3.190,6448200
2025-11-03 11:30:00,3.190,3.200,3.180,3.190,11520800
2025-11-03 13:30:00,3.190,3.200,3.180,3.190,6102790
2025-11-03 14:00:00,3.190,3.200,3.190,3.190,6492020
2025-11-03 14:30:00,3.190,3.210,3.190,3.190,9307602
2025-11-03 15:00:00,3.190,3.210,3.190,3.200,12534406
2025-11-04 10:00:00,3.190,3.210,3.190,3.200,18325671
2025-11-04 10:30:00,3.210,3.210,3.190,3.200,11662230
2025-11-04 11:00:00,3.210,3.210,3.200,3.200,11705820
2025-11-04 11:30:00,3.200,3.210,3.200,3.200,3003590
2025-11-04 13:30:00,3.200,3.210,3.190,3.200,14285443
2025-11-04 14:00:00,3.190,3.200,3.180,3.190,11808479
2025-11-04 14:30:00,3.190,3.200,3.180,3.190,5008000
2025-11-04 15:00:00,3.180,3.200,3.180,3.190,10679676
2025-11-05 10:00:00,3.180,3.190,3.160,3.180,24877560
2025-11-05 10:30:00,3.180,3.190,3.170,3.180,10115500
2025-11-05 11:00:00,3.170,3.190,3.170,3.190,8573900
2025-11-05 11:30:00,3.180,3.200,3.170,3.200,10492530
2025-11-05 13:30:00,3.190,3.200,3.190,3.190,5878700
2025-11-05 14:00:00,3.200,3.200,3.190,3.200,7843500
2025-11-05 14:30:00,3.200,3.200,3.190,3.200,5680730
2025-11-05 15:00:00,3.200,3.200,3.180,3.190,15819050
2025-11-06 10:00:00,3.190,3.210,3.180,3.200,22744970
2025-11-06 10:30:00,3.210,3.220,3.190,3.200,17516300
2025-11-06 11:00:00,3.210,3.210,3.190,3.200,12696231
2025-11-06 11:30:00,3.210,3.210,3.190,3.200,4396304
2025-11-06 13:30:00,3.200,3.200,3.190,3.190,13282700
2025-11-06 14:00:00,3.200,3.200,3.180,3.190,13603916
2025-11-06 14:30:00,3.200,3.200,3.180,3.190,7100442
2025-11-06 15:00:00,3.200,3.200,3.180,3.190,8178980
2025-11-07 10:00:00,3.190,3.210,3.180,3.200,28737840
2025-11-07 10:30:00,3.210,3.210,3.190,3.210,11468460
2025-11-07 11:00:00,3.200,3.210,3.190,3.200,5645590
2025-11-07 11:30:00,3.200,3.210,3.190,3.200,2837640
2025-11-07 13:30:00,3.200,3.200,3.190,3.190,3240610
2025-11-07 14:00:00,3.200,3.210,3.190,3.190,6803000
2025-11-07 14:30:00,3.200,3.200,3.190,3.190,4010680
2025-11-07 15:00:00,3.200,3.200,3.190,3.190,9775480
2025-11-10 10:00:00,3.200,3.210,3.190,3.190,17953080
2025-11-10 10:30:00,3.190,3.200,3.180,3.190,14637080
2025-11-10 11:00:00,3.200,3.210,3.190,3.200,16334581
2025-11-10 11:30:00,3.200,3.200,3.190,3.200,7527100
2025-11-10 13:30:00,3.200,3.200,3.190,3.190,8331910
2025-11-10 14:00:00,3.200,3.200,3.160,3.180,59155835
2025-11-10 14:30:00,3.180,3.190,3.160,3.190,22455420
2025-11-10 15:00:00,3.180,3.200,3.170,3.190,21332380
2025-11-11 10:00:00,3.190,3.200,3.180,3.200,25312560
2025-11-11 10:30:00,3.190,3.200,3.180,3.190,6768900
2025-11-11 11:00:00,3.200,3.210,3.190,3.190,23493752
2025-11-11 11:30:00,3.190,3.210,3.190,3.210,10474251
2025-11-11 13:30:00,3.210,3.220,3.190,3.190,28066018
2025-11-11 14:00:00,3.200,3.210,3.190,3.190,5621550
2025-11-11 14:30:00,3.200,3.210,3.190,3.200,5593140
2025-11-11 15:00:00,3.210,3.220,3.200,3.210,13577893
2025-11-12 10:00:00,3.210,3.220,3.190,3.220,24019121
2025-11-12 10:30:00,3.220,3.230,3.210,3.230,15487950
2025-11-12 11:00:00,3.230,3.230,3.210,3.220,8472300
2025-11-12 11:30:00,3.210,3.230,3.210,3.230,8665840
2025-11-12 13:30:00,3.220,3.230,3.200,3.210,15882210
2025-11-12 14:00:00,3.210,3.220,3.200,3.220,10633610
2025-11-12 14:30:00,3.220,3.230,3.210,3.220,9230870
2025-11-12 15:00:00,3.220,3.230,3.210,3.220,10997145
2025-11-13 10:00:00,3.220,3.230,3.190,3.200,36056500
2025-11-13 10:30:00,3.190,3.200,3.190,3.200,10389510
2025-11-13 11:00:00,3.190,3.210,3.190,3.190,12075600
2025-11-13 11:30:00,3.200,3.200,3.190,3.200,15385838
2025-11-13 13:30:00,3.190,3.210,3.190,3.210,12072975
2025-11-13 14:00:00,3.200,3.220,3.200,3.210,8482760
2025-11-13 14:30:00,3.200,3.220,3.200,3.210,5428260
2025-11-13 15:00:00,3.220,3.220,3.210,3.210,7403900
2025-11-14 10:00:00,3.200,3.220,3.200,3.220,16600840
2025-11-14 10:30:00,3.220,3.220,3.200,3.210,11530380
2025-11-14 11:00:00,3.210,3.220,3.200,3.210,5370305
2025-11-14 11:30:00,3.210,3.220,3.200,3.210,4664200
2025-11-14 13:30:00,3.220,3.230,3.210,3.230,21268762
2025-11-14 14:00:00,3.230,3.240,3.220,3.230,14286320
2025-11-14 14:30:00,3.240,3.240,3.220,3.220,11124090
2025-11-14 15:00:00,3.220,3.230,3.210,3.210,12383300
2025-11-17 10:00:00,3.210,3.220,3.170,3.170,52288240
2025-11-17 10:30:00,3.180,3.190,3.170,3.180,10511000
2025-11-17 11:00:00,3.180,3.190,3.170,3.180,3373830
2025-11-17 11:30:00,3.180,3.200,3.180,3.190,9884630
2025-11-17 13:30:00,3.190,3.200,3.180,3.190,4845910
2025-11-17 14:00:00,3.180,3.190,3.180,3.190,3081080
2025-11-17 14:30:00,3.180,3.190,3.170,3.180,12902490
2025-11-17 15:00:00,3.180,3.190,3.180,3.180,9296495
2025-11-18 10:00:00,3.180,3.180,3.140,3.140,42501200
2025-11-18 10:30:00,3.140,3.150,3.130,3.140,14752262
2025-11-18 11:00:00,3.140,3.150,3.130,3.140,16468350
2025-11-18 11:30:00,3.140,3.140,3.120,3.130,14757880
2025-11-18 13:30:00,3.130,3.140,3.120,3.130,8352980
2025-11-18 14:00:00,3.120,3.140,3.120,3.130,5180450
2025-11-18 14:30:00,3.130,3.140,3.120,3.120,7609440
2025-11-18 15:00:00,3.120,3.140,3.120,3.120,12358520
2025-11-19 10:00:00,3.130,3.140,3.120,3.120,12515980
2025-11-19 10:30:00,3.130,3.130,3.120,3.120,3803890
2025-11-19 11:00:00,3.120,3.140,3.120,3.120,14543930
2025-11-19 11:30:00,3.130,3.140,3.120,3.130,2834986
2025-11-19 13:30:00,3.120,3.130,3.120,3.120,3260680
2025-11-19 14:00:00,3.120,3.130,3.110,3.130,16716094
2025-11-19 14:30:00,3.120,3.130,3.110,3.130,6006700
2025-11-19 15:00:00,3.120,3.130,3.110,3.120,7373960
2025-11-20 10:00:00,3.130,3.140,3.120,3.130,23363920
2025-11-20 10:30:00,3.130,3.140,3.120,3.130,7204940
2025-11-20 11:00:00,3.130,3.140,3.120,3.130,6285760
2025-11-20 11:30:00,3.130,3.150,3.120,3.140,13157142
2025-11-20 13:30:00,3.150,3.150,3.130,3.130,5979150
2025-11-20 14:00:00,3.130,3.140,3.120,3.130,9505200
2025-11-20 14:30:00,3.120,3.140,3.120,3.130,5557200
2025-11-20 15:00:00,3.120,3.140,3.120,3.130,9095800
2025-11-21 10:00:00,3.120,3.130,3.090,3.100,35394970
2025-11-21 10:30:00,3.100,3.100,3.060,3.070,31361390
2025-11-21 11:00:00,3.060,3.080,3.060,3.070,10762330
2025-11-21 11:30:00,3.070,3.080,3.060,3.080,10041720
2025-11-21 13:30:00,3.070,3.080,3.060,3.080,4975300
2025-11-21 14:00:00,3.070,3.080,3.060,3.070,9432690
2025-11-21 14:30:00,3.070,3.070,3.050,3.050,10021550
2025-11-21 15:00:00,3.060,3.060,3.040,3.040,16196180
2025-11-24 10:00:00,3.050,3.060,3.020,3.030,23930860
2025-11-24 10:30:00,3.030,3.040,3.020,3.020,20453990
2025-11-24 11:00:00,3.020,3.030,3.010,3.010,11344410
2025-11-24 11:30:00,3.020,3.020,3.000,3.010,11803085
2025-11-24 13:30:00,3.010,3.050,3.010,3.050,12876140
2025-11-24 14:00:00,3.050,3.050,3.030,3.040,7236400
2025-11-24 14:30:00,3.040,3.050,3.030,3.040,6926101
2025-11-24 15:00:00,3.030,3.040,3.020,3.020,13171059
2025-11-25 10:00:00,3.030,3.040,3.010,3.010,18746940
2025-11-25 10:30:00,3.010,3.030,3.010,3.020,8906650
2025-11-25 11:00:00,3.030,3.040,3.020,3.030,15421074
2025-11-25 11:30:00,3.020,3.040,3.020,3.030,3405400
2025-11-25 13:30:00,3.040,3.040,3.020,3.030,6230930
2025-11-25 14:00:00,3.030,3.030,3.020,3.020,6111520
2025-11-25 14:30:00,3.020,3.030,3.020,3.020,8251100
2025-11-25 15:00:00,3.030,3.030,3.010,3.010,8545526
2025-11-26 10:00:00,3.020,3.040,3.010,3.040,21185700
2025-11-26 10:30:00,3.040,3.040,3.030,3.030,2024800
2025-11-26 11:00:00,3.030,3.040,3.020,3.020,4773600
2025-11-26 11:30:00,3.030,3.030,3.020,3.020,3771700
2025-11-26 13:30:00,3.030,3.030,3.020,3.020,3041170
2025-11-26 14:00:00,3.020,3.030,3.020,3.020,2095300
2025-11-26 14:30:00,3.030,3.030,3.020,3.030,2606040
2025-11-26 15:00:00,3.020,3.030,3.010,3.010,14584220
2025-11-27 10:00:00,3.020,3.020,3.010,3.020,12614354
2025-11-27 10:30:00,3.020,3.030,3.010,3.020,8104600
2025-11-27 11:00:00,3.020,3.030,3.010,3.030,3404241
2025-11-27 11:30:00,3.020,3.030,3.010,3.020,3383650
2025-11-27 13:30:00,3.030,3.030,3.010,3.020,2267099
2025-11-27 14:00:00,3.020,3.030,3.020,3.020,1855000
2025-11-27 14:30:00,3.020,3.030,3.020,3.020,1604240
2025-11-27 15:00:00,3.020,3.030,3.010,3.020,8330650
2025-11-28 10:00:00,3.010,3.020,3.000,3.000,13124000
2025-11-28 10:30:00,3.000,3.020,3.000,3.020,5979171
2025-11-28 11:00:00,3.010,3.020,3.010,3.020,2048600
2025-11-28 11:30:00,3.020,3.020,3.010,3.020,2865360
2025-11-28 13:30:00,3.020,3.020,3.000,3.010,9668230
2025-11-28 14:00:00,3.020,3.030,3.010,3.020,9719487
2025-11-28 14:30:00,3.020,3.030,3.020,3.030,2553300
2025-11-28 15:00:00,3.020,3.030,3.020,3.020,7063396
2025-12-01 10:00:00,3.020,3.020,3.000,3.010,31578320
2025-12-01 10:30:00,3.010,3.020,3.000,3.000,14327550
2025-12-01 11:00:00,3.000,3.010,3.000,3.010,6655350
2025-12-01 11:30:00,3.000,3.020,3.000,3.010,11015800
2025-12-01 13:30:00,3.010,3.020,3.000,3.010,6689600
2025-12-01 14:00:00,3.010,3.020,3.000,3.010,5651800
2025-12-01 14:30:00,3.010,3.020,3.010,3.020,3498440
2025-12-01 15:00:00,3.010,3.020,3.010,3.020,9744800
2025-12-02 10:00:00,3.010,3.020,3.000,3.020,13393920
2025-12-02 10:30:00,3.010,3.030,3.010,3.010,18024000
2025-12-02 11:00:00,3.020,3.030,3.010,3.020,6608740
2025-12-02 11:30:00,3.030,3.030,3.010,3.010,3788660
2025-12-02 13:30:00,3.020,3.020,3.010,3.010,3199560
2025-12-02 14:00:00,3.020,3.030,3.010,3.030,7734367
2025-12-02 14:30:00,3.020,3.030,3.020,3.020,1832400
2025-12-02 15:00:00,3.030,3.030,3.020,3.020,7499094
2025-12-03 10:00:00,3.030,3.040,3.020,3.040,18659920
2025-12-03 10:30:00,3.040,3.050,3.030,3.030,23971654
2025-12-03 11:00:00,3.040,3.050,3.030,3.050,14172650
2025-12-03 11:30:00,3.050,3.060,3.040,3.050,8927100
2025-12-03 13:30:00,3.050,3.060,3.040,3.060,5263660
2025-12-03 14:00:00,3.050,3.060,3.040,3.040,3589900
2025-12-03 14:30:00,3.040,3.050,3.030,3.040,9564940
2025-12-03 15:00:00,3.040,3.050,3.030,3.040,5827300
2025-12-04 10:00:00,3.040,3.050,3.020,3.030,16380000
2025-12-04 10:30:00,3.030,3.040,3.020,3.030,7338500
2025-12-04 11:00:00,3.030,3.040,3.020,3.040,3032000
2025-12-04 11:30:00,3.040,3.040,3.030,3.040,1386350
2025-12-04 13:30:00,3.040,3.040,3.020,3.040,6932410
2025-12-04 14:00:00,3.030,3.040,3.020,3.030,5397120
2025-12-04 14:30:00,3.040,3.040,3.020,3.040,3750900
2025-12-04 15:00:00,3.030,3.040,3.020,3.030,5458200
2025-12-05 10:00:00,3.030,3.040,3.020,3.040,7526400
2025-12-05 10:30:00,3.040,3.040,3.020,3.020,4199450
2025-12-05 11:00:00,3.020,3.030,3.020,3.030,2074000
2025-12-05 11:30:00,3.020,3.030,3.020,3.020,2314500
2025-12-05 13:30:00,3.030,3.030,3.020,3.030,3004790
2025-12-05 14:00:00,3.020,3.040,3.020,3.040,14071500
2025-12-05 14:30:00,3.040,3.050,3.030,3.040,16586500
2025-12-05 15:00:00,3.050,3.050,3.030,3.040,8195800
2025-12-08 10:00:00,3.050,3.050,3.030,3.030,15286200
2025-12-08 10:30:00,3.030,3.040,3.030,3.040,12117500
2025-12-08 11:00:00,3.040,3.040,3.030,3.030,5669660
2025-12-08 11:30:00,3.040,3.040,3.030,3.030,3174600
2025-12-08 13:30:00,3.030,3.040,3.020,3.040,10116940
2025-12-08 14:00:00,3.030,3.040,3.030,3.030,3406960
2025-12-08 14:30:00,3.040,3.040,3.030,3.030,3248800
2025-12-08 15:00:00,3.040,3.040,3.020,3.030,7227700
2025-12-09 10:00:00,3.030,3.030,3.020,3.030,7277470
2025-12-09 10:30:00,3.020,3.030,3.010,3.020,15361303
2025-12-09 11:00:00,3.020,3.030,3.020,3.020,2470520
2025-12-09 11:30:00,3.020,3.030,3.020,3.030,2580300
2025-12-09 13:30:00,3.020,3.030,3.020,3.020,2129531
2025-12-09 14:00:00,3.020,3.030,3.020,3.030,2010090
2025-12-09 14:30:00,3.030,3.030,3.010,3.020,7134094
2025-12-09 15:00:00,3.020,3.030,3.010,3.020,6682642
2025-12-10 10:00:00,3.020,3.020,3.010,3.010,8348454
2025-12-10 10:30:00,3.010,3.020,3.010,3.020,5360800
2025-12-10 11:00:00,3.010,3.020,3.000,3.010,6969136
2025-12-10 11:30:00,3.010,3.020,3.000,3.010,2422100
2025-12-10 13:30:00,3.000,3.010,3.000,3.010,4555100
2025-12-10 14:00:00,3.010,3.020,3.000,3.010,8002380
2025-12-10 14:30:00,3.010,3.020,3.010,3.010,3842300
2025-12-10 15:00:00,3.020,3.020,3.010,3.010,6912790
2025-12-11 10:00:00,3.020,3.020,3.000,3.010,11519700
2025-12-11 10:30:00,3.010,3.020,3.000,3.010,4459580
2025-12-11 11:00:00,3.020,3.020,3.000,3.010,7384700
2025-12-11 11:30:00,3.000,3.010,2.990,3.000,16870163
2025-12-11 13:30:00,3.000,3.000,2.980,2.980,16703560
2025-12-11 14:00:00,2.980,2.990,2.970,2.980,11913720
2025-12-11 14:30:00,2.980,2.990,2.960,2.980,17208020
2025-12-11 15:00:00,2.980,2.980,2.970,2.970,10224400
2025-12-12 10:00:00,2.970,2.990,2.970,2.990,13978350
2025-12-12 10:30:00,2.990,3.000,2.980,2.990,12417920
2025-12-12 11:00:00,2.990,2.990,2.980,2.990,3035760
2025-12-12 11:30:00,2.990,2.990,2.980,2.980,6165120
2025-12-12 13:30:00,2.980,3.000,2.980,2.990,5474100
2025-12-12 14:00:00,2.990,3.000,2.980,3.000,8607530
2025-12-12 14:30:00,2.990,3.000,2.980,2.990,8635000
2025-12-12 15:00:00,2.980,2.990,2.980,2.990,7755900
2025-12-15 10:00:00,2.990,3.000,2.980,3.000,11578006
2025-12-15 10:30:00,2.990,3.010,2.990,3.010,16668871
2025-12-15 11:00:00,3.010,3.010,3.000,3.010,9293500
2025-12-15 11:30:00,3.010,3.020,3.000,3.010,5383800
2025-12-15 13:30:00,3.000,3.030,3.000,3.020,11484400
2025-12-15 14:00:00,3.020,3.030,3.010,3.010,4355032
2025-12-15 14:30:00,3.020,3.020,3.010,3.010,2238100
2025-12-15 15:00:00,3.010,3.020,3.010,3.010,8539090
2025-12-16 10:00:00,3.010,3.020,2.980,2.990,28280280
2025-12-16 10:30:00,2.990,3.000,2.980,2.990,7638200
2025-12-16 11:00:00,2.990,3.000,2.980,2.990,4328500
2025-12-16 11:30:00,2.990,3.000,2.980,3.000,2587610
2025-12-16 13:30:00,2.990,3.000,2.980,2.990,3770800
2025-12-16 14:00:00,2.990,3.000,2.980,2.990,6542690
2025-12-16 14:30:00,2.990,2.990,2.980,2.980,3205400
2025-12-16 15:00:00,2.990,3.000,2.980,2.990,5626220
2025-12-17 10:00:00,2.990,3.000,2.970,2.980,14314800
2025-12-17 10:30:00,2.980,2.990,2.970,2.980,5640860
2025-12-17 11:00:00,2.970,2.980,2.970,2.980,7437200
2025-12-17 11:30:00,2.970,2.980,2.970,2.970,1497300
2025-12-17 13:30:00,2.980,2.980,2.970,2.970,2200770
2025-12-17 14:00:00,2.980,3.000,2.970,2.990,14039612
2025-12-17 14:30:00,3.000,3.010,2.990,3.000,12414290
2025-12-17 15:00:00,3.010,3.010,3.000,3.010,6260538
2025-12-18 10:00:00,3.000,3.010,2.990,3.010,7419016
2025-12-18 10:30:00,3.000,3.010,3.000,3.010,4018950
2025-12-18 11:00:00,3.000,3.010,3.000,3.010,1716390
2025-12-18 11:30:00,3.010,3.010,3.000,3.010,1109600
2025-12-18 13:30:00,3.010,3.010,3.000,3.000,3361500
2025-12-18 14:00:00,3.000,3.010,3.000,3.000,3527590
2025-12-18 14:30:00,3.010,3.010,3.000,3.000,2739560
2025-12-18 15:00:00,3.000,3.010,3.000,3.000,5588354
2025-12-19 10:00:00,3.000,3.020,3.000,3.020,14572310
2025-12-19 10:30:00,3.020,3.020,3.010,3.020,3791130
2025-12-19 11:00:00,3.020,3.030,3.010,3.020,10078844
2025-12-19 11:30:00,3.030,3.040,3.020,3.030,10802470
2025-12-19 13:30:00,3.040,3.040,3.020,3.030,7256330
2025-12-19 14:00:00,3.030,3.040,3.020,3.020,4882010
2025-12-19 14:30:00,3.030,3.030,3.020,3.020,3498400
2025-12-19 15:00:00,3.030,3.040,3.020,3.040,7105600
2025-12-22 10:00:00,3.040,3.040,3.020,3.030,14079170
2025-12-22 10:30:00,3.030,3.040,3.020,3.020,4022560
2025-12-22 11:00:00,3.020,3.040,3.020,3.030,3343000
2025-12-22 11:30:00,3.030,3.040,3.020,3.020,4044790
2025-12-22 13:30:00,3.030,3.030,3.020,3.030,2744000
2025-12-22 14:00:00,3.020,3.030,3.010,3.020,13456504
2025-12-22 14:30:00,3.020,3.030,3.010,3.020,6626496
2025-12-22 15:00:00,3.020,3.030,3.010,3.020,8633260
2025-12-23 10:00:00,3.020,3.030,3.010,3.020,8477370
2025-12-23 10:30:00,3.010,3.030,3.010,3.020,3229630
2025-12-23 11:00:00,3.020,3.030,3.020,3.030,1527200
2025-12-23 11:30:00,3.020,3.030,3.020,3.020,2669610
2025-12-23 13:30:00,3.030,3.030,3.010,3.030,4457970
2025-12-23 14:00:00,3.030,3.030,3.010,3.010,3039880
2025-12-23 14:30:00,3.010,3.020,3.010,3.020,1574200
2025-12-23 15:00:00,3.020,3.020,3.010,3.010,4017199
2025-12-24 10:00:00,3.010,3.030,3.010,3.030,10223720
2025-12-24 10:30:00,3.030,3.030,3.010,3.020,9383690
2025-12-24 11:00:00,3.020,3.030,3.010,3.020,3642370
2025-12-24 11:30:00,3.030,3.030,3.020,3.020,1402200
2025-12-24 13:30:00,3.020,3.030,3.020,3.030,2293700
2025-12-24 14:00:00,3.030,3.040,3.020,3.030,12281676
2025-12-24 14:30:00,3.040,3.040,3.030,3.040,3746110
2025-12-24 15:00:00,3.040,3.040,3.020,3.030,6844410
2025-12-25 10:00:00,3.030,3.040,3.020,3.030,7145940
2025-12-25 10:30:00,3.030,3.040,3.020,3.020,3191824
2025-12-25 11:00:00,3.030,3.040,3.020,3.030,3237964
2025-12-25 11:30:00,3.030,3.040,3.030,3.040,2164230
2025-12-25 13:30:00,3.040,3.040,3.030,3.030,2087372
2025-12-25 14:00:00,3.040,3.040,3.030,3.030,1983860
2025-12-25 14:30:00,3.030,3.040,3.030,3.030,3908800
2025-12-25 15:00:00,3.040,3.040,3.030,3.030,7103420
2025-12-26 10:00:00,3.030,3.050,3.030,3.040,17142372
2025-12-26 10:30:00,3.050,3.050,3.030,3.050,6511130
2025-12-26 11:00:00,3.040,3.050,3.040,3.040,2804020
2025-12-26 11:30:00,3.050,3.050,3.030,3.030,4472540
2025-12-26 13:30:00,3.030,3.040,3.030,3.030,2000000
2025-12-26 14:00:00,3.030,3.040,3.030,3.040,1853722
2025-12-26 14:30:00,3.040,3.040,3.030,3.040,2955066
2025-12-26 15:00:00,3.040,3.040,3.030,3.030,4800290
2025-12-29 10:00:00,3.040,3.040,3.020,3.020,9791072
2025-12-29 10:30:00,3.020,3.040,3.020,3.040,4578740
2025-12-29 11:00:00,3.030,3.040,3.020,3.030,4091250
2025-12-29 11:30:00,3.030,3.030,3.020,3.020,1892600
2025-12-29 13:30:00,3.030,3.030,3.020,3.020,2225881
2025-12-29 14:00:00,3.020,3.030,3.020,3.020,2032200
2025-12-29 14:30:00,3.020,3.030,3.010,3.020,9682667
2025-12-29 15:00:00,3.020,3.020,3.010,3.010,7284949
2025-12-30 10:00:00,3.010,3.020,3.000,3.000,8871244
2025-12-30 10:30:00,3.000,3.010,3.000,3.000,4177130
2025-12-30 11:00:00,3.010,3.020,3.000,3.020,3165946
2025-12-30 11:30:00,3.010,3.020,3.000,3.010,4972900
2025-12-30 13:30:00,3.010,3.020,3.000,3.020,3233570
2025-12-30 14:00:00,3.020,3.020,3.000,3.000,3838400
2025-12-30 14:30:00,3.000,3.010,3.000,3.010,3163560
2025-12-30 15:00:00,3.000,3.010,3.000,3.000,4553692
2025-12-31 10:00:00,3.000,3.010,3.000,3.010,4242752
2025-12-31 10:30:00,3.000,3.010,3.000,3.010,2332326
2025-12-31 11:00:00,3.010,3.020,3.000,3.020,9746718
2025-12-31 11:30:00,3.020,3.020,3.010,3.020,2187660
2025-12-31 13:30:00,3.010,3.020,3.000,3.020,10313600
2025-12-31 14:00:00,3.010,3.020,3.000,3.000,2655630
2025-12-31 14:30:00,3.010,3.010,3.000,3.000,3476200
2025-12-31 15:00:00,3.010,3.010,3.000,3.000,7426160
2026-01-05 10:00:00,3.010,3.020,3.000,3.020,10061250
2026-01-05 10:30:00,3.020,3.030,3.010,3.030,11117982
2026-01-05 11:00:00,3.030,3.030,3.020,3.030,6148913
2026-01-05 11:30:00,3.030,3.030,3.020,3.030,4595920
2026-01-05 13:30:00,3.030,3.040,3.020,3.040,11499680
2026-01-05 14:00:00,3.030,3.040,3.030,3.040,8831818
2026-01-05 14:30:00,3.040,3.040,3.030,3.030,3247280
2026-01-05 15:00:00,3.030,3.040,3.030,3.040,6298278
2026-01-06 10:00:00,3.030,3.050,3.030,3.040,13482763
2026-01-06 10:30:00,3.040,3.060,3.040,3.060,9561810
2026-01-06 11:00:00,3.050,3.060,3.040,3.060,12790220
2026-01-06 11:30:00,3.050,3.060,3.040,3.050,5273120
2026-01-06 13:30:00,3.050,3.050,3.040,3.050,3844670
2026-01-06 14:00:00,3.040,3.050,3.040,3.040,3690562
2026-01-06 14:30:00,3.050,3.060,3.040,3.050,8347160
2026-01-06 15:00:00,3.060,3.060,3.050,3.050,8334113
2026-01-07 10:00:00,3.050,3.060,3.040,3.050,14568480
2026-01-07 10:30:00,3.040,3.050,3.030,3.040,13119180
2026-01-07 11:00:00,3.030,3.050,3.030,3.040,7629560
2026-01-07 11:30:00,3.040,3.050,3.040,3.040,3392360
2026-01-07 13:30:00,3.040,3.050,3.030,3.040,4547760
2026-01-07 14:00:00,3.040,3.050,3.030,3.040,4317990
2026-01-07 14:30:00,3.040,3.050,3.040,3.040,3701430
2026-01-07 15:00:00,3.050,3.050,3.030,3.040,7331492
2026-01-08 10:00:00,3.040,3.060,3.030,3.050,16080282
2026-01-08 10:30:00,3.050,3.060,3.040,3.040,11653321
2026-01-08 11:00:00,3.050,3.050,3.040,3.040,2243900
2026-01-08 11:30:00,3.040,3.050,3.040,3.050,4391590
2026-01-08 13:30:00,3.040,3.050,3.040,3.040,2369130
2026-01-08 14:00:00,3.040,3.050,3.030,3.050,11731200
2026-01-08 14:30:00,3.040,3.050,3.030,3.030,5722700
2026-01-08 15:00:00,3.030,3.040,3.030,3.030,6218420
2026-01-09 10:00:00,3.010,3.020,3.000,3.010,11493903
2026-01-09 10:30:00,3.010,3.020,3.010,3.020,6185950
2026-01-09 11:00:00,3.020,3.020,3.010,3.020,4817060
2026-01-09 11:30:00,3.010,3.020,3.000,3.010,9304960
2026-01-09 13:30:00,3.010,3.010,3.000,3.010,3881780
2026-01-09 14:00:00,3.010,3.020,3.000,3.020,4523970
2026-01-09 14:30:00,3.020,3.020,3.010,3.020,2880396
2026-01-09 15:00:00,3.010,3.020,3.010,3.020,8811136
2026-01-12 10:00:00,3.020,3.030,3.010,3.020,19665380
2026-01-12 10:30:00,3.010,3.020,3.010,3.010,5864970
2026-01-12 11:00:00,3.010,3.020,3.010,3.020,3893270
2026-01-12 11:30:00,3.010,3.030,3.010,3.030,9550257
2026-01-12 13:30:00,3.030,3.030,3.020,3.020,6615580
2026-01-12 14:00:00,3.030,3.030,3.020,3.030,7364980
2026-01-12 14:30:00,3.030,3.030,3.020,3.020,7967472
2026-01-12 15:00:00,3.030,3.030,3.020,3.030,9593600
2026-01-13 10:00:00,3.030,3.040,3.020,3.020,12877401
2026-01-13 10:30:00,3.030,3.030,3.020,3.030,6888089
2026-01-13 11:00:00,3.020,3.040,3.020,3.040,14231597
2026-01-13 11:30:00,3.030,3.050,3.030,3.030,17012490
2026-01-13 13:30:00,3.040,3.040,3.030,3.030,5251740
2026-01-13 14:00:00,3.030,3.050,3.030,3.040,8032740
2026-01-13 14:30:00,3.050,3.050,3.030,3.040,3926979
2026-01-13 15:00:00,3.040,3.040,3.030,3.030,8386933
2026-01-14 10:00:00,3.040,3.040,3.020,3.040,16097560
2026-01-14 10:30:00,3.040,3.040,3.030,3.040,14223030
2026-01-14 11:00:00,3.040,3.050,3.030,3.040,12462970
2026-01-14 11:30:00,3.030,3.050,3.030,3.050,6802150
2026-01-14 13:30:00,3.050,3.050,3.010,3.020,39380860
2026-01-14 14:00:00,3.020,3.020,3.000,3.000,14230730
2026-01-14 14:30:00,3.000,3.020,2.990,3.020,11737772
2026-01-14 15:00:00,3.020,3.020,3.010,3.010,6773470
2026-01-15 10:00:00,3.010,3.020,3.000,3.010,13743330
2026-01-15 10:30:00,3.010,3.020,3.000,3.010,7108330
2026-01-15 11:00:00,3.010,3.020,3.000,3.000,5643890
2026-01-15 11:30:00,3.000,3.010,3.000,3.000,5495790
2026-01-15 13:30:00,3.010,3.010,3.000,3.010,2838660
2026-01-15 14:00:00,3.010,3.010,3.000,3.000,2389892
2026-01-15 14:30:00,3.000,3.010,3.000,3.010,3895570
2026-01-15 15:00:00,3.000,3.010,3.000,3.010,9128290
2026-01-16 10:00:00,3.010,3.020,3.010,3.010,7553822
2026-01-16 10:30:00,3.010,3.020,3.000,3.000,17254078
2026-01-16 11:00:00,3.000,3.010,3.000,3.010,3744350
2026-01-16 11:30:00,3.000,3.010,2.990,3.000,11714370
2026-01-16 13:30:00,3.000,3.010,2.990,3.000,5505220
2026-01-16 14:00:00,3.000,3.010,3.000,3.010,2083620
2026-01-16 14:30:00,3.000,3.010,3.000,3.010,3600050
2026-01-16 15:00:00,3.000,3.010,2.990,3.000,7922591
2026-01-19 10:00:00,3.000,3.020,2.990,3.020,20094470
2026-01-19 10:30:00,3.020,3.020,3.010,3.010,5806600
2026-01-19 11:00:00,3.020,3.020,3.010,3.010,6215640
2026-01-19 11:30:00,3.020,3.020,3.010,3.010,4239030
2026-01-19 13:30:00,3.020,3.020,3.010,3.020,2374260
2026-01-19 14:00:00,3.020,3.020,3.000,3.000,7033540
2026-01-19 14:30:00,3.010,3.020,3.000,3.020,4667090
2026-01-19 15:00:00,3.020,3.020,3.010,3.020,4211031
2026-01-20 10:00:00,3.020,3.050,3.010,3.040,30796189
2026-01-20 10:30:00,3.030,3.040,3.020,3.020,11247329
2026-01-20 11:00:00,3.030,3.050,3.030,3.040,16968690
2026-01-20 11:30:00,3.040,3.050,3.030,3.040,8427202
2026-01-20 13:30:00,3.050,3.060,3.040,3.050,14038872
2026-01-20 14:00:00,3.060,3.060,3.050,3.060,10426820
2026-01-20 14:30:00,3.060,3.070,3.050,3.070,13046010
2026-01-20 15:00:00,3.070,3.080,3.060,3.070,15534824
2026-01-21 10:00:00,3.060,3.070,3.040,3.050,23594930
2026-01-21 10:30:00,3.050,3.060,3.040,3.060,4207280
2026-01-21 11:00:00,3.060,3.060,3.040,3.050,15546740
2026-01-21 11:30:00,3.050,3.060,3.040,3.040,3709860
2026-01-21 13:30:00,3.050,3.050,3.040,3.050,2245600
2026-01-21 14:00:00,3.040,3.050,3.040,3.040,1743200
2026-01-21 14:30:00,3.040,3.050,3.040,3.050,4515200
2026-01-21 15:00:00,3.050,3.050,3.030,3.050,14840079
2026-01-22 10:00:00,3.050,3.060,3.040,3.060,7301470
2026-01-22 10:30:00,3.050,3.080,3.050,3.070,22359394
2026-01-22 11:00:00,3.070,3.070,3.060,3.060,3330026
2026-01-22 11:30:00,3.060,3.070,3.050,3.050,5481213
2026-01-22 13:30:00,3.060,3.070,3.050,3.060,3958470
2026-01-22 14:00:00,3.060,3.070,3.050,3.070,2197502
2026-01-22 14:30:00,3.070,3.070,3.060,3.070,3517441
2026-01-22 15:00:00,3.070,3.090,3.060,3.080,29850926
2026-01-23 10:00:00,3.090,3.090,3.070,3.080,9626230
2026-01-23 10:30:00,3.080,3.080,3.070,3.070,9033700
2026-01-23 11:00:00,3.080,3.080,3.060,3.080,13297390
2026-01-23 11:30:00,3.070,3.080,3.070,3.070,4227589
2026-01-23 13:30:00,3.080,3.080,3.070,3.080,2556400
2026-01-23 14:00:00,3.080,3.090,3.070,3.080,10899680
2026-01-23 14:30:00,3.080,3.090,3.070,3.080,8794890
2026-01-23 15:00:00,3.080,3.090,3.070,3.080,10672294
2026-01-26 10:00:00,3.080,3.100,3.070,3.080,27811982
2026-01-26 10:30:00,3.070,3.090,3.070,3.080,9765100
2026-01-26 11:00:00,3.080,3.100,3.080,3.100,13022080
2026-01-26 11:30:00,3.100,3.110,3.090,3.100,8775343
2026-01-26 13:30:00,3.100,3.110,3.080,3.080,8679402
2026-01-26 14:00:00,3.080,3.100,3.080,3.100,5566700
2026-01-26 14:30:00,3.090,3.100,3.090,3.100,2068780
2026-01-26 15:00:00,3.090,3.100,3.090,3.090,6753300
2026-01-27 10:00:00,3.100,3.100,3.040,3.050,36598900
2026-01-27 10:30:00,3.050,3.060,3.040,3.050,11072390
2026-01-27 11:00:00,3.040,3.060,3.040,3.050,5610050
2026-01-27 11:30:00,3.050,3.060,3.050,3.050,3111060
2026-01-27 13:30:00,3.060,3.070,3.050,3.060,6031610
2026-01-27 14:00:00,3.070,3.080,3.060,3.070,9726820
2026-01-27 14:30:00,3.080,3.080,3.060,3.080,7632140
2026-01-27 15:00:00,3.070,3.080,3.060,3.070,5420480
2026-01-28 10:00:00,3.070,3.070,3.050,3.070,10018780
2026-01-28 10:30:00,3.070,3.100,3.060,3.090,17548253
2026-01-28 11:00:00,3.100,3.100,3.080,3.090,10682800
2026-01-28 11:30:00,3.090,3.100,3.080,3.090,7793800
2026-01-28 13:30:00,3.090,3.100,3.080,3.090,7377010
2026-01-28 14:00:00,3.090,3.100,3.080,3.080,7025660
2026-01-28 14:30:00,3.090,3.100,3.080,3.090,7157213
2026-01-28 15:00:00,3.090,3.090,3.080,3.080,9583171
2026-01-29 10:00:00,3.090,3.100,3.070,3.080,22500290
2026-01-29 10:30:00,3.090,3.090,3.070,3.070,9934460
2026-01-29 11:00:00,3.070,3.080,3.060,3.070,10823930
2026-01-29 11:30:00,3.080,3.090,3.070,3.080,7796480
2026-01-29 13:30:00,3.080,3.100,3.080,3.080,12320958
2026-01-29 14:00:00,3.080,3.100,3.080,3.090,7741980
2026-01-29 14:30:00,3.080,3.100,3.080,3.090,6088860
2026-01-29 15:00:00,3.100,3.100,3.090,3.100,7608750
2026-01-30 10:00:00,3.090,3.100,3.070,3.070,23526750
2026-01-30 10:30:00,3.070,3.080,3.060,3.060,18604300
2026-01-30 11:00:00,3.070,3.070,3.040,3.050,15755600
2026-01-30 11:30:00,3.060,3.070,3.050,3.070,6226867
2026-01-30 13:30:00,3.060,3.100,3.060,3.090,13011070
2026-01-30 14:00:00,3.100,3.100,3.080,3.090,5885440
2026-01-30 14:30:00,3.090,3.100,3.070,3.080,11274980
2026-01-30 15:00:00,3.080,3.090,3.070,3.080,10196840
2026-02-02 10:00:00,3.070,3.090,3.060,3.070,20333960
2026-02-02 10:30:00,3.070,3.090,3.070,3.080,8508820
2026-02-02 11:00:00,3.080,3.110,3.080,3.100,26111917
2026-02-02 11:30:00,3.100,3.110,3.080,3.080,15967110
2026-02-02 13:30:00,3.090,3.090,3.070,3.080,11014110
2026-02-02 14:00:00,3.070,3.080,3.040,3.050,18538050
2026-02-02 14:30:00,3.050,3.070,3.050,3.050,9175100
2026-02-02 15:00:00,3.050,3.060,3.040,3.040,14816033
2026-02-03 10:00:00,3.100,3.160,3.080,3.090,58449120
2026-02-03 10:30:00,3.090,3.090,3.070,3.090,10804700
2026-02-03 11:00:00,3.090,3.090,3.060,3.060,12803150
2026-02-03 11:30:00,3.070,3.080,3.060,3.070,6809550
2026-02-03 13:30:00,3.070,3.080,3.060,3.070,5450360
2026-02-03 14:00:00,3.060,3.080,3.060,3.070,3920033
2026-02-03 14:30:00,3.080,3.080,3.070,3.080,5531310
2026-02-03 15:00:00,3.080,3.080,3.070,3.080,7056900
2026-02-04 10:00:00,3.070,3.090,3.060,3.090,23027760
2026-02-04 10:30:00,3.080,3.090,3.080,3.080,5690290
2026-02-04 11:00:00,3.080,3.100,3.080,3.080,10701208
2026-02-04 11:30:00,3.080,3.090,3.070,3.070,10586680
2026-02-04 13:30:00,3.080,3.090,3.070,3.080,10097560
2026-02-04 14:00:00,3.080,3.090,3.070,3.070,10205250
2026-02-04 14:30:00,3.070,3.090,3.070,3.080,10723120
2026-02-04 15:00:00,3.090,3.100,3.080,3.090,15672270
2026-02-05 10:00:00,3.090,3.090,3.070,3.070,12997413
2026-02-05 10:30:00,3.070,3.090,3.070,3.070,9552170
2026-02-05 11:00:00,3.070,3.090,3.060,3.060,12843800
2026-02-05 11:30:00,3.070,3.080,3.060,3.070,7347210
2026-02-05 13:30:00,3.070,3.080,3.060,3.080,3876780
2026-02-05 14:00:00,3.080,3.100,3.070,3.080,16937568
2026-02-05 14:30:00,3.090,3.100,3.080,3.090,4468764
2026-02-05 15:00:00,3.090,3.090,3.080,3.080,6885968
2026-02-06 10:00:00,3.070,3.090,3.060,3.080,17814323
2026-02-06 10:30:00,3.090,3.090,3.070,3.090,6382600
2026-02-06 11:00:00,3.090,3.090,3.080,3.080,3913920
2026-02-06 11:30:00,3.080,3.090,3.070,3.070,9436880
2026-02-06 13:30:00,3.070,3.080,3.070,3.070,6922700
2026-02-06 14:00:00,3.080,3.080,3.070,3.070,9535010
2026-02-06 14:30:00,3.080,3.090,3.070,3.070,16045710
2026-02-06 15:00:00,3.080,3.080,3.060,3.060,18783180
2026-02-09 10:00:00,3.080,3.090,3.070,3.090,20338400
2026-02-09 10:30:00,3.090,3.090,3.070,3.080,8273020
2026-02-09 11:00:00,3.080,3.080,3.060,3.060,11820600
2026-02-09 11:30:00,3.060,3.080,3.060,3.070,9785210
2026-02-09 13:30:00,3.070,3.090,3.070,3.070,9906370
2026-02-09 14:00:00,3.080,3.080,3.070,3.080,2496480
2026-02-09 14:30:00,3.080,3.080,3.070,3.080,3221900
2026-02-09 15:00:00,3.080,3.090,3.070,3.090,6162980
2026-02-10 10:00:00,3.080,3.090,3.070,3.070,10332270
2026-02-10 10:30:00,3.080,3.080,3.070,3.070,3668550
2026-02-10 11:00:00,3.070,3.080,3.070,3.080,4108200
2026-02-10 11:30:00,3.080,3.080,3.070,3.070,2115650
2026-02-10 13:30:00,3.070,3.080,3.060,3.070,13712910
2026-02-10 14:00:00,3.080,3.080,3.070,3.080,2862100
2026-02-10 14:30:00,3.070,3.080,3.060,3.070,7919500
2026-02-10 15:00:00,3.070,3.080,3.060,3.070,10033850
2026-02-11 10:00:00,3.070,3.080,3.060,3.070,7556280
2026-02-11 10:30:00,3.080,3.080,3.070,3.070,3231522
2026-02-11 11:00:00,3.070,3.080,3.070,3.080,3310870
2026-02-11 11:30:00,3.080,3.090,3.070,3.080,16153708
2026-02-11 13:30:00,3.080,3.090,3.070,3.080,8841310
2026-02-11 14:00:00,3.080,3.090,3.070,3.090,1735460
2026-02-11 14:30:00,3.090,3.090,3.070,3.070,4237400
2026-02-11 15:00:00,3.080,3.080,3.070,3.080,5994530
2026-02-12 10:00:00,3.080,3.080,3.040,3.050,38392900
2026-02-12 10:30:00,3.060,3.070,3.050,3.070,9861483
2026-02-12 11:00:00,3.070,3.070,3.050,3.060,6083500
2026-02-12 11:30:00,3.060,3.070,3.050,3.070,3185500
2026-02-12 13:30:00,3.070,3.070,3.040,3.040,9028200
2026-02-12 14:00:00,3.040,3.050,3.040,3.050,3689892
2026-02-12 14:30:00,3.050,3.060,3.040,3.060,9206668
2026-02-12 15:00:00,3.050,3.060,3.040,3.040,9619640
2026-02-13 10:00:00,3.040,3.050,3.030,3.040,11862020
2026-02-13 10:30:00,3.040,3.050,3.030,3.030,7525880
2026-02-13 11:00:00,3.030,3.040,3.030,3.040,3946400
2026-02-13 11:30:00,3.030,3.040,3.030,3.030,4891550
2026-02-13 13:30:00,3.030,3.040,3.030,3.030,4243943
2026-02-13 14:00:00,3.030,3.040,3.010,3.020,20235767
2026-02-13 14:30:00,3.020,3.030,3.010,3.010,5110000
2026-02-13 15:00:00,3.010,3.030,3.010,3.020,11433720
2026-02-24 10:00:00,3.030,3.050,3.030,3.040,16914479
2026-02-24 10:30:00,3.050,3.050,3.040,3.040,4505200
2026-02-24 11:00:00,3.040,3.060,3.040,3.050,18742280
2026-02-24 11:30:00,3.060,3.060,3.050,3.050,3681410
2026-02-24 13:30:00,3.060,3.070,3.050,3.060,17606490
2026-02-24 14:00:00,3.070,3.070,3.060,3.070,2650700
2026-02-24 14:30:00,3.070,3.070,3.060,3.060,2182860
2026-02-24 15:00:00,3.070,3.070,3.050,3.060,11132500
2026-02-25 10:00:00,3.060,3.120,3.060,3.120,55875516
2026-02-25 10:30:00,3.120,3.130,3.110,3.130,25332990
2026-02-25 11:00:00,3.130,3.150,3.120,3.140,30161993
2026-02-25 11:30:00,3.140,3.140,3.130,3.140,4318460
2026-02-25 13:30:00,3.140,3.140,3.110,3.120,13686600
2026-02-25 14:00:00,3.120,3.120,3.100,3.110,8689272
2026-02-25 14:30:00,3.120,3.120,3.100,3.100,6769740
2026-02-25 15:00:00,3.110,3.120,3.100,3.110,10964591
2026-02-26 10:00:00,3.110,3.180,3.110,3.140,46809501
2026-02-26 10:30:00,3.150,3.150,3.120,3.120,14219819
2026-02-26 11:00:00,3.130,3.140,3.120,3.140,7412430
2026-02-26 11:30:00,3.130,3.140,3.130,3.140,1746500
2026-02-26 13:30:00,3.140,3.140,3.130,3.140,3105590
2026-02-26 14:00:00,3.130,3.140,3.120,3.130,11768500
2026-02-26 14:30:00,3.120,3.130,3.120,3.120,3560050
2026-02-26 15:00:00,3.130,3.160,3.120,3.160,30808462
2026-02-27 10:00:00,3.150,3.180,3.130,3.160,29146840
2026-02-27 10:30:00,3.170,3.180,3.160,3.170,10168990
2026-02-27 11:00:00,3.170,3.180,3.160,3.170,9838600
2026-02-27 11:30:00,3.170,3.180,3.160,3.170,7853430
2026-02-27 13:30:00,3.170,3.190,3.160,3.190,24389246
2026-02-27 14:00:00,3.190,3.190,3.170,3.180,9154910
2026-02-27 14:30:00,3.190,3.190,3.170,3.170,8135480
2026-02-27 15:00:00,3.180,3.190,3.170,3.180,10781670
2026-03-02 10:00:00,3.160,3.200,3.140,3.170,35690872
2026-03-02 10:30:00,3.170,3.180,3.140,3.160,23091100
2026-03-02 11:00:00,3.160,3.190,3.160,3.180,13396425
2026-03-02 11:30:00,3.190,3.200,3.180,3.190,15507510
2026-03-02 13:30:00,3.180,3.200,3.180,3.190,11379240
2026-03-02 14:00:00,3.200,3.200,3.180,3.190,8227290
2026-03-02 14:30:00,3.190,3.190,3.180,3.190,7275380
2026-03-02 15:00:00,3.190,3.190,3.170,3.180,14200880
2026-03-03 10:00:00,3.170,3.180,3.150,3.160,23163520
2026-03-03 10:30:00,3.170,3.170,3.140,3.160,17417765
2026-03-03 11:00:00,3.170,3.200,3.160,3.200,21694980
2026-03-03 11:30:00,3.200,3.200,3.180,3.190,11613150
2026-03-03 13:30:00,3.200,3.200,3.180,3.190,11359610
2026-03-03 14:00:00,3.190,3.190,3.160,3.170,13098060
2026-03-03 14:30:00,3.160,3.180,3.140,3.160,16354878
2026-03-03 15:00:00,3.160,3.160,3.140,3.150,15915971
2026-03-04 10:00:00,3.140,3.180,3.110,3.180,54223480
2026-03-04 10:30:00,3.170,3.180,3.140,3.150,15182970
2026-03-04 11:00:00,3.150,3.160,3.130,3.130,10578370
2026-03-04 11:30:00,3.140,3.140,3.110,3.130,15951120
2026-03-04 13:30:00,3.130,3.150,3.120,3.150,7814200
2026-03-04 14:00:00,3.140,3.150,3.130,3.140,3879390
2026-03-04 14:30:00,3.140,3.160,3.130,3.140,11436620
2026-03-04 15:00:00,3.140,3.150,3.130,3.130,8024510
2026-03-05 10:00:00,3.150,3.170,3.140,3.150,30694370
2026-03-05 10:30:00,3.150,3.160,3.140,3.150,14147500
2026-03-05 11:00:00,3.140,3.170,3.140,3.160,12443270
2026-03-05 11:30:00,3.160,3.170,3.150,3.160,7602860
2026-03-05 13:30:00,3.160,3.160,3.140,3.150,9190880
2026-03-05 14:00:00,3.160,3.160,3.140,3.150,7874830
2026-03-05 14:30:00,3.150,3.150,3.130,3.130,8711445
2026-03-05 15:00:00,3.140,3.150,3.130,3.140,9784130
2026-03-06 10:00:00,3.140,3.170,3.120,3.160,22613328
2026-03-06 10:30:00,3.170,3.170,3.150,3.170,9830680
2026-03-06 11:00:00,3.170,3.180,3.160,3.170,14816211
2026-03-06 11:30:00,3.180,3.180,3.160,3.180,8602679
2026-03-06 13:30:00,3.180,3.180,3.160,3.180,6734190
2026-03-06 14:00:00,3.180,3.180,3.160,3.170,6121550
2026-03-06 14:30:00,3.170,3.180,3.170,3.170,3451870
2026-03-06 15:00:00,3.170,3.190,3.170,3.190,16894670
2026-03-09 10:00:00,3.170,3.210,3.160,3.190,51903464
2026-03-09 10:30:00,3.200,3.210,3.180,3.190,14991900
2026-03-09 11:00:00,3.190,3.210,3.190,3.200,13125500
2026-03-09 11:30:00,3.190,3.200,3.180,3.190,8343500
2026-03-09 13:30:00,3.180,3.200,3.180,3.200,5845920
2026-03-09 14:00:00,3.200,3.200,3.180,3.180,7743570
2026-03-09 14:30:00,3.190,3.190,3.170,3.190,6757510
2026-03-09 15:00:00,3.190,3.190,3.170,3.180,11654226
2026-03-10 10:00:00,3.180,3.190,3.140,3.190,39953415
2026-03-10 10:30:00,3.180,3.210,3.170,3.180,15696392
2026-03-10 11:00:00,3.180,3.190,3.170,3.170,3769063
2026-03-10 11:30:00,3.170,3.190,3.170,3.190,2953380
2026-03-10 13:30:00,3.190,3.190,3.170,3.170,5095100
2026-03-10 14:00:00,3.170,3.180,3.160,3.160,7212800
2026-03-10 14:30:00,3.170,3.170,3.160,3.170,3917713
2026-03-10 15:00:00,3.160,3.180,3.160,3.160,11535810
2026-03-11 10:00:00,3.160,3.180,3.130,3.180,38550270
2026-03-11 10:30:00,3.170,3.200,3.170,3.200,28355330
2026-03-11 11:00:00,3.200,3.210,3.190,3.200,12634890
2026-03-11 11:30:00,3.190,3.210,3.190,3.200,9187800
2026-03-11 13:30:00,3.190,3.220,3.190,3.200,21695680
2026-03-11 14:00:00,3.210,3.220,3.200,3.220,8771730
2026-03-11 14:30:00,3.220,3.240,3.210,3.230,19561213
2026-03-11 15:00:00,3.230,3.240,3.220,3.240,17172281
2026-03-12 10:00:00,3.240,3.280,3.230,3.270,54799540
2026-03-12 10:30:00,3.260,3.290,3.260,3.280,22287601
2026-03-12 11:00:00,3.280,3.280,3.260,3.270,10794954
2026-03-12 11:30:00,3.260,3.270,3.240,3.240,10529700
2026-03-12 13:30:00,3.250,3.270,3.240,3.260,9187310
2026-03-12 14:00:00,3.270,3.280,3.260,3.270,10178231
2026-03-12 14:30:00,3.280,3.280,3.260,3.280,8320500
2026-03-12 15:00:00,3.280,3.280,3.260,3.270,11805370
2026-03-13 10:00:00,3.270,3.280,3.240,3.250,27740761
2026-03-13 10:30:00,3.250,3.270,3.250,3.250,7747836
2026-03-13 11:00:00,3.260,3.270,3.240,3.260,10315207
2026-03-13 11:30:00,3.260,3.270,3.250,3.270,8705020
2026-03-13 13:30:00,3.260,3.270,3.250,3.260,7858830
2026-03-13 14:00:00,3.260,3.260,3.250,3.260,4463810
2026-03-13 14:30:00,3.260,3.260,3.240,3.250,7844740
2026-03-13 15:00:00,3.240,3.250,3.230,3.230,18951600
2026-03-16 10:00:00,3.250,3.270,3.200,3.220,41120720
2026-03-16 10:30:00,3.220,3.250,3.220,3.240,13676524
2026-03-16 11:00:00,3.250,3.260,3.240,3.250,11144960
2026-03-16 11:30:00,3.250,3.260,3.240,3.260,4276760
2026-03-16 13:30:00,3.260,3.270,3.250,3.250,10854250
2026-03-16 14:00:00,3.260,3.260,3.240,3.250,9274850
2026-03-16 14:30:00,3.250,3.250,3.230,3.240,4177542
2026-03-16 15:00:00,3.240,3.250,3.230,3.240,7468190
2026-03-17 10:00:00,3.240,3.260,3.220,3.250,18063142
2026-03-17 10:30:00,3.260,3.260,3.240,3.240,5684550
2026-03-17 11:00:00,3.250,3.260,3.240,3.260,4448150
2026-03-17 11:30:00,3.250,3.260,3.240,3.240,8621160
2026-03-17 13:30:00,3.250,3.260,3.240,3.240,3920570
2026-03-17 14:00:00,3.250,3.250,3.220,3.230,11803510
2026-03-17 14:30:00,3.230,3.250,3.220,3.230,9165470
2026-03-17 15:00:00,3.240,3.240,3.220,3.220,8255965
2026-03-18 10:00:00,3.220,3.240,3.210,3.220,21700650
2026-03-18 10:30:00,3.220,3.220,3.190,3.200,19399300
2026-03-18 11:00:00,3.190,3.200,3.180,3.180,16231960
2026-03-18 11:30:00,3.190,3.200,3.180,3.180,7099400
2026-03-18 13:30:00,3.190,3.200,3.180,3.190,7150700
2026-03-18 14:00:00,3.200,3.230,3.190,3.220,14876740
2026-03-18 14:30:00,3.220,3.230,3.220,3.220,4229830
2026-03-18 15:00:00,3.230,3.240,3.220,3.230,10197690
2026-03-19 10:00:00,3.210,3.250,3.190,3.240,41291490
2026-03-19 10:30:00,3.240,3.250,3.210,3.250,13938510
2026-03-19 11:00:00,3.240,3.250,3.220,3.220,7300550
2026-03-19 11:30:00,3.220,3.240,3.220,3.230,4092960
2026-03-19 13:30:00,3.220,3.230,3.210,3.230,6512910
2026-03-19 14:00:00,3.220,3.230,3.210,3.220,5211960
2026-03-19 14:30:00,3.220,3.240,3.210,3.220,9836400
2026-03-19 15:00:00,3.210,3.220,3.200,3.220,11677071
2026-03-20 10:00:00,3.220,3.260,3.200,3.200,39630690
2026-03-20 10:30:00,3.210,3.210,3.180,3.210,27865920
2026-03-20 11:00:00,3.210,3.210,3.190,3.200,5204280
2026-03-20 11:30:00,3.200,3.260,3.190,3.250,14149736
2026-03-20 13:30:00,3.250,3.260,3.230,3.240,9073893
2026-03-20 14:00:00,3.240,3.240,3.220,3.220,4667620
2026-03-20 14:30:00,3.230,3.230,3.210,3.210,7797131
2026-03-20 15:00:00,3.210,3.220,3.190,3.190,13699369
2026-03-23 10:00:00,3.180,3.190,3.130,3.160,59543960
2026-03-23 10:30:00,3.170,3.190,3.150,3.180,14261420
2026-03-23 11:00:00,3.180,3.190,3.150,3.150,11241800
2026-03-23 11:30:00,3.150,3.170,3.150,3.160,6013020
2026-03-23 13:30:00,3.160,3.160,3.110,3.110,18586230
2026-03-23 14:00:00,3.110,3.130,3.100,3.110,17506680
2026-03-23 14:30:00,3.110,3.120,3.090,3.100,15526004
2026-03-23 15:00:00,3.110,3.110,3.080,3.100,12738655
2026-03-24 10:00:00,3.130,3.140,3.090,3.110,27215330
2026-03-24 10:30:00,3.100,3.130,3.090,3.130,9897990
2026-03-24 11:00:00,3.120,3.140,3.120,3.130,18943040
2026-03-24 11:30:00,3.120,3.150,3.120,3.130,17987900
2026-03-24 13:30:00,3.130,3.140,3.120,3.120,8412100
2026-03-24 14:00:00,3.130,3.140,3.120,3.120,8716730
2026-03-24 14:30:00,3.120,3.150,3.120,3.150,10004460
2026-03-24 15:00:00,3.140,3.160,3.140,3.150,15069373
2026-03-25 10:00:00,3.150,3.210,3.130,3.190,37279193
2026-03-25 10:30:00,3.200,3.250,3.190,3.250,25385582
2026-03-25 11:00:00,3.250,3.290,3.240,3.270,31521955
2026-03-25 11:30:00,3.270,3.290,3.270,3.280,12854210
2026-03-25 13:30:00,3.270,3.280,3.250,3.260,11905600
2026-03-25 14:00:00,3.260,3.270,3.250,3.270,9410192
2026-03-25 14:30:00,3.270,3.270,3.240,3.240,12289460
2026-03-25 15:00:00,3.240,3.260,3.240,3.250,11722563
2026-03-26 10:00:00,3.250,3.260,3.210,3.240,28021600
2026-03-26 10:30:00,3.250,3.250,3.200,3.230,18829030
2026-03-26 11:00:00,3.230,3.260,3.220,3.230,15405410
2026-03-26 11:30:00,3.240,3.270,3.230,3.250,10096230
2026-03-26 13:30:00,3.250,3.270,3.240,3.260,12166933
2026-03-26 14:00:00,3.260,3.270,3.250,3.250,7921803
2026-03-26 14:30:00,3.250,3.260,3.230,3.240,8245000
2026-03-26 15:00:00,3.240,3.250,3.240,3.250,8585832
2026-03-27 10:00:00,3.230,3.250,3.200,3.220,31596790
2026-03-27 10:30:00,3.230,3.250,3.210,3.220,12392130
2026-03-27 11:00:00,3.210,3.230,3.180,3.180,18349870
2026-03-27 11:30:00,3.180,3.200,3.180,3.200,11851680
2026-03-27 13:30:00,3.200,3.220,3.190,3.200,9586400
2026-03-27 14:00:00,3.210,3.210,3.200,3.210,3779770
2026-03-27 14:30:00,3.200,3.210,3.190,3.200,4684060
2026-03-27 15:00:00,3.210,3.220,3.200,3.210,10484131
2026-03-30 10:00:00,3.180,3.190,3.110,3.130,44276070
2026-03-30 10:30:00,3.130,3.150,3.120,3.150,10307000
2026-03-30 11:00:00,3.140,3.150,3.130,3.140,6829700
2026-03-30 11:30:00,3.140,3.160,3.130,3.160,4973560
2026-03-30 13:30:00,3.160,3.160,3.140,3.150,8783143
2026-03-30 14:00:00,3.150,3.160,3.140,3.160,4004900
2026-03-30 14:30:00,3.160,3.160,3.150,3.160,3815340
2026-03-30 15:00:00,3.160,3.160,3.140,3.150,10357350
2026-03-31 10:00:00,3.150,3.200,3.140,3.170,34078854
2026-03-31 10:30:00,3.170,3.180,3.160,3.160,6488110
2026-03-31 11:00:00,3.170,3.170,3.150,3.170,4393200
2026-03-31 11:30:00,3.160,3.170,3.150,3.160,4289650
2026-03-31 13:30:00,3.150,3.170,3.150,3.160,6865380
2026-03-31 14:00:00,3.160,3.170,3.150,3.150,6615190
2026-03-31 14:30:00,3.160,3.160,3.130,3.140,8153980
2026-03-31 15:00:00,3.130,3.140,3.130,3.130,7447772
2026-04-01 10:00:00,3.160,3.170,3.130,3.130,18852500
2026-04-01 10:30:00,3.130,3.150,3.130,3.140,9483550
2026-04-01 11:00:00,3.130,3.150,3.130,3.130,4926300
2026-04-01 11:30:00,3.140,3.140,3.130,3.130,3273400
2026-04-01 13:30:00,3.130,3.140,3.120,3.130,9637300
2026-04-01 14:00:00,3.120,3.140,3.110,3.120,9345420
2026-04-01 14:30:00,3.120,3.130,3.110,3.120,4100650
2026-04-01 15:00:00,3.120,3.140,3.120,3.130,6793400
2026-04-02 10:00:00,3.130,3.140,3.110,3.140,13176596
2026-04-02 10:30:00,3.130,3.140,3.110,3.110,9844500
2026-04-02 11:00:00,3.120,3.120,3.100,3.110,9535470
2026-04-02 11:30:00,3.110,3.110,3.090,3.100,8171000
2026-04-02 13:30:00,3.090,3.110,3.080,3.110,9581700
2026-04-02 14:00:00,3.100,3.110,3.090,3.090,4529530
2026-04-02 14:30:00,3.090,3.110,3.090,3.100,4906499
2026-04-02 15:00:00,3.100,3.110,3.090,3.100,6813580
