date,open,high,low,close,volume
2025-03-27 14:30:00,20.370,20.450,20.360,20.440,1364300
2025-03-27 15:00:00,20.440,20.450,20.320,20.380,3495109
2025-03-28 10:00:00,20.380,20.720,20.300,20.700,5681575
2025-03-28 10:30:00,20.700,20.790,20.630,20.640,3581475
2025-03-28 11:00:00,20.650,20.680,20.560,20.600,1468924
2025-03-28 11:30:00,20.600,20.620,20.540,20.550,1213543
2025-03-28 13:30:00,20.560,20.630,20.540,20.550,879307
2025-03-28 14:00:00,20.550,20.610,20.530,20.600,948700
2025-03-28 14:30:00,20.590,20.620,20.570,20.590,941512
2025-03-28 15:00:00,20.590,20.600,20.560,20.560,1792560
2025-03-31 10:00:00,20.400,20.770,20.200,20.320,6542346
2025-03-31 10:30:00,20.340,20.500,20.290,20.320,2564414
2025-03-31 11:00:00,20.320,20.390,20.250,20.270,1953960
2025-03-31 11:30:00,20.260,20.320,20.150,20.160,1815656
2025-03-31 13:30:00,20.160,20.280,20.150,20.260,1331569
2025-03-31 14:00:00,20.260,20.290,20.210,20.240,1227014
2025-03-31 14:30:00,20.230,20.290,20.200,20.250,1531421
2025-03-31 15:00:00,20.260,20.320,20.230,20.280,1728800
2025-04-01 10:00:00,20.350,20.740,20.220,20.710,5083323
2025-04-01 10:30:00,20.700,20.860,20.650,20.760,6146424
2025-04-01 11:00:00,20.760,20.870,20.720,20.780,2751360
2025-04-01 11:30:00,20.770,20.820,20.760,20.810,1138504
2025-04-01 13:30:00,20.810,20.830,20.700,20.760,1936780
2025-04-01 14:00:00,20.760,20.770,20.650,20.660,1366100
2025-04-01 14:30:00,20.660,20.690,20.650,20.670,1172332
2025-04-01 15:00:00,20.670,20.720,20.670,20.710,2083531
2025-04-02 10:00:00,20.610,20.690,20.470,20.630,3802664
2025-04-02 10:30:00,20.630,20.660,20.540,20.550,1552200
2025-04-02 11:00:00,20.550,20.640,20.530,20.590,957608
2025-04-02 11:30:00,20.600,20.600,20.510,20.550,886700
2025-04-02 13:30:00,20.550,20.560,20.470,20.490,1450280
2025-04-02 14:00:00,20.480,20.500,20.440,20.470,923464
2025-04-02 14:30:00,20.460,20.480,20.450,20.460,857582
2025-04-02 15:00:00,20.460,20.480,20.410,20.480,1801180
2025-04-03 10:00:00,20.350,20.550,20.320,20.430,2585334
2025-04-03 10:30:00,20.430,20.540,20.380,20.520,1268071
2025-04-03 11:00:00,20.510,20.580,20.490,20.510,1168840
2025-04-03 11:30:00,20.520,20.630,20.500,20.560,1657232
2025-04-03 13:30:00,20.550,20.640,20.540,20.600,1922164
2025-04-03 14:00:00,20.600,20.740,20.580,20.730,2373845
2025-04-03 14:30:00,20.740,20.750,20.670,20.690,1182532
2025-04-03 15:00:00,20.700,20.730,20.680,20.690,1708696
2025-04-07 10:00:00,21.800,22.750,21.800,22.460,76379223
2025-04-07 10:30:00,22.460,22.550,22.300,22.420,14880528
2025-04-07 11:00:00,22.420,22.520,22.280,22.450,8514319
2025-04-07 11:30:00,22.460,22.580,22.420,22.430,6570443
2025-04-07 13:30:00,22.430,22.440,22.030,22.100,7586421
2025-04-07 14:00:00,22.100,22.300,21.930,21.980,6306532
2025-04-07 14:30:00,21.970,22.000,21.250,21.730,9205840
2025-04-07 15:00:00,21.710,22.140,21.710,22.020,9500516
2025-04-08 10:00:00,22.010,22.570,21.750,22.170,27255934
2025-04-08 10:30:00,22.150,22.470,22.090,22.360,8743803
2025-04-08 11:00:00,22.360,23.100,22.300,23.010,16680948
2025-04-08 11:30:00,23.000,23.050,22.790,22.910,5803720
2025-04-08 13:30:00,22.900,22.940,22.660,22.790,6387136
2025-04-08 14:00:00,22.790,23.020,22.790,22.970,6119430
2025-04-08 14:30:00,22.970,23.170,22.930,23.140,11121894
2025-04-08 15:00:00,23.120,23.160,23.080,23.140,9924949
2025-04-09 10:00:00,23.130,23.610,22.470,22.720,23248806
2025-04-09 10:30:00,22.750,23.440,22.710,23.150,9932430
2025-04-09 11:00:00,23.150,23.250,23.040,23.160,3742407
2025-04-09 11:30:00,23.170,23.220,23.000,23.040,3643696
2025-04-09 13:30:00,23.050,23.080,22.820,23.050,3835168
2025-04-09 14:00:00,23.050,23.270,23.010,23.140,4822769
2025-04-09 14:30:00,23.140,23.180,23.040,23.120,3917529
2025-04-09 15:00:00,23.140,23.240,23.120,23.170,5777102
2025-04-10 10:00:00,22.600,23.160,22.300,22.980,17395871
2025-04-10 10:30:00,22.980,23.330,22.940,23.230,5903856
2025-04-10 11:00:00,23.240,23.250,22.950,22.970,3943750
2025-04-10 11:30:00,22.970,22.990,22.720,22.800,4034336
2025-04-10 13:30:00,22.800,22.870,22.630,22.770,5920336
2025-04-10 14:00:00,22.770,22.920,22.720,22.740,4379545
2025-04-10 14:30:00,22.740,22.870,22.670,22.740,5891999
2025-04-10 15:00:00,22.730,22.820,22.560,22.660,7838059
2025-04-11 10:00:00,22.580,23.220,22.520,22.880,14988048
2025-04-11 10:30:00,22.880,23.070,22.510,22.570,4895420
2025-04-11 11:00:00,22.580,22.690,22.340,22.370,4132540
2025-04-11 11:30:00,22.370,22.500,22.360,22.420,2369984
2025-04-11 13:30:00,22.430,22.760,22.390,22.650,3756816
2025-04-11 14:00:00,22.650,22.710,22.500,22.520,3165110
2025-04-11 14:30:00,22.520,22.640,22.390,22.410,3925144
2025-04-11 15:00:00,22.410,22.500,22.370,22.470,4807976
2025-04-14 10:00:00,22.120,22.460,21.940,22.410,15740960
2025-04-14 10:30:00,22.420,22.430,22.150,22.260,4730734
2025-04-14 11:00:00,22.250,22.320,22.200,22.300,2426700
2025-04-14 11:30:00,22.300,22.310,22.200,22.270,2052900
2025-04-14 13:30:00,22.270,22.290,22.050,22.070,2536376
2025-04-14 14:00:00,22.080,22.120,22.000,22.020,2989600
2025-04-14 14:30:00,22.010,22.140,22.000,22.080,2005750
2025-04-14 15:00:00,22.090,22.150,22.050,22.110,3056255
2025-04-15 10:00:00,22.120,22.190,21.700,21.890,7621629
2025-04-15 10:30:00,21.890,22.070,21.760,22.040,3117672
2025-04-15 11:00:00,22.040,22.050,21.830,21.850,1651400
2025-04-15 11:30:00,21.840,21.880,21.740,21.830,2116620
2025-04-15 13:30:00,21.840,21.860,21.610,21.670,3360271
2025-04-15 14:00:00,21.670,21.730,21.620,21.700,2386386
2025-04-15 14:30:00,21.690,21.800,21.650,21.760,2008900
2025-04-15 15:00:00,21.750,21.890,21.750,21.880,3342934
2025-04-16 10:00:00,20.900,21.180,20.610,21.150,22740694
2025-04-16 10:30:00,21.150,21.250,21.000,21.020,4989448
2025-04-16 11:00:00,21.020,21.100,20.990,21.030,2246264
2025-04-16 11:30:00,21.040,21.040,20.930,20.980,2139900
2025-04-16 13:30:00,20.970,20.990,20.860,20.950,3368100
2025-04-16 14:00:00,20.950,21.000,20.870,20.940,2479500
2025-04-16 14:30:00,20.940,21.030,20.920,20.960,1945081
2025-04-16 15:00:00,20.950,21.100,20.910,21.030,4400211
2025-04-17 10:00:00,20.850,21.380,20.810,20.850,8469980
2025-04-17 10:30:00,20.850,20.870,20.690,20.740,5481124
2025-04-17 11:00:00,20.750,20.850,20.680,20.830,2261360
2025-04-17 11:30:00,20.830,20.850,20.700,20.840,2073346
2025-04-17 13:30:00,20.840,20.870,20.760,20.810,1680249
2025-04-17 14:00:00,20.810,20.950,20.790,20.900,2248210
2025-04-17 14:30:00,20.900,20.920,20.840,20.880,1440852
2025-04-17 15:00:00,20.870,20.870,20.780,20.820,2712980
2025-04-18 10:00:00,20.760,20.890,20.620,20.620,4557495
2025-04-18 10:30:00,20.620,20.630,20.560,20.620,3218457
2025-04-18 11:00:00,20.610,20.660,20.590,20.620,1527800
2025-04-18 11:30:00,20.630,20.670,20.590,20.650,1475061
2025-04-18 13:30:00,20.640,20.670,20.480,20.500,3052800
2025-04-18 14:00:00,20.500,20.640,20.480,20.630,1809158
2025-04-18 14:30:00,20.610,20.690,20.600,20.630,1331440
2025-04-18 15:00:00,20.630,20.710,20.580,20.680,2364244
2025-04-21 10:00:00,20.580,20.630,20.480,20.530,3764902
2025-04-21 10:30:00,20.520,20.740,20.520,20.740,2426548
2025-04-21 11:00:00,20.740,20.830,20.700,20.820,3169007
2025-04-21 11:30:00,20.820,20.900,20.800,20.870,1663144
2025-04-21 13:30:00,20.870,20.910,20.770,20.770,1124500
2025-04-21 14:00:00,20.780,20.880,20.760,20.870,1044000
2025-04-21 14:30:00,20.880,20.890,20.820,20.850,998200
2025-04-21 15:00:00,20.840,20.880,20.820,20.850,1917511
2025-04-22 10:00:00,20.820,20.980,20.730,20.730,4475763
2025-04-22 10:30:00,20.730,20.770,20.620,20.650,4138120
2025-04-22 11:00:00,20.660,20.690,20.590,20.630,2576200
2025-04-22 11:30:00,20.620,20.630,20.480,20.580,3458600
2025-04-22 13:30:00,20.580,20.600,20.470,20.520,2821000
2025-04-22 14:00:00,20.510,20.520,20.400,20.410,3483841
2025-04-22 14:30:00,20.410,20.480,20.410,20.430,2751800
2025-04-22 15:00:00,20.430,20.490,20.420,20.470,3373906
2025-04-23 10:00:00,20.460,20.550,20.250,20.310,6469900
2025-04-23 10:30:00,20.310,20.320,20.250,20.300,1946678
2025-04-23 11:00:00,20.300,20.340,20.250,20.280,1237512
2025-04-23 11:30:00,20.280,20.290,20.220,20.260,1894034
2025-04-23 13:30:00,20.270,20.330,20.230,20.290,1553414
2025-04-23 14:00:00,20.290,20.310,20.240,20.260,1307824
2025-04-23 14:30:00,20.250,20.260,20.160,20.180,3390314
2025-04-23 15:00:00,20.170,20.190,20.120,20.130,4056383
2025-04-24 10:00:00,20.120,20.280,20.020,20.130,5341988
2025-04-24 10:30:00,20.130,20.210,20.110,20.200,2027600
2025-04-24 11:00:00,20.210,20.280,20.110,20.160,1822400
2025-04-24 11:30:00,20.160,20.160,20.050,20.090,1486900
2025-04-24 13:30:00,20.080,20.110,20.030,20.070,2317120
2025-04-24 14:00:00,20.080,20.080,20.030,20.060,1046968
2025-04-24 14:30:00,20.060,20.220,20.060,20.150,2208300
2025-04-24 15:00:00,20.150,20.160,20.060,20.140,2158894
2025-04-25 10:00:00,19.950,19.950,19.330,19.510,19489720
2025-04-25 10:30:00,19.510,19.540,19.440,19.490,4180720
2025-04-25 11:00:00,19.480,19.540,19.460,19.490,3762500
2025-04-25 11:30:00,19.490,19.560,19.470,19.560,2628708
2025-04-25 13:30:00,19.560,19.610,19.540,19.570,2145880
2025-04-25 14:00:00,19.570,19.600,19.480,19.490,2930364
2025-04-25 14:30:00,19.500,19.500,19.460,19.480,2661307
2025-04-25 15:00:00,19.480,19.520,19.460,19.490,5066524
2025-04-28 10:00:00,19.360,19.470,19.260,19.390,5087704
2025-04-28 10:30:00,19.380,19.420,19.270,19.290,3101032
2025-04-28 11:00:00,19.290,19.360,19.170,19.180,4490920
2025-04-28 11:30:00,19.180,19.240,19.160,19.210,2119300
2025-04-28 13:30:00,19.200,19.230,19.110,19.150,2754233
2025-04-28 14:00:00,19.140,19.210,19.010,19.040,3666693
2025-04-28 14:30:00,19.030,19.100,18.980,19.070,4040269
2025-04-28 15:00:00,19.060,19.090,19.050,19.060,2569756
2025-04-29 10:00:00,19.060,19.120,18.970,19.120,3364240
2025-04-29 10:30:00,19.120,19.150,19.090,19.110,1807500
2025-04-29 11:00:00,19.110,19.140,19.100,19.120,636565
2025-04-29 11:30:00,19.130,19.190,19.120,19.170,1064856
2025-04-29 13:30:00,19.170,19.190,19.100,19.110,1527777
2025-04-29 14:00:00,19.120,19.120,19.080,19.100,756756
2025-04-29 14:30:00,19.100,19.120,19.090,19.090,960442
2025-04-29 15:00:00,19.100,19.120,19.070,19.100,2404632
2025-04-30 10:00:00,19.110,19.240,19.070,19.190,3132340
2025-04-30 10:30:00,19.200,19.230,19.170,19.180,1841540
2025-04-30 11:00:00,19.190,19.190,19.140,19.160,1105100
2025-04-30 11:30:00,19.150,19.180,19.130,19.140,754680
2025-04-30 13:30:00,19.140,19.170,19.100,19.110,1610020
2025-04-30 14:00:00,19.110,19.130,19.110,19.110,785160
2025-04-30 14:30:00,19.110,19.150,19.110,19.120,1018492
2025-04-30 15:00:00,19.120,19.130,19.080,19.090,3765563
2025-05-06 10:00:00,19.190,19.190,19.060,19.150,5610548
2025-05-06 10:30:00,19.150,19.160,19.100,19.150,2368300
2025-05-06 11:00:00,19.160,19.180,19.120,19.150,2272057
2025-05-06 11:30:00,19.150,19.250,19.140,19.200,2301148
2025-05-06 13:30:00,19.200,19.210,19.150,19.170,1850952
2025-05-06 14:00:00,19.170,19.210,19.150,19.170,1546961
2025-05-06 14:30:00,19.160,19.210,19.160,19.190,1611220
2025-05-06 15:00:00,19.190,19.220,19.180,19.210,2674440
2025-05-07 10:00:00,19.270,19.370,19.190,19.200,6541101
2025-05-07 10:30:00,19.200,19.230,19.140,19.160,2544300
2025-05-07 11:00:00,19.170,19.190,19.140,19.160,1557149
2025-05-07 11:30:00,19.170,19.220,19.160,19.180,883120
2025-05-07 13:30:00,19.180,19.280,19.180,19.280,1570039
2025-05-07 14:00:00,19.280,19.290,19.220,19.220,1318100
2025-05-07 14:30:00,19.230,19.250,19.210,19.230,1196108
2025-05-07 15:00:00,19.230,19.270,19.220,19.270,2153449
2025-05-08 10:00:00,19.270,19.290,19.150,19.280,3523700
2025-05-08 10:30:00,19.280,19.300,19.210,19.260,1515220
2025-05-08 11:00:00,19.260,19.280,19.230,19.270,1112700
2025-05-08 11:30:00,19.270,19.290,19.250,19.290,1066112
2025-05-08 13:30:00,19.280,19.300,19.230,19.240,1736300
2025-05-08 14:00:00,19.230,19.240,19.220,19.230,1132681
2025-05-08 14:30:00,19.240,19.260,19.230,19.260,921812
2025-05-08 15:00:00,19.250,19.270,19.240,19.260,2485038
2025-05-09 10:00:00,19.220,19.260,19.110,19.140,4016858
2025-05-09 10:30:00,19.140,19.160,19.130,19.140,1599900
2025-05-09 11:00:00,19.140,19.150,19.040,19.070,3689901
2025-05-09 11:30:00,19.070,19.100,19.060,19.090,766991
2025-05-09 13:30:00,19.100,19.100,19.080,19.090,722300
2025-05-09 14:00:00,19.090,19.110,19.090,19.100,591220
2025-05-09 14:30:00,19.100,19.110,19.080,19.090,713780
2025-05-09 15:00:00,19.090,19.100,19.070,19.080,2217608
2025-05-12 10:00:00,19.050,19.090,18.970,19.070,4091250
2025-05-12 10:30:00,19.080,19.140,19.080,19.120,1662971
2025-05-12 11:00:00,19.130,19.140,19.100,19.120,973000
2025-05-12 11:30:00,19.120,19.140,19.110,19.120,707068
2025-05-12 13:30:00,19.120,19.130,19.100,19.130,1008345
2025-05-12 14:00:00,19.120,19.150,19.100,19.110,1067744
2025-05-12 14:30:00,19.110,19.150,19.110,19.140,807244
2025-05-12 15:00:00,19.140,19.160,19.130,19.160,1932148
2025-05-13 10:00:00,19.180,19.250,19.170,19.220,4673085
2025-05-13 10:30:00,19.230,19.230,19.160,19.160,2066732
2025-05-13 11:00:00,19.170,19.190,19.110,19.160,2080799
2025-05-13 11:30:00,19.160,19.190,19.140,19.140,855300
2025-05-13 13:30:00,19.150,19.160,19.120,19.140,939630
2025-05-13 14:00:00,19.140,19.180,19.130,19.170,933538
2025-05-13 14:30:00,19.170,19.240,19.170,19.220,1884243
2025-05-13 15:00:00,19.220,19.230,19.190,19.210,1825532
2025-05-14 10:00:00,19.280,19.290,19.100,19.120,3639500
2025-05-14 10:30:00,19.130,19.130,19.060,19.110,2537320
2025-05-14 11:00:00,19.120,19.120,19.090,19.090,1015100
2025-05-14 11:30:00,19.100,19.120,19.080,19.100,836950
2025-05-14 13:30:00,19.100,19.150,19.090,19.120,1893513
2025-05-14 14:00:00,19.140,19.200,19.090,19.120,2649297
2025-05-14 14:30:00,19.120,19.140,19.110,19.120,1034100
2025-05-14 15:00:00,19.110,19.130,19.100,19.130,2958178
2025-05-15 10:00:00,19.100,19.130,19.050,19.050,3044496
2025-05-15 10:30:00,19.050,19.120,19.020,19.090,1646348
2025-05-15 11:00:00,19.100,19.110,19.070,19.070,563300
2025-05-15 11:30:00,19.070,19.090,19.050,19.080,467144
2025-05-15 13:30:00,19.090,19.110,19.060,19.060,691328
2025-05-15 14:00:00,19.070,19.080,19.060,19.070,543360
2025-05-15 14:30:00,19.070,19.100,19.060,19.070,680232
2025-05-15 15:00:00,19.070,19.080,19.050,19.070,1585600
2025-05-16 10:00:00,19.040,19.060,18.970,19.030,3522560
2025-05-16 10:30:00,19.030,19.060,19.020,19.050,956748
2025-05-16 11:00:00,19.040,19.080,19.030,19.080,866313
2025-05-16 11:30:00,19.080,19.080,19.050,19.050,424976
2025-05-16 13:30:00,19.060,19.110,19.050,19.070,1021572
2025-05-16 14:00:00,19.080,19.130,19.050,19.120,1084113
2025-05-16 14:30:00,19.110,19.140,19.100,19.130,964398
2025-05-16 15:00:00,19.140,19.140,19.120,19.140,1344711
2025-05-19 10:00:00,19.110,19.180,19.060,19.110,2387728
2025-05-19 10:30:00,19.110,19.140,19.110,19.110,919280
2025-05-19 11:00:00,19.120,19.130,19.090,19.100,880820
2025-05-19 11:30:00,19.100,19.120,19.060,19.080,1106380
2025-05-19 13:30:00,19.080,19.120,19.070,19.120,460133
2025-05-19 14:00:00,19.120,19.130,19.110,19.110,467336
2025-05-19 14:30:00,19.120,19.130,19.100,19.110,603874
2025-05-19 15:00:00,19.110,19.120,19.090,19.100,1115126
2025-05-20 10:00:00,19.100,19.200,19.100,19.140,3537477
2025-05-20 10:30:00,19.140,19.160,19.130,19.130,972958
2025-05-20 11:00:00,19.140,19.160,19.130,19.160,879350
2025-05-20 11:30:00,19.160,19.180,19.150,19.170,1001492
2025-05-20 13:30:00,19.170,19.180,19.160,19.160,1036200
2025-05-20 14:00:00,19.160,19.170,19.130,19.150,1240836
2025-05-20 14:30:00,19.150,19.160,19.140,19.150,728200
2025-05-20 15:00:00,19.150,19.170,19.140,19.150,1869031
2025-05-21 10:00:00,19.160,19.310,19.120,19.240,5884620
2025-05-21 10:30:00,19.230,19.260,19.200,19.250,2173288
2025-05-21 11:00:00,19.240,19.250,19.180,19.200,1776512
2025-05-21 11:30:00,19.200,19.380,19.200,19.280,4565299
2025-05-21 13:30:00,19.280,19.290,19.240,19.240,2050220
2025-05-21 14:00:00,19.240,19.250,19.210,19.220,1512424
2025-05-21 14:30:00,19.210,19.220,19.200,19.200,1302056
2025-05-21 15:00:00,19.200,19.300,19.190,19.230,2425040
2025-05-22 10:00:00,19.230,19.230,19.050,19.180,4200451
2025-05-22 10:30:00,19.180,19.180,19.110,19.150,1807489
2025-05-22 11:00:00,19.130,19.150,19.060,19.090,2067660
2025-05-22 11:30:00,19.090,19.110,19.070,19.090,1149200
2025-05-22 13:30:00,19.110,19.120,19.080,19.090,755340
2025-05-22 14:00:00,19.100,19.120,19.080,19.090,924200
2025-05-22 14:30:00,19.090,19.100,19.050,19.060,1717076
2025-05-22 15:00:00,19.070,19.070,19.030,19.060,2680050
2025-05-23 10:00:00,19.070,19.180,19.070,19.110,2940240
2025-05-23 10:30:00,19.130,19.130,19.080,19.090,1151400
2025-05-23 11:00:00,19.090,19.130,19.070,19.130,783160
2025-05-23 11:30:00,19.130,19.160,19.100,19.130,855420
2025-05-23 13:30:00,19.130,19.150,19.100,19.130,1025900
2025-05-23 14:00:00,19.130,19.140,19.070,19.070,1122100
2025-05-23 14:30:00,19.070,19.090,19.000,19.020,2218478
2025-05-23 15:00:00,19.010,19.020,18.980,18.980,3673261
2025-05-26 10:00:00,18.980,19.080,18.890,19.030,4079120
2025-05-26 10:30:00,19.030,19.080,19.010,19.030,1522154
2025-05-26 11:00:00,19.040,19.040,18.970,18.980,1217200
2025-05-26 11:30:00,18.980,18.990,18.920,18.950,1153900
2025-05-26 13:30:00,18.950,18.980,18.940,18.960,885104
2025-05-26 14:00:00,18.980,19.020,18.970,19.010,924037
2025-05-26 14:30:00,19.020,19.030,18.990,18.990,681136
2025-05-26 15:00:00,19.000,19.020,18.970,19.000,1508316
2025-05-27 10:00:00,19.040,19.100,19.000,19.070,2821542
2025-05-27 10:30:00,19.070,19.080,19.040,19.040,769300
2025-05-27 11:00:00,19.040,19.060,19.040,19.040,575549
2025-05-27 11:30:00,19.050,19.050,19.020,19.030,677000
2025-05-27 13:30:00,19.030,19.040,19.010,19.010,546100
2025-05-27 14:00:00,19.010,19.030,18.990,19.000,547620
2025-05-27 14:30:00,19.000,19.030,18.990,19.020,397868
2025-05-27 15:00:00,19.020,19.040,19.010,19.020,875883
2025-05-28 10:00:00,19.030,19.060,18.910,19.060,2163804
2025-05-28 10:30:00,19.060,19.090,19.020,19.020,1897340
2025-05-28 11:00:00,19.020,19.030,19.010,19.020,905620
2025-05-28 11:30:00,19.020,19.020,18.980,19.000,758919
2025-05-28 13:30:00,19.000,19.020,18.990,19.010,527009
2025-05-28 14:00:00,19.010,19.020,18.990,19.010,370231
2025-05-28 14:30:00,19.010,19.010,18.970,18.990,779200
2025-05-28 15:00:00,18.980,19.000,18.970,18.990,1289749
2025-05-29 10:00:00,19.000,19.020,18.910,19.000,2024145
2025-05-29 10:30:00,18.990,19.030,18.990,19.010,1342851
2025-05-29 11:00:00,19.000,19.050,19.000,19.040,1374704
2025-05-29 11:30:00,19.040,19.040,19.010,19.030,569900
2025-05-29 13:30:00,19.030,19.150,19.020,19.140,2536040
2025-05-29 14:00:00,19.150,19.270,19.130,19.270,4637564
2025-05-29 14:30:00,19.270,19.300,19.210,19.220,2864480
2025-05-29 15:00:00,19.230,19.240,19.190,19.230,2332174
2025-05-30 10:00:00,19.200,19.390,19.160,19.300,7634197
2025-05-30 10:30:00,19.300,19.320,19.210,19.230,1778620
2025-05-30 11:00:00,19.240,19.290,19.220,19.270,1073500
2025-05-30 11:30:00,19.270,19.290,19.210,19.230,1376500
2025-05-30 13:30:00,19.230,19.240,19.140,19.150,1455500
2025-05-30 14:00:00,19.140,19.170,19.130,19.150,623000
2025-05-30 14:30:00,19.150,19.160,19.120,19.120,765044
2025-05-30 15:00:00,19.130,19.150,19.110,19.130,1878901
2025-06-03 10:00:00,19.100,19.420,19.080,19.300,6645842
2025-06-03 10:30:00,19.300,19.320,19.230,19.230,2087620
2025-06-03 11:00:00,19.240,19.260,19.200,19.240,823384
2025-06-03 11:30:00,19.240,19.290,19.230,19.260,650581
2025-06-03 13:30:00,19.260,19.260,19.170,19.190,1869548
2025-06-03 14:00:00,19.210,19.270,19.170,19.250,1433260
2025-06-03 14:30:00,19.240,19.310,19.230,19.250,2831940
2025-06-03 15:00:00,19.250,19.290,19.240,19.290,2483717
2025-06-04 10:00:00,19.300,19.300,19.170,19.280,3320193
2025-06-04 10:30:00,19.280,19.320,19.240,19.270,1726989
2025-06-04 11:00:00,19.270,19.290,19.230,19.280,1316404
2025-06-04 11:30:00,19.270,19.330,19.240,19.280,1459900
2025-06-04 13:30:00,19.290,19.330,19.270,19.300,1298708
2025-06-04 14:00:00,19.300,19.300,19.270,19.290,958431
2025-06-04 14:30:00,19.300,19.320,19.280,19.300,1687140
2025-06-04 15:00:00,19.300,19.310,19.270,19.300,1612144
2025-06-05 10:00:00,19.320,19.340,19.150,19.150,4375380
2025-06-05 10:30:00,19.150,19.220,19.140,19.200,1187320
2025-06-05 11:00:00,19.200,19.220,19.180,19.210,618646
2025-06-05 11:30:00,19.210,19.220,19.180,19.190,642200
2025-06-05 13:30:00,19.190,19.270,19.170,19.210,1897652
2025-06-05 14:00:00,19.210,19.260,19.200,19.260,917700
2025-06-05 14:30:00,19.250,19.280,19.230,19.270,1092300
2025-06-05 15:00:00,19.270,19.290,19.230,19.240,1775053
2025-06-06 10:00:00,19.800,20.020,19.400,19.990,25354236
2025-06-06 10:30:00,19.990,20.050,19.840,19.860,8436058
2025-06-06 11:00:00,19.860,19.950,19.860,19.890,2803064
2025-06-06 11:30:00,19.890,19.960,19.870,19.910,2477908
2025-06-06 13:30:00,19.910,20.260,19.850,20.250,8746784
2025-06-06 14:00:00,20.260,20.470,20.250,20.300,7576851
2025-06-06 14:30:00,20.300,20.310,20.110,20.130,3302336
2025-06-06 15:00:00,20.130,20.230,20.130,20.150,4507833
2025-06-09 10:00:00,20.160,20.220,19.850,19.900,14050078
2025-06-09 10:30:00,19.900,20.040,19.900,19.970,5060181
2025-06-09 11:00:00,19.970,20.030,19.960,19.980,1919592
2025-06-09 11:30:00,19.990,20.060,19.970,19.990,1512532
2025-06-09 13:30:00,20.000,20.020,19.980,19.980,1559043
2025-06-09 14:00:00,19.980,20.320,19.980,20.320,4205673
2025-06-09 14:30:00,20.320,20.410,20.190,20.210,4768200
2025-06-09 15:00:00,20.210,20.230,20.110,20.210,3709424
2025-06-10 10:00:00,20.230,20.560,19.990,19.990,13583728
2025-06-10 10:30:00,19.990,19.990,19.860,19.880,6519758
2025-06-10 11:00:00,19.880,19.930,19.860,19.910,2035259
2025-06-10 11:30:00,19.900,19.920,19.800,19.830,3350800
2025-06-10 13:30:00,19.830,19.950,19.600,19.610,6150184
2025-06-10 14:00:00,19.600,19.940,19.540,19.900,3550936
2025-06-10 14:30:00,19.900,20.100,19.850,20.090,5077523
2025-06-10 15:00:00,20.080,20.110,20.030,20.090,3356912
2025-06-11 10:00:00,19.960,20.040,19.880,19.960,5851536
2025-06-11 10:30:00,19.970,20.040,19.950,19.980,2158448
2025-06-11 11:00:00,19.980,20.000,19.940,19.970,1229770
2025-06-11 11:30:00,19.970,19.990,19.880,19.930,1429444
2025-06-11 13:30:00,19.930,19.940,19.850,19.860,2131100
2025-06-11 14:00:00,19.860,19.870,19.800,19.820,1800800
2025-06-11 14:30:00,19.810,19.820,19.790,19.800,1920428
2025-06-11 15:00:00,19.800,19.850,19.780,19.810,3581972
2025-06-12 10:00:00,19.780,19.880,19.700,19.770,3836116
2025-06-12 10:30:00,19.770,19.800,19.700,19.720,2073400
2025-06-12 11:00:00,19.720,19.830,19.720,19.800,1300400
2025-06-12 11:30:00,19.810,19.980,19.780,19.890,3944100
2025-06-12 13:30:00,19.880,19.940,19.770,19.790,2501800
2025-06-12 14:00:00,19.800,19.810,19.680,19.740,2796140
2025-06-12 14:30:00,19.750,19.800,19.730,19.780,1007444
2025-06-12 15:00:00,19.780,19.810,19.770,19.790,1853540
2025-06-13 10:00:00,19.810,19.830,19.630,19.630,4185376
2025-06-13 10:30:00,19.630,19.630,19.470,19.470,4212544
2025-06-13 11:00:00,19.480,19.520,19.410,19.420,2391890
2025-06-13 11:30:00,19.420,19.490,19.420,19.450,966762
2025-06-13 13:30:00,19.450,19.480,19.400,19.430,1597494
2025-06-13 14:00:00,19.430,19.510,19.410,19.460,1527700
2025-06-13 14:30:00,19.450,19.520,19.410,19.430,1292640
2025-06-13 15:00:00,19.420,19.440,19.380,19.430,2229419
2025-06-16 10:00:00,19.320,19.440,19.300,19.350,3512676
2025-06-16 10:30:00,19.340,19.390,19.300,19.360,1822900
2025-06-16 11:00:00,19.360,19.360,19.250,19.280,1806000
2025-06-16 11:30:00,19.290,19.330,19.280,19.310,673620
2025-06-16 13:30:00,19.310,19.330,19.290,19.290,674400
2025-06-16 14:00:00,19.300,19.300,19.240,19.280,1293708
2025-06-16 14:30:00,19.270,19.300,19.270,19.290,607344
2025-06-16 15:00:00,19.290,19.320,19.280,19.320,1267941
2025-06-17 10:00:00,19.340,19.490,19.270,19.460,3421080
2025-06-17 10:30:00,19.460,19.470,19.310,19.320,1496600
2025-06-17 11:00:00,19.310,19.350,19.310,19.310,547060
2025-06-17 11:30:00,19.310,19.350,19.300,19.350,680940
2025-06-17 13:30:00,19.350,19.370,19.300,19.320,658444
2025-06-17 14:00:00,19.320,19.350,19.310,19.320,469300
2025-06-17 14:30:00,19.320,19.320,19.270,19.280,1094500
2025-06-17 15:00:00,19.280,19.330,19.280,19.330,1049822
2025-06-18 10:00:00,19.280,19.330,19.200,19.290,1719598
2025-06-18 10:30:00,19.290,19.300,19.180,19.220,1572144
2025-06-18 11:00:00,19.210,19.240,19.180,19.180,819680
2025-06-18 11:30:00,19.180,19.240,19.180,19.210,695293
2025-06-18 13:30:00,19.220,19.240,19.180,19.190,1148184
2025-06-18 14:00:00,19.190,19.200,19.180,19.180,843322
2025-06-18 14:30:00,19.190,19.200,19.160,19.180,1398254
2025-06-18 15:00:00,19.170,19.180,19.130,19.140,1740253
2025-06-19 10:00:00,19.140,19.220,19.140,19.160,1478842
2025-06-19 10:30:00,19.170,19.170,19.100,19.110,1413343
2025-06-19 11:00:00,19.120,19.150,19.110,19.120,705240
2025-06-19 11:30:00,19.120,19.150,19.110,19.110,763180
2025-06-19 13:30:00,19.120,19.120,19.060,19.070,1767400
2025-06-19 14:00:00,19.060,19.110,19.050,19.050,1127732
2025-06-19 14:30:00,19.060,19.080,19.040,19.060,773200
2025-06-19 15:00:00,19.070,19.150,19.030,19.140,2277228
2025-06-20 10:00:00,19.070,19.150,19.040,19.100,1687684
2025-06-20 10:30:00,19.090,19.140,19.080,19.100,558700
2025-06-20 11:00:00,19.100,19.100,19.060,19.070,457000
2025-06-20 11:30:00,19.070,19.130,19.060,19.120,685546
2025-06-20 13:30:00,19.130,19.130,19.100,19.110,489240
2025-06-20 14:00:00,19.110,19.140,19.100,19.120,610196
2025-06-20 14:30:00,19.120,19.150,19.080,19.110,944620
2025-06-20 15:00:00,19.120,19.140,19.100,19.140,1131723
2025-06-23 10:00:00,19.040,19.080,18.900,19.010,2812584
2025-06-23 10:30:00,19.020,19.020,18.940,18.960,1628000
2025-06-23 11:00:00,18.950,18.980,18.910,18.920,1780900
2025-06-23 11:30:00,18.910,18.970,18.880,18.960,1941800
2025-06-23 13:30:00,18.950,19.070,18.950,19.050,1131340
2025-06-23 14:00:00,19.050,19.100,19.040,19.090,763021
2025-06-23 14:30:00,19.090,19.130,19.050,19.100,1046753
2025-06-23 15:00:00,19.100,19.130,19.070,19.070,1195881
2025-06-24 10:00:00,19.070,19.150,19.070,19.120,2087272
2025-06-24 10:30:00,19.120,19.200,19.110,19.170,1902060
2025-06-24 11:00:00,19.170,19.180,19.140,19.160,839136
2025-06-24 11:30:00,19.160,19.170,19.140,19.160,519330
2025-06-24 13:30:00,19.170,19.200,19.160,19.200,837880
2025-06-24 14:00:00,19.190,19.320,19.190,19.270,2156912
2025-06-24 14:30:00,19.280,19.290,19.230,19.260,1066167
2025-06-24 15:00:00,19.270,19.290,19.260,19.280,1251416
2025-06-25 10:00:00,19.290,19.320,19.100,19.180,4482540
2025-06-25 10:30:00,19.170,19.180,19.120,19.120,1124858
2025-06-25 11:00:00,19.130,19.160,19.120,19.150,802080
2025-06-25 11:30:00,19.150,19.160,19.140,19.160,460144
2025-06-25 13:30:00,19.150,19.180,19.140,19.160,944684
2025-06-25 14:00:00,19.170,19.190,19.130,19.190,1363608
2025-06-25 14:30:00,19.190,19.270,19.180,19.260,1398028
2025-06-25 15:00:00,19.260,19.270,19.240,19.250,1504684
2025-06-26 10:00:00,19.260,19.290,19.190,19.240,2463308
2025-06-26 10:30:00,19.230,19.300,19.220,19.280,1332752
2025-06-26 11:00:00,19.290,19.300,19.250,19.270,716252
2025-06-26 11:30:00,19.270,19.300,19.260,19.280,513446
2025-06-26 13:30:00,19.280,19.310,19.260,19.280,849776
2025-06-26 14:00:00,19.290,19.300,19.250,19.270,1249340
2025-06-26 14:30:00,19.260,19.280,19.250,19.280,646694
2025-06-26 15:00:00,19.270,19.320,19.270,19.300,2013057
2025-06-27 10:00:00,19.290,19.320,19.220,19.250,1782456
2025-06-27 10:30:00,19.250,19.300,19.250,19.260,1084232
2025-06-27 11:00:00,19.260,19.280,19.220,19.250,1144944
2025-06-27 11:30:00,19.240,19.250,19.220,19.220,678800
2025-06-27 13:30:00,19.230,19.260,19.220,19.240,538160
2025-06-27 14:00:00,19.250,19.250,19.200,19.200,1193000
2025-06-27 14:30:00,19.200,19.240,19.200,19.220,654840
2025-06-27 15:00:00,19.220,19.230,19.180,19.180,2111829
2025-06-30 10:00:00,19.180,19.220,19.130,19.180,2309826
2025-06-30 10:30:00,19.180,19.200,19.150,19.180,823690
2025-06-30 11:00:00,19.190,19.200,19.170,19.200,749460
2025-06-30 11:30:00,19.190,19.210,19.180,19.180,375072
2025-06-30 13:30:00,19.180,19.240,19.180,19.230,680380
2025-06-30 14:00:00,19.230,19.240,19.200,19.210,556100
2025-06-30 14:30:00,19.210,19.220,19.190,19.210,713764
2025-06-30 15:00:00,19.210,19.220,19.190,19.190,1562778
2025-07-01 10:00:00,19.230,19.250,19.160,19.220,1704728
2025-07-01 10:30:00,19.220,19.220,19.130,19.200,1051464
2025-07-01 11:00:00,19.200,19.210,19.180,19.190,382353
2025-07-01 11:30:00,19.190,19.210,19.170,19.200,723200
2025-07-01 13:30:00,19.200,19.240,19.190,19.220,721846
2025-07-01 14:00:00,19.220,19.240,19.210,19.220,740400
2025-07-01 14:30:00,19.220,19.230,19.200,19.220,883920
2025-07-01 15:00:00,19.220,19.240,19.210,19.230,1132477
2025-07-02 10:00:00,19.230,19.270,19.200,19.210,1728978
2025-07-02 10:30:00,19.210,19.220,19.180,19.200,1179312
2025-07-02 11:00:00,19.200,19.210,19.150,19.190,1715920
2025-07-02 11:30:00,19.190,19.210,19.190,19.190,544908
2025-07-02 13:30:00,19.210,19.230,19.190,19.190,595806
2025-07-02 14:00:00,19.200,19.210,19.170,19.200,830072
2025-07-02 14:30:00,19.200,19.200,19.180,19.180,537260
2025-07-02 15:00:00,19.180,19.210,19.180,19.210,787800
2025-07-03 10:00:00,19.230,19.670,19.200,19.570,11799236
2025-07-03 10:30:00,19.580,19.600,19.460,19.500,2396432
2025-07-03 11:00:00,19.510,19.620,19.500,19.610,2343214
2025-07-03 11:30:00,19.610,19.720,19.570,19.620,3916120
2025-07-03 13:30:00,19.610,19.680,19.570,19.570,2710778
2025-07-03 14:00:00,19.570,19.620,19.560,19.570,1051700
2025-07-03 14:30:00,19.580,19.600,19.530,19.550,1163512
2025-07-03 15:00:00,19.560,19.570,19.500,19.520,2349200
2025-07-04 10:00:00,19.400,19.550,19.400,19.440,2883580
2025-07-04 10:30:00,19.440,19.460,19.340,19.430,1570356
2025-07-04 11:00:00,19.410,19.450,19.380,19.380,1067300
2025-07-04 11:30:00,19.400,19.400,19.360,19.400,755264
2025-07-04 13:30:00,19.400,19.460,19.380,19.440,1110460
2025-07-04 14:00:00,19.440,19.450,19.400,19.410,934240
2025-07-04 14:30:00,19.410,19.420,19.370,19.400,1322832
2025-07-04 15:00:00,19.400,19.430,19.390,19.400,1305121
2025-07-07 10:00:00,19.510,20.210,19.510,19.890,20201341
2025-07-07 10:30:00,19.890,19.950,19.860,19.910,2273231
2025-07-07 11:00:00,19.900,19.940,19.860,19.860,1333097
2025-07-07 11:30:00,19.860,19.860,19.810,19.840,1276900
2025-07-07 13:30:00,19.840,19.910,19.810,19.870,1186456
2025-07-07 14:00:00,19.870,19.880,19.840,19.850,797500
2025-07-07 14:30:00,19.850,19.850,19.810,19.820,1155720
2025-07-07 15:00:00,19.820,19.830,19.760,19.790,2389548
2025-07-08 10:00:00,19.760,19.800,19.650,19.690,3787776
2025-07-08 10:30:00,19.690,19.690,19.550,19.570,3626256
2025-07-08 11:00:00,19.570,19.590,19.510,19.510,2589320
2025-07-08 11:30:00,19.530,19.600,19.510,19.590,1969048
2025-07-08 13:30:00,19.590,19.640,19.580,19.620,1085652
2025-07-08 14:00:00,19.610,19.690,19.600,19.680,1232888
2025-07-08 14:30:00,19.680,19.680,19.630,19.670,1138503
2025-07-08 15:00:00,19.680,19.680,19.630,19.670,2512598
2025-07-09 10:00:00,19.710,19.890,19.670,19.800,4624948
2025-07-09 10:30:00,19.800,19.880,19.760,19.870,2298149
2025-07-09 11:00:00,19.860,19.920,19.820,19.820,2069928
2025-07-09 11:30:00,19.820,19.850,19.770,19.820,1330244
2025-07-09 13:30:00,19.820,19.830,19.780,19.830,773596
2025-07-09 14:00:00,19.820,19.840,19.810,19.820,895100
2025-07-09 14:30:00,19.810,19.820,19.730,19.740,1732840
2025-07-09 15:00:00,19.740,19.790,19.670,19.690,2129852
2025-07-10 10:00:00,19.710,19.740,19.650,19.690,1893900
2025-07-10 10:30:00,19.690,19.750,19.640,19.720,2189600
2025-07-10 11:00:00,19.720,19.720,19.640,19.670,1123760
2025-07-10 11:30:00,19.680,19.680,19.630,19.670,782000
2025-07-10 13:30:00,19.660,19.680,19.630,19.650,976300
2025-07-10 14:00:00,19.640,19.680,19.640,19.660,647920
2025-07-10 14:30:00,19.670,19.730,19.660,19.700,1099201
2025-07-10 15:00:00,19.690,19.710,19.670,19.700,1627647
2025-07-11 10:00:00,19.690,19.700,19.630,19.680,2337155
2025-07-11 10:30:00,19.670,19.700,19.600,19.630,2127381
2025-07-11 11:00:00,19.630,19.660,19.610,19.610,1471176
2025-07-11 11:30:00,19.610,19.680,19.610,19.680,897748
2025-07-11 13:30:00,19.680,19.700,19.630,19.660,1695904
2025-07-11 14:00:00,19.650,19.700,19.650,19.690,1148162
2025-07-11 14:30:00,19.700,19.700,19.680,19.690,829244
2025-07-11 15:00:00,19.700,19.700,19.630,19.660,2434416
2025-07-14 10:00:00,19.630,19.670,19.540,19.650,2749488
2025-07-14 10:30:00,19.650,19.860,19.650,19.850,4084004
2025-07-14 11:00:00,19.860,19.960,19.850,19.910,3888620
2025-07-14 11:30:00,19.910,19.920,19.830,19.850,1265300
2025-07-14 13:30:00,19.850,19.860,19.820,19.820,877304
2025-07-14 14:00:00,19.830,19.840,19.810,19.840,619564
2025-07-14 14:30:00,19.830,19.850,19.820,19.840,885620
2025-07-14 15:00:00,19.840,19.870,19.820,19.820,2117980
2025-07-15 10:00:00,19.820,19.850,19.750,19.770,2179600
2025-07-15 10:30:00,19.770,19.780,19.640,19.660,2604100
2025-07-15 11:00:00,19.670,19.680,19.600,19.620,1574100
2025-07-15 11:30:00,19.620,19.630,19.460,19.480,2493100
2025-07-15 13:30:00,19.480,19.550,19.470,19.510,997492
2025-07-15 14:00:00,19.520,19.520,19.500,19.510,642280
2025-07-15 14:30:00,19.520,19.570,19.510,19.560,995300
2025-07-15 15:00:00,19.550,19.570,19.520,19.540,1148249
2025-07-16 10:00:00,19.540,19.630,19.540,19.600,1687945
2025-07-16 10:30:00,19.600,19.620,19.560,19.580,1308952
2025-07-16 11:00:00,19.580,19.660,19.550,19.660,1496815
2025-07-16 11:30:00,19.670,19.720,19.650,19.680,1326700
2025-07-16 13:30:00,19.680,19.710,19.640,19.670,1069700
2025-07-16 14:00:00,19.670,19.680,19.590,19.670,819457
2025-07-16 14:30:00,19.660,19.680,19.640,19.680,588800
2025-07-16 15:00:00,19.680,19.710,19.640,19.710,2269112
2025-07-17 10:00:00,19.710,19.810,19.680,19.710,2200568
2025-07-17 10:30:00,19.710,19.720,19.640,19.670,1028400
2025-07-17 11:00:00,19.660,19.670,19.610,19.630,1179524
2025-07-17 11:30:00,19.630,19.640,19.580,19.640,1158085
2025-07-17 13:30:00,19.630,19.650,19.590,19.630,1800550
2025-07-17 14:00:00,19.630,19.710,19.620,19.700,1199548
2025-07-17 14:30:00,19.700,19.720,19.670,19.670,1366500
2025-07-17 15:00:00,19.680,19.750,19.670,19.730,1571839
2025-07-18 10:00:00,19.760,19.770,19.670,19.680,1964748
2025-07-18 10:30:00,19.680,19.760,19.670,19.720,1859250
2025-07-18 11:00:00,19.720,19.760,19.720,19.730,899784
2025-07-18 11:30:00,19.730,19.820,19.720,19.780,1392760
2025-07-18 13:30:00,19.790,19.830,19.740,19.760,1323433
2025-07-18 14:00:00,19.770,19.790,19.730,19.770,876800
2025-07-18 14:30:00,19.760,19.870,19.750,19.840,2559616
2025-07-18 15:00:00,19.850,19.900,19.840,19.890,2854580
2025-07-21 10:00:00,19.890,19.910,19.750,19.770,3581886
2025-07-21 10:30:00,19.770,19.820,19.760,19.810,1151704
2025-07-21 11:00:00,19.810,19.810,19.780,19.790,1206704
2025-07-21 11:30:00,19.790,19.810,19.780,19.800,653988
2025-07-21 13:30:00,19.810,19.840,19.790,19.820,1106840
2025-07-21 14:00:00,19.820,19.830,19.790,19.800,943160
2025-07-21 14:30:00,19.800,19.810,19.790,19.800,1329500
2025-07-21 15:00:00,19.800,19.830,19.790,19.820,1998098
2025-07-22 10:00:00,19.820,19.880,19.790,19.810,3176948
2025-07-22 10:30:00,19.810,19.910,19.800,19.830,2754152
2025-07-22 11:00:00,19.820,19.890,19.820,19.890,1235150
2025-07-22 11:30:00,19.890,19.940,19.860,19.930,1721168
2025-07-22 13:30:00,19.930,20.030,19.910,19.990,3044775
2025-07-22 14:00:00,19.980,20.000,19.910,19.950,1724100
2025-07-22 14:30:00,19.950,19.970,19.900,19.930,1027884
2025-07-22 15:00:00,19.930,19.960,19.930,19.940,1674800
2025-07-23 10:00:00,19.930,20.250,19.900,20.120,6334615
2025-07-23 10:30:00,20.140,20.170,20.100,20.160,2658344
2025-07-23 11:00:00,20.150,20.240,20.130,20.150,4058890
2025-07-23 11:30:00,20.150,20.200,20.130,20.190,1058178
2025-07-23 13:30:00,20.190,20.220,20.160,20.180,1356740
2025-07-23 14:00:00,20.180,20.180,20.110,20.120,1388408
2025-07-23 14:30:00,20.120,20.120,19.960,19.990,2634496
2025-07-23 15:00:00,19.980,20.030,19.920,19.950,2470020
2025-07-24 10:00:00,19.980,20.140,19.980,20.060,4234418
2025-07-24 10:30:00,20.050,20.100,20.020,20.040,1658244
2025-07-24 11:00:00,20.030,20.080,20.020,20.080,945532
2025-07-24 11:30:00,20.080,20.320,20.050,20.320,5196753
2025-07-24 13:30:00,20.310,20.870,20.300,20.830,13138970
2025-07-24 14:00:00,20.830,20.900,20.640,20.650,7502600
2025-07-24 14:30:00,20.660,20.690,20.630,20.670,2152788
2025-07-24 15:00:00,20.670,20.710,20.640,20.690,3050488
2025-07-25 10:00:00,20.650,20.660,20.490,20.500,6241784
2025-07-25 10:30:00,20.500,20.520,20.350,20.360,4346444
2025-07-25 11:00:00,20.370,20.410,20.320,20.330,2256693
2025-07-25 11:30:00,20.330,20.380,20.300,20.330,1583501
2025-07-25 13:30:00,20.330,20.370,20.300,20.320,1289300
2025-07-25 14:00:00,20.330,20.350,20.300,20.310,1246932
2025-07-25 14:30:00,20.320,20.320,20.190,20.230,3094604
2025-07-25 15:00:00,20.230,20.270,20.180,20.220,3290002
2025-07-28 10:00:00,20.230,20.340,20.130,20.170,4541948
2025-07-28 10:30:00,20.160,20.180,20.060,20.060,3753500
2025-07-28 11:00:00,20.070,20.140,20.060,20.090,1574568
2025-07-28 11:30:00,20.090,20.150,20.050,20.060,1225913
2025-07-28 13:30:00,20.060,20.100,20.020,20.050,2118692
2025-07-28 14:00:00,20.050,20.070,20.030,20.040,916600
2025-07-28 14:30:00,20.040,20.040,20.010,20.020,1628620
2025-07-28 15:00:00,20.030,20.070,20.010,20.070,1796428
2025-07-29 10:00:00,20.020,20.130,19.920,19.930,3697720
2025-07-29 10:30:00,19.930,19.980,19.880,19.960,2610741
2025-07-29 11:00:00,19.970,20.010,19.940,19.990,1226454
2025-07-29 11:30:00,19.990,20.180,19.990,20.060,2019153
2025-07-29 13:30:00,20.060,20.100,20.030,20.090,704600
2025-07-29 14:00:00,20.090,20.120,20.070,20.080,1055379
2025-07-29 14:30:00,20.090,20.130,20.060,20.110,1278400
2025-07-29 15:00:00,20.100,20.140,20.100,20.130,1525472
2025-07-30 10:00:00,20.080,20.220,20.020,20.200,3342732
2025-07-30 10:30:00,20.200,20.440,20.180,20.360,4727182
2025-07-30 11:00:00,20.360,20.390,20.290,20.320,1961524
2025-07-30 11:30:00,20.320,20.340,20.280,20.300,1690315
2025-07-30 13:30:00,20.290,20.410,20.280,20.370,2152879
2025-07-30 14:00:00,20.370,20.630,20.280,20.320,6696884
2025-07-30 14:30:00,20.330,20.420,20.260,20.370,2506652
2025-07-30 15:00:00,20.370,20.420,20.320,20.340,2291444
2025-07-31 10:00:00,20.330,20.380,20.240,20.340,3030024
2025-07-31 10:30:00,20.330,20.550,20.230,20.300,3589437
2025-07-31 11:00:00,20.310,20.330,20.230,20.250,1797856
2025-07-31 11:30:00,20.250,20.300,20.230,20.240,914420
2025-07-31 13:30:00,20.240,20.260,20.130,20.130,2048280
2025-07-31 14:00:00,20.140,20.140,20.050,20.100,1670440
2025-07-31 14:30:00,20.090,20.100,20.010,20.020,1848960
2025-07-31 15:00:00,20.010,20.040,19.980,20.020,2983720
2025-08-01 10:00:00,20.020,20.440,20.000,20.360,6550988
2025-08-01 10:30:00,20.360,20.440,20.230,20.230,2641862
2025-08-01 11:00:00,20.240,20.240,20.120,20.150,1288244
2025-08-01 11:30:00,20.150,20.180,20.120,20.160,729720
2025-08-01 13:30:00,20.130,20.170,20.070,20.080,1149900
2025-08-01 14:00:00,20.070,20.120,20.050,20.070,902700
2025-08-01 14:30:00,20.060,20.140,20.060,20.080,967455
2025-08-01 15:00:00,20.080,20.090,20.050,20.070,1563372
2025-08-04 10:00:00,20.000,20.030,19.750,19.850,6139804
2025-08-04 10:30:00,19.860,19.890,19.790,19.790,1997616
2025-08-04 11:00:00,19.800,19.800,19.680,19.730,3575306
2025-08-04 11:30:00,19.730,19.760,19.710,19.730,1024100
2025-08-04 13:30:00,19.730,19.790,19.720,19.770,1109542
2025-08-04 14:00:00,19.770,22.080,19.760,22.080,11882541
2025-08-04 14:30:00,22.080,22.080,20.830,21.090,44765492
2025-08-04 15:00:00,21.080,21.110,20.800,20.870,13972341
2025-08-05 10:00:00,21.110,21.550,20.690,20.710,49976192
2025-08-05 10:30:00,20.710,21.290,20.710,20.980,11264226
2025-08-05 11:00:00,20.980,21.160,20.960,21.050,3653919
2025-08-05 11:30:00,21.040,21.120,20.980,21.110,2225920
2025-08-05 13:30:00,21.070,21.300,21.070,21.170,4742201
2025-08-05 14:00:00,21.160,21.170,20.970,21.000,3033771
2025-08-05 14:30:00,20.990,21.090,20.980,21.050,1918436
2025-08-05 15:00:00,21.040,21.090,21.010,21.060,4393383
2025-08-06 10:00:00,20.740,21.120,20.560,20.690,17595971
2025-08-06 10:30:00,20.690,20.730,20.520,20.550,8798393
2025-08-06 11:00:00,20.540,20.640,20.520,20.600,3129139
2025-08-06 11:30:00,20.590,20.620,20.550,20.600,2274832
2025-08-06 13:30:00,20.600,20.610,20.520,20.530,3152864
2025-08-06 14:00:00,20.530,20.590,20.510,20.540,2401560
2025-08-06 14:30:00,20.530,20.600,20.530,20.550,2224976
2025-08-06 15:00:00,20.550,20.560,20.520,20.530,4391215
2025-08-07 10:00:00,20.400,20.640,20.400,20.580,7954352
2025-08-07 10:30:00,20.580,20.610,20.390,20.400,4588416
2025-08-07 11:00:00,20.390,20.420,20.350,20.360,2862121
2025-08-07 11:30:00,20.360,20.470,20.330,20.440,1970069
2025-08-07 13:30:00,20.440,20.540,20.410,20.490,1853484
2025-08-07 14:00:00,20.480,20.550,20.470,20.500,1653552
2025-08-07 14:30:00,20.490,20.530,20.420,20.470,1538297
2025-08-07 15:00:00,20.470,20.510,20.450,20.510,2418919
2025-08-08 10:00:00,20.450,20.450,20.260,20.280,5646649
2025-08-08 10:30:00,20.280,20.450,20.280,20.410,2695197
2025-08-08 11:00:00,20.430,20.540,20.390,20.480,2317035
2025-08-08 11:30:00,20.480,20.520,20.430,20.500,1188975
2025-08-08 13:30:00,20.510,20.520,20.400,20.420,1242854
2025-08-08 14:00:00,20.420,20.450,20.400,20.410,1268260
2025-08-08 14:30:00,20.410,20.500,20.400,20.450,1656360
2025-08-08 15:00:00,20.450,20.470,20.430,20.430,2146531
2025-08-11 10:00:00,20.430,20.440,20.280,20.400,5549453
2025-08-11 10:30:00,20.400,20.490,20.380,20.420,2671349
2025-08-11 11:00:00,20.420,20.450,20.400,20.450,1891500
2025-08-11 11:30:00,20.450,20.450,20.420,20.430,1509100
2025-08-11 13:30:00,20.440,20.470,20.410,20.430,2084908
2025-08-11 14:00:00,20.420,20.460,20.410,20.450,1463652
2025-08-11 14:30:00,20.450,20.460,20.410,20.420,1772452
2025-08-11 15:00:00,20.420,20.470,20.420,20.470,2289866
2025-08-12 10:00:00,20.500,20.660,20.470,20.530,6877993
2025-08-12 10:30:00,20.530,20.550,20.390,20.400,3075749
2025-08-12 11:00:00,20.400,20.410,20.320,20.350,2702840
2025-08-12 11:30:00,20.340,20.430,20.340,20.410,1212512
2025-08-12 13:30:00,20.410,20.440,20.370,20.390,1295000
2025-08-12 14:00:00,20.390,20.440,20.380,20.430,889187
2025-08-12 14:30:00,20.420,20.440,20.410,20.440,825804
2025-08-12 15:00:00,20.440,20.450,20.410,20.450,1974466
2025-08-13 10:00:00,20.460,20.460,20.370,20.380,3882140
2025-08-13 10:30:00,20.380,20.420,20.360,20.400,2075516
2025-08-13 11:00:00,20.400,20.480,20.380,20.470,2023920
2025-08-13 11:30:00,20.470,20.560,20.470,20.530,3655530
2025-08-13 13:30:00,20.520,20.540,20.430,20.480,2034556
2025-08-13 14:00:00,20.470,20.520,20.470,20.480,1535900
2025-08-13 14:30:00,20.480,20.500,20.440,20.440,1687958
2025-08-13 15:00:00,20.440,20.480,20.430,20.480,2382374
2025-08-14 10:00:00,20.490,20.520,20.420,20.430,3766192
2025-08-14 10:30:00,20.430,20.470,20.410,20.460,2114323
2025-08-14 11:00:00,20.460,20.470,20.360,20.380,2349334
2025-08-14 11:30:00,20.390,20.400,20.350,20.360,1803520
2025-08-14 13:30:00,20.350,20.370,20.140,20.210,4420115
2025-08-14 14:00:00,20.220,20.260,20.190,20.220,1487952
2025-08-14 14:30:00,20.220,20.260,20.200,20.220,1228468
2025-08-14 15:00:00,20.220,20.220,20.120,20.120,2826128
2025-08-15 10:00:00,20.090,20.200,20.050,20.150,3136284
2025-08-15 10:30:00,20.160,20.190,20.100,20.150,2011548
2025-08-15 11:00:00,20.160,20.220,20.150,20.200,1175436
2025-08-15 11:30:00,20.190,20.250,20.180,20.230,901247
2025-08-15 13:30:00,20.230,20.270,20.210,20.230,1691903
2025-08-15 14:00:00,20.240,20.260,20.210,20.240,1441230
2025-08-15 14:30:00,20.240,20.260,20.210,20.230,1378200
2025-08-15 15:00:00,20.230,20.270,20.220,20.260,2164197
2025-08-18 10:00:00,20.250,20.350,20.190,20.270,4983335
2025-08-18 10:30:00,20.270,20.310,20.240,20.250,3093007
2025-08-18 11:00:00,20.240,20.290,20.230,20.280,2276665
2025-08-18 11:30:00,20.280,20.320,20.250,20.300,2161843
2025-08-18 13:30:00,20.310,20.350,20.290,20.300,2099997
2025-08-18 14:00:00,20.300,20.310,20.260,20.260,1578784
2025-08-18 14:30:00,20.270,20.290,20.220,20.250,1939564
2025-08-18 15:00:00,20.250,20.300,20.250,20.300,1858784
2025-08-19 10:00:00,20.290,20.430,20.240,20.380,5844260
2025-08-19 10:30:00,20.370,20.380,20.280,20.320,2488056
2025-08-19 11:00:00,20.320,20.380,20.320,20.330,1126039
2025-08-19 11:30:00,20.340,20.370,20.300,20.340,1124748
2025-08-19 13:30:00,20.340,20.360,20.310,20.320,1243900
2025-08-19 14:00:00,20.320,20.320,20.270,20.280,1578948
2025-08-19 14:30:00,20.270,20.300,20.250,20.260,1509212
2025-08-19 15:00:00,20.260,20.280,20.250,20.280,1314507
2025-08-20 10:00:00,20.240,20.250,20.110,20.220,3282748
2025-08-20 10:30:00,20.210,20.340,20.180,20.310,2649344
2025-08-20 11:00:00,20.310,20.360,20.300,20.320,1492720
2025-08-20 11:30:00,20.320,20.330,20.270,20.330,1253212
2025-08-20 13:30:00,20.320,20.340,20.300,20.320,608100
2025-08-20 14:00:00,20.320,20.370,20.320,20.360,1391492
2025-08-20 14:30:00,20.360,20.400,20.350,20.370,1350400
2025-08-20 15:00:00,20.370,20.400,20.350,20.400,2494241
2025-08-21 10:00:00,20.420,20.600,20.420,20.530,7791781
2025-08-21 10:30:00,20.530,20.680,20.530,20.630,4757398
2025-08-21 11:00:00,20.630,20.630,20.560,20.610,1850862
2025-08-21 11:30:00,20.600,20.610,20.530,20.560,1375956
2025-08-21 13:30:00,20.560,20.620,20.560,20.600,1717736
2025-08-21 14:00:00,20.600,20.610,20.540,20.560,1632500
2025-08-21 14:30:00,20.560,20.590,20.460,20.510,1639711
2025-08-21 15:00:00,20.500,20.600,20.460,20.600,3048307
2025-08-22 10:00:00,20.640,20.650,20.410,20.450,5277634
2025-08-22 10:30:00,20.450,20.460,20.390,20.390,2567660
2025-08-22 11:00:00,20.400,20.460,20.360,20.420,2238397
2025-08-22 11:30:00,20.410,20.450,20.380,20.390,1421712
2025-08-22 13:30:00,20.390,20.420,20.380,20.410,1543529
2025-08-22 14:00:00,20.410,20.460,20.410,20.440,1255891
2025-08-22 14:30:00,20.440,20.470,20.420,20.470,1888820
2025-08-22 15:00:00,20.470,20.520,20.460,20.510,2472811
2025-08-25 10:00:00,20.540,20.580,20.460,20.550,5336408
2025-08-25 10:30:00,20.550,20.680,20.540,20.650,3964080
2025-08-25 11:00:00,20.650,20.660,20.590,20.630,2139245
2025-08-25 11:30:00,20.630,20.650,20.550,20.570,2058286
2025-08-25 13:30:00,20.560,20.570,20.490,20.520,2216380
2025-08-25 14:00:00,20.510,20.550,20.490,20.530,1341431
2025-08-25 14:30:00,20.540,20.620,20.530,20.620,1348645
2025-08-25 15:00:00,20.620,20.630,20.600,20.630,2709648
2025-08-26 10:00:00,20.670,20.770,20.560,20.680,5925931
2025-08-26 10:30:00,20.670,20.710,20.650,20.670,1723532
2025-08-26 11:00:00,20.680,20.680,20.610,20.660,1961994
2025-08-26 11:30:00,20.660,20.740,20.640,20.710,1609834
2025-08-26 13:30:00,20.710,20.730,20.680,20.700,1527091
2025-08-26 14:00:00,20.690,20.700,20.640,20.680,1392508
2025-08-26 14:30:00,20.680,20.700,20.640,20.670,1584145
2025-08-26 15:00:00,20.670,20.680,20.610,20.620,2795460
2025-08-27 10:00:00,20.600,20.650,20.510,20.520,3802624
2025-08-27 10:30:00,20.510,20.540,20.480,20.480,2205924
2025-08-27 11:00:00,20.490,20.530,20.470,20.500,1544032
2025-08-27 11:30:00,20.500,20.550,20.490,20.530,1629551
2025-08-27 13:30:00,20.540,20.550,20.490,20.500,1206000
2025-08-27 14:00:00,20.490,20.500,20.350,20.360,3763688
2025-08-27 14:30:00,20.360,20.450,20.310,20.310,2612820
2025-08-27 15:00:00,20.310,20.350,20.220,20.220,4140915
2025-08-28 10:00:00,20.190,20.320,20.140,20.150,3940234
2025-08-28 10:30:00,20.150,20.190,20.120,20.150,2222126
2025-08-28 11:00:00,20.150,20.220,20.150,20.170,896549
2025-08-28 11:30:00,20.160,20.170,20.010,20.050,2707550
2025-08-28 13:30:00,20.050,20.060,19.870,19.890,3962900
2025-08-28 14:00:00,19.890,19.990,19.830,19.950,2613283
2025-08-28 14:30:00,19.960,20.070,19.940,20.030,1400561
2025-08-28 15:00:00,20.030,20.140,20.020,20.140,2085211
2025-08-29 10:00:00,20.140,20.230,20.070,20.150,3358582
2025-08-29 10:30:00,20.160,20.170,20.090,20.150,2218998
2025-08-29 11:00:00,20.150,20.160,20.110,20.120,1543698
2025-08-29 11:30:00,20.110,20.170,20.090,20.110,1219501
2025-08-29 13:30:00,20.100,20.140,20.000,20.030,1996416
2025-08-29 14:00:00,20.030,20.090,20.010,20.070,1074892
2025-08-29 14:30:00,20.070,20.100,20.030,20.040,1178332
2025-08-29 15:00:00,20.040,20.070,20.020,20.050,1957610
2025-09-01 10:00:00,19.990,20.120,19.960,20.070,4607150
2025-09-01 10:30:00,20.070,20.180,20.050,20.120,2113610
2025-09-01 11:00:00,20.120,20.140,20.070,20.130,1068019
2025-09-01 11:30:00,20.120,20.150,20.080,20.080,1161540
2025-09-01 13:30:00,20.080,20.120,20.030,20.030,1487964
2025-09-01 14:00:00,20.040,20.050,20.010,20.040,1239253
2025-09-01 14:30:00,20.040,20.100,20.020,20.090,1903173
2025-09-01 15:00:00,20.090,20.130,20.080,20.100,1498872
2025-09-02 10:00:00,20.080,20.260,20.030,20.210,4142917
2025-09-02 10:30:00,20.210,20.220,20.060,20.100,2582333
2025-09-02 11:00:00,20.100,20.100,19.910,19.960,2631892
2025-09-02 11:30:00,19.960,20.070,19.900,20.030,1570540
2025-09-02 13:30:00,20.030,20.050,19.910,19.940,1450456
2025-09-02 14:00:00,19.940,20.020,19.940,19.970,902087
2025-09-02 14:30:00,19.970,20.030,19.960,19.990,991960
2025-09-02 15:00:00,19.990,20.030,19.960,20.030,1623627
2025-09-03 10:00:00,20.050,20.130,19.970,19.980,2758615
2025-09-03 10:30:00,19.990,20.000,19.940,19.950,1860800
2025-09-03 11:00:00,19.940,20.000,19.850,19.970,1968868
2025-09-03 11:30:00,19.960,19.980,19.880,19.890,1147521
2025-09-03 13:30:00,19.890,19.960,19.860,19.950,1033480
2025-09-03 14:00:00,19.950,20.000,19.870,19.910,1626672
2025-09-03 14:30:00,19.910,19.940,19.880,19.900,744816
2025-09-03 15:00:00,19.910,19.920,19.820,19.830,2390272
2025-09-04 10:00:00,19.850,19.900,19.730,19.850,3044687
2025-09-04 10:30:00,19.850,19.860,19.770,19.800,1444704
2025-09-04 11:00:00,19.800,19.810,19.700,19.750,1894520
2025-09-04 11:30:00,19.760,19.790,19.690,19.720,1411136
2025-09-04 13:30:00,19.750,19.810,19.710,19.790,1131680
2025-09-04 14:00:00,19.800,19.800,19.700,19.720,910263
2025-09-04 14:30:00,19.730,19.740,19.620,19.650,2165146
2025-09-04 15:00:00,19.650,19.750,19.550,19.720,2083467
2025-09-05 10:00:00,19.720,19.850,19.680,19.810,2557285
2025-09-05 10:30:00,19.820,19.850,19.740,19.780,1694271
2025-09-05 11:00:00,19.780,19.800,19.750,19.770,1095824
2025-09-05 11:30:00,19.760,19.770,19.720,19.730,902480
2025-09-05 13:30:00,19.740,19.760,19.680,19.690,1518311
2025-09-05 14:00:00,19.690,19.750,19.690,19.750,1393968
2025-09-05 14:30:00,19.750,19.800,19.740,19.780,1200111
2025-09-05 15:00:00,19.780,19.830,19.780,19.810,1849856
2025-09-08 10:00:00,19.800,20.020,19.780,19.980,4321624
2025-09-08 10:30:00,19.970,20.060,19.930,20.020,2550961
2025-09-08 11:00:00,20.020,20.030,19.940,19.970,1180200
2025-09-08 11:30:00,19.970,20.080,19.950,20.050,1462672
2025-09-08 13:30:00,20.060,20.080,20.000,20.030,1060696
2025-09-08 14:00:00,20.030,20.100,20.010,20.090,1134682
2025-09-08 14:30:00,20.100,20.100,20.070,20.090,1249644
2025-09-08 15:00:00,20.090,20.170,20.090,20.140,2012712
2025-09-09 10:00:00,20.150,20.170,20.040,20.100,1749278
2025-09-09 10:30:00,20.100,20.110,20.000,20.040,1334910
2025-09-09 11:00:00,20.040,20.050,19.980,19.990,1073125
2025-09-09 11:30:00,20.000,20.010,19.960,19.970,692588
2025-09-09 13:30:00,19.970,19.990,19.930,19.950,1092206
2025-09-09 14:00:00,19.950,20.020,19.910,19.980,1030701
2025-09-09 14:30:00,19.960,20.060,19.940,19.990,1402900
2025-09-09 15:00:00,20.000,20.040,19.990,20.020,886220
2025-09-10 10:00:00,20.050,20.050,19.920,19.940,1931304
2025-09-10 10:30:00,19.950,19.950,19.870,19.870,1577520
2025-09-10 11:00:00,19.870,19.910,19.800,19.860,961200
2025-09-10 11:30:00,19.850,19.900,19.830,19.900,444920
2025-09-10 13:30:00,19.900,19.900,19.830,19.850,537013
2025-09-10 14:00:00,19.850,19.870,19.830,19.840,487745
2025-09-10 14:30:00,19.840,19.870,19.830,19.860,664401
2025-09-10 15:00:00,19.850,19.870,19.830,19.860,947942
2025-09-11 10:00:00,19.810,19.920,19.730,19.740,3328401
2025-09-11 10:30:00,19.730,19.780,19.680,19.710,1963284
2025-09-11 11:00:00,19.710,19.750,19.690,19.740,1224282
2025-09-11 11:30:00,19.740,19.810,19.730,19.810,1208060
2025-09-11 13:30:00,19.800,19.840,19.780,19.800,1614320
2025-09-11 14:00:00,19.800,19.800,19.760,19.780,855116
2025-09-11 14:30:00,19.790,19.850,19.790,19.830,1259760
2025-09-11 15:00:00,19.830,19.870,19.830,19.870,2179847
2025-09-12 10:00:00,19.870,19.930,19.770,19.790,3062296
2025-09-12 10:30:00,19.790,19.820,19.770,19.810,1493768
2025-09-12 11:00:00,19.820,19.820,19.700,19.730,1486589
2025-09-12 11:30:00,19.730,19.790,19.700,19.760,956856
2025-09-12 13:30:00,19.770,19.800,19.750,19.770,987744
2025-09-12 14:00:00,19.780,19.800,19.760,19.760,1052174
2025-09-12 14:30:00,19.760,19.780,19.720,19.730,1362600
2025-09-12 15:00:00,19.730,19.760,19.690,19.730,1977109
2025-09-15 10:00:00,19.730,19.730,19.570,19.590,3915509
2025-09-15 10:30:00,19.600,19.610,19.560,19.600,2173248
2025-09-15 11:00:00,19.600,19.620,19.560,19.570,1304440
2025-09-15 11:30:00,19.560,19.600,19.550,19.580,1004066
2025-09-15 13:30:00,19.590,19.620,19.570,19.580,880280
2025-09-15 14:00:00,19.570,19.580,19.520,19.550,1484466
2025-09-15 14:30:00,19.540,19.560,19.500,19.530,2035030
2025-09-15 15:00:00,19.520,19.530,19.510,19.510,1605108
2025-09-16 10:00:00,19.530,19.560,19.470,19.470,3005176
2025-09-16 10:30:00,19.470,19.490,19.410,19.410,1752600
2025-09-16 11:00:00,19.410,19.420,19.360,19.380,1943600
2025-09-16 11:30:00,19.380,19.480,19.370,19.470,980763
2025-09-16 13:30:00,19.480,19.570,19.470,19.550,1403970
2025-09-16 14:00:00,19.550,19.610,19.530,19.550,1077660
2025-09-16 14:30:00,19.540,19.580,19.520,19.520,782664
2025-09-16 15:00:00,19.530,19.570,19.520,19.540,1134169
2025-09-17 10:00:00,19.570,19.580,19.460,19.480,1759188
2025-09-17 10:30:00,19.480,19.500,19.420,19.500,1378027
2025-09-17 11:00:00,19.490,19.540,19.470,19.530,888680
2025-09-17 11:30:00,19.520,19.550,19.500,19.520,709580
2025-09-17 13:30:00,19.520,19.540,19.480,19.490,725800
2025-09-17 14:00:00,19.480,19.530,19.460,19.520,829084
2025-09-17 14:30:00,19.530,19.550,19.500,19.520,705374
2025-09-17 15:00:00,19.520,19.590,19.510,19.590,1311521
2025-09-18 10:00:00,19.580,19.580,19.500,19.550,1740650
2025-09-18 10:30:00,19.540,19.590,19.520,19.590,1440669
2025-09-18 11:00:00,19.590,19.590,19.530,19.550,1633656
2025-09-18 11:30:00,19.560,19.560,19.520,19.530,586196
2025-09-18 13:30:00,19.540,19.750,19.520,19.690,3294578
2025-09-18 14:00:00,19.680,19.750,19.590,19.590,2324313
2025-09-18 14:30:00,19.600,19.600,19.500,19.510,2055409
2025-09-18 15:00:00,19.520,19.580,19.440,19.580,1939084
2025-09-19 10:00:00,19.500,19.580,19.450,19.450,2001969
2025-09-19 10:30:00,19.450,19.460,19.410,19.420,1641191
2025-09-19 11:00:00,19.420,19.450,19.400,19.410,1076869
2025-09-19 11:30:00,19.400,19.430,19.400,19.410,659749
2025-09-19 13:30:00,19.420,19.480,19.410,19.410,669500
2025-09-19 14:00:00,19.410,19.420,19.330,19.360,1915800
2025-09-19 14:30:00,19.350,19.410,19.350,19.380,758196
2025-09-19 15:00:00,19.380,19.390,19.360,19.370,1355954
2025-09-22 10:00:00,19.400,19.440,19.300,19.320,1610928
2025-09-22 10:30:00,19.310,19.330,19.220,19.310,1823902
2025-09-22 11:00:00,19.310,19.320,19.260,19.280,635024
2025-09-22 11:30:00,19.280,19.300,19.260,19.290,413500
2025-09-22 13:30:00,19.280,19.330,19.270,19.270,459120
2025-09-22 14:00:00,19.270,19.280,19.220,19.240,883429
2025-09-22 14:30:00,19.230,19.260,19.210,19.220,796495
2025-09-22 15:00:00,19.220,19.310,19.220,19.300,1203272
2025-09-23 10:00:00,19.300,19.310,19.130,19.140,2143598
2025-09-23 10:30:00,19.140,19.140,18.970,18.990,3602204
2025-09-23 11:00:00,18.980,19.080,18.920,19.070,1789423
2025-09-23 11:30:00,19.070,19.070,19.010,19.020,661394
2025-09-23 13:30:00,19.010,19.060,18.990,19.040,790204
2025-09-23 14:00:00,19.030,19.050,18.980,19.020,764300
2025-09-23 14:30:00,19.020,19.090,19.010,19.080,1797871
2025-09-23 15:00:00,19.090,19.110,19.000,19.080,1482640
2025-09-24 10:00:00,19.080,19.210,19.050,19.190,1852676
2025-09-24 10:30:00,19.190,19.300,19.140,19.280,1296681
2025-09-24 11:00:00,19.280,19.290,19.200,19.250,731613
2025-09-24 11:30:00,19.250,19.270,19.190,19.230,730607
2025-09-24 13:30:00,19.230,19.240,19.200,19.220,468637
2025-09-24 14:00:00,19.220,19.280,19.210,19.250,602732
2025-09-24 14:30:00,19.260,19.280,19.230,19.250,1072060
2025-09-24 15:00:00,19.250,19.270,19.240,19.250,1155802
2025-09-25 10:00:00,19.100,19.160,19.040,19.110,2431532
2025-09-25 10:30:00,19.100,19.130,19.070,19.090,1051212
2025-09-25 11:00:00,19.090,19.120,19.060,19.060,902700
2025-09-25 11:30:00,19.060,19.090,19.040,19.060,697700
2025-09-25 13:30:00,19.070,19.070,18.980,18.990,1810200
2025-09-25 14:00:00,19.000,19.050,18.990,19.020,567693
2025-09-25 14:30:00,19.020,19.070,19.000,19.050,706656
2025-09-25 15:00:00,19.050,19.050,19.000,19.000,1308062
2025-09-26 10:00:00,18.970,19.020,18.880,19.010,2056600
2025-09-26 10:30:00,19.010,19.080,18.990,19.060,1145048
2025-09-26 11:00:00,19.060,19.100,19.050,19.060,672044
2025-09-26 11:30:00,19.060,19.120,19.050,19.100,656340
2025-09-26 13:30:00,19.100,19.130,19.060,19.090,799060
2025-09-26 14:00:00,19.090,19.120,19.060,19.070,738300
2025-09-26 14:30:00,19.070,19.080,19.040,19.060,855774
2025-09-26 15:00:00,19.050,19.070,19.020,19.020,1749841
2025-09-29 10:00:00,19.020,19.090,18.860,19.090,2831332
2025-09-29 10:30:00,19.080,19.130,19.070,19.130,1146300
2025-09-29 11:00:00,19.130,19.130,19.040,19.070,744744
2025-09-29 11:30:00,19.070,19.090,19.050,19.070,427844
2025-09-29 13:30:00,19.070,19.120,19.050,19.120,593570
2025-09-29 14:00:00,19.120,19.260,19.120,19.240,1650657
2025-09-29 14:30:00,19.240,19.250,19.160,19.180,1057744
2025-09-29 15:00:00,19.190,19.230,19.170,19.200,1446177
2025-09-30 10:00:00,19.170,19.190,19.040,19.110,2878856
2025-09-30 10:30:00,19.110,19.120,19.050,19.070,1632087
2025-09-30 11:00:00,19.070,19.100,19.020,19.100,1447808
2025-09-30 11:30:00,19.090,19.130,19.070,19.100,1011200
2025-09-30 13:30:00,19.110,19.130,19.080,19.090,932700
2025-09-30 14:00:00,19.090,19.090,19.050,19.070,1004220
2025-09-30 14:30:00,19.080,19.100,19.070,19.090,714948
2025-09-30 15:00:00,19.080,19.110,19.080,19.080,1446093
2025-10-09 10:00:00,19.130,19.160,19.040,19.060,2462808
2025-10-09 10:30:00,19.050,19.070,19.010,19.040,1964663
2025-10-09 11:00:00,19.050,19.120,19.030,19.110,1580857
2025-10-09 11:30:00,19.100,19.120,19.080,19.090,1012224
2025-10-09 13:30:00,19.090,19.140,19.090,19.100,1162332
2025-10-09 14:00:00,19.100,19.190,19.100,19.160,1297804
2025-10-09 14:30:00,19.170,19.210,19.150,19.190,1029222
2025-10-09 15:00:00,19.190,19.310,19.180,19.280,2579537
2025-10-10 10:00:00,19.290,19.310,19.210,19.280,2176737
2025-10-10 10:30:00,19.290,19.310,19.260,19.300,1206212
2025-10-10 11:00:00,19.290,19.330,19.280,19.310,1080688
2025-10-10 11:30:00,19.320,19.320,19.290,19.300,833824
2025-10-10 13:30:00,19.300,19.340,19.300,19.320,803424
2025-10-10 14:00:00,19.310,19.380,19.310,19.340,1233503
2025-10-10 14:30:00,19.340,19.350,19.280,19.300,1137577
2025-10-10 15:00:00,19.290,19.380,19.280,19.360,2455760
2025-10-13 10:00:00,19.200,19.200,19.060,19.170,4958684
2025-10-13 10:30:00,19.180,19.250,19.160,19.210,1215964
2025-10-13 11:00:00,19.220,19.240,19.200,19.200,666500
2025-10-13 11:30:00,19.200,19.230,19.170,19.220,647636
2025-10-13 13:30:00,19.220,19.240,19.140,19.240,1265128
2025-10-13 14:00:00,19.220,19.250,19.190,19.230,581014
2025-10-13 14:30:00,19.230,19.240,19.210,19.220,622380
2025-10-13 15:00:00,19.220,19.250,19.190,19.190,1540687
2025-10-14 10:00:00,19.180,19.250,19.120,19.230,3031784
2025-10-14 10:30:00,19.230,19.310,19.190,19.280,1647674
2025-10-14 11:00:00,19.280,19.340,19.240,19.240,1387900
2025-10-14 11:30:00,19.240,19.290,19.230,19.260,831403
2025-10-14 13:30:00,19.260,19.280,19.170,19.210,1394985
2025-10-14 14:00:00,19.220,19.250,19.200,19.230,663984
2025-10-14 14:30:00,19.230,19.240,19.120,19.170,1564316
2025-10-14 15:00:00,19.160,19.190,19.110,19.180,1577083
2025-10-15 10:00:00,19.150,19.230,19.150,19.210,1479512
2025-10-15 10:30:00,19.220,19.250,19.190,19.200,971506
2025-10-15 11:00:00,19.190,19.200,19.170,19.190,747664
2025-10-15 11:30:00,19.180,19.220,19.180,19.190,495400
2025-10-15 13:30:00,19.200,19.210,19.130,19.140,1627658
2025-10-15 14:00:00,19.140,19.170,19.130,19.140,1408198
2025-10-15 14:30:00,19.150,19.200,19.140,19.200,980816
2025-10-15 15:00:00,19.200,19.200,19.170,19.180,1419034
2025-10-16 10:00:00,19.240,19.270,19.160,19.250,2109212
2025-10-16 10:30:00,19.250,19.270,19.190,19.200,1300440
2025-10-16 11:00:00,19.220,19.220,19.170,19.180,934660
2025-10-16 11:30:00,19.180,19.200,19.160,19.170,811384
2025-10-16 13:30:00,19.180,19.190,19.120,19.130,978200
2025-10-16 14:00:00,19.130,19.150,19.120,19.130,594524
2025-10-16 14:30:00,19.130,19.170,19.120,19.150,688542
2025-10-16 15:00:00,19.150,19.180,19.130,19.160,921440
2025-10-17 10:00:00,19.120,19.220,19.110,19.200,2143520
2025-10-17 10:30:00,19.190,19.200,19.120,19.140,879926
2025-10-17 11:00:00,19.140,19.190,19.130,19.150,446008
2025-10-17 11:30:00,19.150,19.160,19.120,19.120,394500
2025-10-17 13:30:00,19.120,19.140,19.060,19.080,1523101
2025-10-17 14:00:00,19.070,19.090,19.060,19.070,638974
2025-10-17 14:30:00,19.070,19.100,19.050,19.060,975973
2025-10-17 15:00:00,19.060,19.070,19.010,19.030,2050301
2025-10-20 10:00:00,19.040,19.090,18.950,19.000,2024480
2025-10-20 10:30:00,19.000,19.020,18.980,18.990,1154100
2025-10-20 11:00:00,19.000,19.050,18.990,19.010,447024
2025-10-20 11:30:00,19.010,19.040,18.990,19.030,329985
2025-10-20 13:30:00,19.040,19.040,19.000,19.020,394068
2025-10-20 14:00:00,19.020,19.040,19.000,19.010,488998
2025-10-20 14:30:00,19.000,19.030,18.990,18.990,515806
2025-10-20 15:00:00,19.000,19.010,18.980,19.000,893327
2025-10-21 10:00:00,19.010,19.040,18.960,19.030,1408872
2025-10-21 10:30:00,19.030,19.040,18.990,19.030,968204
2025-10-21 11:00:00,19.030,19.030,19.000,19.030,597472
2025-10-21 11:30:00,19.040,19.120,19.030,19.110,1058411
2025-10-21 13:30:00,19.120,19.120,19.070,19.080,557296
2025-10-21 14:00:00,19.080,19.100,19.070,19.090,603162
2025-10-21 14:30:00,19.090,19.110,19.080,19.100,598700
2025-10-21 15:00:00,19.090,19.110,19.080,19.080,993998
2025-10-22 10:00:00,19.050,19.160,19.000,19.110,1959464
2025-10-22 10:30:00,19.110,19.140,19.100,19.130,835500
2025-10-22 11:00:00,19.120,19.190,19.110,19.160,895387
2025-10-22 11:30:00,19.150,19.150,19.120,19.130,389133
2025-10-22 13:30:00,19.130,19.140,19.110,19.120,296000
2025-10-22 14:00:00,19.130,19.130,19.090,19.090,503400
2025-10-22 14:30:00,19.100,19.100,19.080,19.100,372448
2025-10-22 15:00:00,19.100,19.130,19.090,19.130,769984
2025-10-23 10:00:00,19.060,19.130,19.050,19.070,1217448
2025-10-23 10:30:00,19.060,19.080,19.020,19.030,1304254
2025-10-23 11:00:00,19.030,19.060,19.020,19.040,448046
2025-10-23 11:30:00,19.040,19.100,19.040,19.070,387472
2025-10-23 13:30:00,19.080,19.080,19.020,19.050,622800
2025-10-23 14:00:00,19.030,19.060,19.020,19.030,625800
2025-10-23 14:30:00,19.030,19.090,19.030,19.090,363960
2025-10-23 15:00:00,19.080,19.140,19.070,19.140,1192696
2025-10-24 10:00:00,19.140,19.190,19.070,19.150,2100324
2025-10-24 10:30:00,19.140,19.160,19.090,19.090,1173800
2025-10-24 11:00:00,19.100,19.120,19.060,19.110,1035011
2025-10-24 11:30:00,19.100,19.120,19.090,19.100,377590
2025-10-24 13:30:00,19.120,19.130,19.090,19.100,397864
2025-10-24 14:00:00,19.100,19.110,19.090,19.110,282000
2025-10-24 14:30:00,19.100,19.110,19.090,19.100,516772
2025-10-24 15:00:00,19.090,19.110,19.080,19.090,927648
2025-10-27 10:00:00,18.550,18.750,18.470,18.640,11149738
2025-10-27 10:30:00,18.640,18.720,18.630,18.650,2498842
2025-10-27 11:00:00,18.650,18.780,18.640,18.760,2023227
2025-10-27 11:30:00,18.760,18.780,18.730,18.750,1058528
2025-10-27 13:30:00,18.740,18.760,18.720,18.760,1192260
2025-10-27 14:00:00,18.760,18.760,18.600,18.610,4731640
2025-10-27 14:30:00,18.610,18.760,18.610,18.740,1696972
2025-10-27 15:00:00,18.730,18.810,18.710,18.770,2559885
2025-10-28 10:00:00,18.720,18.720,18.570,18.580,3869990
2025-10-28 10:30:00,18.580,18.630,18.560,18.570,3252185
2025-10-28 11:00:00,18.570,18.600,18.550,18.580,2010685
2025-10-28 11:30:00,18.590,18.630,18.560,18.600,1226415
2025-10-28 13:30:00,18.600,18.610,18.560,18.560,908440
2025-10-28 14:00:00,18.570,18.580,18.530,18.540,1663100
2025-10-28 14:30:00,18.550,18.570,18.540,18.550,1026876
2025-10-28 15:00:00,18.560,18.580,18.550,18.580,1350754
2025-10-29 10:00:00,18.580,18.590,18.310,18.310,6051048
2025-10-29 10:30:00,18.310,18.310,18.200,18.260,4238755
2025-10-29 11:00:00,18.270,18.270,18.220,18.230,1652200
2025-10-29 11:30:00,18.230,18.290,18.230,18.290,1436836
2025-10-29 13:30:00,18.290,18.330,18.210,18.260,2283107
2025-10-29 14:00:00,18.260,18.270,18.220,18.230,1441628
2025-10-29 14:30:00,18.230,18.300,18.220,18.280,1235540
2025-10-29 15:00:00,18.270,18.320,18.270,18.320,1825603
2025-10-30 10:00:00,18.280,18.370,18.210,18.360,3398439
2025-10-30 10:30:00,18.370,18.400,18.330,18.390,1867352
2025-10-30 11:00:00,18.390,18.400,18.330,18.360,762119
2025-10-30 11:30:00,18.350,18.380,18.340,18.370,541857
2025-10-30 13:30:00,18.370,18.370,18.310,18.340,943209
2025-10-30 14:00:00,18.340,18.350,18.330,18.330,361798
2025-10-30 14:30:00,18.330,18.340,18.310,18.320,656218
2025-10-30 15:00:00,18.330,18.340,18.310,18.330,1084150
2025-10-31 10:00:00,18.330,18.430,18.290,18.400,2120172
2025-10-31 10:30:00,18.400,18.440,18.380,18.420,1006304
2025-10-31 11:00:00,18.430,18.440,18.400,18.430,715068
2025-10-31 11:30:00,18.420,18.450,18.420,18.430,757670
2025-10-31 13:30:00,18.440,18.450,18.400,18.420,1052300
2025-10-31 14:00:00,18.430,18.430,18.400,18.410,556700
2025-10-31 14:30:00,18.400,18.430,18.400,18.420,491600
2025-10-31 15:00:00,18.420,18.430,18.410,18.430,938800
2025-11-03 10:00:00,18.430,18.460,18.320,18.400,1652268
2025-11-03 10:30:00,18.400,18.440,18.360,18.430,956248
2025-11-03 11:00:00,18.430,18.480,18.420,18.460,944476
2025-11-03 11:30:00,18.450,18.460,18.430,18.440,463800
2025-11-03 13:30:00,18.450,18.480,18.440,18.470,566258
2025-11-03 14:00:00,18.470,18.480,18.450,18.470,614340
2025-11-03 14:30:00,18.470,18.470,18.450,18.450,415180
2025-11-03 15:00:00,18.460,18.470,18.450,18.470,756500
2025-11-04 10:00:00,18.450,18.450,18.390,18.410,1320926
2025-11-04 10:30:00,18.410,18.420,18.390,18.410,903420
2025-11-04 11:00:00,18.410,18.450,18.390,18.420,1157134
2025-11-04 11:30:00,18.410,18.430,18.390,18.420,369472
2025-11-04 13:30:00,18.410,18.420,18.390,18.400,460384
2025-11-04 14:00:00,18.390,18.540,18.390,18.500,1837840
2025-11-04 14:30:00,18.510,18.530,18.470,18.480,1744800
2025-11-04 15:00:00,18.470,18.520,18.470,18.500,1200512
2025-11-05 10:00:00,18.450,18.490,18.370,18.460,1703817
2025-11-05 10:30:00,18.460,18.470,18.380,18.390,932794
2025-11-05 11:00:00,18.380,18.440,18.370,18.410,458028
2025-11-05 11:30:00,18.400,18.440,18.390,18.410,325788
2025-11-05 13:30:00,18.400,18.440,18.400,18.430,450915
2025-11-05 14:00:00,18.420,18.460,18.410,18.440,448700
2025-11-05 14:30:00,18.440,18.470,18.420,18.430,654600
2025-11-05 15:00:00,18.430,18.440,18.420,18.440,831788
2025-11-06 10:00:00,18.440,18.450,18.330,18.440,1800249
2025-11-06 10:30:00,18.440,18.500,18.410,18.450,900863
2025-11-06 11:00:00,18.450,18.480,18.440,18.480,744076
2025-11-06 11:30:00,18.480,18.490,18.460,18.470,612000
2025-11-06 13:30:00,18.470,18.480,18.390,18.390,951900
2025-11-06 14:00:00,18.390,18.420,18.380,18.380,1017012
2025-11-06 14:30:00,18.380,18.420,18.380,18.410,938920
2025-11-06 15:00:00,18.410,18.430,18.390,18.400,1225460
2025-11-07 10:00:00,18.400,18.450,18.370,18.440,1924263
2025-11-07 10:30:00,18.440,18.450,18.410,18.440,832145
2025-11-07 11:00:00,18.440,18.450,18.410,18.430,891241
2025-11-07 11:30:00,18.430,18.440,18.420,18.430,346220
2025-11-07 13:30:00,18.430,18.450,18.410,18.420,770104
2025-11-07 14:00:00,18.430,18.430,18.400,18.410,690644
2025-11-07 14:30:00,18.410,18.420,18.390,18.400,698017
2025-11-07 15:00:00,18.410,18.420,18.400,18.420,589340
2025-11-10 10:00:00,18.460,18.540,18.430,18.490,2691752
2025-11-10 10:30:00,18.490,18.580,18.490,18.550,2297084
2025-11-10 11:00:00,18.550,18.690,18.540,18.680,2416712
2025-11-10 11:30:00,18.670,18.680,18.610,18.610,1023088
2025-11-10 13:30:00,18.610,18.640,18.600,18.620,722272
2025-11-10 14:00:00,18.610,18.620,18.590,18.610,690245
2025-11-10 14:30:00,18.600,18.620,18.600,18.610,467036
2025-11-10 15:00:00,18.610,18.630,18.600,18.620,1145683
2025-11-11 10:00:00,18.620,18.630,18.520,18.560,1887604
2025-11-11 10:30:00,18.550,18.640,18.550,18.620,1036432
2025-11-11 11:00:00,18.620,18.630,18.550,18.550,825740
2025-11-11 11:30:00,18.550,18.600,18.540,18.580,513000
2025-11-11 13:30:00,18.580,18.590,18.540,18.550,574300
2025-11-11 14:00:00,18.560,18.610,18.540,18.570,667549
2025-11-11 14:30:00,18.580,18.640,18.570,18.630,1042917
2025-11-11 15:00:00,18.630,18.670,18.620,18.640,1275483
2025-11-12 10:00:00,18.650,18.680,18.560,18.630,2284456
2025-11-12 10:30:00,18.630,18.630,18.530,18.610,1479244
2025-11-12 11:00:00,18.600,18.620,18.580,18.580,619084
2025-11-12 11:30:00,18.580,18.590,18.550,18.570,675600
2025-11-12 13:30:00,18.570,18.580,18.470,18.490,1608588
2025-11-12 14:00:00,18.520,18.530,18.480,18.500,610100
2025-11-12 14:30:00,18.510,18.540,18.500,18.510,400728
2025-11-12 15:00:00,18.510,18.550,18.510,18.540,742244
2025-11-13 10:00:00,18.540,18.550,18.450,18.490,1597000
2025-11-13 10:30:00,18.480,18.500,18.460,18.480,931120
2025-11-13 11:00:00,18.490,18.520,18.480,18.500,466884
2025-11-13 11:30:00,18.510,18.520,18.490,18.500,447140
2025-11-13 13:30:00,18.510,18.540,18.500,18.520,533252
2025-11-13 14:00:00,18.520,18.530,18.500,18.510,611800
2025-11-13 14:30:00,18.520,18.520,18.500,18.520,672111
2025-11-13 15:00:00,18.510,18.530,18.500,18.520,1274299
2025-11-14 10:00:00,18.470,18.590,18.460,18.570,1953225
2025-11-14 10:30:00,18.570,18.590,18.550,18.580,827437
2025-11-14 11:00:00,18.580,18.590,18.570,18.570,579332
2025-11-14 11:30:00,18.580,18.620,18.570,18.570,727500
2025-11-14 13:30:00,18.580,18.590,18.550,18.580,557108
2025-11-14 14:00:00,18.580,18.590,18.550,18.560,336720
2025-11-14 14:30:00,18.560,18.630,18.550,18.610,1419713
2025-11-14 15:00:00,18.610,18.650,18.570,18.590,2550170
2025-11-17 10:00:00,18.620,18.620,18.450,18.460,2961700
2025-11-17 10:30:00,18.460,18.470,18.420,18.430,1614500
2025-11-17 11:00:00,18.420,18.470,18.410,18.450,768648
2025-11-17 11:30:00,18.440,18.470,18.440,18.450,270400
2025-11-17 13:30:00,18.440,18.450,18.380,18.390,1242552
2025-11-17 14:00:00,18.400,18.400,18.360,18.370,1096612
2025-11-17 14:30:00,18.360,18.380,18.340,18.360,1409895
2025-11-17 15:00:00,18.350,18.370,18.340,18.340,1380300
2025-11-18 10:00:00,18.350,18.380,18.310,18.330,1483160
2025-11-18 10:30:00,18.320,18.360,18.320,18.360,677035
2025-11-18 11:00:00,18.350,18.370,18.340,18.350,459820
2025-11-18 11:30:00,18.360,18.360,18.310,18.330,688444
2025-11-18 13:30:00,18.330,18.330,18.280,18.300,1110065
2025-11-18 14:00:00,18.290,18.330,18.290,18.290,313537
2025-11-18 14:30:00,18.300,18.300,18.250,18.260,907616
2025-11-18 15:00:00,18.260,18.280,18.250,18.260,980054
2025-11-19 10:00:00,18.270,18.320,18.180,18.220,1793080
2025-11-19 10:30:00,18.220,18.240,18.180,18.200,1587888
2025-11-19 11:00:00,18.210,18.210,18.150,18.150,1365302
2025-11-19 11:30:00,18.160,18.170,18.080,18.080,1211298
2025-11-19 13:30:00,18.090,18.100,18.060,18.090,828890
2025-11-19 14:00:00,18.080,18.090,18.040,18.090,821880
2025-11-19 14:30:00,18.090,18.140,18.060,18.110,567442
2025-11-19 15:00:00,18.110,18.140,18.080,18.090,737595
2025-11-20 10:00:00,18.090,18.170,18.090,18.100,1019162
2025-11-20 10:30:00,18.100,18.110,18.020,18.030,1077400
2025-11-20 11:00:00,18.030,18.080,18.020,18.070,496635
2025-11-20 11:30:00,18.070,18.120,18.030,18.110,920504
2025-11-20 13:30:00,18.110,18.120,18.070,18.070,438604
2025-11-20 14:00:00,18.080,18.080,18.050,18.060,418973
2025-11-20 14:30:00,18.060,18.070,18.010,18.020,1085700
2025-11-20 15:00:00,18.020,18.050,18.010,18.020,1125872
2025-11-21 10:00:00,18.000,18.040,17.750,17.780,3911192
2025-11-21 10:30:00,17.780,17.840,17.680,17.690,2486070
2025-11-21 11:00:00,17.680,17.690,17.590,17.650,2184088
2025-11-21 11:30:00,17.640,17.750,17.640,17.710,708837
2025-11-21 13:30:00,17.710,17.740,17.680,17.690,577383
2025-11-21 14:00:00,17.690,17.750,17.680,17.680,481300
2025-11-21 14:30:00,17.690,17.700,17.630,17.650,773503
2025-11-21 15:00:00,17.630,17.670,17.600,17.610,1338814
2025-11-24 10:00:00,17.700,17.710,17.550,17.570,2311300
2025-11-24 10:30:00,17.570,17.590,17.530,17.580,1001093
2025-11-24 11:00:00,17.580,17.590,17.520,17.520,549850
2025-11-24 11:30:00,17.510,17.520,17.480,17.510,923100
2025-11-24 13:30:00,17.510,17.580,17.470,17.580,858944
2025-11-24 14:00:00,17.580,17.630,17.520,17.610,807832
2025-11-24 14:30:00,17.600,17.630,17.590,17.620,524680
2025-11-24 15:00:00,17.620,17.660,17.580,17.660,1790684
2025-11-25 10:00:00,17.640,17.720,17.510,17.670,1518570
2025-11-25 10:30:00,17.670,17.730,17.660,17.700,1023090
2025-11-25 11:00:00,17.720,17.740,17.700,17.720,760660
2025-11-25 11:30:00,17.720,17.750,17.680,17.730,655600
2025-11-25 13:30:00,17.730,17.740,17.680,17.690,673180
2025-11-25 14:00:00,17.680,17.720,17.680,17.700,324512
2025-11-25 14:30:00,17.710,17.710,17.670,17.670,361300
2025-11-25 15:00:00,17.680,17.700,17.670,17.690,707858
2025-11-26 10:00:00,17.660,17.750,17.630,17.710,1089329
2025-11-26 10:30:00,17.720,17.730,17.670,17.700,1141160
2025-11-26 11:00:00,17.680,17.700,17.650,17.660,537699
2025-11-26 11:30:00,17.670,17.690,17.660,17.670,339225
2025-11-26 13:30:00,17.670,17.690,17.630,17.640,426500
2025-11-26 14:00:00,17.640,17.660,17.640,17.650,395680
2025-11-26 14:30:00,17.650,17.650,17.630,17.630,416800
2025-11-26 15:00:00,17.640,17.650,17.610,17.610,976741
2025-11-27 10:00:00,17.570,17.600,17.420,17.490,2891788
2025-11-27 10:30:00,17.480,17.500,17.450,17.480,588964
2025-11-27 11:00:00,17.480,17.540,17.470,17.520,438700
2025-11-27 11:30:00,17.530,17.540,17.510,17.510,284700
2025-11-27 13:30:00,17.510,17.550,17.510,17.530,321349
2025-11-27 14:00:00,17.530,17.560,17.530,17.550,418920
2025-11-27 14:30:00,17.540,17.550,17.480,17.490,536180
2025-11-27 15:00:00,17.500,17.500,17.440,17.440,846274
2025-11-28 10:00:00,17.430,17.440,17.240,17.240,2469000
2025-11-28 10:30:00,17.240,17.260,17.180,17.230,2025998
2025-11-28 11:00:00,17.230,17.260,17.210,17.250,595940
2025-11-28 11:30:00,17.250,17.300,17.240,17.290,486880
2025-11-28 13:30:00,17.280,17.290,17.220,17.230,513416
2025-11-28 14:00:00,17.230,17.260,17.220,17.250,771576
2025-11-28 14:30:00,17.250,17.280,17.220,17.270,779552
2025-11-28 15:00:00,17.280,17.290,17.270,17.290,882180
2025-12-01 10:00:00,17.280,17.340,17.220,17.300,1843248
2025-12-01 10:30:00,17.310,17.410,17.270,17.410,1505734
2025-12-01 11:00:00,17.400,17.410,17.360,17.400,588692
2025-12-01 11:30:00,17.400,17.430,17.380,17.380,384181
2025-12-01 13:30:00,17.390,17.420,17.380,17.380,519880
2025-12-01 14:00:00,17.400,17.400,17.360,17.370,536244
2025-12-01 14:30:00,17.370,17.400,17.370,17.380,566787
2025-12-01 15:00:00,17.380,17.410,17.360,17.390,1220664
2025-12-02 10:00:00,17.360,17.380,17.120,17.160,3574700
2025-12-02 10:30:00,17.160,17.180,17.130,17.150,1110029
2025-12-02 11:00:00,17.160,17.200,17.150,17.180,575884
2025-12-02 11:30:00,17.180,17.190,17.170,17.180,271660
2025-12-02 13:30:00,17.180,17.190,17.160,17.170,359240
2025-12-02 14:00:00,17.170,17.200,17.170,17.180,399858
2025-12-02 14:30:00,17.180,17.180,17.140,17.140,841656
2025-12-02 15:00:00,17.150,17.160,17.110,17.130,1806117
2025-12-03 10:00:00,17.110,17.130,17.010,17.020,2484308
2025-12-03 10:30:00,17.020,17.110,16.990,17.050,1859223
2025-12-03 11:00:00,17.060,17.130,17.040,17.110,687922
2025-12-03 11:30:00,17.120,17.150,17.080,17.140,574620
2025-12-03 13:30:00,17.140,17.200,17.140,17.140,694900
2025-12-03 14:00:00,17.150,17.150,17.110,17.120,407100
2025-12-03 14:30:00,17.120,17.130,17.070,17.090,516600
2025-12-03 15:00:00,17.090,17.160,17.070,17.160,1120309
2025-12-04 10:00:00,17.160,17.170,17.010,17.020,1523560
2025-12-04 10:30:00,17.020,17.050,17.000,17.020,1153532
2025-12-04 11:00:00,17.020,17.100,17.020,17.090,537640
2025-12-04 11:30:00,17.090,17.100,17.030,17.050,367624
2025-12-04 13:30:00,17.060,17.060,17.020,17.030,324600
2025-12-04 14:00:00,17.030,17.030,17.010,17.020,505600
2025-12-04 14:30:00,17.010,17.030,17.000,17.020,541593
2025-12-04 15:00:00,17.010,17.030,16.990,17.000,1398576
2025-12-05 10:00:00,17.000,17.020,16.860,16.900,2290081
2025-12-05 10:30:00,16.890,16.960,16.890,16.940,683143
2025-12-05 11:00:00,16.940,16.990,16.940,16.980,551007
2025-12-05 11:30:00,16.980,17.030,16.970,17.000,439376
2025-12-05 13:30:00,17.010,17.010,16.990,17.010,379400
2025-12-05 14:00:00,17.010,17.110,17.000,17.110,1260490
2025-12-05 14:30:00,17.110,17.110,17.070,17.090,740471
2025-12-05 15:00:00,17.080,17.100,17.070,17.100,1000624
2025-12-08 10:00:00,17.120,17.180,17.090,17.100,1608947
2025-12-08 10:30:00,17.100,17.150,17.100,17.140,472806
2025-12-08 11:00:00,17.150,17.160,17.130,17.140,366664
2025-12-08 11:30:00,17.150,17.180,17.140,17.170,615088
2025-12-08 13:30:00,17.160,17.170,17.140,17.160,455265
2025-12-08 14:00:00,17.160,17.170,17.150,17.160,509355
2025-12-08 14:30:00,17.160,17.170,17.140,17.170,680320
2025-12-08 15:00:00,17.170,17.170,17.140,17.140,746480
2025-12-09 10:00:00,17.150,17.270,17.120,17.190,1784347
2025-12-09 10:30:00,17.190,17.200,17.150,17.170,770200
2025-12-09 11:00:00,17.180,17.180,17.120,17.140,565160
2025-12-09 11:30:00,17.150,17.150,17.080,17.090,662236
2025-12-09 13:30:00,17.100,17.100,17.010,17.060,1099392
2025-12-09 14:00:00,17.050,17.090,17.000,17.040,1052300
2025-12-09 14:30:00,17.040,17.040,17.000,17.030,658492
2025-12-09 15:00:00,17.030,17.040,17.000,17.000,934994
2025-12-10 10:00:00,16.990,17.040,16.900,17.010,1412301
2025-12-10 10:30:00,17.010,17.060,16.960,16.960,539100
2025-12-10 11:00:00,16.970,16.970,16.920,16.930,681100
2025-12-10 11:30:00,16.920,16.940,16.910,16.940,561000
2025-12-10 13:30:00,16.920,16.980,16.910,16.970,437499
2025-12-10 14:00:00,16.970,17.030,16.970,17.010,699096
2025-12-10 14:30:00,17.010,17.050,17.000,17.040,596720
2025-12-10 15:00:00,17.050,17.060,16.960,17.000,1483204
2025-12-11 10:00:00,17.010,17.030,16.880,16.890,1925000
2025-12-11 10:30:00,16.880,16.910,16.850,16.860,1503400
2025-12-11 11:00:00,16.860,16.870,16.760,16.790,1873032
2025-12-11 11:30:00,16.790,16.800,16.740,16.750,1288092
2025-12-11 13:30:00,16.750,16.760,16.660,16.690,2353535
2025-12-11 14:00:00,16.680,16.710,16.660,16.690,891194
2025-12-11 14:30:00,16.700,16.700,16.660,16.680,687430
2025-12-11 15:00:00,16.680,16.690,16.650,16.670,2058914
2025-12-12 10:00:00,16.670,16.700,16.370,16.420,5234964
2025-12-12 10:30:00,16.410,16.440,16.360,16.370,2672152
2025-12-12 11:00:00,16.370,16.390,16.320,16.340,3391137
2025-12-12 11:30:00,16.350,16.350,16.280,16.320,2681248
2025-12-12 13:30:00,16.320,16.430,16.290,16.410,2450722
2025-12-12 14:00:00,16.410,16.460,16.350,16.350,2466720
2025-12-12 14:30:00,16.360,16.390,16.310,16.330,3008480
2025-12-12 15:00:00,16.330,16.350,16.290,16.340,4592907
2025-12-15 10:00:00,16.290,16.300,16.140,16.190,3364083
2025-12-15 10:30:00,16.200,16.230,16.180,16.230,1429351
2025-12-15 11:00:00,16.230,16.340,16.220,16.290,1079503
2025-12-15 11:30:00,16.290,16.290,16.230,16.240,641915
2025-12-15 13:30:00,16.230,16.270,16.220,16.240,553160
2025-12-15 14:00:00,16.240,16.250,16.200,16.230,578552
2025-12-15 14:30:00,16.230,16.240,16.200,16.220,558300
2025-12-15 15:00:00,16.210,16.260,16.200,16.250,1332536
2025-12-16 10:00:00,16.350,16.440,16.250,16.290,3257000
2025-12-16 10:30:00,16.270,16.320,16.240,16.300,969920
2025-12-16 11:00:00,16.310,16.310,16.220,16.230,751224
2025-12-16 11:30:00,16.230,16.260,16.220,16.250,362000
2025-12-16 13:30:00,16.260,16.270,16.200,16.210,645400
2025-12-16 14:00:00,16.210,16.260,16.200,16.220,695200
2025-12-16 14:30:00,16.220,16.230,16.160,16.180,1357819
2025-12-16 15:00:00,16.190,16.220,16.170,16.180,961493
2025-12-17 10:00:00,16.160,16.200,16.100,16.130,1773500
2025-12-17 10:30:00,16.140,16.220,16.130,16.190,773688
2025-12-17 11:00:00,16.190,16.200,16.150,16.200,378702
2025-12-17 11:30:00,16.190,16.200,16.170,16.180,305900
2025-12-17 13:30:00,16.180,16.200,16.160,16.180,494000
2025-12-17 14:00:00,16.180,16.250,16.170,16.250,1012670
2025-12-17 14:30:00,16.240,16.330,16.240,16.300,1461040
2025-12-17 15:00:00,16.300,16.320,16.290,16.310,1376566
2025-12-18 10:00:00,16.300,16.350,16.240,16.330,1274663
2025-12-18 10:30:00,16.330,16.350,16.300,16.340,704328
2025-12-18 11:00:00,16.350,16.350,16.280,16.300,628999
2025-12-18 11:30:00,16.310,16.320,16.290,16.300,235700
2025-12-18 13:30:00,16.300,16.330,16.290,16.320,370500
2025-12-18 14:00:00,16.310,16.330,16.270,16.280,659028
2025-12-18 14:30:00,16.280,16.310,16.270,16.290,529964
2025-12-18 15:00:00,16.290,16.310,16.260,16.300,759240
2025-12-19 10:00:00,16.290,16.440,16.280,16.430,2351954
2025-12-19 10:30:00,16.430,16.500,16.420,16.450,1646901
2025-12-19 11:00:00,16.460,16.470,16.410,16.460,597660
2025-12-19 11:30:00,16.450,16.480,16.440,16.470,558648
2025-12-19 13:30:00,16.470,16.480,16.410,16.450,629500
2025-12-19 14:00:00,16.440,16.450,16.410,16.420,468200
2025-12-19 14:30:00,16.420,16.440,16.400,16.430,599760
2025-12-19 15:00:00,16.430,16.460,16.420,16.440,1060494
2025-12-22 10:00:00,16.430,16.470,16.370,16.460,1363396
2025-12-22 10:30:00,16.450,16.460,16.430,16.460,534928
2025-12-22 11:00:00,16.460,16.480,16.450,16.460,527000
2025-12-22 11:30:00,16.470,16.480,16.460,16.460,374132
2025-12-22 13:30:00,16.470,16.480,16.410,16.410,822260
2025-12-22 14:00:00,16.420,16.450,16.410,16.440,440700
2025-12-22 14:30:00,16.450,16.470,16.440,16.460,553884
2025-12-22 15:00:00,16.470,16.480,16.440,16.450,759768
2025-12-23 10:00:00,16.450,16.490,16.310,16.320,1994400
2025-12-23 10:30:00,16.330,16.330,16.230,16.240,1746980
2025-12-23 11:00:00,16.240,16.250,16.230,16.240,691200
2025-12-23 11:30:00,16.250,16.280,16.220,16.230,1865613
2025-12-23 13:30:00,16.240,16.260,16.220,16.250,577660
2025-12-23 14:00:00,16.250,16.250,16.220,16.230,602129
2025-12-23 14:30:00,16.230,16.230,16.170,16.180,1367817
2025-12-23 15:00:00,16.180,16.180,16.120,16.130,2636074
2025-12-24 10:00:00,16.100,16.670,16.060,16.620,7800635
2025-12-24 10:30:00,16.610,16.630,16.510,16.600,3468048
2025-12-24 11:00:00,16.600,16.830,16.590,16.750,5644655
2025-12-24 11:30:00,16.760,16.780,16.700,16.710,1101862
2025-12-24 13:30:00,16.710,16.720,16.660,16.670,1198200
2025-12-24 14:00:00,16.670,16.690,16.610,16.620,1319787
2025-12-24 14:30:00,16.620,16.640,16.610,16.630,845200
2025-12-24 15:00:00,16.630,16.630,16.550,16.600,2516625
2025-12-25 10:00:00,16.530,16.610,16.470,16.510,3059696
2025-12-25 10:30:00,16.510,16.600,16.500,16.570,888620
2025-12-25 11:00:00,16.580,16.610,16.560,16.600,483716
2025-12-25 11:30:00,16.590,16.590,16.540,16.550,481000
2025-12-25 13:30:00,16.550,16.590,16.530,16.580,429312
2025-12-25 14:00:00,16.580,16.590,16.550,16.580,456600
2025-12-25 14:30:00,16.580,16.620,16.570,16.600,646340
2025-12-25 15:00:00,16.590,16.630,16.580,16.600,1278700
2025-12-26 10:00:00,16.580,16.620,16.540,16.590,1321682
2025-12-26 10:30:00,16.600,16.630,16.580,16.610,731600
2025-12-26 11:00:00,16.600,16.750,16.600,16.720,1777370
2025-12-26 11:30:00,16.720,16.720,16.580,16.630,1616742
2025-12-26 13:30:00,16.620,16.650,16.600,16.640,578665
2025-12-26 14:00:00,16.640,16.670,16.630,16.670,461598
2025-12-26 14:30:00,16.670,16.680,16.620,16.630,456022
2025-12-26 15:00:00,16.630,16.700,16.620,16.680,977481
2025-12-29 10:00:00,16.660,16.730,16.610,16.630,1787340
2025-12-29 10:30:00,16.620,16.640,16.580,16.590,1133395
2025-12-29 11:00:00,16.600,16.600,16.550,16.560,826760
2025-12-29 11:30:00,16.560,16.570,16.520,16.540,639700
2025-12-29 13:30:00,16.540,16.600,16.540,16.590,609435
2025-12-29 14:00:00,16.590,16.660,16.570,16.630,442660
2025-12-29 14:30:00,16.620,16.630,16.600,16.620,468300
2025-12-29 15:00:00,16.620,16.640,16.570,16.590,1106120
2025-12-30 10:00:00,16.560,16.600,16.510,16.520,964200
2025-12-30 10:30:00,16.520,16.540,16.500,16.520,711988
2025-12-30 11:00:00,16.520,16.530,16.500,16.530,599699
2025-12-30 11:30:00,16.530,16.530,16.490,16.510,399200
2025-12-30 13:30:00,16.510,16.510,16.430,16.500,1363636
2025-12-30 14:00:00,16.500,16.500,16.450,16.460,265100
2025-12-30 14:30:00,16.450,16.490,16.450,16.480,390941
2025-12-30 15:00:00,16.470,16.490,16.450,16.460,661584
2025-12-31 10:00:00,16.460,16.530,16.350,16.370,2100287
2025-12-31 10:30:00,16.360,16.400,16.330,16.380,902324
2025-12-31 11:00:00,16.390,16.450,16.390,16.430,538788
2025-12-31 11:30:00,16.440,16.460,16.430,16.450,220820
2025-12-31 13:30:00,16.440,16.460,16.380,16.410,913780
2025-12-31 14:00:00,16.400,16.410,16.350,16.370,674912
2025-12-31 14:30:00,16.370,16.380,16.320,16.340,1299620
2025-12-31 15:00:00,16.340,16.360,16.320,16.340,1388860
2026-01-05 10:00:00,16.330,16.500,16.310,16.490,2690195
2026-01-05 10:30:00,16.480,16.600,16.480,16.590,2248063
2026-01-05 11:00:00,16.590,16.630,16.560,16.600,1439840
2026-01-05 11:30:00,16.600,16.620,16.580,16.620,718132
2026-01-05 13:30:00,16.610,16.650,16.590,16.620,1111002
2026-01-05 14:00:00,16.600,16.630,16.600,16.620,474688
2026-01-05 14:30:00,16.620,16.640,16.610,16.640,761894
2026-01-05 15:00:00,16.630,16.660,16.630,16.660,1505146
2026-01-06 10:00:00,16.660,16.870,16.630,16.830,3613088
2026-01-06 10:30:00,16.840,16.940,16.820,16.840,2357340
2026-01-06 11:00:00,16.840,16.860,16.760,16.810,1566755
2026-01-06 11:30:00,16.810,16.840,16.800,16.800,453160
2026-01-06 13:30:00,16.810,16.860,16.790,16.840,739604
2026-01-06 14:00:00,16.830,16.840,16.770,16.810,844911
2026-01-06 14:30:00,16.810,16.850,16.790,16.840,737856
2026-01-06 15:00:00,16.840,16.860,16.810,16.860,1361962
2026-01-07 10:00:00,16.870,16.980,16.810,16.920,2979205
2026-01-07 10:30:00,16.920,16.940,16.820,16.880,1669400
2026-01-07 11:00:00,16.870,16.910,16.860,16.880,718072
2026-01-07 11:30:00,16.870,16.910,16.850,16.900,583328
2026-01-07 13:30:00,16.900,16.930,16.800,16.800,1260620
2026-01-07 14:00:00,16.810,16.820,16.750,16.790,1403560
2026-01-07 14:30:00,16.790,16.820,16.770,16.770,993200
2026-01-07 15:00:00,16.770,16.800,16.760,16.790,1165978
2026-01-08 10:00:00,16.720,16.940,16.720,16.930,2383598
2026-01-08 10:30:00,16.920,16.940,16.840,16.900,1414669
2026-01-08 11:00:00,16.900,16.930,16.860,16.900,801544
2026-01-08 11:30:00,16.910,16.910,16.870,16.900,712646
2026-01-08 13:30:00,16.910,16.920,16.890,16.910,609824
2026-01-08 14:00:00,16.920,16.920,16.880,16.910,733760
2026-01-08 14:30:00,16.910,16.920,16.850,16.890,952585
2026-01-08 15:00:00,16.890,16.920,16.880,16.910,1622739
2026-01-09 10:00:00,16.930,17.120,16.880,17.080,3430959
2026-01-09 10:30:00,17.070,17.090,17.020,17.040,1442600
2026-01-09 11:00:00,17.040,17.090,17.030,17.050,1136684
2026-01-09 11:30:00,17.050,17.060,16.900,16.920,1463488
2026-01-09 13:30:00,16.920,16.970,16.920,16.950,564300
2026-01-09 14:00:00,16.940,17.010,16.940,17.000,502560
2026-01-09 14:30:00,17.000,17.020,16.990,17.010,719554
2026-01-09 15:00:00,17.010,17.050,17.000,17.050,1010132
2026-01-12 10:00:00,17.070,17.070,16.940,16.980,3060696
2026-01-12 10:30:00,16.980,17.050,16.980,17.010,1097503
2026-01-12 11:00:00,17.010,17.040,16.980,17.030,1339738
2026-01-12 11:30:00,17.030,17.110,17.030,17.080,1210256
2026-01-12 13:30:00,17.080,17.100,17.030,17.070,1417920
2026-01-12 14:00:00,17.080,17.090,17.060,17.080,790864
2026-01-12 14:30:00,17.090,17.110,17.080,17.090,1549189
2026-01-12 15:00:00,17.080,17.090,17.050,17.080,2238072
2026-01-13 10:00:00,17.090,17.300,17.000,17.280,5522026
2026-01-13 10:30:00,17.270,17.580,17.270,17.450,6771528
2026-01-13 11:00:00,17.460,17.470,17.360,17.450,1680420
2026-01-13 11:30:00,17.440,17.470,17.380,17.390,734100
2026-01-13 13:30:00,17.390,17.400,17.290,17.300,1544253
2026-01-13 14:00:00,17.300,17.380,17.250,17.380,1335040
2026-01-13 14:30:00,17.370,17.380,17.250,17.270,990257
2026-01-13 15:00:00,17.270,17.280,17.190,17.260,2006836
2026-01-14 10:00:00,17.260,17.420,17.160,17.350,4957381
2026-01-14 10:30:00,17.340,17.400,17.300,17.390,1848713
2026-01-14 11:00:00,17.380,17.390,17.310,17.340,1378480
2026-01-14 11:30:00,17.330,17.370,17.320,17.360,1032163
2026-01-14 13:30:00,17.360,17.370,17.120,17.180,3318283
2026-01-14 14:00:00,17.190,17.220,17.100,17.110,1300728
2026-01-14 14:30:00,17.100,17.150,17.030,17.150,1894114
2026-01-14 15:00:00,17.150,17.160,17.090,17.110,1196286
2026-01-15 10:00:00,17.050,17.120,17.000,17.060,2303176
2026-01-15 10:30:00,17.050,17.050,16.920,16.920,2591847
2026-01-15 11:00:00,16.920,16.980,16.910,16.950,939373
2026-01-15 11:30:00,16.950,16.950,16.910,16.920,682245
2026-01-15 13:30:00,16.920,17.290,16.920,17.200,2900587
2026-01-15 14:00:00,17.200,17.210,17.150,17.170,1007696
2026-01-15 14:30:00,17.170,17.180,17.060,17.070,1185600
2026-01-15 15:00:00,17.070,17.120,17.030,17.080,1212973
2026-01-16 10:00:00,17.100,17.160,17.000,17.010,2650000
2026-01-16 10:30:00,17.010,17.020,16.920,16.930,2243352
2026-01-16 11:00:00,16.920,16.980,16.920,16.930,752388
2026-01-16 11:30:00,16.930,16.960,16.880,16.880,1231044
2026-01-16 13:30:00,16.880,16.920,16.820,16.910,1050771
2026-01-16 14:00:00,16.910,16.990,16.860,16.870,1044688
2026-01-16 14:30:00,16.870,16.900,16.840,16.860,810028
2026-01-16 15:00:00,16.860,16.900,16.840,16.850,1254508
2026-01-19 10:00:00,16.800,16.940,16.750,16.940,1866948
2026-01-19 10:30:00,16.930,16.940,16.860,16.880,1183629
2026-01-19 11:00:00,16.880,16.890,16.830,16.870,1094870
2026-01-19 11:30:00,16.880,16.890,16.800,16.840,906568
2026-01-19 13:30:00,16.840,16.900,16.830,16.880,514468
2026-01-19 14:00:00,16.870,16.890,16.800,16.820,1087459
2026-01-19 14:30:00,16.820,16.860,16.810,16.840,529559
2026-01-19 15:00:00,16.840,16.870,16.830,16.840,812817
2026-01-20 10:00:00,16.830,16.950,16.830,16.890,1863915
2026-01-20 10:30:00,16.890,17.050,16.870,16.980,2347690
2026-01-20 11:00:00,16.990,17.030,16.980,17.010,1238100
2026-01-20 11:30:00,17.010,17.040,16.910,16.920,1131141
2026-01-20 13:30:00,16.930,16.940,16.900,16.910,573511
2026-01-20 14:00:00,16.910,16.940,16.880,16.880,712889
2026-01-20 14:30:00,16.880,16.910,16.870,16.890,604686
2026-01-20 15:00:00,16.890,16.940,16.880,16.930,856883
2026-01-21 10:00:00,16.900,16.930,16.830,16.840,1691956
2026-01-21 10:30:00,16.850,16.920,16.830,16.890,983194
2026-01-21 11:00:00,16.890,16.920,16.860,16.880,725360
2026-01-21 11:30:00,16.880,16.900,16.810,16.820,1444650
2026-01-21 13:30:00,16.820,16.830,16.790,16.790,1320716
2026-01-21 14:00:00,16.790,16.820,16.740,16.800,2039809
2026-01-21 14:30:00,16.810,16.820,16.680,16.680,2118584
2026-01-21 15:00:00,16.690,16.750,16.660,16.700,2327899
2026-01-22 10:00:00,16.700,16.770,16.600,16.690,2836883
2026-01-22 10:30:00,16.700,16.790,16.680,16.700,1457453
2026-01-22 11:00:00,16.690,16.730,16.680,16.730,518254
2026-01-22 11:30:00,16.720,16.720,16.650,16.660,798340
2026-01-22 13:30:00,16.670,16.680,16.640,16.660,480068
2026-01-22 14:00:00,16.670,16.690,16.660,16.680,291269
2026-01-22 14:30:00,16.690,16.710,16.650,16.670,729619
2026-01-22 15:00:00,16.680,16.700,16.650,16.670,1548900
2026-01-23 10:00:00,16.650,16.820,16.650,16.760,2299098
2026-01-23 10:30:00,16.770,16.800,16.740,16.740,1174975
2026-01-23 11:00:00,16.740,16.770,16.700,16.740,873160
2026-01-23 11:30:00,16.740,16.750,16.690,16.750,857475
2026-01-23 13:30:00,16.750,16.780,16.700,16.720,1077157
2026-01-23 14:00:00,16.720,16.770,16.700,16.760,768199
2026-01-23 14:30:00,16.760,16.790,16.720,16.770,1485306
2026-01-23 15:00:00,16.760,16.770,16.700,16.750,2209071
2026-01-26 10:00:00,16.780,16.950,16.710,16.880,5596651
2026-01-26 10:30:00,16.880,17.100,16.870,17.010,5067140
2026-01-26 11:00:00,17.010,17.160,17.000,17.050,3800334
2026-01-26 11:30:00,17.050,17.110,17.020,17.040,1569289
2026-01-26 13:30:00,17.050,17.470,17.040,17.310,7859616
2026-01-26 14:00:00,17.300,17.390,17.280,17.320,3171120
2026-01-26 14:30:00,17.330,17.410,17.280,17.390,3028806
2026-01-26 15:00:00,17.390,17.450,17.340,17.420,6663413
2026-01-27 10:00:00,17.420,17.420,16.940,16.960,10481321
2026-01-27 10:30:00,16.950,17.030,16.920,17.010,2221000
2026-01-27 11:00:00,17.010,17.030,16.980,17.020,1178616
2026-01-27 11:30:00,17.020,17.050,17.010,17.050,729880
2026-01-27 13:30:00,17.050,17.160,17.040,17.150,1462795
2026-01-27 14:00:00,17.140,17.170,17.130,17.140,892500
2026-01-27 14:30:00,17.140,17.160,17.070,17.070,1014012
2026-01-27 15:00:00,17.080,17.110,17.030,17.080,2670765
2026-01-28 10:00:00,17.020,17.090,16.820,16.830,5088792
2026-01-28 10:30:00,16.830,16.890,16.790,16.810,2528248
2026-01-28 11:00:00,16.800,16.830,16.740,16.760,3035144
2026-01-28 11:30:00,16.760,16.820,16.740,16.810,1588330
2026-01-28 13:30:00,16.810,16.830,16.730,16.740,2277816
2026-01-28 14:00:00,16.740,16.830,16.730,16.790,1500657
2026-01-28 14:30:00,16.790,16.800,16.760,16.770,919947
2026-01-28 15:00:00,16.760,16.770,16.700,16.720,3019314
2026-01-29 10:00:00,16.690,16.760,16.550,16.720,3417895
2026-01-29 10:30:00,16.730,16.760,16.690,16.710,1615128
2026-01-29 11:00:00,16.710,16.740,16.640,16.660,1337100
2026-01-29 11:30:00,16.670,16.670,16.560,16.590,1854288
2026-01-29 13:30:00,16.600,16.610,16.570,16.580,1540984
2026-01-29 14:00:00,16.580,16.630,16.580,16.630,1442799
2026-01-29 14:30:00,16.630,16.770,16.610,16.720,1956213
2026-01-29 15:00:00,16.720,16.790,16.710,16.790,1994086
2026-01-30 10:00:00,16.750,16.860,16.700,16.810,2796742
2026-01-30 10:30:00,16.810,16.820,16.680,16.690,2028665
2026-01-30 11:00:00,16.690,16.720,16.620,16.650,1896480
2026-01-30 11:30:00,16.650,16.660,16.590,16.650,1528896
2026-01-30 13:30:00,16.640,16.700,16.640,16.690,688472
2026-01-30 14:00:00,16.690,16.700,16.650,16.650,636900
2026-01-30 14:30:00,16.650,16.670,16.630,16.660,795188
2026-01-30 15:00:00,16.660,16.680,16.640,16.650,1295400
2026-02-02 10:00:00,16.640,16.690,16.570,16.630,2206644
2026-02-02 10:30:00,16.630,16.670,16.610,16.610,1007500
2026-02-02 11:00:00,16.610,16.630,16.580,16.580,787660
2026-02-02 11:30:00,16.580,16.600,16.560,16.570,1052797
2026-02-02 13:30:00,16.570,16.590,16.480,16.530,1523222
2026-02-02 14:00:00,16.500,16.550,16.430,16.480,1350320
2026-02-02 14:30:00,16.480,16.500,16.430,16.440,737500
2026-02-02 15:00:00,16.430,16.450,16.360,16.370,1727767
2026-02-03 10:00:00,16.410,16.500,16.390,16.430,1585412
2026-02-03 10:30:00,16.430,16.440,16.370,16.370,890840
2026-02-03 11:00:00,16.370,16.380,16.310,16.380,1029537
2026-02-03 11:30:00,16.370,16.400,16.340,16.400,394020
2026-02-03 13:30:00,16.400,16.430,16.390,16.420,368240
2026-02-03 14:00:00,16.420,16.450,16.400,16.400,582071
2026-02-03 14:30:00,16.400,16.410,16.370,16.370,1235300
2026-02-03 15:00:00,16.370,16.440,16.370,16.420,1291007
2026-02-04 10:00:00,16.410,16.430,16.330,16.410,1841722
2026-02-04 10:30:00,16.420,16.450,16.360,16.420,1121816
2026-02-04 11:00:00,16.410,16.440,16.410,16.410,1010662
2026-02-04 11:30:00,16.410,16.420,16.390,16.390,421838
2026-02-04 13:30:00,16.390,16.410,16.370,16.390,577880
2026-02-04 14:00:00,16.400,16.440,16.400,16.420,576286
2026-02-04 14:30:00,16.420,16.500,16.410,16.470,1103832
2026-02-04 15:00:00,16.470,16.500,16.460,16.500,1219286
2026-02-05 10:00:00,16.470,16.600,16.460,16.570,1909976
2026-02-05 10:30:00,16.580,16.740,16.540,16.730,2937630
2026-02-05 11:00:00,16.730,16.740,16.630,16.670,1450180
2026-02-05 11:30:00,16.660,16.680,16.650,16.680,566466
2026-02-05 13:30:00,16.680,16.680,16.620,16.640,592234
2026-02-05 14:00:00,16.650,16.670,16.630,16.650,896520
2026-02-05 14:30:00,16.650,16.650,16.600,16.620,882600
2026-02-05 15:00:00,16.620,16.670,16.610,16.650,1103324
2026-02-06 10:00:00,16.640,16.670,16.540,16.580,1960239
2026-02-06 10:30:00,16.580,16.640,16.560,16.640,635748
2026-02-06 11:00:00,16.640,16.650,16.550,16.590,821152
2026-02-06 11:30:00,16.590,16.620,16.570,16.590,466700
2026-02-06 13:30:00,16.590,16.630,16.580,16.580,332524
2026-02-06 14:00:00,16.580,16.610,16.580,16.600,389460
2026-02-06 14:30:00,16.600,16.620,16.560,16.570,555072
2026-02-06 15:00:00,16.570,16.570,16.520,16.530,1315709
2026-02-09 10:00:00,16.590,16.600,16.530,16.590,1393672
2026-02-09 10:30:00,16.580,16.630,16.550,16.600,1206805
2026-02-09 11:00:00,16.610,16.610,16.560,16.570,380701
2026-02-09 11:30:00,16.570,16.590,16.550,16.570,564274
2026-02-09 13:30:00,16.580,16.580,16.530,16.540,455993
2026-02-09 14:00:00,16.540,16.580,16.540,16.570,528648
2026-02-09 14:30:00,16.560,16.570,16.540,16.560,465000
2026-02-09 15:00:00,16.560,16.570,16.550,16.570,721607
2026-02-10 10:00:00,16.570,16.570,16.490,16.500,1479518
2026-02-10 10:30:00,16.500,16.510,16.460,16.500,1544248
2026-02-10 11:00:00,16.500,16.540,16.500,16.530,670264
2026-02-10 11:30:00,16.520,16.530,16.490,16.510,272216
2026-02-10 13:30:00,16.500,16.510,16.480,16.500,776529
2026-02-10 14:00:00,16.490,16.510,16.490,16.490,632800
2026-02-10 14:30:00,16.500,16.500,16.480,16.480,516944
2026-02-10 15:00:00,16.480,16.510,16.470,16.500,1588328
2026-02-11 10:00:00,16.510,16.520,16.450,16.500,1195428
2026-02-11 10:30:00,16.500,16.550,16.490,16.500,1130392
2026-02-11 11:00:00,16.500,16.520,16.480,16.490,434581
2026-02-11 11:30:00,16.490,16.520,16.480,16.510,296700
2026-02-11 13:30:00,16.510,16.510,16.480,16.490,479621
2026-02-11 14:00:00,16.490,16.500,16.470,16.490,474520
2026-02-11 14:30:00,16.490,16.490,16.460,16.470,418944
2026-02-11 15:00:00,16.460,16.470,16.430,16.450,1206272
2026-02-12 10:00:00,16.430,16.460,16.330,16.360,2224527
2026-02-12 10:30:00,16.360,16.380,16.340,16.360,761987
2026-02-12 11:00:00,16.350,16.370,16.330,16.330,1013311
2026-02-12 11:30:00,16.340,16.340,16.320,16.340,657354
2026-02-12 13:30:00,16.340,16.360,16.330,16.340,297800
2026-02-12 14:00:00,16.330,16.350,16.330,16.350,260883
2026-02-12 14:30:00,16.340,16.350,16.330,16.340,392451
2026-02-12 15:00:00,16.330,16.360,16.330,16.340,920971
2026-02-13 10:00:00,16.310,16.350,16.250,16.280,1543851
2026-02-13 10:30:00,16.280,16.390,16.270,16.360,1139160
2026-02-13 11:00:00,16.360,16.420,16.360,16.370,824000
2026-02-13 11:30:00,16.380,16.390,16.340,16.340,554720
2026-02-13 13:30:00,16.340,16.360,16.320,16.330,356080
2026-02-13 14:00:00,16.320,16.330,16.300,16.310,553419
2026-02-13 14:30:00,16.310,16.320,16.280,16.290,660500
2026-02-13 15:00:00,16.290,16.320,16.290,16.300,1485577
2026-02-24 10:00:00,16.300,16.360,16.290,16.330,1384710
2026-02-24 10:30:00,16.330,16.360,16.320,16.360,592660
2026-02-24 11:00:00,16.360,16.380,16.340,16.370,442033
2026-02-24 11:30:00,16.380,16.390,16.360,16.380,378780
2026-02-24 13:30:00,16.380,16.390,16.370,16.370,292620
2026-02-24 14:00:00,16.370,16.380,16.350,16.360,734600
2026-02-24 14:30:00,16.360,16.390,16.360,16.390,390100
2026-02-24 15:00:00,16.380,16.390,16.370,16.370,492104
2026-02-25 10:00:00,16.380,16.530,16.360,16.500,1796110
2026-02-25 10:30:00,16.500,16.540,16.470,16.520,1279860
2026-02-25 11:00:00,16.530,16.540,16.510,16.520,667688
2026-02-25 11:30:00,16.520,16.580,16.510,16.560,888932
2026-02-25 13:30:00,16.560,16.570,16.510,16.520,658160
2026-02-25 14:00:00,16.530,16.530,16.500,16.530,539212
2026-02-25 14:30:00,16.520,16.540,16.500,16.500,624364
2026-02-25 15:00:00,16.500,16.550,16.500,16.540,1112896
2026-02-26 10:00:00,16.570,16.580,16.460,16.500,1659300
2026-02-26 10:30:00,16.490,16.510,16.440,16.450,791486
2026-02-26 11:00:00,16.460,16.480,16.450,16.480,509212
2026-02-26 11:30:00,16.480,16.540,16.470,16.530,431736
2026-02-26 13:30:00,16.530,16.650,16.520,16.610,1384501
2026-02-26 14:00:00,16.610,16.630,16.540,16.540,440200
2026-02-26 14:30:00,16.540,16.570,16.530,16.560,379990
2026-02-26 15:00:00,16.570,16.590,16.560,16.570,774064
2026-02-27 10:00:00,16.540,16.550,16.480,16.490,1340480
2026-02-27 10:30:00,16.490,16.510,16.480,16.500,725606
2026-02-27 11:00:00,16.490,16.520,16.480,16.510,357486
2026-02-27 11:30:00,16.510,16.520,16.500,16.510,340516
2026-02-27 13:30:00,16.520,16.530,16.480,16.520,848418
2026-02-27 14:00:00,16.520,16.520,16.490,16.500,524731
2026-02-27 14:30:00,16.490,16.510,16.490,16.490,801278
2026-02-27 15:00:00,16.490,16.520,16.310,16.310,10709363
2026-03-02 10:00:00,16.310,16.450,16.260,16.390,4091783
2026-03-02 10:30:00,16.390,16.440,16.300,16.370,2116961
2026-03-02 11:00:00,16.370,16.460,16.360,16.440,1332061
2026-03-02 11:30:00,16.450,16.480,16.430,16.430,860236
2026-03-02 13:30:00,16.430,16.480,16.410,16.440,844716
2026-03-02 14:00:00,16.440,16.450,16.380,16.390,828856
2026-03-02 14:30:00,16.400,16.410,16.350,16.360,803360
2026-03-02 15:00:00,16.360,16.410,16.350,16.380,1436244
2026-03-03 10:00:00,16.320,16.430,16.270,16.270,3242437
2026-03-03 10:30:00,16.280,16.300,16.110,16.160,4023249
2026-03-03 11:00:00,16.160,16.190,16.160,16.180,741900
2026-03-03 11:30:00,16.180,16.260,16.170,16.230,750696
2026-03-03 13:30:00,16.230,16.240,16.150,16.160,809926
2026-03-03 14:00:00,16.160,16.180,16.110,16.120,1394534
2026-03-03 14:30:00,16.110,16.120,16.000,16.060,2935938
2026-03-03 15:00:00,16.060,16.070,15.910,15.950,3549125
2026-03-04 10:00:00,15.850,15.890,15.720,15.780,3965340
2026-03-04 10:30:00,15.780,15.790,15.610,15.660,3173399
2026-03-04 11:00:00,15.660,15.680,15.490,15.540,3016570
2026-03-04 11:30:00,15.530,15.530,15.400,15.480,3268004
2026-03-04 13:30:00,15.490,15.530,15.460,15.520,922049
2026-03-04 14:00:00,15.520,15.630,15.500,15.590,1042210
2026-03-04 14:30:00,15.590,15.620,15.550,15.590,955878
2026-03-04 15:00:00,15.590,15.630,15.540,15.580,1641657
2026-03-05 10:00:00,15.650,15.680,15.500,15.560,2357044
2026-03-05 10:30:00,15.570,15.650,15.530,15.640,896440
2026-03-05 11:00:00,15.640,15.710,15.630,15.700,1137180
2026-03-05 11:30:00,15.700,15.740,15.690,15.710,630022
2026-03-05 13:30:00,15.700,15.720,15.660,15.680,604188
2026-03-05 14:00:00,15.680,15.690,15.670,15.690,485004
2026-03-05 14:30:00,15.680,15.680,15.620,15.630,592496
2026-03-05 15:00:00,15.630,15.640,15.610,15.640,850940
2026-03-06 10:00:00,15.600,15.800,15.520,15.790,2068758
2026-03-06 10:30:00,15.790,15.850,15.790,15.810,1384025
2026-03-06 11:00:00,15.800,15.830,15.790,15.810,829459
2026-03-06 11:30:00,15.820,15.830,15.770,15.770,659702
2026-03-06 13:30:00,15.780,15.790,15.720,15.740,700334
2026-03-06 14:00:00,15.740,15.800,15.740,15.800,429800
2026-03-06 14:30:00,15.790,15.830,15.790,15.810,709953
2026-03-06 15:00:00,15.820,15.910,15.810,15.880,1747459
2026-03-09 10:00:00,15.820,16.090,15.740,15.960,5052528
2026-03-09 10:30:00,15.960,16.020,15.900,15.990,1339868
2026-03-09 11:00:00,15.990,16.090,15.980,16.070,1386743
2026-03-09 11:30:00,16.060,16.130,16.050,16.110,1959528
2026-03-09 13:30:00,16.110,16.120,16.060,16.100,859308
2026-03-09 14:00:00,16.100,16.120,16.070,16.090,765720
2026-03-09 14:30:00,16.090,16.120,16.040,16.050,1613800
2026-03-09 15:00:00,16.050,16.050,16.010,16.010,1253729
2026-03-10 10:00:00,16.050,16.100,16.020,16.040,2303428
2026-03-10 10:30:00,16.040,16.050,16.000,16.020,1240317
2026-03-10 11:00:00,16.020,16.040,15.990,16.000,1021871
2026-03-10 11:30:00,16.010,16.030,15.990,16.010,290548
2026-03-10 13:30:00,16.020,16.040,16.010,16.020,315000
2026-03-10 14:00:00,16.020,16.030,16.000,16.020,325926
2026-03-10 14:30:00,16.030,16.070,16.020,16.040,555980
2026-03-10 15:00:00,16.050,16.080,16.040,16.070,919384
2026-03-11 10:00:00,16.070,16.100,15.970,16.050,1469106
2026-03-11 10:30:00,16.050,16.070,16.020,16.040,557200
2026-03-11 11:00:00,16.050,16.090,16.040,16.080,706222
2026-03-11 11:30:00,16.080,16.130,16.080,16.090,579409
2026-03-11 13:30:00,16.080,16.170,16.080,16.120,1352898
2026-03-11 14:00:00,16.120,16.120,16.070,16.080,476388
2026-03-11 14:30:00,16.080,16.090,16.060,16.090,899744
2026-03-11 15:00:00,16.090,16.100,16.070,16.090,737176
2026-03-12 10:00:00,16.070,16.080,16.010,16.010,1512840
2026-03-12 10:30:00,16.020,16.060,16.010,16.050,851268
2026-03-12 11:00:00,16.050,16.070,16.030,16.030,446332
2026-03-12 11:30:00,16.040,16.050,16.010,16.010,402828
2026-03-12 13:30:00,16.010,16.060,16.010,16.040,586800
2026-03-12 14:00:00,16.050,16.080,16.040,16.070,486972
2026-03-12 14:30:00,16.070,16.120,16.070,16.100,713000
2026-03-12 15:00:00,16.100,16.120,16.100,16.110,830100
2026-03-13 10:00:00,16.050,16.180,16.040,16.130,1797380
2026-03-13 10:30:00,16.130,16.150,16.100,16.130,501408
2026-03-13 11:00:00,16.120,16.150,16.080,16.130,565328
2026-03-13 11:30:00,16.130,16.150,16.100,16.100,251672
2026-03-13 13:30:00,16.110,16.150,16.100,16.110,339932
2026-03-13 14:00:00,16.120,16.130,16.110,16.130,355800
2026-03-13 14:30:00,16.110,16.130,16.080,16.090,615900
2026-03-13 15:00:00,16.090,16.100,16.030,16.040,1306529
2026-03-16 10:00:00,16.030,16.140,16.020,16.100,1787104
2026-03-16 10:30:00,16.090,16.160,16.080,16.150,1234584
2026-03-16 11:00:00,16.160,16.170,16.050,16.060,1473220
2026-03-16 11:30:00,16.070,16.070,16.040,16.050,497868
2026-03-16 13:30:00,16.060,16.100,16.040,16.050,707200
2026-03-16 14:00:00,16.060,16.070,16.030,16.050,531820
2026-03-16 14:30:00,16.040,16.060,16.040,16.050,437676
2026-03-16 15:00:00,16.040,16.070,16.040,16.050,539013
2026-03-17 10:00:00,16.050,16.100,16.040,16.100,1730207
2026-03-17 10:30:00,16.100,16.170,16.090,16.160,1746488
2026-03-17 11:00:00,16.170,16.170,16.130,16.130,729780
2026-03-17 11:30:00,16.130,16.140,16.100,16.110,332500
2026-03-17 13:30:00,16.110,16.110,16.080,16.090,564800
2026-03-17 14:00:00,16.090,16.090,16.050,16.050,567500
2026-03-17 14:30:00,16.050,16.060,16.010,16.020,821600
2026-03-17 15:00:00,16.010,16.020,15.990,15.990,1087310
2026-03-18 10:00:00,15.990,16.030,15.750,15.770,2660181
2026-03-18 10:30:00,15.760,15.850,15.750,15.820,926972
2026-03-18 11:00:00,15.840,15.840,15.750,15.760,577392
2026-03-18 11:30:00,15.760,15.790,15.750,15.750,475500
2026-03-18 13:30:00,15.760,15.810,15.750,15.790,549600
2026-03-18 14:00:00,15.790,15.850,15.780,15.790,456660
2026-03-18 14:30:00,15.790,15.850,15.770,15.840,663020
2026-03-18 15:00:00,15.840,15.880,15.820,15.870,824744
2026-03-19 10:00:00,15.750,15.880,15.750,15.830,1335120
2026-03-19 10:30:00,15.810,15.830,15.700,15.770,1214700
2026-03-19 11:00:00,15.770,15.850,15.740,15.780,509100
2026-03-19 11:30:00,15.770,15.800,15.750,15.790,232836
2026-03-19 13:30:00,15.790,15.790,15.710,15.720,461484
2026-03-19 14:00:00,15.730,15.800,15.700,15.790,754848
2026-03-19 14:30:00,15.790,16.000,15.780,15.860,2015546
2026-03-19 15:00:00,15.860,15.860,15.790,15.830,1064403
2026-03-20 10:00:00,15.830,15.930,15.700,15.730,1795288
2026-03-20 10:30:00,15.720,15.730,15.640,15.680,1134200
2026-03-20 11:00:00,15.670,15.740,15.660,15.710,434362
2026-03-20 11:30:00,15.700,15.820,15.690,15.810,631326
2026-03-20 13:30:00,15.810,15.820,15.670,15.680,766362
2026-03-20 14:00:00,15.680,15.680,15.650,15.650,543100
2026-03-20 14:30:00,15.660,15.670,15.600,15.600,974500
2026-03-20 15:00:00,15.610,15.610,15.510,15.510,2261066
2026-03-23 10:00:00,15.400,15.400,15.050,15.110,4926903
2026-03-23 10:30:00,15.100,15.150,15.030,15.050,1804380
2026-03-23 11:00:00,15.050,15.070,14.980,15.070,2092464
2026-03-23 11:30:00,15.070,15.070,15.000,15.010,749000
2026-03-23 13:30:00,15.000,15.040,14.900,14.910,1600408
2026-03-23 14:00:00,14.910,14.970,14.850,14.910,1363983
2026-03-23 14:30:00,14.910,14.930,14.800,14.850,1542632
2026-03-23 15:00:00,14.850,14.860,14.710,14.790,1996014
2026-03-24 10:00:00,14.940,14.990,14.830,14.900,2374815
2026-03-24 10:30:00,14.900,15.000,14.870,15.000,1267556
2026-03-24 11:00:00,15.000,15.030,14.980,14.980,556000
2026-03-24 11:30:00,14.990,15.000,14.960,14.980,283300
2026-03-24 13:30:00,14.980,15.010,14.920,14.930,491902
2026-03-24 14:00:00,14.930,14.980,14.920,14.940,176901
2026-03-24 14:30:00,14.950,15.050,14.940,15.040,681452
2026-03-24 15:00:00,15.040,15.050,15.020,15.040,901820
2026-03-25 10:00:00,15.090,15.140,15.010,15.100,1635052
2026-03-25 10:30:00,15.090,15.110,15.060,15.100,919223
2026-03-25 11:00:00,15.090,15.120,15.070,15.090,482100
2026-03-25 11:30:00,15.090,15.100,15.060,15.080,499584
2026-03-25 13:30:00,15.090,15.110,15.060,15.100,450664
2026-03-25 14:00:00,15.090,15.120,15.080,15.100,474424
2026-03-25 14:30:00,15.080,15.110,15.080,15.100,379200
2026-03-25 15:00:00,15.090,15.140,15.090,15.120,837436
2026-03-26 10:00:00,15.120,15.210,15.080,15.110,2022969
2026-03-26 10:30:00,15.110,15.110,15.050,15.060,879824
2026-03-26 11:00:00,15.070,15.100,15.030,15.040,604036
2026-03-26 11:30:00,15.050,15.060,15.010,15.020,512900
2026-03-26 13:30:00,15.020,15.030,14.910,14.930,743724
2026-03-26 14:00:00,14.930,14.970,14.920,14.960,361600
2026-03-26 14:30:00,14.950,14.960,14.930,14.950,447000
2026-03-26 15:00:00,14.960,14.990,14.930,14.960,584282
2026-03-27 10:00:00,14.860,15.030,14.800,15.020,1662205
2026-03-27 10:30:00,15.020,15.050,14.970,14.980,937564
2026-03-27 11:00:00,14.990,15.070,14.970,14.970,710700
2026-03-27 11:30:00,14.970,15.030,14.960,15.000,259952
2026-03-27 13:30:00,15.010,15.100,15.000,15.080,840000
2026-03-27 14:00:00,15.080,15.120,15.070,15.100,1159788
2026-03-27 14:30:00,15.100,15.110,15.070,15.100,325668
2026-03-27 15:00:00,15.090,15.120,15.090,15.110,1059103
2026-03-30 10:00:00,15.070,15.180,14.970,15.060,3043382
2026-03-30 10:30:00,15.070,15.250,15.060,15.220,2178876
2026-03-30 11:00:00,15.210,15.250,15.180,15.230,880100
2026-03-30 11:30:00,15.240,15.260,15.210,15.230,434700
2026-03-30 13:30:00,15.230,15.230,15.170,15.170,466792
2026-03-30 14:00:00,15.170,15.190,15.170,15.180,385408
2026-03-30 14:30:00,15.180,15.200,15.170,15.190,469100
2026-03-30 15:00:00,15.190,15.220,15.180,15.200,809604
2026-03-31 10:00:00,15.200,15.340,15.200,15.220,2312712
2026-03-31 10:30:00,15.220,15.270,15.210,15.250,587200
2026-03-31 11:00:00,15.230,15.240,15.180,15.200,1047860
2026-03-31 11:30:00,15.200,15.220,15.170,15.180,463920
2026-03-31 13:30:00,15.180,15.240,15.170,15.190,392440
2026-03-31 14:00:00,15.200,15.230,15.150,15.160,479400
2026-03-31 14:30:00,15.170,15.170,15.110,15.120,1001748
2026-03-31 15:00:00,15.120,15.140,15.070,15.110,875844
2026-04-01 10:00:00,15.170,15.230,15.090,15.110,1454197
2026-04-01 10:30:00,15.130,15.220,15.110,15.210,1369572
2026-04-01 11:00:00,15.210,15.280,15.200,15.260,1128060
2026-04-01 11:30:00,15.270,15.290,15.230,15.280,755764
2026-04-01 13:30:00,15.290,15.320,15.260,15.320,1010021
2026-04-01 14:00:00,15.320,15.350,15.290,15.310,1442899
2026-04-01 14:30:00,15.300,15.350,15.300,15.340,679404
2026-04-01 15:00:00,15.340,15.380,15.330,15.370,1388140
2026-04-02 10:00:00,15.370,15.400,15.240,15.310,2680597
2026-04-02 10:30:00,15.320,15.360,15.270,15.310,1007903
2026-04-02 11:00:00,15.320,15.420,15.300,15.340,1312308
2026-04-02 11:30:00,15.330,15.350,15.300,15.320,523800
2026-04-02 13:30:00,15.320,15.330,15.230,15.290,985000
2026-04-02 14:00:00,15.290,15.320,15.240,15.240,392100
2026-04-02 14:30:00,15.240,15.300,15.200,15.270,684100
2026-04-02 15:00:00,15.260,15.300,15.230,15.250,787764
