date,open,high,low,close,volume
2025-03-27 14:30:00,47.830,48.160,47.820,48.160,10813485
2025-03-27 15:00:00,48.140,48.420,48.050,48.390,17535418
2025-03-28 10:00:00,48.390,49.530,48.390,49.040,31341244
2025-03-28 10:30:00,49.040,49.390,48.960,49.160,9420333
2025-03-28 11:00:00,49.170,49.300,48.780,48.910,6771377
2025-03-28 11:30:00,48.910,49.140,48.700,48.770,5549526
2025-03-28 13:30:00,48.780,48.950,48.740,48.770,4973113
2025-03-28 14:00:00,48.770,48.900,48.670,48.700,4722108
2025-03-28 14:30:00,48.700,48.740,48.580,48.600,5595994
2025-03-28 15:00:00,48.600,48.650,48.460,48.610,8926114
2025-03-31 10:00:00,48.980,49.550,48.900,49.540,25899596
2025-03-31 10:30:00,49.550,50.080,49.380,49.560,17515907
2025-03-31 11:00:00,49.560,49.560,49.200,49.410,6175692
2025-03-31 11:30:00,49.420,49.480,49.170,49.190,5330090
2025-03-31 13:30:00,49.190,49.240,49.010,49.160,4926188
2025-03-31 14:00:00,49.160,49.170,48.850,48.940,5194525
2025-03-31 14:30:00,48.940,49.210,48.870,49.090,4696987
2025-03-31 15:00:00,49.090,49.250,49.040,49.200,8577606
2025-04-01 10:00:00,49.200,50.390,48.910,50.390,24164616
2025-04-01 10:30:00,50.390,51.340,50.170,51.180,32011913
2025-04-01 11:00:00,51.180,52.000,50.970,51.700,22562997
2025-04-01 11:30:00,51.710,52.000,51.580,51.950,10396124
2025-04-01 13:30:00,51.960,52.500,51.900,52.070,19837836
2025-04-01 14:00:00,52.060,52.110,51.670,51.930,8338392
2025-04-01 14:30:00,51.930,51.930,51.670,51.700,6554917
2025-04-01 15:00:00,51.690,51.900,51.690,51.800,12039485
2025-04-02 10:00:00,51.320,51.760,51.160,51.560,16923372
2025-04-02 10:30:00,51.530,51.650,50.810,50.960,12494345
2025-04-02 11:00:00,50.950,51.300,50.920,51.110,4964180
2025-04-02 11:30:00,51.110,51.410,50.950,51.390,4099887
2025-04-02 13:30:00,51.390,51.440,50.930,51.100,5155480
2025-04-02 14:00:00,51.090,51.150,50.980,51.000,3714917
2025-04-02 14:30:00,51.000,51.040,50.770,50.800,6584560
2025-04-02 15:00:00,50.810,50.890,50.660,50.850,9251141
2025-04-03 10:00:00,50.410,51.600,50.410,51.030,18244612
2025-04-03 10:30:00,51.020,51.190,50.600,51.100,6106261
2025-04-03 11:00:00,51.100,51.580,51.060,51.180,8184052
2025-04-03 11:30:00,51.190,51.200,50.890,50.990,4468060
2025-04-03 13:30:00,50.980,51.100,50.700,50.820,3437923
2025-04-03 14:00:00,50.810,51.080,50.750,51.060,3714845
2025-04-03 14:30:00,51.050,51.140,50.900,51.060,3660684
2025-04-03 15:00:00,51.070,51.130,51.000,51.040,3969409
2025-04-07 10:00:00,48.800,49.850,47.000,48.530,41526129
2025-04-07 10:30:00,48.530,49.270,48.300,48.810,12289331
2025-04-07 11:00:00,48.810,49.340,48.740,48.940,7109873
2025-04-07 11:30:00,48.940,49.000,48.150,48.290,6425180
2025-04-07 13:30:00,48.280,48.490,47.750,48.120,9772976
2025-04-07 14:00:00,48.100,48.460,47.740,47.760,9745821
2025-04-07 14:30:00,47.760,47.990,46.760,47.360,13194469
2025-04-07 15:00:00,47.360,49.480,47.300,48.700,15439526
2025-04-08 10:00:00,48.800,49.290,47.730,48.030,28420475
2025-04-08 10:30:00,48.030,48.580,47.850,47.960,10163350
2025-04-08 11:00:00,47.970,48.160,47.830,47.910,5782034
2025-04-08 11:30:00,47.910,48.090,47.680,47.780,6626071
2025-04-08 13:30:00,47.780,47.980,47.500,47.700,10647432
2025-04-08 14:00:00,47.680,47.900,47.260,47.670,11485838
2025-04-08 14:30:00,47.630,47.960,47.320,47.900,8892137
2025-04-08 15:00:00,47.870,48.700,47.570,48.700,16747241
2025-04-09 10:00:00,47.730,47.890,45.860,46.640,31210662
2025-04-09 10:30:00,46.620,47.400,46.570,47.280,10326699
2025-04-09 11:00:00,47.270,47.310,46.710,46.920,5778410
2025-04-09 11:30:00,46.910,46.920,46.140,46.610,8433807
2025-04-09 13:30:00,46.620,46.950,46.150,46.940,7903240
2025-04-09 14:00:00,46.920,47.350,46.690,47.150,9358195
2025-04-09 14:30:00,47.120,47.380,47.000,47.190,8108250
2025-04-09 15:00:00,47.190,48.220,47.150,48.220,16400688
2025-04-10 10:00:00,48.970,48.970,48.000,48.760,24318977
2025-04-10 10:30:00,48.750,49.090,48.560,48.680,8716736
2025-04-10 11:00:00,48.700,48.700,48.160,48.170,7249753
2025-04-10 11:30:00,48.170,48.270,47.930,48.020,5519481
2025-04-10 13:30:00,48.010,48.220,47.860,48.190,5872138
2025-04-10 14:00:00,48.190,48.460,48.060,48.200,5755240
2025-04-10 14:30:00,48.180,48.500,48.100,48.280,5898100
2025-04-10 15:00:00,48.290,48.500,48.140,48.500,9840835
2025-04-11 10:00:00,48.160,48.660,47.900,48.050,11666889
2025-04-11 10:30:00,48.040,48.210,47.860,47.910,5077580
2025-04-11 11:00:00,47.920,48.070,47.800,47.940,2845134
2025-04-11 11:30:00,47.940,48.240,47.880,48.170,2686440
2025-04-11 13:30:00,48.130,48.420,48.010,48.390,4095200
2025-04-11 14:00:00,48.390,48.680,48.260,48.410,4910328
2025-04-11 14:30:00,48.400,48.510,48.260,48.300,4276153
2025-04-11 15:00:00,48.300,48.420,48.200,48.380,7022075
2025-04-14 10:00:00,48.380,49.450,48.100,49.090,14237798
2025-04-14 10:30:00,49.090,49.450,48.880,49.310,9266580
2025-04-14 11:00:00,49.310,49.950,49.160,49.890,10629658
2025-04-14 11:30:00,49.890,50.000,49.470,49.540,4737806
2025-04-14 13:30:00,49.520,49.560,49.070,49.140,4991657
2025-04-14 14:00:00,49.130,49.200,49.040,49.090,3155466
2025-04-14 14:30:00,49.080,49.150,48.990,49.030,3768970
2025-04-14 15:00:00,49.020,49.060,48.810,48.870,6395507
2025-04-15 10:00:00,48.600,48.930,47.920,48.080,10502273
2025-04-15 10:30:00,48.080,48.230,48.000,48.180,3702313
2025-04-15 11:00:00,48.190,48.320,48.000,48.050,3037609
2025-04-15 11:30:00,48.060,48.320,48.010,48.290,2478300
2025-04-15 13:30:00,48.300,48.320,48.000,48.020,2663780
2025-04-15 14:00:00,48.020,48.100,47.950,48.020,3038420
2025-04-15 14:30:00,48.040,48.140,48.000,48.010,2352320
2025-04-15 15:00:00,48.010,48.310,47.980,48.270,4853870
2025-04-16 10:00:00,48.400,48.410,47.480,47.660,8405012
2025-04-16 10:30:00,47.660,47.670,47.360,47.550,5605400
2025-04-16 11:00:00,47.550,47.760,47.440,47.730,2463160
2025-04-16 11:30:00,47.730,47.930,47.590,47.660,3960260
2025-04-16 13:30:00,47.650,48.000,47.550,47.830,4967349
2025-04-16 14:00:00,47.840,48.280,47.750,48.010,3627761
2025-04-16 14:30:00,48.010,48.080,47.900,47.990,2511602
2025-04-16 15:00:00,47.980,48.900,47.860,48.900,13993870
2025-04-17 10:00:00,48.540,48.870,48.320,48.610,6668499
2025-04-17 10:30:00,48.600,48.790,48.490,48.620,3255900
2025-04-17 11:00:00,48.620,48.720,48.520,48.600,1994844
2025-04-17 11:30:00,48.590,48.820,48.560,48.730,1745220
2025-04-17 13:30:00,48.740,48.750,48.350,48.390,3030407
2025-04-17 14:00:00,48.390,48.520,48.380,48.450,1790200
2025-04-17 14:30:00,48.450,48.800,48.440,48.580,2804525
2025-04-17 15:00:00,48.580,48.780,48.480,48.780,9100445
2025-04-18 10:00:00,48.580,48.920,47.900,48.030,6774292
2025-04-18 10:30:00,48.030,48.100,47.920,47.990,2374740
2025-04-18 11:00:00,47.990,48.080,47.860,47.950,2174322
2025-04-18 11:30:00,47.950,48.080,47.890,47.970,1637420
2025-04-18 13:30:00,48.000,48.140,47.930,47.970,1946260
2025-04-18 14:00:00,47.960,48.100,47.900,48.010,2169025
2025-04-18 14:30:00,48.000,48.050,47.940,47.950,1704040
2025-04-18 15:00:00,47.950,48.200,47.900,48.000,6550080
2025-04-21 10:00:00,47.700,48.360,47.630,48.080,5633187
2025-04-21 10:30:00,48.080,48.920,47.990,48.900,6712357
2025-04-21 11:00:00,48.900,49.280,48.750,49.090,8050308
2025-04-21 11:30:00,49.090,49.220,48.950,49.000,2732824
2025-04-21 13:30:00,49.010,49.190,48.870,49.040,3091672
2025-04-21 14:00:00,49.020,49.180,49.000,49.170,1875493
2025-04-21 14:30:00,49.160,49.400,49.130,49.320,5086930
2025-04-21 15:00:00,49.310,49.380,49.110,49.170,3885230
2025-04-22 10:00:00,49.040,50.200,49.040,49.960,14749285
2025-04-22 10:30:00,49.980,50.260,49.830,50.030,6511100
2025-04-22 11:00:00,50.040,50.210,49.940,50.110,4367633
2025-04-22 11:30:00,50.110,50.200,49.970,50.110,2770741
2025-04-22 13:30:00,50.110,50.980,50.080,50.820,11352537
2025-04-22 14:00:00,50.820,51.300,50.810,51.070,11206994
2025-04-22 14:30:00,51.070,51.160,50.940,50.980,4485969
2025-04-22 15:00:00,50.990,51.030,50.830,50.970,6344939
2025-04-23 10:00:00,50.960,51.450,50.830,50.990,11685148
2025-04-23 10:30:00,50.990,51.000,50.620,50.730,5817973
2025-04-23 11:00:00,50.740,50.970,50.730,50.960,3342476
2025-04-23 11:30:00,50.960,51.080,50.880,50.880,2612304
2025-04-23 13:30:00,50.880,51.100,50.810,51.080,3999067
2025-04-23 14:00:00,51.070,51.080,50.960,51.000,2517138
2025-04-23 14:30:00,50.980,51.030,50.800,51.000,3327150
2025-04-23 15:00:00,51.010,51.090,50.970,51.090,5241788
2025-04-24 10:00:00,50.970,51.610,50.420,51.390,12641887
2025-04-24 10:30:00,51.400,51.720,51.260,51.420,5598814
2025-04-24 11:00:00,51.420,51.470,51.000,51.150,3375030
2025-04-24 11:30:00,51.160,51.260,50.880,51.180,2918443
2025-04-24 13:30:00,51.180,51.220,50.920,51.200,2002887
2025-04-24 14:00:00,51.190,51.250,51.060,51.080,1844698
2025-04-24 14:30:00,51.090,51.120,51.000,51.110,1699988
2025-04-24 15:00:00,51.100,51.210,51.050,51.130,3525994
2025-04-25 10:00:00,51.680,52.000,50.730,50.750,19226181
2025-04-25 10:30:00,50.730,50.850,50.360,50.400,7689576
2025-04-25 11:00:00,50.410,50.660,50.370,50.400,3559099
2025-04-25 11:30:00,50.400,50.780,50.390,50.560,3348428
2025-04-25 13:30:00,50.570,50.760,50.300,50.350,3608165
2025-04-25 14:00:00,50.350,50.400,50.050,50.080,4981807
2025-04-25 14:30:00,50.080,50.300,49.970,50.200,5535590
2025-04-25 15:00:00,50.210,50.300,50.160,50.270,4484068
2025-04-28 10:00:00,49.680,49.980,49.000,49.850,16790080
2025-04-28 10:30:00,49.870,50.060,49.660,50.000,4831605
2025-04-28 11:00:00,49.990,50.150,49.720,49.810,4117724
2025-04-28 11:30:00,49.820,50.070,49.800,49.910,2433861
2025-04-28 13:30:00,49.910,50.000,49.710,49.990,3526814
2025-04-28 14:00:00,49.990,50.080,49.820,49.860,2702204
2025-04-28 14:30:00,49.860,50.000,49.850,49.950,2072884
2025-04-28 15:00:00,49.960,50.040,49.940,49.970,3145860
2025-04-29 10:00:00,49.710,49.730,49.090,49.200,7877700
2025-04-29 10:30:00,49.210,49.370,49.040,49.070,5110962
2025-04-29 11:00:00,49.050,49.140,48.880,48.950,4364084
2025-04-29 11:30:00,48.940,49.020,48.880,48.920,3077840
2025-04-29 13:30:00,48.920,49.450,48.910,49.380,3729700
2025-04-29 14:00:00,49.390,49.630,49.250,49.490,3037240
2025-04-29 14:30:00,49.490,49.590,49.400,49.580,2895716
2025-04-29 15:00:00,49.580,49.600,49.400,49.600,4573746
2025-04-30 10:00:00,49.450,49.990,49.300,49.890,6759322
2025-04-30 10:30:00,49.890,49.930,49.610,49.700,3260228
2025-04-30 11:00:00,49.670,50.400,49.630,50.330,5661440
2025-04-30 11:30:00,50.330,50.850,50.300,50.750,5370554
2025-04-30 13:30:00,50.760,51.290,50.670,51.110,7271393
2025-04-30 14:00:00,51.110,51.360,50.910,51.260,5187211
2025-04-30 14:30:00,51.260,51.330,51.100,51.150,3459522
2025-04-30 15:00:00,51.150,51.260,51.060,51.100,5964178
2025-05-06 10:00:00,52.100,52.180,50.830,51.060,12989674
2025-05-06 10:30:00,51.050,51.290,50.950,50.980,4445088
2025-05-06 11:00:00,50.980,51.090,50.730,50.840,3901100
2025-05-06 11:30:00,50.820,51.350,50.790,51.180,3302532
2025-05-06 13:30:00,51.210,51.420,51.080,51.110,3868073
2025-05-06 14:00:00,51.100,51.170,51.000,51.010,2660424
2025-05-06 14:30:00,51.010,51.100,50.970,51.000,2813120
2025-05-06 15:00:00,51.000,51.030,50.910,51.000,4563934
2025-05-07 10:00:00,52.100,52.250,51.110,51.190,11580741
2025-05-07 10:30:00,51.190,51.880,51.160,51.830,6294562
2025-05-07 11:00:00,51.830,51.890,51.330,51.540,4426832
2025-05-07 11:30:00,51.540,51.610,51.340,51.470,2665035
2025-05-07 13:30:00,51.430,51.460,51.040,51.090,3019370
2025-05-07 14:00:00,51.100,51.230,51.010,51.020,2066951
2025-05-07 14:30:00,51.030,51.280,51.010,51.200,3821821
2025-05-07 15:00:00,51.200,51.510,51.130,51.510,5853482
2025-05-08 10:00:00,51.220,51.580,51.030,51.550,7487272
2025-05-08 10:30:00,51.560,51.640,51.390,51.500,3364233
2025-05-08 11:00:00,51.480,51.550,51.250,51.500,3029498
2025-05-08 11:30:00,51.490,51.560,51.370,51.490,2006600
2025-05-08 13:30:00,51.480,51.730,51.460,51.540,3340322
2025-05-08 14:00:00,51.530,51.540,51.450,51.510,2399164
2025-05-08 14:30:00,51.510,51.710,51.490,51.570,3623380
2025-05-08 15:00:00,51.570,51.620,51.500,51.560,3764343
2025-05-09 10:00:00,51.560,52.990,51.450,51.940,21106276
2025-05-09 10:30:00,51.940,52.370,51.930,52.100,4463077
2025-05-09 11:00:00,52.090,52.340,51.990,52.330,3262121
2025-05-09 11:30:00,52.330,52.530,52.260,52.450,4827449
2025-05-09 13:30:00,52.460,52.750,52.410,52.660,6822434
2025-05-09 14:00:00,52.660,52.800,52.540,52.800,4637678
2025-05-09 14:30:00,52.800,52.830,52.690,52.820,5201260
2025-05-09 15:00:00,52.820,52.880,52.750,52.810,8283419
2025-05-12 10:00:00,52.000,52.000,50.510,50.950,27105004
2025-05-12 10:30:00,50.950,51.050,50.700,50.720,12482145
2025-05-12 11:00:00,50.730,50.880,50.640,50.860,6358995
2025-05-12 11:30:00,50.850,50.900,50.410,50.440,7613560
2025-05-12 13:30:00,50.430,50.450,50.210,50.270,8366607
2025-05-12 14:00:00,50.260,50.290,50.200,50.210,6273124
2025-05-12 14:30:00,50.250,50.430,50.210,50.280,6647236
2025-05-12 15:00:00,50.270,50.780,50.250,50.690,9544551
2025-05-13 10:00:00,51.190,52.230,51.060,51.190,25616068
2025-05-13 10:30:00,51.190,51.210,50.880,50.980,5424329
2025-05-13 11:00:00,51.000,51.320,50.950,51.270,3509578
2025-05-13 11:30:00,51.260,51.450,51.050,51.250,3209876
2025-05-13 13:30:00,51.250,51.350,50.950,51.020,3293558
2025-05-13 14:00:00,51.020,51.200,50.920,51.180,2153272
2025-05-13 14:30:00,51.190,51.440,51.170,51.300,4223128
2025-05-13 15:00:00,51.300,51.370,51.190,51.230,4483424
2025-05-14 10:00:00,51.020,52.000,51.010,51.880,12154317
2025-05-14 10:30:00,51.870,52.170,51.770,51.870,7807292
2025-05-14 11:00:00,51.880,52.150,51.860,52.110,4721732
2025-05-14 11:30:00,52.120,52.330,51.920,51.950,4343009
2025-05-14 13:30:00,51.930,52.900,51.910,52.780,10828424
2025-05-14 14:00:00,52.780,53.250,52.710,52.860,11554594
2025-05-14 14:30:00,52.870,52.940,52.780,52.930,4633316
2025-05-14 15:00:00,52.940,52.980,52.810,52.900,6592006
2025-05-15 10:00:00,52.900,53.380,52.700,53.100,10947909
2025-05-15 10:30:00,53.100,53.300,52.950,53.040,4687934
2025-05-15 11:00:00,53.040,53.300,52.970,53.210,3610035
2025-05-15 11:30:00,53.210,53.500,53.160,53.450,6263413
2025-05-15 13:30:00,53.440,53.880,53.380,53.520,8529154
2025-05-15 14:00:00,53.550,53.950,53.510,53.900,6799157
2025-05-15 14:30:00,53.900,53.910,53.570,53.800,5938273
2025-05-15 15:00:00,53.790,53.800,53.580,53.690,6585584
2025-05-16 10:00:00,53.490,53.490,52.900,53.370,7401964
2025-05-16 10:30:00,53.370,53.400,53.080,53.150,3090048
2025-05-16 11:00:00,53.150,53.530,53.130,53.450,3011759
2025-05-16 11:30:00,53.450,53.650,53.390,53.650,2872202
2025-05-16 13:30:00,53.640,54.000,53.590,53.950,5092575
2025-05-16 14:00:00,53.950,53.960,53.760,53.800,4180360
2025-05-16 14:30:00,53.760,53.870,53.580,53.700,5404984
2025-05-16 15:00:00,53.700,53.920,53.680,53.850,7163768
2025-05-19 10:00:00,53.800,54.330,53.430,53.710,8855605
2025-05-19 10:30:00,53.710,53.760,53.430,53.450,3618915
2025-05-19 11:00:00,53.450,53.570,53.310,53.370,3981357
2025-05-19 11:30:00,53.370,53.420,53.180,53.320,3336904
2025-05-19 13:30:00,53.320,53.490,53.250,53.390,2581188
2025-05-19 14:00:00,53.390,53.430,53.050,53.210,4332487
2025-05-19 14:30:00,53.200,53.550,53.190,53.540,4099194
2025-05-19 15:00:00,53.540,53.680,53.400,53.450,4213418
2025-05-20 10:00:00,54.290,54.970,53.950,54.300,15261673
2025-05-20 10:30:00,54.290,54.300,53.790,53.850,4611420
2025-05-20 11:00:00,53.850,54.210,53.830,54.180,3154136
2025-05-20 11:30:00,54.180,54.770,54.170,54.670,5795935
2025-05-20 13:30:00,54.650,55.090,54.460,54.970,10744240
2025-05-20 14:00:00,54.950,55.150,54.500,54.500,8285678
2025-05-20 14:30:00,54.500,54.510,54.220,54.410,5786640
2025-05-20 15:00:00,54.400,54.540,54.260,54.450,5695969
2025-05-21 10:00:00,54.280,54.990,54.030,54.880,7224391
2025-05-21 10:30:00,54.880,55.160,54.600,55.120,7978150
2025-05-21 11:00:00,55.120,55.130,54.700,55.120,5091851
2025-05-21 11:30:00,55.110,55.990,55.000,55.580,11861227
2025-05-21 13:30:00,55.580,56.500,55.490,56.360,12429912
2025-05-21 14:00:00,56.360,56.370,55.610,55.750,6262179
2025-05-21 14:30:00,55.750,56.100,55.590,55.890,5146095
2025-05-21 15:00:00,55.890,56.030,55.890,55.940,5246544
2025-05-22 10:00:00,56.000,56.360,55.160,55.470,13055892
2025-05-22 10:30:00,55.470,55.950,55.390,55.690,6146546
2025-05-22 11:00:00,55.700,55.940,55.430,55.440,2757600
2025-05-22 11:30:00,55.460,55.850,55.380,55.800,3084263
2025-05-22 13:30:00,55.790,55.840,55.580,55.670,2923677
2025-05-22 14:00:00,55.690,55.800,55.550,55.670,3290711
2025-05-22 14:30:00,55.670,55.700,55.310,55.330,4566159
2025-05-22 15:00:00,55.320,55.600,55.310,55.600,5489781
2025-05-23 10:00:00,55.900,56.000,54.300,54.850,19387787
2025-05-23 10:30:00,54.850,55.310,54.700,54.820,5059986
2025-05-23 11:00:00,54.810,55.300,54.780,55.240,3269772
2025-05-23 11:30:00,55.240,55.530,55.070,55.360,3128823
2025-05-23 13:30:00,55.350,55.540,55.000,55.190,4015584
2025-05-23 14:00:00,55.210,55.300,54.860,54.860,4070860
2025-05-23 14:30:00,54.860,54.900,54.500,54.620,6936822
2025-05-23 15:00:00,54.620,54.650,54.370,54.500,8314393
2025-05-26 10:00:00,54.200,54.630,53.390,53.510,15793541
2025-05-26 10:30:00,53.510,53.930,53.380,53.670,8366269
2025-05-26 11:00:00,53.670,53.750,53.280,53.420,5504904
2025-05-26 11:30:00,53.420,53.550,53.060,53.150,4740487
2025-05-26 13:30:00,53.150,53.470,53.100,53.240,4132934
2025-05-26 14:00:00,53.240,53.390,53.230,53.360,3877793
2025-05-26 14:30:00,53.360,53.450,53.230,53.270,4019824
2025-05-26 15:00:00,53.290,53.470,53.190,53.350,6792685
2025-05-27 10:00:00,53.220,54.090,53.210,53.890,11107434
2025-05-27 10:30:00,53.880,54.050,53.580,53.580,5054717
2025-05-27 11:00:00,53.590,53.620,53.130,53.190,3015197
2025-05-27 11:30:00,53.190,53.320,53.160,53.190,1968170
2025-05-27 13:30:00,53.190,53.600,53.130,53.460,3462361
2025-05-27 14:00:00,53.480,53.650,53.280,53.420,1801224
2025-05-27 14:30:00,53.410,53.620,53.340,53.440,2819161
2025-05-27 15:00:00,53.440,53.500,53.380,53.420,3988568
2025-05-28 10:00:00,53.590,54.660,53.330,54.540,12770969
2025-05-28 10:30:00,54.580,54.930,54.150,54.260,6608484
2025-05-28 11:00:00,54.260,54.460,54.090,54.410,2510500
2025-05-28 11:30:00,54.420,54.470,54.200,54.330,2218784
2025-05-28 13:30:00,54.330,54.500,54.260,54.480,2352108
2025-05-28 14:00:00,54.490,54.500,54.180,54.280,2685781
2025-05-28 14:30:00,54.280,54.300,54.010,54.170,2658348
2025-05-28 15:00:00,54.170,54.250,53.980,54.250,4000009
2025-05-29 10:00:00,54.150,54.590,53.880,54.430,8355270
2025-05-29 10:30:00,54.430,54.500,53.860,54.260,5163833
2025-05-29 11:00:00,54.260,54.580,54.140,54.220,3462574
2025-05-29 11:30:00,54.220,54.320,54.030,54.100,2541983
2025-05-29 13:30:00,54.110,54.570,54.000,54.440,4473603
2025-05-29 14:00:00,54.450,54.560,54.310,54.330,2864320
2025-05-29 14:30:00,54.330,54.430,54.080,54.200,3189079
2025-05-29 15:00:00,54.200,54.250,54.000,54.100,5434614
2025-05-30 10:00:00,54.290,55.460,54.250,54.460,15116992
2025-05-30 10:30:00,54.460,54.980,54.350,54.870,4893864
2025-05-30 11:00:00,54.870,55.660,54.870,55.100,9916973
2025-05-30 11:30:00,55.070,55.360,54.850,54.860,3069603
2025-05-30 13:30:00,54.860,54.880,54.500,54.550,3156039
2025-05-30 14:00:00,54.550,54.740,54.510,54.560,2083991
2025-05-30 14:30:00,54.570,54.810,54.560,54.780,2323780
2025-05-30 15:00:00,54.790,55.000,54.740,54.740,6580918
2025-06-03 10:00:00,54.740,55.490,54.250,55.400,12981857
2025-06-03 10:30:00,55.400,55.740,55.140,55.680,7568367
2025-06-03 11:00:00,55.700,55.700,55.140,55.430,4215904
2025-06-03 11:30:00,55.430,55.780,55.430,55.480,4032251
2025-06-03 13:30:00,55.450,55.470,55.120,55.200,3195420
2025-06-03 14:00:00,55.200,55.280,55.050,55.190,3055700
2025-06-03 14:30:00,55.190,55.280,54.910,54.980,3229251
2025-06-03 15:00:00,54.970,55.020,54.770,54.880,5166285
2025-06-04 10:00:00,54.840,55.780,54.610,55.780,10682218
2025-06-04 10:30:00,55.770,55.840,55.110,55.460,5302320
2025-06-04 11:00:00,55.460,55.470,54.980,55.380,3272540
2025-06-04 11:30:00,55.350,55.760,55.240,55.650,4563441
2025-06-04 13:30:00,55.640,55.750,55.210,55.290,3244848
2025-06-04 14:00:00,55.300,55.480,55.120,55.390,2582237
2025-06-04 14:30:00,55.390,55.480,55.260,55.330,2726661
2025-06-04 15:00:00,55.340,55.400,55.170,55.290,4485037
2025-06-05 10:00:00,55.100,55.100,54.040,54.100,12904264
2025-06-05 10:30:00,54.100,54.290,53.920,54.120,6492480
2025-06-05 11:00:00,54.110,54.140,53.910,54.040,3802652
2025-06-05 11:30:00,54.040,54.100,53.950,53.950,3737380
2025-06-05 13:30:00,53.960,54.030,53.780,53.800,5992111
2025-06-05 14:00:00,53.800,53.820,53.550,53.620,6356050
2025-06-05 14:30:00,53.620,53.930,53.610,53.930,4391776
2025-06-05 15:00:00,53.920,54.130,53.770,53.880,5850554
2025-06-06 10:00:00,53.900,54.180,53.500,53.980,8892697
2025-06-06 10:30:00,53.990,54.050,53.800,54.010,3898934
2025-06-06 11:00:00,54.010,54.020,53.580,53.610,3662727
2025-06-06 11:30:00,53.610,53.620,53.430,53.440,3798405
2025-06-06 13:30:00,53.430,53.660,53.380,53.590,3869526
2025-06-06 14:00:00,53.600,53.800,53.500,53.590,2940366
2025-06-06 14:30:00,53.600,53.690,53.520,53.680,2479728
2025-06-06 15:00:00,53.680,53.930,53.570,53.800,4911005
2025-06-09 10:00:00,54.000,55.130,53.780,54.930,16685840
2025-06-09 10:30:00,54.930,55.410,54.880,55.380,9534211
2025-06-09 11:00:00,55.380,55.790,55.230,55.390,9450484
2025-06-09 11:30:00,55.390,55.760,55.320,55.360,6528079
2025-06-09 13:30:00,55.330,55.360,54.910,54.950,5898110
2025-06-09 14:00:00,54.950,55.020,54.350,54.360,6058440
2025-06-09 14:30:00,54.370,54.540,54.280,54.320,4897308
2025-06-09 15:00:00,54.310,54.400,54.080,54.360,6638110
2025-06-10 10:00:00,54.380,55.500,54.380,54.660,12043523
2025-06-10 10:30:00,54.660,54.930,54.640,54.900,3701004
2025-06-10 11:00:00,54.910,55.440,54.880,55.340,6065565
2025-06-10 11:30:00,55.350,55.800,55.240,55.640,7334186
2025-06-10 13:30:00,55.640,55.690,55.030,55.040,7111738
2025-06-10 14:00:00,55.040,55.610,55.000,55.470,4306929
2025-06-10 14:30:00,55.490,55.530,55.120,55.130,3044270
2025-06-10 15:00:00,55.130,55.160,55.050,55.130,4466302
2025-06-11 10:00:00,55.000,55.780,54.730,55.600,9051465
2025-06-11 10:30:00,55.600,55.810,54.910,54.960,6817110
2025-06-11 11:00:00,54.960,55.240,54.900,54.930,3466686
2025-06-11 11:30:00,54.930,55.070,54.860,55.030,2947848
2025-06-11 13:30:00,55.020,55.280,54.930,55.000,3075609
2025-06-11 14:00:00,54.990,55.050,54.850,54.870,3087900
2025-06-11 14:30:00,54.870,54.960,54.810,54.900,3087157
2025-06-11 15:00:00,54.900,54.910,54.550,54.710,6239791
2025-06-12 10:00:00,54.400,55.070,54.000,55.060,10174669
2025-06-12 10:30:00,55.060,55.080,54.790,54.910,4239520
2025-06-12 11:00:00,54.910,55.250,54.860,55.130,3952929
2025-06-12 11:30:00,55.150,55.580,55.060,55.450,3905984
2025-06-12 13:30:00,55.450,56.200,55.380,55.740,12531318
2025-06-12 14:00:00,55.740,55.800,55.460,55.580,4359904
2025-06-12 14:30:00,55.580,55.910,55.580,55.800,4219646
2025-06-12 15:00:00,55.790,55.970,55.610,55.820,5934852
2025-06-13 10:00:00,55.690,56.060,55.170,55.170,12452813
2025-06-13 10:30:00,55.170,55.200,54.500,54.550,10328420
2025-06-13 11:00:00,54.550,54.780,54.300,54.350,6207700
2025-06-13 11:30:00,54.340,54.360,54.010,54.080,6764438
2025-06-13 13:30:00,54.100,54.180,53.730,53.840,8124792
2025-06-13 14:00:00,53.860,53.910,53.560,53.800,8012494
2025-06-13 14:30:00,53.820,53.960,53.700,53.740,6389808
2025-06-13 15:00:00,53.740,53.900,53.640,53.890,7743365
2025-06-16 10:00:00,53.410,54.080,53.210,53.990,11933290
2025-06-16 10:30:00,53.990,53.990,53.110,53.320,7447336
2025-06-16 11:00:00,53.310,53.400,53.100,53.350,4524059
2025-06-16 11:30:00,53.350,53.560,53.310,53.370,2989622
2025-06-16 13:30:00,53.380,53.680,53.360,53.630,3161847
2025-06-16 14:00:00,53.640,53.670,53.400,53.620,2700204
2025-06-16 14:30:00,53.630,53.660,53.530,53.620,2565502
2025-06-16 15:00:00,53.620,53.790,53.610,53.760,3902277
2025-06-17 10:00:00,54.000,54.210,53.510,53.660,10682612
2025-06-17 10:30:00,53.660,53.660,52.460,52.480,11434548
2025-06-17 11:00:00,52.480,52.850,52.430,52.610,7305998
2025-06-17 11:30:00,52.610,52.620,52.220,52.260,6554944
2025-06-17 13:30:00,52.250,52.320,51.910,51.920,8818633
2025-06-17 14:00:00,51.920,52.200,51.800,51.830,6919988
2025-06-17 14:30:00,51.850,51.900,51.600,51.690,8255996
2025-06-17 15:00:00,51.690,51.850,51.600,51.840,9545313
2025-06-18 10:00:00,51.700,51.860,51.320,51.820,8853276
2025-06-18 10:30:00,51.830,51.930,51.560,51.660,5446820
2025-06-18 11:00:00,51.670,51.800,51.510,51.560,3099878
2025-06-18 11:30:00,51.560,51.970,51.500,51.970,3570050
2025-06-18 13:30:00,51.960,52.230,51.830,51.950,3753626
2025-06-18 14:00:00,51.950,52.070,51.860,51.880,2502097
2025-06-18 14:30:00,51.880,51.970,51.800,51.830,2601427
2025-06-18 15:00:00,51.830,51.850,51.700,51.810,3582369
2025-06-19 10:00:00,51.840,52.390,51.630,52.000,7805697
2025-06-19 10:30:00,52.000,52.140,51.890,52.060,3399400
2025-06-19 11:00:00,52.060,52.190,51.830,51.840,3386972
2025-06-19 11:30:00,51.840,51.840,51.430,51.470,4986060
2025-06-19 13:30:00,51.470,51.640,51.350,51.540,4060995
2025-06-19 14:00:00,51.550,51.560,51.310,51.360,3709686
2025-06-19 14:30:00,51.360,51.520,51.340,51.490,3508406
2025-06-19 15:00:00,51.510,51.720,51.410,51.580,6459478
2025-06-20 10:00:00,51.750,52.330,51.630,51.910,8662617
2025-06-20 10:30:00,51.910,52.070,51.770,52.010,2753020
2025-06-20 11:00:00,52.010,52.050,51.740,51.750,1874660
2025-06-20 11:30:00,51.760,51.940,51.750,51.810,1597464
2025-06-20 13:30:00,51.800,52.020,51.750,51.790,1956877
2025-06-20 14:00:00,51.780,51.850,51.760,51.800,1334598
2025-06-20 14:30:00,51.800,51.840,51.690,51.700,2081553
2025-06-20 15:00:00,51.700,51.780,51.650,51.760,3799986
2025-06-23 10:00:00,51.680,52.060,51.450,51.790,7893158
2025-06-23 10:30:00,51.800,51.830,51.200,51.480,4426193
2025-06-23 11:00:00,51.480,51.600,51.310,51.350,1974904
2025-06-23 11:30:00,51.350,51.530,51.280,51.470,1822393
2025-06-23 13:30:00,51.470,51.720,51.410,51.680,2473873
2025-06-23 14:00:00,51.680,51.920,51.600,51.870,2656805
2025-06-23 14:30:00,51.870,52.180,51.830,52.020,5590916
2025-06-23 15:00:00,52.020,52.090,51.750,51.960,4489864
2025-06-24 10:00:00,52.090,52.200,51.740,52.120,10173360
2025-06-24 10:30:00,52.120,52.500,51.980,52.400,9428760
2025-06-24 11:00:00,52.400,52.480,51.850,51.900,5283477
2025-06-24 11:30:00,51.880,52.040,51.730,51.980,4485703
2025-06-24 13:30:00,51.990,52.100,51.900,51.950,4136443
2025-06-24 14:00:00,51.950,52.020,51.800,51.830,3795433
2025-06-24 14:30:00,51.830,51.980,51.750,51.970,2913228
2025-06-24 15:00:00,51.970,52.170,51.950,52.150,4887135
2025-06-25 10:00:00,52.150,52.170,51.690,51.830,9314423
2025-06-25 10:30:00,51.840,51.900,51.340,51.440,8331845
2025-06-25 11:00:00,51.430,51.700,51.310,51.650,3429931
2025-06-25 11:30:00,51.650,51.880,51.600,51.840,2318068
2025-06-25 13:30:00,51.830,52.120,51.740,52.120,4168552
2025-06-25 14:00:00,52.100,52.530,52.010,52.350,7670828
2025-06-25 14:30:00,52.350,52.780,52.350,52.730,7008356
2025-06-25 15:00:00,52.730,53.030,52.600,52.950,11406193
2025-06-26 10:00:00,52.600,52.950,52.100,52.360,11724222
2025-06-26 10:30:00,52.360,52.700,52.320,52.380,4076170
2025-06-26 11:00:00,52.370,52.390,52.190,52.330,4314816
2025-06-26 11:30:00,52.330,52.450,52.230,52.230,2556640
2025-06-26 13:30:00,52.270,52.380,52.050,52.150,4714198
2025-06-26 14:00:00,52.140,52.200,51.950,51.980,4680836
2025-06-26 14:30:00,51.980,52.140,51.900,52.010,3576964
2025-06-26 15:00:00,52.010,52.100,51.970,52.080,3583022
2025-06-27 10:00:00,51.910,52.070,51.670,51.920,5995719
2025-06-27 10:30:00,51.920,52.060,51.880,51.960,3441361
2025-06-27 11:00:00,51.960,52.030,51.710,51.800,2947956
2025-06-27 11:30:00,51.810,51.870,51.680,51.730,3217416
2025-06-27 13:30:00,51.740,51.980,51.680,51.860,2884188
2025-06-27 14:00:00,51.860,51.990,51.810,51.840,2822040
2025-06-27 14:30:00,51.840,51.930,51.750,51.870,1984944
2025-06-27 15:00:00,51.860,52.010,51.800,51.950,5482883
2025-06-30 10:00:00,51.910,51.910,50.990,51.220,12089197
2025-06-30 10:30:00,51.220,51.520,51.040,51.370,4527482
2025-06-30 11:00:00,51.380,51.390,51.180,51.240,3962811
2025-06-30 11:30:00,51.240,51.510,51.230,51.300,2868993
2025-06-30 13:30:00,51.310,51.410,51.120,51.290,4663088
2025-06-30 14:00:00,51.310,51.440,51.250,51.390,2656976
2025-06-30 14:30:00,51.380,51.940,51.370,51.920,5941708
2025-06-30 15:00:00,51.920,52.190,51.900,51.900,7825233
2025-07-01 10:00:00,51.890,52.650,51.800,52.160,13707014
2025-07-01 10:30:00,52.150,52.480,51.980,52.430,4188660
2025-07-01 11:00:00,52.440,52.740,52.180,52.200,5865182
2025-07-01 11:30:00,52.190,52.360,52.130,52.310,1861044
2025-07-01 13:30:00,52.350,52.660,52.220,52.640,3080960
2025-07-01 14:00:00,52.630,52.680,52.370,52.440,4003040
2025-07-01 14:30:00,52.440,52.660,52.400,52.570,3659520
2025-07-01 15:00:00,52.560,52.590,52.430,52.460,3407076
2025-07-02 10:00:00,52.400,53.440,52.380,52.650,13211790
2025-07-02 10:30:00,52.650,52.670,52.100,52.280,5096164
2025-07-02 11:00:00,52.270,52.580,52.210,52.440,3031000
2025-07-02 11:30:00,52.450,52.540,52.350,52.430,1859214
2025-07-02 13:30:00,52.430,52.740,52.370,52.540,2682830
2025-07-02 14:00:00,52.540,52.590,52.400,52.410,1757720
2025-07-02 14:30:00,52.420,52.450,52.270,52.280,1855568
2025-07-02 15:00:00,52.290,52.350,52.180,52.250,3076937
2025-07-03 10:00:00,52.260,52.350,51.810,52.330,7349080
2025-07-03 10:30:00,52.340,52.560,52.190,52.260,4067194
2025-07-03 11:00:00,52.260,52.480,52.160,52.260,2944332
2025-07-03 11:30:00,52.270,52.560,52.260,52.400,2868850
2025-07-03 13:30:00,52.400,52.580,52.310,52.490,3282468
2025-07-03 14:00:00,52.490,52.550,52.420,52.440,3017002
2025-07-03 14:30:00,52.450,52.510,52.360,52.380,2441828
2025-07-03 15:00:00,52.380,52.500,52.370,52.470,3397064
2025-07-04 10:00:00,52.610,53.500,52.600,52.990,15901128
2025-07-04 10:30:00,52.990,53.150,52.810,53.130,4579080
2025-07-04 11:00:00,53.130,53.620,52.990,53.450,8375779
2025-07-04 11:30:00,53.460,53.540,53.300,53.520,2941660
2025-07-04 13:30:00,53.520,53.790,53.450,53.630,5595420
2025-07-04 14:00:00,53.620,53.630,53.430,53.440,2713104
2025-07-04 14:30:00,53.440,53.440,53.100,53.200,3997133
2025-07-04 15:00:00,53.190,53.280,53.140,53.260,3689008
2025-07-07 10:00:00,53.380,53.590,52.800,52.820,9765200
2025-07-07 10:30:00,52.810,53.220,52.560,52.870,4807294
2025-07-07 11:00:00,52.900,53.280,52.850,52.920,2919199
2025-07-07 11:30:00,52.920,52.960,52.740,52.760,1533680
2025-07-07 13:30:00,52.770,52.900,52.670,52.750,2019322
2025-07-07 14:00:00,52.750,52.860,52.750,52.780,2080140
2025-07-07 14:30:00,52.780,52.780,52.640,52.670,2326620
2025-07-07 15:00:00,52.670,52.700,52.620,52.650,3187339
2025-07-08 10:00:00,52.690,53.690,52.500,53.430,11004256
2025-07-08 10:30:00,53.430,53.550,53.210,53.220,3942908
2025-07-08 11:00:00,53.230,53.340,53.090,53.260,2736476
2025-07-08 11:30:00,53.260,53.600,53.220,53.430,4037405
2025-07-08 13:30:00,53.450,53.500,53.250,53.280,2632351
2025-07-08 14:00:00,53.280,53.330,53.160,53.260,2809770
2025-07-08 14:30:00,53.250,53.470,53.250,53.450,4016080
2025-07-08 15:00:00,53.450,53.500,53.280,53.400,4747069
2025-07-09 10:00:00,53.400,54.500,53.020,54.400,12185068
2025-07-09 10:30:00,54.440,55.480,54.400,55.270,15228361
2025-07-09 11:00:00,55.270,55.290,54.920,55.030,5521801
2025-07-09 11:30:00,55.030,55.610,55.020,55.110,7803580
2025-07-09 13:30:00,55.110,57.940,55.100,57.470,32963051
2025-07-09 14:00:00,57.470,57.600,56.890,57.050,14951940
2025-07-09 14:30:00,57.040,57.170,56.680,57.060,12377453
2025-07-09 15:00:00,57.060,57.300,56.960,57.190,14789915
2025-07-10 10:00:00,57.130,58.150,56.610,57.670,29953938
2025-07-10 10:30:00,57.680,57.920,57.130,57.350,11212194
2025-07-10 11:00:00,57.350,57.440,57.010,57.300,6470941
2025-07-10 11:30:00,57.290,57.380,57.060,57.230,4582311
2025-07-10 13:30:00,57.240,57.550,57.200,57.550,6820330
2025-07-10 14:00:00,57.540,57.680,57.500,57.610,5631673
2025-07-10 14:30:00,57.610,58.280,57.600,57.660,13461929
2025-07-10 15:00:00,57.670,57.780,57.400,57.600,12238254
2025-07-11 10:00:00,57.510,58.120,57.000,57.240,16569006
2025-07-11 10:30:00,57.250,57.840,57.230,57.790,8181558
2025-07-11 11:00:00,57.750,57.860,57.340,57.400,4649420
2025-07-11 11:30:00,57.400,57.830,57.350,57.810,3949144
2025-07-11 13:30:00,57.810,57.990,57.090,57.170,9695094
2025-07-11 14:00:00,57.180,57.350,56.950,57.040,7752443
2025-07-11 14:30:00,57.040,57.310,56.970,57.120,4843608
2025-07-11 15:00:00,57.140,57.190,56.880,56.900,10222898
2025-07-14 10:00:00,56.750,57.450,56.560,57.090,11923370
2025-07-14 10:30:00,57.090,58.050,57.000,57.950,10801901
2025-07-14 11:00:00,57.950,58.040,57.400,57.410,6362428
2025-07-14 11:30:00,57.420,57.550,57.250,57.380,2674848
2025-07-14 13:30:00,57.380,57.420,57.150,57.220,3453778
2025-07-14 14:00:00,57.220,57.350,57.130,57.130,2645040
2025-07-14 14:30:00,57.130,57.420,57.130,57.330,3836177
2025-07-14 15:00:00,57.330,57.360,57.120,57.210,5678294
2025-07-15 10:00:00,57.250,57.530,56.800,57.240,11980056
2025-07-15 10:30:00,57.240,57.300,56.640,56.950,5776800
2025-07-15 11:00:00,56.960,57.080,56.810,56.980,2756196
2025-07-15 11:30:00,56.980,57.030,56.520,56.650,5398905
2025-07-15 13:30:00,56.650,57.110,56.600,57.050,3911170
2025-07-15 14:00:00,57.050,57.140,56.950,57.090,2836300
2025-07-15 14:30:00,57.100,57.480,56.960,57.470,5795082
2025-07-15 15:00:00,57.470,57.480,57.100,57.220,5238338
2025-07-16 10:00:00,57.650,58.900,57.170,57.570,16784995
2025-07-16 10:30:00,57.560,57.770,57.370,57.510,3882589
2025-07-16 11:00:00,57.520,57.690,57.240,57.480,2652860
2025-07-16 11:30:00,57.480,57.760,57.420,57.490,1962768
2025-07-16 13:30:00,57.490,57.530,57.180,57.350,3847008
2025-07-16 14:00:00,57.350,57.450,57.110,57.320,3022638
2025-07-16 14:30:00,57.330,57.350,57.090,57.120,3193444
2025-07-16 15:00:00,57.130,57.260,57.040,57.220,4472818
2025-07-17 10:00:00,56.900,57.490,56.840,57.370,8980423
2025-07-17 10:30:00,57.360,57.900,57.130,57.430,8702369
2025-07-17 11:00:00,57.430,57.870,57.320,57.530,4091126
2025-07-17 11:30:00,57.520,57.540,57.220,57.460,3995968
2025-07-17 13:30:00,57.450,57.700,57.430,57.590,4392144
2025-07-17 14:00:00,57.580,57.890,57.430,57.600,5558778
2025-07-17 14:30:00,57.590,57.750,57.500,57.540,3611308
2025-07-17 15:00:00,57.550,57.730,57.540,57.730,5082512
2025-07-18 10:00:00,58.210,59.860,58.210,58.500,27710705
2025-07-18 10:30:00,58.510,59.540,58.280,58.930,9400984
2025-07-18 11:00:00,58.930,59.070,58.470,58.470,4210320
2025-07-18 11:30:00,58.470,58.610,58.300,58.330,3712740
2025-07-18 13:30:00,58.360,58.360,57.900,57.960,6065772
2025-07-18 14:00:00,57.950,58.140,57.920,58.100,3732851
2025-07-18 14:30:00,58.110,58.450,58.090,58.240,4092527
2025-07-18 15:00:00,58.240,58.800,58.240,58.760,7172666
2025-07-21 10:00:00,58.500,58.800,57.870,58.240,15686157
2025-07-21 10:30:00,58.240,58.640,58.170,58.240,6396182
2025-07-21 11:00:00,58.230,58.450,58.000,58.110,4953984
2025-07-21 11:30:00,58.130,58.150,57.860,58.000,4429900
2025-07-21 13:30:00,58.050,58.050,57.680,57.950,5640319
2025-07-21 14:00:00,57.950,57.950,57.800,57.880,4423533
2025-07-21 14:30:00,57.880,58.050,57.830,58.010,3952554
2025-07-21 15:00:00,58.010,58.010,57.930,58.000,5461556
2025-07-22 10:00:00,58.000,58.450,57.610,58.360,10210603
2025-07-22 10:30:00,58.380,58.850,57.830,57.870,9086839
2025-07-22 11:00:00,57.860,58.200,57.830,58.080,3024918
2025-07-22 11:30:00,58.080,58.190,57.910,58.100,2714905
2025-07-22 13:30:00,58.100,58.110,57.780,57.900,5548569
2025-07-22 14:00:00,57.910,57.980,57.330,57.340,6276840
2025-07-22 14:30:00,57.340,57.390,57.200,57.390,5223722
2025-07-22 15:00:00,57.390,57.580,57.310,57.410,5470629
2025-07-23 10:00:00,57.200,58.080,57.200,57.500,11368088
2025-07-23 10:30:00,57.500,57.730,57.380,57.490,4363472
2025-07-23 11:00:00,57.480,57.560,57.210,57.410,3572684
2025-07-23 11:30:00,57.410,57.590,57.320,57.580,3163533
2025-07-23 13:30:00,57.560,57.730,57.290,57.380,4797552
2025-07-23 14:00:00,57.390,57.440,57.220,57.280,4513916
2025-07-23 14:30:00,57.300,57.330,56.870,57.060,6688193
2025-07-23 15:00:00,57.050,57.200,56.970,57.130,4062073
2025-07-24 10:00:00,57.440,57.780,57.170,57.360,8080894
2025-07-24 10:30:00,57.370,57.450,57.000,57.070,5466583
2025-07-24 11:00:00,57.070,57.190,56.950,57.040,4388812
2025-07-24 11:30:00,57.100,57.140,56.980,57.010,4376658
2025-07-24 13:30:00,57.060,57.710,57.010,57.700,8566014
2025-07-24 14:00:00,57.710,57.980,57.130,57.220,7059406
2025-07-24 14:30:00,57.210,57.390,57.200,57.230,3321706
2025-07-24 15:00:00,57.230,57.500,57.210,57.500,5323342
2025-07-25 10:00:00,57.500,57.550,57.120,57.150,10646496
2025-07-25 10:30:00,57.140,57.450,56.730,56.770,8203640
2025-07-25 11:00:00,56.770,56.950,56.520,56.720,6491668
2025-07-25 11:30:00,56.730,57.300,56.680,56.990,3615930
2025-07-25 13:30:00,56.990,57.010,56.780,56.910,2960206
2025-07-25 14:00:00,56.910,56.950,56.680,56.770,4009848
2025-07-25 14:30:00,56.770,56.780,56.360,56.440,7788515
2025-07-25 15:00:00,56.450,56.500,56.350,56.400,6823120
2025-07-28 10:00:00,60.100,61.000,59.660,60.010,61217591
2025-07-28 10:30:00,60.010,60.300,59.770,60.210,11378680
2025-07-28 11:00:00,60.200,61.000,59.980,60.810,14534220
2025-07-28 11:30:00,60.820,61.500,60.680,61.010,14143271
2025-07-28 13:30:00,61.020,62.040,61.020,62.040,23512761
2025-07-28 14:00:00,62.040,62.040,61.760,61.820,16897393
2025-07-28 14:30:00,61.810,62.040,61.630,62.040,13752647
2025-07-28 15:00:00,62.040,62.040,62.020,62.040,7573032
2025-07-29 10:00:00,63.000,64.200,62.130,63.040,71790396
2025-07-29 10:30:00,63.030,64.500,62.900,64.480,21451288
2025-07-29 11:00:00,64.480,65.430,64.280,64.720,21497307
2025-07-29 11:30:00,64.720,65.090,64.150,64.210,9680912
2025-07-29 13:30:00,64.210,64.630,63.700,64.080,10567366
2025-07-29 14:00:00,64.090,64.770,63.980,64.050,7183851
2025-07-29 14:30:00,64.060,64.360,63.800,64.200,7827125
2025-07-29 15:00:00,64.190,64.290,63.800,63.800,18278644
2025-07-30 10:00:00,63.810,64.140,62.650,63.640,28745548
2025-07-30 10:30:00,63.620,64.730,63.610,64.290,16265719
2025-07-30 11:00:00,64.300,64.360,63.840,64.030,8291527
2025-07-30 11:30:00,64.040,64.200,63.500,63.740,7092767
2025-07-30 13:30:00,63.740,64.380,63.640,63.970,7317486
2025-07-30 14:00:00,63.970,64.100,63.000,63.020,10706762
2025-07-30 14:30:00,63.020,63.790,62.720,63.790,10725783
2025-07-30 15:00:00,63.790,63.910,63.310,63.590,8939341
2025-07-31 10:00:00,63.400,63.850,62.930,63.100,19334987
2025-07-31 10:30:00,63.100,63.380,62.880,62.950,8704879
2025-07-31 11:00:00,62.940,63.260,62.720,63.250,5953648
2025-07-31 11:30:00,63.250,64.250,63.250,63.950,12196993
2025-07-31 13:30:00,63.970,64.020,63.010,63.070,7357460
2025-07-31 14:00:00,63.070,63.220,62.880,63.110,4984198
2025-07-31 14:30:00,63.100,63.150,62.540,62.550,7259540
2025-07-31 15:00:00,62.550,63.010,62.500,62.900,8412170
2025-08-01 10:00:00,62.830,63.580,62.080,63.210,18116816
2025-08-01 10:30:00,63.200,63.280,62.110,62.210,9213880
2025-08-01 11:00:00,62.210,62.280,61.530,61.610,10398604
2025-08-01 11:30:00,61.620,61.990,61.500,61.540,5573656
2025-08-01 13:30:00,61.530,61.540,60.760,60.770,11189620
2025-08-01 14:00:00,60.820,61.460,60.770,61.150,7084571
2025-08-01 14:30:00,61.140,61.270,60.940,61.190,5131719
2025-08-01 15:00:00,61.190,61.400,61.090,61.310,6756598
2025-08-04 10:00:00,60.600,61.380,60.000,60.810,18448325
2025-08-04 10:30:00,60.800,61.160,60.410,61.090,7804795
2025-08-04 11:00:00,61.090,61.620,60.790,60.910,8902285
2025-08-04 11:30:00,60.920,61.400,60.840,61.390,3350357
2025-08-04 13:30:00,61.390,61.640,61.200,61.500,6968316
2025-08-04 14:00:00,61.510,61.730,61.360,61.620,5255025
2025-08-04 14:30:00,61.620,61.980,61.560,61.880,8376425
2025-08-04 15:00:00,61.880,62.050,61.850,62.000,9855821
2025-08-05 10:00:00,62.110,62.460,61.710,61.890,14616011
2025-08-05 10:30:00,61.900,62.150,61.560,61.720,8389644
2025-08-05 11:00:00,61.720,61.960,61.600,61.760,5208400
2025-08-05 11:30:00,61.760,61.880,61.630,61.790,3759600
2025-08-05 13:30:00,61.790,62.200,61.790,61.980,5391708
2025-08-05 14:00:00,61.970,62.100,61.900,61.990,3598844
2025-08-05 14:30:00,61.970,62.280,61.910,62.270,5556433
2025-08-05 15:00:00,62.280,62.320,62.170,62.300,7623678
2025-08-06 10:00:00,62.190,62.550,61.820,61.980,14617283
2025-08-06 10:30:00,61.990,62.240,61.630,61.780,9853649
2025-08-06 11:00:00,61.780,62.110,61.750,62.010,4987393
2025-08-06 11:30:00,62.010,62.100,61.800,61.950,3605930
2025-08-06 13:30:00,61.950,61.950,61.380,61.500,8180149
2025-08-06 14:00:00,61.500,61.780,61.480,61.550,4076436
2025-08-06 14:30:00,61.550,61.610,61.420,61.480,5700058
2025-08-06 15:00:00,61.490,61.680,61.400,61.580,6226963
2025-08-07 10:00:00,61.250,62.100,61.210,61.750,12044213
2025-08-07 10:30:00,61.760,61.850,60.890,60.900,8980520
2025-08-07 11:00:00,60.900,61.220,60.880,61.080,4795400
2025-08-07 11:30:00,61.080,61.150,60.780,61.050,5114160
2025-08-07 13:30:00,61.050,61.330,60.800,60.840,5192270
2025-08-07 14:00:00,60.840,60.950,60.700,60.820,4925890
2025-08-07 14:30:00,60.820,60.890,60.700,60.780,4519893
2025-08-07 15:00:00,60.770,60.920,60.700,60.810,4904051
2025-08-08 10:00:00,60.700,60.950,60.000,60.390,9822971
2025-08-08 10:30:00,60.390,60.730,60.160,60.660,4820200
2025-08-08 11:00:00,60.660,60.990,60.550,60.770,4000820
2025-08-08 11:30:00,60.770,60.950,60.630,60.870,2252044
2025-08-08 13:30:00,60.860,61.100,60.610,60.750,4238808
2025-08-08 14:00:00,60.710,60.990,60.710,60.830,2351400
2025-08-08 14:30:00,60.830,61.030,60.810,61.030,3164907
2025-08-08 15:00:00,61.020,61.130,60.900,60.990,5645923
2025-08-11 10:00:00,60.990,61.420,60.860,61.030,8843892
2025-08-11 10:30:00,61.030,61.220,60.680,61.040,4626582
2025-08-11 11:00:00,61.040,61.230,60.950,61.000,3269740
2025-08-11 11:30:00,61.030,61.200,61.010,61.100,2794340
2025-08-11 13:30:00,61.100,61.300,61.070,61.190,5585155
2025-08-11 14:00:00,61.190,61.380,61.180,61.200,5160072
2025-08-11 14:30:00,61.210,61.300,60.860,60.900,6181824
2025-08-11 15:00:00,60.910,61.070,60.820,61.070,6113633
2025-08-12 10:00:00,61.320,61.450,60.770,60.900,9665728
2025-08-12 10:30:00,60.900,60.920,60.670,60.680,5989643
2025-08-12 11:00:00,60.680,60.690,60.260,60.400,5217140
2025-08-12 11:30:00,60.400,60.780,60.340,60.690,3794748
2025-08-12 13:30:00,60.690,60.930,60.500,60.610,3294436
2025-08-12 14:00:00,60.610,60.780,60.550,60.710,3079975
2025-08-12 14:30:00,60.720,60.910,60.580,60.870,3820528
2025-08-12 15:00:00,60.870,60.890,60.700,60.850,4321277
2025-08-13 10:00:00,60.850,61.760,60.850,61.290,14872451
2025-08-13 10:30:00,61.280,61.580,61.030,61.560,5624294
2025-08-13 11:00:00,61.570,62.760,61.560,62.730,16970990
2025-08-13 11:30:00,62.740,63.150,62.470,62.820,12994144
2025-08-13 13:30:00,62.820,63.510,62.690,62.710,11637000
2025-08-13 14:00:00,62.720,62.960,62.650,62.700,4904058
2025-08-13 14:30:00,62.700,62.880,62.230,62.350,6811958
2025-08-13 15:00:00,62.350,62.700,62.320,62.610,7714737
2025-08-14 10:00:00,62.850,63.100,62.360,62.380,13448021
2025-08-14 10:30:00,62.400,63.600,62.380,63.480,11987529
2025-08-14 11:00:00,63.480,63.580,63.000,63.180,6412843
2025-08-14 11:30:00,63.180,63.500,62.910,62.950,4499517
2025-08-14 13:30:00,62.950,63.230,62.500,62.860,6949121
2025-08-14 14:00:00,62.870,63.080,62.760,62.840,3767254
2025-08-14 14:30:00,62.830,63.140,62.760,63.090,4278632
2025-08-14 15:00:00,63.080,63.110,62.620,62.820,5783730
2025-08-15 10:00:00,62.640,63.640,62.460,63.260,14144384
2025-08-15 10:30:00,63.260,63.780,62.810,63.630,9238536
2025-08-15 11:00:00,63.630,64.270,63.590,63.690,8055466
2025-08-15 11:30:00,63.690,63.840,63.500,63.750,3905358
2025-08-15 13:30:00,63.780,64.010,63.560,63.740,5772560
2025-08-15 14:00:00,63.740,63.860,63.560,63.660,4957676
2025-08-15 14:30:00,63.670,63.810,63.390,63.400,6103838
2025-08-15 15:00:00,63.410,63.720,63.340,63.400,9315436
2025-08-18 10:00:00,63.400,63.930,63.240,63.380,12869261
2025-08-18 10:30:00,63.380,63.420,62.880,62.920,10260337
2025-08-18 11:00:00,62.930,63.170,62.810,62.850,7306734
2025-08-18 11:30:00,62.850,63.510,62.820,63.450,7086437
2025-08-18 13:30:00,63.450,63.950,63.380,63.470,8868073
2025-08-18 14:00:00,63.470,63.690,63.100,63.150,6525144
2025-08-18 14:30:00,63.130,63.590,63.090,63.450,6239092
2025-08-18 15:00:00,63.460,63.720,63.080,63.080,13730678
2025-08-19 10:00:00,63.400,65.400,63.220,64.640,25099628
2025-08-19 10:30:00,64.630,64.660,63.800,64.020,9219345
2025-08-19 11:00:00,64.030,64.110,63.500,63.510,5295139
2025-08-19 11:30:00,63.510,64.040,63.400,63.640,8605229
2025-08-19 13:30:00,63.640,63.810,62.810,62.820,11710292
2025-08-19 14:00:00,62.820,62.820,62.060,62.250,12357217
2025-08-19 14:30:00,62.230,62.810,62.050,62.260,9991128
2025-08-19 15:00:00,62.250,62.580,61.630,61.690,17492071
2025-08-20 10:00:00,61.660,62.090,61.380,61.770,15297465
2025-08-20 10:30:00,61.770,61.980,61.500,61.700,8683340
2025-08-20 11:00:00,61.700,61.850,61.500,61.550,7037796
2025-08-20 11:30:00,61.560,61.600,61.110,61.530,7894319
2025-08-20 13:30:00,61.530,61.810,61.200,61.600,5524193
2025-08-20 14:00:00,61.600,62.170,61.570,62.120,6660789
2025-08-20 14:30:00,62.120,62.760,62.120,62.650,5586766
2025-08-20 15:00:00,62.660,62.970,62.580,62.850,8357774
2025-08-21 10:00:00,63.980,65.330,63.010,63.040,37827307
2025-08-21 10:30:00,63.040,64.110,62.950,63.890,11484414
2025-08-21 11:00:00,63.900,64.080,63.570,63.630,4591250
2025-08-21 11:30:00,63.620,63.860,63.360,63.670,3240013
2025-08-21 13:30:00,63.670,64.490,63.640,64.070,7447799
2025-08-21 14:00:00,64.070,64.800,64.000,64.510,7530558
2025-08-21 14:30:00,64.500,64.520,63.830,63.990,6493904
2025-08-21 15:00:00,63.980,64.030,63.700,63.990,7247678
2025-08-22 10:00:00,64.710,65.200,63.830,64.010,17676551
2025-08-22 10:30:00,64.040,64.850,64.000,64.050,6564157
2025-08-22 11:00:00,64.050,64.500,63.900,64.390,4457381
2025-08-22 11:30:00,64.420,64.490,64.120,64.200,3051438
2025-08-22 13:30:00,64.200,64.650,64.010,64.290,7194383
2025-08-22 14:00:00,64.290,64.560,64.240,64.470,4898700
2025-08-22 14:30:00,64.470,64.990,64.460,64.960,8747640
2025-08-22 15:00:00,64.960,65.000,64.710,64.980,11181641
2025-08-25 10:00:00,64.980,65.380,64.370,64.870,19908065
2025-08-25 10:30:00,64.840,65.870,64.800,65.440,14106705
2025-08-25 11:00:00,65.460,65.660,64.950,65.230,7029023
2025-08-25 11:30:00,65.220,65.300,64.720,64.890,6798075
2025-08-25 13:30:00,64.890,65.280,64.800,65.220,6933384
2025-08-25 14:00:00,65.230,66.400,64.980,66.270,14500440
2025-08-25 14:30:00,66.260,66.280,65.870,66.050,6038642
2025-08-25 15:00:00,66.040,66.300,66.010,66.260,9609047
2025-08-26 10:00:00,66.200,66.200,65.000,65.330,17262951
2025-08-26 10:30:00,65.320,65.600,65.050,65.150,8819723
2025-08-26 11:00:00,65.150,65.480,65.010,65.270,4873845
2025-08-26 11:30:00,65.270,65.800,65.140,65.790,3950970
2025-08-26 13:30:00,65.800,65.840,65.380,65.420,4259251
2025-08-26 14:00:00,65.420,65.490,65.220,65.420,4496866
2025-08-26 14:30:00,65.430,65.790,65.390,65.580,5065924
2025-08-26 15:00:00,65.580,65.650,65.300,65.300,8783407
2025-08-27 10:00:00,65.010,65.710,64.690,64.970,14488380
2025-08-27 10:30:00,64.950,65.030,64.560,64.590,8298452
2025-08-27 11:00:00,64.590,64.780,64.510,64.620,6087160
2025-08-27 11:30:00,64.620,64.850,64.440,64.680,6393603
2025-08-27 13:30:00,64.700,64.900,64.440,64.510,6776653
2025-08-27 14:00:00,64.520,64.520,63.660,63.730,16840194
2025-08-27 14:30:00,63.740,64.140,63.530,63.540,11069455
2025-08-27 15:00:00,63.530,63.810,63.040,63.050,13663037
2025-08-28 10:00:00,62.950,63.220,62.440,62.470,15516872
2025-08-28 10:30:00,62.470,62.770,62.210,62.760,7377104
2025-08-28 11:00:00,62.750,62.970,62.500,62.520,5233247
2025-08-28 11:30:00,62.510,62.560,62.070,62.190,8682727
2025-08-28 13:30:00,62.190,62.330,61.600,61.650,12098600
2025-08-28 14:00:00,61.650,62.190,61.410,62.110,8624312
2025-08-28 14:30:00,62.110,62.680,62.100,62.600,6060507
2025-08-28 15:00:00,62.600,63.030,62.540,63.030,7996785
2025-08-29 10:00:00,63.030,64.150,63.030,63.790,15807717
2025-08-29 10:30:00,63.800,64.970,63.710,64.950,16274604
2025-08-29 11:00:00,64.950,65.680,64.600,65.250,16025496
2025-08-29 11:30:00,65.260,65.950,65.200,65.380,11074661
2025-08-29 13:30:00,65.360,66.870,65.300,65.670,19145500
2025-08-29 14:00:00,65.660,66.160,65.510,66.110,7499215
2025-08-29 14:30:00,66.110,66.500,65.900,66.180,7131168
2025-08-29 15:00:00,66.180,66.500,66.050,66.230,9360246
2025-09-01 10:00:00,66.400,68.300,65.920,67.780,30478940
2025-09-01 10:30:00,67.770,68.400,67.560,67.720,12797795
2025-09-01 11:00:00,67.760,68.080,67.520,67.780,5439375
2025-09-01 11:30:00,67.780,68.100,67.280,67.400,6729120
2025-09-01 13:30:00,67.390,68.200,67.370,68.070,5864574
2025-09-01 14:00:00,68.080,68.880,67.810,68.870,10227149
2025-09-01 14:30:00,68.870,68.880,68.400,68.660,7106436
2025-09-01 15:00:00,68.670,68.730,68.320,68.350,8574700
2025-09-02 10:00:00,69.800,70.580,68.200,70.530,37943349
2025-09-02 10:30:00,70.530,70.770,69.730,70.160,22275411
2025-09-02 11:00:00,70.160,70.160,68.910,69.000,10422748
2025-09-02 11:30:00,69.010,69.410,68.380,68.760,9501343
2025-09-02 13:30:00,68.760,68.770,67.800,68.120,9888672
2025-09-02 14:00:00,68.120,69.390,68.110,68.700,7278619
2025-09-02 14:30:00,68.690,68.980,68.480,68.500,4215625
2025-09-02 15:00:00,68.490,69.150,68.400,68.870,6923202
2025-09-03 10:00:00,68.800,72.600,68.800,71.600,37287058
2025-09-03 10:30:00,71.590,72.190,71.090,71.770,15949536
2025-09-03 11:00:00,71.780,73.420,71.100,72.750,19083638
2025-09-03 11:30:00,72.740,72.850,71.800,71.850,9106012
2025-09-03 13:30:00,71.850,72.240,71.620,71.990,7424409
2025-09-03 14:00:00,71.980,72.090,71.270,71.770,7605329
2025-09-03 14:30:00,71.780,71.900,71.360,71.640,5868434
2025-09-03 15:00:00,71.660,71.980,71.050,71.980,10612485
2025-09-04 10:00:00,71.270,71.580,69.590,69.900,31094323
2025-09-04 10:30:00,69.910,70.070,68.900,69.240,18053432
2025-09-04 11:00:00,69.240,69.320,68.000,68.530,15901660
2025-09-04 11:30:00,68.530,69.250,67.880,68.090,9757607
2025-09-04 13:30:00,68.080,68.880,67.930,68.340,7331805
2025-09-04 14:00:00,68.340,68.700,67.920,68.360,5957286
2025-09-04 14:30:00,68.350,68.360,67.760,67.900,7604518
2025-09-04 15:00:00,67.900,68.920,67.500,68.650,14588775
2025-09-05 10:00:00,69.000,71.100,69.000,70.730,29275194
2025-09-05 10:30:00,70.700,71.170,69.640,71.110,11793326
2025-09-05 11:00:00,71.110,72.000,70.580,71.010,11630316
2025-09-05 11:30:00,71.020,71.200,70.600,70.950,4765361
2025-09-05 13:30:00,70.960,71.870,70.950,71.820,6205064
2025-09-05 14:00:00,71.820,72.070,71.490,71.690,6407320
2025-09-05 14:30:00,71.690,72.720,71.670,72.540,10488449
2025-09-05 15:00:00,72.540,72.980,72.210,72.470,13082826
2025-09-08 10:00:00,73.000,73.870,72.150,72.710,26309189
2025-09-08 10:30:00,72.710,73.470,72.160,72.460,11476321
2025-09-08 11:00:00,72.440,72.680,72.010,72.630,7180104
2025-09-08 11:30:00,72.600,72.640,71.890,72.120,5429732
2025-09-08 13:30:00,72.160,72.250,71.810,71.910,7154018
2025-09-08 14:00:00,71.910,72.200,71.640,72.120,5646056
2025-09-08 14:30:00,72.120,72.470,71.980,72.030,4373996
2025-09-08 15:00:00,72.030,72.520,71.990,72.310,7251512
2025-09-09 10:00:00,72.170,74.040,71.620,73.870,22863206
2025-09-09 10:30:00,73.870,73.990,72.100,72.340,10941062
2025-09-09 11:00:00,72.340,72.420,71.500,71.710,8118358
2025-09-09 11:30:00,71.710,71.760,71.250,71.460,5995809
2025-09-09 13:30:00,71.450,71.520,70.900,71.150,7346042
2025-09-09 14:00:00,71.130,71.160,70.480,70.630,8284178
2025-09-09 14:30:00,70.630,70.900,70.500,70.550,6801707
2025-09-09 15:00:00,70.560,71.150,70.500,71.090,6416647
2025-09-10 10:00:00,70.840,71.770,70.460,70.940,12815030
2025-09-10 10:30:00,70.930,70.990,70.080,70.200,10112238
2025-09-10 11:00:00,70.190,70.690,70.100,70.630,4219420
2025-09-10 11:30:00,70.620,70.880,70.360,70.690,3287809
2025-09-10 13:30:00,70.650,70.750,70.120,70.410,4570772
2025-09-10 14:00:00,70.410,70.520,70.260,70.500,3309324
2025-09-10 14:30:00,70.500,70.720,70.410,70.460,2915535
2025-09-10 15:00:00,70.460,70.490,70.220,70.320,5590285
2025-09-11 10:00:00,66.580,66.580,64.000,66.320,86405145
2025-09-11 10:30:00,66.330,67.400,66.290,66.760,25432518
2025-09-11 11:00:00,66.760,67.800,66.610,67.800,13385895
2025-09-11 11:30:00,67.790,68.360,67.720,68.100,12355437
2025-09-11 13:30:00,68.080,68.470,67.600,67.660,14233349
2025-09-11 14:00:00,67.660,67.790,67.110,67.500,14880607
2025-09-11 14:30:00,67.500,68.000,67.500,67.980,9904844
2025-09-11 15:00:00,67.980,68.310,67.890,68.290,17638142
2025-09-12 10:00:00,68.280,68.950,68.000,68.270,26041857
2025-09-12 10:30:00,68.280,69.120,67.860,68.980,13927487
2025-09-12 11:00:00,68.970,69.180,68.410,68.410,8280167
2025-09-12 11:30:00,68.410,68.980,68.250,68.940,4968280
2025-09-12 13:30:00,68.940,69.510,68.500,69.270,8679489
2025-09-12 14:00:00,69.270,69.500,68.900,68.940,6816585
2025-09-12 14:30:00,68.950,69.020,68.680,68.850,5111010
2025-09-12 15:00:00,68.850,69.200,68.760,69.010,9296646
2025-09-15 10:00:00,68.850,69.410,68.260,69.370,19621011
2025-09-15 10:30:00,69.380,69.690,68.700,69.080,9993043
2025-09-15 11:00:00,69.080,69.380,68.900,69.070,5678367
2025-09-15 11:30:00,69.070,69.490,68.810,68.890,4446419
2025-09-15 13:30:00,68.890,69.590,68.800,69.370,6828550
2025-09-15 14:00:00,69.380,69.520,69.180,69.220,4627002
2025-09-15 14:30:00,69.220,69.260,68.940,68.940,4324022
2025-09-15 15:00:00,68.940,69.180,68.910,69.100,5669739
2025-09-16 10:00:00,69.100,69.340,68.340,68.420,13122657
2025-09-16 10:30:00,68.420,69.240,68.420,68.840,6573563
2025-09-16 11:00:00,68.850,68.890,68.450,68.540,5605474
2025-09-16 11:30:00,68.520,69.000,68.490,68.890,2902248
2025-09-16 13:30:00,68.910,69.140,68.760,68.800,2913834
2025-09-16 14:00:00,68.800,68.950,68.640,68.920,2535402
2025-09-16 14:30:00,68.930,69.070,68.810,68.830,3387205
2025-09-16 15:00:00,68.820,69.150,68.800,69.150,6417822
2025-09-17 10:00:00,69.300,70.260,69.300,69.860,16107384
2025-09-17 10:30:00,69.830,70.100,69.380,69.520,7877204
2025-09-17 11:00:00,69.520,70.680,69.410,70.530,9294501
2025-09-17 11:30:00,70.520,70.800,70.280,70.480,5636126
2025-09-17 13:30:00,70.490,70.570,69.930,70.000,5946876
2025-09-17 14:00:00,70.000,70.520,69.960,70.500,4614987
2025-09-17 14:30:00,70.500,70.510,70.020,70.080,3206367
2025-09-17 15:00:00,70.080,70.200,69.930,70.130,5919926
2025-09-18 10:00:00,70.560,71.450,69.900,70.610,16700678
2025-09-18 10:30:00,70.630,71.190,70.380,71.180,6724088
2025-09-18 11:00:00,71.180,71.200,70.680,71.000,4551499
2025-09-18 11:30:00,71.010,71.270,70.690,71.160,4154901
2025-09-18 13:30:00,71.230,73.120,71.230,72.220,23262910
2025-09-18 14:00:00,72.190,72.500,71.280,71.290,7987438
2025-09-18 14:30:00,71.290,71.350,70.520,70.600,11458059
2025-09-18 15:00:00,70.610,71.210,70.130,71.090,11724315
2025-09-19 10:00:00,71.100,71.240,70.300,70.520,13615935
2025-09-19 10:30:00,70.520,70.900,70.250,70.370,5755693
2025-09-19 11:00:00,70.370,70.470,69.870,70.090,7078983
2025-09-19 11:30:00,70.050,70.220,69.880,70.010,4518493
2025-09-19 13:30:00,70.010,70.360,69.600,69.720,5904953
2025-09-19 14:00:00,69.720,69.800,69.490,69.600,5395019
2025-09-19 14:30:00,69.610,70.200,69.560,70.010,4149348
2025-09-19 15:00:00,70.010,70.060,69.650,69.650,6020818
2025-09-22 10:00:00,70.490,72.700,70.420,71.760,24629069
2025-09-22 10:30:00,71.760,72.300,71.060,71.090,8546415
2025-09-22 11:00:00,71.100,71.360,70.820,71.320,4774368
2025-09-22 11:30:00,71.320,71.520,70.900,71.080,3098788
2025-09-22 13:30:00,71.150,71.240,70.520,70.620,5090861
2025-09-22 14:00:00,70.620,70.850,70.460,70.550,3496394
2025-09-22 14:30:00,70.540,71.000,70.400,70.850,3419312
2025-09-22 15:00:00,70.850,71.060,70.800,71.050,4599036
2025-09-23 10:00:00,71.000,71.190,69.970,69.970,14085558
2025-09-23 10:30:00,69.970,70.200,69.300,69.500,10004971
2025-09-23 11:00:00,69.500,69.830,69.200,69.380,6032398
2025-09-23 11:30:00,69.380,69.400,68.700,68.720,7497091
2025-09-23 13:30:00,68.720,69.300,68.500,69.190,6472234
2025-09-23 14:00:00,69.160,69.260,68.880,69.020,3004643
2025-09-23 14:30:00,69.030,69.500,68.860,69.490,4256548
2025-09-23 15:00:00,69.490,69.800,69.320,69.700,4779514
2025-09-24 10:00:00,69.700,70.280,69.300,69.740,8998886
2025-09-24 10:30:00,69.750,70.380,69.500,69.940,7923553
2025-09-24 11:00:00,69.940,70.030,69.470,69.950,3913000
2025-09-24 11:30:00,69.960,70.070,69.850,69.920,3100189
2025-09-24 13:30:00,69.940,70.160,69.640,70.020,5080589
2025-09-24 14:00:00,70.020,70.140,69.800,69.940,3170344
2025-09-24 14:30:00,69.950,70.070,69.890,69.980,2696340
2025-09-24 15:00:00,69.990,70.150,69.910,70.110,4647310
2025-09-25 10:00:00,72.400,73.080,71.550,72.210,34172260
2025-09-25 10:30:00,72.210,72.600,71.960,72.350,7255545
2025-09-25 11:00:00,72.360,72.990,72.270,72.370,8069587
2025-09-25 11:30:00,72.370,72.910,72.240,72.730,5218694
2025-09-25 13:30:00,72.750,72.770,72.110,72.110,4934354
2025-09-25 14:00:00,72.110,72.400,71.860,72.220,4350245
2025-09-25 14:30:00,72.240,72.460,72.150,72.340,3450649
2025-09-25 15:00:00,72.360,72.470,72.240,72.270,6452584
2025-09-26 10:00:00,70.800,70.800,69.600,69.720,26927406
2025-09-26 10:30:00,69.680,69.890,69.230,69.380,12216426
2025-09-26 11:00:00,69.370,69.710,69.330,69.670,5012450
2025-09-26 11:30:00,69.650,71.160,69.630,70.970,8372151
2025-09-26 13:30:00,70.970,71.370,70.800,70.900,4943950
2025-09-26 14:00:00,70.910,70.950,70.490,70.500,3329290
2025-09-26 14:30:00,70.500,70.700,70.230,70.340,3283980
2025-09-26 15:00:00,70.340,70.450,70.020,70.080,5818832
2025-09-29 10:00:00,69.790,69.790,67.760,68.060,23320198
2025-09-29 10:30:00,68.060,68.350,67.850,68.240,6557232
2025-09-29 11:00:00,68.230,68.350,68.030,68.090,5273442
2025-09-29 11:30:00,68.090,68.250,68.000,68.040,3655826
2025-09-29 13:30:00,68.040,68.580,68.010,68.160,5508089
2025-09-29 14:00:00,68.160,69.500,68.130,69.480,8367254
2025-09-29 14:30:00,69.500,69.770,68.960,69.280,6378567
2025-09-29 15:00:00,69.290,69.450,69.080,69.200,5738496
2025-09-30 10:00:00,69.000,69.880,68.800,69.590,10862976
2025-09-30 10:30:00,69.620,70.420,69.590,70.050,8839539
2025-09-30 11:00:00,70.040,70.490,69.880,70.390,5760713
2025-09-30 11:30:00,70.400,70.800,70.300,70.450,4819360
2025-09-30 13:30:00,70.450,70.900,70.300,70.350,4315410
2025-09-30 14:00:00,70.350,70.480,70.300,70.360,3402648
2025-09-30 14:30:00,70.360,70.900,70.330,70.800,5725076
2025-09-30 15:00:00,70.820,71.580,70.700,71.550,14219356
2025-10-09 10:00:00,71.560,71.660,69.580,69.610,19278795
2025-10-09 10:30:00,69.610,70.290,69.110,70.250,11630544
2025-10-09 11:00:00,70.250,70.600,70.130,70.400,5882764
2025-10-09 11:30:00,70.400,70.740,70.320,70.590,3892696
2025-10-09 13:30:00,70.590,70.830,70.160,70.570,4977970
2025-10-09 14:00:00,70.570,71.100,70.510,70.990,4212274
2025-10-09 14:30:00,70.970,70.990,70.660,70.930,3482796
2025-10-09 15:00:00,70.930,71.150,70.890,71.150,5921501
2025-10-10 10:00:00,70.380,70.880,69.290,69.910,15784171
2025-10-10 10:30:00,69.900,70.290,69.700,70.040,5137275
2025-10-10 11:00:00,70.040,70.050,69.300,69.340,5898646
2025-10-10 11:30:00,69.340,69.340,68.780,69.020,10191129
2025-10-10 13:30:00,69.020,69.110,68.030,68.310,10998195
2025-10-10 14:00:00,68.320,68.560,68.210,68.530,5586367
2025-10-10 14:30:00,68.530,68.580,68.030,68.070,6980538
2025-10-10 15:00:00,68.070,68.290,67.850,68.200,10033749
2025-10-13 10:00:00,66.000,68.030,65.700,67.190,18300674
2025-10-13 10:30:00,67.190,67.300,66.610,66.960,6715669
2025-10-13 11:00:00,66.940,67.070,66.660,66.660,4242602
2025-10-13 11:30:00,66.670,66.670,66.220,66.240,4385547
2025-10-13 13:30:00,66.250,66.480,66.000,66.460,5740680
2025-10-13 14:00:00,66.460,66.900,66.430,66.880,3727520
2025-10-13 14:30:00,66.870,67.070,66.720,66.810,4129031
2025-10-13 15:00:00,66.820,67.150,66.800,66.980,5986986
2025-10-14 10:00:00,67.610,67.660,66.680,66.700,11411214
2025-10-14 10:30:00,66.690,66.700,66.060,66.070,7108509
2025-10-14 11:00:00,66.090,66.130,65.380,65.450,9546380
2025-10-14 11:30:00,65.450,65.630,65.160,65.410,5988232
2025-10-14 13:30:00,65.400,65.450,64.800,65.170,8701012
2025-10-14 14:00:00,65.180,65.250,64.420,64.440,6984196
2025-10-14 14:30:00,64.420,64.440,64.000,64.220,9699448
2025-10-14 15:00:00,64.210,64.320,63.700,64.270,10855672
2025-10-15 10:00:00,64.200,64.580,63.680,64.570,10735961
2025-10-15 10:30:00,64.570,65.480,64.440,65.010,9204242
2025-10-15 11:00:00,65.000,65.090,64.720,64.790,3957272
2025-10-15 11:30:00,64.800,65.420,64.780,65.160,3944368
2025-10-15 13:30:00,65.160,65.680,65.050,65.670,5580815
2025-10-15 14:00:00,65.660,65.950,65.640,65.850,5184719
2025-10-15 14:30:00,65.860,66.400,65.800,66.340,6066323
2025-10-15 15:00:00,66.340,66.420,66.100,66.400,6373463
2025-10-16 10:00:00,66.430,68.220,65.720,67.990,15541150
2025-10-16 10:30:00,67.990,68.500,67.620,67.630,8571778
2025-10-16 11:00:00,67.630,67.910,67.250,67.570,4664931
2025-10-16 11:30:00,67.580,67.680,67.060,67.070,2697279
2025-10-16 13:30:00,67.060,67.070,66.560,66.850,4118840
2025-10-16 14:00:00,66.820,66.910,66.580,66.640,2554893
2025-10-16 14:30:00,66.660,66.850,66.510,66.510,3288040
2025-10-16 15:00:00,66.520,66.890,66.420,66.840,4600846
2025-10-17 10:00:00,66.850,67.400,66.100,66.300,7746305
2025-10-17 10:30:00,66.300,66.300,65.680,65.900,6122937
2025-10-17 11:00:00,65.900,66.270,65.860,65.930,2113513
2025-10-17 11:30:00,65.930,66.080,65.640,65.660,2306589
2025-10-17 13:30:00,65.650,65.760,65.280,65.540,4368772
2025-10-17 14:00:00,65.580,65.660,65.250,65.310,2502212
2025-10-17 14:30:00,65.310,65.550,65.100,65.180,3219362
2025-10-17 15:00:00,65.190,65.300,65.000,65.100,6571044
2025-10-20 10:00:00,65.990,66.510,65.720,66.160,9649003
2025-10-20 10:30:00,66.170,66.480,65.580,65.720,5013508
2025-10-20 11:00:00,65.720,66.300,65.630,65.780,3049550
2025-10-20 11:30:00,65.780,65.950,65.630,65.710,1620163
2025-10-20 13:30:00,65.700,65.810,65.450,65.500,2592736
2025-10-20 14:00:00,65.510,65.520,65.110,65.190,2986479
2025-10-20 14:30:00,65.200,65.240,64.850,64.930,4241342
2025-10-20 15:00:00,64.940,65.280,64.830,65.130,3518913
2025-10-21 10:00:00,65.500,65.860,65.190,65.400,6399704
2025-10-21 10:30:00,65.370,65.750,65.140,65.660,3632920
2025-10-21 11:00:00,65.680,65.950,65.590,65.750,4194642
2025-10-21 11:30:00,65.750,66.080,65.740,65.970,3914314
2025-10-21 13:30:00,65.970,66.000,65.750,65.770,3236234
2025-10-21 14:00:00,65.780,66.270,65.750,66.110,4420293
2025-10-21 14:30:00,66.080,66.580,66.080,66.270,5952004
2025-10-21 15:00:00,66.270,66.350,65.920,66.000,5205920
2025-10-22 10:00:00,66.250,66.790,65.510,65.790,10023268
2025-10-22 10:30:00,65.790,66.050,65.670,65.800,4234549
2025-10-22 11:00:00,65.800,65.930,65.580,65.580,4359946
2025-10-22 11:30:00,65.590,65.650,65.220,65.290,3857955
2025-10-22 13:30:00,65.290,65.550,65.010,65.460,4348820
2025-10-22 14:00:00,65.460,65.480,65.180,65.260,3145923
2025-10-22 14:30:00,65.250,65.420,65.140,65.310,3645718
2025-10-22 15:00:00,65.310,65.380,65.120,65.260,6188629
2025-10-23 10:00:00,65.010,65.430,64.520,64.590,8561660
2025-10-23 10:30:00,64.600,64.700,64.020,64.560,7777879
2025-10-23 11:00:00,64.570,64.850,64.310,64.430,2247885
2025-10-23 11:30:00,64.440,64.800,64.400,64.510,2168297
2025-10-23 13:30:00,64.510,64.740,64.450,64.690,2438750
2025-10-23 14:00:00,64.690,64.770,64.400,64.700,2637073
2025-10-23 14:30:00,64.690,65.000,64.640,64.930,3230389
2025-10-23 15:00:00,64.930,65.380,64.860,65.140,5216593
2025-10-24 10:00:00,65.260,66.360,65.010,65.560,10776553
2025-10-24 10:30:00,65.560,65.840,65.320,65.330,4190518
2025-10-24 11:00:00,65.350,65.370,65.060,65.170,4212368
2025-10-24 11:30:00,65.170,65.220,65.100,65.150,2867020
2025-10-24 13:30:00,65.150,65.530,65.130,65.320,4326722
2025-10-24 14:00:00,65.320,65.440,65.180,65.430,2610659
2025-10-24 14:30:00,65.430,65.480,65.240,65.400,3636924
2025-10-24 15:00:00,65.390,65.500,65.320,65.500,4654513
2025-10-27 10:00:00,66.550,67.850,66.510,66.920,21771810
2025-10-27 10:30:00,66.920,67.180,66.700,66.760,6052658
2025-10-27 11:00:00,66.760,67.180,66.700,66.990,3217174
2025-10-27 11:30:00,66.990,66.990,66.700,66.860,2321476
2025-10-27 13:30:00,66.860,67.110,66.710,67.050,3464323
2025-10-27 14:00:00,67.060,67.240,66.820,66.830,3412688
2025-10-27 14:30:00,66.830,66.950,66.810,66.900,3514640
2025-10-27 15:00:00,66.910,67.090,66.870,67.010,7137723
2025-10-28 10:00:00,65.220,65.460,63.770,64.270,44270894
2025-10-28 10:30:00,64.250,64.270,63.890,63.970,12890438
2025-10-28 11:00:00,63.980,64.000,63.500,63.690,15360633
2025-10-28 11:30:00,63.690,64.240,63.650,63.880,5694742
2025-10-28 13:30:00,63.880,64.000,63.600,63.680,8137877
2025-10-28 14:00:00,63.680,63.870,63.540,63.780,6334383
2025-10-28 14:30:00,63.790,64.010,63.760,63.780,5422540
2025-10-28 15:00:00,63.790,63.800,63.600,63.620,10097492
2025-10-29 10:00:00,63.600,63.870,63.070,63.080,14528716
2025-10-29 10:30:00,63.080,63.270,62.710,63.090,12047011
2025-10-29 11:00:00,63.090,63.850,63.040,63.660,5157648
2025-10-29 11:30:00,63.660,64.480,63.660,64.360,6471596
2025-10-29 13:30:00,64.360,64.450,63.900,64.330,4935419
2025-10-29 14:00:00,64.340,64.350,64.000,64.060,3401537
2025-10-29 14:30:00,64.060,64.190,63.880,63.920,3397129
2025-10-29 15:00:00,63.930,64.020,63.880,64.020,6278399
2025-10-30 10:00:00,64.020,64.020,63.210,63.560,15221181
2025-10-30 10:30:00,63.550,63.830,63.460,63.690,5707782
2025-10-30 11:00:00,63.700,63.760,63.500,63.590,3943576
2025-10-30 11:30:00,63.600,63.670,63.440,63.630,3640416
2025-10-30 13:30:00,63.630,63.640,63.100,63.310,8856643
2025-10-30 14:00:00,63.310,63.370,63.170,63.190,5072425
2025-10-30 14:30:00,63.190,63.210,62.890,63.020,9000579
2025-10-30 15:00:00,63.010,63.060,62.870,62.880,9431398
2025-10-31 10:00:00,63.360,64.680,63.200,64.160,24698068
2025-10-31 10:30:00,64.150,64.660,64.140,64.640,11858263
2025-10-31 11:00:00,64.640,65.490,64.500,65.040,17483428
2025-10-31 11:30:00,65.040,65.050,64.070,64.140,8396488
2025-10-31 13:30:00,64.140,64.490,64.020,64.150,5207519
2025-10-31 14:00:00,64.150,64.400,64.100,64.190,4424944
2025-10-31 14:30:00,64.180,64.350,64.140,64.250,4760786
2025-10-31 15:00:00,64.250,64.280,64.100,64.150,6876894
2025-11-03 10:00:00,64.960,64.990,62.950,62.950,15165563
2025-11-03 10:30:00,62.950,64.060,62.820,63.830,8671627
2025-11-03 11:00:00,63.830,63.940,63.510,63.750,3162466
2025-11-03 11:30:00,63.750,63.880,63.580,63.800,2476376
2025-11-03 13:30:00,63.820,64.140,63.680,63.680,3923966
2025-11-03 14:00:00,63.670,63.760,63.360,63.410,3401148
2025-11-03 14:30:00,63.420,63.550,63.240,63.280,4039843
2025-11-03 15:00:00,63.280,63.460,63.200,63.400,5189572
2025-11-04 10:00:00,63.420,63.450,62.650,62.660,11146438
2025-11-04 10:30:00,62.660,63.110,62.630,62.890,3780109
2025-11-04 11:00:00,62.900,62.920,62.610,62.680,4275940
2025-11-04 11:30:00,62.680,62.800,62.560,62.670,3447419
2025-11-04 13:30:00,62.660,62.680,62.100,62.260,6998357
2025-11-04 14:00:00,62.270,62.330,62.030,62.040,5053240
2025-11-04 14:30:00,62.050,62.090,61.550,61.700,9709627
2025-11-04 15:00:00,61.690,62.000,61.590,61.920,7149836
2025-11-05 10:00:00,61.300,62.490,61.220,62.110,10206818
2025-11-05 10:30:00,62.120,62.290,61.900,61.960,4434720
2025-11-05 11:00:00,61.970,62.060,61.820,61.920,2413926
2025-11-05 11:30:00,61.930,62.250,61.910,62.100,2613349
2025-11-05 13:30:00,62.080,62.200,61.910,61.940,3051332
2025-11-05 14:00:00,61.940,62.150,61.900,61.970,3067375
2025-11-05 14:30:00,61.990,62.190,61.990,62.110,2716666
2025-11-05 15:00:00,62.120,62.190,61.900,61.960,4933892
2025-11-06 10:00:00,61.950,62.050,61.470,61.730,6702208
2025-11-06 10:30:00,61.740,62.000,61.660,62.000,2917649
2025-11-06 11:00:00,62.000,62.280,61.970,62.130,3743506
2025-11-06 11:30:00,62.150,62.240,61.960,62.000,1542652
2025-11-06 13:30:00,62.010,62.450,62.000,62.260,2752163
2025-11-06 14:00:00,62.260,62.400,62.180,62.350,2020862
2025-11-06 14:30:00,62.360,62.500,62.350,62.420,2547148
2025-11-06 15:00:00,62.420,62.450,62.300,62.420,3026207
2025-11-07 10:00:00,62.000,62.490,61.500,61.820,8158973
2025-11-07 10:30:00,61.790,62.050,61.700,61.750,3019430
2025-11-07 11:00:00,61.740,61.940,61.730,61.820,2244608
2025-11-07 11:30:00,61.820,62.060,61.780,61.850,1567391
2025-11-07 13:30:00,61.850,62.000,61.620,61.690,2601843
2025-11-07 14:00:00,61.680,61.750,61.520,61.540,3428640
2025-11-07 14:30:00,61.540,61.630,61.500,61.590,2663050
2025-11-07 15:00:00,61.580,61.630,61.550,61.580,3381493
2025-11-10 10:00:00,61.570,61.770,61.060,61.070,8662766
2025-11-10 10:30:00,61.060,61.360,61.000,61.090,5975241
2025-11-10 11:00:00,61.090,61.220,60.960,61.050,4653879
2025-11-10 11:30:00,61.050,61.280,61.010,61.160,2852053
2025-11-10 13:30:00,61.150,61.680,61.080,61.420,5075609
2025-11-10 14:00:00,61.410,61.730,61.240,61.610,4790831
2025-11-10 14:30:00,61.610,61.930,61.530,61.770,3476727
2025-11-10 15:00:00,61.760,61.830,61.670,61.830,4137724
2025-11-11 10:00:00,61.950,62.200,61.460,61.480,6984286
2025-11-11 10:30:00,61.490,61.640,61.340,61.350,2958980
2025-11-11 11:00:00,61.350,61.400,61.050,61.050,3972044
2025-11-11 11:30:00,61.040,61.220,61.000,61.160,2396840
2025-11-11 13:30:00,61.160,61.160,61.000,61.020,2865368
2025-11-11 14:00:00,61.020,61.150,61.020,61.060,2157653
2025-11-11 14:30:00,61.060,61.200,61.010,61.110,2113647
2025-11-11 15:00:00,61.110,61.150,61.060,61.060,4008080
2025-11-12 10:00:00,61.090,62.860,61.090,62.450,20348445
2025-11-12 10:30:00,62.470,62.760,62.330,62.450,6021876
2025-11-12 11:00:00,62.440,62.600,62.040,62.120,4425498
2025-11-12 11:30:00,62.120,62.150,61.910,62.030,2854292
2025-11-12 13:30:00,62.030,62.790,62.020,62.510,6767537
2025-11-12 14:00:00,62.510,62.530,62.330,62.370,2972513
2025-11-12 14:30:00,62.370,62.400,62.260,62.380,2882757
2025-11-12 15:00:00,62.380,62.430,62.100,62.100,5153858
2025-11-13 10:00:00,62.690,63.070,62.230,62.820,11206535
2025-11-13 10:30:00,62.830,63.200,62.600,63.040,7385480
2025-11-13 11:00:00,63.050,63.500,62.920,63.500,6902193
2025-11-13 11:30:00,63.490,63.590,63.300,63.370,5053659
2025-11-13 13:30:00,63.360,63.790,63.280,63.370,6506471
2025-11-13 14:00:00,63.370,63.420,63.100,63.290,3613780
2025-11-13 14:30:00,63.290,63.500,63.180,63.490,3534365
2025-11-13 15:00:00,63.480,63.650,63.440,63.560,6629354
2025-11-14 10:00:00,63.450,63.450,62.760,63.000,8880838
2025-11-14 10:30:00,63.000,63.750,62.990,63.430,5903344
2025-11-14 11:00:00,63.420,63.900,63.270,63.650,4029418
2025-11-14 11:30:00,63.650,63.670,63.330,63.370,1873140
2025-11-14 13:30:00,63.360,63.390,63.030,63.210,2727800
2025-11-14 14:00:00,63.210,63.300,63.150,63.270,1702866
2025-11-14 14:30:00,63.290,63.450,63.200,63.280,2295576
2025-11-14 15:00:00,63.240,63.340,62.880,62.900,4537432
2025-11-17 10:00:00,62.890,63.050,61.900,62.000,9997130
2025-11-17 10:30:00,61.990,62.210,61.820,61.820,4049508
2025-11-17 11:00:00,61.820,61.940,61.760,61.850,3191880
2025-11-17 11:30:00,61.890,61.970,61.720,61.770,2163740
2025-11-17 13:30:00,61.780,61.880,61.710,61.750,1641496
2025-11-17 14:00:00,61.750,61.750,61.500,61.510,3670475
2025-11-17 14:30:00,61.510,61.620,61.410,61.510,3602505
2025-11-17 15:00:00,61.540,61.850,61.500,61.800,3221718
2025-11-18 10:00:00,61.610,62.850,61.520,62.110,7295310
2025-11-18 10:30:00,62.110,62.490,62.000,62.030,2381784
2025-11-18 11:00:00,62.010,62.160,61.960,62.010,1812296
2025-11-18 11:30:00,62.000,62.200,61.900,62.050,1282237
2025-11-18 13:30:00,62.050,62.060,61.690,61.700,2184612
2025-11-18 14:00:00,61.700,62.090,61.700,61.810,2229833
2025-11-18 14:30:00,61.810,61.900,61.730,61.760,1945238
2025-11-18 15:00:00,61.760,61.880,61.660,61.780,2778749
2025-11-19 10:00:00,61.500,61.780,61.220,61.450,4836182
2025-11-19 10:30:00,61.450,61.550,61.220,61.440,2277830
2025-11-19 11:00:00,61.440,61.710,61.370,61.440,1923977
2025-11-19 11:30:00,61.420,61.580,61.120,61.180,2222288
2025-11-19 13:30:00,61.180,61.290,61.020,61.070,2608363
2025-11-19 14:00:00,61.070,61.250,61.040,61.240,1841906
2025-11-19 14:30:00,61.230,61.500,61.200,61.460,1766683
2025-11-19 15:00:00,61.460,61.600,61.110,61.110,3639013
2025-11-20 10:00:00,61.230,61.650,61.110,61.140,4282098
2025-11-20 10:30:00,61.140,61.330,60.860,60.870,3518739
2025-11-20 11:00:00,60.880,61.120,60.800,60.800,2873085
2025-11-20 11:30:00,60.820,60.990,60.550,60.810,2858180
2025-11-20 13:30:00,60.810,61.060,60.700,60.750,2683311
2025-11-20 14:00:00,60.770,60.960,60.660,60.850,2220671
2025-11-20 14:30:00,60.850,60.870,60.610,60.670,2806261
2025-11-20 15:00:00,60.660,60.840,60.540,60.630,4105661
2025-11-21 10:00:00,60.330,61.100,60.100,60.340,8308560
2025-11-21 10:30:00,60.330,60.490,59.800,59.810,7216577
2025-11-21 11:00:00,59.810,59.960,59.310,59.680,6951554
2025-11-21 11:30:00,59.660,59.900,59.500,59.800,4767362
2025-11-21 13:30:00,59.800,60.230,59.710,59.940,3836606
2025-11-21 14:00:00,59.950,60.340,59.760,59.760,2964162
2025-11-21 14:30:00,59.760,59.880,59.500,59.580,4304020
2025-11-21 15:00:00,59.580,59.660,59.310,59.500,6384693
2025-11-24 10:00:00,60.040,61.100,59.960,60.560,12227752
2025-11-24 10:30:00,60.560,60.770,60.200,60.690,4254882
2025-11-24 11:00:00,60.690,60.860,60.550,60.630,2302574
2025-11-24 11:30:00,60.640,60.770,60.460,60.590,2134151
2025-11-24 13:30:00,60.590,60.770,60.500,60.760,2164060
2025-11-24 14:00:00,60.750,60.880,60.700,60.750,2894738
2025-11-24 14:30:00,60.740,60.850,60.540,60.700,2418441
2025-11-24 15:00:00,60.700,60.800,60.620,60.660,6000726
2025-11-25 10:00:00,61.100,61.460,60.530,61.230,6483616
2025-11-25 10:30:00,61.250,61.370,61.160,61.340,2806650
2025-11-25 11:00:00,61.350,61.610,61.340,61.460,4281827
2025-11-25 11:30:00,61.460,61.500,61.250,61.380,1592944
2025-11-25 13:30:00,61.370,61.380,61.070,61.110,2562946
2025-11-25 14:00:00,61.110,61.250,61.050,61.120,2009975
2025-11-25 14:30:00,61.120,61.130,60.750,60.910,3277452
2025-11-25 15:00:00,60.920,60.990,60.770,60.880,3489103
2025-11-26 10:00:00,61.500,62.500,61.030,62.320,14746767
2025-11-26 10:30:00,62.320,62.800,62.280,62.680,9121934
2025-11-26 11:00:00,62.680,62.700,62.200,62.480,3283224
2025-11-26 11:30:00,62.490,62.630,62.440,62.480,3221560
2025-11-26 13:30:00,62.480,62.510,62.260,62.270,3332692
2025-11-26 14:00:00,62.260,62.530,62.220,62.370,2886581
2025-11-26 14:30:00,62.370,62.450,62.150,62.350,3214441
2025-11-26 15:00:00,62.350,62.420,62.280,62.360,4178996
2025-11-27 10:00:00,62.600,62.800,62.100,62.690,7565414
2025-11-27 10:30:00,62.680,62.960,62.360,62.370,4377527
2025-11-27 11:00:00,62.380,62.470,62.200,62.230,2778704
2025-11-27 11:30:00,62.230,62.290,62.070,62.100,1654312
2025-11-27 13:30:00,62.100,62.580,62.090,62.470,2076636
2025-11-27 14:00:00,62.470,62.510,62.290,62.330,1449670
2025-11-27 14:30:00,62.330,62.340,62.100,62.120,1859860
2025-11-27 15:00:00,62.120,62.130,61.940,62.090,3968640
2025-11-28 10:00:00,62.360,62.360,61.620,61.630,4801503
2025-11-28 10:30:00,61.630,62.160,61.610,62.080,2181561
2025-11-28 11:00:00,62.080,62.180,62.000,62.140,1840570
2025-11-28 11:30:00,62.140,62.150,61.990,62.030,1337469
2025-11-28 13:30:00,62.030,62.140,61.900,61.980,2004541
2025-11-28 14:00:00,61.980,62.090,61.910,62.000,1505966
2025-11-28 14:30:00,61.990,62.120,61.900,62.010,2664101
2025-11-28 15:00:00,62.030,62.150,62.000,62.080,3941908
2025-12-01 10:00:00,62.080,62.090,61.390,61.510,6146585
2025-12-01 10:30:00,61.500,61.520,61.100,61.160,5234717
2025-12-01 11:00:00,61.170,61.460,61.060,61.390,2917968
2025-12-01 11:30:00,61.390,61.550,61.320,61.410,1576931
2025-12-01 13:30:00,61.420,61.580,61.300,61.500,2047972
2025-12-01 14:00:00,61.500,61.650,61.410,61.650,1585510
2025-12-01 14:30:00,61.640,62.000,61.600,61.890,2922718
2025-12-01 15:00:00,61.890,61.950,61.780,61.940,3050694
2025-12-02 10:00:00,61.900,61.900,61.110,61.230,4489185
2025-12-02 10:30:00,61.220,61.370,61.180,61.230,1945473
2025-12-02 11:00:00,61.240,61.450,61.180,61.280,1486606
2025-12-02 11:30:00,61.290,61.290,61.100,61.120,1819380
2025-12-02 13:30:00,61.120,61.680,61.070,61.200,2253192
2025-12-02 14:00:00,61.210,61.280,61.070,61.090,1499500
2025-12-02 14:30:00,61.090,61.150,61.050,61.080,1646876
2025-12-02 15:00:00,61.080,61.130,61.000,61.120,3090402
2025-12-03 10:00:00,61.100,61.550,60.950,61.060,4209847
2025-12-03 10:30:00,61.060,61.400,61.040,61.040,2047900
2025-12-03 11:00:00,61.050,61.070,60.760,60.920,2506735
2025-12-03 11:30:00,60.930,61.000,60.850,60.920,1087740
2025-12-03 13:30:00,60.910,61.240,60.760,61.140,2499554
2025-12-03 14:00:00,61.140,61.140,60.850,60.970,1789601
2025-12-03 14:30:00,60.980,61.030,60.700,60.840,3744801
2025-12-03 15:00:00,60.840,61.000,60.830,60.970,1966798
2025-12-04 10:00:00,61.010,61.350,60.970,61.080,3709723
2025-12-04 10:30:00,61.080,61.490,61.010,61.240,3226655
2025-12-04 11:00:00,61.220,61.430,61.180,61.290,2013163
2025-12-04 11:30:00,61.320,61.330,61.070,61.150,1069457
2025-12-04 13:30:00,61.160,61.180,61.020,61.090,1485007
2025-12-04 14:00:00,61.090,61.190,61.040,61.070,1251867
2025-12-04 14:30:00,61.060,61.160,61.000,61.070,2600607
2025-12-04 15:00:00,61.070,61.250,61.020,61.250,2684287
2025-12-05 10:00:00,61.190,61.250,60.700,61.100,3958951
2025-12-05 10:30:00,61.100,61.200,60.950,61.110,1371459
2025-12-05 11:00:00,61.110,61.330,61.110,61.260,2068206
2025-12-05 11:30:00,61.250,61.410,61.200,61.320,2531784
2025-12-05 13:30:00,61.310,61.410,61.120,61.250,2175521
2025-12-05 14:00:00,61.250,61.660,61.240,61.620,4212837
2025-12-05 14:30:00,61.620,61.790,61.620,61.700,3800989
2025-12-05 15:00:00,61.700,61.710,61.600,61.620,2997868
2025-12-08 10:00:00,62.600,63.550,62.440,62.590,16023425
2025-12-08 10:30:00,62.580,62.960,62.450,62.700,6020365
2025-12-08 11:00:00,62.700,62.920,62.450,62.500,4017929
2025-12-08 11:30:00,62.490,62.510,62.180,62.350,4169788
2025-12-08 13:30:00,62.350,62.550,61.920,62.460,5292102
2025-12-08 14:00:00,62.460,62.660,62.330,62.550,4865111
2025-12-08 14:30:00,62.500,62.660,62.410,62.570,4873943
2025-12-08 15:00:00,62.580,62.620,62.280,62.460,5599096
2025-12-09 10:00:00,62.320,64.150,62.300,63.970,19241022
2025-12-09 10:30:00,63.980,64.000,63.160,63.400,7725024
2025-12-09 11:00:00,63.420,63.600,63.290,63.320,3620618
2025-12-09 11:30:00,63.330,63.730,63.250,63.630,4904991
2025-12-09 13:30:00,63.610,63.800,63.240,63.250,3842032
2025-12-09 14:00:00,63.250,63.350,63.100,63.130,2654300
2025-12-09 14:30:00,63.150,63.240,63.050,63.190,2811208
2025-12-09 15:00:00,63.180,63.230,63.040,63.080,4560144
2025-12-10 10:00:00,63.150,63.280,62.270,62.810,7655427
2025-12-10 10:30:00,62.810,63.560,62.720,63.110,5002227
2025-12-10 11:00:00,63.110,63.170,62.820,63.000,2451160
2025-12-10 11:30:00,63.020,63.220,62.890,62.930,2050844
2025-12-10 13:30:00,62.930,63.050,62.780,63.000,1757000
2025-12-10 14:00:00,63.000,63.230,62.950,63.160,2384527
2025-12-10 14:30:00,63.160,63.330,63.130,63.300,3190576
2025-12-10 15:00:00,63.290,63.450,63.270,63.380,4404200
2025-12-11 10:00:00,63.560,63.940,63.110,63.650,7490201
2025-12-11 10:30:00,63.650,63.740,63.470,63.610,3165444
2025-12-11 11:00:00,63.600,63.800,63.520,63.680,2282780
2025-12-11 11:30:00,63.680,63.780,63.380,63.410,1999656
2025-12-11 13:30:00,63.410,63.500,63.150,63.190,2151448
2025-12-11 14:00:00,63.190,63.450,63.150,63.370,2049240
2025-12-11 14:30:00,63.360,63.480,63.350,63.390,1895545
2025-12-11 15:00:00,63.390,63.450,63.130,63.400,3671813
2025-12-12 10:00:00,63.280,63.280,62.260,62.530,7847813
2025-12-12 10:30:00,62.520,62.800,62.450,62.730,3384133
2025-12-12 11:00:00,62.740,62.890,62.610,62.740,2885127
2025-12-12 11:30:00,62.740,62.890,62.650,62.730,2423100
2025-12-12 13:30:00,62.760,63.080,62.720,63.020,3149937
2025-12-12 14:00:00,63.020,63.180,62.950,63.140,3182940
2025-12-12 14:30:00,63.150,63.280,63.090,63.200,3348493
2025-12-12 15:00:00,63.210,63.280,62.890,63.280,5341383
2025-12-15 10:00:00,62.680,62.680,61.860,62.200,8991327
2025-12-15 10:30:00,62.180,62.230,62.000,62.170,2441660
2025-12-15 11:00:00,62.180,62.410,62.130,62.280,2167757
2025-12-15 11:30:00,62.280,62.350,61.980,61.990,2538793
2025-12-15 13:30:00,61.990,62.070,61.820,61.830,2494200
2025-12-15 14:00:00,61.830,61.950,61.630,61.770,3436903
2025-12-15 14:30:00,61.770,61.810,61.610,61.680,2482180
2025-12-15 15:00:00,61.670,61.700,61.380,61.380,4454400
2025-12-16 10:00:00,61.380,61.490,59.910,60.000,10698301
2025-12-16 10:30:00,60.000,60.110,59.000,59.300,11668205
2025-12-16 11:00:00,59.320,59.390,58.680,59.020,9437680
2025-12-16 11:30:00,59.020,59.200,58.780,58.920,4072316
2025-12-16 13:30:00,58.930,59.490,58.910,59.070,4082014
2025-12-16 14:00:00,59.100,59.320,59.010,59.040,3673300
2025-12-16 14:30:00,59.050,59.250,59.000,59.150,4209040
2025-12-16 15:00:00,59.180,59.330,59.110,59.150,4537630
2025-12-17 10:00:00,59.350,59.600,59.010,59.240,5632246
2025-12-17 10:30:00,59.240,59.490,59.210,59.440,2715654
2025-12-17 11:00:00,59.440,59.690,59.410,59.560,2354591
2025-12-17 11:30:00,59.560,59.790,59.550,59.640,1869512
2025-12-17 13:30:00,59.690,59.720,59.410,59.580,2256000
2025-12-17 14:00:00,59.580,60.390,59.480,60.390,6255553
2025-12-17 14:30:00,60.390,60.800,60.380,60.530,7354368
2025-12-17 15:00:00,60.540,60.600,60.300,60.300,4603858
2025-12-18 10:00:00,60.050,60.570,60.040,60.520,4135972
2025-12-18 10:30:00,60.520,60.520,60.150,60.210,2374920
2025-12-18 11:00:00,60.220,60.290,60.000,60.100,2118204
2025-12-18 11:30:00,60.090,60.150,59.950,60.010,1454140
2025-12-18 13:30:00,60.030,60.190,60.000,60.160,1708251
2025-12-18 14:00:00,60.150,60.220,59.980,60.110,1811664
2025-12-18 14:30:00,60.100,60.250,60.030,60.160,1731939
2025-12-18 15:00:00,60.130,60.180,60.000,60.000,2595839
2025-12-19 10:00:00,60.070,60.550,59.910,60.500,4056906
2025-12-19 10:30:00,60.500,61.380,60.380,61.110,8956268
2025-12-19 11:00:00,61.110,61.300,60.950,61.150,2881920
2025-12-19 11:30:00,61.130,61.360,61.000,61.080,2294024
2025-12-19 13:30:00,61.030,61.090,60.750,60.850,2441029
2025-12-19 14:00:00,60.840,60.880,60.650,60.660,2120100
2025-12-19 14:30:00,60.660,60.880,60.580,60.800,2222484
2025-12-19 15:00:00,60.800,60.860,60.700,60.850,3863111
2025-12-22 10:00:00,60.810,61.500,60.330,61.270,7234056
2025-12-22 10:30:00,61.300,61.460,61.080,61.080,3423428
2025-12-22 11:00:00,61.080,61.250,61.030,61.190,1689935
2025-12-22 11:30:00,61.190,61.350,60.920,60.960,1860600
2025-12-22 13:30:00,60.960,61.070,60.850,60.950,1654908
2025-12-22 14:00:00,60.950,60.980,60.800,60.870,1671184
2025-12-22 14:30:00,60.870,60.980,60.840,60.930,2426280
2025-12-22 15:00:00,60.920,61.000,60.830,60.930,3710533
2025-12-23 10:00:00,60.850,62.110,60.840,62.010,9467324
2025-12-23 10:30:00,62.030,62.560,61.910,61.980,8648991
2025-12-23 11:00:00,61.990,62.070,61.810,61.900,2355000
2025-12-23 11:30:00,61.900,62.050,61.800,61.800,1633900
2025-12-23 13:30:00,61.820,61.970,61.680,61.880,1880861
2025-12-23 14:00:00,61.870,62.060,61.830,61.910,2169934
2025-12-23 14:30:00,61.930,62.090,61.920,61.980,2936000
2025-12-23 15:00:00,61.970,62.000,61.600,61.800,3827085
2025-12-24 10:00:00,61.670,62.000,61.410,61.730,4059133
2025-12-24 10:30:00,61.720,61.860,61.410,61.580,3021060
2025-12-24 11:00:00,61.580,61.760,61.500,61.560,1460912
2025-12-24 11:30:00,61.560,61.690,61.510,61.670,1743920
2025-12-24 13:30:00,61.650,61.680,61.200,61.360,3760970
2025-12-24 14:00:00,61.360,61.620,61.350,61.380,2834640
2025-12-24 14:30:00,61.370,61.450,61.200,61.220,3590757
2025-12-24 15:00:00,61.230,61.250,61.080,61.230,4578814
2025-12-25 10:00:00,61.220,61.660,61.030,61.080,4063128
2025-12-25 10:30:00,61.100,61.400,61.030,61.340,1925500
2025-12-25 11:00:00,61.340,61.350,61.150,61.180,943980
2025-12-25 11:30:00,61.180,61.300,61.120,61.130,861786
2025-12-25 13:30:00,61.130,61.550,61.080,61.530,1535261
2025-12-25 14:00:00,61.510,61.640,61.400,61.480,2090020
2025-12-25 14:30:00,61.480,61.590,61.380,61.410,1645120
2025-12-25 15:00:00,61.420,61.460,61.300,61.400,2453380
2025-12-26 10:00:00,61.300,61.660,61.100,61.580,4234292
2025-12-26 10:30:00,61.580,61.600,61.270,61.390,2324674
2025-12-26 11:00:00,61.390,61.420,61.220,61.230,2006826
2025-12-26 11:30:00,61.220,61.320,60.600,60.820,4232848
2025-12-26 13:30:00,60.830,61.070,60.710,61.050,2334860
2025-12-26 14:00:00,61.050,61.210,60.980,61.070,1880868
2025-12-26 14:30:00,61.060,61.200,60.960,61.110,2040224
2025-12-26 15:00:00,61.100,61.150,61.000,61.060,2376189
2025-12-29 10:00:00,61.060,61.090,60.410,60.740,7211611
2025-12-29 10:30:00,60.750,61.000,60.580,60.970,3482336
2025-12-29 11:00:00,60.960,61.140,60.860,60.950,2599990
2025-12-29 11:30:00,60.950,61.270,60.930,61.000,2796514
2025-12-29 13:30:00,61.010,61.080,60.660,61.020,2574667
2025-12-29 14:00:00,61.020,61.060,60.900,61.000,2190240
2025-12-29 14:30:00,60.970,61.030,60.660,60.710,2550520
2025-12-29 15:00:00,60.690,60.730,60.460,60.510,5169284
2025-12-30 10:00:00,60.400,60.600,60.120,60.450,4809109
2025-12-30 10:30:00,60.450,60.580,60.270,60.280,2480557
2025-12-30 11:00:00,60.290,60.370,60.100,60.120,2994349
2025-12-30 11:30:00,60.130,60.190,60.070,60.100,1989848
2025-12-30 13:30:00,60.110,60.560,59.900,60.330,4629679
2025-12-30 14:00:00,60.330,60.450,60.110,60.210,2482460
2025-12-30 14:30:00,60.220,60.320,60.160,60.230,2951944
2025-12-30 15:00:00,60.240,60.300,60.120,60.180,2992515
2025-12-31 10:00:00,60.160,60.360,59.900,60.270,4854703
2025-12-31 10:30:00,60.260,60.270,59.910,59.980,2408544
2025-12-31 11:00:00,59.980,60.080,59.800,59.820,2950560
2025-12-31 11:30:00,59.820,60.010,59.770,59.830,2255060
2025-12-31 13:30:00,59.830,59.860,59.510,59.650,3996670
2025-12-31 14:00:00,59.640,59.780,59.580,59.590,2834803
2025-12-31 14:30:00,59.580,59.630,59.530,59.580,2860742
2025-12-31 15:00:00,59.570,59.700,59.500,59.570,4666814
2026-01-05 10:00:00,60.060,61.610,59.990,61.610,17704359
2026-01-05 10:30:00,61.590,62.970,61.530,62.890,20075482
2026-01-05 11:00:00,62.880,63.250,62.800,63.100,12982189
2026-01-05 11:30:00,63.080,63.420,63.010,63.290,7228521
2026-01-05 13:30:00,63.290,63.490,62.830,62.990,7161462
2026-01-05 14:00:00,62.980,63.300,62.900,63.190,5017058
2026-01-05 14:30:00,63.180,63.380,62.910,63.270,6413468
2026-01-05 15:00:00,63.270,63.370,62.960,63.080,8534489
2026-01-06 10:00:00,63.360,63.480,62.800,62.910,11028600
2026-01-06 10:30:00,62.920,63.030,62.680,62.830,6496856
2026-01-06 11:00:00,62.820,63.050,62.400,63.050,5900304
2026-01-06 11:30:00,63.040,63.250,62.960,63.190,3653876
2026-01-06 13:30:00,63.180,63.310,62.990,63.130,4312754
2026-01-06 14:00:00,63.130,63.160,62.790,62.950,4665613
2026-01-06 14:30:00,62.950,63.190,62.880,63.150,4001399
2026-01-06 15:00:00,63.140,63.200,62.900,63.060,6293055
2026-01-07 10:00:00,63.010,64.560,63.000,64.530,16256235
2026-01-07 10:30:00,64.520,64.800,64.080,64.130,9068472
2026-01-07 11:00:00,64.110,64.750,64.080,64.470,4523017
2026-01-07 11:30:00,64.470,64.680,64.260,64.280,3156627
2026-01-07 13:30:00,64.280,64.410,63.770,63.820,4790117
2026-01-07 14:00:00,63.820,63.910,63.580,63.860,5087874
2026-01-07 14:30:00,63.870,63.970,63.600,63.690,4307703
2026-01-07 15:00:00,63.700,63.850,63.550,63.850,5275128
2026-01-08 10:00:00,65.000,65.050,63.380,63.950,17702883
2026-01-08 10:30:00,63.970,64.050,63.530,63.790,6044300
2026-01-08 11:00:00,63.800,63.810,63.380,63.560,4326888
2026-01-08 11:30:00,63.550,63.800,63.480,63.610,2456133
2026-01-08 13:30:00,63.620,63.710,63.450,63.510,2642025
2026-01-08 14:00:00,63.500,63.530,63.320,63.480,3160872
2026-01-08 14:30:00,63.480,63.570,63.030,63.300,4285396
2026-01-08 15:00:00,63.280,63.600,63.200,63.600,4156357
2026-01-09 10:00:00,63.580,63.860,62.800,63.660,9650249
2026-01-09 10:30:00,63.670,63.790,63.280,63.540,4118614
2026-01-09 11:00:00,63.540,63.710,63.360,63.590,3548537
2026-01-09 11:30:00,63.590,63.610,63.130,63.160,3694047
2026-01-09 13:30:00,63.170,64.090,63.130,64.010,6240009
2026-01-09 14:00:00,64.000,64.200,63.750,63.860,5650953
2026-01-09 14:30:00,63.840,63.900,63.500,63.630,4713008
2026-01-09 15:00:00,63.620,63.820,63.610,63.780,5020336
2026-01-12 10:00:00,64.100,64.300,63.210,63.510,11396802
2026-01-12 10:30:00,63.520,63.870,63.500,63.600,5326255
2026-01-12 11:00:00,63.610,63.800,63.500,63.730,3345969
2026-01-12 11:30:00,63.720,63.850,63.600,63.780,3334900
2026-01-12 13:30:00,63.790,64.280,63.620,63.950,6607531
2026-01-12 14:00:00,63.960,64.000,63.760,64.000,3007866
2026-01-12 14:30:00,64.000,64.060,63.850,64.020,3973903
2026-01-12 15:00:00,64.020,64.030,63.760,63.850,5883793
2026-01-13 10:00:00,64.300,65.550,64.050,65.310,23491750
2026-01-13 10:30:00,65.330,65.830,65.170,65.490,13402631
2026-01-13 11:00:00,65.490,65.670,65.230,65.500,7089991
2026-01-13 11:30:00,65.480,65.510,65.220,65.250,4728211
2026-01-13 13:30:00,65.260,65.500,64.790,65.090,7108287
2026-01-13 14:00:00,65.060,65.300,64.810,65.170,5438740
2026-01-13 14:30:00,65.170,65.220,64.550,64.550,6154357
2026-01-13 15:00:00,64.550,64.770,64.330,64.520,6620068
2026-01-14 10:00:00,64.550,65.600,64.050,65.100,13385373
2026-01-14 10:30:00,65.120,65.450,65.000,65.070,5990692
2026-01-14 11:00:00,65.070,65.080,64.700,64.760,5183266
2026-01-14 11:30:00,64.760,65.050,64.740,65.010,4088184
2026-01-14 13:30:00,65.040,65.060,63.450,63.890,14098185
2026-01-14 14:00:00,63.890,63.970,63.330,63.380,6727815
2026-01-14 14:30:00,63.380,64.050,63.200,63.970,6301153
2026-01-14 15:00:00,63.960,63.990,63.580,63.610,7150866
2026-01-15 10:00:00,63.180,63.830,63.020,63.550,9301313
2026-01-15 10:30:00,63.550,63.600,62.800,62.810,7667506
2026-01-15 11:00:00,62.810,63.080,62.700,62.890,4428025
2026-01-15 11:30:00,62.890,62.990,62.700,62.740,3083136
2026-01-15 13:30:00,62.740,63.680,62.700,63.550,6006732
2026-01-15 14:00:00,63.550,63.740,63.230,63.300,4436340
2026-01-15 14:30:00,63.300,63.450,63.030,63.110,5311820
2026-01-15 15:00:00,63.100,63.540,63.000,63.170,6526364
2026-01-16 10:00:00,63.350,63.520,62.600,62.640,10674449
2026-01-16 10:30:00,62.640,62.670,62.200,62.400,9049711
2026-01-16 11:00:00,62.400,62.660,62.350,62.530,2779734
2026-01-16 11:30:00,62.530,62.680,62.100,62.110,4878990
2026-01-16 13:30:00,62.110,62.200,61.800,62.060,6104681
2026-01-16 14:00:00,62.060,62.300,61.810,61.860,5144915
2026-01-16 14:30:00,61.860,61.960,61.680,61.930,5969230
2026-01-16 15:00:00,61.910,62.050,61.660,61.940,7776918
2026-01-19 10:00:00,61.800,62.380,61.670,62.110,8436213
2026-01-19 10:30:00,62.110,62.150,61.580,61.600,6731188
2026-01-19 11:00:00,61.600,61.700,61.400,61.510,4852260
2026-01-19 11:30:00,61.510,61.620,61.230,61.300,3999979
2026-01-19 13:30:00,61.290,61.400,61.100,61.190,4904300
2026-01-19 14:00:00,61.190,61.250,60.660,60.780,10068341
2026-01-19 14:30:00,60.780,61.110,60.750,61.020,3649906
2026-01-19 15:00:00,61.020,61.180,60.990,61.120,4746909
2026-01-20 10:00:00,61.130,61.650,60.710,60.730,9945146
2026-01-20 10:30:00,60.780,61.000,60.580,60.730,8309691
2026-01-20 11:00:00,60.730,60.950,60.630,60.700,3431776
2026-01-20 11:30:00,60.700,60.870,60.510,60.540,3959408
2026-01-20 13:30:00,60.550,60.710,60.510,60.560,3256142
2026-01-20 14:00:00,60.550,60.750,60.460,60.480,5220480
2026-01-20 14:30:00,60.480,60.590,60.400,60.520,3539004
2026-01-20 15:00:00,60.520,60.620,60.420,60.500,5113845
2026-01-21 10:00:00,60.510,60.790,60.220,60.620,7389360
2026-01-21 10:30:00,60.620,60.880,60.520,60.870,4715149
2026-01-21 11:00:00,60.870,60.880,60.460,60.580,3736683
2026-01-21 11:30:00,60.580,60.670,60.300,60.320,3750028
2026-01-21 13:30:00,60.310,60.440,60.060,60.250,7835537
2026-01-21 14:00:00,60.250,60.390,60.200,60.350,3647232
2026-01-21 14:30:00,60.340,60.360,59.860,60.040,11199286
2026-01-21 15:00:00,60.050,60.180,59.960,60.100,12330233
2026-01-22 10:00:00,60.360,60.360,60.020,60.030,8444075
2026-01-22 10:30:00,60.020,60.270,59.610,59.690,9079204
2026-01-22 11:00:00,59.690,59.700,59.430,59.600,8440116
2026-01-22 11:30:00,59.610,59.610,59.360,59.370,5548337
2026-01-22 13:30:00,59.370,59.500,59.370,59.440,3644720
2026-01-22 14:00:00,59.440,59.500,59.400,59.470,3741591
2026-01-22 14:30:00,59.470,59.550,59.390,59.500,4989328
2026-01-22 15:00:00,59.500,59.500,59.300,59.440,9819442
2026-01-23 10:00:00,59.730,60.170,59.310,60.020,12655739
2026-01-23 10:30:00,60.010,60.270,59.840,60.060,9345340
2026-01-23 11:00:00,60.050,60.110,59.700,59.830,5676199
2026-01-23 11:30:00,59.830,59.980,59.450,59.540,5926406
2026-01-23 13:30:00,59.560,59.720,59.310,59.400,7691826
2026-01-23 14:00:00,59.400,59.480,59.170,59.170,9411218
2026-01-23 14:30:00,59.180,59.180,58.930,59.040,13460865
2026-01-23 15:00:00,59.040,59.060,58.760,58.990,16636707
2026-01-26 10:00:00,58.990,59.160,58.050,58.110,22526309
2026-01-26 10:30:00,58.100,58.770,58.090,58.650,8957465
2026-01-26 11:00:00,58.650,58.830,58.080,58.080,8405791
2026-01-26 11:30:00,58.090,58.250,58.050,58.210,4389471
2026-01-26 13:30:00,58.210,58.890,58.200,58.450,6604058
2026-01-26 14:00:00,58.440,58.740,58.370,58.520,5586402
2026-01-26 14:30:00,58.520,58.580,58.270,58.390,5077070
2026-01-26 15:00:00,58.390,58.450,58.150,58.160,11186322
2026-01-27 10:00:00,58.390,58.490,57.300,57.310,18075833
2026-01-27 10:30:00,57.310,57.540,57.140,57.210,9302220
2026-01-27 11:00:00,57.200,57.530,57.170,57.300,6177572
2026-01-27 11:30:00,57.300,57.300,57.150,57.270,3833211
2026-01-27 13:30:00,57.270,57.500,57.200,57.420,3716575
2026-01-27 14:00:00,57.420,57.760,57.330,57.670,5364339
2026-01-27 14:30:00,57.670,57.720,57.390,57.410,4730884
2026-01-27 15:00:00,57.410,57.440,57.160,57.200,12524914
2026-01-28 10:00:00,57.440,57.560,56.530,57.060,19814390
2026-01-28 10:30:00,57.050,57.800,57.000,57.050,15013515
2026-01-28 11:00:00,57.060,57.270,56.610,56.620,9339013
2026-01-28 11:30:00,56.620,56.760,56.600,56.610,6987090
2026-01-28 13:30:00,56.620,56.660,56.300,56.350,13242599
2026-01-28 14:00:00,56.350,56.750,56.320,56.570,6219289
2026-01-28 14:30:00,56.570,56.700,56.480,56.630,5508195
2026-01-28 15:00:00,56.630,56.740,56.330,56.550,11750952
2026-01-29 10:00:00,56.350,57.430,56.080,56.760,23152881
2026-01-29 10:30:00,56.760,57.280,56.680,57.250,8542156
2026-01-29 11:00:00,57.250,57.750,57.090,57.100,15158281
2026-01-29 11:30:00,57.110,57.110,56.630,56.680,8408089
2026-01-29 13:30:00,56.680,57.100,56.560,56.960,9283705
2026-01-29 14:00:00,56.980,57.550,56.900,57.510,9820666
2026-01-29 14:30:00,57.520,58.370,57.370,58.140,23967348
2026-01-29 15:00:00,58.100,58.270,57.900,58.110,15449349
2026-01-30 10:00:00,58.000,59.790,58.000,58.150,36280304
2026-01-30 10:30:00,58.120,58.540,58.050,58.060,8760405
2026-01-30 11:00:00,58.070,58.310,57.760,58.160,8088925
2026-01-30 11:30:00,58.160,58.350,58.090,58.280,4734882
2026-01-30 13:30:00,58.280,58.800,58.270,58.320,6815641
2026-01-30 14:00:00,58.320,58.340,58.140,58.160,6594600
2026-01-30 14:30:00,58.160,58.310,58.100,58.180,5686009
2026-01-30 15:00:00,58.180,58.220,58.120,58.160,8243723
2026-02-02 10:00:00,57.760,58.330,57.360,58.060,12686684
2026-02-02 10:30:00,58.060,58.150,57.570,57.680,5678464
2026-02-02 11:00:00,57.670,57.820,57.460,57.480,4313184
2026-02-02 11:30:00,57.490,57.570,57.280,57.290,4720749
2026-02-02 13:30:00,57.300,57.390,56.750,56.780,7162144
2026-02-02 14:00:00,56.780,56.840,56.310,56.520,9737423
2026-02-02 14:30:00,56.550,56.880,56.520,56.780,6476615
2026-02-02 15:00:00,56.770,56.810,56.350,56.490,10182735
2026-02-03 10:00:00,57.000,57.690,56.700,56.930,15144507
2026-02-03 10:30:00,56.940,57.060,56.600,56.800,7628065
2026-02-03 11:00:00,56.790,56.940,56.500,56.780,4738258
2026-02-03 11:30:00,56.780,57.000,56.650,56.910,3490170
2026-02-03 13:30:00,56.910,57.180,56.900,57.180,2982159
2026-02-03 14:00:00,57.180,57.500,57.170,57.430,5643544
2026-02-03 14:30:00,57.430,57.480,57.260,57.350,3701079
2026-02-03 15:00:00,57.340,57.540,57.320,57.470,6555671
2026-02-04 10:00:00,57.300,57.300,56.520,56.520,9913610
2026-02-04 10:30:00,56.520,56.580,56.400,56.430,6638554
2026-02-04 11:00:00,56.430,56.550,56.360,56.470,4594837
2026-02-04 11:30:00,56.450,56.500,56.230,56.240,5097220
2026-02-04 13:30:00,56.240,56.940,56.230,56.850,4841016
2026-02-04 14:00:00,56.840,57.180,56.690,57.030,4400643
2026-02-04 14:30:00,57.030,57.700,57.030,57.490,7023122
2026-02-04 15:00:00,57.490,57.700,57.450,57.600,6415294
2026-02-05 10:00:00,57.500,58.250,57.300,57.870,13081535
2026-02-05 10:30:00,57.860,57.980,57.690,57.880,5321887
2026-02-05 11:00:00,57.880,58.470,57.860,58.030,9724852
2026-02-05 11:30:00,58.000,58.160,57.800,57.960,3108589
2026-02-05 13:30:00,57.960,58.130,57.780,58.100,4064192
2026-02-05 14:00:00,58.100,58.330,58.060,58.170,5428658
2026-02-05 14:30:00,58.170,58.220,57.960,58.080,4186682
2026-02-05 15:00:00,58.080,58.270,58.060,58.160,6858160
2026-02-06 10:00:00,57.740,58.150,57.240,57.690,10123689
2026-02-06 10:30:00,57.690,57.990,57.480,57.720,5249506
2026-02-06 11:00:00,57.730,57.870,57.570,57.670,3508700
2026-02-06 11:30:00,57.670,57.910,57.630,57.710,2390587
2026-02-06 13:30:00,57.710,57.760,57.530,57.570,3445654
2026-02-06 14:00:00,57.560,57.720,57.500,57.640,3429780
2026-02-06 14:30:00,57.630,57.710,57.450,57.490,3523010
2026-02-06 15:00:00,57.490,57.520,57.310,57.310,4419439
2026-02-09 10:00:00,57.750,57.890,57.000,57.120,11821189
2026-02-09 10:30:00,57.120,57.580,57.050,57.390,5433267
2026-02-09 11:00:00,57.400,57.480,57.250,57.400,2846420
2026-02-09 11:30:00,57.400,57.450,57.280,57.280,2310640
2026-02-09 13:30:00,57.280,57.580,57.280,57.460,4215807
2026-02-09 14:00:00,57.460,57.500,57.270,57.360,3258212
2026-02-09 14:30:00,57.350,57.430,57.300,57.350,3158292
2026-02-09 15:00:00,57.360,57.460,57.340,57.450,3567861
2026-02-10 10:00:00,57.460,57.950,57.050,57.940,9824461
2026-02-10 10:30:00,57.940,58.400,57.600,58.220,12578376
2026-02-10 11:00:00,58.220,59.040,58.050,58.560,15727563
2026-02-10 11:30:00,58.570,58.700,58.470,58.570,5087582
2026-02-10 13:30:00,58.570,58.610,58.360,58.510,6146549
2026-02-10 14:00:00,58.520,58.530,58.290,58.410,4021684
2026-02-10 14:30:00,58.400,58.580,58.320,58.450,4130639
2026-02-10 15:00:00,58.440,58.560,58.400,58.400,7369215
2026-02-11 10:00:00,58.400,59.950,58.350,59.500,23568584
2026-02-11 10:30:00,59.510,59.520,58.940,59.120,6455460
2026-02-11 11:00:00,59.110,59.150,58.720,58.730,4482600
2026-02-11 11:30:00,58.730,58.850,58.570,58.630,2928145
2026-02-11 13:30:00,58.620,58.830,58.530,58.680,3533825
2026-02-11 14:00:00,58.690,58.950,58.650,58.920,3315266
2026-02-11 14:30:00,58.920,59.050,58.800,58.890,4970494
2026-02-11 15:00:00,58.900,59.050,58.810,58.900,8113634
2026-02-12 10:00:00,58.600,59.490,58.500,58.990,10263873
2026-02-12 10:30:00,58.990,59.160,58.850,58.870,3816038
2026-02-12 11:00:00,58.870,58.990,58.620,58.620,4169325
2026-02-12 11:30:00,58.630,58.760,58.550,58.680,3258448
2026-02-12 13:30:00,58.690,58.910,58.630,58.850,2694562
2026-02-12 14:00:00,58.850,58.920,58.780,58.870,2916390
2026-02-12 14:30:00,58.870,58.900,58.680,58.720,3424489
2026-02-12 15:00:00,58.710,58.800,58.680,58.740,4325855
2026-02-13 10:00:00,58.760,59.050,58.130,58.700,6998796
2026-02-13 10:30:00,58.710,58.760,58.440,58.540,3647036
2026-02-13 11:00:00,58.530,58.590,58.390,58.450,2622620
2026-02-13 11:30:00,58.420,58.550,58.300,58.400,3009940
2026-02-13 13:30:00,58.400,58.480,58.320,58.330,2992100
2026-02-13 14:00:00,58.330,58.770,58.280,58.570,3774098
2026-02-13 14:30:00,58.580,58.590,58.310,58.420,4718001
2026-02-13 15:00:00,58.410,58.500,58.230,58.230,6594219
2026-02-24 10:00:00,58.310,58.480,57.720,58.130,9609145
2026-02-24 10:30:00,58.120,58.310,57.980,58.210,4418092
2026-02-24 11:00:00,58.210,58.280,58.010,58.020,2987484
2026-02-24 11:30:00,58.030,58.240,58.010,58.140,3249950
2026-02-24 13:30:00,58.130,58.200,57.920,58.060,3397471
2026-02-24 14:00:00,58.070,58.130,57.930,57.950,2980572
2026-02-24 14:30:00,57.950,58.120,57.930,58.090,3141580
2026-02-24 15:00:00,58.080,58.200,58.010,58.010,4113840
2026-02-25 10:00:00,57.980,58.080,57.630,57.750,7969228
2026-02-25 10:30:00,57.740,57.780,57.580,57.740,6406320
2026-02-25 11:00:00,57.740,57.910,57.600,57.900,4736732
2026-02-25 11:30:00,57.890,58.200,57.750,58.050,5217760
2026-02-25 13:30:00,58.060,58.080,57.800,57.830,3842555
2026-02-25 14:00:00,57.830,57.860,57.710,57.770,4554520
2026-02-25 14:30:00,57.770,57.880,57.730,57.770,4439160
2026-02-25 15:00:00,57.770,57.970,57.760,57.860,4991662
2026-02-26 10:00:00,57.860,58.100,57.340,57.390,10058650
2026-02-26 10:30:00,57.390,57.440,57.140,57.140,6783008
2026-02-26 11:00:00,57.140,57.210,57.050,57.100,5139148
2026-02-26 11:30:00,57.110,57.290,57.090,57.260,2356426
2026-02-26 13:30:00,57.260,57.290,56.860,56.890,7891554
2026-02-26 14:00:00,56.890,56.890,56.700,56.710,6121838
2026-02-26 14:30:00,56.700,56.710,56.600,56.610,6395276
2026-02-26 15:00:00,56.620,56.850,56.600,56.720,6152807
2026-02-27 10:00:00,56.620,57.270,56.300,56.930,9118732
2026-02-27 10:30:00,56.920,56.960,56.730,56.790,3209423
2026-02-27 11:00:00,56.780,56.910,56.700,56.760,2941826
2026-02-27 11:30:00,56.740,56.890,56.700,56.720,2383590
2026-02-27 13:30:00,56.720,56.860,56.660,56.800,3410264
2026-02-27 14:00:00,56.810,56.880,56.580,56.590,4222296
2026-02-27 14:30:00,56.590,56.710,56.560,56.640,3307455
2026-02-27 15:00:00,56.640,56.730,56.560,56.560,7770524
2026-03-02 10:00:00,55.580,56.080,55.350,55.570,13532753
2026-03-02 10:30:00,55.560,55.580,54.380,54.390,19355200
2026-03-02 11:00:00,54.390,54.630,54.360,54.430,8599717
2026-03-02 11:30:00,54.420,54.500,54.200,54.360,7519123
2026-03-02 13:30:00,54.360,54.730,54.350,54.520,6192573
2026-03-02 14:00:00,54.520,54.730,54.510,54.540,5699104
2026-03-02 14:30:00,54.550,54.690,54.390,54.650,6328275
2026-03-02 15:00:00,54.650,54.690,54.500,54.540,6979450
2026-03-03 10:00:00,54.700,55.330,54.250,54.270,13507971
2026-03-03 10:30:00,54.270,54.390,54.050,54.130,8503314
2026-03-03 11:00:00,54.130,54.300,54.110,54.150,4822864
2026-03-03 11:30:00,54.160,54.370,54.010,54.040,5114086
2026-03-03 13:30:00,54.040,54.340,53.910,54.000,6576940
2026-03-03 14:00:00,54.010,54.070,53.760,53.770,5335214
2026-03-03 14:30:00,53.770,53.790,53.450,53.720,8665204
2026-03-03 15:00:00,53.710,53.790,53.500,53.610,7614317
2026-03-04 10:00:00,53.220,53.900,52.800,53.460,13131018
2026-03-04 10:30:00,53.460,53.470,53.200,53.220,4417635
2026-03-04 11:00:00,53.210,53.250,52.950,53.010,4877346
2026-03-04 11:30:00,53.010,53.050,52.690,52.690,5014518
2026-03-04 13:30:00,52.700,53.120,52.670,52.710,6734102
2026-03-04 14:00:00,52.720,53.000,52.680,52.860,3554200
2026-03-04 14:30:00,52.860,52.920,52.770,52.890,4086954
2026-03-04 15:00:00,52.900,53.020,52.810,52.980,5336047
2026-03-05 10:00:00,53.410,53.690,53.100,53.160,9980802
2026-03-05 10:30:00,53.160,53.790,53.120,53.790,7875932
2026-03-05 11:00:00,53.790,54.120,53.500,53.930,6419112
2026-03-05 11:30:00,53.930,54.840,53.930,54.280,9716590
2026-03-05 13:30:00,54.280,54.290,53.970,54.040,3816600
2026-03-05 14:00:00,54.030,54.040,53.750,53.770,3217568
2026-03-05 14:30:00,53.770,53.780,53.530,53.590,3439081
2026-03-05 15:00:00,53.590,53.720,53.540,53.720,4020299
2026-03-06 10:00:00,53.600,54.950,53.400,54.890,16772360
2026-03-06 10:30:00,54.900,55.670,54.830,55.200,16778118
2026-03-06 11:00:00,55.210,55.330,55.050,55.200,4327198
2026-03-06 11:30:00,55.190,55.330,55.060,55.120,3387420
2026-03-06 13:30:00,55.140,55.400,55.080,55.380,4899816
2026-03-06 14:00:00,55.370,55.600,55.370,55.550,5361139
2026-03-06 14:30:00,55.550,55.580,55.410,55.430,4142920
2026-03-06 15:00:00,55.430,55.600,55.430,55.560,7242959
2026-03-09 10:00:00,54.780,54.850,54.050,54.070,16491491
2026-03-09 10:30:00,54.090,54.780,54.060,54.330,5591003
2026-03-09 11:00:00,54.320,54.600,54.230,54.530,2355204
2026-03-09 11:30:00,54.520,54.730,54.500,54.550,2131826
2026-03-09 13:30:00,54.550,54.990,54.520,54.950,3087744
2026-03-09 14:00:00,54.970,55.180,54.870,55.120,4936020
2026-03-09 14:30:00,55.110,55.160,54.900,55.000,3730180
2026-03-09 15:00:00,55.000,55.080,54.820,54.940,4299860
2026-03-10 10:00:00,55.300,56.560,55.300,56.200,16443210
2026-03-10 10:30:00,56.210,56.400,56.030,56.330,5119384
2026-03-10 11:00:00,56.330,56.380,56.000,56.090,3252908
2026-03-10 11:30:00,56.080,56.720,56.070,56.710,6872710
2026-03-10 13:30:00,56.710,56.750,56.450,56.600,4721540
2026-03-10 14:00:00,56.600,56.650,56.400,56.590,3051693
2026-03-10 14:30:00,56.600,56.680,56.470,56.510,3092971
2026-03-10 15:00:00,56.510,56.600,56.510,56.550,4806076
2026-03-11 10:00:00,56.450,56.550,55.750,55.930,10104348
2026-03-11 10:30:00,55.920,56.160,55.870,56.100,3656360
2026-03-11 11:00:00,56.110,56.130,55.920,56.030,2502819
2026-03-11 11:30:00,56.030,56.060,55.820,55.880,2276404
2026-03-11 13:30:00,55.880,55.980,55.600,55.640,4110439
2026-03-11 14:00:00,55.650,55.850,55.610,55.750,2722150
2026-03-11 14:30:00,55.750,55.850,55.700,55.850,2588231
2026-03-11 15:00:00,55.850,55.870,55.700,55.830,4165177
2026-03-12 10:00:00,55.800,56.040,55.310,55.400,7860671
2026-03-12 10:30:00,55.400,55.690,55.380,55.410,2217821
2026-03-12 11:00:00,55.420,55.420,55.230,55.400,2805600
2026-03-12 11:30:00,55.400,55.460,55.270,55.320,2016140
2026-03-12 13:30:00,55.320,55.440,55.250,55.320,2477388
2026-03-12 14:00:00,55.320,55.570,55.310,55.570,2725082
2026-03-12 14:30:00,55.570,55.580,55.410,55.510,2384083
2026-03-12 15:00:00,55.510,55.590,55.300,55.300,4182350
2026-03-13 10:00:00,55.300,55.630,55.070,55.130,6712927
2026-03-13 10:30:00,55.170,55.280,54.960,55.050,4047219
2026-03-13 11:00:00,55.050,55.330,55.040,55.310,2079790
2026-03-13 11:30:00,55.310,55.450,55.020,55.070,1881496
2026-03-13 13:30:00,55.070,55.310,55.010,55.170,1811721
2026-03-13 14:00:00,55.170,55.290,55.120,55.120,1456300
2026-03-13 14:30:00,55.120,55.230,55.040,55.050,2259283
2026-03-13 15:00:00,55.050,55.150,54.950,55.110,4167708
2026-03-16 10:00:00,55.210,55.550,54.520,55.100,6673040
2026-03-16 10:30:00,55.100,56.050,55.030,55.900,8824680
2026-03-16 11:00:00,55.900,55.910,55.350,55.530,3047416
2026-03-16 11:30:00,55.530,55.830,55.480,55.800,1892400
2026-03-16 13:30:00,55.800,55.850,55.470,55.550,2663205
2026-03-16 14:00:00,55.550,55.610,55.480,55.530,2142074
2026-03-16 14:30:00,55.530,55.700,55.490,55.540,2093784
2026-03-16 15:00:00,55.550,55.640,55.420,55.590,3438545
2026-03-17 10:00:00,55.690,55.910,55.380,55.840,7405826
2026-03-17 10:30:00,55.840,57.300,55.760,57.290,15943638
2026-03-17 11:00:00,57.280,57.440,57.000,57.060,7835398
2026-03-17 11:30:00,57.080,57.220,56.880,57.020,4765478
2026-03-17 13:30:00,57.020,57.180,56.720,56.820,3595495
2026-03-17 14:00:00,56.810,56.880,56.630,56.650,2437920
2026-03-17 14:30:00,56.630,56.750,56.450,56.500,3865337
2026-03-17 15:00:00,56.490,56.550,56.300,56.300,4562007
2026-03-18 10:00:00,56.260,56.830,56.020,56.350,10008956
2026-03-18 10:30:00,56.350,56.750,56.200,56.750,3999371
2026-03-18 11:00:00,56.750,56.830,56.280,56.420,3330313
2026-03-18 11:30:00,56.410,56.500,56.300,56.330,1590451
2026-03-18 13:30:00,56.340,56.530,56.090,56.120,3008074
2026-03-18 14:00:00,56.110,56.550,56.110,56.510,2539944
2026-03-18 14:30:00,56.500,56.990,56.360,56.980,6732078
2026-03-18 15:00:00,56.970,57.080,56.880,56.880,8170124
2026-03-19 10:00:00,56.170,57.030,56.080,56.560,8391866
2026-03-19 10:30:00,56.560,56.720,56.310,56.680,3563762
2026-03-19 11:00:00,56.680,56.760,56.330,56.440,2395800
2026-03-19 11:30:00,56.440,56.480,56.210,56.350,2379670
2026-03-19 13:30:00,56.350,56.490,56.200,56.330,3355000
2026-03-19 14:00:00,56.340,56.520,56.150,56.290,4419635
2026-03-19 14:30:00,56.290,56.460,56.120,56.190,2981260
2026-03-19 15:00:00,56.180,56.210,55.910,56.020,6877658
2026-03-20 10:00:00,56.190,56.760,55.610,56.240,7167390
2026-03-20 10:30:00,56.250,56.280,55.690,55.720,4397590
2026-03-20 11:00:00,55.710,56.000,55.690,55.930,2202880
2026-03-20 11:30:00,55.930,56.180,55.740,56.000,2338454
2026-03-20 13:30:00,55.990,56.010,55.560,55.610,3963525
2026-03-20 14:00:00,55.600,55.680,55.450,55.490,2864070
2026-03-20 14:30:00,55.470,55.640,55.360,55.370,3782296
2026-03-20 15:00:00,55.370,55.500,55.050,55.140,8023305
2026-03-23 10:00:00,54.180,54.350,53.560,54.080,11853896
2026-03-23 10:30:00,54.110,54.200,53.570,53.690,5688864
2026-03-23 11:00:00,53.680,53.680,53.280,53.530,5115793
2026-03-23 11:30:00,53.530,53.650,53.250,53.290,2794120
2026-03-23 13:30:00,53.290,53.530,53.020,53.060,5046194
2026-03-23 14:00:00,53.050,53.290,52.910,53.040,4519854
2026-03-23 14:30:00,53.030,53.040,52.500,52.750,7396013
2026-03-23 15:00:00,52.760,52.850,52.410,52.780,6355423
2026-03-24 10:00:00,53.270,53.580,53.050,53.230,9144903
2026-03-24 10:30:00,53.230,53.400,52.830,53.400,3882380
2026-03-24 11:00:00,53.400,53.480,52.970,53.030,2793260
2026-03-24 11:30:00,53.030,53.040,52.810,52.900,2435407
2026-03-24 13:30:00,52.910,53.410,52.910,52.950,3458671
2026-03-24 14:00:00,52.940,53.110,52.840,52.890,2697192
2026-03-24 14:30:00,52.870,53.330,52.850,53.270,3632511
2026-03-24 15:00:00,53.260,53.740,53.240,53.640,6791180
2026-03-25 10:00:00,54.000,54.540,53.960,54.280,11350879
2026-03-25 10:30:00,54.280,54.860,54.160,54.450,6673712
2026-03-25 11:00:00,54.450,54.490,54.100,54.130,4316742
2026-03-25 11:30:00,54.130,54.170,53.920,53.980,2935140
2026-03-25 13:30:00,53.980,54.310,53.920,54.270,3172520
2026-03-25 14:00:00,54.270,54.410,54.030,54.090,3473421
2026-03-25 14:30:00,54.090,54.100,53.840,53.880,3672779
2026-03-25 15:00:00,53.870,54.170,53.870,54.100,5557369
2026-03-26 10:00:00,53.280,54.100,53.010,53.080,16206496
2026-03-26 10:30:00,53.110,53.240,52.800,53.180,8152258
2026-03-26 11:00:00,53.150,53.300,52.890,52.940,4389664
2026-03-26 11:30:00,52.930,52.940,52.610,52.630,4561300
2026-03-26 13:30:00,52.630,52.660,51.830,51.870,11152900
2026-03-26 14:00:00,51.870,52.080,51.640,51.640,7052400
2026-03-26 14:30:00,51.640,51.860,51.560,51.650,5908200
2026-03-26 15:00:00,51.650,51.730,51.540,51.630,7518435
2026-03-27 10:00:00,51.300,53.850,51.110,53.850,20646543
2026-03-27 10:30:00,53.840,55.480,53.730,54.480,27935862
2026-03-27 11:00:00,54.460,55.000,54.440,54.470,7146769
2026-03-27 11:30:00,54.480,54.750,54.240,54.470,4252033
2026-03-27 13:30:00,54.470,55.380,54.450,55.080,12177594
2026-03-27 14:00:00,55.070,55.450,55.040,55.150,8263421
2026-03-27 14:30:00,55.150,55.210,54.870,55.090,7397659
2026-03-27 15:00:00,55.080,55.280,55.060,55.180,11299747
2026-03-30 10:00:00,54.730,55.740,54.610,55.390,25261354
2026-03-30 10:30:00,55.370,55.630,55.050,55.170,8699968
2026-03-30 11:00:00,55.170,55.280,54.930,55.060,4943720
2026-03-30 11:30:00,55.060,56.100,55.050,55.850,10117024
2026-03-30 13:30:00,55.870,55.900,55.430,55.550,4890640
2026-03-30 14:00:00,55.550,55.700,55.450,55.540,4072804
2026-03-30 14:30:00,55.520,55.680,55.460,55.650,4464694
2026-03-30 15:00:00,55.650,55.800,55.590,55.760,7276875
2026-03-31 10:00:00,55.860,57.380,55.810,56.140,26840776
2026-03-31 10:30:00,56.140,56.550,56.000,56.150,7501685
2026-03-31 11:00:00,56.150,56.240,55.960,56.030,5021420
2026-03-31 11:30:00,56.040,56.050,55.770,55.900,5152408
2026-03-31 13:30:00,55.900,55.950,55.380,55.750,7520462
2026-03-31 14:00:00,55.750,55.960,55.630,55.700,3922357
2026-03-31 14:30:00,55.700,55.700,55.440,55.440,4056686
2026-03-31 15:00:00,55.450,55.510,55.200,55.220,9276598
2026-04-01 10:00:00,56.030,56.800,55.600,56.250,18764568
2026-04-01 10:30:00,56.250,57.780,56.120,57.650,29169915
2026-04-01 11:00:00,57.650,57.750,57.120,57.540,9838832
2026-04-01 11:30:00,57.540,57.630,57.200,57.500,5329168
2026-04-01 13:30:00,57.500,57.730,57.250,57.570,10163891
2026-04-01 14:00:00,57.570,57.660,57.400,57.540,6660884
2026-04-01 14:30:00,57.540,57.630,57.450,57.610,6409805
2026-04-01 15:00:00,57.620,57.750,57.550,57.730,14214593
2026-04-02 10:00:00,57.740,58.290,57.010,57.910,29252971
2026-04-02 10:30:00,57.910,58.350,57.770,58.020,9652260
2026-04-02 11:00:00,58.040,58.110,57.440,57.480,9160274
2026-04-02 11:30:00,57.480,57.840,57.450,57.690,4565507
2026-04-02 13:30:00,57.680,57.700,57.290,57.640,6422296
2026-04-02 14:00:00,57.620,57.760,57.370,57.390,4745040
2026-04-02 14:30:00,57.380,57.550,57.230,57.380,5573015
2026-04-02 15:00:00,57.380,57.480,57.310,57.370,7145622
