date,open,high,low,close,volume
2025-03-27 14:30:00,11.870,11.920,11.870,11.900,1273264
2025-03-27 15:00:00,11.910,11.910,11.870,11.890,2276637
2025-03-28 10:00:00,11.860,11.940,11.830,11.840,2734459
2025-03-28 10:30:00,11.840,11.870,11.810,11.810,1764090
2025-03-28 11:00:00,11.810,11.820,11.770,11.790,2413397
2025-03-28 11:30:00,11.780,11.800,11.750,11.770,1642723
2025-03-28 13:30:00,11.770,11.790,11.730,11.730,1621048
2025-03-28 14:00:00,11.740,11.820,11.730,11.790,1458666
2025-03-28 14:30:00,11.790,11.810,11.750,11.790,1715358
2025-03-28 15:00:00,11.790,11.800,11.750,11.760,1949132
2025-03-31 10:00:00,11.400,11.400,11.160,11.240,25323448
2025-03-31 10:30:00,11.240,11.250,11.060,11.080,14314377
2025-03-31 11:00:00,11.080,11.090,10.980,11.030,12049202
2025-03-31 11:30:00,11.020,11.040,10.950,10.960,6896843
2025-03-31 13:30:00,10.970,11.120,10.950,11.110,7328642
2025-03-31 14:00:00,11.110,11.140,11.070,11.080,3264310
2025-03-31 14:30:00,11.090,11.130,11.050,11.100,3732047
2025-03-31 15:00:00,11.090,11.130,11.090,11.100,4260573
2025-04-01 10:00:00,11.160,11.260,11.120,11.160,8716701
2025-04-01 10:30:00,11.170,11.200,11.140,11.190,3777796
2025-04-01 11:00:00,11.200,11.250,11.180,11.240,4080562
2025-04-01 11:30:00,11.230,11.300,11.230,11.240,6591412
2025-04-01 13:30:00,11.250,11.260,11.180,11.200,3120636
2025-04-01 14:00:00,11.200,11.210,11.140,11.160,3515079
2025-04-01 14:30:00,11.160,11.180,11.140,11.160,1910123
2025-04-01 15:00:00,11.170,11.180,11.140,11.160,3606132
2025-04-02 10:00:00,11.120,11.120,11.010,11.070,8764844
2025-04-02 10:30:00,11.070,11.090,11.030,11.070,2977729
2025-04-02 11:00:00,11.060,11.070,11.010,11.030,4121473
2025-04-02 11:30:00,11.030,11.040,11.000,11.030,2825195
2025-04-02 13:30:00,11.030,11.030,11.000,11.020,3230467
2025-04-02 14:00:00,11.020,11.030,10.980,11.030,2790837
2025-04-02 14:30:00,11.020,11.030,10.990,11.000,1961494
2025-04-02 15:00:00,11.000,11.060,10.990,11.050,3407131
2025-04-03 10:00:00,10.960,11.080,10.950,11.030,5807063
2025-04-03 10:30:00,11.040,11.120,11.010,11.100,3161083
2025-04-03 11:00:00,11.100,11.110,11.060,11.080,2035596
2025-04-03 11:30:00,11.080,11.120,11.070,11.080,2941212
2025-04-03 13:30:00,11.080,11.090,11.040,11.060,1831851
2025-04-03 14:00:00,11.060,11.100,11.040,11.080,1569199
2025-04-03 14:30:00,11.080,11.100,11.080,11.100,1385550
2025-04-03 15:00:00,11.090,11.100,11.070,11.090,2068231
2025-04-07 10:00:00,10.590,10.790,10.300,10.530,22140859
2025-04-07 10:30:00,10.520,10.570,10.410,10.520,4696443
2025-04-07 11:00:00,10.520,10.600,10.480,10.500,3489020
2025-04-07 11:30:00,10.500,10.520,10.400,10.410,4007700
2025-04-07 13:30:00,10.410,10.410,10.310,10.310,6351313
2025-04-07 14:00:00,10.310,10.330,10.150,10.170,6821523
2025-04-07 14:30:00,10.160,10.190,9.980,10.000,11452125
2025-04-07 15:00:00,10.000,10.190,9.980,10.170,7028241
2025-04-08 10:00:00,10.160,10.420,10.160,10.340,15551649
2025-04-08 10:30:00,10.340,10.360,10.270,10.300,3947464
2025-04-08 11:00:00,10.300,10.360,10.290,10.340,2256873
2025-04-08 11:30:00,10.340,10.430,10.330,10.420,3205144
2025-04-08 13:30:00,10.420,10.490,10.410,10.420,4384546
2025-04-08 14:00:00,10.420,10.490,10.390,10.450,3835586
2025-04-08 14:30:00,10.440,10.510,10.430,10.490,4652565
2025-04-08 15:00:00,10.490,10.630,10.470,10.630,7218409
2025-04-09 10:00:00,10.500,11.010,10.470,11.010,23709695
2025-04-09 10:30:00,11.000,11.100,10.970,11.050,7853249
2025-04-09 11:00:00,11.050,11.060,10.950,10.990,3482730
2025-04-09 11:30:00,10.990,11.010,10.910,10.950,2472563
2025-04-09 13:30:00,10.950,10.950,10.860,10.940,4757374
2025-04-09 14:00:00,10.930,10.990,10.920,10.960,3827612
2025-04-09 14:30:00,10.960,10.990,10.920,10.960,5341858
2025-04-09 15:00:00,10.960,11.050,10.930,11.050,7821179
2025-04-10 10:00:00,11.110,11.130,10.900,11.070,17098787
2025-04-10 10:30:00,11.070,11.080,11.020,11.040,4736771
2025-04-10 11:00:00,11.030,11.040,10.940,10.970,4689335
2025-04-10 11:30:00,10.960,10.990,10.940,10.960,2979639
2025-04-10 13:30:00,10.950,11.000,10.940,11.000,2240917
2025-04-10 14:00:00,11.000,11.050,10.970,11.030,3104272
2025-04-10 14:30:00,11.020,11.040,10.970,10.980,2385153
2025-04-10 15:00:00,10.980,11.000,10.950,11.000,5791459
2025-04-11 10:00:00,10.980,11.000,10.900,10.960,5875561
2025-04-11 10:30:00,10.960,10.960,10.910,10.920,2754989
2025-04-11 11:00:00,10.930,10.960,10.920,10.930,1468445
2025-04-11 11:30:00,10.930,11.000,10.920,10.980,2537692
2025-04-11 13:30:00,10.980,11.000,10.950,10.980,2612965
2025-04-11 14:00:00,10.970,11.030,10.960,11.000,4364433
2025-04-11 14:30:00,11.000,11.010,10.980,10.990,1846786
2025-04-11 15:00:00,10.980,11.000,10.970,10.980,3103461
2025-04-14 10:00:00,11.020,11.030,10.950,10.990,5052250
2025-04-14 10:30:00,11.000,11.010,10.980,10.980,2878359
2025-04-14 11:00:00,10.980,11.010,10.980,11.000,1828883
2025-04-14 11:30:00,11.010,11.020,10.980,10.990,1987247
2025-04-14 13:30:00,10.990,11.000,10.950,10.970,2108854
2025-04-14 14:00:00,10.970,10.980,10.960,10.980,869627
2025-04-14 14:30:00,10.990,10.990,10.970,10.980,876343
2025-04-14 15:00:00,10.980,10.990,10.970,10.970,2563051
2025-04-15 10:00:00,10.980,10.980,10.810,10.810,6205799
2025-04-15 10:30:00,10.820,10.860,10.810,10.840,1686663
2025-04-15 11:00:00,10.850,10.860,10.820,10.830,1568776
2025-04-15 11:30:00,10.820,10.840,10.810,10.830,1610490
2025-04-15 13:30:00,10.830,10.840,10.800,10.830,1975658
2025-04-15 14:00:00,10.820,10.840,10.810,10.830,987267
2025-04-15 14:30:00,10.820,10.860,10.810,10.830,1220288
2025-04-15 15:00:00,10.840,10.880,10.830,10.870,2385108
2025-04-16 10:00:00,11.000,11.040,10.940,10.950,8733148
2025-04-16 10:30:00,10.940,10.950,10.900,10.910,1904200
2025-04-16 11:00:00,10.900,10.910,10.850,10.860,1857068
2025-04-16 11:30:00,10.860,10.880,10.840,10.850,2219742
2025-04-16 13:30:00,10.840,10.890,10.820,10.860,2111483
2025-04-16 14:00:00,10.850,10.910,10.840,10.880,1740800
2025-04-16 14:30:00,10.880,10.890,10.850,10.860,2158900
2025-04-16 15:00:00,10.860,10.980,10.850,10.980,5205174
2025-04-17 10:00:00,10.900,11.070,10.870,11.030,7739704
2025-04-17 10:30:00,11.040,11.040,10.990,10.990,2131048
2025-04-17 11:00:00,10.990,11.060,10.960,11.030,3294495
2025-04-17 11:30:00,11.030,11.040,10.990,11.000,1169390
2025-04-17 13:30:00,11.000,11.040,10.950,10.950,2380510
2025-04-17 14:00:00,10.950,10.980,10.950,10.950,1302000
2025-04-17 14:30:00,10.950,11.010,10.940,10.980,2020852
2025-04-17 15:00:00,10.980,11.050,10.950,11.050,3574667
2025-04-18 10:00:00,11.000,11.000,10.910,10.930,3460048
2025-04-18 10:30:00,10.930,10.940,10.910,10.920,1327812
2025-04-18 11:00:00,10.920,10.950,10.920,10.930,644583
2025-04-18 11:30:00,10.930,10.940,10.910,10.920,848500
2025-04-18 13:30:00,10.910,10.940,10.910,10.920,984412
2025-04-18 14:00:00,10.920,10.980,10.910,10.960,1810920
2025-04-18 14:30:00,10.960,10.960,10.940,10.940,1076200
2025-04-18 15:00:00,10.950,10.980,10.930,10.950,2323398
2025-04-21 10:00:00,11.000,11.100,10.980,11.080,7497969
2025-04-21 10:30:00,11.070,11.090,11.060,11.070,2315221
2025-04-21 11:00:00,11.070,11.070,11.020,11.040,1986114
2025-04-21 11:30:00,11.030,11.040,11.020,11.020,865665
2025-04-21 13:30:00,11.020,11.050,11.020,11.040,1387111
2025-04-21 14:00:00,11.050,11.060,11.030,11.060,1227900
2025-04-21 14:30:00,11.050,11.070,11.040,11.060,1768129
2025-04-21 15:00:00,11.060,11.170,11.060,11.140,8061360
2025-04-22 10:00:00,11.100,11.120,11.050,11.100,5071357
2025-04-22 10:30:00,11.100,11.130,11.080,11.110,3422300
2025-04-22 11:00:00,11.110,11.140,11.080,11.090,2250588
2025-04-22 11:30:00,11.090,11.090,11.060,11.070,1561837
2025-04-22 13:30:00,11.070,11.100,11.060,11.090,1101016
2025-04-22 14:00:00,11.090,11.110,11.080,11.100,1075097
2025-04-22 14:30:00,11.100,11.120,11.090,11.100,827300
2025-04-22 15:00:00,11.100,11.100,11.060,11.060,1940239
2025-04-23 10:00:00,11.090,11.110,11.010,11.020,4864286
2025-04-23 10:30:00,11.020,11.020,10.980,10.990,2378511
2025-04-23 11:00:00,10.990,11.000,10.980,10.990,1380265
2025-04-23 11:30:00,10.980,11.070,10.980,11.050,2685856
2025-04-23 13:30:00,11.050,11.080,11.020,11.070,2115273
2025-04-23 14:00:00,11.080,11.090,11.060,11.070,1519300
2025-04-23 14:30:00,11.070,11.080,11.040,11.040,1252764
2025-04-23 15:00:00,11.040,11.060,11.020,11.020,1966404
2025-04-24 10:00:00,11.030,11.030,10.990,11.020,2871035
2025-04-24 10:30:00,11.010,11.040,11.000,11.020,1479513
2025-04-24 11:00:00,11.010,11.020,10.960,10.990,2065890
2025-04-24 11:30:00,10.990,10.990,10.900,10.910,3332058
2025-04-24 13:30:00,10.910,10.950,10.890,10.930,1355465
2025-04-24 14:00:00,10.930,10.960,10.900,10.950,2878639
2025-04-24 14:30:00,10.950,10.970,10.890,10.900,2933048
2025-04-24 15:00:00,10.910,10.930,10.880,10.890,3230306
2025-04-25 10:00:00,10.930,10.960,10.900,10.920,2777135
2025-04-25 10:30:00,10.920,10.980,10.910,10.960,1887443
2025-04-25 11:00:00,10.960,10.980,10.950,10.960,1138206
2025-04-25 11:30:00,10.960,11.000,10.960,10.980,1182471
2025-04-25 13:30:00,10.980,10.990,10.960,10.960,1082961
2025-04-25 14:00:00,10.960,10.980,10.950,10.960,1642729
2025-04-25 14:30:00,10.970,10.970,10.940,10.960,1555439
2025-04-25 15:00:00,10.960,10.980,10.950,10.980,2168761
2025-04-28 10:00:00,10.930,10.970,10.870,10.880,3551830
2025-04-28 10:30:00,10.880,10.930,10.860,10.910,2387511
2025-04-28 11:00:00,10.910,10.930,10.900,10.900,718440
2025-04-28 11:30:00,10.900,10.910,10.880,10.890,986001
2025-04-28 13:30:00,10.880,10.910,10.870,10.890,1001630
2025-04-28 14:00:00,10.890,10.910,10.880,10.900,997658
2025-04-28 14:30:00,10.890,10.960,10.890,10.940,2050500
2025-04-28 15:00:00,10.950,10.950,10.900,10.910,1591700
2025-04-29 10:00:00,10.670,10.770,10.580,10.760,10193241
2025-04-29 10:30:00,10.750,10.780,10.700,10.720,2465687
2025-04-29 11:00:00,10.730,10.760,10.720,10.740,1051791
2025-04-29 11:30:00,10.730,10.760,10.730,10.750,745283
2025-04-29 13:30:00,10.760,10.800,10.740,10.760,1207965
2025-04-29 14:00:00,10.770,10.770,10.740,10.760,817864
2025-04-29 14:30:00,10.750,10.780,10.730,10.740,1288109
2025-04-29 15:00:00,10.750,10.760,10.730,10.740,1662225
2025-04-30 10:00:00,10.750,10.840,10.730,10.810,2989908
2025-04-30 10:30:00,10.810,10.830,10.800,10.820,1229663
2025-04-30 11:00:00,10.820,10.820,10.770,10.780,1324622
2025-04-30 11:30:00,10.780,10.830,10.780,10.820,813219
2025-04-30 13:30:00,10.820,10.830,10.780,10.790,1534709
2025-04-30 14:00:00,10.780,10.890,10.780,10.860,3181076
2025-04-30 14:30:00,10.870,10.920,10.820,10.830,3496583
2025-04-30 15:00:00,10.830,10.850,10.800,10.820,3001546
2025-05-06 10:00:00,10.900,10.940,10.870,10.900,4345635
2025-05-06 10:30:00,10.910,10.980,10.890,10.940,3120398
2025-05-06 11:00:00,10.950,10.960,10.910,10.930,1679005
2025-05-06 11:30:00,10.930,10.940,10.900,10.930,1670024
2025-05-06 13:30:00,10.920,10.940,10.890,10.920,2430591
2025-05-06 14:00:00,10.930,10.940,10.900,10.910,1762269
2025-05-06 14:30:00,10.920,10.930,10.910,10.910,1088118
2025-05-06 15:00:00,10.910,10.950,10.900,10.950,2508213
2025-05-07 10:00:00,11.200,11.220,11.030,11.050,9537888
2025-05-07 10:30:00,11.050,11.080,11.030,11.060,2462921
2025-05-07 11:00:00,11.070,11.170,11.060,11.140,5034491
2025-05-07 11:30:00,11.140,11.370,11.130,11.340,14391635
2025-05-07 13:30:00,11.330,11.400,11.260,11.260,13342812
2025-05-07 14:00:00,11.260,11.300,11.220,11.250,4259814
2025-05-07 14:30:00,11.240,11.280,11.220,11.270,3914579
2025-05-07 15:00:00,11.270,11.330,11.260,11.330,7017811
2025-05-08 10:00:00,11.300,11.350,11.190,11.350,13615145
2025-05-08 10:30:00,11.350,11.450,11.310,11.430,8625650
2025-05-08 11:00:00,11.420,11.430,11.330,11.390,3924586
2025-05-08 11:30:00,11.390,11.390,11.340,11.370,1902893
2025-05-08 13:30:00,11.370,11.440,11.360,11.440,4637076
2025-05-08 14:00:00,11.430,11.540,11.410,11.520,9757655
2025-05-08 14:30:00,11.520,11.650,11.520,11.650,11589158
2025-05-08 15:00:00,11.640,11.720,11.610,11.620,10198137
2025-05-09 10:00:00,11.650,11.690,11.470,11.500,18451617
2025-05-09 10:30:00,11.520,11.570,11.460,11.500,4840010
2025-05-09 11:00:00,11.500,11.530,11.480,11.500,2411531
2025-05-09 11:30:00,11.500,11.600,11.490,11.560,3869449
2025-05-09 13:30:00,11.550,11.620,11.510,11.590,3948882
2025-05-09 14:00:00,11.600,11.600,11.550,11.570,2841706
2025-05-09 14:30:00,11.570,11.580,11.500,11.510,3073924
2025-05-09 15:00:00,11.510,11.550,11.510,11.510,3841447
2025-05-12 10:00:00,11.520,12.000,11.500,11.990,32103558
2025-05-12 10:30:00,11.990,12.280,11.970,12.120,31382832
2025-05-12 11:00:00,12.120,12.150,12.060,12.100,9943594
2025-05-12 11:30:00,12.100,12.130,12.040,12.080,5138820
2025-05-12 13:30:00,12.080,12.090,12.000,12.060,5787986
2025-05-12 14:00:00,12.050,12.070,12.030,12.040,2848585
2025-05-12 14:30:00,12.030,12.110,12.030,12.090,4758150
2025-05-12 15:00:00,12.090,12.100,12.050,12.050,7411828
2025-05-13 10:00:00,12.150,12.150,11.890,11.930,23057068
2025-05-13 10:30:00,11.920,11.930,11.810,11.820,7754240
2025-05-13 11:00:00,11.810,11.830,11.750,11.830,6387994
2025-05-13 11:30:00,11.820,11.830,11.760,11.770,2806593
2025-05-13 13:30:00,11.760,11.800,11.720,11.780,3734254
2025-05-13 14:00:00,11.780,11.840,11.750,11.800,3186800
2025-05-13 14:30:00,11.800,11.840,11.790,11.790,3256756
2025-05-13 15:00:00,11.790,11.840,11.780,11.820,5097412
2025-05-14 10:00:00,11.800,11.870,11.740,11.770,6643990
2025-05-14 10:30:00,11.770,11.790,11.730,11.740,4040832
2025-05-14 11:00:00,11.740,11.790,11.730,11.780,2727172
2025-05-14 11:30:00,11.770,11.780,11.730,11.750,1614710
2025-05-14 13:30:00,11.750,11.790,11.740,11.760,2578227
2025-05-14 14:00:00,11.760,11.830,11.750,11.790,4038836
2025-05-14 14:30:00,11.780,11.780,11.730,11.740,2914154
2025-05-14 15:00:00,11.740,11.750,11.700,11.730,5152151
2025-05-15 10:00:00,11.670,11.830,11.660,11.780,10738398
2025-05-15 10:30:00,11.780,11.800,11.680,11.700,4896999
2025-05-15 11:00:00,11.700,11.710,11.600,11.620,3313332
2025-05-15 11:30:00,11.630,11.650,11.590,11.620,2612847
2025-05-15 13:30:00,11.620,11.660,11.540,11.560,4820643
2025-05-15 14:00:00,11.560,11.620,11.550,11.600,2611564
2025-05-15 14:30:00,11.610,11.670,11.590,11.640,2140548
2025-05-15 15:00:00,11.650,11.660,11.590,11.630,3619926
2025-05-16 10:00:00,11.590,11.750,11.590,11.640,7421711
2025-05-16 10:30:00,11.640,11.660,11.580,11.590,2706862
2025-05-16 11:00:00,11.600,11.640,11.590,11.600,1689213
2025-05-16 11:30:00,11.600,11.610,11.580,11.580,1438117
2025-05-16 13:30:00,11.580,11.600,11.550,11.580,2097856
2025-05-16 14:00:00,11.570,11.590,11.550,11.560,1514433
2025-05-16 14:30:00,11.550,11.570,11.520,11.560,2376314
2025-05-16 15:00:00,11.550,11.570,11.520,11.560,3733708
2025-05-19 10:00:00,11.620,11.660,11.490,11.510,5464866
2025-05-19 10:30:00,11.510,11.620,11.480,11.580,5030165
2025-05-19 11:00:00,11.580,11.600,11.550,11.570,1881063
2025-05-19 11:30:00,11.570,11.590,11.540,11.540,1312788
2025-05-19 13:30:00,11.550,11.580,11.540,11.570,1159700
2025-05-19 14:00:00,11.570,11.580,11.540,11.560,1354685
2025-05-19 14:30:00,11.550,11.570,11.530,11.540,2474013
2025-05-19 15:00:00,11.540,11.570,11.530,11.560,2516691
2025-05-20 10:00:00,11.560,11.580,11.430,11.450,6345880
2025-05-20 10:30:00,11.460,11.490,11.430,11.490,3753612
2025-05-20 11:00:00,11.490,11.500,11.450,11.470,1721900
2025-05-20 11:30:00,11.460,11.480,11.450,11.470,1120650
2025-05-20 13:30:00,11.460,11.500,11.460,11.480,1892898
2025-05-20 14:00:00,11.480,11.510,11.470,11.480,1858946
2025-05-20 14:30:00,11.480,11.530,11.480,11.530,1981694
2025-05-20 15:00:00,11.530,11.540,11.510,11.530,2048098
2025-05-21 10:00:00,11.500,11.620,11.470,11.530,6132500
2025-05-21 10:30:00,11.530,11.530,11.490,11.510,1896997
2025-05-21 11:00:00,11.520,11.560,11.510,11.510,1701600
2025-05-21 11:30:00,11.510,11.520,11.500,11.510,694800
2025-05-21 13:30:00,11.520,11.580,11.510,11.570,2217066
2025-05-21 14:00:00,11.570,11.580,11.550,11.560,1447194
2025-05-21 14:30:00,11.550,11.570,11.540,11.560,1889073
2025-05-21 15:00:00,11.560,11.600,11.560,11.580,2940671
2025-05-22 10:00:00,11.540,11.600,11.490,11.580,3526484
2025-05-22 10:30:00,11.590,11.660,11.580,11.650,5009676
2025-05-22 11:00:00,11.650,11.660,11.560,11.560,3198429
2025-05-22 11:30:00,11.560,11.590,11.540,11.590,1593732
2025-05-22 13:30:00,11.590,11.600,11.520,11.540,1672600
2025-05-22 14:00:00,11.540,11.560,11.520,11.550,1489003
2025-05-22 14:30:00,11.540,11.550,11.510,11.510,1521724
2025-05-22 15:00:00,11.510,11.540,11.480,11.490,2365414
2025-05-23 10:00:00,11.480,11.570,11.450,11.550,3755280
2025-05-23 10:30:00,11.550,11.560,11.490,11.520,1270051
2025-05-23 11:00:00,11.530,11.530,11.490,11.510,1398794
2025-05-23 11:30:00,11.510,11.520,11.480,11.480,1074499
2025-05-23 13:30:00,11.490,11.510,11.470,11.500,1061521
2025-05-23 14:00:00,11.500,11.510,11.460,11.460,1103700
2025-05-23 14:30:00,11.460,11.470,11.390,11.420,3557954
2025-05-23 15:00:00,11.420,11.420,11.360,11.360,3188397
2025-05-26 10:00:00,11.360,11.420,11.330,11.420,3930285
2025-05-26 10:30:00,11.410,11.450,11.400,11.430,1754893
2025-05-26 11:00:00,11.440,11.440,11.410,11.430,896486
2025-05-26 11:30:00,11.430,11.440,11.370,11.380,1514688
2025-05-26 13:30:00,11.380,11.400,11.350,11.350,1147324
2025-05-26 14:00:00,11.350,11.420,11.350,11.400,1032508
2025-05-26 14:30:00,11.400,11.430,11.390,11.410,1167426
2025-05-26 15:00:00,11.410,11.430,11.410,11.420,1150436
2025-05-27 10:00:00,11.440,11.440,11.350,11.380,2543397
2025-05-27 10:30:00,11.380,11.390,11.330,11.340,2254902
2025-05-27 11:00:00,11.340,11.360,11.320,11.330,1150397
2025-05-27 11:30:00,11.330,11.340,11.310,11.320,856598
2025-05-27 13:30:00,11.320,11.390,11.320,11.370,1171945
2025-05-27 14:00:00,11.380,11.390,11.350,11.370,792034
2025-05-27 14:30:00,11.370,11.430,11.370,11.420,1558384
2025-05-27 15:00:00,11.420,11.420,11.380,11.390,859159
2025-05-28 10:00:00,11.390,11.500,11.360,11.500,3308230
2025-05-28 10:30:00,11.500,11.500,11.400,11.430,2400841
2025-05-28 11:00:00,11.430,11.460,11.420,11.430,1075164
2025-05-28 11:30:00,11.430,11.430,11.380,11.400,855234
2025-05-28 13:30:00,11.410,11.430,11.390,11.410,719012
2025-05-28 14:00:00,11.410,11.420,11.390,11.400,1082687
2025-05-28 14:30:00,11.400,11.410,11.370,11.400,988189
2025-05-28 15:00:00,11.400,11.400,11.370,11.370,1356851
2025-05-29 10:00:00,11.370,11.450,11.340,11.440,3606875
2025-05-29 10:30:00,11.440,11.450,11.400,11.430,2885372
2025-05-29 11:00:00,11.420,11.470,11.420,11.450,1918899
2025-05-29 11:30:00,11.440,11.450,11.420,11.430,1202400
2025-05-29 13:30:00,11.430,11.460,11.430,11.450,1254847
2025-05-29 14:00:00,11.440,11.490,11.440,11.470,2279481
2025-05-29 14:30:00,11.470,11.530,11.460,11.500,2735446
2025-05-29 15:00:00,11.500,11.530,11.490,11.510,2244811
2025-05-30 10:00:00,11.510,11.510,11.420,11.460,3853675
2025-05-30 10:30:00,11.460,11.520,11.450,11.480,2657583
2025-05-30 11:00:00,11.490,11.580,11.480,11.550,3425489
2025-05-30 11:30:00,11.550,11.570,11.540,11.550,1320252
2025-05-30 13:30:00,11.550,11.630,11.550,11.590,3245406
2025-05-30 14:00:00,11.580,11.610,11.570,11.600,1693200
2025-05-30 14:30:00,11.590,11.600,11.560,11.560,1778500
2025-05-30 15:00:00,11.560,11.590,11.560,11.590,1806178
2025-06-03 10:00:00,11.630,11.680,11.560,11.670,6542655
2025-06-03 10:30:00,11.670,11.700,11.600,11.610,5811127
2025-06-03 11:00:00,11.610,11.660,11.600,11.620,2188726
2025-06-03 11:30:00,11.610,11.640,11.610,11.630,1214432
2025-06-03 13:30:00,11.630,11.660,11.610,11.620,1540367
2025-06-03 14:00:00,11.610,11.640,11.600,11.620,1390162
2025-06-03 14:30:00,11.620,11.660,11.620,11.640,1385549
2025-06-03 15:00:00,11.640,11.650,11.630,11.640,1621719
2025-06-04 10:00:00,11.640,11.640,11.530,11.530,4952953
2025-06-04 10:30:00,11.530,11.570,11.520,11.530,2801723
2025-06-04 11:00:00,11.530,11.550,11.520,11.540,1193711
2025-06-04 11:30:00,11.540,11.570,11.540,11.570,828617
2025-06-04 13:30:00,11.570,11.580,11.540,11.540,981535
2025-06-04 14:00:00,11.540,11.560,11.540,11.540,976829
2025-06-04 14:30:00,11.540,11.560,11.530,11.540,1901431
2025-06-04 15:00:00,11.530,11.560,11.530,11.550,1791512
2025-06-05 10:00:00,11.540,11.550,11.460,11.490,3580089
2025-06-05 10:30:00,11.490,11.540,11.470,11.520,1758194
2025-06-05 11:00:00,11.520,11.540,11.490,11.530,1725841
2025-06-05 11:30:00,11.520,11.550,11.520,11.550,1473706
2025-06-05 13:30:00,11.540,11.550,11.500,11.520,992324
2025-06-05 14:00:00,11.510,11.530,11.490,11.490,1306858
2025-06-05 14:30:00,11.500,11.530,11.490,11.520,1296293
2025-06-05 15:00:00,11.520,11.530,11.510,11.510,1722674
2025-06-06 10:00:00,11.550,11.640,11.540,11.580,6432543
2025-06-06 10:30:00,11.570,11.620,11.560,11.610,2409889
2025-06-06 11:00:00,11.610,11.610,11.580,11.600,755362
2025-06-06 11:30:00,11.600,11.600,11.570,11.570,703600
2025-06-06 13:30:00,11.560,11.580,11.550,11.560,843498
2025-06-06 14:00:00,11.560,11.580,11.560,11.560,660299
2025-06-06 14:30:00,11.560,11.570,11.530,11.530,1584491
2025-06-06 15:00:00,11.530,11.550,11.500,11.510,2461327
2025-06-09 10:00:00,11.580,11.660,11.560,11.650,6867239
2025-06-09 10:30:00,11.650,11.690,11.630,11.650,4420620
2025-06-09 11:00:00,11.640,11.670,11.630,11.640,2392437
2025-06-09 11:30:00,11.640,11.660,11.630,11.640,1193822
2025-06-09 13:30:00,11.640,11.670,11.620,11.630,2467396
2025-06-09 14:00:00,11.630,11.650,11.630,11.640,1178449
2025-06-09 14:30:00,11.640,11.660,11.630,11.640,1631302
2025-06-09 15:00:00,11.640,11.680,11.640,11.670,3253380
2025-06-10 10:00:00,11.620,11.630,11.540,11.550,5597928
2025-06-10 10:30:00,11.550,11.570,11.510,11.530,3274894
2025-06-10 11:00:00,11.530,11.550,11.520,11.550,1105821
2025-06-10 11:30:00,11.540,11.590,11.540,11.560,1246418
2025-06-10 13:30:00,11.550,11.570,11.460,11.460,3889793
2025-06-10 14:00:00,11.460,11.520,11.440,11.500,2292011
2025-06-10 14:30:00,11.510,11.530,11.480,11.520,1325427
2025-06-10 15:00:00,11.530,11.540,11.510,11.520,1533545
2025-06-11 10:00:00,11.480,11.530,11.450,11.510,3010566
2025-06-11 10:30:00,11.500,11.510,11.480,11.480,1297633
2025-06-11 11:00:00,11.490,11.500,11.460,11.490,880525
2025-06-11 11:30:00,11.490,11.490,11.470,11.480,643918
2025-06-11 13:30:00,11.480,11.500,11.470,11.490,970653
2025-06-11 14:00:00,11.480,11.500,11.460,11.470,1122301
2025-06-11 14:30:00,11.470,11.490,11.460,11.470,1641103
2025-06-11 15:00:00,11.480,11.480,11.450,11.460,1322558
2025-06-12 10:00:00,11.470,11.480,11.370,11.420,2740679
2025-06-12 10:30:00,11.410,11.440,11.390,11.410,1264307
2025-06-12 11:00:00,11.400,11.420,11.390,11.400,1479475
2025-06-12 11:30:00,11.400,11.410,11.380,11.400,1181025
2025-06-12 13:30:00,11.400,11.400,11.380,11.380,1343531
2025-06-12 14:00:00,11.380,11.400,11.370,11.380,1355445
2025-06-12 14:30:00,11.390,11.400,11.370,11.380,1006925
2025-06-12 15:00:00,11.380,11.400,11.370,11.380,1982405
2025-06-13 10:00:00,11.480,11.500,11.410,11.410,4292364
2025-06-13 10:30:00,11.410,11.480,11.380,11.440,3495195
2025-06-13 11:00:00,11.440,11.480,11.410,11.420,3039077
2025-06-13 11:30:00,11.420,11.470,11.400,11.460,2006070
2025-06-13 13:30:00,11.450,11.580,11.430,11.550,9371709
2025-06-13 14:00:00,11.530,11.550,11.500,11.510,3226250
2025-06-13 14:30:00,11.510,11.520,11.480,11.490,2268675
2025-06-13 15:00:00,11.480,11.530,11.470,11.510,4266124
2025-06-16 10:00:00,11.550,11.550,11.370,11.440,7036788
2025-06-16 10:30:00,11.440,11.470,11.420,11.460,2661500
2025-06-16 11:00:00,11.460,11.470,11.440,11.460,1200926
2025-06-16 11:30:00,11.450,11.500,11.430,11.490,1649975
2025-06-16 13:30:00,11.490,11.490,11.460,11.470,1278393
2025-06-16 14:00:00,11.460,11.470,11.440,11.460,1021424
2025-06-16 14:30:00,11.450,11.470,11.450,11.460,843222
2025-06-16 15:00:00,11.470,11.480,11.460,11.460,2200219
2025-06-17 10:00:00,11.460,11.480,11.420,11.450,3450322
2025-06-17 10:30:00,11.450,11.450,11.390,11.400,2911800
2025-06-17 11:00:00,11.410,11.420,11.390,11.420,1166345
2025-06-17 11:30:00,11.420,11.420,11.400,11.400,604464
2025-06-17 13:30:00,11.400,11.500,11.400,11.490,3847128
2025-06-17 14:00:00,11.490,11.500,11.440,11.450,1368139
2025-06-17 14:30:00,11.450,11.470,11.430,11.450,1470421
2025-06-17 15:00:00,11.450,11.470,11.430,11.460,2183448
2025-06-18 10:00:00,11.460,11.530,11.440,11.500,4729286
2025-06-18 10:30:00,11.490,11.580,11.490,11.550,8211724
2025-06-18 11:00:00,11.540,11.560,11.520,11.550,2755640
2025-06-18 11:30:00,11.560,11.640,11.540,11.620,5217723
2025-06-18 13:30:00,11.630,11.640,11.560,11.570,2457051
2025-06-18 14:00:00,11.570,11.580,11.550,11.570,1437432
2025-06-18 14:30:00,11.570,11.620,11.570,11.580,2055200
2025-06-18 15:00:00,11.580,11.600,11.560,11.590,2496806
2025-06-19 10:00:00,11.550,11.560,11.420,11.420,7836954
2025-06-19 10:30:00,11.430,11.430,11.380,11.390,4286797
2025-06-19 11:00:00,11.400,11.420,11.360,11.380,2122650
2025-06-19 11:30:00,11.370,11.400,11.330,11.370,2645975
2025-06-19 13:30:00,11.360,11.390,11.330,11.350,2036500
2025-06-19 14:00:00,11.350,11.430,11.350,11.390,1987723
2025-06-19 14:30:00,11.390,11.420,11.370,11.410,1532697
2025-06-19 15:00:00,11.400,11.430,11.370,11.380,1843687
2025-06-20 10:00:00,11.350,11.380,11.300,11.340,2824185
2025-06-20 10:30:00,11.340,11.370,11.310,11.310,1516832
2025-06-20 11:00:00,11.320,11.320,11.280,11.280,2272220
2025-06-20 11:30:00,11.290,11.330,11.280,11.310,827380
2025-06-20 13:30:00,11.320,11.330,11.290,11.310,1193398
2025-06-20 14:00:00,11.310,11.320,11.290,11.290,1060700
2025-06-20 14:30:00,11.290,11.300,11.230,11.240,3103700
2025-06-20 15:00:00,11.230,11.250,11.210,11.240,3270914
2025-06-23 10:00:00,11.280,11.350,11.240,11.320,4462180
2025-06-23 10:30:00,11.320,11.340,11.300,11.310,1631032
2025-06-23 11:00:00,11.320,11.370,11.310,11.350,1907215
2025-06-23 11:30:00,11.360,11.370,11.340,11.360,1176743
2025-06-23 13:30:00,11.360,11.390,11.350,11.380,1324226
2025-06-23 14:00:00,11.380,11.400,11.360,11.390,1662311
2025-06-23 14:30:00,11.390,11.450,11.380,11.450,2998080
2025-06-23 15:00:00,11.440,11.460,11.430,11.430,2600321
2025-06-24 10:00:00,11.330,11.430,11.280,11.400,6450515
2025-06-24 10:30:00,11.410,11.480,11.400,11.450,4196736
2025-06-24 11:00:00,11.450,11.480,11.430,11.480,2489889
2025-06-24 11:30:00,11.480,11.480,11.440,11.450,1163823
2025-06-24 13:30:00,11.450,11.490,11.450,11.470,2102231
2025-06-24 14:00:00,11.470,11.480,11.450,11.450,1460329
2025-06-24 14:30:00,11.460,11.460,11.430,11.450,1492778
2025-06-24 15:00:00,11.450,11.460,11.440,11.450,2663205
2025-06-25 10:00:00,11.450,11.580,11.440,11.580,7576512
2025-06-25 10:30:00,11.580,11.610,11.550,11.580,5597877
2025-06-25 11:00:00,11.580,11.680,11.570,11.650,10480417
2025-06-25 11:30:00,11.650,11.700,11.630,11.670,5273002
2025-06-25 13:30:00,11.670,11.680,11.640,11.650,2651394
2025-06-25 14:00:00,11.640,11.670,11.640,11.670,2393233
2025-06-25 14:30:00,11.670,11.680,11.660,11.670,2848446
2025-06-25 15:00:00,11.670,11.690,11.660,11.680,4994757
2025-06-26 10:00:00,11.650,11.810,11.610,11.780,13124790
2025-06-26 10:30:00,11.780,11.810,11.720,11.780,5747189
2025-06-26 11:00:00,11.790,11.800,11.770,11.800,3635196
2025-06-26 11:30:00,11.800,11.860,11.790,11.820,5021886
2025-06-26 13:30:00,11.820,11.850,11.760,11.770,4550412
2025-06-26 14:00:00,11.780,11.780,11.700,11.720,3982885
2025-06-26 14:30:00,11.710,11.740,11.670,11.720,3299234
2025-06-26 15:00:00,11.720,11.720,11.660,11.670,3982581
2025-06-27 10:00:00,11.670,11.760,11.650,11.720,7797962
2025-06-27 10:30:00,11.730,11.790,11.710,11.760,5250401
2025-06-27 11:00:00,11.770,11.850,11.750,11.840,7433241
2025-06-27 11:30:00,11.850,11.850,11.810,11.810,3559619
2025-06-27 13:30:00,11.820,11.840,11.800,11.830,3811600
2025-06-27 14:00:00,11.830,11.890,11.790,11.800,6178253
2025-06-27 14:30:00,11.790,11.830,11.770,11.790,4167256
2025-06-27 15:00:00,11.800,11.810,11.780,11.800,3472138
2025-06-30 10:00:00,11.850,12.060,11.820,12.020,18408460
2025-06-30 10:30:00,12.030,12.090,12.020,12.080,8514976
2025-06-30 11:00:00,12.080,12.130,12.060,12.080,7976668
2025-06-30 11:30:00,12.070,12.100,12.040,12.070,3135962
2025-06-30 13:30:00,12.060,12.090,12.050,12.070,3918092
2025-06-30 14:00:00,12.070,12.090,12.000,12.020,6549880
2025-06-30 14:30:00,12.020,12.050,12.010,12.050,3064831
2025-06-30 15:00:00,12.050,12.080,12.030,12.060,6758463
2025-07-01 10:00:00,12.100,12.100,11.920,11.950,14050604
2025-07-01 10:30:00,11.950,12.050,11.940,12.010,6218854
2025-07-01 11:00:00,12.020,12.030,11.970,12.030,3553628
2025-07-01 11:30:00,12.030,12.050,11.960,11.980,3270505
2025-07-01 13:30:00,11.990,12.020,11.970,12.010,3613029
2025-07-01 14:00:00,12.010,12.080,11.990,12.060,6235775
2025-07-01 14:30:00,12.060,12.070,12.020,12.050,3548551
2025-07-01 15:00:00,12.050,12.050,12.010,12.020,4139130
2025-07-02 10:00:00,12.020,12.020,11.920,11.970,7200189
2025-07-02 10:30:00,11.980,12.030,11.970,11.990,4553067
2025-07-02 11:00:00,12.000,12.000,11.940,11.960,3960671
2025-07-02 11:30:00,11.960,11.960,11.940,11.950,1794937
2025-07-02 13:30:00,11.950,11.970,11.920,11.930,4010179
2025-07-02 14:00:00,11.930,11.940,11.890,11.910,4338135
2025-07-02 14:30:00,11.900,11.920,11.870,11.890,3903525
2025-07-02 15:00:00,11.900,11.930,11.890,11.920,3439445
2025-07-03 10:00:00,11.930,12.070,11.930,11.950,8214667
2025-07-03 10:30:00,11.950,11.980,11.930,11.930,2460305
2025-07-03 11:00:00,11.940,11.950,11.910,11.910,1958654
2025-07-03 11:30:00,11.910,11.930,11.900,11.930,1415262
2025-07-03 13:30:00,11.930,11.930,11.900,11.930,1817830
2025-07-03 14:00:00,11.930,11.990,11.910,11.970,3138646
2025-07-03 14:30:00,11.980,11.980,11.930,11.940,2231869
2025-07-03 15:00:00,11.940,11.960,11.930,11.940,2121261
2025-07-04 10:00:00,11.940,11.950,11.870,11.910,4582146
2025-07-04 10:30:00,11.900,11.920,11.850,11.880,4001396
2025-07-04 11:00:00,11.880,11.920,11.870,11.900,2275672
2025-07-04 11:30:00,11.900,11.950,11.900,11.940,1973892
2025-07-04 13:30:00,11.950,12.000,11.920,11.990,3769560
2025-07-04 14:00:00,11.990,12.040,11.970,11.990,4006723
2025-07-04 14:30:00,11.990,11.990,11.930,11.940,2037184
2025-07-04 15:00:00,11.930,11.940,11.920,11.930,2282911
2025-07-07 10:00:00,11.880,11.990,11.880,11.960,4944054
2025-07-07 10:30:00,11.970,11.970,11.930,11.930,2274478
2025-07-07 11:00:00,11.940,11.950,11.910,11.920,1940455
2025-07-07 11:30:00,11.920,11.940,11.910,11.920,1535174
2025-07-07 13:30:00,11.920,11.940,11.900,11.920,1774422
2025-07-07 14:00:00,11.920,11.940,11.920,11.930,1306854
2025-07-07 14:30:00,11.930,11.940,11.910,11.910,1286312
2025-07-07 15:00:00,11.920,11.930,11.910,11.910,1869144
2025-07-08 10:00:00,11.920,11.940,11.890,11.920,3499705
2025-07-08 10:30:00,11.920,11.930,11.890,11.920,2675247
2025-07-08 11:00:00,11.910,11.920,11.890,11.900,1769159
2025-07-08 11:30:00,11.900,11.930,11.890,11.920,2059324
2025-07-08 13:30:00,11.910,11.920,11.900,11.910,2353019
2025-07-08 14:00:00,11.900,11.910,11.890,11.910,3347797
2025-07-08 14:30:00,11.910,11.920,11.890,11.910,2158345
2025-07-08 15:00:00,11.920,11.950,11.910,11.920,3022733
2025-07-09 10:00:00,11.930,12.050,11.910,12.030,9533828
2025-07-09 10:30:00,12.030,12.060,12.010,12.020,5247345
2025-07-09 11:00:00,12.020,12.030,11.980,11.990,2447877
2025-07-09 11:30:00,11.990,12.000,11.940,11.950,2158024
2025-07-09 13:30:00,11.940,11.970,11.930,11.960,2320285
2025-07-09 14:00:00,11.960,11.960,11.940,11.940,1449157
2025-07-09 14:30:00,11.940,11.950,11.900,11.920,3042676
2025-07-09 15:00:00,11.920,11.920,11.870,11.890,3908979
2025-07-10 10:00:00,11.860,11.880,11.820,11.850,6960937
2025-07-10 10:30:00,11.840,11.860,11.800,11.850,5078089
2025-07-10 11:00:00,11.840,11.850,11.800,11.820,2854619
2025-07-10 11:30:00,11.810,11.860,11.810,11.860,2415929
2025-07-10 13:30:00,11.860,11.870,11.820,11.840,2377799
2025-07-10 14:00:00,11.840,11.860,11.830,11.860,2285188
2025-07-10 14:30:00,11.850,11.890,11.850,11.860,3632591
2025-07-10 15:00:00,11.870,11.870,11.840,11.840,3957063
2025-07-11 10:00:00,11.830,11.930,11.830,11.920,4651740
2025-07-11 10:30:00,11.930,11.950,11.900,11.940,4141742
2025-07-11 11:00:00,11.930,11.970,11.930,11.930,2715213
2025-07-11 11:30:00,11.930,11.990,11.930,11.990,3864312
2025-07-11 13:30:00,11.990,12.010,11.970,11.970,4448400
2025-07-11 14:00:00,11.970,12.000,11.950,11.960,2740718
2025-07-11 14:30:00,11.950,12.000,11.950,11.990,2938382
2025-07-11 15:00:00,11.980,11.990,11.920,11.920,5065455
2025-07-14 10:00:00,11.930,11.970,11.910,11.930,4295140
2025-07-14 10:30:00,11.930,11.950,11.930,11.930,2545677
2025-07-14 11:00:00,11.930,12.000,11.920,11.950,3983245
2025-07-14 11:30:00,11.940,11.950,11.920,11.940,1432200
2025-07-14 13:30:00,11.930,11.940,11.900,11.930,2370684
2025-07-14 14:00:00,11.920,11.930,11.910,11.920,1429496
2025-07-14 14:30:00,11.920,11.930,11.910,11.920,2177600
2025-07-14 15:00:00,11.930,11.930,11.900,11.900,4401575
2025-07-15 10:00:00,11.900,11.940,11.870,11.900,3952385
2025-07-15 10:30:00,11.900,11.930,11.850,11.870,5352053
2025-07-15 11:00:00,11.870,11.900,11.850,11.860,2141134
2025-07-15 11:30:00,11.870,11.870,11.830,11.840,2566976
2025-07-15 13:30:00,11.830,11.900,11.830,11.880,3287985
2025-07-15 14:00:00,11.880,11.910,11.880,11.890,1462206
2025-07-15 14:30:00,11.890,11.900,11.880,11.890,1007945
2025-07-15 15:00:00,11.890,11.940,11.890,11.940,2949485
2025-07-16 10:00:00,11.910,11.990,11.880,11.970,4595695
2025-07-16 10:30:00,11.970,11.990,11.910,11.920,2299785
2025-07-16 11:00:00,11.930,11.930,11.900,11.910,1632252
2025-07-16 11:30:00,11.900,11.920,11.890,11.900,1461772
2025-07-16 13:30:00,11.910,11.920,11.860,11.880,2110775
2025-07-16 14:00:00,11.870,11.890,11.840,11.870,3239025
2025-07-16 14:30:00,11.880,11.890,11.850,11.880,1142021
2025-07-16 15:00:00,11.880,11.880,11.850,11.870,2198374
2025-07-17 10:00:00,11.920,11.960,11.890,11.950,4363047
2025-07-17 10:30:00,11.950,12.010,11.920,12.010,5575940
2025-07-17 11:00:00,12.010,12.070,11.980,12.030,7800428
2025-07-17 11:30:00,12.040,12.050,11.990,12.030,2387765
2025-07-17 13:30:00,12.020,12.160,12.020,12.130,18107333
2025-07-17 14:00:00,12.140,12.140,12.080,12.100,5920129
2025-07-17 14:30:00,12.100,12.130,12.090,12.100,4865298
2025-07-17 15:00:00,12.110,12.140,12.100,12.130,5868016
2025-07-18 10:00:00,12.160,12.220,12.090,12.120,10079918
2025-07-18 10:30:00,12.110,12.150,12.080,12.130,4131452
2025-07-18 11:00:00,12.130,12.190,12.130,12.160,4687384
2025-07-18 11:30:00,12.160,12.190,12.130,12.190,3257092
2025-07-18 13:30:00,12.190,12.230,12.160,12.210,6823076
2025-07-18 14:00:00,12.200,12.250,12.170,12.200,5167277
2025-07-18 14:30:00,12.190,12.230,12.190,12.220,2441434
2025-07-18 15:00:00,12.210,12.220,12.190,12.210,4487675
2025-07-21 10:00:00,12.220,12.330,12.190,12.310,10995075
2025-07-21 10:30:00,12.310,12.320,12.230,12.260,4907035
2025-07-21 11:00:00,12.270,12.320,12.250,12.250,3483335
2025-07-21 11:30:00,12.250,12.270,12.180,12.210,4617287
2025-07-21 13:30:00,12.210,12.280,12.210,12.250,3774827
2025-07-21 14:00:00,12.250,12.260,12.220,12.230,2819852
2025-07-21 14:30:00,12.240,12.290,12.240,12.250,2854664
2025-07-21 15:00:00,12.250,12.290,12.240,12.260,3793418
2025-07-22 10:00:00,12.290,12.380,12.260,12.350,10364574
2025-07-22 10:30:00,12.350,12.350,12.240,12.260,5947127
2025-07-22 11:00:00,12.260,12.360,12.250,12.350,4305759
2025-07-22 11:30:00,12.350,12.370,12.330,12.370,3049244
2025-07-22 13:30:00,12.370,12.380,12.330,12.360,4778774
2025-07-22 14:00:00,12.370,12.370,12.260,12.270,3696495
2025-07-22 14:30:00,12.260,12.280,12.220,12.280,4285789
2025-07-22 15:00:00,12.270,12.290,12.240,12.260,3534531
2025-07-23 10:00:00,12.270,12.300,12.150,12.180,9547598
2025-07-23 10:30:00,12.170,12.190,12.150,12.180,4629057
2025-07-23 11:00:00,12.170,12.180,12.110,12.130,4673417
2025-07-23 11:30:00,12.130,12.190,12.120,12.190,2312549
2025-07-23 13:30:00,12.190,12.200,12.150,12.200,2968838
2025-07-23 14:00:00,12.190,12.200,12.150,12.150,2843225
2025-07-23 14:30:00,12.150,12.160,12.080,12.110,5357194
2025-07-23 15:00:00,12.100,12.120,12.070,12.090,4835524
2025-07-24 10:00:00,12.080,12.190,12.070,12.190,5637493
2025-07-24 10:30:00,12.180,12.190,12.140,12.170,3196223
2025-07-24 11:00:00,12.170,12.200,12.160,12.190,2658963
2025-07-24 11:30:00,12.190,12.310,12.170,12.270,6892961
2025-07-24 13:30:00,12.270,12.540,12.270,12.350,11106469
2025-07-24 14:00:00,12.340,12.350,12.280,12.300,3670056
2025-07-24 14:30:00,12.300,12.380,12.290,12.350,3988303
2025-07-24 15:00:00,12.350,12.350,12.320,12.350,3917010
2025-07-25 10:00:00,12.350,12.390,12.260,12.320,6836966
2025-07-25 10:30:00,12.320,12.330,12.250,12.260,4564848
2025-07-25 11:00:00,12.260,12.270,12.210,12.220,4381160
2025-07-25 11:30:00,12.220,12.240,12.210,12.230,1498900
2025-07-25 13:30:00,12.230,12.250,12.210,12.230,2293583
2025-07-25 14:00:00,12.240,12.290,12.230,12.280,3175474
2025-07-25 14:30:00,12.280,12.290,12.220,12.240,2606228
2025-07-25 15:00:00,12.240,12.270,12.230,12.250,3992232
2025-07-28 10:00:00,12.300,12.490,12.260,12.420,13393828
2025-07-28 10:30:00,12.430,12.450,12.380,12.410,4345863
2025-07-28 11:00:00,12.410,12.460,12.390,12.450,3771439
2025-07-28 11:30:00,12.450,12.470,12.380,12.390,3322757
2025-07-28 13:30:00,12.380,12.420,12.350,12.410,2736188
2025-07-28 14:00:00,12.410,12.450,12.380,12.430,2604518
2025-07-28 14:30:00,12.420,12.430,12.370,12.380,3075714
2025-07-28 15:00:00,12.380,12.410,12.380,12.380,3827732
2025-07-29 10:00:00,12.380,12.430,12.320,12.320,8186616
2025-07-29 10:30:00,12.320,12.340,12.280,12.330,4990705
2025-07-29 11:00:00,12.340,12.400,12.330,12.360,2824214
2025-07-29 11:30:00,12.360,12.390,12.330,12.340,2035102
2025-07-29 13:30:00,12.340,12.380,12.320,12.340,2547153
2025-07-29 14:00:00,12.340,12.370,12.330,12.370,1708864
2025-07-29 14:30:00,12.360,12.440,12.360,12.410,4675744
2025-07-29 15:00:00,12.410,12.450,12.400,12.440,5167052
2025-07-30 10:00:00,12.550,13.000,12.540,12.860,50827837
2025-07-30 10:30:00,12.860,12.950,12.780,12.800,12271541
2025-07-30 11:00:00,12.800,13.030,12.790,12.890,16248183
2025-07-30 11:30:00,12.890,12.900,12.830,12.860,5071509
2025-07-30 13:30:00,12.850,12.910,12.780,12.880,7403299
2025-07-30 14:00:00,12.880,12.900,12.700,12.730,7630862
2025-07-30 14:30:00,12.730,12.780,12.650,12.760,7180127
2025-07-30 15:00:00,12.760,12.760,12.690,12.720,6569596
2025-07-31 10:00:00,12.800,12.840,12.670,12.730,17394559
2025-07-31 10:30:00,12.730,12.730,12.590,12.610,12637707
2025-07-31 11:00:00,12.610,12.620,12.570,12.600,6355902
2025-07-31 11:30:00,12.600,12.600,12.510,12.570,6085311
2025-07-31 13:30:00,12.560,12.670,12.550,12.610,7921478
2025-07-31 14:00:00,12.610,12.660,12.550,12.640,3754319
2025-07-31 14:30:00,12.640,12.640,12.510,12.520,6006501
2025-07-31 15:00:00,12.520,12.560,12.480,12.550,8877829
2025-08-01 10:00:00,12.570,12.580,12.350,12.370,15722728
2025-08-01 10:30:00,12.370,12.520,12.360,12.480,6335074
2025-08-01 11:00:00,12.480,12.550,12.430,12.460,4469893
2025-08-01 11:30:00,12.470,12.470,12.410,12.430,2633824
2025-08-01 13:30:00,12.440,12.440,12.350,12.370,5464625
2025-08-01 14:00:00,12.360,12.390,12.320,12.370,4051400
2025-08-01 14:30:00,12.350,12.390,12.320,12.360,3233792
2025-08-01 15:00:00,12.370,12.370,12.340,12.340,4331786
2025-08-04 10:00:00,12.250,12.440,12.210,12.400,14800482
2025-08-04 10:30:00,12.390,12.500,12.370,12.450,6903841
2025-08-04 11:00:00,12.440,12.470,12.410,12.450,4026205
2025-08-04 11:30:00,12.450,12.530,12.440,12.500,4739625
2025-08-04 13:30:00,12.520,12.570,12.490,12.560,4975482
2025-08-04 14:00:00,12.560,12.560,12.480,12.490,3772788
2025-08-04 14:30:00,12.500,12.540,12.490,12.540,2838766
2025-08-04 15:00:00,12.530,12.560,12.520,12.550,5696059
2025-08-05 10:00:00,12.540,12.740,12.490,12.690,15952534
2025-08-05 10:30:00,12.690,12.700,12.580,12.600,5974453
2025-08-05 11:00:00,12.600,12.610,12.520,12.550,3930089
2025-08-05 11:30:00,12.550,12.560,12.490,12.510,3260053
2025-08-05 13:30:00,12.520,12.550,12.490,12.520,3005948
2025-08-05 14:00:00,12.510,12.560,12.500,12.540,2659357
2025-08-05 14:30:00,12.530,12.550,12.520,12.530,2393165
2025-08-05 15:00:00,12.530,12.540,12.500,12.500,5119262
2025-08-06 10:00:00,12.510,12.670,12.470,12.670,12616064
2025-08-06 10:30:00,12.670,12.720,12.640,12.710,9034491
2025-08-06 11:00:00,12.710,12.770,12.680,12.760,7805397
2025-08-06 11:30:00,12.770,12.880,12.750,12.800,10344796
2025-08-06 13:30:00,12.800,12.810,12.730,12.770,6024817
2025-08-06 14:00:00,12.760,12.790,12.750,12.760,3592274
2025-08-06 14:30:00,12.770,12.780,12.740,12.770,3774229
2025-08-06 15:00:00,12.760,12.790,12.740,12.770,6716181
2025-08-07 10:00:00,12.800,12.830,12.630,12.700,14824046
2025-08-07 10:30:00,12.700,12.720,12.630,12.640,5553166
2025-08-07 11:00:00,12.640,12.700,12.630,12.680,3332353
2025-08-07 11:30:00,12.690,12.740,12.670,12.710,3258724
2025-08-07 13:30:00,12.710,12.720,12.650,12.680,3005512
2025-08-07 14:00:00,12.670,12.710,12.660,12.670,2482207
2025-08-07 14:30:00,12.680,12.700,12.660,12.670,2184873
2025-08-07 15:00:00,12.680,12.690,12.660,12.680,4206407
2025-08-08 10:00:00,12.630,12.710,12.590,12.660,8998980
2025-08-08 10:30:00,12.660,12.680,12.590,12.640,4667844
2025-08-08 11:00:00,12.640,12.710,12.630,12.680,3340467
2025-08-08 11:30:00,12.670,12.670,12.630,12.660,1945600
2025-08-08 13:30:00,12.650,12.670,12.630,12.630,2842873
2025-08-08 14:00:00,12.640,12.650,12.610,12.630,2667866
2025-08-08 14:30:00,12.640,12.680,12.630,12.660,2442147
2025-08-08 15:00:00,12.650,12.670,12.640,12.650,2726595
2025-08-11 10:00:00,12.690,12.770,12.650,12.720,7358089
2025-08-11 10:30:00,12.720,12.740,12.700,12.710,4266410
2025-08-11 11:00:00,12.710,12.720,12.670,12.700,3326886
2025-08-11 11:30:00,12.710,12.730,12.690,12.720,2486061
2025-08-11 13:30:00,12.730,12.750,12.680,12.690,4790767
2025-08-11 14:00:00,12.690,12.710,12.680,12.690,2651586
2025-08-11 14:30:00,12.700,12.720,12.620,12.640,5599699
2025-08-11 15:00:00,12.640,12.650,12.620,12.620,5505797
2025-08-12 10:00:00,12.620,12.620,12.490,12.530,11568376
2025-08-12 10:30:00,12.530,12.540,12.440,12.440,8693401
2025-08-12 11:00:00,12.440,12.460,12.420,12.430,5544475
2025-08-12 11:30:00,12.420,12.460,12.420,12.450,2783956
2025-08-12 13:30:00,12.460,12.500,12.450,12.470,3881507
2025-08-12 14:00:00,12.470,12.480,12.440,12.460,2950397
2025-08-12 14:30:00,12.460,12.480,12.440,12.450,2972552
2025-08-12 15:00:00,12.450,12.470,12.440,12.450,4894731
2025-08-13 10:00:00,12.450,12.590,12.440,12.560,10403294
2025-08-13 10:30:00,12.560,12.560,12.500,12.560,6063606
2025-08-13 11:00:00,12.550,12.560,12.480,12.480,3206903
2025-08-13 11:30:00,12.480,12.540,12.480,12.520,2383758
2025-08-13 13:30:00,12.510,12.530,12.480,12.480,3715816
2025-08-13 14:00:00,12.480,12.500,12.470,12.470,2908270
2025-08-13 14:30:00,12.480,12.490,12.430,12.440,5852361
2025-08-13 15:00:00,12.440,12.470,12.420,12.440,6705532
2025-08-14 10:00:00,12.470,12.510,12.330,12.340,13835656
2025-08-14 10:30:00,12.350,12.410,12.330,12.390,5780748
2025-08-14 11:00:00,12.390,12.400,12.340,12.390,5008102
2025-08-14 11:30:00,12.400,12.420,12.350,12.350,2611741
2025-08-14 13:30:00,12.350,12.360,12.230,12.260,7860886
2025-08-14 14:00:00,12.270,12.300,12.260,12.270,3111839
2025-08-14 14:30:00,12.280,12.330,12.270,12.330,3190229
2025-08-14 15:00:00,12.320,12.330,12.280,12.280,4599433
2025-08-15 10:00:00,12.260,12.330,12.260,12.310,6148106
2025-08-15 10:30:00,12.320,12.350,12.280,12.320,3741797
2025-08-15 11:00:00,12.320,12.340,12.300,12.320,2947124
2025-08-15 11:30:00,12.320,12.330,12.300,12.330,1682424
2025-08-15 13:30:00,12.330,12.350,12.320,12.340,3741174
2025-08-15 14:00:00,12.330,12.360,12.330,12.340,2924734
2025-08-15 14:30:00,12.340,12.360,12.280,12.290,4692579
2025-08-15 15:00:00,12.300,12.330,12.290,12.290,5701498
2025-08-18 10:00:00,12.300,12.420,12.300,12.400,9018058
2025-08-18 10:30:00,12.400,12.460,12.400,12.440,7052578
2025-08-18 11:00:00,12.440,12.450,12.390,12.390,4042485
2025-08-18 11:30:00,12.400,12.430,12.390,12.420,2841411
2025-08-18 13:30:00,12.430,12.450,12.410,12.420,4532203
2025-08-18 14:00:00,12.420,12.440,12.390,12.400,3629349
2025-08-18 14:30:00,12.390,12.410,12.370,12.370,3619732
2025-08-18 15:00:00,12.380,12.430,12.370,12.410,5356856
2025-08-19 10:00:00,12.440,12.440,12.330,12.370,8979333
2025-08-19 10:30:00,12.360,12.380,12.300,12.330,6348609
2025-08-19 11:00:00,12.320,12.360,12.320,12.350,2264718
2025-08-19 11:30:00,12.350,12.380,12.350,12.370,2200069
2025-08-19 13:30:00,12.370,12.380,12.340,12.340,2582461
2025-08-19 14:00:00,12.340,12.360,12.310,12.320,3887836
2025-08-19 14:30:00,12.310,12.340,12.300,12.310,3298495
2025-08-19 15:00:00,12.310,12.330,12.300,12.310,3787743
2025-08-20 10:00:00,12.290,12.320,12.230,12.300,7106503
2025-08-20 10:30:00,12.310,12.420,12.300,12.380,7114618
2025-08-20 11:00:00,12.380,12.410,12.350,12.360,3447264
2025-08-20 11:30:00,12.350,12.370,12.310,12.330,2748265
2025-08-20 13:30:00,12.340,12.350,12.320,12.330,2109326
2025-08-20 14:00:00,12.340,12.360,12.330,12.350,1880699
2025-08-20 14:30:00,12.350,12.390,12.350,12.370,2653373
2025-08-20 15:00:00,12.370,12.400,12.360,12.400,4705013
2025-08-21 10:00:00,12.420,12.460,12.380,12.410,9253801
2025-08-21 10:30:00,12.410,12.460,12.390,12.450,5572249
2025-08-21 11:00:00,12.440,12.490,12.440,12.460,5806490
2025-08-21 11:30:00,12.460,12.470,12.430,12.450,2788027
2025-08-21 13:30:00,12.450,12.460,12.430,12.440,2269904
2025-08-21 14:00:00,12.430,12.460,12.420,12.440,2489700
2025-08-21 14:30:00,12.450,12.470,12.420,12.450,4154800
2025-08-21 15:00:00,12.450,12.450,12.400,12.420,4362703
2025-08-22 10:00:00,12.420,12.440,12.340,12.370,7549692
2025-08-22 10:30:00,12.370,12.380,12.340,12.370,3147193
2025-08-22 11:00:00,12.370,12.470,12.360,12.440,5205122
2025-08-22 11:30:00,12.440,12.450,12.410,12.430,1843109
2025-08-22 13:30:00,12.440,12.450,12.410,12.420,2636320
2025-08-22 14:00:00,12.410,12.450,12.410,12.440,3522835
2025-08-22 14:30:00,12.440,12.480,12.440,12.470,4712082
2025-08-22 15:00:00,12.480,12.590,12.470,12.570,12870212
2025-08-25 10:00:00,12.600,12.670,12.550,12.670,16278655
2025-08-25 10:30:00,12.670,12.740,12.660,12.690,8308452
2025-08-25 11:00:00,12.680,12.720,12.660,12.690,6215275
2025-08-25 11:30:00,12.700,12.720,12.610,12.630,6107097
2025-08-25 13:30:00,12.640,12.650,12.560,12.640,6657264
2025-08-25 14:00:00,12.640,12.710,12.610,12.680,6093970
2025-08-25 14:30:00,12.680,12.720,12.660,12.720,4789144
2025-08-25 15:00:00,12.710,12.720,12.700,12.720,7130553
2025-08-26 10:00:00,12.700,12.720,12.570,12.700,10117645
2025-08-26 10:30:00,12.690,12.720,12.640,12.660,5922211
2025-08-26 11:00:00,12.650,12.670,12.630,12.650,3334947
2025-08-26 11:30:00,12.650,12.710,12.640,12.710,3013685
2025-08-26 13:30:00,12.700,12.720,12.660,12.660,4265937
2025-08-26 14:00:00,12.660,12.700,12.630,12.680,5887911
2025-08-26 14:30:00,12.680,12.700,12.670,12.670,2788646
2025-08-26 15:00:00,12.680,12.680,12.630,12.650,5753690
2025-08-27 10:00:00,12.670,12.740,12.620,12.680,8839922
2025-08-27 10:30:00,12.690,12.700,12.650,12.650,3253939
2025-08-27 11:00:00,12.660,12.670,12.620,12.640,4185716
2025-08-27 11:30:00,12.630,12.700,12.630,12.690,3668617
2025-08-27 13:30:00,12.700,12.700,12.650,12.670,3284610
2025-08-27 14:00:00,12.660,12.670,12.540,12.540,7063911
2025-08-27 14:30:00,12.550,12.600,12.470,12.480,7480792
2025-08-27 15:00:00,12.480,12.530,12.360,12.370,10497956
2025-08-28 10:00:00,12.360,12.490,12.360,12.370,10789794
2025-08-28 10:30:00,12.370,12.400,12.320,12.340,4253330
2025-08-28 11:00:00,12.350,12.400,12.340,12.360,3383588
2025-08-28 11:30:00,12.350,12.370,12.230,12.270,5653543
2025-08-28 13:30:00,12.270,12.280,12.140,12.150,6857590
2025-08-28 14:00:00,12.150,12.240,12.110,12.220,5864844
2025-08-28 14:30:00,12.230,12.350,12.220,12.340,4482972
2025-08-28 15:00:00,12.350,12.530,12.340,12.530,8048710
2025-08-29 10:00:00,12.530,12.680,12.460,12.630,17593245
2025-08-29 10:30:00,12.630,12.720,12.610,12.650,8957278
2025-08-29 11:00:00,12.640,12.680,12.620,12.620,3047511
2025-08-29 11:30:00,12.630,12.690,12.580,12.650,4906729
2025-08-29 13:30:00,12.650,12.700,12.630,12.660,5889321
2025-08-29 14:00:00,12.660,12.810,12.660,12.780,17237054
2025-08-29 14:30:00,12.790,12.860,12.760,12.840,13148484
2025-08-29 15:00:00,12.840,12.870,12.830,12.860,13664269
2025-09-01 10:00:00,13.000,13.050,12.700,12.750,26030488
2025-09-01 10:30:00,12.750,12.780,12.690,12.700,8734921
2025-09-01 11:00:00,12.700,12.730,12.680,12.690,4993726
2025-09-01 11:30:00,12.690,12.750,12.680,12.690,4742228
2025-09-01 13:30:00,12.700,12.850,12.690,12.800,6327034
2025-09-01 14:00:00,12.800,12.840,12.760,12.840,4530706
2025-09-01 14:30:00,12.830,12.880,12.800,12.860,5270012
2025-09-01 15:00:00,12.870,12.890,12.850,12.880,7330941
2025-09-02 10:00:00,12.840,12.850,12.650,12.650,12700869
2025-09-02 10:30:00,12.650,12.710,12.600,12.710,7261642
2025-09-02 11:00:00,12.710,12.720,12.610,12.630,5624135
2025-09-02 11:30:00,12.630,12.670,12.580,12.620,5439237
2025-09-02 13:30:00,12.630,12.730,12.580,12.630,4664173
2025-09-02 14:00:00,12.630,12.700,12.620,12.640,3455927
2025-09-02 14:30:00,12.650,12.720,12.630,12.680,3595572
2025-09-02 15:00:00,12.680,12.700,12.650,12.700,5093970
2025-09-03 10:00:00,12.740,12.750,12.360,12.420,15208910
2025-09-03 10:30:00,12.410,12.440,12.250,12.260,12399738
2025-09-03 11:00:00,12.260,12.360,12.170,12.300,10404862
2025-09-03 11:30:00,12.300,12.340,12.180,12.210,5184180
2025-09-03 13:30:00,12.210,12.280,12.180,12.190,5518343
2025-09-03 14:00:00,12.190,12.230,12.150,12.170,6361650
2025-09-03 14:30:00,12.170,12.230,12.150,12.170,5410562
2025-09-03 15:00:00,12.170,12.200,12.030,12.120,10054511
2025-09-04 10:00:00,12.070,12.090,11.810,11.870,21592429
2025-09-04 10:30:00,11.870,11.880,11.820,11.840,8046961
2025-09-04 11:00:00,11.840,11.850,11.790,11.850,6851495
2025-09-04 11:30:00,11.850,11.880,11.820,11.850,2517865
2025-09-04 13:30:00,11.840,11.900,11.820,11.850,4313616
2025-09-04 14:00:00,11.840,11.850,11.800,11.820,3587776
2025-09-04 14:30:00,11.820,11.820,11.710,11.750,7359837
2025-09-04 15:00:00,11.740,11.870,11.700,11.820,5863994
2025-09-05 10:00:00,11.850,11.860,11.680,11.780,10112181
2025-09-05 10:30:00,11.780,11.820,11.770,11.810,4218101
2025-09-05 11:00:00,11.810,11.850,11.800,11.820,3600709
2025-09-05 11:30:00,11.820,11.830,11.780,11.790,2654338
2025-09-05 13:30:00,11.800,11.830,11.780,11.810,3145797
2025-09-05 14:00:00,11.810,11.920,11.800,11.900,4703707
2025-09-05 14:30:00,11.910,12.020,11.900,12.020,6676695
2025-09-05 15:00:00,12.020,12.030,11.940,11.970,5766670
2025-09-08 10:00:00,11.980,12.020,11.930,12.000,9382218
2025-09-08 10:30:00,12.000,12.020,11.950,11.950,3347523
2025-09-08 11:00:00,11.960,11.970,11.920,11.950,2658714
2025-09-08 11:30:00,11.950,11.990,11.950,11.970,2685578
2025-09-08 13:30:00,11.980,12.010,11.960,12.010,2810205
2025-09-08 14:00:00,12.010,12.110,12.000,12.110,5273629
2025-09-08 14:30:00,12.110,12.160,12.090,12.140,5190176
2025-09-08 15:00:00,12.140,12.180,12.140,12.170,4726528
2025-09-09 10:00:00,12.140,12.140,12.040,12.080,5409789
2025-09-09 10:30:00,12.090,12.100,12.050,12.080,2897713
2025-09-09 11:00:00,12.080,12.120,12.080,12.090,1881352
2025-09-09 11:30:00,12.090,12.130,12.090,12.120,2032533
2025-09-09 13:30:00,12.110,12.120,12.030,12.060,3472813
2025-09-09 14:00:00,12.070,12.070,12.010,12.030,2839631
2025-09-09 14:30:00,12.030,12.110,12.020,12.040,2677707
2025-09-09 15:00:00,12.040,12.080,12.030,12.060,2195865
2025-09-10 10:00:00,12.060,12.420,12.060,12.270,13538676
2025-09-10 10:30:00,12.270,12.300,12.200,12.210,2957628
2025-09-10 11:00:00,12.210,12.220,12.150,12.190,2326991
2025-09-10 11:30:00,12.180,12.210,12.160,12.190,1518737
2025-09-10 13:30:00,12.190,12.200,12.150,12.180,1616995
2025-09-10 14:00:00,12.180,12.230,12.140,12.190,1589312
2025-09-10 14:30:00,12.180,12.220,12.170,12.180,1332427
2025-09-10 15:00:00,12.180,12.200,12.150,12.150,2462834
2025-09-11 10:00:00,12.130,12.180,12.070,12.100,4626203
2025-09-11 10:30:00,12.100,12.130,12.080,12.090,2062950
2025-09-11 11:00:00,12.100,12.140,12.090,12.120,2045811
2025-09-11 11:30:00,12.120,12.210,12.110,12.200,2922109
2025-09-11 13:30:00,12.200,12.220,12.180,12.200,3005902
2025-09-11 14:00:00,12.200,12.210,12.170,12.190,1719026
2025-09-11 14:30:00,12.180,12.220,12.180,12.220,2033154
2025-09-11 15:00:00,12.220,12.270,12.220,12.270,5148942
2025-09-12 10:00:00,12.270,12.280,12.200,12.220,4937774
2025-09-12 10:30:00,12.220,12.260,12.210,12.260,2553127
2025-09-12 11:00:00,12.260,12.270,12.190,12.200,2804041
2025-09-12 11:30:00,12.190,12.220,12.160,12.220,2221362
2025-09-12 13:30:00,12.220,12.480,12.180,12.470,13884776
2025-09-12 14:00:00,12.460,12.510,12.400,12.400,5780372
2025-09-12 14:30:00,12.400,12.410,12.350,12.370,3154674
2025-09-12 15:00:00,12.370,12.370,12.330,12.330,3374634
2025-09-15 10:00:00,12.340,12.380,12.200,12.210,7173996
2025-09-15 10:30:00,12.210,12.230,12.180,12.210,3422902
2025-09-15 11:00:00,12.210,12.240,12.190,12.210,2161713
2025-09-15 11:30:00,12.210,12.230,12.190,12.200,1169091
2025-09-15 13:30:00,12.210,12.210,12.180,12.190,2580344
2025-09-15 14:00:00,12.190,12.200,12.160,12.180,2179224
2025-09-15 14:30:00,12.180,12.200,12.130,12.130,3061904
2025-09-15 15:00:00,12.130,12.190,12.130,12.150,2761404
2025-09-16 10:00:00,12.140,12.170,12.000,12.030,8811053
2025-09-16 10:30:00,12.030,12.050,11.980,12.020,5770516
2025-09-16 11:00:00,12.010,12.020,11.950,11.950,3628995
2025-09-16 11:30:00,11.950,12.010,11.930,11.990,2300372
2025-09-16 13:30:00,12.000,12.020,11.990,11.990,1392399
2025-09-16 14:00:00,11.990,12.030,11.980,12.030,1915920
2025-09-16 14:30:00,12.030,12.060,12.010,12.020,1514552
2025-09-16 15:00:00,12.010,12.030,12.000,12.010,2816344
2025-09-17 10:00:00,12.010,12.090,11.950,12.040,5216877
2025-09-17 10:30:00,12.040,12.060,11.980,12.000,2257154
2025-09-17 11:00:00,12.000,12.040,11.970,12.020,1509848
2025-09-17 11:30:00,12.030,12.060,12.010,12.060,1265264
2025-09-17 13:30:00,12.060,12.070,12.000,12.000,1788612
2025-09-17 14:00:00,12.010,12.020,11.990,12.020,1660530
2025-09-17 14:30:00,12.010,12.030,11.990,12.000,2146340
2025-09-17 15:00:00,11.990,12.020,11.980,12.010,2964630
2025-09-18 10:00:00,11.980,12.060,11.950,12.040,4961822
2025-09-18 10:30:00,12.040,12.100,12.030,12.090,3661268
2025-09-18 11:00:00,12.080,12.080,12.050,12.070,1883896
2025-09-18 11:30:00,12.070,12.090,12.050,12.080,1853607
2025-09-18 13:30:00,12.080,12.090,12.000,12.020,3672668
2025-09-18 14:00:00,12.020,12.030,11.950,11.950,2864953
2025-09-18 14:30:00,11.950,11.970,11.860,11.870,6523260
2025-09-18 15:00:00,11.880,11.910,11.800,11.880,5810843
2025-09-19 10:00:00,11.840,12.100,11.840,12.020,12275132
2025-09-19 10:30:00,12.030,12.060,11.990,12.030,2607153
2025-09-19 11:00:00,12.030,12.050,11.980,12.010,2065621
2025-09-19 11:30:00,12.010,12.030,11.960,12.020,2744705
2025-09-19 13:30:00,12.020,12.060,11.980,11.990,1872489
2025-09-19 14:00:00,12.000,12.050,11.970,12.000,2121074
2025-09-19 14:30:00,11.990,12.060,11.980,12.060,2179368
2025-09-19 15:00:00,12.060,12.060,12.030,12.040,2948327
2025-09-22 10:00:00,12.050,12.050,11.940,11.960,5356243
2025-09-22 10:30:00,11.950,12.000,11.930,11.970,2970089
2025-09-22 11:00:00,11.970,11.990,11.920,11.930,2478939
2025-09-22 11:30:00,11.930,11.940,11.900,11.920,2157340
2025-09-22 13:30:00,11.930,11.940,11.910,11.910,1571328
2025-09-22 14:00:00,11.910,11.920,11.880,11.890,2499715
2025-09-22 14:30:00,11.880,11.920,11.860,11.900,2108015
2025-09-22 15:00:00,11.900,12.050,11.900,12.000,4928903
2025-09-23 10:00:00,12.010,12.070,11.950,11.960,5137158
2025-09-23 10:30:00,11.960,11.970,11.800,11.830,5240132
2025-09-23 11:00:00,11.830,11.900,11.770,11.870,3912240
2025-09-23 11:30:00,11.880,11.910,11.830,11.830,1968014
2025-09-23 13:30:00,11.830,11.920,11.810,11.900,2982474
2025-09-23 14:00:00,11.910,11.950,11.880,11.950,2333623
2025-09-23 14:30:00,11.940,12.020,11.890,12.020,3389104
2025-09-23 15:00:00,12.020,12.080,12.000,12.080,4965292
2025-09-24 10:00:00,12.010,12.060,11.960,12.020,4595055
2025-09-24 10:30:00,12.020,12.080,11.960,12.050,3361186
2025-09-24 11:00:00,12.060,12.080,12.030,12.070,1926375
2025-09-24 11:30:00,12.070,12.080,12.030,12.070,1836930
2025-09-24 13:30:00,12.070,12.090,12.050,12.070,2415789
2025-09-24 14:00:00,12.070,12.120,12.060,12.100,3167789
2025-09-24 14:30:00,12.100,12.120,12.050,12.080,3091248
2025-09-24 15:00:00,12.060,12.100,12.050,12.090,2647010
2025-09-25 10:00:00,12.070,12.070,11.980,12.000,5171110
2025-09-25 10:30:00,11.990,12.020,11.960,11.990,3271095
2025-09-25 11:00:00,11.990,12.050,11.980,12.010,1343315
2025-09-25 11:30:00,12.010,12.060,12.010,12.030,1753690
2025-09-25 13:30:00,12.040,12.050,11.990,12.020,3100965
2025-09-25 14:00:00,12.020,12.030,11.990,12.000,2159700
2025-09-25 14:30:00,11.990,12.020,11.980,12.000,2177834
2025-09-25 15:00:00,12.000,12.020,11.980,11.980,3111784
2025-09-26 10:00:00,11.970,12.080,11.950,12.080,4710912
2025-09-26 10:30:00,12.080,12.150,12.040,12.150,7003290
2025-09-26 11:00:00,12.150,12.240,12.140,12.210,8050056
2025-09-26 11:30:00,12.200,12.240,12.200,12.230,3580945
2025-09-26 13:30:00,12.240,12.280,12.210,12.270,5401400
2025-09-26 14:00:00,12.270,12.340,12.270,12.280,7813487
2025-09-26 14:30:00,12.290,12.300,12.250,12.260,4216162
2025-09-26 15:00:00,12.260,12.280,12.230,12.230,4124556
2025-09-29 10:00:00,12.230,12.250,12.100,12.250,8032689
2025-09-29 10:30:00,12.250,12.300,12.220,12.290,5109246
2025-09-29 11:00:00,12.290,12.310,12.200,12.240,3709818
2025-09-29 11:30:00,12.240,12.260,12.220,12.240,1893007
2025-09-29 13:30:00,12.250,12.350,12.240,12.330,5053018
2025-09-29 14:00:00,12.330,12.390,12.330,12.390,5285825
2025-09-29 14:30:00,12.390,12.400,12.320,12.360,4586673
2025-09-29 15:00:00,12.370,12.370,12.340,12.360,3565491
2025-09-30 10:00:00,12.340,12.420,12.290,12.410,6664437
2025-09-30 10:30:00,12.400,12.470,12.390,12.440,5848009
2025-09-30 11:00:00,12.440,12.540,12.440,12.520,9490390
2025-09-30 11:30:00,12.530,12.570,12.480,12.540,6659852
2025-09-30 13:30:00,12.540,12.600,12.520,12.600,7411422
2025-09-30 14:00:00,12.600,12.620,12.540,12.580,7844793
2025-09-30 14:30:00,12.580,12.610,12.580,12.600,4379981
2025-09-30 15:00:00,12.600,12.620,12.580,12.610,9340549
2025-10-09 10:00:00,12.600,12.630,12.440,12.510,10889602
2025-10-09 10:30:00,12.500,12.600,12.480,12.590,5218911
2025-10-09 11:00:00,12.590,12.630,12.560,12.590,4361130
2025-10-09 11:30:00,12.580,12.640,12.580,12.620,3574095
2025-10-09 13:30:00,12.620,12.650,12.610,12.650,3956286
2025-10-09 14:00:00,12.640,12.670,12.600,12.630,4525821
2025-10-09 14:30:00,12.620,12.650,12.620,12.630,3293706
2025-10-09 15:00:00,12.620,12.680,12.620,12.680,5274879
2025-10-10 10:00:00,12.670,12.770,12.630,12.700,9260018
2025-10-10 10:30:00,12.690,12.740,12.630,12.710,4802407
2025-10-10 11:00:00,12.700,12.710,12.630,12.650,2753718
2025-10-10 11:30:00,12.650,12.680,12.630,12.660,2634496
2025-10-10 13:30:00,12.650,12.670,12.620,12.650,2459708
2025-10-10 14:00:00,12.650,12.700,12.630,12.690,4120010
2025-10-10 14:30:00,12.690,12.700,12.610,12.630,3146970
2025-10-10 15:00:00,12.630,12.630,12.560,12.570,5714262
2025-10-13 10:00:00,12.400,12.620,12.350,12.520,13819893
2025-10-13 10:30:00,12.530,12.690,12.510,12.680,7159702
2025-10-13 11:00:00,12.670,12.730,12.650,12.720,5012025
2025-10-13 11:30:00,12.720,12.730,12.630,12.650,3194148
2025-10-13 13:30:00,12.640,12.670,12.620,12.670,2541883
2025-10-13 14:00:00,12.670,12.700,12.670,12.690,2831299
2025-10-13 14:30:00,12.690,12.700,12.660,12.690,3211795
2025-10-13 15:00:00,12.690,12.720,12.670,12.710,6290981
2025-10-14 10:00:00,12.700,12.920,12.650,12.870,13707512
2025-10-14 10:30:00,12.880,12.890,12.760,12.760,6169050
2025-10-14 11:00:00,12.770,12.790,12.670,12.670,3443672
2025-10-14 11:30:00,12.670,12.730,12.630,12.720,3395916
2025-10-14 13:30:00,12.720,12.740,12.630,12.690,3006919
2025-10-14 14:00:00,12.690,12.710,12.640,12.650,2341997
2025-10-14 14:30:00,12.650,12.680,12.600,12.640,4414806
2025-10-14 15:00:00,12.640,12.680,12.600,12.620,4469116
2025-10-15 10:00:00,12.620,12.690,12.470,12.680,8207759
2025-10-15 10:30:00,12.680,12.800,12.670,12.710,9433003
2025-10-15 11:00:00,12.710,12.710,12.570,12.590,3912005
2025-10-15 11:30:00,12.580,12.610,12.540,12.580,2327316
2025-10-15 13:30:00,12.580,12.660,12.560,12.640,2529830
2025-10-15 14:00:00,12.650,12.670,12.600,12.630,2566968
2025-10-15 14:30:00,12.630,12.700,12.610,12.670,3040793
2025-10-15 15:00:00,12.670,12.690,12.640,12.660,3731591
2025-10-16 10:00:00,12.670,12.770,12.590,12.670,6888347
2025-10-16 10:30:00,12.660,12.690,12.630,12.660,2560497
2025-10-16 11:00:00,12.650,12.690,12.610,12.660,1974386
2025-10-16 11:30:00,12.650,12.670,12.630,12.660,1247063
2025-10-16 13:30:00,12.650,12.780,12.640,12.710,8380315
2025-10-16 14:00:00,12.710,12.740,12.680,12.690,4856979
2025-10-16 14:30:00,12.690,12.760,12.680,12.720,5782702
2025-10-16 15:00:00,12.730,12.730,12.660,12.690,4505844
2025-10-17 10:00:00,12.660,12.750,12.580,12.590,6953963
2025-10-17 10:30:00,12.600,12.630,12.560,12.610,3595569
2025-10-17 11:00:00,12.610,12.630,12.590,12.610,1808431
2025-10-17 11:30:00,12.600,12.620,12.570,12.580,2386530
2025-10-17 13:30:00,12.590,12.590,12.460,12.470,6949554
2025-10-17 14:00:00,12.460,12.490,12.360,12.360,7872660
2025-10-17 14:30:00,12.370,12.390,12.300,12.320,6145566
2025-10-17 15:00:00,12.320,12.330,12.260,12.280,7358526
2025-10-20 10:00:00,12.330,12.410,12.320,12.370,7458266
2025-10-20 10:30:00,12.370,12.380,12.270,12.270,3540000
2025-10-20 11:00:00,12.270,12.320,12.260,12.270,2549627
2025-10-20 11:30:00,12.260,12.310,12.240,12.260,2242299
2025-10-20 13:30:00,12.260,12.280,12.200,12.240,2754724
2025-10-20 14:00:00,12.240,12.260,12.190,12.250,2787687
2025-10-20 14:30:00,12.240,12.250,12.200,12.230,2608305
2025-10-20 15:00:00,12.230,12.280,12.210,12.250,3240951
2025-10-21 10:00:00,12.250,12.330,12.220,12.260,4443284
2025-10-21 10:30:00,12.260,12.290,12.230,12.280,2736665
2025-10-21 11:00:00,12.280,12.300,12.250,12.250,2309690
2025-10-21 11:30:00,12.250,12.310,12.250,12.300,1935538
2025-10-21 13:30:00,12.300,12.310,12.220,12.230,3820005
2025-10-21 14:00:00,12.230,12.250,12.200,12.210,3217165
2025-10-21 14:30:00,12.210,12.230,12.210,12.220,2794925
2025-10-21 15:00:00,12.220,12.230,12.210,12.220,4534946
2025-10-22 10:00:00,12.200,12.210,12.110,12.170,5201695
2025-10-22 10:30:00,12.170,12.200,12.160,12.200,2228971
2025-10-22 11:00:00,12.200,12.200,12.150,12.160,1979366
2025-10-22 11:30:00,12.150,12.160,12.120,12.130,2038998
2025-10-22 13:30:00,12.120,12.160,12.110,12.160,2472019
2025-10-22 14:00:00,12.150,12.150,12.080,12.080,3311041
2025-10-22 14:30:00,12.070,12.100,12.070,12.090,2875179
2025-10-22 15:00:00,12.090,12.100,12.040,12.060,5996523
2025-10-23 10:00:00,12.060,12.100,11.960,11.960,6481190
2025-10-23 10:30:00,11.960,11.970,11.930,11.960,3821782
2025-10-23 11:00:00,11.960,12.000,11.950,11.970,2002622
2025-10-23 11:30:00,11.970,12.030,11.950,11.980,1653370
2025-10-23 13:30:00,11.990,11.990,11.940,11.940,1494996
2025-10-23 14:00:00,11.950,11.960,11.920,11.950,2317359
2025-10-23 14:30:00,11.940,12.030,11.930,12.030,1940100
2025-10-23 15:00:00,12.020,12.100,12.010,12.090,3381492
2025-10-24 10:00:00,12.120,12.350,12.120,12.320,13469338
2025-10-24 10:30:00,12.320,12.550,12.300,12.380,15884969
2025-10-24 11:00:00,12.380,12.380,12.310,12.320,2905323
2025-10-24 11:30:00,12.320,12.330,12.290,12.300,2187569
2025-10-24 13:30:00,12.300,12.320,12.240,12.250,3482756
2025-10-24 14:00:00,12.250,12.250,12.210,12.220,3968849
2025-10-24 14:30:00,12.220,12.230,12.180,12.210,4359839
2025-10-24 15:00:00,12.210,12.240,12.180,12.230,6023359
2025-10-27 10:00:00,12.300,12.360,12.240,12.320,10032175
2025-10-27 10:30:00,12.310,12.320,12.200,12.200,6021325
2025-10-27 11:00:00,12.200,12.260,12.180,12.210,3657125
2025-10-27 11:30:00,12.210,12.250,12.190,12.230,2425264
2025-10-27 13:30:00,12.220,12.260,12.190,12.210,5121566
2025-10-27 14:00:00,12.210,12.220,12.170,12.170,4850608
2025-10-27 14:30:00,12.170,12.230,12.170,12.210,4003024
2025-10-27 15:00:00,12.200,12.230,12.190,12.230,4331657
2025-10-28 10:00:00,12.240,12.240,12.130,12.200,5168234
2025-10-28 10:30:00,12.200,12.270,12.200,12.230,3963529
2025-10-28 11:00:00,12.220,12.270,12.220,12.270,2606652
2025-10-28 11:30:00,12.260,12.290,12.260,12.280,2838266
2025-10-28 13:30:00,12.270,12.350,12.270,12.340,6982671
2025-10-28 14:00:00,12.340,12.340,12.260,12.280,4137086
2025-10-28 14:30:00,12.280,12.300,12.270,12.280,2072265
2025-10-28 15:00:00,12.270,12.290,12.260,12.260,3538057
2025-10-29 10:00:00,12.250,12.250,12.180,12.200,7200511
2025-10-29 10:30:00,12.200,12.230,12.180,12.200,4286970
2025-10-29 11:00:00,12.200,12.260,12.190,12.240,2221736
2025-10-29 11:30:00,12.250,12.280,12.230,12.270,2351811
2025-10-29 13:30:00,12.270,12.320,12.260,12.300,4372965
2025-10-29 14:00:00,12.300,12.340,12.280,12.300,3286280
2025-10-29 14:30:00,12.310,12.390,12.300,12.350,5223905
2025-10-29 15:00:00,12.340,12.390,12.340,12.360,4729313
2025-10-30 10:00:00,12.380,12.400,12.190,12.230,12283481
2025-10-30 10:30:00,12.230,12.270,12.190,12.230,5271859
2025-10-30 11:00:00,12.230,12.260,12.210,12.260,3234815
2025-10-30 11:30:00,12.250,12.290,12.200,12.210,3661137
2025-10-30 13:30:00,12.220,12.240,12.160,12.210,4585552
2025-10-30 14:00:00,12.210,12.270,12.210,12.250,2505887
2025-10-30 14:30:00,12.250,12.260,12.180,12.200,2541321
2025-10-30 15:00:00,12.200,12.210,12.170,12.170,3946676
2025-10-31 10:00:00,12.150,12.260,12.130,12.190,7596603
2025-10-31 10:30:00,12.190,12.220,12.160,12.170,3400459
2025-10-31 11:00:00,12.160,12.190,12.150,12.170,3166093
2025-10-31 11:30:00,12.160,12.170,12.110,12.150,4020486
2025-10-31 13:30:00,12.150,12.150,12.120,12.140,2338000
2025-10-31 14:00:00,12.150,12.150,12.110,12.120,2757018
2025-10-31 14:30:00,12.120,12.140,12.110,12.130,2507099
2025-10-31 15:00:00,12.130,12.140,12.110,12.110,3238521
2025-11-03 10:00:00,12.110,12.150,12.050,12.090,6403334
2025-11-03 10:30:00,12.090,12.130,12.070,12.070,3547363
2025-11-03 11:00:00,12.070,12.090,12.060,12.080,2629995
2025-11-03 11:30:00,12.090,12.110,12.060,12.060,2102575
2025-11-03 13:30:00,12.070,12.120,12.060,12.090,2977047
2025-11-03 14:00:00,12.090,12.130,12.090,12.120,2749025
2025-11-03 14:30:00,12.120,12.130,12.110,12.130,2348165
2025-11-03 15:00:00,12.120,12.150,12.110,12.150,4006759
2025-11-04 10:00:00,12.140,12.140,12.080,12.100,5267120
2025-11-04 10:30:00,12.100,12.110,12.060,12.070,3549304
2025-11-04 11:00:00,12.070,12.090,12.050,12.060,2929838
2025-11-04 11:30:00,12.060,12.090,12.040,12.080,2315818
2025-11-04 13:30:00,12.090,12.090,12.010,12.050,2940895
2025-11-04 14:00:00,12.050,12.060,12.020,12.040,1875399
2025-11-04 14:30:00,12.040,12.050,12.010,12.020,2575841
2025-11-04 15:00:00,12.010,12.050,12.010,12.030,3479078
2025-11-05 10:00:00,11.970,12.060,11.950,12.020,5485156
2025-11-05 10:30:00,12.020,12.030,11.970,12.020,2538250
2025-11-05 11:00:00,12.010,12.030,11.980,11.990,1704208
2025-11-05 11:30:00,11.990,12.060,11.970,12.050,3336881
2025-11-05 13:30:00,12.050,12.070,12.030,12.050,1807441
2025-11-05 14:00:00,12.040,12.060,12.030,12.030,1592453
2025-11-05 14:30:00,12.030,12.080,12.030,12.070,1646367
2025-11-05 15:00:00,12.070,12.080,12.050,12.060,2032639
2025-11-06 10:00:00,12.060,12.250,12.050,12.220,12556690
2025-11-06 10:30:00,12.220,12.370,12.210,12.360,13342849
2025-11-06 11:00:00,12.360,12.380,12.300,12.320,4848949
2025-11-06 11:30:00,12.310,12.340,12.280,12.290,3273515
2025-11-06 13:30:00,12.300,12.310,12.280,12.300,2609289
2025-11-06 14:00:00,12.300,12.300,12.270,12.290,1867334
2025-11-06 14:30:00,12.290,12.320,12.290,12.310,2389673
2025-11-06 15:00:00,12.300,12.330,12.290,12.310,4147893
2025-11-07 10:00:00,12.280,12.280,12.210,12.260,5930315
2025-11-07 10:30:00,12.270,12.290,12.250,12.280,2772579
2025-11-07 11:00:00,12.290,12.300,12.250,12.270,2204264
2025-11-07 11:30:00,12.280,12.300,12.250,12.250,1430919
2025-11-07 13:30:00,12.250,12.280,12.230,12.250,2001385
2025-11-07 14:00:00,12.260,12.280,12.240,12.250,1576810
2025-11-07 14:30:00,12.250,12.310,12.250,12.300,2366364
2025-11-07 15:00:00,12.300,12.320,12.270,12.270,2538661
2025-11-10 10:00:00,12.300,12.320,12.220,12.230,5807113
2025-11-10 10:30:00,12.230,12.240,12.200,12.240,4242144
2025-11-10 11:00:00,12.240,12.250,12.210,12.230,1916766
2025-11-10 11:30:00,12.230,12.280,12.220,12.280,1912136
2025-11-10 13:30:00,12.270,12.310,12.270,12.300,2301399
2025-11-10 14:00:00,12.290,12.300,12.250,12.250,1761415
2025-11-10 14:30:00,12.260,12.280,12.250,12.270,1471607
2025-11-10 15:00:00,12.270,12.290,12.260,12.290,2430157
2025-11-11 10:00:00,12.290,12.320,12.250,12.290,3936897
2025-11-11 10:30:00,12.290,12.290,12.220,12.220,3810495
2025-11-11 11:00:00,12.230,12.250,12.210,12.220,2456067
2025-11-11 11:30:00,12.220,12.250,12.210,12.240,1519633
2025-11-11 13:30:00,12.250,12.260,12.210,12.220,2443840
2025-11-11 14:00:00,12.210,12.240,12.210,12.210,1936488
2025-11-11 14:30:00,12.220,12.260,12.210,12.250,1470242
2025-11-11 15:00:00,12.250,12.260,12.230,12.240,2871026
2025-11-12 10:00:00,12.220,12.230,12.120,12.170,6190374
2025-11-12 10:30:00,12.190,12.190,12.160,12.170,1418155
2025-11-12 11:00:00,12.170,12.170,12.120,12.130,2834544
2025-11-12 11:30:00,12.130,12.140,12.100,12.110,2852661
2025-11-12 13:30:00,12.110,12.120,12.050,12.080,3373985
2025-11-12 14:00:00,12.080,12.100,12.060,12.090,1644988
2025-11-12 14:30:00,12.100,12.130,12.080,12.120,1773870
2025-11-12 15:00:00,12.110,12.180,12.110,12.160,3232911
2025-11-13 10:00:00,12.150,12.210,12.130,12.180,3672903
2025-11-13 10:30:00,12.180,12.200,12.160,12.170,1944113
2025-11-13 11:00:00,12.170,12.190,12.160,12.170,1584767
2025-11-13 11:30:00,12.170,12.180,12.150,12.170,2333321
2025-11-13 13:30:00,12.180,12.190,12.160,12.170,1757485
2025-11-13 14:00:00,12.170,12.190,12.150,12.170,1704001
2025-11-13 14:30:00,12.160,12.170,12.140,12.170,1539637
2025-11-13 15:00:00,12.160,12.190,12.160,12.180,2076228
2025-11-14 10:00:00,12.180,12.270,12.130,12.260,6715998
2025-11-14 10:30:00,12.250,12.280,12.230,12.270,2720885
2025-11-14 11:00:00,12.280,12.350,12.270,12.290,7530106
2025-11-14 11:30:00,12.290,12.300,12.270,12.300,1758233
2025-11-14 13:30:00,12.300,12.310,12.270,12.280,1947966
2025-11-14 14:00:00,12.280,12.320,12.270,12.320,2321954
2025-11-14 14:30:00,12.320,12.330,12.280,12.290,2540725
2025-11-14 15:00:00,12.280,12.300,12.250,12.260,3566365
2025-11-17 10:00:00,12.450,12.490,12.370,12.380,18492088
2025-11-17 10:30:00,12.380,12.420,12.350,12.380,5806620
2025-11-17 11:00:00,12.370,12.440,12.360,12.430,4914013
2025-11-17 11:30:00,12.440,12.460,12.420,12.450,4218784
2025-11-17 13:30:00,12.460,12.460,12.390,12.440,4563199
2025-11-17 14:00:00,12.440,12.460,12.420,12.430,2879745
2025-11-17 14:30:00,12.430,12.480,12.410,12.460,5469009
2025-11-17 15:00:00,12.460,12.480,12.460,12.470,5734007
2025-11-18 10:00:00,12.430,12.450,12.300,12.320,10890694
2025-11-18 10:30:00,12.320,12.340,12.270,12.300,4795882
2025-11-18 11:00:00,12.300,12.360,12.280,12.290,3183479
2025-11-18 11:30:00,12.290,12.350,12.280,12.330,2113456
2025-11-18 13:30:00,12.340,12.360,12.310,12.320,2270041
2025-11-18 14:00:00,12.320,12.350,12.310,12.320,1868422
2025-11-18 14:30:00,12.320,12.330,12.280,12.300,2299132
2025-11-18 15:00:00,12.290,12.330,12.280,12.290,2822907
2025-11-19 10:00:00,12.300,12.430,12.300,12.410,9123922
2025-11-19 10:30:00,12.400,12.410,12.330,12.370,3553833
2025-11-19 11:00:00,12.370,12.450,12.360,12.410,6131177
2025-11-19 11:30:00,12.410,12.450,12.400,12.410,4139435
2025-11-19 13:30:00,12.420,12.540,12.380,12.500,9950478
2025-11-19 14:00:00,12.500,12.510,12.450,12.460,4397667
2025-11-19 14:30:00,12.470,12.480,12.440,12.440,3165844
2025-11-19 15:00:00,12.440,12.470,12.410,12.440,5626427
2025-11-20 10:00:00,12.400,12.410,12.330,12.350,9937944
2025-11-20 10:30:00,12.350,12.380,12.310,12.310,4823199
2025-11-20 11:00:00,12.310,12.320,12.270,12.280,4396799
2025-11-20 11:30:00,12.270,12.320,12.270,12.320,1874260
2025-11-20 13:30:00,12.320,12.360,12.300,12.310,2253406
2025-11-20 14:00:00,12.310,12.320,12.270,12.280,2662900
2025-11-20 14:30:00,12.280,12.310,12.260,12.310,3095499
2025-11-20 15:00:00,12.310,12.330,12.270,12.300,3163666
2025-11-21 10:00:00,12.170,12.290,11.980,11.990,12409042
2025-11-21 10:30:00,11.990,12.040,11.920,11.970,7323750
2025-11-21 11:00:00,11.970,12.030,11.940,12.000,4234352
2025-11-21 11:30:00,11.990,12.110,11.990,12.040,3350063
2025-11-21 13:30:00,12.040,12.250,12.020,12.150,5464852
2025-11-21 14:00:00,12.150,12.190,12.130,12.130,1696600
2025-11-21 14:30:00,12.130,12.160,12.080,12.090,1946342
2025-11-21 15:00:00,12.090,12.110,12.010,12.040,3921356
2025-11-24 10:00:00,12.040,12.260,12.040,12.260,10110675
2025-11-24 10:30:00,12.250,12.270,12.200,12.200,5320275
2025-11-24 11:00:00,12.200,12.260,12.190,12.260,3179852
2025-11-24 11:30:00,12.250,12.290,12.240,12.290,3817831
2025-11-24 13:30:00,12.290,12.380,12.280,12.370,7652125
2025-11-24 14:00:00,12.380,12.420,12.340,12.400,5184335
2025-11-24 14:30:00,12.390,12.440,12.370,12.410,4749823
2025-11-24 15:00:00,12.400,12.440,12.390,12.420,8949978
2025-11-25 10:00:00,12.350,12.420,12.320,12.370,10191000
2025-11-25 10:30:00,12.380,12.430,12.360,12.410,4853181
2025-11-25 11:00:00,12.410,12.420,12.370,12.390,4538794
2025-11-25 11:30:00,12.390,12.440,12.380,12.430,3417361
2025-11-25 13:30:00,12.420,12.450,12.400,12.430,3920363
2025-11-25 14:00:00,12.440,12.440,12.400,12.440,2980715
2025-11-25 14:30:00,12.430,12.440,12.410,12.420,3086697
2025-11-25 15:00:00,12.420,12.440,12.400,12.420,4708519
2025-11-26 10:00:00,12.400,12.410,12.250,12.260,12781380
2025-11-26 10:30:00,12.270,12.270,12.170,12.200,8483864
2025-11-26 11:00:00,12.190,12.200,12.090,12.110,7620093
2025-11-26 11:30:00,12.110,12.140,12.100,12.120,3802362
2025-11-26 13:30:00,12.130,12.130,12.090,12.100,5201345
2025-11-26 14:00:00,12.090,12.100,12.060,12.070,5360276
2025-11-26 14:30:00,12.060,12.070,12.050,12.050,5118624
2025-11-26 15:00:00,12.050,12.070,12.030,12.040,6756747
2025-11-27 10:00:00,12.020,12.080,11.960,12.070,8122650
2025-11-27 10:30:00,12.070,12.080,12.040,12.060,2814543
2025-11-27 11:00:00,12.050,12.060,12.000,12.040,2318538
2025-11-27 11:30:00,12.040,12.040,11.980,11.990,2358532
2025-11-27 13:30:00,11.990,12.050,11.980,12.030,2783015
2025-11-27 14:00:00,12.020,12.040,12.010,12.030,2337362
2025-11-27 14:30:00,12.020,12.030,11.980,11.990,2700062
2025-11-27 15:00:00,11.990,11.990,11.930,11.930,6370030
2025-11-28 10:00:00,11.940,12.000,11.920,11.970,5240824
2025-11-28 10:30:00,11.960,12.040,11.950,12.000,3481153
2025-11-28 11:00:00,12.010,12.010,11.980,11.980,1914865
2025-11-28 11:30:00,11.980,12.010,11.980,11.990,1459612
2025-11-28 13:30:00,12.000,12.000,11.960,11.990,1534563
2025-11-28 14:00:00,11.980,12.000,11.970,11.980,1007431
2025-11-28 14:30:00,11.980,12.030,11.980,12.030,1826811
2025-11-28 15:00:00,12.030,12.140,12.030,12.120,8313962
2025-12-01 10:00:00,12.150,12.290,12.120,12.250,13255847
2025-12-01 10:30:00,12.240,12.320,12.230,12.250,7184828
2025-12-01 11:00:00,12.250,12.350,12.240,12.320,6442448
2025-12-01 11:30:00,12.330,12.340,12.290,12.320,3352201
2025-12-01 13:30:00,12.320,12.340,12.280,12.320,2944333
2025-12-01 14:00:00,12.320,12.350,12.290,12.350,3940025
2025-12-01 14:30:00,12.340,12.350,12.310,12.340,3785709
2025-12-01 15:00:00,12.340,12.350,12.320,12.340,6195765
2025-12-02 10:00:00,12.320,12.360,12.260,12.350,7452229
2025-12-02 10:30:00,12.350,12.440,12.340,12.420,8508799
2025-12-02 11:00:00,12.420,12.430,12.380,12.390,3879514
2025-12-02 11:30:00,12.390,12.410,12.370,12.380,2753588
2025-12-02 13:30:00,12.380,12.420,12.370,12.390,4047503
2025-12-02 14:00:00,12.380,12.440,12.380,12.410,4173327
2025-12-02 14:30:00,12.420,12.420,12.390,12.410,2314837
2025-12-02 15:00:00,12.400,12.410,12.380,12.380,4476352
2025-12-03 10:00:00,12.360,12.390,12.190,12.230,9613786
2025-12-03 10:30:00,12.220,12.290,12.200,12.240,2627288
2025-12-03 11:00:00,12.250,12.330,12.230,12.310,2411216
2025-12-03 11:30:00,12.320,12.410,12.310,12.400,4096355
2025-12-03 13:30:00,12.390,12.470,12.330,12.430,8192710
2025-12-03 14:00:00,12.440,12.440,12.390,12.400,2848619
2025-12-03 14:30:00,12.390,12.400,12.340,12.370,2715468
2025-12-03 15:00:00,12.370,12.400,12.360,12.370,3334343
2025-12-04 10:00:00,12.330,12.550,12.320,12.490,14305662
2025-12-04 10:30:00,12.480,12.510,12.430,12.440,7421066
2025-12-04 11:00:00,12.440,12.490,12.430,12.460,3005608
2025-12-04 11:30:00,12.460,12.470,12.380,12.380,3217141
2025-12-04 13:30:00,12.390,12.410,12.370,12.400,2056434
2025-12-04 14:00:00,12.400,12.410,12.340,12.360,1929800
2025-12-04 14:30:00,12.350,12.370,12.320,12.370,4463958
2025-12-04 15:00:00,12.360,12.390,12.300,12.300,5341918
2025-12-05 10:00:00,12.310,12.440,12.280,12.430,8503432
2025-12-05 10:30:00,12.430,12.430,12.360,12.370,2963132
2025-12-05 11:00:00,12.360,12.450,12.360,12.410,3841544
2025-12-05 11:30:00,12.410,12.440,12.390,12.420,2313903
2025-12-05 13:30:00,12.420,12.490,12.410,12.460,5711693
2025-12-05 14:00:00,12.460,12.500,12.460,12.490,5154936
2025-12-05 14:30:00,12.490,12.550,12.480,12.530,7937831
2025-12-05 15:00:00,12.540,12.550,12.510,12.550,8745634
2025-12-08 10:00:00,12.590,12.750,12.560,12.730,19983997
2025-12-08 10:30:00,12.730,12.860,12.730,12.820,16482877
2025-12-08 11:00:00,12.810,12.820,12.750,12.760,4538745
2025-12-08 11:30:00,12.750,12.780,12.690,12.730,4599313
2025-12-08 13:30:00,12.730,12.770,12.710,12.730,3985589
2025-12-08 14:00:00,12.730,12.750,12.640,12.650,4943484
2025-12-08 14:30:00,12.650,12.680,12.620,12.630,4990995
2025-12-08 15:00:00,12.640,12.670,12.620,12.630,5944767
2025-12-09 10:00:00,12.580,12.720,12.560,12.580,9917794
2025-12-09 10:30:00,12.590,12.600,12.410,12.440,16133129
2025-12-09 11:00:00,12.440,12.460,12.410,12.420,4005997
2025-12-09 11:30:00,12.430,12.470,12.410,12.460,2404100
2025-12-09 13:30:00,12.460,12.510,12.450,12.490,3325130
2025-12-09 14:00:00,12.500,12.510,12.450,12.450,2418200
2025-12-09 14:30:00,12.460,12.470,12.400,12.440,4070634
2025-12-09 15:00:00,12.430,12.450,12.410,12.430,4092810
2025-12-10 10:00:00,12.400,12.550,12.380,12.470,9137233
2025-12-10 10:30:00,12.460,12.490,12.410,12.480,3803127
2025-12-10 11:00:00,12.480,12.530,12.460,12.460,3789823
2025-12-10 11:30:00,12.460,12.460,12.420,12.420,2184064
2025-12-10 13:30:00,12.430,12.430,12.380,12.420,3101790
2025-12-10 14:00:00,12.420,12.480,12.400,12.470,2794440
2025-12-10 14:30:00,12.470,12.500,12.460,12.490,2974549
2025-12-10 15:00:00,12.490,12.500,12.480,12.500,2945787
2025-12-11 10:00:00,12.480,12.580,12.430,12.490,8338786
2025-12-11 10:30:00,12.490,12.510,12.450,12.490,2966333
2025-12-11 11:00:00,12.500,12.620,12.490,12.560,5721259
2025-12-11 11:30:00,12.560,12.730,12.550,12.640,8315299
2025-12-11 13:30:00,12.640,12.740,12.610,12.650,7960493
2025-12-11 14:00:00,12.650,12.670,12.590,12.610,5588732
2025-12-11 14:30:00,12.610,12.650,12.570,12.580,5685858
2025-12-11 15:00:00,12.590,12.610,12.550,12.550,8087198
2025-12-12 10:00:00,12.580,12.610,12.470,12.530,9804157
2025-12-12 10:30:00,12.530,12.650,12.520,12.620,6281972
2025-12-12 11:00:00,12.620,12.710,12.610,12.660,6988449
2025-12-12 11:30:00,12.660,12.670,12.550,12.580,5348406
2025-12-12 13:30:00,12.570,12.630,12.560,12.610,4649651
2025-12-12 14:00:00,12.620,12.660,12.600,12.650,3791589
2025-12-12 14:30:00,12.650,12.660,12.600,12.620,3922816
2025-12-12 15:00:00,12.630,12.680,12.590,12.680,8378003
2025-12-15 10:00:00,12.730,12.780,12.560,12.660,15816525
2025-12-15 10:30:00,12.660,12.880,12.600,12.860,13954148
2025-12-15 11:00:00,12.850,12.920,12.790,12.790,13119267
2025-12-15 11:30:00,12.790,12.800,12.720,12.760,5730936
2025-12-15 13:30:00,12.760,12.870,12.740,12.810,5611817
2025-12-15 14:00:00,12.810,12.820,12.780,12.820,4341039
2025-12-15 14:30:00,12.810,12.850,12.790,12.800,5341101
2025-12-15 15:00:00,12.800,12.810,12.740,12.750,7404879
2025-12-16 10:00:00,12.690,12.690,12.460,12.500,17639018
2025-12-16 10:30:00,12.500,12.570,12.460,12.530,6832168
2025-12-16 11:00:00,12.530,12.530,12.460,12.480,4383569
2025-12-16 11:30:00,12.470,12.600,12.450,12.580,4724840
2025-12-16 13:30:00,12.570,12.860,12.560,12.750,15026720
2025-12-16 14:00:00,12.750,12.910,12.740,12.860,14210322
2025-12-16 14:30:00,12.860,12.980,12.850,12.890,13835678
2025-12-16 15:00:00,12.900,12.940,12.830,12.830,11039160
2025-12-17 10:00:00,12.840,12.950,12.630,12.640,21740720
2025-12-17 10:30:00,12.640,12.640,12.540,12.570,12840118
2025-12-17 11:00:00,12.570,12.590,12.510,12.570,5620920
2025-12-17 11:30:00,12.570,12.660,12.570,12.640,3470324
2025-12-17 13:30:00,12.640,12.650,12.520,12.550,4343608
2025-12-17 14:00:00,12.560,12.650,12.540,12.650,4896072
2025-12-17 14:30:00,12.650,12.710,12.640,12.690,6498992
2025-12-17 15:00:00,12.700,12.710,12.670,12.700,7068781
2025-12-18 10:00:00,12.610,12.720,12.590,12.700,9456436
2025-12-18 10:30:00,12.700,12.900,12.690,12.880,11577589
2025-12-18 11:00:00,12.880,12.980,12.870,12.890,13376723
2025-12-18 11:30:00,12.890,12.910,12.850,12.870,4988270
2025-12-18 13:30:00,12.880,13.170,12.830,13.090,29756924
2025-12-18 14:00:00,13.090,13.100,12.920,12.930,13728758
2025-12-18 14:30:00,12.940,12.990,12.900,12.910,6444391
2025-12-18 15:00:00,12.920,12.950,12.900,12.900,6545186
2025-12-19 10:00:00,12.880,13.270,12.860,13.080,37620841
2025-12-19 10:30:00,13.080,13.110,13.020,13.070,11750781
2025-12-19 11:00:00,13.070,13.090,13.000,13.080,6893447
2025-12-19 11:30:00,13.080,13.120,13.040,13.070,4185476
2025-12-19 13:30:00,13.070,13.150,13.040,13.100,7089208
2025-12-19 14:00:00,13.110,13.140,13.080,13.090,6524912
2025-12-19 14:30:00,13.100,13.130,13.080,13.110,6301611
2025-12-19 15:00:00,13.110,13.130,13.090,13.120,9740360
2025-12-22 10:00:00,13.120,13.140,12.930,13.010,22197455
2025-12-22 10:30:00,13.020,13.070,12.980,12.990,8035066
2025-12-22 11:00:00,12.990,13.050,12.980,13.050,4903812
2025-12-22 11:30:00,13.050,13.070,12.970,12.980,5089829
2025-12-22 13:30:00,12.980,13.020,12.950,12.990,5537000
2025-12-22 14:00:00,12.990,13.010,12.950,12.970,4001923
2025-12-22 14:30:00,12.970,12.990,12.930,12.960,6119558
2025-12-22 15:00:00,12.960,12.970,12.930,12.960,7757399
2025-12-23 10:00:00,12.950,13.010,12.800,12.990,17807399
2025-12-23 10:30:00,12.990,13.250,12.940,13.040,19768013
2025-12-23 11:00:00,13.030,13.080,12.930,12.960,5898068
2025-12-23 11:30:00,12.950,13.020,12.930,12.940,4632352
2025-12-23 13:30:00,12.940,12.950,12.840,12.840,6769164
2025-12-23 14:00:00,12.850,12.870,12.810,12.810,5723284
2025-12-23 14:30:00,12.810,12.860,12.800,12.820,5180862
2025-12-23 15:00:00,12.820,12.840,12.800,12.840,6086152
2025-12-24 10:00:00,12.760,12.850,12.720,12.770,12748523
2025-12-24 10:30:00,12.760,12.950,12.760,12.900,11542207
2025-12-24 11:00:00,12.890,12.950,12.870,12.920,5672555
2025-12-24 11:30:00,12.910,12.950,12.890,12.930,4702572
2025-12-24 13:30:00,12.930,12.940,12.880,12.910,4755528
2025-12-24 14:00:00,12.920,13.020,12.910,12.940,7999545
2025-12-24 14:30:00,12.940,12.950,12.910,12.920,3754351
2025-12-24 15:00:00,12.930,12.970,12.900,12.970,6155923
2025-12-25 10:00:00,12.910,13.150,12.900,13.130,20577053
2025-12-25 10:30:00,13.130,13.440,13.090,13.320,38517772
2025-12-25 11:00:00,13.320,13.420,13.310,13.370,15336234
2025-12-25 11:30:00,13.360,13.390,13.280,13.320,7320608
2025-12-25 13:30:00,13.310,13.420,13.310,13.380,7928025
2025-12-25 14:00:00,13.380,13.390,13.280,13.320,6537657
2025-12-25 14:30:00,13.320,13.370,13.320,13.340,4573257
2025-12-25 15:00:00,13.350,13.360,13.320,13.340,9655443
2025-12-26 10:00:00,13.350,13.350,13.220,13.290,21128426
2025-12-26 10:30:00,13.290,13.300,13.200,13.280,11224517
2025-12-26 11:00:00,13.270,13.290,13.190,13.200,7164073
2025-12-26 11:30:00,13.200,13.230,13.060,13.080,16470559
2025-12-26 13:30:00,13.090,13.190,13.080,13.160,6555547
2025-12-26 14:00:00,13.150,13.270,13.150,13.240,5526955
2025-12-26 14:30:00,13.240,13.300,13.100,13.190,8631706
2025-12-26 15:00:00,13.180,13.230,13.160,13.220,6408122
2025-12-29 10:00:00,13.190,13.280,13.160,13.220,14932329
2025-12-29 10:30:00,13.220,13.280,13.190,13.210,6789512
2025-12-29 11:00:00,13.210,13.220,13.140,13.180,5768256
2025-12-29 11:30:00,13.190,13.250,13.140,13.220,4424653
2025-12-29 13:30:00,13.230,13.240,13.160,13.230,5083472
2025-12-29 14:00:00,13.230,13.270,13.180,13.230,5228634
2025-12-29 14:30:00,13.230,13.330,13.180,13.200,8568375
2025-12-29 15:00:00,13.190,13.230,13.170,13.220,8290222
2025-12-30 10:00:00,13.230,13.440,13.080,13.330,20785635
2025-12-30 10:30:00,13.330,13.510,13.290,13.450,21171845
2025-12-30 11:00:00,13.440,13.500,13.390,13.480,7433785
2025-12-30 11:30:00,13.480,13.560,13.360,13.390,14282389
2025-12-30 13:30:00,13.390,13.420,13.220,13.270,9296012
2025-12-30 14:00:00,13.270,13.280,13.160,13.160,8167449
2025-12-30 14:30:00,13.170,13.240,13.150,13.210,7088955
2025-12-30 15:00:00,13.210,13.220,13.170,13.190,6370722
2025-12-31 10:00:00,13.140,13.440,13.120,13.170,21756884
2025-12-31 10:30:00,13.170,13.250,13.150,13.220,8891783
2025-12-31 11:00:00,13.230,13.450,13.210,13.360,16675248
2025-12-31 11:30:00,13.370,13.380,13.290,13.360,6122735
2025-12-31 13:30:00,13.360,13.440,13.340,13.410,7517950
2025-12-31 14:00:00,13.410,13.490,13.370,13.410,9412062
2025-12-31 14:30:00,13.400,13.440,13.390,13.430,7577746
2025-12-31 15:00:00,13.420,13.440,13.370,13.420,12839894
2026-01-05 10:00:00,13.570,13.620,13.330,13.480,30091806
2026-01-05 10:30:00,13.480,13.480,13.360,13.390,10354427
2026-01-05 11:00:00,13.390,13.410,13.340,13.360,11123670
2026-01-05 11:30:00,13.350,13.580,13.350,13.570,11905859
2026-01-05 13:30:00,13.580,13.670,13.530,13.540,17038637
2026-01-05 14:00:00,13.530,13.550,13.490,13.500,6726754
2026-01-05 14:30:00,13.490,13.520,13.460,13.490,5640059
2026-01-05 15:00:00,13.490,13.520,13.470,13.520,7758010
2026-01-06 10:00:00,13.490,13.600,13.420,13.470,19725166
2026-01-06 10:30:00,13.470,13.550,13.380,13.520,11221532
2026-01-06 11:00:00,13.520,13.640,13.510,13.570,10633392
2026-01-06 11:30:00,13.560,13.590,13.510,13.580,4872846
2026-01-06 13:30:00,13.580,13.790,13.570,13.770,19943333
2026-01-06 14:00:00,13.770,13.860,13.750,13.810,18245735
2026-01-06 14:30:00,13.820,14.260,13.770,14.060,36784510
2026-01-06 15:00:00,14.060,14.190,14.010,14.160,22489871
2026-01-07 10:00:00,14.050,14.080,13.860,13.990,39091141
2026-01-07 10:30:00,13.980,14.450,13.970,14.020,34730270
2026-01-07 11:00:00,14.020,14.080,13.980,14.000,9931370
2026-01-07 11:30:00,13.990,14.100,13.980,14.070,5720571
2026-01-07 13:30:00,14.070,14.100,13.900,13.940,10096087
2026-01-07 14:00:00,13.950,13.980,13.910,13.970,7413183
2026-01-07 14:30:00,13.970,14.190,13.970,14.030,10757943
2026-01-07 15:00:00,14.030,14.030,13.960,14.010,12700658
2026-01-08 10:00:00,13.950,14.090,13.910,14.030,23401416
2026-01-08 10:30:00,14.030,14.500,14.020,14.490,41036259
2026-01-08 11:00:00,14.490,15.050,14.480,14.890,50206245
2026-01-08 11:30:00,14.890,14.930,14.600,14.840,17813663
2026-01-08 13:30:00,14.840,15.340,14.830,15.240,40403489
2026-01-08 14:00:00,15.240,15.410,15.090,15.410,44306921
2026-01-08 14:30:00,15.410,15.410,15.250,15.410,53726074
2026-01-08 15:00:00,15.410,15.410,15.400,15.410,10465206
2026-01-09 10:00:00,16.170,16.280,15.720,15.950,136690869
2026-01-09 10:30:00,15.930,16.100,15.690,15.800,42920141
2026-01-09 11:00:00,15.800,16.030,15.790,15.820,24129667
2026-01-09 11:30:00,15.810,15.820,15.410,15.500,40087828
2026-01-09 13:30:00,15.490,15.500,15.230,15.370,29501068
2026-01-09 14:00:00,15.370,15.480,15.290,15.360,15619515
2026-01-09 14:30:00,15.360,15.600,15.350,15.580,16240279
2026-01-09 15:00:00,15.570,15.580,15.410,15.510,23699103
2026-01-12 10:00:00,15.660,16.540,15.660,16.400,112003124
2026-01-12 10:30:00,16.400,16.780,16.350,16.570,42064085
2026-01-12 11:00:00,16.570,16.650,16.440,16.620,15945104
2026-01-12 11:30:00,16.630,16.970,16.600,16.850,24820705
2026-01-12 13:30:00,16.850,16.900,16.410,16.610,26220294
2026-01-12 14:00:00,16.600,16.780,16.570,16.760,12723223
2026-01-12 14:30:00,16.750,16.770,16.540,16.660,14701819
2026-01-12 15:00:00,16.660,16.670,16.460,16.520,27406366
2026-01-13 10:00:00,16.500,16.500,15.000,15.230,117385999
2026-01-13 10:30:00,15.210,15.400,15.010,15.010,34424664
2026-01-13 11:00:00,15.010,15.260,14.900,15.200,24350206
2026-01-13 11:30:00,15.200,15.540,15.190,15.290,16432783
2026-01-13 13:30:00,15.290,15.370,15.020,15.080,13780966
2026-01-13 14:00:00,15.080,15.140,14.990,15.080,12984766
2026-01-13 14:30:00,15.090,15.100,14.920,14.980,16207988
2026-01-13 15:00:00,14.980,15.030,14.880,14.910,30297316
2026-01-14 10:00:00,14.900,15.760,14.900,15.380,82387901
2026-01-14 10:30:00,15.380,15.600,15.380,15.490,19824304
2026-01-14 11:00:00,15.490,15.540,15.390,15.400,12512325
2026-01-14 11:30:00,15.400,15.790,15.390,15.670,22727503
2026-01-14 13:30:00,15.680,15.700,15.230,15.300,29504921
2026-01-14 14:00:00,15.320,15.390,15.020,15.030,19195204
2026-01-14 14:30:00,15.040,15.290,15.010,15.280,15053391
2026-01-14 15:00:00,15.280,15.320,15.120,15.250,17311637
2026-01-15 10:00:00,15.020,15.150,14.790,15.050,41409679
2026-01-15 10:30:00,15.050,15.060,14.790,14.810,20093360
2026-01-15 11:00:00,14.810,14.880,14.790,14.810,12646955
2026-01-15 11:30:00,14.800,14.850,14.720,14.760,12681597
2026-01-15 13:30:00,14.760,14.800,14.670,14.780,12543199
2026-01-15 14:00:00,14.780,14.820,14.650,14.720,11636070
2026-01-15 14:30:00,14.720,14.750,14.610,14.640,14021334
2026-01-15 15:00:00,14.650,14.770,14.600,14.760,13857944
2026-01-16 10:00:00,14.820,14.960,14.510,14.550,29112174
2026-01-16 10:30:00,14.540,14.580,14.390,14.400,21257335
2026-01-16 11:00:00,14.410,14.440,14.300,14.390,14054740
2026-01-16 11:30:00,14.390,14.510,14.380,14.460,7544058
2026-01-16 13:30:00,14.460,14.570,14.450,14.480,8592842
2026-01-16 14:00:00,14.480,14.540,14.420,14.420,7373824
2026-01-16 14:30:00,14.440,14.460,14.370,14.430,6654994
2026-01-16 15:00:00,14.420,14.470,14.360,14.370,11392328
2026-01-19 10:00:00,14.350,14.620,14.310,14.600,25672964
2026-01-19 10:30:00,14.590,14.610,14.480,14.520,10405250
2026-01-19 11:00:00,14.530,14.640,14.500,14.630,9065472
2026-01-19 11:30:00,14.630,14.740,14.610,14.680,13774844
2026-01-19 13:30:00,14.690,15.810,14.670,15.810,75210593
2026-01-19 14:00:00,15.810,15.810,15.700,15.810,33492278
2026-01-19 14:30:00,15.810,15.810,15.810,15.810,3632006
2026-01-19 15:00:00,15.810,15.810,15.810,15.810,3113298
2026-01-20 10:00:00,15.960,16.260,15.610,15.620,117269821
2026-01-20 10:30:00,15.630,15.700,15.440,15.500,26949867
2026-01-20 11:00:00,15.540,15.750,15.470,15.690,17514369
2026-01-20 11:30:00,15.680,15.690,15.520,15.550,8002348
2026-01-20 13:30:00,15.540,15.560,15.420,15.530,11664070
2026-01-20 14:00:00,15.530,15.590,15.450,15.570,8173517
2026-01-20 14:30:00,15.570,15.590,15.460,15.510,8419146
2026-01-20 15:00:00,15.510,15.720,15.480,15.700,16314643
2026-01-21 10:00:00,15.640,15.950,15.540,15.590,41786521
2026-01-21 10:30:00,15.590,15.760,15.530,15.600,15150997
2026-01-21 11:00:00,15.590,15.600,15.420,15.420,13679823
2026-01-21 11:30:00,15.420,15.800,15.420,15.680,12433306
2026-01-21 13:30:00,15.680,15.720,15.530,15.630,8840117
2026-01-21 14:00:00,15.630,15.730,15.600,15.680,8551566
2026-01-21 14:30:00,15.670,15.700,15.550,15.560,9399770
2026-01-21 15:00:00,15.560,15.620,15.530,15.620,13039981
2026-01-22 10:00:00,15.580,16.170,15.580,16.100,54320594
2026-01-22 10:30:00,16.100,16.240,15.940,16.100,36160953
2026-01-22 11:00:00,16.090,16.220,16.010,16.090,16194885
2026-01-22 11:30:00,16.080,16.230,16.070,16.190,13504810
2026-01-22 13:30:00,16.190,16.590,16.190,16.460,36922075
2026-01-22 14:00:00,16.460,16.880,16.410,16.600,33658460
2026-01-22 14:30:00,16.590,16.620,16.450,16.510,13248168
2026-01-22 15:00:00,16.510,16.580,16.430,16.550,23284020
2026-01-23 10:00:00,16.770,16.860,16.250,16.330,57309629
2026-01-23 10:30:00,16.330,16.510,16.310,16.440,19016550
2026-01-23 11:00:00,16.450,16.880,16.400,16.800,26450647
2026-01-23 11:30:00,16.800,16.840,16.600,16.730,19752095
2026-01-23 13:30:00,16.730,16.760,16.530,16.540,18269624
2026-01-23 14:00:00,16.540,16.600,16.380,16.520,16314576
2026-01-23 14:30:00,16.520,16.540,16.430,16.460,11671071
2026-01-23 15:00:00,16.470,16.490,16.380,16.480,19942786
2026-01-26 10:00:00,16.360,16.450,16.020,16.240,46147193
2026-01-26 10:30:00,16.220,16.400,16.130,16.160,20713762
2026-01-26 11:00:00,16.150,16.250,16.110,16.150,14705646
2026-01-26 11:30:00,16.150,16.350,16.100,16.190,9900323
2026-01-26 13:30:00,16.190,16.330,15.960,15.960,15163121
2026-01-26 14:00:00,15.970,15.980,15.860,15.870,16252705
2026-01-26 14:30:00,15.880,16.080,15.850,16.030,14270816
2026-01-26 15:00:00,16.020,16.080,15.870,15.870,12708681
2026-01-27 10:00:00,15.800,16.390,15.780,15.950,44045958
2026-01-27 10:30:00,15.960,16.090,15.890,15.970,14191211
2026-01-27 11:00:00,15.960,16.090,15.890,16.010,7481416
2026-01-27 11:30:00,16.000,16.190,15.940,16.060,6496575
2026-01-27 13:30:00,16.060,16.450,15.990,16.240,20135764
2026-01-27 14:00:00,16.240,16.560,16.240,16.460,29457339
2026-01-27 14:30:00,16.460,16.480,16.400,16.430,10868469
2026-01-27 15:00:00,16.440,16.530,16.380,16.420,16868516
2026-01-28 10:00:00,16.400,16.890,16.200,16.280,54287800
2026-01-28 10:30:00,16.270,16.300,16.100,16.180,14018742
2026-01-28 11:00:00,16.180,16.320,16.140,16.210,9004588
2026-01-28 11:30:00,16.220,16.330,16.180,16.270,4725767
2026-01-28 13:30:00,16.280,16.280,15.970,15.990,16365408
2026-01-28 14:00:00,15.980,16.070,15.970,15.990,7753024
2026-01-28 14:30:00,15.990,16.070,15.960,16.030,7746947
2026-01-28 15:00:00,16.020,16.050,15.920,15.970,14039117
2026-01-29 10:00:00,15.900,16.540,15.850,16.480,40950340
2026-01-29 10:30:00,16.480,16.700,16.280,16.370,24222272
2026-01-29 11:00:00,16.370,16.700,16.310,16.570,21365251
2026-01-29 11:30:00,16.560,16.570,16.280,16.420,9329483
2026-01-29 13:30:00,16.420,16.730,16.410,16.420,19931234
2026-01-29 14:00:00,16.430,16.490,16.300,16.330,8692302
2026-01-29 14:30:00,16.340,16.600,16.290,16.410,14787362
2026-01-29 15:00:00,16.410,16.450,16.270,16.310,13808074
2026-01-30 10:00:00,16.260,16.310,15.410,15.470,49848581
2026-01-30 10:30:00,15.470,15.480,15.280,15.330,21263295
2026-01-30 11:00:00,15.330,15.580,15.160,15.380,16187605
2026-01-30 11:30:00,15.380,15.540,15.310,15.470,8246409
2026-01-30 13:30:00,15.470,15.610,15.460,15.520,7781392
2026-01-30 14:00:00,15.520,15.600,15.460,15.520,4925030
2026-01-30 14:30:00,15.520,15.640,15.500,15.540,5155797
2026-01-30 15:00:00,15.540,15.570,15.500,15.520,9611185
2026-02-02 10:00:00,15.550,15.670,15.080,15.180,27967413
2026-02-02 10:30:00,15.180,15.310,15.100,15.180,11214753
2026-02-02 11:00:00,15.180,15.260,15.150,15.160,5734386
2026-02-02 11:30:00,15.160,15.190,15.080,15.090,6249465
2026-02-02 13:30:00,15.100,15.120,15.030,15.050,9225532
2026-02-02 14:00:00,15.040,15.130,14.980,15.100,9973290
2026-02-02 14:30:00,15.110,15.350,15.020,15.060,10796322
2026-02-02 15:00:00,15.070,15.130,14.980,14.990,10647101
2026-02-03 10:00:00,15.190,15.480,15.090,15.420,21860107
2026-02-03 10:30:00,15.420,15.730,15.410,15.590,20712420
2026-02-03 11:00:00,15.590,15.650,15.520,15.590,11472296
2026-02-03 11:30:00,15.580,15.710,15.580,15.670,7822830
2026-02-03 13:30:00,15.670,15.860,15.660,15.710,10705027
2026-02-03 14:00:00,15.700,15.750,15.650,15.650,4529187
2026-02-03 14:30:00,15.650,15.700,15.630,15.650,4584860
2026-02-03 15:00:00,15.660,15.710,15.650,15.680,8523451
2026-02-04 10:00:00,15.600,16.090,15.540,16.050,27197964
2026-02-04 10:30:00,16.050,16.480,15.980,16.270,30329198
2026-02-04 11:00:00,16.270,16.320,16.000,16.030,10532720
2026-02-04 11:30:00,16.030,16.140,15.940,15.980,5445454
2026-02-04 13:30:00,15.980,15.990,15.810,15.930,7376228
2026-02-04 14:00:00,15.910,15.940,15.830,15.850,5200585
2026-02-04 14:30:00,15.860,15.980,15.850,15.960,4370218
2026-02-04 15:00:00,15.960,16.000,15.930,15.960,7496171
2026-02-05 10:00:00,15.800,16.270,15.700,15.920,28029085
2026-02-05 10:30:00,15.910,15.960,15.750,15.860,12413947
2026-02-05 11:00:00,15.870,16.080,15.860,15.870,7375023
2026-02-05 11:30:00,15.870,16.010,15.860,15.900,3431586
2026-02-05 13:30:00,15.890,15.910,15.770,15.860,4841065
2026-02-05 14:00:00,15.860,15.920,15.800,15.850,3464110
2026-02-05 14:30:00,15.840,15.940,15.790,15.850,4297642
2026-02-05 15:00:00,15.850,15.990,15.830,15.910,9648543
2026-02-06 10:00:00,15.790,15.930,15.540,15.550,20049087
2026-02-06 10:30:00,15.540,15.660,15.390,15.640,11824920
2026-02-06 11:00:00,15.650,15.690,15.520,15.610,5240564
2026-02-06 11:30:00,15.600,15.650,15.520,15.560,3818365
2026-02-06 13:30:00,15.560,15.590,15.500,15.520,4476024
2026-02-06 14:00:00,15.530,15.550,15.470,15.510,5717391
2026-02-06 14:30:00,15.510,15.550,15.430,15.450,5891864
2026-02-06 15:00:00,15.450,15.470,15.360,15.400,11889032
2026-02-09 10:00:00,15.740,15.820,15.500,15.610,17176042
2026-02-09 10:30:00,15.610,15.740,15.530,15.610,7915613
2026-02-09 11:00:00,15.610,15.650,15.520,15.540,4805352
2026-02-09 11:30:00,15.550,15.600,15.530,15.540,3012881
2026-02-09 13:30:00,15.540,15.630,15.510,15.570,3734015
2026-02-09 14:00:00,15.580,15.580,15.520,15.530,3177900
2026-02-09 14:30:00,15.540,15.580,15.460,15.490,5420374
2026-02-09 15:00:00,15.480,15.500,15.440,15.490,7063699
2026-02-10 10:00:00,15.550,15.550,15.160,15.420,17696647
2026-02-10 10:30:00,15.420,15.670,15.410,15.540,10182810
2026-02-10 11:00:00,15.540,15.800,15.510,15.570,8334964
2026-02-10 11:30:00,15.570,15.640,15.530,15.530,3709780
2026-02-10 13:30:00,15.530,15.620,15.510,15.590,3654887
2026-02-10 14:00:00,15.590,15.630,15.530,15.600,2849349
2026-02-10 14:30:00,15.600,15.620,15.540,15.550,2728800
2026-02-10 15:00:00,15.540,15.610,15.520,15.600,5229784
2026-02-11 10:00:00,15.600,15.660,15.370,15.660,17749649
2026-02-11 10:30:00,15.620,15.680,15.530,15.610,8106541
2026-02-11 11:00:00,15.600,15.620,15.540,15.570,3678166
2026-02-11 11:30:00,15.560,15.600,15.470,15.540,3853055
2026-02-11 13:30:00,15.540,15.620,15.340,15.390,8616635
2026-02-11 14:00:00,15.390,15.420,15.360,15.370,5332297
2026-02-11 14:30:00,15.370,15.400,15.340,15.340,3836797
2026-02-11 15:00:00,15.350,15.350,15.310,15.310,6385805
2026-02-12 10:00:00,15.250,15.410,15.180,15.360,14700844
2026-02-12 10:30:00,15.360,15.410,15.250,15.290,5107054
2026-02-12 11:00:00,15.290,15.310,15.230,15.260,5087389
2026-02-12 11:30:00,15.270,15.420,15.260,15.400,7459107
2026-02-12 13:30:00,15.400,15.630,15.390,15.570,12974944
2026-02-12 14:00:00,15.570,15.760,15.520,15.650,10350333
2026-02-12 14:30:00,15.650,15.690,15.610,15.630,4419575
2026-02-12 15:00:00,15.630,15.680,15.610,15.660,10843492
2026-02-13 10:00:00,15.530,15.780,15.470,15.710,15124990
2026-02-13 10:30:00,15.700,16.240,15.680,16.110,35822817
2026-02-13 11:00:00,16.110,16.300,16.020,16.030,18554754
2026-02-13 11:30:00,16.030,16.050,15.920,15.940,6163476
2026-02-13 13:30:00,15.940,15.980,15.850,15.920,6950300
2026-02-13 14:00:00,15.920,16.180,15.910,16.110,12408514
2026-02-13 14:30:00,16.110,16.180,15.970,16.080,10040757
2026-02-13 15:00:00,16.090,16.150,16.020,16.060,18997572
2026-02-24 10:00:00,16.140,16.270,15.920,16.250,31298333
2026-02-24 10:30:00,16.250,16.320,16.170,16.240,12366778
2026-02-24 11:00:00,16.240,16.270,16.180,16.260,5979550
2026-02-24 11:30:00,16.260,16.270,16.180,16.220,4196681
2026-02-24 13:30:00,16.220,16.400,16.160,16.330,12251810
2026-02-24 14:00:00,16.340,16.380,16.230,16.270,6881659
2026-02-24 14:30:00,16.260,16.300,16.190,16.240,6044872
2026-02-24 15:00:00,16.230,16.240,16.180,16.200,7608591
2026-02-25 10:00:00,16.190,16.260,16.050,16.090,18104210
2026-02-25 10:30:00,16.090,16.190,16.080,16.100,7529528
2026-02-25 11:00:00,16.100,16.190,16.090,16.120,5321647
2026-02-25 11:30:00,16.110,16.130,16.060,16.100,7055559
2026-02-25 13:30:00,16.090,16.130,16.070,16.090,5613616
2026-02-25 14:00:00,16.090,16.210,16.080,16.170,7015667
2026-02-25 14:30:00,16.170,16.180,16.070,16.080,5737458
2026-02-25 15:00:00,16.090,16.150,16.070,16.150,6034132
2026-02-26 10:00:00,16.130,16.200,15.880,16.100,17525187
2026-02-26 10:30:00,16.090,16.300,16.070,16.150,13816973
2026-02-26 11:00:00,16.150,16.270,16.100,16.230,8463728
2026-02-26 11:30:00,16.240,16.470,16.220,16.450,15161809
2026-02-26 13:30:00,16.460,16.480,16.300,16.430,8823931
2026-02-26 14:00:00,16.430,16.440,16.310,16.320,7359869
2026-02-26 14:30:00,16.310,16.370,16.300,16.320,5119591
2026-02-26 15:00:00,16.330,16.360,16.310,16.330,8654356
2026-02-27 10:00:00,16.240,16.560,16.200,16.500,20882680
2026-02-27 10:30:00,16.490,16.560,16.310,16.350,15765834
2026-02-27 11:00:00,16.360,16.410,16.220,16.230,9766410
2026-02-27 11:30:00,16.220,16.290,16.080,16.090,12435761
2026-02-27 13:30:00,16.100,16.140,16.070,16.140,7422630
2026-02-27 14:00:00,16.130,16.170,16.100,16.120,5242843
2026-02-27 14:30:00,16.120,16.150,16.080,16.090,5745085
2026-02-27 15:00:00,16.100,16.140,16.070,16.140,7286114
2026-03-02 10:00:00,16.340,16.480,16.000,16.270,35544446
2026-03-02 10:30:00,16.260,16.280,15.980,16.050,18863885
2026-03-02 11:00:00,16.050,16.060,15.880,15.930,11248096
2026-03-02 11:30:00,15.930,15.990,15.850,15.970,8846741
2026-03-02 13:30:00,15.980,16.110,15.960,16.100,6046339
2026-03-02 14:00:00,16.090,16.110,15.920,15.970,7013049
2026-03-02 14:30:00,15.970,16.020,15.950,15.970,6897092
2026-03-02 15:00:00,15.970,16.190,15.960,16.070,12405763
2026-03-03 10:00:00,16.030,16.040,15.330,15.380,39399011
2026-03-03 10:30:00,15.380,15.420,15.110,15.250,23644043
2026-03-03 11:00:00,15.260,15.350,15.210,15.280,8361686
2026-03-03 11:30:00,15.280,15.340,15.150,15.190,7516459
2026-03-03 13:30:00,15.190,15.270,15.100,15.130,9897669
2026-03-03 14:00:00,15.120,15.170,14.990,15.000,12099400
2026-03-03 14:30:00,15.000,15.040,14.900,15.010,13307020
2026-03-03 15:00:00,15.020,15.020,14.790,14.840,17363557
2026-03-04 10:00:00,14.640,15.050,14.590,14.940,18847760
2026-03-04 10:30:00,14.940,15.080,14.900,15.070,8964961
2026-03-04 11:00:00,15.070,15.150,14.980,15.140,9399095
2026-03-04 11:30:00,15.130,15.140,14.940,14.950,6369284
2026-03-04 13:30:00,14.960,14.980,14.880,14.910,4461522
2026-03-04 14:00:00,14.910,15.100,14.900,14.990,3875247
2026-03-04 14:30:00,14.980,15.000,14.890,14.940,3517613
2026-03-04 15:00:00,14.940,15.020,14.940,14.990,5572355
2026-03-05 10:00:00,15.100,15.280,15.020,15.030,15404557
2026-03-05 10:30:00,15.030,15.120,15.010,15.070,5680067
2026-03-05 11:00:00,15.070,15.110,14.960,15.050,6200085
2026-03-05 11:30:00,15.050,15.060,14.940,14.950,5127500
2026-03-05 13:30:00,14.950,15.020,14.920,15.010,3845171
2026-03-05 14:00:00,15.000,15.010,14.920,14.940,3960984
2026-03-05 14:30:00,14.940,14.940,14.830,14.880,6116989
2026-03-05 15:00:00,14.880,15.010,14.870,15.000,6072637
2026-03-06 10:00:00,14.950,15.300,14.840,15.240,17211868
2026-03-06 10:30:00,15.240,15.690,15.200,15.590,26109077
2026-03-06 11:00:00,15.580,16.120,15.560,15.870,33236996
2026-03-06 11:30:00,15.880,16.030,15.710,15.750,8011022
2026-03-06 13:30:00,15.750,15.780,15.540,15.560,5984699
2026-03-06 14:00:00,15.550,15.590,15.490,15.580,4945461
2026-03-06 14:30:00,15.580,15.630,15.550,15.560,3185290
2026-03-06 15:00:00,15.570,15.600,15.540,15.560,6583404
2026-03-09 10:00:00,15.350,15.450,15.010,15.030,25532118
2026-03-09 10:30:00,15.020,15.100,14.910,14.940,11331445
2026-03-09 11:00:00,14.950,15.080,14.880,15.060,6827811
2026-03-09 11:30:00,15.050,15.070,14.950,14.980,4274500
2026-03-09 13:30:00,14.980,15.150,14.950,15.100,5144935
2026-03-09 14:00:00,15.090,15.190,15.070,15.150,4153583
2026-03-09 14:30:00,15.150,15.230,15.140,15.190,4432859
2026-03-09 15:00:00,15.190,15.230,15.150,15.180,4940688
2026-03-10 10:00:00,15.280,15.700,15.200,15.500,21696293
2026-03-10 10:30:00,15.490,15.520,15.320,15.330,7090615
2026-03-10 11:00:00,15.340,15.390,15.280,15.330,4426009
2026-03-10 11:30:00,15.330,15.330,15.230,15.260,3238500
2026-03-10 13:30:00,15.260,15.330,15.200,15.300,3581200
2026-03-10 14:00:00,15.290,15.300,15.250,15.280,2066941
2026-03-10 14:30:00,15.280,15.300,15.260,15.270,2592067
2026-03-10 15:00:00,15.260,15.290,15.240,15.290,6071752
2026-03-11 10:00:00,15.290,15.360,15.030,15.040,15909764
2026-03-11 10:30:00,15.050,15.090,15.010,15.040,8205583
2026-03-11 11:00:00,15.040,15.050,14.980,15.050,7601081
2026-03-11 11:30:00,15.040,15.050,14.960,15.050,4850400
2026-03-11 13:30:00,15.050,15.070,15.000,15.000,4003526
2026-03-11 14:00:00,15.000,15.010,14.950,14.970,5674975
2026-03-11 14:30:00,14.970,15.010,14.960,14.980,4391065
2026-03-11 15:00:00,14.980,15.000,14.950,14.960,9175873
2026-03-12 10:00:00,14.900,14.920,14.700,14.730,16603118
2026-03-12 10:30:00,14.730,14.760,14.650,14.720,8718198
2026-03-12 11:00:00,14.720,14.750,14.610,14.630,6410880
2026-03-12 11:30:00,14.630,14.630,14.480,14.500,11470914
2026-03-12 13:30:00,14.500,14.570,14.480,14.500,4136701
2026-03-12 14:00:00,14.500,14.590,14.490,14.570,5453051
2026-03-12 14:30:00,14.570,14.600,14.530,14.560,5392300
2026-03-12 15:00:00,14.560,14.590,14.530,14.580,6868671
2026-03-13 10:00:00,14.450,14.470,14.200,14.310,19029208
2026-03-13 10:30:00,14.310,14.410,14.240,14.300,7549409
2026-03-13 11:00:00,14.300,14.450,14.290,14.380,4173761
2026-03-13 11:30:00,14.390,14.390,14.250,14.260,4452498
2026-03-13 13:30:00,14.260,14.350,14.250,14.300,3005850
2026-03-13 14:00:00,14.300,14.370,14.260,14.270,3515840
2026-03-13 14:30:00,14.280,14.280,14.230,14.250,4381848
2026-03-13 15:00:00,14.250,14.260,14.150,14.200,8895983
2026-03-16 10:00:00,14.200,14.200,13.940,14.030,14745795
2026-03-16 10:30:00,14.030,14.080,13.960,13.980,5587145
2026-03-16 11:00:00,13.990,14.000,13.930,13.980,4420622
2026-03-16 11:30:00,13.980,14.000,13.930,13.990,2951589
2026-03-16 13:30:00,13.990,14.130,13.980,14.080,4069757
2026-03-16 14:00:00,14.070,14.110,14.030,14.050,2704565
2026-03-16 14:30:00,14.060,14.090,14.010,14.060,2548116
2026-03-16 15:00:00,14.060,14.090,14.030,14.090,5286029
2026-03-17 10:00:00,14.120,14.190,14.020,14.060,8416375
2026-03-17 10:30:00,14.070,14.100,13.980,14.010,5431822
2026-03-17 11:00:00,14.010,14.050,13.980,13.990,3004751
2026-03-17 11:30:00,13.990,14.000,13.960,13.970,2954011
2026-03-17 13:30:00,13.960,14.000,13.960,13.970,2193426
2026-03-17 14:00:00,13.970,13.980,13.870,13.890,5522240
2026-03-17 14:30:00,13.890,13.900,13.760,13.800,9122941
2026-03-17 15:00:00,13.790,13.840,13.730,13.750,8174773
2026-03-18 10:00:00,13.720,13.840,13.700,13.750,8901065
2026-03-18 10:30:00,13.750,13.850,13.730,13.800,4032022
2026-03-18 11:00:00,13.800,13.840,13.710,13.730,3560462
2026-03-18 11:30:00,13.720,13.900,13.720,13.810,4227026
2026-03-18 13:30:00,13.820,13.840,13.740,13.750,4064366
2026-03-18 14:00:00,13.750,13.860,13.750,13.840,2789512
2026-03-18 14:30:00,13.830,13.910,13.830,13.900,3813694
2026-03-18 15:00:00,13.900,13.950,13.880,13.930,4707195
2026-03-19 10:00:00,13.700,13.750,13.580,13.620,11436910
2026-03-19 10:30:00,13.620,13.620,13.480,13.580,8600051
2026-03-19 11:00:00,13.580,13.620,13.560,13.610,2662827
2026-03-19 11:30:00,13.600,13.680,13.540,13.590,2404700
2026-03-19 13:30:00,13.590,13.600,13.490,13.490,3529787
2026-03-19 14:00:00,13.500,13.580,13.490,13.560,2952863
2026-03-19 14:30:00,13.550,13.590,13.490,13.500,3238859
2026-03-19 15:00:00,13.490,13.520,13.440,13.490,7495932
2026-03-20 10:00:00,13.560,13.630,13.380,13.420,8117894
2026-03-20 10:30:00,13.420,13.430,13.320,13.340,4838301
2026-03-20 11:00:00,13.340,13.350,13.240,13.280,5027834
2026-03-20 11:30:00,13.290,13.480,13.260,13.440,3715250
2026-03-20 13:30:00,13.440,13.460,13.340,13.370,2254533
2026-03-20 14:00:00,13.370,13.370,13.300,13.320,2009404
2026-03-20 14:30:00,13.320,13.340,13.230,13.240,3519903
2026-03-20 15:00:00,13.240,13.270,13.170,13.190,6917684
2026-03-23 10:00:00,12.950,13.000,12.710,12.920,18026233
2026-03-23 10:30:00,12.930,13.000,12.900,12.930,4346687
2026-03-23 11:00:00,12.930,12.940,12.830,12.920,3546685
2026-03-23 11:30:00,12.920,13.020,12.870,12.870,4148726
2026-03-23 13:30:00,12.880,12.930,12.730,12.730,4937051
2026-03-23 14:00:00,12.730,12.800,12.660,12.740,6549351
2026-03-23 14:30:00,12.720,12.730,12.520,12.630,7200076
2026-03-23 15:00:00,12.640,12.640,12.500,12.550,7542110
2026-03-24 10:00:00,12.800,12.840,12.680,12.740,10753737
2026-03-24 10:30:00,12.730,12.890,12.710,12.850,7408084
2026-03-24 11:00:00,12.850,12.920,12.810,12.880,3584116
2026-03-24 11:30:00,12.880,12.890,12.810,12.840,2131844
2026-03-24 13:30:00,12.840,12.850,12.730,12.740,3567357
2026-03-24 14:00:00,12.740,12.800,12.730,12.750,2620016
2026-03-24 14:30:00,12.750,12.910,12.740,12.900,4733052
2026-03-24 15:00:00,12.890,12.950,12.890,12.930,5801758
2026-03-25 10:00:00,12.990,13.110,12.990,13.050,14222042
2026-03-25 10:30:00,13.050,13.070,13.010,13.020,6173868
2026-03-25 11:00:00,13.030,13.040,12.850,13.000,7460850
2026-03-25 11:30:00,13.010,13.050,12.920,12.940,2770971
2026-03-25 13:30:00,12.940,13.020,12.930,13.000,2304632
2026-03-25 14:00:00,13.000,13.000,12.940,12.990,3118300
2026-03-25 14:30:00,12.990,13.090,12.980,13.050,5229088
2026-03-25 15:00:00,13.050,13.100,13.040,13.070,4968633
2026-03-26 10:00:00,13.060,13.060,12.940,12.980,7543333
2026-03-26 10:30:00,12.990,13.020,12.910,12.930,3652373
2026-03-26 11:00:00,12.930,12.950,12.870,12.900,3378994
2026-03-26 11:30:00,12.910,12.930,12.880,12.900,2150478
2026-03-26 13:30:00,12.910,12.920,12.800,12.850,3402179
2026-03-26 14:00:00,12.850,12.870,12.780,12.820,4356550
2026-03-26 14:30:00,12.820,12.920,12.790,12.800,3890426
2026-03-26 15:00:00,12.800,12.860,12.790,12.840,3126013
2026-03-27 10:00:00,12.710,12.830,12.650,12.800,7239873
2026-03-27 10:30:00,12.800,12.860,12.780,12.820,3185383
2026-03-27 11:00:00,12.820,12.870,12.810,12.860,2911357
2026-03-27 11:30:00,12.860,12.930,12.860,12.920,2660994
2026-03-27 13:30:00,12.910,13.020,12.900,12.960,3414661
2026-03-27 14:00:00,12.960,12.990,12.910,12.910,2083066
2026-03-27 14:30:00,12.920,12.940,12.890,12.920,2046879
2026-03-27 15:00:00,12.920,12.980,12.910,12.960,3205504
2026-03-30 10:00:00,12.760,13.010,12.730,12.770,11100450
2026-03-30 10:30:00,12.770,12.890,12.730,12.890,4788900
2026-03-30 11:00:00,12.880,12.910,12.830,12.860,2148100
2026-03-30 11:30:00,12.870,12.960,12.860,12.940,2798910
2026-03-30 13:30:00,12.950,13.080,12.910,13.010,6560299
2026-03-30 14:00:00,13.020,13.070,12.970,13.050,4127080
2026-03-30 14:30:00,13.040,13.080,13.020,13.030,3853056
2026-03-30 15:00:00,13.040,13.060,13.020,13.040,4472781
2026-03-31 10:00:00,13.050,13.300,13.040,13.260,11689931
2026-03-31 10:30:00,13.260,13.360,13.230,13.240,7765962
2026-03-31 11:00:00,13.230,13.260,13.090,13.090,5174599
2026-03-31 11:30:00,13.090,13.100,13.000,13.020,3468466
2026-03-31 13:30:00,13.010,13.080,13.000,13.070,3512100
2026-03-31 14:00:00,13.090,13.120,13.050,13.070,2528662
2026-03-31 14:30:00,13.060,13.060,12.980,13.000,3010500
2026-03-31 15:00:00,13.000,13.020,12.980,13.000,3526924
2026-04-01 10:00:00,13.200,13.250,13.000,13.010,11558159
2026-04-01 10:30:00,13.000,13.070,12.970,13.030,4289824
2026-04-01 11:00:00,13.030,13.110,13.020,13.060,2618300
2026-04-01 11:30:00,13.070,13.090,13.000,13.040,2558059
2026-04-01 13:30:00,13.040,13.080,13.000,13.080,2034165
2026-04-01 14:00:00,13.080,13.090,12.990,13.000,2869843
2026-04-01 14:30:00,13.000,13.030,12.990,13.020,1339582
2026-04-01 15:00:00,13.020,13.080,13.020,13.070,3270754
2026-04-02 10:00:00,13.070,13.140,13.000,13.100,6978360
2026-04-02 10:30:00,13.100,13.110,13.000,13.010,4489094
2026-04-02 11:00:00,13.000,13.070,12.970,13.050,2481000
2026-04-02 11:30:00,13.050,13.060,12.990,13.040,1536521
2026-04-02 13:30:00,13.020,13.020,12.910,12.940,3988496
2026-04-02 14:00:00,12.930,12.940,12.850,12.850,3218229
2026-04-02 14:30:00,12.860,12.930,12.830,12.890,2689437
2026-04-02 15:00:00,12.900,12.910,12.870,12.910,3358171
