date,open,high,low,close,volume
2025-03-27 14:30:00,13.530,13.570,13.510,13.530,3362525
2025-03-27 15:00:00,13.530,13.540,13.480,13.520,3686227
2025-03-28 10:00:00,13.800,13.880,13.630,13.800,28011830
2025-03-28 10:30:00,13.800,13.960,13.780,13.900,19557731
2025-03-28 11:00:00,13.900,13.920,13.740,13.840,8079295
2025-03-28 11:30:00,13.820,13.840,13.720,13.720,4023196
2025-03-28 13:30:00,13.730,13.750,13.670,13.680,4343500
2025-03-28 14:00:00,13.670,13.880,13.670,13.810,7584114
2025-03-28 14:30:00,13.820,13.840,13.780,13.830,4019500
2025-03-28 15:00:00,13.830,13.880,13.790,13.840,11284303
2025-03-31 10:00:00,13.880,14.120,13.850,13.860,37608981
2025-03-31 10:30:00,13.850,14.000,13.850,13.930,11421800
2025-03-31 11:00:00,13.930,14.030,13.870,13.880,15564100
2025-03-31 11:30:00,13.890,13.950,13.850,13.860,7882619
2025-03-31 13:30:00,13.860,13.990,13.830,13.960,9782514
2025-03-31 14:00:00,13.960,14.090,13.920,14.050,13345488
2025-03-31 14:30:00,14.050,14.100,14.000,14.060,10749085
2025-03-31 15:00:00,14.070,14.100,14.050,14.070,10214586
2025-04-01 10:00:00,14.040,14.330,13.890,13.980,40690209
2025-04-01 10:30:00,13.990,14.110,13.970,14.060,11855895
2025-04-01 11:00:00,14.070,14.100,14.000,14.050,7804700
2025-04-01 11:30:00,14.060,14.080,14.000,14.050,5031524
2025-04-01 13:30:00,14.050,14.080,13.990,14.000,6469400
2025-04-01 14:00:00,14.000,14.060,13.890,13.890,8092105
2025-04-01 14:30:00,13.900,13.910,13.810,13.880,12607570
2025-04-01 15:00:00,13.880,13.910,13.840,13.870,9962362
2025-04-02 10:00:00,13.870,14.000,13.760,13.770,20865786
2025-04-02 10:30:00,13.780,13.850,13.760,13.820,7357760
2025-04-02 11:00:00,13.820,13.820,13.780,13.810,4030100
2025-04-02 11:30:00,13.810,13.880,13.780,13.860,4443270
2025-04-02 13:30:00,13.850,13.860,13.620,13.640,10969300
2025-04-02 14:00:00,13.640,13.640,13.570,13.600,8211100
2025-04-02 14:30:00,13.600,13.630,13.550,13.560,6373954
2025-04-02 15:00:00,13.560,13.600,13.530,13.600,7247900
2025-04-03 10:00:00,13.830,13.940,13.750,13.840,30292601
2025-04-03 10:30:00,13.830,13.840,13.590,13.650,11842340
2025-04-03 11:00:00,13.660,13.660,13.560,13.590,5565800
2025-04-03 11:30:00,13.590,13.710,13.570,13.700,5057890
2025-04-03 13:30:00,13.700,13.810,13.600,13.640,10593035
2025-04-03 14:00:00,13.640,13.640,13.580,13.600,5525409
2025-04-03 14:30:00,13.610,13.640,13.560,13.580,4387400
2025-04-03 15:00:00,13.580,13.590,13.510,13.530,7337654
2025-04-07 10:00:00,12.210,12.760,12.210,12.640,42598551
2025-04-07 10:30:00,12.650,12.970,12.580,12.840,16433435
2025-04-07 11:00:00,12.830,12.900,12.780,12.830,7915462
2025-04-07 11:30:00,12.840,12.940,12.710,12.750,6851700
2025-04-07 13:30:00,12.740,12.830,12.700,12.710,8755213
2025-04-07 14:00:00,12.720,12.740,12.480,12.490,12057682
2025-04-07 14:30:00,12.490,12.520,12.190,12.360,18586085
2025-04-07 15:00:00,12.350,12.720,12.300,12.500,18905364
2025-04-08 10:00:00,12.440,12.620,12.350,12.600,25116217
2025-04-08 10:30:00,12.600,12.720,12.520,12.620,15567902
2025-04-08 11:00:00,12.620,12.690,12.520,12.520,6327800
2025-04-08 11:30:00,12.520,12.670,12.520,12.640,4960600
2025-04-08 13:30:00,12.630,12.700,12.450,12.460,9072400
2025-04-08 14:00:00,12.470,12.580,12.390,12.420,8892100
2025-04-08 14:30:00,12.430,12.540,12.390,12.510,10166847
2025-04-08 15:00:00,12.510,12.710,12.500,12.710,15000242
2025-04-09 10:00:00,12.450,12.490,12.260,12.280,25256364
2025-04-09 10:30:00,12.290,12.650,12.280,12.620,16748265
2025-04-09 11:00:00,12.610,12.690,12.590,12.670,6818500
2025-04-09 11:30:00,12.660,12.680,12.580,12.660,4360200
2025-04-09 13:30:00,12.660,12.950,12.640,12.940,10695217
2025-04-09 14:00:00,12.950,13.020,12.890,12.900,9582564
2025-04-09 14:30:00,12.900,13.090,12.900,13.080,7790348
2025-04-09 15:00:00,13.080,13.190,13.070,13.190,13040486
2025-04-10 10:00:00,13.480,13.490,13.180,13.480,28046152
2025-04-10 10:30:00,13.480,13.950,13.420,13.890,24999226
2025-04-10 11:00:00,13.880,13.890,13.660,13.730,10007948
2025-04-10 11:30:00,13.720,13.990,13.680,13.960,14221417
2025-04-10 13:30:00,13.960,14.080,13.750,13.990,18729350
2025-04-10 14:00:00,13.980,14.030,13.890,13.910,7646636
2025-04-10 14:30:00,13.900,14.010,13.890,13.940,7839141
2025-04-10 15:00:00,13.930,13.960,13.900,13.950,9561956
2025-04-11 10:00:00,14.480,14.660,14.400,14.480,66348905
2025-04-11 10:30:00,14.480,14.530,14.380,14.440,17071389
2025-04-11 11:00:00,14.440,14.570,14.410,14.540,11832154
2025-04-11 11:30:00,14.540,14.550,14.440,14.450,7543382
2025-04-11 13:30:00,14.450,14.480,14.300,14.440,11178830
2025-04-11 14:00:00,14.450,14.470,14.150,14.180,19169520
2025-04-11 14:30:00,14.180,14.290,14.170,14.240,8966709
2025-04-11 15:00:00,14.250,14.280,14.180,14.270,14061604
2025-04-14 10:00:00,14.200,14.550,14.110,14.370,39323824
2025-04-14 10:30:00,14.390,14.750,14.370,14.650,28231927
2025-04-14 11:00:00,14.660,14.730,14.560,14.670,10491669
2025-04-14 11:30:00,14.660,14.670,14.510,14.560,8049930
2025-04-14 13:30:00,14.560,14.570,14.440,14.500,7720420
2025-04-14 14:00:00,14.500,14.520,14.420,14.520,6758498
2025-04-14 14:30:00,14.510,14.690,14.500,14.660,11497123
2025-04-14 15:00:00,14.660,14.740,14.610,14.720,22964932
2025-04-15 10:00:00,14.580,14.660,14.360,14.570,25972051
2025-04-15 10:30:00,14.570,14.650,14.430,14.550,12160767
2025-04-15 11:00:00,14.550,14.630,14.500,14.520,6875502
2025-04-15 11:30:00,14.520,14.540,14.440,14.490,5580225
2025-04-15 13:30:00,14.490,14.660,14.480,14.500,7541630
2025-04-15 14:00:00,14.490,14.530,14.480,14.500,3687450
2025-04-15 14:30:00,14.510,14.520,14.430,14.490,4886100
2025-04-15 15:00:00,14.490,14.570,14.470,14.570,8609176
2025-04-16 10:00:00,14.900,14.970,14.600,14.690,36037104
2025-04-16 10:30:00,14.690,14.790,14.640,14.650,11989300
2025-04-16 11:00:00,14.650,14.720,14.630,14.640,5903400
2025-04-16 11:30:00,14.640,14.660,14.590,14.610,6830171
2025-04-16 13:30:00,14.610,14.850,14.600,14.650,16250073
2025-04-16 14:00:00,14.660,14.760,14.640,14.710,8361873
2025-04-16 14:30:00,14.710,14.820,14.690,14.740,9003638
2025-04-16 15:00:00,14.740,14.810,14.680,14.810,15978205
2025-04-17 10:00:00,15.100,15.300,14.710,14.730,69748540
2025-04-17 10:30:00,14.730,14.800,14.610,14.700,19703631
2025-04-17 11:00:00,14.690,14.740,14.650,14.710,7528054
2025-04-17 11:30:00,14.720,14.840,14.680,14.820,5279182
2025-04-17 13:30:00,14.820,14.830,14.610,14.620,7012816
2025-04-17 14:00:00,14.620,14.630,14.500,14.500,9034785
2025-04-17 14:30:00,14.500,14.600,14.470,14.520,10003021
2025-04-17 15:00:00,14.510,14.570,14.460,14.570,14055014
2025-04-18 10:00:00,14.410,14.560,14.210,14.260,24868385
2025-04-18 10:30:00,14.260,14.300,14.170,14.280,10893936
2025-04-18 11:00:00,14.280,14.310,14.190,14.260,5329100
2025-04-18 11:30:00,14.270,14.270,14.200,14.260,3663795
2025-04-18 13:30:00,14.270,14.300,14.240,14.260,3593336
2025-04-18 14:00:00,14.250,14.380,14.250,14.340,6751150
2025-04-18 14:30:00,14.330,14.370,14.300,14.350,5456018
2025-04-18 15:00:00,14.340,14.500,14.320,14.430,10166955
2025-04-21 10:00:00,14.690,14.940,14.650,14.890,32656086
2025-04-21 10:30:00,14.890,14.960,14.870,14.920,10772566
2025-04-21 11:00:00,14.930,15.320,14.890,15.260,21655108
2025-04-21 11:30:00,15.260,15.300,15.150,15.200,14013645
2025-04-21 13:30:00,15.200,15.230,15.070,15.180,9153590
2025-04-21 14:00:00,15.170,15.300,15.170,15.250,10717353
2025-04-21 14:30:00,15.250,15.500,15.200,15.440,22317537
2025-04-21 15:00:00,15.440,15.450,15.360,15.430,16164565
2025-04-22 10:00:00,15.570,15.570,15.300,15.500,42200136
2025-04-22 10:30:00,15.500,15.520,15.200,15.330,21964776
2025-04-22 11:00:00,15.330,15.600,15.320,15.520,15664715
2025-04-22 11:30:00,15.520,15.700,15.460,15.650,11208744
2025-04-22 13:30:00,15.650,15.700,15.310,15.370,12574297
2025-04-22 14:00:00,15.360,15.410,15.200,15.400,11263421
2025-04-22 14:30:00,15.400,15.410,15.340,15.370,7012903
2025-04-22 15:00:00,15.360,15.380,15.240,15.270,12887696
2025-04-23 10:00:00,14.550,14.760,14.460,14.750,50369209
2025-04-23 10:30:00,14.750,14.780,14.590,14.620,10271284
2025-04-23 11:00:00,14.630,14.640,14.450,14.470,15483511
2025-04-23 11:30:00,14.480,14.510,14.400,14.410,12903551
2025-04-23 13:30:00,14.410,14.460,14.340,14.370,17358099
2025-04-23 14:00:00,14.370,14.400,14.280,14.300,15089281
2025-04-23 14:30:00,14.300,14.330,14.250,14.280,9113301
2025-04-23 15:00:00,14.280,14.340,14.280,14.300,9624264
2025-04-24 10:00:00,14.480,14.570,14.430,14.520,26639726
2025-04-24 10:30:00,14.520,14.520,14.360,14.380,7773066
2025-04-24 11:00:00,14.380,14.400,14.250,14.310,6655994
2025-04-24 11:30:00,14.320,14.330,14.220,14.280,3895955
2025-04-24 13:30:00,14.290,14.330,14.230,14.240,3311412
2025-04-24 14:00:00,14.230,14.260,14.190,14.190,5057400
2025-04-24 14:30:00,14.200,14.240,14.160,14.200,5908400
2025-04-24 15:00:00,14.190,14.210,14.150,14.200,7037001
2025-04-25 10:00:00,14.320,14.340,14.110,14.170,13947197
2025-04-25 10:30:00,14.180,14.250,14.160,14.200,5536642
2025-04-25 11:00:00,14.190,14.230,14.150,14.170,4051814
2025-04-25 11:30:00,14.160,14.250,14.160,14.220,3672849
2025-04-25 13:30:00,14.210,14.220,13.860,14.060,15481990
2025-04-25 14:00:00,14.070,14.090,13.910,13.940,12865085
2025-04-25 14:30:00,13.950,13.990,13.930,13.950,5932800
2025-04-25 15:00:00,13.950,13.990,13.940,13.990,7155663
2025-04-28 10:00:00,13.910,13.960,13.760,13.850,19996565
2025-04-28 10:30:00,13.860,13.910,13.800,13.890,6506901
2025-04-28 11:00:00,13.890,13.920,13.830,13.840,3954299
2025-04-28 11:30:00,13.850,13.940,13.830,13.920,2497100
2025-04-28 13:30:00,13.920,13.970,13.900,13.960,4133373
2025-04-28 14:00:00,13.950,13.980,13.920,13.940,2912400
2025-04-28 14:30:00,13.940,13.970,13.920,13.920,1902100
2025-04-28 15:00:00,13.930,13.960,13.900,13.920,4982015
2025-04-29 10:00:00,14.000,14.060,13.880,13.880,12864975
2025-04-29 10:30:00,13.880,13.940,13.850,13.910,6707151
2025-04-29 11:00:00,13.900,13.940,13.850,13.860,3581811
2025-04-29 11:30:00,13.860,13.900,13.820,13.880,3766100
2025-04-29 13:30:00,13.880,13.900,13.790,13.800,5598800
2025-04-29 14:00:00,13.800,13.840,13.790,13.810,3009595
2025-04-29 14:30:00,13.810,13.890,13.800,13.860,4584789
2025-04-29 15:00:00,13.870,13.990,13.860,13.970,9600968
2025-04-30 10:00:00,13.830,13.950,13.810,13.850,18777851
2025-04-30 10:30:00,13.850,13.910,13.770,13.780,8753230
2025-04-30 11:00:00,13.770,13.790,13.680,13.720,9385832
2025-04-30 11:30:00,13.730,13.740,13.680,13.690,6848433
2025-04-30 13:30:00,13.690,13.730,13.650,13.710,5949517
2025-04-30 14:00:00,13.720,13.740,13.650,13.670,6477183
2025-04-30 14:30:00,13.660,13.700,13.620,13.640,7108600
2025-04-30 15:00:00,13.640,13.650,13.600,13.630,7556940
2025-05-06 10:00:00,13.910,14.210,13.910,14.170,40881715
2025-05-06 10:30:00,14.170,14.280,14.140,14.180,14725200
2025-05-06 11:00:00,14.180,14.200,14.120,14.130,6845280
2025-05-06 11:30:00,14.120,14.130,14.070,14.090,5214000
2025-05-06 13:30:00,14.080,14.100,14.000,14.060,5500167
2025-05-06 14:00:00,14.070,14.070,14.020,14.040,2864701
2025-05-06 14:30:00,14.040,14.100,14.010,14.070,4505395
2025-05-06 15:00:00,14.060,14.080,14.030,14.070,6372943
2025-05-07 10:00:00,14.100,14.120,13.900,14.100,27345793
2025-05-07 10:30:00,14.100,14.220,14.030,14.200,12273565
2025-05-07 11:00:00,14.200,14.200,14.100,14.100,5576492
2025-05-07 11:30:00,14.110,14.150,14.080,14.090,4179881
2025-05-07 13:30:00,14.100,14.120,14.050,14.100,3640290
2025-05-07 14:00:00,14.100,14.110,14.040,14.040,3199233
2025-05-07 14:30:00,14.040,14.120,14.040,14.080,6038900
2025-05-07 15:00:00,14.080,14.190,14.070,14.190,7711205
2025-05-08 10:00:00,14.110,14.140,13.960,14.140,12161560
2025-05-08 10:30:00,14.130,14.220,14.110,14.150,7871044
2025-05-08 11:00:00,14.150,14.180,14.090,14.140,4609302
2025-05-08 11:30:00,14.140,14.150,14.100,14.120,3013659
2025-05-08 13:30:00,14.120,14.140,13.950,13.950,9770774
2025-05-08 14:00:00,13.960,13.970,13.880,13.880,8574355
2025-05-08 14:30:00,13.880,13.900,13.810,13.870,10886900
2025-05-08 15:00:00,13.870,13.880,13.810,13.850,11402521
2025-05-09 10:00:00,13.650,13.780,13.610,13.720,13870368
2025-05-09 10:30:00,13.710,13.750,13.650,13.680,6995700
2025-05-09 11:00:00,13.670,13.720,13.670,13.700,3550343
2025-05-09 11:30:00,13.700,13.780,13.700,13.760,4645780
2025-05-09 13:30:00,13.770,13.930,13.760,13.800,5727501
2025-05-09 14:00:00,13.800,13.810,13.760,13.790,3271759
2025-05-09 14:30:00,13.790,13.800,13.750,13.760,4103130
2025-05-09 15:00:00,13.770,13.800,13.760,13.790,4006889
2025-05-12 10:00:00,13.500,13.500,13.280,13.410,24475679
2025-05-12 10:30:00,13.410,13.510,13.390,13.460,9319665
2025-05-12 11:00:00,13.460,13.580,13.440,13.560,5860800
2025-05-12 11:30:00,13.550,13.560,13.510,13.540,3784200
2025-05-12 13:30:00,13.540,13.580,13.530,13.580,4617700
2025-05-12 14:00:00,13.570,13.620,13.550,13.610,4839745
2025-05-12 14:30:00,13.610,13.610,13.570,13.570,3952300
2025-05-12 15:00:00,13.570,13.620,13.570,13.600,4894832
2025-05-13 10:00:00,13.480,13.580,13.400,13.410,24960322
2025-05-13 10:30:00,13.420,13.550,13.390,13.530,8406787
2025-05-13 11:00:00,13.540,13.610,13.500,13.590,5291500
2025-05-13 11:30:00,13.590,13.600,13.520,13.580,2733914
2025-05-13 13:30:00,13.580,13.740,13.560,13.660,8436960
2025-05-13 14:00:00,13.660,13.700,13.650,13.690,2888000
2025-05-13 14:30:00,13.700,13.720,13.660,13.660,3056079
2025-05-13 15:00:00,13.660,13.700,13.660,13.690,4949100
2025-05-14 10:00:00,13.580,13.680,13.480,13.500,11128300
2025-05-14 10:30:00,13.510,13.530,13.450,13.470,6633760
2025-05-14 11:00:00,13.470,13.470,13.430,13.460,4852600
2025-05-14 11:30:00,13.460,13.480,13.430,13.450,3283100
2025-05-14 13:30:00,13.450,13.510,13.410,13.450,4295220
2025-05-14 14:00:00,13.460,13.490,13.430,13.470,5765353
2025-05-14 14:30:00,13.480,13.480,13.450,13.470,3369987
2025-05-14 15:00:00,13.470,13.480,13.440,13.450,5620301
2025-05-15 10:00:00,13.300,13.370,13.250,13.250,17394100
2025-05-15 10:30:00,13.250,13.320,13.210,13.280,8093953
2025-05-15 11:00:00,13.280,13.280,13.170,13.190,9692981
2025-05-15 11:30:00,13.180,13.220,13.170,13.210,4533121
2025-05-15 13:30:00,13.210,13.210,13.150,13.170,5464801
2025-05-15 14:00:00,13.170,13.190,13.140,13.150,3444700
2025-05-15 14:30:00,13.150,13.220,13.130,13.200,4008473
2025-05-15 15:00:00,13.200,13.290,13.190,13.260,8143300
2025-05-16 10:00:00,13.390,13.500,13.320,13.340,14251900
2025-05-16 10:30:00,13.340,13.340,13.270,13.290,4356400
2025-05-16 11:00:00,13.280,13.310,13.230,13.240,3187800
2025-05-16 11:30:00,13.240,13.250,13.200,13.220,2363344
2025-05-16 13:30:00,13.230,13.280,13.210,13.240,2966900
2025-05-16 14:00:00,13.240,13.260,13.220,13.230,2371800
2025-05-16 14:30:00,13.220,13.290,13.210,13.270,2608070
2025-05-16 15:00:00,13.270,13.290,13.260,13.270,4587424
2025-05-19 10:00:00,13.330,13.460,13.330,13.340,16008088
2025-05-19 10:30:00,13.350,13.380,13.300,13.310,4186358
2025-05-19 11:00:00,13.310,13.340,13.290,13.330,2383907
2025-05-19 11:30:00,13.330,13.350,13.300,13.320,1641260
2025-05-19 13:30:00,13.320,13.320,13.270,13.280,2775100
2025-05-19 14:00:00,13.270,13.360,13.250,13.310,4570599
2025-05-19 14:30:00,13.300,13.370,13.300,13.360,4099384
2025-05-19 15:00:00,13.360,13.420,13.350,13.400,5888369
2025-05-20 10:00:00,13.400,13.680,13.370,13.630,24594283
2025-05-20 10:30:00,13.620,13.640,13.510,13.520,6687609
2025-05-20 11:00:00,13.520,13.540,13.480,13.510,3922500
2025-05-20 11:30:00,13.520,13.600,13.500,13.580,4430543
2025-05-20 13:30:00,13.580,13.640,13.560,13.590,4488669
2025-05-20 14:00:00,13.590,13.610,13.560,13.580,2812700
2025-05-20 14:30:00,13.590,13.600,13.560,13.580,3471017
2025-05-20 15:00:00,13.580,13.580,13.550,13.550,3898558
2025-05-21 10:00:00,13.790,13.800,13.630,13.690,17463314
2025-05-21 10:30:00,13.700,13.770,13.680,13.750,6505800
2025-05-21 11:00:00,13.760,13.780,13.710,13.770,5158218
2025-05-21 11:30:00,13.770,13.830,13.750,13.810,5615700
2025-05-21 13:30:00,13.810,13.870,13.750,13.780,7077100
2025-05-21 14:00:00,13.780,13.900,13.780,13.890,7138037
2025-05-21 14:30:00,13.890,13.980,13.870,13.950,12977700
2025-05-21 15:00:00,13.950,14.000,13.940,14.000,13108700
2025-05-22 10:00:00,14.040,14.080,13.940,13.980,20061346
2025-05-22 10:30:00,13.970,13.980,13.900,13.910,6577574
2025-05-22 11:00:00,13.920,14.000,13.890,13.980,4689200
2025-05-22 11:30:00,13.980,14.010,13.960,13.960,4747600
2025-05-22 13:30:00,13.960,13.970,13.910,13.910,2365524
2025-05-22 14:00:00,13.920,13.950,13.840,13.850,4392900
2025-05-22 14:30:00,13.850,13.860,13.830,13.840,3471185
2025-05-22 15:00:00,13.840,13.870,13.820,13.820,4197449
2025-05-23 10:00:00,13.730,13.870,13.720,13.830,12147944
2025-05-23 10:30:00,13.830,13.840,13.750,13.810,3703100
2025-05-23 11:00:00,13.800,13.820,13.730,13.770,3114200
2025-05-23 11:30:00,13.760,13.770,13.720,13.740,2703100
2025-05-23 13:30:00,13.740,13.860,13.740,13.840,4263097
2025-05-23 14:00:00,13.840,13.860,13.800,13.850,2755996
2025-05-23 14:30:00,13.860,14.030,13.840,13.930,16008315
2025-05-23 15:00:00,13.940,13.940,13.880,13.900,7704601
2025-05-26 10:00:00,13.930,14.490,13.900,14.440,51493502
2025-05-26 10:30:00,14.440,14.570,14.380,14.460,14737335
2025-05-26 11:00:00,14.450,14.590,14.410,14.490,11478426
2025-05-26 11:30:00,14.490,14.540,14.400,14.480,6036934
2025-05-26 13:30:00,14.470,14.530,14.400,14.450,7398355
2025-05-26 14:00:00,14.450,14.470,14.400,14.440,3815920
2025-05-26 14:30:00,14.450,14.490,14.370,14.380,5351900
2025-05-26 15:00:00,14.380,14.440,14.370,14.420,6195493
2025-05-27 10:00:00,14.350,14.620,14.170,14.250,21159984
2025-05-27 10:30:00,14.250,14.290,14.190,14.200,5564403
2025-05-27 11:00:00,14.210,14.260,14.200,14.260,3425960
2025-05-27 11:30:00,14.250,14.310,14.240,14.270,2740520
2025-05-27 13:30:00,14.280,14.280,14.160,14.160,4803342
2025-05-27 14:00:00,14.170,14.190,14.090,14.130,3031880
2025-05-27 14:30:00,14.130,14.200,14.110,14.120,2546491
2025-05-27 15:00:00,14.110,14.120,14.060,14.070,6258136
2025-05-28 10:00:00,14.000,14.190,14.000,14.090,10498341
2025-05-28 10:30:00,14.090,14.180,14.070,14.150,4302700
2025-05-28 11:00:00,14.160,14.170,14.100,14.110,2290700
2025-05-28 11:30:00,14.110,14.120,14.060,14.060,2822900
2025-05-28 13:30:00,14.070,14.140,14.050,14.130,2862900
2025-05-28 14:00:00,14.130,14.150,14.070,14.140,2816100
2025-05-28 14:30:00,14.140,14.160,14.120,14.160,3484199
2025-05-28 15:00:00,14.150,14.160,14.120,14.160,3829960
2025-05-29 10:00:00,13.820,13.910,13.690,13.900,15934443
2025-05-29 10:30:00,13.890,13.920,13.820,13.870,7043874
2025-05-29 11:00:00,13.860,13.930,13.860,13.920,2680500
2025-05-29 11:30:00,13.920,13.930,13.890,13.910,1930600
2025-05-29 13:30:00,13.920,13.920,13.860,13.870,2821710
2025-05-29 14:00:00,13.860,13.900,13.840,13.870,4544500
2025-05-29 14:30:00,13.880,13.900,13.860,13.870,2223500
2025-05-29 15:00:00,13.870,13.880,13.860,13.880,4339200
2025-05-30 10:00:00,14.000,14.080,13.920,13.920,10903300
2025-05-30 10:30:00,13.920,13.960,13.870,13.890,3816296
2025-05-30 11:00:00,13.880,13.950,13.850,13.870,2569321
2025-05-30 11:30:00,13.870,13.960,13.840,13.930,3231200
2025-05-30 13:30:00,13.920,13.940,13.870,13.910,2049400
2025-05-30 14:00:00,13.900,13.980,13.900,13.970,2367800
2025-05-30 14:30:00,13.970,13.990,13.950,13.970,3010000
2025-05-30 15:00:00,13.980,13.980,13.940,13.950,4646100
2025-06-03 10:00:00,14.320,14.360,14.160,14.270,27134760
2025-06-03 10:30:00,14.270,14.390,14.230,14.370,14510205
2025-06-03 11:00:00,14.360,14.370,14.230,14.270,4984128
2025-06-03 11:30:00,14.260,14.300,14.220,14.250,3838630
2025-06-03 13:30:00,14.260,14.260,14.210,14.210,3184700
2025-06-03 14:00:00,14.210,14.230,14.180,14.220,3182293
2025-06-03 14:30:00,14.220,14.260,14.210,14.250,3204389
2025-06-03 15:00:00,14.250,14.280,14.220,14.240,5836778
2025-06-04 10:00:00,14.270,14.370,14.230,14.330,15366713
2025-06-04 10:30:00,14.330,14.350,14.270,14.320,5121744
2025-06-04 11:00:00,14.320,14.320,14.230,14.240,5322930
2025-06-04 11:30:00,14.240,14.290,14.230,14.270,3100521
2025-06-04 13:30:00,14.280,14.280,14.160,14.170,5480700
2025-06-04 14:00:00,14.170,14.210,14.170,14.170,2678890
2025-06-04 14:30:00,14.170,14.190,14.130,14.140,4890400
2025-06-04 15:00:00,14.140,14.180,14.120,14.180,4542804
2025-06-05 10:00:00,14.250,14.300,14.180,14.220,7561391
2025-06-05 10:30:00,14.230,14.230,14.160,14.180,3814000
2025-06-05 11:00:00,14.180,14.200,14.160,14.180,1833418
2025-06-05 11:30:00,14.190,14.190,14.150,14.170,1856182
2025-06-05 13:30:00,14.170,14.180,14.100,14.130,3782000
2025-06-05 14:00:00,14.130,14.140,14.070,14.080,4586600
2025-06-05 14:30:00,14.080,14.100,14.070,14.080,3166545
2025-06-05 15:00:00,14.090,14.110,14.070,14.080,3722100
2025-06-06 10:00:00,14.060,14.280,14.060,14.270,12743748
2025-06-06 10:30:00,14.270,14.300,14.220,14.240,5114309
2025-06-06 11:00:00,14.240,14.250,14.180,14.210,3190600
2025-06-06 11:30:00,14.210,14.230,14.150,14.170,2168900
2025-06-06 13:30:00,14.170,14.280,14.170,14.240,7012314
2025-06-06 14:00:00,14.230,14.260,14.200,14.220,2337200
2025-06-06 14:30:00,14.210,14.230,14.160,14.190,2837400
2025-06-06 15:00:00,14.190,14.220,14.190,14.200,3916386
2025-06-09 10:00:00,13.940,14.000,13.790,13.920,19091107
2025-06-09 10:30:00,13.910,13.930,13.880,13.910,5404398
2025-06-09 11:00:00,13.900,13.990,13.860,13.980,5999061
2025-06-09 11:30:00,13.970,14.040,13.960,14.020,4818700
2025-06-09 13:30:00,14.030,14.130,14.010,14.090,4550418
2025-06-09 14:00:00,14.090,14.140,14.090,14.140,2636528
2025-06-09 14:30:00,14.140,14.150,14.100,14.120,3250418
2025-06-09 15:00:00,14.130,14.170,14.080,14.170,4192634
2025-06-10 10:00:00,14.050,14.140,14.040,14.050,6972900
2025-06-10 10:30:00,14.060,14.100,14.050,14.100,2277560
2025-06-10 11:00:00,14.100,14.120,14.060,14.110,2139204
2025-06-10 11:30:00,14.110,14.200,14.110,14.180,3877400
2025-06-10 13:30:00,14.180,14.190,14.080,14.110,5563435
2025-06-10 14:00:00,14.110,14.240,14.110,14.180,5944700
2025-06-10 14:30:00,14.170,14.210,14.150,14.200,3648000
2025-06-10 15:00:00,14.190,14.250,14.190,14.240,5346257
2025-06-11 10:00:00,14.210,14.340,14.150,14.190,8004866
2025-06-11 10:30:00,14.190,14.280,14.180,14.270,4859400
2025-06-11 11:00:00,14.270,14.340,14.260,14.340,6241990
2025-06-11 11:30:00,14.340,14.340,14.280,14.330,4228600
2025-06-11 13:30:00,14.330,14.360,14.260,14.280,3719317
2025-06-11 14:00:00,14.270,14.300,14.260,14.280,1519300
2025-06-11 14:30:00,14.280,14.330,14.280,14.300,3020878
2025-06-11 15:00:00,14.300,14.310,14.280,14.300,3623533
2025-06-12 10:00:00,14.380,14.500,14.320,14.420,16009135
2025-06-12 10:30:00,14.420,14.450,14.360,14.450,3970500
2025-06-12 11:00:00,14.450,14.530,14.440,14.500,7480124
2025-06-12 11:30:00,14.500,14.570,14.490,14.540,5538071
2025-06-12 13:30:00,14.540,14.680,14.530,14.580,10047399
2025-06-12 14:00:00,14.580,14.660,14.560,14.610,5224008
2025-06-12 14:30:00,14.620,14.660,14.610,14.660,4466051
2025-06-12 15:00:00,14.660,14.680,14.640,14.670,6549002
2025-06-13 10:00:00,14.940,15.030,14.830,14.880,35027024
2025-06-13 10:30:00,14.880,15.000,14.830,14.870,11185611
2025-06-13 11:00:00,14.870,15.070,14.860,15.050,11284124
2025-06-13 11:30:00,15.060,15.080,14.970,14.990,7190877
2025-06-13 13:30:00,14.980,15.100,14.980,15.020,10412792
2025-06-13 14:00:00,15.020,15.030,14.950,15.010,7278558
2025-06-13 14:30:00,15.020,15.040,14.970,15.000,6270814
2025-06-13 15:00:00,15.000,15.020,14.940,14.980,10904665
2025-06-16 10:00:00,14.990,15.030,14.770,14.970,20310272
2025-06-16 10:30:00,14.980,15.000,14.880,14.890,6044995
2025-06-16 11:00:00,14.900,14.930,14.830,14.840,3970000
2025-06-16 11:30:00,14.840,14.840,14.730,14.750,5108400
2025-06-16 13:30:00,14.770,14.820,14.740,14.760,6028454
2025-06-16 14:00:00,14.760,14.780,14.680,14.710,4864906
2025-06-16 14:30:00,14.710,14.790,14.700,14.750,4224880
2025-06-16 15:00:00,14.760,14.770,14.710,14.760,4852913
2025-06-17 10:00:00,14.650,14.860,14.600,14.800,10866900
2025-06-17 10:30:00,14.800,14.820,14.710,14.730,5936634
2025-06-17 11:00:00,14.730,14.770,14.700,14.710,3108200
2025-06-17 11:30:00,14.700,14.720,14.620,14.690,4140700
2025-06-17 13:30:00,14.680,14.730,14.660,14.670,2283833
2025-06-17 14:00:00,14.670,14.700,14.600,14.610,6335000
2025-06-17 14:30:00,14.600,14.620,14.560,14.600,6392757
2025-06-17 15:00:00,14.600,14.620,14.570,14.590,5045046
2025-06-18 10:00:00,14.570,14.680,14.540,14.590,7685249
2025-06-18 10:30:00,14.600,14.610,14.440,14.470,5784800
2025-06-18 11:00:00,14.470,14.560,14.470,14.500,3078200
2025-06-18 11:30:00,14.510,14.610,14.500,14.600,1851136
2025-06-18 13:30:00,14.600,14.690,14.580,14.590,5027600
2025-06-18 14:00:00,14.590,14.650,14.570,14.650,3568200
2025-06-18 14:30:00,14.650,14.660,14.570,14.600,2524600
2025-06-18 15:00:00,14.600,14.630,14.590,14.620,2941478
2025-06-19 10:00:00,14.500,14.590,14.460,14.540,6796200
2025-06-19 10:30:00,14.540,14.580,14.500,14.510,2991800
2025-06-19 11:00:00,14.510,14.550,14.500,14.530,1990500
2025-06-19 11:30:00,14.540,14.560,14.400,14.450,4346600
2025-06-19 13:30:00,14.450,14.550,14.420,14.540,3934400
2025-06-19 14:00:00,14.550,14.590,14.480,14.500,4395100
2025-06-19 14:30:00,14.510,14.520,14.400,14.420,4994000
2025-06-19 15:00:00,14.420,14.430,14.350,14.420,5645915
2025-06-20 10:00:00,14.360,14.420,14.280,14.310,7525400
2025-06-20 10:30:00,14.310,14.410,14.300,14.340,3820568
2025-06-20 11:00:00,14.340,14.380,14.310,14.320,3099700
2025-06-20 11:30:00,14.320,14.330,14.210,14.270,4892690
2025-06-20 13:30:00,14.270,14.330,14.250,14.330,2807769
2025-06-20 14:00:00,14.330,14.350,14.300,14.330,1649969
2025-06-20 14:30:00,14.330,14.350,14.300,14.320,2209064
2025-06-20 15:00:00,14.320,14.330,14.290,14.310,3684139
2025-06-23 10:00:00,14.400,14.420,14.250,14.290,8990190
2025-06-23 10:30:00,14.290,14.420,14.280,14.390,4446500
2025-06-23 11:00:00,14.400,14.400,14.340,14.360,2866800
2025-06-23 11:30:00,14.350,14.380,14.300,14.360,2272152
2025-06-23 13:30:00,14.370,14.370,14.280,14.290,3442531
2025-06-23 14:00:00,14.280,14.320,14.260,14.290,2646000
2025-06-23 14:30:00,14.290,14.330,14.280,14.310,2462400
2025-06-23 15:00:00,14.310,14.330,14.280,14.300,4292502
2025-06-24 10:00:00,14.160,14.230,14.050,14.230,13775122
2025-06-24 10:30:00,14.230,14.300,14.210,14.250,5529906
2025-06-24 11:00:00,14.250,14.270,14.190,14.260,3173114
2025-06-24 11:30:00,14.260,14.260,14.210,14.260,2160662
2025-06-24 13:30:00,14.250,14.270,14.200,14.230,3391780
2025-06-24 14:00:00,14.250,14.260,14.170,14.190,5313700
2025-06-24 14:30:00,14.190,14.200,14.150,14.160,5631900
2025-06-24 15:00:00,14.160,14.180,14.070,14.110,10607300
2025-06-25 10:00:00,14.130,14.230,14.130,14.190,8212033
2025-06-25 10:30:00,14.190,14.250,14.180,14.240,4537367
2025-06-25 11:00:00,14.230,14.250,14.190,14.210,2379117
2025-06-25 11:30:00,14.210,14.350,14.200,14.320,5226040
2025-06-25 13:30:00,14.310,14.320,14.260,14.280,2890900
2025-06-25 14:00:00,14.280,14.310,14.270,14.310,1702500
2025-06-25 14:30:00,14.310,14.350,14.280,14.310,4416880
2025-06-25 15:00:00,14.310,14.340,14.280,14.340,5289800
2025-06-26 10:00:00,14.350,14.380,14.210,14.290,9267800
2025-06-26 10:30:00,14.290,14.500,14.290,14.490,11383672
2025-06-26 11:00:00,14.500,14.560,14.460,14.500,6577867
2025-06-26 11:30:00,14.500,14.500,14.440,14.490,2840103
2025-06-26 13:30:00,14.490,14.580,14.460,14.570,4512629
2025-06-26 14:00:00,14.570,14.600,14.550,14.580,5436834
2025-06-26 14:30:00,14.580,14.580,14.530,14.580,4046110
2025-06-26 15:00:00,14.580,14.580,14.530,14.530,4447471
2025-06-27 10:00:00,14.480,14.680,14.460,14.580,12064486
2025-06-27 10:30:00,14.580,14.730,14.570,14.700,6389426
2025-06-27 11:00:00,14.700,14.740,14.630,14.640,5828500
2025-06-27 11:30:00,14.640,14.640,14.530,14.580,4022068
2025-06-27 13:30:00,14.580,14.590,14.500,14.560,5046700
2025-06-27 14:00:00,14.560,14.570,14.470,14.480,4613490
2025-06-27 14:30:00,14.480,14.530,14.480,14.480,4370167
2025-06-27 15:00:00,14.480,14.510,14.460,14.470,5036572
2025-06-30 10:00:00,14.380,14.500,14.320,14.440,8990734
2025-06-30 10:30:00,14.440,14.520,14.360,14.520,5567118
2025-06-30 11:00:00,14.520,14.550,14.480,14.500,4821700
2025-06-30 11:30:00,14.490,14.560,14.480,14.560,2241335
2025-06-30 13:30:00,14.560,14.640,14.550,14.620,4618913
2025-06-30 14:00:00,14.610,14.630,14.580,14.610,2405300
2025-06-30 14:30:00,14.610,14.650,14.580,14.630,3454100
2025-06-30 15:00:00,14.620,14.640,14.600,14.630,5581750
2025-07-01 10:00:00,14.740,14.770,14.630,14.740,9593053
2025-07-01 10:30:00,14.740,14.780,14.700,14.740,4544520
2025-07-01 11:00:00,14.740,14.800,14.700,14.790,4208400
2025-07-01 11:30:00,14.790,14.810,14.730,14.790,3320532
2025-07-01 13:30:00,14.800,14.880,14.780,14.840,4818917
2025-07-01 14:00:00,14.840,14.880,14.830,14.880,3358786
2025-07-01 14:30:00,14.870,14.900,14.860,14.890,3680700
2025-07-01 15:00:00,14.890,14.900,14.860,14.880,4720800
2025-07-02 10:00:00,14.850,14.930,14.810,14.880,9519454
2025-07-02 10:30:00,14.890,15.000,14.880,14.900,8851121
2025-07-02 11:00:00,14.900,14.990,14.880,14.970,3818714
2025-07-02 11:30:00,14.970,14.980,14.890,14.930,2818800
2025-07-02 13:30:00,14.920,14.940,14.860,14.890,3071980
2025-07-02 14:00:00,14.890,14.920,14.870,14.890,3008795
2025-07-02 14:30:00,14.890,14.910,14.860,14.870,3010126
2025-07-02 15:00:00,14.870,14.890,14.830,14.860,6531258
2025-07-03 10:00:00,14.550,14.560,14.380,14.430,11839907
2025-07-03 10:30:00,14.430,14.500,14.380,14.380,4783735
2025-07-03 11:00:00,14.390,14.410,14.320,14.410,5572116
2025-07-03 11:30:00,14.410,14.430,14.390,14.430,2529542
2025-07-03 13:30:00,14.420,14.440,14.360,14.430,2396900
2025-07-03 14:00:00,14.430,14.440,14.390,14.420,2349401
2025-07-03 14:30:00,14.430,14.460,14.420,14.430,2581080
2025-07-03 15:00:00,14.420,14.440,14.400,14.430,3483900
2025-07-04 10:00:00,14.320,14.350,14.130,14.160,10717000
2025-07-04 10:30:00,14.160,14.170,14.090,14.170,9901759
2025-07-04 11:00:00,14.170,14.240,14.150,14.240,3047543
2025-07-04 11:30:00,14.230,14.290,14.230,14.270,2449998
2025-07-04 13:30:00,14.270,14.420,14.270,14.410,5094478
2025-07-04 14:00:00,14.410,14.430,14.300,14.300,4035400
2025-07-04 14:30:00,14.310,14.310,14.270,14.290,2766000
2025-07-04 15:00:00,14.280,14.360,14.270,14.330,3630452
2025-07-07 10:00:00,14.200,14.310,14.140,14.280,6267030
2025-07-07 10:30:00,14.290,14.330,14.260,14.300,3032430
2025-07-07 11:00:00,14.290,14.310,14.250,14.280,2167100
2025-07-07 11:30:00,14.280,14.330,14.260,14.310,2324532
2025-07-07 13:30:00,14.310,14.310,14.240,14.260,2108300
2025-07-07 14:00:00,14.250,14.260,14.220,14.240,1907800
2025-07-07 14:30:00,14.240,14.250,14.200,14.210,2154600
2025-07-07 15:00:00,14.220,14.230,14.190,14.220,2949796
2025-07-08 10:00:00,14.280,14.460,14.270,14.310,6875600
2025-07-08 10:30:00,14.310,14.320,14.230,14.280,4037899
2025-07-08 11:00:00,14.290,14.310,14.250,14.260,1971608
2025-07-08 11:30:00,14.270,14.320,14.250,14.270,2416004
2025-07-08 13:30:00,14.270,14.310,14.160,14.180,6066030
2025-07-08 14:00:00,14.180,14.220,14.180,14.200,3474400
2025-07-08 14:30:00,14.200,14.210,14.180,14.190,3416900
2025-07-08 15:00:00,14.200,14.200,14.180,14.190,5720151
2025-07-09 10:00:00,14.150,14.180,13.990,14.030,14768770
2025-07-09 10:30:00,14.030,14.070,14.030,14.060,3130584
2025-07-09 11:00:00,14.060,14.080,13.980,13.990,5804300
2025-07-09 11:30:00,13.990,13.990,13.940,13.950,5829058
2025-07-09 13:30:00,13.950,13.960,13.900,13.910,6693600
2025-07-09 14:00:00,13.910,13.910,13.860,13.880,8081815
2025-07-09 14:30:00,13.880,13.890,13.810,13.810,8325813
2025-07-09 15:00:00,13.820,13.840,13.750,13.780,15501891
2025-07-10 10:00:00,13.870,13.920,13.820,13.850,9013274
2025-07-10 10:30:00,13.860,13.880,13.800,13.850,4615900
2025-07-10 11:00:00,13.840,13.850,13.800,13.810,2988900
2025-07-10 11:30:00,13.810,13.820,13.730,13.780,4031925
2025-07-10 13:30:00,13.780,13.820,13.770,13.800,2670900
2025-07-10 14:00:00,13.810,13.810,13.780,13.790,2338810
2025-07-10 14:30:00,13.790,13.870,13.780,13.800,6113742
2025-07-10 15:00:00,13.800,13.830,13.780,13.780,6272404
2025-07-11 10:00:00,13.800,13.870,13.800,13.850,6955423
2025-07-11 10:30:00,13.840,13.850,13.800,13.820,4836900
2025-07-11 11:00:00,13.830,13.850,13.810,13.830,2976051
2025-07-11 11:30:00,13.830,13.960,13.830,13.950,8518751
2025-07-11 13:30:00,13.950,13.950,13.900,13.940,7403600
2025-07-11 14:00:00,13.940,13.950,13.900,13.900,4792600
2025-07-11 14:30:00,13.900,13.920,13.870,13.910,4454374
2025-07-11 15:00:00,13.910,13.920,13.870,13.870,7079196
2025-07-14 10:00:00,14.540,15.230,14.540,14.990,112305183
2025-07-14 10:30:00,14.980,15.000,14.810,14.950,17413398
2025-07-14 11:00:00,14.940,14.970,14.850,14.850,7588900
2025-07-14 11:30:00,14.860,14.950,14.820,14.910,6591376
2025-07-14 13:30:00,14.910,15.260,14.880,15.260,45914367
2025-07-14 14:00:00,15.260,15.260,15.200,15.220,20659825
2025-07-14 14:30:00,15.210,15.260,15.200,15.230,10656546
2025-07-14 15:00:00,15.230,15.260,15.200,15.220,12566066
2025-07-15 10:00:00,14.990,15.130,14.910,14.960,39688589
2025-07-15 10:30:00,14.950,15.060,14.880,14.900,15680500
2025-07-15 11:00:00,14.900,14.990,14.880,14.910,7759448
2025-07-15 11:30:00,14.920,14.980,14.820,14.930,10709815
2025-07-15 13:30:00,14.950,15.120,14.930,15.020,10771412
2025-07-15 14:00:00,15.020,15.120,15.010,15.080,6168557
2025-07-15 14:30:00,15.080,15.160,15.070,15.100,6928065
2025-07-15 15:00:00,15.110,15.200,15.040,15.200,11720236
2025-07-16 10:00:00,15.000,15.170,14.920,15.160,13684947
2025-07-16 10:30:00,15.150,15.160,15.040,15.050,5346130
2025-07-16 11:00:00,15.050,15.060,14.970,14.990,3854240
2025-07-16 11:30:00,14.990,15.030,14.970,14.990,3662849
2025-07-16 13:30:00,14.990,15.100,14.990,15.010,3461028
2025-07-16 14:00:00,15.020,15.020,14.940,14.980,3786600
2025-07-16 14:30:00,14.980,15.050,14.960,15.020,3120990
2025-07-16 15:00:00,15.020,15.100,15.000,15.060,7199261
2025-07-17 10:00:00,15.050,15.260,15.010,15.240,16011627
2025-07-17 10:30:00,15.240,15.300,15.160,15.280,10251765
2025-07-17 11:00:00,15.280,15.290,15.160,15.180,6133452
2025-07-17 11:30:00,15.180,15.200,15.140,15.190,3051567
2025-07-17 13:30:00,15.180,15.190,15.000,15.030,5970700
2025-07-17 14:00:00,15.020,15.040,14.970,14.980,5161152
2025-07-17 14:30:00,14.980,15.000,14.900,14.920,6829551
2025-07-17 15:00:00,14.930,14.990,14.920,14.990,6013513
2025-07-18 10:00:00,14.960,15.090,14.890,14.990,13132664
2025-07-18 10:30:00,14.990,15.060,14.970,15.020,7063700
2025-07-18 11:00:00,15.030,15.050,14.990,15.000,3012265
2025-07-18 11:30:00,15.010,15.010,14.960,15.000,3441997
2025-07-18 13:30:00,15.000,15.160,14.980,15.080,7581106
2025-07-18 14:00:00,15.090,15.090,15.040,15.060,3088807
2025-07-18 14:30:00,15.070,15.150,15.050,15.130,4164592
2025-07-18 15:00:00,15.120,15.180,15.100,15.150,6976975
2025-07-21 10:00:00,15.200,15.370,15.050,15.150,17338347
2025-07-21 10:30:00,15.150,15.180,15.120,15.130,5192700
2025-07-21 11:00:00,15.120,15.190,15.100,15.170,4002056
2025-07-21 11:30:00,15.170,15.250,15.140,15.250,4161584
2025-07-21 13:30:00,15.240,15.400,15.210,15.350,9745216
2025-07-21 14:00:00,15.350,15.400,15.300,15.300,6282515
2025-07-21 14:30:00,15.310,15.310,15.230,15.290,5558285
2025-07-21 15:00:00,15.280,15.320,15.270,15.300,5242801
2025-07-22 10:00:00,15.490,15.820,15.480,15.640,31016705
2025-07-22 10:30:00,15.640,15.880,15.620,15.860,13940522
2025-07-22 11:00:00,15.870,15.980,15.690,15.890,14677294
2025-07-22 11:30:00,15.880,16.040,15.870,15.910,8968630
2025-07-22 13:30:00,15.900,16.000,15.770,15.830,6012300
2025-07-22 14:00:00,15.830,15.840,15.740,15.760,5046002
2025-07-22 14:30:00,15.750,15.830,15.700,15.790,5098495
2025-07-22 15:00:00,15.790,15.810,15.740,15.780,6047662
2025-07-23 10:00:00,16.000,16.100,15.850,15.950,24543573
2025-07-23 10:30:00,15.950,15.990,15.830,15.880,7835854
2025-07-23 11:00:00,15.880,15.990,15.870,15.930,5605870
2025-07-23 11:30:00,15.930,16.020,15.920,15.980,5421622
2025-07-23 13:30:00,15.990,16.000,15.940,15.950,4960491
2025-07-23 14:00:00,15.960,15.960,15.870,15.900,6126312
2025-07-23 14:30:00,15.900,15.940,15.880,15.910,4930307
2025-07-23 15:00:00,15.900,15.910,15.820,15.890,7631835
2025-07-24 10:00:00,15.110,15.270,14.610,14.860,187089573
2025-07-24 10:30:00,14.860,15.000,14.800,15.000,36335861
2025-07-24 11:00:00,15.000,15.140,14.990,15.020,25696981
2025-07-24 11:30:00,15.020,15.100,14.900,15.100,18346798
2025-07-24 13:30:00,15.100,15.250,15.060,15.110,24702250
2025-07-24 14:00:00,15.110,15.170,15.080,15.110,12944366
2025-07-24 14:30:00,15.110,15.180,15.090,15.160,11471456
2025-07-24 15:00:00,15.160,15.210,15.150,15.190,20476755
2025-07-25 10:00:00,14.900,15.090,14.850,15.020,74043036
2025-07-25 10:30:00,15.030,15.080,14.960,14.980,17045033
2025-07-25 11:00:00,14.990,15.030,14.950,14.960,10643165
2025-07-25 11:30:00,14.960,15.030,14.960,14.990,8402835
2025-07-25 13:30:00,14.980,15.000,14.950,14.980,10561935
2025-07-25 14:00:00,14.980,15.000,14.950,14.970,8341856
2025-07-25 14:30:00,14.970,14.990,14.910,14.940,12705520
2025-07-25 15:00:00,14.940,14.950,14.910,14.920,13492095
2025-07-28 10:00:00,14.850,14.920,14.730,14.830,25373615
2025-07-28 10:30:00,14.830,14.830,14.760,14.800,12798490
2025-07-28 11:00:00,14.790,14.810,14.770,14.780,5496378
2025-07-28 11:30:00,14.780,14.800,14.750,14.750,5732618
2025-07-28 13:30:00,14.750,14.790,14.730,14.750,7479900
2025-07-28 14:00:00,14.750,14.790,14.730,14.780,5335553
2025-07-28 14:30:00,14.790,14.790,14.740,14.770,7317872
2025-07-28 15:00:00,14.770,14.820,14.750,14.810,8572625
2025-07-29 10:00:00,14.730,14.760,14.660,14.670,16112500
2025-07-29 10:30:00,14.680,14.710,14.610,14.610,10947242
2025-07-29 11:00:00,14.610,14.620,14.560,14.590,8246144
2025-07-29 11:30:00,14.590,14.600,14.560,14.560,5798704
2025-07-29 13:30:00,14.570,14.620,14.560,14.620,6009280
2025-07-29 14:00:00,14.600,14.630,14.590,14.610,3693152
2025-07-29 14:30:00,14.610,14.650,14.600,14.640,4540218
2025-07-29 15:00:00,14.630,14.700,14.620,14.680,9048126
2025-07-30 10:00:00,14.750,14.850,14.690,14.790,20915396
2025-07-30 10:30:00,14.780,14.830,14.780,14.820,6083120
2025-07-30 11:00:00,14.820,14.820,14.770,14.800,4989900
2025-07-30 11:30:00,14.800,14.800,14.780,14.790,3289643
2025-07-30 13:30:00,14.790,14.830,14.730,14.770,8994796
2025-07-30 14:00:00,14.770,14.770,14.690,14.700,6672100
2025-07-30 14:30:00,14.710,14.720,14.620,14.710,6682851
2025-07-30 15:00:00,14.710,14.740,14.690,14.730,7509000
2025-07-31 10:00:00,14.550,14.560,14.410,14.420,24781774
2025-07-31 10:30:00,14.410,14.440,14.340,14.340,15394900
2025-07-31 11:00:00,14.350,14.350,14.300,14.350,8991095
2025-07-31 11:30:00,14.340,14.380,14.320,14.360,3930200
2025-07-31 13:30:00,14.370,14.430,14.340,14.350,4534700
2025-07-31 14:00:00,14.340,14.370,14.320,14.360,5645453
2025-07-31 14:30:00,14.370,14.420,14.310,14.310,8144499
2025-07-31 15:00:00,14.310,14.320,14.250,14.320,12614849
2025-08-01 10:00:00,14.340,14.440,14.310,14.370,12930500
2025-08-01 10:30:00,14.360,14.460,14.360,14.450,5542617
2025-08-01 11:00:00,14.440,14.480,14.430,14.450,4977300
2025-08-01 11:30:00,14.460,14.500,14.430,14.440,7307402
2025-08-01 13:30:00,14.450,14.450,14.360,14.370,4726865
2025-08-01 14:00:00,14.360,14.420,14.360,14.370,3096100
2025-08-01 14:30:00,14.380,14.440,14.360,14.400,3039112
2025-08-01 15:00:00,14.400,14.450,14.400,14.450,5106792
2025-08-04 10:00:00,14.710,14.910,14.620,14.840,63725780
2025-08-04 10:30:00,14.850,14.850,14.730,14.780,12897647
2025-08-04 11:00:00,14.790,14.860,14.770,14.780,7946838
2025-08-04 11:30:00,14.770,14.830,14.770,14.810,4582853
2025-08-04 13:30:00,14.810,14.840,14.750,14.770,5314204
2025-08-04 14:00:00,14.770,14.830,14.770,14.810,5591000
2025-08-04 14:30:00,14.810,14.850,14.800,14.830,7670116
2025-08-04 15:00:00,14.820,14.880,14.820,14.880,12007824
2025-08-05 10:00:00,14.910,15.000,14.840,14.960,25214058
2025-08-05 10:30:00,14.970,15.030,14.910,14.930,12805400
2025-08-05 11:00:00,14.920,14.930,14.880,14.890,4676859
2025-08-05 11:30:00,14.900,14.900,14.820,14.850,6117951
2025-08-05 13:30:00,14.860,14.870,14.780,14.780,6582095
2025-08-05 14:00:00,14.790,14.820,14.770,14.790,4684300
2025-08-05 14:30:00,14.790,14.840,14.780,14.810,4335328
2025-08-05 15:00:00,14.810,14.820,14.760,14.780,8971639
2025-08-06 10:00:00,14.850,14.880,14.780,14.820,11275309
2025-08-06 10:30:00,14.820,14.900,14.810,14.860,9357370
2025-08-06 11:00:00,14.860,14.920,14.830,14.880,8552712
2025-08-06 11:30:00,14.870,14.900,14.830,14.860,4266616
2025-08-06 13:30:00,14.870,14.870,14.800,14.800,5112084
2025-08-06 14:00:00,14.810,14.820,14.780,14.810,3998128
2025-08-06 14:30:00,14.800,14.840,14.800,14.820,3372831
2025-08-06 15:00:00,14.830,14.840,14.810,14.830,7109021
2025-08-07 10:00:00,14.900,14.900,14.820,14.860,9946815
2025-08-07 10:30:00,14.850,14.910,14.780,14.780,11637055
2025-08-07 11:00:00,14.780,14.810,14.750,14.780,5278500
2025-08-07 11:30:00,14.780,14.800,14.750,14.780,4181500
2025-08-07 13:30:00,14.780,14.840,14.770,14.790,3314008
2025-08-07 14:00:00,14.780,14.830,14.780,14.810,4022000
2025-08-07 14:30:00,14.810,14.880,14.800,14.860,7292614
2025-08-07 15:00:00,14.860,14.990,14.860,14.970,16954544
2025-08-08 10:00:00,15.040,15.120,14.960,14.990,29510106
2025-08-08 10:30:00,14.990,15.060,14.990,15.060,8121445
2025-08-08 11:00:00,15.060,15.140,15.050,15.090,12462750
2025-08-08 11:30:00,15.090,15.100,15.000,15.020,6541600
2025-08-08 13:30:00,15.030,15.060,15.000,15.000,5044239
2025-08-08 14:00:00,15.000,15.030,14.990,15.020,3802200
2025-08-08 14:30:00,15.030,15.070,15.010,15.050,3323078
2025-08-08 15:00:00,15.040,15.060,15.020,15.030,6625104
2025-08-11 10:00:00,14.810,14.820,14.700,14.730,26273576
2025-08-11 10:30:00,14.730,14.770,14.630,14.660,18022502
2025-08-11 11:00:00,14.660,14.690,14.640,14.690,5674900
2025-08-11 11:30:00,14.680,14.700,14.650,14.690,5136600
2025-08-11 13:30:00,14.680,14.700,14.620,14.650,10332183
2025-08-11 14:00:00,14.650,14.650,14.620,14.630,7559410
2025-08-11 14:30:00,14.640,14.650,14.600,14.610,10898085
2025-08-11 15:00:00,14.610,14.630,14.600,14.620,10436068
2025-08-12 10:00:00,14.600,14.650,14.570,14.630,11589717
2025-08-12 10:30:00,14.630,14.680,14.610,14.610,6968541
2025-08-12 11:00:00,14.620,14.630,14.580,14.590,4719643
2025-08-12 11:30:00,14.590,14.620,14.580,14.610,3645984
2025-08-12 13:30:00,14.610,14.640,14.600,14.610,2611206
2025-08-12 14:00:00,14.610,14.620,14.590,14.600,3220300
2025-08-12 14:30:00,14.600,14.610,14.550,14.580,8996724
2025-08-12 15:00:00,14.570,14.590,14.560,14.570,5543539
2025-08-13 10:00:00,14.590,14.690,14.570,14.650,14684236
2025-08-13 10:30:00,14.650,14.700,14.610,14.630,11096864
2025-08-13 11:00:00,14.620,14.630,14.590,14.600,5791100
2025-08-13 11:30:00,14.590,14.630,14.580,14.610,6250022
2025-08-13 13:30:00,14.610,14.640,14.590,14.600,6281800
2025-08-13 14:00:00,14.600,14.660,14.590,14.640,7234621
2025-08-13 14:30:00,14.650,14.690,14.640,14.650,10012400
2025-08-13 15:00:00,14.640,14.760,14.640,14.760,18901686
2025-08-14 10:00:00,14.760,14.800,14.720,14.730,16484648
2025-08-14 10:30:00,14.720,14.770,14.700,14.760,8309182
2025-08-14 11:00:00,14.760,14.880,14.740,14.810,14583167
2025-08-14 11:30:00,14.810,14.820,14.730,14.740,6557194
2025-08-14 13:30:00,14.740,14.740,14.620,14.640,9942834
2025-08-14 14:00:00,14.640,14.640,14.590,14.620,8859967
2025-08-14 14:30:00,14.610,14.650,14.610,14.640,4354652
2025-08-14 15:00:00,14.640,14.770,14.620,14.660,14731759
2025-08-15 10:00:00,14.520,14.620,14.460,14.600,16238248
2025-08-15 10:30:00,14.590,14.680,14.570,14.580,10038300
2025-08-15 11:00:00,14.580,14.640,14.580,14.590,4086990
2025-08-15 11:30:00,14.590,14.650,14.590,14.650,3206950
2025-08-15 13:30:00,14.640,14.680,14.620,14.650,8463195
2025-08-15 14:00:00,14.650,14.690,14.590,14.660,8939724
2025-08-15 14:30:00,14.670,14.690,14.630,14.640,7594764
2025-08-15 15:00:00,14.640,14.670,14.620,14.620,9504700
2025-08-18 10:00:00,14.610,14.640,14.500,14.530,20313110
2025-08-18 10:30:00,14.530,14.540,14.440,14.470,21914800
2025-08-18 11:00:00,14.470,14.490,14.440,14.450,11638700
2025-08-18 11:30:00,14.460,14.510,14.440,14.490,8462661
2025-08-18 13:30:00,14.480,14.640,14.480,14.570,11344789
2025-08-18 14:00:00,14.570,14.580,14.530,14.530,4220832
2025-08-18 14:30:00,14.530,14.560,14.520,14.530,4984768
2025-08-18 15:00:00,14.540,14.550,14.500,14.500,10114713
2025-08-19 10:00:00,14.450,14.490,14.330,14.340,29925776
2025-08-19 10:30:00,14.330,14.390,14.330,14.380,8451721
2025-08-19 11:00:00,14.380,14.380,14.340,14.350,6446441
2025-08-19 11:30:00,14.350,14.400,14.340,14.350,5580061
2025-08-19 13:30:00,14.350,14.450,14.350,14.400,6370418
2025-08-19 14:00:00,14.410,14.410,14.350,14.360,3342752
2025-08-19 14:30:00,14.370,14.400,14.350,14.360,3885951
2025-08-19 15:00:00,14.360,14.400,14.340,14.360,7628276
2025-08-20 10:00:00,14.280,14.390,14.200,14.380,22991174
2025-08-20 10:30:00,14.390,14.420,14.340,14.390,10345365
2025-08-20 11:00:00,14.380,14.430,14.370,14.400,6277294
2025-08-20 11:30:00,14.400,14.430,14.360,14.390,5005600
2025-08-20 13:30:00,14.400,14.420,14.360,14.390,3205600
2025-08-20 14:00:00,14.380,14.400,14.350,14.370,4399868
2025-08-20 14:30:00,14.380,14.430,14.360,14.400,4695981
2025-08-20 15:00:00,14.410,14.430,14.400,14.430,7492145
2025-08-21 10:00:00,14.490,14.650,14.440,14.590,29804188
2025-08-21 10:30:00,14.580,14.630,14.550,14.610,10605918
2025-08-21 11:00:00,14.610,14.630,14.590,14.630,6737074
2025-08-21 11:30:00,14.620,14.630,14.590,14.610,5662083
2025-08-21 13:30:00,14.610,14.620,14.550,14.580,5734020
2025-08-21 14:00:00,14.570,14.590,14.540,14.550,3627800
2025-08-21 14:30:00,14.560,14.580,14.510,14.520,5009903
2025-08-21 15:00:00,14.530,14.540,14.480,14.520,8509372
2025-08-22 10:00:00,14.510,14.570,14.450,14.460,11312746
2025-08-22 10:30:00,14.460,14.500,14.420,14.430,5515231
2025-08-22 11:00:00,14.440,14.490,14.430,14.470,3361926
2025-08-22 11:30:00,14.480,14.520,14.470,14.480,4648000
2025-08-22 13:30:00,14.480,14.500,14.440,14.450,5309134
2025-08-22 14:00:00,14.460,14.490,14.440,14.450,5126805
2025-08-22 14:30:00,14.440,14.480,14.440,14.460,6374035
2025-08-22 15:00:00,14.460,14.500,14.460,14.500,6497342
2025-08-25 10:00:00,14.680,15.020,14.660,14.980,63707142
2025-08-25 10:30:00,14.980,15.060,14.950,15.040,27212992
2025-08-25 11:00:00,15.050,15.060,14.970,15.050,15885416
2025-08-25 11:30:00,15.050,15.090,15.000,15.020,12490847
2025-08-25 13:30:00,15.010,15.060,14.960,15.040,13050315
2025-08-25 14:00:00,15.050,15.150,15.040,15.100,17786554
2025-08-25 14:30:00,15.100,15.140,15.090,15.140,7241784
2025-08-25 15:00:00,15.140,15.150,15.100,15.150,12477724
2025-08-26 10:00:00,15.150,15.240,15.040,15.180,25905313
2025-08-26 10:30:00,15.180,15.250,15.170,15.180,11430044
2025-08-26 11:00:00,15.180,15.250,15.180,15.220,8103043
2025-08-26 11:30:00,15.220,15.250,15.160,15.240,6674500
2025-08-26 13:30:00,15.240,15.320,15.210,15.230,8465526
2025-08-26 14:00:00,15.230,15.280,15.200,15.250,4440161
2025-08-26 14:30:00,15.250,15.290,15.250,15.290,6200741
2025-08-26 15:00:00,15.290,15.290,15.230,15.270,9401511
2025-08-27 10:00:00,15.400,15.430,15.270,15.290,21952041
2025-08-27 10:30:00,15.300,15.340,15.250,15.290,9922922
2025-08-27 11:00:00,15.290,15.400,15.260,15.400,10753526
2025-08-27 11:30:00,15.390,15.470,15.360,15.430,11687482
2025-08-27 13:30:00,15.440,15.450,15.300,15.310,8881961
2025-08-27 14:00:00,15.310,15.330,15.120,15.160,14691631
2025-08-27 14:30:00,15.150,15.270,15.110,15.120,10026307
2025-08-27 15:00:00,15.120,15.200,15.080,15.090,13974567
2025-08-28 10:00:00,15.210,15.450,15.210,15.210,24666626
2025-08-28 10:30:00,15.210,15.280,15.180,15.270,7350985
2025-08-28 11:00:00,15.260,15.280,15.200,15.250,7430197
2025-08-28 11:30:00,15.250,15.260,15.160,15.200,6394800
2025-08-28 13:30:00,15.190,15.220,15.020,15.040,8453000
2025-08-28 14:00:00,15.040,15.130,14.990,15.110,6623816
2025-08-28 14:30:00,15.110,15.200,15.100,15.170,6093064
2025-08-28 15:00:00,15.180,15.320,15.170,15.270,12358475
2025-08-29 10:00:00,15.750,16.000,15.610,15.980,79119649
2025-08-29 10:30:00,15.990,16.030,15.810,15.860,26704562
2025-08-29 11:00:00,15.860,15.930,15.790,15.920,14387571
2025-08-29 11:30:00,15.910,16.000,15.820,15.850,15164295
2025-08-29 13:30:00,15.840,15.960,15.830,15.870,12340231
2025-08-29 14:00:00,15.880,15.950,15.860,15.940,10136309
2025-08-29 14:30:00,15.940,15.970,15.910,15.950,9416879
2025-08-29 15:00:00,15.940,15.980,15.930,15.970,14532137
2025-09-01 10:00:00,16.400,16.880,16.280,16.840,75337958
2025-09-01 10:30:00,16.850,17.220,16.780,16.960,38661525
2025-09-01 11:00:00,16.970,17.050,16.890,17.050,19180932
2025-09-01 11:30:00,17.040,17.120,16.960,16.960,13415602
2025-09-01 13:30:00,16.970,17.360,16.940,17.290,20228369
2025-09-01 14:00:00,17.300,17.550,17.260,17.420,18857787
2025-09-01 14:30:00,17.420,17.570,17.360,17.570,26921165
2025-09-01 15:00:00,17.570,17.570,17.510,17.570,16421022
2025-09-02 10:00:00,18.070,18.120,17.670,17.890,96342810
2025-09-02 10:30:00,17.890,18.010,17.780,17.930,26546149
2025-09-02 11:00:00,17.940,17.960,17.670,17.680,19292260
2025-09-02 11:30:00,17.680,17.880,17.600,17.780,21354824
2025-09-02 13:30:00,17.800,17.860,17.560,17.660,17189640
2025-09-02 14:00:00,17.650,17.900,17.640,17.810,15764277
2025-09-02 14:30:00,17.800,17.870,17.650,17.710,10957103
2025-09-02 15:00:00,17.700,17.760,17.580,17.760,21268549
2025-09-03 10:00:00,18.530,18.750,18.280,18.380,89816672
2025-09-03 10:30:00,18.380,18.550,18.370,18.390,18245740
2025-09-03 11:00:00,18.380,18.440,18.120,18.170,17315262
2025-09-03 11:30:00,18.160,18.190,17.940,17.970,17465303
2025-09-03 13:30:00,17.970,18.140,17.940,18.140,11743398
2025-09-03 14:00:00,18.140,18.150,17.930,18.060,10295180
2025-09-03 14:30:00,18.050,18.100,17.980,18.090,9610882
2025-09-03 15:00:00,18.090,18.200,18.010,18.170,20265167
2025-09-04 10:00:00,18.160,18.450,17.840,17.850,55390201
2025-09-04 10:30:00,17.850,17.980,17.700,17.830,20699953
2025-09-04 11:00:00,17.830,17.880,17.670,17.720,13835933
2025-09-04 11:30:00,17.730,17.820,17.320,17.460,25652514
2025-09-04 13:30:00,17.460,17.760,17.390,17.630,13291472
2025-09-04 14:00:00,17.630,17.660,17.470,17.580,7341504
2025-09-04 14:30:00,17.580,17.590,17.390,17.470,11534021
2025-09-04 15:00:00,17.470,17.640,17.320,17.590,16514936
2025-09-05 10:00:00,17.590,17.950,17.520,17.790,28817981
2025-09-05 10:30:00,17.790,17.800,17.570,17.670,12603116
2025-09-05 11:00:00,17.660,17.780,17.600,17.760,9050735
2025-09-05 11:30:00,17.770,17.850,17.700,17.850,8172066
2025-09-05 13:30:00,17.840,18.450,17.810,18.150,35727237
2025-09-05 14:00:00,18.150,18.240,18.110,18.140,12485382
2025-09-05 14:30:00,18.140,18.180,18.080,18.140,12678494
2025-09-05 15:00:00,18.140,18.170,18.000,18.150,15851008
2025-09-08 10:00:00,18.400,18.490,18.050,18.280,54322849
2025-09-08 10:30:00,18.280,18.450,18.190,18.260,16624999
2025-09-08 11:00:00,18.250,18.340,18.160,18.330,9439234
2025-09-08 11:30:00,18.330,18.340,18.180,18.180,6781295
2025-09-08 13:30:00,18.180,18.190,18.000,18.000,10865627
2025-09-08 14:00:00,18.010,18.120,17.930,18.100,9977492
2025-09-08 14:30:00,18.090,18.150,18.060,18.090,7970737
2025-09-08 15:00:00,18.090,18.170,18.080,18.170,11927793
2025-09-09 10:00:00,18.550,19.330,18.460,19.300,75723485
2025-09-09 10:30:00,19.300,19.580,18.900,19.530,51793234
2025-09-09 11:00:00,19.530,19.550,19.300,19.370,25311443
2025-09-09 11:30:00,19.370,19.440,19.200,19.290,17559663
2025-09-09 13:30:00,19.300,19.460,19.210,19.230,17083170
2025-09-09 14:00:00,19.230,19.510,19.190,19.320,13323241
2025-09-09 14:30:00,19.330,19.440,18.950,18.950,19320695
2025-09-09 15:00:00,18.950,19.100,18.940,19.100,18562758
2025-09-10 10:00:00,18.540,18.980,18.350,18.860,60684822
2025-09-10 10:30:00,18.870,18.980,18.670,18.720,14943831
2025-09-10 11:00:00,18.730,18.790,18.580,18.730,10238701
2025-09-10 11:30:00,18.730,18.890,18.720,18.850,7147321
2025-09-10 13:30:00,18.840,19.210,18.840,19.020,14486537
2025-09-10 14:00:00,19.020,19.180,19.000,19.110,11095414
2025-09-10 14:30:00,19.120,19.210,19.080,19.200,12533083
2025-09-10 15:00:00,19.200,19.210,19.070,19.090,16283140
2025-09-11 10:00:00,19.130,19.420,18.780,18.890,28152118
2025-09-11 10:30:00,18.880,18.960,18.710,18.800,15832033
2025-09-11 11:00:00,18.790,18.900,18.760,18.830,10332289
2025-09-11 11:30:00,18.840,18.890,18.720,18.880,10423542
2025-09-11 13:30:00,18.870,18.980,18.760,18.910,9956179
2025-09-11 14:00:00,18.910,18.910,18.820,18.860,8031876
2025-09-11 14:30:00,18.850,18.930,18.800,18.910,8521701
2025-09-11 15:00:00,18.910,19.050,18.880,18.990,15702692
2025-09-12 10:00:00,18.950,19.280,18.820,19.270,45663679
2025-09-12 10:30:00,19.260,19.460,19.250,19.430,22969971
2025-09-12 11:00:00,19.440,19.680,19.380,19.410,23729583
2025-09-12 11:30:00,19.390,19.550,19.350,19.450,9602451
2025-09-12 13:30:00,19.450,19.580,19.390,19.410,12091339
2025-09-12 14:00:00,19.400,19.480,19.270,19.290,10937204
2025-09-12 14:30:00,19.300,19.420,19.260,19.370,9383524
2025-09-12 15:00:00,19.370,19.380,19.270,19.300,12458602
2025-09-15 10:00:00,19.060,19.200,18.980,19.140,30884347
2025-09-15 10:30:00,19.150,19.330,19.110,19.300,9951917
2025-09-15 11:00:00,19.300,19.360,19.250,19.270,7659486
2025-09-15 11:30:00,19.270,19.310,19.140,19.180,6125980
2025-09-15 13:30:00,19.180,19.290,19.160,19.170,5714544
2025-09-15 14:00:00,19.160,19.210,19.140,19.170,4847866
2025-09-15 14:30:00,19.180,19.200,19.070,19.090,6881249
2025-09-15 15:00:00,19.100,19.110,19.060,19.060,10173450
2025-09-16 10:00:00,19.680,19.730,19.010,19.060,41108277
2025-09-16 10:30:00,19.060,19.080,18.750,18.790,19193913
2025-09-16 11:00:00,18.790,18.800,18.640,18.670,15334785
2025-09-16 11:30:00,18.680,18.870,18.650,18.780,7799679
2025-09-16 13:30:00,18.780,19.160,18.770,19.160,12972601
2025-09-16 14:00:00,19.160,19.170,19.020,19.080,6543735
2025-09-16 14:30:00,19.090,19.120,19.000,19.070,7207960
2025-09-16 15:00:00,19.070,19.280,19.060,19.250,13945550
2025-09-17 10:00:00,19.000,19.080,18.720,18.790,28197504
2025-09-17 10:30:00,18.780,18.820,18.640,18.730,14271272
2025-09-17 11:00:00,18.700,18.750,18.650,18.690,7792581
2025-09-17 11:30:00,18.700,18.760,18.670,18.730,7188962
2025-09-17 13:30:00,18.740,18.760,18.610,18.620,11337242
2025-09-17 14:00:00,18.630,18.680,18.550,18.610,12040508
2025-09-17 14:30:00,18.620,18.640,18.550,18.580,10981521
2025-09-17 15:00:00,18.570,18.740,18.540,18.680,13173471
2025-09-18 10:00:00,18.410,18.550,18.050,18.450,32104832
2025-09-18 10:30:00,18.460,18.640,18.440,18.510,11281968
2025-09-18 11:00:00,18.510,18.510,18.400,18.480,9982060
2025-09-18 11:30:00,18.490,18.560,18.430,18.510,5433454
2025-09-18 13:30:00,18.500,18.520,18.340,18.400,7081029
2025-09-18 14:00:00,18.390,18.400,18.240,18.280,9354618
2025-09-18 14:30:00,18.270,18.310,18.050,18.060,16382634
2025-09-18 15:00:00,18.060,18.150,17.890,18.050,19888240
2025-09-19 10:00:00,18.210,18.350,18.130,18.260,18550227
2025-09-19 10:30:00,18.260,18.330,18.200,18.320,8069351
2025-09-19 11:00:00,18.320,18.420,18.280,18.300,8360000
2025-09-19 11:30:00,18.290,18.380,18.270,18.370,4115493
2025-09-19 13:30:00,18.370,18.420,18.290,18.310,6009558
2025-09-19 14:00:00,18.310,18.330,18.240,18.290,4450026
2025-09-19 14:30:00,18.280,18.360,18.270,18.320,3457402
2025-09-19 15:00:00,18.320,18.340,18.260,18.260,7926637
2025-09-22 10:00:00,18.900,19.180,18.780,19.020,53240937
2025-09-22 10:30:00,19.020,19.250,18.920,19.200,18697638
2025-09-22 11:00:00,19.190,19.500,19.190,19.500,23760767
2025-09-22 11:30:00,19.500,19.590,19.370,19.440,13445944
2025-09-22 13:30:00,19.430,19.500,19.310,19.490,7529760
2025-09-22 14:00:00,19.470,19.720,19.400,19.460,17991567
2025-09-22 14:30:00,19.460,19.610,19.430,19.570,10184112
2025-09-22 15:00:00,19.560,19.990,19.560,19.980,27972520
2025-09-23 10:00:00,20.370,20.820,19.910,20.470,64210531
2025-09-23 10:30:00,20.470,20.550,19.970,20.040,24297923
2025-09-23 11:00:00,20.040,20.230,19.970,20.080,11146385
2025-09-23 11:30:00,20.070,20.080,19.870,19.950,9311518
2025-09-23 13:30:00,19.940,20.220,19.910,20.170,10967820
2025-09-23 14:00:00,20.160,20.300,20.110,20.210,10185936
2025-09-23 14:30:00,20.190,20.240,20.060,20.220,7918557
2025-09-23 15:00:00,20.220,20.370,20.150,20.370,15185364
2025-09-24 10:00:00,20.240,20.380,19.950,20.070,31800894
2025-09-24 10:30:00,20.070,20.140,19.970,20.010,10246041
2025-09-24 11:00:00,20.010,20.130,19.990,20.130,5356886
2025-09-24 11:30:00,20.130,20.250,20.050,20.130,6320790
2025-09-24 13:30:00,20.130,20.530,20.130,20.410,13648068
2025-09-24 14:00:00,20.410,20.550,20.390,20.470,9526293
2025-09-24 14:30:00,20.470,20.570,20.430,20.460,9550757
2025-09-24 15:00:00,20.470,20.540,20.460,20.510,12556125
2025-09-25 10:00:00,20.370,20.750,20.340,20.380,29824133
2025-09-25 10:30:00,20.380,20.570,20.290,20.510,12856258
2025-09-25 11:00:00,20.520,20.860,20.500,20.850,14218839
2025-09-25 11:30:00,20.860,20.880,20.560,20.570,10994000
2025-09-25 13:30:00,20.580,20.660,20.330,20.330,12904925
2025-09-25 14:00:00,20.330,20.470,20.300,20.470,8744856
2025-09-25 14:30:00,20.470,20.530,20.420,20.510,7007972
2025-09-25 15:00:00,20.520,20.530,20.440,20.440,9496221
2025-09-26 10:00:00,20.600,20.700,20.360,20.440,20064199
2025-09-26 10:30:00,20.430,20.470,20.300,20.420,7857384
2025-09-26 11:00:00,20.420,20.550,20.380,20.470,3915371
2025-09-26 11:30:00,20.460,20.590,20.400,20.580,5148418
2025-09-26 13:30:00,20.580,20.680,20.520,20.620,7240550
2025-09-26 14:00:00,20.620,20.670,20.510,20.520,6085957
2025-09-26 14:30:00,20.530,20.610,20.510,20.580,6709445
2025-09-26 15:00:00,20.580,20.590,20.500,20.550,9379770
2025-09-29 10:00:00,20.890,20.900,20.410,20.480,31560210
2025-09-29 10:30:00,20.480,20.960,20.410,20.900,18184799
2025-09-29 11:00:00,20.900,20.990,20.750,20.850,9769270
2025-09-29 11:30:00,20.850,20.960,20.740,20.870,8085520
2025-09-29 13:30:00,20.870,21.200,20.870,21.020,18953711
2025-09-29 14:00:00,21.020,21.040,20.800,20.940,9036233
2025-09-29 14:30:00,20.950,21.020,20.920,20.990,6346575
2025-09-29 15:00:00,20.990,21.160,20.970,21.120,15013071
2025-09-30 10:00:00,21.220,21.800,21.160,21.430,34497916
2025-09-30 10:30:00,21.440,21.600,21.380,21.530,12671811
2025-09-30 11:00:00,21.520,21.580,21.320,21.470,7857791
2025-09-30 11:30:00,21.460,21.950,21.440,21.840,10637827
2025-09-30 13:30:00,21.810,22.150,21.780,21.970,16526520
2025-09-30 14:00:00,21.970,22.120,21.850,22.040,10992911
2025-09-30 14:30:00,22.040,22.140,21.920,21.990,10905988
2025-09-30 15:00:00,21.990,22.010,21.900,21.930,15597618
2025-10-09 10:00:00,23.500,24.100,23.180,23.550,69648895
2025-10-09 10:30:00,23.560,24.030,23.490,23.790,16554611
2025-10-09 11:00:00,23.800,23.960,23.730,23.730,11881437
2025-10-09 11:30:00,23.740,24.000,23.720,23.890,8111012
2025-10-09 13:30:00,23.900,24.120,23.900,24.050,16651031
2025-10-09 14:00:00,24.060,24.120,24.050,24.120,11098253
2025-10-09 14:30:00,24.120,24.120,24.100,24.120,4835772
2025-10-09 15:00:00,24.120,24.120,24.120,24.120,3330787
2025-10-10 10:00:00,23.480,24.120,23.460,23.970,47696791
2025-10-10 10:30:00,23.970,24.020,23.790,23.930,10766838
2025-10-10 11:00:00,23.930,24.000,23.860,23.890,5636068
2025-10-10 11:30:00,23.860,23.870,23.480,23.680,13191854
2025-10-10 13:30:00,23.690,23.690,23.400,23.410,10392921
2025-10-10 14:00:00,23.420,23.520,23.320,23.500,8927039
2025-10-10 14:30:00,23.500,23.520,23.200,23.330,10685393
2025-10-10 15:00:00,23.320,23.600,23.300,23.600,11853948
2025-10-13 10:00:00,24.100,24.300,23.500,23.630,57841066
2025-10-13 10:30:00,23.630,24.080,23.310,23.940,16194101
2025-10-13 11:00:00,23.950,24.050,23.650,23.840,10926780
2025-10-13 11:30:00,23.830,24.020,23.730,24.000,8422752
2025-10-13 13:30:00,24.010,24.900,23.820,24.520,23293195
2025-10-13 14:00:00,24.510,25.050,24.430,25.020,20819857
2025-10-13 14:30:00,25.020,25.550,24.940,25.430,15310276
2025-10-13 15:00:00,25.440,25.880,25.420,25.500,17519070
2025-10-14 10:00:00,26.790,26.800,25.600,25.880,62333532
2025-10-14 10:30:00,25.880,26.140,25.700,25.870,18940487
2025-10-14 11:00:00,25.880,26.390,25.800,25.930,11160977
2025-10-14 11:30:00,25.930,26.020,25.760,25.970,8549167
2025-10-14 13:30:00,25.970,26.200,25.790,25.960,14541273
2025-10-14 14:00:00,25.970,25.980,24.310,24.460,28322243
2025-10-14 14:30:00,24.440,24.690,24.190,24.360,26269678
2025-10-14 15:00:00,24.360,24.760,24.060,24.760,23503802
2025-10-15 10:00:00,25.320,25.360,24.550,25.040,43486097
2025-10-15 10:30:00,25.040,25.070,24.820,24.950,12248827
2025-10-15 11:00:00,24.950,24.960,24.270,24.300,20504805
2025-10-15 11:30:00,24.290,24.550,24.280,24.500,6072532
2025-10-15 13:30:00,24.500,24.930,24.490,24.840,11358475
2025-10-15 14:00:00,24.850,25.200,24.800,25.090,11608658
2025-10-15 14:30:00,25.090,25.500,25.010,25.340,12132172
2025-10-15 15:00:00,25.340,25.400,25.180,25.200,11879143
2025-10-16 10:00:00,25.350,25.760,25.150,25.210,34831829
2025-10-16 10:30:00,25.200,25.650,25.100,25.430,14196558
2025-10-16 11:00:00,25.430,25.440,25.210,25.410,7699148
2025-10-16 11:30:00,25.400,25.460,25.200,25.320,5558090
2025-10-16 13:30:00,25.330,25.350,24.640,24.740,14817516
2025-10-16 14:00:00,24.710,24.730,24.250,24.270,17583969
2025-10-16 14:30:00,24.280,24.570,24.220,24.380,11619818
2025-10-16 15:00:00,24.400,24.450,24.240,24.420,17672385
2025-10-17 10:00:00,25.220,25.490,24.580,24.740,46886050
2025-10-17 10:30:00,24.750,24.910,24.580,24.600,10601368
2025-10-17 11:00:00,24.600,25.500,24.570,25.400,17535426
2025-10-17 11:30:00,25.390,25.400,25.040,25.210,10000641
2025-10-17 13:30:00,25.210,25.430,24.960,25.000,11864569
2025-10-17 14:00:00,25.020,25.070,24.860,25.010,6726348
2025-10-17 14:30:00,25.040,25.040,24.700,24.740,6236510
2025-10-17 15:00:00,24.730,25.050,24.700,24.960,15615152
2025-10-20 10:00:00,23.850,24.560,23.730,24.070,47302494
2025-10-20 10:30:00,24.070,24.260,23.870,23.880,13459363
2025-10-20 11:00:00,23.880,24.050,23.740,23.740,12777215
2025-10-20 11:30:00,23.750,23.930,23.440,23.880,13181100
2025-10-20 13:30:00,23.870,24.010,23.800,23.930,7619572
2025-10-20 14:00:00,23.930,23.950,23.730,23.740,7492851
2025-10-20 14:30:00,23.750,23.760,23.410,23.590,18416306
2025-10-20 15:00:00,23.600,23.650,23.440,23.630,13650606
2025-10-21 10:00:00,24.380,24.400,23.750,24.050,39278841
2025-10-21 10:30:00,24.050,24.080,23.700,23.830,14525412
2025-10-21 11:00:00,23.830,23.910,23.580,23.650,11016800
2025-10-21 11:30:00,23.650,23.750,23.590,23.740,7726901
2025-10-21 13:30:00,23.740,23.750,23.500,23.510,8662928
2025-10-21 14:00:00,23.520,23.570,23.450,23.490,8062900
2025-10-21 14:30:00,23.490,23.540,23.420,23.490,7501719
2025-10-21 15:00:00,23.490,23.530,23.450,23.480,12354051
2025-10-22 10:00:00,21.500,22.350,21.500,22.280,85797951
2025-10-22 10:30:00,22.280,22.500,22.210,22.400,15742296
2025-10-22 11:00:00,22.410,22.480,22.200,22.450,10008625
2025-10-22 11:30:00,22.450,22.600,22.380,22.550,9421829
2025-10-22 13:30:00,22.550,22.960,22.530,22.950,12600752
2025-10-22 14:00:00,22.960,22.960,22.710,22.770,6977190
2025-10-22 14:30:00,22.760,22.940,22.730,22.910,6802497
2025-10-22 15:00:00,22.920,22.970,22.800,22.900,10876890
2025-10-23 10:00:00,22.480,23.110,22.070,22.130,30388631
2025-10-23 10:30:00,22.140,22.180,21.930,22.090,20445618
2025-10-23 11:00:00,22.080,22.200,22.000,22.170,6759996
2025-10-23 11:30:00,22.170,22.350,22.080,22.240,5350122
2025-10-23 13:30:00,22.250,22.400,22.180,22.260,4878058
2025-10-23 14:00:00,22.250,22.340,22.130,22.320,3748786
2025-10-23 14:30:00,22.320,22.690,22.290,22.600,11425643
2025-10-23 15:00:00,22.610,22.800,22.550,22.610,11597160
2025-10-24 10:00:00,22.800,22.850,22.400,22.490,19731081
2025-10-24 10:30:00,22.490,22.510,22.360,22.360,6831586
2025-10-24 11:00:00,22.360,22.500,22.360,22.380,4791066
2025-10-24 11:30:00,22.380,22.560,22.370,22.450,6301835
2025-10-24 13:30:00,22.450,22.500,22.310,22.330,10051688
2025-10-24 14:00:00,22.330,22.340,22.180,22.270,9364000
2025-10-24 14:30:00,22.280,22.300,22.130,22.220,10297716
2025-10-24 15:00:00,22.230,22.350,22.200,22.330,9171534
2025-10-27 10:00:00,22.190,22.940,22.170,22.880,35542011
2025-10-27 10:30:00,22.880,22.880,22.600,22.680,10318699
2025-10-27 11:00:00,22.670,22.730,22.510,22.720,6645590
2025-10-27 11:30:00,22.720,22.850,22.610,22.730,4847084
2025-10-27 13:30:00,22.730,22.980,22.640,22.890,7035789
2025-10-27 14:00:00,22.890,23.100,22.880,22.930,9561424
2025-10-27 14:30:00,22.930,23.030,22.920,22.960,4226833
2025-10-27 15:00:00,22.960,23.000,22.910,22.930,7325505
2025-10-28 10:00:00,22.500,22.850,22.350,22.710,24494009
2025-10-28 10:30:00,22.710,22.840,22.640,22.780,7004175
2025-10-28 11:00:00,22.760,22.790,22.460,22.510,6661800
2025-10-28 11:30:00,22.500,22.660,22.500,22.630,5309600
2025-10-28 13:30:00,22.620,22.620,22.280,22.380,9485758
2025-10-28 14:00:00,22.380,22.380,22.160,22.290,8699192
2025-10-28 14:30:00,22.280,22.340,22.160,22.200,6204896
2025-10-28 15:00:00,22.210,22.220,22.000,22.130,14319840
2025-10-29 10:00:00,22.360,22.550,22.310,22.510,16513914
2025-10-29 10:30:00,22.520,22.650,22.450,22.570,8472008
2025-10-29 11:00:00,22.570,22.580,22.410,22.510,3765181
2025-10-29 11:30:00,22.500,22.600,22.500,22.540,3895130
2025-10-29 13:30:00,22.550,22.560,22.290,22.400,7794564
2025-10-29 14:00:00,22.400,22.490,22.370,22.470,3836563
2025-10-29 14:30:00,22.480,22.740,22.450,22.720,9749209
2025-10-29 15:00:00,22.720,22.800,22.670,22.750,12378041
2025-10-30 10:00:00,22.110,22.340,21.980,22.320,35688972
2025-10-30 10:30:00,22.320,22.330,22.050,22.260,11667049
2025-10-30 11:00:00,22.260,22.490,22.220,22.230,9578056
2025-10-30 11:30:00,22.230,22.310,22.100,22.140,7228295
2025-10-30 13:30:00,22.140,22.700,22.140,22.500,19362019
2025-10-30 14:00:00,22.490,22.620,22.420,22.540,6991524
2025-10-30 14:30:00,22.540,22.610,22.340,22.390,6583760
2025-10-30 15:00:00,22.390,22.470,22.300,22.300,8212640
2025-10-31 10:00:00,22.690,22.740,22.180,22.360,29482063
2025-10-31 10:30:00,22.360,22.450,22.110,22.180,11304818
2025-10-31 11:00:00,22.180,22.210,21.980,22.190,12117183
2025-10-31 11:30:00,22.190,22.190,21.940,21.960,8106850
2025-10-31 13:30:00,21.980,22.090,21.930,22.050,4967176
2025-10-31 14:00:00,22.040,22.150,22.020,22.100,3958559
2025-10-31 14:30:00,22.100,22.220,22.080,22.200,5608243
2025-10-31 15:00:00,22.200,22.220,22.080,22.170,9959075
2025-11-03 10:00:00,21.700,21.900,21.420,21.520,25105405
2025-11-03 10:30:00,21.510,21.600,21.260,21.570,13564076
2025-11-03 11:00:00,21.570,21.660,21.480,21.600,6025580
2025-11-03 11:30:00,21.610,21.720,21.600,21.670,4837052
2025-11-03 13:30:00,21.670,21.750,21.610,21.690,6082289
2025-11-03 14:00:00,21.680,21.840,21.670,21.790,7957440
2025-11-03 14:30:00,21.790,21.870,21.760,21.780,6649420
2025-11-03 15:00:00,21.780,21.840,21.730,21.830,7632074
2025-11-04 10:00:00,21.400,21.600,21.280,21.280,16207235
2025-11-04 10:30:00,21.290,21.290,21.030,21.140,14599165
2025-11-04 11:00:00,21.140,21.180,20.950,21.040,10550290
2025-11-04 11:30:00,21.040,21.150,21.000,21.050,5981628
2025-11-04 13:30:00,21.050,21.080,20.790,20.850,11727172
2025-11-04 14:00:00,20.850,20.900,20.740,20.810,10773480
2025-11-04 14:30:00,20.810,20.810,20.540,20.650,14583153
2025-11-04 15:00:00,20.650,20.780,20.620,20.700,13683478
2025-11-05 10:00:00,20.060,20.680,20.050,20.500,25053854
2025-11-05 10:30:00,20.510,20.570,20.390,20.400,6498311
2025-11-05 11:00:00,20.400,20.610,20.390,20.540,5429380
2025-11-05 11:30:00,20.540,20.640,20.530,20.610,7417859
2025-11-05 13:30:00,20.620,20.870,20.620,20.700,9430551
2025-11-05 14:00:00,20.710,20.860,20.650,20.850,12238164
2025-11-05 14:30:00,20.850,20.950,20.790,20.860,5812318
2025-11-05 15:00:00,20.850,20.930,20.800,20.850,8818958
2025-11-06 10:00:00,20.730,20.990,20.720,20.920,11150806
2025-11-06 10:30:00,20.920,20.950,20.830,20.940,4237501
2025-11-06 11:00:00,20.930,21.000,20.910,20.990,5033300
2025-11-06 11:30:00,21.000,21.060,20.900,21.040,4471930
2025-11-06 13:30:00,21.020,21.080,20.940,20.960,5438600
2025-11-06 14:00:00,20.960,21.030,20.890,20.960,5724601
2025-11-06 14:30:00,20.970,21.030,20.950,21.020,4711986
2025-11-06 15:00:00,21.020,21.080,20.970,21.070,7648499
2025-11-07 10:00:00,21.060,21.280,21.000,21.220,10840593
2025-11-07 10:30:00,21.220,21.380,21.140,21.170,9380072
2025-11-07 11:00:00,21.160,21.250,21.100,21.140,3575100
2025-11-07 11:30:00,21.150,21.180,21.040,21.090,3698802
2025-11-07 13:30:00,21.100,21.190,21.090,21.100,2751814
2025-11-07 14:00:00,21.100,21.160,21.000,21.020,3774900
2025-11-07 14:30:00,21.020,21.090,20.980,21.090,4046436
2025-11-07 15:00:00,21.080,21.110,21.030,21.080,5803269
2025-11-10 10:00:00,21.390,21.590,21.320,21.340,20443827
2025-11-10 10:30:00,21.340,21.450,21.280,21.280,8130455
2025-11-10 11:00:00,21.290,21.390,21.220,21.310,4983395
2025-11-10 11:30:00,21.310,21.370,21.230,21.370,3617756
2025-11-10 13:30:00,21.360,21.540,21.230,21.400,7974761
2025-11-10 14:00:00,21.390,21.460,21.320,21.350,6173390
2025-11-10 14:30:00,21.350,21.500,21.330,21.500,6712900
2025-11-10 15:00:00,21.500,21.550,21.420,21.470,9705021
2025-11-11 10:00:00,21.900,22.060,21.520,21.710,32125146
2025-11-11 10:30:00,21.720,21.770,21.430,21.480,10821469
2025-11-11 11:00:00,21.470,21.560,21.390,21.440,4912337
2025-11-11 11:30:00,21.440,21.780,21.410,21.650,5644190
2025-11-11 13:30:00,21.640,21.760,21.390,21.400,8457404
2025-11-11 14:00:00,21.400,21.450,21.280,21.280,6175780
2025-11-11 14:30:00,21.280,21.480,21.250,21.430,5103500
2025-11-11 15:00:00,21.440,21.460,21.360,21.410,8424875
2025-11-12 10:00:00,21.400,21.630,21.290,21.340,12999011
2025-11-12 10:30:00,21.340,21.620,21.330,21.510,8292006
2025-11-12 11:00:00,21.510,21.510,21.230,21.270,6527835
2025-11-12 11:30:00,21.270,21.290,21.150,21.160,4331400
2025-11-12 13:30:00,21.150,21.180,21.060,21.150,3656771
2025-11-12 14:00:00,21.150,21.300,21.110,21.210,3024500
2025-11-12 14:30:00,21.200,21.330,21.170,21.300,2494690
2025-11-12 15:00:00,21.300,21.380,21.270,21.270,4890200
2025-11-13 10:00:00,21.630,21.970,21.570,21.950,31341632
2025-11-13 10:30:00,21.950,22.110,21.860,22.050,19529969
2025-11-13 11:00:00,22.040,22.220,22.020,22.050,13347801
2025-11-13 11:30:00,22.050,22.230,22.020,22.190,6738600
2025-11-13 13:30:00,22.190,22.310,22.100,22.160,10150877
2025-11-13 14:00:00,22.150,22.200,22.080,22.080,5456578
2025-11-13 14:30:00,22.090,22.090,21.970,22.060,5514201
2025-11-13 15:00:00,22.050,22.060,21.990,22.020,7807800
2025-11-14 10:00:00,21.670,21.810,21.430,21.780,16713645
2025-11-14 10:30:00,21.780,22.030,21.720,21.960,7664100
2025-11-14 11:00:00,21.970,22.150,21.910,22.010,6297351
2025-11-14 11:30:00,22.000,22.310,21.960,22.250,9316896
2025-11-14 13:30:00,22.250,22.300,21.970,22.040,6975502
2025-11-14 14:00:00,22.050,22.120,21.990,22.040,4508134
2025-11-14 14:30:00,22.050,22.170,21.860,21.890,7383151
2025-11-14 15:00:00,21.890,21.970,21.780,21.810,9698694
2025-11-17 10:00:00,21.500,21.810,21.400,21.560,17627650
2025-11-17 10:30:00,21.560,21.750,21.450,21.650,6590948
2025-11-17 11:00:00,21.650,21.690,21.500,21.530,3445592
2025-11-17 11:30:00,21.540,21.560,21.390,21.430,4654600
2025-11-17 13:30:00,21.430,21.520,21.370,21.390,5636085
2025-11-17 14:00:00,21.380,21.480,21.320,21.450,5770832
2025-11-17 14:30:00,21.450,21.550,21.430,21.520,4838200
2025-11-17 15:00:00,21.520,21.650,21.470,21.650,7921030
2025-11-18 10:00:00,21.450,21.480,21.100,21.120,15010154
2025-11-18 10:30:00,21.120,21.260,21.070,21.220,3933895
2025-11-18 11:00:00,21.220,21.280,21.070,21.070,4138900
2025-11-18 11:30:00,21.070,21.080,20.960,21.060,6139101
2025-11-18 13:30:00,21.050,21.060,20.820,20.830,5584649
2025-11-18 14:00:00,20.830,20.980,20.820,20.890,3416800
2025-11-18 14:30:00,20.890,20.890,20.700,20.720,5873693
2025-11-18 15:00:00,20.720,20.950,20.680,20.890,8508913
2025-11-19 10:00:00,21.050,21.270,21.030,21.240,9839952
2025-11-19 10:30:00,21.250,21.370,21.240,21.350,6169212
2025-11-19 11:00:00,21.350,21.520,21.340,21.430,9080300
2025-11-19 11:30:00,21.430,21.500,21.330,21.360,3256500
2025-11-19 13:30:00,21.360,21.690,21.340,21.670,8720651
2025-11-19 14:00:00,21.660,22.140,21.660,22.080,21454373
2025-11-19 14:30:00,22.070,22.870,22.060,22.790,28367489
2025-11-19 15:00:00,22.790,22.980,22.630,22.720,21772787
2025-11-20 10:00:00,22.490,23.000,22.390,22.760,25178485
2025-11-20 10:30:00,22.760,22.830,22.500,22.600,11774000
2025-11-20 11:00:00,22.590,22.700,22.380,22.400,10375936
2025-11-20 11:30:00,22.400,22.540,22.390,22.450,5060842
2025-11-20 13:30:00,22.440,22.470,22.350,22.390,4736492
2025-11-20 14:00:00,22.390,22.470,22.300,22.360,3381303
2025-11-20 14:30:00,22.360,22.380,22.250,22.280,4108135
2025-11-20 15:00:00,22.280,22.350,22.220,22.350,6325214
2025-11-21 10:00:00,21.970,22.280,21.720,21.970,18351327
2025-11-21 10:30:00,21.970,22.120,21.800,21.870,6380500
2025-11-21 11:00:00,21.870,21.930,21.580,21.660,7694900
2025-11-21 11:30:00,21.670,21.750,21.420,21.600,7442160
2025-11-21 13:30:00,21.600,21.650,21.480,21.650,5882900
2025-11-21 14:00:00,21.650,21.920,21.560,21.610,5364304
2025-11-21 14:30:00,21.610,21.740,21.480,21.510,6008680
2025-11-21 15:00:00,21.500,21.570,21.410,21.440,10734646
2025-11-24 10:00:00,21.430,21.590,21.170,21.230,14693927
2025-11-24 10:30:00,21.230,21.320,21.130,21.200,6034687
2025-11-24 11:00:00,21.190,21.240,21.040,21.080,4160700
2025-11-24 11:30:00,21.080,21.230,21.030,21.060,2525200
2025-11-24 13:30:00,21.060,21.220,21.020,21.200,2852571
2025-11-24 14:00:00,21.210,21.350,21.170,21.300,4824807
2025-11-24 14:30:00,21.290,21.370,21.240,21.300,3837800
2025-11-24 15:00:00,21.300,21.320,21.130,21.190,7751769
2025-11-25 10:00:00,21.830,22.080,21.770,21.890,21635179
2025-11-25 10:30:00,21.880,22.290,21.820,22.180,12441360
2025-11-25 11:00:00,22.180,22.500,22.180,22.330,8228775
2025-11-25 11:30:00,22.320,22.440,22.220,22.290,4598600
2025-11-25 13:30:00,22.290,22.300,22.070,22.090,5495700
2025-11-25 14:00:00,22.090,22.170,22.080,22.140,3618600
2025-11-25 14:30:00,22.140,22.200,22.070,22.090,3043900
2025-11-25 15:00:00,22.090,22.110,22.040,22.070,7801825
2025-11-26 10:00:00,22.110,22.380,22.030,22.150,10624769
2025-11-26 10:30:00,22.150,22.300,22.080,22.260,4954455
2025-11-26 11:00:00,22.250,22.450,22.250,22.300,7508526
2025-11-26 11:30:00,22.290,22.440,22.270,22.340,3974795
2025-11-26 13:30:00,22.340,22.530,22.300,22.420,6723309
2025-11-26 14:00:00,22.420,22.460,22.230,22.240,4769274
2025-11-26 14:30:00,22.240,22.270,22.170,22.180,3809215
2025-11-26 15:00:00,22.180,22.220,22.110,22.180,5300151
2025-11-27 10:00:00,22.290,22.520,22.090,22.250,15404068
2025-11-27 10:30:00,22.250,22.450,22.220,22.260,5145160
2025-11-27 11:00:00,22.260,22.360,22.180,22.200,3297600
2025-11-27 11:30:00,22.200,22.330,22.120,22.150,3007800
2025-11-27 13:30:00,22.160,22.300,22.140,22.230,2684490
2025-11-27 14:00:00,22.220,22.320,22.150,22.220,3267300
2025-11-27 14:30:00,22.210,22.300,22.100,22.240,4442844
2025-11-27 15:00:00,22.240,22.240,22.100,22.140,5904850
2025-11-28 10:00:00,22.420,22.780,22.350,22.550,19934208
2025-11-28 10:30:00,22.560,22.870,22.400,22.740,13205883
2025-11-28 11:00:00,22.750,22.780,22.530,22.620,4714333
2025-11-28 11:30:00,22.600,22.680,22.490,22.530,2928800
2025-11-28 13:30:00,22.540,22.630,22.470,22.490,3543350
2025-11-28 14:00:00,22.490,22.490,22.390,22.470,3246900
2025-11-28 14:30:00,22.470,22.470,22.350,22.420,3074508
2025-11-28 15:00:00,22.420,22.480,22.390,22.480,5053550
2025-12-01 10:00:00,23.010,23.330,23.010,23.250,32236468
2025-12-01 10:30:00,23.250,23.260,22.870,22.950,14611059
2025-12-01 11:00:00,22.950,22.980,22.830,22.880,5423175
2025-12-01 11:30:00,22.890,22.980,22.760,22.780,4850888
2025-12-01 13:30:00,22.790,22.950,22.660,22.700,5890030
2025-12-01 14:00:00,22.690,22.860,22.670,22.850,3329004
2025-12-01 14:30:00,22.830,22.880,22.780,22.840,3261400
2025-12-01 15:00:00,22.850,22.890,22.790,22.870,5624570
2025-12-02 10:00:00,22.510,22.570,22.350,22.550,12336438
2025-12-02 10:30:00,22.550,22.560,22.380,22.400,3794562
2025-12-02 11:00:00,22.390,22.660,22.370,22.600,3587714
2025-12-02 11:30:00,22.600,22.690,22.570,22.600,2592809
2025-12-02 13:30:00,22.590,22.600,22.470,22.470,3022301
2025-12-02 14:00:00,22.470,22.490,22.420,22.440,2777700
2025-12-02 14:30:00,22.440,22.560,22.420,22.480,3232100
2025-12-02 15:00:00,22.470,22.520,22.410,22.480,5310927
2025-12-03 10:00:00,22.550,22.620,22.320,22.370,8726770
2025-12-03 10:30:00,22.370,22.600,22.370,22.540,4964250
2025-12-03 11:00:00,22.520,22.700,22.460,22.690,4600825
2025-12-03 11:30:00,22.680,22.780,22.650,22.740,5294009
2025-12-03 13:30:00,22.740,22.780,22.630,22.640,4982200
2025-12-03 14:00:00,22.650,22.650,22.430,22.440,6121300
2025-12-03 14:30:00,22.430,22.460,22.300,22.370,5955185
2025-12-03 15:00:00,22.370,22.410,22.330,22.370,4390234
2025-12-04 10:00:00,22.500,22.750,22.470,22.580,14642677
2025-12-04 10:30:00,22.590,22.670,22.320,22.330,8122800
2025-12-04 11:00:00,22.340,22.400,22.150,22.220,6311662
2025-12-04 11:30:00,22.220,22.240,22.050,22.200,5375167
2025-12-04 13:30:00,22.190,22.260,22.110,22.200,2325591
2025-12-04 14:00:00,22.200,22.220,21.940,22.030,5777214
2025-12-04 14:30:00,22.020,22.140,22.010,22.050,1859020
2025-12-04 15:00:00,22.060,22.130,22.030,22.130,4397256
2025-12-05 10:00:00,22.050,22.440,22.000,22.420,12361559
2025-12-05 10:30:00,22.420,22.630,22.380,22.390,11359159
2025-12-05 11:00:00,22.380,22.550,22.370,22.540,3173232
2025-12-05 11:30:00,22.540,22.740,22.500,22.590,5898348
2025-12-05 13:30:00,22.590,22.880,22.580,22.870,7910870
2025-12-05 14:00:00,22.870,22.960,22.820,22.870,6357458
2025-12-05 14:30:00,22.870,22.960,22.820,22.910,6980260
2025-12-05 15:00:00,22.910,22.920,22.790,22.850,8018761
2025-12-08 10:00:00,22.710,22.800,22.220,22.350,22571428
2025-12-08 10:30:00,22.350,22.410,22.270,22.300,6313387
2025-12-08 11:00:00,22.300,22.340,22.240,22.320,6584723
2025-12-08 11:30:00,22.320,22.340,22.240,22.300,6138100
2025-12-08 13:30:00,22.300,22.300,22.160,22.200,8974042
2025-12-08 14:00:00,22.200,22.380,22.180,22.290,6183300
2025-12-08 14:30:00,22.280,22.330,22.250,22.270,5167435
2025-12-08 15:00:00,22.270,22.350,22.260,22.350,7800922
2025-12-09 10:00:00,22.120,22.140,21.780,21.790,18979975
2025-12-09 10:30:00,21.800,21.800,21.400,21.450,17615561
2025-12-09 11:00:00,21.440,21.570,21.360,21.430,10948655
2025-12-09 11:30:00,21.430,21.630,21.420,21.610,4986826
2025-12-09 13:30:00,21.610,21.640,21.510,21.560,3661154
2025-12-09 14:00:00,21.560,21.570,21.400,21.430,5727200
2025-12-09 14:30:00,21.430,21.430,21.220,21.280,11337200
2025-12-09 15:00:00,21.280,21.350,21.260,21.310,11862038
2025-12-10 10:00:00,21.570,21.810,21.550,21.700,21011943
2025-12-10 10:30:00,21.690,21.770,21.660,21.680,4419300
2025-12-10 11:00:00,21.680,21.700,21.630,21.680,2812900
2025-12-10 11:30:00,21.680,21.750,21.640,21.670,3347800
2025-12-10 13:30:00,21.670,21.700,21.520,21.570,4503190
2025-12-10 14:00:00,21.570,21.710,21.560,21.680,2895135
2025-12-10 14:30:00,21.680,21.800,21.660,21.770,5716250
2025-12-10 15:00:00,21.780,21.830,21.770,21.810,6269600
2025-12-11 10:00:00,22.130,22.560,22.130,22.470,27947448
2025-12-11 10:30:00,22.480,22.540,22.230,22.240,7721200
2025-12-11 11:00:00,22.240,22.240,21.930,21.950,7518918
2025-12-11 11:30:00,21.960,22.010,21.870,21.870,3607449
2025-12-11 13:30:00,21.870,21.930,21.780,21.790,3596639
2025-12-11 14:00:00,21.800,21.880,21.740,21.860,2499778
2025-12-11 14:30:00,21.850,21.930,21.830,21.880,2424400
2025-12-11 15:00:00,21.880,21.920,21.770,21.800,4971338
2025-12-12 10:00:00,22.410,22.630,22.240,22.570,27303818
2025-12-12 10:30:00,22.570,22.850,22.420,22.480,22161990
2025-12-12 11:00:00,22.480,22.490,22.330,22.380,5511459
2025-12-12 11:30:00,22.380,22.540,22.370,22.420,4070780
2025-12-12 13:30:00,22.420,22.510,22.330,22.490,4001251
2025-12-12 14:00:00,22.500,22.530,22.450,22.530,5030195
2025-12-12 14:30:00,22.530,22.590,22.480,22.580,6076507
2025-12-12 15:00:00,22.590,22.640,22.500,22.600,10455244
2025-12-15 10:00:00,22.510,23.150,22.510,23.070,24959775
2025-12-15 10:30:00,23.070,23.080,22.910,22.990,11822700
2025-12-15 11:00:00,22.990,23.040,22.830,22.840,5499862
2025-12-15 11:30:00,22.850,22.890,22.700,22.780,4675839
2025-12-15 13:30:00,22.790,22.910,22.770,22.880,2760780
2025-12-15 14:00:00,22.870,23.080,22.840,23.050,8638085
2025-12-15 14:30:00,23.060,23.180,23.050,23.140,8975024
2025-12-15 15:00:00,23.130,23.170,23.080,23.160,9654250
2025-12-16 10:00:00,22.810,22.890,22.450,22.630,17506667
2025-12-16 10:30:00,22.640,22.660,22.230,22.370,11160703
2025-12-16 11:00:00,22.380,22.390,22.050,22.090,10466100
2025-12-16 11:30:00,22.090,22.170,21.900,21.920,8924100
2025-12-16 13:30:00,21.930,22.030,21.800,21.800,8263725
2025-12-16 14:00:00,21.800,21.970,21.700,21.820,8108000
2025-12-16 14:30:00,21.820,21.930,21.720,21.850,6052250
2025-12-16 15:00:00,21.840,21.930,21.790,21.880,10055823
2025-12-17 10:00:00,22.100,22.490,22.100,22.400,17653305
2025-12-17 10:30:00,22.400,22.440,22.130,22.210,7347862
2025-12-17 11:00:00,22.210,22.240,22.020,22.110,4763881
2025-12-17 11:30:00,22.110,22.250,22.100,22.230,3764820
2025-12-17 13:30:00,22.240,22.730,22.230,22.580,16785187
2025-12-17 14:00:00,22.590,22.740,22.560,22.700,7652809
2025-12-17 14:30:00,22.710,22.780,22.650,22.690,7912640
2025-12-17 15:00:00,22.690,22.700,22.600,22.620,6583564
2025-12-18 10:00:00,22.590,22.690,22.330,22.630,13481994
2025-12-18 10:30:00,22.630,22.700,22.500,22.600,6181800
2025-12-18 11:00:00,22.590,22.770,22.580,22.640,4869314
2025-12-18 11:30:00,22.640,22.900,22.640,22.810,6548300
2025-12-18 13:30:00,22.810,22.900,22.750,22.850,5564080
2025-12-18 14:00:00,22.850,22.870,22.720,22.720,6460695
2025-12-18 14:30:00,22.720,22.730,22.590,22.620,3941400
2025-12-18 15:00:00,22.620,22.720,22.600,22.720,5757887
2025-12-19 10:00:00,22.500,22.550,22.110,22.320,18103481
2025-12-19 10:30:00,22.330,22.730,22.330,22.690,7157395
2025-12-19 11:00:00,22.690,22.740,22.530,22.640,3339912
2025-12-19 11:30:00,22.660,22.760,22.600,22.670,3041765
2025-12-19 13:30:00,22.680,22.800,22.650,22.670,4060070
2025-12-19 14:00:00,22.670,22.920,22.660,22.880,5423657
2025-12-19 14:30:00,22.880,22.930,22.850,22.920,4723902
2025-12-19 15:00:00,22.900,22.920,22.810,22.870,5297963
2025-12-22 10:00:00,23.220,23.950,23.220,23.840,27917204
2025-12-22 10:30:00,23.850,23.930,23.770,23.830,11197933
2025-12-22 11:00:00,23.830,23.940,23.680,23.790,6419550
2025-12-22 11:30:00,23.800,24.000,23.750,23.900,7622158
2025-12-22 13:30:00,23.900,24.100,23.810,23.890,8045891
2025-12-22 14:00:00,23.890,23.970,23.750,23.750,4589800
2025-12-22 14:30:00,23.760,23.830,23.740,23.820,4007689
2025-12-22 15:00:00,23.820,23.860,23.770,23.850,7839179
2025-12-23 10:00:00,24.380,24.500,24.050,24.290,23974635
2025-12-23 10:30:00,24.310,24.410,24.120,24.390,9113680
2025-12-23 11:00:00,24.390,24.600,24.370,24.480,12477642
2025-12-23 11:30:00,24.500,24.650,24.370,24.400,8318406
2025-12-23 13:30:00,24.400,24.410,24.010,24.170,9297428
2025-12-23 14:00:00,24.160,24.240,23.970,24.010,6501303
2025-12-23 14:30:00,24.000,24.120,23.950,24.000,5923907
2025-12-23 15:00:00,23.990,24.130,23.980,24.130,8150124
2025-12-24 10:00:00,24.450,24.500,24.000,24.020,21111846
2025-12-24 10:30:00,24.020,24.020,23.720,23.740,11332700
2025-12-24 11:00:00,23.750,23.930,23.670,23.720,6704571
2025-12-24 11:30:00,23.720,23.770,23.660,23.740,6362129
2025-12-24 13:30:00,23.750,23.890,23.720,23.740,5543331
2025-12-24 14:00:00,23.750,23.820,23.680,23.770,6179750
2025-12-24 14:30:00,23.760,23.860,23.750,23.850,6058383
2025-12-24 15:00:00,23.850,23.970,23.830,23.950,6703926
2025-12-25 10:00:00,23.580,23.580,23.220,23.240,18745327
2025-12-25 10:30:00,23.240,23.280,23.160,23.230,9634924
2025-12-25 11:00:00,23.230,23.260,23.190,23.230,3114886
2025-12-25 11:30:00,23.230,23.290,23.080,23.140,7457292
2025-12-25 13:30:00,23.140,23.220,23.050,23.190,7020508
2025-12-25 14:00:00,23.190,23.210,22.990,23.100,10647250
2025-12-25 14:30:00,23.090,23.180,23.020,23.110,6010392
2025-12-25 15:00:00,23.110,23.210,23.100,23.200,7352200
2025-12-26 10:00:00,23.500,23.620,23.200,23.260,18062151
2025-12-26 10:30:00,23.260,23.580,23.240,23.560,8449191
2025-12-26 11:00:00,23.550,23.570,23.460,23.550,4527277
2025-12-26 11:30:00,23.540,23.620,23.380,23.450,8484136
2025-12-26 13:30:00,23.470,23.550,23.430,23.500,4871900
2025-12-26 14:00:00,23.510,23.560,23.490,23.490,3800800
2025-12-26 14:30:00,23.500,23.540,23.440,23.470,6988419
2025-12-26 15:00:00,23.480,23.510,23.390,23.440,8085003
2025-12-29 10:00:00,23.520,23.590,22.850,23.190,27582995
2025-12-29 10:30:00,23.190,23.460,23.190,23.450,8449105
2025-12-29 11:00:00,23.460,23.520,23.350,23.400,5097946
2025-12-29 11:30:00,23.400,23.540,23.350,23.500,5253680
2025-12-29 13:30:00,23.500,23.520,23.150,23.230,6012600
2025-12-29 14:00:00,23.220,23.240,23.070,23.080,3464701
2025-12-29 14:30:00,23.080,23.090,22.900,22.910,7419100
2025-12-29 15:00:00,22.910,22.930,22.840,22.880,11416143
2025-12-30 10:00:00,22.140,23.250,22.100,23.150,36255279
2025-12-30 10:30:00,23.140,23.250,23.050,23.200,10738429
2025-12-30 11:00:00,23.210,23.380,23.120,23.350,7240795
2025-12-30 11:30:00,23.360,23.460,23.250,23.420,7369308
2025-12-30 13:30:00,23.420,23.530,23.270,23.480,8909083
2025-12-30 14:00:00,23.480,23.570,23.290,23.340,5672960
2025-12-30 14:30:00,23.330,23.450,23.300,23.370,3889764
2025-12-30 15:00:00,23.370,23.420,23.340,23.370,7317700
2025-12-31 10:00:00,23.220,23.950,23.220,23.720,14965610
2025-12-31 10:30:00,23.710,23.850,23.600,23.650,5308386
2025-12-31 11:00:00,23.630,23.660,23.240,23.260,5859244
2025-12-31 11:30:00,23.250,23.460,23.230,23.290,3497665
2025-12-31 13:30:00,23.280,23.530,23.170,23.510,5081925
2025-12-31 14:00:00,23.510,23.520,23.100,23.140,4848500
2025-12-31 14:30:00,23.150,23.340,23.120,23.250,3775830
2025-12-31 15:00:00,23.250,23.370,23.210,23.360,3968454
2026-01-05 10:00:00,23.980,24.020,23.600,23.800,19944553
2026-01-05 10:30:00,23.810,23.950,23.710,23.930,6826052
2026-01-05 11:00:00,23.930,23.980,23.800,23.880,4676638
2026-01-05 11:30:00,23.870,24.000,23.870,23.930,5892682
2026-01-05 13:30:00,23.910,24.200,23.900,24.170,11689039
2026-01-05 14:00:00,24.170,24.320,24.140,24.310,9602345
2026-01-05 14:30:00,24.310,24.320,24.220,24.290,7024013
2026-01-05 15:00:00,24.300,24.300,24.160,24.220,6975264
2026-01-06 10:00:00,24.300,24.680,24.230,24.670,20511918
2026-01-06 10:30:00,24.660,24.930,24.600,24.840,10953575
2026-01-06 11:00:00,24.850,24.880,24.640,24.790,8006600
2026-01-06 11:30:00,24.790,24.820,24.680,24.770,4254000
2026-01-06 13:30:00,24.780,24.930,24.650,24.700,7288472
2026-01-06 14:00:00,24.690,24.800,24.410,24.450,9255595
2026-01-06 14:30:00,24.460,24.580,24.390,24.520,7720939
2026-01-06 15:00:00,24.510,24.730,24.500,24.720,8001590
2026-01-07 10:00:00,24.720,24.940,24.430,24.450,15566163
2026-01-07 10:30:00,24.450,25.080,24.370,25.030,12878633
2026-01-07 11:00:00,25.040,25.050,24.850,24.980,6942566
2026-01-07 11:30:00,24.970,25.090,24.880,24.880,4670595
2026-01-07 13:30:00,24.880,24.910,24.470,24.520,8218170
2026-01-07 14:00:00,24.520,24.520,24.310,24.430,6560050
2026-01-07 14:30:00,24.430,24.580,24.430,24.530,4319943
2026-01-07 15:00:00,24.520,24.580,24.420,24.570,5611943
2026-01-08 10:00:00,24.450,25.150,24.380,24.680,18306888
2026-01-08 10:30:00,24.680,24.850,24.450,24.450,5669546
2026-01-08 11:00:00,24.460,24.740,24.340,24.740,6798183
2026-01-08 11:30:00,24.730,24.740,24.500,24.530,3582371
2026-01-08 13:30:00,24.540,24.560,24.320,24.350,4494560
2026-01-08 14:00:00,24.360,24.360,24.150,24.240,6934365
2026-01-08 14:30:00,24.240,24.240,23.930,24.080,10850219
2026-01-08 15:00:00,24.080,24.280,24.050,24.250,8946065
2026-01-09 10:00:00,24.310,24.830,24.270,24.760,19577423
2026-01-09 10:30:00,24.760,25.080,24.730,24.980,12388094
2026-01-09 11:00:00,24.980,25.030,24.750,24.950,8893427
2026-01-09 11:30:00,24.940,25.000,24.680,24.990,6607600
2026-01-09 13:30:00,24.980,25.150,24.960,25.060,10752025
2026-01-09 14:00:00,25.060,25.070,24.890,24.910,3912331
2026-01-09 14:30:00,24.910,24.940,24.800,24.900,3314259
2026-01-09 15:00:00,24.890,24.940,24.860,24.930,6046989
2026-01-12 10:00:00,25.700,25.950,25.140,25.300,29395724
2026-01-12 10:30:00,25.300,25.450,25.160,25.370,12947073
2026-01-12 11:00:00,25.370,25.480,25.010,25.070,8679120
2026-01-12 11:30:00,25.070,25.300,25.060,25.230,4281777
2026-01-12 13:30:00,25.240,25.270,25.020,25.130,7396252
2026-01-12 14:00:00,25.130,25.130,24.910,25.030,8678475
2026-01-12 14:30:00,25.030,25.100,24.960,25.040,6876300
2026-01-12 15:00:00,25.050,25.080,24.920,25.020,8758200
2026-01-13 10:00:00,25.120,26.110,25.030,25.590,39770516
2026-01-13 10:30:00,25.590,25.990,25.530,25.860,9138689
2026-01-13 11:00:00,25.860,26.070,25.780,25.980,8454131
2026-01-13 11:30:00,25.980,26.260,25.900,25.990,8756235
2026-01-13 13:30:00,25.990,26.130,25.830,25.950,4602681
2026-01-13 14:00:00,25.940,25.970,25.640,25.890,5243646
2026-01-13 14:30:00,25.870,25.900,25.610,25.610,4743390
2026-01-13 15:00:00,25.610,25.680,25.550,25.640,7601356
2026-01-14 10:00:00,25.980,26.350,25.790,26.120,24329008
2026-01-14 10:30:00,26.110,26.190,25.850,25.900,8737556
2026-01-14 11:00:00,25.910,25.950,25.710,25.890,7542800
2026-01-14 11:30:00,25.890,26.050,25.890,25.940,3780440
2026-01-14 13:30:00,25.940,26.220,25.860,25.900,11980409
2026-01-14 14:00:00,25.910,26.320,25.900,25.990,11197720
2026-01-14 14:30:00,25.990,26.350,25.890,26.120,8437060
2026-01-14 15:00:00,26.130,26.180,26.000,26.150,8394365
2026-01-15 10:00:00,26.010,26.890,25.770,26.710,26343021
2026-01-15 10:30:00,26.710,26.990,26.650,26.900,14030083
2026-01-15 11:00:00,26.890,27.060,26.600,26.660,9036840
2026-01-15 11:30:00,26.650,26.730,26.300,26.470,6661133
2026-01-15 13:30:00,26.480,26.500,25.910,26.100,11023454
2026-01-15 14:00:00,26.090,26.130,25.830,26.020,7188120
2026-01-15 14:30:00,26.010,26.230,25.990,26.100,5952820
2026-01-15 15:00:00,26.110,26.200,26.010,26.200,7197278
2026-01-16 10:00:00,26.080,26.740,25.980,26.050,21111648
2026-01-16 10:30:00,26.050,26.070,25.680,25.900,15683168
2026-01-16 11:00:00,25.900,25.980,25.710,25.830,6189836
2026-01-16 11:30:00,25.850,26.070,25.740,25.810,8204394
2026-01-16 13:30:00,25.830,25.890,25.630,25.770,10227464
2026-01-16 14:00:00,25.770,25.800,25.580,25.610,9541649
2026-01-16 14:30:00,25.610,25.680,25.470,25.650,7978396
2026-01-16 15:00:00,25.640,25.730,25.530,25.610,6723622
2026-01-19 10:00:00,26.070,26.660,25.860,26.330,27572999
2026-01-19 10:30:00,26.330,26.660,26.250,26.410,10477979
2026-01-19 11:00:00,26.410,26.420,26.120,26.210,5040891
2026-01-19 11:30:00,26.200,26.830,26.180,26.670,11720871
2026-01-19 13:30:00,26.660,26.980,26.650,26.920,11317718
2026-01-19 14:00:00,26.930,27.060,26.620,26.810,8326395
2026-01-19 14:30:00,26.800,26.830,26.710,26.720,3499405
2026-01-19 15:00:00,26.730,26.970,26.710,26.950,10392017
2026-01-20 10:00:00,27.000,27.000,26.120,26.290,26104776
2026-01-20 10:30:00,26.300,26.400,25.880,25.990,12948700
2026-01-20 11:00:00,25.980,26.600,25.880,26.460,11544374
2026-01-20 11:30:00,26.470,26.600,26.240,26.460,4885100
2026-01-20 13:30:00,26.490,27.660,26.490,27.330,19246882
2026-01-20 14:00:00,27.330,27.660,27.220,27.400,12311462
2026-01-20 14:30:00,27.400,27.470,27.090,27.450,7612555
2026-01-20 15:00:00,27.450,27.660,27.440,27.560,10152310
2026-01-21 10:00:00,28.180,28.640,28.100,28.630,46922717
2026-01-21 10:30:00,28.630,29.210,28.570,28.740,28430797
2026-01-21 11:00:00,28.740,29.000,28.620,28.880,6644989
2026-01-21 11:30:00,28.880,29.100,28.760,28.940,7514124
2026-01-21 13:30:00,28.940,29.630,28.930,29.570,16500147
2026-01-21 14:00:00,29.570,30.200,29.550,30.190,14741680
2026-01-21 14:30:00,30.180,30.280,29.610,30.020,11104258
2026-01-21 15:00:00,30.020,30.300,29.840,29.900,16812928
2026-01-22 10:00:00,28.800,29.650,28.680,29.150,42928186
2026-01-22 10:30:00,29.140,29.150,28.510,28.590,19066803
2026-01-22 11:00:00,28.590,28.860,28.530,28.770,6933821
2026-01-22 11:30:00,28.770,28.910,28.710,28.770,5225630
2026-01-22 13:30:00,28.770,29.210,28.760,29.110,7991049
2026-01-22 14:00:00,29.110,29.350,29.100,29.310,5873100
2026-01-22 14:30:00,29.310,29.450,29.150,29.270,5344918
2026-01-22 15:00:00,29.270,29.290,29.020,29.180,9061285
2026-01-23 10:00:00,30.970,30.980,30.150,30.700,41147247
2026-01-23 10:30:00,30.700,30.830,30.310,30.510,11885335
2026-01-23 11:00:00,30.510,30.630,30.240,30.570,8449724
2026-01-23 11:30:00,30.580,30.600,30.210,30.360,5850666
2026-01-23 13:30:00,30.370,30.460,29.870,29.980,9732502
2026-01-23 14:00:00,29.970,30.380,29.920,30.190,5456613
2026-01-23 14:30:00,30.190,30.330,29.940,29.960,5900105
2026-01-23 15:00:00,29.970,30.120,29.720,30.000,14225445
2026-01-26 10:00:00,31.310,32.620,31.300,32.160,50050838
2026-01-26 10:30:00,32.170,33.000,32.140,32.980,25965930
2026-01-26 11:00:00,32.980,33.000,32.700,32.820,16663931
2026-01-26 11:30:00,32.830,32.950,32.590,32.880,7528317
2026-01-26 13:30:00,32.880,32.990,32.510,32.980,11039414
2026-01-26 14:00:00,32.970,33.000,32.930,33.000,11832373
2026-01-26 14:30:00,33.000,33.000,33.000,33.000,2148165
2026-01-26 15:00:00,33.000,33.000,33.000,33.000,2253707
2026-01-27 10:00:00,32.300,35.030,32.290,34.850,72537419
2026-01-27 10:30:00,34.800,34.890,33.580,34.150,25351356
2026-01-27 11:00:00,34.150,34.980,34.130,34.630,11350252
2026-01-27 11:30:00,34.620,34.670,33.500,33.680,11129795
2026-01-27 13:30:00,33.680,33.700,32.500,32.530,22800090
2026-01-27 14:00:00,32.540,33.510,32.490,33.380,13593100
2026-01-27 14:30:00,33.370,33.590,33.200,33.540,8112065
2026-01-27 15:00:00,33.540,34.480,33.260,34.280,16760209
2026-01-28 10:00:00,35.000,36.950,34.390,36.520,83162051
2026-01-28 10:30:00,36.520,37.380,36.310,36.880,31505747
2026-01-28 11:00:00,36.880,37.280,36.650,37.200,13449999
2026-01-28 11:30:00,37.190,37.510,36.980,37.370,13158063
2026-01-28 13:30:00,37.380,37.710,37.360,37.590,25357747
2026-01-28 14:00:00,37.580,37.710,37.360,37.710,11255944
2026-01-28 14:30:00,37.710,37.710,37.710,37.710,1804183
2026-01-28 15:00:00,37.710,37.710,37.710,37.710,4203388
2026-01-29 10:00:00,39.990,41.480,38.180,40.010,133292648
2026-01-29 10:30:00,40.130,40.190,37.820,38.730,38242202
2026-01-29 11:00:00,38.730,40.490,38.720,39.840,17335030
2026-01-29 11:30:00,39.840,40.580,39.750,40.120,12161167
2026-01-29 13:30:00,40.120,40.550,39.850,39.950,13419553
2026-01-29 14:00:00,39.950,39.950,38.800,39.100,14921297
2026-01-29 14:30:00,39.090,40.810,39.030,40.810,15909665
2026-01-29 15:00:00,40.800,41.390,40.280,41.000,24585316
2026-01-30 10:00:00,36.900,38.100,36.900,36.900,101892917
2026-01-30 10:30:00,36.900,36.900,36.900,36.900,4554000
2026-01-30 11:00:00,36.900,36.900,36.900,36.900,1956800
2026-01-30 11:30:00,36.900,36.900,36.900,36.900,903300
2026-01-30 13:30:00,36.900,36.900,36.900,36.900,1558000
2026-01-30 14:00:00,36.900,36.900,36.900,36.900,1121600
2026-01-30 14:30:00,36.900,36.900,36.900,36.900,695800
2026-01-30 15:00:00,36.900,36.900,36.900,36.900,2676900
2026-02-02 10:00:00,33.210,33.210,33.210,33.210,4476000
2026-02-02 10:30:00,33.210,33.210,33.210,33.210,376400
2026-02-02 11:00:00,33.210,33.210,33.210,33.210,347700
2026-02-02 11:30:00,33.210,33.210,33.210,33.210,162600
2026-02-02 13:30:00,33.210,33.210,33.210,33.210,190400
2026-02-02 14:00:00,33.210,33.210,33.210,33.210,137200
2026-02-02 14:30:00,33.210,33.210,33.210,33.210,192700
2026-02-02 15:00:00,33.210,33.210,33.210,33.210,375700
2026-02-03 10:00:00,30.500,31.830,30.430,30.630,172644128
2026-02-03 10:30:00,30.620,30.760,30.280,30.380,32009337
2026-02-03 11:00:00,30.380,30.450,29.890,29.940,45874672
2026-02-03 11:30:00,29.940,30.480,29.900,30.390,12846269
2026-02-03 13:30:00,30.390,30.990,30.310,30.980,18684031
2026-02-03 14:00:00,30.980,32.500,30.900,32.330,27714808
2026-02-03 14:30:00,32.340,33.500,31.610,33.500,13577222
2026-02-03 15:00:00,33.500,34.310,32.910,32.950,19994002
2026-02-04 10:00:00,33.010,33.050,31.280,31.430,91448442
2026-02-04 10:30:00,31.430,31.880,31.340,31.570,16388820
2026-02-04 11:00:00,31.570,31.580,31.050,31.220,14687313
2026-02-04 11:30:00,31.220,31.410,31.030,31.140,8481025
2026-02-04 13:30:00,31.150,31.830,31.140,31.280,10758590
2026-02-04 14:00:00,31.270,31.620,31.180,31.260,11009782
2026-02-04 14:30:00,31.260,31.350,31.150,31.230,8476697
2026-02-04 15:00:00,31.250,31.680,31.250,31.560,20853019
2026-02-05 10:00:00,30.360,31.390,30.360,30.740,37943077
2026-02-05 10:30:00,30.740,30.800,29.880,30.040,34045010
2026-02-05 11:00:00,30.050,30.240,29.490,29.580,29007119
2026-02-05 11:30:00,29.590,30.010,29.580,29.830,12189525
2026-02-05 13:30:00,29.820,29.870,29.410,29.620,16445371
2026-02-05 14:00:00,29.620,30.280,29.410,30.080,17243461
2026-02-05 14:30:00,30.080,30.230,29.900,29.990,13291568
2026-02-05 15:00:00,29.980,30.140,29.910,29.920,16766352
2026-02-06 10:00:00,28.100,29.680,28.100,29.570,56221363
2026-02-06 10:30:00,29.570,29.790,29.350,29.630,15087507
2026-02-06 11:00:00,29.630,29.990,29.470,29.780,13487802
2026-02-06 11:30:00,29.770,30.070,29.700,29.970,9466121
2026-02-06 13:30:00,29.980,30.070,29.730,29.980,7034900
2026-02-06 14:00:00,29.980,30.120,29.820,30.070,7889244
2026-02-06 14:30:00,30.050,30.140,29.710,29.780,8865400
2026-02-06 15:00:00,29.790,29.830,29.550,29.550,12972785
2026-02-09 10:00:00,30.260,30.450,29.850,29.910,35121084
2026-02-09 10:30:00,29.910,30.150,29.810,30.080,9874410
2026-02-09 11:00:00,30.080,30.280,29.960,30.130,7312191
2026-02-09 11:30:00,30.130,30.230,30.080,30.120,6146175
2026-02-09 13:30:00,30.130,30.300,30.080,30.190,6801661
2026-02-09 14:00:00,30.190,30.220,30.020,30.150,6383567
2026-02-09 14:30:00,30.150,30.190,30.120,30.130,4848117
2026-02-09 15:00:00,30.130,30.180,30.080,30.180,7560543
2026-02-10 10:00:00,30.300,30.590,29.990,30.390,24965767
2026-02-10 10:30:00,30.400,30.690,30.290,30.300,11222053
2026-02-10 11:00:00,30.320,30.330,30.060,30.070,6107914
2026-02-10 11:30:00,30.060,30.080,29.920,29.960,5668646
2026-02-10 13:30:00,29.960,30.030,29.900,29.920,4004918
2026-02-10 14:00:00,29.910,30.000,29.820,29.990,4077389
2026-02-10 14:30:00,29.990,30.010,29.880,29.910,3918100
2026-02-10 15:00:00,29.910,30.030,29.890,29.970,6247763
2026-02-11 10:00:00,29.950,30.400,29.880,30.330,17126601
2026-02-11 10:30:00,30.330,30.340,29.970,30.260,8923817
2026-02-11 11:00:00,30.260,30.760,30.170,30.640,16219335
2026-02-11 11:30:00,30.640,30.880,30.510,30.750,11113706
2026-02-11 13:30:00,30.750,31.090,30.580,30.600,13241224
2026-02-11 14:00:00,30.600,30.940,30.520,30.560,6636669
2026-02-11 14:30:00,30.570,30.710,30.530,30.610,5366365
2026-02-11 15:00:00,30.610,30.690,30.530,30.670,8792010
2026-02-12 10:00:00,30.450,31.500,30.360,31.260,31780303
2026-02-12 10:30:00,31.260,31.360,31.020,31.210,8379636
2026-02-12 11:00:00,31.210,31.220,30.810,31.110,6973500
2026-02-12 11:30:00,31.110,31.210,30.930,30.990,4503800
2026-02-12 13:30:00,30.980,30.990,30.720,30.780,6764500
2026-02-12 14:00:00,30.780,30.800,30.600,30.670,4817790
2026-02-12 14:30:00,30.670,30.720,30.500,30.530,6267264
2026-02-12 15:00:00,30.520,30.650,30.470,30.610,8100317
2026-02-13 10:00:00,29.990,30.320,29.880,30.050,24541510
2026-02-13 10:30:00,30.060,30.160,29.830,29.930,9090100
2026-02-13 11:00:00,29.940,29.960,29.720,29.840,7467700
2026-02-13 11:30:00,29.850,29.920,29.700,29.710,5907654
2026-02-13 13:30:00,29.710,29.980,29.650,29.670,8917264
2026-02-13 14:00:00,29.660,29.700,29.470,29.470,10113901
2026-02-13 14:30:00,29.470,29.650,29.450,29.520,7191510
2026-02-13 15:00:00,29.530,29.640,29.430,29.510,10872606
2026-02-24 10:00:00,30.980,31.160,30.510,30.920,46394639
2026-02-24 10:30:00,30.920,31.280,30.820,31.210,14315846
2026-02-24 11:00:00,31.200,31.440,31.110,31.270,9862400
2026-02-24 11:30:00,31.260,31.280,31.050,31.080,4971502
2026-02-24 13:30:00,31.080,31.100,30.800,30.830,7384236
2026-02-24 14:00:00,30.820,31.040,30.820,31.000,5594586
2026-02-24 14:30:00,31.000,31.140,31.000,31.040,7804724
2026-02-24 15:00:00,31.040,31.140,30.970,31.100,11333134
2026-02-25 10:00:00,31.000,31.150,30.710,31.100,23634345
2026-02-25 10:30:00,31.080,31.500,31.020,31.410,12593814
2026-02-25 11:00:00,31.410,31.590,31.280,31.580,10175294
2026-02-25 11:30:00,31.580,31.880,31.470,31.830,11158756
2026-02-25 13:30:00,31.850,31.880,31.370,31.490,9869562
2026-02-25 14:00:00,31.490,31.810,31.450,31.650,7044567
2026-02-25 14:30:00,31.660,31.660,31.380,31.380,7500916
2026-02-25 15:00:00,31.390,31.490,31.350,31.490,8494765
2026-02-26 10:00:00,31.300,31.490,31.100,31.360,17636998
2026-02-26 10:30:00,31.360,31.430,31.030,31.050,9263790
2026-02-26 11:00:00,31.050,31.120,30.890,30.950,10227087
2026-02-26 11:30:00,30.940,31.120,30.830,31.110,7040113
2026-02-26 13:30:00,31.100,31.260,31.020,31.140,7229890
2026-02-26 14:00:00,31.140,31.150,30.970,31.050,4564673
2026-02-26 14:30:00,31.050,31.080,30.900,30.950,7469703
2026-02-26 15:00:00,30.940,31.100,30.890,31.070,8091964
2026-02-27 10:00:00,31.000,31.930,30.920,31.790,27190350
2026-02-27 10:30:00,31.810,31.810,31.570,31.600,10660258
2026-02-27 11:00:00,31.610,31.650,31.280,31.330,7871775
2026-02-27 11:30:00,31.330,31.500,31.260,31.310,4701300
2026-02-27 13:30:00,31.310,31.770,31.240,31.710,7113565
2026-02-27 14:00:00,31.710,31.980,31.610,31.880,14142260
2026-02-27 14:30:00,31.880,31.980,31.750,31.880,10283200
2026-02-27 15:00:00,31.880,31.910,31.760,31.840,10776447
2026-03-02 10:00:00,33.800,33.800,32.350,32.390,81743389
2026-03-02 10:30:00,32.390,32.640,31.850,32.500,31142136
2026-03-02 11:00:00,32.500,32.990,32.360,32.950,15770557
2026-03-02 11:30:00,32.950,33.500,32.870,33.280,15995871
2026-03-02 13:30:00,33.280,33.330,32.770,33.300,15057846
2026-03-02 14:00:00,33.300,34.500,33.280,34.500,26517801
2026-03-02 14:30:00,34.500,34.970,34.110,34.970,19036652
2026-03-02 15:00:00,34.960,35.020,34.610,35.020,19419649
2026-03-03 10:00:00,34.010,34.700,33.520,33.570,50576921
2026-03-03 10:30:00,33.570,34.090,33.390,34.040,18230016
2026-03-03 11:00:00,34.040,35.500,34.030,35.400,32253446
2026-03-03 11:30:00,35.390,35.490,34.880,35.030,9772241
2026-03-03 13:30:00,35.020,35.100,34.170,34.500,10175745
2026-03-03 14:00:00,34.510,34.530,33.700,33.970,10259785
2026-03-03 14:30:00,33.980,34.250,33.450,33.800,15649747
2026-03-03 15:00:00,33.800,33.950,33.400,33.660,14893356
2026-03-04 10:00:00,31.780,32.680,31.780,32.660,49188098
2026-03-04 10:30:00,32.660,33.000,32.630,32.670,10536649
2026-03-04 11:00:00,32.660,32.730,32.180,32.180,8441488
2026-03-04 11:30:00,32.190,32.330,32.080,32.110,8045440
2026-03-04 13:30:00,32.100,32.500,32.090,32.380,6276776
2026-03-04 14:00:00,32.370,32.570,32.330,32.470,4537200
2026-03-04 14:30:00,32.460,32.480,32.090,32.110,5580502
2026-03-04 15:00:00,32.110,32.320,32.110,32.290,8565296
2026-03-05 10:00:00,32.610,32.640,31.400,31.430,28309426
2026-03-05 10:30:00,31.430,31.970,31.430,31.850,8623888
2026-03-05 11:00:00,31.860,32.120,31.740,32.090,5105512
2026-03-05 11:30:00,32.090,32.170,31.930,32.070,3899455
2026-03-05 13:30:00,32.060,32.080,31.840,31.890,4539610
2026-03-05 14:00:00,31.900,31.970,31.550,31.550,7110788
2026-03-05 14:30:00,31.550,31.660,31.200,31.600,13941616
2026-03-05 15:00:00,31.600,31.960,31.590,31.900,12304528
2026-03-06 10:00:00,31.050,31.450,30.670,31.400,25497273
2026-03-06 10:30:00,31.390,31.500,31.110,31.370,7564759
2026-03-06 11:00:00,31.360,31.480,31.280,31.370,4107127
2026-03-06 11:30:00,31.370,31.640,31.360,31.590,4129560
2026-03-06 13:30:00,31.600,31.760,31.420,31.530,5274454
2026-03-06 14:00:00,31.520,31.640,31.370,31.540,5385900
2026-03-06 14:30:00,31.550,31.700,31.500,31.640,7747742
2026-03-06 15:00:00,31.640,31.660,31.500,31.520,5524268
2026-03-09 10:00:00,30.510,30.910,30.160,30.370,34917782
2026-03-09 10:30:00,30.370,31.050,30.300,30.820,9202546
2026-03-09 11:00:00,30.810,31.230,30.660,31.140,6404455
2026-03-09 11:30:00,31.130,31.370,31.060,31.260,4345238
2026-03-09 13:30:00,31.260,31.470,31.050,31.360,4736706
2026-03-09 14:00:00,31.370,31.850,31.360,31.680,7861678
2026-03-09 14:30:00,31.680,31.980,31.500,31.510,6797800
2026-03-09 15:00:00,31.510,31.630,31.340,31.400,7669810
2026-03-10 10:00:00,31.880,32.190,31.390,32.130,22324661
2026-03-10 10:30:00,32.140,32.190,31.820,32.010,7015229
2026-03-10 11:00:00,32.010,32.150,31.800,31.810,5880116
2026-03-10 11:30:00,31.810,31.890,31.680,31.740,3561687
2026-03-10 13:30:00,31.740,31.890,31.670,31.800,3238600
2026-03-10 14:00:00,31.790,31.850,31.710,31.790,2861141
2026-03-10 14:30:00,31.800,31.930,31.710,31.760,3595767
2026-03-10 15:00:00,31.760,31.840,31.750,31.810,5310709
2026-03-11 10:00:00,32.160,32.360,31.800,31.860,14651065
2026-03-11 10:30:00,31.860,31.930,31.740,31.780,7336192
2026-03-11 11:00:00,31.770,31.890,31.700,31.830,4021005
2026-03-11 11:30:00,31.830,31.890,31.730,31.750,2911653
2026-03-11 13:30:00,31.760,32.090,31.680,31.940,5383205
2026-03-11 14:00:00,31.940,32.120,31.850,32.070,6172600
2026-03-11 14:30:00,32.060,32.280,32.050,32.160,7214992
2026-03-11 15:00:00,32.170,32.200,32.020,32.030,5453500
2026-03-12 10:00:00,31.600,31.950,31.520,31.780,15880163
2026-03-12 10:30:00,31.780,32.080,31.660,31.790,8203140
2026-03-12 11:00:00,31.790,31.940,31.370,31.400,9947996
2026-03-12 11:30:00,31.400,31.460,31.080,31.080,6978000
2026-03-12 13:30:00,31.080,31.200,30.960,30.990,6217398
2026-03-12 14:00:00,31.000,31.250,30.950,31.240,5562361
2026-03-12 14:30:00,31.210,31.290,31.110,31.220,4804071
2026-03-12 15:00:00,31.220,31.390,31.210,31.340,7408643
2026-03-13 10:00:00,30.880,31.960,30.810,31.750,21516987
2026-03-13 10:30:00,31.760,32.080,31.590,31.710,13388395
2026-03-13 11:00:00,31.730,31.750,31.320,31.330,4733543
2026-03-13 11:30:00,31.320,31.360,31.010,31.040,5034463
2026-03-13 13:30:00,31.050,31.220,30.890,30.900,5348537
2026-03-13 14:00:00,30.900,31.110,30.890,31.070,3276572
2026-03-13 14:30:00,31.070,31.080,30.820,30.860,4749236
2026-03-13 15:00:00,30.860,30.910,30.670,30.770,8031954
2026-03-16 10:00:00,30.000,30.390,29.180,29.520,37451720
2026-03-16 10:30:00,29.520,29.540,28.900,29.030,12713550
2026-03-16 11:00:00,29.020,29.100,28.770,28.970,8943402
2026-03-16 11:30:00,28.980,29.190,28.890,29.170,3437338
2026-03-16 13:30:00,29.160,29.550,29.150,29.420,5434386
2026-03-16 14:00:00,29.420,29.590,29.370,29.470,3626151
2026-03-16 14:30:00,29.470,29.550,29.350,29.430,4215200
2026-03-16 15:00:00,29.430,29.480,29.310,29.370,7189671
2026-03-17 10:00:00,29.370,29.670,29.210,29.600,13290538
2026-03-17 10:30:00,29.600,29.700,29.400,29.440,5304696
2026-03-17 11:00:00,29.440,29.600,29.400,29.490,3144907
2026-03-17 11:30:00,29.480,29.520,29.360,29.510,4528278
2026-03-17 13:30:00,29.510,30.050,29.510,29.890,13743931
2026-03-17 14:00:00,29.880,29.950,29.580,29.590,4518857
2026-03-17 14:30:00,29.590,29.660,29.360,29.370,6418600
2026-03-17 15:00:00,29.370,29.460,29.310,29.330,8605078
2026-03-18 10:00:00,29.250,29.400,28.950,29.000,13665900
2026-03-18 10:30:00,28.990,29.130,28.820,28.830,6410611
2026-03-18 11:00:00,28.830,28.980,28.580,28.670,8419738
2026-03-18 11:30:00,28.660,28.800,28.640,28.730,5017653
2026-03-18 13:30:00,28.760,28.830,28.500,28.750,6526444
2026-03-18 14:00:00,28.750,28.920,28.660,28.810,5112382
2026-03-18 14:30:00,28.820,29.050,28.800,29.030,5873275
2026-03-18 15:00:00,29.010,29.020,28.900,28.960,5584911
2026-03-19 10:00:00,27.390,27.960,27.360,27.570,42257078
2026-03-19 10:30:00,27.570,27.590,27.100,27.230,16274083
2026-03-19 11:00:00,27.230,27.350,27.160,27.220,6743855
2026-03-19 11:30:00,27.220,27.440,27.150,27.240,4518086
2026-03-19 13:30:00,27.240,27.290,27.000,27.010,10057832
2026-03-19 14:00:00,27.010,27.060,26.810,26.930,10716128
2026-03-19 14:30:00,26.930,27.050,26.730,26.770,9867983
2026-03-19 15:00:00,26.760,26.830,26.520,26.700,21817284
2026-03-20 10:00:00,26.700,27.390,26.480,26.630,32069108
2026-03-20 10:30:00,26.630,26.710,26.380,26.580,11517641
2026-03-20 11:00:00,26.580,26.690,26.490,26.540,7006536
2026-03-20 11:30:00,26.530,26.880,26.480,26.880,6509994
2026-03-20 13:30:00,26.870,26.950,26.550,26.600,6378333
2026-03-20 14:00:00,26.610,26.620,26.450,26.480,4459200
2026-03-20 14:30:00,26.480,26.530,26.180,26.240,8436788
2026-03-20 15:00:00,26.240,26.320,26.080,26.080,11414225
2026-03-23 10:00:00,24.680,24.980,24.280,24.580,57202413
2026-03-23 10:30:00,24.590,24.930,24.570,24.720,13534184
2026-03-23 11:00:00,24.720,24.730,24.250,24.360,11030756
2026-03-23 11:30:00,24.360,24.550,24.160,24.180,8408262
2026-03-23 13:30:00,24.170,24.550,24.140,24.180,12226642
2026-03-23 14:00:00,24.170,24.310,23.940,24.050,12900454
2026-03-23 14:30:00,24.050,24.100,23.670,23.860,14711069
2026-03-23 15:00:00,23.860,24.000,23.670,23.910,17584416
2026-03-24 10:00:00,24.390,24.490,23.740,23.770,25683133
2026-03-24 10:30:00,23.770,23.950,23.650,23.820,9211819
2026-03-24 11:00:00,23.820,24.170,23.800,24.170,11424478
2026-03-24 11:30:00,24.160,24.550,24.060,24.520,14459565
2026-03-24 13:30:00,24.520,24.530,24.010,24.040,10607928
2026-03-24 14:00:00,24.040,24.240,24.000,24.170,4915740
2026-03-24 14:30:00,24.160,24.520,24.120,24.470,9413312
2026-03-24 15:00:00,24.450,24.630,24.360,24.630,13056866
2026-03-25 10:00:00,25.600,26.370,25.570,26.250,58826025
2026-03-25 10:30:00,26.260,26.270,25.750,25.790,18148512
2026-03-25 11:00:00,25.790,26.120,25.710,25.860,9318555
2026-03-25 11:30:00,25.860,25.920,25.600,25.670,7754100
2026-03-25 13:30:00,25.670,25.740,25.510,25.650,8022248
2026-03-25 14:00:00,25.640,25.650,25.450,25.520,6173949
2026-03-25 14:30:00,25.540,25.560,25.420,25.540,5013944
2026-03-25 15:00:00,25.530,25.560,25.450,25.520,6857746
2026-03-26 10:00:00,25.470,25.780,25.190,25.520,17740274
2026-03-26 10:30:00,25.520,25.600,25.440,25.480,7552305
2026-03-26 11:00:00,25.480,25.540,25.290,25.330,5072894
2026-03-26 11:30:00,25.340,25.450,25.270,25.290,4612050
2026-03-26 13:30:00,25.290,25.450,25.000,25.130,7727963
2026-03-26 14:00:00,25.130,25.220,24.900,24.940,7250415
2026-03-26 14:30:00,24.940,25.060,24.880,24.920,6693471
2026-03-26 15:00:00,24.930,25.070,24.900,25.040,6412121
2026-03-27 10:00:00,24.600,25.240,24.600,25.040,17977223
2026-03-27 10:30:00,25.030,25.410,25.000,25.340,9467737
2026-03-27 11:00:00,25.350,25.480,25.270,25.350,6172863
2026-03-27 11:30:00,25.360,25.570,25.330,25.560,4400462
2026-03-27 13:30:00,25.560,25.670,25.320,25.340,6312214
2026-03-27 14:00:00,25.330,25.600,25.330,25.470,6341100
2026-03-27 14:30:00,25.480,25.600,25.400,25.540,4712367
2026-03-27 15:00:00,25.550,25.630,25.500,25.540,7339484
2026-03-30 10:00:00,25.500,26.180,25.490,25.830,23061102
2026-03-30 10:30:00,25.820,25.900,25.600,25.740,7584482
2026-03-30 11:00:00,25.740,26.090,25.560,25.900,7420870
2026-03-30 11:30:00,25.900,26.660,25.900,26.550,16481624
2026-03-30 13:30:00,26.540,26.580,26.140,26.410,9849525
2026-03-30 14:00:00,26.410,26.690,26.350,26.680,7034149
2026-03-30 14:30:00,26.690,26.730,26.580,26.650,8591198
2026-03-30 15:00:00,26.650,26.750,26.640,26.750,11051806
2026-03-31 10:00:00,27.170,27.470,26.950,27.350,32659926
2026-03-31 10:30:00,27.320,27.350,26.950,26.980,12762600
2026-03-31 11:00:00,26.970,26.990,26.680,26.720,7180336
2026-03-31 11:30:00,26.720,26.750,26.530,26.600,5574896
2026-03-31 13:30:00,26.610,26.850,26.500,26.820,6839547
2026-03-31 14:00:00,26.830,27.070,26.800,26.980,5794900
2026-03-31 14:30:00,26.970,27.010,26.730,26.790,4867345
2026-03-31 15:00:00,26.790,26.890,26.700,26.710,7749586
2026-04-01 10:00:00,27.500,27.950,27.130,27.160,35090847
2026-04-01 10:30:00,27.170,27.410,27.070,27.150,8053111
2026-04-01 11:00:00,27.160,27.400,27.100,27.230,5874900
2026-04-01 11:30:00,27.220,27.310,27.090,27.130,3694200
2026-04-01 13:30:00,27.130,27.330,26.930,27.290,6298990
2026-04-01 14:00:00,27.290,27.400,27.100,27.140,4847760
2026-04-01 14:30:00,27.130,27.270,27.100,27.230,4308345
2026-04-01 15:00:00,27.230,27.260,27.160,27.260,7443484
2026-04-02 10:00:00,26.990,26.990,26.250,26.760,22744002
2026-04-02 10:30:00,26.770,26.960,26.720,26.800,6661200
2026-04-02 11:00:00,26.800,26.890,26.650,26.810,7196900
2026-04-02 11:30:00,26.810,26.820,26.600,26.660,4519225
2026-04-02 13:30:00,26.650,26.660,26.330,26.430,6620500
2026-04-02 14:00:00,26.430,26.430,26.100,26.140,10054001
2026-04-02 14:30:00,26.130,26.320,26.010,26.230,8623851
2026-04-02 15:00:00,26.230,26.410,26.220,26.400,7838751
