date,open,high,low,close,volume
2025-03-27 14:30:00,22.050,22.150,22.030,22.100,899600
2025-03-27 15:00:00,22.110,22.170,22.070,22.120,1836497
2025-03-28 10:00:00,22.120,22.150,21.740,21.870,5495200
2025-03-28 10:30:00,21.870,21.940,21.790,21.800,1666224
2025-03-28 11:00:00,21.810,21.830,21.710,21.740,2070500
2025-03-28 11:30:00,21.730,21.820,21.640,21.700,2710800
2025-03-28 13:30:00,21.700,21.740,21.680,21.700,1516900
2025-03-28 14:00:00,21.700,21.880,21.660,21.870,2138890
2025-03-28 14:30:00,21.870,21.920,21.800,21.860,1634000
2025-03-28 15:00:00,21.860,21.900,21.760,21.800,2161400
2025-03-31 10:00:00,21.850,22.790,21.750,22.240,12280110
2025-03-31 10:30:00,22.260,22.410,22.170,22.180,3044327
2025-03-31 11:00:00,22.180,22.360,22.100,22.170,2868300
2025-03-31 11:30:00,22.180,22.290,22.140,22.170,2482900
2025-03-31 13:30:00,22.170,22.250,22.130,22.220,2376476
2025-03-31 14:00:00,22.220,22.290,22.170,22.180,2089900
2025-03-31 14:30:00,22.190,22.270,22.140,22.250,2282530
2025-03-31 15:00:00,22.250,22.260,22.030,22.100,3899845
2025-04-01 10:00:00,22.030,22.580,22.030,22.490,6424002
2025-04-01 10:30:00,22.490,22.580,22.360,22.460,4721700
2025-04-01 11:00:00,22.460,22.630,22.390,22.570,3028134
2025-04-01 11:30:00,22.570,22.630,22.540,22.580,1648080
2025-04-01 13:30:00,22.570,22.990,22.520,22.890,8900095
2025-04-01 14:00:00,22.890,22.960,22.740,22.750,4173499
2025-04-01 14:30:00,22.750,22.770,22.700,22.730,1487466
2025-04-01 15:00:00,22.740,22.750,22.670,22.700,3156586
2025-04-02 10:00:00,22.740,22.780,22.360,22.640,4018200
2025-04-02 10:30:00,22.640,22.710,22.570,22.600,1890300
2025-04-02 11:00:00,22.600,22.640,22.430,22.430,2539800
2025-04-02 11:30:00,22.430,22.490,22.380,22.470,1875991
2025-04-02 13:30:00,22.480,22.570,22.450,22.550,1873234
2025-04-02 14:00:00,22.550,22.550,22.470,22.530,1231466
2025-04-02 14:30:00,22.520,22.560,22.470,22.520,1392100
2025-04-02 15:00:00,22.520,22.660,22.500,22.610,3561856
2025-04-03 10:00:00,22.420,22.630,22.340,22.420,3062030
2025-04-03 10:30:00,22.410,22.490,22.360,22.440,1865700
2025-04-03 11:00:00,22.440,22.490,22.390,22.400,803300
2025-04-03 11:30:00,22.420,22.430,22.290,22.330,1757100
2025-04-03 13:30:00,22.330,22.370,22.210,22.230,1571900
2025-04-03 14:00:00,22.230,22.270,22.180,22.220,2277100
2025-04-03 14:30:00,22.210,22.280,22.080,22.150,1944626
2025-04-03 15:00:00,22.150,22.180,22.090,22.140,1941191
2025-04-07 10:00:00,21.000,21.540,20.430,20.860,11898297
2025-04-07 10:30:00,20.820,21.000,20.680,20.980,4921024
2025-04-07 11:00:00,20.970,21.150,20.850,20.910,1868200
2025-04-07 11:30:00,20.920,20.950,20.690,20.730,1743720
2025-04-07 13:30:00,20.720,20.760,20.480,20.670,2679763
2025-04-07 14:00:00,20.680,20.820,20.420,20.510,2867500
2025-04-07 14:30:00,20.530,20.530,19.980,20.110,3338443
2025-04-07 15:00:00,20.100,20.690,20.050,20.530,4008723
2025-04-08 10:00:00,20.590,21.050,20.580,20.970,7295700
2025-04-08 10:30:00,20.970,21.110,20.880,20.990,2941819
2025-04-08 11:00:00,20.990,21.050,20.870,20.970,2082447
2025-04-08 11:30:00,20.960,21.370,20.940,21.300,2985750
2025-04-08 13:30:00,21.300,21.330,21.030,21.040,2783710
2025-04-08 14:00:00,21.040,21.170,20.920,21.130,3368890
2025-04-08 14:30:00,21.130,21.180,20.950,21.120,2658400
2025-04-08 15:00:00,21.110,21.350,21.060,21.350,3631022
2025-04-09 10:00:00,21.340,21.350,20.670,20.760,6963135
2025-04-09 10:30:00,20.750,20.980,20.730,20.940,4490580
2025-04-09 11:00:00,20.950,20.950,20.810,20.900,1612727
2025-04-09 11:30:00,20.890,21.030,20.780,20.970,1531900
2025-04-09 13:30:00,20.980,21.000,20.850,21.000,1376300
2025-04-09 14:00:00,20.990,21.140,20.960,21.070,1816200
2025-04-09 14:30:00,21.070,21.120,21.000,21.080,1947498
2025-04-09 15:00:00,21.090,21.460,21.080,21.460,3356431
2025-04-10 10:00:00,21.600,21.770,21.210,21.720,6327779
2025-04-10 10:30:00,21.720,21.800,21.600,21.760,3024430
2025-04-10 11:00:00,21.760,21.790,21.430,21.450,3010164
2025-04-10 11:30:00,21.450,21.450,21.200,21.270,2644400
2025-04-10 13:30:00,21.270,21.290,21.130,21.160,2526100
2025-04-10 14:00:00,21.160,21.170,21.030,21.040,5059000
2025-04-10 14:30:00,21.040,21.150,20.970,21.040,3301830
2025-04-10 15:00:00,21.040,21.390,21.020,21.390,3106720
2025-04-11 10:00:00,21.080,21.190,20.900,21.060,3625300
2025-04-11 10:30:00,21.060,21.070,20.990,21.010,1199730
2025-04-11 11:00:00,21.010,21.020,20.920,20.920,1227070
2025-04-11 11:30:00,20.920,20.970,20.880,20.940,1718100
2025-04-11 13:30:00,20.950,21.000,20.890,20.940,2056000
2025-04-11 14:00:00,20.940,21.140,20.930,21.080,1528400
2025-04-11 14:30:00,21.080,21.130,21.050,21.060,1357787
2025-04-11 15:00:00,21.070,21.070,20.970,20.990,1899755
2025-04-14 10:00:00,21.080,21.100,20.820,20.900,4064684
2025-04-14 10:30:00,20.910,20.960,20.870,20.940,1540819
2025-04-14 11:00:00,20.950,21.020,20.940,20.980,890600
2025-04-14 11:30:00,20.980,21.050,20.980,21.020,729800
2025-04-14 13:30:00,21.020,21.030,20.910,20.920,709300
2025-04-14 14:00:00,20.920,20.930,20.870,20.900,1181320
2025-04-14 14:30:00,20.910,20.970,20.900,20.960,574400
2025-04-14 15:00:00,20.960,20.990,20.940,20.950,1543323
2025-04-15 10:00:00,20.870,20.930,20.530,20.760,4681677
2025-04-15 10:30:00,20.760,21.130,20.760,21.030,4054800
2025-04-15 11:00:00,21.030,21.060,20.910,20.930,937500
2025-04-15 11:30:00,20.940,21.030,20.910,21.030,1467916
2025-04-15 13:30:00,21.030,21.040,20.840,20.850,984180
2025-04-15 14:00:00,20.860,20.900,20.820,20.820,695300
2025-04-15 14:30:00,20.840,20.840,20.660,20.670,2450500
2025-04-15 15:00:00,20.670,20.780,20.630,20.780,4163768
2025-04-16 10:00:00,20.750,20.750,20.530,20.610,3389100
2025-04-16 10:30:00,20.600,20.640,20.560,20.610,894700
2025-04-16 11:00:00,20.600,20.620,20.560,20.590,974200
2025-04-16 11:30:00,20.590,20.610,20.550,20.560,1523100
2025-04-16 13:30:00,20.550,20.590,20.500,20.540,1698200
2025-04-16 14:00:00,20.530,20.580,20.510,20.550,1444120
2025-04-16 14:30:00,20.550,20.560,20.510,20.530,821836
2025-04-16 15:00:00,20.520,20.650,20.460,20.650,8112524
2025-04-17 10:00:00,20.520,20.580,20.410,20.560,2296150
2025-04-17 10:30:00,20.550,20.620,20.510,20.550,2591700
2025-04-17 11:00:00,20.540,20.700,20.510,20.670,1780134
2025-04-17 11:30:00,20.670,20.700,20.590,20.620,1109210
2025-04-17 13:30:00,20.620,20.680,20.580,20.660,883700
2025-04-17 14:00:00,20.660,20.710,20.650,20.670,865000
2025-04-17 14:30:00,20.670,20.740,20.650,20.660,995439
2025-04-17 15:00:00,20.660,20.760,20.640,20.760,2347594
2025-04-18 10:00:00,20.740,20.850,20.690,20.800,1971156
2025-04-18 10:30:00,20.790,20.930,20.780,20.860,1641220
2025-04-18 11:00:00,20.860,20.890,20.820,20.840,586066
2025-04-18 11:30:00,20.840,20.880,20.790,20.790,578400
2025-04-18 13:30:00,20.790,20.820,20.730,20.740,729000
2025-04-18 14:00:00,20.740,20.810,20.730,20.790,582879
2025-04-18 14:30:00,20.790,20.790,20.740,20.750,540000
2025-04-18 15:00:00,20.760,20.820,20.730,20.760,1641300
2025-04-21 10:00:00,20.770,20.800,20.660,20.690,1500500
2025-04-21 10:30:00,20.700,20.740,20.660,20.690,1319682
2025-04-21 11:00:00,20.690,20.690,20.640,20.670,923218
2025-04-21 11:30:00,20.670,20.710,20.660,20.670,324800
2025-04-21 13:30:00,20.690,20.770,20.670,20.740,374000
2025-04-21 14:00:00,20.740,20.780,20.730,20.750,764200
2025-04-21 14:30:00,20.740,20.840,20.720,20.820,963236
2025-04-21 15:00:00,20.820,20.870,20.810,20.830,1177100
2025-04-22 10:00:00,20.760,20.850,20.720,20.770,1471614
2025-04-22 10:30:00,20.770,20.960,20.750,20.930,1274260
2025-04-22 11:00:00,20.940,21.040,20.860,20.890,2520100
2025-04-22 11:30:00,20.900,20.930,20.880,20.900,472600
2025-04-22 13:30:00,20.900,21.200,20.900,21.030,3535239
2025-04-22 14:00:00,21.030,21.050,20.970,21.000,779661
2025-04-22 14:30:00,21.000,21.040,20.970,20.990,763500
2025-04-22 15:00:00,20.990,21.000,20.910,20.910,1143994
2025-04-23 10:00:00,20.950,21.030,20.840,20.860,1827100
2025-04-23 10:30:00,20.850,20.860,20.750,20.750,2328500
2025-04-23 11:00:00,20.750,20.810,20.740,20.750,1201800
2025-04-23 11:30:00,20.760,20.820,20.750,20.800,850700
2025-04-23 13:30:00,20.810,20.860,20.790,20.820,1108420
2025-04-23 14:00:00,20.800,20.860,20.780,20.780,1170790
2025-04-23 14:30:00,20.780,20.800,20.680,20.790,2484490
2025-04-23 15:00:00,20.800,20.810,20.750,20.800,1065734
2025-04-24 10:00:00,20.780,20.950,20.700,20.930,1583329
2025-04-24 10:30:00,20.930,21.030,20.880,20.880,2018394
2025-04-24 11:00:00,20.880,20.900,20.800,20.820,690100
2025-04-24 11:30:00,20.820,20.890,20.780,20.840,1098600
2025-04-24 13:30:00,20.850,20.940,20.800,20.920,955409
2025-04-24 14:00:00,20.920,21.030,20.910,20.960,2243350
2025-04-24 14:30:00,20.960,21.020,20.900,20.930,2165020
2025-04-24 15:00:00,20.930,20.950,20.860,20.880,1501261
2025-04-25 10:00:00,20.880,21.080,20.830,21.020,2567097
2025-04-25 10:30:00,21.010,21.170,20.960,20.980,2255124
2025-04-25 11:00:00,20.980,21.030,20.950,21.020,666900
2025-04-25 11:30:00,21.010,21.050,21.000,21.030,689300
2025-04-25 13:30:00,21.030,21.170,20.960,21.090,2956230
2025-04-25 14:00:00,21.080,21.100,21.000,21.020,1222400
2025-04-25 14:30:00,21.020,21.020,20.940,21.000,1739900
2025-04-25 15:00:00,21.000,21.010,20.960,20.970,2068256
2025-04-28 10:00:00,20.100,20.350,19.880,20.290,10999321
2025-04-28 10:30:00,20.280,20.450,20.260,20.340,2754100
2025-04-28 11:00:00,20.320,20.320,20.240,20.290,1270237
2025-04-28 11:30:00,20.290,20.290,20.150,20.190,2055363
2025-04-28 13:30:00,20.190,20.200,20.060,20.100,2798987
2025-04-28 14:00:00,20.100,20.120,20.070,20.100,1712729
2025-04-28 14:30:00,20.110,20.120,20.020,20.030,2246471
2025-04-28 15:00:00,20.030,20.130,20.010,20.130,3096559
2025-04-29 10:00:00,20.100,20.330,20.030,20.110,2241426
2025-04-29 10:30:00,20.110,20.160,20.010,20.030,1964900
2025-04-29 11:00:00,20.040,20.050,19.930,20.000,2351540
2025-04-29 11:30:00,20.010,20.030,19.970,20.000,877489
2025-04-29 13:30:00,20.000,20.000,19.950,19.950,829041
2025-04-29 14:00:00,19.950,19.980,19.930,19.960,987789
2025-04-29 14:30:00,19.960,20.090,19.930,20.070,2045736
2025-04-29 15:00:00,20.060,20.070,20.000,20.030,1212500
2025-04-30 10:00:00,20.130,20.700,20.100,20.480,11231994
2025-04-30 10:30:00,20.470,20.560,20.450,20.450,1258040
2025-04-30 11:00:00,20.450,20.490,20.370,20.370,819300
2025-04-30 11:30:00,20.370,20.380,20.290,20.300,979948
2025-04-30 13:30:00,20.300,20.560,20.290,20.450,2037030
2025-04-30 14:00:00,20.450,20.460,20.340,20.350,1050829
2025-04-30 14:30:00,20.350,20.400,20.340,20.370,875000
2025-04-30 15:00:00,20.360,20.400,20.350,20.390,1565245
2025-05-06 10:00:00,20.380,20.470,20.090,20.180,6302390
2025-05-06 10:30:00,20.180,20.340,20.150,20.320,2135800
2025-05-06 11:00:00,20.320,20.340,20.300,20.320,1256100
2025-05-06 11:30:00,20.320,20.330,20.280,20.320,827300
2025-05-06 13:30:00,20.330,20.330,20.260,20.330,1133820
2025-05-06 14:00:00,20.330,20.340,20.290,20.310,801080
2025-05-06 14:30:00,20.310,20.330,20.300,20.320,662097
2025-05-06 15:00:00,20.330,20.400,20.320,20.400,1876772
2025-05-07 10:00:00,20.600,20.660,20.360,20.380,3911600
2025-05-07 10:30:00,20.380,20.610,20.370,20.590,2537900
2025-05-07 11:00:00,20.590,20.730,20.580,20.600,2659266
2025-05-07 11:30:00,20.610,20.690,20.540,20.670,1092701
2025-05-07 13:30:00,20.670,21.110,20.520,20.970,6418623
2025-05-07 14:00:00,20.970,21.020,20.800,20.820,1232314
2025-05-07 14:30:00,20.810,20.920,20.810,20.920,1250733
2025-05-07 15:00:00,20.900,21.010,20.880,21.010,2920800
2025-05-08 10:00:00,20.800,20.950,20.780,20.880,3138830
2025-05-08 10:30:00,20.860,20.890,20.770,20.790,2210700
2025-05-08 11:00:00,20.800,20.840,20.730,20.760,1842479
2025-05-08 11:30:00,20.760,20.800,20.730,20.750,1338100
2025-05-08 13:30:00,20.760,20.770,20.660,20.680,2373700
2025-05-08 14:00:00,20.690,20.820,20.670,20.790,2035000
2025-05-08 14:30:00,20.790,20.920,20.780,20.840,2573782
2025-05-08 15:00:00,20.840,20.850,20.720,20.760,2686939
2025-05-09 10:00:00,20.750,20.950,20.710,20.890,3436960
2025-05-09 10:30:00,20.900,20.900,20.800,20.840,1000100
2025-05-09 11:00:00,20.840,20.870,20.700,20.760,1340690
2025-05-09 11:30:00,20.750,20.770,20.730,20.770,442399
2025-05-09 13:30:00,20.770,20.820,20.750,20.790,589000
2025-05-09 14:00:00,20.790,20.800,20.740,20.770,479400
2025-05-09 14:30:00,20.770,20.770,20.730,20.730,797700
2025-05-09 15:00:00,20.740,20.750,20.660,20.700,1958900
2025-05-12 10:00:00,20.750,21.090,20.750,20.890,2497876
2025-05-12 10:30:00,20.900,21.030,20.830,20.980,2217200
2025-05-12 11:00:00,20.980,20.990,20.900,20.910,603600
2025-05-12 11:30:00,20.910,20.950,20.810,20.810,1297200
2025-05-12 13:30:00,20.810,20.830,20.680,20.720,1734376
2025-05-12 14:00:00,20.720,20.910,20.710,20.850,1700000
2025-05-12 14:30:00,20.850,20.880,20.810,20.830,1099800
2025-05-12 15:00:00,20.840,20.860,20.830,20.850,1228679
2025-05-13 10:00:00,21.050,21.190,20.930,21.020,5431335
2025-05-13 10:30:00,21.020,21.230,21.010,21.110,4372930
2025-05-13 11:00:00,21.120,21.120,21.030,21.120,983059
2025-05-13 11:30:00,21.110,21.230,21.060,21.160,1707716
2025-05-13 13:30:00,21.150,21.290,21.140,21.250,2476009
2025-05-13 14:00:00,21.250,21.280,21.210,21.230,1039400
2025-05-13 14:30:00,21.230,21.250,21.140,21.160,1079432
2025-05-13 15:00:00,21.160,21.180,21.140,21.140,1591767
2025-05-14 10:00:00,21.110,21.110,20.880,20.900,3898369
2025-05-14 10:30:00,20.910,20.940,20.880,20.880,1402063
2025-05-14 11:00:00,20.880,20.900,20.860,20.890,1085331
2025-05-14 11:30:00,20.890,21.080,20.880,21.010,1423107
2025-05-14 13:30:00,21.030,21.100,21.010,21.060,874116
2025-05-14 14:00:00,21.050,21.150,21.000,21.090,1203218
2025-05-14 14:30:00,21.090,21.100,21.040,21.050,813400
2025-05-14 15:00:00,21.050,21.100,21.020,21.050,1278510
2025-05-15 10:00:00,21.000,21.110,20.930,20.950,1333503
2025-05-15 10:30:00,20.950,20.950,20.880,20.900,1178600
2025-05-15 11:00:00,20.900,20.920,20.850,20.850,860200
2025-05-15 11:30:00,20.860,20.860,20.800,20.810,831933
2025-05-15 13:30:00,20.810,20.820,20.760,20.790,1134367
2025-05-15 14:00:00,20.790,20.840,20.760,20.840,478000
2025-05-15 14:30:00,20.830,20.910,20.780,20.870,840938
2025-05-15 15:00:00,20.860,20.910,20.800,20.800,1194529
2025-05-16 10:00:00,20.770,20.850,20.600,20.690,2011400
2025-05-16 10:30:00,20.700,20.700,20.580,20.590,1592900
2025-05-16 11:00:00,20.600,20.660,20.590,20.630,568900
2025-05-16 11:30:00,20.620,20.650,20.600,20.630,530900
2025-05-16 13:30:00,20.640,20.710,20.610,20.670,667300
2025-05-16 14:00:00,20.660,20.700,20.650,20.670,283800
2025-05-16 14:30:00,20.660,20.680,20.630,20.660,578900
2025-05-16 15:00:00,20.650,20.730,20.650,20.730,1385789
2025-05-19 10:00:00,20.730,20.750,20.510,20.520,2177930
2025-05-19 10:30:00,20.520,20.550,20.450,20.510,1183432
2025-05-19 11:00:00,20.510,20.590,20.510,20.540,270100
2025-05-19 11:30:00,20.540,20.550,20.500,20.550,600985
2025-05-19 13:30:00,20.530,20.590,20.530,20.560,456500
2025-05-19 14:00:00,20.560,20.630,20.540,20.550,744500
2025-05-19 14:30:00,20.550,20.580,20.530,20.530,657200
2025-05-19 15:00:00,20.530,20.560,20.520,20.560,982493
2025-05-20 10:00:00,20.550,20.570,20.430,20.460,1921900
2025-05-20 10:30:00,20.460,20.480,20.430,20.440,1058800
2025-05-20 11:00:00,20.440,20.490,20.440,20.470,438100
2025-05-20 11:30:00,20.480,20.550,20.460,20.540,688763
2025-05-20 13:30:00,20.540,20.590,20.530,20.530,1051000
2025-05-20 14:00:00,20.530,20.540,20.470,20.470,1288800
2025-05-20 14:30:00,20.470,20.500,20.430,20.440,1897800
2025-05-20 15:00:00,20.440,20.470,20.430,20.450,1797600
2025-05-21 10:00:00,20.460,20.590,20.460,20.540,1813030
2025-05-21 10:30:00,20.550,20.590,20.500,20.560,995026
2025-05-21 11:00:00,20.570,20.580,20.490,20.500,857400
2025-05-21 11:30:00,20.500,20.510,20.480,20.500,502300
2025-05-21 13:30:00,20.500,20.510,20.470,20.470,949224
2025-05-21 14:00:00,20.470,20.500,20.450,20.470,1505500
2025-05-21 14:30:00,20.470,20.510,20.460,20.510,916200
2025-05-21 15:00:00,20.510,20.550,20.470,20.480,1318587
2025-05-22 10:00:00,20.410,20.460,20.250,20.320,2481900
2025-05-22 10:30:00,20.330,20.350,20.300,20.320,896400
2025-05-22 11:00:00,20.340,20.360,20.270,20.270,1459100
2025-05-22 11:30:00,20.270,20.300,20.260,20.280,744100
2025-05-22 13:30:00,20.290,20.300,20.240,20.240,940700
2025-05-22 14:00:00,20.250,20.360,20.220,20.340,1293046
2025-05-22 14:30:00,20.360,20.510,20.290,20.310,3297456
2025-05-22 15:00:00,20.330,20.370,20.310,20.360,1363072
2025-05-23 10:00:00,20.320,20.490,20.290,20.360,1682400
2025-05-23 10:30:00,20.380,20.530,20.370,20.440,2212744
2025-05-23 11:00:00,20.450,20.550,20.430,20.520,1230568
2025-05-23 11:30:00,20.510,20.590,20.510,20.560,1449320
2025-05-23 13:30:00,20.570,20.620,20.530,20.550,1313300
2025-05-23 14:00:00,20.550,20.550,20.480,20.500,621500
2025-05-23 14:30:00,20.500,20.500,20.430,20.460,1810100
2025-05-23 15:00:00,20.460,20.490,20.440,20.450,1639500
2025-05-26 10:00:00,20.450,20.890,20.430,20.780,5883831
2025-05-26 10:30:00,20.780,20.790,20.690,20.750,1431100
2025-05-26 11:00:00,20.750,20.760,20.610,20.630,1081500
2025-05-26 11:30:00,20.630,20.630,20.520,20.540,926800
2025-05-26 13:30:00,20.540,20.570,20.500,20.510,1155100
2025-05-26 14:00:00,20.510,20.590,20.500,20.570,874700
2025-05-26 14:30:00,20.570,20.610,20.550,20.570,933900
2025-05-26 15:00:00,20.580,20.700,20.570,20.640,1449654
2025-05-27 10:00:00,20.600,20.850,20.600,20.800,2957600
2025-05-27 10:30:00,20.800,20.800,20.670,20.670,875600
2025-05-27 11:00:00,20.680,20.700,20.640,20.660,512500
2025-05-27 11:30:00,20.650,20.670,20.620,20.640,411800
2025-05-27 13:30:00,20.630,20.690,20.630,20.650,243518
2025-05-27 14:00:00,20.660,20.850,20.660,20.830,1131030
2025-05-27 14:30:00,20.840,20.980,20.830,20.900,2903300
2025-05-27 15:00:00,20.890,20.940,20.860,20.890,2099355
2025-05-28 10:00:00,20.870,21.040,20.820,20.940,2697678
2025-05-28 10:30:00,20.940,20.980,20.860,20.880,1395612
2025-05-28 11:00:00,20.880,20.880,20.800,20.820,1138549
2025-05-28 11:30:00,20.830,20.860,20.800,20.840,603100
2025-05-28 13:30:00,20.840,20.930,20.830,20.920,849430
2025-05-28 14:00:00,20.920,20.930,20.870,20.880,738800
2025-05-28 14:30:00,20.870,20.870,20.790,20.840,907800
2025-05-28 15:00:00,20.850,20.860,20.760,20.860,1405428
2025-05-29 10:00:00,20.860,20.990,20.690,20.840,2657200
2025-05-29 10:30:00,20.840,20.910,20.810,20.890,1106400
2025-05-29 11:00:00,20.890,20.910,20.840,20.860,928400
2025-05-29 11:30:00,20.850,20.860,20.820,20.860,639700
2025-05-29 13:30:00,20.850,20.920,20.820,20.900,733100
2025-05-29 14:00:00,20.900,20.940,20.880,20.920,860909
2025-05-29 14:30:00,20.930,20.990,20.900,20.980,1734800
2025-05-29 15:00:00,20.980,21.100,20.960,21.050,4032485
2025-05-30 10:00:00,21.010,21.200,20.950,21.000,1702990
2025-05-30 10:30:00,21.000,21.020,20.920,20.950,1251700
2025-05-30 11:00:00,20.950,20.990,20.940,20.970,615200
2025-05-30 11:30:00,20.970,21.020,20.940,21.020,576800
2025-05-30 13:30:00,21.020,21.020,20.940,20.960,586849
2025-05-30 14:00:00,20.960,20.980,20.900,20.940,815800
2025-05-30 14:30:00,20.940,20.950,20.860,20.860,894700
2025-05-30 15:00:00,20.870,20.890,20.820,20.820,1483773
2025-06-03 10:00:00,20.790,20.840,20.660,20.720,2143500
2025-06-03 10:30:00,20.730,20.790,20.690,20.700,1393500
2025-06-03 11:00:00,20.700,20.740,20.690,20.710,575900
2025-06-03 11:30:00,20.710,20.770,20.700,20.730,493200
2025-06-03 13:30:00,20.730,20.840,20.730,20.750,1579200
2025-06-03 14:00:00,20.750,20.760,20.610,20.680,2956060
2025-06-03 14:30:00,20.660,20.720,20.660,20.710,776500
2025-06-03 15:00:00,20.710,20.750,20.690,20.720,1054060
2025-06-04 10:00:00,20.720,20.760,20.650,20.700,1491290
2025-06-04 10:30:00,20.690,20.760,20.670,20.730,880300
2025-06-04 11:00:00,20.750,20.750,20.700,20.710,444100
2025-06-04 11:30:00,20.710,20.750,20.700,20.730,475605
2025-06-04 13:30:00,20.730,20.820,20.690,20.820,1327695
2025-06-04 14:00:00,20.830,21.000,20.810,20.970,2250973
2025-06-04 14:30:00,20.980,21.230,20.970,21.220,4178155
2025-06-04 15:00:00,21.220,21.240,21.140,21.170,4640400
2025-06-05 10:00:00,21.080,21.390,21.080,21.300,3517096
2025-06-05 10:30:00,21.270,21.550,21.270,21.440,4897737
2025-06-05 11:00:00,21.450,21.450,21.300,21.330,1858300
2025-06-05 11:30:00,21.340,21.360,21.280,21.290,1116100
2025-06-05 13:30:00,21.290,21.330,21.190,21.210,1310900
2025-06-05 14:00:00,21.210,21.250,21.190,21.210,839000
2025-06-05 14:30:00,21.220,21.250,21.180,21.190,1073400
2025-06-05 15:00:00,21.200,21.260,21.190,21.230,1399008
2025-06-06 10:00:00,21.240,21.970,21.240,21.710,8847247
2025-06-06 10:30:00,21.710,21.900,21.690,21.880,3316363
2025-06-06 11:00:00,21.890,21.950,21.860,21.940,3422748
2025-06-06 11:30:00,21.950,21.950,21.860,21.870,1633900
2025-06-06 13:30:00,21.870,21.910,21.760,21.800,2722200
2025-06-06 14:00:00,21.800,21.870,21.790,21.820,1757200
2025-06-06 14:30:00,21.830,21.950,21.820,21.920,2726700
2025-06-06 15:00:00,21.920,21.940,21.880,21.900,3218292
2025-06-09 10:00:00,21.900,22.040,21.790,21.830,4969730
2025-06-09 10:30:00,21.820,21.870,21.750,21.760,1526400
2025-06-09 11:00:00,21.780,21.780,21.690,21.770,1157050
2025-06-09 11:30:00,21.760,21.800,21.730,21.790,527411
2025-06-09 13:30:00,21.790,21.830,21.750,21.760,1286500
2025-06-09 14:00:00,21.760,21.800,21.720,21.760,676130
2025-06-09 14:30:00,21.750,21.800,21.690,21.780,1484030
2025-06-09 15:00:00,21.780,21.810,21.740,21.760,1555040
2025-06-10 10:00:00,21.800,22.270,21.750,22.100,8588212
2025-06-10 10:30:00,22.070,22.330,22.020,22.200,6395854
2025-06-10 11:00:00,22.190,22.270,22.120,22.150,3628094
2025-06-10 11:30:00,22.160,22.190,22.060,22.140,2046100
2025-06-10 13:30:00,22.140,22.280,22.050,22.050,4091827
2025-06-10 14:00:00,22.060,22.220,22.040,22.140,3543603
2025-06-10 14:30:00,22.150,22.250,22.130,22.240,3163500
2025-06-10 15:00:00,22.250,22.270,22.160,22.200,2500200
2025-06-11 10:00:00,22.200,22.250,21.910,22.050,3267800
2025-06-11 10:30:00,22.050,22.140,22.000,22.090,2071100
2025-06-11 11:00:00,22.090,22.140,21.950,21.980,2527880
2025-06-11 11:30:00,21.970,22.020,21.930,21.950,2141474
2025-06-11 13:30:00,21.960,22.150,21.950,21.980,2079439
2025-06-11 14:00:00,21.980,22.170,21.970,22.140,2499800
2025-06-11 14:30:00,22.150,22.230,22.120,22.200,2639851
2025-06-11 15:00:00,22.190,22.210,22.100,22.140,2584079
2025-06-12 10:00:00,22.000,22.210,21.990,22.150,1921018
2025-06-12 10:30:00,22.150,22.180,22.000,22.050,1093700
2025-06-12 11:00:00,22.050,22.060,21.960,21.960,1437700
2025-06-12 11:30:00,21.970,22.000,21.880,21.990,2004980
2025-06-12 13:30:00,21.980,22.160,21.940,22.130,1463700
2025-06-12 14:00:00,22.140,22.270,22.130,22.240,2327900
2025-06-12 14:30:00,22.250,22.300,22.240,22.280,1626100
2025-06-12 15:00:00,22.270,22.350,22.260,22.280,1979112
2025-06-13 10:00:00,22.280,22.660,22.220,22.620,5035054
2025-06-13 10:30:00,22.620,22.670,22.540,22.610,4196160
2025-06-13 11:00:00,22.610,22.680,22.560,22.560,3401118
2025-06-13 11:30:00,22.560,22.620,22.550,22.570,2587600
2025-06-13 13:30:00,22.570,22.680,22.530,22.680,3163713
2025-06-13 14:00:00,22.680,22.730,22.640,22.730,2512366
2025-06-13 14:30:00,22.730,22.770,22.650,22.700,2258100
2025-06-13 15:00:00,22.700,22.720,22.620,22.650,2732208
2025-06-16 10:00:00,22.780,22.860,22.500,22.610,4563867
2025-06-16 10:30:00,22.610,22.650,22.470,22.490,1750700
2025-06-16 11:00:00,22.500,22.500,22.250,22.260,3488366
2025-06-16 11:30:00,22.260,22.390,22.250,22.350,938403
2025-06-16 13:30:00,22.350,22.380,22.180,22.210,1476686
2025-06-16 14:00:00,22.210,22.220,22.060,22.130,2049420
2025-06-16 14:30:00,22.130,22.220,22.110,22.200,1389428
2025-06-16 15:00:00,22.200,22.210,22.100,22.150,1692745
2025-06-17 10:00:00,22.170,22.630,22.160,22.270,4799729
2025-06-17 10:30:00,22.260,22.410,22.250,22.410,1296810
2025-06-17 11:00:00,22.400,22.450,22.360,22.400,1360200
2025-06-17 11:30:00,22.400,22.420,22.320,22.330,1019899
2025-06-17 13:30:00,22.330,22.470,22.320,22.400,1422918
2025-06-17 14:00:00,22.400,22.420,22.330,22.380,1307000
2025-06-17 14:30:00,22.380,22.390,22.330,22.340,1201600
2025-06-17 15:00:00,22.350,22.400,22.340,22.380,2627062
2025-06-18 10:00:00,22.390,22.450,22.200,22.230,1559965
2025-06-18 10:30:00,22.240,22.270,22.030,22.080,1674600
2025-06-18 11:00:00,22.060,22.130,22.000,22.010,1159100
2025-06-18 11:30:00,22.010,22.060,21.980,22.040,1053965
2025-06-18 13:30:00,22.040,22.070,21.980,21.990,871640
2025-06-18 14:00:00,21.990,22.010,21.930,21.950,994825
2025-06-18 14:30:00,21.960,22.130,21.950,22.120,1156700
2025-06-18 15:00:00,22.120,22.160,22.080,22.090,1622300
2025-06-19 10:00:00,22.060,22.280,21.970,22.050,1199430
2025-06-19 10:30:00,22.050,22.080,21.890,21.950,1550800
2025-06-19 11:00:00,21.950,22.030,21.900,22.000,854600
2025-06-19 11:30:00,22.010,22.030,21.880,21.880,746468
2025-06-19 13:30:00,21.880,21.930,21.700,21.880,2330773
2025-06-19 14:00:00,21.880,21.970,21.870,21.900,1065550
2025-06-19 14:30:00,21.910,22.040,21.870,21.990,1282200
2025-06-19 15:00:00,22.000,22.070,21.960,22.020,1948260
2025-06-20 10:00:00,22.060,22.090,21.960,22.010,1038931
2025-06-20 10:30:00,22.030,22.060,21.940,21.980,577028
2025-06-20 11:00:00,21.980,22.060,21.940,21.970,576924
2025-06-20 11:30:00,21.960,21.990,21.950,21.970,321225
2025-06-20 13:30:00,21.980,22.030,21.850,21.880,873100
2025-06-20 14:00:00,21.880,21.910,21.810,21.830,740900
2025-06-20 14:30:00,21.840,21.870,21.800,21.860,580030
2025-06-20 15:00:00,21.860,21.870,21.810,21.840,925726
2025-06-23 10:00:00,21.810,22.090,21.750,21.780,1926500
2025-06-23 10:30:00,21.780,21.830,21.710,21.740,760100
2025-06-23 11:00:00,21.740,21.770,21.680,21.740,746700
2025-06-23 11:30:00,21.740,21.770,21.700,21.750,388700
2025-06-23 13:30:00,21.750,21.790,21.720,21.770,837800
2025-06-23 14:00:00,21.770,21.860,21.730,21.800,1029873
2025-06-23 14:30:00,21.810,21.860,21.770,21.790,1135002
2025-06-23 15:00:00,21.790,21.830,21.780,21.780,1026600
2025-06-24 10:00:00,21.750,21.900,21.620,21.860,2129530
2025-06-24 10:30:00,21.860,21.970,21.830,21.960,1718700
2025-06-24 11:00:00,21.960,21.960,21.910,21.920,908600
2025-06-24 11:30:00,21.920,21.920,21.810,21.910,1071200
2025-06-24 13:30:00,21.910,21.960,21.860,21.870,1085100
2025-06-24 14:00:00,21.860,21.960,21.850,21.950,1142503
2025-06-24 14:30:00,21.940,21.950,21.900,21.930,919100
2025-06-24 15:00:00,21.930,21.960,21.880,21.910,2039417
2025-06-25 10:00:00,21.900,21.950,21.610,21.620,2867300
2025-06-25 10:30:00,21.620,21.720,21.600,21.620,1316500
2025-06-25 11:00:00,21.610,21.700,21.590,21.690,1358500
2025-06-25 11:30:00,21.700,21.740,21.680,21.680,438800
2025-06-25 13:30:00,21.700,21.750,21.610,21.740,911560
2025-06-25 14:00:00,21.740,21.830,21.680,21.790,1108200
2025-06-25 14:30:00,21.790,21.830,21.700,21.770,1337600
2025-06-25 15:00:00,21.770,21.800,21.720,21.780,1887860
2025-06-26 10:00:00,21.750,21.760,21.620,21.650,1636818
2025-06-26 10:30:00,21.650,21.780,21.630,21.760,1420296
2025-06-26 11:00:00,21.770,21.820,21.730,21.810,913300
2025-06-26 11:30:00,21.810,21.850,21.760,21.770,899400
2025-06-26 13:30:00,21.770,21.790,21.730,21.750,979200
2025-06-26 14:00:00,21.750,21.760,21.650,21.660,1166000
2025-06-26 14:30:00,21.660,21.700,21.650,21.670,815400
2025-06-26 15:00:00,21.670,21.690,21.650,21.650,1132832
2025-06-27 10:00:00,21.710,21.770,21.610,21.680,1286195
2025-06-27 10:30:00,21.680,21.810,21.670,21.760,1194800
2025-06-27 11:00:00,21.760,21.860,21.730,21.820,816000
2025-06-27 11:30:00,21.830,21.990,21.820,21.920,1360820
2025-06-27 13:30:00,21.920,22.020,21.810,21.830,1328600
2025-06-27 14:00:00,21.820,21.850,21.740,21.740,885887
2025-06-27 14:30:00,21.740,21.760,21.710,21.730,929096
2025-06-27 15:00:00,21.730,21.750,21.710,21.710,1144289
2025-06-30 10:00:00,21.480,21.670,21.400,21.430,1445796
2025-06-30 10:30:00,21.430,21.450,21.330,21.350,921500
2025-06-30 11:00:00,21.340,21.360,21.310,21.320,582700
2025-06-30 11:30:00,21.320,21.410,21.320,21.380,426100
2025-06-30 13:30:00,21.390,21.590,21.390,21.550,798612
2025-06-30 14:00:00,21.560,21.670,21.540,21.630,953600
2025-06-30 14:30:00,21.630,21.660,21.570,21.640,642600
2025-06-30 15:00:00,21.640,21.670,21.570,21.670,1126089
2025-07-01 10:00:00,21.700,21.760,21.470,21.540,1293710
2025-07-01 10:30:00,21.550,21.610,21.480,21.610,623230
2025-07-01 11:00:00,21.590,21.620,21.500,21.590,473070
2025-07-01 11:30:00,21.600,21.630,21.520,21.570,540800
2025-07-01 13:30:00,21.570,21.620,21.560,21.590,479900
2025-07-01 14:00:00,21.590,21.660,21.570,21.630,1006700
2025-07-01 14:30:00,21.640,21.650,21.580,21.600,1082000
2025-07-01 15:00:00,21.600,21.610,21.550,21.580,1238790
2025-07-02 10:00:00,21.530,21.960,21.530,21.690,2196920
2025-07-02 10:30:00,21.700,21.720,21.650,21.680,452300
2025-07-02 11:00:00,21.680,21.800,21.640,21.760,560600
2025-07-02 11:30:00,21.760,21.760,21.640,21.670,408078
2025-07-02 13:30:00,21.680,21.760,21.640,21.650,807747
2025-07-02 14:00:00,21.660,21.720,21.650,21.700,555440
2025-07-02 14:30:00,21.690,21.770,21.680,21.730,975596
2025-07-02 15:00:00,21.730,21.770,21.700,21.740,1773297
2025-07-03 10:00:00,21.710,22.080,21.680,22.020,2515786
2025-07-03 10:30:00,22.030,22.150,22.010,22.010,1783300
2025-07-03 11:00:00,22.010,22.020,21.910,22.000,823625
2025-07-03 11:30:00,22.000,22.080,21.990,22.040,513400
2025-07-03 13:30:00,22.040,22.060,21.940,22.020,646400
2025-07-03 14:00:00,22.000,22.130,21.990,22.110,1570085
2025-07-03 14:30:00,22.110,22.150,22.010,22.040,1018600
2025-07-03 15:00:00,22.040,22.080,22.020,22.080,649391
2025-07-04 10:00:00,22.030,22.080,21.820,21.930,1536856
2025-07-04 10:30:00,21.930,21.980,21.800,21.850,722426
2025-07-04 11:00:00,21.850,22.000,21.800,21.880,735819
2025-07-04 11:30:00,21.880,22.000,21.830,21.840,431881
2025-07-04 13:30:00,21.850,21.910,21.790,21.850,1598100
2025-07-04 14:00:00,21.850,21.860,21.750,21.750,1116000
2025-07-04 14:30:00,21.750,21.750,21.670,21.700,1070740
2025-07-04 15:00:00,21.700,21.720,21.610,21.630,1588706
2025-07-07 10:00:00,21.630,21.760,21.570,21.580,1394615
2025-07-07 10:30:00,21.580,21.610,21.520,21.590,663000
2025-07-07 11:00:00,21.580,21.590,21.530,21.540,600200
2025-07-07 11:30:00,21.530,21.580,21.520,21.540,419172
2025-07-07 13:30:00,21.550,21.630,21.530,21.580,442601
2025-07-07 14:00:00,21.590,21.670,21.590,21.610,341430
2025-07-07 14:30:00,21.610,21.620,21.580,21.600,439450
2025-07-07 15:00:00,21.600,21.670,21.600,21.630,540300
2025-07-08 10:00:00,21.680,21.760,21.600,21.690,1008879
2025-07-08 10:30:00,21.690,21.820,21.650,21.680,1383100
2025-07-08 11:00:00,21.670,21.700,21.630,21.690,494200
2025-07-08 11:30:00,21.690,21.790,21.690,21.740,1003300
2025-07-08 13:30:00,21.750,21.850,21.740,21.810,1044300
2025-07-08 14:00:00,21.810,21.810,21.730,21.780,727630
2025-07-08 14:30:00,21.770,21.800,21.750,21.760,441114
2025-07-08 15:00:00,21.760,21.760,21.640,21.670,1232313
2025-07-09 10:00:00,21.700,21.770,21.560,21.590,2398130
2025-07-09 10:30:00,21.590,21.640,21.540,21.630,1112600
2025-07-09 11:00:00,21.620,21.630,21.530,21.540,962400
2025-07-09 11:30:00,21.530,21.540,21.420,21.440,1834384
2025-07-09 13:30:00,21.450,21.460,21.350,21.440,1306316
2025-07-09 14:00:00,21.430,21.490,21.410,21.490,808600
2025-07-09 14:30:00,21.490,21.500,21.350,21.380,1921100
2025-07-09 15:00:00,21.380,21.400,21.270,21.270,2068017
2025-07-10 10:00:00,21.270,21.440,21.220,21.270,1395900
2025-07-10 10:30:00,21.270,21.460,21.240,21.460,1350600
2025-07-10 11:00:00,21.460,21.530,21.270,21.280,3118265
2025-07-10 11:30:00,21.290,21.330,21.210,21.250,2275465
2025-07-10 13:30:00,21.280,21.320,21.230,21.300,2549550
2025-07-10 14:00:00,21.300,21.450,21.260,21.450,2446300
2025-07-10 14:30:00,21.420,21.640,21.410,21.510,4679617
2025-07-10 15:00:00,21.510,21.570,21.490,21.510,3144271
2025-07-11 10:00:00,21.500,21.570,21.360,21.390,1678900
2025-07-11 10:30:00,21.390,21.440,21.310,21.370,2297132
2025-07-11 11:00:00,21.370,21.510,21.360,21.430,1219100
2025-07-11 11:30:00,21.440,21.540,21.350,21.530,1947300
2025-07-11 13:30:00,21.540,21.560,21.400,21.400,1555800
2025-07-11 14:00:00,21.410,21.420,21.350,21.400,1983500
2025-07-11 14:30:00,21.380,21.410,21.350,21.380,1510600
2025-07-11 15:00:00,21.380,21.380,21.300,21.300,3936713
2025-07-14 10:00:00,21.330,21.590,21.290,21.470,4158100
2025-07-14 10:30:00,21.450,21.500,21.300,21.310,1964700
2025-07-14 11:00:00,21.310,21.450,21.210,21.380,5547100
2025-07-14 11:30:00,21.380,21.400,21.300,21.340,1736100
2025-07-14 13:30:00,21.340,21.480,21.340,21.450,2019390
2025-07-14 14:00:00,21.450,21.560,21.420,21.520,2554559
2025-07-14 14:30:00,21.530,21.560,21.480,21.540,1642100
2025-07-14 15:00:00,21.540,21.540,21.410,21.420,1715595
2025-07-15 10:00:00,21.370,21.630,21.360,21.510,2624200
2025-07-15 10:30:00,21.510,21.570,21.310,21.320,2931400
2025-07-15 11:00:00,21.320,21.430,21.300,21.410,1861500
2025-07-15 11:30:00,21.400,21.450,21.350,21.390,1653900
2025-07-15 13:30:00,21.390,21.430,21.350,21.420,781743
2025-07-15 14:00:00,21.420,21.490,21.400,21.410,650300
2025-07-15 14:30:00,21.420,21.440,21.390,21.410,500700
2025-07-15 15:00:00,21.410,21.420,21.330,21.360,1791758
2025-07-16 10:00:00,21.360,21.450,21.270,21.380,2950200
2025-07-16 10:30:00,21.390,21.410,21.280,21.340,1374200
2025-07-16 11:00:00,21.350,21.440,21.330,21.360,592700
2025-07-16 11:30:00,21.360,21.390,21.340,21.350,513200
2025-07-16 13:30:00,21.370,21.370,21.220,21.240,1943100
2025-07-16 14:00:00,21.250,21.250,21.200,21.220,1627400
2025-07-16 14:30:00,21.210,21.250,21.200,21.210,1105300
2025-07-16 15:00:00,21.220,21.240,21.200,21.230,1408985
2025-07-17 10:00:00,21.220,21.280,21.210,21.250,886300
2025-07-17 10:30:00,21.230,21.250,21.150,21.190,881300
2025-07-17 11:00:00,21.180,21.200,21.110,21.120,1173600
2025-07-17 11:30:00,21.120,21.150,21.120,21.130,355100
2025-07-17 13:30:00,21.140,21.150,21.050,21.100,1544700
2025-07-17 14:00:00,21.100,21.150,21.090,21.130,691700
2025-07-17 14:30:00,21.130,21.150,21.110,21.120,1085810
2025-07-17 15:00:00,21.120,21.130,21.080,21.130,1956761
2025-07-18 10:00:00,21.130,21.480,21.130,21.430,5505285
2025-07-18 10:30:00,21.430,21.970,21.420,21.850,10681700
2025-07-18 11:00:00,21.850,21.950,21.700,21.900,3389150
2025-07-18 11:30:00,21.900,22.060,21.880,21.940,4675088
2025-07-18 13:30:00,21.960,22.080,21.810,22.000,4398907
2025-07-18 14:00:00,22.000,22.150,21.960,22.050,3322861
2025-07-18 14:30:00,22.050,22.150,22.040,22.150,2972356
2025-07-18 15:00:00,22.150,22.250,22.060,22.200,5426606
2025-07-21 10:00:00,22.530,23.580,22.530,23.190,31625102
2025-07-21 10:30:00,23.190,23.600,23.190,23.580,11323170
2025-07-21 11:00:00,23.560,23.640,23.360,23.430,7054700
2025-07-21 11:30:00,23.430,23.520,23.300,23.450,4066845
2025-07-21 13:30:00,23.440,23.480,23.170,23.200,4266055
2025-07-21 14:00:00,23.190,23.250,23.100,23.130,4321615
2025-07-21 14:30:00,23.130,23.260,23.120,23.250,3572668
2025-07-21 15:00:00,23.240,23.300,23.190,23.300,4267121
2025-07-22 10:00:00,23.250,23.420,23.160,23.360,5255560
2025-07-22 10:30:00,23.360,23.460,23.320,23.400,3566466
2025-07-22 11:00:00,23.410,23.990,23.400,23.900,8281740
2025-07-22 11:30:00,23.900,24.170,23.900,23.930,4954870
2025-07-22 13:30:00,23.940,24.050,23.700,23.710,5630214
2025-07-22 14:00:00,23.710,24.080,23.710,24.040,4775833
2025-07-22 14:30:00,24.040,24.070,23.910,23.950,3780991
2025-07-22 15:00:00,23.950,24.040,23.890,24.030,6698022
2025-07-23 10:00:00,23.880,24.420,23.800,24.270,13876272
2025-07-23 10:30:00,24.280,24.370,24.110,24.240,4699028
2025-07-23 11:00:00,24.250,24.300,24.000,24.060,3896889
2025-07-23 11:30:00,24.050,24.120,23.990,24.080,3012179
2025-07-23 13:30:00,24.090,24.290,24.000,24.280,3053820
2025-07-23 14:00:00,24.280,24.280,24.110,24.140,1706251
2025-07-23 14:30:00,24.140,24.170,24.030,24.110,2775169
2025-07-23 15:00:00,24.120,24.160,24.020,24.100,2623023
2025-07-24 10:00:00,24.050,24.120,23.800,23.820,5096333
2025-07-24 10:30:00,23.820,23.880,23.680,23.730,2696500
2025-07-24 11:00:00,23.750,23.800,23.590,23.610,3531688
2025-07-24 11:30:00,23.620,23.720,23.510,23.690,4095272
2025-07-24 13:30:00,23.700,24.000,23.680,23.950,3709120
2025-07-24 14:00:00,23.960,23.970,23.800,23.810,2437900
2025-07-24 14:30:00,23.830,23.900,23.760,23.870,2177494
2025-07-24 15:00:00,23.870,23.900,23.780,23.890,2607366
2025-07-25 10:00:00,24.000,24.880,23.880,24.510,11805086
2025-07-25 10:30:00,24.510,24.520,24.320,24.410,2927400
2025-07-25 11:00:00,24.400,24.630,24.370,24.490,2792897
2025-07-25 11:30:00,24.480,24.550,24.450,24.520,3063870
2025-07-25 13:30:00,24.510,24.520,24.250,24.360,2833730
2025-07-25 14:00:00,24.360,24.400,24.290,24.320,2538570
2025-07-25 14:30:00,24.320,24.350,24.170,24.250,2154065
2025-07-25 15:00:00,24.240,24.320,24.000,24.050,6020200
2025-07-28 10:00:00,23.950,24.100,23.480,23.850,9369200
2025-07-28 10:30:00,23.880,24.100,23.820,24.020,3458900
2025-07-28 11:00:00,24.020,24.050,23.870,23.940,2468600
2025-07-28 11:30:00,23.950,24.000,23.660,23.760,2113700
2025-07-28 13:30:00,23.760,23.930,23.670,23.890,2059900
2025-07-28 14:00:00,23.890,24.230,23.850,24.020,4098070
2025-07-28 14:30:00,24.020,24.150,23.990,24.130,3769200
2025-07-28 15:00:00,24.130,24.310,24.080,24.090,4532939
2025-07-29 10:00:00,24.010,24.480,23.700,23.760,3557830
2025-07-29 10:30:00,23.760,23.770,23.590,23.650,2122500
2025-07-29 11:00:00,23.640,23.920,23.510,23.840,3527433
2025-07-29 11:30:00,23.870,24.050,23.830,23.900,3059939
2025-07-29 13:30:00,23.900,24.140,23.850,24.020,3009500
2025-07-29 14:00:00,24.010,24.130,23.880,23.900,3294100
2025-07-29 14:30:00,23.900,24.200,23.890,24.170,3799100
2025-07-29 15:00:00,24.150,24.250,24.110,24.160,3173458
2025-07-30 10:00:00,24.230,25.470,24.230,25.140,15850956
2025-07-30 10:30:00,25.140,25.200,24.960,25.150,4429200
2025-07-30 11:00:00,25.150,25.330,25.100,25.260,3561500
2025-07-30 11:30:00,25.260,25.310,25.140,25.200,2140530
2025-07-30 13:30:00,25.210,25.270,25.010,25.140,2659730
2025-07-30 14:00:00,25.120,25.170,24.960,24.990,3156766
2025-07-30 14:30:00,25.000,25.020,24.920,24.990,3699400
2025-07-30 15:00:00,24.980,25.010,24.810,24.880,3311392
2025-07-31 10:00:00,24.800,24.870,24.040,24.060,5656034
2025-07-31 10:30:00,24.060,24.290,23.930,23.960,3282900
2025-07-31 11:00:00,23.960,24.050,23.910,24.040,2191580
2025-07-31 11:30:00,24.040,24.140,24.000,24.090,1532702
2025-07-31 13:30:00,24.090,24.230,23.980,24.080,2053909
2025-07-31 14:00:00,24.070,24.080,23.940,24.010,2042555
2025-07-31 14:30:00,24.010,24.010,23.850,23.860,2397200
2025-07-31 15:00:00,23.860,23.980,23.810,23.980,3211900
2025-08-01 10:00:00,23.910,24.150,23.720,23.860,3384700
2025-08-01 10:30:00,23.860,24.000,23.810,23.860,1300250
2025-08-01 11:00:00,23.870,23.950,23.710,23.860,1683860
2025-08-01 11:30:00,23.860,23.970,23.840,23.920,1008200
2025-08-01 13:30:00,23.910,24.080,23.820,23.860,1608634
2025-08-01 14:00:00,23.840,23.940,23.830,23.880,1312400
2025-08-01 14:30:00,23.870,23.910,23.800,23.860,1191800
2025-08-01 15:00:00,23.850,23.890,23.800,23.840,1375077
2025-08-04 10:00:00,23.750,23.930,23.460,23.580,2216130
2025-08-04 10:30:00,23.580,23.640,23.390,23.530,1870800
2025-08-04 11:00:00,23.520,23.570,23.370,23.460,1192300
2025-08-04 11:30:00,23.450,23.690,23.440,23.610,992500
2025-08-04 13:30:00,23.610,23.630,23.350,23.420,2324330
2025-08-04 14:00:00,23.440,23.540,23.400,23.460,1165300
2025-08-04 14:30:00,23.460,23.490,23.430,23.460,1911549
2025-08-04 15:00:00,23.460,23.490,23.400,23.480,2183522
2025-08-05 10:00:00,23.520,23.710,23.400,23.530,2030350
2025-08-05 10:30:00,23.530,23.680,23.460,23.510,1491400
2025-08-05 11:00:00,23.520,23.600,23.500,23.570,606159
2025-08-05 11:30:00,23.570,23.740,23.530,23.670,1217500
2025-08-05 13:30:00,23.670,23.730,23.560,23.590,738400
2025-08-05 14:00:00,23.590,23.600,23.450,23.540,855800
2025-08-05 14:30:00,23.530,23.670,23.510,23.580,1191300
2025-08-05 15:00:00,23.580,23.600,23.500,23.580,1357331
2025-08-06 10:00:00,23.700,23.870,23.600,23.800,3673000
2025-08-06 10:30:00,23.790,23.910,23.740,23.840,1356100
2025-08-06 11:00:00,23.820,24.100,23.800,24.090,2173900
2025-08-06 11:30:00,24.090,24.110,23.900,23.900,1216800
2025-08-06 13:30:00,23.910,23.920,23.690,23.700,1579000
2025-08-06 14:00:00,23.700,23.810,23.680,23.700,1091300
2025-08-06 14:30:00,23.690,23.800,23.660,23.680,1220500
2025-08-06 15:00:00,23.670,23.730,23.600,23.680,1953569
2025-08-07 10:00:00,23.850,24.050,23.680,23.700,3544543
2025-08-07 10:30:00,23.700,23.710,23.430,23.430,1912202
2025-08-07 11:00:00,23.430,23.510,23.410,23.470,1114000
2025-08-07 11:30:00,23.470,23.800,23.460,23.600,1026600
2025-08-07 13:30:00,23.610,23.690,23.400,23.490,2812727
2025-08-07 14:00:00,23.480,23.940,23.480,23.660,943049
2025-08-07 14:30:00,23.670,23.710,23.610,23.690,1122000
2025-08-07 15:00:00,23.690,23.790,23.650,23.710,1939184
2025-08-08 10:00:00,23.850,24.030,23.580,23.610,2286374
2025-08-08 10:30:00,23.610,23.750,23.570,23.740,1135920
2025-08-08 11:00:00,23.730,23.850,23.700,23.790,799200
2025-08-08 11:30:00,23.780,23.830,23.730,23.820,568095
2025-08-08 13:30:00,23.820,24.000,23.810,23.860,1295728
2025-08-08 14:00:00,23.850,23.860,23.770,23.780,911400
2025-08-08 14:30:00,23.780,23.850,23.750,23.780,779100
2025-08-08 15:00:00,23.780,23.850,23.750,23.820,1269974
2025-08-11 10:00:00,23.830,24.000,23.610,23.950,5618871
2025-08-11 10:30:00,23.950,24.290,23.910,24.290,3568525
2025-08-11 11:00:00,24.280,24.430,24.200,24.390,2456100
2025-08-11 11:30:00,24.400,24.450,24.310,24.360,1943400
2025-08-11 13:30:00,24.370,24.420,24.160,24.230,1707100
2025-08-11 14:00:00,24.240,24.390,24.220,24.370,1560260
2025-08-11 14:30:00,24.370,24.400,24.250,24.380,2575240
2025-08-11 15:00:00,24.380,24.400,24.190,24.250,2888460
2025-08-12 10:00:00,24.200,24.620,24.110,24.560,3987200
2025-08-12 10:30:00,24.560,24.800,24.560,24.750,4073890
2025-08-12 11:00:00,24.740,24.760,24.610,24.650,1945000
2025-08-12 11:30:00,24.640,24.820,24.640,24.810,2076094
2025-08-12 13:30:00,24.820,25.040,24.800,24.890,3370200
2025-08-12 14:00:00,24.890,24.960,24.780,24.830,1991700
2025-08-12 14:30:00,24.840,24.860,24.710,24.750,1611999
2025-08-12 15:00:00,24.750,24.750,24.570,24.630,2566741
2025-08-13 10:00:00,24.680,24.950,24.290,24.330,3369912
2025-08-13 10:30:00,24.340,24.380,24.000,24.060,3547088
2025-08-13 11:00:00,24.060,24.240,24.040,24.200,1799560
2025-08-13 11:30:00,24.190,24.340,24.180,24.330,1366500
2025-08-13 13:30:00,24.330,24.520,24.260,24.430,1648500
2025-08-13 14:00:00,24.430,24.610,24.380,24.400,1462700
2025-08-13 14:30:00,24.400,24.500,24.230,24.240,2031579
2025-08-13 15:00:00,24.230,24.350,24.230,24.280,1499192
2025-08-14 10:00:00,24.250,24.370,24.070,24.270,2393310
2025-08-14 10:30:00,24.270,24.330,24.200,24.280,1605076
2025-08-14 11:00:00,24.280,24.360,24.230,24.350,1516998
2025-08-14 11:30:00,24.350,24.530,24.330,24.440,1828861
2025-08-14 13:30:00,24.430,24.470,24.280,24.360,1943452
2025-08-14 14:00:00,24.360,24.480,24.340,24.460,1377400
2025-08-14 14:30:00,24.460,24.800,24.450,24.800,3637505
2025-08-14 15:00:00,24.800,24.900,24.680,24.700,3110290
2025-08-15 10:00:00,24.610,24.870,24.440,24.780,2768413
2025-08-15 10:30:00,24.760,24.940,24.750,24.830,1959500
2025-08-15 11:00:00,24.830,24.920,24.760,24.810,1183565
2025-08-15 11:30:00,24.810,24.950,24.800,24.900,1060501
2025-08-15 13:30:00,24.910,25.070,24.660,24.990,3737356
2025-08-15 14:00:00,24.980,24.990,24.800,24.800,1749800
2025-08-15 14:30:00,24.810,24.850,24.600,24.620,2007900
2025-08-15 15:00:00,24.620,24.690,24.460,24.460,3279143
2025-08-18 10:00:00,24.550,24.650,24.130,24.380,5506611
2025-08-18 10:30:00,24.380,24.480,24.220,24.250,2225166
2025-08-18 11:00:00,24.250,24.430,24.160,24.170,3714441
2025-08-18 11:30:00,24.170,24.340,24.170,24.230,1458181
2025-08-18 13:30:00,24.250,24.420,24.230,24.380,2531906
2025-08-18 14:00:00,24.380,24.420,24.230,24.260,2459385
2025-08-18 14:30:00,24.260,24.300,24.200,24.210,1346400
2025-08-18 15:00:00,24.220,24.260,24.020,24.020,5065694
2025-08-19 10:00:00,24.060,24.300,23.900,23.970,3136505
2025-08-19 10:30:00,23.970,23.980,23.850,23.870,1535434
2025-08-19 11:00:00,23.870,23.950,23.760,23.800,1863178
2025-08-19 11:30:00,23.800,23.880,23.740,23.780,1895368
2025-08-19 13:30:00,23.790,23.880,23.630,23.640,2448130
2025-08-19 14:00:00,23.630,23.650,23.510,23.590,3454900
2025-08-19 14:30:00,23.590,23.670,23.530,23.580,2843236
2025-08-19 15:00:00,23.580,23.630,23.490,23.490,4058390
2025-08-20 10:00:00,23.500,23.980,23.500,23.790,5343033
2025-08-20 10:30:00,23.790,23.840,23.500,23.540,2341330
2025-08-20 11:00:00,23.550,23.640,23.530,23.570,1410100
2025-08-20 11:30:00,23.570,23.630,23.420,23.510,1958916
2025-08-20 13:30:00,23.530,23.620,23.300,23.600,4320900
2025-08-20 14:00:00,23.600,23.700,23.440,23.680,3031484
2025-08-20 14:30:00,23.680,23.960,23.670,23.880,3112394
2025-08-20 15:00:00,23.880,23.970,23.790,23.960,2917784
2025-08-21 10:00:00,24.200,24.990,23.860,24.800,14529792
2025-08-21 10:30:00,24.820,25.070,24.700,25.030,6957143
2025-08-21 11:00:00,25.030,25.190,24.970,25.100,4522351
2025-08-21 11:30:00,25.100,25.130,24.810,24.880,1833800
2025-08-21 13:30:00,24.870,24.890,24.620,24.880,3640200
2025-08-21 14:00:00,24.880,24.950,24.590,24.680,1694360
2025-08-21 14:30:00,24.680,24.770,24.610,24.660,1449900
2025-08-21 15:00:00,24.650,24.700,24.580,24.680,2412200
2025-08-22 10:00:00,24.550,24.680,24.380,24.510,3647935
2025-08-22 10:30:00,24.510,24.630,24.450,24.580,1323940
2025-08-22 11:00:00,24.580,24.950,24.560,24.890,2875523
2025-08-22 11:30:00,24.870,24.980,24.820,24.860,2045800
2025-08-22 13:30:00,24.850,24.870,24.650,24.660,1103750
2025-08-22 14:00:00,24.660,24.800,24.650,24.750,808800
2025-08-22 14:30:00,24.730,24.780,24.680,24.750,1124530
2025-08-22 15:00:00,24.750,24.780,24.710,24.780,2037449
2025-08-25 10:00:00,24.790,25.650,24.790,25.550,10829912
2025-08-25 10:30:00,25.540,25.970,25.500,25.970,6186929
2025-08-25 11:00:00,25.970,26.070,25.740,25.910,5043360
2025-08-25 11:30:00,25.920,26.030,25.730,25.950,3325300
2025-08-25 13:30:00,25.940,25.940,25.720,25.830,2439200
2025-08-25 14:00:00,25.810,25.890,25.760,25.830,1869530
2025-08-25 14:30:00,25.830,25.990,25.820,25.960,2142581
2025-08-25 15:00:00,25.960,26.230,25.910,26.060,6524094
2025-08-26 10:00:00,26.050,26.500,25.810,26.310,6502000
2025-08-26 10:30:00,26.330,27.070,26.280,26.890,9740220
2025-08-26 11:00:00,26.890,27.100,26.770,27.000,5785519
2025-08-26 11:30:00,27.000,27.100,26.890,27.010,3072568
2025-08-26 13:30:00,27.000,27.100,26.850,27.060,2843839
2025-08-26 14:00:00,27.070,27.100,26.960,27.090,2945490
2025-08-26 14:30:00,27.080,27.200,27.010,27.150,3422343
2025-08-26 15:00:00,27.160,27.190,26.630,26.660,4763881
2025-08-27 10:00:00,26.660,26.840,26.330,26.420,7301747
2025-08-27 10:30:00,26.410,26.780,26.360,26.730,4130790
2025-08-27 11:00:00,26.720,26.880,26.600,26.860,2812988
2025-08-27 11:30:00,26.860,27.050,26.850,26.950,2658200
2025-08-27 13:30:00,26.940,26.950,26.710,26.740,2444820
2025-08-27 14:00:00,26.730,26.830,26.410,26.450,3889720
2025-08-27 14:30:00,26.450,26.640,26.420,26.490,3070020
2025-08-27 15:00:00,26.490,26.660,26.350,26.400,2631070
2025-08-28 10:00:00,26.380,27.050,26.250,26.870,6153784
2025-08-28 10:30:00,26.830,26.950,26.650,26.810,2652640
2025-08-28 11:00:00,26.810,27.100,26.790,27.100,2444224
2025-08-28 11:30:00,27.090,27.120,26.710,26.750,1930426
2025-08-28 13:30:00,26.740,26.800,26.100,26.160,3080600
2025-08-28 14:00:00,26.160,26.360,26.080,26.310,2532200
2025-08-28 14:30:00,26.300,26.490,26.250,26.390,2200700
2025-08-28 15:00:00,26.390,26.830,26.360,26.750,2596915
2025-08-29 10:00:00,26.740,27.100,26.600,27.060,4299115
2025-08-29 10:30:00,27.050,27.290,26.950,27.220,3641866
2025-08-29 11:00:00,27.210,27.210,26.950,27.000,1530200
2025-08-29 11:30:00,27.000,27.190,26.950,27.000,1881387
2025-08-29 13:30:00,27.000,27.170,26.970,27.090,1776000
2025-08-29 14:00:00,27.090,27.500,27.050,27.450,4389552
2025-08-29 14:30:00,27.450,27.480,27.100,27.340,2487166
2025-08-29 15:00:00,27.350,27.450,27.280,27.430,2208393
2025-09-01 10:00:00,27.210,27.660,27.130,27.280,4972514
2025-09-01 10:30:00,27.280,28.250,27.280,28.120,8928344
2025-09-01 11:00:00,28.120,28.240,27.710,27.880,3671629
2025-09-01 11:30:00,27.870,27.990,27.670,27.860,2158800
2025-09-01 13:30:00,27.860,28.000,27.690,27.850,1683900
2025-09-01 14:00:00,27.850,27.980,27.710,27.920,2079700
2025-09-01 14:30:00,27.920,28.000,27.780,27.970,1197300
2025-09-01 15:00:00,27.970,28.130,27.950,27.990,2244206
2025-09-02 10:00:00,27.900,28.230,27.000,27.010,4989560
2025-09-02 10:30:00,27.000,27.200,26.790,26.940,4439018
2025-09-02 11:00:00,26.930,27.150,26.790,26.800,2913600
2025-09-02 11:30:00,26.800,27.150,26.720,27.090,2427020
2025-09-02 13:30:00,27.080,27.150,26.790,26.910,1922717
2025-09-02 14:00:00,26.910,27.280,26.870,27.150,2833084
2025-09-02 14:30:00,27.170,27.300,26.910,26.980,3038831
2025-09-02 15:00:00,26.970,27.020,26.700,26.880,2108118
2025-09-03 10:00:00,26.900,27.270,26.630,26.660,2146600
2025-09-03 10:30:00,26.660,26.860,26.540,26.600,1749100
2025-09-03 11:00:00,26.600,26.680,26.460,26.510,1592400
2025-09-03 11:30:00,26.520,26.610,26.420,26.420,1782063
2025-09-03 13:30:00,26.430,26.650,26.390,26.610,1159690
2025-09-03 14:00:00,26.600,26.610,26.410,26.540,1144720
2025-09-03 14:30:00,26.540,26.720,26.480,26.700,1068822
2025-09-03 15:00:00,26.700,27.150,26.630,27.150,3017752
2025-09-04 10:00:00,27.050,27.100,26.110,26.180,5036937
2025-09-04 10:30:00,26.180,26.220,25.970,25.970,2577900
2025-09-04 11:00:00,25.970,26.080,25.850,26.010,1698530
2025-09-04 11:30:00,26.010,26.210,25.900,25.920,2826166
2025-09-04 13:30:00,25.920,26.190,25.830,26.040,2854815
2025-09-04 14:00:00,26.020,26.130,25.910,26.000,879100
2025-09-04 14:30:00,26.000,26.000,25.660,25.710,2169600
2025-09-04 15:00:00,25.720,26.050,25.600,25.900,2731169
2025-09-05 10:00:00,25.950,26.650,25.820,26.640,5209499
2025-09-05 10:30:00,26.640,26.680,26.300,26.430,3289637
2025-09-05 11:00:00,26.430,26.550,26.330,26.540,1383330
2025-09-05 11:30:00,26.540,26.550,26.330,26.350,1400790
2025-09-05 13:30:00,26.390,26.400,26.150,26.230,1607404
2025-09-05 14:00:00,26.220,26.300,26.090,26.250,1632193
2025-09-05 14:30:00,26.240,26.320,26.170,26.290,1813162
2025-09-05 15:00:00,26.290,26.460,26.250,26.320,2095935
2025-09-08 10:00:00,26.240,27.060,26.030,27.030,5611241
2025-09-08 10:30:00,27.030,27.460,26.950,27.450,6149220
2025-09-08 11:00:00,27.440,27.550,27.260,27.450,3913400
2025-09-08 11:30:00,27.440,27.700,27.380,27.570,3338700
2025-09-08 13:30:00,27.580,27.980,27.500,27.560,4355172
2025-09-08 14:00:00,27.560,27.850,27.560,27.770,1333000
2025-09-08 14:30:00,27.810,27.840,27.510,27.620,1843300
2025-09-08 15:00:00,27.620,27.750,27.500,27.570,2396405
2025-09-09 10:00:00,27.420,27.950,27.390,27.690,4545949
2025-09-09 10:30:00,27.680,27.740,27.250,27.360,3136400
2025-09-09 11:00:00,27.360,27.390,27.130,27.210,1936400
2025-09-09 11:30:00,27.210,27.290,26.910,27.110,1815500
2025-09-09 13:30:00,27.050,27.080,26.670,26.740,2299300
2025-09-09 14:00:00,26.720,26.910,26.660,26.720,1852400
2025-09-09 14:30:00,26.780,26.990,26.710,26.850,1871000
2025-09-09 15:00:00,26.830,26.960,26.810,26.880,1709544
2025-09-10 10:00:00,26.770,26.990,26.360,26.410,3621149
2025-09-10 10:30:00,26.400,26.470,26.050,26.070,3963360
2025-09-10 11:00:00,26.050,26.160,25.900,26.060,3705900
2025-09-10 11:30:00,26.030,26.150,25.960,26.070,1545724
2025-09-10 13:30:00,26.130,26.340,26.000,26.220,3220500
2025-09-10 14:00:00,26.220,26.380,26.200,26.320,1171948
2025-09-10 14:30:00,26.320,26.730,26.320,26.630,2601530
2025-09-10 15:00:00,26.630,26.650,26.460,26.540,1937224
2025-09-11 10:00:00,26.440,27.020,26.300,26.330,2646100
2025-09-11 10:30:00,26.330,26.470,26.140,26.190,2294900
2025-09-11 11:00:00,26.230,26.390,26.210,26.340,1934878
2025-09-11 11:30:00,26.320,26.370,26.140,26.280,3387118
2025-09-11 13:30:00,26.280,26.370,26.220,26.370,2374036
2025-09-11 14:00:00,26.370,26.490,26.320,26.420,1538954
2025-09-11 14:30:00,26.420,26.530,26.340,26.480,1645508
2025-09-11 15:00:00,26.480,26.490,26.400,26.430,3013146
2025-09-12 10:00:00,26.450,26.580,26.020,26.120,4207691
2025-09-12 10:30:00,26.120,26.400,26.120,26.400,1036700
2025-09-12 11:00:00,26.380,26.620,26.380,26.380,1663730
2025-09-12 11:30:00,26.380,26.670,26.310,26.570,1201384
2025-09-12 13:30:00,26.580,26.730,26.500,26.520,1417600
2025-09-12 14:00:00,26.520,26.620,26.470,26.490,875100
2025-09-12 14:30:00,26.490,26.570,26.410,26.530,1011500
2025-09-12 15:00:00,26.530,26.570,26.350,26.460,1247860
2025-09-15 10:00:00,26.450,26.580,25.920,26.080,4855726
2025-09-15 10:30:00,26.090,26.350,26.060,26.340,1438889
2025-09-15 11:00:00,26.330,26.470,26.170,26.310,1479400
2025-09-15 11:30:00,26.310,26.330,26.120,26.260,1207700
2025-09-15 13:30:00,26.270,26.320,26.220,26.290,814850
2025-09-15 14:00:00,26.300,26.330,26.170,26.210,1132100
2025-09-15 14:30:00,26.210,26.330,26.120,26.320,1557109
2025-09-15 15:00:00,26.310,26.410,26.210,26.280,1504564
2025-09-16 10:00:00,26.420,26.810,26.040,26.170,4060500
2025-09-16 10:30:00,26.120,26.240,25.920,26.090,2283520
2025-09-16 11:00:00,26.060,26.110,25.910,25.970,1579500
2025-09-16 11:30:00,25.970,26.040,25.940,25.980,972800
2025-09-16 13:30:00,25.990,26.130,25.900,26.050,1395700
2025-09-16 14:00:00,26.060,26.170,26.030,26.170,948200
2025-09-16 14:30:00,26.170,26.200,26.080,26.080,798100
2025-09-16 15:00:00,26.100,26.150,26.030,26.120,1756668
2025-09-17 10:00:00,25.980,26.180,25.880,26.070,2289300
2025-09-17 10:30:00,26.060,26.310,25.950,26.270,1357700
2025-09-17 11:00:00,26.270,26.460,26.220,26.450,1384941
2025-09-17 11:30:00,26.450,26.500,26.360,26.450,1190600
2025-09-17 13:30:00,26.450,26.480,26.250,26.290,1067000
2025-09-17 14:00:00,26.290,26.310,26.220,26.270,603000
2025-09-17 14:30:00,26.270,26.340,26.250,26.280,929622
2025-09-17 15:00:00,26.280,26.300,26.260,26.300,999490
2025-09-18 10:00:00,26.300,26.300,25.800,26.030,3534980
2025-09-18 10:30:00,26.030,26.220,26.010,26.100,1240800
2025-09-18 11:00:00,26.100,26.160,26.020,26.060,866650
2025-09-18 11:30:00,26.060,26.280,26.050,26.260,848937
2025-09-18 13:30:00,26.260,26.390,26.050,26.070,1187205
2025-09-18 14:00:00,26.080,26.100,25.970,26.000,1289254
2025-09-18 14:30:00,25.980,26.020,25.820,25.920,2207308
2025-09-18 15:00:00,25.910,26.000,25.720,25.870,2191905
2025-09-19 10:00:00,25.890,26.780,25.870,26.270,5211077
2025-09-19 10:30:00,26.270,26.650,26.200,26.630,1943876
2025-09-19 11:00:00,26.640,26.700,26.360,26.450,1580482
2025-09-19 11:30:00,26.440,26.470,26.250,26.340,704800
2025-09-19 13:30:00,26.350,26.490,26.310,26.330,1122600
2025-09-19 14:00:00,26.330,26.450,26.320,26.400,1370973
2025-09-19 14:30:00,26.400,26.570,26.360,26.510,1015690
2025-09-19 15:00:00,26.510,26.540,26.400,26.520,2234117
2025-09-22 10:00:00,26.320,26.350,25.200,25.300,9054650
2025-09-22 10:30:00,25.300,25.580,25.230,25.330,5353493
2025-09-22 11:00:00,25.330,25.420,25.240,25.240,3911678
2025-09-22 11:30:00,25.250,25.420,25.150,25.200,4190255
2025-09-22 13:30:00,25.200,25.390,25.190,25.220,2341400
2025-09-22 14:00:00,25.210,25.460,25.210,25.360,1986800
2025-09-22 14:30:00,25.360,25.410,25.330,25.380,2247783
2025-09-22 15:00:00,25.390,25.450,25.290,25.450,2583120
2025-09-23 10:00:00,25.300,25.630,24.980,25.160,4155100
2025-09-23 10:30:00,25.160,25.210,24.860,24.870,2989200
2025-09-23 11:00:00,24.860,25.100,24.760,24.990,1752049
2025-09-23 11:30:00,24.980,25.000,24.750,24.770,1281380
2025-09-23 13:30:00,24.780,24.890,24.660,24.880,1877900
2025-09-23 14:00:00,24.860,24.990,24.800,24.980,1100988
2025-09-23 14:30:00,24.970,25.060,24.880,25.020,1482884
2025-09-23 15:00:00,25.040,25.100,24.990,25.050,1565893
2025-09-24 10:00:00,25.000,25.150,24.730,24.940,2259200
2025-09-24 10:30:00,24.940,24.990,24.830,24.970,1073400
2025-09-24 11:00:00,24.970,25.120,24.940,25.120,830580
2025-09-24 11:30:00,25.130,25.320,25.050,25.230,1776700
2025-09-24 13:30:00,25.270,25.330,25.010,25.040,1672790
2025-09-24 14:00:00,25.020,25.290,24.970,25.200,1707300
2025-09-24 14:30:00,25.220,25.360,25.180,25.270,2551678
2025-09-24 15:00:00,25.270,25.400,25.220,25.360,1575427
2025-09-25 10:00:00,25.290,25.440,25.020,25.200,3808069
2025-09-25 10:30:00,25.200,25.270,25.000,25.080,2889812
2025-09-25 11:00:00,25.080,25.230,25.010,25.120,2084900
2025-09-25 11:30:00,25.180,25.280,25.020,25.210,3074857
2025-09-25 13:30:00,25.230,25.310,25.030,25.090,2523556
2025-09-25 14:00:00,25.090,25.200,25.010,25.090,2352790
2025-09-25 14:30:00,25.040,25.130,25.010,25.040,1582900
2025-09-25 15:00:00,25.050,25.100,24.990,25.030,2230613
2025-09-26 10:00:00,24.960,25.580,24.900,25.450,4176833
2025-09-26 10:30:00,25.450,25.740,25.440,25.700,3706789
2025-09-26 11:00:00,25.690,25.990,25.670,25.880,3267567
2025-09-26 11:30:00,25.880,25.960,25.770,25.940,2036353
2025-09-26 13:30:00,25.940,25.970,25.680,25.750,2431600
2025-09-26 14:00:00,25.740,25.920,25.700,25.820,2111200
2025-09-26 14:30:00,25.820,25.850,25.730,25.780,2195100
2025-09-26 15:00:00,25.780,25.800,25.480,25.530,3156968
2025-09-29 10:00:00,25.500,25.700,25.440,25.580,2141057
2025-09-29 10:30:00,25.540,25.740,25.540,25.710,1852412
2025-09-29 11:00:00,25.710,25.860,25.620,25.660,1453600
2025-09-29 11:30:00,25.660,25.840,25.630,25.770,1621000
2025-09-29 13:30:00,25.790,26.050,25.750,26.040,2645654
2025-09-29 14:00:00,26.030,26.250,26.000,26.230,2060576
2025-09-29 14:30:00,26.230,26.250,26.080,26.200,2197197
2025-09-29 15:00:00,26.190,26.190,25.930,26.120,2403985
2025-09-30 10:00:00,26.120,26.370,25.650,26.290,2572490
2025-09-30 10:30:00,26.280,26.350,25.900,26.040,2425700
2025-09-30 11:00:00,26.030,26.190,26.000,26.190,719200
2025-09-30 11:30:00,26.160,26.480,26.140,26.440,908500
2025-09-30 13:30:00,26.450,26.500,26.340,26.500,1353000
2025-09-30 14:00:00,26.500,26.540,26.410,26.470,1135717
2025-09-30 14:30:00,26.470,26.790,26.440,26.740,2877353
2025-09-30 15:00:00,26.710,26.780,26.520,26.610,3051400
2025-10-09 10:00:00,26.690,26.780,25.850,25.880,3273000
2025-10-09 10:30:00,25.900,26.420,25.810,26.390,1770307
2025-10-09 11:00:00,26.390,26.570,26.300,26.550,1788000
2025-10-09 11:30:00,26.550,26.690,26.480,26.560,950201
2025-10-09 13:30:00,26.550,26.750,26.430,26.440,1133900
2025-10-09 14:00:00,26.440,26.880,26.440,26.880,1183490
2025-10-09 14:30:00,26.840,27.080,26.810,26.910,2856896
2025-10-09 15:00:00,26.910,26.980,26.860,26.870,1627203
2025-10-10 10:00:00,26.790,27.200,26.670,27.120,3348413
2025-10-10 10:30:00,27.120,27.450,27.060,27.440,4314996
2025-10-10 11:00:00,27.440,27.700,27.310,27.360,3057761
2025-10-10 11:30:00,27.360,27.380,27.150,27.240,1374339
2025-10-10 13:30:00,27.240,27.510,27.220,27.470,1879443
2025-10-10 14:00:00,27.470,27.560,27.250,27.340,2576311
2025-10-10 14:30:00,27.340,27.360,27.000,27.060,2558284
2025-10-10 15:00:00,27.050,27.180,26.880,27.020,3344717
2025-10-13 10:00:00,25.900,27.070,25.900,26.640,5231599
2025-10-13 10:30:00,26.630,27.000,26.420,26.890,3640849
2025-10-13 11:00:00,26.900,27.000,26.540,26.590,1811100
2025-10-13 11:30:00,26.600,26.710,26.440,26.480,1686400
2025-10-13 13:30:00,26.480,26.570,26.400,26.570,1488700
2025-10-13 14:00:00,26.560,26.600,26.430,26.540,1239800
2025-10-13 14:30:00,26.540,26.560,26.360,26.530,1795300
2025-10-13 15:00:00,26.530,26.650,26.480,26.600,1682745
2025-10-14 10:00:00,26.790,26.830,25.810,25.900,5403749
2025-10-14 10:30:00,25.900,25.910,25.660,25.820,3420930
2025-10-14 11:00:00,25.820,25.840,25.680,25.700,1770600
2025-10-14 11:30:00,25.690,25.710,25.550,25.680,2555000
2025-10-14 13:30:00,25.640,25.710,25.410,25.540,2577766
2025-10-14 14:00:00,25.540,25.670,25.480,25.650,1861600
2025-10-14 14:30:00,25.650,25.660,25.430,25.500,1696281
2025-10-14 15:00:00,25.500,25.530,25.300,25.500,2303889
2025-10-15 10:00:00,25.630,25.800,25.400,25.780,1689500
2025-10-15 10:30:00,25.780,25.820,25.550,25.620,1073800
2025-10-15 11:00:00,25.610,25.620,25.480,25.540,635196
2025-10-15 11:30:00,25.540,25.630,25.500,25.610,310020
2025-10-15 13:30:00,25.630,25.640,25.480,25.570,609400
2025-10-15 14:00:00,25.530,25.740,25.510,25.670,723000
2025-10-15 14:30:00,25.680,25.720,25.610,25.650,703692
2025-10-15 15:00:00,25.650,25.720,25.640,25.700,1153351
2025-10-16 10:00:00,25.650,25.690,25.400,25.490,2390150
2025-10-16 10:30:00,25.490,25.750,25.450,25.520,1436700
2025-10-16 11:00:00,25.530,25.540,25.420,25.480,1112800
2025-10-16 11:30:00,25.480,25.560,25.430,25.500,1670300
2025-10-16 13:30:00,25.500,25.520,25.290,25.290,2583800
2025-10-16 14:00:00,25.300,25.360,25.150,25.170,2700010
2025-10-16 14:30:00,25.180,25.240,24.880,24.890,3604500
2025-10-16 15:00:00,24.890,25.180,24.870,25.170,4242811
2025-10-17 10:00:00,25.070,25.370,24.920,24.980,1965220
2025-10-17 10:30:00,24.980,25.000,24.680,24.680,2356200
2025-10-17 11:00:00,24.690,25.060,24.600,24.910,2844916
2025-10-17 11:30:00,24.910,24.940,24.720,24.780,1485600
2025-10-17 13:30:00,24.800,24.950,24.510,24.550,2502036
2025-10-17 14:00:00,24.560,24.620,24.430,24.550,1967700
2025-10-17 14:30:00,24.550,24.680,24.470,24.590,2844659
2025-10-17 15:00:00,24.590,24.640,24.470,24.630,2105998
2025-10-20 10:00:00,24.770,24.800,24.360,24.410,2345500
2025-10-20 10:30:00,24.410,24.500,24.200,24.270,2272000
2025-10-20 11:00:00,24.270,24.400,24.210,24.250,2164388
2025-10-20 11:30:00,24.250,24.400,24.220,24.340,1614700
2025-10-20 13:30:00,24.320,24.530,24.210,24.210,2051100
2025-10-20 14:00:00,24.220,24.370,24.140,24.170,3048000
2025-10-20 14:30:00,24.180,24.200,24.060,24.190,2169278
2025-10-20 15:00:00,24.190,24.350,24.070,24.290,2514864
2025-10-21 10:00:00,24.300,24.330,24.060,24.270,2084300
2025-10-21 10:30:00,24.280,24.450,24.210,24.220,1531010
2025-10-21 11:00:00,24.230,24.290,24.110,24.140,1917700
2025-10-21 11:30:00,24.140,24.210,24.120,24.140,1857100
2025-10-21 13:30:00,24.130,24.200,24.030,24.070,3008300
2025-10-21 14:00:00,24.070,24.170,24.060,24.140,1427839
2025-10-21 14:30:00,24.130,24.210,24.110,24.130,1659180
2025-10-21 15:00:00,24.130,24.180,24.000,24.130,3277518
2025-10-22 10:00:00,24.020,24.450,24.020,24.350,2578960
2025-10-22 10:30:00,24.350,24.430,24.270,24.350,1113600
2025-10-22 11:00:00,24.370,24.420,24.100,24.100,1099300
2025-10-22 11:30:00,24.100,24.150,24.030,24.120,803200
2025-10-22 13:30:00,24.130,24.220,24.100,24.190,682117
2025-10-22 14:00:00,24.180,24.250,24.120,24.220,1290500
2025-10-22 14:30:00,24.220,24.280,24.190,24.260,825495
2025-10-22 15:00:00,24.250,24.260,24.110,24.110,1342896
2025-10-23 10:00:00,24.200,24.850,24.050,24.650,7175573
2025-10-23 10:30:00,24.640,24.700,24.490,24.620,1624581
2025-10-23 11:00:00,24.610,24.820,24.570,24.650,1021100
2025-10-23 11:30:00,24.650,25.150,24.640,24.980,3288197
2025-10-23 13:30:00,25.000,25.080,24.930,25.070,1150500
2025-10-23 14:00:00,25.070,25.090,24.830,24.850,1336200
2025-10-23 14:30:00,24.850,25.080,24.810,25.030,1348300
2025-10-23 15:00:00,25.030,25.180,25.030,25.080,2391309
2025-10-24 10:00:00,25.190,25.540,25.060,25.290,4020610
2025-10-24 10:30:00,25.280,25.290,24.800,24.810,2629682
2025-10-24 11:00:00,24.800,24.910,24.660,24.900,1854200
2025-10-24 11:30:00,24.870,24.970,24.790,24.950,1916130
2025-10-24 13:30:00,24.950,24.990,24.770,24.880,1323500
2025-10-24 14:00:00,24.880,24.990,24.810,24.920,1204500
2025-10-24 14:30:00,24.900,24.930,24.840,24.870,881900
2025-10-24 15:00:00,24.860,24.920,24.740,24.850,2044561
2025-10-27 10:00:00,24.870,25.300,24.870,25.220,2162000
2025-10-27 10:30:00,25.220,25.340,25.020,25.030,1821210
2025-10-27 11:00:00,25.020,25.080,24.960,25.040,1069800
2025-10-27 11:30:00,25.020,25.060,24.920,24.930,595700
2025-10-27 13:30:00,24.940,24.990,24.750,24.760,1135000
2025-10-27 14:00:00,24.770,24.880,24.730,24.780,1670600
2025-10-27 14:30:00,24.780,24.830,24.650,24.670,1744000
2025-10-27 15:00:00,24.680,24.700,24.590,24.660,2545062
2025-10-28 10:00:00,24.660,25.060,24.500,24.990,2299506
2025-10-28 10:30:00,24.970,24.980,24.740,24.790,1052859
2025-10-28 11:00:00,24.820,24.870,24.670,24.710,1065401
2025-10-28 11:30:00,24.720,24.910,24.710,24.830,772200
2025-10-28 13:30:00,24.830,24.840,24.570,24.580,979100
2025-10-28 14:00:00,24.580,24.580,24.400,24.450,1757600
2025-10-28 14:30:00,24.450,24.520,24.430,24.480,1427700
2025-10-28 15:00:00,24.490,24.540,24.400,24.470,1339688
2025-10-29 10:00:00,24.230,24.620,24.230,24.480,1621000
2025-10-29 10:30:00,24.480,24.580,24.400,24.580,687518
2025-10-29 11:00:00,24.580,24.680,24.540,24.620,694300
2025-10-29 11:30:00,24.610,25.350,24.600,25.130,3337453
2025-10-29 13:30:00,25.130,25.410,25.070,25.320,2882467
2025-10-29 14:00:00,25.310,25.380,25.050,25.120,1888300
2025-10-29 14:30:00,25.100,25.360,25.090,25.310,1875179
2025-10-29 15:00:00,25.290,25.400,25.250,25.270,1687924
2025-10-30 10:00:00,25.200,25.620,24.960,25.610,3363134
2025-10-30 10:30:00,25.610,25.920,25.520,25.890,3636430
2025-10-30 11:00:00,25.890,26.250,25.890,25.970,4254500
2025-10-30 11:30:00,25.960,26.100,25.830,25.900,1483700
2025-10-30 13:30:00,25.890,25.940,25.530,25.900,2189100
2025-10-30 14:00:00,25.910,26.080,25.860,25.980,1615300
2025-10-30 14:30:00,25.960,25.980,25.770,25.860,1004400
2025-10-30 15:00:00,25.860,25.880,25.710,25.750,1571704
2025-10-31 10:00:00,25.870,26.080,25.640,25.770,4239800
2025-10-31 10:30:00,25.770,25.980,25.700,25.980,1899900
2025-10-31 11:00:00,25.940,25.970,25.750,25.850,1344400
2025-10-31 11:30:00,25.830,25.860,25.660,25.780,1296000
2025-10-31 13:30:00,25.790,25.900,25.700,25.890,1280600
2025-10-31 14:00:00,25.880,25.970,25.660,25.760,1322787
2025-10-31 14:30:00,25.780,25.860,25.740,25.770,1002388
2025-10-31 15:00:00,25.780,25.810,25.660,25.670,1168344
2025-11-03 10:00:00,25.670,26.160,25.280,25.750,3717080
2025-11-03 10:30:00,25.780,25.780,25.470,25.650,1082100
2025-11-03 11:00:00,25.650,25.950,25.500,25.890,1390300
2025-11-03 11:30:00,25.890,25.970,25.780,25.920,1376800
2025-11-03 13:30:00,25.910,26.000,25.640,26.000,1800675
2025-11-03 14:00:00,25.990,26.170,25.950,26.170,2323659
2025-11-03 14:30:00,26.170,26.200,25.990,25.990,1794400
2025-11-03 15:00:00,25.990,26.070,25.900,25.930,1489510
2025-11-04 10:00:00,25.630,25.850,25.100,25.220,2693400
2025-11-04 10:30:00,25.240,25.270,25.000,25.120,1930548
2025-11-04 11:00:00,25.120,25.130,24.990,25.050,2030300
2025-11-04 11:30:00,25.090,25.110,24.900,24.900,1151800
2025-11-04 13:30:00,24.930,24.990,24.800,24.990,1496300
2025-11-04 14:00:00,24.990,24.990,24.630,24.660,1854100
2025-11-04 14:30:00,24.660,24.670,24.420,24.530,2410200
2025-11-04 15:00:00,24.530,24.770,24.440,24.730,1974500
2025-11-05 10:00:00,24.510,24.800,24.410,24.720,2163500
2025-11-05 10:30:00,24.700,24.760,24.540,24.580,1194700
2025-11-05 11:00:00,24.570,24.750,24.500,24.730,979200
2025-11-05 11:30:00,24.750,24.930,24.740,24.930,1116250
2025-11-05 13:30:00,24.930,25.100,24.840,24.880,1647400
2025-11-05 14:00:00,24.880,25.180,24.870,25.070,1139460
2025-11-05 14:30:00,25.060,25.100,25.010,25.070,485700
2025-11-05 15:00:00,25.070,25.080,24.910,24.960,966959
2025-11-06 10:00:00,24.950,25.670,24.910,25.540,3125300
2025-11-06 10:30:00,25.520,25.640,25.390,25.610,1970900
2025-11-06 11:00:00,25.620,25.650,25.410,25.570,1677300
2025-11-06 11:30:00,25.570,25.700,25.420,25.450,1975058
2025-11-06 13:30:00,25.450,25.550,25.330,25.460,2062200
2025-11-06 14:00:00,25.450,25.640,25.400,25.600,1387633
2025-11-06 14:30:00,25.570,25.680,25.490,25.510,1545249
2025-11-06 15:00:00,25.510,25.580,25.400,25.500,1719586
2025-11-07 10:00:00,25.720,25.950,25.530,25.850,4484900
2025-11-07 10:30:00,25.850,26.200,25.850,26.160,4025746
2025-11-07 11:00:00,26.170,26.370,25.900,26.340,2792920
2025-11-07 11:30:00,26.350,26.580,26.190,26.240,3863033
2025-11-07 13:30:00,26.220,26.680,26.050,26.560,4393040
2025-11-07 14:00:00,26.560,26.650,26.480,26.600,3199591
2025-11-07 14:30:00,26.610,26.650,26.550,26.630,2362400
2025-11-07 15:00:00,26.630,26.650,26.520,26.570,1915200
2025-11-10 10:00:00,27.320,29.230,27.320,29.100,29417903
2025-11-10 10:30:00,29.100,29.220,28.750,28.810,8201400
2025-11-10 11:00:00,28.810,28.840,28.280,28.400,5587803
2025-11-10 11:30:00,28.410,28.740,28.360,28.420,3673066
2025-11-10 13:30:00,28.420,28.700,28.200,28.380,4767701
2025-11-10 14:00:00,28.380,28.550,27.700,27.800,5243224
2025-11-10 14:30:00,27.810,28.200,27.720,27.950,4846700
2025-11-10 15:00:00,27.940,28.740,27.920,28.610,4619464
2025-11-11 10:00:00,28.430,28.670,27.860,28.160,9826518
2025-11-11 10:30:00,28.160,28.260,27.970,28.130,3169100
2025-11-11 11:00:00,28.140,28.250,28.000,28.160,2543100
2025-11-11 11:30:00,28.140,28.300,28.030,28.180,2147305
2025-11-11 13:30:00,28.180,28.280,28.050,28.150,1776640
2025-11-11 14:00:00,28.150,28.300,28.130,28.180,1521200
2025-11-11 14:30:00,28.170,28.490,28.160,28.450,2373800
2025-11-11 15:00:00,28.430,28.460,28.220,28.390,2683115
2025-11-12 10:00:00,28.390,28.900,28.230,28.820,9357951
2025-11-12 10:30:00,28.830,29.080,28.650,28.880,4172094
2025-11-12 11:00:00,28.890,28.980,28.710,28.740,1817750
2025-11-12 11:30:00,28.740,28.750,28.570,28.690,2199856
2025-11-12 13:30:00,28.660,29.000,28.630,28.750,2519587
2025-11-12 14:00:00,28.750,28.860,28.500,28.680,4258600
2025-11-12 14:30:00,28.660,28.800,28.550,28.680,1585700
2025-11-12 15:00:00,28.690,28.790,28.600,28.660,2231150
2025-11-13 10:00:00,28.660,28.880,28.180,28.730,4377074
2025-11-13 10:30:00,28.730,29.560,28.720,29.260,8398534
2025-11-13 11:00:00,29.260,29.500,29.130,29.160,2923597
2025-11-13 11:30:00,29.160,29.250,28.910,29.240,1692800
2025-11-13 13:30:00,29.240,29.300,28.820,28.890,2888433
2025-11-13 14:00:00,28.890,29.260,28.880,29.160,2181163
2025-11-13 14:30:00,29.180,29.180,29.020,29.050,2473820
2025-11-13 15:00:00,29.050,29.230,29.040,29.100,2910206
2025-11-14 10:00:00,28.630,29.920,28.630,29.880,10809699
2025-11-14 10:30:00,29.870,29.900,29.350,29.600,4835000
2025-11-14 11:00:00,29.600,30.090,29.570,29.970,6397186
2025-11-14 11:30:00,29.980,30.000,29.600,29.830,2223600
2025-11-14 13:30:00,29.830,29.950,29.150,29.280,3957633
2025-11-14 14:00:00,29.270,29.330,29.130,29.200,1706507
2025-11-14 14:30:00,29.200,29.320,29.080,29.150,2379033
2025-11-14 15:00:00,29.150,29.200,28.890,28.990,3644175
2025-11-17 10:00:00,28.990,29.660,28.650,28.710,7618909
2025-11-17 10:30:00,28.710,29.000,28.670,28.770,2865463
2025-11-17 11:00:00,28.770,28.940,28.610,28.740,2518600
2025-11-17 11:30:00,28.750,29.250,28.680,29.030,2181805
2025-11-17 13:30:00,29.030,29.500,29.000,29.350,2163000
2025-11-17 14:00:00,29.350,29.410,28.660,28.690,1955490
2025-11-17 14:30:00,28.690,28.800,28.660,28.750,2143118
2025-11-17 15:00:00,28.760,29.000,28.700,28.970,1480124
2025-11-18 10:00:00,28.850,29.180,27.770,27.800,9738178
2025-11-18 10:30:00,27.800,28.200,27.690,27.970,3735110
2025-11-18 11:00:00,27.980,28.070,27.520,27.560,3400900
2025-11-18 11:30:00,27.570,27.700,27.500,27.680,2681150
2025-11-18 13:30:00,27.680,27.760,27.400,27.410,2633790
2025-11-18 14:00:00,27.430,27.570,27.330,27.440,3098900
2025-11-18 14:30:00,27.440,27.470,27.330,27.330,2556910
2025-11-18 15:00:00,27.340,27.630,27.310,27.600,2623305
2025-11-19 10:00:00,27.590,28.050,27.460,27.810,3178530
2025-11-19 10:30:00,27.810,27.850,27.250,27.370,2728300
2025-11-19 11:00:00,27.360,27.540,27.260,27.370,1710405
2025-11-19 11:30:00,27.370,27.500,27.270,27.450,969000
2025-11-19 13:30:00,27.460,27.900,27.410,27.810,2426243
2025-11-19 14:00:00,27.820,27.900,27.750,27.890,1413600
2025-11-19 14:30:00,27.900,28.190,27.850,28.140,2694800
2025-11-19 15:00:00,28.160,28.270,28.100,28.110,3539250
2025-11-20 10:00:00,27.980,28.350,27.770,28.320,4020960
2025-11-20 10:30:00,28.320,28.610,28.100,28.160,2272700
2025-11-20 11:00:00,28.130,28.190,27.910,27.930,1093200
2025-11-20 11:30:00,27.920,28.070,27.900,27.960,964500
2025-11-20 13:30:00,27.940,28.290,27.820,28.000,1546100
2025-11-20 14:00:00,28.000,28.080,27.840,27.900,1481100
2025-11-20 14:30:00,27.880,27.910,27.780,27.790,1378800
2025-11-20 15:00:00,27.780,27.920,27.660,27.740,2252700
2025-11-21 10:00:00,27.500,27.850,27.260,27.480,2662000
2025-11-21 10:30:00,27.500,27.770,27.200,27.320,2074300
2025-11-21 11:00:00,27.320,27.550,27.250,27.390,1712800
2025-11-21 11:30:00,27.390,27.470,27.190,27.190,1762481
2025-11-21 13:30:00,27.220,27.650,27.110,27.620,2925374
2025-11-21 14:00:00,27.620,27.860,27.550,27.640,3112200
2025-11-21 14:30:00,27.670,27.750,27.420,27.480,3209578
2025-11-21 15:00:00,27.480,27.540,27.280,27.410,2311510
2025-11-24 10:00:00,27.590,28.040,27.300,27.590,4654900
2025-11-24 10:30:00,27.600,27.750,27.350,27.360,1980393
2025-11-24 11:00:00,27.360,27.430,27.040,27.140,1318700
2025-11-24 11:30:00,27.140,27.410,27.080,27.200,1444358
2025-11-24 13:30:00,27.200,27.710,27.110,27.630,1542001
2025-11-24 14:00:00,27.630,27.720,27.520,27.540,2111900
2025-11-24 14:30:00,27.540,27.650,27.480,27.600,1578800
2025-11-24 15:00:00,27.610,27.620,27.380,27.460,1574722
2025-11-25 10:00:00,27.530,27.670,27.050,27.100,3410117
2025-11-25 10:30:00,27.100,27.330,27.100,27.280,1719952
2025-11-25 11:00:00,27.280,27.670,27.260,27.600,1581200
2025-11-25 11:30:00,27.590,27.650,27.280,27.370,1161400
2025-11-25 13:30:00,27.360,27.380,27.190,27.220,1344830
2025-11-25 14:00:00,27.210,27.380,27.200,27.330,760700
2025-11-25 14:30:00,27.330,27.410,27.270,27.330,1118100
2025-11-25 15:00:00,27.320,27.410,27.290,27.390,1717200
2025-11-26 10:00:00,27.330,27.550,27.070,27.130,2329900
2025-11-26 10:30:00,27.140,27.250,26.970,27.150,1500622
2025-11-26 11:00:00,27.150,27.270,27.010,27.070,1210700
2025-11-26 11:30:00,27.070,27.220,27.050,27.100,1362737
2025-11-26 13:30:00,27.140,27.510,27.110,27.440,2477268
2025-11-26 14:00:00,27.450,27.580,27.370,27.420,1481700
2025-11-26 14:30:00,27.420,27.440,27.260,27.310,1061300
2025-11-26 15:00:00,27.300,27.350,27.090,27.110,1714978
2025-11-27 10:00:00,27.110,27.380,26.980,27.350,3379230
2025-11-27 10:30:00,27.350,27.480,27.120,27.450,2067000
2025-11-27 11:00:00,27.450,27.590,27.380,27.420,1772111
2025-11-27 11:30:00,27.420,27.500,27.340,27.390,955400
2025-11-27 13:30:00,27.390,27.970,27.340,27.690,3787370
2025-11-27 14:00:00,27.700,28.060,27.650,28.010,3030178
2025-11-27 14:30:00,28.000,28.090,27.850,28.060,2398400
2025-11-27 15:00:00,28.060,28.160,27.990,28.090,3391502
2025-11-28 10:00:00,28.100,28.920,27.850,28.050,4092836
2025-11-28 10:30:00,28.030,28.540,28.020,28.420,4633400
2025-11-28 11:00:00,28.410,28.610,28.300,28.310,1601400
2025-11-28 11:30:00,28.300,28.340,27.930,27.930,1440920
2025-11-28 13:30:00,27.930,28.280,27.800,28.260,1228893
2025-11-28 14:00:00,28.240,28.420,28.170,28.350,1237300
2025-11-28 14:30:00,28.350,28.370,28.190,28.290,1148300
2025-11-28 15:00:00,28.290,28.370,28.230,28.270,1607736
2025-12-01 10:00:00,28.290,28.640,28.050,28.430,3474600
2025-12-01 10:30:00,28.460,28.560,28.270,28.290,1838000
2025-12-01 11:00:00,28.290,28.370,28.180,28.320,1054100
2025-12-01 11:30:00,28.310,28.440,28.130,28.150,953200
2025-12-01 13:30:00,28.150,28.220,27.920,28.080,2060259
2025-12-01 14:00:00,28.110,28.380,28.020,28.350,1631300
2025-12-01 14:30:00,28.350,28.390,28.130,28.160,1596100
2025-12-01 15:00:00,28.160,28.400,28.130,28.290,2299808
2025-12-02 10:00:00,28.170,29.100,28.100,28.800,5623766
2025-12-02 10:30:00,28.780,28.850,28.580,28.620,1689800
2025-12-02 11:00:00,28.610,28.860,28.550,28.680,1368400
2025-12-02 11:30:00,28.670,28.700,28.500,28.700,1043000
2025-12-02 13:30:00,28.680,28.830,28.530,28.710,1845080
2025-12-02 14:00:00,28.710,28.800,28.700,28.700,1085900
2025-12-02 14:30:00,28.700,28.750,28.520,28.580,2270200
2025-12-02 15:00:00,28.580,28.680,28.500,28.660,1430250
2025-12-03 10:00:00,28.600,28.660,28.030,28.640,3190055
2025-12-03 10:30:00,28.640,28.880,28.550,28.620,1585980
2025-12-03 11:00:00,28.630,28.740,28.490,28.640,680400
2025-12-03 11:30:00,28.640,29.090,28.640,29.060,1710991
2025-12-03 13:30:00,29.060,29.270,29.000,29.200,2309032
2025-12-03 14:00:00,29.190,29.190,28.990,29.000,857700
2025-12-03 14:30:00,29.000,29.050,28.800,28.830,986673
2025-12-03 15:00:00,28.810,29.090,28.780,29.050,1978327
2025-12-04 10:00:00,28.950,29.110,28.670,28.680,2455100
2025-12-04 10:30:00,28.680,29.050,28.670,28.880,1405600
2025-12-04 11:00:00,28.870,28.940,28.730,28.740,714000
2025-12-04 11:30:00,28.730,28.820,28.660,28.750,1129300
2025-12-04 13:30:00,28.750,28.770,28.500,28.570,1326084
2025-12-04 14:00:00,28.570,28.690,28.540,28.560,571000
2025-12-04 14:30:00,28.550,28.640,28.530,28.580,694138
2025-12-04 15:00:00,28.610,28.660,28.450,28.560,1517864
2025-12-05 10:00:00,28.450,28.950,28.330,28.950,1738880
2025-12-05 10:30:00,28.960,28.960,28.560,28.730,1691620
2025-12-05 11:00:00,28.720,28.770,28.560,28.730,753827
2025-12-05 11:30:00,28.710,29.000,28.680,28.950,1717800
2025-12-05 13:30:00,28.950,29.550,28.910,29.510,3861596
2025-12-05 14:00:00,29.510,29.680,29.400,29.490,2298795
2025-12-05 14:30:00,29.440,29.580,29.210,29.350,1662920
2025-12-05 15:00:00,29.350,29.420,29.290,29.390,1150094
2025-12-08 10:00:00,29.400,29.480,28.620,29.080,3502790
2025-12-08 10:30:00,29.080,29.230,28.820,28.870,1679240
2025-12-08 11:00:00,28.870,29.070,28.610,28.810,2032900
2025-12-08 11:30:00,28.810,29.010,28.750,28.870,806000
2025-12-08 13:30:00,28.870,28.890,28.650,28.790,1076700
2025-12-08 14:00:00,28.790,28.940,28.650,28.700,1418420
2025-12-08 14:30:00,28.710,28.800,28.660,28.730,1048000
2025-12-08 15:00:00,28.730,28.750,28.600,28.700,1694344
2025-12-09 10:00:00,28.490,28.900,28.310,28.350,1869400
2025-12-09 10:30:00,28.360,28.430,28.030,28.030,1936100
2025-12-09 11:00:00,28.040,28.120,28.000,28.070,1223600
2025-12-09 11:30:00,28.080,28.110,27.940,27.980,1050000
2025-12-09 13:30:00,27.980,28.040,27.820,27.840,1426100
2025-12-09 14:00:00,27.860,27.890,27.740,27.760,1813400
2025-12-09 14:30:00,27.770,27.830,27.640,27.770,2307860
2025-12-09 15:00:00,27.770,27.840,27.630,27.730,3190701
2025-12-10 10:00:00,27.720,27.750,27.280,27.300,2688300
2025-12-10 10:30:00,27.310,27.630,27.270,27.470,1535530
2025-12-10 11:00:00,27.470,27.580,27.410,27.470,1319000
2025-12-10 11:30:00,27.490,27.600,27.490,27.590,907400
2025-12-10 13:30:00,27.570,27.600,27.480,27.540,857700
2025-12-10 14:00:00,27.550,27.710,27.520,27.670,1025200
2025-12-10 14:30:00,27.660,27.720,27.590,27.650,858500
2025-12-10 15:00:00,27.660,27.750,27.650,27.690,1284286
2025-12-11 10:00:00,27.690,27.980,27.610,27.650,1985080
2025-12-11 10:30:00,27.650,27.800,27.610,27.630,798700
2025-12-11 11:00:00,27.630,27.750,27.550,27.590,877200
2025-12-11 11:30:00,27.610,27.650,27.500,27.530,990300
2025-12-11 13:30:00,27.530,27.620,27.350,27.410,1498400
2025-12-11 14:00:00,27.410,27.560,27.390,27.550,1232000
2025-12-11 14:30:00,27.550,27.590,27.430,27.570,917900
2025-12-11 15:00:00,27.570,27.610,27.450,27.490,1676959
2025-12-12 10:00:00,27.520,27.870,27.090,27.490,3715200
2025-12-12 10:30:00,27.490,27.500,27.230,27.390,1427500
2025-12-12 11:00:00,27.390,27.560,27.370,27.490,987000
2025-12-12 11:30:00,27.490,27.680,27.490,27.600,1289454
2025-12-12 13:30:00,27.600,27.630,27.490,27.520,1280000
2025-12-12 14:00:00,27.530,27.580,27.420,27.480,1040500
2025-12-12 14:30:00,27.470,27.600,27.440,27.550,1223054
2025-12-12 15:00:00,27.550,27.580,27.300,27.540,2983149
2025-12-15 10:00:00,27.580,28.650,27.410,28.620,5312715
2025-12-15 10:30:00,28.600,28.680,28.320,28.470,3547500
2025-12-15 11:00:00,28.480,28.680,28.480,28.560,2077600
2025-12-15 11:30:00,28.570,28.640,28.450,28.480,1145950
2025-12-15 13:30:00,28.460,28.470,28.210,28.250,1556300
2025-12-15 14:00:00,28.250,28.370,28.200,28.350,1369600
2025-12-15 14:30:00,28.340,28.380,28.250,28.310,1706400
2025-12-15 15:00:00,28.300,28.330,28.110,28.130,2254595
2025-12-16 10:00:00,28.050,28.500,27.900,28.430,3604654
2025-12-16 10:30:00,28.430,28.430,28.080,28.100,1952000
2025-12-16 11:00:00,28.110,28.150,27.940,28.070,1283000
2025-12-16 11:30:00,28.070,28.160,27.890,27.900,975600
2025-12-16 13:30:00,27.900,27.980,27.700,27.920,2262700
2025-12-16 14:00:00,27.920,28.160,27.800,28.010,1489900
2025-12-16 14:30:00,28.010,28.160,27.920,28.100,1524316
2025-12-16 15:00:00,28.090,28.360,28.070,28.160,1761300
2025-12-17 10:00:00,28.210,28.840,28.020,28.720,3719000
2025-12-17 10:30:00,28.700,28.880,28.620,28.730,2661509
2025-12-17 11:00:00,28.710,29.060,28.690,29.050,2283552
2025-12-17 11:30:00,29.040,29.160,29.000,29.090,2173100
2025-12-17 13:30:00,29.070,29.180,29.020,29.120,2045959
2025-12-17 14:00:00,29.120,29.500,29.100,29.460,5082160
2025-12-17 14:30:00,29.450,29.680,29.410,29.460,4074050
2025-12-17 15:00:00,29.460,29.500,29.270,29.330,2321480
2025-12-18 10:00:00,29.380,30.240,29.270,30.150,8247535
2025-12-18 10:30:00,30.150,30.280,29.750,29.930,4573567
2025-12-18 11:00:00,29.920,30.090,29.680,29.880,3117900
2025-12-18 11:30:00,29.880,29.960,29.760,29.860,1754300
2025-12-18 13:30:00,29.900,30.050,29.810,29.930,1594330
2025-12-18 14:00:00,29.930,29.950,29.700,29.810,1820800
2025-12-18 14:30:00,29.810,29.850,29.680,29.720,2487200
2025-12-18 15:00:00,29.720,29.790,29.640,29.690,1876744
2025-12-19 10:00:00,29.820,30.200,29.600,29.800,4272400
2025-12-19 10:30:00,29.770,30.000,29.710,29.950,4604697
2025-12-19 11:00:00,29.950,30.060,29.800,29.900,2905200
2025-12-19 11:30:00,29.900,30.000,29.750,29.770,1352900
2025-12-19 13:30:00,29.790,29.820,29.660,29.780,1850688
2025-12-19 14:00:00,29.770,29.910,29.720,29.790,1193517
2025-12-19 14:30:00,29.790,30.000,29.750,29.840,1580267
2025-12-19 15:00:00,29.820,29.930,29.750,29.880,1767409
2025-12-22 10:00:00,29.820,30.380,29.780,29.870,3391300
2025-12-22 10:30:00,29.860,30.300,29.730,30.290,2531860
2025-12-22 11:00:00,30.290,30.300,30.090,30.110,1085000
2025-12-22 11:30:00,30.130,30.250,30.020,30.080,642974
2025-12-22 13:30:00,30.070,30.160,30.000,30.000,895300
2025-12-22 14:00:00,30.010,30.050,29.870,29.950,1487600
2025-12-22 14:30:00,29.930,30.060,29.850,30.040,1542899
2025-12-22 15:00:00,30.040,30.070,29.880,29.970,1736000
2025-12-23 10:00:00,29.970,30.170,29.800,29.900,2249200
2025-12-23 10:30:00,29.900,30.180,29.810,30.060,1834886
2025-12-23 11:00:00,30.070,30.260,30.020,30.050,1163442
2025-12-23 11:30:00,30.060,30.190,30.010,30.120,782200
2025-12-23 13:30:00,30.110,30.160,29.960,29.980,928640
2025-12-23 14:00:00,29.970,30.000,29.580,29.690,1426800
2025-12-23 14:30:00,29.690,29.850,29.620,29.700,1802116
2025-12-23 15:00:00,29.700,29.830,29.700,29.830,1448365
2025-12-24 10:00:00,29.800,30.180,29.530,29.690,3361100
2025-12-24 10:30:00,29.670,30.350,29.660,30.340,3789425
2025-12-24 11:00:00,30.300,30.450,30.010,30.390,3080538
2025-12-24 11:30:00,30.380,30.500,30.230,30.270,2144465
2025-12-24 13:30:00,30.280,30.680,30.270,30.670,3177890
2025-12-24 14:00:00,30.670,30.780,30.550,30.600,2412703
2025-12-24 14:30:00,30.600,30.870,30.590,30.750,3344980
2025-12-24 15:00:00,30.750,30.840,30.650,30.790,3023069
2025-12-25 10:00:00,30.780,31.910,30.600,31.750,5108472
2025-12-25 10:30:00,31.760,31.910,31.500,31.580,2365633
2025-12-25 11:00:00,31.580,31.690,31.350,31.490,1655327
2025-12-25 11:30:00,31.500,31.800,31.460,31.490,1530900
2025-12-25 13:30:00,31.500,31.630,31.400,31.430,1382100
2025-12-25 14:00:00,31.430,31.600,31.410,31.510,1220325
2025-12-25 14:30:00,31.510,31.790,31.410,31.740,2032391
2025-12-25 15:00:00,31.740,31.770,31.570,31.620,1943200
2025-12-26 10:00:00,31.670,31.780,30.850,30.900,4167274
2025-12-26 10:30:00,30.900,31.150,30.700,31.100,3222703
2025-12-26 11:00:00,31.100,31.100,30.750,30.770,1783300
2025-12-26 11:30:00,30.770,30.910,30.660,30.830,2245900
2025-12-26 13:30:00,30.820,31.000,30.760,30.870,1650603
2025-12-26 14:00:00,30.880,30.950,30.680,30.790,1818278
2025-12-26 14:30:00,30.760,30.900,30.580,30.760,3170100
2025-12-26 15:00:00,30.780,30.890,30.610,30.850,3396960
2025-12-29 10:00:00,30.720,30.850,30.270,30.400,3377780
2025-12-29 10:30:00,30.410,31.050,30.340,31.020,1742508
2025-12-29 11:00:00,31.020,31.710,30.910,31.510,4411100
2025-12-29 11:30:00,31.490,31.680,31.400,31.560,1811916
2025-12-29 13:30:00,31.560,31.700,31.210,31.340,2553881
2025-12-29 14:00:00,31.340,31.350,31.000,31.020,1527800
2025-12-29 14:30:00,31.030,31.200,30.850,30.940,1704000
2025-12-29 15:00:00,30.940,31.020,30.800,30.930,2564859
2025-12-30 10:00:00,30.910,31.380,30.710,31.380,2685098
2025-12-30 10:30:00,31.370,31.450,30.850,31.240,1909000
2025-12-30 11:00:00,31.240,32.140,31.220,32.030,6043643
2025-12-30 11:30:00,32.050,32.090,31.800,31.890,1806911
2025-12-30 13:30:00,31.880,32.280,31.790,32.150,3426057
2025-12-30 14:00:00,32.150,32.170,31.350,31.350,3160798
2025-12-30 14:30:00,31.350,31.500,31.210,31.480,2376400
2025-12-30 15:00:00,31.480,31.810,31.410,31.610,3935979
2025-12-31 10:00:00,31.500,31.500,31.010,31.060,3407600
2025-12-31 10:30:00,31.030,31.550,30.980,31.550,2772988
2025-12-31 11:00:00,31.550,31.740,31.320,31.370,1656600
2025-12-31 11:30:00,31.370,31.580,31.320,31.370,899700
2025-12-31 13:30:00,31.370,31.370,31.080,31.290,1057800
2025-12-31 14:00:00,31.290,31.450,31.200,31.420,1258700
2025-12-31 14:30:00,31.440,31.460,31.280,31.310,985700
2025-12-31 15:00:00,31.280,31.520,31.270,31.430,1824700
2026-01-05 10:00:00,31.430,31.860,30.910,31.440,4685400
2026-01-05 10:30:00,31.440,31.560,31.070,31.540,2626500
2026-01-05 11:00:00,31.540,31.880,31.270,31.400,3329900
2026-01-05 11:30:00,31.410,31.520,31.200,31.450,1139300
2026-01-05 13:30:00,31.430,31.470,31.080,31.230,2226751
2026-01-05 14:00:00,31.220,31.410,31.140,31.350,1397500
2026-01-05 14:30:00,31.350,31.550,31.200,31.520,1739150
2026-01-05 15:00:00,31.520,31.540,31.220,31.310,2176602
2026-01-06 10:00:00,31.310,32.190,31.310,31.840,6391920
2026-01-06 10:30:00,31.840,32.880,31.800,32.700,5579803
2026-01-06 11:00:00,32.670,33.280,32.480,33.030,3511320
2026-01-06 11:30:00,33.010,33.490,32.980,33.480,2482474
2026-01-06 13:30:00,33.470,33.790,33.130,33.210,2881609
2026-01-06 14:00:00,33.220,33.240,32.600,32.940,2989291
2026-01-06 14:30:00,32.950,33.450,32.940,33.450,1861201
2026-01-06 15:00:00,33.440,33.480,33.010,33.280,1880487
2026-01-07 10:00:00,33.240,33.600,32.950,33.400,3870153
2026-01-07 10:30:00,33.380,33.510,33.100,33.210,2371385
2026-01-07 11:00:00,33.190,33.300,33.050,33.150,1015000
2026-01-07 11:30:00,33.160,33.460,33.050,33.300,1089100
2026-01-07 13:30:00,33.310,33.880,33.210,33.280,2614687
2026-01-07 14:00:00,33.240,33.420,33.060,33.150,908800
2026-01-07 14:30:00,33.150,33.500,33.150,33.240,656700
2026-01-07 15:00:00,33.240,33.280,33.100,33.210,1050424
2026-01-08 10:00:00,32.840,33.210,32.480,32.870,3145600
2026-01-08 10:30:00,32.870,33.250,32.680,32.900,1813350
2026-01-08 11:00:00,32.900,33.170,32.800,33.120,846900
2026-01-08 11:30:00,33.140,33.180,32.880,32.880,536400
2026-01-08 13:30:00,32.870,33.500,32.750,33.310,2377400
2026-01-08 14:00:00,33.260,33.310,32.800,32.830,2069999
2026-01-08 14:30:00,32.830,32.860,32.620,32.830,1375200
2026-01-08 15:00:00,32.820,33.130,32.800,33.100,896164
2026-01-09 10:00:00,33.070,33.500,32.740,32.930,2722363
2026-01-09 10:30:00,32.930,33.080,32.430,32.710,2719740
2026-01-09 11:00:00,32.720,33.580,32.400,33.560,3982274
2026-01-09 11:30:00,33.550,33.560,33.060,33.080,1629030
2026-01-09 13:30:00,33.070,33.350,33.000,33.010,1328300
2026-01-09 14:00:00,33.010,33.330,32.860,33.300,1235120
2026-01-09 14:30:00,33.300,33.370,33.000,33.110,1408500
2026-01-09 15:00:00,33.110,33.380,33.020,33.260,1397770
2026-01-12 10:00:00,33.110,33.340,32.500,32.520,3636600
2026-01-12 10:30:00,32.500,32.880,32.500,32.610,1535330
2026-01-12 11:00:00,32.610,32.700,32.400,32.490,1275100
2026-01-12 11:30:00,32.490,32.600,32.420,32.460,713500
2026-01-12 13:30:00,32.450,32.540,32.260,32.350,1932500
2026-01-12 14:00:00,32.370,32.390,32.000,32.140,2105730
2026-01-12 14:30:00,32.140,32.450,32.120,32.380,1444200
2026-01-12 15:00:00,32.400,32.440,32.230,32.350,2166497
2026-01-13 10:00:00,32.100,33.090,31.510,32.570,7278091
2026-01-13 10:30:00,32.570,32.600,31.830,32.420,2866650
2026-01-13 11:00:00,32.420,32.600,32.210,32.380,1271995
2026-01-13 11:30:00,32.380,32.620,32.170,32.550,1409600
2026-01-13 13:30:00,32.550,32.920,32.410,32.530,1637517
2026-01-13 14:00:00,32.530,32.960,32.400,32.800,1996041
2026-01-13 14:30:00,32.800,32.990,32.750,32.920,1800300
2026-01-13 15:00:00,32.910,32.970,32.590,32.850,2053792
2026-01-14 10:00:00,32.730,33.070,32.120,32.740,5153432
2026-01-14 10:30:00,32.740,32.850,32.250,32.430,3148400
2026-01-14 11:00:00,32.410,32.970,32.350,32.940,2453779
2026-01-14 11:30:00,32.950,33.400,32.940,33.380,2798129
2026-01-14 13:30:00,33.400,33.420,32.770,32.990,2707758
2026-01-14 14:00:00,32.990,33.220,32.840,32.930,2126100
2026-01-14 14:30:00,32.930,33.200,32.770,33.110,2700500
2026-01-14 15:00:00,33.040,33.420,33.000,33.290,2102041
2026-01-15 10:00:00,33.150,34.100,33.000,34.080,5251741
2026-01-15 10:30:00,34.080,34.300,33.880,34.250,3658100
2026-01-15 11:00:00,34.250,34.780,34.160,34.680,3242374
2026-01-15 11:30:00,34.680,35.000,34.500,34.580,3268783
2026-01-15 13:30:00,34.650,34.670,34.050,34.290,3345500
2026-01-15 14:00:00,34.290,34.350,34.030,34.270,1545370
2026-01-15 14:30:00,34.290,34.640,34.200,34.210,1720600
2026-01-15 15:00:00,34.210,34.400,34.110,34.250,1865579
2026-01-16 10:00:00,34.280,34.650,34.100,34.200,3471404
2026-01-16 10:30:00,34.200,34.440,33.840,34.400,2569800
2026-01-16 11:00:00,34.360,34.460,34.080,34.260,608525
2026-01-16 11:30:00,34.280,34.340,33.770,33.840,1773600
2026-01-16 13:30:00,33.840,34.290,33.840,34.170,1429000
2026-01-16 14:00:00,34.170,34.250,33.860,33.940,2006029
2026-01-16 14:30:00,33.940,34.450,33.850,34.310,2267100
2026-01-16 15:00:00,34.310,34.470,34.140,34.390,1812231
2026-01-19 10:00:00,34.210,35.840,34.140,35.280,7095993
2026-01-19 10:30:00,35.310,36.110,35.280,35.790,4125439
2026-01-19 11:00:00,35.790,36.050,35.660,35.680,2366440
2026-01-19 11:30:00,35.690,36.300,35.670,36.060,3582234
2026-01-19 13:30:00,36.060,36.280,35.740,35.850,2478191
2026-01-19 14:00:00,35.850,36.130,35.780,36.050,3310400
2026-01-19 14:30:00,36.030,36.210,35.850,36.050,2256420
2026-01-19 15:00:00,36.090,36.310,35.900,36.310,2716894
2026-01-20 10:00:00,36.510,38.090,36.400,36.520,11700890
2026-01-20 10:30:00,36.530,37.250,36.000,37.000,5762824
2026-01-20 11:00:00,37.020,37.020,36.300,36.580,4518130
2026-01-20 11:30:00,36.580,37.240,36.500,37.000,2150632
2026-01-20 13:30:00,37.010,37.460,36.580,37.270,2579691
2026-01-20 14:00:00,37.260,37.750,36.900,37.530,3484511
2026-01-20 14:30:00,37.530,37.990,37.070,37.470,3008768
2026-01-20 15:00:00,37.480,37.980,37.460,37.960,3099686
2026-01-21 10:00:00,38.010,38.090,36.750,37.500,8872158
2026-01-21 10:30:00,37.490,38.100,37.450,37.870,4144000
2026-01-21 11:00:00,37.870,37.970,37.410,37.500,2353900
2026-01-21 11:30:00,37.540,37.850,37.480,37.510,1805110
2026-01-21 13:30:00,37.500,37.840,37.400,37.420,1444200
2026-01-21 14:00:00,37.410,37.490,37.170,37.450,1486515
2026-01-21 14:30:00,37.450,37.570,36.810,37.050,2469920
2026-01-21 15:00:00,37.050,37.360,36.870,37.220,2978800
2026-01-22 10:00:00,37.620,37.730,36.530,37.080,5405749
2026-01-22 10:30:00,37.080,37.400,36.920,37.310,2150350
2026-01-22 11:00:00,37.240,37.970,37.100,37.760,2326955
2026-01-22 11:30:00,37.760,38.490,37.750,37.980,3900614
2026-01-22 13:30:00,37.990,38.250,37.700,38.190,1822999
2026-01-22 14:00:00,38.190,38.980,38.180,38.980,3805127
2026-01-22 14:30:00,38.960,39.190,38.820,39.150,2636409
2026-01-22 15:00:00,39.160,39.190,38.590,38.670,3243864
2026-01-23 10:00:00,38.700,39.190,37.890,38.340,5121255
2026-01-23 10:30:00,38.340,38.380,37.610,37.630,2897200
2026-01-23 11:00:00,37.620,37.830,37.490,37.550,2460900
2026-01-23 11:30:00,37.550,37.850,37.350,37.480,2681693
2026-01-23 13:30:00,37.410,38.790,37.410,38.550,4457174
2026-01-23 14:00:00,38.550,39.000,38.330,38.830,3127020
2026-01-23 14:30:00,38.830,39.000,37.800,37.800,3036934
2026-01-23 15:00:00,37.800,37.890,37.400,37.780,5550676
2026-01-26 10:00:00,37.100,38.280,37.080,37.130,7152906
2026-01-26 10:30:00,37.140,38.280,37.120,38.280,3317191
2026-01-26 11:00:00,38.280,38.680,37.600,37.600,3678848
2026-01-26 11:30:00,37.610,38.030,37.420,37.910,2151500
2026-01-26 13:30:00,37.900,38.010,37.140,37.900,2631620
2026-01-26 14:00:00,37.890,38.350,37.740,38.170,1614871
2026-01-26 14:30:00,38.180,38.310,37.800,38.190,2131800
2026-01-26 15:00:00,38.180,38.250,37.860,37.990,2428591
2026-01-27 10:00:00,38.020,38.450,37.670,37.700,5099167
2026-01-27 10:30:00,37.700,37.780,36.980,37.030,5937709
2026-01-27 11:00:00,37.030,37.090,36.680,36.690,5699098
2026-01-27 11:30:00,36.690,36.940,36.220,36.380,7601115
2026-01-27 13:30:00,36.380,36.590,35.700,36.520,7732789
2026-01-27 14:00:00,36.520,37.000,36.380,36.860,4456100
2026-01-27 14:30:00,36.890,37.260,36.760,36.830,3364800
2026-01-27 15:00:00,36.830,37.010,36.420,36.700,4355893
2026-01-28 10:00:00,36.700,37.770,36.610,37.580,8819886
2026-01-28 10:30:00,37.600,38.000,37.440,37.960,6859901
2026-01-28 11:00:00,37.960,38.380,37.680,38.070,6166158
2026-01-28 11:30:00,38.070,38.360,37.800,37.950,3197899
2026-01-28 13:30:00,37.960,38.440,37.700,38.130,4583096
2026-01-28 14:00:00,38.110,38.400,38.000,38.330,3177438
2026-01-28 14:30:00,38.330,38.450,38.150,38.170,4077600
2026-01-28 15:00:00,38.160,38.360,37.700,37.910,5676210
2026-01-29 10:00:00,38.150,38.770,37.200,37.790,10221611
2026-01-29 10:30:00,37.790,38.030,37.400,37.860,3135611
2026-01-29 11:00:00,37.850,38.200,37.700,37.700,3111800
2026-01-29 11:30:00,37.700,37.990,37.490,37.750,2268616
2026-01-29 13:30:00,37.780,37.990,37.370,37.640,2503128
2026-01-29 14:00:00,37.660,37.800,37.290,37.310,2036400
2026-01-29 14:30:00,37.310,38.100,37.310,37.750,2685200
2026-01-29 15:00:00,37.790,37.910,37.650,37.700,2787818
2026-01-30 10:00:00,37.580,38.710,37.550,38.030,6706219
2026-01-30 10:30:00,37.970,38.080,36.710,36.710,6030173
2026-01-30 11:00:00,36.710,36.970,36.500,36.720,5304278
2026-01-30 11:30:00,36.710,37.010,36.630,36.890,2473770
2026-01-30 13:30:00,36.890,37.550,36.860,37.340,2445021
2026-01-30 14:00:00,37.340,37.780,37.320,37.400,1405104
2026-01-30 14:30:00,37.400,37.730,37.320,37.580,1068900
2026-01-30 15:00:00,37.580,37.670,37.450,37.510,1414700
2026-02-02 10:00:00,36.990,37.300,35.980,36.010,13234394
2026-02-02 10:30:00,36.080,36.280,35.330,35.350,8786070
2026-02-02 11:00:00,35.360,35.680,35.230,35.310,7959826
2026-02-02 11:30:00,35.310,35.370,34.660,34.670,6269600
2026-02-02 13:30:00,34.690,35.060,34.200,34.250,10898000
2026-02-02 14:00:00,34.250,34.750,34.060,34.640,6095813
2026-02-02 14:30:00,34.640,35.150,34.600,34.700,3238200
2026-02-02 15:00:00,34.710,34.860,34.400,34.500,6011140
2026-02-03 10:00:00,35.250,35.660,34.520,35.320,7782584
2026-02-03 10:30:00,35.320,35.520,35.060,35.420,3929500
2026-02-03 11:00:00,35.440,35.480,34.940,35.160,5105556
2026-02-03 11:30:00,35.160,35.690,35.140,35.520,3140507
2026-02-03 13:30:00,35.520,36.100,35.510,36.000,5222800
2026-02-03 14:00:00,36.000,36.540,35.870,36.370,5502600
2026-02-03 14:30:00,36.360,36.580,36.180,36.510,4903300
2026-02-03 15:00:00,36.520,36.730,36.460,36.630,4286904
2026-02-04 10:00:00,36.750,36.880,35.840,36.500,4854544
2026-02-04 10:30:00,36.500,36.720,36.310,36.420,1934900
2026-02-04 11:00:00,36.400,36.500,36.120,36.270,1010587
2026-02-04 11:30:00,36.270,36.500,36.120,36.350,1340107
2026-02-04 13:30:00,36.350,36.440,35.990,36.300,1756900
2026-02-04 14:00:00,36.310,36.430,35.990,36.170,1675500
2026-02-04 14:30:00,36.170,36.460,36.160,36.330,1558150
2026-02-04 15:00:00,36.320,36.600,36.290,36.500,2048900
2026-02-05 10:00:00,36.500,36.850,35.780,35.780,2938976
2026-02-05 10:30:00,35.780,36.050,35.550,35.620,2734478
2026-02-05 11:00:00,35.610,35.900,35.510,35.710,1983770
2026-02-05 11:30:00,35.730,35.870,35.460,35.800,2844912
2026-02-05 13:30:00,35.800,35.860,35.260,35.360,4560900
2026-02-05 14:00:00,35.350,35.590,35.120,35.510,3493125
2026-02-05 14:30:00,35.510,35.810,35.490,35.680,3295400
2026-02-05 15:00:00,35.680,35.730,35.380,35.500,3283080
2026-02-06 10:00:00,35.300,36.470,34.680,36.470,5771153
2026-02-06 10:30:00,36.460,36.970,36.310,36.650,7028600
2026-02-06 11:00:00,36.650,36.800,36.400,36.520,2569500
2026-02-06 11:30:00,36.510,36.840,36.410,36.830,2749000
2026-02-06 13:30:00,36.820,36.840,36.220,36.340,2079500
2026-02-06 14:00:00,36.330,36.370,36.030,36.170,1801941
2026-02-06 14:30:00,36.170,36.330,36.090,36.200,1475015
2026-02-06 15:00:00,36.210,36.270,36.040,36.050,1751106
2026-02-09 10:00:00,36.510,36.630,35.580,35.780,6879962
2026-02-09 10:30:00,35.800,36.170,35.770,35.920,2630800
2026-02-09 11:00:00,35.930,36.000,35.660,35.810,2079430
2026-02-09 11:30:00,35.810,35.930,35.700,35.800,1651300
2026-02-09 13:30:00,35.800,36.150,35.580,36.120,3121900
2026-02-09 14:00:00,36.120,36.120,35.800,35.940,3246200
2026-02-09 14:30:00,35.930,36.350,35.760,36.100,3420139
2026-02-09 15:00:00,36.110,36.340,36.090,36.340,2232550
2026-02-10 10:00:00,36.280,36.550,35.680,35.880,2956960
2026-02-10 10:30:00,35.880,36.380,35.830,36.090,1755378
2026-02-10 11:00:00,36.090,36.490,36.000,36.220,1630920
2026-02-10 11:30:00,36.220,36.240,36.000,36.000,990800
2026-02-10 13:30:00,36.000,37.080,36.000,37.000,5432574
2026-02-10 14:00:00,37.010,37.300,36.860,37.040,3084200
2026-02-10 14:30:00,37.030,37.100,36.760,36.840,2188700
2026-02-10 15:00:00,36.830,37.050,36.820,36.840,1704260
2026-02-11 10:00:00,37.170,37.200,36.250,37.100,3388150
2026-02-11 10:30:00,37.090,37.980,36.930,37.720,8839041
2026-02-11 11:00:00,37.720,37.840,37.280,37.600,3545844
2026-02-11 11:30:00,37.600,37.660,37.310,37.430,1357400
2026-02-11 13:30:00,37.440,37.440,36.980,37.060,1515800
2026-02-11 14:00:00,37.060,37.400,37.020,37.290,1852616
2026-02-11 14:30:00,37.290,37.390,37.150,37.230,1256800
2026-02-11 15:00:00,37.230,37.410,37.100,37.100,1614959
2026-02-12 10:00:00,37.010,37.200,36.760,36.880,2003378
2026-02-12 10:30:00,36.880,37.290,36.820,37.010,1604630
2026-02-12 11:00:00,37.010,37.180,36.950,37.070,959016
2026-02-12 11:30:00,37.080,37.200,37.010,37.040,976504
2026-02-12 13:30:00,37.040,37.070,36.390,36.560,2502444
2026-02-12 14:00:00,36.560,36.730,36.500,36.550,884505
2026-02-12 14:30:00,36.540,36.670,36.400,36.600,1335415
2026-02-12 15:00:00,36.600,36.610,36.450,36.490,1292301
2026-02-13 10:00:00,36.050,36.380,35.640,35.860,3536720
2026-02-13 10:30:00,35.850,35.970,35.650,35.850,2696800
2026-02-13 11:00:00,35.850,35.900,35.490,35.580,3185600
2026-02-13 11:30:00,35.580,35.580,35.400,35.480,1572500
2026-02-13 13:30:00,35.480,35.750,35.460,35.540,1403500
2026-02-13 14:00:00,35.540,35.750,35.480,35.660,1365244
2026-02-13 14:30:00,35.660,35.750,35.530,35.670,1495856
2026-02-13 15:00:00,35.670,35.710,35.500,35.630,2264895
2026-02-24 10:00:00,36.160,36.430,35.670,35.670,3316476
2026-02-24 10:30:00,35.670,36.410,35.660,36.220,2435764
2026-02-24 11:00:00,36.230,36.300,35.970,36.000,1328350
2026-02-24 11:30:00,36.040,36.680,35.970,36.680,2507453
2026-02-24 13:30:00,36.680,36.770,36.280,36.720,2125400
2026-02-24 14:00:00,36.720,36.860,36.590,36.780,1704550
2026-02-24 14:30:00,36.780,36.980,36.700,36.730,2307500
2026-02-24 15:00:00,36.740,36.750,36.560,36.640,1393663
2026-02-25 10:00:00,36.640,38.020,36.150,37.910,7622262
2026-02-25 10:30:00,37.970,38.390,37.750,37.860,5948463
2026-02-25 11:00:00,37.910,38.190,37.650,37.960,2814888
2026-02-25 11:30:00,37.960,38.220,37.680,37.710,2630190
2026-02-25 13:30:00,37.710,37.850,37.500,37.630,2140400
2026-02-25 14:00:00,37.600,37.650,37.330,37.410,1725000
2026-02-25 14:30:00,37.410,37.490,36.750,36.810,2480800
2026-02-25 15:00:00,36.810,37.100,36.730,36.980,2793768
2026-02-26 10:00:00,37.000,37.350,36.140,36.730,4047260
2026-02-26 10:30:00,36.730,36.980,36.300,36.360,1972033
2026-02-26 11:00:00,36.360,36.650,36.310,36.330,1218700
2026-02-26 11:30:00,36.330,36.450,36.200,36.440,1093800
2026-02-26 13:30:00,36.430,36.720,36.330,36.570,1391300
2026-02-26 14:00:00,36.570,36.980,36.540,36.780,1935773
2026-02-26 14:30:00,36.790,36.880,36.580,36.810,2238100
2026-02-26 15:00:00,36.810,36.830,36.630,36.790,2225332
2026-02-27 10:00:00,36.530,37.680,36.510,37.420,3492001
2026-02-27 10:30:00,37.420,37.450,36.750,36.780,1870730
2026-02-27 11:00:00,36.780,36.800,36.540,36.680,1601430
2026-02-27 11:30:00,36.680,37.200,36.640,36.990,1362700
2026-02-27 13:30:00,36.990,37.440,36.860,37.380,2026400
2026-02-27 14:00:00,37.380,38.180,37.300,37.920,4231863
2026-02-27 14:30:00,37.940,38.540,37.770,38.330,4137817
2026-02-27 15:00:00,38.340,38.620,38.130,38.600,4796687
2026-03-02 10:00:00,40.500,41.790,39.450,40.700,25423080
2026-03-02 10:30:00,40.700,40.800,39.160,39.900,8152642
2026-03-02 11:00:00,39.890,40.500,39.690,40.500,4434444
2026-03-02 11:30:00,40.500,41.200,40.340,40.930,5298518
2026-03-02 13:30:00,40.930,41.090,40.450,40.540,3820300
2026-03-02 14:00:00,40.540,40.780,40.300,40.600,1888903
2026-03-02 14:30:00,40.590,40.700,40.420,40.490,2005850
2026-03-02 15:00:00,40.500,40.700,40.300,40.500,3596188
2026-03-03 10:00:00,41.120,42.380,39.500,41.960,16388213
2026-03-03 10:30:00,41.960,42.030,40.600,41.080,6025063
2026-03-03 11:00:00,41.080,41.210,40.790,41.120,2357000
2026-03-03 11:30:00,41.140,41.890,41.120,41.760,3074649
2026-03-03 13:30:00,41.730,42.320,41.500,41.980,5832600
2026-03-03 14:00:00,41.980,42.000,41.410,41.500,2854800
2026-03-03 14:30:00,41.510,41.600,40.230,40.610,4117050
2026-03-03 15:00:00,40.610,41.020,39.910,40.540,4928259
2026-03-04 10:00:00,40.000,40.000,36.490,38.980,18214773
2026-03-04 10:30:00,38.950,39.330,38.850,39.000,5122200
2026-03-04 11:00:00,39.010,39.190,38.500,38.750,3359200
2026-03-04 11:30:00,38.740,39.040,38.320,38.720,2651900
2026-03-04 13:30:00,38.720,39.190,38.700,39.080,1188836
2026-03-04 14:00:00,39.080,39.360,39.000,39.190,1173610
2026-03-04 14:30:00,39.190,39.290,38.610,39.270,1712800
2026-03-04 15:00:00,39.270,40.350,39.000,40.350,3984742
2026-03-05 10:00:00,39.300,39.300,37.680,38.520,10443514
2026-03-05 10:30:00,38.530,39.040,38.110,38.670,5355830
2026-03-05 11:00:00,38.680,38.760,38.100,38.130,4463300
2026-03-05 11:30:00,38.140,38.880,38.080,38.710,2832150
2026-03-05 13:30:00,38.720,39.550,38.330,39.310,3690039
2026-03-05 14:00:00,39.290,39.970,39.200,39.290,2168300
2026-03-05 14:30:00,39.290,39.460,39.020,39.220,1582250
2026-03-05 15:00:00,39.220,39.680,39.090,39.270,3409365
2026-03-06 10:00:00,38.600,40.500,38.300,39.610,7473694
2026-03-06 10:30:00,39.610,39.920,39.450,39.710,2255000
2026-03-06 11:00:00,39.670,40.200,39.570,39.890,1591334
2026-03-06 11:30:00,39.890,40.000,39.650,39.830,1202053
2026-03-06 13:30:00,39.810,41.300,39.800,41.290,6252382
2026-03-06 14:00:00,41.300,42.000,40.880,40.900,5862725
2026-03-06 14:30:00,40.900,41.160,40.280,40.580,4064100
2026-03-06 15:00:00,40.590,40.990,40.370,40.900,2701590
2026-03-09 10:00:00,44.000,44.100,42.050,42.140,22951467
2026-03-09 10:30:00,42.140,43.000,40.910,41.290,9406400
2026-03-09 11:00:00,41.280,42.100,41.130,41.180,7141536
2026-03-09 11:30:00,41.190,42.060,40.600,40.960,5401200
2026-03-09 13:30:00,40.950,41.940,40.300,41.400,4988357
2026-03-09 14:00:00,41.400,41.440,39.980,40.160,4660800
2026-03-09 14:30:00,40.160,40.290,39.510,39.800,5467000
2026-03-09 15:00:00,39.790,39.940,39.110,39.160,6569667
2026-03-10 10:00:00,37.020,38.600,37.020,38.090,18947480
2026-03-10 10:30:00,38.090,38.400,37.460,37.530,5340638
2026-03-10 11:00:00,37.560,38.110,37.430,37.590,3845337
2026-03-10 11:30:00,37.590,38.080,37.590,37.740,1670187
2026-03-10 13:30:00,37.730,38.080,37.700,37.830,2494722
2026-03-10 14:00:00,37.830,37.990,37.340,37.460,3798100
2026-03-10 14:30:00,37.450,37.820,37.310,37.680,3676014
2026-03-10 15:00:00,37.670,37.710,37.400,37.600,4931979
2026-03-11 10:00:00,37.600,38.100,37.390,37.720,7840482
2026-03-11 10:30:00,37.710,38.480,37.700,38.480,4947700
2026-03-11 11:00:00,38.450,38.580,38.010,38.130,3268390
2026-03-11 11:30:00,38.130,38.180,37.680,37.710,3176400
2026-03-11 13:30:00,37.700,39.680,37.700,39.220,9676149
2026-03-11 14:00:00,39.220,40.430,39.100,39.770,7621150
2026-03-11 14:30:00,39.820,40.210,39.690,40.190,5364798
2026-03-11 15:00:00,40.190,40.300,39.930,40.190,4465601
2026-03-12 10:00:00,41.030,41.830,40.010,41.820,15588309
2026-03-12 10:30:00,41.820,41.920,41.300,41.850,6661700
2026-03-12 11:00:00,41.850,42.670,41.600,42.050,8111591
2026-03-12 11:30:00,42.050,42.150,41.490,41.700,2941270
2026-03-12 13:30:00,41.700,42.180,41.650,41.690,3854264
2026-03-12 14:00:00,41.690,41.810,41.270,41.390,3826688
2026-03-12 14:30:00,41.380,41.480,41.070,41.270,3520160
2026-03-12 15:00:00,41.270,41.420,41.010,41.230,3710085
2026-03-13 10:00:00,42.090,43.500,42.010,43.440,17396286
2026-03-13 10:30:00,43.440,43.450,42.300,42.300,6065322
2026-03-13 11:00:00,42.310,42.320,41.290,41.890,5895189
2026-03-13 11:30:00,41.900,42.200,41.250,41.640,3105925
2026-03-13 13:30:00,41.590,42.030,41.450,41.770,2275300
2026-03-13 14:00:00,41.760,42.320,41.390,41.640,2399858
2026-03-13 14:30:00,41.620,42.060,41.330,41.440,2629340
2026-03-13 15:00:00,41.440,41.700,41.150,41.410,3261142
2026-03-16 10:00:00,42.470,43.370,39.650,40.410,15934417
2026-03-16 10:30:00,40.330,40.410,38.700,38.930,11148297
2026-03-16 11:00:00,38.930,39.270,38.700,39.000,5843774
2026-03-16 11:30:00,39.010,39.030,38.560,38.900,3301326
2026-03-16 13:30:00,38.900,39.830,38.900,39.010,4907400
2026-03-16 14:00:00,39.000,39.280,38.710,38.920,3477479
2026-03-16 14:30:00,38.920,38.940,38.570,38.580,4313421
2026-03-16 15:00:00,38.570,39.340,38.510,39.210,4919095
2026-03-17 10:00:00,38.220,39.280,38.210,38.520,9514441
2026-03-17 10:30:00,38.480,38.790,38.010,38.090,5363917
2026-03-17 11:00:00,38.100,38.250,37.470,37.470,6960806
2026-03-17 11:30:00,37.470,37.550,37.100,37.270,5902494
2026-03-17 13:30:00,37.270,37.920,37.220,37.230,3272804
2026-03-17 14:00:00,37.240,37.520,37.120,37.120,2890617
2026-03-17 14:30:00,37.130,37.670,37.120,37.400,4069436
2026-03-17 15:00:00,37.400,37.550,37.240,37.330,4262911
2026-03-18 10:00:00,37.340,37.560,36.650,37.450,7782540
2026-03-18 10:30:00,37.450,37.480,36.750,36.860,4289493
2026-03-18 11:00:00,36.900,37.220,36.650,36.750,1976048
2026-03-18 11:30:00,36.750,37.200,36.650,37.160,1602488
2026-03-18 13:30:00,37.180,37.680,37.120,37.350,3251689
2026-03-18 14:00:00,37.350,37.840,37.310,37.820,1728300
2026-03-18 14:30:00,37.820,37.960,37.760,37.850,2869676
2026-03-18 15:00:00,37.860,37.990,37.760,37.800,2997666
2026-03-19 10:00:00,38.220,38.900,37.370,37.430,10811374
2026-03-19 10:30:00,37.430,37.500,36.280,36.430,4949300
2026-03-19 11:00:00,36.430,36.830,36.270,36.380,4510400
2026-03-19 11:30:00,36.360,36.880,36.230,36.450,2655350
2026-03-19 13:30:00,36.450,36.640,36.000,36.180,3490164
2026-03-19 14:00:00,36.200,36.640,36.180,36.480,3977154
2026-03-19 14:30:00,36.370,36.580,36.260,36.490,3229505
2026-03-19 15:00:00,36.480,36.640,36.260,36.450,3153581
2026-03-20 10:00:00,35.720,37.180,35.720,36.470,8062404
2026-03-20 10:30:00,36.470,36.590,36.200,36.290,3155320
2026-03-20 11:00:00,36.310,36.310,35.800,35.830,4207437
2026-03-20 11:30:00,35.830,36.140,35.700,36.120,4031439
2026-03-20 13:30:00,36.120,36.330,35.900,35.950,2338630
2026-03-20 14:00:00,35.950,36.150,35.880,35.890,2278112
2026-03-20 14:30:00,35.880,36.110,35.510,35.570,4971482
2026-03-20 15:00:00,35.560,35.700,35.260,35.550,6326461
2026-03-23 10:00:00,35.500,36.290,34.820,36.250,11090427
2026-03-23 10:30:00,36.250,36.810,36.160,36.220,6132046
2026-03-23 11:00:00,36.220,36.320,35.830,36.150,3319111
2026-03-23 11:30:00,36.160,36.350,35.900,35.990,2539915
2026-03-23 13:30:00,35.990,37.280,35.940,36.430,6590960
2026-03-23 14:00:00,36.430,36.550,36.070,36.090,2562900
2026-03-23 14:30:00,36.110,36.290,35.850,36.050,2892215
2026-03-23 15:00:00,36.070,36.200,35.780,35.970,2564646
2026-03-24 10:00:00,35.700,35.700,34.880,35.010,7407238
2026-03-24 10:30:00,35.020,35.300,34.690,34.990,3719491
2026-03-24 11:00:00,35.000,35.690,34.900,35.330,3477287
2026-03-24 11:30:00,35.320,35.350,35.030,35.070,2566049
2026-03-24 13:30:00,35.070,35.100,34.360,34.640,3832777
2026-03-24 14:00:00,34.630,34.770,34.550,34.650,2709600
2026-03-24 14:30:00,34.650,35.060,34.500,34.900,3164230
2026-03-24 15:00:00,34.900,35.010,34.800,34.930,2885501
2026-03-25 10:00:00,34.090,35.840,33.960,35.450,9693800
2026-03-25 10:30:00,35.520,35.520,34.610,34.750,4126593
2026-03-25 11:00:00,34.800,35.200,34.710,34.980,2394620
2026-03-25 11:30:00,34.980,35.150,34.690,34.700,1860900
2026-03-25 13:30:00,34.800,35.160,34.700,35.060,1116900
2026-03-25 14:00:00,35.140,35.140,34.740,34.780,1246665
2026-03-25 14:30:00,34.800,34.970,34.500,34.570,2344100
2026-03-25 15:00:00,34.570,34.810,34.440,34.750,3307727
2026-03-26 10:00:00,34.700,35.760,34.500,35.750,6619485
2026-03-26 10:30:00,35.750,35.760,35.280,35.380,2990137
2026-03-26 11:00:00,35.380,35.440,35.230,35.300,1384300
2026-03-26 11:30:00,35.290,35.430,35.240,35.280,1144300
2026-03-26 13:30:00,35.280,35.440,35.060,35.370,3195447
2026-03-26 14:00:00,35.370,35.800,35.310,35.370,3330930
2026-03-26 14:30:00,35.350,35.450,35.240,35.240,1656900
2026-03-26 15:00:00,35.260,35.420,35.260,35.300,2206104
2026-03-27 10:00:00,34.950,36.580,34.810,36.310,8674666
2026-03-27 10:30:00,36.310,36.760,36.090,36.360,4743188
2026-03-27 11:00:00,36.360,36.600,36.160,36.230,2513800
2026-03-27 11:30:00,36.240,36.600,36.230,36.530,2518560
2026-03-27 13:30:00,36.520,36.850,36.270,36.330,2481468
2026-03-27 14:00:00,36.310,36.390,36.040,36.070,1519100
2026-03-27 14:30:00,36.080,36.150,35.910,36.140,1451574
2026-03-27 15:00:00,36.140,36.380,36.130,36.310,2959202
2026-03-30 10:00:00,36.760,37.460,36.360,37.100,10021100
2026-03-30 10:30:00,37.100,37.350,36.720,36.870,3742800
2026-03-30 11:00:00,36.870,37.270,36.710,37.100,2648909
2026-03-30 11:30:00,37.090,37.440,37.070,37.290,1990305
2026-03-30 13:30:00,37.300,37.540,37.060,37.320,2760635
2026-03-30 14:00:00,37.300,37.610,37.270,37.390,2393836
2026-03-30 14:30:00,37.390,37.400,37.130,37.240,1855100
2026-03-30 15:00:00,37.230,37.260,36.990,37.170,2417213
2026-03-31 10:00:00,37.100,37.870,36.690,37.490,8831607
2026-03-31 10:30:00,37.460,37.570,36.900,36.980,3940500
2026-03-31 11:00:00,36.970,37.000,36.380,36.380,2002100
2026-03-31 11:30:00,36.380,36.510,36.050,36.170,2964430
2026-03-31 13:30:00,36.200,36.680,36.160,36.660,2312172
2026-03-31 14:00:00,36.680,36.840,36.480,36.700,1242500
2026-03-31 14:30:00,36.680,36.700,36.220,36.380,1266500
2026-03-31 15:00:00,36.380,36.480,36.150,36.200,2070735
2026-04-01 10:00:00,36.300,36.670,36.000,36.040,4691741
2026-04-01 10:30:00,36.030,36.730,36.000,36.630,2443036
2026-04-01 11:00:00,36.620,36.960,36.440,36.550,1887000
2026-04-01 11:30:00,36.550,36.570,36.170,36.200,1207400
2026-04-01 13:30:00,36.200,36.260,36.070,36.180,1589599
2026-04-01 14:00:00,36.190,36.560,36.030,36.480,2235000
2026-04-01 14:30:00,36.450,36.780,36.340,36.670,2723100
2026-04-01 15:00:00,36.670,36.770,36.500,36.500,3618718
2026-04-02 10:00:00,36.360,36.900,35.890,36.540,4783548
2026-04-02 10:30:00,36.520,36.540,36.050,36.100,3485000
2026-04-02 11:00:00,36.110,36.190,35.870,35.990,2512105
2026-04-02 11:30:00,35.990,36.040,35.540,35.610,2146812
2026-04-02 13:30:00,35.620,35.960,35.610,35.840,2064122
2026-04-02 14:00:00,35.850,35.940,35.480,35.480,1585700
2026-04-02 14:30:00,35.490,35.830,35.460,35.560,2513167
2026-04-02 15:00:00,35.560,35.730,35.410,35.630,3329221
