date,open,high,low,close,volume
2025-03-27 14:30:00,22.440,22.500,22.430,22.500,1874628
2025-03-27 15:00:00,22.500,22.520,22.470,22.480,2985524
2025-03-28 10:00:00,22.470,22.540,22.330,22.400,5118725
2025-03-28 10:30:00,22.410,22.450,22.350,22.360,2991090
2025-03-28 11:00:00,22.360,22.370,22.320,22.340,2467400
2025-03-28 11:30:00,22.350,22.360,22.260,22.280,3085990
2025-03-28 13:30:00,22.290,22.340,22.250,22.260,2333320
2025-03-28 14:00:00,22.270,22.410,22.260,22.410,2161815
2025-03-28 14:30:00,22.410,22.410,22.340,22.370,1935840
2025-03-28 15:00:00,22.370,22.390,22.330,22.330,3359234
2025-03-31 10:00:00,22.270,22.370,22.210,22.310,4660341
2025-03-31 10:30:00,22.310,22.350,22.250,22.270,2265857
2025-03-31 11:00:00,22.270,22.280,22.150,22.150,3681840
2025-03-31 11:30:00,22.160,22.160,22.030,22.060,4857884
2025-03-31 13:30:00,22.070,22.090,22.020,22.030,2712344
2025-03-31 14:00:00,22.040,22.080,22.000,22.050,2874702
2025-03-31 14:30:00,22.050,22.090,22.020,22.040,2575884
2025-03-31 15:00:00,22.040,22.050,21.900,21.900,8167558
2025-04-01 10:00:00,21.880,21.950,21.720,21.940,7503576
2025-04-01 10:30:00,21.930,22.140,21.920,22.120,4243120
2025-04-01 11:00:00,22.120,22.130,22.040,22.080,2115404
2025-04-01 11:30:00,22.080,22.120,22.060,22.110,2093276
2025-04-01 13:30:00,22.110,22.120,21.990,22.060,2910669
2025-04-01 14:00:00,22.070,22.080,22.000,22.020,1537880
2025-04-01 14:30:00,22.030,22.060,22.000,22.050,1534300
2025-04-01 15:00:00,22.050,22.120,22.050,22.110,3099385
2025-04-02 10:00:00,22.070,22.220,21.970,22.090,4489512
2025-04-02 10:30:00,22.100,22.140,22.070,22.130,1513640
2025-04-02 11:00:00,22.130,22.140,22.090,22.100,969104
2025-04-02 11:30:00,22.090,22.110,22.070,22.090,820600
2025-04-02 13:30:00,22.100,22.110,21.970,21.990,2726560
2025-04-02 14:00:00,21.990,22.050,21.940,21.960,2307394
2025-04-02 14:30:00,21.950,21.990,21.900,21.920,2824646
2025-04-02 15:00:00,21.920,21.950,21.900,21.900,3750400
2025-04-03 10:00:00,21.600,22.080,21.600,22.060,8483267
2025-04-03 10:30:00,22.050,22.350,22.030,22.310,10563755
2025-04-03 11:00:00,22.310,22.310,22.150,22.200,2535873
2025-04-03 11:30:00,22.200,22.310,22.190,22.250,4498119
2025-04-03 13:30:00,22.250,22.420,22.200,22.300,7580169
2025-04-03 14:00:00,22.300,22.340,22.230,22.330,1848880
2025-04-03 14:30:00,22.330,22.370,22.320,22.340,2782421
2025-04-03 15:00:00,22.350,22.350,22.300,22.330,3696955
2025-04-07 10:00:00,21.700,22.210,21.500,22.150,22396638
2025-04-07 10:30:00,22.180,22.260,22.000,22.120,12298718
2025-04-07 11:00:00,22.120,22.430,22.090,22.140,11192669
2025-04-07 11:30:00,22.150,22.220,21.910,22.000,4547039
2025-04-07 13:30:00,22.000,22.110,21.900,21.940,7452216
2025-04-07 14:00:00,21.940,22.040,21.650,21.880,8426500
2025-04-07 14:30:00,21.890,21.890,21.310,21.600,10447345
2025-04-07 15:00:00,21.600,22.300,21.540,21.860,11956229
2025-04-08 10:00:00,22.000,22.380,21.900,22.380,26526250
2025-04-08 10:30:00,22.370,22.640,22.320,22.430,15669322
2025-04-08 11:00:00,22.430,22.720,22.360,22.710,13771600
2025-04-08 11:30:00,22.710,22.920,22.680,22.910,10128004
2025-04-08 13:30:00,22.920,23.060,22.830,22.890,15526461
2025-04-08 14:00:00,22.890,23.060,22.860,23.000,10941413
2025-04-08 14:30:00,23.000,23.040,22.900,23.040,6613694
2025-04-08 15:00:00,23.040,23.250,23.000,23.170,16941124
2025-04-09 10:00:00,23.200,23.570,23.000,23.060,31528025
2025-04-09 10:30:00,23.070,23.550,23.040,23.460,11124860
2025-04-09 11:00:00,23.460,23.680,23.350,23.670,9174527
2025-04-09 11:30:00,23.680,23.880,23.520,23.780,11775077
2025-04-09 13:30:00,23.790,23.850,23.610,23.840,8042395
2025-04-09 14:00:00,23.840,23.910,23.780,23.790,8993971
2025-04-09 14:30:00,23.790,23.900,23.750,23.830,6767520
2025-04-09 15:00:00,23.830,23.960,23.790,23.960,12030065
2025-04-10 10:00:00,24.600,24.650,23.510,23.600,23166112
2025-04-10 10:30:00,23.620,23.680,23.450,23.540,8971272
2025-04-10 11:00:00,23.540,23.590,23.400,23.410,6299280
2025-04-10 11:30:00,23.400,23.520,23.360,23.390,5734423
2025-04-10 13:30:00,23.390,23.500,23.300,23.420,4374158
2025-04-10 14:00:00,23.420,23.440,23.330,23.350,3497971
2025-04-10 14:30:00,23.350,23.430,23.300,23.370,5094551
2025-04-10 15:00:00,23.360,23.400,23.300,23.360,8111188
2025-04-11 10:00:00,23.940,23.960,23.180,23.280,15239802
2025-04-11 10:30:00,23.290,23.290,23.010,23.030,7634749
2025-04-11 11:00:00,23.040,23.150,23.030,23.120,3406003
2025-04-11 11:30:00,23.120,23.330,23.110,23.280,3069350
2025-04-11 13:30:00,23.280,23.360,23.190,23.320,3634328
2025-04-11 14:00:00,23.310,23.390,23.260,23.320,3210300
2025-04-11 14:30:00,23.320,23.390,23.300,23.350,2847236
2025-04-11 15:00:00,23.350,23.430,23.330,23.360,5633264
2025-04-14 10:00:00,23.380,23.430,23.080,23.340,6813669
2025-04-14 10:30:00,23.340,23.370,23.170,23.200,4010800
2025-04-14 11:00:00,23.210,23.220,23.120,23.180,2729712
2025-04-14 11:30:00,23.190,23.220,23.130,23.170,1878124
2025-04-14 13:30:00,23.180,23.200,23.120,23.190,1663749
2025-04-14 14:00:00,23.190,23.310,23.150,23.290,1777643
2025-04-14 14:30:00,23.300,23.480,23.280,23.450,4755893
2025-04-14 15:00:00,23.450,23.480,23.380,23.410,4682885
2025-04-15 10:00:00,23.450,23.510,23.280,23.320,4645156
2025-04-15 10:30:00,23.330,23.450,23.300,23.320,2648988
2025-04-15 11:00:00,23.330,23.340,23.230,23.250,2084000
2025-04-15 11:30:00,23.260,23.400,23.240,23.360,1827864
2025-04-15 13:30:00,23.360,23.540,23.330,23.470,3733728
2025-04-15 14:00:00,23.470,23.540,23.380,23.390,2127724
2025-04-15 14:30:00,23.390,23.460,23.360,23.440,1510744
2025-04-15 15:00:00,23.430,23.530,23.400,23.510,4497390
2025-04-16 10:00:00,23.520,23.520,23.240,23.370,3829376
2025-04-16 10:30:00,23.360,23.440,23.250,23.310,2971064
2025-04-16 11:00:00,23.290,23.310,23.170,23.230,2076100
2025-04-16 11:30:00,23.220,23.380,23.210,23.340,2651855
2025-04-16 13:30:00,23.340,23.400,23.200,23.280,3294979
2025-04-16 14:00:00,23.290,23.400,23.260,23.330,2354704
2025-04-16 14:30:00,23.330,23.360,23.270,23.320,1769353
2025-04-16 15:00:00,23.310,23.640,23.270,23.630,11453525
2025-04-17 10:00:00,23.570,23.570,23.390,23.430,4954104
2025-04-17 10:30:00,23.430,23.490,23.350,23.410,2102600
2025-04-17 11:00:00,23.400,23.480,23.380,23.430,1221148
2025-04-17 11:30:00,23.430,23.470,23.400,23.420,1106493
2025-04-17 13:30:00,23.430,23.440,23.370,23.420,1662614
2025-04-17 14:00:00,23.410,23.440,23.390,23.400,958400
2025-04-17 14:30:00,23.390,23.490,23.380,23.380,1980528
2025-04-17 15:00:00,23.380,23.600,23.330,23.600,7720639
2025-04-18 10:00:00,23.400,23.430,23.340,23.360,2358275
2025-04-18 10:30:00,23.360,23.360,23.330,23.340,966616
2025-04-18 11:00:00,23.340,23.350,23.280,23.300,1631017
2025-04-18 11:30:00,23.290,23.340,23.270,23.330,860300
2025-04-18 13:30:00,23.320,23.340,23.290,23.290,808756
2025-04-18 14:00:00,23.300,23.330,23.260,23.300,2160023
2025-04-18 14:30:00,23.290,23.310,23.270,23.290,1701646
2025-04-18 15:00:00,23.290,23.380,23.260,23.300,4605396
2025-04-21 10:00:00,23.210,23.390,23.160,23.190,3417264
2025-04-21 10:30:00,23.190,23.260,23.170,23.180,2302672
2025-04-21 11:00:00,23.200,23.240,23.100,23.150,2576884
2025-04-21 11:30:00,23.160,23.180,23.120,23.150,1132800
2025-04-21 13:30:00,23.160,23.190,23.120,23.170,1448589
2025-04-21 14:00:00,23.180,23.220,23.150,23.210,1293618
2025-04-21 14:30:00,23.210,23.260,23.200,23.220,1103593
2025-04-21 15:00:00,23.220,23.240,23.160,23.170,2276200
2025-04-22 10:00:00,23.170,23.330,23.050,23.320,4723781
2025-04-22 10:30:00,23.330,23.380,23.200,23.250,2996837
2025-04-22 11:00:00,23.250,23.250,23.180,23.230,1026800
2025-04-22 11:30:00,23.240,23.250,23.140,23.160,1105920
2025-04-22 13:30:00,23.150,23.210,23.130,23.180,1441904
2025-04-22 14:00:00,23.190,23.200,23.140,23.150,1192080
2025-04-22 14:30:00,23.160,23.170,23.110,23.120,1366800
2025-04-22 15:00:00,23.110,23.120,23.060,23.060,3310793
2025-04-23 10:00:00,23.210,23.210,22.850,22.950,6439376
2025-04-23 10:30:00,22.940,23.060,22.820,23.040,3260656
2025-04-23 11:00:00,23.040,23.050,22.920,22.980,2435300
2025-04-23 11:30:00,22.990,23.030,22.910,22.930,1578900
2025-04-23 13:30:00,22.940,23.000,22.930,22.950,1713756
2025-04-23 14:00:00,22.950,23.000,22.940,22.970,2030145
2025-04-23 14:30:00,22.980,22.990,22.890,22.910,3062712
2025-04-23 15:00:00,22.900,22.940,22.890,22.900,2886804
2025-04-24 10:00:00,22.900,23.030,22.870,22.980,3863020
2025-04-24 10:30:00,22.980,23.070,22.980,23.040,2209940
2025-04-24 11:00:00,23.050,23.150,22.950,23.140,3366859
2025-04-24 11:30:00,23.140,23.140,23.010,23.100,1463800
2025-04-24 13:30:00,23.110,23.200,23.070,23.120,2517620
2025-04-24 14:00:00,23.130,23.150,23.110,23.120,1094874
2025-04-24 14:30:00,23.130,23.150,23.090,23.130,1249205
2025-04-24 15:00:00,23.130,23.150,23.100,23.130,2055461
2025-04-25 10:00:00,23.200,23.280,23.020,23.130,5003800
2025-04-25 10:30:00,23.130,23.140,23.040,23.080,1747450
2025-04-25 11:00:00,23.080,23.100,22.940,22.970,3529656
2025-04-25 11:30:00,22.960,23.040,22.950,22.990,2070255
2025-04-25 13:30:00,22.990,23.020,22.940,22.950,2265500
2025-04-25 14:00:00,22.950,22.950,22.910,22.910,1616700
2025-04-25 14:30:00,22.920,22.920,22.850,22.910,3206452
2025-04-25 15:00:00,22.900,22.950,22.880,22.880,3850968
2025-04-28 10:00:00,22.880,23.160,22.880,22.930,4418270
2025-04-28 10:30:00,22.930,23.080,22.920,23.020,2141952
2025-04-28 11:00:00,23.010,23.090,22.990,23.080,1280515
2025-04-28 11:30:00,23.080,23.180,23.060,23.130,2625065
2025-04-28 13:30:00,23.130,23.150,23.050,23.080,1201457
2025-04-28 14:00:00,23.090,23.130,23.070,23.110,814329
2025-04-28 14:30:00,23.100,23.120,23.070,23.080,928600
2025-04-28 15:00:00,23.080,23.100,23.070,23.100,2070572
2025-04-29 10:00:00,22.960,23.000,22.170,22.220,19581679
2025-04-29 10:30:00,22.220,22.390,22.170,22.220,9045147
2025-04-29 11:00:00,22.210,22.310,22.180,22.250,3124126
2025-04-29 11:30:00,22.260,22.270,22.200,22.250,1949977
2025-04-29 13:30:00,22.250,22.350,22.210,22.220,4002300
2025-04-29 14:00:00,22.210,22.300,22.200,22.220,2584336
2025-04-29 14:30:00,22.220,22.290,22.220,22.240,2516038
2025-04-29 15:00:00,22.240,22.310,22.150,22.210,10186092
2025-04-30 10:00:00,22.210,22.270,22.100,22.190,4906100
2025-04-30 10:30:00,22.180,22.290,22.180,22.250,2013330
2025-04-30 11:00:00,22.260,22.290,22.220,22.220,1509320
2025-04-30 11:30:00,22.220,22.230,22.180,22.190,1687200
2025-04-30 13:30:00,22.190,22.200,22.120,22.150,3105339
2025-04-30 14:00:00,22.150,22.210,22.130,22.170,1842444
2025-04-30 14:30:00,22.170,22.200,22.150,22.170,2136846
2025-04-30 15:00:00,22.160,22.250,22.150,22.150,6374175
2025-05-06 10:00:00,22.130,22.270,22.030,22.110,8617360
2025-05-06 10:30:00,22.120,22.230,22.080,22.170,6539620
2025-05-06 11:00:00,22.170,22.190,22.100,22.130,3260448
2025-05-06 11:30:00,22.120,22.210,22.120,22.180,2407336
2025-05-06 13:30:00,22.190,22.250,22.180,22.220,2358914
2025-05-06 14:00:00,22.210,22.240,22.180,22.200,1805541
2025-05-06 14:30:00,22.200,22.260,22.200,22.250,2837724
2025-05-06 15:00:00,22.260,22.320,22.240,22.320,4550821
2025-05-07 10:00:00,22.710,22.710,22.300,22.400,10538461
2025-05-07 10:30:00,22.390,22.450,22.320,22.440,4057652
2025-05-07 11:00:00,22.440,22.540,22.380,22.430,3576543
2025-05-07 11:30:00,22.430,22.550,22.400,22.510,3119420
2025-05-07 13:30:00,22.510,22.520,22.390,22.420,2799921
2025-05-07 14:00:00,22.420,22.450,22.360,22.370,1553800
2025-05-07 14:30:00,22.370,22.540,22.350,22.520,4401110
2025-05-07 15:00:00,22.520,22.600,22.460,22.600,8785242
2025-05-08 10:00:00,22.500,22.790,22.380,22.790,7810590
2025-05-08 10:30:00,22.790,22.790,22.660,22.760,2396900
2025-05-08 11:00:00,22.770,22.880,22.740,22.850,3914011
2025-05-08 11:30:00,22.860,22.950,22.840,22.920,3070400
2025-05-08 13:30:00,22.920,22.960,22.810,22.840,3107900
2025-05-08 14:00:00,22.850,22.910,22.840,22.900,2412764
2025-05-08 14:30:00,22.900,22.910,22.860,22.910,2414428
2025-05-08 15:00:00,22.910,22.940,22.890,22.920,5066691
2025-05-09 10:00:00,22.920,22.980,22.820,22.930,4220299
2025-05-09 10:30:00,22.930,22.970,22.880,22.900,1852118
2025-05-09 11:00:00,22.900,22.910,22.800,22.800,1526000
2025-05-09 11:30:00,22.810,22.850,22.760,22.780,1928080
2025-05-09 13:30:00,22.790,22.820,22.770,22.810,1610929
2025-05-09 14:00:00,22.810,22.850,22.770,22.790,1460360
2025-05-09 14:30:00,22.800,22.870,22.740,22.800,2655704
2025-05-09 15:00:00,22.810,22.890,22.800,22.890,2790873
2025-05-12 10:00:00,22.960,23.050,22.790,23.050,4927632
2025-05-12 10:30:00,23.050,23.180,23.010,23.070,3592240
2025-05-12 11:00:00,23.080,23.080,22.910,22.960,2507304
2025-05-12 11:30:00,22.960,22.970,22.920,22.950,1057300
2025-05-12 13:30:00,22.950,22.980,22.910,22.910,1519690
2025-05-12 14:00:00,22.910,22.920,22.850,22.870,1750860
2025-05-12 14:30:00,22.870,22.900,22.840,22.900,2754176
2025-05-12 15:00:00,22.900,22.960,22.870,22.960,3464480
2025-05-13 10:00:00,22.990,23.050,22.740,22.890,6765442
2025-05-13 10:30:00,22.900,22.900,22.760,22.800,2390620
2025-05-13 11:00:00,22.800,22.810,22.720,22.780,2812394
2025-05-13 11:30:00,22.780,22.840,22.750,22.770,1155407
2025-05-13 13:30:00,22.780,22.940,22.770,22.920,2359101
2025-05-13 14:00:00,22.910,22.940,22.870,22.900,1196714
2025-05-13 14:30:00,22.900,22.970,22.890,22.960,1568300
2025-05-13 15:00:00,22.960,22.990,22.960,22.990,2814576
2025-05-14 10:00:00,22.930,22.950,22.800,22.840,3018500
2025-05-14 10:30:00,22.830,22.880,22.810,22.810,1166300
2025-05-14 11:00:00,22.820,22.840,22.780,22.810,1506000
2025-05-14 11:30:00,22.820,22.890,22.810,22.860,1134181
2025-05-14 13:30:00,22.850,22.980,22.840,22.940,2367852
2025-05-14 14:00:00,22.940,23.100,22.930,23.010,4642019
2025-05-14 14:30:00,23.000,23.050,22.940,23.020,2265556
2025-05-14 15:00:00,23.030,23.050,23.000,23.040,3160400
2025-05-15 10:00:00,22.970,23.100,22.940,22.950,3051436
2025-05-15 10:30:00,22.950,22.990,22.860,22.890,2277198
2025-05-15 11:00:00,22.900,22.950,22.850,22.860,1514711
2025-05-15 11:30:00,22.870,22.870,22.830,22.840,1120092
2025-05-15 13:30:00,22.850,22.890,22.820,22.820,1232874
2025-05-15 14:00:00,22.820,22.860,22.810,22.820,1129050
2025-05-15 14:30:00,22.820,22.900,22.810,22.870,1578864
2025-05-15 15:00:00,22.870,22.870,22.800,22.830,3043684
2025-05-16 10:00:00,22.800,22.880,22.690,22.720,4387788
2025-05-16 10:30:00,22.730,22.750,22.590,22.610,3248353
2025-05-16 11:00:00,22.610,22.690,22.600,22.650,1272566
2025-05-16 11:30:00,22.650,22.700,22.630,22.660,898900
2025-05-16 13:30:00,22.670,22.700,22.630,22.630,1250500
2025-05-16 14:00:00,22.640,22.660,22.600,22.600,1491910
2025-05-16 14:30:00,22.610,22.630,22.550,22.600,2575758
2025-05-16 15:00:00,22.600,22.700,22.580,22.660,4161222
2025-05-19 10:00:00,22.720,22.880,22.620,22.870,4454388
2025-05-19 10:30:00,22.870,22.890,22.790,22.860,1654638
2025-05-19 11:00:00,22.850,22.900,22.830,22.860,1124900
2025-05-19 11:30:00,22.870,22.900,22.860,22.870,589879
2025-05-19 13:30:00,22.880,22.890,22.820,22.870,761200
2025-05-19 14:00:00,22.860,22.890,22.860,22.860,820444
2025-05-19 14:30:00,22.870,22.930,22.870,22.920,1664740
2025-05-19 15:00:00,22.920,22.940,22.900,22.900,2349120
2025-05-20 10:00:00,22.950,22.980,22.770,22.860,3211344
2025-05-20 10:30:00,22.850,22.890,22.720,22.720,3200447
2025-05-20 11:00:00,22.730,22.810,22.720,22.790,1677708
2025-05-20 11:30:00,22.790,22.920,22.790,22.910,1979181
2025-05-20 13:30:00,22.910,22.960,22.870,22.890,2771156
2025-05-20 14:00:00,22.880,22.940,22.850,22.870,2004628
2025-05-20 14:30:00,22.880,22.930,22.870,22.890,2024335
2025-05-20 15:00:00,22.880,22.920,22.850,22.920,3119911
2025-05-21 10:00:00,22.870,22.980,22.820,22.830,2992500
2025-05-21 10:30:00,22.830,22.920,22.820,22.900,1563641
2025-05-21 11:00:00,22.900,22.950,22.890,22.950,1995400
2025-05-21 11:30:00,22.950,22.980,22.920,22.920,1986065
2025-05-21 13:30:00,22.920,22.930,22.890,22.900,1006182
2025-05-21 14:00:00,22.900,22.910,22.850,22.860,1178938
2025-05-21 14:30:00,22.860,22.860,22.830,22.850,1306479
2025-05-21 15:00:00,22.840,22.860,22.770,22.770,3083235
2025-05-22 10:00:00,22.740,23.050,22.740,22.940,4819976
2025-05-22 10:30:00,22.930,22.960,22.920,22.950,1204493
2025-05-22 11:00:00,22.950,22.990,22.920,22.920,2308900
2025-05-22 11:30:00,22.920,22.990,22.910,22.960,3013212
2025-05-22 13:30:00,22.970,23.030,22.920,22.950,2099600
2025-05-22 14:00:00,22.950,23.080,22.940,23.080,3949209
2025-05-22 14:30:00,23.080,23.090,23.020,23.050,1653700
2025-05-22 15:00:00,23.050,23.080,23.010,23.080,3428596
2025-05-23 10:00:00,23.000,23.150,22.980,23.000,3595688
2025-05-23 10:30:00,23.000,23.010,22.870,22.900,2291787
2025-05-23 11:00:00,22.900,22.950,22.880,22.950,1031213
2025-05-23 11:30:00,22.950,22.980,22.910,22.920,931364
2025-05-23 13:30:00,22.930,22.930,22.710,22.780,5194700
2025-05-23 14:00:00,22.790,22.790,22.650,22.670,3075804
2025-05-23 14:30:00,22.660,22.670,22.500,22.520,5761789
2025-05-23 15:00:00,22.530,22.560,22.450,22.450,5089655
2025-05-26 10:00:00,22.440,22.720,22.440,22.550,3242152
2025-05-26 10:30:00,22.550,22.560,22.450,22.500,2191370
2025-05-26 11:00:00,22.500,22.510,22.390,22.430,1951866
2025-05-26 11:30:00,22.430,22.430,22.320,22.350,1746993
2025-05-26 13:30:00,22.360,22.390,22.240,22.250,2775932
2025-05-26 14:00:00,22.260,22.280,22.220,22.240,2578122
2025-05-26 14:30:00,22.240,22.250,22.180,22.220,3531846
2025-05-26 15:00:00,22.220,22.250,22.180,22.240,3430606
2025-05-27 10:00:00,22.240,22.330,22.120,22.260,2950511
2025-05-27 10:30:00,22.270,22.310,22.200,22.240,2097516
2025-05-27 11:00:00,22.240,22.300,22.240,22.280,823743
2025-05-27 11:30:00,22.270,22.320,22.260,22.280,853927
2025-05-27 13:30:00,22.280,22.330,22.260,22.270,1089800
2025-05-27 14:00:00,22.270,22.290,22.210,22.230,837100
2025-05-27 14:30:00,22.230,22.250,22.200,22.200,1517796
2025-05-27 15:00:00,22.210,22.210,22.110,22.110,4266731
2025-05-28 10:00:00,22.140,22.300,22.070,22.280,4085232
2025-05-28 10:30:00,22.280,22.290,22.140,22.150,2248188
2025-05-28 11:00:00,22.150,22.180,22.140,22.150,1382200
2025-05-28 11:30:00,22.150,22.180,22.120,22.120,1049683
2025-05-28 13:30:00,22.130,22.140,22.070,22.090,1949961
2025-05-28 14:00:00,22.090,22.110,22.080,22.090,1203864
2025-05-28 14:30:00,22.100,22.100,22.060,22.080,1719940
2025-05-28 15:00:00,22.090,22.100,22.040,22.040,3169346
2025-05-29 10:00:00,22.110,22.170,22.000,22.120,3357360
2025-05-29 10:30:00,22.110,22.190,22.080,22.130,2078940
2025-05-29 11:00:00,22.130,22.260,22.080,22.220,3557144
2025-05-29 11:30:00,22.220,22.250,22.170,22.230,1067100
2025-05-29 13:30:00,22.230,22.240,22.160,22.180,1143500
2025-05-29 14:00:00,22.170,22.210,22.160,22.180,894000
2025-05-29 14:30:00,22.180,22.200,22.130,22.170,1422501
2025-05-29 15:00:00,22.170,22.200,22.150,22.180,2654546
2025-05-30 10:00:00,22.110,22.170,21.960,21.960,6891200
2025-05-30 10:30:00,21.960,21.980,21.870,21.940,4632949
2025-05-30 11:00:00,21.940,22.060,21.920,22.050,1768605
2025-05-30 11:30:00,22.040,22.120,22.030,22.090,1726199
2025-05-30 13:30:00,22.090,22.170,22.060,22.160,1994700
2025-05-30 14:00:00,22.160,22.260,22.160,22.230,3176040
2025-05-30 14:30:00,22.230,22.280,22.230,22.260,2787684
2025-05-30 15:00:00,22.270,22.300,22.190,22.190,4606828
2025-06-03 10:00:00,21.970,22.120,21.820,22.020,7497629
2025-06-03 10:30:00,22.030,22.060,21.970,21.980,2744748
2025-06-03 11:00:00,21.990,22.000,21.860,21.890,5783056
2025-06-03 11:30:00,21.880,21.960,21.860,21.890,4460820
2025-06-03 13:30:00,21.890,21.960,21.810,21.810,6603054
2025-06-03 14:00:00,21.810,21.940,21.800,21.920,4885385
2025-06-03 14:30:00,21.930,21.930,21.850,21.880,2896120
2025-06-03 15:00:00,21.880,21.890,21.840,21.850,6999211
2025-06-04 10:00:00,21.850,21.990,21.800,21.870,6373752
2025-06-04 10:30:00,21.880,21.930,21.850,21.860,3835340
2025-06-04 11:00:00,21.860,21.870,21.830,21.850,3549812
2025-06-04 11:30:00,21.840,21.880,21.820,21.830,3405427
2025-06-04 13:30:00,21.830,21.890,21.720,21.790,7538156
2025-06-04 14:00:00,21.790,21.880,21.790,21.830,3765492
2025-06-04 14:30:00,21.830,21.950,21.830,21.880,5883067
2025-06-04 15:00:00,21.880,21.880,21.830,21.860,5868309
2025-06-05 10:00:00,21.980,22.070,21.880,22.030,10444801
2025-06-05 10:30:00,22.040,22.080,22.010,22.070,3298431
2025-06-05 11:00:00,22.070,22.140,22.060,22.090,5123600
2025-06-05 11:30:00,22.080,22.140,22.050,22.090,3325700
2025-06-05 13:30:00,22.090,22.120,22.070,22.090,2336632
2025-06-05 14:00:00,22.070,22.100,22.060,22.100,2044220
2025-06-05 14:30:00,22.090,22.130,22.080,22.110,3454341
2025-06-05 15:00:00,22.110,22.140,22.100,22.110,3947103
2025-06-06 10:00:00,22.140,22.280,22.030,22.220,8033463
2025-06-06 10:30:00,22.220,22.320,22.190,22.300,4484323
2025-06-06 11:00:00,22.300,22.430,22.300,22.420,4226793
2025-06-06 11:30:00,22.410,22.460,22.400,22.440,4052311
2025-06-06 13:30:00,22.440,22.440,22.360,22.420,3622833
2025-06-06 14:00:00,22.430,22.470,22.350,22.370,4364539
2025-06-06 14:30:00,22.370,22.420,22.360,22.390,2908753
2025-06-06 15:00:00,22.410,22.410,22.360,22.370,3034212
2025-06-09 10:00:00,22.370,22.440,22.150,22.270,7052975
2025-06-09 10:30:00,22.260,22.400,22.240,22.310,3488129
2025-06-09 11:00:00,22.310,22.320,22.240,22.270,2793855
2025-06-09 11:30:00,22.270,22.280,22.220,22.230,2360708
2025-06-09 13:30:00,22.230,22.350,22.210,22.330,2473244
2025-06-09 14:00:00,22.330,22.360,22.290,22.330,2590600
2025-06-09 14:30:00,22.330,22.350,22.280,22.290,2773600
2025-06-09 15:00:00,22.300,22.320,22.250,22.300,3258416
2025-06-10 10:00:00,22.310,22.390,22.250,22.370,3513937
2025-06-10 10:30:00,22.370,22.370,22.280,22.310,2374718
2025-06-10 11:00:00,22.320,22.330,22.270,22.330,2565350
2025-06-10 11:30:00,22.330,22.350,22.290,22.310,1620262
2025-06-10 13:30:00,22.310,22.340,22.110,22.120,5374100
2025-06-10 14:00:00,22.120,22.190,22.100,22.140,3979538
2025-06-10 14:30:00,22.140,22.230,22.110,22.200,3334500
2025-06-10 15:00:00,22.200,22.260,22.150,22.180,4201616
2025-06-11 10:00:00,22.180,22.300,22.130,22.280,5671766
2025-06-11 10:30:00,22.270,22.300,22.190,22.230,3358693
2025-06-11 11:00:00,22.230,22.240,22.180,22.180,2362773
2025-06-11 11:30:00,22.180,22.240,22.170,22.220,2135055
2025-06-11 13:30:00,22.230,22.300,22.200,22.250,2819000
2025-06-11 14:00:00,22.250,22.300,22.240,22.270,3449374
2025-06-11 14:30:00,22.270,22.330,22.270,22.310,3667131
2025-06-11 15:00:00,22.320,22.340,22.270,22.270,4003339
2025-06-12 10:00:00,22.280,22.580,22.230,22.350,6840415
2025-06-12 10:30:00,22.350,22.450,22.330,22.430,2119256
2025-06-12 11:00:00,22.430,22.490,22.420,22.450,2364866
2025-06-12 11:30:00,22.450,22.470,22.390,22.410,1771080
2025-06-12 13:30:00,22.410,22.460,22.380,22.420,2127355
2025-06-12 14:00:00,22.410,22.450,22.390,22.420,2135814
2025-06-12 14:30:00,22.420,22.450,22.420,22.440,1900173
2025-06-12 15:00:00,22.450,22.450,22.390,22.390,3154764
2025-06-13 10:00:00,22.390,22.500,22.310,22.440,4862581
2025-06-13 10:30:00,22.430,22.470,22.330,22.380,3628201
2025-06-13 11:00:00,22.390,22.450,22.350,22.410,2352300
2025-06-13 11:30:00,22.400,22.450,22.390,22.430,2131131
2025-06-13 13:30:00,22.440,22.440,22.390,22.420,2280940
2025-06-13 14:00:00,22.400,22.440,22.390,22.430,1981434
2025-06-13 14:30:00,22.440,22.450,22.410,22.420,2199383
2025-06-13 15:00:00,22.420,22.430,22.360,22.380,3499653
2025-06-16 10:00:00,22.350,22.400,22.170,22.200,5393793
2025-06-16 10:30:00,22.200,22.250,22.160,22.240,2577028
2025-06-16 11:00:00,22.240,22.380,22.230,22.380,2299794
2025-06-16 11:30:00,22.370,22.440,22.360,22.420,1819549
2025-06-16 13:30:00,22.420,22.440,22.410,22.430,2377376
2025-06-16 14:00:00,22.430,22.480,22.430,22.470,2520117
2025-06-16 14:30:00,22.470,22.490,22.460,22.470,2337480
2025-06-16 15:00:00,22.470,22.490,22.450,22.450,2893496
2025-06-17 10:00:00,22.450,22.520,22.400,22.450,3641059
2025-06-17 10:30:00,22.450,22.460,22.410,22.430,1220649
2025-06-17 11:00:00,22.430,22.440,22.380,22.410,1252295
2025-06-17 11:30:00,22.410,22.460,22.400,22.420,708001
2025-06-17 13:30:00,22.430,22.490,22.410,22.470,2255657
2025-06-17 14:00:00,22.480,22.510,22.460,22.500,2197908
2025-06-17 14:30:00,22.500,22.560,22.490,22.540,3236344
2025-06-17 15:00:00,22.540,22.560,22.510,22.540,3371726
2025-06-18 10:00:00,22.500,22.750,22.490,22.710,5809746
2025-06-18 10:30:00,22.710,22.750,22.650,22.700,4411242
2025-06-18 11:00:00,22.700,22.790,22.680,22.720,2567100
2025-06-18 11:30:00,22.720,22.720,22.660,22.680,901078
2025-06-18 13:30:00,22.690,22.700,22.590,22.620,2206792
2025-06-18 14:00:00,22.620,22.640,22.600,22.610,1411000
2025-06-18 14:30:00,22.620,22.630,22.560,22.570,1509736
2025-06-18 15:00:00,22.570,22.620,22.560,22.580,2350639
2025-06-19 10:00:00,22.540,22.610,22.470,22.480,2845380
2025-06-19 10:30:00,22.490,22.530,22.400,22.510,2456620
2025-06-19 11:00:00,22.500,22.640,22.500,22.590,3029167
2025-06-19 11:30:00,22.600,22.620,22.500,22.510,2055112
2025-06-19 13:30:00,22.510,22.710,22.500,22.710,4183504
2025-06-19 14:00:00,22.710,22.750,22.690,22.720,3485871
2025-06-19 14:30:00,22.720,22.760,22.680,22.710,6043582
2025-06-19 15:00:00,22.700,22.740,22.350,22.480,14775755
2025-06-20 10:00:00,22.610,22.930,22.490,22.690,8887186
2025-06-20 10:30:00,22.700,22.830,22.630,22.630,3039692
2025-06-20 11:00:00,22.640,22.710,22.610,22.640,2161000
2025-06-20 11:30:00,22.640,22.670,22.630,22.660,963957
2025-06-20 13:30:00,22.660,22.770,22.640,22.740,2395385
2025-06-20 14:00:00,22.740,22.740,22.680,22.710,2214694
2025-06-20 14:30:00,22.710,22.710,22.610,22.670,3321722
2025-06-20 15:00:00,22.660,22.820,22.660,22.820,6606539
2025-06-23 10:00:00,22.700,22.750,22.410,22.460,7630202
2025-06-23 10:30:00,22.460,22.520,22.390,22.500,4245024
2025-06-23 11:00:00,22.490,22.670,22.470,22.640,1706400
2025-06-23 11:30:00,22.630,22.670,22.600,22.600,903475
2025-06-23 13:30:00,22.600,22.650,22.580,22.600,1284688
2025-06-23 14:00:00,22.610,22.730,22.600,22.720,1629400
2025-06-23 14:30:00,22.720,22.820,22.710,22.790,2627364
2025-06-23 15:00:00,22.790,22.830,22.760,22.760,2312965
2025-06-24 10:00:00,22.770,22.830,22.550,22.730,6749876
2025-06-24 10:30:00,22.710,22.830,22.700,22.780,4705138
2025-06-24 11:00:00,22.780,22.790,22.680,22.720,2593072
2025-06-24 11:30:00,22.720,22.740,22.670,22.690,1928986
2025-06-24 13:30:00,22.680,22.710,22.600,22.610,3489277
2025-06-24 14:00:00,22.620,22.670,22.610,22.650,2413128
2025-06-24 14:30:00,22.650,22.670,22.630,22.660,2662410
2025-06-24 15:00:00,22.670,22.670,22.610,22.620,4558373
2025-06-25 10:00:00,22.620,22.680,22.470,22.640,5401508
2025-06-25 10:30:00,22.640,22.690,22.620,22.650,2109944
2025-06-25 11:00:00,22.640,22.680,22.570,22.600,1753184
2025-06-25 11:30:00,22.610,22.710,22.600,22.690,2322792
2025-06-25 13:30:00,22.690,22.740,22.650,22.690,2744460
2025-06-25 14:00:00,22.680,22.790,22.670,22.780,2523786
2025-06-25 14:30:00,22.780,22.910,22.780,22.880,4850197
2025-06-25 15:00:00,22.880,22.890,22.800,22.830,4469319
2025-06-26 10:00:00,22.770,22.930,22.730,22.860,4560537
2025-06-26 10:30:00,22.860,22.900,22.820,22.880,2523209
2025-06-26 11:00:00,22.890,22.900,22.790,22.830,2849640
2025-06-26 11:30:00,22.820,22.850,22.800,22.830,1412364
2025-06-26 13:30:00,22.820,22.890,22.800,22.830,2509673
2025-06-26 14:00:00,22.830,22.870,22.790,22.800,2294660
2025-06-26 14:30:00,22.800,22.820,22.760,22.770,2450949
2025-06-26 15:00:00,22.760,22.780,22.730,22.730,3076624
2025-06-27 10:00:00,22.370,22.380,22.170,22.300,5871264
2025-06-27 10:30:00,22.300,22.320,22.270,22.280,2075310
2025-06-27 11:00:00,22.290,22.330,22.240,22.310,1941600
2025-06-27 11:30:00,22.310,22.320,22.260,22.300,1204484
2025-06-27 13:30:00,22.300,22.370,22.270,22.350,2163761
2025-06-27 14:00:00,22.340,22.360,22.260,22.260,2253300
2025-06-27 14:30:00,22.260,22.280,22.240,22.240,1984900
2025-06-27 15:00:00,22.250,22.280,22.230,22.260,3347057
2025-06-30 10:00:00,22.300,22.400,22.180,22.190,5819487
2025-06-30 10:30:00,22.190,22.310,22.180,22.300,2909613
2025-06-30 11:00:00,22.310,22.330,22.260,22.280,1817446
2025-06-30 11:30:00,22.280,22.390,22.270,22.370,2395420
2025-06-30 13:30:00,22.360,22.440,22.340,22.360,3131812
2025-06-30 14:00:00,22.360,22.390,22.320,22.350,1892485
2025-06-30 14:30:00,22.350,22.450,22.330,22.450,2589957
2025-06-30 15:00:00,22.450,22.460,22.410,22.410,3009068
2025-07-01 10:00:00,22.420,22.430,22.290,22.290,3465360
2025-07-01 10:30:00,22.300,22.330,22.270,22.300,2485373
2025-07-01 11:00:00,22.310,22.360,22.270,22.280,1851838
2025-07-01 11:30:00,22.280,22.310,22.250,22.260,2189800
2025-07-01 13:30:00,22.250,22.270,22.190,22.210,3790618
2025-07-01 14:00:00,22.210,22.240,22.180,22.230,2542634
2025-07-01 14:30:00,22.220,22.260,22.220,22.230,1340480
2025-07-01 15:00:00,22.230,22.230,22.200,22.210,3221788
2025-07-02 10:00:00,22.200,22.270,22.060,22.100,5244050
2025-07-02 10:30:00,22.110,22.160,22.070,22.150,1953955
2025-07-02 11:00:00,22.150,22.240,22.140,22.200,1560871
2025-07-02 11:30:00,22.210,22.210,22.160,22.190,623200
2025-07-02 13:30:00,22.190,22.220,22.130,22.150,1328920
2025-07-02 14:00:00,22.150,22.210,22.140,22.180,1672600
2025-07-02 14:30:00,22.180,22.210,22.140,22.180,1843861
2025-07-02 15:00:00,22.170,22.200,22.160,22.180,2454628
2025-07-03 10:00:00,22.110,22.180,22.050,22.070,4160253
2025-07-03 10:30:00,22.080,22.100,22.020,22.020,3758871
2025-07-03 11:00:00,22.020,22.050,22.000,22.010,2594550
2025-07-03 11:30:00,22.010,22.080,22.010,22.060,1948620
2025-07-03 13:30:00,22.060,22.090,22.010,22.030,2472375
2025-07-03 14:00:00,22.020,22.090,22.020,22.070,1618060
2025-07-03 14:30:00,22.080,22.100,22.070,22.100,1352660
2025-07-03 15:00:00,22.100,22.100,22.050,22.070,2496660
2025-07-04 10:00:00,22.060,22.100,21.970,22.080,3739760
2025-07-04 10:30:00,22.080,22.120,22.050,22.090,1827442
2025-07-04 11:00:00,22.090,22.140,22.070,22.090,1515320
2025-07-04 11:30:00,22.100,22.130,22.080,22.090,1066700
2025-07-04 13:30:00,22.100,22.150,22.070,22.130,2565902
2025-07-04 14:00:00,22.130,22.140,22.060,22.070,1459800
2025-07-04 14:30:00,22.060,22.070,22.000,22.020,2789852
2025-07-04 15:00:00,22.020,22.050,22.020,22.030,2402808
2025-07-07 10:00:00,22.080,22.200,22.040,22.060,3361984
2025-07-07 10:30:00,22.060,22.090,22.040,22.070,1789388
2025-07-07 11:00:00,22.070,22.120,22.060,22.060,990000
2025-07-07 11:30:00,22.070,22.080,22.060,22.080,807264
2025-07-07 13:30:00,22.070,22.100,22.060,22.090,1378137
2025-07-07 14:00:00,22.100,22.190,22.080,22.180,2523088
2025-07-07 14:30:00,22.170,22.230,22.150,22.180,3476693
2025-07-07 15:00:00,22.180,22.190,22.120,22.160,3005062
2025-07-08 10:00:00,22.200,22.270,22.150,22.180,5707874
2025-07-08 10:30:00,22.180,22.180,22.050,22.090,4577154
2025-07-08 11:00:00,22.090,22.200,22.080,22.170,1802100
2025-07-08 11:30:00,22.170,22.230,22.120,22.160,4818924
2025-07-08 13:30:00,22.160,22.180,22.120,22.140,2044568
2025-07-08 14:00:00,22.140,22.150,22.100,22.120,3471046
2025-07-08 14:30:00,22.120,22.130,22.080,22.100,4255200
2025-07-08 15:00:00,22.110,22.110,22.070,22.090,7329354
2025-07-09 10:00:00,22.090,22.160,22.030,22.090,5018171
2025-07-09 10:30:00,22.100,22.190,22.080,22.150,3656224
2025-07-09 11:00:00,22.150,22.170,22.120,22.140,1846262
2025-07-09 11:30:00,22.140,22.150,22.100,22.110,1406850
2025-07-09 13:30:00,22.110,22.130,22.080,22.080,2501488
2025-07-09 14:00:00,22.090,22.170,22.080,22.140,2704885
2025-07-09 14:30:00,22.140,22.140,22.080,22.110,2500520
2025-07-09 15:00:00,22.110,22.120,22.080,22.090,4248918
2025-07-10 10:00:00,22.090,22.170,22.060,22.070,5343142
2025-07-10 10:30:00,22.080,22.090,22.030,22.050,4967815
2025-07-10 11:00:00,22.050,22.060,21.930,21.950,7074682
2025-07-10 11:30:00,21.950,21.970,21.930,21.940,3184883
2025-07-10 13:30:00,21.950,22.000,21.930,21.950,3377204
2025-07-10 14:00:00,21.940,21.970,21.930,21.940,3229000
2025-07-10 14:30:00,21.940,21.980,21.930,21.930,4970015
2025-07-10 15:00:00,21.940,21.940,21.870,21.870,9036850
2025-07-11 10:00:00,21.900,21.960,21.840,21.920,7843466
2025-07-11 10:30:00,21.930,22.000,21.910,21.940,5832531
2025-07-11 11:00:00,21.940,22.000,21.910,21.910,2869348
2025-07-11 11:30:00,21.910,21.980,21.890,21.970,2676314
2025-07-11 13:30:00,21.980,22.010,21.930,21.940,4800848
2025-07-11 14:00:00,21.930,21.960,21.910,21.930,4163250
2025-07-11 14:30:00,21.930,21.940,21.900,21.920,3881050
2025-07-11 15:00:00,21.920,21.920,21.860,21.860,9070493
2025-07-14 10:00:00,21.870,21.950,21.830,21.900,7533315
2025-07-14 10:30:00,21.900,21.930,21.870,21.920,3588829
2025-07-14 11:00:00,21.910,22.030,21.910,21.950,5017626
2025-07-14 11:30:00,21.950,21.970,21.930,21.930,1604685
2025-07-14 13:30:00,21.940,21.960,21.870,21.880,4553059
2025-07-14 14:00:00,21.890,21.920,21.880,21.880,2620570
2025-07-14 14:30:00,21.880,21.900,21.880,21.890,2629063
2025-07-14 15:00:00,21.890,21.910,21.850,21.850,8530313
2025-07-15 10:00:00,21.890,21.950,21.800,21.900,6342059
2025-07-15 10:30:00,21.900,21.910,21.810,21.840,3660120
2025-07-15 11:00:00,21.840,21.880,21.830,21.840,1180548
2025-07-15 11:30:00,21.840,21.860,21.750,21.750,5365821
2025-07-15 13:30:00,21.760,21.780,21.720,21.750,3127049
2025-07-15 14:00:00,21.750,21.810,21.740,21.780,1715380
2025-07-15 14:30:00,21.780,21.840,21.780,21.830,1467280
2025-07-15 15:00:00,21.840,21.840,21.800,21.820,2624801
2025-07-16 10:00:00,21.800,21.820,21.740,21.770,5455285
2025-07-16 10:30:00,21.780,21.780,21.720,21.730,4174157
2025-07-16 11:00:00,21.720,21.750,21.710,21.740,2757111
2025-07-16 11:30:00,21.730,21.750,21.730,21.740,1178411
2025-07-16 13:30:00,21.740,21.760,21.710,21.730,2372008
2025-07-16 14:00:00,21.730,21.750,21.710,21.730,3407380
2025-07-16 14:30:00,21.730,21.760,21.720,21.730,1333960
2025-07-16 15:00:00,21.740,21.740,21.710,21.710,3219788
2025-07-17 10:00:00,21.750,21.800,21.700,21.760,3692991
2025-07-17 10:30:00,21.770,21.780,21.740,21.750,1726900
2025-07-17 11:00:00,21.750,21.760,21.730,21.760,1497404
2025-07-17 11:30:00,21.760,21.770,21.740,21.760,1356034
2025-07-17 13:30:00,21.760,21.830,21.760,21.810,3612757
2025-07-17 14:00:00,21.820,21.860,21.810,21.830,2817170
2025-07-17 14:30:00,21.830,21.880,21.820,21.860,2872841
2025-07-17 15:00:00,21.870,21.900,21.860,21.900,3977605
2025-07-18 10:00:00,21.900,21.920,21.830,21.890,5422806
2025-07-18 10:30:00,21.900,21.910,21.850,21.880,3661668
2025-07-18 11:00:00,21.870,21.880,21.820,21.850,3411358
2025-07-18 11:30:00,21.840,21.850,21.770,21.820,4218710
2025-07-18 13:30:00,21.820,21.820,21.670,21.730,6907929
2025-07-18 14:00:00,21.730,21.760,21.730,21.740,2170455
2025-07-18 14:30:00,21.740,21.780,21.740,21.780,2890564
2025-07-18 15:00:00,21.770,21.820,21.760,21.790,5485890
2025-07-21 10:00:00,22.800,23.080,22.510,22.560,94978139
2025-07-21 10:30:00,22.560,22.650,22.460,22.460,23477864
2025-07-21 11:00:00,22.460,22.550,22.460,22.480,8099611
2025-07-21 11:30:00,22.480,22.590,22.470,22.490,7519537
2025-07-21 13:30:00,22.480,22.980,22.480,22.810,24404274
2025-07-21 14:00:00,22.810,22.830,22.720,22.730,9797136
2025-07-21 14:30:00,22.740,22.870,22.730,22.840,10684540
2025-07-21 15:00:00,22.830,22.950,22.820,22.930,21443585
2025-07-22 10:00:00,23.270,23.290,22.620,23.050,69893316
2025-07-22 10:30:00,23.060,23.090,22.780,22.820,18437985
2025-07-22 11:00:00,22.820,23.150,22.810,22.980,14683806
2025-07-22 11:30:00,22.990,23.110,22.900,23.110,9751343
2025-07-22 13:30:00,23.110,23.990,23.100,23.820,50364258
2025-07-22 14:00:00,23.810,23.830,23.590,23.710,14766979
2025-07-22 14:30:00,23.720,23.730,23.580,23.710,12498043
2025-07-22 15:00:00,23.710,23.740,23.450,23.640,24606548
2025-07-23 10:00:00,23.990,23.990,23.070,23.110,62096799
2025-07-23 10:30:00,23.100,23.120,22.910,22.970,24741788
2025-07-23 11:00:00,22.980,23.000,22.800,22.850,16940209
2025-07-23 11:30:00,22.850,22.940,22.800,22.890,12929989
2025-07-23 13:30:00,22.890,22.960,22.810,22.830,14747513
2025-07-23 14:00:00,22.830,22.840,22.710,22.720,15391147
2025-07-23 14:30:00,22.720,22.730,22.600,22.640,19192914
2025-07-23 15:00:00,22.650,22.650,22.530,22.650,19188780
2025-07-24 10:00:00,22.500,22.500,22.250,22.370,30318829
2025-07-24 10:30:00,22.380,22.490,22.320,22.480,10453701
2025-07-24 11:00:00,22.470,22.500,22.420,22.470,6316081
2025-07-24 11:30:00,22.470,22.490,22.420,22.450,6014785
2025-07-24 13:30:00,22.450,22.550,22.440,22.520,6841875
2025-07-24 14:00:00,22.530,22.540,22.380,22.400,9230921
2025-07-24 14:30:00,22.400,22.430,22.390,22.410,6529293
2025-07-24 15:00:00,22.420,22.460,22.410,22.440,11069630
2025-07-25 10:00:00,22.390,22.570,22.340,22.410,15643721
2025-07-25 10:30:00,22.400,22.410,22.340,22.360,7545500
2025-07-25 11:00:00,22.370,22.380,22.290,22.290,6909191
2025-07-25 11:30:00,22.290,22.360,22.280,22.320,3685885
2025-07-25 13:30:00,22.330,22.340,22.290,22.300,4204712
2025-07-25 14:00:00,22.300,22.340,22.290,22.340,3810431
2025-07-25 14:30:00,22.330,22.360,22.250,22.260,7999613
2025-07-25 15:00:00,22.270,22.280,22.220,22.220,12815282
2025-07-28 10:00:00,22.270,22.300,22.130,22.230,11880700
2025-07-28 10:30:00,22.240,22.260,22.180,22.190,6747800
2025-07-28 11:00:00,22.190,22.200,22.140,22.200,6253145
2025-07-28 11:30:00,22.190,22.210,22.130,22.140,4421541
2025-07-28 13:30:00,22.130,22.170,22.120,22.150,4201004
2025-07-28 14:00:00,22.150,22.190,22.140,22.160,3547680
2025-07-28 14:30:00,22.160,22.210,22.150,22.160,3817956
2025-07-28 15:00:00,22.160,22.180,22.140,22.140,6967686
2025-07-29 10:00:00,22.090,22.160,22.000,22.010,14120956
2025-07-29 10:30:00,22.000,22.060,21.970,22.010,7842464
2025-07-29 11:00:00,22.010,22.040,21.980,22.030,4620907
2025-07-29 11:30:00,22.040,22.050,22.000,22.010,3510120
2025-07-29 13:30:00,22.000,22.040,22.000,22.000,3573884
2025-07-29 14:00:00,22.000,22.150,22.000,22.130,5037536
2025-07-29 14:30:00,22.140,22.150,22.060,22.110,4965582
2025-07-29 15:00:00,22.110,22.140,22.070,22.100,6532811
2025-07-30 10:00:00,22.100,22.130,22.000,22.080,8719864
2025-07-30 10:30:00,22.080,22.150,22.060,22.140,5626182
2025-07-30 11:00:00,22.140,22.160,22.130,22.130,3581565
2025-07-30 11:30:00,22.140,22.150,22.100,22.110,2515098
2025-07-30 13:30:00,22.120,22.130,22.070,22.090,3549101
2025-07-30 14:00:00,22.090,22.130,21.980,22.020,7456073
2025-07-30 14:30:00,22.010,22.030,21.960,22.000,7312909
2025-07-30 15:00:00,22.000,22.020,21.980,22.000,6189709
2025-07-31 10:00:00,21.970,22.010,21.920,21.930,9619248
2025-07-31 10:30:00,21.930,21.980,21.910,21.920,5185760
2025-07-31 11:00:00,21.920,21.930,21.890,21.910,5453416
2025-07-31 11:30:00,21.910,21.950,21.910,21.910,2760418
2025-07-31 13:30:00,21.920,21.950,21.900,21.900,3060204
2025-07-31 14:00:00,21.900,22.030,21.880,21.980,5966133
2025-07-31 14:30:00,21.980,22.000,21.890,21.900,4093479
2025-07-31 15:00:00,21.900,21.900,21.870,21.880,8462889
2025-08-01 10:00:00,21.920,21.920,21.840,21.840,6440862
2025-08-01 10:30:00,21.850,21.900,21.840,21.880,3075104
2025-08-01 11:00:00,21.870,21.880,21.770,21.790,6562796
2025-08-01 11:30:00,21.790,21.850,21.750,21.760,4896007
2025-08-01 13:30:00,21.760,21.780,21.720,21.730,5205071
2025-08-01 14:00:00,21.730,21.800,21.730,21.750,4564900
2025-08-01 14:30:00,21.740,21.780,21.730,21.770,3876139
2025-08-01 15:00:00,21.770,21.830,21.760,21.800,5788044
2025-08-04 10:00:00,21.730,21.800,21.700,21.760,5847220
2025-08-04 10:30:00,21.760,21.820,21.750,21.800,3894538
2025-08-04 11:00:00,21.800,21.810,21.760,21.780,2368828
2025-08-04 11:30:00,21.780,21.830,21.770,21.800,1910695
2025-08-04 13:30:00,21.820,21.830,21.800,21.800,2109200
2025-08-04 14:00:00,21.800,21.820,21.790,21.810,2423760
2025-08-04 14:30:00,21.810,21.880,21.800,21.870,3139032
2025-08-04 15:00:00,21.860,21.890,21.850,21.890,4220585
2025-08-05 10:00:00,21.900,21.940,21.800,21.870,7450544
2025-08-05 10:30:00,21.860,21.890,21.840,21.860,4288207
2025-08-05 11:00:00,21.870,21.880,21.850,21.860,1786893
2025-08-05 11:30:00,21.860,21.910,21.850,21.910,2487037
2025-08-05 13:30:00,21.910,21.910,21.880,21.900,1946717
2025-08-05 14:00:00,21.890,21.900,21.880,21.890,2067392
2025-08-05 14:30:00,21.890,21.920,21.880,21.920,2312105
2025-08-05 15:00:00,21.920,21.920,21.880,21.920,5693120
2025-08-06 10:00:00,21.910,21.910,21.820,21.900,4239272
2025-08-06 10:30:00,21.890,21.940,21.890,21.910,2879792
2025-08-06 11:00:00,21.910,21.970,21.910,21.960,2754837
2025-08-06 11:30:00,21.960,21.970,21.940,21.950,2462720
2025-08-06 13:30:00,21.940,21.960,21.910,21.910,2662772
2025-08-06 14:00:00,21.910,21.960,21.910,21.920,2831257
2025-08-06 14:30:00,21.920,21.960,21.920,21.960,2567627
2025-08-06 15:00:00,21.960,21.970,21.950,21.960,3926643
2025-08-07 10:00:00,21.970,22.030,21.920,21.990,7320220
2025-08-07 10:30:00,21.990,22.090,21.960,22.010,7349316
2025-08-07 11:00:00,22.010,22.070,22.000,22.020,2796120
2025-08-07 11:30:00,22.030,22.040,22.010,22.040,1806653
2025-08-07 13:30:00,22.040,22.120,22.030,22.060,4733815
2025-08-07 14:00:00,22.070,22.140,22.050,22.090,4620153
2025-08-07 14:30:00,22.090,22.110,22.060,22.090,3050040
2025-08-07 15:00:00,22.100,22.120,22.050,22.100,6705776
2025-08-08 10:00:00,22.100,22.130,22.000,22.070,6651361
2025-08-08 10:30:00,22.060,22.110,22.040,22.100,2625800
2025-08-08 11:00:00,22.100,22.120,22.080,22.120,3159200
2025-08-08 11:30:00,22.120,22.120,22.060,22.070,2879100
2025-08-08 13:30:00,22.070,22.080,22.000,22.010,4836244
2025-08-08 14:00:00,22.020,22.050,22.010,22.030,3717000
2025-08-08 14:30:00,22.030,22.120,22.020,22.070,4945318
2025-08-08 15:00:00,22.080,22.100,22.070,22.080,4591113
2025-08-11 10:00:00,22.090,22.100,21.980,22.040,8749913
2025-08-11 10:30:00,22.040,22.060,21.990,22.000,4635600
2025-08-11 11:00:00,22.000,22.030,21.990,22.010,2526800
2025-08-11 11:30:00,22.020,22.040,22.000,22.030,2737743
2025-08-11 13:30:00,22.030,22.040,22.010,22.020,3367542
2025-08-11 14:00:00,22.020,22.030,22.010,22.030,2585206
2025-08-11 14:30:00,22.030,22.060,22.010,22.020,4226321
2025-08-11 15:00:00,22.010,22.030,22.000,22.010,5839595
2025-08-12 10:00:00,21.990,21.990,21.930,21.970,6897386
2025-08-12 10:30:00,21.970,22.020,21.960,21.970,3638044
2025-08-12 11:00:00,21.980,21.980,21.920,21.930,3589654
2025-08-12 11:30:00,21.930,21.970,21.920,21.960,2061907
2025-08-12 13:30:00,21.950,21.970,21.930,21.940,2615842
2025-08-12 14:00:00,21.940,21.950,21.920,21.930,2643899
2025-08-12 14:30:00,21.920,21.950,21.920,21.920,3095297
2025-08-12 15:00:00,21.930,21.940,21.910,21.930,5046985
2025-08-13 10:00:00,21.930,21.970,21.900,21.920,4215344
2025-08-13 10:30:00,21.920,21.930,21.870,21.880,6606658
2025-08-13 11:00:00,21.880,21.900,21.860,21.860,4570537
2025-08-13 11:30:00,21.870,21.910,21.850,21.890,4496507
2025-08-13 13:30:00,21.880,21.910,21.860,21.860,5207439
2025-08-13 14:00:00,21.870,21.960,21.860,21.910,7782255
2025-08-13 14:30:00,21.910,21.920,21.870,21.870,5829064
2025-08-13 15:00:00,21.870,21.890,21.870,21.870,8064763
2025-08-14 10:00:00,21.880,21.950,21.880,21.900,8661550
2025-08-14 10:30:00,21.900,21.970,21.890,21.930,6681905
2025-08-14 11:00:00,21.940,21.940,21.880,21.910,4557489
2025-08-14 11:30:00,21.920,21.930,21.870,21.880,3412572
2025-08-14 13:30:00,21.880,21.890,21.760,21.810,7682044
2025-08-14 14:00:00,21.800,21.830,21.800,21.810,2693849
2025-08-14 14:30:00,21.810,21.850,21.810,21.820,3168928
2025-08-14 15:00:00,21.810,21.830,21.780,21.780,4940484
2025-08-15 10:00:00,21.710,21.820,21.710,21.820,7180586
2025-08-15 10:30:00,21.810,21.840,21.780,21.780,4238316
2025-08-15 11:00:00,21.790,21.840,21.770,21.820,2857657
2025-08-15 11:30:00,21.820,21.850,21.810,21.840,2599664
2025-08-15 13:30:00,21.840,21.870,21.830,21.850,5211367
2025-08-15 14:00:00,21.850,21.880,21.830,21.850,4232560
2025-08-15 14:30:00,21.850,21.870,21.820,21.830,4444738
2025-08-15 15:00:00,21.820,21.860,21.790,21.790,9304512
2025-08-18 10:00:00,21.790,21.910,21.760,21.910,16365095
2025-08-18 10:30:00,21.900,21.950,21.880,21.910,10091378
2025-08-18 11:00:00,21.910,21.910,21.860,21.880,7392152
2025-08-18 11:30:00,21.880,21.940,21.870,21.930,6671849
2025-08-18 13:30:00,21.940,22.030,21.920,21.950,11732749
2025-08-18 14:00:00,21.950,21.960,21.860,21.870,7320173
2025-08-18 14:30:00,21.860,21.880,21.810,21.830,8318674
2025-08-18 15:00:00,21.830,21.860,21.790,21.790,11722488
2025-08-19 10:00:00,21.840,21.980,21.840,21.910,11079232
2025-08-19 10:30:00,21.910,21.920,21.840,21.880,5843744
2025-08-19 11:00:00,21.880,21.900,21.840,21.840,3937700
2025-08-19 11:30:00,21.840,21.870,21.820,21.840,5200520
2025-08-19 13:30:00,21.840,21.880,21.830,21.850,3584242
2025-08-19 14:00:00,21.850,21.860,21.810,21.820,4204988
2025-08-19 14:30:00,21.810,21.840,21.800,21.810,4987483
2025-08-19 15:00:00,21.810,21.840,21.800,21.810,7397263
2025-08-20 10:00:00,21.810,21.820,21.710,21.770,9885552
2025-08-20 10:30:00,21.770,21.780,21.750,21.770,4784739
2025-08-20 11:00:00,21.780,21.800,21.760,21.760,3945088
2025-08-20 11:30:00,21.760,21.770,21.710,21.710,7726113
2025-08-20 13:30:00,21.720,21.740,21.710,21.730,5517589
2025-08-20 14:00:00,21.730,21.770,21.730,21.740,4465529
2025-08-20 14:30:00,21.740,21.780,21.740,21.780,5647359
2025-08-20 15:00:00,21.770,21.810,21.770,21.810,8860509
2025-08-21 10:00:00,21.840,21.950,21.830,21.880,18985671
2025-08-21 10:30:00,21.870,21.950,21.860,21.940,9316285
2025-08-21 11:00:00,21.940,21.990,21.910,21.940,7747536
2025-08-21 11:30:00,21.930,21.950,21.900,21.930,3972216
2025-08-21 13:30:00,21.930,21.950,21.900,21.940,4946926
2025-08-21 14:00:00,21.940,21.980,21.930,21.950,5639064
2025-08-21 14:30:00,21.960,21.960,21.910,21.930,6438845
2025-08-21 15:00:00,21.930,21.960,21.900,21.960,7838281
2025-08-22 10:00:00,21.950,21.950,21.780,21.790,22579564
2025-08-22 10:30:00,21.790,21.800,21.750,21.770,10939003
2025-08-22 11:00:00,21.780,21.800,21.760,21.780,6419225
2025-08-22 11:30:00,21.780,21.810,21.760,21.790,5187900
2025-08-22 13:30:00,21.790,21.800,21.770,21.790,5908141
2025-08-22 14:00:00,21.790,21.820,21.780,21.810,6243896
2025-08-22 14:30:00,21.810,21.850,21.800,21.850,6549684
2025-08-22 15:00:00,21.850,21.870,21.820,21.860,12856516
2025-08-25 10:00:00,21.920,22.280,21.910,22.140,36552521
2025-08-25 10:30:00,22.140,22.240,22.140,22.230,18199978
2025-08-25 11:00:00,22.220,22.270,22.170,22.260,13034339
2025-08-25 11:30:00,22.260,22.340,22.180,22.220,16152403
2025-08-25 13:30:00,22.210,22.250,22.190,22.210,7778800
2025-08-25 14:00:00,22.200,22.230,22.190,22.220,4610165
2025-08-25 14:30:00,22.210,22.250,22.190,22.250,4529396
2025-08-25 15:00:00,22.250,22.280,22.240,22.280,10141929
2025-08-26 10:00:00,22.340,22.360,22.170,22.300,15090292
2025-08-26 10:30:00,22.290,22.340,22.260,22.280,7121824
2025-08-26 11:00:00,22.280,22.350,22.270,22.330,6477968
2025-08-26 11:30:00,22.340,22.370,22.320,22.370,5529517
2025-08-26 13:30:00,22.370,22.500,22.360,22.400,11304263
2025-08-26 14:00:00,22.400,22.450,22.380,22.430,4473731
2025-08-26 14:30:00,22.430,22.440,22.410,22.430,5556371
2025-08-26 15:00:00,22.430,22.430,22.350,22.350,9508364
2025-08-27 10:00:00,22.380,22.430,22.300,22.340,11906976
2025-08-27 10:30:00,22.340,22.400,22.320,22.380,6986744
2025-08-27 11:00:00,22.380,22.430,22.360,22.430,6485210
2025-08-27 11:30:00,22.430,22.450,22.390,22.420,5265420
2025-08-27 13:30:00,22.410,22.430,22.270,22.280,10452173
2025-08-27 14:00:00,22.280,22.290,22.040,22.080,18097476
2025-08-27 14:30:00,22.080,22.190,22.030,22.040,10406977
2025-08-27 15:00:00,22.040,22.130,22.000,22.000,12431048
2025-08-28 10:00:00,22.010,22.280,22.010,22.100,19666681
2025-08-28 10:30:00,22.100,22.210,22.070,22.200,6510408
2025-08-28 11:00:00,22.200,22.220,22.110,22.140,5732975
2025-08-28 11:30:00,22.140,22.160,22.020,22.040,8160460
2025-08-28 13:30:00,22.040,22.060,21.910,21.910,10904982
2025-08-28 14:00:00,21.920,22.040,21.850,22.030,8498681
2025-08-28 14:30:00,22.030,22.090,21.990,22.020,6270026
2025-08-28 15:00:00,22.030,22.090,22.020,22.090,13727210
2025-08-29 10:00:00,22.090,22.200,22.050,22.160,16466241
2025-08-29 10:30:00,22.150,22.170,22.030,22.040,10658648
2025-08-29 11:00:00,22.050,22.100,21.930,21.950,15614188
2025-08-29 11:30:00,21.960,22.000,21.890,21.950,11332750
2025-08-29 13:30:00,21.950,21.960,21.860,21.900,17182462
2025-08-29 14:00:00,21.910,21.920,21.860,21.890,7576792
2025-08-29 14:30:00,21.910,21.950,21.870,21.900,8020855
2025-08-29 15:00:00,21.900,21.930,21.730,21.750,35873116
2025-09-01 10:00:00,21.830,21.870,21.680,21.780,20185149
2025-09-01 10:30:00,21.780,21.850,21.710,21.730,9461027
2025-09-01 11:00:00,21.730,21.760,21.690,21.700,8613260
2025-09-01 11:30:00,21.700,21.710,21.580,21.610,16994522
2025-09-01 13:30:00,21.620,21.660,21.580,21.620,9418483
2025-09-01 14:00:00,21.620,21.630,21.580,21.590,7485538
2025-09-01 14:30:00,21.590,21.680,21.580,21.630,5860339
2025-09-01 15:00:00,21.630,21.650,21.600,21.600,8823912
2025-09-02 10:00:00,21.610,21.780,21.610,21.660,12835686
2025-09-02 10:30:00,21.660,21.760,21.630,21.710,7626299
2025-09-02 11:00:00,21.720,21.730,21.550,21.580,8974919
2025-09-02 11:30:00,21.570,21.640,21.510,21.610,7070888
2025-09-02 13:30:00,21.610,21.700,21.550,21.570,7108500
2025-09-02 14:00:00,21.580,21.710,21.560,21.660,6176172
2025-09-02 14:30:00,21.670,21.700,21.640,21.660,3671460
2025-09-02 15:00:00,21.660,21.690,21.630,21.690,5109287
2025-09-03 10:00:00,21.690,21.730,21.500,21.510,13814936
2025-09-03 10:30:00,21.510,21.520,21.380,21.390,14453100
2025-09-03 11:00:00,21.390,21.480,21.320,21.420,8133100
2025-09-03 11:30:00,21.430,21.430,21.350,21.360,5832460
2025-09-03 13:30:00,21.360,21.370,21.310,21.320,9764423
2025-09-03 14:00:00,21.320,21.430,21.250,21.390,14677700
2025-09-03 14:30:00,21.390,21.410,21.320,21.370,6886880
2025-09-03 15:00:00,21.370,21.390,21.290,21.380,12645799
2025-09-04 10:00:00,21.210,21.470,21.180,21.320,16687396
2025-09-04 10:30:00,21.320,21.370,21.300,21.320,7359734
2025-09-04 11:00:00,21.320,21.340,21.250,21.300,6196045
2025-09-04 11:30:00,21.290,21.300,21.180,21.200,7670943
2025-09-04 13:30:00,21.210,21.220,21.140,21.200,8556476
2025-09-04 14:00:00,21.200,21.210,21.090,21.160,11494716
2025-09-04 14:30:00,21.160,21.200,21.080,21.170,11939426
2025-09-04 15:00:00,21.170,21.400,21.110,21.300,16904017
2025-09-05 10:00:00,21.120,21.300,21.120,21.280,8230037
2025-09-05 10:30:00,21.300,21.450,21.260,21.320,9704370
2025-09-05 11:00:00,21.320,21.370,21.260,21.310,5572929
2025-09-05 11:30:00,21.300,21.340,21.290,21.310,2824166
2025-09-05 13:30:00,21.320,21.340,21.270,21.330,3574958
2025-09-05 14:00:00,21.320,21.390,21.320,21.380,3669626
2025-09-05 14:30:00,21.380,21.440,21.370,21.430,6114942
2025-09-05 15:00:00,21.430,21.480,21.420,21.430,10857615
2025-09-08 10:00:00,21.490,21.730,21.440,21.710,19833023
2025-09-08 10:30:00,21.710,21.850,21.680,21.820,16160191
2025-09-08 11:00:00,21.830,22.040,21.820,22.010,25696182
2025-09-08 11:30:00,22.010,22.080,21.970,22.020,10603948
2025-09-08 13:30:00,22.030,22.090,22.010,22.050,10253116
2025-09-08 14:00:00,22.050,22.140,22.040,22.130,11240441
2025-09-08 14:30:00,22.120,22.200,22.100,22.170,14293964
2025-09-08 15:00:00,22.170,22.280,22.160,22.250,19899319
2025-09-09 10:00:00,22.220,22.300,22.080,22.130,18310089
2025-09-09 10:30:00,22.130,22.250,22.120,22.220,8849960
2025-09-09 11:00:00,22.220,22.270,22.130,22.180,8664369
2025-09-09 11:30:00,22.190,22.240,22.150,22.180,4838748
2025-09-09 13:30:00,22.170,22.190,22.070,22.110,7262265
2025-09-09 14:00:00,22.130,22.160,22.050,22.080,6316756
2025-09-09 14:30:00,22.080,22.220,22.060,22.200,8185828
2025-09-09 15:00:00,22.200,22.250,22.170,22.220,12167604
2025-09-10 10:00:00,22.230,22.250,22.000,22.160,12454522
2025-09-10 10:30:00,22.160,22.240,22.130,22.140,7033218
2025-09-10 11:00:00,22.140,22.180,22.100,22.170,4269829
2025-09-10 11:30:00,22.160,22.220,22.130,22.200,4383885
2025-09-10 13:30:00,22.210,22.280,22.170,22.210,9494679
2025-09-10 14:00:00,22.210,22.230,22.190,22.210,5406748
2025-09-10 14:30:00,22.210,22.240,22.190,22.220,6863720
2025-09-10 15:00:00,22.220,22.230,22.190,22.210,9097944
2025-09-11 10:00:00,22.210,22.300,22.150,22.280,15827072
2025-09-11 10:30:00,22.280,22.440,22.270,22.380,13834249
2025-09-11 11:00:00,22.380,22.410,22.320,22.340,7448934
2025-09-11 11:30:00,22.350,22.390,22.270,22.330,8782914
2025-09-11 13:30:00,22.330,22.380,22.290,22.330,8120528
2025-09-11 14:00:00,22.330,22.350,22.300,22.310,5882000
2025-09-11 14:30:00,22.320,22.360,22.310,22.360,7770780
2025-09-11 15:00:00,22.360,22.430,22.350,22.410,15676395
2025-09-12 10:00:00,22.390,22.450,22.300,22.320,10707664
2025-09-12 10:30:00,22.310,22.430,22.310,22.400,5586685
2025-09-12 11:00:00,22.400,22.400,22.260,22.280,5306744
2025-09-12 11:30:00,22.290,22.350,22.250,22.320,3658877
2025-09-12 13:30:00,22.340,22.370,22.300,22.320,3102796
2025-09-12 14:00:00,22.320,22.350,22.300,22.320,2745865
2025-09-12 14:30:00,22.320,22.340,22.260,22.310,4680445
2025-09-12 15:00:00,22.310,22.320,22.220,22.240,9440376
2025-09-15 10:00:00,22.250,22.550,22.250,22.500,18743305
2025-09-15 10:30:00,22.500,22.650,22.500,22.610,13170292
2025-09-15 11:00:00,22.610,22.620,22.550,22.590,4790761
2025-09-15 11:30:00,22.600,22.600,22.520,22.530,3747012
2025-09-15 13:30:00,22.530,22.550,22.450,22.470,4879613
2025-09-15 14:00:00,22.470,22.500,22.450,22.460,2956643
2025-09-15 14:30:00,22.450,22.470,22.400,22.400,4054000
2025-09-15 15:00:00,22.410,22.440,22.400,22.440,6876072
2025-09-16 10:00:00,22.430,22.440,22.230,22.270,9815650
2025-09-16 10:30:00,22.270,22.310,22.150,22.170,5790928
2025-09-16 11:00:00,22.170,22.180,22.010,22.050,7782209
2025-09-16 11:30:00,22.050,22.130,22.030,22.110,3213332
2025-09-16 13:30:00,22.120,22.190,22.090,22.150,4069880
2025-09-16 14:00:00,22.150,22.230,22.120,22.220,3235863
2025-09-16 14:30:00,22.230,22.230,22.130,22.140,4544784
2025-09-16 15:00:00,22.140,22.180,22.120,22.170,5110855
2025-09-17 10:00:00,22.140,22.340,22.140,22.170,9467656
2025-09-17 10:30:00,22.180,22.210,22.140,22.180,3291903
2025-09-17 11:00:00,22.180,22.390,22.160,22.310,9936116
2025-09-17 11:30:00,22.320,22.350,22.270,22.310,3976275
2025-09-17 13:30:00,22.310,22.370,22.300,22.310,3569720
2025-09-17 14:00:00,22.310,22.370,22.290,22.350,4308248
2025-09-17 14:30:00,22.350,22.440,22.330,22.400,6991975
2025-09-17 15:00:00,22.390,22.430,22.380,22.420,7178685
2025-09-18 10:00:00,22.450,22.460,22.280,22.370,7328963
2025-09-18 10:30:00,22.370,22.410,22.330,22.360,4350331
2025-09-18 11:00:00,22.350,22.360,22.280,22.330,3530838
2025-09-18 11:30:00,22.330,22.380,22.310,22.340,3320673
2025-09-18 13:30:00,22.350,22.590,22.290,22.430,12051728
2025-09-18 14:00:00,22.430,22.550,22.380,22.390,8071090
2025-09-18 14:30:00,22.400,22.400,22.250,22.310,9559298
2025-09-18 15:00:00,22.290,22.350,22.210,22.290,9054236
2025-09-19 10:00:00,22.290,22.290,22.140,22.160,8983700
2025-09-19 10:30:00,22.170,22.220,22.110,22.170,4393928
2025-09-19 11:00:00,22.170,22.500,22.170,22.390,9140117
2025-09-19 11:30:00,22.380,22.450,22.310,22.440,4850681
2025-09-19 13:30:00,22.410,22.550,22.410,22.460,8283489
2025-09-19 14:00:00,22.460,22.480,22.370,22.370,5615544
2025-09-19 14:30:00,22.370,22.420,22.340,22.350,6401057
2025-09-19 15:00:00,22.360,22.380,22.300,22.300,33186901
2025-09-22 10:00:00,22.310,22.530,22.210,22.340,13654135
2025-09-22 10:30:00,22.340,22.420,22.280,22.400,4040886
2025-09-22 11:00:00,22.390,22.440,22.310,22.320,2639200
2025-09-22 11:30:00,22.330,22.430,22.300,22.390,3880000
2025-09-22 13:30:00,22.390,22.420,22.310,22.310,3336157
2025-09-22 14:00:00,22.310,22.340,22.240,22.250,4725224
2025-09-22 14:30:00,22.260,22.300,22.220,22.280,3613424
2025-09-22 15:00:00,22.280,22.360,22.280,22.320,5418454
2025-09-23 10:00:00,22.380,22.530,22.220,22.350,18271410
2025-09-23 10:30:00,22.360,22.400,22.190,22.220,10134460
2025-09-23 11:00:00,22.210,22.250,22.140,22.170,6194358
2025-09-23 11:30:00,22.180,22.200,22.070,22.090,4443416
2025-09-23 13:30:00,22.090,22.240,22.050,22.230,5089274
2025-09-23 14:00:00,22.220,22.250,22.130,22.200,3425932
2025-09-23 14:30:00,22.190,22.300,22.150,22.290,4497590
2025-09-23 15:00:00,22.290,22.370,22.240,22.320,7029134
2025-09-24 10:00:00,22.290,22.290,22.110,22.180,7966160
2025-09-24 10:30:00,22.190,22.240,22.140,22.150,3798700
2025-09-24 11:00:00,22.150,22.190,22.110,22.130,4953162
2025-09-24 11:30:00,22.130,22.150,22.070,22.140,4736200
2025-09-24 13:30:00,22.140,22.180,22.100,22.160,5007113
2025-09-24 14:00:00,22.160,22.240,22.150,22.190,2986348
2025-09-24 14:30:00,22.200,22.220,22.170,22.180,3157416
2025-09-24 15:00:00,22.180,22.270,22.170,22.230,6406988
2025-09-25 10:00:00,22.220,22.430,22.160,22.270,12065435
2025-09-25 10:30:00,22.270,22.280,22.210,22.240,4410698
2025-09-25 11:00:00,22.240,22.350,22.210,22.310,3742061
2025-09-25 11:30:00,22.310,22.370,22.300,22.310,3803272
2025-09-25 13:30:00,22.320,22.460,22.270,22.400,9362670
2025-09-25 14:00:00,22.400,22.440,22.380,22.430,7020472
2025-09-25 14:30:00,22.420,22.620,22.420,22.610,17117341
2025-09-25 15:00:00,22.600,22.650,22.570,22.600,14785740
2025-09-26 10:00:00,22.690,23.140,22.580,22.810,35291300
2025-09-26 10:30:00,22.820,22.860,22.680,22.730,10293684
2025-09-26 11:00:00,22.730,22.820,22.690,22.740,4872800
2025-09-26 11:30:00,22.740,22.770,22.670,22.710,3752739
2025-09-26 13:30:00,22.710,22.820,22.690,22.780,4637870
2025-09-26 14:00:00,22.780,22.890,22.750,22.790,4827374
2025-09-26 14:30:00,22.790,22.800,22.750,22.780,4095418
2025-09-26 15:00:00,22.780,22.900,22.740,22.840,15468720
2025-09-29 10:00:00,22.840,22.900,22.440,22.470,15984940
2025-09-29 10:30:00,22.470,22.530,22.390,22.520,8124056
2025-09-29 11:00:00,22.520,22.620,22.440,22.620,7428504
2025-09-29 11:30:00,22.620,22.690,22.590,22.610,5217160
2025-09-29 13:30:00,22.610,22.740,22.550,22.630,5135838
2025-09-29 14:00:00,22.630,22.750,22.610,22.750,7142710
2025-09-29 14:30:00,22.750,22.790,22.640,22.690,6677900
2025-09-29 15:00:00,22.700,22.720,22.620,22.690,8899110
2025-09-30 10:00:00,22.600,22.950,22.520,22.900,16593960
2025-09-30 10:30:00,22.890,22.900,22.660,22.700,5344172
2025-09-30 11:00:00,22.700,22.720,22.610,22.650,4850562
2025-09-30 11:30:00,22.650,22.780,22.650,22.720,3688002
2025-09-30 13:30:00,22.750,23.080,22.700,23.010,23938134
2025-09-30 14:00:00,23.020,23.100,22.940,22.970,10593616
2025-09-30 14:30:00,22.970,23.030,22.950,23.000,6740971
2025-09-30 15:00:00,23.010,23.050,22.960,22.960,11328240
2025-10-09 10:00:00,23.300,23.350,23.000,23.170,23549851
2025-10-09 10:30:00,23.180,23.430,23.140,23.390,14152807
2025-10-09 11:00:00,23.400,23.440,23.330,23.350,10764535
2025-10-09 11:30:00,23.350,23.430,23.290,23.300,7483676
2025-10-09 13:30:00,23.300,23.370,23.220,23.310,8957946
2025-10-09 14:00:00,23.320,23.440,23.310,23.440,9886381
2025-10-09 14:30:00,23.440,23.480,23.370,23.400,10266848
2025-10-09 15:00:00,23.400,23.440,23.360,23.380,11763065
2025-10-10 10:00:00,23.380,23.640,23.230,23.370,22249530
2025-10-10 10:30:00,23.380,23.600,23.320,23.600,10819592
2025-10-10 11:00:00,23.590,23.840,23.590,23.700,17758331
2025-10-10 11:30:00,23.700,23.790,23.640,23.710,6206572
2025-10-10 13:30:00,23.710,23.730,23.590,23.670,7179402
2025-10-10 14:00:00,23.660,23.690,23.520,23.590,5675252
2025-10-10 14:30:00,23.590,23.600,23.470,23.520,6699630
2025-10-10 15:00:00,23.510,23.570,23.480,23.530,8448268
2025-10-13 10:00:00,23.020,23.440,22.980,23.270,20390903
2025-10-13 10:30:00,23.270,23.450,23.160,23.430,8567715
2025-10-13 11:00:00,23.420,23.490,23.330,23.340,6476616
2025-10-13 11:30:00,23.340,23.420,23.270,23.310,6481685
2025-10-13 13:30:00,23.300,23.370,23.250,23.360,6939177
2025-10-13 14:00:00,23.360,23.530,23.350,23.480,7426864
2025-10-13 14:30:00,23.490,23.500,23.400,23.440,5698483
2025-10-13 15:00:00,23.450,23.570,23.440,23.490,9425537
2025-10-14 10:00:00,23.600,23.970,23.530,23.850,23004226
2025-10-14 10:30:00,23.850,23.980,23.750,23.760,11241741
2025-10-14 11:00:00,23.760,23.770,23.480,23.520,8411080
2025-10-14 11:30:00,23.520,23.600,23.450,23.550,4618242
2025-10-14 13:30:00,23.560,23.580,23.410,23.490,5645898
2025-10-14 14:00:00,23.480,23.500,23.340,23.360,5370085
2025-10-14 14:30:00,23.350,23.470,23.340,23.460,7343259
2025-10-14 15:00:00,23.450,23.560,23.400,23.530,12474114
2025-10-15 10:00:00,23.440,23.520,23.260,23.280,12676731
2025-10-15 10:30:00,23.290,23.400,23.270,23.370,5010800
2025-10-15 11:00:00,23.370,23.380,23.220,23.250,8926340
2025-10-15 11:30:00,23.260,23.340,23.180,23.300,4664903
2025-10-15 13:30:00,23.300,23.610,23.280,23.430,7197991
2025-10-15 14:00:00,23.430,23.670,23.410,23.590,6023728
2025-10-15 14:30:00,23.590,23.710,23.560,23.670,7307578
2025-10-15 15:00:00,23.670,23.740,23.640,23.690,10589500
2025-10-16 10:00:00,24.040,24.140,23.570,23.890,31030266
2025-10-16 10:30:00,23.890,24.000,23.850,23.920,7838864
2025-10-16 11:00:00,23.910,24.040,23.860,24.030,8587881
2025-10-16 11:30:00,24.040,24.140,23.950,24.020,9423082
2025-10-16 13:30:00,24.020,24.050,23.820,23.840,9452616
2025-10-16 14:00:00,23.840,23.900,23.780,23.840,6056712
2025-10-16 14:30:00,23.840,23.920,23.810,23.880,4342479
2025-10-16 15:00:00,23.880,23.960,23.860,23.900,8977475
2025-10-17 10:00:00,23.730,23.830,23.320,23.330,21181010
2025-10-17 10:30:00,23.320,23.330,23.160,23.190,12554416
2025-10-17 11:00:00,23.190,23.350,23.180,23.330,4411500
2025-10-17 11:30:00,23.320,23.330,23.170,23.180,4970400
2025-10-17 13:30:00,23.180,23.200,23.100,23.120,6312436
2025-10-17 14:00:00,23.130,23.160,23.070,23.100,4375506
2025-10-17 14:30:00,23.100,23.170,23.020,23.050,7027453
2025-10-17 15:00:00,23.060,23.130,23.000,23.010,12816976
2025-10-20 10:00:00,23.200,23.430,23.070,23.300,15844934
2025-10-20 10:30:00,23.300,23.320,22.970,23.050,7583254
2025-10-20 11:00:00,23.060,23.220,23.010,23.120,3371524
2025-10-20 11:30:00,23.110,23.170,23.080,23.080,2569473
2025-10-20 13:30:00,23.090,23.190,23.080,23.100,2523284
2025-10-20 14:00:00,23.110,23.160,23.070,23.120,2654464
2025-10-20 14:30:00,23.120,23.140,23.070,23.130,2503541
2025-10-20 15:00:00,23.130,23.160,23.080,23.130,4106032
2025-10-21 10:00:00,23.150,23.470,23.000,23.400,11732702
2025-10-21 10:30:00,23.390,23.600,23.350,23.480,8983556
2025-10-21 11:00:00,23.480,23.490,23.360,23.470,4462646
2025-10-21 11:30:00,23.460,23.480,23.400,23.420,2861500
2025-10-21 13:30:00,23.440,23.440,23.340,23.360,3927811
2025-10-21 14:00:00,23.370,23.400,23.290,23.340,4377800
2025-10-21 14:30:00,23.340,23.480,23.330,23.470,3563518
2025-10-21 15:00:00,23.450,23.460,23.400,23.460,5240697
2025-10-22 10:00:00,23.450,23.450,23.110,23.120,9469928
2025-10-22 10:30:00,23.120,23.130,23.070,23.130,4629926
2025-10-22 11:00:00,23.130,23.130,23.010,23.060,3937880
2025-10-22 11:30:00,23.060,23.170,23.030,23.060,2616689
2025-10-22 13:30:00,23.060,23.120,23.010,23.110,3792216
2025-10-22 14:00:00,23.100,23.120,23.000,23.030,3304190
2025-10-22 14:30:00,23.030,23.050,22.980,23.020,3660072
2025-10-22 15:00:00,23.020,23.040,22.990,23.010,5985619
2025-10-23 10:00:00,22.900,22.950,22.640,22.650,10461962
2025-10-23 10:30:00,22.650,22.770,22.620,22.750,5894881
2025-10-23 11:00:00,22.740,22.850,22.720,22.770,5072481
2025-10-23 11:30:00,22.760,22.880,22.730,22.760,2481232
2025-10-23 13:30:00,22.770,22.850,22.710,22.780,3683009
2025-10-23 14:00:00,22.780,22.800,22.720,22.800,2045998
2025-10-23 14:30:00,22.790,23.010,22.790,22.980,4429500
2025-10-23 15:00:00,22.980,23.050,22.940,23.010,4699326
2025-10-24 10:00:00,23.080,23.300,23.030,23.170,10193037
2025-10-24 10:30:00,23.160,23.260,23.050,23.080,4083400
2025-10-24 11:00:00,23.080,23.150,23.030,23.100,2204900
2025-10-24 11:30:00,23.100,23.110,23.030,23.040,1264800
2025-10-24 13:30:00,23.040,23.140,23.030,23.120,2637740
2025-10-24 14:00:00,23.110,23.120,23.040,23.110,2426500
2025-10-24 14:30:00,23.100,23.130,23.080,23.110,2513071
2025-10-24 15:00:00,23.110,23.130,23.070,23.120,3338500
2025-10-27 10:00:00,23.250,23.680,23.250,23.680,16434239
2025-10-27 10:30:00,23.680,23.730,23.550,23.660,9053232
2025-10-27 11:00:00,23.660,23.720,23.540,23.600,5020079
2025-10-27 11:30:00,23.590,23.630,23.540,23.580,2699394
2025-10-27 13:30:00,23.580,23.600,23.470,23.520,3239533
2025-10-27 14:00:00,23.530,23.580,23.500,23.510,2737100
2025-10-27 14:30:00,23.500,23.570,23.500,23.550,2096488
2025-10-27 15:00:00,23.560,23.580,23.520,23.550,4397661
2025-10-28 10:00:00,23.460,23.550,23.350,23.490,8895968
2025-10-28 10:30:00,23.490,23.540,23.400,23.510,4195300
2025-10-28 11:00:00,23.500,23.510,23.400,23.470,3646659
2025-10-28 11:30:00,23.470,23.540,23.460,23.500,3431172
2025-10-28 13:30:00,23.510,23.630,23.500,23.570,5204282
2025-10-28 14:00:00,23.570,23.590,23.440,23.540,4237438
2025-10-28 14:30:00,23.540,23.560,23.430,23.520,4210400
2025-10-28 15:00:00,23.520,23.540,23.450,23.520,5046155
2025-10-29 10:00:00,23.520,23.840,23.460,23.780,11184959
2025-10-29 10:30:00,23.780,24.060,23.750,24.030,11856114
2025-10-29 11:00:00,24.030,24.100,23.950,24.010,9506878
2025-10-29 11:30:00,24.000,24.020,23.920,23.970,2672396
2025-10-29 13:30:00,23.970,24.770,23.950,24.630,31894485
2025-10-29 14:00:00,24.630,24.880,24.630,24.650,15459596
2025-10-29 14:30:00,24.660,24.990,24.650,24.920,15649640
2025-10-29 15:00:00,24.920,24.970,24.880,24.930,11995696
2025-10-30 10:00:00,24.980,25.000,24.550,24.620,23551210
2025-10-30 10:30:00,24.630,24.760,24.540,24.640,9021888
2025-10-30 11:00:00,24.640,24.720,24.600,24.630,4760880
2025-10-30 11:30:00,24.630,24.660,24.560,24.600,3194700
2025-10-30 13:30:00,24.590,24.600,24.300,24.410,9812950
2025-10-30 14:00:00,24.410,24.530,24.400,24.470,3349898
2025-10-30 14:30:00,24.480,24.480,24.330,24.360,4597353
2025-10-30 15:00:00,24.360,24.400,24.200,24.340,8917211
2025-10-31 10:00:00,24.420,25.060,24.370,24.580,28961631
2025-10-31 10:30:00,24.590,24.680,24.360,24.360,9393723
2025-10-31 11:00:00,24.360,24.420,24.320,24.400,5592332
2025-10-31 11:30:00,24.400,24.420,24.300,24.320,4214810
2025-10-31 13:30:00,24.320,24.340,24.190,24.330,5601561
2025-10-31 14:00:00,24.330,24.400,24.310,24.320,3668400
2025-10-31 14:30:00,24.310,24.340,24.250,24.300,4336100
2025-10-31 15:00:00,24.300,24.350,24.230,24.230,6678174
2025-11-03 10:00:00,24.270,24.490,23.920,24.450,15845954
2025-11-03 10:30:00,24.450,24.510,24.270,24.280,9329858
2025-11-03 11:00:00,24.280,24.410,24.110,24.400,5773600
2025-11-03 11:30:00,24.400,24.410,24.220,24.290,3318100
2025-11-03 13:30:00,24.300,24.410,24.230,24.300,4014352
2025-11-03 14:00:00,24.300,24.510,24.280,24.470,5282900
2025-11-03 14:30:00,24.470,24.500,24.360,24.390,4591500
2025-11-03 15:00:00,24.380,24.480,24.370,24.480,7582322
2025-11-04 10:00:00,24.530,24.990,24.530,24.610,23022803
2025-11-04 10:30:00,24.610,24.740,24.500,24.580,6103208
2025-11-04 11:00:00,24.580,24.640,24.440,24.490,4803480
2025-11-04 11:30:00,24.500,24.500,24.240,24.260,3929421
2025-11-04 13:30:00,24.270,24.400,24.220,24.370,3763252
2025-11-04 14:00:00,24.370,24.370,24.210,24.260,3102544
2025-11-04 14:30:00,24.250,24.260,24.150,24.170,4076788
2025-11-04 15:00:00,24.170,24.280,24.140,24.170,6050979
2025-11-05 10:00:00,23.970,24.200,23.760,23.960,12781378
2025-11-05 10:30:00,23.950,24.660,23.840,24.410,15071266
2025-11-05 11:00:00,24.400,24.440,24.110,24.140,6593736
2025-11-05 11:30:00,24.140,24.840,24.140,24.730,18178235
2025-11-05 13:30:00,24.730,25.150,24.600,24.830,30118411
2025-11-05 14:00:00,24.830,24.960,24.670,24.710,12635192
2025-11-05 14:30:00,24.720,24.820,24.710,24.790,4827673
2025-11-05 15:00:00,24.790,24.790,24.690,24.730,9865215
2025-11-06 10:00:00,24.940,25.780,24.940,25.470,55666657
2025-11-06 10:30:00,25.470,25.800,25.270,25.730,21362877
2025-11-06 11:00:00,25.740,25.850,25.620,25.690,14378306
2025-11-06 11:30:00,25.690,25.730,25.360,25.480,11352902
2025-11-06 13:30:00,25.480,25.560,25.270,25.300,10821280
2025-11-06 14:00:00,25.310,25.390,25.160,25.290,7886900
2025-11-06 14:30:00,25.290,25.450,25.290,25.350,6129928
2025-11-06 15:00:00,25.350,25.430,25.300,25.350,8599414
2025-11-07 10:00:00,25.290,25.860,25.130,25.540,31470865
2025-11-07 10:30:00,25.540,25.550,25.300,25.330,11861893
2025-11-07 11:00:00,25.320,25.390,25.150,25.260,8472057
2025-11-07 11:30:00,25.260,25.300,25.000,25.050,10742336
2025-11-07 13:30:00,25.050,25.260,25.010,25.230,7766582
2025-11-07 14:00:00,25.240,25.300,25.160,25.210,5147258
2025-11-07 14:30:00,25.190,25.210,25.090,25.160,4720946
2025-11-07 15:00:00,25.150,25.220,25.130,25.150,6828497
2025-11-10 10:00:00,25.410,25.470,24.910,24.980,20206093
2025-11-10 10:30:00,24.980,25.120,24.880,25.030,9793308
2025-11-10 11:00:00,25.030,25.050,24.880,24.900,6832562
2025-11-10 11:30:00,24.880,25.280,24.880,25.110,6273246
2025-11-10 13:30:00,25.110,25.160,24.930,25.100,4482795
2025-11-10 14:00:00,25.110,25.120,24.950,24.980,3456900
2025-11-10 14:30:00,24.970,25.090,24.940,25.030,4205561
2025-11-10 15:00:00,25.030,25.090,24.980,25.050,6898575
2025-11-11 10:00:00,25.330,25.560,25.100,25.110,22686255
2025-11-11 10:30:00,25.120,25.200,24.920,24.930,8974319
2025-11-11 11:00:00,24.940,25.090,24.900,24.940,5500045
2025-11-11 11:30:00,24.940,25.200,24.920,25.020,3799328
2025-11-11 13:30:00,25.010,25.040,24.900,24.930,4320932
2025-11-11 14:00:00,24.930,25.020,24.900,24.940,3633965
2025-11-11 14:30:00,24.940,25.010,24.900,24.960,4789472
2025-11-11 15:00:00,24.960,25.010,24.920,25.010,6073140
2025-11-12 10:00:00,24.940,24.970,24.300,24.560,22319532
2025-11-12 10:30:00,24.550,24.620,24.410,24.410,6225592
2025-11-12 11:00:00,24.410,24.420,24.180,24.210,9413858
2025-11-12 11:30:00,24.230,24.250,24.090,24.110,7189656
2025-11-12 13:30:00,24.110,24.180,23.860,23.970,14320724
2025-11-12 14:00:00,23.970,24.140,23.950,24.100,5806600
2025-11-12 14:30:00,24.100,24.210,24.050,24.100,4009400
2025-11-12 15:00:00,24.100,24.190,24.080,24.100,7693801
2025-11-13 10:00:00,24.030,24.190,23.880,24.180,11080249
2025-11-13 10:30:00,24.180,24.300,24.110,24.190,7126184
2025-11-13 11:00:00,24.190,24.340,24.100,24.250,6189536
2025-11-13 11:30:00,24.260,24.300,24.210,24.280,3136443
2025-11-13 13:30:00,24.270,24.300,24.160,24.210,4813000
2025-11-13 14:00:00,24.210,24.260,24.140,24.190,3777577
2025-11-13 14:30:00,24.200,24.360,24.140,24.290,4870800
2025-11-13 15:00:00,24.280,24.450,24.260,24.400,9126418
2025-11-14 10:00:00,24.280,24.280,23.970,23.980,13282921
2025-11-14 10:30:00,23.970,24.050,23.910,24.050,5437354
2025-11-14 11:00:00,24.050,24.090,23.920,23.950,3657249
2025-11-14 11:30:00,23.940,23.970,23.920,23.920,2132511
2025-11-14 13:30:00,23.920,24.100,23.910,23.930,3305254
2025-11-14 14:00:00,23.920,23.990,23.920,23.950,2191088
2025-11-14 14:30:00,23.940,23.950,23.880,23.890,5250989
2025-11-14 15:00:00,23.890,23.900,23.780,23.800,11176514
2025-11-17 10:00:00,23.770,23.850,23.410,23.450,15091049
2025-11-17 10:30:00,23.450,23.560,23.430,23.500,4739876
2025-11-17 11:00:00,23.500,23.650,23.430,23.570,3621768
2025-11-17 11:30:00,23.570,23.640,23.530,23.540,1901070
2025-11-17 13:30:00,23.540,23.630,23.480,23.510,3483600
2025-11-17 14:00:00,23.510,23.610,23.490,23.560,2852010
2025-11-17 14:30:00,23.570,23.640,23.530,23.640,2585200
2025-11-17 15:00:00,23.640,23.730,23.620,23.690,5383571
2025-11-18 10:00:00,23.690,23.690,23.430,23.470,6401270
2025-11-18 10:30:00,23.470,23.540,23.430,23.520,3608491
2025-11-18 11:00:00,23.520,23.540,23.380,23.380,3463600
2025-11-18 11:30:00,23.380,23.440,23.340,23.400,3020209
2025-11-18 13:30:00,23.390,23.410,23.260,23.280,4007287
2025-11-18 14:00:00,23.280,23.370,23.260,23.260,3269100
2025-11-18 14:30:00,23.260,23.270,23.160,23.170,5254344
2025-11-18 15:00:00,23.170,23.270,23.150,23.270,5583305
2025-11-19 10:00:00,23.240,23.370,23.160,23.220,6113719
2025-11-19 10:30:00,23.220,23.250,23.110,23.150,3425462
2025-11-19 11:00:00,23.140,23.260,23.110,23.130,3282862
2025-11-19 11:30:00,23.140,23.160,23.020,23.030,3873100
2025-11-19 13:30:00,23.040,23.110,23.030,23.060,3207592
2025-11-19 14:00:00,23.050,23.170,23.010,23.150,4655160
2025-11-19 14:30:00,23.150,23.200,23.110,23.150,2322160
2025-11-19 15:00:00,23.160,23.190,23.070,23.080,4361687
2025-11-20 10:00:00,23.120,23.260,23.020,23.040,7560000
2025-11-20 10:30:00,23.040,23.180,23.020,23.070,3665432
2025-11-20 11:00:00,23.070,23.090,22.940,22.940,3945400
2025-11-20 11:30:00,22.940,23.050,22.940,23.030,2468604
2025-11-20 13:30:00,23.030,23.100,22.980,22.990,2542908
2025-11-20 14:00:00,22.980,22.990,22.880,22.900,4346700
2025-11-20 14:30:00,22.900,22.920,22.790,22.810,7892727
2025-11-20 15:00:00,22.820,22.900,22.750,22.790,7649046
2025-11-21 10:00:00,22.610,22.740,22.350,22.380,15608793
2025-11-21 10:30:00,22.390,22.500,22.300,22.320,6532203
2025-11-21 11:00:00,22.320,22.390,22.260,22.360,4976942
2025-11-21 11:30:00,22.350,22.460,22.300,22.380,3995817
2025-11-21 13:30:00,22.390,22.450,22.350,22.390,3607400
2025-11-21 14:00:00,22.390,22.450,22.310,22.330,2730668
2025-11-21 14:30:00,22.330,22.380,22.280,22.320,4075118
2025-11-21 15:00:00,22.330,22.350,22.230,22.240,8076780
2025-11-24 10:00:00,22.470,22.530,22.130,22.200,10546253
2025-11-24 10:30:00,22.200,22.250,22.150,22.220,4319520
2025-11-24 11:00:00,22.230,22.250,22.130,22.140,3652040
2025-11-24 11:30:00,22.140,22.160,22.100,22.140,2668600
2025-11-24 13:30:00,22.150,22.210,22.100,22.200,3624107
2025-11-24 14:00:00,22.210,22.270,22.190,22.220,5223000
2025-11-24 14:30:00,22.210,22.260,22.200,22.240,3600860
2025-11-24 15:00:00,22.230,22.240,22.150,22.150,7506574
2025-11-25 10:00:00,22.240,22.400,22.210,22.210,12489206
2025-11-25 10:30:00,22.210,22.350,22.180,22.350,6791959
2025-11-25 11:00:00,22.350,22.420,22.290,22.300,7051202
2025-11-25 11:30:00,22.300,22.360,22.290,22.350,2796935
2025-11-25 13:30:00,22.340,22.360,22.210,22.220,4162750
2025-11-25 14:00:00,22.220,22.240,22.200,22.220,3109086
2025-11-25 14:30:00,22.230,22.240,22.170,22.180,4334284
2025-11-25 15:00:00,22.180,22.200,22.160,22.190,5464320
2025-11-26 10:00:00,22.160,22.200,22.030,22.200,9170874
2025-11-26 10:30:00,22.200,22.250,22.170,22.220,3807240
2025-11-26 11:00:00,22.210,22.230,22.040,22.120,5407178
2025-11-26 11:30:00,22.120,22.160,22.090,22.120,2471301
2025-11-26 13:30:00,22.130,22.210,22.110,22.180,2894634
2025-11-26 14:00:00,22.170,22.210,22.100,22.120,2909801
2025-11-26 14:30:00,22.120,22.120,22.080,22.100,2425182
2025-11-26 15:00:00,22.110,22.130,22.080,22.120,4349199
2025-11-27 10:00:00,22.140,22.270,22.100,22.240,8589680
2025-11-27 10:30:00,22.250,22.270,22.180,22.190,4499932
2025-11-27 11:00:00,22.190,22.230,22.160,22.220,2322781
2025-11-27 11:30:00,22.220,22.230,22.160,22.160,1748500
2025-11-27 13:30:00,22.170,22.220,22.150,22.170,3142295
2025-11-27 14:00:00,22.170,22.210,22.160,22.180,2057300
2025-11-27 14:30:00,22.180,22.190,22.110,22.140,3855400
2025-11-27 15:00:00,22.140,22.140,22.060,22.090,7965029
2025-11-28 10:00:00,22.080,22.100,21.980,22.000,8898740
2025-11-28 10:30:00,22.010,22.120,21.990,22.090,3651160
2025-11-28 11:00:00,22.090,22.160,22.080,22.140,3410299
2025-11-28 11:30:00,22.140,22.180,22.130,22.150,3135100
2025-11-28 13:30:00,22.150,22.240,22.140,22.160,3985132
2025-11-28 14:00:00,22.170,22.200,22.140,22.180,1989400
2025-11-28 14:30:00,22.190,22.230,22.160,22.220,3137052
2025-11-28 15:00:00,22.210,22.230,22.130,22.160,9188105
2025-12-01 10:00:00,22.270,22.440,22.250,22.420,13843429
2025-12-01 10:30:00,22.420,22.420,22.240,22.270,6413033
2025-12-01 11:00:00,22.270,22.320,22.240,22.290,3117300
2025-12-01 11:30:00,22.290,22.350,22.280,22.310,2395500
2025-12-01 13:30:00,22.320,22.340,22.270,22.300,2605600
2025-12-01 14:00:00,22.290,22.300,22.260,22.300,2867392
2025-12-01 14:30:00,22.290,22.380,22.290,22.350,3825967
2025-12-01 15:00:00,22.360,22.380,22.330,22.370,5195163
2025-12-02 10:00:00,22.370,22.420,22.220,22.310,5912520
2025-12-02 10:30:00,22.310,22.390,22.270,22.370,6027700
2025-12-02 11:00:00,22.370,22.390,22.340,22.370,2013100
2025-12-02 11:30:00,22.370,22.400,22.280,22.300,2875300
2025-12-02 13:30:00,22.290,22.400,22.260,22.290,3389620
2025-12-02 14:00:00,22.290,22.330,22.270,22.280,2374672
2025-12-02 14:30:00,22.290,22.320,22.280,22.300,1994400
2025-12-02 15:00:00,22.300,22.340,22.290,22.320,3323409
2025-12-03 10:00:00,22.330,22.360,22.210,22.280,6644595
2025-12-03 10:30:00,22.270,22.300,22.230,22.250,3476748
2025-12-03 11:00:00,22.250,22.260,22.130,22.200,4505662
2025-12-03 11:30:00,22.200,22.280,22.190,22.250,1909532
2025-12-03 13:30:00,22.250,22.330,22.250,22.330,2421270
2025-12-03 14:00:00,22.330,22.330,22.210,22.210,2290000
2025-12-03 14:30:00,22.220,22.340,22.180,22.290,4952432
2025-12-03 15:00:00,22.290,22.320,22.260,22.280,4218748
2025-12-04 10:00:00,22.290,22.360,22.250,22.320,5459989
2025-12-04 10:30:00,22.320,22.520,22.310,22.480,9807607
2025-12-04 11:00:00,22.480,22.570,22.450,22.490,5173696
2025-12-04 11:30:00,22.500,22.500,22.430,22.470,2392079
2025-12-04 13:30:00,22.470,22.480,22.360,22.390,3175465
2025-12-04 14:00:00,22.390,22.420,22.350,22.360,2148128
2025-12-04 14:30:00,22.370,22.400,22.350,22.380,1588113
2025-12-04 15:00:00,22.380,22.410,22.360,22.410,3856192
2025-12-05 10:00:00,22.420,22.580,22.380,22.560,8040650
2025-12-05 10:30:00,22.570,22.600,22.430,22.440,5594992
2025-12-05 11:00:00,22.440,22.490,22.300,22.320,5862188
2025-12-05 11:30:00,22.310,22.450,22.310,22.440,4098260
2025-12-05 13:30:00,22.450,22.580,22.440,22.550,4805406
2025-12-05 14:00:00,22.550,22.740,22.550,22.730,7573660
2025-12-05 14:30:00,22.730,22.740,22.660,22.680,4034700
2025-12-05 15:00:00,22.680,22.720,22.650,22.700,4909699
2025-12-08 10:00:00,22.750,22.940,22.720,22.720,11747526
2025-12-08 10:30:00,22.720,22.800,22.680,22.760,4698680
2025-12-08 11:00:00,22.750,22.800,22.720,22.790,2632716
2025-12-08 11:30:00,22.790,22.830,22.760,22.760,2504184
2025-12-08 13:30:00,22.770,22.780,22.720,22.750,2800238
2025-12-08 14:00:00,22.760,22.780,22.710,22.720,3067800
2025-12-08 14:30:00,22.720,22.760,22.690,22.720,3690379
2025-12-08 15:00:00,22.730,22.730,22.670,22.730,5562315
2025-12-09 10:00:00,22.730,22.730,22.570,22.670,7425497
2025-12-09 10:30:00,22.680,22.730,22.630,22.630,3021000
2025-12-09 11:00:00,22.630,22.690,22.560,22.570,2829020
2025-12-09 11:30:00,22.560,22.630,22.510,22.580,2753405
2025-12-09 13:30:00,22.580,22.590,22.510,22.520,2311744
2025-12-09 14:00:00,22.520,22.540,22.460,22.470,2427371
2025-12-09 14:30:00,22.470,22.480,22.440,22.470,2573149
2025-12-09 15:00:00,22.480,22.490,22.430,22.470,5056942
2025-12-10 10:00:00,22.450,22.550,22.330,22.480,6708474
2025-12-10 10:30:00,22.490,22.540,22.470,22.500,2640600
2025-12-10 11:00:00,22.500,22.520,22.460,22.470,2383660
2025-12-10 11:30:00,22.480,22.510,22.430,22.440,1985900
2025-12-10 13:30:00,22.440,22.510,22.430,22.500,1663712
2025-12-10 14:00:00,22.500,22.560,22.500,22.510,2250049
2025-12-10 14:30:00,22.520,22.600,22.510,22.590,2387547
2025-12-10 15:00:00,22.590,22.640,22.590,22.620,3568283
2025-12-11 10:00:00,22.610,22.910,22.600,22.910,11655305
2025-12-11 10:30:00,22.900,23.130,22.890,22.920,9088500
2025-12-11 11:00:00,22.910,22.950,22.770,22.790,3955003
2025-12-11 11:30:00,22.780,22.840,22.750,22.750,1677300
2025-12-11 13:30:00,22.750,22.800,22.700,22.710,2479412
2025-12-11 14:00:00,22.710,22.800,22.700,22.750,2909199
2025-12-11 14:30:00,22.760,22.800,22.700,22.700,2310900
2025-12-11 15:00:00,22.710,22.740,22.680,22.720,5026443
2025-12-12 10:00:00,22.720,22.880,22.670,22.850,7123108
2025-12-12 10:30:00,22.850,22.940,22.790,22.860,6201400
2025-12-12 11:00:00,22.860,22.980,22.830,22.920,3884466
2025-12-12 11:30:00,22.930,23.180,22.920,23.130,10059421
2025-12-12 13:30:00,23.130,23.300,23.120,23.180,9731691
2025-12-12 14:00:00,23.180,23.220,23.130,23.210,5107518
2025-12-12 14:30:00,23.210,23.270,23.200,23.220,5841369
2025-12-12 15:00:00,23.220,23.230,23.150,23.220,7808047
2025-12-15 10:00:00,23.300,23.470,23.160,23.250,16107571
2025-12-15 10:30:00,23.260,23.300,23.160,23.200,5440971
2025-12-15 11:00:00,23.200,23.300,23.100,23.220,4659557
2025-12-15 11:30:00,23.210,23.250,23.130,23.140,2797100
2025-12-15 13:30:00,23.130,23.220,23.070,23.160,3176906
2025-12-15 14:00:00,23.160,23.190,23.100,23.100,2393520
2025-12-15 14:30:00,23.110,23.130,23.070,23.080,2620625
2025-12-15 15:00:00,23.080,23.100,23.000,23.020,7564940
2025-12-16 10:00:00,22.950,23.020,22.760,22.840,9447600
2025-12-16 10:30:00,22.840,22.870,22.750,22.800,4581487
2025-12-16 11:00:00,22.800,22.830,22.690,22.780,5207175
2025-12-16 11:30:00,22.780,22.800,22.680,22.710,2973100
2025-12-16 13:30:00,22.730,22.820,22.700,22.760,2695383
2025-12-16 14:00:00,22.750,22.880,22.730,22.800,2544530
2025-12-16 14:30:00,22.810,22.850,22.760,22.820,2495900
2025-12-16 15:00:00,22.820,22.870,22.770,22.840,3946081
2025-12-17 10:00:00,22.730,22.960,22.680,22.910,7708921
2025-12-17 10:30:00,22.910,22.940,22.830,22.860,3222100
2025-12-17 11:00:00,22.880,22.880,22.750,22.760,2886936
2025-12-17 11:30:00,22.760,22.880,22.750,22.800,1285632
2025-12-17 13:30:00,22.800,22.850,22.690,22.770,3351204
2025-12-17 14:00:00,22.770,22.990,22.760,22.990,4304160
2025-12-17 14:30:00,22.980,23.100,22.970,23.090,6058383
2025-12-17 15:00:00,23.090,23.090,23.000,23.060,4675001
2025-12-18 10:00:00,22.920,22.990,22.800,22.850,6506427
2025-12-18 10:30:00,22.860,22.920,22.800,22.880,3788473
2025-12-18 11:00:00,22.890,22.950,22.870,22.930,1564300
2025-12-18 11:30:00,22.930,22.940,22.870,22.890,1290454
2025-12-18 13:30:00,22.890,22.970,22.870,22.950,1867371
2025-12-18 14:00:00,22.940,22.950,22.840,22.880,2236200
2025-12-18 14:30:00,22.860,22.920,22.850,22.910,1895925
2025-12-18 15:00:00,22.910,22.920,22.830,22.900,4043587
2025-12-19 10:00:00,22.900,23.100,22.870,22.920,6452132
2025-12-19 10:30:00,22.910,23.000,22.870,22.900,4801376
2025-12-19 11:00:00,22.910,22.990,22.890,22.970,4278445
2025-12-19 11:30:00,22.970,23.010,22.930,22.980,1876459
2025-12-19 13:30:00,22.970,22.990,22.840,22.880,4052645
2025-12-19 14:00:00,22.890,22.920,22.850,22.860,2253600
2025-12-19 14:30:00,22.860,22.880,22.820,22.860,2931360
2025-12-19 15:00:00,22.860,22.880,22.830,22.840,4871805
2025-12-22 10:00:00,22.750,22.910,22.750,22.880,7603439
2025-12-22 10:30:00,22.880,23.000,22.860,22.980,4908717
2025-12-22 11:00:00,22.970,23.000,22.920,22.990,2987973
2025-12-22 11:30:00,22.990,23.030,22.940,22.960,2388180
2025-12-22 13:30:00,22.950,22.970,22.900,22.940,2601220
2025-12-22 14:00:00,22.940,22.970,22.920,22.960,2119300
2025-12-22 14:30:00,22.960,23.000,22.940,22.950,2726400
2025-12-22 15:00:00,22.960,22.970,22.920,22.960,3638880
2025-12-23 10:00:00,22.960,22.970,22.730,22.820,6695643
2025-12-23 10:30:00,22.820,22.900,22.760,22.880,3918873
2025-12-23 11:00:00,22.870,22.990,22.870,22.960,3799020
2025-12-23 11:30:00,22.960,22.980,22.920,22.920,1697180
2025-12-23 13:30:00,22.920,23.040,22.870,23.000,3804553
2025-12-23 14:00:00,23.000,23.050,22.930,22.960,3308261
2025-12-23 14:30:00,22.950,22.980,22.900,22.920,1939942
2025-12-23 15:00:00,22.920,23.000,22.890,23.000,4014131
2025-12-24 10:00:00,22.950,22.950,22.750,22.920,5984537
2025-12-24 10:30:00,22.910,23.120,22.900,23.120,4758711
2025-12-24 11:00:00,23.110,23.140,23.010,23.010,3295373
2025-12-24 11:30:00,23.020,23.080,23.000,23.030,1723402
2025-12-24 13:30:00,23.040,23.080,23.010,23.070,2021761
2025-12-24 14:00:00,23.060,23.090,23.030,23.040,2518381
2025-12-24 14:30:00,23.050,23.070,23.030,23.050,2127137
2025-12-24 15:00:00,23.050,23.060,22.990,23.050,4658567
2025-12-25 10:00:00,23.020,23.090,22.950,23.050,3353820
2025-12-25 10:30:00,23.050,23.070,22.960,22.980,2248700
2025-12-25 11:00:00,22.980,23.030,22.970,22.990,1675182
2025-12-25 11:30:00,22.980,23.000,22.960,22.970,1561600
2025-12-25 13:30:00,22.970,22.980,22.890,22.920,5124581
2025-12-25 14:00:00,22.920,22.960,22.900,22.940,3038520
2025-12-25 14:30:00,22.950,22.970,22.930,22.950,2341435
2025-12-25 15:00:00,22.940,22.960,22.920,22.950,3232192
2025-12-26 10:00:00,22.930,23.010,22.890,22.990,4301804
2025-12-26 10:30:00,23.000,23.010,22.940,23.000,3168017
2025-12-26 11:00:00,22.990,23.000,22.950,22.960,2291323
2025-12-26 11:30:00,22.960,22.980,22.780,22.810,6753993
2025-12-26 13:30:00,22.810,22.890,22.790,22.850,3118124
2025-12-26 14:00:00,22.860,22.890,22.840,22.880,2998028
2025-12-26 14:30:00,22.880,22.900,22.780,22.810,4245200
2025-12-26 15:00:00,22.810,22.820,22.710,22.770,6932074
2025-12-29 10:00:00,22.800,22.970,22.760,22.940,9931611
2025-12-29 10:30:00,22.940,22.950,22.800,22.810,4977669
2025-12-29 11:00:00,22.810,22.830,22.780,22.790,3856966
2025-12-29 11:30:00,22.790,22.840,22.740,22.800,3969513
2025-12-29 13:30:00,22.800,22.820,22.700,22.710,5898419
2025-12-29 14:00:00,22.710,22.750,22.700,22.720,3027000
2025-12-29 14:30:00,22.710,22.750,22.680,22.710,5031326
2025-12-29 15:00:00,22.700,22.750,22.680,22.740,4896899
2025-12-30 10:00:00,22.650,22.820,22.540,22.780,6659226
2025-12-30 10:30:00,22.770,22.790,22.680,22.700,2972116
2025-12-30 11:00:00,22.690,22.700,22.630,22.670,2426916
2025-12-30 11:30:00,22.670,22.680,22.570,22.620,3709972
2025-12-30 13:30:00,22.620,22.640,22.550,22.630,4249414
2025-12-30 14:00:00,22.640,22.650,22.570,22.580,3395060
2025-12-30 14:30:00,22.580,22.610,22.570,22.610,3367805
2025-12-30 15:00:00,22.600,22.620,22.560,22.580,3925491
2025-12-31 10:00:00,22.600,22.620,22.430,22.470,6779600
2025-12-31 10:30:00,22.470,22.570,22.470,22.550,2783024
2025-12-31 11:00:00,22.550,22.560,22.460,22.470,1848248
2025-12-31 11:30:00,22.470,22.520,22.460,22.470,1493800
2025-12-31 13:30:00,22.470,22.510,22.410,22.500,2852497
2025-12-31 14:00:00,22.500,22.510,22.460,22.470,1675044
2025-12-31 14:30:00,22.480,22.490,22.440,22.450,2245452
2025-12-31 15:00:00,22.440,22.490,22.420,22.480,4917766
2026-01-05 10:00:00,22.580,23.110,22.580,23.100,23126739
2026-01-05 10:30:00,23.100,23.260,23.080,23.160,12235305
2026-01-05 11:00:00,23.160,23.240,23.050,23.180,6195933
2026-01-05 11:30:00,23.180,23.210,23.160,23.180,2995516
2026-01-05 13:30:00,23.180,23.220,23.120,23.170,5256571
2026-01-05 14:00:00,23.170,23.190,23.100,23.170,4260940
2026-01-05 14:30:00,23.180,23.190,23.140,23.150,3222408
2026-01-05 15:00:00,23.150,23.170,23.120,23.150,4950431
2026-01-06 10:00:00,23.230,23.230,23.050,23.170,9508272
2026-01-06 10:30:00,23.160,23.310,23.150,23.290,6741121
2026-01-06 11:00:00,23.280,23.420,23.220,23.340,7433016
2026-01-06 11:30:00,23.340,23.500,23.330,23.490,5251313
2026-01-06 13:30:00,23.490,23.500,23.400,23.420,3090313
2026-01-06 14:00:00,23.420,23.430,23.300,23.370,4248613
2026-01-06 14:30:00,23.360,23.450,23.360,23.440,3114420
2026-01-06 15:00:00,23.440,23.460,23.410,23.460,4832714
2026-01-07 10:00:00,23.500,23.850,23.380,23.740,16009235
2026-01-07 10:30:00,23.750,23.750,23.600,23.640,7827133
2026-01-07 11:00:00,23.630,23.690,23.600,23.610,3114404
2026-01-07 11:30:00,23.610,23.650,23.590,23.640,2279532
2026-01-07 13:30:00,23.630,23.650,23.470,23.510,4727973
2026-01-07 14:00:00,23.510,23.530,23.430,23.460,3929272
2026-01-07 14:30:00,23.460,23.540,23.450,23.460,3265266
2026-01-07 15:00:00,23.460,23.490,23.400,23.480,4939332
2026-01-08 10:00:00,23.480,23.700,23.330,23.690,9135470
2026-01-08 10:30:00,23.690,23.850,23.660,23.780,8945177
2026-01-08 11:00:00,23.780,23.780,23.640,23.700,3789764
2026-01-08 11:30:00,23.700,23.700,23.570,23.670,3126529
2026-01-08 13:30:00,23.680,23.710,23.610,23.670,2480204
2026-01-08 14:00:00,23.660,23.670,23.570,23.610,2899234
2026-01-08 14:30:00,23.610,23.630,23.470,23.540,3475433
2026-01-08 15:00:00,23.540,23.610,23.510,23.610,3624884
2026-01-09 10:00:00,23.590,23.920,23.520,23.860,9668835
2026-01-09 10:30:00,23.850,23.930,23.750,23.760,7202206
2026-01-09 11:00:00,23.770,23.880,23.760,23.860,4138087
2026-01-09 11:30:00,23.840,23.860,23.680,23.740,4484255
2026-01-09 13:30:00,23.740,23.860,23.650,23.670,4487119
2026-01-09 14:00:00,23.670,23.700,23.630,23.660,3064117
2026-01-09 14:30:00,23.670,23.720,23.650,23.700,2877614
2026-01-09 15:00:00,23.690,23.720,23.660,23.680,5237343
2026-01-12 10:00:00,23.730,23.940,23.690,23.800,15651053
2026-01-12 10:30:00,23.810,23.830,23.610,23.620,8677071
2026-01-12 11:00:00,23.610,23.650,23.570,23.600,6734650
2026-01-12 11:30:00,23.600,23.700,23.560,23.700,4415227
2026-01-12 13:30:00,23.690,23.780,23.620,23.720,6252726
2026-01-12 14:00:00,23.720,23.890,23.650,23.850,8205921
2026-01-12 14:30:00,23.850,23.850,23.740,23.790,8230837
2026-01-12 15:00:00,23.790,23.790,23.720,23.750,7858253
2026-01-13 10:00:00,23.800,24.100,23.600,23.840,21003309
2026-01-13 10:30:00,23.840,23.850,23.560,23.580,10420524
2026-01-13 11:00:00,23.560,23.590,23.500,23.560,7221437
2026-01-13 11:30:00,23.540,23.610,23.530,23.530,6403549
2026-01-13 13:30:00,23.530,23.550,23.400,23.430,7580402
2026-01-13 14:00:00,23.430,24.840,23.360,24.550,52889122
2026-01-13 14:30:00,24.550,24.810,24.170,24.200,31877772
2026-01-13 15:00:00,24.200,24.440,24.170,24.400,18232495
2026-01-14 10:00:00,24.410,24.440,24.000,24.260,31295672
2026-01-14 10:30:00,24.260,24.470,24.200,24.380,16741098
2026-01-14 11:00:00,24.370,24.380,24.190,24.210,12522475
2026-01-14 11:30:00,24.200,24.330,24.190,24.310,10027844
2026-01-14 13:30:00,24.300,24.330,23.790,23.810,27343158
2026-01-14 14:00:00,23.800,23.890,23.590,23.600,14185671
2026-01-14 14:30:00,23.600,23.770,23.550,23.720,9873484
2026-01-14 15:00:00,23.710,23.750,23.600,23.720,14126833
2026-01-15 10:00:00,23.680,24.180,23.600,23.960,21679157
2026-01-15 10:30:00,23.960,23.970,23.750,23.840,10403110
2026-01-15 11:00:00,23.840,23.950,23.750,23.750,7395962
2026-01-15 11:30:00,23.760,23.800,23.700,23.730,3926220
2026-01-15 13:30:00,23.730,23.770,23.680,23.710,4786142
2026-01-15 14:00:00,23.710,23.720,23.620,23.690,4838554
2026-01-15 14:30:00,23.680,24.040,23.580,24.010,11474530
2026-01-15 15:00:00,24.020,24.080,23.680,23.800,27651674
2026-01-16 10:00:00,25.650,25.790,24.950,25.390,139900761
2026-01-16 10:30:00,25.390,25.540,25.130,25.150,31695350
2026-01-16 11:00:00,25.150,25.170,24.690,24.700,30442132
2026-01-16 11:30:00,24.700,24.820,24.440,24.460,22990667
2026-01-16 13:30:00,24.460,24.610,24.430,24.530,21118946
2026-01-16 14:00:00,24.520,24.570,24.330,24.370,18386656
2026-01-16 14:30:00,24.360,24.480,24.240,24.320,16000797
2026-01-16 15:00:00,24.320,24.450,24.290,24.400,21274244
2026-01-19 10:00:00,24.880,26.600,24.870,26.590,141903240
2026-01-19 10:30:00,26.600,26.840,26.310,26.460,59829119
2026-01-19 11:00:00,26.450,26.470,26.030,26.080,24918434
2026-01-19 11:30:00,26.080,26.220,25.910,25.960,15874376
2026-01-19 13:30:00,25.950,26.050,25.850,26.020,18027444
2026-01-19 14:00:00,26.020,26.080,25.880,25.960,14155953
2026-01-19 14:30:00,25.940,26.070,25.900,26.070,16529027
2026-01-19 15:00:00,26.070,26.280,25.880,26.200,43264068
2026-01-20 10:00:00,26.400,26.900,25.930,26.160,118114745
2026-01-20 10:30:00,26.160,26.210,25.920,26.100,32618592
2026-01-20 11:00:00,26.090,26.420,26.000,26.280,22650451
2026-01-20 11:30:00,26.280,26.340,26.180,26.230,13864673
2026-01-20 13:30:00,26.220,26.800,26.160,26.490,36964795
2026-01-20 14:00:00,26.490,26.500,26.250,26.420,18528106
2026-01-20 14:30:00,26.420,26.680,26.270,26.290,37161645
2026-01-20 15:00:00,26.290,26.320,26.140,26.250,31644593
2026-01-21 10:00:00,26.150,26.300,25.660,25.870,54659649
2026-01-21 10:30:00,25.860,26.370,25.800,25.940,24179477
2026-01-21 11:00:00,25.950,25.950,25.670,25.680,23282414
2026-01-21 11:30:00,25.670,25.900,25.670,25.690,12511220
2026-01-21 13:30:00,25.700,25.800,25.660,25.690,15003127
2026-01-21 14:00:00,25.690,25.750,25.650,25.700,14039694
2026-01-21 14:30:00,25.700,25.710,25.550,25.580,20792165
2026-01-21 15:00:00,25.590,25.660,25.510,25.640,23081003
2026-01-22 10:00:00,25.850,26.170,25.420,25.450,42178843
2026-01-22 10:30:00,25.450,25.480,25.130,25.140,29044540
2026-01-22 11:00:00,25.140,25.400,25.130,25.270,9763253
2026-01-22 11:30:00,25.270,25.380,25.200,25.210,5712596
2026-01-22 13:30:00,25.220,25.280,25.200,25.230,5238081
2026-01-22 14:00:00,25.240,25.340,25.210,25.220,5429456
2026-01-22 14:30:00,25.230,25.260,25.150,25.250,9942840
2026-01-22 15:00:00,25.240,25.350,25.190,25.300,15912083
2026-01-23 10:00:00,25.310,25.540,25.210,25.520,25755992
2026-01-23 10:30:00,25.520,25.760,25.500,25.600,23661493
2026-01-23 11:00:00,25.610,25.720,25.530,25.590,11423535
2026-01-23 11:30:00,25.580,25.630,25.460,25.530,8501640
2026-01-23 13:30:00,25.530,25.600,25.300,25.410,17225419
2026-01-23 14:00:00,25.400,25.410,25.310,25.350,9657408
2026-01-23 14:30:00,25.340,25.360,25.230,25.290,14632174
2026-01-23 15:00:00,25.290,25.430,25.230,25.420,21081408
2026-01-26 10:00:00,25.550,26.350,25.550,25.970,60994294
2026-01-26 10:30:00,25.980,26.290,25.890,26.190,31233367
2026-01-26 11:00:00,26.180,26.200,25.860,25.860,16436436
2026-01-26 11:30:00,25.860,26.090,25.820,25.940,9073292
2026-01-26 13:30:00,25.950,26.150,25.820,25.820,10588864
2026-01-26 14:00:00,25.820,25.930,25.770,25.830,9546908
2026-01-26 14:30:00,25.820,25.930,25.790,25.880,7513120
2026-01-26 15:00:00,25.890,25.900,25.780,25.830,14934786
2026-01-27 10:00:00,25.730,25.800,25.280,25.300,31869000
2026-01-27 10:30:00,25.300,25.500,25.220,25.240,15839122
2026-01-27 11:00:00,25.240,25.520,25.220,25.400,11474282
2026-01-27 11:30:00,25.390,25.570,25.360,25.480,6187541
2026-01-27 13:30:00,25.470,25.620,25.390,25.550,9015608
2026-01-27 14:00:00,25.550,25.640,25.500,25.610,8219600
2026-01-27 14:30:00,25.610,25.660,25.420,25.470,11756400
2026-01-27 15:00:00,25.480,25.480,25.330,25.380,17287935
2026-01-28 10:00:00,25.470,25.960,25.410,25.820,33831620
2026-01-28 10:30:00,25.820,26.030,25.690,25.780,19720330
2026-01-28 11:00:00,25.780,25.900,25.600,25.600,10417012
2026-01-28 11:30:00,25.600,25.730,25.570,25.700,7056887
2026-01-28 13:30:00,25.700,25.740,25.470,25.550,11811356
2026-01-28 14:00:00,25.550,25.720,25.540,25.670,5195940
2026-01-28 14:30:00,25.670,25.720,25.580,25.680,7518806
2026-01-28 15:00:00,25.670,25.680,25.430,25.510,18639267
2026-01-29 10:00:00,25.450,25.530,25.080,25.130,30800841
2026-01-29 10:30:00,25.130,25.180,24.980,25.050,21830518
2026-01-29 11:00:00,25.050,25.160,25.010,25.070,6613397
2026-01-29 11:30:00,25.070,25.090,24.890,24.960,13362279
2026-01-29 13:30:00,24.960,25.020,24.850,24.850,10390575
2026-01-29 14:00:00,24.860,25.040,24.830,24.980,10916781
2026-01-29 14:30:00,24.970,25.200,24.930,25.110,10184969
2026-01-29 15:00:00,25.110,25.150,24.960,25.120,10906269
2026-01-30 10:00:00,25.010,25.080,24.810,24.850,17156396
2026-01-30 10:30:00,24.850,25.020,24.680,24.690,14783928
2026-01-30 11:00:00,24.690,24.880,24.550,24.840,15065051
2026-01-30 11:30:00,24.840,25.140,24.830,25.140,10549953
2026-01-30 13:30:00,25.130,25.330,25.100,25.280,14035108
2026-01-30 14:00:00,25.270,25.300,25.190,25.190,6827465
2026-01-30 14:30:00,25.190,25.280,25.180,25.200,6517790
2026-01-30 15:00:00,25.200,25.280,25.190,25.200,11198038
2026-02-02 10:00:00,25.500,25.830,25.360,25.760,46245559
2026-02-02 10:30:00,25.770,26.090,25.750,25.760,35503397
2026-02-02 11:00:00,25.770,25.870,25.610,25.620,8226400
2026-02-02 11:30:00,25.630,25.690,25.520,25.550,6753273
2026-02-02 13:30:00,25.530,25.660,25.450,25.460,9586350
2026-02-02 14:00:00,25.470,25.690,25.310,25.670,11032954
2026-02-02 14:30:00,25.660,25.830,25.540,25.550,12673243
2026-02-02 15:00:00,25.560,25.610,25.420,25.480,14916842
2026-02-03 10:00:00,25.630,25.630,25.280,25.460,24220504
2026-02-03 10:30:00,25.470,25.750,25.460,25.610,15188583
2026-02-03 11:00:00,25.610,25.650,25.480,25.570,7265816
2026-02-03 11:30:00,25.570,25.650,25.490,25.650,5609780
2026-02-03 13:30:00,25.650,25.830,25.590,25.770,11112534
2026-02-03 14:00:00,25.780,25.890,25.740,25.760,10184092
2026-02-03 14:30:00,25.760,25.920,25.730,25.850,10413974
2026-02-03 15:00:00,25.860,25.960,25.820,25.940,16591554
2026-02-04 10:00:00,25.800,26.170,25.730,25.810,22758145
2026-02-04 10:30:00,25.820,25.930,25.700,25.710,8620700
2026-02-04 11:00:00,25.720,25.750,25.640,25.670,7049200
2026-02-04 11:30:00,25.680,25.710,25.560,25.610,5366768
2026-02-04 13:30:00,25.610,25.790,25.600,25.710,4687671
2026-02-04 14:00:00,25.720,25.800,25.670,25.750,4454500
2026-02-04 14:30:00,25.740,25.900,25.730,25.830,6653913
2026-02-04 15:00:00,25.830,25.900,25.820,25.870,6753344
2026-02-05 10:00:00,25.670,25.820,25.200,25.200,25950631
2026-02-05 10:30:00,25.210,25.300,25.110,25.180,12883949
2026-02-05 11:00:00,25.170,25.280,25.120,25.160,7601309
2026-02-05 11:30:00,25.160,25.220,25.110,25.120,5388600
2026-02-05 13:30:00,25.120,25.190,25.080,25.160,7246521
2026-02-05 14:00:00,25.160,25.290,25.130,25.250,4301450
2026-02-05 14:30:00,25.260,25.320,25.190,25.230,4605400
2026-02-05 15:00:00,25.220,25.280,25.180,25.240,7516752
2026-02-06 10:00:00,25.090,25.360,24.910,25.230,16772520
2026-02-06 10:30:00,25.230,25.350,25.160,25.300,6403326
2026-02-06 11:00:00,25.290,25.400,25.200,25.240,7393572
2026-02-06 11:30:00,25.240,25.300,25.200,25.260,2826866
2026-02-06 13:30:00,25.260,25.400,25.240,25.320,4421733
2026-02-06 14:00:00,25.330,25.370,25.240,25.320,3402028
2026-02-06 14:30:00,25.320,25.360,25.220,25.290,4147032
2026-02-06 15:00:00,25.280,25.290,25.200,25.210,7094144
2026-02-09 10:00:00,25.420,25.480,25.170,25.220,15658969
2026-02-09 10:30:00,25.220,25.350,25.200,25.310,6706157
2026-02-09 11:00:00,25.300,25.450,25.280,25.360,5678401
2026-02-09 11:30:00,25.360,25.440,25.310,25.340,4451845
2026-02-09 13:30:00,25.350,25.430,25.240,25.420,6121331
2026-02-09 14:00:00,25.420,25.640,25.410,25.540,11794290
2026-02-09 14:30:00,25.550,25.570,25.470,25.520,3949080
2026-02-09 15:00:00,25.510,25.600,25.500,25.570,8979302
2026-02-10 10:00:00,25.570,25.570,25.300,25.440,12427407
2026-02-10 10:30:00,25.440,25.720,25.400,25.710,8588460
2026-02-10 11:00:00,25.710,25.730,25.600,25.640,6053734
2026-02-10 11:30:00,25.640,25.660,25.540,25.560,4381421
2026-02-10 13:30:00,25.570,25.740,25.530,25.690,8597397
2026-02-10 14:00:00,25.690,25.790,25.660,25.750,7418864
2026-02-10 14:30:00,25.750,25.800,25.710,25.750,5705095
2026-02-10 15:00:00,25.750,25.780,25.740,25.750,8249246
2026-02-11 10:00:00,25.740,26.050,25.600,25.680,18804782
2026-02-11 10:30:00,25.680,25.780,25.610,25.700,6492400
2026-02-11 11:00:00,25.700,25.900,25.680,25.810,5967289
2026-02-11 11:30:00,25.820,25.890,25.790,25.820,4115386
2026-02-11 13:30:00,25.810,25.960,25.810,25.920,5809844
2026-02-11 14:00:00,25.920,25.920,25.770,25.780,4208092
2026-02-11 14:30:00,25.790,25.830,25.760,25.780,5826164
2026-02-11 15:00:00,25.770,25.800,25.730,25.780,6219019
2026-02-12 10:00:00,26.180,26.210,25.630,25.790,31868261
2026-02-12 10:30:00,25.790,26.000,25.760,25.950,11159834
2026-02-12 11:00:00,25.940,26.710,25.920,26.540,40454659
2026-02-12 11:30:00,26.540,26.760,26.450,26.680,16473018
2026-02-12 13:30:00,26.690,26.700,26.420,26.460,9184136
2026-02-12 14:00:00,26.450,26.520,26.400,26.480,5997762
2026-02-12 14:30:00,26.490,26.500,26.400,26.450,5638045
2026-02-12 15:00:00,26.460,26.520,26.410,26.500,11172416
2026-02-13 10:00:00,26.370,26.370,25.830,26.110,25603857
2026-02-13 10:30:00,26.110,26.330,26.100,26.250,6412080
2026-02-13 11:00:00,26.240,26.300,26.190,26.230,3983078
2026-02-13 11:30:00,26.240,26.260,26.100,26.140,5444410
2026-02-13 13:30:00,26.140,26.320,26.130,26.260,5404924
2026-02-13 14:00:00,26.270,26.270,26.130,26.190,5470278
2026-02-13 14:30:00,26.200,26.220,26.100,26.110,6701300
2026-02-13 15:00:00,26.110,26.210,26.060,26.130,10547186
2026-02-24 10:00:00,26.380,27.060,26.320,26.880,38999282
2026-02-24 10:30:00,26.890,26.990,26.780,26.810,12254696
2026-02-24 11:00:00,26.800,26.910,26.730,26.770,6503590
2026-02-24 11:30:00,26.760,26.880,26.720,26.840,4999558
2026-02-24 13:30:00,26.830,26.950,26.780,26.930,7041955
2026-02-24 14:00:00,26.920,26.940,26.810,26.860,4532432
2026-02-24 14:30:00,26.850,26.880,26.780,26.830,5218532
2026-02-24 15:00:00,26.830,26.870,26.800,26.860,8197624
2026-02-25 10:00:00,26.880,27.060,26.670,26.700,20798213
2026-02-25 10:30:00,26.700,26.880,26.670,26.850,8601516
2026-02-25 11:00:00,26.870,26.920,26.790,26.920,6900286
2026-02-25 11:30:00,26.920,26.930,26.830,26.900,6550148
2026-02-25 13:30:00,26.920,27.400,26.860,26.970,22668658
2026-02-25 14:00:00,26.960,27.010,26.830,26.920,15290501
2026-02-25 14:30:00,26.920,26.950,26.830,26.850,9166208
2026-02-25 15:00:00,26.850,27.000,26.840,26.980,13065235
2026-02-26 10:00:00,26.970,27.650,26.720,27.580,33969988
2026-02-26 10:30:00,27.590,27.610,27.260,27.270,11927238
2026-02-26 11:00:00,27.270,27.500,27.250,27.490,8596818
2026-02-26 11:30:00,27.480,27.510,27.410,27.490,3375433
2026-02-26 13:30:00,27.480,27.520,27.280,27.310,8662716
2026-02-26 14:00:00,27.320,27.350,27.270,27.290,4488577
2026-02-26 14:30:00,27.300,27.330,27.260,27.300,4954452
2026-02-26 15:00:00,27.310,27.510,27.300,27.440,12516346
2026-02-27 10:00:00,27.240,27.540,27.100,27.380,20570675
2026-02-27 10:30:00,27.380,27.390,27.210,27.260,8044744
2026-02-27 11:00:00,27.260,27.280,27.120,27.120,8028025
2026-02-27 11:30:00,27.130,27.210,27.110,27.120,4994660
2026-02-27 13:30:00,27.120,27.380,27.030,27.280,8335478
2026-02-27 14:00:00,27.280,27.340,27.240,27.250,4156064
2026-02-27 14:30:00,27.260,27.300,27.220,27.260,4439048
2026-02-27 15:00:00,27.260,27.380,27.240,27.300,10315212
2026-03-02 10:00:00,27.040,28.500,27.010,28.350,55658722
2026-03-02 10:30:00,28.320,28.570,28.000,28.460,29715315
2026-03-02 11:00:00,28.450,28.680,28.310,28.450,17404648
2026-03-02 11:30:00,28.450,28.490,28.290,28.390,6835093
2026-03-02 13:30:00,28.400,28.550,28.370,28.440,7282423
2026-03-02 14:00:00,28.440,28.530,28.290,28.290,7474433
2026-03-02 14:30:00,28.300,28.390,28.220,28.330,9075047
2026-03-02 15:00:00,28.330,28.360,28.230,28.330,9942032
2026-03-03 10:00:00,28.350,28.530,27.700,27.700,33958097
2026-03-03 10:30:00,27.700,27.910,27.500,27.870,21997966
2026-03-03 11:00:00,27.870,27.980,27.780,27.940,7779014
2026-03-03 11:30:00,27.930,28.060,27.800,27.890,5674913
2026-03-03 13:30:00,27.890,28.050,27.810,27.890,7339933
2026-03-03 14:00:00,27.890,27.930,27.670,27.690,8293697
2026-03-03 14:30:00,27.690,27.770,27.570,27.770,14293064
2026-03-03 15:00:00,27.770,27.780,27.590,27.700,15062062
2026-03-04 10:00:00,27.190,28.710,27.130,28.550,49370192
2026-03-04 10:30:00,28.550,28.900,28.430,28.640,21854838
2026-03-04 11:00:00,28.640,28.660,28.350,28.400,12230304
2026-03-04 11:30:00,28.390,28.440,28.240,28.280,8360341
2026-03-04 13:30:00,28.280,28.600,28.220,28.470,11060980
2026-03-04 14:00:00,28.470,28.680,28.420,28.520,7565743
2026-03-04 14:30:00,28.520,28.530,28.420,28.500,7294220
2026-03-04 15:00:00,28.490,28.660,28.470,28.600,13712289
2026-03-05 10:00:00,28.950,29.410,28.730,29.060,55694904
2026-03-05 10:30:00,29.070,29.690,29.060,29.420,34888469
2026-03-05 11:00:00,29.410,29.570,29.280,29.570,12855944
2026-03-05 11:30:00,29.570,29.680,29.340,29.430,15507631
2026-03-05 13:30:00,29.430,29.960,29.200,29.650,23198703
2026-03-05 14:00:00,29.660,29.770,29.460,29.510,9784965
2026-03-05 14:30:00,29.520,29.520,29.280,29.420,11100601
2026-03-05 15:00:00,29.420,29.510,29.360,29.510,15941004
2026-03-06 10:00:00,29.220,29.750,29.090,29.580,40591069
2026-03-06 10:30:00,29.570,30.580,29.450,30.390,40502470
2026-03-06 11:00:00,30.390,30.730,30.110,30.270,20053418
2026-03-06 11:30:00,30.270,30.440,29.930,29.980,13015192
2026-03-06 13:30:00,29.980,30.060,29.700,29.730,16373077
2026-03-06 14:00:00,29.730,30.240,29.720,30.070,10481679
2026-03-06 14:30:00,30.070,30.070,29.890,29.940,6913706
2026-03-06 15:00:00,29.940,30.040,29.900,30.010,12743538
2026-03-09 10:00:00,30.280,31.440,30.270,30.460,77338754
2026-03-09 10:30:00,30.450,31.240,30.340,30.910,26650172
2026-03-09 11:00:00,30.900,32.060,30.870,31.930,37174085
2026-03-09 11:30:00,31.910,31.940,31.550,31.760,11298371
2026-03-09 13:30:00,31.750,31.980,31.360,31.410,16599365
2026-03-09 14:00:00,31.400,31.450,31.160,31.420,12295179
2026-03-09 14:30:00,31.400,31.670,31.380,31.430,11279880
2026-03-09 15:00:00,31.440,31.590,31.340,31.520,19890667
2026-03-10 10:00:00,31.000,31.350,30.540,31.290,70754194
2026-03-10 10:30:00,31.270,31.410,30.820,30.900,22010344
2026-03-10 11:00:00,30.890,31.030,30.810,30.920,10434579
2026-03-10 11:30:00,30.920,30.990,30.760,30.930,8908511
2026-03-10 13:30:00,30.930,30.990,30.720,30.920,10438150
2026-03-10 14:00:00,30.910,30.930,30.660,30.750,14046508
2026-03-10 14:30:00,30.750,30.790,30.650,30.670,12247405
2026-03-10 15:00:00,30.670,30.850,30.620,30.800,20438084
2026-03-11 10:00:00,30.800,30.900,30.020,30.650,63695791
2026-03-11 10:30:00,30.640,31.350,30.580,31.070,38512360
2026-03-11 11:00:00,31.070,31.090,30.510,30.510,13686064
2026-03-11 11:30:00,30.520,30.870,30.500,30.710,9067412
2026-03-11 13:30:00,30.710,30.800,30.300,30.340,11809544
2026-03-11 14:00:00,30.340,30.640,30.320,30.610,7917638
2026-03-11 14:30:00,30.590,30.780,30.570,30.650,7068313
2026-03-11 15:00:00,30.660,30.720,30.490,30.700,13946327
2026-03-12 10:00:00,30.510,30.780,30.240,30.300,34398966
2026-03-12 10:30:00,30.310,30.570,30.050,30.110,23888772
2026-03-12 11:00:00,30.110,30.220,29.910,29.970,19830377
2026-03-12 11:30:00,29.970,30.020,29.890,29.930,11362845
2026-03-12 13:30:00,29.920,30.090,29.850,29.950,14147168
2026-03-12 14:00:00,29.950,30.180,29.940,30.140,10322004
2026-03-12 14:30:00,30.130,30.330,30.100,30.210,9370283
2026-03-12 15:00:00,30.210,30.260,30.160,30.220,13535073
2026-03-13 10:00:00,30.000,30.180,29.560,29.660,36476302
2026-03-13 10:30:00,29.660,30.000,29.660,29.790,11536472
2026-03-13 11:00:00,29.790,29.790,29.620,29.660,9326191
2026-03-13 11:30:00,29.660,29.690,29.430,29.490,15864539
2026-03-13 13:30:00,29.490,29.530,29.320,29.350,18415015
2026-03-13 14:00:00,29.350,29.500,29.330,29.350,9240366
2026-03-13 14:30:00,29.350,29.390,29.200,29.250,14677732
2026-03-13 15:00:00,29.250,29.270,29.100,29.210,24106545
2026-03-16 10:00:00,29.220,29.480,28.750,28.900,33899706
2026-03-16 10:30:00,28.910,29.000,28.630,28.690,14573661
2026-03-16 11:00:00,28.690,28.760,28.600,28.680,11956056
2026-03-16 11:30:00,28.690,28.850,28.620,28.820,6157335
2026-03-16 13:30:00,28.820,28.920,28.630,28.630,10249774
2026-03-16 14:00:00,28.650,28.790,28.620,28.660,7635958
2026-03-16 14:30:00,28.660,28.770,28.610,28.670,6301916
2026-03-16 15:00:00,28.670,28.710,28.630,28.700,11945526
2026-03-17 10:00:00,28.910,29.070,28.500,29.020,33296431
2026-03-17 10:30:00,29.020,29.090,28.660,28.660,17754488
2026-03-17 11:00:00,28.670,28.730,28.580,28.660,8631731
2026-03-17 11:30:00,28.660,28.670,28.450,28.490,7613264
2026-03-17 13:30:00,28.490,28.640,28.430,28.480,5624484
2026-03-17 14:00:00,28.480,28.490,28.330,28.340,7667645
2026-03-17 14:30:00,28.330,28.340,28.120,28.120,11019519
2026-03-17 15:00:00,28.130,28.190,28.050,28.080,14208392
2026-03-18 10:00:00,28.100,28.450,28.000,28.000,22361075
2026-03-18 10:30:00,28.010,28.080,27.830,27.870,14094076
2026-03-18 11:00:00,27.870,27.900,27.760,27.830,10608584
2026-03-18 11:30:00,27.820,27.950,27.750,27.870,6434064
2026-03-18 13:30:00,27.870,28.000,27.840,27.910,6304604
2026-03-18 14:00:00,27.920,28.190,27.890,28.100,9924229
2026-03-18 14:30:00,28.110,28.270,28.090,28.250,11188692
2026-03-18 15:00:00,28.250,28.280,28.190,28.230,10740629
2026-03-19 10:00:00,27.930,28.140,27.810,28.050,17505958
2026-03-19 10:30:00,28.060,28.130,27.820,27.940,9953022
2026-03-19 11:00:00,27.950,28.060,27.900,28.040,4452839
2026-03-19 11:30:00,28.020,28.080,27.910,27.990,4583700
2026-03-19 13:30:00,27.990,28.030,27.800,27.870,6685397
2026-03-19 14:00:00,27.840,27.950,27.770,27.920,7245232
2026-03-19 14:30:00,27.910,27.990,27.800,27.850,7799528
2026-03-19 15:00:00,27.850,27.880,27.680,27.810,13854165
2026-03-20 10:00:00,27.980,28.090,27.650,27.790,19282369
2026-03-20 10:30:00,27.790,27.810,27.540,27.610,9967136
2026-03-20 11:00:00,27.600,27.610,27.380,27.390,13156754
2026-03-20 11:30:00,27.390,27.980,27.370,27.970,9779223
2026-03-20 13:30:00,27.970,28.020,27.680,27.680,8911740
2026-03-20 14:00:00,27.690,27.720,27.570,27.590,4329700
2026-03-20 14:30:00,27.590,27.680,27.500,27.520,5294800
2026-03-20 15:00:00,27.520,27.560,27.340,27.400,14429030
2026-03-23 10:00:00,27.000,27.640,26.880,27.500,36864399
2026-03-23 10:30:00,27.500,27.830,27.400,27.520,17308704
2026-03-23 11:00:00,27.520,27.560,27.350,27.550,9021697
2026-03-23 11:30:00,27.560,27.640,27.350,27.380,5720575
2026-03-23 13:30:00,27.380,27.490,27.180,27.200,9000159
2026-03-23 14:00:00,27.200,27.390,27.100,27.170,9088387
2026-03-23 14:30:00,27.160,27.240,26.930,27.090,10931191
2026-03-23 15:00:00,27.080,27.110,26.870,27.090,13370351
2026-03-24 10:00:00,27.420,27.500,26.650,26.660,28079656
2026-03-24 10:30:00,26.670,26.830,26.500,26.800,13065938
2026-03-24 11:00:00,26.800,26.970,26.770,26.830,7129738
2026-03-24 11:30:00,26.840,26.910,26.750,26.860,4071722
2026-03-24 13:30:00,26.870,26.940,26.590,26.610,5522934
2026-03-24 14:00:00,26.600,26.770,26.590,26.680,4461997
2026-03-24 14:30:00,26.680,26.940,26.650,26.900,7848352
2026-03-24 15:00:00,26.910,26.990,26.870,26.980,13550486
2026-03-25 10:00:00,27.090,27.770,27.090,27.560,37035744
2026-03-25 10:30:00,27.560,27.680,27.490,27.530,10296669
2026-03-25 11:00:00,27.540,27.590,27.400,27.500,7552100
2026-03-25 11:30:00,27.500,27.590,27.420,27.490,6174500
2026-03-25 13:30:00,27.490,27.600,27.420,27.580,6265771
2026-03-25 14:00:00,27.570,27.580,27.420,27.450,6046000
2026-03-25 14:30:00,27.430,27.480,27.330,27.460,5366591
2026-03-25 15:00:00,27.470,27.530,27.450,27.520,10557016
2026-03-26 10:00:00,27.690,27.700,27.250,27.350,18037200
2026-03-26 10:30:00,27.340,27.420,27.210,27.280,7744315
2026-03-26 11:00:00,27.280,27.310,27.160,27.200,5633199
2026-03-26 11:30:00,27.210,27.300,27.180,27.200,3149881
2026-03-26 13:30:00,27.200,27.270,27.020,27.040,6866974
2026-03-26 14:00:00,27.040,27.120,26.950,26.970,7136026
2026-03-26 14:30:00,26.970,27.030,26.920,26.940,5161896
2026-03-26 15:00:00,26.940,27.050,26.910,26.990,8174728
2026-03-27 10:00:00,26.710,27.350,26.670,27.180,18321820
2026-03-27 10:30:00,27.190,27.220,27.050,27.130,4990628
2026-03-27 11:00:00,27.140,27.190,27.060,27.090,3822034
2026-03-27 11:30:00,27.100,27.180,27.030,27.150,3132077
2026-03-27 13:30:00,27.150,27.260,27.140,27.180,5827433
2026-03-27 14:00:00,27.180,27.230,27.110,27.120,3557437
2026-03-27 14:30:00,27.110,27.120,26.990,27.060,5089407
2026-03-27 15:00:00,27.060,27.200,27.050,27.130,8990825
2026-03-30 10:00:00,26.800,26.870,26.240,26.260,27081395
2026-03-30 10:30:00,26.270,26.480,26.220,26.390,7627645
2026-03-30 11:00:00,26.380,26.420,26.280,26.320,5118958
2026-03-30 11:30:00,26.320,26.700,26.310,26.660,5463400
2026-03-30 13:30:00,26.650,26.670,26.490,26.580,3632100
2026-03-30 14:00:00,26.590,26.660,26.510,26.630,4957836
2026-03-30 14:30:00,26.630,26.660,26.570,26.590,3213513
2026-03-30 15:00:00,26.590,26.670,26.590,26.630,5997076
2026-03-31 10:00:00,26.660,26.740,26.400,26.730,13418924
2026-03-31 10:30:00,26.730,26.850,26.640,26.660,6965500
2026-03-31 11:00:00,26.650,26.660,26.410,26.410,6722500
2026-03-31 11:30:00,26.410,26.420,26.130,26.190,9817300
2026-03-31 13:30:00,26.190,26.320,26.130,26.240,5595920
2026-03-31 14:00:00,26.250,26.340,26.170,26.200,3956044
2026-03-31 14:30:00,26.200,26.210,26.020,26.050,8077878
2026-03-31 15:00:00,26.050,26.070,25.990,25.990,10433113
2026-04-01 10:00:00,26.350,26.450,26.150,26.300,19415052
2026-04-01 10:30:00,26.290,26.360,26.210,26.230,6198640
2026-04-01 11:00:00,26.230,26.310,26.210,26.300,5641635
2026-04-01 11:30:00,26.310,26.310,26.170,26.180,3503809
2026-04-01 13:30:00,26.190,26.340,26.160,26.340,4773397
2026-04-01 14:00:00,26.340,26.390,26.220,26.230,4565200
2026-04-01 14:30:00,26.220,26.330,26.220,26.320,3051499
2026-04-01 15:00:00,26.320,26.420,26.310,26.420,6865980
2026-04-02 10:00:00,26.450,26.660,26.250,26.570,16760752
2026-04-02 10:30:00,26.570,26.580,26.260,26.270,6142632
2026-04-02 11:00:00,26.280,26.280,26.150,26.210,5495800
2026-04-02 11:30:00,26.220,26.250,26.150,26.200,2464610
2026-04-02 13:30:00,26.200,26.220,26.050,26.100,5390163
2026-04-02 14:00:00,26.110,26.140,25.940,25.970,5435800
2026-04-02 14:30:00,25.970,26.150,25.920,26.060,5227797
2026-04-02 15:00:00,26.050,26.120,26.000,26.090,7055269
