date,open,high,low,close,volume
2025-03-27 14:30:00,22.060,22.220,22.040,22.180,1371516
2025-03-27 15:00:00,22.160,22.190,22.070,22.140,1631184
2025-03-28 10:00:00,22.120,22.200,21.930,21.960,3913900
2025-03-28 10:30:00,21.980,22.000,21.810,21.830,2683800
2025-03-28 11:00:00,21.840,21.850,21.720,21.740,2420100
2025-03-28 11:30:00,21.740,21.830,21.730,21.770,1005800
2025-03-28 13:30:00,21.780,21.860,21.710,21.770,1174307
2025-03-28 14:00:00,21.760,22.000,21.760,21.970,1323928
2025-03-28 14:30:00,21.970,22.040,21.950,22.030,1541300
2025-03-28 15:00:00,22.030,22.030,21.900,21.910,2340300
2025-03-31 10:00:00,21.990,22.230,21.790,22.180,4802701
2025-03-31 10:30:00,22.180,22.180,21.970,22.040,2795900
2025-03-31 11:00:00,22.010,22.060,21.790,21.800,1935105
2025-03-31 11:30:00,21.800,21.870,21.690,21.710,1354400
2025-03-31 13:30:00,21.710,21.860,21.700,21.790,1183800
2025-03-31 14:00:00,21.790,21.800,21.730,21.740,747600
2025-03-31 14:30:00,21.750,21.920,21.720,21.760,1209800
2025-03-31 15:00:00,21.760,21.860,21.730,21.780,1576900
2025-04-01 10:00:00,21.900,22.330,21.880,22.290,6176200
2025-04-01 10:30:00,22.290,22.290,22.210,22.240,1824400
2025-04-01 11:00:00,22.250,22.290,22.180,22.270,1832200
2025-04-01 11:30:00,22.270,22.330,22.200,22.220,1121582
2025-04-01 13:30:00,22.230,22.240,22.060,22.130,1443800
2025-04-01 14:00:00,22.120,22.150,22.080,22.130,874400
2025-04-01 14:30:00,22.130,22.190,22.110,22.120,981900
2025-04-01 15:00:00,22.130,22.150,22.060,22.110,1577200
2025-04-02 10:00:00,22.120,22.170,21.810,22.030,3816500
2025-04-02 10:30:00,22.030,22.100,21.970,22.050,1187407
2025-04-02 11:00:00,22.040,22.060,21.950,21.970,842893
2025-04-02 11:30:00,21.970,22.020,21.960,21.960,614000
2025-04-02 13:30:00,21.960,21.980,21.850,21.880,1496900
2025-04-02 14:00:00,21.880,21.910,21.830,21.870,1096100
2025-04-02 14:30:00,21.870,21.890,21.850,21.870,779373
2025-04-02 15:00:00,21.870,21.930,21.860,21.920,1468992
2025-04-03 10:00:00,21.760,21.920,21.760,21.800,2026400
2025-04-03 10:30:00,21.800,21.900,21.740,21.890,1038955
2025-04-03 11:00:00,21.890,21.900,21.750,21.780,722500
2025-04-03 11:30:00,21.770,21.800,21.740,21.790,776500
2025-04-03 13:30:00,21.790,21.800,21.720,21.760,795000
2025-04-03 14:00:00,21.750,21.810,21.710,21.800,1009400
2025-04-03 14:30:00,21.800,21.830,21.750,21.800,557800
2025-04-03 15:00:00,21.800,21.830,21.780,21.820,1106800
2025-04-07 10:00:00,20.520,20.580,19.640,19.660,13627100
2025-04-07 10:30:00,19.650,19.660,19.640,19.640,3348600
2025-04-07 11:00:00,19.640,19.660,19.640,19.640,2420400
2025-04-07 11:30:00,19.640,19.650,19.640,19.640,623500
2025-04-07 13:30:00,19.640,19.640,19.640,19.640,579200
2025-04-07 14:00:00,19.640,19.640,19.640,19.640,534000
2025-04-07 14:30:00,19.640,19.640,19.640,19.640,289700
2025-04-07 15:00:00,19.640,19.640,19.640,19.640,1595100
2025-04-08 10:00:00,19.720,19.780,19.010,19.130,11499625
2025-04-08 10:30:00,19.120,19.210,18.600,18.660,8584200
2025-04-08 11:00:00,18.660,18.880,18.630,18.750,3108750
2025-04-08 11:30:00,18.740,19.170,18.740,19.100,2843900
2025-04-08 13:30:00,19.100,20.380,19.100,20.090,9939051
2025-04-08 14:00:00,20.080,20.370,20.070,20.260,6012200
2025-04-08 14:30:00,20.260,20.290,20.080,20.220,2460990
2025-04-08 15:00:00,20.210,20.680,20.200,20.620,4677507
2025-04-09 10:00:00,19.970,21.000,19.660,21.000,14282300
2025-04-09 10:30:00,20.990,21.160,20.830,21.120,6713697
2025-04-09 11:00:00,21.120,21.330,20.890,21.030,3454699
2025-04-09 11:30:00,21.030,21.060,20.730,20.890,2462100
2025-04-09 13:30:00,20.900,20.950,20.700,20.820,2873100
2025-04-09 14:00:00,20.830,21.040,20.810,20.920,1911100
2025-04-09 14:30:00,20.920,21.060,20.800,21.000,2050400
2025-04-09 15:00:00,21.000,21.330,20.920,21.330,5005100
2025-04-10 10:00:00,21.300,21.470,21.000,21.330,11461896
2025-04-10 10:30:00,21.320,21.340,21.130,21.260,4498600
2025-04-10 11:00:00,21.250,21.260,21.080,21.180,2378500
2025-04-10 11:30:00,21.180,21.220,21.140,21.190,1302300
2025-04-10 13:30:00,21.190,21.200,21.100,21.170,2002002
2025-04-10 14:00:00,21.170,21.180,21.070,21.080,2552208
2025-04-10 14:30:00,21.070,21.110,21.000,21.060,2743989
2025-04-10 15:00:00,21.060,21.370,20.950,21.370,4732644
2025-04-11 10:00:00,21.200,21.210,20.800,20.900,6554400
2025-04-11 10:30:00,20.910,20.920,20.820,20.840,2260600
2025-04-11 11:00:00,20.840,20.910,20.830,20.840,1079300
2025-04-11 11:30:00,20.840,20.970,20.840,20.930,1428700
2025-04-11 13:30:00,20.920,21.010,20.890,20.950,1695320
2025-04-11 14:00:00,20.950,21.030,20.910,20.950,1746900
2025-04-11 14:30:00,20.960,20.990,20.920,20.980,1362100
2025-04-11 15:00:00,20.980,21.030,20.920,20.970,2261650
2025-04-14 10:00:00,21.000,21.020,20.800,20.840,4473900
2025-04-14 10:30:00,20.840,20.860,20.710,20.720,3774600
2025-04-14 11:00:00,20.720,20.800,20.590,20.800,3505222
2025-04-14 11:30:00,20.800,20.810,20.730,20.750,1350500
2025-04-14 13:30:00,20.760,20.760,20.590,20.660,2767411
2025-04-14 14:00:00,20.650,20.660,20.570,20.590,1663100
2025-04-14 14:30:00,20.590,20.680,20.580,20.640,911101
2025-04-14 15:00:00,20.640,20.690,20.580,20.600,2732700
2025-04-15 10:00:00,20.550,20.570,20.200,20.220,5588456
2025-04-15 10:30:00,20.230,20.460,20.220,20.450,1980908
2025-04-15 11:00:00,20.460,20.490,20.380,20.460,1383800
2025-04-15 11:30:00,20.450,20.510,20.410,20.470,940800
2025-04-15 13:30:00,20.470,20.480,20.380,20.440,833198
2025-04-15 14:00:00,20.430,20.470,20.410,20.460,858308
2025-04-15 14:30:00,20.460,20.480,20.400,20.440,889024
2025-04-15 15:00:00,20.440,20.560,20.430,20.530,2190000
2025-04-16 10:00:00,20.530,20.620,20.380,20.400,2387657
2025-04-16 10:30:00,20.410,20.410,20.220,20.250,1894300
2025-04-16 11:00:00,20.260,20.320,20.170,20.250,1710000
2025-04-16 11:30:00,20.250,20.250,20.150,20.210,1404000
2025-04-16 13:30:00,20.210,20.270,20.160,20.190,1468300
2025-04-16 14:00:00,20.190,20.270,20.160,20.170,1330400
2025-04-16 14:30:00,20.170,20.200,20.140,20.160,1430200
2025-04-16 15:00:00,20.160,20.380,20.120,20.380,3553261
2025-04-17 10:00:00,20.280,20.340,20.200,20.300,2508800
2025-04-17 10:30:00,20.290,20.310,20.260,20.260,1536501
2025-04-17 11:00:00,20.260,20.350,20.250,20.330,1125600
2025-04-17 11:30:00,20.340,20.460,20.320,20.450,1624300
2025-04-17 13:30:00,20.460,20.590,20.340,20.490,2843174
2025-04-17 14:00:00,20.500,20.500,20.400,20.410,857742
2025-04-17 14:30:00,20.410,20.480,20.390,20.440,706400
2025-04-17 15:00:00,20.440,20.490,20.380,20.490,2073138
2025-04-18 10:00:00,20.340,20.470,20.220,20.410,2318800
2025-04-18 10:30:00,20.420,20.500,20.390,20.420,1056000
2025-04-18 11:00:00,20.420,20.470,20.400,20.430,558542
2025-04-18 11:30:00,20.430,20.440,20.340,20.370,738500
2025-04-18 13:30:00,20.370,20.440,20.360,20.400,813800
2025-04-18 14:00:00,20.400,20.500,20.380,20.490,1867730
2025-04-18 14:30:00,20.490,20.520,20.470,20.500,1201600
2025-04-18 15:00:00,20.500,20.540,20.460,20.500,2033500
2025-04-21 10:00:00,20.410,20.510,20.300,20.460,2109000
2025-04-21 10:30:00,20.460,20.500,20.440,20.500,919500
2025-04-21 11:00:00,20.500,20.530,20.470,20.520,981300
2025-04-21 11:30:00,20.530,20.590,20.520,20.570,838100
2025-04-21 13:30:00,20.570,20.610,20.540,20.570,820700
2025-04-21 14:00:00,20.560,20.610,20.540,20.590,869600
2025-04-21 14:30:00,20.600,20.720,20.570,20.680,1248200
2025-04-21 15:00:00,20.690,20.780,20.660,20.690,1650600
2025-04-22 10:00:00,20.650,20.650,20.490,20.560,2182200
2025-04-22 10:30:00,20.550,20.600,20.510,20.530,955800
2025-04-22 11:00:00,20.540,20.600,20.500,20.540,1009600
2025-04-22 11:30:00,20.530,20.540,20.490,20.520,625800
2025-04-22 13:30:00,20.520,20.590,20.500,20.560,673400
2025-04-22 14:00:00,20.550,20.590,20.530,20.580,611801
2025-04-22 14:30:00,20.590,20.630,20.570,20.580,930100
2025-04-22 15:00:00,20.580,20.610,20.540,20.550,972300
2025-04-23 10:00:00,20.650,20.680,20.430,20.500,2342100
2025-04-23 10:30:00,20.500,20.510,20.440,20.460,996500
2025-04-23 11:00:00,20.480,20.480,20.410,20.430,927600
2025-04-23 11:30:00,20.420,20.520,20.420,20.520,674800
2025-04-23 13:30:00,20.530,20.550,20.460,20.540,838200
2025-04-23 14:00:00,20.550,20.570,20.520,20.530,648700
2025-04-23 14:30:00,20.530,20.530,20.450,20.470,832672
2025-04-23 15:00:00,20.470,20.490,20.450,20.460,1071900
2025-04-24 10:00:00,20.480,20.500,20.370,20.490,1701500
2025-04-24 10:30:00,20.490,20.590,20.480,20.540,1624300
2025-04-24 11:00:00,20.540,20.600,20.500,20.590,1929600
2025-04-24 11:30:00,20.580,20.580,20.460,20.530,1063700
2025-04-24 13:30:00,20.530,20.660,20.500,20.590,1516500
2025-04-24 14:00:00,20.600,20.680,20.580,20.650,1297700
2025-04-24 14:30:00,20.650,20.660,20.560,20.570,959101
2025-04-24 15:00:00,20.570,20.600,20.510,20.540,1182100
2025-04-25 10:00:00,20.590,20.730,20.560,20.690,2115700
2025-04-25 10:30:00,20.700,20.930,20.680,20.920,3524224
2025-04-25 11:00:00,20.920,20.980,20.880,20.960,2320800
2025-04-25 11:30:00,20.960,21.050,20.930,20.960,1987675
2025-04-25 13:30:00,20.960,20.970,20.910,20.920,941400
2025-04-25 14:00:00,20.920,20.950,20.870,20.880,980900
2025-04-25 14:30:00,20.890,20.890,20.780,20.850,1102600
2025-04-25 15:00:00,20.850,20.860,20.800,20.850,1690100
2025-04-28 10:00:00,20.990,21.180,20.860,21.090,6355824
2025-04-28 10:30:00,21.090,21.180,21.080,21.140,2778700
2025-04-28 11:00:00,21.150,21.150,21.040,21.050,1483500
2025-04-28 11:30:00,21.050,21.180,21.040,21.180,1666000
2025-04-28 13:30:00,21.170,21.230,21.140,21.220,1952931
2025-04-28 14:00:00,21.220,21.230,21.160,21.160,1336600
2025-04-28 14:30:00,21.170,21.180,21.060,21.070,1931900
2025-04-28 15:00:00,21.070,21.130,21.030,21.100,2052260
2025-04-29 10:00:00,21.050,21.350,20.950,21.320,3925600
2025-04-29 10:30:00,21.320,21.380,21.260,21.290,2109800
2025-04-29 11:00:00,21.290,21.360,21.260,21.280,1004601
2025-04-29 11:30:00,21.280,21.360,21.270,21.300,894387
2025-04-29 13:30:00,21.290,21.310,21.250,21.260,1027800
2025-04-29 14:00:00,21.260,21.290,21.230,21.250,875000
2025-04-29 14:30:00,21.250,21.280,21.230,21.230,792300
2025-04-29 15:00:00,21.240,21.250,21.200,21.210,1632234
2025-04-30 10:00:00,21.370,21.750,21.300,21.630,5645474
2025-04-30 10:30:00,21.620,21.700,21.600,21.640,1508500
2025-04-30 11:00:00,21.640,21.660,21.430,21.460,1416700
2025-04-30 11:30:00,21.460,21.470,21.360,21.420,1260460
2025-04-30 13:30:00,21.410,21.430,21.210,21.270,1743665
2025-04-30 14:00:00,21.280,21.280,21.210,21.230,1188900
2025-04-30 14:30:00,21.230,21.260,21.150,21.220,1132101
2025-04-30 15:00:00,21.220,21.220,21.110,21.120,1851100
2025-05-06 10:00:00,21.150,21.430,21.150,21.350,3219400
2025-05-06 10:30:00,21.350,21.400,21.250,21.290,2251500
2025-05-06 11:00:00,21.290,21.440,21.230,21.380,1970356
2025-05-06 11:30:00,21.380,21.430,21.370,21.400,910500
2025-05-06 13:30:00,21.410,21.490,21.380,21.480,1254934
2025-05-06 14:00:00,21.470,21.600,21.460,21.490,2006754
2025-05-06 14:30:00,21.500,21.580,21.500,21.540,1479301
2025-05-06 15:00:00,21.560,21.630,21.520,21.630,2377965
2025-05-07 10:00:00,21.920,21.970,21.400,21.590,5711725
2025-05-07 10:30:00,21.590,21.660,21.530,21.640,2422300
2025-05-07 11:00:00,21.650,21.760,21.600,21.720,2048300
2025-05-07 11:30:00,21.720,21.850,21.640,21.810,4019300
2025-05-07 13:30:00,21.830,21.890,21.730,21.780,2696700
2025-05-07 14:00:00,21.780,21.790,21.560,21.560,1444300
2025-05-07 14:30:00,21.550,21.740,21.550,21.730,2078400
2025-05-07 15:00:00,21.720,21.760,21.680,21.760,2053687
2025-05-08 10:00:00,21.700,21.700,21.490,21.640,2851100
2025-05-08 10:30:00,21.640,21.680,21.550,21.680,1892199
2025-05-08 11:00:00,21.680,21.720,21.640,21.700,1051600
2025-05-08 11:30:00,21.700,21.730,21.660,21.720,798200
2025-05-08 13:30:00,21.720,21.800,21.670,21.800,1589173
2025-05-08 14:00:00,21.800,21.840,21.750,21.820,1954000
2025-05-08 14:30:00,21.830,21.850,21.770,21.790,1604100
2025-05-08 15:00:00,21.790,21.830,21.780,21.780,1575525
2025-05-09 10:00:00,21.770,21.970,21.730,21.900,4152700
2025-05-09 10:30:00,21.890,21.970,21.810,21.880,1995600
2025-05-09 11:00:00,21.880,21.970,21.860,21.870,1732600
2025-05-09 11:30:00,21.870,21.920,21.840,21.870,1146600
2025-05-09 13:30:00,21.870,21.960,21.740,21.770,3215300
2025-05-09 14:00:00,21.770,21.840,21.760,21.800,2056500
2025-05-09 14:30:00,21.800,21.810,21.730,21.740,1462900
2025-05-09 15:00:00,21.740,21.780,21.700,21.700,1815165
2025-05-12 10:00:00,21.810,22.640,21.690,22.510,11512865
2025-05-12 10:30:00,22.530,22.950,22.510,22.720,11276500
2025-05-12 11:00:00,22.720,22.760,22.530,22.680,2934102
2025-05-12 11:30:00,22.680,22.740,22.550,22.570,2218600
2025-05-12 13:30:00,22.600,22.650,22.480,22.580,2501800
2025-05-12 14:00:00,22.580,22.630,22.560,22.590,1350732
2025-05-12 14:30:00,22.590,22.710,22.590,22.650,1794110
2025-05-12 15:00:00,22.650,22.720,22.650,22.700,2829201
2025-05-13 10:00:00,22.700,22.700,22.250,22.270,6121300
2025-05-13 10:30:00,22.270,22.280,22.160,22.180,3335700
2025-05-13 11:00:00,22.180,22.190,22.070,22.140,1924200
2025-05-13 11:30:00,22.140,22.170,22.040,22.050,1005200
2025-05-13 13:30:00,22.050,22.100,22.020,22.060,1350500
2025-05-13 14:00:00,22.060,22.100,22.010,22.070,1417800
2025-05-13 14:30:00,22.080,22.140,22.020,22.020,1777600
2025-05-13 15:00:00,22.030,22.030,21.950,22.010,2569300
2025-05-14 10:00:00,22.010,22.070,21.800,21.870,2655400
2025-05-14 10:30:00,21.870,22.020,21.860,21.950,1186800
2025-05-14 11:00:00,21.950,22.030,21.940,22.010,828600
2025-05-14 11:30:00,22.000,22.020,21.950,21.980,760400
2025-05-14 13:30:00,21.970,22.080,21.960,22.070,1267100
2025-05-14 14:00:00,22.060,22.150,22.030,22.030,1764100
2025-05-14 14:30:00,22.040,22.060,22.000,22.040,1060200
2025-05-14 15:00:00,22.040,22.080,21.980,22.080,1780574
2025-05-15 10:00:00,22.070,22.160,21.900,21.910,2065700
2025-05-15 10:30:00,21.910,21.990,21.860,21.920,1011874
2025-05-15 11:00:00,21.910,21.930,21.870,21.880,765400
2025-05-15 11:30:00,21.880,21.910,21.830,21.840,752500
2025-05-15 13:30:00,21.860,21.880,21.760,21.780,1165050
2025-05-15 14:00:00,21.780,21.780,21.700,21.740,1096194
2025-05-15 14:30:00,21.750,21.790,21.690,21.740,959595
2025-05-15 15:00:00,21.740,21.770,21.700,21.700,1148981
2025-05-16 10:00:00,21.700,21.850,21.680,21.790,1695900
2025-05-16 10:30:00,21.790,21.790,21.530,21.630,1545000
2025-05-16 11:00:00,21.640,21.650,21.600,21.640,614900
2025-05-16 11:30:00,21.640,21.660,21.580,21.630,518300
2025-05-16 13:30:00,21.630,21.660,21.580,21.610,854600
2025-05-16 14:00:00,21.610,21.610,21.530,21.540,648600
2025-05-16 14:30:00,21.530,21.590,21.500,21.530,860400
2025-05-16 15:00:00,21.530,21.630,21.510,21.630,1700874
2025-05-19 10:00:00,21.630,21.790,21.500,21.570,1876300
2025-05-19 10:30:00,21.570,21.770,21.520,21.760,1283900
2025-05-19 11:00:00,21.760,21.800,21.710,21.790,1220100
2025-05-19 11:30:00,21.790,21.810,21.750,21.760,555900
2025-05-19 13:30:00,21.760,21.840,21.720,21.740,944400
2025-05-19 14:00:00,21.740,21.830,21.740,21.790,834700
2025-05-19 14:30:00,21.800,21.820,21.750,21.800,698189
2025-05-19 15:00:00,21.780,21.880,21.770,21.800,1315000
2025-05-20 10:00:00,21.790,21.860,21.650,21.650,1458500
2025-05-20 10:30:00,21.680,21.720,21.630,21.690,1047801
2025-05-20 11:00:00,21.700,21.720,21.550,21.570,1035600
2025-05-20 11:30:00,21.590,21.600,21.520,21.590,1077902
2025-05-20 13:30:00,21.600,21.630,21.580,21.610,845400
2025-05-20 14:00:00,21.620,21.620,21.530,21.570,1104300
2025-05-20 14:30:00,21.580,21.630,21.550,21.600,842700
2025-05-20 15:00:00,21.600,21.620,21.570,21.600,1004600
2025-05-21 10:00:00,21.600,21.840,21.550,21.790,1967600
2025-05-21 10:30:00,21.790,21.790,21.650,21.740,1193500
2025-05-21 11:00:00,21.740,21.760,21.670,21.710,741100
2025-05-21 11:30:00,21.710,21.750,21.680,21.710,762931
2025-05-21 13:30:00,21.710,21.770,21.690,21.760,574600
2025-05-21 14:00:00,21.770,21.890,21.760,21.820,1781800
2025-05-21 14:30:00,21.800,22.010,21.780,22.010,1960500
2025-05-21 15:00:00,22.010,22.060,21.950,22.000,1731301
2025-05-22 10:00:00,21.900,21.950,21.780,21.930,2050600
2025-05-22 10:30:00,21.930,22.010,21.870,22.000,1104000
2025-05-22 11:00:00,22.000,22.080,21.810,21.810,1461800
2025-05-22 11:30:00,21.810,21.930,21.810,21.900,563000
2025-05-22 13:30:00,21.910,21.910,21.840,21.850,440100
2025-05-22 14:00:00,21.860,21.880,21.810,21.820,613700
2025-05-22 14:30:00,21.830,21.830,21.760,21.780,1146800
2025-05-22 15:00:00,21.780,21.840,21.760,21.770,863900
2025-05-23 10:00:00,21.780,21.930,21.610,21.900,1403200
2025-05-23 10:30:00,21.900,21.930,21.830,21.830,793700
2025-05-23 11:00:00,21.830,21.870,21.790,21.860,519200
2025-05-23 11:30:00,21.860,21.920,21.790,21.800,725000
2025-05-23 13:30:00,21.800,21.920,21.780,21.910,713700
2025-05-23 14:00:00,21.910,21.920,21.780,21.780,536100
2025-05-23 14:30:00,21.780,21.780,21.600,21.610,1179400
2025-05-23 15:00:00,21.610,21.620,21.550,21.580,1289400
2025-05-26 10:00:00,21.570,21.600,21.360,21.410,2470400
2025-05-26 10:30:00,21.420,21.520,21.400,21.490,1148600
2025-05-26 11:00:00,21.490,21.560,21.400,21.500,1025300
2025-05-26 11:30:00,21.500,21.530,21.400,21.430,829900
2025-05-26 13:30:00,21.440,21.460,21.320,21.350,1111036
2025-05-26 14:00:00,21.360,21.480,21.350,21.460,750500
2025-05-26 14:30:00,21.460,21.510,21.450,21.480,657300
2025-05-26 15:00:00,21.480,21.620,21.480,21.590,1065400
2025-05-27 10:00:00,21.580,21.580,21.430,21.460,975700
2025-05-27 10:30:00,21.460,21.460,21.380,21.400,943300
2025-05-27 11:00:00,21.410,21.450,21.390,21.400,531700
2025-05-27 11:30:00,21.390,21.400,21.320,21.340,637200
2025-05-27 13:30:00,21.340,21.390,21.250,21.280,752700
2025-05-27 14:00:00,21.290,21.310,21.230,21.270,414400
2025-05-27 14:30:00,21.290,21.430,21.260,21.400,1310901
2025-05-27 15:00:00,21.410,21.410,21.320,21.350,901937
2025-05-28 10:00:00,21.350,21.460,21.310,21.450,1001700
2025-05-28 10:30:00,21.440,21.450,21.280,21.290,1154200
2025-05-28 11:00:00,21.290,21.440,21.280,21.380,539500
2025-05-28 11:30:00,21.390,21.430,21.360,21.420,350400
2025-05-28 13:30:00,21.410,21.420,21.370,21.370,263700
2025-05-28 14:00:00,21.380,21.390,21.280,21.310,528600
2025-05-28 14:30:00,21.300,21.350,21.270,21.330,592500
2025-05-28 15:00:00,21.340,21.350,21.290,21.310,707526
2025-05-29 10:00:00,21.320,21.460,21.290,21.360,1276400
2025-05-29 10:30:00,21.360,21.420,21.310,21.390,1049300
2025-05-29 11:00:00,21.390,21.450,21.380,21.410,593200
2025-05-29 11:30:00,21.400,21.410,21.310,21.350,946801
2025-05-29 13:30:00,21.350,21.390,21.340,21.360,579200
2025-05-29 14:00:00,21.360,21.420,21.340,21.410,785200
2025-05-29 14:30:00,21.410,21.420,21.360,21.400,647562
2025-05-29 15:00:00,21.400,21.440,21.390,21.430,1011001
2025-05-30 10:00:00,21.420,21.480,21.310,21.410,1673800
2025-05-30 10:30:00,21.410,21.420,21.320,21.360,1041000
2025-05-30 11:00:00,21.370,21.560,21.350,21.560,1668162
2025-05-30 11:30:00,21.560,21.630,21.500,21.530,714138
2025-05-30 13:30:00,21.540,21.720,21.520,21.680,1285601
2025-05-30 14:00:00,21.670,21.870,21.630,21.760,2192500
2025-05-30 14:30:00,21.760,21.790,21.730,21.770,844000
2025-05-30 15:00:00,21.770,21.810,21.730,21.790,1405201
2025-06-03 10:00:00,21.560,21.930,21.560,21.920,2240800
2025-06-03 10:30:00,21.920,22.010,21.880,21.910,1779200
2025-06-03 11:00:00,21.920,22.010,21.900,21.920,1016601
2025-06-03 11:30:00,21.920,21.920,21.790,21.800,951000
2025-06-03 13:30:00,21.800,21.820,21.720,21.790,970400
2025-06-03 14:00:00,21.790,21.850,21.770,21.790,758000
2025-06-03 14:30:00,21.790,21.830,21.770,21.780,687901
2025-06-03 15:00:00,21.790,21.820,21.750,21.800,1030001
2025-06-04 10:00:00,21.810,21.950,21.720,21.860,1393000
2025-06-04 10:30:00,21.870,21.990,21.860,21.990,1228900
2025-06-04 11:00:00,21.990,22.020,21.910,21.940,1379100
2025-06-04 11:30:00,21.940,22.010,21.920,22.000,717842
2025-06-04 13:30:00,22.010,22.020,21.920,21.950,1512001
2025-06-04 14:00:00,21.950,21.950,21.870,21.890,965399
2025-06-04 14:30:00,21.890,21.910,21.850,21.880,1181500
2025-06-04 15:00:00,21.870,21.880,21.820,21.840,1113600
2025-06-05 10:00:00,21.830,21.840,21.480,21.510,3915672
2025-06-05 10:30:00,21.520,21.550,21.460,21.490,2024253
2025-06-05 11:00:00,21.490,21.530,21.470,21.510,887800
2025-06-05 11:30:00,21.500,21.560,21.490,21.490,948300
2025-06-05 13:30:00,21.500,21.500,21.430,21.440,1200900
2025-06-05 14:00:00,21.450,21.500,21.430,21.480,1223200
2025-06-05 14:30:00,21.480,21.520,21.470,21.480,986500
2025-06-05 15:00:00,21.490,21.500,21.460,21.460,1642800
2025-06-06 10:00:00,21.490,21.690,21.490,21.550,4325800
2025-06-06 10:30:00,21.560,21.580,21.480,21.520,1210600
2025-06-06 11:00:00,21.520,21.520,21.490,21.510,758500
2025-06-06 11:30:00,21.510,21.560,21.500,21.510,1075600
2025-06-06 13:30:00,21.510,21.520,21.470,21.490,820832
2025-06-06 14:00:00,21.490,21.530,21.480,21.510,954100
2025-06-06 14:30:00,21.520,21.540,21.490,21.520,733672
2025-06-06 15:00:00,21.520,21.530,21.500,21.520,962700
2025-06-09 10:00:00,21.500,21.690,21.460,21.560,2220900
2025-06-09 10:30:00,21.550,21.730,21.550,21.650,1705901
2025-06-09 11:00:00,21.650,21.680,21.550,21.600,1349001
2025-06-09 11:30:00,21.600,21.680,21.590,21.670,873701
2025-06-09 13:30:00,21.680,21.820,21.630,21.730,1539677
2025-06-09 14:00:00,21.750,21.790,21.700,21.700,741100
2025-06-09 14:30:00,21.710,21.760,21.700,21.750,629500
2025-06-09 15:00:00,21.740,21.780,21.730,21.730,1107000
2025-06-10 10:00:00,21.720,21.790,21.650,21.660,1201001
2025-06-10 10:30:00,21.660,21.670,21.600,21.650,740300
2025-06-10 11:00:00,21.650,21.680,21.630,21.650,417500
2025-06-10 11:30:00,21.650,21.700,21.640,21.680,345300
2025-06-10 13:30:00,21.680,21.690,21.370,21.370,2350500
2025-06-10 14:00:00,21.370,21.440,21.340,21.410,1254300
2025-06-10 14:30:00,21.400,21.440,21.370,21.410,843600
2025-06-10 15:00:00,21.410,21.520,21.410,21.470,1356242
2025-06-11 10:00:00,21.520,21.660,21.460,21.640,1550500
2025-06-11 10:30:00,21.630,21.710,21.610,21.690,997953
2025-06-11 11:00:00,21.700,21.840,21.680,21.760,1514700
2025-06-11 11:30:00,21.760,21.760,21.620,21.670,953801
2025-06-11 13:30:00,21.680,21.750,21.650,21.690,948700
2025-06-11 14:00:00,21.690,21.770,21.650,21.650,959800
2025-06-11 14:30:00,21.650,21.700,21.640,21.670,787300
2025-06-11 15:00:00,21.660,21.670,21.610,21.660,1026899
2025-06-12 10:00:00,21.630,21.630,21.460,21.500,1635800
2025-06-12 10:30:00,21.490,21.550,21.480,21.500,719900
2025-06-12 11:00:00,21.500,21.550,21.360,21.370,2149900
2025-06-12 11:30:00,21.400,21.470,21.370,21.430,984700
2025-06-12 13:30:00,21.430,21.460,21.360,21.360,1034000
2025-06-12 14:00:00,21.360,21.420,21.360,21.380,735597
2025-06-12 14:30:00,21.390,21.450,21.370,21.430,684100
2025-06-12 15:00:00,21.440,21.460,21.380,21.420,1080799
2025-06-13 10:00:00,21.300,21.480,21.230,21.440,2437200
2025-06-13 10:30:00,21.430,21.490,21.370,21.490,1459400
2025-06-13 11:00:00,21.490,21.500,21.350,21.380,1055197
2025-06-13 11:30:00,21.380,21.440,21.330,21.410,833400
2025-06-13 13:30:00,21.410,21.460,21.340,21.450,1317601
2025-06-13 14:00:00,21.450,21.500,21.420,21.460,1104150
2025-06-13 14:30:00,21.450,21.490,21.410,21.460,999900
2025-06-13 15:00:00,21.450,21.460,21.410,21.420,1276100
2025-06-16 10:00:00,21.530,21.650,21.320,21.640,2846591
2025-06-16 10:30:00,21.620,21.830,21.560,21.810,2551169
2025-06-16 11:00:00,21.810,21.970,21.780,21.970,2833700
2025-06-16 11:30:00,21.960,22.000,21.910,21.920,2002500
2025-06-16 13:30:00,21.920,22.020,21.910,22.020,1912900
2025-06-16 14:00:00,22.020,22.050,21.920,21.950,1583300
2025-06-16 14:30:00,21.950,22.020,21.950,21.990,1280400
2025-06-16 15:00:00,21.990,22.040,21.970,21.980,1613600
2025-06-17 10:00:00,21.950,22.060,21.870,21.900,2445600
2025-06-17 10:30:00,21.890,22.040,21.880,22.040,1012462
2025-06-17 11:00:00,22.040,22.100,21.990,22.080,1301800
2025-06-17 11:30:00,22.080,22.120,22.020,22.050,1043600
2025-06-17 13:30:00,22.050,22.110,22.020,22.110,989100
2025-06-17 14:00:00,22.110,22.240,22.080,22.200,2022300
2025-06-17 14:30:00,22.210,22.210,22.130,22.180,1329501
2025-06-17 15:00:00,22.180,22.240,22.170,22.220,1592100
2025-06-18 10:00:00,22.190,22.580,22.190,22.500,4608397
2025-06-18 10:30:00,22.490,22.510,22.340,22.400,2171900
2025-06-18 11:00:00,22.400,22.420,22.310,22.380,928600
2025-06-18 11:30:00,22.390,22.410,22.360,22.370,642000
2025-06-18 13:30:00,22.360,22.380,22.290,22.300,938700
2025-06-18 14:00:00,22.300,22.380,22.250,22.360,1323900
2025-06-18 14:30:00,22.350,22.380,22.320,22.380,807300
2025-06-18 15:00:00,22.370,22.440,22.330,22.350,1296100
2025-06-19 10:00:00,22.330,22.450,22.200,22.230,2325600
2025-06-19 10:30:00,22.240,22.260,22.180,22.220,1397100
2025-06-19 11:00:00,22.220,22.230,22.100,22.120,1186100
2025-06-19 11:30:00,22.110,22.200,22.040,22.080,1937900
2025-06-19 13:30:00,22.080,22.160,22.030,22.150,2023700
2025-06-19 14:00:00,22.150,22.280,22.140,22.170,1254800
2025-06-19 14:30:00,22.170,22.200,22.110,22.170,1264200
2025-06-19 15:00:00,22.170,22.210,22.120,22.170,1491415
2025-06-20 10:00:00,22.170,22.330,22.080,22.280,1625500
2025-06-20 10:30:00,22.280,22.700,22.270,22.550,4233600
2025-06-20 11:00:00,22.550,22.630,22.500,22.510,1444700
2025-06-20 11:30:00,22.500,22.550,22.450,22.460,903800
2025-06-20 13:30:00,22.470,22.620,22.430,22.580,1454700
2025-06-20 14:00:00,22.580,22.660,22.550,22.560,1524400
2025-06-20 14:30:00,22.560,22.570,22.470,22.510,795592
2025-06-20 15:00:00,22.530,22.530,22.470,22.530,1922052
2025-06-23 10:00:00,22.530,22.680,22.300,22.640,3766823
2025-06-23 10:30:00,22.640,22.640,22.390,22.480,1524800
2025-06-23 11:00:00,22.480,22.620,22.470,22.600,1157200
2025-06-23 11:30:00,22.600,22.620,22.540,22.620,824426
2025-06-23 13:30:00,22.610,22.620,22.520,22.540,1027000
2025-06-23 14:00:00,22.540,22.570,22.400,22.570,1762350
2025-06-23 14:30:00,22.570,22.620,22.540,22.610,1587300
2025-06-23 15:00:00,22.610,22.650,22.570,22.600,2059300
2025-06-24 10:00:00,22.500,22.700,22.340,22.620,3270400
2025-06-24 10:30:00,22.620,22.780,22.590,22.700,2267200
2025-06-24 11:00:00,22.720,22.740,22.590,22.600,1373382
2025-06-24 11:30:00,22.600,22.750,22.590,22.720,1545000
2025-06-24 13:30:00,22.720,22.810,22.690,22.780,2119800
2025-06-24 14:00:00,22.780,22.800,22.730,22.730,1133300
2025-06-24 14:30:00,22.730,22.760,22.690,22.720,1259900
2025-06-24 15:00:00,22.710,22.730,22.630,22.670,1595400
2025-06-25 10:00:00,22.630,23.030,22.630,22.980,4236850
2025-06-25 10:30:00,22.980,23.050,22.930,23.010,2077700
2025-06-25 11:00:00,23.010,23.170,23.000,23.010,2418878
2025-06-25 11:30:00,23.010,23.060,22.980,23.000,1034078
2025-06-25 13:30:00,23.000,23.100,22.990,23.060,1699200
2025-06-25 14:00:00,23.050,23.110,23.010,23.050,1187700
2025-06-25 14:30:00,23.050,23.100,23.020,23.060,1376800
2025-06-25 15:00:00,23.050,23.080,22.980,23.010,2000100
2025-06-26 10:00:00,22.990,23.300,22.910,23.190,5336028
2025-06-26 10:30:00,23.190,23.300,23.100,23.300,3010144
2025-06-26 11:00:00,23.300,23.300,23.170,23.200,2042300
2025-06-26 11:30:00,23.200,23.210,23.030,23.050,1425500
2025-06-26 13:30:00,23.050,23.060,22.870,22.950,2170502
2025-06-26 14:00:00,22.950,22.950,22.810,22.890,2020800
2025-06-26 14:30:00,22.880,22.920,22.810,22.820,1109300
2025-06-26 15:00:00,22.830,22.880,22.800,22.820,1726500
2025-06-27 10:00:00,22.710,22.970,22.660,22.820,3757400
2025-06-27 10:30:00,22.840,22.880,22.740,22.760,1445544
2025-06-27 11:00:00,22.770,22.840,22.630,22.750,2270400
2025-06-27 11:30:00,22.750,22.820,22.710,22.800,1442200
2025-06-27 13:30:00,22.800,22.900,22.790,22.860,1236300
2025-06-27 14:00:00,22.860,22.880,22.730,22.730,994300
2025-06-27 14:30:00,22.730,22.750,22.600,22.710,1901100
2025-06-27 15:00:00,22.710,22.720,22.640,22.670,1746100
2025-06-30 10:00:00,22.700,23.060,22.700,23.040,3706300
2025-06-30 10:30:00,23.050,23.120,22.980,23.060,2869200
2025-06-30 11:00:00,23.060,23.180,23.020,23.110,2307376
2025-06-30 11:30:00,23.100,23.100,22.980,23.030,1195300
2025-06-30 13:30:00,23.030,23.150,23.000,23.090,1685100
2025-06-30 14:00:00,23.110,23.120,23.040,23.090,1256600
2025-06-30 14:30:00,23.100,23.130,23.000,23.020,1493700
2025-06-30 15:00:00,23.020,23.100,23.010,23.070,2362100
2025-07-01 10:00:00,23.200,23.320,22.960,23.200,5215878
2025-07-01 10:30:00,23.200,23.670,23.150,23.360,4585418
2025-07-01 11:00:00,23.340,23.650,23.340,23.610,4025700
2025-07-01 11:30:00,23.620,23.700,23.460,23.480,3212800
2025-07-01 13:30:00,23.480,23.540,23.420,23.490,1993600
2025-07-01 14:00:00,23.490,23.620,23.470,23.590,1784000
2025-07-01 14:30:00,23.590,23.600,23.510,23.520,1616235
2025-07-01 15:00:00,23.520,23.550,23.470,23.500,2178300
2025-07-02 10:00:00,23.920,23.970,23.370,23.530,8097800
2025-07-02 10:30:00,23.530,23.800,23.520,23.680,4034200
2025-07-02 11:00:00,23.680,23.710,23.540,23.600,1815000
2025-07-02 11:30:00,23.590,23.600,23.480,23.550,1512600
2025-07-02 13:30:00,23.550,23.630,23.480,23.520,1513000
2025-07-02 14:00:00,23.530,23.530,23.370,23.430,1801100
2025-07-02 14:30:00,23.430,23.490,23.390,23.390,1179060
2025-07-02 15:00:00,23.400,23.440,23.340,23.370,2043200
2025-07-03 10:00:00,23.210,23.520,23.210,23.250,5505600
2025-07-03 10:30:00,23.250,23.310,23.070,23.140,4275300
2025-07-03 11:00:00,23.130,23.260,23.100,23.220,1664300
2025-07-03 11:30:00,23.220,23.250,23.150,23.240,1059200
2025-07-03 13:30:00,23.220,23.310,23.180,23.210,1437800
2025-07-03 14:00:00,23.220,23.250,23.160,23.230,1199600
2025-07-03 14:30:00,23.250,23.300,23.210,23.260,1070300
2025-07-03 15:00:00,23.260,23.270,23.180,23.200,1491900
2025-07-04 10:00:00,23.210,23.210,23.020,23.040,2564818
2025-07-04 10:30:00,23.050,23.050,22.860,23.020,2389900
2025-07-04 11:00:00,23.010,23.050,22.970,23.010,1201300
2025-07-04 11:30:00,23.000,23.090,22.990,23.080,525300
2025-07-04 13:30:00,23.080,23.170,23.050,23.130,1143500
2025-07-04 14:00:00,23.130,23.130,23.020,23.060,790900
2025-07-04 14:30:00,23.050,23.050,22.960,22.970,1366800
2025-07-04 15:00:00,22.970,23.030,22.940,23.000,1438810
2025-07-07 10:00:00,23.100,23.270,22.960,23.200,2960600
2025-07-07 10:30:00,23.200,23.200,23.060,23.160,1536600
2025-07-07 11:00:00,23.170,23.190,23.070,23.120,965000
2025-07-07 11:30:00,23.120,23.160,23.080,23.110,686150
2025-07-07 13:30:00,23.120,23.380,23.070,23.370,2111224
2025-07-07 14:00:00,23.360,23.470,23.350,23.420,2277157
2025-07-07 14:30:00,23.420,23.460,23.340,23.360,1419943
2025-07-07 15:00:00,23.360,23.360,23.300,23.350,1425800
2025-07-08 10:00:00,23.380,23.510,22.850,22.880,7518100
2025-07-08 10:30:00,22.880,22.950,22.670,22.950,6171924
2025-07-08 11:00:00,22.930,23.000,22.870,22.970,1458600
2025-07-08 11:30:00,22.970,23.100,22.970,23.020,1407900
2025-07-08 13:30:00,23.020,23.050,22.950,22.980,1466700
2025-07-08 14:00:00,22.990,23.030,22.960,23.010,1123100
2025-07-08 14:30:00,23.010,23.050,22.990,23.040,1030400
2025-07-08 15:00:00,23.030,23.080,23.010,23.070,2133194
2025-07-09 10:00:00,23.000,23.100,22.890,23.040,2986900
2025-07-09 10:30:00,23.050,23.090,22.910,23.080,2225624
2025-07-09 11:00:00,23.090,23.100,22.880,22.890,1730400
2025-07-09 11:30:00,22.890,22.900,22.840,22.880,1180200
2025-07-09 13:30:00,22.890,22.900,22.850,22.860,1456900
2025-07-09 14:00:00,22.860,22.880,22.790,22.870,1339400
2025-07-09 14:30:00,22.870,22.870,22.730,22.850,1939700
2025-07-09 15:00:00,22.840,22.870,22.740,22.800,1941100
2025-07-10 10:00:00,22.780,22.830,22.710,22.800,1814600
2025-07-10 10:30:00,22.800,22.870,22.700,22.740,1750800
2025-07-10 11:00:00,22.750,22.750,22.500,22.540,3719600
2025-07-10 11:30:00,22.530,22.580,22.470,22.550,1953751
2025-07-10 13:30:00,22.570,22.680,22.530,22.560,1292300
2025-07-10 14:00:00,22.570,22.620,22.560,22.580,764300
2025-07-10 14:30:00,22.580,22.650,22.510,22.520,2428500
2025-07-10 15:00:00,22.520,22.600,22.490,22.550,2770124
2025-07-11 10:00:00,22.540,23.230,22.510,23.170,9817214
2025-07-11 10:30:00,23.170,23.330,23.050,23.070,4353324
2025-07-11 11:00:00,23.070,23.180,22.960,22.960,2001100
2025-07-11 11:30:00,22.960,23.040,22.900,22.980,2763100
2025-07-11 13:30:00,23.010,23.080,22.750,22.760,3694459
2025-07-11 14:00:00,22.760,22.920,22.760,22.810,1933100
2025-07-11 14:30:00,22.810,22.910,22.800,22.870,1526700
2025-07-11 15:00:00,22.880,22.890,22.720,22.720,2698416
2025-07-14 10:00:00,22.720,22.930,22.720,22.880,4647400
2025-07-14 10:30:00,22.890,22.990,22.840,22.860,2140600
2025-07-14 11:00:00,22.860,23.000,22.850,22.930,2350900
2025-07-14 11:30:00,22.930,22.930,22.820,22.840,1333723
2025-07-14 13:30:00,22.840,22.860,22.790,22.830,1468148
2025-07-14 14:00:00,22.830,22.840,22.780,22.800,969024
2025-07-14 14:30:00,22.790,22.840,22.770,22.840,1548000
2025-07-14 15:00:00,22.830,22.850,22.750,22.750,2204800
2025-07-15 10:00:00,22.720,22.990,22.700,22.850,3517400
2025-07-15 10:30:00,22.850,22.890,22.710,22.790,1735548
2025-07-15 11:00:00,22.780,22.880,22.770,22.860,1096300
2025-07-15 11:30:00,22.860,22.870,22.700,22.720,1245900
2025-07-15 13:30:00,22.720,22.780,22.700,22.700,716929
2025-07-15 14:00:00,22.700,22.760,22.700,22.740,704359
2025-07-15 14:30:00,22.750,22.820,22.740,22.820,891500
2025-07-15 15:00:00,22.820,22.820,22.740,22.760,1215400
2025-07-16 10:00:00,22.710,22.880,22.700,22.820,2812400
2025-07-16 10:30:00,22.820,22.840,22.760,22.810,1246700
2025-07-16 11:00:00,22.800,22.830,22.710,22.730,1467800
2025-07-16 11:30:00,22.720,22.800,22.700,22.780,893500
2025-07-16 13:30:00,22.790,22.790,22.700,22.710,822100
2025-07-16 14:00:00,22.720,22.740,22.620,22.680,1147900
2025-07-16 14:30:00,22.670,22.720,22.650,22.660,935222
2025-07-16 15:00:00,22.680,22.700,22.630,22.640,1369678
2025-07-17 10:00:00,22.600,22.720,22.510,22.550,2149600
2025-07-17 10:30:00,22.560,22.600,22.510,22.550,1336100
2025-07-17 11:00:00,22.550,22.580,22.520,22.550,947400
2025-07-17 11:30:00,22.560,22.600,22.540,22.600,569100
2025-07-17 13:30:00,22.590,22.730,22.570,22.700,1518300
2025-07-17 14:00:00,22.700,22.900,22.690,22.830,2840300
2025-07-17 14:30:00,22.830,23.050,22.820,23.020,2361601
2025-07-17 15:00:00,23.010,23.040,22.920,22.970,2320057
2025-07-18 10:00:00,22.930,23.050,22.850,22.860,2693200
2025-07-18 10:30:00,22.860,22.940,22.820,22.900,1428600
2025-07-18 11:00:00,22.910,22.970,22.850,22.910,1024400
2025-07-18 11:30:00,22.910,22.960,22.880,22.900,976200
2025-07-18 13:30:00,22.900,22.980,22.850,22.970,1470800
2025-07-18 14:00:00,22.960,23.050,22.960,22.990,1939600
2025-07-18 14:30:00,22.990,23.020,22.970,22.980,936100
2025-07-18 15:00:00,22.980,23.050,22.970,23.040,1940501
2025-07-21 10:00:00,23.150,23.250,22.950,23.090,4179318
2025-07-21 10:30:00,23.090,23.250,23.020,23.240,3031800
2025-07-21 11:00:00,23.240,23.650,23.190,23.370,4854639
2025-07-21 11:30:00,23.380,23.450,23.310,23.400,1920000
2025-07-21 13:30:00,23.390,23.630,23.310,23.590,3380253
2025-07-21 14:00:00,23.590,23.700,23.460,23.480,2598300
2025-07-21 14:30:00,23.470,23.510,23.450,23.490,1263900
2025-07-21 15:00:00,23.500,23.500,23.430,23.470,1856138
2025-07-22 10:00:00,23.580,23.590,23.430,23.530,4814400
2025-07-22 10:30:00,23.530,23.550,23.350,23.380,2663400
2025-07-22 11:00:00,23.380,23.490,23.290,23.420,1980100
2025-07-22 11:30:00,23.420,23.460,23.380,23.400,1198300
2025-07-22 13:30:00,23.400,23.580,23.390,23.530,2721800
2025-07-22 14:00:00,23.530,23.570,23.400,23.400,1876100
2025-07-22 14:30:00,23.400,23.420,23.360,23.420,1394214
2025-07-22 15:00:00,23.410,23.450,23.390,23.430,2435302
2025-07-23 10:00:00,23.500,23.500,23.340,23.350,4091500
2025-07-23 10:30:00,23.350,23.390,23.280,23.330,2755500
2025-07-23 11:00:00,23.340,23.480,23.310,23.420,1570100
2025-07-23 11:30:00,23.420,23.480,23.410,23.470,1230500
2025-07-23 13:30:00,23.470,23.540,23.380,23.430,2170100
2025-07-23 14:00:00,23.420,23.430,23.270,23.270,2811900
2025-07-23 14:30:00,23.270,23.320,23.090,23.160,2891700
2025-07-23 15:00:00,23.160,23.170,23.020,23.140,2531800
2025-07-24 10:00:00,23.100,23.170,22.970,23.100,3545700
2025-07-24 10:30:00,23.090,23.210,23.070,23.210,2353300
2025-07-24 11:00:00,23.220,23.310,23.170,23.290,1593201
2025-07-24 11:30:00,23.290,23.440,23.270,23.440,2183100
2025-07-24 13:30:00,23.430,23.520,23.340,23.370,2624100
2025-07-24 14:00:00,23.370,23.430,23.280,23.300,1766900
2025-07-24 14:30:00,23.300,23.430,23.290,23.380,1637700
2025-07-24 15:00:00,23.390,23.440,23.360,23.420,2002900
2025-07-25 10:00:00,23.420,23.450,23.190,23.290,3572891
2025-07-25 10:30:00,23.300,23.300,23.100,23.120,3166300
2025-07-25 11:00:00,23.140,23.250,23.110,23.140,3480300
2025-07-25 11:30:00,23.150,23.160,23.070,23.100,1449400
2025-07-25 13:30:00,23.100,23.120,23.040,23.100,1608600
2025-07-25 14:00:00,23.110,23.200,23.070,23.140,2693600
2025-07-25 14:30:00,23.140,23.200,23.080,23.120,1661200
2025-07-25 15:00:00,23.110,23.150,23.080,23.090,2303201
2025-07-28 10:00:00,23.100,23.390,23.010,23.260,3910700
2025-07-28 10:30:00,23.250,23.330,23.170,23.200,2450103
2025-07-28 11:00:00,23.210,23.290,23.140,23.230,1841600
2025-07-28 11:30:00,23.230,23.240,23.090,23.100,1311478
2025-07-28 13:30:00,23.090,23.150,23.080,23.110,1142200
2025-07-28 14:00:00,23.110,23.140,23.050,23.110,1501800
2025-07-28 14:30:00,23.100,23.180,23.090,23.130,1334473
2025-07-28 15:00:00,23.130,23.200,23.120,23.160,1747400
2025-07-29 10:00:00,23.160,23.540,23.100,23.280,5523761
2025-07-29 10:30:00,23.290,23.320,23.190,23.200,1716500
2025-07-29 11:00:00,23.200,23.240,23.160,23.170,1762100
2025-07-29 11:30:00,23.170,23.230,23.160,23.180,1272100
2025-07-29 13:30:00,23.190,23.240,23.160,23.160,1510351
2025-07-29 14:00:00,23.160,23.220,23.150,23.190,1359300
2025-07-29 14:30:00,23.200,23.270,23.190,23.230,1892000
2025-07-29 15:00:00,23.220,23.380,23.190,23.370,2886802
2025-07-30 10:00:00,23.300,23.600,23.260,23.450,5171099
2025-07-30 10:30:00,23.450,23.550,23.330,23.370,2235300
2025-07-30 11:00:00,23.370,23.540,23.360,23.480,2950700
2025-07-30 11:30:00,23.490,23.540,23.400,23.430,1684300
2025-07-30 13:30:00,23.410,23.480,23.260,23.280,2079100
2025-07-30 14:00:00,23.270,23.310,23.120,23.160,2244700
2025-07-30 14:30:00,23.150,23.220,23.060,23.180,2344300
2025-07-30 15:00:00,23.190,23.210,23.080,23.120,2357200
2025-07-31 10:00:00,23.070,23.090,22.890,23.010,4010900
2025-07-31 10:30:00,23.010,23.190,22.980,23.090,2472191
2025-07-31 11:00:00,23.090,23.100,22.990,23.010,1374500
2025-07-31 11:30:00,23.020,23.040,22.920,22.940,1589700
2025-07-31 13:30:00,22.940,22.960,22.870,22.870,1402800
2025-07-31 14:00:00,22.870,22.890,22.760,22.880,1845819
2025-07-31 14:30:00,22.870,22.880,22.750,22.750,2373400
2025-07-31 15:00:00,22.760,22.960,22.710,22.840,2940700
2025-08-01 10:00:00,22.770,23.030,22.730,22.920,3471601
2025-08-01 10:30:00,22.920,23.070,22.910,23.030,1876414
2025-08-01 11:00:00,23.030,23.100,22.970,23.020,1926200
2025-08-01 11:30:00,23.020,23.040,22.900,22.930,880556
2025-08-01 13:30:00,22.940,22.940,22.800,22.820,1539300
2025-08-01 14:00:00,22.820,22.840,22.750,22.800,934191
2025-08-01 14:30:00,22.790,22.830,22.740,22.820,1610700
2025-08-01 15:00:00,22.820,22.890,22.730,22.800,1900800
2025-08-04 10:00:00,22.670,22.800,22.610,22.640,3728700
2025-08-04 10:30:00,22.630,22.920,22.620,22.850,2305750
2025-08-04 11:00:00,22.850,22.870,22.760,22.780,925700
2025-08-04 11:30:00,22.800,22.810,22.760,22.770,965300
2025-08-04 13:30:00,22.780,22.890,22.740,22.810,1506000
2025-08-04 14:00:00,22.820,22.840,22.750,22.770,1492300
2025-08-04 14:30:00,22.770,22.870,22.750,22.860,1700800
2025-08-04 15:00:00,22.860,22.900,22.810,22.900,1943040
2025-08-05 10:00:00,23.000,23.290,22.850,23.220,7119910
2025-08-05 10:30:00,23.230,23.230,23.110,23.120,2204100
2025-08-05 11:00:00,23.110,23.170,23.040,23.080,1335400
2025-08-05 11:30:00,23.080,23.090,23.000,23.010,990600
2025-08-05 13:30:00,23.020,23.130,22.990,23.060,1242100
2025-08-05 14:00:00,23.060,23.120,23.030,23.060,1500900
2025-08-05 14:30:00,23.070,23.350,23.040,23.340,4333023
2025-08-05 15:00:00,23.350,23.470,23.290,23.360,4264500
2025-08-06 10:00:00,23.450,24.160,23.310,24.110,17265420
2025-08-06 10:30:00,24.120,24.140,23.900,24.030,7533400
2025-08-06 11:00:00,24.040,24.140,23.970,24.060,5151899
2025-08-06 11:30:00,24.060,24.200,23.980,24.000,4960565
2025-08-06 13:30:00,24.020,24.420,24.010,24.280,7935134
2025-08-06 14:00:00,24.280,24.490,24.210,24.440,9018375
2025-08-06 14:30:00,24.450,24.480,24.350,24.450,6790498
2025-08-06 15:00:00,24.460,24.660,24.450,24.630,9154409
2025-08-07 10:00:00,24.590,24.630,24.000,24.300,14865081
2025-08-07 10:30:00,24.300,24.380,24.080,24.090,5051190
2025-08-07 11:00:00,24.080,24.180,24.070,24.130,3459584
2025-08-07 11:30:00,24.130,24.230,24.120,24.210,2176684
2025-08-07 13:30:00,24.200,24.230,24.070,24.100,2485814
2025-08-07 14:00:00,24.100,24.240,24.090,24.090,2838540
2025-08-07 14:30:00,24.090,24.150,24.050,24.070,2578563
2025-08-07 15:00:00,24.070,24.120,24.030,24.030,3722969
2025-08-08 10:00:00,23.990,24.440,23.830,24.320,9255089
2025-08-08 10:30:00,24.320,24.400,24.200,24.300,3449118
2025-08-08 11:00:00,24.310,24.550,24.250,24.400,5106300
2025-08-08 11:30:00,24.390,24.410,24.250,24.310,1924700
2025-08-08 13:30:00,24.320,24.360,24.100,24.160,2745400
2025-08-08 14:00:00,24.160,24.170,24.060,24.070,1892514
2025-08-08 14:30:00,24.070,24.170,24.070,24.140,1714650
2025-08-08 15:00:00,24.130,24.260,24.100,24.220,2895022
2025-08-11 10:00:00,24.220,24.340,23.780,23.790,7302879
2025-08-11 10:30:00,23.780,23.900,23.740,23.760,4460816
2025-08-11 11:00:00,23.760,23.760,23.620,23.650,4763600
2025-08-11 11:30:00,23.650,23.760,23.590,23.740,3513892
2025-08-11 13:30:00,23.740,23.760,23.620,23.620,3270564
2025-08-11 14:00:00,23.630,23.650,23.610,23.640,2965799
2025-08-11 14:30:00,23.640,23.680,23.580,23.610,3911237
2025-08-11 15:00:00,23.620,23.630,23.570,23.610,4119323
2025-08-12 10:00:00,23.650,23.730,23.530,23.650,5212690
2025-08-12 10:30:00,23.660,23.680,23.580,23.580,2810461
2025-08-12 11:00:00,23.580,23.630,23.520,23.560,2376039
2025-08-12 11:30:00,23.560,23.690,23.560,23.600,2037754
2025-08-12 13:30:00,23.600,23.800,23.600,23.750,3929709
2025-08-12 14:00:00,23.750,23.840,23.700,23.780,3706600
2025-08-12 14:30:00,23.780,23.810,23.750,23.800,2079145
2025-08-12 15:00:00,23.800,23.810,23.700,23.740,3135875
2025-08-13 10:00:00,23.800,23.920,23.710,23.740,5602101
2025-08-13 10:30:00,23.730,23.750,23.600,23.610,3270700
2025-08-13 11:00:00,23.610,23.630,23.510,23.570,3933262
2025-08-13 11:30:00,23.570,23.640,23.530,23.580,2237683
2025-08-13 13:30:00,23.590,23.630,23.540,23.570,2509700
2025-08-13 14:00:00,23.570,23.600,23.550,23.570,2055900
2025-08-13 14:30:00,23.580,23.600,23.540,23.540,2884200
2025-08-13 15:00:00,23.540,23.600,23.540,23.600,2719061
2025-08-14 10:00:00,23.580,23.640,23.360,23.380,6598514
2025-08-14 10:30:00,23.380,23.470,23.350,23.450,2788899
2025-08-14 11:00:00,23.450,23.560,23.400,23.440,2414201
2025-08-14 11:30:00,23.440,23.500,23.430,23.450,1188600
2025-08-14 13:30:00,23.460,23.470,23.340,23.380,2870721
2025-08-14 14:00:00,23.380,23.400,23.340,23.360,1763000
2025-08-14 14:30:00,23.360,23.420,23.260,23.260,3146400
2025-08-14 15:00:00,23.260,23.290,23.150,23.170,3439200
2025-08-15 10:00:00,23.170,23.400,23.150,23.340,3971500
2025-08-15 10:30:00,23.350,23.390,23.320,23.360,1802300
2025-08-15 11:00:00,23.370,23.430,23.320,23.340,2207000
2025-08-15 11:30:00,23.340,23.430,23.320,23.410,1755800
2025-08-15 13:30:00,23.430,23.450,23.360,23.410,2596001
2025-08-15 14:00:00,23.400,23.430,23.350,23.380,1958735
2025-08-15 14:30:00,23.380,23.490,23.370,23.430,2677414
2025-08-15 15:00:00,23.430,23.500,23.430,23.450,3355202
2025-08-18 10:00:00,23.580,23.750,23.550,23.720,6493995
2025-08-18 10:30:00,23.710,23.800,23.640,23.740,3747300
2025-08-18 11:00:00,23.740,23.790,23.730,23.780,2772504
2025-08-18 11:30:00,23.790,23.800,23.700,23.750,2437100
2025-08-18 13:30:00,23.750,23.770,23.560,23.600,4919055
2025-08-18 14:00:00,23.600,23.680,23.520,23.540,3048800
2025-08-18 14:30:00,23.550,23.570,23.450,23.520,4051329
2025-08-18 15:00:00,23.530,23.550,23.460,23.530,4825781
2025-08-19 10:00:00,23.880,23.880,23.450,23.470,8838200
2025-08-19 10:30:00,23.450,23.460,23.190,23.230,7244804
2025-08-19 11:00:00,23.230,23.360,23.200,23.240,2139800
2025-08-19 11:30:00,23.240,23.340,23.220,23.270,2186900
2025-08-19 13:30:00,23.260,23.310,23.230,23.260,2337300
2025-08-19 14:00:00,23.260,23.280,23.200,23.210,2286400
2025-08-19 14:30:00,23.210,23.260,23.170,23.200,2858300
2025-08-19 15:00:00,23.190,23.220,23.170,23.200,2999085
2025-08-20 10:00:00,23.160,23.160,22.970,23.100,4763200
2025-08-20 10:30:00,23.090,23.260,23.040,23.240,2720060
2025-08-20 11:00:00,23.240,23.300,23.180,23.180,1919900
2025-08-20 11:30:00,23.180,23.200,23.020,23.110,2041700
2025-08-20 13:30:00,23.100,23.120,23.030,23.100,1719584
2025-08-20 14:00:00,23.100,23.130,23.060,23.130,1383850
2025-08-20 14:30:00,23.130,23.200,23.130,23.190,1812300
2025-08-20 15:00:00,23.190,23.260,23.170,23.240,3349812
2025-08-21 10:00:00,23.310,23.340,23.160,23.160,5325794
2025-08-21 10:30:00,23.160,23.280,23.110,23.240,3518027
2025-08-21 11:00:00,23.240,23.270,23.200,23.230,2202600
2025-08-21 11:30:00,23.230,23.280,23.180,23.200,1844255
2025-08-21 13:30:00,23.200,23.320,23.180,23.260,2433445
2025-08-21 14:00:00,23.250,23.280,23.210,23.280,1157300
2025-08-21 14:30:00,23.280,23.320,23.190,23.230,2639300
2025-08-21 15:00:00,23.230,23.250,23.170,23.230,2293732
2025-08-22 10:00:00,23.140,23.220,22.980,23.050,6731201
2025-08-22 10:30:00,23.050,23.090,23.000,23.030,3496522
2025-08-22 11:00:00,23.020,23.160,23.020,23.130,2288800
2025-08-22 11:30:00,23.120,23.220,23.120,23.160,2171300
2025-08-22 13:30:00,23.160,23.210,23.120,23.150,2401900
2025-08-22 14:00:00,23.160,23.200,23.140,23.180,1772700
2025-08-22 14:30:00,23.180,23.290,23.170,23.280,3699835
2025-08-22 15:00:00,23.280,23.350,23.260,23.350,5391431
2025-08-25 10:00:00,23.400,23.630,23.390,23.610,11132134
2025-08-25 10:30:00,23.600,23.760,23.580,23.730,4808327
2025-08-25 11:00:00,23.730,23.790,23.620,23.770,4405900
2025-08-25 11:30:00,23.770,23.800,23.550,23.600,4868180
2025-08-25 13:30:00,23.600,23.670,23.550,23.590,3277544
2025-08-25 14:00:00,23.600,23.750,23.580,23.680,2459884
2025-08-25 14:30:00,23.680,23.880,23.650,23.820,5279100
2025-08-25 15:00:00,23.820,23.900,23.810,23.900,5038691
2025-08-26 10:00:00,23.900,23.900,23.620,23.770,5485602
2025-08-26 10:30:00,23.780,23.990,23.710,23.910,4669498
2025-08-26 11:00:00,23.910,23.960,23.830,23.950,3064500
2025-08-26 11:30:00,23.950,24.050,23.920,24.000,3422301
2025-08-26 13:30:00,24.010,24.010,23.850,23.860,2806300
2025-08-26 14:00:00,23.870,23.910,23.820,23.890,2191100
2025-08-26 14:30:00,23.890,23.920,23.850,23.880,2526720
2025-08-26 15:00:00,23.870,23.890,23.760,23.820,3863315
2025-08-27 10:00:00,23.830,23.920,23.710,23.830,4926747
2025-08-27 10:30:00,23.830,23.880,23.790,23.810,3198019
2025-08-27 11:00:00,23.830,23.830,23.690,23.720,3665600
2025-08-27 11:30:00,23.720,23.770,23.710,23.760,2347705
2025-08-27 13:30:00,23.760,23.830,23.730,23.790,2769100
2025-08-27 14:00:00,23.790,23.810,23.510,23.540,4510100
2025-08-27 14:30:00,23.540,23.640,23.390,23.400,4894400
2025-08-27 15:00:00,23.390,23.640,23.320,23.440,6713390
2025-08-28 10:00:00,23.200,23.390,23.200,23.230,4916885
2025-08-28 10:30:00,23.230,23.340,23.170,23.340,2524900
2025-08-28 11:00:00,23.340,23.400,23.290,23.310,2309200
2025-08-28 11:30:00,23.310,23.310,23.080,23.170,2906400
2025-08-28 13:30:00,23.180,23.200,22.920,22.970,4957273
2025-08-28 14:00:00,22.970,23.110,22.850,23.090,3862500
2025-08-28 14:30:00,23.090,23.290,23.080,23.240,2798600
2025-08-28 15:00:00,23.240,23.470,23.230,23.470,4006800
2025-08-29 10:00:00,23.400,23.600,23.380,23.510,5410400
2025-08-29 10:30:00,23.520,23.830,23.500,23.690,5653401
2025-08-29 11:00:00,23.690,23.740,23.620,23.620,2794300
2025-08-29 11:30:00,23.630,23.710,23.550,23.610,1984232
2025-08-29 13:30:00,23.620,23.800,23.610,23.680,2959400
2025-08-29 14:00:00,23.670,24.020,23.670,23.920,7091371
2025-08-29 14:30:00,23.930,23.950,23.820,23.850,3130100
2025-08-29 15:00:00,23.850,23.940,23.840,23.900,5787000
2025-09-01 10:00:00,24.050,24.060,23.430,23.490,11330400
2025-09-01 10:30:00,23.480,23.490,23.300,23.390,6912700
2025-09-01 11:00:00,23.390,23.430,23.300,23.320,3726800
2025-09-01 11:30:00,23.320,23.580,23.260,23.270,5938400
2025-09-01 13:30:00,23.270,23.330,23.210,23.260,4930600
2025-09-01 14:00:00,23.260,23.380,23.230,23.360,2581900
2025-09-01 14:30:00,23.360,23.600,23.310,23.600,3789564
2025-09-01 15:00:00,23.600,23.660,23.540,23.600,4681562
2025-09-02 10:00:00,23.510,23.550,23.220,23.220,6954597
2025-09-02 10:30:00,23.220,23.280,23.120,23.230,3896300
2025-09-02 11:00:00,23.240,23.250,23.070,23.100,3037300
2025-09-02 11:30:00,23.090,23.130,22.920,23.020,3983800
2025-09-02 13:30:00,23.020,23.070,22.860,22.930,3607008
2025-09-02 14:00:00,22.930,23.070,22.930,23.000,2147300
2025-09-02 14:30:00,23.000,23.050,22.930,22.930,1891200
2025-09-02 15:00:00,22.930,22.990,22.900,22.960,2768614
2025-09-03 10:00:00,23.070,23.100,22.650,22.690,5764246
2025-09-03 10:30:00,22.690,22.710,22.430,22.490,5183235
2025-09-03 11:00:00,22.500,22.660,22.310,22.590,3733076
2025-09-03 11:30:00,22.590,22.610,22.390,22.400,2093764
2025-09-03 13:30:00,22.400,22.490,22.380,22.430,1654000
2025-09-03 14:00:00,22.430,22.440,22.260,22.340,2536970
2025-09-03 14:30:00,22.340,22.440,22.270,22.290,2390800
2025-09-03 15:00:00,22.300,22.350,22.090,22.290,4862267
2025-09-04 10:00:00,22.280,22.440,22.190,22.390,4391180
2025-09-04 10:30:00,22.390,22.400,22.260,22.330,2502045
2025-09-04 11:00:00,22.340,22.350,22.110,22.220,2090623
2025-09-04 11:30:00,22.220,22.300,22.180,22.190,1133700
2025-09-04 13:30:00,22.190,22.330,22.180,22.240,1493200
2025-09-04 14:00:00,22.250,22.260,22.130,22.170,1713900
2025-09-04 14:30:00,22.180,22.200,22.050,22.110,2500600
2025-09-04 15:00:00,22.100,22.270,22.010,22.260,2609677
2025-09-05 10:00:00,22.130,22.430,22.130,22.260,3768200
2025-09-05 10:30:00,22.270,22.290,22.150,22.220,2476059
2025-09-05 11:00:00,22.210,22.270,22.180,22.230,2016965
2025-09-05 11:30:00,22.230,22.350,22.200,22.330,1795836
2025-09-05 13:30:00,22.330,22.360,22.250,22.260,1665100
2025-09-05 14:00:00,22.270,22.320,22.250,22.310,1254437
2025-09-05 14:30:00,22.310,22.330,22.270,22.320,2045100
2025-09-05 15:00:00,22.320,22.360,22.270,22.300,3892243
2025-09-08 10:00:00,22.290,22.410,22.140,22.190,6992455
2025-09-08 10:30:00,22.200,22.230,22.040,22.160,6096854
2025-09-08 11:00:00,22.160,22.220,22.100,22.140,1338900
2025-09-08 11:30:00,22.140,22.200,22.120,22.190,973600
2025-09-08 13:30:00,22.200,22.220,22.080,22.130,1697017
2025-09-08 14:00:00,22.120,22.170,22.110,22.160,1196500
2025-09-08 14:30:00,22.170,22.230,22.160,22.220,1718212
2025-09-08 15:00:00,22.210,22.300,22.210,22.220,2658400
2025-09-09 10:00:00,22.190,22.260,22.180,22.190,3249300
2025-09-09 10:30:00,22.200,22.210,22.160,22.170,1808197
2025-09-09 11:00:00,22.180,22.290,22.170,22.210,2116200
2025-09-09 11:30:00,22.220,22.230,22.120,22.140,1631144
2025-09-09 13:30:00,22.150,22.150,22.040,22.070,2085659
2025-09-09 14:00:00,22.070,22.110,22.000,22.060,1877600
2025-09-09 14:30:00,22.060,22.110,22.030,22.050,1052700
2025-09-09 15:00:00,22.050,22.090,22.040,22.040,1649941
2025-09-10 10:00:00,22.000,22.090,21.910,22.040,3068835
2025-09-10 10:30:00,22.040,22.070,21.920,21.930,1990400
2025-09-10 11:00:00,21.920,21.930,21.870,21.930,2481370
2025-09-10 11:30:00,21.930,22.010,21.900,21.960,932815
2025-09-10 13:30:00,21.960,22.020,21.930,21.980,1347500
2025-09-10 14:00:00,21.990,22.060,21.960,22.060,1206201
2025-09-10 14:30:00,22.050,22.100,22.020,22.020,1447372
2025-09-10 15:00:00,22.030,22.050,21.980,22.020,1572128
2025-09-11 10:00:00,22.010,22.010,21.850,21.900,3199859
2025-09-11 10:30:00,21.890,21.950,21.890,21.910,1591300
2025-09-11 11:00:00,21.900,21.960,21.890,21.960,1971128
2025-09-11 11:30:00,21.960,22.050,21.940,22.040,1896312
2025-09-11 13:30:00,22.040,22.090,22.000,22.020,2261200
2025-09-11 14:00:00,22.030,22.050,21.960,22.020,2507528
2025-09-11 14:30:00,22.020,22.420,22.000,22.270,4974741
2025-09-11 15:00:00,22.270,22.370,22.250,22.330,4261389
2025-09-12 10:00:00,22.340,22.370,22.260,22.300,4289100
2025-09-12 10:30:00,22.300,22.310,22.200,22.260,2362078
2025-09-12 11:00:00,22.260,22.270,22.160,22.160,2239395
2025-09-12 11:30:00,22.160,22.210,22.130,22.200,1274000
2025-09-12 13:30:00,22.210,22.210,22.160,22.190,1302500
2025-09-12 14:00:00,22.190,22.240,22.170,22.180,1156900
2025-09-12 14:30:00,22.190,22.190,22.140,22.140,1686912
2025-09-12 15:00:00,22.140,22.160,22.100,22.100,2091296
2025-09-15 10:00:00,22.080,22.250,21.950,22.140,4696225
2025-09-15 10:30:00,22.140,22.140,22.020,22.070,1663900
2025-09-15 11:00:00,22.060,22.090,22.010,22.040,1390200
2025-09-15 11:30:00,22.040,22.050,22.000,22.020,1209700
2025-09-15 13:30:00,22.020,22.030,21.980,22.030,1547555
2025-09-15 14:00:00,22.020,22.220,22.020,22.160,2454841
2025-09-15 14:30:00,22.160,22.220,22.070,22.200,2521802
2025-09-15 15:00:00,22.200,22.260,22.180,22.210,3129191
2025-09-16 10:00:00,22.150,22.150,21.970,21.980,3955600
2025-09-16 10:30:00,21.980,22.000,21.800,21.830,4363200
2025-09-16 11:00:00,21.830,21.860,21.720,21.730,2922700
2025-09-16 11:30:00,21.730,21.850,21.710,21.810,2806500
2025-09-16 13:30:00,21.820,21.860,21.800,21.810,1228200
2025-09-16 14:00:00,21.800,21.860,21.760,21.850,1383300
2025-09-16 14:30:00,21.860,21.870,21.760,21.760,1474700
2025-09-16 15:00:00,21.760,21.790,21.750,21.790,2558841
2025-09-17 10:00:00,21.700,21.880,21.660,21.820,3329550
2025-09-17 10:30:00,21.830,21.850,21.670,21.700,3448400
2025-09-17 11:00:00,21.710,21.880,21.700,21.870,2851530
2025-09-17 11:30:00,21.880,21.920,21.830,21.870,1480700
2025-09-17 13:30:00,21.880,21.900,21.790,21.800,1437000
2025-09-17 14:00:00,21.790,21.800,21.740,21.790,1196000
2025-09-17 14:30:00,21.780,21.820,21.760,21.800,1258300
2025-09-17 15:00:00,21.810,21.810,21.760,21.790,1485000
2025-09-18 10:00:00,21.790,21.830,21.690,21.740,2916800
2025-09-18 10:30:00,21.750,21.820,21.750,21.810,1842200
2025-09-18 11:00:00,21.810,21.830,21.730,21.740,2384300
2025-09-18 11:30:00,21.750,21.760,21.690,21.720,2498800
2025-09-18 13:30:00,21.750,21.760,21.680,21.700,2060700
2025-09-18 14:00:00,21.690,21.730,21.650,21.650,1995600
2025-09-18 14:30:00,21.650,21.660,21.430,21.440,4589600
2025-09-18 15:00:00,21.440,21.480,21.350,21.470,3451768
2025-09-19 10:00:00,21.410,21.690,21.410,21.630,4365670
2025-09-19 10:30:00,21.620,21.660,21.570,21.620,1240028
2025-09-19 11:00:00,21.620,21.630,21.460,21.510,1327600
2025-09-19 11:30:00,21.510,21.560,21.460,21.550,908155
2025-09-19 13:30:00,21.550,21.600,21.490,21.490,725500
2025-09-19 14:00:00,21.500,21.520,21.450,21.490,842600
2025-09-19 14:30:00,21.480,21.540,21.450,21.510,1156800
2025-09-19 15:00:00,21.510,21.530,21.490,21.510,1324331
2025-09-22 10:00:00,21.510,21.570,21.350,21.460,3164300
2025-09-22 10:30:00,21.460,21.510,21.430,21.490,1574686
2025-09-22 11:00:00,21.490,21.510,21.440,21.450,956000
2025-09-22 11:30:00,21.440,21.480,21.410,21.470,763400
2025-09-22 13:30:00,21.460,21.480,21.410,21.420,1614900
2025-09-22 14:00:00,21.430,21.430,21.360,21.410,1434231
2025-09-22 14:30:00,21.410,21.460,21.350,21.450,1234668
2025-09-22 15:00:00,21.440,21.500,21.430,21.470,1318200
2025-09-23 10:00:00,21.850,22.020,21.610,21.610,8184868
2025-09-23 10:30:00,21.610,21.640,21.390,21.410,2882959
2025-09-23 11:00:00,21.410,21.490,21.320,21.420,1642914
2025-09-23 11:30:00,21.430,21.450,21.310,21.330,1131601
2025-09-23 13:30:00,21.330,21.370,21.200,21.280,1911900
2025-09-23 14:00:00,21.290,21.320,21.170,21.230,1119300
2025-09-23 14:30:00,21.230,21.330,21.160,21.320,917200
2025-09-23 15:00:00,21.320,21.390,21.250,21.350,1443009
2025-09-24 10:00:00,21.100,21.700,21.030,21.640,5190512
2025-09-24 10:30:00,21.640,21.750,21.510,21.530,3624500
2025-09-24 11:00:00,21.530,21.570,21.460,21.530,1247951
2025-09-24 11:30:00,21.530,21.570,21.500,21.540,616600
2025-09-24 13:30:00,21.540,21.560,21.470,21.480,1229500
2025-09-24 14:00:00,21.470,21.600,21.470,21.570,1043500
2025-09-24 14:30:00,21.570,21.610,21.500,21.560,1081200
2025-09-24 15:00:00,21.550,21.620,21.540,21.600,1435700
2025-09-25 10:00:00,21.530,21.660,21.400,21.540,3708487
2025-09-25 10:30:00,21.560,21.660,21.530,21.650,1714669
2025-09-25 11:00:00,21.650,21.650,21.550,21.550,1026600
2025-09-25 11:30:00,21.560,21.610,21.520,21.600,1829900
2025-09-25 13:30:00,21.600,21.620,21.500,21.530,1267300
2025-09-25 14:00:00,21.540,21.580,21.510,21.560,1343621
2025-09-25 14:30:00,21.560,21.580,21.500,21.570,1200430
2025-09-25 15:00:00,21.570,21.600,21.530,21.550,2035200
2025-09-26 10:00:00,21.600,22.090,21.520,21.890,7159747
2025-09-26 10:30:00,21.890,22.050,21.870,22.010,3537183
2025-09-26 11:00:00,22.010,22.120,21.960,21.980,2941800
2025-09-26 11:30:00,21.980,22.020,21.930,21.960,887401
2025-09-26 13:30:00,21.950,22.000,21.800,21.840,1642499
2025-09-26 14:00:00,21.840,21.910,21.800,21.810,1198100
2025-09-26 14:30:00,21.820,21.840,21.750,21.790,1106061
2025-09-26 15:00:00,21.780,21.800,21.730,21.760,1868400
2025-09-29 10:00:00,21.700,21.750,21.520,21.740,3850502
2025-09-29 10:30:00,21.740,21.830,21.670,21.810,1895200
2025-09-29 11:00:00,21.810,21.930,21.800,21.860,2714200
2025-09-29 11:30:00,21.870,21.900,21.820,21.900,1768300
2025-09-29 13:30:00,21.900,21.960,21.860,21.940,2268000
2025-09-29 14:00:00,21.950,22.110,21.930,22.080,3806200
2025-09-29 14:30:00,22.080,22.110,22.000,22.020,1752100
2025-09-29 15:00:00,22.020,22.070,21.990,22.060,1975900
2025-09-30 10:00:00,22.080,22.100,21.960,22.060,3241085
2025-09-30 10:30:00,22.050,22.070,21.990,22.040,1858090
2025-09-30 11:00:00,22.040,22.120,22.010,22.100,1861701
2025-09-30 11:30:00,22.100,22.160,22.090,22.140,1558400
2025-09-30 13:30:00,22.140,22.250,22.130,22.210,2463400
2025-09-30 14:00:00,22.210,22.220,22.150,22.150,1804800
2025-09-30 14:30:00,22.160,22.240,22.150,22.230,2382300
2025-09-30 15:00:00,22.220,22.250,22.190,22.220,2590500
2025-10-09 10:00:00,22.220,22.750,22.130,22.730,8971560
2025-10-09 10:30:00,22.730,22.880,22.680,22.760,6044217
2025-10-09 11:00:00,22.750,23.180,22.750,23.030,8171800
2025-10-09 11:30:00,23.030,23.070,22.940,22.990,2087573
2025-10-09 13:30:00,22.980,22.990,22.830,22.900,1986400
2025-10-09 14:00:00,22.910,23.070,22.870,22.890,1738100
2025-10-09 14:30:00,22.890,23.020,22.880,22.990,2110000
2025-10-09 15:00:00,22.990,23.150,22.980,23.090,4972809
2025-10-10 10:00:00,22.950,23.150,22.900,23.040,5731301
2025-10-10 10:30:00,23.040,23.210,23.010,23.170,3948300
2025-10-10 11:00:00,23.180,23.260,23.160,23.230,3044900
2025-10-10 11:30:00,23.220,23.230,23.070,23.110,2178000
2025-10-10 13:30:00,23.120,23.210,23.090,23.180,2209762
2025-10-10 14:00:00,23.180,23.200,23.080,23.110,2420733
2025-10-10 14:30:00,23.120,23.130,22.920,22.920,2256000
2025-10-10 15:00:00,22.920,22.990,22.880,22.920,2749101
2025-10-13 10:00:00,22.400,22.830,22.400,22.690,6635500
2025-10-13 10:30:00,22.690,22.810,22.640,22.780,2489459
2025-10-13 11:00:00,22.790,22.910,22.790,22.810,1711900
2025-10-13 11:30:00,22.820,22.840,22.700,22.710,1512900
2025-10-13 13:30:00,22.700,22.730,22.580,22.680,1882200
2025-10-13 14:00:00,22.680,22.790,22.670,22.770,1433300
2025-10-13 14:30:00,22.770,22.800,22.710,22.720,1504600
2025-10-13 15:00:00,22.720,22.800,22.720,22.750,2113801
2025-10-14 10:00:00,22.870,23.340,22.870,23.330,7800626
2025-10-14 10:30:00,23.330,23.360,23.140,23.150,4020000
2025-10-14 11:00:00,23.160,23.180,22.960,23.010,1944000
2025-10-14 11:30:00,23.010,23.060,22.920,23.060,1372700
2025-10-14 13:30:00,23.050,23.240,23.010,23.080,2711761
2025-10-14 14:00:00,23.080,23.120,22.920,22.940,1618600
2025-10-14 14:30:00,22.930,22.940,22.800,22.860,2537601
2025-10-14 15:00:00,22.860,22.960,22.780,22.910,2845800
2025-10-15 10:00:00,22.810,22.920,22.590,22.640,4585703
2025-10-15 10:30:00,22.650,22.970,22.640,22.890,3308791
2025-10-15 11:00:00,22.890,23.050,22.840,22.840,2234800
2025-10-15 11:30:00,22.850,22.870,22.730,22.760,861000
2025-10-15 13:30:00,22.780,22.860,22.750,22.830,1066500
2025-10-15 14:00:00,22.830,22.850,22.770,22.840,1001800
2025-10-15 14:30:00,22.830,22.950,22.810,22.910,1364200
2025-10-15 15:00:00,22.920,22.940,22.890,22.910,1867023
2025-10-16 10:00:00,22.890,22.970,22.750,22.820,3201829
2025-10-16 10:30:00,22.820,22.880,22.810,22.830,1655001
2025-10-16 11:00:00,22.840,22.890,22.720,22.880,1767339
2025-10-16 11:30:00,22.890,22.920,22.790,22.790,1146055
2025-10-16 13:30:00,22.800,22.800,22.690,22.700,1386000
2025-10-16 14:00:00,22.700,22.760,22.670,22.720,1209400
2025-10-16 14:30:00,22.710,22.750,22.660,22.680,961300
2025-10-16 15:00:00,22.690,22.710,22.640,22.670,1793900
2025-10-17 10:00:00,22.650,22.820,22.480,22.520,3273903
2025-10-17 10:30:00,22.530,22.540,22.300,22.400,2868800
2025-10-17 11:00:00,22.400,22.410,22.320,22.390,1471000
2025-10-17 11:30:00,22.390,22.390,22.180,22.190,2154400
2025-10-17 13:30:00,22.200,22.200,22.090,22.130,1387100
2025-10-17 14:00:00,22.130,22.140,22.050,22.070,1134900
2025-10-17 14:30:00,22.070,22.120,21.890,21.900,2254900
2025-10-17 15:00:00,21.920,21.960,21.770,21.830,3902600
2025-10-20 10:00:00,21.860,22.120,21.860,21.970,3461600
2025-10-20 10:30:00,21.960,22.070,21.960,22.000,2857819
2025-10-20 11:00:00,22.010,22.030,21.900,21.920,1267500
2025-10-20 11:30:00,21.930,21.940,21.770,21.780,1517733
2025-10-20 13:30:00,21.780,21.820,21.700,21.730,1542575
2025-10-20 14:00:00,21.730,21.750,21.650,21.710,1632496
2025-10-20 14:30:00,21.700,21.710,21.550,21.590,2009800
2025-10-20 15:00:00,21.590,21.650,21.530,21.640,2054000
2025-10-21 10:00:00,21.760,22.100,21.750,21.990,5319523
2025-10-21 10:30:00,21.980,22.100,21.910,22.080,2569599
2025-10-21 11:00:00,22.080,22.120,21.980,22.060,1765200
2025-10-21 11:30:00,22.060,22.100,22.030,22.040,1297800
2025-10-21 13:30:00,22.040,22.340,21.950,22.220,4202500
2025-10-21 14:00:00,22.220,22.310,22.200,22.240,1914671
2025-10-21 14:30:00,22.240,22.350,22.220,22.240,2633745
2025-10-21 15:00:00,22.250,22.290,22.230,22.280,2387165
2025-10-22 10:00:00,22.110,22.190,21.820,21.910,4177800
2025-10-22 10:30:00,21.910,21.990,21.860,21.940,2385800
2025-10-22 11:00:00,21.940,21.950,21.850,21.850,1607287
2025-10-22 11:30:00,21.850,21.920,21.810,21.870,1062400
2025-10-22 13:30:00,21.880,21.900,21.840,21.870,871800
2025-10-22 14:00:00,21.870,21.900,21.780,21.790,1763600
2025-10-22 14:30:00,21.790,21.860,21.760,21.830,1469900
2025-10-22 15:00:00,21.840,21.860,21.770,21.790,1744399
2025-10-23 10:00:00,21.750,21.790,21.310,21.330,4352891
2025-10-23 10:30:00,21.330,21.380,21.260,21.360,2884900
2025-10-23 11:00:00,21.360,21.420,21.350,21.360,1079800
2025-10-23 11:30:00,21.360,21.420,21.330,21.350,836500
2025-10-23 13:30:00,21.350,21.390,21.310,21.330,962800
2025-10-23 14:00:00,21.320,21.330,21.280,21.300,1321900
2025-10-23 14:30:00,21.310,21.480,21.300,21.460,1600800
2025-10-23 15:00:00,21.450,21.580,21.440,21.570,2482112
2025-10-24 10:00:00,21.580,21.850,21.560,21.770,4961600
2025-10-24 10:30:00,21.760,21.820,21.690,21.710,1758500
2025-10-24 11:00:00,21.710,21.750,21.670,21.710,1159900
2025-10-24 11:30:00,21.700,21.730,21.680,21.680,806900
2025-10-24 13:30:00,21.680,21.740,21.680,21.720,990600
2025-10-24 14:00:00,21.720,21.730,21.650,21.720,953200
2025-10-24 14:30:00,21.720,21.720,21.680,21.710,1030200
2025-10-24 15:00:00,21.710,21.720,21.630,21.690,2717300
2025-10-27 10:00:00,21.860,22.280,21.860,22.220,7450418
2025-10-27 10:30:00,22.230,22.280,22.160,22.220,4132400
2025-10-27 11:00:00,22.230,22.410,22.190,22.220,3038869
2025-10-27 11:30:00,22.220,22.280,22.170,22.260,1204500
2025-10-27 13:30:00,22.270,22.330,22.120,22.190,1501100
2025-10-27 14:00:00,22.200,22.240,22.150,22.220,1478800
2025-10-27 14:30:00,22.220,22.340,22.200,22.280,2136200
2025-10-27 15:00:00,22.280,22.400,22.230,22.380,4309223
2025-10-28 10:00:00,22.200,22.280,22.020,22.140,4061000
2025-10-28 10:30:00,22.140,22.250,22.100,22.150,2110800
2025-10-28 11:00:00,22.150,22.170,22.120,22.160,972300
2025-10-28 11:30:00,22.150,22.220,22.150,22.200,1172561
2025-10-28 13:30:00,22.200,22.320,22.160,22.250,2991600
2025-10-28 14:00:00,22.240,22.250,22.050,22.110,2231700
2025-10-28 14:30:00,22.110,22.200,22.050,22.160,1826747
2025-10-28 15:00:00,22.170,22.200,22.110,22.150,1722768
2025-10-29 10:00:00,22.130,22.140,21.990,22.040,3242300
2025-10-29 10:30:00,22.050,22.120,22.020,22.100,1875500
2025-10-29 11:00:00,22.110,22.200,22.100,22.170,2691500
2025-10-29 11:30:00,22.170,22.190,22.140,22.150,1073500
2025-10-29 13:30:00,22.150,22.220,22.130,22.170,1798800
2025-10-29 14:00:00,22.170,22.230,22.160,22.180,1688200
2025-10-29 14:30:00,22.180,22.180,22.120,22.170,2013104
2025-10-29 15:00:00,22.170,22.180,22.120,22.150,3371537
2025-10-30 10:00:00,22.100,22.190,22.010,22.080,3695200
2025-10-30 10:30:00,22.080,22.090,21.970,22.020,2834300
2025-10-30 11:00:00,22.030,22.070,21.990,22.010,1479900
2025-10-30 11:30:00,22.000,22.040,22.000,22.030,1018862
2025-10-30 13:30:00,22.020,22.030,21.720,21.870,3915126
2025-10-30 14:00:00,21.870,22.030,21.850,22.020,1809065
2025-10-30 14:30:00,22.020,22.040,21.920,21.930,1384600
2025-10-30 15:00:00,21.930,21.970,21.870,21.900,2257258
2025-10-31 10:00:00,21.500,21.500,21.150,21.230,16820452
2025-10-31 10:30:00,21.230,21.240,21.100,21.130,11472092
2025-10-31 11:00:00,21.140,21.160,21.060,21.090,6017208
2025-10-31 11:30:00,21.090,21.100,21.030,21.060,3723469
2025-10-31 13:30:00,21.050,21.070,20.900,20.970,7486000
2025-10-31 14:00:00,20.960,21.010,20.870,20.880,5346600
2025-10-31 14:30:00,20.890,20.920,20.810,20.900,4796000
2025-10-31 15:00:00,20.910,20.910,20.840,20.900,5977061
2025-11-03 10:00:00,20.920,20.990,20.830,20.850,7654401
2025-11-03 10:30:00,20.850,20.860,20.680,20.700,4965321
2025-11-03 11:00:00,20.690,20.740,20.630,20.740,2859000
2025-11-03 11:30:00,20.740,20.800,20.700,20.760,1837000
2025-11-03 13:30:00,20.760,20.880,20.760,20.870,2296079
2025-11-03 14:00:00,20.880,21.000,20.860,20.950,3728790
2025-11-03 14:30:00,20.940,20.990,20.920,20.960,1969200
2025-11-03 15:00:00,20.960,21.030,20.950,21.030,3217099
2025-11-04 10:00:00,20.970,21.090,20.910,20.920,5266327
2025-11-04 10:30:00,20.920,20.950,20.880,20.910,2309259
2025-11-04 11:00:00,20.910,20.950,20.820,20.850,2301841
2025-11-04 11:30:00,20.850,20.890,20.820,20.850,1389200
2025-11-04 13:30:00,20.840,20.930,20.820,20.830,1742600
2025-11-04 14:00:00,20.830,20.850,20.760,20.780,2505100
2025-11-04 14:30:00,20.780,20.820,20.730,20.740,1702700
2025-11-04 15:00:00,20.740,20.860,20.730,20.830,2436000
2025-11-05 10:00:00,20.700,20.870,20.660,20.770,4107000
2025-11-05 10:30:00,20.770,20.790,20.700,20.760,2222051
2025-11-05 11:00:00,20.760,20.780,20.690,20.690,1968600
2025-11-05 11:30:00,20.690,20.810,20.690,20.800,1544900
2025-11-05 13:30:00,20.800,20.910,20.790,20.870,2626400
2025-11-05 14:00:00,20.880,20.980,20.850,20.900,2573800
2025-11-05 14:30:00,20.900,21.040,20.890,20.990,2959845
2025-11-05 15:00:00,20.980,20.990,20.930,20.930,2745059
2025-11-06 10:00:00,20.870,21.060,20.850,21.050,6022735
2025-11-06 10:30:00,21.050,21.140,21.010,21.130,5465615
2025-11-06 11:00:00,21.130,21.170,21.100,21.140,4084400
2025-11-06 11:30:00,21.140,21.170,21.120,21.150,2722600
2025-11-06 13:30:00,21.150,21.170,21.070,21.080,1926100
2025-11-06 14:00:00,21.080,21.100,21.030,21.050,1575000
2025-11-06 14:30:00,21.060,21.110,21.050,21.060,1207900
2025-11-06 15:00:00,21.060,21.080,21.040,21.080,2239410
2025-11-07 10:00:00,21.070,21.350,20.920,21.240,7982983
2025-11-07 10:30:00,21.240,21.300,21.170,21.180,3360382
2025-11-07 11:00:00,21.190,21.210,21.100,21.120,1838984
2025-11-07 11:30:00,21.120,21.200,21.030,21.060,1739816
2025-11-07 13:30:00,21.060,21.210,20.980,21.030,3884600
2025-11-07 14:00:00,21.030,21.050,20.930,20.960,2940300
2025-11-07 14:30:00,20.970,20.990,20.920,20.980,1624154
2025-11-07 15:00:00,20.980,20.990,20.940,20.950,2572200
2025-11-10 10:00:00,20.920,20.980,20.800,20.860,5577862
2025-11-10 10:30:00,20.860,20.880,20.810,20.860,2459784
2025-11-10 11:00:00,20.860,20.870,20.830,20.860,1322800
2025-11-10 11:30:00,20.860,20.880,20.820,20.870,1392000
2025-11-10 13:30:00,20.880,20.940,20.850,20.910,2402601
2025-11-10 14:00:00,20.910,20.940,20.900,20.930,1290700
2025-11-10 14:30:00,20.930,20.980,20.910,20.960,1263000
2025-11-10 15:00:00,20.960,20.970,20.920,20.930,2456000
2025-11-11 10:00:00,21.180,21.600,21.110,21.130,11054127
2025-11-11 10:30:00,21.130,21.200,21.070,21.110,2908900
2025-11-11 11:00:00,21.110,21.110,21.000,21.000,3014300
2025-11-11 11:30:00,21.010,21.110,20.990,21.090,2137700
2025-11-11 13:30:00,21.090,21.100,21.010,21.020,1244400
2025-11-11 14:00:00,21.020,21.050,20.990,20.990,1539684
2025-11-11 14:30:00,21.000,21.040,20.970,21.020,1612216
2025-11-11 15:00:00,21.020,21.040,20.970,21.000,2129119
2025-11-12 10:00:00,21.000,21.010,20.770,20.850,6102222
2025-11-12 10:30:00,20.850,20.900,20.810,20.890,2121200
2025-11-12 11:00:00,20.880,20.930,20.850,20.850,2294850
2025-11-12 11:30:00,20.850,20.860,20.800,20.820,2016100
2025-11-12 13:30:00,20.810,20.820,20.700,20.720,4243700
2025-11-12 14:00:00,20.720,20.740,20.700,20.710,2399300
2025-11-12 14:30:00,20.720,20.760,20.680,20.700,2638200
2025-11-12 15:00:00,20.700,20.780,20.690,20.720,2201125
2025-11-13 10:00:00,20.720,20.760,20.680,20.730,2989111
2025-11-13 10:30:00,20.730,20.750,20.690,20.710,2546400
2025-11-13 11:00:00,20.710,20.730,20.700,20.710,1776624
2025-11-13 11:30:00,20.710,20.750,20.700,20.730,1488302
2025-11-13 13:30:00,20.730,20.770,20.720,20.740,1590144
2025-11-13 14:00:00,20.750,20.770,20.720,20.730,1612100
2025-11-13 14:30:00,20.730,20.770,20.720,20.760,1016600
2025-11-13 15:00:00,20.760,20.790,20.750,20.780,2086300
2025-11-14 10:00:00,20.680,20.780,20.650,20.740,4034734
2025-11-14 10:30:00,20.730,20.750,20.700,20.740,2118000
2025-11-14 11:00:00,20.750,20.770,20.630,20.640,3620400
2025-11-14 11:30:00,20.630,20.670,20.590,20.610,3601900
2025-11-14 13:30:00,20.610,20.630,20.580,20.600,1863800
2025-11-14 14:00:00,20.590,20.610,20.590,20.610,1567000
2025-11-14 14:30:00,20.600,20.620,20.580,20.580,1702500
2025-11-14 15:00:00,20.590,20.600,20.520,20.520,4380709
2025-11-17 10:00:00,20.630,20.760,20.630,20.690,8382499
2025-11-17 10:30:00,20.700,20.710,20.620,20.630,2231000
2025-11-17 11:00:00,20.630,20.690,20.600,20.630,1688257
2025-11-17 11:30:00,20.620,20.670,20.610,20.630,953872
2025-11-17 13:30:00,20.620,20.640,20.580,20.580,1116600
2025-11-17 14:00:00,20.580,20.610,20.560,20.570,1191500
2025-11-17 14:30:00,20.570,20.580,20.540,20.540,1337500
2025-11-17 15:00:00,20.550,20.580,20.540,20.580,1645415
2025-11-18 10:00:00,20.540,20.540,20.270,20.290,8155311
2025-11-18 10:30:00,20.290,20.340,20.280,20.300,2092800
2025-11-18 11:00:00,20.300,20.310,20.270,20.270,1790500
2025-11-18 11:30:00,20.280,20.310,20.260,20.280,1099900
2025-11-18 13:30:00,20.290,20.300,20.260,20.290,1030800
2025-11-18 14:00:00,20.290,20.330,20.280,20.310,773800
2025-11-18 14:30:00,20.300,20.300,20.260,20.270,1012200
2025-11-18 15:00:00,20.280,20.510,20.270,20.390,3686032
2025-11-19 10:00:00,20.380,20.440,20.300,20.400,3422414
2025-11-19 10:30:00,20.400,20.400,20.270,20.280,2233600
2025-11-19 11:00:00,20.290,20.670,20.280,20.550,8064670
2025-11-19 11:30:00,20.540,20.690,20.530,20.590,4479000
2025-11-19 13:30:00,20.580,20.870,20.570,20.800,11499296
2025-11-19 14:00:00,20.800,20.870,20.790,20.830,4886300
2025-11-19 14:30:00,20.830,20.840,20.750,20.820,2447927
2025-11-19 15:00:00,20.830,20.830,20.770,20.820,3810833
2025-11-20 10:00:00,20.600,20.600,20.360,20.470,11045238
2025-11-20 10:30:00,20.460,20.470,20.380,20.390,3148800
2025-11-20 11:00:00,20.400,20.440,20.380,20.420,1356690
2025-11-20 11:30:00,20.420,20.470,20.400,20.460,1384300
2025-11-20 13:30:00,20.460,20.490,20.410,20.410,1578700
2025-11-20 14:00:00,20.410,20.440,20.380,20.400,1497636
2025-11-20 14:30:00,20.390,20.410,20.340,20.350,1946678
2025-11-20 15:00:00,20.350,20.390,20.320,20.340,3491266
2025-11-21 10:00:00,20.180,20.180,19.900,19.920,9248582
2025-11-21 10:30:00,19.910,20.090,19.880,20.020,3943033
2025-11-21 11:00:00,20.010,20.210,19.950,20.130,4898767
2025-11-21 11:30:00,20.120,20.530,20.100,20.340,6266078
2025-11-21 13:30:00,20.340,20.450,20.320,20.350,2114809
2025-11-21 14:00:00,20.360,20.390,20.320,20.340,1598600
2025-11-21 14:30:00,20.330,20.370,20.210,20.240,1439439
2025-11-21 15:00:00,20.240,20.300,20.070,20.080,2895084
2025-11-24 10:00:00,20.000,20.510,19.990,20.470,11208047
2025-11-24 10:30:00,20.470,20.670,20.450,20.570,6857553
2025-11-24 11:00:00,20.570,20.590,20.450,20.510,2291682
2025-11-24 11:30:00,20.520,20.530,20.430,20.510,1478600
2025-11-24 13:30:00,20.510,20.580,20.430,20.460,2045801
2025-11-24 14:00:00,20.460,20.480,20.370,20.460,2210100
2025-11-24 14:30:00,20.470,20.570,20.430,20.500,1974119
2025-11-24 15:00:00,20.500,20.650,20.470,20.620,5755782
2025-11-25 10:00:00,20.820,20.860,20.470,20.670,14547958
2025-11-25 10:30:00,20.680,20.900,20.670,20.820,6069205
2025-11-25 11:00:00,20.810,20.840,20.740,20.750,2852357
2025-11-25 11:30:00,20.750,20.800,20.720,20.790,1860141
2025-11-25 13:30:00,20.790,21.230,20.700,21.020,10745610
2025-11-25 14:00:00,21.020,21.140,20.940,20.960,3768898
2025-11-25 14:30:00,20.970,20.980,20.850,20.890,2410004
2025-11-25 15:00:00,20.890,20.950,20.860,20.920,2969464
2025-11-26 10:00:00,20.600,20.660,20.280,20.300,10718816
2025-11-26 10:30:00,20.310,20.310,20.210,20.250,4850186
2025-11-26 11:00:00,20.240,20.260,20.120,20.210,4145275
2025-11-26 11:30:00,20.210,20.240,20.170,20.230,1238000
2025-11-26 13:30:00,20.230,20.240,20.180,20.200,1168000
2025-11-26 14:00:00,20.210,20.280,20.200,20.240,1615530
2025-11-26 14:30:00,20.230,20.240,20.190,20.190,1935700
2025-11-26 15:00:00,20.190,20.200,20.090,20.170,3602000
2025-11-27 10:00:00,20.180,20.230,20.130,20.150,3339772
2025-11-27 10:30:00,20.150,20.240,20.120,20.180,2523056
2025-11-27 11:00:00,20.180,20.200,20.150,20.180,1257700
2025-11-27 11:30:00,20.180,20.190,20.130,20.160,1131400
2025-11-27 13:30:00,20.160,20.210,20.130,20.190,1138900
2025-11-27 14:00:00,20.180,20.190,20.150,20.180,985700
2025-11-27 14:30:00,20.180,20.180,20.150,20.170,818200
2025-11-27 15:00:00,20.160,20.170,20.130,20.140,2096800
2025-11-28 10:00:00,20.210,20.220,20.140,20.150,2762968
2025-11-28 10:30:00,20.150,20.220,20.150,20.180,1363600
2025-11-28 11:00:00,20.170,20.190,20.150,20.150,983000
2025-11-28 11:30:00,20.160,20.200,20.150,20.200,916000
2025-11-28 13:30:00,20.190,20.360,20.180,20.290,3183301
2025-11-28 14:00:00,20.280,20.300,20.250,20.270,899900
2025-11-28 14:30:00,20.270,20.320,20.260,20.290,1170400
2025-11-28 15:00:00,20.290,20.310,20.260,20.290,1565421
2025-12-01 10:00:00,20.270,20.320,20.150,20.190,4839617
2025-12-01 10:30:00,20.200,20.200,20.150,20.160,2408300
2025-12-01 11:00:00,20.160,20.240,20.150,20.230,1854116
2025-12-01 11:30:00,20.230,20.240,20.150,20.180,1552800
2025-12-01 13:30:00,20.180,20.200,20.150,20.160,1501400
2025-12-01 14:00:00,20.160,20.170,20.130,20.150,1526700
2025-12-01 14:30:00,20.150,20.180,20.140,20.140,1313180
2025-12-01 15:00:00,20.150,20.180,20.140,20.170,1776400
2025-12-02 10:00:00,20.130,20.210,20.010,20.200,4540319
2025-12-02 10:30:00,20.200,20.290,20.160,20.260,2961291
2025-12-02 11:00:00,20.250,20.310,20.230,20.230,1998841
2025-12-02 11:30:00,20.230,20.240,20.180,20.190,923300
2025-12-02 13:30:00,20.190,20.200,20.130,20.130,1304300
2025-12-02 14:00:00,20.140,20.190,20.130,20.150,909204
2025-12-02 14:30:00,20.160,20.170,20.120,20.130,962100
2025-12-02 15:00:00,20.140,20.150,20.090,20.100,2239000
2025-12-03 10:00:00,20.100,20.120,19.900,19.920,6689958
2025-12-03 10:30:00,19.930,20.000,19.910,19.980,1978985
2025-12-03 11:00:00,19.980,19.980,19.920,19.950,1538300
2025-12-03 11:30:00,19.960,19.980,19.920,19.970,1735700
2025-12-03 13:30:00,19.970,19.980,19.890,19.940,2688751
2025-12-03 14:00:00,19.940,19.940,19.870,19.880,2347465
2025-12-03 14:30:00,19.880,19.890,19.760,19.820,3748500
2025-12-03 15:00:00,19.820,19.860,19.780,19.790,2293300
2025-12-04 10:00:00,19.780,19.830,19.620,19.630,4610497
2025-12-04 10:30:00,19.630,19.640,19.510,19.570,3693400
2025-12-04 11:00:00,19.570,19.680,19.550,19.650,1589658
2025-12-04 11:30:00,19.650,19.670,19.590,19.620,722200
2025-12-04 13:30:00,19.620,19.630,19.560,19.600,853000
2025-12-04 14:00:00,19.600,19.600,19.540,19.560,1033600
2025-12-04 14:30:00,19.560,19.590,19.530,19.550,1234700
2025-12-04 15:00:00,19.550,19.570,19.410,19.470,3771139
2025-12-05 10:00:00,19.490,19.540,19.440,19.530,3925029
2025-12-05 10:30:00,19.530,19.560,19.480,19.540,2036100
2025-12-05 11:00:00,19.540,19.550,19.520,19.530,888957
2025-12-05 11:30:00,19.530,19.560,19.520,19.540,706300
2025-12-05 13:30:00,19.540,19.560,19.520,19.540,1033100
2025-12-05 14:00:00,19.540,19.620,19.510,19.610,2686100
2025-12-05 14:30:00,19.620,19.650,19.610,19.640,1859300
2025-12-05 15:00:00,19.640,19.650,19.620,19.630,1833400
2025-12-08 10:00:00,19.650,20.000,19.650,19.950,8425462
2025-12-08 10:30:00,19.950,20.010,19.920,20.010,4233100
2025-12-08 11:00:00,20.000,20.090,19.990,20.040,3205700
2025-12-08 11:30:00,20.050,20.050,19.950,19.960,1725158
2025-12-08 13:30:00,19.960,19.990,19.950,19.980,1065421
2025-12-08 14:00:00,19.980,19.990,19.870,19.870,1846271
2025-12-08 14:30:00,19.870,19.890,19.820,19.850,1756421
2025-12-08 15:00:00,19.850,19.850,19.790,19.800,2175986
2025-12-09 10:00:00,20.000,20.810,20.000,20.570,30007569
2025-12-09 10:30:00,20.570,20.610,20.430,20.470,5341411
2025-12-09 11:00:00,20.460,20.590,20.440,20.560,2662908
2025-12-09 11:30:00,20.570,20.640,20.480,20.490,2839300
2025-12-09 13:30:00,20.500,20.520,20.400,20.430,1879100
2025-12-09 14:00:00,20.430,20.450,20.330,20.360,1902201
2025-12-09 14:30:00,20.360,20.440,20.350,20.390,2623225
2025-12-09 15:00:00,20.390,20.400,20.320,20.390,3076200
2025-12-10 10:00:00,20.230,20.390,20.120,20.230,5939561
2025-12-10 10:30:00,20.230,20.270,20.180,20.210,2391499
2025-12-10 11:00:00,20.210,20.290,20.170,20.210,1505001
2025-12-10 11:30:00,20.220,20.260,20.190,20.240,1047500
2025-12-10 13:30:00,20.240,20.280,20.200,20.280,1276000
2025-12-10 14:00:00,20.280,20.400,20.270,20.280,2123600
2025-12-10 14:30:00,20.280,20.440,20.270,20.430,2425700
2025-12-10 15:00:00,20.430,20.440,20.380,20.390,1988808
2025-12-11 10:00:00,20.410,20.530,20.310,20.330,3492451
2025-12-11 10:30:00,20.330,20.390,20.320,20.380,1089700
2025-12-11 11:00:00,20.370,20.390,20.280,20.280,1056199
2025-12-11 11:30:00,20.290,20.340,20.280,20.290,1007700
2025-12-11 13:30:00,20.290,20.290,20.170,20.200,1764324
2025-12-11 14:00:00,20.210,20.220,20.160,20.170,1194772
2025-12-11 14:30:00,20.190,20.250,20.170,20.180,846000
2025-12-11 15:00:00,20.170,20.220,20.100,20.150,2376126
2025-12-12 10:00:00,20.180,20.280,20.130,20.260,3018899
2025-12-12 10:30:00,20.260,20.550,20.250,20.440,4599400
2025-12-12 11:00:00,20.450,20.720,20.420,20.600,6002216
2025-12-12 11:30:00,20.600,20.620,20.480,20.510,1511800
2025-12-12 13:30:00,20.510,20.590,20.500,20.580,1550400
2025-12-12 14:00:00,20.580,20.590,20.510,20.560,1568500
2025-12-12 14:30:00,20.550,20.560,20.530,20.550,1419700
2025-12-12 15:00:00,20.550,20.560,20.490,20.520,3031172
2025-12-15 10:00:00,20.560,20.610,20.420,20.460,4368099
2025-12-15 10:30:00,20.450,20.490,20.400,20.450,1914931
2025-12-15 11:00:00,20.440,20.530,20.440,20.490,1291100
2025-12-15 11:30:00,20.490,20.500,20.410,20.440,1070000
2025-12-15 13:30:00,20.440,20.470,20.340,20.350,1759269
2025-12-15 14:00:00,20.360,20.380,20.320,20.350,990500
2025-12-15 14:30:00,20.350,20.370,20.280,20.300,1616531
2025-12-15 15:00:00,20.290,20.310,20.220,20.240,2919733
2025-12-16 10:00:00,20.140,20.180,19.730,19.760,7297100
2025-12-16 10:30:00,19.760,19.770,19.700,19.750,2551131
2025-12-16 11:00:00,19.760,19.760,19.550,19.590,4286963
2025-12-16 11:30:00,19.590,19.660,19.570,19.590,1534480
2025-12-16 13:30:00,19.590,19.640,19.520,19.540,2566700
2025-12-16 14:00:00,19.540,19.650,19.510,19.620,1773300
2025-12-16 14:30:00,19.610,19.650,19.570,19.620,1360900
2025-12-16 15:00:00,19.620,19.670,19.600,19.620,2812710
2025-12-17 10:00:00,19.560,19.670,19.510,19.560,2688648
2025-12-17 10:30:00,19.560,19.620,19.510,19.600,1405652
2025-12-17 11:00:00,19.590,19.630,19.510,19.600,1329824
2025-12-17 11:30:00,19.610,19.610,19.510,19.540,1393500
2025-12-17 13:30:00,19.540,19.560,19.450,19.470,2307600
2025-12-17 14:00:00,19.480,19.730,19.460,19.730,3230300
2025-12-17 14:30:00,19.730,19.880,19.720,19.860,4797900
2025-12-17 15:00:00,19.870,20.090,19.860,20.090,5626353
2025-12-18 10:00:00,19.930,20.050,19.830,19.990,3540834
2025-12-18 10:30:00,19.990,20.080,19.920,20.000,1511800
2025-12-18 11:00:00,20.000,20.100,20.000,20.050,1293700
2025-12-18 11:30:00,20.040,20.050,19.990,20.010,695200
2025-12-18 13:30:00,20.010,20.260,19.990,20.200,2016848
2025-12-18 14:00:00,20.200,20.210,20.070,20.120,1084200
2025-12-18 14:30:00,20.130,20.140,20.060,20.090,1059200
2025-12-18 15:00:00,20.080,20.110,20.060,20.080,1449400
2025-12-19 10:00:00,20.050,20.400,20.040,20.290,4767500
2025-12-19 10:30:00,20.280,20.350,20.240,20.300,1504200
2025-12-19 11:00:00,20.300,20.310,20.210,20.260,1541400
2025-12-19 11:30:00,20.250,20.360,20.250,20.300,1009000
2025-12-19 13:30:00,20.310,20.350,20.300,20.320,1106300
2025-12-19 14:00:00,20.320,20.340,20.250,20.250,1159500
2025-12-19 14:30:00,20.250,20.300,20.230,20.290,1138538
2025-12-19 15:00:00,20.300,20.300,20.270,20.300,1638265
2025-12-22 10:00:00,20.500,20.500,20.350,20.400,4013700
2025-12-22 10:30:00,20.390,20.470,20.360,20.460,1780500
2025-12-22 11:00:00,20.460,20.480,20.400,20.450,1534000
2025-12-22 11:30:00,20.450,20.530,20.440,20.450,1648600
2025-12-22 13:30:00,20.450,20.470,20.300,20.400,1628500
2025-12-22 14:00:00,20.410,20.500,20.400,20.450,1070700
2025-12-22 14:30:00,20.450,20.460,20.400,20.400,905400
2025-12-22 15:00:00,20.400,20.430,20.330,20.400,2083123
2025-12-23 10:00:00,20.410,20.500,20.310,20.370,2424200
2025-12-23 10:30:00,20.360,20.390,20.300,20.370,1402600
2025-12-23 11:00:00,20.370,20.400,20.290,20.380,1458800
2025-12-23 11:30:00,20.390,20.400,20.360,20.360,1015300
2025-12-23 13:30:00,20.360,20.390,20.310,20.360,1043900
2025-12-23 14:00:00,20.370,20.380,20.330,20.350,760000
2025-12-23 14:30:00,20.350,20.350,20.290,20.300,984400
2025-12-23 15:00:00,20.320,20.330,20.250,20.330,1602900
2025-12-24 10:00:00,20.300,20.330,20.210,20.310,2305303
2025-12-24 10:30:00,20.300,20.450,20.280,20.380,1876261
2025-12-24 11:00:00,20.380,20.570,20.350,20.510,2523400
2025-12-24 11:30:00,20.520,20.660,20.500,20.650,2609801
2025-12-24 13:30:00,20.650,20.670,20.600,20.620,1858633
2025-12-24 14:00:00,20.630,20.650,20.500,20.580,2545523
2025-12-24 14:30:00,20.570,20.660,20.560,20.630,2417600
2025-12-24 15:00:00,20.630,20.690,20.620,20.680,3613100
2025-12-25 10:00:00,20.600,20.710,20.550,20.680,3357600
2025-12-25 10:30:00,20.680,20.850,20.670,20.770,3781049
2025-12-25 11:00:00,20.770,20.850,20.760,20.830,1959530
2025-12-25 11:30:00,20.830,20.840,20.790,20.800,1072100
2025-12-25 13:30:00,20.800,20.900,20.780,20.880,2618800
2025-12-25 14:00:00,20.880,20.890,20.820,20.870,1910700
2025-12-25 14:30:00,20.880,20.890,20.840,20.850,2402500
2025-12-25 15:00:00,20.850,20.980,20.830,20.930,6393181
2025-12-26 10:00:00,20.890,20.950,20.770,20.830,5043825
2025-12-26 10:30:00,20.820,20.950,20.800,20.950,2079919
2025-12-26 11:00:00,20.950,20.970,20.890,20.910,1914694
2025-12-26 11:30:00,20.910,20.980,20.660,20.800,4015504
2025-12-26 13:30:00,20.790,20.820,20.730,20.770,1501801
2025-12-26 14:00:00,20.780,20.810,20.750,20.810,2137900
2025-12-26 14:30:00,20.810,20.860,20.780,20.830,2168300
2025-12-26 15:00:00,20.830,20.980,20.800,20.930,3588300
2025-12-29 10:00:00,20.930,21.250,20.910,21.150,7057737
2025-12-29 10:30:00,21.140,21.310,21.100,21.170,4984000
2025-12-29 11:00:00,21.180,21.180,21.080,21.080,1774744
2025-12-29 11:30:00,21.090,21.110,21.000,21.020,1904600
2025-12-29 13:30:00,21.020,21.090,20.970,21.000,1900000
2025-12-29 14:00:00,21.000,21.010,20.950,20.990,1392206
2025-12-29 14:30:00,20.980,21.070,20.960,20.970,1929994
2025-12-29 15:00:00,20.960,21.000,20.920,20.990,1992400
2025-12-30 10:00:00,21.000,21.110,20.900,21.020,3690498
2025-12-30 10:30:00,21.010,21.060,20.910,21.010,2287610
2025-12-30 11:00:00,21.030,21.050,20.940,20.960,1449500
2025-12-30 11:30:00,20.970,21.000,20.800,20.820,2971883
2025-12-30 13:30:00,20.820,20.860,20.660,20.840,4192613
2025-12-30 14:00:00,20.840,20.910,20.780,20.780,1495400
2025-12-30 14:30:00,20.800,20.870,20.770,20.850,1637175
2025-12-30 15:00:00,20.850,20.870,20.800,20.800,1980056
2025-12-31 10:00:00,20.880,20.920,20.690,20.710,4179258
2025-12-31 10:30:00,20.710,20.800,20.690,20.770,1597938
2025-12-31 11:00:00,20.770,20.870,20.750,20.770,1614224
2025-12-31 11:30:00,20.780,20.870,20.720,20.810,1643736
2025-12-31 13:30:00,20.800,20.830,20.750,20.800,1684400
2025-12-31 14:00:00,20.790,20.820,20.740,20.740,1247200
2025-12-31 14:30:00,20.740,20.770,20.700,20.700,1925800
2025-12-31 15:00:00,20.710,20.740,20.660,20.700,2603469
2026-01-05 10:00:00,20.850,21.100,20.850,21.010,6473600
2026-01-05 10:30:00,21.010,21.250,20.990,21.170,5474618
2026-01-05 11:00:00,21.160,21.350,21.130,21.350,5729256
2026-01-05 11:30:00,21.350,21.880,21.340,21.870,11712515
2026-01-05 13:30:00,21.860,22.150,21.760,21.880,11816946
2026-01-05 14:00:00,21.910,21.910,21.790,21.850,3007550
2026-01-05 14:30:00,21.850,21.870,21.790,21.820,2655400
2026-01-05 15:00:00,21.820,21.860,21.770,21.810,3942700
2026-01-06 10:00:00,21.780,22.100,21.680,21.940,9828469
2026-01-06 10:30:00,21.940,22.000,21.910,21.950,3436817
2026-01-06 11:00:00,21.960,22.040,21.930,22.040,3666800
2026-01-06 11:30:00,22.040,22.120,22.000,22.120,3182616
2026-01-06 13:30:00,22.110,22.420,22.080,22.340,7700528
2026-01-06 14:00:00,22.330,22.770,22.200,22.760,11275314
2026-01-06 14:30:00,22.750,23.680,22.690,23.280,24573859
2026-01-06 15:00:00,23.270,23.440,23.240,23.270,11561114
2026-01-07 10:00:00,23.110,23.220,22.850,22.950,10990472
2026-01-07 10:30:00,22.950,23.230,22.800,22.880,6592851
2026-01-07 11:00:00,22.880,22.950,22.810,22.860,3254500
2026-01-07 11:30:00,22.860,22.980,22.860,22.930,3113261
2026-01-07 13:30:00,22.940,22.960,22.710,22.740,3996546
2026-01-07 14:00:00,22.730,22.770,22.600,22.700,4380401
2026-01-07 14:30:00,22.690,22.750,22.660,22.690,3023655
2026-01-07 15:00:00,22.690,22.770,22.590,22.730,5071000
2026-01-08 10:00:00,22.630,22.980,22.580,22.910,7239668
2026-01-08 10:30:00,22.910,23.280,22.890,23.140,7542142
2026-01-08 11:00:00,23.150,23.800,23.080,23.510,11455142
2026-01-08 11:30:00,23.510,23.630,23.260,23.620,4519129
2026-01-08 13:30:00,23.620,23.760,23.500,23.650,7045959
2026-01-08 14:00:00,23.630,23.870,23.620,23.780,9404449
2026-01-08 14:30:00,23.780,23.800,23.390,23.580,6128684
2026-01-08 15:00:00,23.580,23.600,23.490,23.580,6076487
2026-01-09 10:00:00,23.630,23.850,23.330,23.760,14958640
2026-01-09 10:30:00,23.760,23.800,23.520,23.590,4948300
2026-01-09 11:00:00,23.590,23.790,23.580,23.610,4079403
2026-01-09 11:30:00,23.610,23.620,23.350,23.430,4957644
2026-01-09 13:30:00,23.400,23.540,23.330,23.490,3112922
2026-01-09 14:00:00,23.480,23.550,23.410,23.470,2082700
2026-01-09 14:30:00,23.480,23.510,23.400,23.480,2333948
2026-01-09 15:00:00,23.480,23.550,23.440,23.530,3870719
2026-01-12 10:00:00,23.480,23.740,23.350,23.540,9853968
2026-01-12 10:30:00,23.540,23.620,23.430,23.610,5243745
2026-01-12 11:00:00,23.610,23.660,23.550,23.640,3939800
2026-01-12 11:30:00,23.640,23.660,23.540,23.580,4108937
2026-01-12 13:30:00,23.580,23.600,23.430,23.530,3334544
2026-01-12 14:00:00,23.540,23.650,23.510,23.570,3284474
2026-01-12 14:30:00,23.580,23.600,23.530,23.550,3070800
2026-01-12 15:00:00,23.550,23.570,23.480,23.550,4627798
2026-01-13 10:00:00,23.490,24.170,23.010,23.730,17795858
2026-01-13 10:30:00,23.730,23.900,23.570,23.620,5722728
2026-01-13 11:00:00,23.630,23.750,23.530,23.730,3350901
2026-01-13 11:30:00,23.730,23.890,23.660,23.740,2621200
2026-01-13 13:30:00,23.720,23.840,23.610,23.720,2564200
2026-01-13 14:00:00,23.710,24.600,23.650,24.570,12974869
2026-01-13 14:30:00,24.560,24.700,24.300,24.420,8466362
2026-01-13 15:00:00,24.430,24.460,24.130,24.240,6899549
2026-01-14 10:00:00,24.150,25.150,24.100,25.110,17178264
2026-01-14 10:30:00,25.100,25.130,24.940,25.050,7111301
2026-01-14 11:00:00,25.060,25.750,24.930,25.430,11371053
2026-01-14 11:30:00,25.430,25.500,25.250,25.300,5075690
2026-01-14 13:30:00,25.290,25.300,24.350,24.760,12359911
2026-01-14 14:00:00,24.760,24.980,24.430,24.510,6812267
2026-01-14 14:30:00,24.500,25.080,24.410,25.010,7745398
2026-01-14 15:00:00,25.020,25.100,24.760,24.920,7004960
2026-01-15 10:00:00,24.790,25.200,24.730,25.180,9828019
2026-01-15 10:30:00,25.170,25.350,24.920,25.030,7124065
2026-01-15 11:00:00,25.030,26.000,25.000,25.550,13740721
2026-01-15 11:30:00,25.550,25.570,25.150,25.210,4764600
2026-01-15 13:30:00,25.210,25.250,24.930,25.140,4279900
2026-01-15 14:00:00,25.130,25.200,24.970,25.030,2909300
2026-01-15 14:30:00,25.020,25.040,24.910,24.990,3522360
2026-01-15 15:00:00,24.990,25.270,24.980,25.160,5335749
2026-01-16 10:00:00,25.160,25.440,24.880,25.080,10703147
2026-01-16 10:30:00,25.100,25.190,24.950,24.980,4207520
2026-01-16 11:00:00,24.980,25.040,24.900,24.930,2939405
2026-01-16 11:30:00,24.940,25.020,24.770,24.850,3519515
2026-01-16 13:30:00,24.840,24.960,24.730,24.900,2891575
2026-01-16 14:00:00,24.900,24.930,24.620,24.640,3281200
2026-01-16 14:30:00,24.640,24.750,24.560,24.730,5103414
2026-01-16 15:00:00,24.720,24.730,24.560,24.630,4176960
2026-01-19 10:00:00,24.500,24.940,24.480,24.880,7746361
2026-01-19 10:30:00,24.880,25.130,24.740,24.800,5566749
2026-01-19 11:00:00,24.810,24.940,24.760,24.930,2439194
2026-01-19 11:30:00,24.930,24.940,24.730,24.810,1718300
2026-01-19 13:30:00,24.810,25.190,24.780,25.060,3471270
2026-01-19 14:00:00,25.060,25.080,24.840,24.910,2904547
2026-01-19 14:30:00,24.910,25.020,24.880,24.940,2291671
2026-01-19 15:00:00,24.950,24.950,24.810,24.840,3029900
2026-01-20 10:00:00,24.850,25.340,24.740,24.960,8497601
2026-01-20 10:30:00,24.960,25.030,24.710,24.860,3768636
2026-01-20 11:00:00,24.860,25.110,24.780,25.040,2849803
2026-01-20 11:30:00,25.040,25.470,24.970,25.200,4715100
2026-01-20 13:30:00,25.190,25.210,25.040,25.140,1845828
2026-01-20 14:00:00,25.100,25.160,25.010,25.120,1712000
2026-01-20 14:30:00,25.120,25.500,25.100,25.270,7959900
2026-01-20 15:00:00,25.270,25.370,25.250,25.370,3885335
2026-01-21 10:00:00,25.160,25.680,25.060,25.430,8912998
2026-01-21 10:30:00,25.430,25.540,25.310,25.330,2916252
2026-01-21 11:00:00,25.340,25.340,25.080,25.130,4000338
2026-01-21 11:30:00,25.130,25.150,25.000,25.010,2702500
2026-01-21 13:30:00,25.010,25.900,24.970,25.850,8290591
2026-01-21 14:00:00,25.850,25.940,25.500,25.600,4946057
2026-01-21 14:30:00,25.590,25.680,25.300,25.370,4549339
2026-01-21 15:00:00,25.380,25.450,25.250,25.330,4235633
2026-01-22 10:00:00,25.460,26.500,25.400,26.380,17499627
2026-01-22 10:30:00,26.380,26.490,26.050,26.270,6513100
2026-01-22 11:00:00,26.270,26.300,26.150,26.180,2326200
2026-01-22 11:30:00,26.170,26.490,26.100,26.330,5676800
2026-01-22 13:30:00,26.330,27.250,26.290,26.760,12376926
2026-01-22 14:00:00,26.760,27.550,26.700,27.490,9795565
2026-01-22 14:30:00,27.490,27.770,27.110,27.410,7152171
2026-01-22 15:00:00,27.400,27.530,27.150,27.180,7384100
2026-01-23 10:00:00,27.000,28.790,26.950,27.530,24539099
2026-01-23 10:30:00,27.540,27.730,27.230,27.290,7139800
2026-01-23 11:00:00,27.290,27.460,27.230,27.240,3405946
2026-01-23 11:30:00,27.240,27.580,27.090,27.170,5463600
2026-01-23 13:30:00,27.160,27.160,26.580,26.700,8871854
2026-01-23 14:00:00,26.650,26.900,26.600,26.660,5984376
2026-01-23 14:30:00,26.660,26.760,26.550,26.600,5764043
2026-01-23 15:00:00,26.610,26.700,26.300,26.600,10262618
2026-01-26 10:00:00,26.650,27.800,26.650,26.810,19820914
2026-01-26 10:30:00,26.830,27.100,26.760,26.780,5170500
2026-01-26 11:00:00,26.780,26.900,26.600,26.610,3895987
2026-01-26 11:30:00,26.610,26.750,26.600,26.690,2297400
2026-01-26 13:30:00,26.690,26.690,26.360,26.560,4363824
2026-01-26 14:00:00,26.570,26.920,26.370,26.840,4657700
2026-01-26 14:30:00,26.820,27.070,26.720,26.990,5848412
2026-01-26 15:00:00,26.990,27.040,26.860,26.950,5171962
2026-01-27 10:00:00,26.710,26.980,26.500,26.520,8513448
2026-01-27 10:30:00,26.520,26.720,26.390,26.460,5193156
2026-01-27 11:00:00,26.460,26.870,26.450,26.660,2277700
2026-01-27 11:30:00,26.650,26.770,26.510,26.640,1904797
2026-01-27 13:30:00,26.640,26.770,26.450,26.640,2889000
2026-01-27 14:00:00,26.640,26.890,26.570,26.810,3401000
2026-01-27 14:30:00,26.810,26.830,26.630,26.800,4107901
2026-01-27 15:00:00,26.800,26.810,26.580,26.750,5839688
2026-01-28 10:00:00,26.920,27.980,26.690,27.840,21038599
2026-01-28 10:30:00,27.850,28.090,27.700,27.720,12013929
2026-01-28 11:00:00,27.720,27.990,27.550,27.590,3504506
2026-01-28 11:30:00,27.620,27.950,27.570,27.830,2954216
2026-01-28 13:30:00,27.820,27.850,27.300,27.400,4020355
2026-01-28 14:00:00,27.410,27.700,27.400,27.550,2360399
2026-01-28 14:30:00,27.550,27.750,27.470,27.730,2374011
2026-01-28 15:00:00,27.730,27.730,27.420,27.500,5044435
2026-01-29 10:00:00,27.500,27.700,26.640,26.780,11683544
2026-01-29 10:30:00,26.800,26.840,26.400,26.470,7508125
2026-01-29 11:00:00,26.480,26.760,26.470,26.540,3110600
2026-01-29 11:30:00,26.550,26.560,26.290,26.420,4753361
2026-01-29 13:30:00,26.430,26.470,26.270,26.280,3828200
2026-01-29 14:00:00,26.280,26.440,26.110,26.240,4103096
2026-01-29 14:30:00,26.240,26.540,26.220,26.430,3749700
2026-01-29 15:00:00,26.440,26.460,26.250,26.310,4456582
2026-01-30 10:00:00,26.160,26.580,26.010,26.070,7776101
2026-01-30 10:30:00,26.080,26.110,25.490,25.510,9057435
2026-01-30 11:00:00,25.510,26.330,25.320,26.220,9168985
2026-01-30 11:30:00,26.220,26.300,25.950,26.020,2558200
2026-01-30 13:30:00,26.020,26.620,26.010,26.310,3670100
2026-01-30 14:00:00,26.320,26.450,26.180,26.230,2454907
2026-01-30 14:30:00,26.240,26.290,26.100,26.160,2552228
2026-01-30 15:00:00,26.160,26.210,26.050,26.080,3495505
2026-02-02 10:00:00,25.960,26.320,25.610,25.800,8364660
2026-02-02 10:30:00,25.800,26.050,25.790,25.950,4051300
2026-02-02 11:00:00,25.920,25.960,25.660,25.660,2626600
2026-02-02 11:30:00,25.690,25.940,25.650,25.850,4317600
2026-02-02 13:30:00,25.860,26.080,25.810,25.860,2588500
2026-02-02 14:00:00,25.850,25.900,25.650,25.830,2461200
2026-02-02 14:30:00,25.840,26.000,25.780,25.800,2096971
2026-02-02 15:00:00,25.820,25.880,25.610,25.610,4215000
2026-02-03 10:00:00,26.120,26.900,25.990,26.760,11618548
2026-02-03 10:30:00,26.770,27.250,26.740,26.960,8824837
2026-02-03 11:00:00,26.950,27.100,26.760,27.020,3988896
2026-02-03 11:30:00,27.010,27.220,26.940,27.180,3550437
2026-02-03 13:30:00,27.170,27.530,27.160,27.260,5682528
2026-02-03 14:00:00,27.270,27.500,27.220,27.470,3324600
2026-02-03 14:30:00,27.460,27.490,27.230,27.250,2750300
2026-02-03 15:00:00,27.240,27.440,27.240,27.420,4353618
2026-02-04 10:00:00,27.290,27.970,27.260,27.860,10652640
2026-02-04 10:30:00,27.830,28.030,27.580,27.670,6252100
2026-02-04 11:00:00,27.660,27.790,27.490,27.560,2663203
2026-02-04 11:30:00,27.560,27.650,27.420,27.470,1836900
2026-02-04 13:30:00,27.480,27.750,27.320,27.720,3530760
2026-02-04 14:00:00,27.690,27.790,27.470,27.680,2786500
2026-02-04 14:30:00,27.670,27.760,27.500,27.550,3113230
2026-02-04 15:00:00,27.550,27.810,27.530,27.770,3572444
2026-02-05 10:00:00,27.520,27.750,27.220,27.280,6506043
2026-02-05 10:30:00,27.270,27.540,27.110,27.170,3989900
2026-02-05 11:00:00,27.160,27.650,27.160,27.560,3387800
2026-02-05 11:30:00,27.550,27.690,27.470,27.480,2017660
2026-02-05 13:30:00,27.480,27.600,27.310,27.600,2401800
2026-02-05 14:00:00,27.600,27.690,27.500,27.570,2301207
2026-02-05 14:30:00,27.570,27.770,27.520,27.580,2251828
2026-02-05 15:00:00,27.590,27.620,27.460,27.460,2707100
2026-02-06 10:00:00,27.290,27.290,26.820,26.880,5412000
2026-02-06 10:30:00,26.870,27.000,26.700,26.890,3097486
2026-02-06 11:00:00,26.890,27.000,26.600,26.720,3469070
2026-02-06 11:30:00,26.720,26.850,26.470,26.560,3348056
2026-02-06 13:30:00,26.550,26.690,26.520,26.660,2515100
2026-02-06 14:00:00,26.660,26.730,26.550,26.630,2077944
2026-02-06 14:30:00,26.630,26.700,26.400,26.420,3652748
2026-02-06 15:00:00,26.410,26.480,26.350,26.420,4711065
2026-02-09 10:00:00,26.730,26.920,26.500,26.840,6753100
2026-02-09 10:30:00,26.850,27.050,26.760,27.020,3692096
2026-02-09 11:00:00,27.020,27.200,26.960,26.960,2501272
2026-02-09 11:30:00,26.970,27.200,26.910,27.190,2098800
2026-02-09 13:30:00,27.170,27.200,26.930,27.000,1626200
2026-02-09 14:00:00,27.010,27.170,26.980,27.050,1085110
2026-02-09 14:30:00,27.050,27.150,27.020,27.110,1238000
2026-02-09 15:00:00,27.110,27.220,27.070,27.140,2350600
2026-02-10 10:00:00,27.210,27.900,26.940,27.550,8570912
2026-02-10 10:30:00,27.550,28.340,27.530,28.250,7468365
2026-02-10 11:00:00,28.260,28.960,28.200,28.370,8965264
2026-02-10 11:30:00,28.380,28.580,28.340,28.410,1868300
2026-02-10 13:30:00,28.410,28.990,28.300,28.890,6299610
2026-02-10 14:00:00,28.840,29.850,28.760,29.850,16444660
2026-02-10 14:30:00,29.850,29.850,29.850,29.850,1253720
2026-02-10 15:00:00,29.850,29.850,29.850,29.850,982501
2026-02-11 10:00:00,30.000,32.800,29.920,32.390,48658319
2026-02-11 10:30:00,32.430,32.770,31.970,32.530,12652282
2026-02-11 11:00:00,32.520,32.710,32.090,32.200,8142630
2026-02-11 11:30:00,32.210,32.250,31.770,31.970,8903322
2026-02-11 13:30:00,31.960,31.980,31.050,31.250,12594873
2026-02-11 14:00:00,31.250,31.350,30.900,31.050,11276154
2026-02-11 14:30:00,31.050,31.280,30.870,30.950,7411300
2026-02-11 15:00:00,30.940,31.010,30.750,30.880,10481433
2026-02-12 10:00:00,30.830,31.580,30.550,31.380,20971893
2026-02-12 10:30:00,31.340,31.600,31.180,31.320,6796441
2026-02-12 11:00:00,31.320,32.000,31.270,31.840,7539200
2026-02-12 11:30:00,31.840,32.500,31.820,31.940,9783426
2026-02-12 13:30:00,31.940,32.050,31.630,31.730,5758363
2026-02-12 14:00:00,31.730,32.060,31.520,32.010,5685200
2026-02-12 14:30:00,32.010,32.050,31.780,31.880,4122400
2026-02-12 15:00:00,31.880,31.950,31.700,31.810,7906140
2026-02-13 10:00:00,31.600,31.770,30.790,31.110,14461259
2026-02-13 10:30:00,31.110,31.760,31.040,31.580,6380871
2026-02-13 11:00:00,31.580,31.690,31.400,31.570,4365530
2026-02-13 11:30:00,31.570,31.750,31.530,31.670,3324600
2026-02-13 13:30:00,31.660,31.700,31.320,31.340,3867700
2026-02-13 14:00:00,31.340,31.470,31.330,31.420,2856282
2026-02-13 14:30:00,31.420,31.450,31.200,31.400,4404701
2026-02-13 15:00:00,31.400,31.480,31.200,31.260,4612800
2026-02-24 10:00:00,31.500,32.740,31.430,32.380,17831911
2026-02-24 10:30:00,32.400,33.220,32.240,32.820,12270666
2026-02-24 11:00:00,32.820,33.020,32.580,32.980,4336101
2026-02-24 11:30:00,32.970,33.150,32.700,32.800,4132600
2026-02-24 13:30:00,32.810,33.330,32.810,33.190,5329830
2026-02-24 14:00:00,33.180,33.480,33.140,33.350,6290539
2026-02-24 14:30:00,33.350,33.450,33.080,33.180,5965675
2026-02-24 15:00:00,33.170,33.350,33.120,33.190,6337418
2026-02-25 10:00:00,32.900,34.640,32.890,34.220,20979495
2026-02-25 10:30:00,34.220,34.600,33.790,34.150,8754269
2026-02-25 11:00:00,34.170,34.450,34.110,34.140,4107250
2026-02-25 11:30:00,34.130,34.150,33.000,33.240,14595600
2026-02-25 13:30:00,33.250,33.800,33.230,33.350,6593767
2026-02-25 14:00:00,33.350,33.490,33.100,33.450,5670772
2026-02-25 14:30:00,33.450,33.530,33.250,33.280,2872100
2026-02-25 15:00:00,33.280,33.460,33.280,33.420,3901873
2026-02-26 10:00:00,33.010,33.420,32.500,33.150,13661116
2026-02-26 10:30:00,33.110,33.610,32.900,32.940,7818996
2026-02-26 11:00:00,32.950,33.790,32.920,33.620,9281359
2026-02-26 11:30:00,33.620,34.400,33.320,34.100,6748867
2026-02-26 13:30:00,34.090,34.580,33.610,33.680,7386888
2026-02-26 14:00:00,33.680,33.920,33.500,33.880,4289604
2026-02-26 14:30:00,33.860,34.040,33.710,33.800,2734640
2026-02-26 15:00:00,33.790,34.400,33.780,34.150,7342043
2026-02-27 10:00:00,33.820,34.920,33.760,34.310,12648420
2026-02-27 10:30:00,34.320,34.330,33.300,33.410,8703072
2026-02-27 11:00:00,33.420,33.420,32.930,32.930,9234535
2026-02-27 11:30:00,33.000,33.450,32.950,33.420,5173367
2026-02-27 13:30:00,33.440,33.520,32.910,33.500,8680600
2026-02-27 14:00:00,33.500,33.740,33.250,33.340,5582100
2026-02-27 14:30:00,33.340,33.690,33.170,33.610,4424282
2026-02-27 15:00:00,33.610,33.640,33.460,33.630,3416491
2026-03-02 10:00:00,34.280,34.300,33.130,33.340,16557214
2026-03-02 10:30:00,33.340,33.670,33.110,33.290,7030884
2026-03-02 11:00:00,33.280,33.370,32.900,33.180,4124600
2026-03-02 11:30:00,33.180,33.660,33.040,33.430,2963829
2026-03-02 13:30:00,33.430,34.340,33.400,34.020,7886273
2026-03-02 14:00:00,34.030,34.050,33.500,33.570,3348134
2026-03-02 14:30:00,33.570,33.790,33.500,33.710,2887912
2026-03-02 15:00:00,33.710,33.830,33.480,33.670,4517609
2026-03-03 10:00:00,33.690,34.660,33.100,33.200,13018247
2026-03-03 10:30:00,33.200,33.250,32.500,32.680,7908162
2026-03-03 11:00:00,32.680,33.250,32.660,33.190,2982300
2026-03-03 11:30:00,33.190,33.420,33.130,33.300,2372100
2026-03-03 13:30:00,33.300,33.310,32.600,32.780,2764400
2026-03-03 14:00:00,32.780,33.210,32.700,32.790,2865500
2026-03-03 14:30:00,32.800,32.810,32.380,32.670,5396200
2026-03-03 15:00:00,32.690,32.750,32.450,32.450,4881739
2026-03-04 10:00:00,31.720,33.370,31.720,32.900,14090400
2026-03-04 10:30:00,32.900,34.600,32.860,34.580,15398980
2026-03-04 11:00:00,34.580,34.690,33.820,33.910,6781086
2026-03-04 11:30:00,33.920,34.340,33.870,34.040,3802010
2026-03-04 13:30:00,34.030,34.160,33.830,33.960,3468117
2026-03-04 14:00:00,33.960,34.600,33.860,34.260,3969904
2026-03-04 14:30:00,34.250,34.250,34.010,34.120,2331700
2026-03-04 15:00:00,34.110,34.430,34.050,34.310,5755526
2026-03-05 10:00:00,34.900,36.360,34.710,36.360,24787343
2026-03-05 10:30:00,36.370,36.610,36.000,36.490,8767603
2026-03-05 11:00:00,36.490,36.500,35.890,36.010,5816500
2026-03-05 11:30:00,36.010,36.110,35.280,35.510,5417100
2026-03-05 13:30:00,35.520,36.200,35.350,35.890,4811200
2026-03-05 14:00:00,35.900,36.090,35.670,35.720,3116100
2026-03-05 14:30:00,35.720,35.830,35.530,35.560,3178200
2026-03-05 15:00:00,35.550,35.810,35.440,35.690,4644000
2026-03-06 10:00:00,35.700,38.080,35.700,37.590,21968218
2026-03-06 10:30:00,37.590,39.260,37.470,39.260,19591241
2026-03-06 11:00:00,39.260,39.260,39.260,39.260,2121935
2026-03-06 11:30:00,39.260,39.260,39.260,39.260,243612
2026-03-06 13:30:00,39.260,39.260,39.260,39.260,685494
2026-03-06 14:00:00,39.260,39.260,39.260,39.260,707474
2026-03-06 14:30:00,39.260,39.260,39.260,39.260,214191
2026-03-06 15:00:00,39.260,39.260,39.260,39.260,1281309
2026-03-09 10:00:00,38.470,38.680,36.680,37.840,28312730
2026-03-09 10:30:00,37.840,38.590,37.660,38.030,9864228
2026-03-09 11:00:00,38.050,38.160,37.700,37.910,4995100
2026-03-09 11:30:00,37.920,37.960,37.470,37.640,4127435
2026-03-09 13:30:00,37.650,37.840,37.450,37.640,2987325
2026-03-09 14:00:00,37.630,37.650,37.200,37.370,6294691
2026-03-09 14:30:00,37.390,38.110,37.390,37.880,6486460
2026-03-09 15:00:00,37.880,37.980,37.550,37.660,6848742
2026-03-10 10:00:00,37.850,38.960,36.950,38.490,19106317
2026-03-10 10:30:00,38.480,38.600,37.390,37.390,6691179
2026-03-10 11:00:00,37.410,37.880,37.290,37.850,4443963
2026-03-10 11:30:00,37.850,38.100,37.630,37.660,2882644
2026-03-10 13:30:00,37.660,38.500,37.650,38.360,5805100
2026-03-10 14:00:00,38.350,38.360,37.620,37.660,3384586
2026-03-10 14:30:00,37.660,37.780,37.370,37.370,3556636
2026-03-10 15:00:00,37.370,37.570,37.300,37.540,6862128
2026-03-11 10:00:00,37.240,38.420,36.600,36.840,15624920
2026-03-11 10:30:00,36.840,36.970,35.720,35.920,14333996
2026-03-11 11:00:00,35.920,36.590,35.530,36.220,12046490
2026-03-11 11:30:00,36.210,36.400,35.900,36.170,5112000
2026-03-11 13:30:00,36.170,36.350,35.840,36.130,3677199
2026-03-11 14:00:00,36.110,36.540,36.000,36.530,3156300
2026-03-11 14:30:00,36.530,36.690,36.290,36.540,4021424
2026-03-11 15:00:00,36.540,36.700,36.400,36.680,4872905
2026-03-12 10:00:00,36.420,36.520,35.200,35.800,12253655
2026-03-12 10:30:00,35.810,35.830,35.000,35.640,7588193
2026-03-12 11:00:00,35.630,35.680,34.800,34.850,7752866
2026-03-12 11:30:00,34.850,34.930,34.500,34.500,10302872
2026-03-12 13:30:00,34.500,34.680,34.110,34.620,12413454
2026-03-12 14:00:00,34.610,34.700,34.160,34.480,5426000
2026-03-12 14:30:00,34.470,34.610,34.370,34.570,4372543
2026-03-12 15:00:00,34.560,34.720,34.430,34.580,6112638
2026-03-13 10:00:00,34.100,34.120,32.730,33.220,19389420
2026-03-13 10:30:00,33.210,33.800,33.130,33.410,5743805
2026-03-13 11:00:00,33.410,34.300,33.410,34.040,7974300
2026-03-13 11:30:00,34.030,34.120,33.680,33.710,4805528
2026-03-13 13:30:00,33.710,33.920,33.510,33.520,3813100
2026-03-13 14:00:00,33.520,33.780,33.430,33.500,3851787
2026-03-13 14:30:00,33.500,33.520,33.000,33.060,6568890
2026-03-13 15:00:00,33.070,33.120,32.730,32.850,10631200
2026-03-16 10:00:00,33.160,33.440,31.650,31.900,15983500
2026-03-16 10:30:00,31.900,32.020,31.190,31.310,8218700
2026-03-16 11:00:00,31.310,31.910,31.280,31.840,4517500
2026-03-16 11:30:00,31.850,31.900,31.540,31.830,3256243
2026-03-16 13:30:00,31.830,32.120,31.800,32.050,4515458
2026-03-16 14:00:00,32.040,32.500,31.930,32.100,2539610
2026-03-16 14:30:00,32.090,32.350,31.960,32.170,2690097
2026-03-16 15:00:00,32.170,32.380,32.140,32.380,4066000
2026-03-17 10:00:00,32.500,32.960,31.870,32.910,10039349
2026-03-17 10:30:00,32.950,32.980,32.200,32.250,6267704
2026-03-17 11:00:00,32.250,32.380,32.150,32.270,2332300
2026-03-17 11:30:00,32.230,32.680,32.180,32.430,2271650
2026-03-17 13:30:00,32.420,32.460,32.000,32.010,2196694
2026-03-17 14:00:00,32.020,32.160,31.900,31.980,2570887
2026-03-17 14:30:00,31.970,32.070,31.750,31.870,4066000
2026-03-17 15:00:00,31.860,31.900,31.520,31.760,5979099
2026-03-18 10:00:00,31.810,32.190,31.560,31.880,5886621
2026-03-18 10:30:00,31.880,31.990,31.650,31.650,2796960
2026-03-18 11:00:00,31.650,31.920,31.620,31.700,2235900
2026-03-18 11:30:00,31.700,31.840,31.680,31.790,1777200
2026-03-18 13:30:00,31.790,31.940,31.560,31.660,3080000
2026-03-18 14:00:00,31.660,31.960,31.570,31.910,2807100
2026-03-18 14:30:00,31.920,32.470,31.900,32.320,9344946
2026-03-18 15:00:00,32.340,32.550,32.240,32.440,7106600
2026-03-19 10:00:00,31.880,32.260,31.680,31.720,6184978
2026-03-19 10:30:00,31.710,31.950,31.300,31.770,5656460
2026-03-19 11:00:00,31.770,31.900,31.650,31.680,1449100
2026-03-19 11:30:00,31.690,31.920,31.300,31.380,2616423
2026-03-19 13:30:00,31.400,31.400,31.000,31.040,8356300
2026-03-19 14:00:00,31.040,31.140,30.760,30.950,8936322
2026-03-19 14:30:00,30.960,31.110,30.560,30.580,6156790
2026-03-19 15:00:00,30.580,30.840,30.480,30.820,8726287
2026-03-20 10:00:00,31.130,31.360,30.360,30.700,10603700
2026-03-20 10:30:00,30.710,31.350,30.430,30.870,8527776
2026-03-20 11:00:00,30.880,31.220,30.760,30.930,4651600
2026-03-20 11:30:00,30.920,31.390,30.810,31.210,3882707
2026-03-20 13:30:00,31.220,31.490,31.050,31.160,4622028
2026-03-20 14:00:00,31.160,31.200,31.000,31.000,2891600
2026-03-20 14:30:00,31.000,31.410,31.000,31.210,5705000
2026-03-20 15:00:00,31.210,31.270,30.890,31.020,4609388
2026-03-23 10:00:00,30.310,30.900,29.700,29.980,12254746
2026-03-23 10:30:00,29.980,30.440,29.880,30.330,5339300
2026-03-23 11:00:00,30.330,30.450,29.800,30.320,3967169
2026-03-23 11:30:00,30.330,30.700,30.070,30.110,4597200
2026-03-23 13:30:00,30.110,30.260,29.710,29.710,3097103
2026-03-23 14:00:00,29.750,29.950,29.520,29.580,3483700
2026-03-23 14:30:00,29.560,29.640,29.100,29.420,6747600
2026-03-23 15:00:00,29.400,29.570,29.140,29.440,7683612
2026-03-24 10:00:00,30.240,31.180,30.160,30.160,16415368
2026-03-24 10:30:00,30.190,30.650,29.990,30.330,4814249
2026-03-24 11:00:00,30.320,30.800,30.150,30.700,3731500
2026-03-24 11:30:00,30.720,30.870,30.470,30.720,3548483
2026-03-24 13:30:00,30.700,30.760,30.190,30.260,2620800
2026-03-24 14:00:00,30.270,30.520,30.230,30.390,2132900
2026-03-24 14:30:00,30.390,30.670,30.330,30.600,2605500
2026-03-24 15:00:00,30.620,30.900,30.540,30.820,4848243
2026-03-25 10:00:00,31.350,33.010,31.340,32.590,26092896
2026-03-25 10:30:00,32.640,32.700,31.980,31.980,7132386
2026-03-25 11:00:00,31.990,32.440,31.920,32.090,2719700
2026-03-25 11:30:00,32.090,32.460,31.880,31.900,4214900
2026-03-25 13:30:00,31.900,32.040,31.660,31.980,3379000
2026-03-25 14:00:00,31.980,32.250,31.780,32.130,3418800
2026-03-25 14:30:00,32.130,32.200,31.880,31.890,2113275
2026-03-25 15:00:00,31.900,31.980,31.700,31.960,3351700
2026-03-26 10:00:00,31.960,31.990,31.280,31.640,8324700
2026-03-26 10:30:00,31.650,31.810,31.110,31.170,5087075
2026-03-26 11:00:00,31.180,31.760,31.140,31.560,3218618
2026-03-26 11:30:00,31.630,31.900,31.500,31.710,2787900
2026-03-26 13:30:00,31.690,31.690,31.000,31.010,2598200
2026-03-26 14:00:00,31.020,31.130,30.900,30.920,1830100
2026-03-26 14:30:00,30.930,31.380,30.900,31.160,2220548
2026-03-26 15:00:00,31.140,31.460,31.120,31.190,3227400
2026-03-27 10:00:00,30.500,31.130,30.280,30.780,4602163
2026-03-27 10:30:00,30.780,31.100,30.540,30.960,2799300
2026-03-27 11:00:00,30.970,31.040,30.780,30.940,1742800
2026-03-27 11:30:00,30.920,31.070,30.810,30.860,1826323
2026-03-27 13:30:00,30.860,31.950,30.860,31.790,7791000
2026-03-27 14:00:00,31.790,32.280,31.740,31.980,8823819
2026-03-27 14:30:00,31.950,31.980,31.650,31.740,4511522
2026-03-27 15:00:00,31.740,31.760,31.510,31.590,4470628
2026-03-30 10:00:00,30.950,31.380,30.700,31.120,8198787
2026-03-30 10:30:00,31.120,31.350,30.800,31.160,2962400
2026-03-30 11:00:00,31.150,31.500,31.080,31.230,2119000
2026-03-30 11:30:00,31.250,31.890,31.220,31.740,2697781
2026-03-30 13:30:00,31.740,32.400,31.580,31.920,5698400
2026-03-30 14:00:00,31.920,32.050,31.850,31.890,2344729
2026-03-30 14:30:00,31.880,31.910,31.620,31.790,2287774
2026-03-30 15:00:00,31.810,31.850,31.670,31.750,2704526
2026-03-31 10:00:00,32.000,32.600,31.600,32.570,8223114
2026-03-31 10:30:00,32.560,33.070,32.330,32.700,8917771
2026-03-31 11:00:00,32.700,32.700,32.080,32.080,3075000
2026-03-31 11:30:00,32.090,32.180,31.560,31.590,2471700
2026-03-31 13:30:00,31.590,31.790,31.400,31.790,2061900
2026-03-31 14:00:00,31.770,31.860,31.530,31.580,1543001
2026-03-31 14:30:00,31.590,31.620,31.220,31.250,3320300
2026-03-31 15:00:00,31.260,31.400,31.200,31.330,3266800
2026-04-01 10:00:00,32.110,32.900,32.060,32.560,10685247
2026-04-01 10:30:00,32.570,33.030,32.450,32.670,7786651
2026-04-01 11:00:00,32.670,33.000,32.550,32.670,2184650
2026-04-01 11:30:00,32.660,32.730,32.330,32.370,1803700
2026-04-01 13:30:00,32.370,32.510,32.070,32.500,2372500
2026-04-01 14:00:00,32.500,32.580,32.160,32.200,1904500
2026-04-01 14:30:00,32.190,32.440,32.170,32.270,1964100
2026-04-01 15:00:00,32.270,32.370,32.160,32.290,2638600
2026-04-02 10:00:00,32.350,34.000,32.350,33.710,15534689
2026-04-02 10:30:00,33.720,33.940,33.200,33.290,4692169
2026-04-02 11:00:00,33.280,33.420,33.150,33.240,2181800
2026-04-02 11:30:00,33.240,33.310,32.910,33.120,1649390
2026-04-02 13:30:00,33.120,33.180,32.540,32.580,4136636
2026-04-02 14:00:00,32.580,32.580,32.030,32.060,4425700
2026-04-02 14:30:00,32.070,32.400,31.910,32.250,3687496
2026-04-02 15:00:00,32.230,32.420,32.010,32.260,3498300
