date,open,high,low,close,volume
2025-03-27 14:30:00,58.060,58.320,58.050,58.280,818255
2025-03-27 15:00:00,58.280,58.310,58.120,58.230,1730579
2025-03-28 10:00:00,58.500,58.640,58.120,58.250,1848300
2025-03-28 10:30:00,58.250,58.380,58.170,58.220,912501
2025-03-28 11:00:00,58.220,58.270,58.090,58.260,775655
2025-03-28 11:30:00,58.260,58.570,58.230,58.290,1207633
2025-03-28 13:30:00,58.300,58.400,58.140,58.150,1042807
2025-03-28 14:00:00,58.140,58.290,58.120,58.270,806600
2025-03-28 14:30:00,58.270,58.360,58.240,58.300,712700
2025-03-28 15:00:00,58.310,58.370,58.230,58.240,1088116
2025-03-31 10:00:00,58.240,59.100,58.090,59.030,2835494
2025-03-31 10:30:00,59.030,59.490,59.020,59.420,2754157
2025-03-31 11:00:00,59.420,59.440,59.090,59.090,1394500
2025-03-31 11:30:00,59.100,59.180,58.910,59.010,1036712
2025-03-31 13:30:00,59.010,59.090,58.850,58.850,1204500
2025-03-31 14:00:00,58.860,58.920,58.700,58.780,885800
2025-03-31 14:30:00,58.780,58.850,58.630,58.640,1232763
2025-03-31 15:00:00,58.650,58.810,58.570,58.570,1820494
2025-04-01 10:00:00,58.580,58.870,58.180,58.350,1903710
2025-04-01 10:30:00,58.380,58.550,58.080,58.080,1379090
2025-04-01 11:00:00,58.080,58.400,58.030,58.200,1441200
2025-04-01 11:30:00,58.200,58.550,58.190,58.350,1161783
2025-04-01 13:30:00,58.350,58.550,58.300,58.450,1058600
2025-04-01 14:00:00,58.450,58.450,58.060,58.080,1296400
2025-04-01 14:30:00,58.080,58.090,57.860,57.870,2356000
2025-04-01 15:00:00,57.870,57.900,57.670,57.900,2380088
2025-04-02 10:00:00,57.670,57.890,56.510,56.660,5298100
2025-04-02 10:30:00,56.680,57.320,56.660,57.200,1999000
2025-04-02 11:00:00,57.200,57.400,57.180,57.370,864700
2025-04-02 11:30:00,57.370,57.570,57.310,57.430,821600
2025-04-02 13:30:00,57.430,57.520,57.310,57.380,848600
2025-04-02 14:00:00,57.400,57.660,57.350,57.550,908211
2025-04-02 14:30:00,57.540,57.550,57.250,57.270,1032279
2025-04-02 15:00:00,57.280,57.380,57.200,57.350,1411411
2025-04-03 10:00:00,56.800,57.200,56.220,56.960,3644700
2025-04-03 10:30:00,56.960,57.290,56.770,57.280,1432800
2025-04-03 11:00:00,57.240,57.340,56.870,56.910,881500
2025-04-03 11:30:00,56.970,57.080,56.870,57.000,1316500
2025-04-03 13:30:00,57.000,57.150,56.860,56.910,909700
2025-04-03 14:00:00,56.890,57.070,56.770,57.070,775800
2025-04-03 14:30:00,57.050,57.150,56.910,56.950,900100
2025-04-03 15:00:00,56.950,57.050,56.870,56.900,1273182
2025-04-07 10:00:00,53.990,54.750,52.000,53.170,9249110
2025-04-07 10:30:00,53.110,53.300,52.560,52.880,2678700
2025-04-07 11:00:00,52.860,53.800,52.700,53.520,2531367
2025-04-07 11:30:00,53.610,53.820,53.350,53.640,2056000
2025-04-07 13:30:00,53.600,53.680,52.400,53.060,4219000
2025-04-07 14:00:00,53.040,53.300,52.400,52.950,3405800
2025-04-07 14:30:00,52.950,53.040,51.700,52.390,3455847
2025-04-07 15:00:00,52.380,53.850,52.310,53.680,3978259
2025-04-08 10:00:00,54.000,54.130,53.000,53.630,6188786
2025-04-08 10:30:00,53.620,53.820,52.750,52.880,2578000
2025-04-08 11:00:00,52.880,53.150,52.650,52.700,1458401
2025-04-08 11:30:00,52.700,53.140,52.380,53.030,2053318
2025-04-08 13:30:00,53.030,53.400,52.700,52.700,2844400
2025-04-08 14:00:00,52.740,53.140,52.700,53.010,2750100
2025-04-08 14:30:00,53.010,53.120,52.530,52.970,2594519
2025-04-08 15:00:00,52.940,53.680,52.700,53.680,3913026
2025-04-09 10:00:00,52.520,52.830,51.880,51.970,5169576
2025-04-09 10:30:00,52.000,53.300,51.940,53.110,3265700
2025-04-09 11:00:00,53.020,53.390,52.840,53.120,1460850
2025-04-09 11:30:00,53.120,53.250,52.820,52.950,1047999
2025-04-09 13:30:00,52.980,53.050,52.400,52.870,2564188
2025-04-09 14:00:00,52.870,52.980,52.630,52.850,1749776
2025-04-09 14:30:00,52.850,53.000,52.740,52.810,2352300
2025-04-09 15:00:00,52.800,53.530,52.660,53.530,4220006
2025-04-10 10:00:00,56.200,56.280,53.370,54.240,6704710
2025-04-10 10:30:00,54.230,54.400,53.910,54.150,2556965
2025-04-10 11:00:00,54.140,54.290,54.100,54.160,1592400
2025-04-10 11:30:00,54.150,54.340,54.130,54.180,1403800
2025-04-10 13:30:00,54.180,54.300,53.860,54.280,1652342
2025-04-10 14:00:00,54.280,54.460,54.270,54.330,1263500
2025-04-10 14:30:00,54.320,54.750,54.300,54.550,1509412
2025-04-10 15:00:00,54.530,54.720,54.410,54.600,2709206
2025-04-11 10:00:00,54.500,54.500,53.900,54.180,2349199
2025-04-11 10:30:00,54.180,54.250,53.720,54.070,1579510
2025-04-11 11:00:00,54.070,54.300,54.030,54.130,522300
2025-04-11 11:30:00,54.110,54.320,54.090,54.210,583100
2025-04-11 13:30:00,54.210,54.760,54.210,54.740,1453500
2025-04-11 14:00:00,54.730,55.120,54.730,55.120,1505200
2025-04-11 14:30:00,55.120,55.180,54.900,55.050,1369419
2025-04-11 15:00:00,55.040,55.090,54.890,55.030,2055476
2025-04-14 10:00:00,55.500,55.500,54.730,55.020,2637256
2025-04-14 10:30:00,55.030,55.210,54.880,54.920,1345401
2025-04-14 11:00:00,54.910,55.060,54.770,54.790,1629000
2025-04-14 11:30:00,54.800,55.040,54.760,54.880,1246500
2025-04-14 13:30:00,54.870,55.000,54.500,54.540,1575000
2025-04-14 14:00:00,54.540,54.560,54.050,54.350,1943730
2025-04-14 14:30:00,54.360,54.360,54.080,54.140,1291900
2025-04-14 15:00:00,54.130,54.210,54.010,54.120,2652806
2025-04-15 10:00:00,54.110,54.120,53.800,53.880,1519800
2025-04-15 10:30:00,53.880,54.200,53.880,54.010,1387700
2025-04-15 11:00:00,54.010,54.310,53.960,54.220,1322946
2025-04-15 11:30:00,54.220,54.760,54.170,54.740,1853900
2025-04-15 13:30:00,54.730,54.780,54.250,54.400,827900
2025-04-15 14:00:00,54.400,54.440,54.160,54.190,574800
2025-04-15 14:30:00,54.200,54.460,54.160,54.430,662186
2025-04-15 15:00:00,54.430,54.600,54.300,54.600,1868111
2025-04-16 10:00:00,54.800,54.820,53.520,53.560,2919300
2025-04-16 10:30:00,53.560,53.750,53.400,53.670,1226000
2025-04-16 11:00:00,53.660,53.790,53.550,53.640,418500
2025-04-16 11:30:00,53.650,54.200,53.650,54.030,1164497
2025-04-16 13:30:00,53.930,54.360,53.860,54.030,1190499
2025-04-16 14:00:00,54.040,54.550,54.030,54.430,1192500
2025-04-16 14:30:00,54.410,54.410,54.150,54.190,648725
2025-04-16 15:00:00,54.190,54.880,54.160,54.880,3965500
2025-04-17 10:00:00,54.550,54.970,54.300,54.730,1845000
2025-04-17 10:30:00,54.710,54.900,54.400,54.610,1368295
2025-04-17 11:00:00,54.520,54.640,54.350,54.520,1231058
2025-04-17 11:30:00,54.520,54.600,54.350,54.410,935000
2025-04-17 13:30:00,54.480,54.490,54.050,54.060,1763700
2025-04-17 14:00:00,54.060,54.110,53.880,53.890,1802700
2025-04-17 14:30:00,53.890,53.950,53.780,53.780,2241300
2025-04-17 15:00:00,53.780,54.340,53.770,54.340,3310281
2025-04-18 10:00:00,54.600,55.750,54.000,54.910,5942831
2025-04-18 10:30:00,54.910,55.180,54.570,54.600,1712600
2025-04-18 11:00:00,54.590,54.600,53.730,53.740,2582700
2025-04-18 11:30:00,53.740,53.900,53.530,53.900,1699700
2025-04-18 13:30:00,53.890,54.220,53.870,53.930,1238400
2025-04-18 14:00:00,53.930,54.170,53.850,54.110,1488300
2025-04-18 14:30:00,54.100,54.180,54.020,54.140,797900
2025-04-18 15:00:00,54.140,54.500,54.110,54.110,1919641
2025-04-21 10:00:00,53.990,55.000,53.990,54.510,3618426
2025-04-21 10:30:00,54.510,54.700,54.430,54.560,1156100
2025-04-21 11:00:00,54.560,54.650,54.500,54.590,973900
2025-04-21 11:30:00,54.590,54.680,54.520,54.600,783200
2025-04-21 13:30:00,54.620,54.750,54.510,54.710,845400
2025-04-21 14:00:00,54.720,55.200,54.680,54.990,2706901
2025-04-21 14:30:00,55.000,55.500,54.930,55.490,2464300
2025-04-21 15:00:00,55.490,55.650,55.390,55.390,2237388
2025-04-22 10:00:00,55.200,55.440,54.730,54.780,2528900
2025-04-22 10:30:00,54.790,55.060,54.630,55.050,1301200
2025-04-22 11:00:00,55.050,55.600,55.000,55.570,1730000
2025-04-22 11:30:00,55.560,55.970,55.560,55.890,1930026
2025-04-22 13:30:00,55.880,55.920,55.700,55.820,1244300
2025-04-22 14:00:00,55.800,56.070,55.780,56.040,2038800
2025-04-22 14:30:00,56.050,56.150,55.930,56.040,1660200
2025-04-22 15:00:00,56.050,56.100,55.850,55.940,2043214
2025-04-23 10:00:00,56.180,56.700,55.750,56.680,3568000
2025-04-23 10:30:00,56.680,56.800,56.140,56.310,1449000
2025-04-23 11:00:00,56.320,56.660,56.240,56.650,835700
2025-04-23 11:30:00,56.640,56.990,56.600,56.850,1512000
2025-04-23 13:30:00,56.850,57.180,56.830,56.950,1849901
2025-04-23 14:00:00,56.950,57.000,56.770,56.970,987210
2025-04-23 14:30:00,56.970,57.080,56.780,56.970,1374100
2025-04-23 15:00:00,56.960,56.990,56.850,56.870,1607439
2025-04-24 10:00:00,56.720,57.350,56.660,57.250,1669782
2025-04-24 10:30:00,57.230,57.230,57.040,57.080,641200
2025-04-24 11:00:00,57.070,57.160,56.930,57.020,703400
2025-04-24 11:30:00,57.020,57.070,56.740,56.870,687800
2025-04-24 13:30:00,56.870,57.160,56.830,57.140,880800
2025-04-24 14:00:00,57.150,57.170,56.970,57.080,544800
2025-04-24 14:30:00,57.070,57.120,56.960,57.100,848600
2025-04-24 15:00:00,57.090,57.120,56.970,56.980,1203382
2025-04-25 10:00:00,57.110,57.240,56.830,56.960,1341100
2025-04-25 10:30:00,56.970,57.060,56.910,57.050,643592
2025-04-25 11:00:00,57.060,57.180,56.990,56.990,507807
2025-04-25 11:30:00,56.990,57.100,56.980,57.020,270360
2025-04-25 13:30:00,57.010,57.040,56.920,56.930,353200
2025-04-25 14:00:00,56.940,57.050,56.900,57.000,496100
2025-04-25 14:30:00,56.970,57.010,56.880,56.960,747100
2025-04-25 15:00:00,56.950,57.020,56.860,57.020,1467923
2025-04-28 10:00:00,57.020,57.380,56.660,57.220,1405275
2025-04-28 10:30:00,57.210,57.300,57.010,57.170,846500
2025-04-28 11:00:00,57.160,57.500,57.100,57.400,1181400
2025-04-28 11:30:00,57.400,57.410,57.150,57.220,457300
2025-04-28 13:30:00,57.220,57.300,57.030,57.050,406400
2025-04-28 14:00:00,57.050,57.120,57.000,57.040,470200
2025-04-28 14:30:00,57.010,57.090,56.990,57.020,431045
2025-04-28 15:00:00,57.000,57.080,56.930,56.980,779835
2025-04-29 10:00:00,57.220,57.620,56.960,57.500,1635600
2025-04-29 10:30:00,57.480,58.150,57.450,57.970,1932271
2025-04-29 11:00:00,57.990,58.150,57.840,58.040,1003800
2025-04-29 11:30:00,58.050,58.120,57.880,58.090,768743
2025-04-29 13:30:00,58.070,58.300,57.950,58.050,1383400
2025-04-29 14:00:00,58.050,58.240,57.950,58.230,1053900
2025-04-29 14:30:00,58.240,58.300,58.070,58.140,1025346
2025-04-29 15:00:00,58.140,58.220,58.110,58.130,1281387
2025-04-30 10:00:00,58.270,58.530,58.000,58.080,1420112
2025-04-30 10:30:00,58.080,58.350,57.960,58.140,660800
2025-04-30 11:00:00,58.140,58.530,58.130,58.480,869361
2025-04-30 11:30:00,58.480,58.680,58.370,58.440,906674
2025-04-30 13:30:00,58.450,58.780,58.370,58.660,1137600
2025-04-30 14:00:00,58.650,58.750,58.560,58.610,1119400
2025-04-30 14:30:00,58.620,58.660,58.330,58.420,957551
2025-04-30 15:00:00,58.410,58.420,58.100,58.120,1968184
2025-05-06 10:00:00,57.790,58.100,57.100,57.770,2989812
2025-05-06 10:30:00,57.770,58.100,57.720,57.870,1384300
2025-05-06 11:00:00,57.870,58.050,57.780,58.020,832600
2025-05-06 11:30:00,58.000,58.180,57.830,58.160,971477
2025-05-06 13:30:00,58.180,58.250,58.000,58.220,1458300
2025-05-06 14:00:00,58.190,58.250,58.110,58.160,794553
2025-05-06 14:30:00,58.160,58.190,58.000,58.030,845000
2025-05-06 15:00:00,58.060,58.070,57.950,58.000,1089564
2025-05-07 10:00:00,58.200,58.470,57.880,57.960,2244080
2025-05-07 10:30:00,57.960,58.260,57.800,58.230,1279720
2025-05-07 11:00:00,58.200,58.410,57.910,58.050,1067700
2025-05-07 11:30:00,58.050,58.150,57.860,57.970,955300
2025-05-07 13:30:00,57.970,57.990,57.500,57.520,1684000
2025-05-07 14:00:00,57.530,57.530,57.330,57.350,1300645
2025-05-07 14:30:00,57.350,57.670,57.330,57.560,1273900
2025-05-07 15:00:00,57.560,57.700,57.400,57.560,2379894
2025-05-08 10:00:00,57.330,57.650,57.130,57.570,1270800
2025-05-08 10:30:00,57.580,57.590,57.300,57.490,729100
2025-05-08 11:00:00,57.490,57.580,57.380,57.530,509199
2025-05-08 11:30:00,57.550,57.620,57.400,57.550,513521
2025-05-08 13:30:00,57.550,58.080,57.460,58.060,1274835
2025-05-08 14:00:00,58.060,58.280,57.970,58.160,1522047
2025-05-08 14:30:00,58.170,58.280,58.110,58.250,1076558
2025-05-08 15:00:00,58.250,58.280,58.190,58.240,1262833
2025-05-09 10:00:00,56.800,56.800,56.110,56.310,2340651
2025-05-09 10:30:00,56.310,56.390,56.200,56.280,681049
2025-05-09 11:00:00,56.280,56.320,56.010,56.050,1010400
2025-05-09 11:30:00,56.050,56.180,56.010,56.110,803700
2025-05-09 13:30:00,56.090,56.230,56.020,56.130,612391
2025-05-09 14:00:00,56.130,56.410,56.030,56.370,681000
2025-05-09 14:30:00,56.360,56.360,56.100,56.180,593400
2025-05-09 15:00:00,56.190,56.250,56.110,56.120,949386
2025-05-12 10:00:00,56.290,57.190,56.290,57.100,2879989
2025-05-12 10:30:00,57.100,57.250,56.970,56.990,1221120
2025-05-12 11:00:00,56.990,57.040,56.890,57.000,520881
2025-05-12 11:30:00,57.000,57.020,56.750,56.840,487300
2025-05-12 13:30:00,56.860,56.890,56.650,56.770,670088
2025-05-12 14:00:00,56.780,56.840,56.690,56.820,534909
2025-05-12 14:30:00,56.820,56.940,56.770,56.910,811000
2025-05-12 15:00:00,56.910,56.950,56.870,56.880,1016319
2025-05-13 10:00:00,56.990,57.190,56.720,56.720,1756894
2025-05-13 10:30:00,56.730,56.760,56.660,56.660,940977
2025-05-13 11:00:00,56.660,56.750,56.590,56.720,654541
2025-05-13 11:30:00,56.720,56.800,56.600,56.610,552986
2025-05-13 13:30:00,56.610,56.740,56.600,56.720,640545
2025-05-13 14:00:00,56.720,56.800,56.600,56.600,814800
2025-05-13 14:30:00,56.610,56.630,56.350,56.350,1460100
2025-05-13 15:00:00,56.370,56.470,56.350,56.400,1567070
2025-05-14 10:00:00,56.410,56.560,55.550,55.760,2465100
2025-05-14 10:30:00,55.770,55.880,55.670,55.700,912200
2025-05-14 11:00:00,55.700,55.850,55.630,55.770,706200
2025-05-14 11:30:00,55.770,55.850,55.650,55.800,706718
2025-05-14 13:30:00,55.800,56.080,55.720,56.010,1029700
2025-05-14 14:00:00,56.010,56.210,55.910,56.020,927100
2025-05-14 14:30:00,56.020,56.130,55.910,56.110,718700
2025-05-14 15:00:00,56.110,56.270,56.090,56.240,994177
2025-05-15 10:00:00,56.050,56.360,55.980,56.170,1151800
2025-05-15 10:30:00,56.170,56.600,56.060,56.560,1167471
2025-05-15 11:00:00,56.570,56.990,56.400,56.700,1970285
2025-05-15 11:30:00,56.710,56.730,56.570,56.730,463300
2025-05-15 13:30:00,56.720,56.880,56.600,56.610,760700
2025-05-15 14:00:00,56.610,56.630,56.490,56.520,554359
2025-05-15 14:30:00,56.520,56.790,56.420,56.660,875700
2025-05-15 15:00:00,56.670,56.850,56.580,56.670,2057998
2025-05-16 10:00:00,56.410,56.850,56.160,56.770,980900
2025-05-16 10:30:00,56.770,56.770,56.390,56.410,514300
2025-05-16 11:00:00,56.430,56.660,56.430,56.660,403937
2025-05-16 11:30:00,56.660,56.730,56.520,56.620,355581
2025-05-16 13:30:00,56.620,57.080,56.600,56.880,1370913
2025-05-16 14:00:00,56.880,56.900,56.730,56.730,466000
2025-05-16 14:30:00,56.730,56.990,56.700,56.820,828800
2025-05-16 15:00:00,56.820,57.060,56.800,57.060,2034874
2025-05-19 10:00:00,56.700,56.900,56.250,56.420,1991800
2025-05-19 10:30:00,56.420,56.970,56.380,56.870,821200
2025-05-19 11:00:00,56.880,57.130,56.830,57.110,1015700
2025-05-19 11:30:00,57.110,57.130,57.030,57.100,576041
2025-05-19 13:30:00,57.100,57.140,56.880,56.940,626924
2025-05-19 14:00:00,56.940,56.990,56.830,56.900,459160
2025-05-19 14:30:00,56.900,57.000,56.880,56.930,490937
2025-05-19 15:00:00,56.930,56.940,56.830,56.830,656971
2025-05-20 10:00:00,56.980,57.010,56.700,56.790,1176500
2025-05-20 10:30:00,56.820,56.930,56.770,56.890,614554
2025-05-20 11:00:00,56.890,56.990,56.850,56.980,472307
2025-05-20 11:30:00,56.980,57.640,56.910,57.550,2029307
2025-05-20 13:30:00,57.550,57.670,57.330,57.360,764008
2025-05-20 14:00:00,57.360,57.530,57.330,57.530,655500
2025-05-20 14:30:00,57.540,57.550,57.460,57.500,609700
2025-05-20 15:00:00,57.490,57.500,57.350,57.430,796500
2025-05-21 10:00:00,57.480,57.980,57.250,57.340,1788900
2025-05-21 10:30:00,57.310,57.560,57.310,57.380,738111
2025-05-21 11:00:00,57.380,57.500,57.330,57.400,1088100
2025-05-21 11:30:00,57.400,57.570,57.390,57.450,786910
2025-05-21 13:30:00,57.440,57.530,57.320,57.320,1030000
2025-05-21 14:00:00,57.320,57.400,57.120,57.120,1537100
2025-05-21 14:30:00,57.120,57.260,57.030,57.080,1212400
2025-05-21 15:00:00,57.080,57.260,57.070,57.170,1477453
2025-05-22 10:00:00,57.000,57.790,56.900,57.670,2188216
2025-05-22 10:30:00,57.670,58.140,57.550,58.090,1820500
2025-05-22 11:00:00,58.140,58.640,58.000,58.520,3215491
2025-05-22 11:30:00,58.520,58.810,58.520,58.750,1884500
2025-05-22 13:30:00,58.740,58.810,58.540,58.630,1098370
2025-05-22 14:00:00,58.630,58.800,58.600,58.690,1133822
2025-05-22 14:30:00,58.700,58.770,58.510,58.770,1296289
2025-05-22 15:00:00,58.770,59.000,58.760,59.000,3228585
2025-05-23 10:00:00,58.800,59.970,58.600,59.630,3248414
2025-05-23 10:30:00,59.630,60.000,59.620,59.860,1367247
2025-05-23 11:00:00,59.850,60.410,59.770,60.390,1846172
2025-05-23 11:30:00,60.380,60.880,60.210,60.850,2731200
2025-05-23 13:30:00,60.850,60.850,60.360,60.450,1874300
2025-05-23 14:00:00,60.450,60.770,60.400,60.750,1583800
2025-05-23 14:30:00,60.750,60.760,60.360,60.370,1853225
2025-05-23 15:00:00,60.360,60.490,60.300,60.300,2274655
2025-05-26 10:00:00,60.190,60.650,59.880,60.080,2418922
2025-05-26 10:30:00,60.090,60.200,59.800,60.150,1186082
2025-05-26 11:00:00,60.130,60.200,59.880,60.200,1246500
2025-05-26 11:30:00,60.200,60.220,59.800,59.840,810100
2025-05-26 13:30:00,59.830,60.000,59.530,59.630,1192900
2025-05-26 14:00:00,59.630,59.800,59.600,59.650,812047
2025-05-26 14:30:00,59.650,59.750,59.410,59.540,1075576
2025-05-26 15:00:00,59.540,59.860,59.530,59.790,1118217
2025-05-27 10:00:00,59.830,60.110,59.500,59.690,1429400
2025-05-27 10:30:00,59.680,59.710,59.190,59.250,885500
2025-05-27 11:00:00,59.250,59.310,59.000,59.040,1062600
2025-05-27 11:30:00,59.040,59.070,58.830,58.910,877100
2025-05-27 13:30:00,58.910,59.140,58.750,58.910,861183
2025-05-27 14:00:00,58.900,59.040,58.840,58.910,598600
2025-05-27 14:30:00,58.910,58.920,58.660,58.680,1356600
2025-05-27 15:00:00,58.680,58.730,58.590,58.600,2084764
2025-05-28 10:00:00,58.850,59.310,58.620,59.020,1371908
2025-05-28 10:30:00,59.020,59.070,58.710,58.760,789900
2025-05-28 11:00:00,58.750,58.950,58.730,58.940,511500
2025-05-28 11:30:00,58.940,59.080,58.810,58.830,620400
2025-05-28 13:30:00,58.830,58.890,58.620,58.810,832592
2025-05-28 14:00:00,58.820,58.900,58.660,58.870,615055
2025-05-28 14:30:00,58.870,58.910,58.700,58.810,722200
2025-05-28 15:00:00,58.810,58.840,58.610,58.650,968917
2025-05-29 10:00:00,59.000,59.240,58.420,58.730,1756247
2025-05-29 10:30:00,58.730,59.200,58.700,58.880,833274
2025-05-29 11:00:00,58.880,59.100,58.740,58.950,726414
2025-05-29 11:30:00,58.960,58.980,58.720,58.850,538800
2025-05-29 13:30:00,58.850,58.870,58.700,58.760,552000
2025-05-29 14:00:00,58.760,58.770,58.550,58.580,711100
2025-05-29 14:30:00,58.580,58.620,58.470,58.480,868100
2025-05-29 15:00:00,58.480,58.500,58.350,58.350,1436664
2025-05-30 10:00:00,58.370,58.660,58.050,58.150,1457900
2025-05-30 10:30:00,58.150,58.250,58.060,58.110,750929
2025-05-30 11:00:00,58.120,58.300,58.050,58.190,504300
2025-05-30 11:30:00,58.190,58.560,58.160,58.430,617323
2025-05-30 13:30:00,58.420,58.630,58.350,58.560,687199
2025-05-30 14:00:00,58.560,58.680,58.500,58.500,788696
2025-05-30 14:30:00,58.510,58.510,58.360,58.450,763300
2025-05-30 15:00:00,58.450,58.510,57.970,57.970,1615534
2025-06-03 10:00:00,57.970,58.370,57.390,58.030,2716000
2025-06-03 10:30:00,58.020,58.140,57.740,57.800,1113454
2025-06-03 11:00:00,57.810,57.900,57.570,57.720,834400
2025-06-03 11:30:00,57.710,58.200,57.710,58.080,746700
2025-06-03 13:30:00,58.080,58.150,57.840,57.870,518000
2025-06-03 14:00:00,57.880,58.000,57.850,57.990,525800
2025-06-03 14:30:00,57.990,58.180,57.990,58.090,1012742
2025-06-03 15:00:00,58.040,58.240,58.030,58.070,1273625
2025-06-04 10:00:00,58.150,58.470,57.580,57.800,1860700
2025-06-04 10:30:00,57.800,57.970,57.500,57.610,1465500
2025-06-04 11:00:00,57.610,57.610,57.320,57.320,1544800
2025-06-04 11:30:00,57.320,57.440,57.190,57.240,1062838
2025-06-04 13:30:00,57.250,57.350,57.110,57.240,1114600
2025-06-04 14:00:00,57.230,57.260,57.180,57.200,671900
2025-06-04 14:30:00,57.190,57.220,57.110,57.130,896600
2025-06-04 15:00:00,57.120,57.130,56.890,57.000,2576207
2025-06-05 10:00:00,57.060,57.880,56.950,57.700,3045338
2025-06-05 10:30:00,57.690,57.980,57.590,57.880,1361500
2025-06-05 11:00:00,57.880,57.950,57.680,57.730,619100
2025-06-05 11:30:00,57.740,57.850,57.670,57.850,585700
2025-06-05 13:30:00,57.840,58.130,57.790,57.930,1694719
2025-06-05 14:00:00,57.920,57.930,57.800,57.880,814700
2025-06-05 14:30:00,57.880,57.930,57.860,57.920,989200
2025-06-05 15:00:00,57.910,57.980,57.790,57.940,1399116
2025-06-06 10:00:00,57.940,58.110,57.700,57.980,1204900
2025-06-06 10:30:00,57.980,58.060,57.830,57.920,562000
2025-06-06 11:00:00,57.920,57.980,57.860,57.870,410400
2025-06-06 11:30:00,57.880,57.950,57.850,57.880,442800
2025-06-06 13:30:00,57.890,57.970,57.810,57.920,490700
2025-06-06 14:00:00,57.900,58.060,57.870,58.050,755500
2025-06-06 14:30:00,58.050,58.050,57.830,57.900,366200
2025-06-06 15:00:00,57.880,58.000,57.840,57.880,1039486
2025-06-09 10:00:00,57.880,57.970,57.610,57.620,1229500
2025-06-09 10:30:00,57.610,57.820,57.500,57.710,1133796
2025-06-09 11:00:00,57.700,57.810,57.610,57.630,453600
2025-06-09 11:30:00,57.630,57.700,57.570,57.570,474100
2025-06-09 13:30:00,57.580,57.700,57.510,57.550,576000
2025-06-09 14:00:00,57.550,57.600,57.520,57.580,509400
2025-06-09 14:30:00,57.570,57.630,57.530,57.550,414200
2025-06-09 15:00:00,57.560,57.600,57.480,57.550,972509
2025-06-10 10:00:00,57.550,57.850,57.400,57.610,1164782
2025-06-10 10:30:00,57.600,57.670,57.520,57.620,416400
2025-06-10 11:00:00,57.610,57.630,57.440,57.530,488100
2025-06-10 11:30:00,57.540,57.600,57.470,57.590,382600
2025-06-10 13:30:00,57.600,57.790,57.150,57.180,1003250
2025-06-10 14:00:00,57.180,57.200,57.020,57.100,1091994
2025-06-10 14:30:00,57.100,57.310,57.020,57.290,715000
2025-06-10 15:00:00,57.290,57.350,57.240,57.280,838650
2025-06-11 10:00:00,57.460,58.990,57.460,58.920,4541664
2025-06-11 10:30:00,58.920,59.160,58.810,58.900,1825100
2025-06-11 11:00:00,58.900,58.950,58.500,58.510,884800
2025-06-11 11:30:00,58.510,58.720,58.400,58.610,625600
2025-06-11 13:30:00,58.620,58.780,58.300,58.340,1093486
2025-06-11 14:00:00,58.340,58.440,58.260,58.300,839200
2025-06-11 14:30:00,58.300,58.570,58.300,58.540,847400
2025-06-11 15:00:00,58.550,58.580,58.410,58.410,1117200
2025-06-12 10:00:00,58.180,58.400,58.010,58.150,1066903
2025-06-12 10:30:00,58.130,58.330,58.050,58.170,356200
2025-06-12 11:00:00,58.170,58.330,58.080,58.250,523593
2025-06-12 11:30:00,58.250,58.350,58.220,58.300,270500
2025-06-12 13:30:00,58.300,58.310,57.880,57.910,950600
2025-06-12 14:00:00,57.900,58.050,57.830,57.990,1006190
2025-06-12 14:30:00,58.000,58.150,57.940,58.060,459100
2025-06-12 15:00:00,58.070,58.150,57.960,57.980,609866
2025-06-13 10:00:00,57.820,58.220,57.720,57.860,1147057
2025-06-13 10:30:00,57.870,58.050,57.770,57.790,564500
2025-06-13 11:00:00,57.790,57.880,57.700,57.720,748700
2025-06-13 11:30:00,57.710,57.850,57.630,57.730,454517
2025-06-13 13:30:00,57.720,57.770,57.520,57.640,810121
2025-06-13 14:00:00,57.640,57.960,57.610,57.940,692844
2025-06-13 14:30:00,57.930,57.980,57.800,57.920,486000
2025-06-13 15:00:00,57.910,58.010,57.700,57.700,1200418
2025-06-16 10:00:00,57.970,58.080,57.450,57.680,1502600
2025-06-16 10:30:00,57.680,57.810,57.510,57.770,613800
2025-06-16 11:00:00,57.780,57.800,57.600,57.630,516400
2025-06-16 11:30:00,57.640,57.700,57.550,57.670,391861
2025-06-16 13:30:00,57.680,58.040,57.650,57.990,612464
2025-06-16 14:00:00,57.980,58.050,57.800,57.900,497200
2025-06-16 14:30:00,57.920,58.080,57.830,58.040,701900
2025-06-16 15:00:00,58.040,58.110,57.900,57.950,907526
2025-06-17 10:00:00,57.820,58.100,57.620,57.730,1117778
2025-06-17 10:30:00,57.720,57.790,57.550,57.550,872388
2025-06-17 11:00:00,57.550,57.560,57.360,57.380,835400
2025-06-17 11:30:00,57.360,57.390,57.300,57.320,512300
2025-06-17 13:30:00,57.360,57.450,57.300,57.310,471600
2025-06-17 14:00:00,57.310,57.370,57.260,57.270,531453
2025-06-17 14:30:00,57.280,57.280,57.110,57.150,668000
2025-06-17 15:00:00,57.150,57.210,57.110,57.200,785000
2025-06-18 10:00:00,57.210,57.350,57.110,57.220,754917
2025-06-18 10:30:00,57.220,57.270,57.010,57.030,829200
2025-06-18 11:00:00,57.030,57.230,57.020,57.220,506400
2025-06-18 11:30:00,57.220,57.270,57.130,57.180,488600
2025-06-18 13:30:00,57.200,57.380,57.180,57.230,390400
2025-06-18 14:00:00,57.240,57.390,57.230,57.290,375200
2025-06-18 14:30:00,57.280,57.630,57.270,57.630,965436
2025-06-18 15:00:00,57.630,57.630,57.430,57.470,660900
2025-06-19 10:00:00,57.480,57.520,56.940,57.240,1261000
2025-06-19 10:30:00,57.260,57.450,57.120,57.270,782200
2025-06-19 11:00:00,57.280,57.360,57.130,57.140,575500
2025-06-19 11:30:00,57.140,57.140,56.850,56.940,1207300
2025-06-19 13:30:00,56.930,57.350,56.800,57.190,1292200
2025-06-19 14:00:00,57.200,57.360,57.000,57.010,661000
2025-06-19 14:30:00,57.040,57.040,56.800,56.820,784300
2025-06-19 15:00:00,56.830,56.900,56.750,56.850,1095500
2025-06-20 10:00:00,57.040,57.560,56.850,57.210,1691194
2025-06-20 10:30:00,57.210,57.750,57.200,57.480,1387267
2025-06-20 11:00:00,57.480,57.690,57.390,57.470,610149
2025-06-20 11:30:00,57.470,57.640,57.430,57.600,559200
2025-06-20 13:30:00,57.600,57.950,57.480,57.930,1392600
2025-06-20 14:00:00,57.940,57.950,57.680,57.800,939000
2025-06-20 14:30:00,57.790,57.850,57.600,57.680,676128
2025-06-20 15:00:00,57.680,57.740,57.600,57.650,1162967
2025-06-23 10:00:00,57.530,57.600,56.700,56.720,2216700
2025-06-23 10:30:00,56.710,56.810,56.400,56.520,1804568
2025-06-23 11:00:00,56.520,56.690,56.400,56.540,1181299
2025-06-23 11:30:00,56.530,56.790,56.420,56.690,576500
2025-06-23 13:30:00,56.700,56.850,56.600,56.770,551500
2025-06-23 14:00:00,56.760,56.950,56.740,56.770,624300
2025-06-23 14:30:00,56.780,56.960,56.750,56.860,720600
2025-06-23 15:00:00,56.860,56.940,56.790,56.790,1367271
2025-06-24 10:00:00,56.900,57.610,56.880,57.380,1938500
2025-06-24 10:30:00,57.370,57.650,57.260,57.510,1784200
2025-06-24 11:00:00,57.510,57.650,57.470,57.560,698600
2025-06-24 11:30:00,57.580,57.580,57.400,57.460,476700
2025-06-24 13:30:00,57.460,57.880,57.440,57.680,1310500
2025-06-24 14:00:00,57.680,57.710,57.610,57.650,527400
2025-06-24 14:30:00,57.640,57.710,57.610,57.620,986500
2025-06-24 15:00:00,57.620,57.640,57.440,57.470,1380180
2025-06-25 10:00:00,57.410,57.770,57.310,57.500,1193800
2025-06-25 10:30:00,57.480,57.580,57.370,57.450,742500
2025-06-25 11:00:00,57.450,57.610,57.440,57.580,507471
2025-06-25 11:30:00,57.570,57.640,57.500,57.600,501000
2025-06-25 13:30:00,57.620,57.800,57.450,57.780,930367
2025-06-25 14:00:00,57.780,58.000,57.690,57.870,1132500
2025-06-25 14:30:00,57.870,58.050,57.800,58.040,1230700
2025-06-25 15:00:00,58.030,58.150,57.960,57.990,1099313
2025-06-26 10:00:00,57.970,58.150,57.620,57.650,1410400
2025-06-26 10:30:00,57.650,57.710,57.360,57.430,1303600
2025-06-26 11:00:00,57.430,57.450,57.320,57.380,653700
2025-06-26 11:30:00,57.400,57.440,57.350,57.370,583611
2025-06-26 13:30:00,57.370,57.770,57.370,57.460,844780
2025-06-26 14:00:00,57.450,57.460,57.330,57.340,743900
2025-06-26 14:30:00,57.340,57.340,57.050,57.050,1552100
2025-06-26 15:00:00,57.050,57.150,56.970,56.980,2105995
2025-06-27 10:00:00,57.150,57.310,56.940,57.130,1634300
2025-06-27 10:30:00,57.140,57.520,57.100,57.470,1138500
2025-06-27 11:00:00,57.460,57.700,57.450,57.580,1244641
2025-06-27 11:30:00,57.560,57.650,57.130,57.180,914700
2025-06-27 13:30:00,57.160,57.530,57.160,57.490,656062
2025-06-27 14:00:00,57.480,57.520,57.180,57.300,707600
2025-06-27 14:30:00,57.310,57.400,57.180,57.360,732962
2025-06-27 15:00:00,57.350,57.450,57.250,57.360,1156138
2025-06-30 10:00:00,57.460,57.470,56.910,57.190,1805211
2025-06-30 10:30:00,57.210,57.250,56.600,56.730,2834762
2025-06-30 11:00:00,56.750,57.120,56.700,56.950,827199
2025-06-30 11:30:00,56.960,57.060,56.830,56.940,384800
2025-06-30 13:30:00,56.940,57.060,56.830,56.990,643700
2025-06-30 14:00:00,57.020,57.160,56.980,57.070,694700
2025-06-30 14:30:00,57.070,57.170,57.030,57.100,1013100
2025-06-30 15:00:00,57.100,57.170,57.010,57.010,1767383
2025-07-01 10:00:00,56.900,56.930,56.460,56.780,2758980
2025-07-01 10:30:00,56.800,57.200,56.760,57.120,1340700
2025-07-01 11:00:00,57.170,57.180,56.890,56.970,509000
2025-07-01 11:30:00,56.980,57.100,56.920,57.020,371400
2025-07-01 13:30:00,57.020,57.060,56.820,56.860,547659
2025-07-01 14:00:00,56.860,56.900,56.800,56.880,533000
2025-07-01 14:30:00,56.890,56.960,56.840,56.890,483800
2025-07-01 15:00:00,56.900,56.950,56.860,56.870,797225
2025-07-02 10:00:00,56.700,57.500,56.700,56.820,1855317
2025-07-02 10:30:00,56.830,57.190,56.820,57.140,649415
2025-07-02 11:00:00,57.120,57.190,57.000,57.110,633100
2025-07-02 11:30:00,57.110,57.330,57.030,57.190,779283
2025-07-02 13:30:00,57.170,57.220,57.020,57.050,277841
2025-07-02 14:00:00,57.060,57.090,56.890,56.920,342400
2025-07-02 14:30:00,56.920,57.050,56.900,56.970,426300
2025-07-02 15:00:00,56.980,57.130,56.940,57.130,720084
2025-07-03 10:00:00,57.090,57.570,56.910,57.390,1724127
2025-07-03 10:30:00,57.400,57.520,57.280,57.390,812098
2025-07-03 11:00:00,57.390,57.430,57.270,57.400,441800
2025-07-03 11:30:00,57.390,57.700,57.380,57.670,1724006
2025-07-03 13:30:00,57.670,57.690,57.300,57.310,629800
2025-07-03 14:00:00,57.310,57.430,57.200,57.380,566800
2025-07-03 14:30:00,57.380,57.400,57.260,57.300,393900
2025-07-03 15:00:00,57.300,57.300,57.210,57.210,923618
2025-07-04 10:00:00,57.240,57.950,57.030,57.840,2948687
2025-07-04 10:30:00,57.840,58.770,57.840,58.510,4754576
2025-07-04 11:00:00,58.520,58.570,58.360,58.470,1023100
2025-07-04 11:30:00,58.470,58.560,58.210,58.260,879400
2025-07-04 13:30:00,58.220,58.260,58.010,58.140,1059900
2025-07-04 14:00:00,58.130,58.360,57.980,58.260,1433600
2025-07-04 14:30:00,58.250,58.280,57.950,58.050,1165000
2025-07-04 15:00:00,58.050,58.160,58.010,58.130,1154512
2025-07-07 10:00:00,58.100,59.000,57.950,58.700,3664898
2025-07-07 10:30:00,58.750,58.910,58.230,58.330,1721688
2025-07-07 11:00:00,58.340,58.600,58.040,58.100,697900
2025-07-07 11:30:00,58.100,58.260,58.000,58.150,539029
2025-07-07 13:30:00,58.180,58.220,58.040,58.110,415513
2025-07-07 14:00:00,58.090,58.280,58.090,58.260,396554
2025-07-07 14:30:00,58.250,58.260,58.120,58.150,346080
2025-07-07 15:00:00,58.160,58.270,58.120,58.130,969768
2025-07-08 10:00:00,58.130,58.220,57.610,57.920,1316600
2025-07-08 10:30:00,57.930,57.950,57.650,57.670,940200
2025-07-08 11:00:00,57.670,57.750,57.510,57.600,770300
2025-07-08 11:30:00,57.600,57.930,57.580,57.910,791900
2025-07-08 13:30:00,57.910,57.930,57.700,57.710,535600
2025-07-08 14:00:00,57.730,57.820,57.670,57.740,709800
2025-07-08 14:30:00,57.740,57.810,57.680,57.680,577500
2025-07-08 15:00:00,57.690,57.750,57.570,57.640,1488396
2025-07-09 10:00:00,57.790,57.850,57.120,57.140,2018501
2025-07-09 10:30:00,57.130,57.280,57.100,57.170,1350900
2025-07-09 11:00:00,57.180,57.220,57.140,57.140,898800
2025-07-09 11:30:00,57.150,57.150,57.020,57.060,1320700
2025-07-09 13:30:00,57.060,57.120,57.030,57.090,667555
2025-07-09 14:00:00,57.090,57.150,57.080,57.090,664832
2025-07-09 14:30:00,57.090,57.090,56.860,56.910,2773476
2025-07-09 15:00:00,56.900,56.970,56.800,56.800,2313517
2025-07-10 10:00:00,56.790,56.930,56.690,56.870,1900100
2025-07-10 10:30:00,56.870,56.890,56.730,56.790,1162700
2025-07-10 11:00:00,56.810,56.860,56.640,56.720,1227600
2025-07-10 11:30:00,56.720,56.730,56.520,56.550,1247642
2025-07-10 13:30:00,56.550,56.680,56.550,56.600,1175028
2025-07-10 14:00:00,56.600,56.650,56.500,56.530,1761842
2025-07-10 14:30:00,56.520,56.680,56.510,56.510,1582905
2025-07-10 15:00:00,56.520,56.530,56.410,56.410,3445322
2025-07-11 10:00:00,56.510,57.390,56.500,57.280,5110876
2025-07-11 10:30:00,57.300,57.400,57.090,57.120,2314873
2025-07-11 11:00:00,57.120,57.350,57.120,57.130,828700
2025-07-11 11:30:00,57.130,57.270,57.090,57.270,725284
2025-07-11 13:30:00,57.270,57.490,57.120,57.120,2279073
2025-07-11 14:00:00,57.130,57.200,56.910,56.950,1291528
2025-07-11 14:30:00,56.950,57.180,56.940,57.100,845175
2025-07-11 15:00:00,57.090,57.120,56.770,56.770,2199001
2025-07-14 10:00:00,57.000,57.040,56.700,56.760,1885000
2025-07-14 10:30:00,56.760,57.000,56.730,56.930,1397399
2025-07-14 11:00:00,56.920,57.050,56.850,57.040,1092400
2025-07-14 11:30:00,57.040,57.060,56.900,56.900,685001
2025-07-14 13:30:00,56.920,56.940,56.770,56.810,883115
2025-07-14 14:00:00,56.800,56.900,56.760,56.780,976900
2025-07-14 14:30:00,56.780,56.850,56.760,56.840,930300
2025-07-14 15:00:00,56.830,56.880,56.710,56.710,2166400
2025-07-15 10:00:00,56.740,57.190,56.690,56.870,1683390
2025-07-15 10:30:00,56.880,57.070,56.850,56.930,1151700
2025-07-15 11:00:00,56.930,57.000,56.860,56.870,481297
2025-07-15 11:30:00,56.870,56.890,56.690,56.700,1038700
2025-07-15 13:30:00,56.710,56.730,56.550,56.650,903592
2025-07-15 14:00:00,56.650,56.730,56.650,56.680,466500
2025-07-15 14:30:00,56.680,56.790,56.670,56.760,504800
2025-07-15 15:00:00,56.770,56.800,56.740,56.770,856218
2025-07-16 10:00:00,56.780,57.180,56.650,56.950,1777860
2025-07-16 10:30:00,56.950,56.960,56.740,56.770,823600
2025-07-16 11:00:00,56.770,56.890,56.750,56.870,409998
2025-07-16 11:30:00,56.870,56.870,56.770,56.790,391100
2025-07-16 13:30:00,56.790,56.800,56.680,56.770,768400
2025-07-16 14:00:00,56.760,56.810,56.670,56.730,602918
2025-07-16 14:30:00,56.730,56.780,56.720,56.730,477000
2025-07-16 15:00:00,56.730,56.800,56.710,56.760,1103377
2025-07-17 10:00:00,56.760,57.340,56.700,57.330,4090015
2025-07-17 10:30:00,57.330,57.960,57.330,57.920,4365690
2025-07-17 11:00:00,57.930,58.000,57.830,57.950,2231200
2025-07-17 11:30:00,57.960,58.220,57.950,58.000,2224749
2025-07-17 13:30:00,57.990,58.000,57.610,57.630,1032600
2025-07-17 14:00:00,57.630,57.650,57.510,57.530,856200
2025-07-17 14:30:00,57.530,57.650,57.530,57.550,719800
2025-07-17 15:00:00,57.550,57.640,57.520,57.580,1557495
2025-07-18 10:00:00,57.770,57.900,57.370,57.530,3521599
2025-07-18 10:30:00,57.530,57.680,57.360,57.540,1775200
2025-07-18 11:00:00,57.540,57.720,57.510,57.670,959400
2025-07-18 11:30:00,57.670,57.750,57.600,57.680,818375
2025-07-18 13:30:00,57.680,57.830,57.570,57.810,917100
2025-07-18 14:00:00,57.810,57.900,57.750,57.850,953084
2025-07-18 14:30:00,57.850,58.060,57.850,57.920,1239444
2025-07-18 15:00:00,57.910,58.020,57.910,58.000,1356112
2025-07-21 10:00:00,57.910,58.010,57.390,57.520,2757950
2025-07-21 10:30:00,57.520,57.610,57.420,57.450,1401850
2025-07-21 11:00:00,57.440,57.540,57.420,57.440,1110041
2025-07-21 11:30:00,57.430,57.560,57.420,57.480,608900
2025-07-21 13:30:00,57.490,57.700,57.480,57.590,706076
2025-07-21 14:00:00,57.600,57.710,57.520,57.530,788400
2025-07-21 14:30:00,57.520,57.570,57.510,57.550,890989
2025-07-21 15:00:00,57.540,57.580,57.520,57.570,2107600
2025-07-22 10:00:00,57.500,57.700,57.310,57.410,1952600
2025-07-22 10:30:00,57.410,57.410,57.180,57.330,1868500
2025-07-22 11:00:00,57.320,57.400,57.250,57.260,983500
2025-07-22 11:30:00,57.260,57.340,57.220,57.340,1010300
2025-07-22 13:30:00,57.340,57.460,57.280,57.400,980464
2025-07-22 14:00:00,57.400,57.410,57.270,57.280,1128136
2025-07-22 14:30:00,57.270,57.310,57.250,57.290,956200
2025-07-22 15:00:00,57.300,57.390,57.250,57.350,1950637
2025-07-23 10:00:00,57.400,57.770,57.250,57.310,2945000
2025-07-23 10:30:00,57.320,57.440,57.250,57.270,1184800
2025-07-23 11:00:00,57.260,57.290,57.200,57.220,1293200
2025-07-23 11:30:00,57.210,57.550,57.210,57.520,1280073
2025-07-23 13:30:00,57.500,57.760,57.500,57.570,1800811
2025-07-23 14:00:00,57.570,57.640,57.430,57.450,1132800
2025-07-23 14:30:00,57.460,57.590,57.320,57.390,1099114
2025-07-23 15:00:00,57.400,57.450,57.300,57.370,1294218
2025-07-24 10:00:00,57.380,57.420,57.100,57.160,2339899
2025-07-24 10:30:00,57.160,57.310,57.140,57.240,717460
2025-07-24 11:00:00,57.240,57.290,57.180,57.280,781800
2025-07-24 11:30:00,57.280,57.320,57.210,57.240,738308
2025-07-24 13:30:00,57.230,57.300,57.180,57.270,1526500
2025-07-24 14:00:00,57.270,57.380,57.180,57.190,1312800
2025-07-24 14:30:00,57.180,57.360,57.180,57.310,931000
2025-07-24 15:00:00,57.310,57.380,57.300,57.380,2212815
2025-07-25 10:00:00,57.480,57.950,57.310,57.460,3390320
2025-07-25 10:30:00,57.460,57.470,57.310,57.380,963800
2025-07-25 11:00:00,57.380,57.450,57.310,57.370,896700
2025-07-25 11:30:00,57.370,57.380,57.180,57.240,1474500
2025-07-25 13:30:00,57.240,57.300,56.810,56.840,2896985
2025-07-25 14:00:00,56.840,56.890,56.810,56.870,1367800
2025-07-25 14:30:00,56.850,56.970,56.750,56.830,2208800
2025-07-25 15:00:00,56.850,56.910,56.760,56.790,1588424
2025-07-28 10:00:00,56.700,56.930,56.440,56.810,2184624
2025-07-28 10:30:00,56.810,56.820,56.660,56.680,1395000
2025-07-28 11:00:00,56.680,56.680,56.420,56.490,3434431
2025-07-28 11:30:00,56.480,56.520,56.250,56.280,2273600
2025-07-28 13:30:00,56.290,56.310,55.550,55.690,5307995
2025-07-28 14:00:00,55.700,55.900,55.400,55.650,4203100
2025-07-28 14:30:00,55.660,55.660,55.500,55.530,2151100
2025-07-28 15:00:00,55.530,55.650,55.510,55.570,3278982
2025-07-29 10:00:00,55.620,55.660,55.330,55.360,4157703
2025-07-29 10:30:00,55.350,55.510,55.300,55.360,1736100
2025-07-29 11:00:00,55.350,55.360,55.170,55.270,2069100
2025-07-29 11:30:00,55.280,55.340,55.190,55.200,1048800
2025-07-29 13:30:00,55.190,55.200,55.030,55.100,2294000
2025-07-29 14:00:00,55.100,55.150,55.020,55.080,1408100
2025-07-29 14:30:00,55.080,55.230,55.050,55.170,1622954
2025-07-29 15:00:00,55.160,55.200,55.030,55.030,2524320
2025-07-30 10:00:00,55.130,55.580,55.020,55.470,2810233
2025-07-30 10:30:00,55.480,55.990,55.480,55.920,3021431
2025-07-30 11:00:00,55.920,56.150,55.850,56.000,1586900
2025-07-30 11:30:00,56.000,56.010,55.850,55.920,621300
2025-07-30 13:30:00,55.920,55.940,55.650,55.740,1123800
2025-07-30 14:00:00,55.740,55.780,55.450,55.510,1258500
2025-07-30 14:30:00,55.530,55.560,55.360,55.530,1231000
2025-07-30 15:00:00,55.540,55.580,55.500,55.550,1189832
2025-07-31 10:00:00,55.300,55.470,54.550,54.560,5622215
2025-07-31 10:30:00,54.570,55.130,54.550,54.800,1365000
2025-07-31 11:00:00,54.790,54.900,54.740,54.890,740501
2025-07-31 11:30:00,54.880,54.940,54.700,54.770,854700
2025-07-31 13:30:00,54.790,54.890,54.750,54.750,571829
2025-07-31 14:00:00,54.760,54.980,54.730,54.910,712705
2025-07-31 14:30:00,54.920,54.940,54.740,54.740,998782
2025-07-31 15:00:00,54.750,54.810,54.600,54.660,2410768
2025-08-01 10:00:00,54.750,54.970,54.650,54.670,1466000
2025-08-01 10:30:00,54.670,54.750,54.600,54.670,1059000
2025-08-01 11:00:00,54.680,54.740,54.620,54.630,665200
2025-08-01 11:30:00,54.640,54.730,54.620,54.630,695689
2025-08-01 13:30:00,54.640,54.640,54.180,54.330,2412411
2025-08-01 14:00:00,54.340,54.370,54.210,54.210,932501
2025-08-01 14:30:00,54.220,54.510,54.200,54.510,1073919
2025-08-01 15:00:00,54.520,55.010,54.430,54.910,3336527
2025-08-04 10:00:00,54.660,54.770,54.450,54.550,1753692
2025-08-04 10:30:00,54.550,54.870,54.530,54.730,819400
2025-08-04 11:00:00,54.740,54.740,54.500,54.520,896700
2025-08-04 11:30:00,54.520,54.630,54.510,54.580,399693
2025-08-04 13:30:00,54.600,54.640,54.480,54.520,1078060
2025-08-04 14:00:00,54.510,54.640,54.510,54.590,564600
2025-08-04 14:30:00,54.590,54.700,54.560,54.680,952400
2025-08-04 15:00:00,54.680,54.770,54.650,54.750,1071070
2025-08-05 10:00:00,54.760,55.660,54.760,55.570,4127357
2025-08-05 10:30:00,55.570,55.600,55.400,55.530,1855028
2025-08-05 11:00:00,55.530,55.850,55.510,55.800,2660800
2025-08-05 11:30:00,55.790,55.800,55.700,55.780,1027400
2025-08-05 13:30:00,55.790,55.880,55.700,55.840,1377512
2025-08-05 14:00:00,55.830,55.930,55.800,55.900,1478300
2025-08-05 14:30:00,55.900,55.950,55.860,55.920,1352501
2025-08-05 15:00:00,55.920,55.940,55.760,55.790,2046930
2025-08-06 10:00:00,55.860,56.430,55.660,55.700,2604372
2025-08-06 10:30:00,55.670,55.730,55.560,55.570,1351900
2025-08-06 11:00:00,55.570,55.600,55.510,55.590,696200
2025-08-06 11:30:00,55.580,55.720,55.570,55.670,627600
2025-08-06 13:30:00,55.660,55.680,55.540,55.540,817200
2025-08-06 14:00:00,55.540,55.760,55.510,55.680,762636
2025-08-06 14:30:00,55.690,55.690,55.500,55.530,1220849
2025-08-06 15:00:00,55.530,55.680,55.510,55.560,1120721
2025-08-07 10:00:00,55.480,55.630,55.290,55.320,1766537
2025-08-07 10:30:00,55.320,55.500,55.310,55.350,985401
2025-08-07 11:00:00,55.340,55.510,55.330,55.480,620196
2025-08-07 11:30:00,55.480,55.640,55.430,55.630,436800
2025-08-07 13:30:00,55.640,55.720,55.520,55.600,694700
2025-08-07 14:00:00,55.600,55.660,55.520,55.630,475090
2025-08-07 14:30:00,55.630,55.680,55.550,55.570,639320
2025-08-07 15:00:00,55.580,55.610,55.520,55.520,984800
2025-08-08 10:00:00,55.540,55.540,55.270,55.300,1472338
2025-08-08 10:30:00,55.290,55.670,55.290,55.610,1544100
2025-08-08 11:00:00,55.620,55.690,55.560,55.560,705000
2025-08-08 11:30:00,55.560,55.610,55.520,55.610,360500
2025-08-08 13:30:00,55.610,55.620,55.530,55.540,540500
2025-08-08 14:00:00,55.530,55.620,55.470,55.510,612400
2025-08-08 14:30:00,55.500,55.600,55.500,55.510,468720
2025-08-08 15:00:00,55.510,55.530,55.500,55.500,833200
2025-08-11 10:00:00,55.500,55.690,55.300,55.350,1587133
2025-08-11 10:30:00,55.350,55.440,55.340,55.400,1030200
2025-08-11 11:00:00,55.410,55.600,55.360,55.420,1055571
2025-08-11 11:30:00,55.430,55.500,55.380,55.460,522800
2025-08-11 13:30:00,55.440,55.590,55.380,55.410,1277200
2025-08-11 14:00:00,55.410,55.540,55.400,55.510,613601
2025-08-11 14:30:00,55.490,55.570,55.450,55.530,870673
2025-08-11 15:00:00,55.530,55.550,55.450,55.460,1086612
2025-08-12 10:00:00,55.450,55.850,55.320,55.760,2104100
2025-08-12 10:30:00,55.750,55.830,55.540,55.580,1427108
2025-08-12 11:00:00,55.570,55.650,55.490,55.520,704052
2025-08-12 11:30:00,55.530,55.630,55.500,55.560,561500
2025-08-12 13:30:00,55.550,55.590,55.410,55.430,1095200
2025-08-12 14:00:00,55.430,55.620,55.400,55.610,923947
2025-08-12 14:30:00,55.610,55.680,55.480,55.520,1003600
2025-08-12 15:00:00,55.520,55.560,55.440,55.510,1637872
2025-08-13 10:00:00,55.650,56.140,55.360,56.070,3843587
2025-08-13 10:30:00,56.080,56.300,55.960,56.050,2477259
2025-08-13 11:00:00,56.060,56.070,55.830,55.860,665900
2025-08-13 11:30:00,55.870,56.060,55.810,56.020,947566
2025-08-13 13:30:00,56.010,56.140,55.810,55.860,1362890
2025-08-13 14:00:00,55.860,55.890,55.750,55.770,1323062
2025-08-13 14:30:00,55.780,55.930,55.750,55.810,918100
2025-08-13 15:00:00,55.810,55.920,55.790,55.890,1609243
2025-08-14 10:00:00,55.950,56.260,55.710,55.870,3394092
2025-08-14 10:30:00,55.870,56.040,55.680,55.700,2297660
2025-08-14 11:00:00,55.700,55.740,55.600,55.670,1859742
2025-08-14 11:30:00,55.670,55.760,55.630,55.700,1126070
2025-08-14 13:30:00,55.690,55.800,55.220,55.300,2727920
2025-08-14 14:00:00,55.310,55.430,55.240,55.370,1524280
2025-08-14 14:30:00,55.370,55.460,55.280,55.400,1570700
2025-08-14 15:00:00,55.400,55.630,55.370,55.580,1565556
2025-08-15 10:00:00,55.570,55.690,55.050,55.670,1715732
2025-08-15 10:30:00,55.680,55.690,55.400,55.430,1032700
2025-08-15 11:00:00,55.450,55.650,55.430,55.600,728051
2025-08-15 11:30:00,55.600,55.720,55.550,55.710,783700
2025-08-15 13:30:00,55.720,55.790,55.620,55.700,1371300
2025-08-15 14:00:00,55.690,55.940,55.660,55.760,2066511
2025-08-15 14:30:00,55.760,55.890,55.680,55.800,1800106
2025-08-15 15:00:00,55.800,56.120,55.600,55.600,3733501
2025-08-18 10:00:00,55.970,56.830,55.950,56.730,7049629
2025-08-18 10:30:00,56.730,56.950,56.670,56.710,3298900
2025-08-18 11:00:00,56.710,56.850,56.600,56.790,2336300
2025-08-18 11:30:00,56.800,57.550,56.770,57.330,6907844
2025-08-18 13:30:00,57.330,57.920,57.240,57.330,4138538
2025-08-18 14:00:00,57.330,57.470,57.120,57.150,1737400
2025-08-18 14:30:00,57.160,57.330,57.020,57.250,2022300
2025-08-18 15:00:00,57.250,57.330,56.680,56.680,3990892
2025-08-19 10:00:00,56.900,57.450,56.400,56.420,3794261
2025-08-19 10:30:00,56.430,56.470,56.300,56.350,1861300
2025-08-19 11:00:00,56.350,56.370,56.220,56.220,1492300
2025-08-19 11:30:00,56.220,56.320,56.030,56.110,2447642
2025-08-19 13:30:00,56.130,56.230,56.020,56.050,3451900
2025-08-19 14:00:00,56.050,56.060,55.650,55.930,5342511
2025-08-19 14:30:00,55.930,56.120,55.740,55.870,3163700
2025-08-19 15:00:00,55.890,56.100,55.720,55.770,5824598
2025-08-20 10:00:00,58.100,61.350,58.100,61.350,44355769
2025-08-20 10:30:00,61.340,61.350,61.260,61.350,9226028
2025-08-20 11:00:00,61.350,61.350,61.350,61.350,1159451
2025-08-20 11:30:00,61.350,61.350,61.350,61.350,818200
2025-08-20 13:30:00,61.350,61.350,61.350,61.350,640092
2025-08-20 14:00:00,61.350,61.350,61.350,61.350,243418
2025-08-20 14:30:00,61.350,61.350,61.350,61.350,154000
2025-08-20 15:00:00,61.350,61.350,61.350,61.350,461753
2025-08-21 10:00:00,62.610,64.360,62.000,63.090,30864268
2025-08-21 10:30:00,63.100,64.190,63.080,64.100,10158041
2025-08-21 11:00:00,64.120,64.960,63.650,64.870,7859098
2025-08-21 11:30:00,64.890,65.040,64.550,64.810,4377200
2025-08-21 13:30:00,64.800,65.180,64.360,65.060,6819058
2025-08-21 14:00:00,65.060,65.070,64.510,64.690,3747000
2025-08-21 14:30:00,64.680,64.710,64.380,64.410,4649470
2025-08-21 15:00:00,64.420,64.710,64.180,64.700,6901373
2025-08-22 10:00:00,64.000,64.600,63.500,63.820,8487982
2025-08-22 10:30:00,63.820,63.840,63.290,63.530,3879300
2025-08-22 11:00:00,63.530,63.650,63.280,63.330,2860100
2025-08-22 11:30:00,63.330,63.770,63.280,63.570,2247769
2025-08-22 13:30:00,63.570,63.660,63.140,63.220,3269398
2025-08-22 14:00:00,63.220,63.230,62.880,62.930,3455590
2025-08-22 14:30:00,62.930,63.110,62.920,63.000,2705500
2025-08-22 15:00:00,63.010,63.170,62.950,63.170,3984753
2025-08-25 10:00:00,63.350,63.490,62.110,62.370,7352915
2025-08-25 10:30:00,62.360,62.450,62.030,62.330,4225849
2025-08-25 11:00:00,62.320,62.400,62.120,62.400,2883200
2025-08-25 11:30:00,62.400,62.680,62.340,62.500,2366200
2025-08-25 13:30:00,62.500,62.750,62.280,62.610,3187600
2025-08-25 14:00:00,62.600,62.620,62.400,62.490,2009318
2025-08-25 14:30:00,62.500,62.750,62.460,62.740,2177882
2025-08-25 15:00:00,62.740,62.830,62.610,62.830,3967417
2025-08-26 10:00:00,62.640,63.630,62.330,63.470,7725500
2025-08-26 10:30:00,63.470,63.680,63.300,63.560,2788217
2025-08-26 11:00:00,63.560,63.930,63.520,63.930,2740700
2025-08-26 11:30:00,63.930,64.300,63.800,64.180,3767600
2025-08-26 13:30:00,64.180,64.210,63.540,63.620,2460970
2025-08-26 14:00:00,63.620,63.920,63.600,63.830,1386336
2025-08-26 14:30:00,63.830,63.940,63.600,63.780,1890600
2025-08-26 15:00:00,63.780,63.820,63.400,63.550,4089925
2025-08-27 10:00:00,63.610,65.220,63.570,64.830,7835204
2025-08-27 10:30:00,64.830,65.000,64.620,64.790,3056700
2025-08-27 11:00:00,64.790,65.650,64.710,65.570,3496100
2025-08-27 11:30:00,65.540,65.620,65.010,65.340,2212847
2025-08-27 13:30:00,65.340,65.580,65.240,65.360,2851201
2025-08-27 14:00:00,65.320,65.410,64.580,64.630,2900900
2025-08-27 14:30:00,64.640,64.950,64.300,64.310,2191700
2025-08-27 15:00:00,64.310,64.650,64.000,64.220,3484300
2025-08-28 10:00:00,64.180,64.590,63.430,63.910,3898767
2025-08-28 10:30:00,63.920,64.500,63.660,64.380,2122800
2025-08-28 11:00:00,64.380,64.410,63.820,64.020,1491800
2025-08-28 11:30:00,63.990,64.130,63.750,63.950,1032900
2025-08-28 13:30:00,63.940,63.950,63.420,63.480,1661068
2025-08-28 14:00:00,63.480,63.780,63.210,63.650,1550100
2025-08-28 14:30:00,63.660,64.050,63.610,64.030,1584200
2025-08-28 15:00:00,64.030,64.580,64.010,64.470,2831295
2025-08-29 10:00:00,64.870,65.910,64.500,65.910,5764824
2025-08-29 10:30:00,65.910,66.070,65.440,65.650,2504500
2025-08-29 11:00:00,65.640,65.900,65.510,65.560,1398310
2025-08-29 11:30:00,65.560,65.680,65.230,65.560,1288562
2025-08-29 13:30:00,65.560,65.820,65.380,65.550,1510800
2025-08-29 14:00:00,65.560,65.660,65.450,65.630,935100
2025-08-29 14:30:00,65.640,65.790,65.580,65.780,1495011
2025-08-29 15:00:00,65.770,65.800,65.590,65.660,2482256
2025-09-01 10:00:00,65.640,66.480,65.180,66.000,4888756
2025-09-01 10:30:00,66.010,66.480,65.810,65.920,2568523
2025-09-01 11:00:00,65.920,65.990,65.710,65.930,1449014
2025-09-01 11:30:00,65.920,66.000,65.610,65.680,1481000
2025-09-01 13:30:00,65.680,66.380,65.590,66.230,1980832
2025-09-01 14:00:00,66.220,66.300,66.000,66.070,1493360
2025-09-01 14:30:00,66.080,66.100,65.870,65.970,1290064
2025-09-01 15:00:00,65.960,66.100,65.800,65.810,2153575
2025-09-02 10:00:00,65.810,67.110,65.530,66.570,3847787
2025-09-02 10:30:00,66.560,67.020,66.290,67.020,2588752
2025-09-02 11:00:00,67.030,67.130,66.330,66.380,2373400
2025-09-02 11:30:00,66.380,66.680,66.100,66.480,1459588
2025-09-02 13:30:00,66.490,66.500,66.050,66.310,1643000
2025-09-02 14:00:00,66.290,66.800,66.290,66.480,1302290
2025-09-02 14:30:00,66.460,66.660,66.350,66.400,1458600
2025-09-02 15:00:00,66.400,66.800,66.320,66.460,2541336
2025-09-03 10:00:00,66.870,67.980,66.480,67.530,4920413
2025-09-03 10:30:00,67.540,68.220,67.530,68.040,3920992
2025-09-03 11:00:00,68.040,68.270,67.530,68.210,2973317
2025-09-03 11:30:00,68.210,68.280,67.840,68.000,2018466
2025-09-03 13:30:00,68.020,68.320,67.850,68.080,3744600
2025-09-03 14:00:00,68.080,68.640,67.890,68.550,3466233
2025-09-03 14:30:00,68.550,68.610,68.200,68.520,2987600
2025-09-03 15:00:00,68.520,68.870,68.200,68.730,4658206
2025-09-04 10:00:00,68.550,68.680,67.260,68.000,6738669
2025-09-04 10:30:00,68.000,68.100,67.330,67.640,3628324
2025-09-04 11:00:00,67.620,67.760,67.160,67.600,2292200
2025-09-04 11:30:00,67.670,67.990,67.530,67.620,1701767
2025-09-04 13:30:00,67.620,67.680,67.130,67.500,2719600
2025-09-04 14:00:00,67.460,67.500,66.880,67.280,2723000
2025-09-04 14:30:00,67.280,67.310,66.790,66.890,2512209
2025-09-04 15:00:00,66.900,67.770,66.450,67.340,4684735
2025-09-05 10:00:00,67.350,68.580,67.030,68.520,4623560
2025-09-05 10:30:00,68.540,69.250,68.060,68.060,3600900
2025-09-05 11:00:00,68.080,68.150,67.600,67.930,1804300
2025-09-05 11:30:00,67.920,68.090,67.820,67.970,883962
2025-09-05 13:30:00,67.980,68.010,67.600,67.860,1553268
2025-09-05 14:00:00,67.850,68.180,67.830,67.910,1217710
2025-09-05 14:30:00,67.910,68.390,67.910,68.270,1584836
2025-09-05 15:00:00,68.280,68.470,68.140,68.440,2520580
2025-09-08 10:00:00,67.940,69.800,67.880,68.710,4467819
2025-09-08 10:30:00,68.720,68.900,68.420,68.740,1835500
2025-09-08 11:00:00,68.760,69.230,68.750,68.940,1382267
2025-09-08 11:30:00,68.940,69.080,68.830,68.980,933300
2025-09-08 13:30:00,68.980,69.610,68.890,69.500,1722500
2025-09-08 14:00:00,69.500,70.120,69.470,69.520,3442452
2025-09-08 14:30:00,69.520,69.610,69.300,69.430,2242100
2025-09-08 15:00:00,69.430,69.660,69.240,69.260,2475375
2025-09-09 10:00:00,69.470,71.000,69.260,70.920,5561657
2025-09-09 10:30:00,70.920,71.710,70.680,71.600,3482971
2025-09-09 11:00:00,71.600,71.850,70.860,71.360,2282100
2025-09-09 11:30:00,71.440,71.520,70.910,71.120,1457690
2025-09-09 13:30:00,71.120,71.160,69.850,70.150,2331201
2025-09-09 14:00:00,70.140,70.550,69.800,70.150,2056150
2025-09-09 14:30:00,70.160,70.660,70.080,70.300,1177400
2025-09-09 15:00:00,70.320,70.610,70.250,70.250,2272324
2025-09-10 10:00:00,70.210,70.730,69.750,70.270,4333581
2025-09-10 10:30:00,70.280,70.280,69.560,69.660,2147661
2025-09-10 11:00:00,69.630,69.670,69.070,69.560,2687421
2025-09-10 11:30:00,69.560,69.700,69.360,69.600,1594291
2025-09-10 13:30:00,69.630,69.950,69.550,69.700,1917000
2025-09-10 14:00:00,69.710,69.830,69.590,69.720,1566468
2025-09-10 14:30:00,69.720,69.850,69.630,69.790,1052100
2025-09-10 15:00:00,69.790,69.970,69.710,69.710,1834147
2025-09-11 10:00:00,70.010,71.700,69.710,71.380,4798614
2025-09-11 10:30:00,71.400,71.960,71.310,71.720,2522400
2025-09-11 11:00:00,71.780,72.080,71.670,71.730,2156400
2025-09-11 11:30:00,71.740,71.950,71.500,71.600,1413955
2025-09-11 13:30:00,71.600,71.870,71.380,71.740,1569311
2025-09-11 14:00:00,71.710,71.740,71.420,71.570,1182100
2025-09-11 14:30:00,71.580,71.800,71.570,71.770,1051342
2025-09-11 15:00:00,71.770,71.990,71.550,71.990,2155784
2025-09-12 10:00:00,71.620,72.470,71.000,71.030,3467721
2025-09-12 10:30:00,71.030,71.300,70.910,71.060,1733317
2025-09-12 11:00:00,71.060,71.100,70.780,70.820,1606500
2025-09-12 11:30:00,70.820,71.190,70.680,71.010,1262300
2025-09-12 13:30:00,71.010,71.450,70.810,71.280,1158303
2025-09-12 14:00:00,71.280,71.300,70.810,70.930,1429600
2025-09-12 14:30:00,70.930,71.040,70.800,70.910,1043000
2025-09-12 15:00:00,70.920,71.150,70.900,71.050,2086000
2025-09-15 10:00:00,71.020,71.470,70.560,71.120,2346478
2025-09-15 10:30:00,71.130,71.770,70.810,71.660,2584700
2025-09-15 11:00:00,71.650,71.780,71.360,71.390,1047100
2025-09-15 11:30:00,71.390,71.490,71.300,71.430,639700
2025-09-15 13:30:00,71.440,71.480,71.000,71.300,1124400
2025-09-15 14:00:00,71.320,71.380,71.000,71.190,962500
2025-09-15 14:30:00,71.190,71.290,71.130,71.150,711200
2025-09-15 15:00:00,71.160,71.580,71.150,71.350,1922828
2025-09-16 10:00:00,71.600,72.080,71.460,71.990,2274724
2025-09-16 10:30:00,71.980,72.090,71.700,71.800,1053800
2025-09-16 11:00:00,71.810,71.890,71.530,71.580,959000
2025-09-16 11:30:00,71.580,72.190,71.570,72.140,1200501
2025-09-16 13:30:00,72.140,72.660,72.000,72.380,2310063
2025-09-16 14:00:00,72.380,72.500,72.230,72.490,1202460
2025-09-16 14:30:00,72.500,72.550,72.310,72.370,1315567
2025-09-16 15:00:00,72.370,72.490,72.350,72.350,1783200
2025-09-17 10:00:00,72.350,73.360,72.270,73.080,3021668
2025-09-17 10:30:00,73.090,73.690,73.000,73.410,1730000
2025-09-17 11:00:00,73.410,73.630,73.210,73.500,887700
2025-09-17 11:30:00,73.500,73.940,73.380,73.930,1050036
2025-09-17 13:30:00,73.930,73.960,73.380,73.790,1308800
2025-09-17 14:00:00,73.800,74.480,73.760,74.340,1547400
2025-09-17 14:30:00,74.340,74.380,74.010,74.140,1422700
2025-09-17 15:00:00,74.140,74.470,74.130,74.200,2095200
2025-09-18 10:00:00,74.560,74.580,73.360,73.700,3617394
2025-09-18 10:30:00,73.710,73.850,73.140,73.570,1912000
2025-09-18 11:00:00,73.530,73.560,72.890,73.120,1772300
2025-09-18 11:30:00,73.120,73.330,73.100,73.280,1089300
2025-09-18 13:30:00,73.300,73.800,73.090,73.190,1665600
2025-09-18 14:00:00,73.190,73.350,72.720,72.850,1933600
2025-09-18 14:30:00,72.850,72.950,72.200,72.220,2427600
2025-09-18 15:00:00,72.260,73.320,72.020,73.060,3141347
2025-09-19 10:00:00,72.330,72.590,71.410,72.100,3882101
2025-09-19 10:30:00,72.060,72.300,71.530,71.990,1845825
2025-09-19 11:00:00,72.000,72.010,71.600,71.740,1551100
2025-09-19 11:30:00,71.740,71.880,71.590,71.760,1474600
2025-09-19 13:30:00,71.750,72.440,71.720,72.160,1670200
2025-09-19 14:00:00,72.170,72.300,71.920,72.010,1134100
2025-09-19 14:30:00,72.010,72.450,71.900,72.390,1331501
2025-09-19 15:00:00,72.390,72.720,72.350,72.350,2456060
2025-09-22 10:00:00,72.490,72.960,71.750,71.850,4980475
2025-09-22 10:30:00,71.870,71.950,71.000,71.610,4213900
2025-09-22 11:00:00,71.610,71.950,71.600,71.870,1482000
2025-09-22 11:30:00,71.870,72.000,71.510,71.680,947230
2025-09-22 13:30:00,71.670,71.920,71.500,71.760,1471670
2025-09-22 14:00:00,71.790,72.000,71.770,71.890,1227500
2025-09-22 14:30:00,71.890,71.970,71.700,71.960,920800
2025-09-22 15:00:00,71.970,72.190,71.800,71.990,1879203
2025-09-23 10:00:00,71.990,72.630,71.300,72.320,3119202
2025-09-23 10:30:00,72.320,72.460,71.730,71.780,1488600
2025-09-23 11:00:00,71.780,71.910,71.460,71.580,1055200
2025-09-23 11:30:00,71.580,71.680,71.110,71.380,929013
2025-09-23 13:30:00,71.330,71.490,71.020,71.390,1267388
2025-09-23 14:00:00,71.390,71.750,71.260,71.750,742452
2025-09-23 14:30:00,71.690,71.960,71.510,71.810,909700
2025-09-23 15:00:00,71.800,72.140,71.680,72.090,1659375
2025-09-24 10:00:00,71.550,73.050,71.410,72.730,2304001
2025-09-24 10:30:00,72.740,73.250,72.510,73.100,2296073
2025-09-24 11:00:00,73.090,73.290,72.850,73.210,1253638
2025-09-24 11:30:00,73.210,73.600,73.050,73.600,1198921
2025-09-24 13:30:00,73.590,73.690,73.370,73.590,957641
2025-09-24 14:00:00,73.570,73.690,73.300,73.430,946100
2025-09-24 14:30:00,73.400,73.500,73.010,73.080,1113700
2025-09-24 15:00:00,73.080,73.390,73.000,73.240,1421844
2025-09-25 10:00:00,73.100,73.650,72.110,72.510,3868795
2025-09-25 10:30:00,72.500,72.770,72.330,72.650,2026200
2025-09-25 11:00:00,72.650,73.070,72.600,72.790,1310900
2025-09-25 11:30:00,72.780,72.880,72.450,72.820,825100
2025-09-25 13:30:00,72.830,72.870,72.200,72.210,1345673
2025-09-25 14:00:00,72.200,72.350,72.010,72.240,1556727
2025-09-25 14:30:00,72.340,72.710,72.310,72.520,982200
2025-09-25 15:00:00,72.520,72.690,72.490,72.510,1179168
2025-09-26 10:00:00,72.340,72.690,71.610,72.420,2279100
2025-09-26 10:30:00,72.460,72.840,72.280,72.510,1256575
2025-09-26 11:00:00,72.500,72.620,72.150,72.260,847510
2025-09-26 11:30:00,72.260,72.390,72.070,72.240,763657
2025-09-26 13:30:00,72.240,72.500,71.990,72.400,1049234
2025-09-26 14:00:00,72.400,72.500,72.300,72.360,545700
2025-09-26 14:30:00,72.360,72.390,72.130,72.200,756083
2025-09-26 15:00:00,72.200,72.300,72.000,72.120,1244072
2025-09-29 10:00:00,71.800,72.150,71.300,71.750,3021920
2025-09-29 10:30:00,71.740,72.360,71.480,72.260,2030754
2025-09-29 11:00:00,72.230,72.410,72.050,72.310,1125900
2025-09-29 11:30:00,72.300,72.570,72.280,72.470,997900
2025-09-29 13:30:00,72.380,72.510,72.250,72.500,1072555
2025-09-29 14:00:00,72.510,73.080,72.490,72.910,1970205
2025-09-29 14:30:00,72.910,73.080,72.070,72.610,2614700
2025-09-29 15:00:00,72.610,72.800,72.510,72.800,1977498
2025-09-30 10:00:00,73.090,73.120,71.800,71.940,2498096
2025-09-30 10:30:00,71.940,72.120,71.520,71.600,1708207
2025-09-30 11:00:00,71.630,71.990,71.500,71.850,926990
2025-09-30 11:30:00,71.850,72.110,71.710,72.080,698222
2025-09-30 13:30:00,72.080,72.560,72.060,72.560,1202500
2025-09-30 14:00:00,72.470,73.000,72.450,72.930,1151301
2025-09-30 14:30:00,72.940,73.430,72.880,73.170,1776782
2025-09-30 15:00:00,73.160,73.450,73.000,73.410,2824321
2025-10-09 10:00:00,72.320,72.500,70.340,71.110,4633286
2025-10-09 10:30:00,71.100,71.410,70.780,71.280,2380200
2025-10-09 11:00:00,71.260,71.700,71.220,71.580,1827414
2025-10-09 11:30:00,71.590,71.890,71.400,71.560,1511400
2025-10-09 13:30:00,71.540,71.780,71.340,71.630,1821656
2025-10-09 14:00:00,71.600,71.900,71.530,71.730,1934546
2025-10-09 14:30:00,71.740,71.820,71.520,71.530,1738354
2025-10-09 15:00:00,71.540,72.050,71.490,71.880,2670014
2025-10-10 10:00:00,71.000,72.100,71.000,71.180,3422400
2025-10-10 10:30:00,71.160,71.360,70.850,71.260,1941544
2025-10-10 11:00:00,71.250,71.350,71.070,71.200,784840
2025-10-10 11:30:00,71.190,71.250,70.880,70.970,1155160
2025-10-10 13:30:00,70.990,71.030,70.580,70.600,1181347
2025-10-10 14:00:00,70.590,70.780,70.520,70.630,985763
2025-10-10 14:30:00,70.630,70.700,70.180,70.280,1685300
2025-10-10 15:00:00,70.260,70.430,70.170,70.270,2327643
2025-10-13 10:00:00,68.550,69.860,68.080,69.380,3444199
2025-10-13 10:30:00,69.380,69.580,69.010,69.360,1496200
2025-10-13 11:00:00,69.340,69.800,69.240,69.720,944800
2025-10-13 11:30:00,69.730,69.790,69.200,69.250,1140521
2025-10-13 13:30:00,69.260,69.800,69.160,69.800,1171226
2025-10-13 14:00:00,69.800,69.990,69.530,69.790,1037654
2025-10-13 14:30:00,69.800,69.890,69.570,69.590,899600
2025-10-13 15:00:00,69.570,69.760,69.490,69.550,1771600
2025-10-14 10:00:00,70.050,70.250,68.420,68.720,4382357
2025-10-14 10:30:00,68.730,68.850,68.320,68.340,2006100
2025-10-14 11:00:00,68.340,68.380,67.810,67.920,2551000
2025-10-14 11:30:00,67.950,68.090,67.500,67.730,1808205
2025-10-14 13:30:00,67.760,67.850,67.000,67.480,3480300
2025-10-14 14:00:00,67.420,67.540,66.750,66.760,3125539
2025-10-14 14:30:00,66.770,67.000,66.280,66.990,3529970
2025-10-14 15:00:00,66.990,67.110,66.500,66.640,2487501
2025-10-15 10:00:00,67.830,68.090,65.520,65.750,5682100
2025-10-15 10:30:00,65.790,66.230,65.600,65.830,2211985
2025-10-15 11:00:00,65.800,65.860,65.380,65.600,1793774
2025-10-15 11:30:00,65.600,65.950,65.500,65.880,1247100
2025-10-15 13:30:00,65.880,66.530,65.810,66.240,2334090
2025-10-15 14:00:00,66.230,66.430,66.120,66.350,1336142
2025-10-15 14:30:00,66.350,66.780,66.290,66.780,1717875
2025-10-15 15:00:00,66.770,66.840,66.570,66.570,2651541
2025-10-16 10:00:00,66.830,67.350,66.680,67.040,3801187
2025-10-16 10:30:00,67.030,67.350,66.680,66.740,2355200
2025-10-16 11:00:00,66.740,66.970,66.630,66.860,1097000
2025-10-16 11:30:00,66.870,67.180,66.820,67.100,983700
2025-10-16 13:30:00,67.070,67.140,66.600,66.640,1529600
2025-10-16 14:00:00,66.640,66.720,66.560,66.640,1191900
2025-10-16 14:30:00,66.640,66.800,66.580,66.710,1391800
2025-10-16 15:00:00,66.700,67.020,66.670,66.880,2992555
2025-10-17 10:00:00,64.870,65.060,63.640,64.650,11683892
2025-10-17 10:30:00,64.670,64.730,64.120,64.450,2538300
2025-10-17 11:00:00,64.480,65.020,64.430,64.960,2038300
2025-10-17 11:30:00,64.960,64.970,64.550,64.560,1258200
2025-10-17 13:30:00,64.600,64.610,63.900,64.030,3175280
2025-10-17 14:00:00,64.030,64.050,63.890,63.920,2031000
2025-10-17 14:30:00,63.930,63.980,63.660,63.710,2033400
2025-10-17 15:00:00,63.720,63.800,63.300,63.480,3572328
2025-10-20 10:00:00,64.590,64.700,63.660,64.170,6223100
2025-10-20 10:30:00,64.170,64.630,64.090,64.620,3170134
2025-10-20 11:00:00,64.620,65.050,64.590,64.820,2635980
2025-10-20 11:30:00,64.830,65.200,64.630,65.200,1941786
2025-10-20 13:30:00,65.200,65.470,65.120,65.260,2606900
2025-10-20 14:00:00,65.260,65.400,65.120,65.370,1938992
2025-10-20 14:30:00,65.380,65.450,65.230,65.390,2349048
2025-10-20 15:00:00,65.380,65.820,65.330,65.570,3491514
2025-10-21 10:00:00,66.000,66.550,65.610,65.790,4316200
2025-10-21 10:30:00,65.790,65.800,65.410,65.720,1590453
2025-10-21 11:00:00,65.710,65.980,65.300,65.330,1438000
2025-10-21 11:30:00,65.330,65.550,65.240,65.400,1315700
2025-10-21 13:30:00,65.400,65.420,65.070,65.230,1553700
2025-10-21 14:00:00,65.230,65.550,65.220,65.480,1310900
2025-10-21 14:30:00,65.480,66.080,65.440,65.880,1937175
2025-10-21 15:00:00,65.890,66.060,65.800,65.800,2185081
2025-10-22 10:00:00,65.300,65.640,64.720,64.820,2315700
2025-10-22 10:30:00,64.810,64.950,64.590,64.600,1704400
2025-10-22 11:00:00,64.610,64.800,64.500,64.600,1122137
2025-10-22 11:30:00,64.580,64.600,64.350,64.360,1289600
2025-10-22 13:30:00,64.400,64.920,64.340,64.860,1607200
2025-10-22 14:00:00,64.880,64.920,64.700,64.720,803600
2025-10-22 14:30:00,64.730,64.930,64.690,64.820,778480
2025-10-22 15:00:00,64.820,64.890,64.650,64.770,1872645
2025-10-23 10:00:00,64.760,65.750,64.480,65.230,3166948
2025-10-23 10:30:00,65.230,65.710,65.150,65.680,1582600
2025-10-23 11:00:00,65.660,66.000,65.570,65.880,1941752
2025-10-23 11:30:00,65.880,66.280,65.820,66.030,1433600
2025-10-23 13:30:00,66.030,66.480,65.800,66.420,2232700
2025-10-23 14:00:00,66.420,66.660,66.000,66.640,2030446
2025-10-23 14:30:00,66.640,66.800,66.600,66.760,1807200
2025-10-23 15:00:00,66.760,67.090,66.680,66.880,2941867
2025-10-24 10:00:00,67.000,67.660,66.900,67.200,3453400
2025-10-24 10:30:00,67.200,67.540,67.080,67.080,1376330
2025-10-24 11:00:00,67.080,67.400,67.050,67.120,1103400
2025-10-24 11:30:00,67.120,67.330,67.090,67.260,795300
2025-10-24 13:30:00,67.260,67.380,67.120,67.180,1130400
2025-10-24 14:00:00,67.190,67.220,67.010,67.100,1132300
2025-10-24 14:30:00,67.100,67.240,67.060,67.130,1204634
2025-10-24 15:00:00,67.150,67.250,67.120,67.230,1625010
2025-10-27 10:00:00,67.240,67.810,66.800,67.390,3100481
2025-10-27 10:30:00,67.390,68.060,67.330,67.770,1941100
2025-10-27 11:00:00,67.770,67.900,67.560,67.650,776600
2025-10-27 11:30:00,67.650,68.120,67.610,67.960,1025200
2025-10-27 13:30:00,67.960,68.950,67.950,68.840,2525168
2025-10-27 14:00:00,68.870,69.060,68.750,68.750,2854900
2025-10-27 14:30:00,68.750,68.790,68.280,68.440,1422400
2025-10-27 15:00:00,68.440,68.510,68.200,68.380,1811735
2025-10-28 10:00:00,68.080,68.210,66.770,66.800,4238116
2025-10-28 10:30:00,66.800,67.530,66.750,67.530,2149346
2025-10-28 11:00:00,67.530,67.590,67.000,67.110,1250100
2025-10-28 11:30:00,67.100,67.290,67.000,67.070,1159380
2025-10-28 13:30:00,67.070,67.890,67.010,67.840,2039900
2025-10-28 14:00:00,67.840,67.840,67.440,67.680,1674500
2025-10-28 14:30:00,67.680,68.020,67.640,67.850,1846200
2025-10-28 15:00:00,67.810,67.850,67.390,67.530,1855078
2025-10-29 10:00:00,67.240,67.650,66.900,67.000,1959157
2025-10-29 10:30:00,67.000,67.480,66.900,67.260,1115576
2025-10-29 11:00:00,67.260,67.290,66.880,66.980,1068600
2025-10-29 11:30:00,66.980,67.230,66.950,66.960,475300
2025-10-29 13:30:00,66.950,66.990,66.870,66.990,984400
2025-10-29 14:00:00,66.960,67.280,66.940,67.080,690300
2025-10-29 14:30:00,67.120,67.310,67.080,67.280,617000
2025-10-29 15:00:00,67.280,67.440,67.260,67.360,1081610
2025-10-30 10:00:00,67.450,68.180,67.250,68.150,3266454
2025-10-30 10:30:00,68.140,68.400,67.920,68.120,1662100
2025-10-30 11:00:00,68.120,68.390,68.070,68.230,1285100
2025-10-30 11:30:00,68.230,68.500,68.220,68.480,1043900
2025-10-30 13:30:00,68.490,68.490,67.360,67.810,1926501
2025-10-30 14:00:00,67.800,68.050,67.760,68.050,801600
2025-10-30 14:30:00,68.050,68.050,67.630,67.670,855600
2025-10-30 15:00:00,67.660,68.000,67.410,67.450,1541426
2025-10-31 10:00:00,67.480,67.880,67.170,67.440,2007897
2025-10-31 10:30:00,67.440,68.060,67.380,67.740,1545173
2025-10-31 11:00:00,67.740,67.990,67.550,67.630,716000
2025-10-31 11:30:00,67.630,67.630,67.420,67.430,552178
2025-10-31 13:30:00,67.430,68.410,67.360,68.300,2084800
2025-10-31 14:00:00,68.300,68.320,67.850,67.970,1013818
2025-10-31 14:30:00,67.970,68.350,67.900,68.050,1283900
2025-10-31 15:00:00,68.050,68.060,67.500,67.500,1694833
2025-11-03 10:00:00,67.600,67.750,66.220,66.520,2328494
2025-11-03 10:30:00,66.530,66.660,66.170,66.410,1211048
2025-11-03 11:00:00,66.400,66.540,66.170,66.450,713754
2025-11-03 11:30:00,66.460,66.460,66.200,66.210,747800
2025-11-03 13:30:00,66.210,66.520,66.180,66.370,1116000
2025-11-03 14:00:00,66.360,66.460,66.310,66.310,750100
2025-11-03 14:30:00,66.330,66.370,66.220,66.270,824933
2025-11-03 15:00:00,66.280,66.350,66.200,66.260,1360285
2025-11-04 10:00:00,66.160,66.880,66.010,66.350,1961703
2025-11-04 10:30:00,66.360,66.580,66.310,66.420,796292
2025-11-04 11:00:00,66.420,66.570,66.150,66.270,827100
2025-11-04 11:30:00,66.290,66.460,66.180,66.420,439100
2025-11-04 13:30:00,66.420,67.050,66.360,66.910,1801401
2025-11-04 14:00:00,66.940,67.300,66.880,67.080,1187400
2025-11-04 14:30:00,67.080,67.100,66.630,66.640,843300
2025-11-04 15:00:00,66.640,66.750,66.380,66.670,1107228
2025-11-05 10:00:00,66.300,66.980,65.820,66.930,1795451
2025-11-05 10:30:00,66.930,67.390,66.860,66.970,1192966
2025-11-05 11:00:00,66.960,67.340,66.780,66.930,692400
2025-11-05 11:30:00,66.910,67.350,66.900,67.310,602200
2025-11-05 13:30:00,67.310,67.320,67.080,67.140,598700
2025-11-05 14:00:00,67.150,67.320,67.100,67.150,674200
2025-11-05 14:30:00,67.140,67.340,67.130,67.330,529000
2025-11-05 15:00:00,67.330,67.350,67.160,67.180,833020
2025-11-06 10:00:00,67.210,67.550,66.850,67.460,1554067
2025-11-06 10:30:00,67.450,67.550,67.230,67.510,804297
2025-11-06 11:00:00,67.510,67.560,67.350,67.500,756306
2025-11-06 11:30:00,67.500,67.550,67.380,67.450,602700
2025-11-06 13:30:00,67.450,67.470,67.230,67.370,654600
2025-11-06 14:00:00,67.370,67.450,67.290,67.400,507807
2025-11-06 14:30:00,67.400,67.690,67.400,67.540,907700
2025-11-06 15:00:00,67.540,67.600,67.460,67.510,1226542
2025-11-07 10:00:00,67.860,68.590,67.400,68.160,2737916
2025-11-07 10:30:00,68.160,68.300,67.710,67.770,1165700
2025-11-07 11:00:00,67.790,68.300,67.780,68.250,659900
2025-11-07 11:30:00,68.250,68.470,68.130,68.450,996801
2025-11-07 13:30:00,68.450,68.730,68.300,68.360,1401416
2025-11-07 14:00:00,68.360,68.420,67.970,68.050,719800
2025-11-07 14:30:00,68.050,68.280,67.900,68.030,765099
2025-11-07 15:00:00,68.030,68.200,67.910,68.030,910755
2025-11-10 10:00:00,67.940,67.970,67.000,67.020,2401984
2025-11-10 10:30:00,67.000,67.210,66.870,67.010,1319900
2025-11-10 11:00:00,67.010,67.580,67.000,67.380,587400
2025-11-10 11:30:00,67.390,67.450,67.270,67.380,446900
2025-11-10 13:30:00,67.320,67.510,67.200,67.380,599100
2025-11-10 14:00:00,67.390,67.480,67.220,67.300,554700
2025-11-10 14:30:00,67.280,67.410,67.050,67.090,876301
2025-11-10 15:00:00,67.090,67.400,67.070,67.200,1331517
2025-11-11 10:00:00,67.300,67.360,66.600,66.800,1691300
2025-11-11 10:30:00,66.830,67.120,66.640,67.010,870489
2025-11-11 11:00:00,67.030,67.190,66.900,66.920,484662
2025-11-11 11:30:00,66.920,67.200,66.850,67.160,560400
2025-11-11 13:30:00,67.160,67.250,66.910,66.910,647600
2025-11-11 14:00:00,66.920,67.000,66.740,66.780,761200
2025-11-11 14:30:00,66.790,67.110,66.720,67.030,673827
2025-11-11 15:00:00,67.010,67.180,66.980,67.080,780330
2025-11-12 10:00:00,67.180,67.180,66.520,66.670,1826537
2025-11-12 10:30:00,66.680,67.060,66.670,66.910,705201
2025-11-12 11:00:00,66.910,67.150,66.890,66.960,790927
2025-11-12 11:30:00,66.960,67.200,66.820,66.930,749684
2025-11-12 13:30:00,66.890,66.990,66.590,66.610,811500
2025-11-12 14:00:00,66.620,66.750,66.610,66.690,494100
2025-11-12 14:30:00,66.690,66.870,66.690,66.710,575213
2025-11-12 15:00:00,66.710,66.730,66.440,66.440,1881493
2025-11-13 10:00:00,66.440,66.780,65.610,65.790,1951812
2025-11-13 10:30:00,65.790,66.110,65.720,65.820,701240
2025-11-13 11:00:00,65.810,66.400,65.730,66.340,1037025
2025-11-13 11:30:00,66.350,66.440,66.070,66.290,647406
2025-11-13 13:30:00,66.290,66.330,66.060,66.280,767532
2025-11-13 14:00:00,66.280,66.400,66.170,66.350,809900
2025-11-13 14:30:00,66.350,66.380,66.140,66.350,854899
2025-11-13 15:00:00,66.340,66.660,66.340,66.640,1434868
2025-11-14 10:00:00,66.200,66.510,66.010,66.030,1174398
2025-11-14 10:30:00,66.040,66.130,65.830,66.100,1252400
2025-11-14 11:00:00,66.110,66.310,66.100,66.130,415227
2025-11-14 11:30:00,66.130,66.220,66.000,66.010,284380
2025-11-14 13:30:00,66.000,66.060,65.700,66.010,1076521
2025-11-14 14:00:00,66.000,66.140,65.970,66.040,807600
2025-11-14 14:30:00,66.030,66.280,65.940,65.970,767102
2025-11-14 15:00:00,66.000,66.020,65.780,65.800,1221300
2025-11-17 10:00:00,65.800,66.300,65.140,65.720,2227751
2025-11-17 10:30:00,65.720,66.160,65.660,66.090,558800
2025-11-17 11:00:00,66.080,66.090,65.950,65.970,356700
2025-11-17 11:30:00,65.970,66.200,65.840,65.860,465400
2025-11-17 13:30:00,65.860,66.070,65.650,65.720,562500
2025-11-17 14:00:00,65.780,65.890,65.600,65.810,650600
2025-11-17 14:30:00,65.800,65.870,65.620,65.810,747200
2025-11-17 15:00:00,65.810,66.000,65.780,65.800,897438
2025-11-18 10:00:00,65.800,65.900,65.400,65.740,984800
2025-11-18 10:30:00,65.720,65.800,65.540,65.630,506500
2025-11-18 11:00:00,65.630,65.820,65.500,65.500,640727
2025-11-18 11:30:00,65.500,65.510,65.250,65.320,706600
2025-11-18 13:30:00,65.320,65.380,65.210,65.300,495100
2025-11-18 14:00:00,65.290,65.500,65.280,65.370,336700
2025-11-18 14:30:00,65.370,65.370,65.080,65.080,785500
2025-11-18 15:00:00,65.080,65.330,65.020,65.140,947884
2025-11-19 10:00:00,65.140,65.550,65.050,65.370,791411
2025-11-19 10:30:00,65.360,65.450,65.150,65.370,508205
2025-11-19 11:00:00,65.360,65.370,65.110,65.150,347700
2025-11-19 11:30:00,65.160,65.220,64.930,64.990,562100
2025-11-19 13:30:00,64.980,65.200,64.900,65.190,647400
2025-11-19 14:00:00,65.190,65.360,65.010,65.300,910800
2025-11-19 14:30:00,65.330,65.600,65.220,65.520,1003944
2025-11-19 15:00:00,65.530,65.570,65.300,65.300,823176
2025-11-20 10:00:00,65.500,65.730,65.000,65.130,1318201
2025-11-20 10:30:00,65.130,65.340,65.060,65.230,542637
2025-11-20 11:00:00,65.220,65.490,65.180,65.220,437940
2025-11-20 11:30:00,65.220,65.490,65.160,65.320,398401
2025-11-20 13:30:00,65.320,65.450,65.100,65.410,1241900
2025-11-20 14:00:00,65.400,65.450,65.280,65.410,610400
2025-11-20 14:30:00,65.400,65.440,65.000,65.090,973900
2025-11-20 15:00:00,65.090,65.150,64.800,64.810,1675676
2025-11-21 10:00:00,64.540,64.950,64.250,64.520,1788000
2025-11-21 10:30:00,64.520,64.840,64.340,64.640,750100
2025-11-21 11:00:00,64.640,64.680,64.390,64.410,821900
2025-11-21 11:30:00,64.430,64.840,64.410,64.630,669872
2025-11-21 13:30:00,64.630,64.780,64.520,64.630,496900
2025-11-21 14:00:00,64.650,64.790,64.340,64.350,718600
2025-11-21 14:30:00,64.350,64.510,64.010,64.390,1607318
2025-11-21 15:00:00,64.380,64.420,63.990,64.030,1724402
2025-11-24 10:00:00,64.270,64.400,63.510,63.740,1597505
2025-11-24 10:30:00,63.740,64.200,63.600,64.050,896671
2025-11-24 11:00:00,64.090,64.380,64.020,64.060,653800
2025-11-24 11:30:00,64.060,64.150,63.970,64.070,496100
2025-11-24 13:30:00,64.070,64.320,64.050,64.160,795513
2025-11-24 14:00:00,64.160,64.290,64.010,64.020,836100
2025-11-24 14:30:00,64.020,64.060,63.820,64.000,1112000
2025-11-24 15:00:00,64.000,64.150,63.660,63.660,1848799
2025-11-25 10:00:00,63.970,64.800,63.880,64.480,1595387
2025-11-25 10:30:00,64.480,64.590,64.400,64.560,661086
2025-11-25 11:00:00,64.550,64.940,64.550,64.890,1107500
2025-11-25 11:30:00,64.880,65.000,64.780,64.950,783724
2025-11-25 13:30:00,64.950,64.990,64.590,64.630,695300
2025-11-25 14:00:00,64.630,64.840,64.610,64.640,347000
2025-11-25 14:30:00,64.640,64.700,64.460,64.510,600995
2025-11-25 15:00:00,64.510,64.650,64.450,64.450,1228349
2025-11-26 10:00:00,64.500,64.930,64.200,64.750,1146705
2025-11-26 10:30:00,64.710,64.750,64.420,64.520,677887
2025-11-26 11:00:00,64.550,64.620,64.360,64.550,495800
2025-11-26 11:30:00,64.550,64.790,64.460,64.740,580300
2025-11-26 13:30:00,64.730,64.980,64.720,64.850,874200
2025-11-26 14:00:00,64.850,64.870,64.720,64.840,446150
2025-11-26 14:30:00,64.820,64.890,64.750,64.890,563646
2025-11-26 15:00:00,64.890,64.910,64.770,64.800,880960
2025-11-27 10:00:00,64.600,65.160,64.370,64.950,1183988
2025-11-27 10:30:00,64.950,64.970,64.530,64.700,760218
2025-11-27 11:00:00,64.700,64.940,64.630,64.900,414453
2025-11-27 11:30:00,64.900,65.270,64.840,65.070,767475
2025-11-27 13:30:00,65.060,65.200,65.060,65.130,367000
2025-11-27 14:00:00,65.140,65.140,64.910,65.050,336613
2025-11-27 14:30:00,65.050,65.090,64.750,64.770,537400
2025-11-27 15:00:00,64.780,64.780,64.550,64.550,1341100
2025-11-28 10:00:00,64.800,65.000,64.500,64.610,949431
2025-11-28 10:30:00,64.600,65.280,64.590,65.150,1168157
2025-11-28 11:00:00,65.150,65.470,65.140,65.300,997173
2025-11-28 11:30:00,65.300,65.360,65.150,65.230,653800
2025-11-28 13:30:00,65.250,65.270,64.870,64.870,959553
2025-11-28 14:00:00,64.870,65.620,64.820,65.620,1637600
2025-11-28 14:30:00,65.610,66.010,65.600,65.950,2134387
2025-11-28 15:00:00,65.940,66.110,65.800,65.880,2302200
2025-12-01 10:00:00,65.510,65.730,64.060,64.210,5067640
2025-12-01 10:30:00,64.200,64.430,64.060,64.070,2019900
2025-12-01 11:00:00,64.070,64.560,64.030,64.490,1849890
2025-12-01 11:30:00,64.480,64.500,64.290,64.370,1262900
2025-12-01 13:30:00,64.410,64.480,64.230,64.290,1211800
2025-12-01 14:00:00,64.300,64.450,64.190,64.400,1207112
2025-12-01 14:30:00,64.400,64.800,64.380,64.780,1530900
2025-12-01 15:00:00,64.770,64.840,64.630,64.840,1718900
2025-12-02 10:00:00,64.870,65.250,64.430,64.470,1998070
2025-12-02 10:30:00,64.470,64.540,64.200,64.390,1212800
2025-12-02 11:00:00,64.390,64.390,64.230,64.300,885000
2025-12-02 11:30:00,64.310,64.350,64.150,64.150,897712
2025-12-02 13:30:00,64.170,64.170,64.000,64.030,1348188
2025-12-02 14:00:00,64.030,64.150,63.970,64.020,1138006
2025-12-02 14:30:00,64.030,64.300,64.020,64.200,1017300
2025-12-02 15:00:00,64.180,64.450,64.140,64.400,1617729
2025-12-03 10:00:00,64.550,65.080,64.350,65.080,3551939
2025-12-03 10:30:00,65.070,65.210,64.790,64.810,1325200
2025-12-03 11:00:00,64.810,64.900,64.550,64.780,716400
2025-12-03 11:30:00,64.770,64.850,64.520,64.640,499500
2025-12-03 13:30:00,64.640,64.830,64.460,64.680,887529
2025-12-03 14:00:00,64.690,64.730,64.280,64.460,860800
2025-12-03 14:30:00,64.470,64.690,64.030,64.550,905900
2025-12-03 15:00:00,64.520,64.750,64.430,64.630,1281638
2025-12-04 10:00:00,64.630,64.850,64.070,64.100,1272136
2025-12-04 10:30:00,64.090,64.150,63.900,63.970,1432400
2025-12-04 11:00:00,63.960,64.170,63.900,64.060,1061100
2025-12-04 11:30:00,64.070,64.120,63.960,64.000,693300
2025-12-04 13:30:00,64.000,64.070,63.750,63.910,1245500
2025-12-04 14:00:00,63.900,63.950,63.590,63.620,1040200
2025-12-04 14:30:00,63.590,63.810,63.530,63.790,1117430
2025-12-04 15:00:00,63.810,63.900,63.670,63.820,1445200
2025-12-05 10:00:00,63.690,64.210,63.650,63.810,1496793
2025-12-05 10:30:00,63.830,63.860,63.400,63.470,1240400
2025-12-05 11:00:00,63.480,63.630,63.280,63.550,1009000
2025-12-05 11:30:00,63.540,63.640,63.400,63.560,649105
2025-12-05 13:30:00,63.570,63.630,63.330,63.590,1175000
2025-12-05 14:00:00,63.590,63.890,63.590,63.830,1679100
2025-12-05 14:30:00,63.840,64.000,63.760,63.940,1458300
2025-12-05 15:00:00,63.950,64.030,63.880,63.930,1205700
2025-12-08 10:00:00,64.110,64.380,63.280,63.370,2556534
2025-12-08 10:30:00,63.370,63.820,63.370,63.770,829200
2025-12-08 11:00:00,63.780,64.050,63.720,63.900,734100
2025-12-08 11:30:00,63.880,63.990,63.730,63.740,358600
2025-12-08 13:30:00,63.740,63.750,63.470,63.630,868039
2025-12-08 14:00:00,63.630,63.700,63.530,63.540,559700
2025-12-08 14:30:00,63.540,63.550,63.350,63.350,991400
2025-12-08 15:00:00,63.350,63.600,63.290,63.450,2099227
2025-12-09 10:00:00,63.450,63.460,62.610,62.950,3635700
2025-12-09 10:30:00,62.890,63.060,62.720,62.730,1399600
2025-12-09 11:00:00,62.720,62.730,62.550,62.640,1640228
2025-12-09 11:30:00,62.650,62.760,62.600,62.670,917500
2025-12-09 13:30:00,62.680,62.700,62.200,62.210,2169100
2025-12-09 14:00:00,62.210,62.230,62.000,62.020,1973500
2025-12-09 14:30:00,62.020,62.180,62.000,62.120,1506300
2025-12-09 15:00:00,62.120,62.220,62.050,62.120,1866712
2025-12-10 10:00:00,62.120,62.380,61.800,61.900,1699422
2025-12-10 10:30:00,61.910,62.340,61.810,61.980,1411416
2025-12-10 11:00:00,61.990,62.110,61.710,62.030,1147100
2025-12-10 11:30:00,62.030,62.110,61.700,61.730,1140400
2025-12-10 13:30:00,61.730,61.880,61.560,61.790,1553800
2025-12-10 14:00:00,61.760,61.800,61.550,61.610,1514000
2025-12-10 14:30:00,61.640,61.940,61.600,61.890,1142087
2025-12-10 15:00:00,61.890,61.990,61.800,61.800,1298370
2025-12-11 10:00:00,61.810,62.320,61.570,62.250,2363500
2025-12-11 10:30:00,62.260,62.490,62.010,62.110,1744100
2025-12-11 11:00:00,62.110,62.180,61.990,62.150,751100
2025-12-11 11:30:00,62.150,62.160,61.920,62.050,838500
2025-12-11 13:30:00,62.040,62.080,61.660,61.660,1177800
2025-12-11 14:00:00,61.690,61.800,61.630,61.750,731216
2025-12-11 14:30:00,61.750,61.830,61.610,61.610,819800
2025-12-11 15:00:00,61.630,61.760,61.500,61.500,1490602
2025-12-12 10:00:00,61.490,61.550,61.040,61.490,2118031
2025-12-12 10:30:00,61.480,61.600,61.210,61.550,1414100
2025-12-12 11:00:00,61.540,61.690,61.440,61.540,1337200
2025-12-12 11:30:00,61.520,61.780,61.500,61.640,1360000
2025-12-12 13:30:00,61.640,61.770,61.350,61.680,1794700
2025-12-12 14:00:00,61.680,61.750,61.560,61.650,1569300
2025-12-12 14:30:00,61.640,61.750,61.560,61.710,1592200
2025-12-12 15:00:00,61.720,61.950,61.660,61.950,2316009
2025-12-15 10:00:00,61.950,62.520,61.710,62.480,2842300
2025-12-15 10:30:00,62.470,62.490,62.060,62.200,1023800
2025-12-15 11:00:00,62.200,62.460,62.190,62.290,874200
2025-12-15 11:30:00,62.270,62.400,62.210,62.240,764900
2025-12-15 13:30:00,62.250,62.400,62.100,62.160,762000
2025-12-15 14:00:00,62.160,62.190,61.960,62.130,894523
2025-12-15 14:30:00,62.130,62.180,62.030,62.130,762000
2025-12-15 15:00:00,62.130,62.260,62.080,62.090,1630270
2025-12-16 10:00:00,62.260,62.310,61.560,61.860,1727571
2025-12-16 10:30:00,61.830,62.090,61.700,61.840,902600
2025-12-16 11:00:00,61.820,61.870,61.510,61.790,903900
2025-12-16 11:30:00,61.770,61.800,61.580,61.760,722600
2025-12-16 13:30:00,61.750,61.890,61.510,61.580,1047900
2025-12-16 14:00:00,61.580,61.710,61.530,61.560,822500
2025-12-16 14:30:00,61.570,61.710,61.470,61.510,991200
2025-12-16 15:00:00,61.510,61.700,61.300,61.360,1191300
2025-12-17 10:00:00,61.360,61.590,61.080,61.520,1214300
2025-12-17 10:30:00,61.530,61.640,61.380,61.410,729600
2025-12-17 11:00:00,61.400,61.460,61.300,61.360,389700
2025-12-17 11:30:00,61.370,61.600,61.330,61.500,469600
2025-12-17 13:30:00,61.500,61.890,61.400,61.610,1530700
2025-12-17 14:00:00,61.620,62.240,61.610,62.230,2123310
2025-12-17 14:30:00,62.220,62.350,62.080,62.140,1735300
2025-12-17 15:00:00,62.140,62.230,62.000,62.080,1780773
2025-12-18 10:00:00,62.090,62.230,61.850,62.160,1100697
2025-12-18 10:30:00,62.160,62.250,62.010,62.170,817800
2025-12-18 11:00:00,62.190,62.220,61.950,62.080,566464
2025-12-18 11:30:00,62.070,62.200,62.030,62.150,450800
2025-12-18 13:30:00,62.180,62.200,62.010,62.070,438611
2025-12-18 14:00:00,62.030,62.250,62.030,62.220,602400
2025-12-18 14:30:00,62.220,62.410,62.110,62.410,1044155
2025-12-18 15:00:00,62.410,62.440,62.200,62.300,1306033
2025-12-19 10:00:00,62.140,62.490,62.070,62.440,1021000
2025-12-19 10:30:00,62.440,62.850,62.430,62.800,1512300
2025-12-19 11:00:00,62.800,62.880,62.570,62.770,963233
2025-12-19 11:30:00,62.760,62.780,62.570,62.700,720500
2025-12-19 13:30:00,62.700,62.770,62.430,62.530,871700
2025-12-19 14:00:00,62.540,62.640,62.360,62.380,778300
2025-12-19 14:30:00,62.380,62.550,62.280,62.400,1007140
2025-12-19 15:00:00,62.390,62.460,62.070,62.070,1581822
2025-12-22 10:00:00,60.900,62.160,60.850,62.080,3377928
2025-12-22 10:30:00,62.070,62.590,61.960,62.570,1857000
2025-12-22 11:00:00,62.590,63.470,62.530,63.220,4268093
2025-12-22 11:30:00,63.230,63.300,62.560,62.570,1617500
2025-12-22 13:30:00,62.580,63.150,62.560,63.020,1482500
2025-12-22 14:00:00,63.030,63.250,62.900,63.150,1303600
2025-12-22 14:30:00,63.160,63.270,63.090,63.090,1381100
2025-12-22 15:00:00,63.090,63.100,62.700,62.820,2392763
2025-12-23 10:00:00,62.830,63.250,61.710,61.980,4050900
2025-12-23 10:30:00,61.980,62.150,61.720,62.010,1547402
2025-12-23 11:00:00,62.020,62.310,62.010,62.290,1001400
2025-12-23 11:30:00,62.260,62.640,62.260,62.600,1165403
2025-12-23 13:30:00,62.630,62.660,62.320,62.550,963200
2025-12-23 14:00:00,62.550,62.670,62.400,62.480,740100
2025-12-23 14:30:00,62.480,62.820,62.470,62.720,990383
2025-12-23 15:00:00,62.760,62.820,62.590,62.680,1276667
2025-12-24 10:00:00,62.780,63.680,62.620,63.000,3114190
2025-12-24 10:30:00,63.000,63.080,62.710,62.780,957324
2025-12-24 11:00:00,62.760,62.920,62.620,62.710,714300
2025-12-24 11:30:00,62.680,62.890,62.640,62.750,571600
2025-12-24 13:30:00,62.750,62.880,62.510,62.850,893500
2025-12-24 14:00:00,62.860,62.970,62.670,62.770,775000
2025-12-24 14:30:00,62.760,63.140,62.700,62.980,1002400
2025-12-24 15:00:00,63.020,63.280,62.950,63.080,1550283
2025-12-25 10:00:00,63.060,63.250,62.780,63.110,774400
2025-12-25 10:30:00,63.100,63.380,63.100,63.350,633200
2025-12-25 11:00:00,63.350,63.990,63.350,63.560,1729334
2025-12-25 11:30:00,63.560,63.800,63.550,63.650,477900
2025-12-25 13:30:00,63.650,63.730,63.400,63.560,532501
2025-12-25 14:00:00,63.560,63.750,63.550,63.590,463600
2025-12-25 14:30:00,63.600,63.700,63.550,63.590,783035
2025-12-25 15:00:00,63.600,63.600,63.490,63.520,862300
2025-12-26 10:00:00,63.760,63.830,63.300,63.370,1268000
2025-12-26 10:30:00,63.370,63.450,63.210,63.390,849500
2025-12-26 11:00:00,63.380,63.740,63.360,63.570,580220
2025-12-26 11:30:00,63.560,63.620,63.230,63.320,582977
2025-12-26 13:30:00,63.320,63.620,63.250,63.610,622734
2025-12-26 14:00:00,63.610,63.680,63.520,63.550,508500
2025-12-26 14:30:00,63.550,63.650,63.530,63.550,653000
2025-12-26 15:00:00,63.590,63.780,63.510,63.710,1292641
2025-12-29 10:00:00,63.650,64.190,63.330,63.620,2325100
2025-12-29 10:30:00,63.630,64.310,63.440,64.210,1751472
2025-12-29 11:00:00,64.190,64.230,63.800,63.990,938000
2025-12-29 11:30:00,63.990,64.100,63.620,63.670,666600
2025-12-29 13:30:00,63.660,63.830,63.460,63.470,767100
2025-12-29 14:00:00,63.490,63.510,63.330,63.410,828900
2025-12-29 14:30:00,63.390,63.410,63.090,63.120,1079900
2025-12-29 15:00:00,63.110,63.300,63.050,63.180,1067985
2025-12-30 10:00:00,63.030,64.450,63.000,64.260,3178277
2025-12-30 10:30:00,64.220,64.290,63.920,63.980,1003001
2025-12-30 11:00:00,63.980,64.290,63.940,64.210,938800
2025-12-30 11:30:00,64.220,64.250,64.000,64.180,650600
2025-12-30 13:30:00,64.190,64.290,64.000,64.270,850601
2025-12-30 14:00:00,64.270,64.400,64.240,64.300,955500
2025-12-30 14:30:00,64.290,64.750,64.270,64.650,1763580
2025-12-30 15:00:00,64.670,64.750,64.320,64.500,1939843
2025-12-31 10:00:00,64.440,64.540,64.110,64.420,1455981
2025-12-31 10:30:00,64.420,64.970,64.200,64.670,2063700
2025-12-31 11:00:00,64.690,64.760,64.380,64.420,645600
2025-12-31 11:30:00,64.420,64.740,64.400,64.650,673622
2025-12-31 13:30:00,64.640,64.960,64.300,64.910,1222500
2025-12-31 14:00:00,64.910,65.010,64.700,64.760,850400
2025-12-31 14:30:00,64.760,64.830,64.650,64.670,498800
2025-12-31 15:00:00,64.660,64.900,64.520,64.770,980470
2026-01-05 10:00:00,64.790,64.820,64.060,64.130,2807400
2026-01-05 10:30:00,64.120,64.300,63.700,64.080,2648800
2026-01-05 11:00:00,64.040,64.400,63.870,64.100,1858601
2026-01-05 11:30:00,64.090,64.140,63.950,63.950,1122192
2026-01-05 13:30:00,63.950,64.390,63.890,64.120,1444300
2026-01-05 14:00:00,64.110,64.580,64.090,64.550,842300
2026-01-05 14:30:00,64.560,64.770,64.370,64.700,1200500
2026-01-05 15:00:00,64.710,64.800,64.290,64.500,2435844
2026-01-06 10:00:00,64.400,64.470,63.930,64.410,2445870
2026-01-06 10:30:00,64.410,64.490,64.210,64.460,1477200
2026-01-06 11:00:00,64.460,64.470,63.810,64.060,2024928
2026-01-06 11:30:00,64.060,64.180,63.990,64.000,1152200
2026-01-06 13:30:00,64.000,64.040,63.690,63.890,1779700
2026-01-06 14:00:00,63.880,64.130,63.880,64.060,1220900
2026-01-06 14:30:00,64.060,64.390,64.060,64.350,1749600
2026-01-06 15:00:00,64.340,64.680,64.330,64.380,2437552
2026-01-07 10:00:00,64.380,64.760,64.090,64.430,1977400
2026-01-07 10:30:00,64.430,64.440,63.800,63.800,2173986
2026-01-07 11:00:00,63.800,64.330,63.730,64.210,1166281
2026-01-07 11:30:00,64.210,64.600,64.160,64.560,1241661
2026-01-07 13:30:00,64.560,64.980,64.500,64.650,2375100
2026-01-07 14:00:00,64.650,64.680,64.330,64.500,793500
2026-01-07 14:30:00,64.510,64.650,64.460,64.460,638700
2026-01-07 15:00:00,64.470,64.530,64.340,64.530,1247389
2026-01-08 10:00:00,64.360,64.360,63.110,63.360,4275811
2026-01-08 10:30:00,63.360,63.360,63.110,63.260,1964300
2026-01-08 11:00:00,63.260,63.320,63.150,63.210,971900
2026-01-08 11:30:00,63.220,63.600,63.200,63.390,1094900
2026-01-08 13:30:00,63.370,63.730,63.240,63.410,1840300
2026-01-08 14:00:00,63.410,63.510,63.200,63.380,1698700
2026-01-08 14:30:00,63.370,63.540,63.180,63.280,2420700
2026-01-08 15:00:00,63.290,63.430,63.150,63.150,2013881
2026-01-09 10:00:00,63.510,63.990,63.200,63.690,2659762
2026-01-09 10:30:00,63.690,63.850,63.650,63.800,1078452
2026-01-09 11:00:00,63.790,63.840,63.400,63.470,1098900
2026-01-09 11:30:00,63.470,63.500,63.310,63.310,820368
2026-01-09 13:30:00,63.320,63.450,63.120,63.400,1055900
2026-01-09 14:00:00,63.410,63.500,63.290,63.400,845800
2026-01-09 14:30:00,63.410,63.510,63.410,63.500,719700
2026-01-09 15:00:00,63.490,63.590,63.450,63.530,1535600
2026-01-12 10:00:00,63.540,63.730,62.320,62.660,4257843
2026-01-12 10:30:00,62.650,62.690,62.360,62.380,1749992
2026-01-12 11:00:00,62.390,62.540,62.210,62.530,1665100
2026-01-12 11:30:00,62.540,62.550,62.390,62.430,798600
2026-01-12 13:30:00,62.430,62.680,62.350,62.360,1653601
2026-01-12 14:00:00,62.360,62.400,62.150,62.350,2359900
2026-01-12 14:30:00,62.360,62.410,62.160,62.320,1993500
2026-01-12 15:00:00,62.330,62.340,62.150,62.250,2604255
2026-01-13 10:00:00,62.250,62.480,61.900,62.240,4387700
2026-01-13 10:30:00,62.240,62.280,62.000,62.030,1752100
2026-01-13 11:00:00,62.030,62.040,61.650,61.650,3318256
2026-01-13 11:30:00,61.650,61.680,61.550,61.560,2300800
2026-01-13 13:30:00,61.560,61.600,61.320,61.510,2810755
2026-01-13 14:00:00,61.510,61.570,61.320,61.400,2530700
2026-01-13 14:30:00,61.400,61.450,61.320,61.350,2012700
2026-01-13 15:00:00,61.350,61.390,61.090,61.220,3096020
2026-01-14 10:00:00,61.220,61.510,61.030,61.490,2737131
2026-01-14 10:30:00,61.480,61.640,61.410,61.500,1890177
2026-01-14 11:00:00,61.500,61.510,61.270,61.360,1434100
2026-01-14 11:30:00,61.350,61.490,61.310,61.480,903813
2026-01-14 13:30:00,61.470,61.500,60.900,60.980,3089857
2026-01-14 14:00:00,60.990,61.020,60.480,60.480,2741311
2026-01-14 14:30:00,60.480,60.630,60.310,60.480,2517800
2026-01-14 15:00:00,60.480,60.710,60.350,60.550,2370584
2026-01-15 10:00:00,60.510,61.350,60.360,60.990,2907256
2026-01-15 10:30:00,60.990,61.010,60.580,60.580,2043500
2026-01-15 11:00:00,60.590,61.010,60.540,60.950,1852300
2026-01-15 11:30:00,60.950,61.150,60.910,61.110,1265751
2026-01-15 13:30:00,61.100,61.560,61.000,61.540,2956508
2026-01-15 14:00:00,61.540,61.550,61.300,61.380,816000
2026-01-15 14:30:00,61.360,61.490,61.230,61.300,1171600
2026-01-15 15:00:00,61.280,61.450,61.200,61.330,1934470
2026-01-16 10:00:00,61.140,61.780,61.120,61.360,2739866
2026-01-16 10:30:00,61.370,61.700,61.170,61.590,1924728
2026-01-16 11:00:00,61.600,61.750,61.550,61.710,1274600
2026-01-16 11:30:00,61.750,61.930,61.400,61.460,1648400
2026-01-16 13:30:00,61.460,61.800,61.330,61.760,1613400
2026-01-16 14:00:00,61.760,61.840,61.350,61.370,1389409
2026-01-16 14:30:00,61.370,61.460,61.210,61.390,1487300
2026-01-16 15:00:00,61.390,61.490,61.130,61.200,2313801
2026-01-19 10:00:00,61.160,61.510,61.080,61.400,2067531
2026-01-19 10:30:00,61.400,61.450,61.120,61.220,1258562
2026-01-19 11:00:00,61.220,61.260,61.000,61.190,1431300
2026-01-19 11:30:00,61.180,61.200,60.930,61.010,1069800
2026-01-19 13:30:00,61.010,61.240,60.980,61.080,992100
2026-01-19 14:00:00,61.080,61.120,60.890,60.970,1600000
2026-01-19 14:30:00,60.950,61.160,60.930,61.070,960100
2026-01-19 15:00:00,61.080,61.140,61.000,61.120,1278096
2026-01-20 10:00:00,61.160,61.540,61.010,61.100,2676630
2026-01-20 10:30:00,61.100,61.580,61.050,61.330,1953718
2026-01-20 11:00:00,61.330,61.750,61.230,61.710,2031019
2026-01-20 11:30:00,61.730,61.880,61.450,61.480,1409401
2026-01-20 13:30:00,61.480,61.780,61.480,61.640,775800
2026-01-20 14:00:00,61.640,61.800,61.560,61.610,1218200
2026-01-20 14:30:00,61.620,61.730,61.550,61.710,976110
2026-01-20 15:00:00,61.720,61.800,61.600,61.640,1582595
2026-01-21 10:00:00,61.800,61.820,61.090,61.120,2291294
2026-01-21 10:30:00,61.120,61.300,61.080,61.240,1317500
2026-01-21 11:00:00,61.230,61.270,61.100,61.220,971600
2026-01-21 11:30:00,61.220,61.310,61.000,61.050,1654141
2026-01-21 13:30:00,61.050,61.250,61.030,61.060,968700
2026-01-21 14:00:00,61.050,61.190,60.900,61.070,1713059
2026-01-21 14:30:00,61.080,61.150,60.790,60.860,2533900
2026-01-21 15:00:00,60.870,60.980,60.700,60.730,2421171
2026-01-22 10:00:00,60.980,61.900,60.860,61.610,5422068
2026-01-22 10:30:00,61.600,61.890,61.170,61.210,3167500
2026-01-22 11:00:00,61.210,61.440,61.190,61.370,1341608
2026-01-22 11:30:00,61.350,61.370,61.010,61.010,1239400
2026-01-22 13:30:00,61.030,61.300,60.990,61.220,1133153
2026-01-22 14:00:00,61.210,61.300,61.180,61.270,856600
2026-01-22 14:30:00,61.280,61.440,61.050,61.360,1228000
2026-01-22 15:00:00,61.380,61.380,61.010,61.130,2524225
2026-01-23 10:00:00,61.250,61.950,61.130,61.810,4653467
2026-01-23 10:30:00,61.810,61.830,61.400,61.450,2153701
2026-01-23 11:00:00,61.440,62.020,61.360,61.700,4776901
2026-01-23 11:30:00,61.680,61.880,61.520,61.820,1667600
2026-01-23 13:30:00,61.820,61.990,61.320,61.360,1981356
2026-01-23 14:00:00,61.360,61.560,61.310,61.430,1370728
2026-01-23 14:30:00,61.410,61.560,61.300,61.340,2067800
2026-01-23 15:00:00,61.350,61.450,61.130,61.290,4338675
2026-01-26 10:00:00,61.340,61.500,60.350,60.360,6442386
2026-01-26 10:30:00,60.360,61.360,60.350,61.270,3698501
2026-01-26 11:00:00,61.250,61.720,60.610,60.630,3250300
2026-01-26 11:30:00,60.650,60.880,60.550,60.710,1774364
2026-01-26 13:30:00,60.680,60.720,60.500,60.670,2209900
2026-01-26 14:00:00,60.660,60.880,60.550,60.650,1853315
2026-01-26 14:30:00,60.630,60.730,60.510,60.640,1611100
2026-01-26 15:00:00,60.630,60.720,60.480,60.480,2879269
2026-01-27 10:00:00,61.160,63.000,60.690,62.860,14830439
2026-01-27 10:30:00,62.880,63.430,62.600,63.070,8272216
2026-01-27 11:00:00,63.080,63.300,62.610,62.950,3403489
2026-01-27 11:30:00,62.950,63.300,62.940,63.090,2674800
2026-01-27 13:30:00,63.090,63.280,62.900,63.050,2163921
2026-01-27 14:00:00,63.050,63.060,62.700,62.890,1889900
2026-01-27 14:30:00,62.900,62.940,62.630,62.660,2544932
2026-01-27 15:00:00,62.660,62.680,62.180,62.350,4476219
2026-01-28 10:00:00,62.500,62.590,61.610,62.320,5432839
2026-01-28 10:30:00,62.330,62.680,62.030,62.190,2340521
2026-01-28 11:00:00,62.200,62.370,61.830,61.920,2414200
2026-01-28 11:30:00,61.920,62.220,61.850,62.160,1410390
2026-01-28 13:30:00,62.180,62.350,61.850,61.990,2463900
2026-01-28 14:00:00,62.010,62.250,61.920,62.210,1468100
2026-01-28 14:30:00,62.210,62.750,62.200,62.600,2675718
2026-01-28 15:00:00,62.600,62.660,62.000,62.110,4442385
2026-01-29 10:00:00,62.150,62.530,61.730,61.850,3457301
2026-01-29 10:30:00,61.850,61.900,61.550,61.550,2915825
2026-01-29 11:00:00,61.560,61.670,61.390,61.460,2290425
2026-01-29 11:30:00,61.460,61.580,61.370,61.460,1451604
2026-01-29 13:30:00,61.470,61.850,61.430,61.840,1943750
2026-01-29 14:00:00,61.820,62.010,61.730,61.970,1331400
2026-01-29 14:30:00,61.970,62.320,61.940,61.970,2196300
2026-01-29 15:00:00,62.020,62.190,61.810,62.140,2640892
2026-01-30 10:00:00,61.810,62.820,61.680,62.430,3476207
2026-01-30 10:30:00,62.430,62.730,61.930,61.930,2069508
2026-01-30 11:00:00,61.930,62.110,61.700,61.970,1205750
2026-01-30 11:30:00,61.970,62.140,61.890,62.100,922500
2026-01-30 13:30:00,62.090,62.520,62.020,62.360,1552600
2026-01-30 14:00:00,62.360,62.370,61.950,61.970,1121850
2026-01-30 14:30:00,61.970,62.010,61.700,61.720,1658900
2026-01-30 15:00:00,61.720,61.880,61.710,61.740,1938099
2026-02-02 10:00:00,61.760,62.050,60.670,61.630,3732400
2026-02-02 10:30:00,61.640,61.830,61.310,61.310,1515864
2026-02-02 11:00:00,61.310,61.330,60.930,60.960,1567200
2026-02-02 11:30:00,60.970,61.050,60.720,60.740,1738600
2026-02-02 13:30:00,60.740,60.980,60.700,60.740,1671400
2026-02-02 14:00:00,60.730,60.800,60.160,60.380,4052050
2026-02-02 14:30:00,60.380,60.660,60.200,60.210,1999400
2026-02-02 15:00:00,60.210,60.320,60.120,60.160,3164978
2026-02-03 10:00:00,60.350,61.050,60.220,60.610,3069829
2026-02-03 10:30:00,60.610,60.610,60.030,60.050,2030600
2026-02-03 11:00:00,60.050,60.160,59.830,60.040,1901300
2026-02-03 11:30:00,60.040,60.270,59.960,60.210,933200
2026-02-03 13:30:00,60.210,60.340,60.090,60.190,948480
2026-02-03 14:00:00,60.190,60.230,60.070,60.200,1218800
2026-02-03 14:30:00,60.190,60.460,60.040,60.420,1323432
2026-02-03 15:00:00,60.410,60.650,60.400,60.500,1701851
2026-02-04 10:00:00,60.500,62.320,60.380,61.240,8143376
2026-02-04 10:30:00,61.200,61.300,61.040,61.170,1574531
2026-02-04 11:00:00,61.180,61.460,61.050,61.200,1038000
2026-02-04 11:30:00,61.190,61.540,61.070,61.280,1597900
2026-02-04 13:30:00,61.270,62.100,61.270,62.000,3793488
2026-02-04 14:00:00,62.000,62.530,61.970,62.390,4438811
2026-02-04 14:30:00,62.380,62.860,62.320,62.600,4083524
2026-02-04 15:00:00,62.610,62.780,62.570,62.640,2847129
2026-02-05 10:00:00,62.670,63.370,62.360,63.050,4782300
2026-02-05 10:30:00,63.040,63.050,62.600,62.790,1845900
2026-02-05 11:00:00,62.780,62.900,62.410,62.530,1455200
2026-02-05 11:30:00,62.530,62.670,62.460,62.540,1060400
2026-02-05 13:30:00,62.580,62.770,62.480,62.740,1181812
2026-02-05 14:00:00,62.730,62.910,62.640,62.830,1241270
2026-02-05 14:30:00,62.830,62.860,62.600,62.710,1343715
2026-02-05 15:00:00,62.710,62.800,62.570,62.650,1816275
2026-02-06 10:00:00,62.700,62.980,60.600,60.660,6623334
2026-02-06 10:30:00,60.660,61.180,60.620,61.130,2548700
2026-02-06 11:00:00,61.120,61.130,60.540,60.790,4121000
2026-02-06 11:30:00,60.770,60.980,60.680,60.910,1188900
2026-02-06 13:30:00,60.920,60.980,60.780,60.830,1523700
2026-02-06 14:00:00,60.840,60.850,60.720,60.810,1580682
2026-02-06 14:30:00,60.810,60.880,60.710,60.780,2535818
2026-02-06 15:00:00,60.790,60.790,60.600,60.600,4228805
2026-02-09 10:00:00,61.050,61.140,60.470,60.670,4512242
2026-02-09 10:30:00,60.660,60.680,60.400,60.410,2764490
2026-02-09 11:00:00,60.410,60.650,60.220,60.540,2195706
2026-02-09 11:30:00,60.550,60.600,60.470,60.500,709000
2026-02-09 13:30:00,60.500,60.520,60.250,60.260,2588578
2026-02-09 14:00:00,60.270,60.280,60.130,60.220,2632301
2026-02-09 14:30:00,60.220,60.240,60.150,60.160,2089200
2026-02-09 15:00:00,60.160,60.280,60.110,60.140,4426513
2026-02-10 10:00:00,60.160,60.720,60.100,60.400,5022555
2026-02-10 10:30:00,60.400,60.670,60.380,60.590,2484600
2026-02-10 11:00:00,60.590,60.610,60.430,60.480,1434900
2026-02-10 11:30:00,60.480,60.550,60.320,60.350,1407800
2026-02-10 13:30:00,60.350,60.380,60.190,60.350,1189000
2026-02-10 14:00:00,60.350,60.510,60.330,60.450,1141400
2026-02-10 14:30:00,60.440,60.660,60.430,60.520,1611170
2026-02-10 15:00:00,60.520,60.660,60.480,60.480,2964408
2026-02-11 10:00:00,60.480,60.790,60.210,60.320,2472632
2026-02-11 10:30:00,60.320,60.380,60.150,60.280,1627558
2026-02-11 11:00:00,60.270,60.470,60.260,60.320,725077
2026-02-11 11:30:00,60.320,60.390,60.230,60.270,579800
2026-02-11 13:30:00,60.270,60.360,60.230,60.250,801600
2026-02-11 14:00:00,60.250,60.510,60.250,60.360,829000
2026-02-11 14:30:00,60.380,60.510,60.320,60.430,815700
2026-02-11 15:00:00,60.420,60.540,60.400,60.490,1562800
2026-02-12 10:00:00,60.250,60.390,59.950,59.970,5256200
2026-02-12 10:30:00,59.970,59.990,59.200,59.300,6507915
2026-02-12 11:00:00,59.290,59.310,58.980,59.030,4721500
2026-02-12 11:30:00,59.030,59.350,59.020,59.290,1371672
2026-02-12 13:30:00,59.300,59.400,59.000,59.340,3287400
2026-02-12 14:00:00,59.340,59.540,59.120,59.360,2175700
2026-02-12 14:30:00,59.360,59.530,59.300,59.380,2398347
2026-02-12 15:00:00,59.380,59.510,59.310,59.420,2211097
2026-02-13 10:00:00,59.120,59.920,59.010,59.830,3677230
2026-02-13 10:30:00,59.830,60.010,59.750,59.920,2143928
2026-02-13 11:00:00,59.920,59.980,59.760,59.780,986650
2026-02-13 11:30:00,59.780,59.810,59.510,59.510,1027768
2026-02-13 13:30:00,59.520,59.700,59.510,59.510,1416491
2026-02-13 14:00:00,59.520,59.620,59.430,59.470,1726600
2026-02-13 14:30:00,59.470,59.610,59.410,59.470,2066532
2026-02-13 15:00:00,59.460,59.570,59.180,59.380,2643806
2026-02-24 10:00:00,60.900,61.170,59.720,60.250,8361507
2026-02-24 10:30:00,60.240,60.880,60.210,60.760,2848422
2026-02-24 11:00:00,60.740,60.950,60.700,60.860,2013201
2026-02-24 11:30:00,60.860,60.980,60.820,60.840,1541800
2026-02-24 13:30:00,60.840,61.380,60.770,61.150,4303286
2026-02-24 14:00:00,61.140,61.370,61.130,61.300,1979910
2026-02-24 14:30:00,61.320,61.400,61.300,61.340,2074001
2026-02-24 15:00:00,61.350,61.610,61.330,61.490,3784938
2026-02-25 10:00:00,61.240,61.990,61.190,61.720,2690607
2026-02-25 10:30:00,61.720,61.780,61.530,61.680,1291500
2026-02-25 11:00:00,61.660,61.900,61.560,61.800,1172253
2026-02-25 11:30:00,61.800,62.050,61.660,61.940,1905274
2026-02-25 13:30:00,61.930,62.340,61.780,62.020,2260122
2026-02-25 14:00:00,62.020,62.080,61.880,61.890,1496156
2026-02-25 14:30:00,61.890,61.920,61.650,61.740,1573614
2026-02-25 15:00:00,61.740,61.820,61.660,61.820,2390581
2026-02-26 10:00:00,61.830,62.260,61.470,61.930,3461252
2026-02-26 10:30:00,61.930,61.970,61.520,61.530,1134550
2026-02-26 11:00:00,61.530,61.730,61.510,61.600,898050
2026-02-26 11:30:00,61.600,61.830,61.590,61.700,708400
2026-02-26 13:30:00,61.700,61.790,61.410,61.420,1459502
2026-02-26 14:00:00,61.440,61.450,61.190,61.340,1239638
2026-02-26 14:30:00,61.340,61.450,61.300,61.430,874662
2026-02-26 15:00:00,61.440,61.530,61.420,61.530,1199181
2026-02-27 10:00:00,61.210,61.450,60.510,60.920,3879711
2026-02-27 10:30:00,60.920,61.130,60.850,60.890,1334823
2026-02-27 11:00:00,60.890,60.940,60.600,60.610,1181198
2026-02-27 11:30:00,60.620,60.660,60.510,60.520,1199600
2026-02-27 13:30:00,60.530,60.800,60.400,60.800,1592900
2026-02-27 14:00:00,60.780,60.820,60.470,60.520,769400
2026-02-27 14:30:00,60.520,60.800,60.480,60.780,1465700
2026-02-27 15:00:00,60.780,60.950,60.400,60.400,2823529
2026-03-02 10:00:00,60.350,61.180,60.050,60.830,3626283
2026-03-02 10:30:00,60.830,60.890,60.310,60.310,1794301
2026-03-02 11:00:00,60.320,60.750,60.300,60.600,956500
2026-03-02 11:30:00,60.600,60.720,60.460,60.570,729100
2026-03-02 13:30:00,60.580,61.020,60.450,60.770,1644742
2026-03-02 14:00:00,60.770,60.790,60.530,60.620,1474195
2026-03-02 14:30:00,60.630,60.670,60.450,60.500,1680991
2026-03-02 15:00:00,60.490,60.610,60.420,60.470,1993465
2026-03-03 10:00:00,60.470,61.220,60.470,60.590,3969260
2026-03-03 10:30:00,60.610,60.770,60.450,60.550,2317000
2026-03-03 11:00:00,60.550,60.900,60.550,60.670,1490890
2026-03-03 11:30:00,60.670,60.980,60.610,60.630,1246445
2026-03-03 13:30:00,60.660,60.670,60.380,60.430,1258500
2026-03-03 14:00:00,60.430,60.430,60.120,60.130,1182000
2026-03-03 14:30:00,60.130,60.150,59.920,60.010,2198700
2026-03-03 15:00:00,60.020,60.060,59.800,59.840,2049922
2026-03-04 10:00:00,59.500,59.710,59.020,59.240,3647354
2026-03-04 10:30:00,59.250,59.450,59.090,59.110,1656400
2026-03-04 11:00:00,59.100,59.110,58.760,58.850,2685580
2026-03-04 11:30:00,58.850,58.870,58.510,58.510,1925400
2026-03-04 13:30:00,58.520,58.880,58.510,58.740,1167400
2026-03-04 14:00:00,58.740,58.910,58.650,58.740,838000
2026-03-04 14:30:00,58.730,58.970,58.650,58.820,1219500
2026-03-04 15:00:00,58.830,58.980,58.770,58.780,1565455
2026-03-05 10:00:00,59.320,59.750,59.150,59.370,2500006
2026-03-05 10:30:00,59.360,59.610,59.130,59.390,1412250
2026-03-05 11:00:00,59.400,59.530,59.300,59.380,754400
2026-03-05 11:30:00,59.390,59.580,59.390,59.540,701600
2026-03-05 13:30:00,59.540,59.740,59.450,59.700,1029200
2026-03-05 14:00:00,59.690,59.820,59.470,59.500,1228900
2026-03-05 14:30:00,59.500,59.540,59.400,59.400,1034400
2026-03-05 15:00:00,59.400,59.450,59.310,59.370,1074329
2026-03-06 10:00:00,59.320,59.370,58.810,58.960,2283900
2026-03-06 10:30:00,58.960,59.080,58.850,58.960,1139200
2026-03-06 11:00:00,58.950,58.990,58.910,58.980,674100
2026-03-06 11:30:00,58.970,59.010,58.900,58.920,862100
2026-03-06 13:30:00,58.910,58.980,58.830,58.880,1472526
2026-03-06 14:00:00,58.880,59.010,58.850,59.000,1066000
2026-03-06 14:30:00,59.000,59.010,58.900,58.920,1145300
2026-03-06 15:00:00,58.910,59.050,58.900,59.020,1501065
2026-03-09 10:00:00,58.320,58.380,56.900,56.900,8125920
2026-03-09 10:30:00,56.910,57.680,56.860,57.470,2060808
2026-03-09 11:00:00,57.470,57.840,57.460,57.800,829800
2026-03-09 11:30:00,57.800,57.820,57.610,57.610,463800
2026-03-09 13:30:00,57.620,57.900,57.500,57.850,814400
2026-03-09 14:00:00,57.850,58.100,57.810,58.000,1131600
2026-03-09 14:30:00,58.010,58.120,57.970,57.980,949900
2026-03-09 15:00:00,57.980,58.040,57.800,57.850,1483035
2026-03-10 10:00:00,58.140,58.750,58.120,58.640,3010595
2026-03-10 10:30:00,58.650,58.700,58.520,58.610,997432
2026-03-10 11:00:00,58.600,59.070,58.530,58.990,1501415
2026-03-10 11:30:00,58.990,59.180,58.930,59.090,1328535
2026-03-10 13:30:00,59.090,59.120,58.890,59.080,876469
2026-03-10 14:00:00,59.080,59.120,59.040,59.110,593290
2026-03-10 14:30:00,59.110,59.190,59.010,59.100,1021300
2026-03-10 15:00:00,59.110,59.150,59.000,59.000,1515250
2026-03-11 10:00:00,59.130,59.420,58.700,59.390,2951280
2026-03-11 10:30:00,59.400,59.690,59.300,59.690,1785191
2026-03-11 11:00:00,59.680,59.700,59.450,59.580,1040250
2026-03-11 11:30:00,59.600,59.800,59.480,59.650,1390502
2026-03-11 13:30:00,59.640,59.680,59.380,59.470,1103508
2026-03-11 14:00:00,59.470,59.580,59.400,59.550,950100
2026-03-11 14:30:00,59.540,59.900,59.540,59.780,1638600
2026-03-11 15:00:00,59.790,59.790,59.640,59.730,1984834
2026-03-12 10:00:00,59.700,60.100,59.400,59.460,1972898
2026-03-12 10:30:00,59.460,59.780,59.430,59.620,1198700
2026-03-12 11:00:00,59.620,59.630,59.500,59.530,809400
2026-03-12 11:30:00,59.530,59.600,59.300,59.340,779600
2026-03-12 13:30:00,59.330,59.600,59.310,59.420,1038936
2026-03-12 14:00:00,59.420,59.650,59.410,59.640,927279
2026-03-12 14:30:00,59.640,60.040,59.640,59.940,1838472
2026-03-12 15:00:00,59.940,60.020,59.850,59.900,2591001
2026-03-13 10:00:00,59.010,60.000,59.010,59.800,2610555
2026-03-13 10:30:00,59.790,59.890,59.620,59.640,1128800
2026-03-13 11:00:00,59.650,59.700,59.420,59.650,820100
2026-03-13 11:30:00,59.650,59.740,59.600,59.700,676953
2026-03-13 13:30:00,59.710,60.300,59.700,59.980,1741800
2026-03-13 14:00:00,59.970,60.000,59.750,59.780,714900
2026-03-13 14:30:00,59.780,59.790,59.540,59.550,989500
2026-03-13 15:00:00,59.560,59.640,59.400,59.510,1560878
2026-03-16 10:00:00,59.100,59.510,57.970,58.610,5655416
2026-03-16 10:30:00,58.610,58.990,58.540,58.780,1389200
2026-03-16 11:00:00,58.790,58.880,58.500,58.580,1225310
2026-03-16 11:30:00,58.580,58.710,58.510,58.680,666800
2026-03-16 13:30:00,58.680,59.090,58.640,58.960,1396700
2026-03-16 14:00:00,58.970,59.050,58.860,58.880,1019059
2026-03-16 14:30:00,58.880,58.930,58.630,58.870,1790002
2026-03-16 15:00:00,58.870,59.010,58.800,58.950,1667145
2026-03-17 10:00:00,59.180,60.100,59.100,60.040,4459504
2026-03-17 10:30:00,60.050,60.490,60.010,60.230,2883801
2026-03-17 11:00:00,60.230,60.250,59.800,59.950,1702440
2026-03-17 11:30:00,59.940,59.950,59.550,59.570,1035300
2026-03-17 13:30:00,59.570,59.590,59.260,59.410,1728838
2026-03-17 14:00:00,59.410,59.470,59.210,59.300,1533400
2026-03-17 14:30:00,59.300,59.360,59.110,59.140,1776000
2026-03-17 15:00:00,59.150,59.200,59.000,59.130,2897776
2026-03-18 10:00:00,58.540,59.000,56.750,57.610,16717337
2026-03-18 10:30:00,57.610,57.660,56.900,57.010,4514400
2026-03-18 11:00:00,57.010,57.420,56.880,56.940,3301450
2026-03-18 11:30:00,56.950,57.050,56.770,56.940,3312546
2026-03-18 13:30:00,56.940,57.080,56.770,56.840,3079200
2026-03-18 14:00:00,56.850,57.420,56.840,57.390,3065905
2026-03-18 14:30:00,57.400,57.730,57.300,57.710,2678482
2026-03-18 15:00:00,57.720,58.180,57.660,57.750,3479773
2026-03-19 10:00:00,57.180,57.210,56.800,56.940,5582566
2026-03-19 10:30:00,56.940,56.940,56.600,56.750,3484829
2026-03-19 11:00:00,56.750,57.080,56.720,56.830,1121831
2026-03-19 11:30:00,56.830,57.060,56.810,56.890,946000
2026-03-19 13:30:00,56.880,56.930,56.610,56.650,1959500
2026-03-19 14:00:00,56.650,56.750,56.410,56.710,2616594
2026-03-19 14:30:00,56.730,56.770,56.500,56.510,1423550
2026-03-19 15:00:00,56.520,56.560,56.400,56.470,2647467
2026-03-20 10:00:00,56.470,57.180,56.470,56.840,3739807
2026-03-20 10:30:00,56.810,56.970,56.660,56.900,2174700
2026-03-20 11:00:00,56.900,57.200,56.850,57.010,2442950
2026-03-20 11:30:00,57.010,57.670,56.980,57.540,2364300
2026-03-20 13:30:00,57.540,57.550,57.210,57.410,1953975
2026-03-20 14:00:00,57.420,57.480,57.300,57.310,1624500
2026-03-20 14:30:00,57.310,57.350,57.210,57.300,2189500
2026-03-20 15:00:00,57.300,57.340,56.960,56.960,2591007
2026-03-23 10:00:00,56.200,56.410,55.220,55.670,6364672
2026-03-23 10:30:00,55.670,56.140,55.670,55.950,1858900
2026-03-23 11:00:00,55.950,55.950,55.450,55.630,1496700
2026-03-23 11:30:00,55.620,55.690,55.450,55.450,968800
2026-03-23 13:30:00,55.460,55.760,55.260,55.290,2241700
2026-03-23 14:00:00,55.300,55.440,55.040,55.120,2653600
2026-03-23 14:30:00,55.120,55.140,54.750,54.940,3280200
2026-03-23 15:00:00,54.960,55.200,54.870,55.170,2464997
2026-03-24 10:00:00,56.090,56.140,55.250,55.420,3278500
2026-03-24 10:30:00,55.420,55.650,55.300,55.600,2085569
2026-03-24 11:00:00,55.600,55.640,55.350,55.470,1159799
2026-03-24 11:30:00,55.470,55.500,55.240,55.420,1088000
2026-03-24 13:30:00,55.410,55.520,55.010,55.010,1577800
2026-03-24 14:00:00,55.010,55.360,55.010,55.320,1833099
2026-03-24 14:30:00,55.310,55.590,55.260,55.530,1742610
2026-03-24 15:00:00,55.530,55.800,55.520,55.700,2733457
2026-03-25 10:00:00,55.930,56.660,55.930,56.580,3382870
2026-03-25 10:30:00,56.580,56.970,56.550,56.890,2381800
2026-03-25 11:00:00,56.850,57.000,56.570,56.580,1283100
2026-03-25 11:30:00,56.580,56.750,56.510,56.520,820500
2026-03-25 13:30:00,56.530,56.840,56.510,56.800,1259100
2026-03-25 14:00:00,56.800,56.870,56.690,56.730,1176500
2026-03-25 14:30:00,56.730,56.780,56.570,56.580,1519800
2026-03-25 15:00:00,56.590,56.680,56.550,56.550,1904358
2026-03-26 10:00:00,56.650,57.080,56.360,57.050,2039000
2026-03-26 10:30:00,57.050,57.290,57.010,57.130,1546169
2026-03-26 11:00:00,57.120,57.290,56.920,56.950,1145900
2026-03-26 11:30:00,56.950,57.100,56.740,56.920,1105100
2026-03-26 13:30:00,56.920,57.000,56.500,56.520,1403800
2026-03-26 14:00:00,56.530,56.750,56.520,56.560,1199200
2026-03-26 14:30:00,56.570,56.740,56.460,56.470,1098900
2026-03-26 15:00:00,56.470,56.720,56.460,56.650,1414877
2026-03-27 10:00:00,56.170,56.890,56.020,56.820,2119376
2026-03-27 10:30:00,56.810,56.970,56.580,56.970,1631200
2026-03-27 11:00:00,56.960,57.260,56.850,57.050,1830869
2026-03-27 11:30:00,57.050,57.240,57.040,57.200,1152924
2026-03-27 13:30:00,57.200,57.380,57.200,57.230,1571300
2026-03-27 14:00:00,57.220,57.600,57.220,57.530,2103900
2026-03-27 14:30:00,57.530,57.750,57.520,57.620,2366890
2026-03-27 15:00:00,57.620,57.800,57.610,57.690,2440254
2026-03-30 10:00:00,56.690,57.250,56.620,57.050,2827200
2026-03-30 10:30:00,57.050,57.310,57.010,57.130,1066200
2026-03-30 11:00:00,57.130,57.280,57.070,57.140,697700
2026-03-30 11:30:00,57.180,57.500,57.150,57.270,933340
2026-03-30 13:30:00,57.310,57.420,57.120,57.140,835700
2026-03-30 14:00:00,57.140,57.570,57.130,57.410,1007600
2026-03-30 14:30:00,57.410,57.540,57.110,57.260,1316859
2026-03-30 15:00:00,57.270,57.370,57.150,57.200,875831
2026-03-31 10:00:00,57.010,58.080,57.010,57.610,2592582
2026-03-31 10:30:00,57.600,58.000,57.380,57.790,1375800
2026-03-31 11:00:00,57.800,58.030,57.640,57.640,1181300
2026-03-31 11:30:00,57.640,57.680,57.430,57.480,795223
2026-03-31 13:30:00,57.490,57.630,57.460,57.580,804000
2026-03-31 14:00:00,57.600,57.800,57.530,57.570,726800
2026-03-31 14:30:00,57.560,57.560,57.180,57.180,1180600
2026-03-31 15:00:00,57.190,57.300,57.000,57.000,1842687
2026-04-01 10:00:00,57.900,58.000,57.550,57.810,3213056
2026-04-01 10:30:00,57.810,58.120,57.760,57.840,2593522
2026-04-01 11:00:00,57.840,58.070,57.760,58.060,1195500
2026-04-01 11:30:00,58.060,58.180,58.000,58.060,1430300
2026-04-01 13:30:00,58.050,58.150,57.940,58.000,1000400
2026-04-01 14:00:00,58.010,58.050,57.800,57.820,1081310
2026-04-01 14:30:00,57.830,57.950,57.670,57.890,899938
2026-04-01 15:00:00,57.890,57.980,57.880,57.970,1441400
2026-04-02 10:00:00,57.610,57.900,57.510,57.650,1973151
2026-04-02 10:30:00,57.660,58.200,57.660,58.150,1683800
2026-04-02 11:00:00,58.150,58.420,58.150,58.270,1371191
2026-04-02 11:30:00,58.260,58.470,58.200,58.310,1128500
2026-04-02 13:30:00,58.310,58.450,58.220,58.440,1099525
2026-04-02 14:00:00,58.450,58.500,58.170,58.180,1032401
2026-04-02 14:30:00,58.180,58.390,58.130,58.350,965158
2026-04-02 15:00:00,58.350,58.390,58.230,58.340,955888
