date,open,high,low,close,volume
2025-03-27 14:30:00,4.330,4.350,4.330,4.350,7892000
2025-03-27 15:00:00,4.350,4.360,4.330,4.340,14440364
2025-03-28 10:00:00,4.350,4.440,4.350,4.400,107487476
2025-03-28 10:30:00,4.410,4.410,4.360,4.370,28326900
2025-03-28 11:00:00,4.370,4.390,4.360,4.370,14403500
2025-03-28 11:30:00,4.370,4.390,4.360,4.380,10571200
2025-03-28 13:30:00,4.380,4.380,4.360,4.370,8358800
2025-03-28 14:00:00,4.360,4.390,4.360,4.380,9578100
2025-03-28 14:30:00,4.380,4.390,4.370,4.390,8055700
2025-03-28 15:00:00,4.380,4.390,4.360,4.360,12834700
2025-03-31 10:00:00,4.390,4.550,4.380,4.530,159285526
2025-03-31 10:30:00,4.520,4.530,4.480,4.490,29419300
2025-03-31 11:00:00,4.490,4.500,4.460,4.470,20644500
2025-03-31 11:30:00,4.480,4.480,4.440,4.450,22906500
2025-03-31 13:30:00,4.450,4.470,4.440,4.440,13519700
2025-03-31 14:00:00,4.440,4.450,4.430,4.440,12140400
2025-03-31 14:30:00,4.440,4.450,4.430,4.440,16479000
2025-03-31 15:00:00,4.440,4.450,4.430,4.440,36049204
2025-04-01 10:00:00,4.450,4.530,4.420,4.510,68220239
2025-04-01 10:30:00,4.510,4.550,4.510,4.530,48791160
2025-04-01 11:00:00,4.530,4.550,4.510,4.540,29659100
2025-04-01 11:30:00,4.530,4.580,4.530,4.580,48424195
2025-04-01 13:30:00,4.580,4.600,4.570,4.580,37445172
2025-04-01 14:00:00,4.580,4.620,4.560,4.600,37424492
2025-04-01 14:30:00,4.610,4.620,4.580,4.590,21760400
2025-04-01 15:00:00,4.590,4.610,4.580,4.600,32805949
2025-04-02 10:00:00,4.620,4.640,4.540,4.560,79629889
2025-04-02 10:30:00,4.560,4.570,4.530,4.530,33917800
2025-04-02 11:00:00,4.530,4.550,4.530,4.530,20747000
2025-04-02 11:30:00,4.530,4.540,4.520,4.530,15268500
2025-04-02 13:30:00,4.530,4.540,4.520,4.530,12141000
2025-04-02 14:00:00,4.530,4.540,4.520,4.530,13355900
2025-04-02 14:30:00,4.520,4.530,4.520,4.530,12701200
2025-04-02 15:00:00,4.530,4.540,4.520,4.540,22863652
2025-04-03 10:00:00,4.510,4.580,4.500,4.580,55144501
2025-04-03 10:30:00,4.580,4.600,4.560,4.580,33947100
2025-04-03 11:00:00,4.590,4.600,4.560,4.580,16990100
2025-04-03 11:30:00,4.580,4.580,4.550,4.550,14179700
2025-04-03 13:30:00,4.560,4.560,4.540,4.550,12404800
2025-04-03 14:00:00,4.550,4.570,4.540,4.560,14340568
2025-04-03 14:30:00,4.570,4.570,4.560,4.570,8154284
2025-04-03 15:00:00,4.560,4.580,4.560,4.570,21037132
2025-04-07 10:00:00,4.400,4.500,4.280,4.370,157603316
2025-04-07 10:30:00,4.380,4.450,4.350,4.430,49881400
2025-04-07 11:00:00,4.440,4.490,4.410,4.440,30331000
2025-04-07 11:30:00,4.440,4.450,4.390,4.400,18376800
2025-04-07 13:30:00,4.410,4.410,4.350,4.370,27088140
2025-04-07 14:00:00,4.370,4.390,4.320,4.340,30408100
2025-04-07 14:30:00,4.330,4.340,4.210,4.280,50700400
2025-04-07 15:00:00,4.280,4.380,4.270,4.350,34964527
2025-04-08 10:00:00,4.340,4.420,4.330,4.420,83327800
2025-04-08 10:30:00,4.410,4.440,4.390,4.420,30296000
2025-04-08 11:00:00,4.410,4.420,4.380,4.390,19131900
2025-04-08 11:30:00,4.380,4.450,4.380,4.450,26950187
2025-04-08 13:30:00,4.450,4.450,4.400,4.420,21328570
2025-04-08 14:00:00,4.410,4.430,4.400,4.410,18770523
2025-04-08 14:30:00,4.420,4.420,4.400,4.420,15729900
2025-04-08 15:00:00,4.420,4.460,4.410,4.460,33715827
2025-04-09 10:00:00,4.430,4.430,4.300,4.340,102332558
2025-04-09 10:30:00,4.340,4.390,4.320,4.380,40286920
2025-04-09 11:00:00,4.370,4.400,4.350,4.390,15917815
2025-04-09 11:30:00,4.400,4.450,4.380,4.430,23884439
2025-04-09 13:30:00,4.430,4.440,4.400,4.420,12839900
2025-04-09 14:00:00,4.420,4.460,4.420,4.440,20108500
2025-04-09 14:30:00,4.430,4.440,4.410,4.430,15272843
2025-04-09 15:00:00,4.430,4.450,4.420,4.450,25674320
2025-04-10 10:00:00,4.450,4.470,4.410,4.450,64564608
2025-04-10 10:30:00,4.460,4.470,4.440,4.460,33720800
2025-04-10 11:00:00,4.450,4.460,4.430,4.440,18197661
2025-04-10 11:30:00,4.450,4.450,4.430,4.440,8012000
2025-04-10 13:30:00,4.430,4.450,4.430,4.440,12960000
2025-04-10 14:00:00,4.440,4.450,4.430,4.440,12161888
2025-04-10 14:30:00,4.440,4.450,4.430,4.440,12720757
2025-04-10 15:00:00,4.440,4.450,4.430,4.450,24613367
2025-04-11 10:00:00,4.450,4.480,4.430,4.430,51352495
2025-04-11 10:30:00,4.440,4.440,4.420,4.420,13818961
2025-04-11 11:00:00,4.430,4.430,4.400,4.410,18505500
2025-04-11 11:30:00,4.410,4.420,4.400,4.420,8211200
2025-04-11 13:30:00,4.420,4.430,4.400,4.430,11667200
2025-04-11 14:00:00,4.420,4.450,4.420,4.440,12400510
2025-04-11 14:30:00,4.440,4.450,4.430,4.440,9814100
2025-04-11 15:00:00,4.440,4.450,4.430,4.450,18833832
2025-04-14 10:00:00,4.450,4.530,4.440,4.510,64947132
2025-04-14 10:30:00,4.510,4.570,4.500,4.570,49366711
2025-04-14 11:00:00,4.570,4.570,4.540,4.550,14704200
2025-04-14 11:30:00,4.550,4.560,4.530,4.550,18181400
2025-04-14 13:30:00,4.540,4.590,4.540,4.580,28585314
2025-04-14 14:00:00,4.580,4.590,4.560,4.590,16437177
2025-04-14 14:30:00,4.590,4.590,4.570,4.570,11376766
2025-04-14 15:00:00,4.570,4.580,4.570,4.580,19165957
2025-04-15 10:00:00,4.580,4.610,4.550,4.570,53014700
2025-04-15 10:30:00,4.570,4.580,4.550,4.550,15902700
2025-04-15 11:00:00,4.550,4.560,4.530,4.530,15181300
2025-04-15 11:30:00,4.540,4.570,4.530,4.560,11229200
2025-04-15 13:30:00,4.570,4.570,4.540,4.560,9893400
2025-04-15 14:00:00,4.570,4.580,4.550,4.580,8933000
2025-04-15 14:30:00,4.570,4.580,4.550,4.570,8627402
2025-04-15 15:00:00,4.560,4.590,4.550,4.590,20972933
2025-04-16 10:00:00,4.620,4.650,4.570,4.570,72299000
2025-04-16 10:30:00,4.570,4.600,4.560,4.590,18772012
2025-04-16 11:00:00,4.600,4.610,4.580,4.600,20561000
2025-04-16 11:30:00,4.600,4.630,4.590,4.610,16757704
2025-04-16 13:30:00,4.610,4.610,4.580,4.600,15580993
2025-04-16 14:00:00,4.600,4.620,4.590,4.620,15690808
2025-04-16 14:30:00,4.610,4.630,4.610,4.630,13702200
2025-04-16 15:00:00,4.620,4.650,4.610,4.650,33945579
2025-04-17 10:00:00,4.640,4.670,4.600,4.620,42813500
2025-04-17 10:30:00,4.620,4.650,4.620,4.630,16383700
2025-04-17 11:00:00,4.630,4.640,4.620,4.630,8415600
2025-04-17 11:30:00,4.620,4.640,4.620,4.620,7008882
2025-04-17 13:30:00,4.630,4.640,4.610,4.630,14426400
2025-04-17 14:00:00,4.620,4.650,4.620,4.640,11343300
2025-04-17 14:30:00,4.640,4.660,4.630,4.650,12070400
2025-04-17 15:00:00,4.660,4.660,4.640,4.660,22891330
2025-04-18 10:00:00,4.650,4.650,4.580,4.610,47488100
2025-04-18 10:30:00,4.610,4.620,4.600,4.600,8631900
2025-04-18 11:00:00,4.610,4.620,4.590,4.620,12802300
2025-04-18 11:30:00,4.620,4.620,4.590,4.610,13312500
2025-04-18 13:30:00,4.620,4.620,4.590,4.610,7546400
2025-04-18 14:00:00,4.600,4.620,4.600,4.620,6527552
2025-04-18 14:30:00,4.610,4.620,4.600,4.600,5600200
2025-04-18 15:00:00,4.610,4.620,4.600,4.610,16216500
2025-04-21 10:00:00,4.620,4.650,4.600,4.610,36674000
2025-04-21 10:30:00,4.610,4.620,4.590,4.590,20699300
2025-04-21 11:00:00,4.600,4.600,4.580,4.580,14196940
2025-04-21 11:30:00,4.590,4.600,4.580,4.580,11541200
2025-04-21 13:30:00,4.590,4.600,4.580,4.580,14045400
2025-04-21 14:00:00,4.580,4.590,4.570,4.570,13445460
2025-04-21 14:30:00,4.570,4.590,4.570,4.590,10218912
2025-04-21 15:00:00,4.580,4.600,4.580,4.580,12156400
2025-04-22 10:00:00,4.590,4.600,4.570,4.590,24005500
2025-04-22 10:30:00,4.590,4.630,4.580,4.590,39456399
2025-04-22 11:00:00,4.590,4.600,4.580,4.590,6646900
2025-04-22 11:30:00,4.590,4.590,4.560,4.560,22385633
2025-04-22 13:30:00,4.570,4.580,4.560,4.570,11106756
2025-04-22 14:00:00,4.570,4.580,4.560,4.570,5824400
2025-04-22 14:30:00,4.580,4.590,4.570,4.570,9529600
2025-04-22 15:00:00,4.580,4.580,4.570,4.570,10584550
2025-04-23 10:00:00,4.560,4.580,4.530,4.560,50296925
2025-04-23 10:30:00,4.560,4.570,4.550,4.560,11623900
2025-04-23 11:00:00,4.550,4.560,4.550,4.550,5055388
2025-04-23 11:30:00,4.560,4.560,4.540,4.540,8287274
2025-04-23 13:30:00,4.550,4.550,4.530,4.550,12001396
2025-04-23 14:00:00,4.540,4.560,4.540,4.560,7444170
2025-04-23 14:30:00,4.560,4.560,4.540,4.540,9832262
2025-04-23 15:00:00,4.540,4.550,4.530,4.540,13351718
2025-04-24 10:00:00,4.500,4.560,4.460,4.550,81018386
2025-04-24 10:30:00,4.540,4.570,4.540,4.560,21609182
2025-04-24 11:00:00,4.560,4.560,4.520,4.540,12852700
2025-04-24 11:30:00,4.540,4.540,4.510,4.540,8729900
2025-04-24 13:30:00,4.530,4.560,4.530,4.530,15069763
2025-04-24 14:00:00,4.540,4.540,4.520,4.540,7334391
2025-04-24 14:30:00,4.540,4.540,4.520,4.520,5992300
2025-04-24 15:00:00,4.520,4.540,4.520,4.540,11825493
2025-04-25 10:00:00,4.540,4.580,4.520,4.550,40022800
2025-04-25 10:30:00,4.540,4.570,4.530,4.570,17373005
2025-04-25 11:00:00,4.570,4.570,4.550,4.560,10162904
2025-04-25 11:30:00,4.560,4.570,4.550,4.560,5601196
2025-04-25 13:30:00,4.560,4.570,4.550,4.560,8477300
2025-04-25 14:00:00,4.550,4.560,4.550,4.550,4352072
2025-04-25 14:30:00,4.560,4.580,4.540,4.570,28660809
2025-04-25 15:00:00,4.580,4.580,4.560,4.580,21173530
2025-04-28 10:00:00,4.620,4.630,4.560,4.600,57504372
2025-04-28 10:30:00,4.600,4.630,4.600,4.610,31730400
2025-04-28 11:00:00,4.600,4.620,4.590,4.620,11494876
2025-04-28 11:30:00,4.610,4.620,4.600,4.610,9576600
2025-04-28 13:30:00,4.610,4.620,4.600,4.610,8355500
2025-04-28 14:00:00,4.600,4.620,4.600,4.610,11739248
2025-04-28 14:30:00,4.600,4.610,4.580,4.580,13163100
2025-04-28 15:00:00,4.580,4.600,4.580,4.590,15476852
2025-04-29 10:00:00,4.600,4.600,4.520,4.540,60827948
2025-04-29 10:30:00,4.540,4.540,4.500,4.500,35965700
2025-04-29 11:00:00,4.510,4.520,4.500,4.510,10606980
2025-04-29 11:30:00,4.520,4.520,4.500,4.510,7257500
2025-04-29 13:30:00,4.510,4.510,4.490,4.500,17491302
2025-04-29 14:00:00,4.510,4.520,4.490,4.510,9063272
2025-04-29 14:30:00,4.510,4.520,4.500,4.510,5900761
2025-04-29 15:00:00,4.510,4.520,4.510,4.510,10552800
2025-04-30 10:00:00,4.500,4.520,4.470,4.470,30931900
2025-04-30 10:30:00,4.470,4.500,4.470,4.500,9906400
2025-04-30 11:00:00,4.500,4.500,4.480,4.480,5684000
2025-04-30 11:30:00,4.480,4.490,4.470,4.470,6344800
2025-04-30 13:30:00,4.480,4.480,4.470,4.480,8785402
2025-04-30 14:00:00,4.480,4.480,4.470,4.480,6983597
2025-04-30 14:30:00,4.480,4.480,4.460,4.470,11792001
2025-04-30 15:00:00,4.470,4.480,4.460,4.470,15451907
2025-05-06 10:00:00,4.490,4.490,4.460,4.480,32704317
2025-05-06 10:30:00,4.480,4.500,4.470,4.500,21284000
2025-05-06 11:00:00,4.490,4.510,4.490,4.500,10887300
2025-05-06 11:30:00,4.490,4.500,4.490,4.500,3868700
2025-05-06 13:30:00,4.490,4.510,4.490,4.510,15133049
2025-05-06 14:00:00,4.510,4.510,4.490,4.500,6744900
2025-05-06 14:30:00,4.500,4.500,4.490,4.500,6358000
2025-05-06 15:00:00,4.500,4.510,4.490,4.500,15078709
2025-05-07 10:00:00,4.530,4.540,4.490,4.510,31055444
2025-05-07 10:30:00,4.500,4.550,4.500,4.550,27781200
2025-05-07 11:00:00,4.550,4.550,4.530,4.530,10888400
2025-05-07 11:30:00,4.540,4.540,4.520,4.530,6860652
2025-05-07 13:30:00,4.530,4.540,4.520,4.530,6167600
2025-05-07 14:00:00,4.530,4.540,4.520,4.520,6771500
2025-05-07 14:30:00,4.530,4.530,4.500,4.520,11639707
2025-05-07 15:00:00,4.520,4.530,4.510,4.530,10485600
2025-05-08 10:00:00,4.530,4.540,4.500,4.540,20651000
2025-05-08 10:30:00,4.530,4.540,4.520,4.530,9031002
2025-05-08 11:00:00,4.530,4.540,4.520,4.540,9766900
2025-05-08 11:30:00,4.540,4.540,4.530,4.540,4320500
2025-05-08 13:30:00,4.530,4.600,4.520,4.590,71444350
2025-05-08 14:00:00,4.590,4.620,4.580,4.590,30351786
2025-05-08 14:30:00,4.590,4.600,4.580,4.590,9002200
2025-05-08 15:00:00,4.590,4.620,4.580,4.610,33791481
2025-05-09 10:00:00,4.600,4.630,4.590,4.600,36440600
2025-05-09 10:30:00,4.600,4.620,4.590,4.620,11770400
2025-05-09 11:00:00,4.610,4.630,4.610,4.620,14971189
2025-05-09 11:30:00,4.620,4.620,4.600,4.600,9013200
2025-05-09 13:30:00,4.600,4.610,4.590,4.600,16353600
2025-05-09 14:00:00,4.590,4.600,4.580,4.590,9803100
2025-05-09 14:30:00,4.590,4.590,4.570,4.580,12463034
2025-05-09 15:00:00,4.580,4.590,4.570,4.590,13002785
2025-05-12 10:00:00,4.580,4.600,4.540,4.550,37220000
2025-05-12 10:30:00,4.560,4.570,4.530,4.540,30297300
2025-05-12 11:00:00,4.550,4.550,4.530,4.540,9325700
2025-05-12 11:30:00,4.550,4.550,4.540,4.540,4145005
2025-05-12 13:30:00,4.540,4.560,4.540,4.550,5800900
2025-05-12 14:00:00,4.550,4.560,4.540,4.550,6533800
2025-05-12 14:30:00,4.550,4.560,4.540,4.550,8724700
2025-05-12 15:00:00,4.560,4.560,4.540,4.550,12417513
2025-05-13 10:00:00,4.550,4.560,4.540,4.560,30393100
2025-05-13 10:30:00,4.560,4.560,4.540,4.540,9211000
2025-05-13 11:00:00,4.550,4.550,4.540,4.550,5846900
2025-05-13 11:30:00,4.550,4.570,4.540,4.560,14997500
2025-05-13 13:30:00,4.550,4.560,4.540,4.550,8278499
2025-05-13 14:00:00,4.540,4.560,4.540,4.550,7886728
2025-05-13 14:30:00,4.540,4.560,4.540,4.560,5312600
2025-05-13 15:00:00,4.560,4.560,4.550,4.550,9512400
2025-05-14 10:00:00,4.550,4.560,4.500,4.520,36984640
2025-05-14 10:30:00,4.520,4.530,4.510,4.520,10700600
2025-05-14 11:00:00,4.510,4.540,4.510,4.540,6034760
2025-05-14 11:30:00,4.530,4.550,4.530,4.540,5056711
2025-05-14 13:30:00,4.550,4.560,4.540,4.550,13634900
2025-05-14 14:00:00,4.550,4.560,4.540,4.560,10285327
2025-05-14 14:30:00,4.560,4.560,4.540,4.550,6487934
2025-05-14 15:00:00,4.550,4.560,4.550,4.550,9310732
2025-05-15 10:00:00,4.560,4.620,4.550,4.600,72651703
2025-05-15 10:30:00,4.610,4.610,4.580,4.590,14094400
2025-05-15 11:00:00,4.600,4.600,4.580,4.580,7545800
2025-05-15 11:30:00,4.590,4.600,4.580,4.600,5615858
2025-05-15 13:30:00,4.590,4.600,4.580,4.580,7057400
2025-05-15 14:00:00,4.580,4.590,4.570,4.580,8843909
2025-05-15 14:30:00,4.580,4.590,4.570,4.590,7132600
2025-05-15 15:00:00,4.590,4.590,4.570,4.580,13572515
2025-05-16 10:00:00,4.580,4.650,4.570,4.640,65095671
2025-05-16 10:30:00,4.640,4.660,4.620,4.630,41858100
2025-05-16 11:00:00,4.620,4.630,4.610,4.610,8646800
2025-05-16 11:30:00,4.610,4.620,4.590,4.600,13843016
2025-05-16 13:30:00,4.600,4.600,4.580,4.590,9018405
2025-05-16 14:00:00,4.590,4.600,4.580,4.590,11593295
2025-05-16 14:30:00,4.580,4.600,4.580,4.600,5972500
2025-05-16 15:00:00,4.590,4.600,4.580,4.600,13505300
2025-05-19 10:00:00,4.600,4.630,4.600,4.610,24443600
2025-05-19 10:30:00,4.610,4.630,4.600,4.620,16024301
2025-05-19 11:00:00,4.610,4.630,4.610,4.620,6876600
2025-05-19 11:30:00,4.620,4.630,4.610,4.610,5059400
2025-05-19 13:30:00,4.610,4.620,4.600,4.610,10265252
2025-05-19 14:00:00,4.610,4.610,4.590,4.590,9503100
2025-05-19 14:30:00,4.600,4.610,4.590,4.610,6026120
2025-05-19 15:00:00,4.610,4.610,4.590,4.600,12245732
2025-05-20 10:00:00,4.610,4.650,4.600,4.650,34661858
2025-05-20 10:30:00,4.640,4.680,4.640,4.670,54355579
2025-05-20 11:00:00,4.670,4.680,4.660,4.670,14943100
2025-05-20 11:30:00,4.670,4.670,4.660,4.660,9525793
2025-05-20 13:30:00,4.660,4.700,4.650,4.690,35635508
2025-05-20 14:00:00,4.700,4.720,4.690,4.710,30088200
2025-05-20 14:30:00,4.710,4.720,4.700,4.720,13984300
2025-05-20 15:00:00,4.710,4.720,4.710,4.720,21074563
2025-05-21 10:00:00,4.720,4.760,4.710,4.750,56546946
2025-05-21 10:30:00,4.740,4.760,4.740,4.750,17847600
2025-05-21 11:00:00,4.750,4.750,4.720,4.740,19814900
2025-05-21 11:30:00,4.740,4.750,4.720,4.720,8549500
2025-05-21 13:30:00,4.730,4.730,4.710,4.710,14133200
2025-05-21 14:00:00,4.720,4.730,4.700,4.710,9756200
2025-05-21 14:30:00,4.710,4.710,4.700,4.710,7791100
2025-05-21 15:00:00,4.710,4.710,4.700,4.700,14128700
2025-05-22 10:00:00,4.700,4.730,4.670,4.700,33495000
2025-05-22 10:30:00,4.700,4.720,4.680,4.690,16151960
2025-05-22 11:00:00,4.700,4.710,4.680,4.690,11165640
2025-05-22 11:30:00,4.700,4.730,4.680,4.720,14815786
2025-05-22 13:30:00,4.710,4.740,4.710,4.720,10624800
2025-05-22 14:00:00,4.720,4.720,4.700,4.710,6425000
2025-05-22 14:30:00,4.710,4.720,4.700,4.700,6921000
2025-05-22 15:00:00,4.700,4.720,4.700,4.720,14520600
2025-05-23 10:00:00,4.720,4.740,4.700,4.720,23674400
2025-05-23 10:30:00,4.720,4.740,4.670,4.670,25749233
2025-05-23 11:00:00,4.670,4.680,4.660,4.670,21456300
2025-05-23 11:30:00,4.670,4.670,4.650,4.650,19530100
2025-05-23 13:30:00,4.660,4.660,4.640,4.640,16710300
2025-05-23 14:00:00,4.650,4.650,4.640,4.640,9750500
2025-05-23 14:30:00,4.640,4.650,4.620,4.630,20440500
2025-05-23 15:00:00,4.630,4.640,4.620,4.620,16297200
2025-05-26 10:00:00,4.630,4.700,4.630,4.670,35209300
2025-05-26 10:30:00,4.670,4.690,4.660,4.680,14771100
2025-05-26 11:00:00,4.690,4.690,4.670,4.680,5903700
2025-05-26 11:30:00,4.670,4.680,4.640,4.640,8515300
2025-05-26 13:30:00,4.650,4.690,4.640,4.680,15491700
2025-05-26 14:00:00,4.680,4.690,4.670,4.680,7208802
2025-05-26 14:30:00,4.680,4.680,4.670,4.680,5192600
2025-05-26 15:00:00,4.670,4.690,4.670,4.690,11967974
2025-05-27 10:00:00,4.690,4.720,4.670,4.680,20983701
2025-05-27 10:30:00,4.690,4.700,4.660,4.670,13427800
2025-05-27 11:00:00,4.670,4.680,4.660,4.670,5914400
2025-05-27 11:30:00,4.670,4.680,4.660,4.670,4564400
2025-05-27 13:30:00,4.660,4.680,4.660,4.670,3565800
2025-05-27 14:00:00,4.680,4.680,4.660,4.660,3816600
2025-05-27 14:30:00,4.670,4.680,4.660,4.670,4790400
2025-05-27 15:00:00,4.680,4.680,4.660,4.670,10860454
2025-05-28 10:00:00,4.670,4.680,4.620,4.640,30550240
2025-05-28 10:30:00,4.640,4.650,4.620,4.630,17334400
2025-05-28 11:00:00,4.620,4.630,4.610,4.610,11741300
2025-05-28 11:30:00,4.620,4.630,4.610,4.620,6467600
2025-05-28 13:30:00,4.620,4.630,4.620,4.630,5142800
2025-05-28 14:00:00,4.620,4.640,4.620,4.620,7193000
2025-05-28 14:30:00,4.620,4.630,4.610,4.620,10616200
2025-05-28 15:00:00,4.620,4.630,4.620,4.630,7769448
2025-05-29 10:00:00,4.620,4.640,4.580,4.600,37012500
2025-05-29 10:30:00,4.610,4.610,4.580,4.600,22919562
2025-05-29 11:00:00,4.600,4.610,4.590,4.610,11809400
2025-05-29 11:30:00,4.600,4.620,4.600,4.610,9466800
2025-05-29 13:30:00,4.600,4.610,4.600,4.600,6769000
2025-05-29 14:00:00,4.600,4.610,4.600,4.600,7166500
2025-05-29 14:30:00,4.600,4.620,4.600,4.620,7789300
2025-05-29 15:00:00,4.610,4.620,4.600,4.610,10453200
2025-05-30 10:00:00,4.600,4.640,4.600,4.600,27792900
2025-05-30 10:30:00,4.600,4.610,4.580,4.590,15803196
2025-05-30 11:00:00,4.580,4.590,4.570,4.590,14927304
2025-05-30 11:30:00,4.580,4.590,4.570,4.590,9888700
2025-05-30 13:30:00,4.580,4.590,4.570,4.580,8268300
2025-05-30 14:00:00,4.580,4.590,4.580,4.590,6374300
2025-05-30 14:30:00,4.590,4.590,4.570,4.580,8931100
2025-05-30 15:00:00,4.590,4.590,4.570,4.570,10359000
2025-06-03 10:00:00,4.560,4.570,4.510,4.520,48785400
2025-06-03 10:30:00,4.530,4.530,4.500,4.500,28932700
2025-06-03 11:00:00,4.500,4.530,4.500,4.520,15061000
2025-06-03 11:30:00,4.530,4.550,4.520,4.540,10472600
2025-06-03 13:30:00,4.540,4.560,4.530,4.560,14028000
2025-06-03 14:00:00,4.560,4.560,4.550,4.560,6568700
2025-06-03 14:30:00,4.550,4.570,4.550,4.560,8525882
2025-06-03 15:00:00,4.560,4.580,4.560,4.570,9743068
2025-06-04 10:00:00,4.560,4.570,4.550,4.570,21379601
2025-06-04 10:30:00,4.560,4.600,4.560,4.590,15030582
2025-06-04 11:00:00,4.590,4.620,4.590,4.610,23784128
2025-06-04 11:30:00,4.620,4.620,4.600,4.620,6854100
2025-06-04 13:30:00,4.610,4.620,4.590,4.590,7901800
2025-06-04 14:00:00,4.590,4.600,4.580,4.590,8402700
2025-06-04 14:30:00,4.590,4.600,4.590,4.590,4050500
2025-06-04 15:00:00,4.590,4.600,4.580,4.580,9588100
2025-06-05 10:00:00,4.590,4.610,4.550,4.560,22052200
2025-06-05 10:30:00,4.560,4.570,4.550,4.550,12771700
2025-06-05 11:00:00,4.550,4.560,4.540,4.540,12467900
2025-06-05 11:30:00,4.550,4.560,4.540,4.560,6851380
2025-06-05 13:30:00,4.560,4.560,4.540,4.550,10461120
2025-06-05 14:00:00,4.560,4.570,4.550,4.570,6978400
2025-06-05 14:30:00,4.560,4.580,4.560,4.570,8476100
2025-06-05 15:00:00,4.570,4.580,4.560,4.580,12242917
2025-06-06 10:00:00,4.570,4.610,4.560,4.580,25351500
2025-06-06 10:30:00,4.570,4.610,4.570,4.600,16473092
2025-06-06 11:00:00,4.600,4.620,4.600,4.600,16477600
2025-06-06 11:30:00,4.610,4.620,4.600,4.600,10929400
2025-06-06 13:30:00,4.600,4.630,4.600,4.620,19600900
2025-06-06 14:00:00,4.610,4.630,4.610,4.630,8828300
2025-06-06 14:30:00,4.620,4.630,4.620,4.630,5618900
2025-06-06 15:00:00,4.630,4.630,4.620,4.620,11704900
2025-06-09 10:00:00,4.630,4.640,4.600,4.610,24166000
2025-06-09 10:30:00,4.600,4.610,4.590,4.600,14973500
2025-06-09 11:00:00,4.600,4.620,4.590,4.620,7239626
2025-06-09 11:30:00,4.620,4.620,4.600,4.610,5081260
2025-06-09 13:30:00,4.610,4.610,4.600,4.600,5580668
2025-06-09 14:00:00,4.610,4.620,4.600,4.610,7325207
2025-06-09 14:30:00,4.610,4.620,4.610,4.620,5405402
2025-06-09 15:00:00,4.610,4.630,4.610,4.620,9366827
2025-06-10 10:00:00,4.630,4.660,4.610,4.650,30241422
2025-06-10 10:30:00,4.660,4.670,4.640,4.670,20042226
2025-06-10 11:00:00,4.670,4.670,4.650,4.670,10271600
2025-06-10 11:30:00,4.660,4.670,4.650,4.650,5577400
2025-06-10 13:30:00,4.660,4.660,4.600,4.600,29406800
2025-06-10 14:00:00,4.600,4.630,4.600,4.610,10428100
2025-06-10 14:30:00,4.610,4.620,4.610,4.610,4401400
2025-06-10 15:00:00,4.610,4.630,4.610,4.610,9667736
2025-06-11 10:00:00,4.620,4.630,4.600,4.630,20336200
2025-06-11 10:30:00,4.620,4.650,4.610,4.640,18434500
2025-06-11 11:00:00,4.650,4.660,4.630,4.640,18087900
2025-06-11 11:30:00,4.640,4.660,4.640,4.660,6687206
2025-06-11 13:30:00,4.650,4.660,4.640,4.650,9410800
2025-06-11 14:00:00,4.640,4.660,4.640,4.640,6870340
2025-06-11 14:30:00,4.650,4.660,4.640,4.640,6142200
2025-06-11 15:00:00,4.640,4.650,4.640,4.640,8430018
2025-06-12 10:00:00,4.650,4.650,4.610,4.620,16375600
2025-06-12 10:30:00,4.620,4.640,4.620,4.640,8880300
2025-06-12 11:00:00,4.630,4.640,4.620,4.630,7618200
2025-06-12 11:30:00,4.630,4.630,4.610,4.620,11518400
2025-06-12 13:30:00,4.620,4.640,4.620,4.630,7578300
2025-06-12 14:00:00,4.630,4.640,4.620,4.630,5150422
2025-06-12 14:30:00,4.640,4.640,4.630,4.640,2442502
2025-06-12 15:00:00,4.640,4.640,4.620,4.630,7198400
2025-06-13 10:00:00,4.630,4.660,4.620,4.640,23057270
2025-06-13 10:30:00,4.640,4.650,4.630,4.630,11063900
2025-06-13 11:00:00,4.630,4.660,4.630,4.640,21921900
2025-06-13 11:30:00,4.640,4.670,4.640,4.660,20967100
2025-06-13 13:30:00,4.670,4.670,4.640,4.640,14737100
2025-06-13 14:00:00,4.640,4.660,4.640,4.660,3919300
2025-06-13 14:30:00,4.650,4.670,4.650,4.670,10907434
2025-06-13 15:00:00,4.670,4.680,4.660,4.670,15979480
2025-06-16 10:00:00,4.670,4.680,4.630,4.680,29188115
2025-06-16 10:30:00,4.680,4.690,4.670,4.690,11292758
2025-06-16 11:00:00,4.690,4.690,4.660,4.680,15167642
2025-06-16 11:30:00,4.670,4.710,4.670,4.690,18268900
2025-06-16 13:30:00,4.700,4.710,4.690,4.700,6680900
2025-06-16 14:00:00,4.700,4.700,4.680,4.700,8878600
2025-06-16 14:30:00,4.700,4.710,4.690,4.710,10272600
2025-06-16 15:00:00,4.710,4.710,4.700,4.710,11302600
2025-06-17 10:00:00,4.710,4.710,4.680,4.700,11486307
2025-06-17 10:30:00,4.690,4.700,4.680,4.700,11974296
2025-06-17 11:00:00,4.690,4.710,4.680,4.710,8292340
2025-06-17 11:30:00,4.710,4.730,4.700,4.730,11505200
2025-06-17 13:30:00,4.720,4.750,4.720,4.740,21411932
2025-06-17 14:00:00,4.740,4.760,4.730,4.740,18976100
2025-06-17 14:30:00,4.740,4.760,4.740,4.750,15154500
2025-06-17 15:00:00,4.750,4.760,4.740,4.760,15150600
2025-06-18 10:00:00,4.750,4.770,4.730,4.750,19269700
2025-06-18 10:30:00,4.740,4.750,4.720,4.740,15023400
2025-06-18 11:00:00,4.740,4.760,4.730,4.740,10238800
2025-06-18 11:30:00,4.750,4.770,4.740,4.760,8693910
2025-06-18 13:30:00,4.760,4.770,4.750,4.750,9037200
2025-06-18 14:00:00,4.760,4.760,4.740,4.740,5418081
2025-06-18 14:30:00,4.740,4.760,4.740,4.760,6277641
2025-06-18 15:00:00,4.760,4.760,4.740,4.740,8709613
2025-06-19 10:00:00,4.740,4.760,4.720,4.760,28175072
2025-06-19 10:30:00,4.760,4.760,4.730,4.740,20302851
2025-06-19 11:00:00,4.740,4.740,4.710,4.720,20629104
2025-06-19 11:30:00,4.720,4.720,4.690,4.700,11054700
2025-06-19 13:30:00,4.690,4.720,4.690,4.710,11042485
2025-06-19 14:00:00,4.720,4.740,4.710,4.710,9761924
2025-06-19 14:30:00,4.710,4.730,4.710,4.710,5758700
2025-06-19 15:00:00,4.710,4.750,4.700,4.720,22911701
2025-06-20 10:00:00,4.720,4.750,4.710,4.730,15013005
2025-06-20 10:30:00,4.730,4.740,4.710,4.720,9209700
2025-06-20 11:00:00,4.730,4.730,4.710,4.730,7452742
2025-06-20 11:30:00,4.730,4.730,4.710,4.720,6453600
2025-06-20 13:30:00,4.720,4.730,4.700,4.710,11365299
2025-06-20 14:00:00,4.710,4.730,4.710,4.730,4409400
2025-06-20 14:30:00,4.720,4.730,4.710,4.710,4408400
2025-06-20 15:00:00,4.710,4.730,4.710,4.720,8999852
2025-06-23 10:00:00,4.710,4.720,4.670,4.710,27773987
2025-06-23 10:30:00,4.710,4.710,4.680,4.690,7967500
2025-06-23 11:00:00,4.700,4.720,4.690,4.720,7417600
2025-06-23 11:30:00,4.720,4.720,4.700,4.720,5350700
2025-06-23 13:30:00,4.720,4.720,4.690,4.690,8500200
2025-06-23 14:00:00,4.700,4.720,4.690,4.720,6907700
2025-06-23 14:30:00,4.720,4.730,4.710,4.730,8174700
2025-06-23 15:00:00,4.730,4.730,4.710,4.720,12098213
2025-06-24 10:00:00,4.720,4.730,4.710,4.720,16809100
2025-06-24 10:30:00,4.720,4.730,4.690,4.720,23584800
2025-06-24 11:00:00,4.710,4.720,4.690,4.710,11842200
2025-06-24 11:30:00,4.710,4.710,4.700,4.710,5382900
2025-06-24 13:30:00,4.710,4.710,4.690,4.690,12515081
2025-06-24 14:00:00,4.700,4.710,4.690,4.700,9843807
2025-06-24 14:30:00,4.690,4.710,4.690,4.700,10838700
2025-06-24 15:00:00,4.700,4.710,4.690,4.700,13642766
2025-06-25 10:00:00,4.710,4.750,4.690,4.740,33218400
2025-06-25 10:30:00,4.740,4.790,4.730,4.780,36187202
2025-06-25 11:00:00,4.780,4.790,4.760,4.770,16286300
2025-06-25 11:30:00,4.770,4.800,4.760,4.790,21665600
2025-06-25 13:30:00,4.780,4.810,4.780,4.800,17600300
2025-06-25 14:00:00,4.790,4.800,4.780,4.790,6442900
2025-06-25 14:30:00,4.790,4.800,4.780,4.800,9839500
2025-06-25 15:00:00,4.790,4.810,4.790,4.800,12661560
2025-06-26 10:00:00,4.800,4.830,4.790,4.790,22618300
2025-06-26 10:30:00,4.790,4.830,4.780,4.820,14429506
2025-06-26 11:00:00,4.830,4.860,4.820,4.860,20067090
2025-06-26 11:30:00,4.850,4.920,4.850,4.890,45068932
2025-06-26 13:30:00,4.890,4.930,4.880,4.920,27498604
2025-06-26 14:00:00,4.920,4.940,4.910,4.910,24801600
2025-06-26 14:30:00,4.910,4.920,4.880,4.910,21790051
2025-06-26 15:00:00,4.900,4.920,4.900,4.910,15930939
2025-06-27 10:00:00,4.900,4.920,4.880,4.880,27582900
2025-06-27 10:30:00,4.890,4.890,4.820,4.830,40332600
2025-06-27 11:00:00,4.830,4.830,4.800,4.820,28938003
2025-06-27 11:30:00,4.810,4.820,4.790,4.790,20149899
2025-06-27 13:30:00,4.800,4.800,4.770,4.790,22652800
2025-06-27 14:00:00,4.790,4.790,4.770,4.770,14288300
2025-06-27 14:30:00,4.780,4.790,4.770,4.770,14192989
2025-06-27 15:00:00,4.780,4.790,4.770,4.780,24343779
2025-06-30 10:00:00,4.780,4.820,4.760,4.800,28111279
2025-06-30 10:30:00,4.790,4.830,4.790,4.820,16188501
2025-06-30 11:00:00,4.810,4.840,4.810,4.830,10503322
2025-06-30 11:30:00,4.830,4.850,4.810,4.840,11849200
2025-06-30 13:30:00,4.840,4.850,4.830,4.850,7358200
2025-06-30 14:00:00,4.850,4.850,4.830,4.840,8211700
2025-06-30 14:30:00,4.840,4.860,4.840,4.860,10205200
2025-06-30 15:00:00,4.850,4.860,4.840,4.840,16413500
2025-07-01 10:00:00,4.860,4.910,4.850,4.900,27283501
2025-07-01 10:30:00,4.900,4.990,4.900,4.970,51384267
2025-07-01 11:00:00,4.980,5.030,4.970,5.010,52600994
2025-07-01 11:30:00,5.000,5.030,4.990,4.990,24770572
2025-07-01 13:30:00,5.000,5.020,4.980,5.010,20033421
2025-07-01 14:00:00,5.010,5.010,4.990,5.000,11191700
2025-07-01 14:30:00,5.000,5.010,4.980,4.990,10270300
2025-07-01 15:00:00,4.990,5.000,4.980,4.990,14174186
2025-07-02 10:00:00,5.000,5.030,4.970,5.020,31631100
2025-07-02 10:30:00,5.030,5.030,4.990,5.000,14384400
2025-07-02 11:00:00,4.990,5.020,4.990,5.010,11457800
2025-07-02 11:30:00,5.010,5.020,5.000,5.010,7196000
2025-07-02 13:30:00,5.010,5.010,4.970,4.990,11005400
2025-07-02 14:00:00,4.980,5.000,4.980,4.990,9726700
2025-07-02 14:30:00,4.980,4.990,4.980,4.990,5643000
2025-07-02 15:00:00,4.980,4.990,4.970,4.990,12416300
2025-07-03 10:00:00,4.990,5.000,4.940,4.960,23698846
2025-07-03 10:30:00,4.960,4.970,4.930,4.950,17242700
2025-07-03 11:00:00,4.960,4.970,4.940,4.960,6912900
2025-07-03 11:30:00,4.970,4.990,4.960,4.980,8553577
2025-07-03 13:30:00,4.980,4.990,4.960,4.970,7208700
2025-07-03 14:00:00,4.970,4.980,4.960,4.960,6113100
2025-07-03 14:30:00,4.970,4.970,4.950,4.960,4505200
2025-07-03 15:00:00,4.950,4.970,4.950,4.960,8039500
2025-07-04 10:00:00,4.970,4.990,4.960,4.970,17133000
2025-07-04 10:30:00,4.980,4.980,4.960,4.980,13848200
2025-07-04 11:00:00,4.980,4.990,4.960,4.970,12575500
2025-07-04 11:30:00,4.970,4.970,4.950,4.950,7447200
2025-07-04 13:30:00,4.960,4.970,4.950,4.960,8736000
2025-07-04 14:00:00,4.950,4.960,4.950,4.960,5953800
2025-07-04 14:30:00,4.950,4.960,4.940,4.950,11246534
2025-07-04 15:00:00,4.950,4.960,4.940,4.950,9099333
2025-07-07 10:00:00,4.980,5.000,4.910,4.950,35290761
2025-07-07 10:30:00,4.950,4.960,4.930,4.950,8566100
2025-07-07 11:00:00,4.940,4.960,4.930,4.940,13479400
2025-07-07 11:30:00,4.940,4.950,4.940,4.950,5326300
2025-07-07 13:30:00,4.950,4.980,4.940,4.950,18732400
2025-07-07 14:00:00,4.960,4.970,4.950,4.960,8063900
2025-07-07 14:30:00,4.950,4.970,4.950,4.960,5990301
2025-07-07 15:00:00,4.950,4.970,4.950,4.970,15874684
2025-07-08 10:00:00,4.970,4.970,4.910,4.910,37313900
2025-07-08 10:30:00,4.910,4.920,4.890,4.910,33620400
2025-07-08 11:00:00,4.920,4.920,4.900,4.910,9918700
2025-07-08 11:30:00,4.910,4.930,4.910,4.930,7504000
2025-07-08 13:30:00,4.920,4.950,4.920,4.940,10147500
2025-07-08 14:00:00,4.940,4.940,4.920,4.940,7399400
2025-07-08 14:30:00,4.930,4.940,4.930,4.940,5544500
2025-07-08 15:00:00,4.930,4.940,4.930,4.940,10088200
2025-07-09 10:00:00,4.920,4.960,4.910,4.930,20030000
2025-07-09 10:30:00,4.930,4.930,4.910,4.920,13027710
2025-07-09 11:00:00,4.910,4.920,4.910,4.920,7929701
2025-07-09 11:30:00,4.920,4.920,4.890,4.910,22500984
2025-07-09 13:30:00,4.910,4.930,4.900,4.920,11882933
2025-07-09 14:00:00,4.910,4.920,4.900,4.910,6842491
2025-07-09 14:30:00,4.900,4.910,4.880,4.890,17289200
2025-07-09 15:00:00,4.880,4.890,4.870,4.870,23853375
2025-07-10 10:00:00,4.800,4.810,4.750,4.780,40454765
2025-07-10 10:30:00,4.770,4.780,4.750,4.760,14994200
2025-07-10 11:00:00,4.750,4.770,4.750,4.770,11274600
2025-07-10 11:30:00,4.760,4.770,4.760,4.770,7314900
2025-07-10 13:30:00,4.770,4.780,4.760,4.780,9771400
2025-07-10 14:00:00,4.780,4.790,4.760,4.760,8679600
2025-07-10 14:30:00,4.760,4.790,4.760,4.770,12549200
2025-07-10 15:00:00,4.760,4.770,4.750,4.750,16271300
2025-07-11 10:00:00,4.760,4.790,4.750,4.790,20553310
2025-07-11 10:30:00,4.790,4.790,4.750,4.760,16951700
2025-07-11 11:00:00,4.760,4.770,4.750,4.770,7171536
2025-07-11 11:30:00,4.770,4.770,4.750,4.760,10009700
2025-07-11 13:30:00,4.770,4.780,4.760,4.770,14729300
2025-07-11 14:00:00,4.770,4.780,4.760,4.780,13411300
2025-07-11 14:30:00,4.780,4.780,4.760,4.770,10843564
2025-07-11 15:00:00,4.770,4.770,4.730,4.730,37809920
2025-07-14 10:00:00,4.750,4.800,4.740,4.750,43831648
2025-07-14 10:30:00,4.750,4.770,4.750,4.750,12470600
2025-07-14 11:00:00,4.760,4.770,4.750,4.750,9105900
2025-07-14 11:30:00,4.750,4.760,4.740,4.750,11667791
2025-07-14 13:30:00,4.760,4.770,4.750,4.750,10370702
2025-07-14 14:00:00,4.750,4.770,4.750,4.750,8596600
2025-07-14 14:30:00,4.760,4.770,4.750,4.760,6803400
2025-07-14 15:00:00,4.760,4.760,4.740,4.750,21849289
2025-07-15 10:00:00,4.750,4.760,4.710,4.730,34236500
2025-07-15 10:30:00,4.720,4.730,4.690,4.700,28046600
2025-07-15 11:00:00,4.700,4.720,4.690,4.710,10195386
2025-07-15 11:30:00,4.710,4.710,4.690,4.690,8980600
2025-07-15 13:30:00,4.700,4.700,4.690,4.690,10282907
2025-07-15 14:00:00,4.690,4.700,4.680,4.690,11882500
2025-07-15 14:30:00,4.690,4.710,4.690,4.690,14164280
2025-07-15 15:00:00,4.690,4.710,4.690,4.710,11815148
2025-07-16 10:00:00,4.700,4.720,4.680,4.710,19511600
2025-07-16 10:30:00,4.710,4.720,4.700,4.710,12339660
2025-07-16 11:00:00,4.700,4.710,4.690,4.700,10264240
2025-07-16 11:30:00,4.700,4.720,4.690,4.710,12109287
2025-07-16 13:30:00,4.700,4.710,4.690,4.700,7895500
2025-07-16 14:00:00,4.700,4.700,4.680,4.690,12160479
2025-07-16 14:30:00,4.700,4.700,4.690,4.690,5541591
2025-07-16 15:00:00,4.700,4.710,4.690,4.700,11339054
2025-07-17 10:00:00,4.710,4.710,4.660,4.670,22146100
2025-07-17 10:30:00,4.660,4.670,4.650,4.660,17407900
2025-07-17 11:00:00,4.660,4.670,4.650,4.660,8338250
2025-07-17 11:30:00,4.660,4.670,4.650,4.660,7247600
2025-07-17 13:30:00,4.660,4.670,4.640,4.650,22922900
2025-07-17 14:00:00,4.640,4.660,4.640,4.650,14647225
2025-07-17 14:30:00,4.660,4.660,4.640,4.640,10658600
2025-07-17 15:00:00,4.650,4.680,4.640,4.670,18640240
2025-07-18 10:00:00,4.670,4.680,4.650,4.680,22663601
2025-07-18 10:30:00,4.670,4.690,4.670,4.690,13290220
2025-07-18 11:00:00,4.690,4.700,4.680,4.680,15195081
2025-07-18 11:30:00,4.690,4.690,4.680,4.690,5689000
2025-07-18 13:30:00,4.690,4.690,4.670,4.680,11165489
2025-07-18 14:00:00,4.680,4.690,4.670,4.690,9112600
2025-07-18 14:30:00,4.680,4.700,4.670,4.690,10642696
2025-07-18 15:00:00,4.690,4.700,4.690,4.700,14084350
2025-07-21 10:00:00,4.700,4.730,4.690,4.730,40835496
2025-07-21 10:30:00,4.730,4.740,4.720,4.740,12241600
2025-07-21 11:00:00,4.740,4.740,4.720,4.730,13059380
2025-07-21 11:30:00,4.740,4.740,4.720,4.730,6727000
2025-07-21 13:30:00,4.730,4.740,4.720,4.730,6180500
2025-07-21 14:00:00,4.730,4.750,4.730,4.750,17174200
2025-07-21 14:30:00,4.740,4.760,4.740,4.760,12895874
2025-07-21 15:00:00,4.760,4.760,4.750,4.760,17943202
2025-07-22 10:00:00,4.750,4.780,4.710,4.720,43186500
2025-07-22 10:30:00,4.730,4.740,4.710,4.730,16941679
2025-07-22 11:00:00,4.720,4.740,4.720,4.730,9073000
2025-07-22 11:30:00,4.730,4.740,4.720,4.740,8490300
2025-07-22 13:30:00,4.740,4.780,4.730,4.760,31638603
2025-07-22 14:00:00,4.760,4.780,4.750,4.760,20059760
2025-07-22 14:30:00,4.750,4.770,4.740,4.760,12616700
2025-07-22 15:00:00,4.760,4.770,4.750,4.770,18967873
2025-07-23 10:00:00,4.770,4.800,4.760,4.780,34738300
2025-07-23 10:30:00,4.780,4.780,4.750,4.760,15763600
2025-07-23 11:00:00,4.760,4.770,4.750,4.750,12288200
2025-07-23 11:30:00,4.750,4.760,4.740,4.760,5310302
2025-07-23 13:30:00,4.760,4.770,4.750,4.770,16004332
2025-07-23 14:00:00,4.760,4.770,4.740,4.750,11056400
2025-07-23 14:30:00,4.750,4.750,4.710,4.720,24293100
2025-07-23 15:00:00,4.730,4.730,4.720,4.720,12716000
2025-07-24 10:00:00,4.720,4.730,4.650,4.670,55318983
2025-07-24 10:30:00,4.660,4.670,4.660,4.670,12307202
2025-07-24 11:00:00,4.660,4.680,4.660,4.670,13273761
2025-07-24 11:30:00,4.670,4.680,4.670,4.680,8191400
2025-07-24 13:30:00,4.670,4.690,4.670,4.680,12582860
2025-07-24 14:00:00,4.670,4.680,4.670,4.680,8968500
2025-07-24 14:30:00,4.670,4.680,4.670,4.670,7480796
2025-07-24 15:00:00,4.670,4.690,4.670,4.680,17322640
2025-07-25 10:00:00,4.680,4.700,4.660,4.680,29839800
2025-07-25 10:30:00,4.680,4.690,4.670,4.680,9501600
2025-07-25 11:00:00,4.670,4.690,4.670,4.680,6588900
2025-07-25 11:30:00,4.680,4.690,4.670,4.680,6104900
2025-07-25 13:30:00,4.680,4.690,4.660,4.660,9951600
2025-07-25 14:00:00,4.670,4.680,4.660,4.670,5722200
2025-07-25 14:30:00,4.660,4.670,4.650,4.660,15914100
2025-07-25 15:00:00,4.650,4.660,4.640,4.650,19206900
2025-07-28 10:00:00,4.660,4.670,4.620,4.650,34219740
2025-07-28 10:30:00,4.640,4.650,4.630,4.650,7019300
2025-07-28 11:00:00,4.640,4.650,4.640,4.650,4055388
2025-07-28 11:30:00,4.640,4.650,4.620,4.630,11723100
2025-07-28 13:30:00,4.630,4.630,4.610,4.630,17205786
2025-07-28 14:00:00,4.620,4.630,4.610,4.620,8847900
2025-07-28 14:30:00,4.610,4.620,4.610,4.610,7523400
2025-07-28 15:00:00,4.610,4.630,4.610,4.620,15722400
2025-07-29 10:00:00,4.620,4.650,4.610,4.620,19516400
2025-07-29 10:30:00,4.620,4.630,4.610,4.610,9408500
2025-07-29 11:00:00,4.610,4.620,4.610,4.610,6477301
2025-07-29 11:30:00,4.610,4.620,4.600,4.600,7862999
2025-07-29 13:30:00,4.600,4.620,4.600,4.600,12910900
2025-07-29 14:00:00,4.600,4.620,4.600,4.610,6536300
2025-07-29 14:30:00,4.610,4.620,4.610,4.610,7374900
2025-07-29 15:00:00,4.610,4.620,4.610,4.610,12745751
2025-07-30 10:00:00,4.620,4.680,4.610,4.670,59356625
2025-07-30 10:30:00,4.670,4.690,4.670,4.690,22346588
2025-07-30 11:00:00,4.690,4.730,4.680,4.720,35990400
2025-07-30 11:30:00,4.720,4.730,4.700,4.710,13349911
2025-07-30 13:30:00,4.710,4.730,4.700,4.720,17110002
2025-07-30 14:00:00,4.730,4.750,4.710,4.710,28289654
2025-07-30 14:30:00,4.720,4.720,4.690,4.700,10440400
2025-07-30 15:00:00,4.710,4.710,4.690,4.700,14237244
2025-07-31 10:00:00,4.690,4.690,4.600,4.610,59516100
2025-07-31 10:30:00,4.600,4.620,4.590,4.600,31855446
2025-07-31 11:00:00,4.600,4.600,4.590,4.590,10034000
2025-07-31 11:30:00,4.590,4.600,4.590,4.590,7764900
2025-07-31 13:30:00,4.600,4.600,4.580,4.580,16308000
2025-07-31 14:00:00,4.580,4.610,4.580,4.600,18512500
2025-07-31 14:30:00,4.600,4.610,4.590,4.590,8197350
2025-07-31 15:00:00,4.590,4.600,4.570,4.580,21407383
2025-08-01 10:00:00,4.560,4.590,4.560,4.570,26184402
2025-08-01 10:30:00,4.580,4.580,4.570,4.570,7249199
2025-08-01 11:00:00,4.580,4.590,4.560,4.560,11548900
2025-08-01 11:30:00,4.560,4.580,4.560,4.560,3802900
2025-08-01 13:30:00,4.560,4.570,4.540,4.540,16186539
2025-08-01 14:00:00,4.540,4.550,4.530,4.530,13470000
2025-08-01 14:30:00,4.540,4.550,4.530,4.550,11321762
2025-08-01 15:00:00,4.540,4.550,4.530,4.550,11740753
2025-08-04 10:00:00,4.550,4.560,4.530,4.540,20372860
2025-08-04 10:30:00,4.540,4.560,4.540,4.550,9429644
2025-08-04 11:00:00,4.550,4.550,4.520,4.540,11760706
2025-08-04 11:30:00,4.540,4.560,4.530,4.550,9068700
2025-08-04 13:30:00,4.550,4.560,4.520,4.530,12102500
2025-08-04 14:00:00,4.530,4.530,4.520,4.520,8261300
2025-08-04 14:30:00,4.520,4.550,4.520,4.540,13807100
2025-08-04 15:00:00,4.550,4.550,4.530,4.540,8185152
2025-08-05 10:00:00,4.540,4.570,4.530,4.570,17327100
2025-08-05 10:30:00,4.570,4.580,4.560,4.580,10971660
2025-08-05 11:00:00,4.580,4.580,4.560,4.580,6390401
2025-08-05 11:30:00,4.580,4.580,4.560,4.570,5650000
2025-08-05 13:30:00,4.570,4.580,4.560,4.570,5166700
2025-08-05 14:00:00,4.560,4.570,4.560,4.560,7828500
2025-08-05 14:30:00,4.570,4.570,4.560,4.560,6458640
2025-08-05 15:00:00,4.570,4.580,4.560,4.580,15446600
2025-08-06 10:00:00,4.580,4.590,4.550,4.560,23552896
2025-08-06 10:30:00,4.560,4.570,4.550,4.570,7380604
2025-08-06 11:00:00,4.570,4.570,4.550,4.560,6079200
2025-08-06 11:30:00,4.560,4.570,4.550,4.560,6055075
2025-08-06 13:30:00,4.560,4.570,4.550,4.560,6461900
2025-08-06 14:00:00,4.560,4.570,4.550,4.570,6594701
2025-08-06 14:30:00,4.560,4.580,4.560,4.570,7542083
2025-08-06 15:00:00,4.570,4.580,4.560,4.580,7847100
2025-08-07 10:00:00,4.580,4.590,4.550,4.560,23219728
2025-08-07 10:30:00,4.570,4.580,4.550,4.550,10341500
2025-08-07 11:00:00,4.560,4.570,4.550,4.560,5150400
2025-08-07 11:30:00,4.570,4.570,4.560,4.570,5399900
2025-08-07 13:30:00,4.560,4.600,4.560,4.590,25548295
2025-08-07 14:00:00,4.590,4.610,4.590,4.600,12200700
2025-08-07 14:30:00,4.610,4.610,4.590,4.600,5958100
2025-08-07 15:00:00,4.600,4.610,4.600,4.600,8389406
2025-08-08 10:00:00,4.610,4.660,4.590,4.650,44989001
2025-08-08 10:30:00,4.660,4.690,4.640,4.660,40715137
2025-08-08 11:00:00,4.670,4.680,4.650,4.670,11434000
2025-08-08 11:30:00,4.660,4.670,4.650,4.660,4677100
2025-08-08 13:30:00,4.660,4.660,4.640,4.650,10499800
2025-08-08 14:00:00,4.650,4.660,4.640,4.640,7668300
2025-08-08 14:30:00,4.650,4.650,4.640,4.640,4488494
2025-08-08 15:00:00,4.650,4.650,4.630,4.650,12662506
2025-08-11 10:00:00,4.640,4.660,4.570,4.590,51129716
2025-08-11 10:30:00,4.580,4.590,4.560,4.580,23347000
2025-08-11 11:00:00,4.570,4.580,4.570,4.580,5971100
2025-08-11 11:30:00,4.570,4.580,4.560,4.570,17152880
2025-08-11 13:30:00,4.570,4.580,4.570,4.570,6953102
2025-08-11 14:00:00,4.570,4.580,4.570,4.580,8678011
2025-08-11 14:30:00,4.570,4.580,4.560,4.560,13654800
2025-08-11 15:00:00,4.560,4.580,4.560,4.560,17024072
2025-08-12 10:00:00,4.560,4.570,4.550,4.560,15853300
2025-08-12 10:30:00,4.560,4.570,4.550,4.560,11088692
2025-08-12 11:00:00,4.560,4.570,4.550,4.560,7313580
2025-08-12 11:30:00,4.550,4.560,4.540,4.550,13863900
2025-08-12 13:30:00,4.550,4.560,4.550,4.560,7029256
2025-08-12 14:00:00,4.560,4.560,4.540,4.550,9298400
2025-08-12 14:30:00,4.550,4.560,4.540,4.540,7086700
2025-08-12 15:00:00,4.540,4.560,4.540,4.550,11224981
2025-08-13 10:00:00,4.550,4.560,4.540,4.560,18310800
2025-08-13 10:30:00,4.550,4.560,4.540,4.550,7981804
2025-08-13 11:00:00,4.540,4.550,4.530,4.540,18780796
2025-08-13 11:30:00,4.530,4.550,4.530,4.540,11339400
2025-08-13 13:30:00,4.540,4.550,4.530,4.530,8815900
2025-08-13 14:00:00,4.540,4.540,4.530,4.530,9334760
2025-08-13 14:30:00,4.540,4.540,4.520,4.520,17942340
2025-08-13 15:00:00,4.530,4.540,4.520,4.530,14751900
2025-08-14 10:00:00,4.530,4.550,4.520,4.540,14123632
2025-08-14 10:30:00,4.540,4.550,4.530,4.540,9128100
2025-08-14 11:00:00,4.540,4.540,4.520,4.520,9940505
2025-08-14 11:30:00,4.520,4.540,4.520,4.530,8334200
2025-08-14 13:30:00,4.520,4.530,4.500,4.500,19988000
2025-08-14 14:00:00,4.500,4.520,4.500,4.510,6992512
2025-08-14 14:30:00,4.510,4.520,4.510,4.510,4603000
2025-08-14 15:00:00,4.510,4.520,4.500,4.500,11663700
2025-08-15 10:00:00,4.510,4.520,4.500,4.500,17633200
2025-08-15 10:30:00,4.500,4.510,4.500,4.500,15598900
2025-08-15 11:00:00,4.500,4.520,4.500,4.520,8091200
2025-08-15 11:30:00,4.510,4.530,4.510,4.520,9280713
2025-08-15 13:30:00,4.530,4.530,4.520,4.520,8127100
2025-08-15 14:00:00,4.520,4.540,4.510,4.530,13381699
2025-08-15 14:30:00,4.530,4.540,4.520,4.530,12162500
2025-08-15 15:00:00,4.520,4.530,4.500,4.500,22501000
2025-08-18 10:00:00,4.510,4.550,4.510,4.530,29776244
2025-08-18 10:30:00,4.530,4.550,4.530,4.540,17608800
2025-08-18 11:00:00,4.540,4.540,4.520,4.530,8008601
2025-08-18 11:30:00,4.520,4.540,4.520,4.530,8441400
2025-08-18 13:30:00,4.530,4.540,4.520,4.530,14515697
2025-08-18 14:00:00,4.530,4.540,4.520,4.520,8612000
2025-08-18 14:30:00,4.530,4.530,4.520,4.520,8958400
2025-08-18 15:00:00,4.530,4.530,4.510,4.510,17572900
2025-08-19 10:00:00,4.660,4.830,4.660,4.770,345975699
2025-08-19 10:30:00,4.780,4.840,4.770,4.800,105674509
2025-08-19 11:00:00,4.810,4.810,4.780,4.780,21552201
2025-08-19 11:30:00,4.780,4.790,4.740,4.740,19879100
2025-08-19 13:30:00,4.750,4.750,4.720,4.730,27934801
2025-08-19 14:00:00,4.730,4.800,4.720,4.780,32744272
2025-08-19 14:30:00,4.770,4.780,4.770,4.770,16545408
2025-08-19 15:00:00,4.770,4.790,4.760,4.770,32515442
2025-08-20 10:00:00,4.750,4.830,4.740,4.770,105912557
2025-08-20 10:30:00,4.780,4.780,4.740,4.740,34814744
2025-08-20 11:00:00,4.740,4.770,4.740,4.760,14677400
2025-08-20 11:30:00,4.760,4.770,4.740,4.750,16660191
2025-08-20 13:30:00,4.760,4.780,4.750,4.760,15784012
2025-08-20 14:00:00,4.760,4.780,4.760,4.760,8599984
2025-08-20 14:30:00,4.770,4.780,4.760,4.760,14354800
2025-08-20 15:00:00,4.770,4.780,4.760,4.770,20936192
2025-08-21 10:00:00,4.800,4.800,4.770,4.780,33403616
2025-08-21 10:30:00,4.780,4.820,4.780,4.820,44144410
2025-08-21 11:00:00,4.810,4.820,4.800,4.810,11614800
2025-08-21 11:30:00,4.800,4.830,4.800,4.820,23862428
2025-08-21 13:30:00,4.820,4.830,4.800,4.810,15070203
2025-08-21 14:00:00,4.810,4.820,4.800,4.810,10430102
2025-08-21 14:30:00,4.810,4.820,4.800,4.810,12852900
2025-08-21 15:00:00,4.810,4.810,4.790,4.800,22835500
2025-08-22 10:00:00,4.810,4.830,4.770,4.790,34253904
2025-08-22 10:30:00,4.790,4.790,4.770,4.770,12817752
2025-08-22 11:00:00,4.770,4.790,4.760,4.790,15313400
2025-08-22 11:30:00,4.780,4.800,4.770,4.790,11128841
2025-08-22 13:30:00,4.780,4.800,4.770,4.790,10439012
2025-08-22 14:00:00,4.780,4.790,4.770,4.780,12486800
2025-08-22 14:30:00,4.770,4.790,4.770,4.790,13993800
2025-08-22 15:00:00,4.790,4.800,4.780,4.790,18186264
2025-08-25 10:00:00,4.800,4.820,4.780,4.800,38567101
2025-08-25 10:30:00,4.790,4.800,4.780,4.800,21647378
2025-08-25 11:00:00,4.790,4.800,4.780,4.790,17823591
2025-08-25 11:30:00,4.790,4.820,4.790,4.810,22539110
2025-08-25 13:30:00,4.800,4.820,4.790,4.800,14285325
2025-08-25 14:00:00,4.800,4.810,4.790,4.810,7996837
2025-08-25 14:30:00,4.810,4.810,4.800,4.810,6115300
2025-08-25 15:00:00,4.810,4.820,4.800,4.820,18531788
2025-08-26 10:00:00,4.820,4.820,4.790,4.810,30579040
2025-08-26 10:30:00,4.810,4.810,4.780,4.780,18311800
2025-08-26 11:00:00,4.780,4.810,4.780,4.800,9648201
2025-08-26 11:30:00,4.800,4.820,4.800,4.820,10966601
2025-08-26 13:30:00,4.810,4.820,4.800,4.810,11841900
2025-08-26 14:00:00,4.800,4.820,4.800,4.820,8461700
2025-08-26 14:30:00,4.810,4.820,4.810,4.820,6310300
2025-08-26 15:00:00,4.820,4.820,4.810,4.810,13714314
2025-08-27 10:00:00,4.810,4.910,4.800,4.880,73618960
2025-08-27 10:30:00,4.870,4.890,4.850,4.860,18654600
2025-08-27 11:00:00,4.850,4.860,4.840,4.860,12343100
2025-08-27 11:30:00,4.850,4.860,4.830,4.830,8624800
2025-08-27 13:30:00,4.830,4.850,4.810,4.820,17966000
2025-08-27 14:00:00,4.810,4.820,4.790,4.790,20232700
2025-08-27 14:30:00,4.800,4.810,4.770,4.780,17432750
2025-08-27 15:00:00,4.780,4.800,4.770,4.780,27331765
2025-08-28 10:00:00,4.780,4.790,4.760,4.770,28536624
2025-08-28 10:30:00,4.770,4.770,4.750,4.770,17036148
2025-08-28 11:00:00,4.770,4.810,4.760,4.800,21870095
2025-08-28 11:30:00,4.800,4.810,4.780,4.790,10396100
2025-08-28 13:30:00,4.780,4.790,4.750,4.750,15866100
2025-08-28 14:00:00,4.760,4.770,4.740,4.760,22604300
2025-08-28 14:30:00,4.760,4.800,4.750,4.800,16914817
2025-08-28 15:00:00,4.790,4.820,4.790,4.820,23488588
2025-08-29 10:00:00,4.840,4.920,4.830,4.900,116167426
2025-08-29 10:30:00,4.900,4.900,4.840,4.860,31965002
2025-08-29 11:00:00,4.860,4.860,4.810,4.810,27170159
2025-08-29 11:30:00,4.820,4.830,4.800,4.810,14530700
2025-08-29 13:30:00,4.820,4.830,4.780,4.790,26960700
2025-08-29 14:00:00,4.780,4.820,4.780,4.810,20699710
2025-08-29 14:30:00,4.810,4.820,4.780,4.800,22074215
2025-08-29 15:00:00,4.800,4.810,4.780,4.790,26635587
2025-09-01 10:00:00,4.810,4.890,4.800,4.880,73547075
2025-09-01 10:30:00,4.890,4.930,4.880,4.920,75210325
2025-09-01 11:00:00,4.930,4.960,4.910,4.940,38862200
2025-09-01 11:30:00,4.940,4.950,4.900,4.910,19245408
2025-09-01 13:30:00,4.900,4.920,4.890,4.920,12230988
2025-09-01 14:00:00,4.920,4.930,4.900,4.920,15386400
2025-09-01 14:30:00,4.910,4.930,4.910,4.930,14439250
2025-09-01 15:00:00,4.930,4.930,4.880,4.910,33851769
2025-09-02 10:00:00,4.910,4.940,4.870,4.890,44620688
2025-09-02 10:30:00,4.890,4.960,4.890,4.960,44334528
2025-09-02 11:00:00,4.960,4.970,4.900,4.920,28819920
2025-09-02 11:30:00,4.920,4.920,4.890,4.910,16696920
2025-09-02 13:30:00,4.920,4.930,4.890,4.910,17918500
2025-09-02 14:00:00,4.910,4.950,4.910,4.930,12955500
2025-09-02 14:30:00,4.930,4.950,4.920,4.920,15344000
2025-09-02 15:00:00,4.930,4.940,4.910,4.930,17235723
2025-09-03 10:00:00,4.940,4.950,4.900,4.910,23849623
2025-09-03 10:30:00,4.910,4.940,4.900,4.900,18326925
2025-09-03 11:00:00,4.910,4.920,4.890,4.900,16172400
2025-09-03 11:30:00,4.900,4.930,4.890,4.900,12220025
2025-09-03 13:30:00,4.890,4.930,4.890,4.920,13479300
2025-09-03 14:00:00,4.920,4.930,4.890,4.900,12276613
2025-09-03 14:30:00,4.910,4.910,4.890,4.900,10829933
2025-09-03 15:00:00,4.910,4.910,4.880,4.910,16735646
2025-09-04 10:00:00,4.900,4.920,4.850,4.880,39504100
2025-09-04 10:30:00,4.880,4.910,4.880,4.900,23590412
2025-09-04 11:00:00,4.910,4.920,4.880,4.890,21481253
2025-09-04 11:30:00,4.900,4.930,4.890,4.920,24107106
2025-09-04 13:30:00,4.910,4.950,4.900,4.950,23666790
2025-09-04 14:00:00,4.940,4.960,4.930,4.950,19444744
2025-09-04 14:30:00,4.960,4.960,4.920,4.930,24378060
2025-09-04 15:00:00,4.940,4.960,4.920,4.950,32882860
2025-09-05 10:00:00,4.950,5.030,4.900,4.980,75016105
2025-09-05 10:30:00,4.970,5.000,4.950,4.960,17037600
2025-09-05 11:00:00,4.970,4.970,4.940,4.970,10017600
2025-09-05 11:30:00,4.970,4.970,4.950,4.950,5543100
2025-09-05 13:30:00,4.950,4.990,4.950,4.970,13912102
2025-09-05 14:00:00,4.970,4.990,4.960,4.970,13846900
2025-09-05 14:30:00,4.980,4.990,4.970,4.990,14311351
2025-09-05 15:00:00,4.990,4.990,4.970,4.980,27429452
2025-09-08 10:00:00,5.000,5.050,4.990,5.030,45019930
2025-09-08 10:30:00,5.020,5.090,5.020,5.070,47199228
2025-09-08 11:00:00,5.080,5.090,5.070,5.090,17770502
2025-09-08 11:30:00,5.080,5.130,5.080,5.110,30131683
2025-09-08 13:30:00,5.120,5.130,5.080,5.090,29962000
2025-09-08 14:00:00,5.090,5.100,5.080,5.090,11380900
2025-09-08 14:30:00,5.080,5.100,5.080,5.100,12014920
2025-09-08 15:00:00,5.100,5.100,5.080,5.090,17614661
2025-09-09 10:00:00,5.100,5.120,5.060,5.120,32016050
2025-09-09 10:30:00,5.120,5.130,5.100,5.120,18027264
2025-09-09 11:00:00,5.110,5.130,5.100,5.120,9593200
2025-09-09 11:30:00,5.110,5.120,5.090,5.090,7365900
2025-09-09 13:30:00,5.090,5.100,5.080,5.080,12932701
2025-09-09 14:00:00,5.090,5.110,5.070,5.100,24019588
2025-09-09 14:30:00,5.100,5.120,5.090,5.100,15107352
2025-09-09 15:00:00,5.110,5.130,5.100,5.120,24559127
2025-09-10 10:00:00,5.110,5.130,5.080,5.120,30801836
2025-09-10 10:30:00,5.110,5.140,5.100,5.130,20576000
2025-09-10 11:00:00,5.120,5.180,5.120,5.170,33504483
2025-09-10 11:30:00,5.170,5.200,5.150,5.190,22003704
2025-09-10 13:30:00,5.200,5.200,5.160,5.180,16236670
2025-09-10 14:00:00,5.170,5.190,5.170,5.180,9641900
2025-09-10 14:30:00,5.180,5.210,5.180,5.190,20935732
2025-09-10 15:00:00,5.200,5.220,5.190,5.200,20616768
2025-09-11 10:00:00,5.210,5.250,5.180,5.190,40839139
2025-09-11 10:30:00,5.190,5.200,5.170,5.180,20140800
2025-09-11 11:00:00,5.180,5.190,5.150,5.170,19007221
2025-09-11 11:30:00,5.170,5.180,5.160,5.170,10162842
2025-09-11 13:30:00,5.160,5.180,5.150,5.160,15667066
2025-09-11 14:00:00,5.160,5.180,5.150,5.170,9357571
2025-09-11 14:30:00,5.160,5.170,5.150,5.170,10967694
2025-09-11 15:00:00,5.160,5.190,5.160,5.190,18643048
2025-09-12 10:00:00,5.190,5.230,5.170,5.210,40372190
2025-09-12 10:30:00,5.220,5.220,5.160,5.160,21776102
2025-09-12 11:00:00,5.160,5.180,5.160,5.170,9247143
2025-09-12 11:30:00,5.180,5.180,5.160,5.170,8717200
2025-09-12 13:30:00,5.180,5.180,5.160,5.160,8263400
2025-09-12 14:00:00,5.160,5.170,5.150,5.150,11736600
2025-09-12 14:30:00,5.160,5.170,5.150,5.150,8622552
2025-09-12 15:00:00,5.150,5.180,5.150,5.170,20280997
2025-09-15 10:00:00,5.170,5.240,5.140,5.160,47841120
2025-09-15 10:30:00,5.170,5.200,5.160,5.200,18151416
2025-09-15 11:00:00,5.190,5.240,5.180,5.210,25481830
2025-09-15 11:30:00,5.210,5.310,5.200,5.300,36700796
2025-09-15 13:30:00,5.300,5.300,5.230,5.230,15108600
2025-09-15 14:00:00,5.230,5.240,5.180,5.200,23335100
2025-09-15 14:30:00,5.200,5.200,5.180,5.190,9068602
2025-09-15 15:00:00,5.180,5.200,5.180,5.180,15856326
2025-09-16 10:00:00,5.180,5.210,5.140,5.170,33296548
2025-09-16 10:30:00,5.180,5.190,5.120,5.130,18406778
2025-09-16 11:00:00,5.130,5.140,5.120,5.130,14665200
2025-09-16 11:30:00,5.120,5.160,5.110,5.150,11391100
2025-09-16 13:30:00,5.160,5.170,5.150,5.160,6513744
2025-09-16 14:00:00,5.160,5.160,5.150,5.160,5004900
2025-09-16 14:30:00,5.160,5.160,5.140,5.150,9178400
2025-09-16 15:00:00,5.160,5.170,5.150,5.170,12010001
2025-09-17 10:00:00,5.160,5.180,5.140,5.160,23087094
2025-09-17 10:30:00,5.160,5.220,5.160,5.210,22335837
2025-09-17 11:00:00,5.210,5.250,5.200,5.210,20433479
2025-09-17 11:30:00,5.220,5.220,5.190,5.200,7198600
2025-09-17 13:30:00,5.200,5.200,5.170,5.200,6067300
2025-09-17 14:00:00,5.190,5.200,5.170,5.170,6834200
2025-09-17 14:30:00,5.180,5.200,5.170,5.190,10134400
2025-09-17 15:00:00,5.200,5.200,5.180,5.200,9251600
2025-09-18 10:00:00,5.200,5.200,5.150,5.170,16265982
2025-09-18 10:30:00,5.180,5.180,5.120,5.130,22937900
2025-09-18 11:00:00,5.130,5.130,5.100,5.120,15545045
2025-09-18 11:30:00,5.110,5.120,5.070,5.070,21947300
2025-09-18 13:30:00,5.080,5.110,5.070,5.090,18412026
2025-09-18 14:00:00,5.090,5.090,5.060,5.070,11905571
2025-09-18 14:30:00,5.070,5.080,5.040,5.070,24283300
2025-09-18 15:00:00,5.060,5.080,5.030,5.070,22581780
2025-09-19 10:00:00,5.070,5.080,5.020,5.040,24235700
2025-09-19 10:30:00,5.050,5.060,5.020,5.040,14120800
2025-09-19 11:00:00,5.040,5.060,5.030,5.040,13245241
2025-09-19 11:30:00,5.040,5.060,5.030,5.060,8350900
2025-09-19 13:30:00,5.060,5.060,5.030,5.040,12412672
2025-09-19 14:00:00,5.030,5.040,5.030,5.040,5961000
2025-09-19 14:30:00,5.040,5.050,5.030,5.040,9879302
2025-09-19 15:00:00,5.050,5.050,5.030,5.030,11564632
2025-09-22 10:00:00,5.030,5.050,4.990,5.020,32217000
2025-09-22 10:30:00,5.030,5.050,5.020,5.030,12803600
2025-09-22 11:00:00,5.040,5.040,5.020,5.020,8946500
2025-09-22 11:30:00,5.020,5.050,5.020,5.050,8099200
2025-09-22 13:30:00,5.040,5.050,5.010,5.010,11811100
2025-09-22 14:00:00,5.010,5.030,5.010,5.020,7163600
2025-09-22 14:30:00,5.020,5.040,5.010,5.030,7695601
2025-09-22 15:00:00,5.040,5.050,5.020,5.030,10131794
2025-09-23 10:00:00,5.030,5.080,5.000,5.060,30825898
2025-09-23 10:30:00,5.060,5.060,5.010,5.020,17662399
2025-09-23 11:00:00,5.010,5.030,5.010,5.030,7173200
2025-09-23 11:30:00,5.020,5.040,5.010,5.010,7600700
2025-09-23 13:30:00,5.020,5.030,5.000,5.020,9747000
2025-09-23 14:00:00,5.030,5.040,5.010,5.030,7895400
2025-09-23 14:30:00,5.040,5.060,5.030,5.050,11756550
2025-09-23 15:00:00,5.040,5.060,5.040,5.060,9263700
2025-09-24 10:00:00,5.060,5.080,5.020,5.050,22981538
2025-09-24 10:30:00,5.040,5.050,4.990,5.010,23156200
2025-09-24 11:00:00,5.000,5.010,4.990,5.000,17633900
2025-09-24 11:30:00,5.000,5.000,4.980,4.990,10086300
2025-09-24 13:30:00,4.990,5.040,4.980,5.020,14875000
2025-09-24 14:00:00,5.020,5.040,5.020,5.030,8382500
2025-09-24 14:30:00,5.020,5.040,5.020,5.030,5475994
2025-09-24 15:00:00,5.020,5.040,5.020,5.030,9171450
2025-09-25 10:00:00,5.020,5.040,4.980,5.020,21670300
2025-09-25 10:30:00,5.020,5.030,4.990,4.990,14157640
2025-09-25 11:00:00,4.990,5.010,4.990,5.000,6159800
2025-09-25 11:30:00,5.000,5.000,4.980,4.990,4456940
2025-09-25 13:30:00,5.000,5.000,4.970,4.980,19806144
2025-09-25 14:00:00,4.980,4.990,4.980,4.980,10534900
2025-09-25 14:30:00,4.990,5.000,4.980,4.990,7687647
2025-09-25 15:00:00,4.990,5.000,4.980,4.990,9923200
2025-09-26 10:00:00,4.990,5.010,4.970,4.980,18888700
2025-09-26 10:30:00,4.980,5.010,4.980,5.000,11368152
2025-09-26 11:00:00,5.000,5.010,4.990,4.990,9684900
2025-09-26 11:30:00,5.000,5.000,4.990,4.990,5225801
2025-09-26 13:30:00,5.000,5.020,4.990,4.990,13528140
2025-09-26 14:00:00,5.000,5.020,4.990,5.010,9916800
2025-09-26 14:30:00,5.010,5.020,4.990,5.000,9444800
2025-09-26 15:00:00,5.000,5.010,4.990,5.000,7971930
2025-09-29 10:00:00,5.020,5.050,4.980,4.990,24777489
2025-09-29 10:30:00,4.990,4.990,4.950,4.960,20829600
2025-09-29 11:00:00,4.960,4.960,4.920,4.940,18341494
2025-09-29 11:30:00,4.930,4.960,4.930,4.950,9143030
2025-09-29 13:30:00,4.950,4.970,4.940,4.970,7267300
2025-09-29 14:00:00,4.960,4.990,4.960,4.990,10353920
2025-09-29 14:30:00,4.990,5.000,4.970,4.980,8109300
2025-09-29 15:00:00,4.980,4.990,4.960,4.990,10089550
2025-09-30 10:00:00,4.970,4.980,4.930,4.960,24882700
2025-09-30 10:30:00,4.970,4.970,4.950,4.960,9504319
2025-09-30 11:00:00,4.960,4.980,4.950,4.960,8935488
2025-09-30 11:30:00,4.970,4.990,4.960,4.980,8792280
2025-09-30 13:30:00,4.970,4.990,4.970,4.980,9072800
2025-09-30 14:00:00,4.990,5.010,4.980,4.990,12885058
2025-09-30 14:30:00,5.000,5.010,4.970,4.970,11499492
2025-09-30 15:00:00,4.970,5.000,4.970,4.980,12363286
2025-10-09 10:00:00,5.000,5.080,5.000,5.070,41091743
2025-10-09 10:30:00,5.080,5.090,5.040,5.080,18529503
2025-10-09 11:00:00,5.080,5.090,5.050,5.080,14413900
2025-10-09 11:30:00,5.070,5.090,5.070,5.080,5807000
2025-10-09 13:30:00,5.080,5.090,5.060,5.080,8357101
2025-10-09 14:00:00,5.090,5.120,5.080,5.120,17821213
2025-10-09 14:30:00,5.120,5.140,5.110,5.130,11014400
2025-10-09 15:00:00,5.130,5.170,5.120,5.170,29422754
2025-10-10 10:00:00,5.160,5.190,5.100,5.170,29221600
2025-10-10 10:30:00,5.180,5.210,5.150,5.180,20050172
2025-10-10 11:00:00,5.190,5.200,5.160,5.170,8983695
2025-10-10 11:30:00,5.170,5.190,5.160,5.190,9906900
2025-10-10 13:30:00,5.180,5.190,5.170,5.180,6987600
2025-10-10 14:00:00,5.180,5.190,5.170,5.180,9167900
2025-10-10 14:30:00,5.180,5.190,5.160,5.170,8301600
2025-10-10 15:00:00,5.170,5.190,5.160,5.170,12692624
2025-10-13 10:00:00,5.110,5.170,5.040,5.070,53578820
2025-10-13 10:30:00,5.070,5.120,5.040,5.120,20398472
2025-10-13 11:00:00,5.120,5.140,5.100,5.140,10445800
2025-10-13 11:30:00,5.130,5.140,5.110,5.110,7350500
2025-10-13 13:30:00,5.110,5.150,5.090,5.150,10848071
2025-10-13 14:00:00,5.150,5.190,5.140,5.160,14203730
2025-10-13 14:30:00,5.150,5.170,5.130,5.160,8829000
2025-10-13 15:00:00,5.150,5.180,5.150,5.160,10743800
2025-10-14 10:00:00,5.140,5.210,5.140,5.210,40099939
2025-10-14 10:30:00,5.200,5.230,5.190,5.200,19445600
2025-10-14 11:00:00,5.200,5.210,5.170,5.180,9450200
2025-10-14 11:30:00,5.180,5.200,5.170,5.200,6665360
2025-10-14 13:30:00,5.190,5.200,5.160,5.180,11507600
2025-10-14 14:00:00,5.170,5.180,5.160,5.170,8504600
2025-10-14 14:30:00,5.170,5.170,5.150,5.150,13278700
2025-10-14 15:00:00,5.160,5.170,5.150,5.160,22714548
2025-10-15 10:00:00,5.160,5.180,5.120,5.130,32408056
2025-10-15 10:30:00,5.120,5.140,5.100,5.100,19258100
2025-10-15 11:00:00,5.100,5.110,5.080,5.090,15325400
2025-10-15 11:30:00,5.090,5.100,5.060,5.070,8981130
2025-10-15 13:30:00,5.080,5.090,5.050,5.070,15350100
2025-10-15 14:00:00,5.080,5.120,5.060,5.120,9133000
2025-10-15 14:30:00,5.110,5.130,5.100,5.110,9029200
2025-10-15 15:00:00,5.100,5.120,5.100,5.120,9760420
2025-10-16 10:00:00,5.100,5.130,5.080,5.090,18185800
2025-10-16 10:30:00,5.090,5.120,5.080,5.120,8657519
2025-10-16 11:00:00,5.110,5.130,5.100,5.130,9943900
2025-10-16 11:30:00,5.120,5.150,5.110,5.130,13919300
2025-10-16 13:30:00,5.140,5.150,5.120,5.120,9174894
2025-10-16 14:00:00,5.130,5.160,5.120,5.150,13847960
2025-10-16 14:30:00,5.150,5.160,5.140,5.150,8304600
2025-10-16 15:00:00,5.150,5.160,5.140,5.140,11099401
2025-10-17 10:00:00,5.150,5.180,5.140,5.160,24355800
2025-10-17 10:30:00,5.160,5.170,5.130,5.140,15353000
2025-10-17 11:00:00,5.150,5.170,5.140,5.160,9542489
2025-10-17 11:30:00,5.170,5.180,5.160,5.160,13789600
2025-10-17 13:30:00,5.170,5.170,5.110,5.120,15545112
2025-10-17 14:00:00,5.110,5.140,5.110,5.120,9075200
2025-10-17 14:30:00,5.120,5.130,5.100,5.100,9161600
2025-10-17 15:00:00,5.110,5.120,5.090,5.120,14928248
2025-10-20 10:00:00,5.110,5.130,5.010,5.030,42805630
2025-10-20 10:30:00,5.020,5.040,5.000,5.030,26071573
2025-10-20 11:00:00,5.040,5.090,5.030,5.080,15863754
2025-10-20 11:30:00,5.090,5.100,5.060,5.080,10313301
2025-10-20 13:30:00,5.090,5.110,5.070,5.090,13902400
2025-10-20 14:00:00,5.090,5.110,5.080,5.090,9943807
2025-10-20 14:30:00,5.100,5.110,5.090,5.100,7105000
2025-10-20 15:00:00,5.110,5.120,5.100,5.100,9856585
2025-10-21 10:00:00,5.090,5.120,5.070,5.090,22923600
2025-10-21 10:30:00,5.100,5.110,5.080,5.090,10555201
2025-10-21 11:00:00,5.090,5.090,5.060,5.080,13257800
2025-10-21 11:30:00,5.080,5.090,5.070,5.090,5012580
2025-10-21 13:30:00,5.090,5.100,5.070,5.100,7629900
2025-10-21 14:00:00,5.100,5.110,5.080,5.110,9180916
2025-10-21 14:30:00,5.100,5.110,5.090,5.100,6317299
2025-10-21 15:00:00,5.110,5.120,5.100,5.100,15267128
2025-10-22 10:00:00,5.110,5.130,5.100,5.110,14496450
2025-10-22 10:30:00,5.120,5.130,5.090,5.110,12142252
2025-10-22 11:00:00,5.110,5.120,5.090,5.100,4697000
2025-10-22 11:30:00,5.100,5.110,5.080,5.100,5106150
2025-10-22 13:30:00,5.090,5.110,5.080,5.090,5627650
2025-10-22 14:00:00,5.090,5.090,5.070,5.070,6797702
2025-10-22 14:30:00,5.070,5.090,5.070,5.090,3652900
2025-10-22 15:00:00,5.090,5.090,5.070,5.070,9439100
2025-10-23 10:00:00,5.120,5.220,5.110,5.200,58028088
2025-10-23 10:30:00,5.200,5.210,5.160,5.200,23442663
2025-10-23 11:00:00,5.210,5.260,5.200,5.240,30808128
2025-10-23 11:30:00,5.230,5.250,5.220,5.230,9560199
2025-10-23 13:30:00,5.230,5.240,5.180,5.180,10149701
2025-10-23 14:00:00,5.180,5.190,5.170,5.170,7732600
2025-10-23 14:30:00,5.180,5.200,5.170,5.190,8488527
2025-10-23 15:00:00,5.190,5.210,5.190,5.200,15270000
2025-10-24 10:00:00,5.190,5.210,5.140,5.150,34368686
2025-10-24 10:30:00,5.150,5.160,5.100,5.100,30959100
2025-10-24 11:00:00,5.100,5.120,5.100,5.100,11085700
2025-10-24 11:30:00,5.100,5.110,5.090,5.100,14166306
2025-10-24 13:30:00,5.100,5.110,5.100,5.100,7903600
2025-10-24 14:00:00,5.110,5.130,5.100,5.110,10189800
2025-10-24 14:30:00,5.120,5.120,5.100,5.120,8893400
2025-10-24 15:00:00,5.120,5.120,5.100,5.110,11543419
2025-10-27 10:00:00,5.120,5.250,5.120,5.240,65898326
2025-10-27 10:30:00,5.240,5.330,5.240,5.310,61633684
2025-10-27 11:00:00,5.310,5.330,5.280,5.280,22218902
2025-10-27 11:30:00,5.280,5.300,5.260,5.260,9024500
2025-10-27 13:30:00,5.270,5.310,5.260,5.300,14506760
2025-10-27 14:00:00,5.300,5.330,5.300,5.310,17685999
2025-10-27 14:30:00,5.300,5.310,5.290,5.310,10668000
2025-10-27 15:00:00,5.300,5.310,5.290,5.310,25752116
2025-10-28 10:00:00,5.350,5.420,5.330,5.370,70298099
2025-10-28 10:30:00,5.370,5.390,5.340,5.390,21278113
2025-10-28 11:00:00,5.380,5.420,5.360,5.410,21507409
2025-10-28 11:30:00,5.410,5.440,5.400,5.430,22480928
2025-10-28 13:30:00,5.420,5.450,5.400,5.410,20391374
2025-10-28 14:00:00,5.420,5.420,5.380,5.390,11952408
2025-10-28 14:30:00,5.390,5.390,5.370,5.390,9889752
2025-10-28 15:00:00,5.390,5.390,5.370,5.380,22334167
2025-10-29 10:00:00,5.290,5.330,5.250,5.260,40187487
2025-10-29 10:30:00,5.250,5.330,5.250,5.320,24264127
2025-10-29 11:00:00,5.320,5.390,5.320,5.390,23719070
2025-10-29 11:30:00,5.380,5.390,5.340,5.360,10822000
2025-10-29 13:30:00,5.350,5.390,5.350,5.360,13795600
2025-10-29 14:00:00,5.360,5.370,5.330,5.370,13727700
2025-10-29 14:30:00,5.370,5.370,5.340,5.350,11132802
2025-10-29 15:00:00,5.340,5.370,5.340,5.350,16025800
2025-10-30 10:00:00,5.340,5.400,5.310,5.370,53846700
2025-10-30 10:30:00,5.360,5.440,5.360,5.420,27987326
2025-10-30 11:00:00,5.420,5.460,5.410,5.430,23491721
2025-10-30 11:30:00,5.440,5.450,5.420,5.430,11413375
2025-10-30 13:30:00,5.420,5.440,5.370,5.430,19501400
2025-10-30 14:00:00,5.440,5.480,5.430,5.440,18991640
2025-10-30 14:30:00,5.450,5.460,5.430,5.450,10703200
2025-10-30 15:00:00,5.450,5.460,5.430,5.440,16288900
2025-10-31 10:00:00,5.430,5.430,5.270,5.290,53978200
2025-10-31 10:30:00,5.290,5.300,5.250,5.280,34216800
2025-10-31 11:00:00,5.280,5.320,5.260,5.300,12177900
2025-10-31 11:30:00,5.310,5.310,5.280,5.290,7881680
2025-10-31 13:30:00,5.300,5.320,5.290,5.320,11985205
2025-10-31 14:00:00,5.320,5.330,5.280,5.280,8941340
2025-10-31 14:30:00,5.290,5.310,5.280,5.300,7290781
2025-10-31 15:00:00,5.310,5.310,5.280,5.290,14466500
2025-11-03 10:00:00,5.290,5.400,5.290,5.400,42364342
2025-11-03 10:30:00,5.390,5.430,5.380,5.390,25028600
2025-11-03 11:00:00,5.390,5.410,5.380,5.400,13965800
2025-11-03 11:30:00,5.400,5.400,5.380,5.380,7229384
2025-11-03 13:30:00,5.380,5.410,5.370,5.410,11065743
2025-11-03 14:00:00,5.400,5.410,5.390,5.400,9956600
2025-11-03 14:30:00,5.390,5.410,5.380,5.400,12265260
2025-11-03 15:00:00,5.390,5.400,5.380,5.390,9365700
2025-11-04 10:00:00,5.390,5.480,5.380,5.430,33570704
2025-11-04 10:30:00,5.440,5.460,5.430,5.460,12975700
2025-11-04 11:00:00,5.460,5.480,5.440,5.440,16751106
2025-11-04 11:30:00,5.450,5.480,5.430,5.430,10493800
2025-11-04 13:30:00,5.440,5.450,5.420,5.430,12668818
2025-11-04 14:00:00,5.430,5.440,5.420,5.420,9764600
2025-11-04 14:30:00,5.420,5.430,5.390,5.400,9604100
2025-11-04 15:00:00,5.400,5.420,5.400,5.420,12023471
2025-11-05 10:00:00,5.400,5.410,5.310,5.390,29000784
2025-11-05 10:30:00,5.380,5.420,5.370,5.390,10602400
2025-11-05 11:00:00,5.400,5.410,5.380,5.390,5897082
2025-11-05 11:30:00,5.390,5.430,5.380,5.420,8689193
2025-11-05 13:30:00,5.430,5.450,5.410,5.430,10364072
2025-11-05 14:00:00,5.420,5.430,5.410,5.430,5568384
2025-11-05 14:30:00,5.430,5.430,5.400,5.400,6385800
2025-11-05 15:00:00,5.410,5.410,5.390,5.390,11448100
2025-11-06 10:00:00,5.390,5.540,5.380,5.540,47523530
2025-11-06 10:30:00,5.530,5.560,5.500,5.510,26202894
2025-11-06 11:00:00,5.510,5.510,5.490,5.510,8522453
2025-11-06 11:30:00,5.510,5.530,5.480,5.530,14408047
2025-11-06 13:30:00,5.520,5.530,5.480,5.480,12303800
2025-11-06 14:00:00,5.490,5.500,5.470,5.490,5432200
2025-11-06 14:30:00,5.490,5.500,5.480,5.490,4145700
2025-11-06 15:00:00,5.480,5.490,5.470,5.480,10258634
2025-11-07 10:00:00,5.480,5.540,5.470,5.500,24804910
2025-11-07 10:30:00,5.500,5.510,5.450,5.490,15812324
2025-11-07 11:00:00,5.500,5.500,5.460,5.470,6198300
2025-11-07 11:30:00,5.460,5.470,5.440,5.460,9409200
2025-11-07 13:30:00,5.460,5.460,5.440,5.460,5607560
2025-11-07 14:00:00,5.450,5.470,5.450,5.470,6627500
2025-11-07 14:30:00,5.470,5.480,5.450,5.460,5262905
2025-11-07 15:00:00,5.450,5.470,5.440,5.450,11426023
2025-11-10 10:00:00,5.470,5.500,5.430,5.470,23938965
2025-11-10 10:30:00,5.460,5.500,5.460,5.470,10392700
2025-11-10 11:00:00,5.470,5.470,5.450,5.460,5610824
2025-11-10 11:30:00,5.460,5.470,5.440,5.460,6018501
2025-11-10 13:30:00,5.470,5.470,5.440,5.450,6051100
2025-11-10 14:00:00,5.450,5.460,5.440,5.450,3881500
2025-11-10 14:30:00,5.450,5.450,5.430,5.440,4000300
2025-11-10 15:00:00,5.450,5.460,5.440,5.440,10211303
2025-11-11 10:00:00,5.450,5.470,5.410,5.440,21751932
2025-11-11 10:30:00,5.440,5.470,5.420,5.460,14212050
2025-11-11 11:00:00,5.460,5.480,5.440,5.450,11108900
2025-11-11 11:30:00,5.460,5.480,5.450,5.460,5523800
2025-11-11 13:30:00,5.470,5.480,5.450,5.450,6929500
2025-11-11 14:00:00,5.460,5.460,5.440,5.440,4589401
2025-11-11 14:30:00,5.450,5.460,5.440,5.440,5408300
2025-11-11 15:00:00,5.450,5.450,5.430,5.430,10391865
2025-11-12 10:00:00,5.390,5.440,5.370,5.430,23284760
2025-11-12 10:30:00,5.420,5.430,5.390,5.420,12495712
2025-11-12 11:00:00,5.420,5.450,5.420,5.440,7731200
2025-11-12 11:30:00,5.440,5.450,5.430,5.440,5242800
2025-11-12 13:30:00,5.440,5.460,5.420,5.420,10134760
2025-11-12 14:00:00,5.420,5.430,5.410,5.420,6183500
2025-11-12 14:30:00,5.430,5.450,5.420,5.430,4007600
2025-11-12 15:00:00,5.440,5.450,5.430,5.430,8604484
2025-11-13 10:00:00,5.430,5.510,5.410,5.430,32692213
2025-11-13 10:30:00,5.420,5.430,5.390,5.400,16300872
2025-11-13 11:00:00,5.390,5.400,5.370,5.370,13361200
2025-11-13 11:30:00,5.380,5.380,5.360,5.370,14153700
2025-11-13 13:30:00,5.380,5.400,5.360,5.400,10074208
2025-11-13 14:00:00,5.400,5.410,5.380,5.400,5551375
2025-11-13 14:30:00,5.400,5.400,5.380,5.400,3238500
2025-11-13 15:00:00,5.390,5.400,5.380,5.400,11480600
2025-11-14 10:00:00,5.390,5.420,5.360,5.410,22209200
2025-11-14 10:30:00,5.410,5.420,5.360,5.370,12070900
2025-11-14 11:00:00,5.380,5.390,5.360,5.380,7866300
2025-11-14 11:30:00,5.380,5.380,5.360,5.360,5465900
2025-11-14 13:30:00,5.360,5.370,5.350,5.370,8117548
2025-11-14 14:00:00,5.360,5.370,5.350,5.360,4187900
2025-11-14 14:30:00,5.360,5.360,5.340,5.340,7820118
2025-11-14 15:00:00,5.350,5.350,5.320,5.330,20100647
2025-11-17 10:00:00,5.320,5.330,5.240,5.240,35669863
2025-11-17 10:30:00,5.240,5.280,5.240,5.280,8944933
2025-11-17 11:00:00,5.280,5.300,5.270,5.290,8197100
2025-11-17 11:30:00,5.290,5.310,5.280,5.300,5826200
2025-11-17 13:30:00,5.310,5.320,5.300,5.320,10521500
2025-11-17 14:00:00,5.320,5.330,5.300,5.310,8992000
2025-11-17 14:30:00,5.320,5.340,5.300,5.320,10956900
2025-11-17 15:00:00,5.330,5.360,5.320,5.340,11637500
2025-11-18 10:00:00,5.340,5.350,5.310,5.330,16533102
2025-11-18 10:30:00,5.330,5.350,5.300,5.330,8639200
2025-11-18 11:00:00,5.330,5.330,5.290,5.300,7099800
2025-11-18 11:30:00,5.300,5.310,5.290,5.300,5014292
2025-11-18 13:30:00,5.300,5.300,5.260,5.260,9255000
2025-11-18 14:00:00,5.270,5.290,5.260,5.270,4953201
2025-11-18 14:30:00,5.280,5.290,5.260,5.270,8090400
2025-11-18 15:00:00,5.270,5.300,5.260,5.290,13460770
2025-11-19 10:00:00,5.280,5.320,5.270,5.310,12796700
2025-11-19 10:30:00,5.320,5.370,5.310,5.360,15231520
2025-11-19 11:00:00,5.360,5.390,5.350,5.380,13141313
2025-11-19 11:30:00,5.390,5.390,5.370,5.380,8722420
2025-11-19 13:30:00,5.370,5.380,5.340,5.340,6766900
2025-11-19 14:00:00,5.350,5.360,5.340,5.360,5417100
2025-11-19 14:30:00,5.350,5.390,5.350,5.390,5906460
2025-11-19 15:00:00,5.390,5.390,5.370,5.380,8706654
2025-11-20 10:00:00,5.390,5.430,5.370,5.380,18521400
2025-11-20 10:30:00,5.380,5.420,5.380,5.390,9434302
2025-11-20 11:00:00,5.390,5.420,5.390,5.410,4707279
2025-11-20 11:30:00,5.410,5.450,5.390,5.440,13051539
2025-11-20 13:30:00,5.430,5.440,5.390,5.400,8937900
2025-11-20 14:00:00,5.400,5.400,5.380,5.390,5007100
2025-11-20 14:30:00,5.390,5.390,5.360,5.370,7109200
2025-11-20 15:00:00,5.370,5.380,5.350,5.360,9124200
2025-11-21 10:00:00,5.340,5.390,5.320,5.360,20133428
2025-11-21 10:30:00,5.360,5.370,5.320,5.330,9711474
2025-11-21 11:00:00,5.330,5.360,5.310,5.330,12396600
2025-11-21 11:30:00,5.330,5.350,5.320,5.320,10546400
2025-11-21 13:30:00,5.320,5.330,5.310,5.330,7202580
2025-11-21 14:00:00,5.320,5.340,5.310,5.310,6705200
2025-11-21 14:30:00,5.320,5.320,5.290,5.300,9418660
2025-11-21 15:00:00,5.290,5.300,5.270,5.290,14038843
2025-11-24 10:00:00,5.300,5.310,5.240,5.250,28123432
2025-11-24 10:30:00,5.250,5.260,5.220,5.230,14840900
2025-11-24 11:00:00,5.220,5.270,5.210,5.270,15340600
2025-11-24 11:30:00,5.270,5.280,5.250,5.250,5255602
2025-11-24 13:30:00,5.250,5.260,5.240,5.260,7913300
2025-11-24 14:00:00,5.250,5.270,5.240,5.250,7805100
2025-11-24 14:30:00,5.260,5.280,5.250,5.270,5856750
2025-11-24 15:00:00,5.270,5.280,5.240,5.260,10628746
2025-11-25 10:00:00,5.260,5.270,5.220,5.240,22731376
2025-11-25 10:30:00,5.240,5.280,5.230,5.280,14978701
2025-11-25 11:00:00,5.270,5.330,5.260,5.310,15833000
2025-11-25 11:30:00,5.310,5.330,5.300,5.300,5016100
2025-11-25 13:30:00,5.310,5.340,5.290,5.330,10769294
2025-11-25 14:00:00,5.330,5.340,5.320,5.330,5246400
2025-11-25 14:30:00,5.330,5.340,5.310,5.330,6588006
2025-11-25 15:00:00,5.330,5.340,5.320,5.320,7148000
2025-11-26 10:00:00,5.340,5.410,5.300,5.310,26864515
2025-11-26 10:30:00,5.310,5.330,5.300,5.320,6890900
2025-11-26 11:00:00,5.320,5.330,5.290,5.310,9615500
2025-11-26 11:30:00,5.310,5.330,5.300,5.330,4552468
2025-11-26 13:30:00,5.330,5.370,5.310,5.370,7774900
2025-11-26 14:00:00,5.370,5.400,5.360,5.390,13873487
2025-11-26 14:30:00,5.390,5.400,5.380,5.390,11813717
2025-11-26 15:00:00,5.380,5.390,5.360,5.370,9144200
2025-11-27 10:00:00,5.370,5.480,5.360,5.430,58593044
2025-11-27 10:30:00,5.430,5.530,5.420,5.520,38712239
2025-11-27 11:00:00,5.510,5.540,5.510,5.530,18170900
2025-11-27 11:30:00,5.530,5.540,5.510,5.530,13475184
2025-11-27 13:30:00,5.530,5.570,5.520,5.560,19244922
2025-11-27 14:00:00,5.550,5.570,5.550,5.560,10921180
2025-11-27 14:30:00,5.560,5.570,5.540,5.560,12723842
2025-11-27 15:00:00,5.550,5.560,5.530,5.560,19002865
2025-11-28 10:00:00,5.550,5.590,5.500,5.560,29921300
2025-11-28 10:30:00,5.560,5.620,5.540,5.600,27147688
2025-11-28 11:00:00,5.610,5.620,5.580,5.590,13520200
2025-11-28 11:30:00,5.590,5.610,5.580,5.600,7733600
2025-11-28 13:30:00,5.590,5.610,5.580,5.610,19704800
2025-11-28 14:00:00,5.610,5.630,5.600,5.610,11701080
2025-11-28 14:30:00,5.610,5.620,5.600,5.620,12159700
2025-11-28 15:00:00,5.610,5.630,5.610,5.630,24657380
2025-12-01 10:00:00,5.620,5.650,5.510,5.650,50124101
2025-12-01 10:30:00,5.640,5.690,5.630,5.680,22010276
2025-12-01 11:00:00,5.680,5.690,5.640,5.640,19845900
2025-12-01 11:30:00,5.650,5.700,5.630,5.690,17222833
2025-12-01 13:30:00,5.690,5.700,5.640,5.650,12273780
2025-12-01 14:00:00,5.660,5.700,5.640,5.680,13230300
2025-12-01 14:30:00,5.680,5.700,5.670,5.690,13792380
2025-12-01 15:00:00,5.690,5.710,5.670,5.690,19155280
2025-12-02 10:00:00,5.660,5.730,5.660,5.720,19381329
2025-12-02 10:30:00,5.730,5.740,5.690,5.710,10677688
2025-12-02 11:00:00,5.710,5.730,5.680,5.710,12394783
2025-12-02 11:30:00,5.720,5.720,5.700,5.710,7928200
2025-12-02 13:30:00,5.700,5.710,5.690,5.690,6701600
2025-12-02 14:00:00,5.690,5.700,5.670,5.680,12180925
2025-12-02 14:30:00,5.690,5.710,5.680,5.710,8933827
2025-12-02 15:00:00,5.700,5.720,5.690,5.720,17183500
2025-12-03 10:00:00,5.720,5.810,5.700,5.770,33415408
2025-12-03 10:30:00,5.760,5.800,5.750,5.750,13205800
2025-12-03 11:00:00,5.760,5.800,5.750,5.790,14399724
2025-12-03 11:30:00,5.790,5.790,5.750,5.780,11459900
2025-12-03 13:30:00,5.790,5.800,5.770,5.790,9646410
2025-12-03 14:00:00,5.790,5.790,5.760,5.760,10177818
2025-12-03 14:30:00,5.760,5.780,5.740,5.770,9361800
2025-12-03 15:00:00,5.770,5.780,5.750,5.760,9261916
2025-12-04 10:00:00,5.760,5.800,5.750,5.750,24828900
2025-12-04 10:30:00,5.760,5.760,5.710,5.740,16889600
2025-12-04 11:00:00,5.740,5.760,5.730,5.750,10053192
2025-12-04 11:30:00,5.760,5.770,5.740,5.750,8227260
2025-12-04 13:30:00,5.750,5.760,5.730,5.730,9903200
2025-12-04 14:00:00,5.740,5.750,5.710,5.730,10095400
2025-12-04 14:30:00,5.730,5.760,5.720,5.750,7772400
2025-12-04 15:00:00,5.750,5.760,5.730,5.740,10293618
2025-12-05 10:00:00,5.740,5.790,5.730,5.760,17369300
2025-12-05 10:30:00,5.770,5.780,5.740,5.760,14709700
2025-12-05 11:00:00,5.750,5.770,5.740,5.760,5581300
2025-12-05 11:30:00,5.760,5.770,5.740,5.750,7535916
2025-12-05 13:30:00,5.740,5.750,5.710,5.720,14187300
2025-12-05 14:00:00,5.720,5.750,5.710,5.720,12416631
2025-12-05 14:30:00,5.730,5.730,5.710,5.720,17823700
2025-12-05 15:00:00,5.730,5.740,5.710,5.730,14707392
2025-12-08 10:00:00,5.710,5.740,5.660,5.720,39797132
2025-12-08 10:30:00,5.720,5.750,5.700,5.710,11979128
2025-12-08 11:00:00,5.710,5.760,5.700,5.740,10937630
2025-12-08 11:30:00,5.750,5.760,5.730,5.730,5662300
2025-12-08 13:30:00,5.730,5.740,5.690,5.720,17891300
2025-12-08 14:00:00,5.720,5.750,5.710,5.740,8610600
2025-12-08 14:30:00,5.740,5.750,5.710,5.720,5071000
2025-12-08 15:00:00,5.720,5.740,5.700,5.720,13262992
2025-12-09 10:00:00,5.720,5.830,5.710,5.800,37203312
2025-12-09 10:30:00,5.810,5.810,5.740,5.750,13249100
2025-12-09 11:00:00,5.740,5.760,5.720,5.730,10017700
2025-12-09 11:30:00,5.740,5.750,5.720,5.730,8443300
2025-12-09 13:30:00,5.730,5.740,5.710,5.710,9297060
2025-12-09 14:00:00,5.720,5.750,5.710,5.730,8116200
2025-12-09 14:30:00,5.730,5.750,5.720,5.740,5846200
2025-12-09 15:00:00,5.740,5.770,5.730,5.750,17626000
2025-12-10 10:00:00,5.760,5.820,5.730,5.800,29456441
2025-12-10 10:30:00,5.790,5.870,5.790,5.820,26393429
2025-12-10 11:00:00,5.830,5.830,5.790,5.800,13480940
2025-12-10 11:30:00,5.810,5.830,5.790,5.820,14679601
2025-12-10 13:30:00,5.810,5.830,5.790,5.800,9644100
2025-12-10 14:00:00,5.810,5.830,5.800,5.820,12466500
2025-12-10 14:30:00,5.820,5.840,5.810,5.820,9584080
2025-12-10 15:00:00,5.830,5.840,5.820,5.830,15275191
2025-12-11 10:00:00,5.820,5.910,5.810,5.870,29715239
2025-12-11 10:30:00,5.870,5.900,5.850,5.850,13197100
2025-12-11 11:00:00,5.860,5.880,5.840,5.870,14076300
2025-12-11 11:30:00,5.870,5.880,5.840,5.850,8193000
2025-12-11 13:30:00,5.840,5.850,5.820,5.820,12532700
2025-12-11 14:00:00,5.830,5.860,5.810,5.840,16470027
2025-12-11 14:30:00,5.850,5.870,5.830,5.860,15934304
2025-12-11 15:00:00,5.850,5.870,5.820,5.830,22235573
2025-12-12 10:00:00,5.830,5.870,5.810,5.830,24235504
2025-12-12 10:30:00,5.830,5.880,5.820,5.870,17007100
2025-12-12 11:00:00,5.870,5.900,5.840,5.870,17993045
2025-12-12 11:30:00,5.880,5.900,5.870,5.870,10674700
2025-12-12 13:30:00,5.880,5.900,5.870,5.890,16144200
2025-12-12 14:00:00,5.890,5.900,5.880,5.890,12228816
2025-12-12 14:30:00,5.900,5.900,5.870,5.890,11689800
2025-12-12 15:00:00,5.890,5.920,5.880,5.900,25387207
2025-12-15 10:00:00,5.900,5.950,5.890,5.910,25850876
2025-12-15 10:30:00,5.900,5.920,5.890,5.900,12823749
2025-12-15 11:00:00,5.910,5.940,5.900,5.920,7117500
2025-12-15 11:30:00,5.930,5.950,5.920,5.920,9998250
2025-12-15 13:30:00,5.930,5.930,5.900,5.900,13844700
2025-12-15 14:00:00,5.900,5.910,5.890,5.900,11120100
2025-12-15 14:30:00,5.890,5.900,5.880,5.880,12212500
2025-12-15 15:00:00,5.890,5.890,5.870,5.880,13687680
2025-12-16 10:00:00,5.860,5.890,5.810,5.830,33709500
2025-12-16 10:30:00,5.830,5.880,5.820,5.870,19336442
2025-12-16 11:00:00,5.880,5.880,5.830,5.860,12879068
2025-12-16 11:30:00,5.840,5.860,5.830,5.850,6982400
2025-12-16 13:30:00,5.840,5.860,5.820,5.850,9987000
2025-12-16 14:00:00,5.840,5.860,5.840,5.850,5657200
2025-12-16 14:30:00,5.860,5.860,5.840,5.850,7880700
2025-12-16 15:00:00,5.850,5.860,5.830,5.840,10466945
2025-12-17 10:00:00,5.840,5.900,5.810,5.890,26658900
2025-12-17 10:30:00,5.890,5.910,5.870,5.880,14273820
2025-12-17 11:00:00,5.880,5.890,5.860,5.880,7946000
2025-12-17 11:30:00,5.880,5.930,5.870,5.910,14357175
2025-12-17 13:30:00,5.910,5.920,5.890,5.890,6435100
2025-12-17 14:00:00,5.890,5.940,5.890,5.940,18676348
2025-12-17 14:30:00,5.940,5.960,5.930,5.950,18982100
2025-12-17 15:00:00,5.950,5.950,5.920,5.930,13289156
2025-12-18 10:00:00,5.930,5.970,5.890,5.950,33536665
2025-12-18 10:30:00,5.950,5.990,5.940,5.990,16632600
2025-12-18 11:00:00,5.980,6.000,5.960,5.960,13250490
2025-12-18 11:30:00,5.960,5.980,5.960,5.970,4229700
2025-12-18 13:30:00,5.980,6.000,5.960,5.980,11628475
2025-12-18 14:00:00,5.980,6.000,5.980,5.990,11521300
2025-12-18 14:30:00,5.990,6.000,5.980,5.990,7425140
2025-12-18 15:00:00,5.990,6.000,5.970,5.990,14471394
2025-12-19 10:00:00,5.990,6.030,5.930,5.950,36841010
2025-12-19 10:30:00,5.940,5.980,5.920,5.960,20373500
2025-12-19 11:00:00,5.960,5.970,5.930,5.940,9318600
2025-12-19 11:30:00,5.930,5.970,5.930,5.960,15879525
2025-12-19 13:30:00,5.970,5.970,5.920,5.920,19049980
2025-12-19 14:00:00,5.920,5.930,5.890,5.900,31470265
2025-12-19 14:30:00,5.900,5.910,5.850,5.850,34870400
2025-12-19 15:00:00,5.850,5.900,5.840,5.880,36924924
2025-12-22 10:00:00,5.880,5.930,5.750,5.830,76304745
2025-12-22 10:30:00,5.840,5.890,5.820,5.880,28698904
2025-12-22 11:00:00,5.890,5.900,5.860,5.890,13823928
2025-12-22 11:30:00,5.900,5.900,5.840,5.840,17766000
2025-12-22 13:30:00,5.840,5.860,5.810,5.840,20337100
2025-12-22 14:00:00,5.830,5.860,5.830,5.850,8477800
2025-12-22 14:30:00,5.850,5.870,5.840,5.870,11400785
2025-12-22 15:00:00,5.870,5.880,5.850,5.870,17838517
2025-12-23 10:00:00,5.850,5.900,5.840,5.890,30614203
2025-12-23 10:30:00,5.890,5.940,5.880,5.910,19487000
2025-12-23 11:00:00,5.920,5.930,5.890,5.900,6671100
2025-12-23 11:30:00,5.890,5.910,5.870,5.910,8602100
2025-12-23 13:30:00,5.890,5.910,5.880,5.890,7159130
2025-12-23 14:00:00,5.890,5.910,5.880,5.890,6491400
2025-12-23 14:30:00,5.890,5.920,5.880,5.910,8698200
2025-12-23 15:00:00,5.910,5.930,5.900,5.910,12548563
2025-12-24 10:00:00,5.910,5.920,5.860,5.880,22821300
2025-12-24 10:30:00,5.890,5.900,5.860,5.890,15022544
2025-12-24 11:00:00,5.890,5.920,5.880,5.910,10821740
2025-12-24 11:30:00,5.900,5.940,5.890,5.920,15408800
2025-12-24 13:30:00,5.920,5.950,5.910,5.940,14849263
2025-12-24 14:00:00,5.940,5.950,5.910,5.920,8657900
2025-12-24 14:30:00,5.930,5.940,5.910,5.920,7987700
2025-12-24 15:00:00,5.920,5.950,5.910,5.930,13587400
2025-12-25 10:00:00,5.940,6.040,5.900,6.000,49604738
2025-12-25 10:30:00,6.010,6.020,5.950,5.990,23987200
2025-12-25 11:00:00,5.980,6.000,5.940,5.970,18878640
2025-12-25 11:30:00,5.980,5.990,5.960,5.970,5250700
2025-12-25 13:30:00,5.960,5.980,5.930,5.950,6258465
2025-12-25 14:00:00,5.940,5.940,5.910,5.910,6113695
2025-12-25 14:30:00,5.910,5.930,5.900,5.920,8412000
2025-12-25 15:00:00,5.910,5.930,5.900,5.920,9423820
2025-12-26 10:00:00,5.930,5.940,5.850,5.880,25774900
2025-12-26 10:30:00,5.870,5.880,5.830,5.850,28035813
2025-12-26 11:00:00,5.850,5.850,5.800,5.820,19346687
2025-12-26 11:30:00,5.820,5.820,5.780,5.790,17380400
2025-12-26 13:30:00,5.800,5.800,5.780,5.790,15652142
2025-12-26 14:00:00,5.800,5.810,5.780,5.790,9885877
2025-12-26 14:30:00,5.780,5.790,5.760,5.760,11741600
2025-12-26 15:00:00,5.770,5.780,5.760,5.780,15075113
2025-12-29 10:00:00,5.710,5.720,5.530,5.560,74945223
2025-12-29 10:30:00,5.560,5.570,5.500,5.550,38397523
2025-12-29 11:00:00,5.550,5.550,5.500,5.510,17727224
2025-12-29 11:30:00,5.500,5.510,5.430,5.450,37557177
2025-12-29 13:30:00,5.450,5.450,5.350,5.380,46505500
2025-12-29 14:00:00,5.370,5.390,5.310,5.330,40012101
2025-12-29 14:30:00,5.330,5.340,5.280,5.320,33181531
2025-12-29 15:00:00,5.320,5.340,5.300,5.320,30420800
2025-12-30 10:00:00,5.300,5.300,5.180,5.220,72037046
2025-12-30 10:30:00,5.220,5.230,5.140,5.190,56508502
2025-12-30 11:00:00,5.190,5.200,5.140,5.170,29686600
2025-12-30 11:30:00,5.160,5.200,5.150,5.200,23939100
2025-12-30 13:30:00,5.200,5.200,5.160,5.180,17975196
2025-12-30 14:00:00,5.190,5.190,5.160,5.170,17677400
2025-12-30 14:30:00,5.160,5.170,5.150,5.160,19675400
2025-12-30 15:00:00,5.160,5.170,5.140,5.160,27313220
2025-12-31 10:00:00,5.150,5.160,5.070,5.120,94744685
2025-12-31 10:30:00,5.110,5.130,5.090,5.100,34008100
2025-12-31 11:00:00,5.090,5.150,5.070,5.070,35979600
2025-12-31 11:30:00,5.070,5.090,5.040,5.050,31346000
2025-12-31 13:30:00,5.060,5.060,5.000,5.020,46813100
2025-12-31 14:00:00,5.020,5.030,5.000,5.010,23771400
2025-12-31 14:30:00,5.010,5.030,5.010,5.030,16488599
2025-12-31 15:00:00,5.020,5.050,5.020,5.040,29530243
2026-01-05 10:00:00,5.030,5.070,4.980,4.990,85359198
2026-01-05 10:30:00,4.980,5.000,4.970,4.990,42087815
2026-01-05 11:00:00,4.990,5.010,4.980,4.990,25945300
2026-01-05 11:30:00,4.990,5.010,4.990,4.990,18246900
2026-01-05 13:30:00,5.000,5.010,4.990,5.000,20570540
2026-01-05 14:00:00,5.010,5.010,4.990,4.990,20949460
2026-01-05 14:30:00,5.000,5.020,4.990,5.000,20089100
2026-01-05 15:00:00,5.010,5.020,5.000,5.020,23067610
2026-01-06 10:00:00,5.010,5.020,4.970,4.990,66580284
2026-01-06 10:30:00,5.000,5.010,4.980,4.990,28964700
2026-01-06 11:00:00,5.000,5.000,4.980,4.990,23494700
2026-01-06 11:30:00,4.980,5.000,4.980,4.980,18305800
2026-01-06 13:30:00,4.980,4.990,4.970,4.970,34483620
2026-01-06 14:00:00,4.970,4.980,4.960,4.960,27814735
2026-01-06 14:30:00,4.960,4.990,4.960,4.980,17294700
2026-01-06 15:00:00,4.990,5.000,4.980,5.000,29678061
2026-01-07 10:00:00,4.990,5.040,4.980,5.030,70719058
2026-01-07 10:30:00,5.030,5.040,5.010,5.020,31023600
2026-01-07 11:00:00,5.010,5.020,5.010,5.020,9104100
2026-01-07 11:30:00,5.020,5.040,5.010,5.030,18472000
2026-01-07 13:30:00,5.040,5.040,5.010,5.020,16459510
2026-01-07 14:00:00,5.020,5.020,5.010,5.010,7607880
2026-01-07 14:30:00,5.020,5.020,5.010,5.020,15238700
2026-01-07 15:00:00,5.020,5.020,5.000,5.010,25396579
2026-01-08 10:00:00,5.020,5.020,4.960,5.000,58668206
2026-01-08 10:30:00,4.990,5.000,4.980,4.980,15305153
2026-01-08 11:00:00,4.980,5.000,4.980,4.980,7707100
2026-01-08 11:30:00,4.990,4.990,4.970,4.980,15487100
2026-01-08 13:30:00,4.970,4.990,4.970,4.970,13845502
2026-01-08 14:00:00,4.970,4.980,4.960,4.960,23781130
2026-01-08 14:30:00,4.970,4.970,4.960,4.970,21661400
2026-01-08 15:00:00,4.960,4.980,4.960,4.970,23904528
2026-01-09 10:00:00,4.970,4.980,4.940,4.960,41689643
2026-01-09 10:30:00,4.950,4.960,4.940,4.950,22112395
2026-01-09 11:00:00,4.960,4.960,4.940,4.950,17921700
2026-01-09 11:30:00,4.950,4.950,4.930,4.950,25677666
2026-01-09 13:30:00,4.950,4.950,4.930,4.940,13000600
2026-01-09 14:00:00,4.930,4.940,4.930,4.930,7611982
2026-01-09 14:30:00,4.930,4.940,4.930,4.930,13961720
2026-01-09 15:00:00,4.930,4.950,4.930,4.940,24771904
2026-01-12 10:00:00,4.920,4.940,4.880,4.930,68835402
2026-01-12 10:30:00,4.930,4.950,4.910,4.950,20434826
2026-01-12 11:00:00,4.940,4.950,4.940,4.940,7279400
2026-01-12 11:30:00,4.940,4.960,4.940,4.950,14999696
2026-01-12 13:30:00,4.950,4.970,4.940,4.960,21633334
2026-01-12 14:00:00,4.970,4.970,4.950,4.950,9660468
2026-01-12 14:30:00,4.960,4.970,4.950,4.970,14414041
2026-01-12 15:00:00,4.960,4.970,4.950,4.960,16098869
2026-01-13 10:00:00,4.950,4.990,4.940,4.970,50851869
2026-01-13 10:30:00,4.970,4.980,4.960,4.970,17091000
2026-01-13 11:00:00,4.970,4.980,4.960,4.980,9751301
2026-01-13 11:30:00,4.970,4.980,4.960,4.980,12037219
2026-01-13 13:30:00,4.980,4.980,4.950,4.950,22626199
2026-01-13 14:00:00,4.960,4.990,4.940,4.990,34944374
2026-01-13 14:30:00,4.990,4.990,4.970,4.980,12832849
2026-01-13 15:00:00,4.980,4.980,4.950,4.970,27326129
2026-01-14 10:00:00,4.980,4.980,4.950,4.960,35148477
2026-01-14 10:30:00,4.960,4.970,4.940,4.940,27928392
2026-01-14 11:00:00,4.940,4.960,4.940,4.960,16479699
2026-01-14 11:30:00,4.950,4.960,4.950,4.960,10000202
2026-01-14 13:30:00,4.950,4.970,4.920,4.920,51374748
2026-01-14 14:00:00,4.920,4.930,4.900,4.900,27211100
2026-01-14 14:30:00,4.910,4.920,4.890,4.920,26277280
2026-01-14 15:00:00,4.910,4.920,4.860,4.870,76639720
2026-01-15 10:00:00,4.860,4.900,4.840,4.850,41625200
2026-01-15 10:30:00,4.850,4.870,4.830,4.840,29636200
2026-01-15 11:00:00,4.830,4.870,4.830,4.850,15261588
2026-01-15 11:30:00,4.860,4.860,4.840,4.840,7388700
2026-01-15 13:30:00,4.850,4.860,4.840,4.860,9065400
2026-01-15 14:00:00,4.860,4.870,4.850,4.860,10577651
2026-01-15 14:30:00,4.860,4.870,4.850,4.850,7837200
2026-01-15 15:00:00,4.850,4.870,4.850,4.860,16584647
2026-01-16 10:00:00,4.880,5.000,4.870,5.000,133921826
2026-01-16 10:30:00,4.990,5.000,4.920,4.930,52083299
2026-01-16 11:00:00,4.940,4.940,4.810,4.820,153117600
2026-01-16 11:30:00,4.820,4.830,4.810,4.810,25625840
2026-01-16 13:30:00,4.810,4.830,4.810,4.810,28295226
2026-01-16 14:00:00,4.820,4.830,4.760,4.780,78181764
2026-01-16 14:30:00,4.780,4.800,4.760,4.770,31102300
2026-01-16 15:00:00,4.780,4.780,4.760,4.780,33878219
2026-01-19 10:00:00,4.790,4.890,4.760,4.880,101489501
2026-01-19 10:30:00,4.890,4.910,4.880,4.890,54077700
2026-01-19 11:00:00,4.890,4.900,4.880,4.880,18243295
2026-01-19 11:30:00,4.880,4.890,4.880,4.880,10438700
2026-01-19 13:30:00,4.890,4.890,4.870,4.890,17309300
2026-01-19 14:00:00,4.890,4.900,4.870,4.870,21733500
2026-01-19 14:30:00,4.870,4.900,4.870,4.900,13199200
2026-01-19 15:00:00,4.890,4.920,4.890,4.920,33257253
2026-01-20 10:00:00,4.920,4.940,4.890,4.900,40518700
2026-01-20 10:30:00,4.900,4.940,4.890,4.930,32325153
2026-01-20 11:00:00,4.930,4.950,4.930,4.940,21447691
2026-01-20 11:30:00,4.940,4.950,4.930,4.950,15156000
2026-01-20 13:30:00,4.950,4.960,4.940,4.960,18697400
2026-01-20 14:00:00,4.950,4.970,4.950,4.960,18468565
2026-01-20 14:30:00,4.960,4.970,4.950,4.970,16788289
2026-01-20 15:00:00,4.970,4.990,4.960,4.980,39832000
2026-01-21 10:00:00,4.980,4.980,4.920,4.940,52486823
2026-01-21 10:30:00,4.940,4.940,4.920,4.920,18958300
2026-01-21 11:00:00,4.930,4.930,4.920,4.920,8932180
2026-01-21 11:30:00,4.930,4.930,4.900,4.900,29177520
2026-01-21 13:30:00,4.900,4.930,4.900,4.900,14501872
2026-01-21 14:00:00,4.900,4.920,4.900,4.900,8902800
2026-01-21 14:30:00,4.900,4.920,4.880,4.880,26513100
2026-01-21 15:00:00,4.880,4.900,4.880,4.890,22594635
2026-01-22 10:00:00,4.900,4.930,4.890,4.900,29517600
2026-01-22 10:30:00,4.910,4.930,4.840,4.850,58410586
2026-01-22 11:00:00,4.850,4.860,4.840,4.840,44679834
2026-01-22 11:30:00,4.850,4.860,4.800,4.820,86436566
2026-01-22 13:30:00,4.830,4.850,4.820,4.840,17683942
2026-01-22 14:00:00,4.840,4.860,4.830,4.850,16626966
2026-01-22 14:30:00,4.850,4.860,4.820,4.850,20526600
2026-01-22 15:00:00,4.840,4.860,4.830,4.840,27924256
2026-01-23 10:00:00,4.850,4.870,4.840,4.850,29264410
2026-01-23 10:30:00,4.850,4.880,4.850,4.870,21575300
2026-01-23 11:00:00,4.860,4.900,4.850,4.900,30934700
2026-01-23 11:30:00,4.900,4.900,4.840,4.850,52374929
2026-01-23 13:30:00,4.850,4.870,4.780,4.790,192973160
2026-01-23 14:00:00,4.790,4.810,4.780,4.800,80487340
2026-01-23 14:30:00,4.800,4.820,4.780,4.800,110554640
2026-01-23 15:00:00,4.800,4.810,4.740,4.770,193948092
2026-01-26 10:00:00,4.780,4.790,4.720,4.720,100937759
2026-01-26 10:30:00,4.720,4.750,4.720,4.730,124790203
2026-01-26 11:00:00,4.730,4.750,4.720,4.720,87166015
2026-01-26 11:30:00,4.720,4.740,4.720,4.730,25265708
2026-01-26 13:30:00,4.730,4.770,4.720,4.760,23501587
2026-01-26 14:00:00,4.770,4.780,4.720,4.730,59251306
2026-01-26 14:30:00,4.730,4.740,4.720,4.730,36135100
2026-01-26 15:00:00,4.730,4.740,4.720,4.730,43560310
2026-01-27 10:00:00,4.740,4.750,4.650,4.660,108947168
2026-01-27 10:30:00,4.650,4.660,4.630,4.650,61477853
2026-01-27 11:00:00,4.650,4.680,4.640,4.660,20676456
2026-01-27 11:30:00,4.660,4.690,4.650,4.650,34699400
2026-01-27 13:30:00,4.660,4.670,4.640,4.660,32544516
2026-01-27 14:00:00,4.650,4.680,4.650,4.670,23944100
2026-01-27 14:30:00,4.670,4.710,4.670,4.690,30374700
2026-01-27 15:00:00,4.700,4.700,4.670,4.670,27954496
2026-01-28 10:00:00,4.670,4.670,4.610,4.630,65914793
2026-01-28 10:30:00,4.630,4.660,4.630,4.650,27200890
2026-01-28 11:00:00,4.650,4.670,4.620,4.630,38636302
2026-01-28 11:30:00,4.630,4.640,4.620,4.630,25323000
2026-01-28 13:30:00,4.630,4.640,4.610,4.620,83025800
2026-01-28 14:00:00,4.620,4.640,4.620,4.630,24701007
2026-01-28 14:30:00,4.620,4.640,4.620,4.630,37398200
2026-01-28 15:00:00,4.620,4.630,4.600,4.610,52176400
2026-01-29 10:00:00,4.610,4.620,4.550,4.570,92279500
2026-01-29 10:30:00,4.570,4.570,4.530,4.540,63712672
2026-01-29 11:00:00,4.540,4.580,4.540,4.560,28982030
2026-01-29 11:30:00,4.560,4.580,4.560,4.570,26014030
2026-01-29 13:30:00,4.570,4.590,4.550,4.590,28533926
2026-01-29 14:00:00,4.590,4.620,4.580,4.620,30906300
2026-01-29 14:30:00,4.610,4.650,4.610,4.630,44941100
2026-01-29 15:00:00,4.640,4.650,4.630,4.640,31248100
2026-01-30 10:00:00,4.630,4.680,4.610,4.670,76411234
2026-01-30 10:30:00,4.660,4.670,4.630,4.630,25682700
2026-01-30 11:00:00,4.630,4.660,4.610,4.640,29472100
2026-01-30 11:30:00,4.640,4.650,4.630,4.650,14408700
2026-01-30 13:30:00,4.650,4.670,4.640,4.650,21282774
2026-01-30 14:00:00,4.660,4.670,4.650,4.660,10914301
2026-01-30 14:30:00,4.650,4.660,4.620,4.630,24766799
2026-01-30 15:00:00,4.630,4.640,4.620,4.630,23409900
2026-02-02 10:00:00,4.630,4.670,4.620,4.670,68187943
2026-02-02 10:30:00,4.660,4.680,4.630,4.630,39965000
2026-02-02 11:00:00,4.630,4.650,4.630,4.630,16519532
2026-02-02 11:30:00,4.640,4.640,4.610,4.610,21926163
2026-02-02 13:30:00,4.610,4.620,4.570,4.580,33979100
2026-02-02 14:00:00,4.580,4.590,4.550,4.580,27188500
2026-02-02 14:30:00,4.580,4.590,4.560,4.570,19610300
2026-02-02 15:00:00,4.570,4.580,4.550,4.550,28729800
2026-02-03 10:00:00,4.570,4.590,4.540,4.560,44534900
2026-02-03 10:30:00,4.560,4.570,4.540,4.550,19266100
2026-02-03 11:00:00,4.550,4.550,4.530,4.540,22133100
2026-02-03 11:30:00,4.540,4.550,4.530,4.540,13690200
2026-02-03 13:30:00,4.550,4.550,4.530,4.550,15810300
2026-02-03 14:00:00,4.540,4.560,4.540,4.540,12569877
2026-02-03 14:30:00,4.550,4.570,4.540,4.570,15794000
2026-02-03 15:00:00,4.570,4.580,4.560,4.570,18867595
2026-02-04 10:00:00,4.560,4.600,4.550,4.600,43240792
2026-02-04 10:30:00,4.590,4.610,4.590,4.600,28754340
2026-02-04 11:00:00,4.610,4.610,4.590,4.600,10089155
2026-02-04 11:30:00,4.590,4.600,4.580,4.590,10253900
2026-02-04 13:30:00,4.580,4.610,4.580,4.600,25032401
2026-02-04 14:00:00,4.610,4.620,4.600,4.600,19390400
2026-02-04 14:30:00,4.600,4.620,4.600,4.620,11281300
2026-02-04 15:00:00,4.610,4.630,4.610,4.630,25311700
2026-02-05 10:00:00,4.630,4.640,4.580,4.620,41933100
2026-02-05 10:30:00,4.630,4.640,4.600,4.600,25111100
2026-02-05 11:00:00,4.600,4.610,4.580,4.600,23248700
2026-02-05 11:30:00,4.590,4.600,4.580,4.590,10331500
2026-02-05 13:30:00,4.600,4.610,4.590,4.600,8013900
2026-02-05 14:00:00,4.610,4.630,4.600,4.620,14615000
2026-02-05 14:30:00,4.620,4.630,4.610,4.620,9239459
2026-02-05 15:00:00,4.620,4.620,4.600,4.610,18570300
2026-02-06 10:00:00,4.610,4.630,4.580,4.620,43398062
2026-02-06 10:30:00,4.620,4.620,4.600,4.620,15645300
2026-02-06 11:00:00,4.620,4.630,4.600,4.610,16278500
2026-02-06 11:30:00,4.610,4.610,4.590,4.590,15023700
2026-02-06 13:30:00,4.600,4.630,4.590,4.630,20089118
2026-02-06 14:00:00,4.630,4.640,4.620,4.640,18913800
2026-02-06 14:30:00,4.630,4.650,4.620,4.640,15658302
2026-02-06 15:00:00,4.640,4.640,4.620,4.620,15826194
2026-02-09 10:00:00,4.620,4.670,4.610,4.660,52573900
2026-02-09 10:30:00,4.660,4.670,4.650,4.660,21163100
2026-02-09 11:00:00,4.660,4.680,4.640,4.670,37490700
2026-02-09 11:30:00,4.670,4.680,4.670,4.680,15311400
2026-02-09 13:30:00,4.670,4.690,4.670,4.680,17111700
2026-02-09 14:00:00,4.680,4.690,4.670,4.680,14015400
2026-02-09 14:30:00,4.670,4.680,4.670,4.680,16836800
2026-02-09 15:00:00,4.680,4.690,4.670,4.680,19682400
2026-02-10 10:00:00,4.680,4.680,4.630,4.640,37433200
2026-02-10 10:30:00,4.650,4.660,4.640,4.660,10184001
2026-02-10 11:00:00,4.660,4.660,4.640,4.650,11840000
2026-02-10 11:30:00,4.650,4.650,4.640,4.640,4771800
2026-02-10 13:30:00,4.640,4.650,4.640,4.640,7254200
2026-02-10 14:00:00,4.640,4.650,4.640,4.650,6830600
2026-02-10 14:30:00,4.650,4.650,4.640,4.640,9775700
2026-02-10 15:00:00,4.650,4.660,4.640,4.650,14732600
2026-02-11 10:00:00,4.660,4.660,4.640,4.650,26357450
2026-02-11 10:30:00,4.660,4.680,4.650,4.670,20899136
2026-02-11 11:00:00,4.680,4.690,4.670,4.670,16924600
2026-02-11 11:30:00,4.680,4.690,4.670,4.680,11947100
2026-02-11 13:30:00,4.680,4.690,4.670,4.670,14806600
2026-02-11 14:00:00,4.680,4.680,4.660,4.670,19836000
2026-02-11 14:30:00,4.670,4.680,4.660,4.680,11139100
2026-02-11 15:00:00,4.670,4.680,4.670,4.680,19835600
2026-02-12 10:00:00,4.700,4.710,4.670,4.680,42790198
2026-02-12 10:30:00,4.690,4.710,4.670,4.710,25228200
2026-02-12 11:00:00,4.710,4.710,4.690,4.700,14170500
2026-02-12 11:30:00,4.690,4.700,4.690,4.700,6966900
2026-02-12 13:30:00,4.690,4.700,4.670,4.670,19000600
2026-02-12 14:00:00,4.670,4.680,4.660,4.660,15852100
2026-02-12 14:30:00,4.670,4.680,4.660,4.660,11296700
2026-02-12 15:00:00,4.670,4.680,4.660,4.660,16147700
2026-02-13 10:00:00,4.660,4.670,4.600,4.610,50450535
2026-02-13 10:30:00,4.610,4.650,4.600,4.640,22828722
2026-02-13 11:00:00,4.640,4.650,4.630,4.650,14928600
2026-02-13 11:30:00,4.650,4.660,4.640,4.650,10097600
2026-02-13 13:30:00,4.650,4.670,4.640,4.660,17221024
2026-02-13 14:00:00,4.650,4.660,4.640,4.650,11161000
2026-02-13 14:30:00,4.650,4.650,4.630,4.630,12345900
2026-02-13 15:00:00,4.630,4.650,4.620,4.630,19761167
2026-02-24 10:00:00,4.650,4.720,4.640,4.720,75822819
2026-02-24 10:30:00,4.720,4.720,4.700,4.710,17917800
2026-02-24 11:00:00,4.710,4.730,4.700,4.730,22443640
2026-02-24 11:30:00,4.720,4.750,4.710,4.740,27033531
2026-02-24 13:30:00,4.740,4.760,4.730,4.740,32460402
2026-02-24 14:00:00,4.740,4.750,4.730,4.740,10550840
2026-02-24 14:30:00,4.740,4.750,4.730,4.740,12904600
2026-02-24 15:00:00,4.740,4.750,4.730,4.740,18089770
2026-02-25 10:00:00,4.760,4.820,4.740,4.800,63304231
2026-02-25 10:30:00,4.800,4.820,4.800,4.810,24140300
2026-02-25 11:00:00,4.810,4.820,4.800,4.820,18801500
2026-02-25 11:30:00,4.820,4.820,4.810,4.820,12870066
2026-02-25 13:30:00,4.820,4.820,4.690,4.720,152125734
2026-02-25 14:00:00,4.710,4.750,4.690,4.740,44702120
2026-02-25 14:30:00,4.750,4.760,4.740,4.750,18706151
2026-02-25 15:00:00,4.740,4.760,4.740,4.760,21677714
2026-02-26 10:00:00,4.750,4.830,4.730,4.810,87479040
2026-02-26 10:30:00,4.810,4.810,4.770,4.780,29465721
2026-02-26 11:00:00,4.770,4.800,4.770,4.790,16742872
2026-02-26 11:30:00,4.790,4.810,4.780,4.800,13453998
2026-02-26 13:30:00,4.800,4.820,4.800,4.810,25678856
2026-02-26 14:00:00,4.810,4.820,4.800,4.800,17256670
2026-02-26 14:30:00,4.810,4.820,4.800,4.810,19863900
2026-02-26 15:00:00,4.820,4.830,4.810,4.820,40009685
2026-02-27 10:00:00,4.840,4.880,4.800,4.870,67889780
2026-02-27 10:30:00,4.880,4.880,4.850,4.870,46474520
2026-02-27 11:00:00,4.870,4.890,4.860,4.880,29192407
2026-02-27 11:30:00,4.870,4.890,4.870,4.880,14163000
2026-02-27 13:30:00,4.880,4.920,4.880,4.900,56143400
2026-02-27 14:00:00,4.910,4.920,4.880,4.900,31475400
2026-02-27 14:30:00,4.900,4.920,4.890,4.900,23006700
2026-02-27 15:00:00,4.910,4.930,4.900,4.910,48829876
2026-03-02 10:00:00,4.900,4.980,4.870,4.960,109471752
2026-03-02 10:30:00,4.970,4.970,4.930,4.960,51195015
2026-03-02 11:00:00,4.950,4.980,4.950,4.970,31416019
2026-03-02 11:30:00,4.970,4.990,4.950,4.960,34034174
2026-03-02 13:30:00,4.960,4.980,4.950,4.980,22753200
2026-03-02 14:00:00,4.970,4.980,4.960,4.980,17145000
2026-03-02 14:30:00,4.980,4.980,4.960,4.970,17254200
2026-03-02 15:00:00,4.980,4.980,4.960,4.970,31706500
2026-03-03 10:00:00,4.970,5.010,4.930,4.970,91410617
2026-03-03 10:30:00,4.970,5.000,4.930,4.980,65853900
2026-03-03 11:00:00,4.980,5.010,4.980,5.000,37535886
2026-03-03 11:30:00,5.010,5.030,5.000,5.020,28282415
2026-03-03 13:30:00,5.030,5.040,5.000,5.020,30497400
2026-03-03 14:00:00,5.020,5.020,4.980,4.990,27408200
2026-03-03 14:30:00,4.980,5.000,4.950,4.970,32504500
2026-03-03 15:00:00,4.960,4.980,4.940,4.960,37658807
2026-03-04 10:00:00,4.920,4.980,4.850,4.970,90137997
2026-03-04 10:30:00,4.970,4.990,4.930,4.980,31959000
2026-03-04 11:00:00,4.970,4.980,4.920,4.920,20626900
2026-03-04 11:30:00,4.920,4.940,4.910,4.920,18339205
2026-03-04 13:30:00,4.930,4.980,4.920,4.940,25945200
2026-03-04 14:00:00,4.940,4.960,4.940,4.950,10113500
2026-03-04 14:30:00,4.950,4.960,4.940,4.950,12876109
2026-03-04 15:00:00,4.950,4.970,4.940,4.950,20303792
2026-03-05 10:00:00,4.960,5.040,4.960,4.990,81648403
2026-03-05 10:30:00,4.990,5.020,4.970,5.020,30442483
2026-03-05 11:00:00,5.010,5.050,5.010,5.040,40848862
2026-03-05 11:30:00,5.040,5.040,5.020,5.040,24356880
2026-03-05 13:30:00,5.030,5.100,5.030,5.080,64488160
2026-03-05 14:00:00,5.070,5.090,5.060,5.070,23215798
2026-03-05 14:30:00,5.070,5.090,5.070,5.080,31769400
2026-03-05 15:00:00,5.070,5.080,5.060,5.070,28572509
2026-03-06 10:00:00,5.080,5.090,5.020,5.080,64121628
2026-03-06 10:30:00,5.070,5.090,5.040,5.070,34968002
2026-03-06 11:00:00,5.070,5.090,5.060,5.070,19042000
2026-03-06 11:30:00,5.070,5.070,5.040,5.060,21408800
2026-03-06 13:30:00,5.060,5.060,5.030,5.040,16733900
2026-03-06 14:00:00,5.040,5.070,5.040,5.060,10658700
2026-03-06 14:30:00,5.050,5.070,5.050,5.060,12767900
2026-03-06 15:00:00,5.070,5.080,5.060,5.080,24009421
2026-03-09 10:00:00,5.040,5.120,5.030,5.100,81312114
2026-03-09 10:30:00,5.090,5.130,5.070,5.120,45958693
2026-03-09 11:00:00,5.120,5.130,5.100,5.110,28164607
2026-03-09 11:30:00,5.110,5.110,5.070,5.080,22481800
2026-03-09 13:30:00,5.080,5.110,5.080,5.110,18597100
2026-03-09 14:00:00,5.110,5.110,5.080,5.080,20139700
2026-03-09 14:30:00,5.090,5.100,5.070,5.070,21340400
2026-03-09 15:00:00,5.080,5.080,5.060,5.070,24615113
2026-03-10 10:00:00,5.080,5.080,4.970,5.050,104226458
2026-03-10 10:30:00,5.060,5.080,5.040,5.060,34694876
2026-03-10 11:00:00,5.050,5.060,5.030,5.050,16747383
2026-03-10 11:30:00,5.040,5.070,5.040,5.060,18703500
2026-03-10 13:30:00,5.060,5.090,5.030,5.040,39098100
2026-03-10 14:00:00,5.030,5.040,5.010,5.020,17861400
2026-03-10 14:30:00,5.030,5.030,5.010,5.020,18610277
2026-03-10 15:00:00,5.020,5.050,5.010,5.040,29064659
2026-03-11 10:00:00,5.030,5.040,4.960,5.040,77862249
2026-03-11 10:30:00,5.030,5.050,5.010,5.030,34524264
2026-03-11 11:00:00,5.020,5.050,5.020,5.030,18397300
2026-03-11 11:30:00,5.020,5.050,5.020,5.040,18099942
2026-03-11 13:30:00,5.050,5.070,5.040,5.060,27640021
2026-03-11 14:00:00,5.060,5.130,5.060,5.120,61298523
2026-03-11 14:30:00,5.120,5.140,5.110,5.110,29399224
2026-03-11 15:00:00,5.110,5.130,5.110,5.130,24839940
2026-03-12 10:00:00,5.130,5.170,5.110,5.130,80650753
2026-03-12 10:30:00,5.130,5.190,5.120,5.160,39869201
2026-03-12 11:00:00,5.150,5.170,5.150,5.150,15766599
2026-03-12 11:30:00,5.160,5.170,5.140,5.140,13548700
2026-03-12 13:30:00,5.150,5.210,5.140,5.190,45255500
2026-03-12 14:00:00,5.200,5.250,5.200,5.240,43784900
2026-03-12 14:30:00,5.240,5.250,5.230,5.230,24387013
2026-03-12 15:00:00,5.240,5.260,5.230,5.240,50650943
2026-03-13 10:00:00,5.260,5.280,5.120,5.170,108294901
2026-03-13 10:30:00,5.170,5.190,5.150,5.160,32592834
2026-03-13 11:00:00,5.160,5.170,5.130,5.160,24236103
2026-03-13 11:30:00,5.170,5.180,5.140,5.160,13667735
2026-03-13 13:30:00,5.160,5.180,5.130,5.140,23863161
2026-03-13 14:00:00,5.140,5.140,5.120,5.130,26923728
2026-03-13 14:30:00,5.130,5.140,5.080,5.080,60187872
2026-03-13 15:00:00,5.090,5.090,5.070,5.090,43210200
2026-03-16 10:00:00,5.070,5.110,4.990,5.030,111966800
2026-03-16 10:30:00,5.040,5.060,5.020,5.030,23966607
2026-03-16 11:00:00,5.030,5.070,5.020,5.030,16752593
2026-03-16 11:30:00,5.030,5.050,5.020,5.040,9194900
2026-03-16 13:30:00,5.040,5.050,5.000,5.000,20835296
2026-03-16 14:00:00,5.010,5.010,4.990,5.000,26809900
2026-03-16 14:30:00,5.000,5.020,4.990,5.010,21722400
2026-03-16 15:00:00,5.020,5.020,5.000,5.020,23431601
2026-03-17 10:00:00,5.000,5.070,4.980,5.050,45728820
2026-03-17 10:30:00,5.060,5.070,5.030,5.030,17528494
2026-03-17 11:00:00,5.040,5.060,5.020,5.060,16888057
2026-03-17 11:30:00,5.060,5.060,5.020,5.020,11069800
2026-03-17 13:30:00,5.030,5.040,5.020,5.030,11227000
2026-03-17 14:00:00,5.030,5.030,5.000,5.010,14897400
2026-03-17 14:30:00,5.010,5.020,5.000,5.000,10071900
2026-03-17 15:00:00,5.010,5.010,4.990,4.990,25313329
2026-03-18 10:00:00,4.990,5.040,4.990,5.000,44423322
2026-03-18 10:30:00,5.000,5.000,4.950,4.950,38072800
2026-03-18 11:00:00,4.950,4.970,4.940,4.940,23395816
2026-03-18 11:30:00,4.950,4.950,4.930,4.940,16924724
2026-03-18 13:30:00,4.940,4.960,4.930,4.950,17846057
2026-03-18 14:00:00,4.940,4.960,4.940,4.940,14921900
2026-03-18 14:30:00,4.940,4.970,4.940,4.960,13064600
2026-03-18 15:00:00,4.970,4.980,4.960,4.980,16368787
2026-03-19 10:00:00,4.950,5.030,4.920,5.020,63176028
2026-03-19 10:30:00,5.020,5.020,4.980,5.000,19356600
2026-03-19 11:00:00,5.010,5.010,4.980,5.000,11108600
2026-03-19 11:30:00,4.990,5.000,4.980,5.000,7782801
2026-03-19 13:30:00,4.990,5.000,4.960,4.970,12667115
2026-03-19 14:00:00,4.980,4.980,4.950,4.970,14045416
2026-03-19 14:30:00,4.980,4.990,4.950,4.960,15954060
2026-03-19 15:00:00,4.960,4.970,4.940,4.950,18559000
2026-03-20 10:00:00,4.960,5.060,4.950,4.970,96204000
2026-03-20 10:30:00,4.970,5.010,4.960,4.980,25202300
2026-03-20 11:00:00,4.970,5.010,4.970,5.000,14778200
2026-03-20 11:30:00,5.010,5.050,5.000,5.050,25109244
2026-03-20 13:30:00,5.050,5.050,5.000,5.010,13648587
2026-03-20 14:00:00,5.010,5.020,5.000,5.000,11199400
2026-03-20 14:30:00,5.000,5.020,4.990,5.000,13783200
2026-03-20 15:00:00,5.000,5.000,4.970,4.970,29493184
2026-03-23 10:00:00,4.920,4.950,4.840,4.900,87638218
2026-03-23 10:30:00,4.910,4.960,4.890,4.950,27217500
2026-03-23 11:00:00,4.940,4.950,4.890,4.910,18875900
2026-03-23 11:30:00,4.910,4.930,4.890,4.900,10260724
2026-03-23 13:30:00,4.890,4.900,4.860,4.870,24495600
2026-03-23 14:00:00,4.860,4.880,4.840,4.860,28654100
2026-03-23 14:30:00,4.860,4.870,4.830,4.850,27130500
2026-03-23 15:00:00,4.850,4.860,4.820,4.850,39315284
2026-03-24 10:00:00,4.890,4.940,4.850,4.870,62019942
2026-03-24 10:30:00,4.870,4.920,4.860,4.920,27012560
2026-03-24 11:00:00,4.920,4.960,4.910,4.950,44322400
2026-03-24 11:30:00,4.950,4.980,4.940,4.970,21788653
2026-03-24 13:30:00,4.980,5.000,4.940,4.950,29779481
2026-03-24 14:00:00,4.950,4.970,4.950,4.950,11662100
2026-03-24 14:30:00,4.960,4.980,4.950,4.970,13378500
2026-03-24 15:00:00,4.970,4.990,4.960,4.980,27195100
2026-03-25 10:00:00,4.990,5.060,4.960,5.040,71593147
2026-03-25 10:30:00,5.040,5.090,5.040,5.070,47939096
2026-03-25 11:00:00,5.070,5.130,5.070,5.090,46794688
2026-03-25 11:30:00,5.090,5.130,5.090,5.110,19067600
2026-03-25 13:30:00,5.110,5.120,5.080,5.090,29852600
2026-03-25 14:00:00,5.090,5.100,5.070,5.080,18643900
2026-03-25 14:30:00,5.070,5.090,5.040,5.060,23634838
2026-03-25 15:00:00,5.070,5.090,5.050,5.080,30702247
2026-03-26 10:00:00,5.080,5.100,5.040,5.090,58710196
2026-03-26 10:30:00,5.090,5.100,5.040,5.080,22846100
2026-03-26 11:00:00,5.080,5.110,5.060,5.070,27765500
2026-03-26 11:30:00,5.070,5.120,5.060,5.110,27528600
2026-03-26 13:30:00,5.110,5.120,5.090,5.110,32312908
2026-03-26 14:00:00,5.110,5.160,5.110,5.130,49182418
2026-03-26 14:30:00,5.120,5.130,5.100,5.110,20597600
2026-03-26 15:00:00,5.110,5.120,5.090,5.110,25630495
2026-03-27 10:00:00,5.060,5.090,5.030,5.060,61426200
2026-03-27 10:30:00,5.060,5.100,5.040,5.050,25211528
2026-03-27 11:00:00,5.060,5.060,5.010,5.010,33682600
2026-03-27 11:30:00,5.010,5.030,5.010,5.020,15568900
2026-03-27 13:30:00,5.030,5.050,5.020,5.040,15146700
2026-03-27 14:00:00,5.030,5.050,5.020,5.020,12796300
2026-03-27 14:30:00,5.030,5.030,4.990,5.010,40082890
2026-03-27 15:00:00,5.010,5.030,5.000,5.020,21929878
2026-03-30 10:00:00,4.980,4.990,4.900,4.910,87764361
2026-03-30 10:30:00,4.910,4.940,4.900,4.910,22742800
2026-03-30 11:00:00,4.920,4.920,4.900,4.910,15924900
2026-03-30 11:30:00,4.900,4.920,4.890,4.910,25261358
2026-03-30 13:30:00,4.900,4.910,4.890,4.890,14496837
2026-03-30 14:00:00,4.890,4.900,4.880,4.900,14956146
2026-03-30 14:30:00,4.890,4.900,4.880,4.890,10930201
2026-03-30 15:00:00,4.890,4.900,4.880,4.900,16475049
2026-03-31 10:00:00,4.880,4.920,4.850,4.910,48044075
2026-03-31 10:30:00,4.910,4.910,4.880,4.900,21903700
2026-03-31 11:00:00,4.910,4.910,4.880,4.880,11700000
2026-03-31 11:30:00,4.890,4.890,4.860,4.870,15138399
2026-03-31 13:30:00,4.870,4.890,4.860,4.870,11552400
2026-03-31 14:00:00,4.870,4.890,4.870,4.870,10636500
2026-03-31 14:30:00,4.880,4.880,4.850,4.860,18986700
2026-03-31 15:00:00,4.860,4.860,4.830,4.840,36552861
2026-04-01 10:00:00,4.870,4.890,4.830,4.860,39914504
2026-04-01 10:30:00,4.870,4.910,4.860,4.900,23494780
2026-04-01 11:00:00,4.900,4.920,4.880,4.890,15787200
2026-04-01 11:30:00,4.890,4.900,4.880,4.880,8622687
2026-04-01 13:30:00,4.880,4.900,4.880,4.890,6383055
2026-04-01 14:00:00,4.890,4.890,4.860,4.870,9615000
2026-04-01 14:30:00,4.870,4.870,4.860,4.870,6157300
2026-04-01 15:00:00,4.860,4.870,4.850,4.860,19774101
2026-04-02 10:00:00,4.870,4.880,4.840,4.850,25051800
2026-04-02 10:30:00,4.850,4.860,4.820,4.820,19521003
2026-04-02 11:00:00,4.830,4.830,4.800,4.810,18942002
2026-04-02 11:30:00,4.810,4.820,4.800,4.820,11659800
2026-04-02 13:30:00,4.820,4.840,4.800,4.840,15839900
2026-04-02 14:00:00,4.840,4.850,4.810,4.820,10963300
2026-04-02 14:30:00,4.820,4.830,4.800,4.820,14001200
2026-04-02 15:00:00,4.820,4.820,4.800,4.810,26204353
