date,open,high,low,close,volume
2025-03-27 14:30:00,4.250,4.260,4.240,4.250,4749417
2025-03-27 15:00:00,4.250,4.260,4.240,4.250,8763443
2025-03-28 10:00:00,4.250,4.270,4.240,4.240,15487007
2025-03-28 10:30:00,4.240,4.250,4.240,4.240,5352600
2025-03-28 11:00:00,4.240,4.250,4.230,4.240,11585594
2025-03-28 11:30:00,4.240,4.250,4.230,4.240,7873600
2025-03-28 13:30:00,4.230,4.250,4.230,4.240,6208600
2025-03-28 14:00:00,4.240,4.250,4.230,4.240,4183800
2025-03-28 14:30:00,4.250,4.250,4.230,4.240,4790900
2025-03-28 15:00:00,4.240,4.250,4.230,4.230,9740600
2025-03-31 10:00:00,4.230,4.290,4.220,4.280,46983580
2025-03-31 10:30:00,4.280,4.280,4.250,4.260,10828600
2025-03-31 11:00:00,4.250,4.270,4.240,4.250,10172300
2025-03-31 11:30:00,4.250,4.250,4.220,4.230,12877133
2025-03-31 13:30:00,4.230,4.240,4.220,4.230,11669628
2025-03-31 14:00:00,4.230,4.240,4.220,4.220,7205807
2025-03-31 14:30:00,4.220,4.240,4.220,4.230,5800200
2025-03-31 15:00:00,4.240,4.240,4.220,4.230,17413825
2025-04-01 10:00:00,4.230,4.270,4.230,4.260,25659627
2025-04-01 10:30:00,4.260,4.280,4.260,4.260,14370900
2025-04-01 11:00:00,4.270,4.270,4.250,4.270,10236700
2025-04-01 11:30:00,4.260,4.300,4.260,4.290,30411400
2025-04-01 13:30:00,4.290,4.300,4.280,4.290,18003453
2025-04-01 14:00:00,4.300,4.300,4.280,4.300,12027600
2025-04-01 14:30:00,4.300,4.310,4.290,4.300,29533200
2025-04-01 15:00:00,4.310,4.310,4.290,4.300,15771079
2025-04-02 10:00:00,4.310,4.320,4.260,4.280,29123000
2025-04-02 10:30:00,4.280,4.290,4.260,4.270,15407216
2025-04-02 11:00:00,4.270,4.280,4.260,4.260,6850600
2025-04-02 11:30:00,4.270,4.280,4.260,4.260,5211600
2025-04-02 13:30:00,4.270,4.270,4.260,4.270,3263200
2025-04-02 14:00:00,4.270,4.270,4.260,4.270,5670300
2025-04-02 14:30:00,4.270,4.270,4.250,4.260,17115500
2025-04-02 15:00:00,4.260,4.270,4.250,4.260,9270997
2025-04-03 10:00:00,4.250,4.290,4.240,4.290,21160912
2025-04-03 10:30:00,4.280,4.320,4.270,4.320,31509136
2025-04-03 11:00:00,4.320,4.320,4.300,4.320,13739043
2025-04-03 11:30:00,4.320,4.320,4.300,4.300,7986200
2025-04-03 13:30:00,4.300,4.320,4.300,4.320,16375010
2025-04-03 14:00:00,4.320,4.330,4.300,4.330,31504900
2025-04-03 14:30:00,4.330,4.340,4.310,4.320,14616000
2025-04-03 15:00:00,4.320,4.330,4.310,4.330,15766680
2025-04-07 10:00:00,4.270,4.280,4.130,4.220,103450300
2025-04-07 10:30:00,4.210,4.270,4.190,4.250,39894200
2025-04-07 11:00:00,4.250,4.280,4.230,4.250,23950500
2025-04-07 11:30:00,4.250,4.260,4.220,4.230,12110700
2025-04-07 13:30:00,4.230,4.240,4.190,4.210,24486700
2025-04-07 14:00:00,4.210,4.220,4.160,4.170,28425690
2025-04-07 14:30:00,4.170,4.170,4.050,4.110,58998000
2025-04-07 15:00:00,4.100,4.200,4.080,4.170,37498035
2025-04-08 10:00:00,4.160,4.250,4.160,4.240,78784248
2025-04-08 10:30:00,4.240,4.260,4.210,4.220,24859809
2025-04-08 11:00:00,4.230,4.240,4.200,4.210,13061800
2025-04-08 11:30:00,4.200,4.260,4.200,4.250,25540522
2025-04-08 13:30:00,4.250,4.270,4.230,4.260,28351182
2025-04-08 14:00:00,4.260,4.280,4.250,4.270,24624967
2025-04-08 14:30:00,4.270,4.280,4.260,4.280,18578429
2025-04-08 15:00:00,4.280,4.310,4.270,4.310,48602050
2025-04-09 10:00:00,4.320,4.320,4.220,4.250,86273905
2025-04-09 10:30:00,4.260,4.300,4.250,4.300,24028800
2025-04-09 11:00:00,4.290,4.300,4.270,4.280,10629303
2025-04-09 11:30:00,4.280,4.320,4.270,4.300,16308151
2025-04-09 13:30:00,4.310,4.310,4.290,4.300,10274500
2025-04-09 14:00:00,4.300,4.320,4.290,4.310,15612600
2025-04-09 14:30:00,4.300,4.320,4.290,4.310,19854500
2025-04-09 15:00:00,4.310,4.320,4.290,4.310,28481000
2025-04-10 10:00:00,4.340,4.340,4.290,4.330,55809780
2025-04-10 10:30:00,4.320,4.340,4.310,4.340,22712172
2025-04-10 11:00:00,4.340,4.350,4.320,4.320,22295173
2025-04-10 11:30:00,4.320,4.330,4.310,4.310,7913300
2025-04-10 13:30:00,4.320,4.330,4.310,4.320,8564800
2025-04-10 14:00:00,4.320,4.330,4.310,4.310,6946100
2025-04-10 14:30:00,4.310,4.330,4.310,4.320,11471300
2025-04-10 15:00:00,4.330,4.330,4.320,4.330,19928528
2025-04-11 10:00:00,4.320,4.330,4.300,4.300,26156100
2025-04-11 10:30:00,4.310,4.320,4.300,4.310,13506900
2025-04-11 11:00:00,4.310,4.310,4.290,4.300,8278900
2025-04-11 11:30:00,4.290,4.300,4.280,4.290,12551500
2025-04-11 13:30:00,4.300,4.300,4.280,4.290,7763700
2025-04-11 14:00:00,4.300,4.310,4.290,4.300,8238800
2025-04-11 14:30:00,4.300,4.310,4.290,4.300,10282800
2025-04-11 15:00:00,4.300,4.310,4.290,4.300,18513184
2025-04-14 10:00:00,4.310,4.320,4.300,4.300,24316700
2025-04-14 10:30:00,4.300,4.310,4.300,4.310,10125000
2025-04-14 11:00:00,4.300,4.310,4.300,4.300,10277100
2025-04-14 11:30:00,4.310,4.320,4.300,4.300,12097600
2025-04-14 13:30:00,4.310,4.310,4.300,4.310,6152800
2025-04-14 14:00:00,4.310,4.310,4.290,4.300,16954600
2025-04-14 14:30:00,4.310,4.310,4.290,4.300,9372600
2025-04-14 15:00:00,4.300,4.310,4.290,4.300,12849700
2025-04-15 10:00:00,4.300,4.310,4.270,4.280,20956700
2025-04-15 10:30:00,4.270,4.280,4.250,4.250,23554600
2025-04-15 11:00:00,4.250,4.260,4.240,4.240,19112000
2025-04-15 11:30:00,4.250,4.270,4.240,4.270,20104800
2025-04-15 13:30:00,4.270,4.270,4.240,4.250,7766464
2025-04-15 14:00:00,4.250,4.260,4.240,4.250,9540700
2025-04-15 14:30:00,4.250,4.260,4.250,4.250,3435000
2025-04-15 15:00:00,4.250,4.280,4.250,4.280,19094856
2025-04-16 10:00:00,4.270,4.280,4.250,4.250,16271000
2025-04-16 10:30:00,4.250,4.260,4.250,4.250,7711981
2025-04-16 11:00:00,4.250,4.260,4.240,4.250,7410341
2025-04-16 11:30:00,4.250,4.280,4.250,4.280,15755600
2025-04-16 13:30:00,4.270,4.280,4.260,4.260,12158981
2025-04-16 14:00:00,4.270,4.290,4.260,4.290,16511900
2025-04-16 14:30:00,4.280,4.300,4.270,4.290,15315300
2025-04-16 15:00:00,4.290,4.320,4.280,4.320,34255800
2025-04-17 10:00:00,4.310,4.350,4.290,4.310,40558600
2025-04-17 10:30:00,4.310,4.310,4.290,4.300,8335600
2025-04-17 11:00:00,4.300,4.300,4.280,4.300,8916500
2025-04-17 11:30:00,4.290,4.300,4.280,4.300,7858933
2025-04-17 13:30:00,4.290,4.300,4.280,4.300,6742800
2025-04-17 14:00:00,4.290,4.300,4.280,4.290,3884000
2025-04-17 14:30:00,4.300,4.310,4.290,4.300,6576000
2025-04-17 15:00:00,4.300,4.320,4.290,4.320,17232962
2025-04-18 10:00:00,4.300,4.300,4.270,4.280,19212190
2025-04-18 10:30:00,4.280,4.290,4.270,4.280,5749200
2025-04-18 11:00:00,4.290,4.300,4.280,4.280,7216500
2025-04-18 11:30:00,4.290,4.300,4.280,4.290,4475700
2025-04-18 13:30:00,4.280,4.290,4.280,4.290,2438900
2025-04-18 14:00:00,4.280,4.290,4.280,4.280,5088900
2025-04-18 14:30:00,4.280,4.310,4.280,4.300,11315981
2025-04-18 15:00:00,4.290,4.310,4.280,4.290,15495800
2025-04-21 10:00:00,4.290,4.300,4.280,4.290,12727950
2025-04-21 10:30:00,4.300,4.300,4.280,4.280,8279600
2025-04-21 11:00:00,4.280,4.290,4.270,4.280,10971100
2025-04-21 11:30:00,4.280,4.290,4.270,4.280,4574300
2025-04-21 13:30:00,4.280,4.290,4.270,4.280,4640500
2025-04-21 14:00:00,4.270,4.290,4.270,4.280,4516500
2025-04-21 14:30:00,4.290,4.290,4.280,4.290,4424900
2025-04-21 15:00:00,4.280,4.290,4.270,4.280,12031900
2025-04-22 10:00:00,4.280,4.300,4.270,4.290,21067657
2025-04-22 10:30:00,4.290,4.300,4.280,4.290,5783558
2025-04-22 11:00:00,4.280,4.290,4.280,4.280,4119100
2025-04-22 11:30:00,4.280,4.290,4.280,4.280,5685800
2025-04-22 13:30:00,4.280,4.290,4.280,4.280,4341833
2025-04-22 14:00:00,4.290,4.290,4.280,4.290,6415200
2025-04-22 14:30:00,4.280,4.290,4.280,4.290,6167900
2025-04-22 15:00:00,4.290,4.290,4.270,4.270,15327754
2025-04-23 10:00:00,4.270,4.290,4.250,4.250,24854000
2025-04-23 10:30:00,4.250,4.260,4.240,4.250,17223500
2025-04-23 11:00:00,4.250,4.260,4.240,4.240,11482204
2025-04-23 11:30:00,4.240,4.260,4.240,4.250,10404324
2025-04-23 13:30:00,4.250,4.260,4.240,4.250,8958900
2025-04-23 14:00:00,4.250,4.260,4.240,4.250,6247123
2025-04-23 14:30:00,4.260,4.260,4.240,4.250,10734377
2025-04-23 15:00:00,4.250,4.260,4.240,4.250,11288710
2025-04-24 10:00:00,4.250,4.270,4.240,4.270,19880706
2025-04-24 10:30:00,4.260,4.280,4.260,4.270,17088200
2025-04-24 11:00:00,4.270,4.280,4.260,4.260,9608100
2025-04-24 11:30:00,4.270,4.270,4.250,4.260,7474700
2025-04-24 13:30:00,4.260,4.270,4.250,4.260,2228300
2025-04-24 14:00:00,4.270,4.270,4.250,4.260,4518000
2025-04-24 14:30:00,4.270,4.270,4.250,4.260,4472000
2025-04-24 15:00:00,4.250,4.270,4.250,4.260,11746825
2025-04-25 10:00:00,4.270,4.280,4.260,4.260,15010100
2025-04-25 10:30:00,4.270,4.280,4.250,4.270,16265600
2025-04-25 11:00:00,4.270,4.280,4.260,4.270,4853400
2025-04-25 11:30:00,4.260,4.280,4.260,4.270,4593170
2025-04-25 13:30:00,4.280,4.280,4.260,4.270,6330000
2025-04-25 14:00:00,4.270,4.280,4.260,4.260,3055600
2025-04-25 14:30:00,4.260,4.280,4.260,4.280,15702900
2025-04-25 15:00:00,4.270,4.290,4.270,4.290,24467389
2025-04-28 10:00:00,4.290,4.330,4.280,4.330,60090972
2025-04-28 10:30:00,4.330,4.350,4.320,4.330,36230027
2025-04-28 11:00:00,4.320,4.340,4.320,4.340,7448600
2025-04-28 11:30:00,4.340,4.340,4.320,4.330,6755700
2025-04-28 13:30:00,4.330,4.340,4.330,4.340,6979400
2025-04-28 14:00:00,4.330,4.350,4.330,4.350,20070448
2025-04-28 14:30:00,4.340,4.350,4.330,4.330,7989452
2025-04-28 15:00:00,4.340,4.340,4.320,4.330,16772423
2025-04-29 10:00:00,4.330,4.330,4.300,4.320,22830900
2025-04-29 10:30:00,4.320,4.320,4.280,4.280,30798400
2025-04-29 11:00:00,4.290,4.300,4.280,4.300,9016800
2025-04-29 11:30:00,4.290,4.300,4.290,4.290,7722800
2025-04-29 13:30:00,4.290,4.300,4.270,4.270,20831800
2025-04-29 14:00:00,4.270,4.280,4.270,4.280,5267700
2025-04-29 14:30:00,4.270,4.290,4.270,4.290,7196400
2025-04-29 15:00:00,4.280,4.290,4.280,4.280,12489785
2025-04-30 10:00:00,4.270,4.300,4.260,4.280,19568800
2025-04-30 10:30:00,4.270,4.280,4.260,4.280,14172500
2025-04-30 11:00:00,4.270,4.280,4.260,4.260,6931000
2025-04-30 11:30:00,4.270,4.270,4.250,4.260,15691500
2025-04-30 13:30:00,4.260,4.270,4.250,4.260,6118600
2025-04-30 14:00:00,4.260,4.270,4.250,4.270,6808422
2025-04-30 14:30:00,4.260,4.270,4.260,4.260,4326800
2025-04-30 15:00:00,4.270,4.270,4.250,4.260,17737133
2025-05-06 10:00:00,4.270,4.280,4.260,4.270,19007000
2025-05-06 10:30:00,4.270,4.290,4.270,4.280,16438799
2025-05-06 11:00:00,4.280,4.290,4.270,4.280,7538100
2025-05-06 11:30:00,4.280,4.280,4.270,4.280,4659900
2025-05-06 13:30:00,4.280,4.300,4.270,4.290,19745430
2025-05-06 14:00:00,4.290,4.300,4.280,4.290,6191919
2025-05-06 14:30:00,4.300,4.300,4.290,4.290,4316400
2025-05-06 15:00:00,4.300,4.300,4.290,4.300,16849677
2025-05-07 10:00:00,4.320,4.330,4.280,4.290,32928866
2025-05-07 10:30:00,4.300,4.310,4.280,4.300,14115500
2025-05-07 11:00:00,4.300,4.310,4.290,4.300,9439400
2025-05-07 11:30:00,4.300,4.310,4.280,4.300,14105230
2025-05-07 13:30:00,4.300,4.310,4.290,4.300,6023100
2025-05-07 14:00:00,4.300,4.300,4.290,4.290,3983700
2025-05-07 14:30:00,4.300,4.300,4.280,4.300,18744799
2025-05-07 15:00:00,4.300,4.300,4.290,4.300,16281145
2025-05-08 10:00:00,4.300,4.300,4.280,4.300,10752700
2025-05-08 10:30:00,4.300,4.300,4.280,4.290,11093300
2025-05-08 11:00:00,4.290,4.300,4.280,4.290,12157500
2025-05-08 11:30:00,4.300,4.300,4.280,4.290,10267200
2025-05-08 13:30:00,4.300,4.300,4.280,4.290,6241300
2025-05-08 14:00:00,4.290,4.300,4.280,4.300,5528500
2025-05-08 14:30:00,4.300,4.300,4.290,4.290,3380500
2025-05-08 15:00:00,4.290,4.300,4.290,4.290,12152452
2025-05-09 10:00:00,4.290,4.300,4.280,4.290,12480300
2025-05-09 10:30:00,4.290,4.310,4.280,4.300,20072133
2025-05-09 11:00:00,4.290,4.310,4.290,4.300,12336031
2025-05-09 11:30:00,4.300,4.310,4.290,4.310,6521100
2025-05-09 13:30:00,4.310,4.310,4.290,4.290,6815700
2025-05-09 14:00:00,4.300,4.300,4.290,4.290,5086800
2025-05-09 14:30:00,4.300,4.300,4.290,4.300,5828600
2025-05-09 15:00:00,4.300,4.300,4.290,4.300,11703891
2025-05-12 10:00:00,4.300,4.300,4.280,4.290,29021700
2025-05-12 10:30:00,4.290,4.290,4.280,4.280,9413600
2025-05-12 11:00:00,4.280,4.290,4.280,4.280,7927500
2025-05-12 11:30:00,4.280,4.290,4.280,4.280,7865200
2025-05-12 13:30:00,4.290,4.290,4.280,4.280,4676745
2025-05-12 14:00:00,4.280,4.290,4.270,4.290,14114055
2025-05-12 14:30:00,4.280,4.290,4.280,4.290,4233800
2025-05-12 15:00:00,4.290,4.290,4.280,4.290,11222000
2025-05-13 10:00:00,4.290,4.300,4.280,4.300,31667391
2025-05-13 10:30:00,4.300,4.300,4.280,4.280,8803600
2025-05-13 11:00:00,4.290,4.290,4.280,4.290,4340300
2025-05-13 11:30:00,4.290,4.290,4.280,4.280,8694702
2025-05-13 13:30:00,4.280,4.290,4.280,4.290,5039647
2025-05-13 14:00:00,4.290,4.300,4.280,4.290,9361800
2025-05-13 14:30:00,4.290,4.310,4.290,4.300,22670300
2025-05-13 15:00:00,4.300,4.310,4.290,4.300,15794450
2025-05-14 10:00:00,4.300,4.300,4.280,4.300,17591360
2025-05-14 10:30:00,4.300,4.300,4.280,4.280,6183900
2025-05-14 11:00:00,4.280,4.300,4.280,4.300,5081212
2025-05-14 11:30:00,4.300,4.300,4.280,4.300,4095928
2025-05-14 13:30:00,4.290,4.310,4.290,4.310,19086000
2025-05-14 14:00:00,4.310,4.320,4.300,4.310,24455533
2025-05-14 14:30:00,4.320,4.320,4.300,4.310,10332528
2025-05-14 15:00:00,4.320,4.320,4.310,4.310,12015296
2025-05-15 10:00:00,4.310,4.370,4.300,4.350,79192282
2025-05-15 10:30:00,4.360,4.360,4.330,4.340,19906200
2025-05-15 11:00:00,4.340,4.350,4.330,4.330,6450400
2025-05-15 11:30:00,4.330,4.340,4.320,4.330,13712800
2025-05-15 13:30:00,4.340,4.340,4.320,4.330,5795300
2025-05-15 14:00:00,4.330,4.330,4.320,4.320,4109400
2025-05-15 14:30:00,4.320,4.340,4.320,4.340,8912900
2025-05-15 15:00:00,4.330,4.340,4.320,4.330,19164029
2025-05-16 10:00:00,4.320,4.350,4.320,4.350,17418800
2025-05-16 10:30:00,4.350,4.350,4.330,4.330,13724500
2025-05-16 11:00:00,4.330,4.340,4.320,4.320,6307100
2025-05-16 11:30:00,4.320,4.330,4.310,4.310,10700941
2025-05-16 13:30:00,4.320,4.330,4.310,4.330,8744704
2025-05-16 14:00:00,4.320,4.330,4.310,4.330,4584400
2025-05-16 14:30:00,4.320,4.330,4.310,4.320,6902500
2025-05-16 15:00:00,4.320,4.340,4.320,4.340,18944516
2025-05-19 10:00:00,4.340,4.350,4.320,4.340,13746916
2025-05-19 10:30:00,4.330,4.380,4.330,4.370,33729800
2025-05-19 11:00:00,4.370,4.410,4.370,4.390,42740381
2025-05-19 11:30:00,4.390,4.390,4.370,4.380,10086652
2025-05-19 13:30:00,4.380,4.390,4.370,4.380,9490638
2025-05-19 14:00:00,4.370,4.400,4.370,4.380,10361400
2025-05-19 14:30:00,4.380,4.400,4.380,4.400,9526396
2025-05-19 15:00:00,4.400,4.410,4.390,4.400,23858394
2025-05-20 10:00:00,4.410,4.430,4.370,4.390,28550600
2025-05-20 10:30:00,4.390,4.390,4.370,4.370,9448100
2025-05-20 11:00:00,4.370,4.380,4.360,4.360,12589900
2025-05-20 11:30:00,4.370,4.380,4.360,4.370,6466218
2025-05-20 13:30:00,4.380,4.390,4.370,4.380,8913900
2025-05-20 14:00:00,4.380,4.380,4.360,4.360,9843682
2025-05-20 14:30:00,4.370,4.380,4.360,4.370,8650318
2025-05-20 15:00:00,4.380,4.380,4.370,4.380,11294764
2025-05-21 10:00:00,4.370,4.400,4.370,4.380,25646300
2025-05-21 10:30:00,4.380,4.400,4.380,4.390,16070764
2025-05-21 11:00:00,4.390,4.400,4.380,4.400,7911700
2025-05-21 11:30:00,4.400,4.400,4.380,4.380,7005200
2025-05-21 13:30:00,4.380,4.390,4.370,4.370,12458200
2025-05-21 14:00:00,4.370,4.380,4.360,4.370,13196700
2025-05-21 14:30:00,4.360,4.380,4.360,4.380,6151400
2025-05-21 15:00:00,4.370,4.380,4.360,4.370,11341800
2025-05-22 10:00:00,4.370,4.380,4.330,4.340,30947800
2025-05-22 10:30:00,4.350,4.360,4.320,4.350,36061964
2025-05-22 11:00:00,4.340,4.350,4.320,4.320,10960536
2025-05-22 11:30:00,4.320,4.340,4.310,4.330,15375464
2025-05-22 13:30:00,4.340,4.350,4.330,4.340,5485409
2025-05-22 14:00:00,4.340,4.340,4.320,4.320,4992027
2025-05-22 14:30:00,4.320,4.340,4.320,4.340,9339200
2025-05-22 15:00:00,4.340,4.340,4.330,4.340,8831395
2025-05-23 10:00:00,4.330,4.370,4.320,4.340,26793997
2025-05-23 10:30:00,4.340,4.360,4.330,4.330,11113903
2025-05-23 11:00:00,4.330,4.340,4.330,4.340,6915800
2025-05-23 11:30:00,4.330,4.340,4.330,4.340,3300600
2025-05-23 13:30:00,4.340,4.340,4.320,4.320,8653800
2025-05-23 14:00:00,4.320,4.330,4.320,4.320,4016100
2025-05-23 14:30:00,4.330,4.330,4.310,4.320,20281600
2025-05-23 15:00:00,4.320,4.320,4.300,4.310,19140862
2025-05-26 10:00:00,4.310,4.320,4.300,4.310,14507100
2025-05-26 10:30:00,4.310,4.320,4.300,4.320,11287200
2025-05-26 11:00:00,4.320,4.320,4.300,4.310,5953700
2025-05-26 11:30:00,4.300,4.310,4.280,4.290,15007200
2025-05-26 13:30:00,4.280,4.300,4.280,4.300,8850650
2025-05-26 14:00:00,4.300,4.300,4.280,4.300,6364900
2025-05-26 14:30:00,4.300,4.300,4.290,4.300,6378300
2025-05-26 15:00:00,4.300,4.310,4.290,4.310,8058075
2025-05-27 10:00:00,4.310,4.310,4.290,4.310,10689000
2025-05-27 10:30:00,4.310,4.310,4.290,4.290,7392000
2025-05-27 11:00:00,4.290,4.300,4.290,4.300,1910900
2025-05-27 11:30:00,4.290,4.300,4.290,4.290,3988500
2025-05-27 13:30:00,4.290,4.310,4.290,4.300,4206601
2025-05-27 14:00:00,4.300,4.310,4.290,4.310,2218700
2025-05-27 14:30:00,4.300,4.310,4.300,4.310,3518200
2025-05-27 15:00:00,4.310,4.330,4.300,4.310,14243373
2025-05-28 10:00:00,4.310,4.320,4.290,4.300,11515700
2025-05-28 10:30:00,4.300,4.310,4.290,4.300,5289366
2025-05-28 11:00:00,4.300,4.310,4.290,4.300,3768000
2025-05-28 11:30:00,4.300,4.300,4.290,4.290,3625238
2025-05-28 13:30:00,4.290,4.310,4.290,4.310,4428900
2025-05-28 14:00:00,4.300,4.310,4.290,4.300,5682900
2025-05-28 14:30:00,4.300,4.310,4.290,4.290,2807064
2025-05-28 15:00:00,4.290,4.310,4.290,4.300,9505785
2025-05-29 10:00:00,4.290,4.310,4.280,4.310,15896100
2025-05-29 10:30:00,4.300,4.310,4.290,4.300,9757500
2025-05-29 11:00:00,4.300,4.310,4.290,4.310,5534300
2025-05-29 11:30:00,4.310,4.310,4.300,4.310,11080905
2025-05-29 13:30:00,4.300,4.310,4.290,4.300,5278500
2025-05-29 14:00:00,4.300,4.310,4.300,4.310,7248900
2025-05-29 14:30:00,4.310,4.310,4.300,4.310,4774160
2025-05-29 15:00:00,4.300,4.310,4.300,4.310,9049884
2025-05-30 10:00:00,4.300,4.320,4.290,4.290,12772700
2025-05-30 10:30:00,4.290,4.300,4.290,4.290,6762500
2025-05-30 11:00:00,4.290,4.310,4.290,4.300,6414300
2025-05-30 11:30:00,4.300,4.310,4.290,4.300,4562228
2025-05-30 13:30:00,4.310,4.310,4.290,4.300,4973458
2025-05-30 14:00:00,4.300,4.310,4.290,4.310,6424700
2025-05-30 14:30:00,4.310,4.310,4.300,4.310,5040100
2025-05-30 15:00:00,4.300,4.310,4.290,4.290,21593427
2025-06-03 10:00:00,4.280,4.290,4.260,4.270,37508682
2025-06-03 10:30:00,4.260,4.270,4.250,4.260,27638620
2025-06-03 11:00:00,4.250,4.270,4.250,4.260,14553300
2025-06-03 11:30:00,4.260,4.270,4.260,4.260,6448800
2025-06-03 13:30:00,4.260,4.270,4.260,4.270,7289400
2025-06-03 14:00:00,4.270,4.270,4.250,4.260,10939000
2025-06-03 14:30:00,4.260,4.270,4.260,4.260,5363408
2025-06-03 15:00:00,4.260,4.280,4.260,4.270,13597684
2025-06-04 10:00:00,4.270,4.280,4.260,4.270,10640692
2025-06-04 10:30:00,4.260,4.280,4.260,4.270,11033912
2025-06-04 11:00:00,4.270,4.280,4.260,4.280,3856892
2025-06-04 11:30:00,4.280,4.280,4.270,4.280,3016200
2025-06-04 13:30:00,4.280,4.280,4.260,4.280,10243608
2025-06-04 14:00:00,4.270,4.280,4.260,4.270,3399300
2025-06-04 14:30:00,4.280,4.280,4.270,4.270,3599100
2025-06-04 15:00:00,4.280,4.280,4.270,4.270,10606252
2025-06-05 10:00:00,4.280,4.290,4.260,4.280,25911100
2025-06-05 10:30:00,4.280,4.280,4.270,4.280,3931100
2025-06-05 11:00:00,4.270,4.280,4.270,4.280,3913600
2025-06-05 11:30:00,4.280,4.280,4.270,4.280,2119200
2025-06-05 13:30:00,4.280,4.280,4.260,4.260,13062300
2025-06-05 14:00:00,4.270,4.270,4.260,4.270,2935800
2025-06-05 14:30:00,4.270,4.280,4.260,4.270,8374112
2025-06-05 15:00:00,4.280,4.280,4.270,4.280,9044224
2025-06-06 10:00:00,4.280,4.280,4.260,4.280,9035664
2025-06-06 10:30:00,4.280,4.280,4.270,4.280,4651200
2025-06-06 11:00:00,4.270,4.290,4.270,4.280,25376600
2025-06-06 11:30:00,4.290,4.300,4.280,4.290,13802200
2025-06-06 13:30:00,4.280,4.290,4.280,4.290,2334500
2025-06-06 14:00:00,4.290,4.290,4.280,4.280,4009100
2025-06-06 14:30:00,4.280,4.290,4.280,4.280,4374256
2025-06-06 15:00:00,4.280,4.300,4.280,4.280,11685200
2025-06-09 10:00:00,4.290,4.300,4.280,4.290,16852307
2025-06-09 10:30:00,4.280,4.300,4.280,4.290,8256200
2025-06-09 11:00:00,4.280,4.290,4.280,4.280,5011510
2025-06-09 11:30:00,4.290,4.290,4.280,4.290,4112900
2025-06-09 13:30:00,4.290,4.290,4.280,4.290,5075900
2025-06-09 14:00:00,4.290,4.290,4.270,4.270,18641300
2025-06-09 14:30:00,4.280,4.290,4.270,4.270,7957900
2025-06-09 15:00:00,4.280,4.290,4.270,4.280,12205370
2025-06-10 10:00:00,4.280,4.290,4.270,4.270,9060200
2025-06-10 10:30:00,4.270,4.280,4.270,4.270,7138910
2025-06-10 11:00:00,4.280,4.280,4.270,4.270,7190900
2025-06-10 11:30:00,4.270,4.290,4.270,4.280,14687100
2025-06-10 13:30:00,4.280,4.290,4.250,4.250,32436400
2025-06-10 14:00:00,4.250,4.270,4.250,4.260,15095600
2025-06-10 14:30:00,4.250,4.270,4.250,4.260,9184980
2025-06-10 15:00:00,4.260,4.270,4.260,4.260,7944325
2025-06-11 10:00:00,4.260,4.280,4.250,4.270,24030310
2025-06-11 10:30:00,4.270,4.270,4.260,4.260,9383900
2025-06-11 11:00:00,4.260,4.280,4.260,4.260,9266600
2025-06-11 11:30:00,4.260,4.270,4.260,4.270,4775500
2025-06-11 13:30:00,4.260,4.270,4.260,4.260,6345200
2025-06-11 14:00:00,4.270,4.270,4.260,4.270,5122500
2025-06-11 14:30:00,4.270,4.270,4.260,4.270,7005400
2025-06-11 15:00:00,4.270,4.270,4.260,4.260,9739532
2025-06-12 10:00:00,4.270,4.270,4.240,4.250,33082700
2025-06-12 10:30:00,4.240,4.250,4.240,4.250,6722000
2025-06-12 11:00:00,4.240,4.250,4.240,4.250,15516600
2025-06-12 11:30:00,4.240,4.250,4.230,4.240,15177900
2025-06-12 13:30:00,4.240,4.250,4.240,4.240,5825800
2025-06-12 14:00:00,4.240,4.250,4.230,4.240,9917533
2025-06-12 14:30:00,4.240,4.250,4.230,4.240,5374944
2025-06-12 15:00:00,4.240,4.250,4.240,4.240,9538883
2025-06-13 10:00:00,4.240,4.260,4.230,4.240,25483112
2025-06-13 10:30:00,4.250,4.250,4.240,4.250,8006726
2025-06-13 11:00:00,4.240,4.250,4.230,4.240,13953300
2025-06-13 11:30:00,4.240,4.260,4.230,4.250,18874642
2025-06-13 13:30:00,4.250,4.260,4.240,4.250,10225400
2025-06-13 14:00:00,4.240,4.250,4.240,4.240,7361800
2025-06-13 14:30:00,4.240,4.260,4.240,4.250,6776600
2025-06-13 15:00:00,4.260,4.260,4.240,4.250,13485700
2025-06-16 10:00:00,4.250,4.250,4.230,4.230,14655800
2025-06-16 10:30:00,4.230,4.250,4.230,4.250,10859100
2025-06-16 11:00:00,4.250,4.250,4.230,4.230,9479702
2025-06-16 11:30:00,4.230,4.240,4.230,4.230,5326600
2025-06-16 13:30:00,4.240,4.240,4.230,4.230,5871900
2025-06-16 14:00:00,4.230,4.240,4.230,4.240,4517700
2025-06-16 14:30:00,4.230,4.240,4.230,4.230,4886500
2025-06-16 15:00:00,4.240,4.250,4.230,4.240,12760199
2025-06-17 10:00:00,4.240,4.250,4.230,4.230,12667500
2025-06-17 10:30:00,4.230,4.250,4.230,4.230,5054900
2025-06-17 11:00:00,4.240,4.240,4.230,4.240,3812000
2025-06-17 11:30:00,4.230,4.250,4.230,4.240,8976854
2025-06-17 13:30:00,4.240,4.260,4.240,4.250,23011893
2025-06-17 14:00:00,4.250,4.260,4.250,4.260,5007898
2025-06-17 14:30:00,4.260,4.270,4.250,4.260,19132000
2025-06-17 15:00:00,4.270,4.270,4.250,4.260,13138765
2025-06-18 10:00:00,4.260,4.280,4.250,4.280,25481000
2025-06-18 10:30:00,4.280,4.280,4.260,4.270,13096500
2025-06-18 11:00:00,4.270,4.280,4.260,4.270,11781400
2025-06-18 11:30:00,4.270,4.280,4.260,4.270,5705700
2025-06-18 13:30:00,4.270,4.280,4.260,4.270,5044900
2025-06-18 14:00:00,4.270,4.270,4.260,4.270,2972300
2025-06-18 14:30:00,4.270,4.270,4.260,4.270,4597700
2025-06-18 15:00:00,4.260,4.280,4.260,4.260,11233789
2025-06-19 10:00:00,4.260,4.270,4.240,4.240,16492900
2025-06-19 10:30:00,4.240,4.250,4.230,4.230,16615600
2025-06-19 11:00:00,4.230,4.250,4.230,4.230,6608600
2025-06-19 11:30:00,4.230,4.240,4.220,4.230,15834490
2025-06-19 13:30:00,4.220,4.250,4.220,4.250,11239600
2025-06-19 14:00:00,4.250,4.250,4.230,4.250,7821000
2025-06-19 14:30:00,4.240,4.260,4.240,4.250,14563500
2025-06-19 15:00:00,4.250,4.270,4.250,4.260,17075769
2025-06-20 10:00:00,4.250,4.260,4.240,4.250,6042800
2025-06-20 10:30:00,4.260,4.260,4.240,4.240,7332200
2025-06-20 11:00:00,4.240,4.250,4.240,4.250,2463502
2025-06-20 11:30:00,4.250,4.260,4.240,4.250,7531600
2025-06-20 13:30:00,4.250,4.260,4.240,4.250,3789000
2025-06-20 14:00:00,4.250,4.260,4.240,4.250,4798769
2025-06-20 14:30:00,4.250,4.250,4.240,4.240,5788100
2025-06-20 15:00:00,4.250,4.250,4.240,4.250,18626879
2025-06-23 10:00:00,4.250,4.250,4.220,4.220,20823700
2025-06-23 10:30:00,4.230,4.230,4.220,4.220,11252000
2025-06-23 11:00:00,4.220,4.240,4.220,4.230,12098777
2025-06-23 11:30:00,4.240,4.240,4.230,4.240,2539000
2025-06-23 13:30:00,4.230,4.240,4.220,4.220,5164700
2025-06-23 14:00:00,4.220,4.240,4.220,4.230,5845500
2025-06-23 14:30:00,4.230,4.250,4.230,4.240,14565500
2025-06-23 15:00:00,4.240,4.250,4.230,4.230,12910379
2025-06-24 10:00:00,4.230,4.240,4.230,4.240,16970700
2025-06-24 10:30:00,4.230,4.250,4.230,4.250,9557900
2025-06-24 11:00:00,4.240,4.250,4.240,4.250,3878200
2025-06-24 11:30:00,4.250,4.250,4.240,4.250,3998200
2025-06-24 13:30:00,4.250,4.260,4.240,4.250,25042621
2025-06-24 14:00:00,4.250,4.260,4.240,4.240,8294500
2025-06-24 14:30:00,4.250,4.260,4.240,4.260,5444600
2025-06-24 15:00:00,4.260,4.260,4.250,4.260,9095846
2025-06-25 10:00:00,4.260,4.260,4.250,4.260,6591900
2025-06-25 10:30:00,4.250,4.260,4.240,4.250,12899100
2025-06-25 11:00:00,4.250,4.260,4.250,4.250,3959900
2025-06-25 11:30:00,4.250,4.260,4.250,4.260,7895194
2025-06-25 13:30:00,4.260,4.280,4.250,4.270,26335422
2025-06-25 14:00:00,4.280,4.280,4.270,4.280,4284400
2025-06-25 14:30:00,4.280,4.290,4.270,4.290,20133906
2025-06-25 15:00:00,4.280,4.290,4.270,4.280,15825680
2025-06-26 10:00:00,4.290,4.290,4.270,4.280,15554374
2025-06-26 10:30:00,4.280,4.290,4.270,4.270,8456300
2025-06-26 11:00:00,4.280,4.280,4.270,4.270,2860600
2025-06-26 11:30:00,4.280,4.280,4.270,4.270,3613800
2025-06-26 13:30:00,4.270,4.280,4.270,4.270,7193714
2025-06-26 14:00:00,4.280,4.280,4.260,4.270,14130800
2025-06-26 14:30:00,4.270,4.280,4.260,4.270,5859200
2025-06-26 15:00:00,4.260,4.280,4.260,4.270,8323690
2025-06-27 10:00:00,4.270,4.280,4.260,4.270,12059300
2025-06-27 10:30:00,4.270,4.280,4.260,4.260,17491400
2025-06-27 11:00:00,4.260,4.270,4.250,4.270,16780000
2025-06-27 11:30:00,4.260,4.270,4.250,4.260,7162463
2025-06-27 13:30:00,4.260,4.270,4.250,4.270,3702038
2025-06-27 14:00:00,4.270,4.270,4.250,4.260,5517400
2025-06-27 14:30:00,4.260,4.270,4.250,4.250,7804300
2025-06-27 15:00:00,4.260,4.270,4.250,4.260,9288285
2025-06-30 10:00:00,4.260,4.270,4.250,4.250,12431800
2025-06-30 10:30:00,4.250,4.260,4.250,4.250,5707881
2025-06-30 11:00:00,4.260,4.260,4.250,4.250,3265100
2025-06-30 11:30:00,4.260,4.260,4.250,4.250,3159739
2025-06-30 13:30:00,4.260,4.260,4.250,4.250,4818461
2025-06-30 14:00:00,4.250,4.260,4.250,4.250,4434800
2025-06-30 14:30:00,4.260,4.270,4.250,4.260,10454400
2025-06-30 15:00:00,4.270,4.270,4.260,4.260,11693714
2025-07-01 10:00:00,4.270,4.270,4.250,4.260,11611300
2025-07-01 10:30:00,4.250,4.270,4.250,4.270,10613944
2025-07-01 11:00:00,4.260,4.280,4.260,4.270,24020800
2025-07-01 11:30:00,4.270,4.280,4.260,4.260,5747700
2025-07-01 13:30:00,4.270,4.280,4.260,4.280,7904500
2025-07-01 14:00:00,4.280,4.280,4.270,4.280,7019510
2025-07-01 14:30:00,4.280,4.290,4.270,4.280,23962207
2025-07-01 15:00:00,4.270,4.290,4.270,4.270,10833400
2025-07-02 10:00:00,4.280,4.290,4.270,4.270,15691000
2025-07-02 10:30:00,4.270,4.300,4.270,4.300,30687300
2025-07-02 11:00:00,4.300,4.310,4.290,4.310,19501666
2025-07-02 11:30:00,4.300,4.310,4.290,4.300,6769900
2025-07-02 13:30:00,4.290,4.300,4.280,4.290,10425566
2025-07-02 14:00:00,4.290,4.300,4.280,4.290,5330100
2025-07-02 14:30:00,4.300,4.300,4.290,4.290,7716700
2025-07-02 15:00:00,4.290,4.310,4.290,4.300,15359085
2025-07-03 10:00:00,4.310,4.310,4.290,4.290,14754900
2025-07-03 10:30:00,4.290,4.300,4.280,4.300,13736300
2025-07-03 11:00:00,4.300,4.300,4.280,4.290,9814800
2025-07-03 11:30:00,4.290,4.300,4.280,4.290,5210200
2025-07-03 13:30:00,4.290,4.300,4.280,4.300,11208000
2025-07-03 14:00:00,4.290,4.300,4.280,4.290,5617578
2025-07-03 14:30:00,4.290,4.300,4.290,4.300,5665000
2025-07-03 15:00:00,4.300,4.300,4.290,4.290,10627726
2025-07-04 10:00:00,4.290,4.310,4.280,4.300,21310648
2025-07-04 10:30:00,4.300,4.320,4.300,4.320,23639226
2025-07-04 11:00:00,4.320,4.320,4.310,4.310,9161177
2025-07-04 11:30:00,4.310,4.320,4.300,4.310,9795536
2025-07-04 13:30:00,4.310,4.330,4.300,4.320,17340766
2025-07-04 14:00:00,4.320,4.320,4.310,4.310,5892400
2025-07-04 14:30:00,4.320,4.320,4.300,4.300,12101600
2025-07-04 15:00:00,4.300,4.310,4.300,4.310,8386501
2025-07-07 10:00:00,4.310,4.340,4.310,4.320,26606800
2025-07-07 10:30:00,4.320,4.320,4.310,4.310,6943200
2025-07-07 11:00:00,4.310,4.330,4.310,4.330,10186600
2025-07-07 11:30:00,4.320,4.340,4.310,4.340,14997100
2025-07-07 13:30:00,4.340,4.350,4.330,4.340,21019200
2025-07-07 14:00:00,4.330,4.350,4.330,4.340,8495800
2025-07-07 14:30:00,4.330,4.340,4.330,4.330,4365000
2025-07-07 15:00:00,4.340,4.340,4.330,4.340,20071270
2025-07-08 10:00:00,4.340,4.340,4.310,4.320,26629900
2025-07-08 10:30:00,4.320,4.320,4.300,4.320,25582551
2025-07-08 11:00:00,4.310,4.320,4.300,4.310,6579915
2025-07-08 11:30:00,4.310,4.330,4.310,4.320,13114681
2025-07-08 13:30:00,4.320,4.340,4.320,4.330,9814400
2025-07-08 14:00:00,4.320,4.330,4.320,4.320,5072900
2025-07-08 14:30:00,4.320,4.340,4.320,4.340,10508716
2025-07-08 15:00:00,4.330,4.340,4.320,4.330,11122541
2025-07-09 10:00:00,4.330,4.360,4.320,4.330,40166300
2025-07-09 10:30:00,4.340,4.340,4.330,4.330,5849500
2025-07-09 11:00:00,4.340,4.340,4.320,4.330,13055077
2025-07-09 11:30:00,4.330,4.340,4.320,4.340,8379828
2025-07-09 13:30:00,4.330,4.340,4.320,4.340,5738412
2025-07-09 14:00:00,4.330,4.340,4.330,4.330,5108800
2025-07-09 14:30:00,4.340,4.340,4.320,4.330,13437967
2025-07-09 15:00:00,4.330,4.330,4.310,4.320,17374300
2025-07-10 10:00:00,4.320,4.340,4.310,4.330,22979700
2025-07-10 10:30:00,4.320,4.340,4.320,4.320,8674000
2025-07-10 11:00:00,4.330,4.340,4.320,4.330,10650100
2025-07-10 11:30:00,4.320,4.340,4.320,4.320,9646808
2025-07-10 13:30:00,4.320,4.330,4.320,4.330,8312500
2025-07-10 14:00:00,4.320,4.340,4.320,4.330,13620600
2025-07-10 14:30:00,4.320,4.340,4.320,4.320,16680781
2025-07-10 15:00:00,4.320,4.340,4.320,4.320,17158168
2025-07-11 10:00:00,4.330,4.340,4.320,4.340,17161400
2025-07-11 10:30:00,4.330,4.340,4.320,4.330,15612700
2025-07-11 11:00:00,4.330,4.340,4.320,4.340,9404566
2025-07-11 11:30:00,4.340,4.340,4.320,4.340,12088100
2025-07-11 13:30:00,4.340,4.350,4.330,4.340,33822899
2025-07-11 14:00:00,4.340,4.350,4.330,4.340,9959400
2025-07-11 14:30:00,4.350,4.350,4.330,4.350,12869300
2025-07-11 15:00:00,4.340,4.350,4.330,4.330,24815259
2025-07-14 10:00:00,4.340,4.370,4.330,4.360,45020400
2025-07-14 10:30:00,4.360,4.370,4.350,4.360,11404900
2025-07-14 11:00:00,4.360,4.370,4.350,4.360,13709600
2025-07-14 11:30:00,4.370,4.370,4.350,4.360,15028622
2025-07-14 13:30:00,4.360,4.370,4.350,4.370,10789400
2025-07-14 14:00:00,4.370,4.380,4.360,4.370,23812900
2025-07-14 14:30:00,4.370,4.380,4.360,4.370,6543000
2025-07-14 15:00:00,4.370,4.370,4.350,4.360,23064000
2025-07-15 10:00:00,4.360,4.370,4.320,4.330,41217900
2025-07-15 10:30:00,4.330,4.340,4.300,4.310,26344700
2025-07-15 11:00:00,4.320,4.320,4.310,4.320,4589200
2025-07-15 11:30:00,4.320,4.320,4.290,4.310,28716100
2025-07-15 13:30:00,4.310,4.310,4.300,4.300,9250475
2025-07-15 14:00:00,4.300,4.310,4.300,4.310,6748400
2025-07-15 14:30:00,4.300,4.320,4.300,4.310,16214502
2025-07-15 15:00:00,4.310,4.320,4.300,4.310,17216168
2025-07-16 10:00:00,4.320,4.330,4.300,4.320,21696400
2025-07-16 10:30:00,4.320,4.330,4.310,4.310,15098200
2025-07-16 11:00:00,4.310,4.320,4.300,4.310,10579900
2025-07-16 11:30:00,4.310,4.320,4.300,4.320,5727790
2025-07-16 13:30:00,4.320,4.320,4.300,4.300,8236477
2025-07-16 14:00:00,4.310,4.310,4.290,4.310,16656400
2025-07-16 14:30:00,4.300,4.310,4.300,4.310,4990600
2025-07-16 15:00:00,4.300,4.310,4.300,4.300,8447244
2025-07-17 10:00:00,4.300,4.310,4.290,4.290,13590376
2025-07-17 10:30:00,4.290,4.310,4.290,4.290,9853667
2025-07-17 11:00:00,4.290,4.300,4.280,4.290,23874125
2025-07-17 11:30:00,4.280,4.300,4.280,4.290,6625800
2025-07-17 13:30:00,4.290,4.300,4.280,4.280,9358199
2025-07-17 14:00:00,4.280,4.300,4.280,4.300,14542714
2025-07-17 14:30:00,4.290,4.300,4.280,4.300,9103650
2025-07-17 15:00:00,4.290,4.300,4.290,4.290,14101101
2025-07-18 10:00:00,4.300,4.300,4.280,4.300,17467300
2025-07-18 10:30:00,4.290,4.300,4.280,4.290,17290977
2025-07-18 11:00:00,4.300,4.310,4.290,4.300,16822150
2025-07-18 11:30:00,4.300,4.310,4.290,4.300,12415800
2025-07-18 13:30:00,4.290,4.310,4.290,4.290,8189200
2025-07-18 14:00:00,4.300,4.310,4.290,4.300,5091800
2025-07-18 14:30:00,4.290,4.310,4.290,4.300,5835700
2025-07-18 15:00:00,4.300,4.310,4.300,4.300,11621743
2025-07-21 10:00:00,4.320,4.380,4.320,4.350,84639710
2025-07-21 10:30:00,4.350,4.370,4.340,4.350,34250198
2025-07-21 11:00:00,4.350,4.360,4.350,4.350,5541900
2025-07-21 11:30:00,4.350,4.370,4.350,4.360,13939800
2025-07-21 13:30:00,4.350,4.380,4.350,4.380,27215099
2025-07-21 14:00:00,4.370,4.380,4.360,4.370,12055000
2025-07-21 14:30:00,4.360,4.380,4.360,4.370,15818200
2025-07-21 15:00:00,4.370,4.380,4.360,4.370,28213750
2025-07-22 10:00:00,4.370,4.390,4.350,4.360,52941800
2025-07-22 10:30:00,4.350,4.360,4.350,4.360,10474900
2025-07-22 11:00:00,4.350,4.380,4.350,4.380,21087022
2025-07-22 11:30:00,4.370,4.390,4.360,4.390,28082917
2025-07-22 13:30:00,4.390,4.440,4.380,4.420,70013450
2025-07-22 14:00:00,4.420,4.430,4.400,4.410,30739435
2025-07-22 14:30:00,4.410,4.420,4.400,4.420,18418061
2025-07-22 15:00:00,4.420,4.430,4.410,4.420,32327115
2025-07-23 10:00:00,4.440,4.460,4.420,4.430,45487197
2025-07-23 10:30:00,4.440,4.450,4.410,4.410,37024800
2025-07-23 11:00:00,4.410,4.430,4.400,4.420,19411859
2025-07-23 11:30:00,4.410,4.420,4.400,4.410,7794800
2025-07-23 13:30:00,4.420,4.440,4.410,4.420,20139566
2025-07-23 14:00:00,4.430,4.430,4.410,4.420,15960300
2025-07-23 14:30:00,4.420,4.420,4.380,4.390,22649979
2025-07-23 15:00:00,4.400,4.400,4.390,4.390,16282773
2025-07-24 10:00:00,4.390,4.390,4.360,4.390,51735922
2025-07-24 10:30:00,4.380,4.410,4.380,4.400,23663300
2025-07-24 11:00:00,4.400,4.410,4.400,4.410,10631023
2025-07-24 11:30:00,4.410,4.420,4.400,4.420,15691064
2025-07-24 13:30:00,4.420,4.430,4.410,4.430,15086994
2025-07-24 14:00:00,4.420,4.430,4.400,4.410,21720102
2025-07-24 14:30:00,4.400,4.430,4.400,4.430,13855700
2025-07-24 15:00:00,4.430,4.430,4.410,4.420,21549845
2025-07-25 10:00:00,4.430,4.440,4.410,4.430,38581859
2025-07-25 10:30:00,4.420,4.430,4.400,4.410,24752041
2025-07-25 11:00:00,4.410,4.420,4.400,4.400,7897300
2025-07-25 11:30:00,4.410,4.410,4.390,4.400,11819500
2025-07-25 13:30:00,4.400,4.410,4.390,4.400,10494400
2025-07-25 14:00:00,4.400,4.400,4.380,4.400,17338400
2025-07-25 14:30:00,4.400,4.400,4.370,4.380,17083800
2025-07-25 15:00:00,4.380,4.390,4.370,4.380,23364300
2025-07-28 10:00:00,4.400,4.410,4.370,4.380,30025900
2025-07-28 10:30:00,4.380,4.390,4.370,4.380,13236300
2025-07-28 11:00:00,4.380,4.390,4.370,4.380,8647500
2025-07-28 11:30:00,4.370,4.380,4.360,4.360,14034050
2025-07-28 13:30:00,4.360,4.370,4.360,4.370,10923800
2025-07-28 14:00:00,4.370,4.370,4.350,4.370,13218000
2025-07-28 14:30:00,4.370,4.380,4.360,4.370,11951400
2025-07-28 15:00:00,4.370,4.380,4.360,4.360,14418470
2025-07-29 10:00:00,4.360,4.370,4.350,4.350,14999800
2025-07-29 10:30:00,4.350,4.360,4.340,4.340,17114600
2025-07-29 11:00:00,4.340,4.350,4.340,4.340,11107500
2025-07-29 11:30:00,4.350,4.350,4.340,4.340,8015400
2025-07-29 13:30:00,4.350,4.350,4.340,4.340,7719272
2025-07-29 14:00:00,4.350,4.360,4.340,4.350,12119500
2025-07-29 14:30:00,4.360,4.370,4.340,4.350,21131100
2025-07-29 15:00:00,4.350,4.360,4.350,4.360,14627370
2025-07-30 10:00:00,4.360,4.390,4.350,4.390,39282854
2025-07-30 10:30:00,4.380,4.390,4.370,4.390,12798600
2025-07-30 11:00:00,4.390,4.400,4.380,4.400,19511900
2025-07-30 11:30:00,4.400,4.400,4.380,4.390,9746500
2025-07-30 13:30:00,4.390,4.400,4.380,4.390,12984700
2025-07-30 14:00:00,4.390,4.420,4.380,4.380,36734300
2025-07-30 14:30:00,4.380,4.390,4.370,4.390,15753900
2025-07-30 15:00:00,4.380,4.390,4.380,4.380,12805233
2025-07-31 10:00:00,4.380,4.390,4.330,4.330,67499600
2025-07-31 10:30:00,4.330,4.340,4.320,4.320,25676000
2025-07-31 11:00:00,4.330,4.340,4.320,4.330,19575400
2025-07-31 11:30:00,4.330,4.340,4.320,4.320,8542700
2025-07-31 13:30:00,4.330,4.340,4.320,4.320,8331800
2025-07-31 14:00:00,4.330,4.350,4.310,4.330,22669026
2025-07-31 14:30:00,4.340,4.350,4.320,4.320,12008800
2025-07-31 15:00:00,4.330,4.340,4.310,4.330,20951120
2025-08-01 10:00:00,4.320,4.340,4.310,4.330,15220500
2025-08-01 10:30:00,4.330,4.340,4.320,4.320,9425800
2025-08-01 11:00:00,4.320,4.330,4.310,4.310,10556900
2025-08-01 11:30:00,4.320,4.320,4.310,4.310,6821300
2025-08-01 13:30:00,4.310,4.330,4.300,4.300,19898980
2025-08-01 14:00:00,4.300,4.310,4.300,4.310,11830100
2025-08-01 14:30:00,4.310,4.310,4.290,4.300,13231020
2025-08-01 15:00:00,4.300,4.310,4.300,4.310,11036780
2025-08-04 10:00:00,4.300,4.310,4.290,4.290,17987600
2025-08-04 10:30:00,4.290,4.310,4.290,4.300,9866400
2025-08-04 11:00:00,4.300,4.300,4.290,4.290,4787900
2025-08-04 11:30:00,4.290,4.310,4.290,4.310,6864400
2025-08-04 13:30:00,4.310,4.310,4.290,4.300,9875000
2025-08-04 14:00:00,4.310,4.310,4.290,4.310,7097800
2025-08-04 14:30:00,4.310,4.320,4.300,4.310,10862000
2025-08-04 15:00:00,4.320,4.320,4.300,4.310,10129000
2025-08-05 10:00:00,4.310,4.320,4.300,4.310,13983800
2025-08-05 10:30:00,4.320,4.320,4.310,4.320,7786200
2025-08-05 11:00:00,4.310,4.320,4.310,4.320,5260550
2025-08-05 11:30:00,4.310,4.320,4.300,4.310,13324200
2025-08-05 13:30:00,4.310,4.320,4.300,4.310,9420600
2025-08-05 14:00:00,4.310,4.320,4.300,4.310,12710100
2025-08-05 14:30:00,4.320,4.320,4.310,4.320,6293700
2025-08-05 15:00:00,4.310,4.320,4.310,4.320,20052312
2025-08-06 10:00:00,4.320,4.320,4.300,4.300,14165400
2025-08-06 10:30:00,4.310,4.310,4.300,4.300,7690300
2025-08-06 11:00:00,4.310,4.310,4.300,4.300,4666400
2025-08-06 11:30:00,4.300,4.310,4.300,4.300,7996300
2025-08-06 13:30:00,4.310,4.310,4.290,4.300,17701300
2025-08-06 14:00:00,4.300,4.310,4.290,4.300,8042600
2025-08-06 14:30:00,4.300,4.310,4.300,4.300,7184800
2025-08-06 15:00:00,4.300,4.310,4.300,4.310,12912000
2025-08-07 10:00:00,4.300,4.310,4.300,4.300,16338548
2025-08-07 10:30:00,4.310,4.310,4.290,4.290,17026000
2025-08-07 11:00:00,4.290,4.310,4.290,4.300,9249000
2025-08-07 11:30:00,4.300,4.320,4.300,4.320,16397115
2025-08-07 13:30:00,4.310,4.320,4.300,4.310,12426881
2025-08-07 14:00:00,4.300,4.320,4.300,4.300,6852500
2025-08-07 14:30:00,4.310,4.320,4.300,4.310,9216815
2025-08-07 15:00:00,4.320,4.320,4.300,4.300,11171003
2025-08-08 10:00:00,4.300,4.320,4.300,4.310,21002273
2025-08-08 10:30:00,4.320,4.330,4.310,4.310,21187600
2025-08-08 11:00:00,4.320,4.330,4.310,4.320,9384033
2025-08-08 11:30:00,4.320,4.330,4.320,4.320,7543400
2025-08-08 13:30:00,4.330,4.330,4.310,4.310,8520600
2025-08-08 14:00:00,4.320,4.330,4.310,4.320,10141916
2025-08-08 14:30:00,4.320,4.330,4.310,4.330,7280633
2025-08-08 15:00:00,4.330,4.330,4.320,4.320,9804900
2025-08-11 10:00:00,4.330,4.330,4.300,4.320,23040100
2025-08-11 10:30:00,4.310,4.320,4.300,4.310,13277014
2025-08-11 11:00:00,4.320,4.320,4.310,4.310,5115299
2025-08-11 11:30:00,4.310,4.320,4.310,4.320,8352500
2025-08-11 13:30:00,4.310,4.320,4.310,4.320,5456500
2025-08-11 14:00:00,4.310,4.320,4.310,4.310,6398513
2025-08-11 14:30:00,4.320,4.320,4.310,4.310,9131900
2025-08-11 15:00:00,4.310,4.320,4.300,4.310,24375867
2025-08-12 10:00:00,4.310,4.320,4.300,4.310,17233100
2025-08-12 10:30:00,4.310,4.320,4.300,4.310,11859400
2025-08-12 11:00:00,4.310,4.320,4.300,4.310,7943070
2025-08-12 11:30:00,4.310,4.320,4.300,4.300,9395200
2025-08-12 13:30:00,4.310,4.310,4.300,4.310,10446000
2025-08-12 14:00:00,4.310,4.310,4.300,4.300,6573800
2025-08-12 14:30:00,4.310,4.310,4.300,4.300,13131842
2025-08-12 15:00:00,4.310,4.310,4.290,4.300,22062800
2025-08-13 10:00:00,4.300,4.310,4.290,4.310,24542345
2025-08-13 10:30:00,4.300,4.310,4.290,4.300,14087000
2025-08-13 11:00:00,4.300,4.310,4.290,4.290,10355400
2025-08-13 11:30:00,4.290,4.310,4.290,4.300,9979000
2025-08-13 13:30:00,4.300,4.310,4.300,4.300,11282300
2025-08-13 14:00:00,4.300,4.310,4.300,4.300,9544200
2025-08-13 14:30:00,4.310,4.310,4.300,4.300,16038800
2025-08-13 15:00:00,4.310,4.310,4.300,4.300,22020880
2025-08-14 10:00:00,4.310,4.320,4.300,4.320,28587000
2025-08-14 10:30:00,4.320,4.320,4.310,4.310,9862500
2025-08-14 11:00:00,4.320,4.320,4.300,4.300,16273000
2025-08-14 11:30:00,4.300,4.310,4.300,4.300,5648600
2025-08-14 13:30:00,4.300,4.310,4.290,4.300,26708407
2025-08-14 14:00:00,4.300,4.300,4.290,4.290,7670700
2025-08-14 14:30:00,4.300,4.300,4.290,4.290,8207300
2025-08-14 15:00:00,4.300,4.300,4.280,4.280,18122893
2025-08-15 10:00:00,4.290,4.300,4.280,4.290,19594925
2025-08-15 10:30:00,4.290,4.300,4.290,4.290,12738600
2025-08-15 11:00:00,4.300,4.300,4.290,4.290,5293859
2025-08-15 11:30:00,4.290,4.300,4.290,4.300,7391600
2025-08-15 13:30:00,4.300,4.300,4.290,4.290,12846000
2025-08-15 14:00:00,4.300,4.300,4.290,4.290,14569600
2025-08-15 14:30:00,4.290,4.300,4.280,4.290,25376800
2025-08-15 15:00:00,4.290,4.300,4.280,4.280,36114600
2025-08-18 10:00:00,4.290,4.310,4.280,4.310,47267125
2025-08-18 10:30:00,4.300,4.310,4.300,4.300,11558700
2025-08-18 11:00:00,4.310,4.310,4.300,4.300,11313176
2025-08-18 11:30:00,4.310,4.320,4.300,4.320,24915599
2025-08-18 13:30:00,4.310,4.320,4.300,4.310,18699880
2025-08-18 14:00:00,4.300,4.320,4.300,4.300,14466219
2025-08-18 14:30:00,4.310,4.310,4.300,4.300,6952600
2025-08-18 15:00:00,4.310,4.310,4.300,4.300,27661405
2025-08-19 10:00:00,4.250,4.250,4.240,4.240,30221407
2025-08-19 10:30:00,4.250,4.250,4.230,4.240,21380520
2025-08-19 11:00:00,4.250,4.250,4.240,4.250,6093900
2025-08-19 11:30:00,4.250,4.250,4.240,4.250,10682400
2025-08-19 13:30:00,4.240,4.250,4.240,4.240,10757000
2025-08-19 14:00:00,4.250,4.250,4.230,4.230,11873200
2025-08-19 14:30:00,4.230,4.250,4.230,4.240,13664824
2025-08-19 15:00:00,4.240,4.250,4.230,4.240,19807551
2025-08-20 10:00:00,4.230,4.240,4.220,4.230,23113500
2025-08-20 10:30:00,4.230,4.240,4.220,4.230,14020886
2025-08-20 11:00:00,4.220,4.230,4.220,4.220,8933400
2025-08-20 11:30:00,4.230,4.230,4.220,4.230,14570319
2025-08-20 13:30:00,4.230,4.230,4.220,4.220,14965444
2025-08-20 14:00:00,4.220,4.230,4.220,4.220,12668653
2025-08-20 14:30:00,4.220,4.240,4.220,4.230,16765200
2025-08-20 15:00:00,4.230,4.250,4.230,4.240,15373981
2025-08-21 10:00:00,4.240,4.270,4.230,4.250,47457506
2025-08-21 10:30:00,4.260,4.270,4.250,4.260,24428170
2025-08-21 11:00:00,4.270,4.270,4.250,4.260,11833417
2025-08-21 11:30:00,4.260,4.270,4.250,4.270,11511466
2025-08-21 13:30:00,4.270,4.270,4.260,4.260,11032100
2025-08-21 14:00:00,4.260,4.280,4.260,4.280,23200079
2025-08-21 14:30:00,4.270,4.280,4.260,4.260,17814632
2025-08-21 15:00:00,4.270,4.270,4.260,4.270,13566200
2025-08-22 10:00:00,4.270,4.280,4.250,4.260,25921500
2025-08-22 10:30:00,4.260,4.270,4.250,4.260,8636800
2025-08-22 11:00:00,4.250,4.260,4.250,4.250,13959900
2025-08-22 11:30:00,4.250,4.270,4.250,4.260,14289400
2025-08-22 13:30:00,4.270,4.270,4.250,4.260,8756800
2025-08-22 14:00:00,4.260,4.270,4.250,4.270,11376733
2025-08-22 14:30:00,4.270,4.280,4.260,4.270,20683100
2025-08-22 15:00:00,4.270,4.290,4.270,4.280,24987063
2025-08-25 10:00:00,4.280,4.300,4.270,4.300,44128663
2025-08-25 10:30:00,4.290,4.310,4.290,4.300,30755466
2025-08-25 11:00:00,4.310,4.310,4.300,4.310,27056400
2025-08-25 11:30:00,4.310,4.330,4.300,4.310,32724500
2025-08-25 13:30:00,4.300,4.320,4.300,4.310,14564100
2025-08-25 14:00:00,4.310,4.310,4.300,4.310,11157600
2025-08-25 14:30:00,4.310,4.320,4.300,4.320,15752700
2025-08-25 15:00:00,4.320,4.320,4.310,4.320,17101912
2025-08-26 10:00:00,4.330,4.330,4.300,4.320,35426422
2025-08-26 10:30:00,4.310,4.320,4.300,4.310,20910000
2025-08-26 11:00:00,4.310,4.320,4.300,4.310,13001653
2025-08-26 11:30:00,4.310,4.320,4.300,4.310,10678012
2025-08-26 13:30:00,4.320,4.320,4.310,4.320,14483100
2025-08-26 14:00:00,4.320,4.320,4.310,4.320,10532900
2025-08-26 14:30:00,4.320,4.320,4.310,4.320,10017500
2025-08-26 15:00:00,4.320,4.320,4.300,4.320,28312211
2025-08-27 10:00:00,4.320,4.340,4.300,4.320,37809205
2025-08-27 10:30:00,4.310,4.330,4.310,4.310,11675900
2025-08-27 11:00:00,4.320,4.320,4.310,4.320,10390700
2025-08-27 11:30:00,4.310,4.320,4.300,4.310,13670900
2025-08-27 13:30:00,4.310,4.320,4.300,4.300,16577500
2025-08-27 14:00:00,4.310,4.310,4.280,4.280,37468800
2025-08-27 14:30:00,4.280,4.300,4.270,4.270,25591104
2025-08-27 15:00:00,4.280,4.280,4.260,4.260,31917517
2025-08-28 10:00:00,4.260,4.270,4.250,4.260,30112800
2025-08-28 10:30:00,4.250,4.260,4.250,4.250,10556200
2025-08-28 11:00:00,4.250,4.270,4.250,4.260,16706722
2025-08-28 11:30:00,4.260,4.270,4.240,4.240,26970943
2025-08-28 13:30:00,4.250,4.250,4.230,4.230,19176400
2025-08-28 14:00:00,4.230,4.240,4.220,4.230,24958300
2025-08-28 14:30:00,4.240,4.250,4.230,4.250,14201600
2025-08-28 15:00:00,4.250,4.280,4.240,4.270,29610530
2025-08-29 10:00:00,4.260,4.310,4.260,4.300,63891900
2025-08-29 10:30:00,4.300,4.300,4.280,4.300,19253666
2025-08-29 11:00:00,4.290,4.300,4.270,4.280,12256700
2025-08-29 11:30:00,4.270,4.290,4.270,4.270,9626000
2025-08-29 13:30:00,4.270,4.280,4.250,4.260,22170200
2025-08-29 14:00:00,4.260,4.270,4.250,4.270,15487803
2025-08-29 14:30:00,4.270,4.270,4.250,4.260,11572000
2025-08-29 15:00:00,4.270,4.270,4.250,4.250,21873640
2025-09-01 10:00:00,4.250,4.250,4.230,4.230,44717800
2025-09-01 10:30:00,4.230,4.250,4.230,4.240,18516700
2025-09-01 11:00:00,4.240,4.250,4.240,4.250,11742500
2025-09-01 11:30:00,4.250,4.250,4.230,4.230,15930000
2025-09-01 13:30:00,4.240,4.240,4.230,4.230,13842100
2025-09-01 14:00:00,4.230,4.240,4.230,4.240,10378600
2025-09-01 14:30:00,4.240,4.240,4.230,4.230,6436500
2025-09-01 15:00:00,4.230,4.250,4.230,4.240,17608107
2025-09-02 10:00:00,4.240,4.250,4.230,4.230,31668400
2025-09-02 10:30:00,4.230,4.250,4.230,4.240,17591370
2025-09-02 11:00:00,4.250,4.250,4.230,4.240,15699100
2025-09-02 11:30:00,4.240,4.250,4.230,4.240,13305305
2025-09-02 13:30:00,4.250,4.250,4.230,4.230,16724200
2025-09-02 14:00:00,4.240,4.250,4.230,4.250,17800200
2025-09-02 14:30:00,4.240,4.260,4.240,4.250,17734400
2025-09-02 15:00:00,4.260,4.260,4.240,4.260,14280959
2025-09-03 10:00:00,4.250,4.260,4.230,4.230,25738100
2025-09-03 10:30:00,4.240,4.240,4.230,4.230,16988589
2025-09-03 11:00:00,4.230,4.240,4.220,4.220,35134300
2025-09-03 11:30:00,4.230,4.240,4.220,4.230,12034200
2025-09-03 13:30:00,4.220,4.250,4.220,4.240,13588240
2025-09-03 14:00:00,4.230,4.250,4.220,4.230,12162100
2025-09-03 14:30:00,4.230,4.240,4.220,4.230,6694700
2025-09-03 15:00:00,4.240,4.240,4.220,4.240,21895650
2025-09-04 10:00:00,4.230,4.240,4.220,4.220,26609500
2025-09-04 10:30:00,4.220,4.230,4.220,4.230,14943455
2025-09-04 11:00:00,4.220,4.230,4.220,4.220,15233400
2025-09-04 11:30:00,4.230,4.230,4.210,4.220,17392000
2025-09-04 13:30:00,4.220,4.240,4.210,4.230,23357393
2025-09-04 14:00:00,4.230,4.240,4.220,4.230,10883724
2025-09-04 14:30:00,4.240,4.240,4.230,4.240,15817900
2025-09-04 15:00:00,4.230,4.250,4.220,4.240,30583502
2025-09-05 10:00:00,4.240,4.250,4.230,4.230,18508682
2025-09-05 10:30:00,4.230,4.250,4.230,4.240,22336909
2025-09-05 11:00:00,4.240,4.250,4.230,4.240,10803354
2025-09-05 11:30:00,4.240,4.250,4.230,4.230,5635500
2025-09-05 13:30:00,4.240,4.250,4.230,4.250,7969800
2025-09-05 14:00:00,4.240,4.260,4.240,4.250,22711000
2025-09-05 14:30:00,4.250,4.270,4.250,4.260,23109832
2025-09-05 15:00:00,4.260,4.280,4.250,4.270,38284452
2025-09-08 10:00:00,4.270,4.320,4.260,4.300,75572600
2025-09-08 10:30:00,4.310,4.330,4.300,4.320,61576690
2025-09-08 11:00:00,4.330,4.330,4.310,4.330,40242400
2025-09-08 11:30:00,4.330,4.340,4.320,4.330,36003200
2025-09-08 13:30:00,4.340,4.350,4.320,4.330,26846999
2025-09-08 14:00:00,4.330,4.340,4.320,4.330,14151557
2025-09-08 14:30:00,4.330,4.340,4.320,4.330,11703174
2025-09-08 15:00:00,4.330,4.340,4.320,4.340,19652151
2025-09-09 10:00:00,4.340,4.350,4.310,4.330,36538952
2025-09-09 10:30:00,4.330,4.350,4.330,4.330,31419144
2025-09-09 11:00:00,4.330,4.340,4.320,4.340,12967548
2025-09-09 11:30:00,4.340,4.340,4.320,4.320,9609700
2025-09-09 13:30:00,4.320,4.330,4.310,4.320,11106900
2025-09-09 14:00:00,4.310,4.330,4.310,4.330,15294600
2025-09-09 14:30:00,4.320,4.330,4.310,4.330,19005900
2025-09-09 15:00:00,4.330,4.330,4.320,4.320,10896842
2025-09-10 10:00:00,4.320,4.330,4.290,4.300,33272800
2025-09-10 10:30:00,4.300,4.310,4.290,4.290,12220900
2025-09-10 11:00:00,4.300,4.300,4.280,4.290,17492296
2025-09-10 11:30:00,4.290,4.300,4.280,4.290,7554704
2025-09-10 13:30:00,4.290,4.300,4.280,4.290,9592200
2025-09-10 14:00:00,4.290,4.300,4.280,4.280,7185400
2025-09-10 14:30:00,4.290,4.310,4.290,4.290,12869822
2025-09-10 15:00:00,4.300,4.310,4.290,4.290,12043700
2025-09-11 10:00:00,4.290,4.310,4.280,4.290,20831120
2025-09-11 10:30:00,4.290,4.300,4.280,4.280,13730600
2025-09-11 11:00:00,4.290,4.290,4.270,4.280,18306691
2025-09-11 11:30:00,4.280,4.300,4.280,4.300,15653609
2025-09-11 13:30:00,4.290,4.300,4.290,4.300,8667188
2025-09-11 14:00:00,4.290,4.300,4.280,4.280,11334900
2025-09-11 14:30:00,4.280,4.300,4.280,4.300,11282544
2025-09-11 15:00:00,4.300,4.310,4.290,4.310,30637896
2025-09-12 10:00:00,4.310,4.310,4.290,4.290,16199155
2025-09-12 10:30:00,4.300,4.300,4.290,4.290,5846200
2025-09-12 11:00:00,4.300,4.310,4.290,4.290,11259600
2025-09-12 11:30:00,4.290,4.300,4.280,4.290,20000276
2025-09-12 13:30:00,4.300,4.300,4.280,4.280,12985600
2025-09-12 14:00:00,4.290,4.300,4.280,4.280,9972500
2025-09-12 14:30:00,4.290,4.290,4.280,4.280,7822299
2025-09-12 15:00:00,4.290,4.300,4.280,4.290,11791300
2025-09-15 10:00:00,4.290,4.300,4.280,4.280,27919087
2025-09-15 10:30:00,4.290,4.290,4.270,4.280,14817000
2025-09-15 11:00:00,4.280,4.290,4.280,4.280,7851100
2025-09-15 11:30:00,4.280,4.310,4.280,4.310,26244736
2025-09-15 13:30:00,4.300,4.310,4.290,4.290,9573100
2025-09-15 14:00:00,4.290,4.300,4.290,4.290,6534400
2025-09-15 14:30:00,4.300,4.300,4.280,4.290,13031700
2025-09-15 15:00:00,4.290,4.300,4.280,4.290,15317159
2025-09-16 10:00:00,4.290,4.300,4.280,4.280,20075700
2025-09-16 10:30:00,4.290,4.290,4.270,4.280,24787360
2025-09-16 11:00:00,4.270,4.280,4.260,4.270,24944340
2025-09-16 11:30:00,4.260,4.280,4.260,4.280,4748900
2025-09-16 13:30:00,4.270,4.280,4.260,4.260,9039105
2025-09-16 14:00:00,4.270,4.280,4.260,4.270,11492100
2025-09-16 14:30:00,4.280,4.280,4.270,4.270,6898700
2025-09-16 15:00:00,4.280,4.280,4.260,4.280,17113100
2025-09-17 10:00:00,4.270,4.280,4.260,4.260,14966200
2025-09-17 10:30:00,4.260,4.270,4.250,4.260,17662286
2025-09-17 11:00:00,4.260,4.290,4.260,4.290,23188000
2025-09-17 11:30:00,4.280,4.290,4.280,4.280,5463000
2025-09-17 13:30:00,4.290,4.290,4.270,4.270,13743300
2025-09-17 14:00:00,4.280,4.290,4.270,4.290,6734300
2025-09-17 14:30:00,4.290,4.290,4.280,4.290,6815600
2025-09-17 15:00:00,4.280,4.290,4.280,4.280,12581400
2025-09-18 10:00:00,4.290,4.310,4.270,4.310,44108465
2025-09-18 10:30:00,4.300,4.310,4.300,4.300,14090300
2025-09-18 11:00:00,4.300,4.310,4.290,4.290,12274478
2025-09-18 11:30:00,4.290,4.300,4.290,4.300,7157800
2025-09-18 13:30:00,4.290,4.300,4.280,4.290,14967200
2025-09-18 14:00:00,4.280,4.300,4.280,4.280,15051000
2025-09-18 14:30:00,4.280,4.290,4.260,4.280,30086300
2025-09-18 15:00:00,4.270,4.280,4.250,4.280,28747675
2025-09-19 10:00:00,4.280,4.280,4.250,4.250,24833086
2025-09-19 10:30:00,4.250,4.260,4.240,4.250,27907900
2025-09-19 11:00:00,4.250,4.260,4.250,4.260,6657400
2025-09-19 11:30:00,4.250,4.270,4.250,4.260,9565800
2025-09-19 13:30:00,4.260,4.270,4.250,4.260,12759600
2025-09-19 14:00:00,4.260,4.270,4.250,4.250,7711600
2025-09-19 14:30:00,4.260,4.270,4.250,4.260,13198200
2025-09-19 15:00:00,4.260,4.270,4.250,4.250,31806600
2025-09-22 10:00:00,4.240,4.260,4.240,4.250,21255200
2025-09-22 10:30:00,4.260,4.260,4.250,4.260,7677500
2025-09-22 11:00:00,4.260,4.260,4.240,4.240,12461800
2025-09-22 11:30:00,4.250,4.260,4.240,4.260,8337336
2025-09-22 13:30:00,4.250,4.260,4.240,4.250,8680500
2025-09-22 14:00:00,4.240,4.250,4.240,4.240,4790200
2025-09-22 14:30:00,4.240,4.250,4.240,4.240,9077809
2025-09-22 15:00:00,4.240,4.260,4.240,4.250,19485400
2025-09-23 10:00:00,4.250,4.280,4.240,4.270,47630471
2025-09-23 10:30:00,4.270,4.270,4.240,4.240,25088000
2025-09-23 11:00:00,4.240,4.250,4.230,4.240,27856029
2025-09-23 11:30:00,4.240,4.250,4.230,4.240,9805900
2025-09-23 13:30:00,4.230,4.240,4.220,4.230,20927600
2025-09-23 14:00:00,4.230,4.250,4.230,4.240,11195575
2025-09-23 14:30:00,4.250,4.260,4.240,4.260,16196900
2025-09-23 15:00:00,4.250,4.260,4.250,4.260,12708899
2025-09-24 10:00:00,4.250,4.280,4.240,4.260,36182766
2025-09-24 10:30:00,4.270,4.270,4.250,4.260,14918865
2025-09-24 11:00:00,4.250,4.260,4.250,4.260,5668985
2025-09-24 11:30:00,4.260,4.260,4.240,4.250,13767515
2025-09-24 13:30:00,4.250,4.260,4.240,4.260,7512000
2025-09-24 14:00:00,4.250,4.260,4.240,4.250,8791170
2025-09-24 14:30:00,4.250,4.260,4.250,4.250,6622700
2025-09-24 15:00:00,4.250,4.260,4.250,4.260,11939700
2025-09-25 10:00:00,4.250,4.260,4.230,4.250,30885500
2025-09-25 10:30:00,4.240,4.250,4.230,4.230,9723600
2025-09-25 11:00:00,4.240,4.250,4.230,4.240,12916799
2025-09-25 11:30:00,4.250,4.250,4.230,4.240,5997865
2025-09-25 13:30:00,4.240,4.250,4.230,4.230,4902103
2025-09-25 14:00:00,4.230,4.240,4.230,4.230,5334700
2025-09-25 14:30:00,4.230,4.250,4.230,4.250,8924933
2025-09-25 15:00:00,4.240,4.250,4.240,4.240,11510126
2025-09-26 10:00:00,4.230,4.260,4.230,4.250,40960459
2025-09-26 10:30:00,4.250,4.270,4.250,4.260,25888900
2025-09-26 11:00:00,4.270,4.270,4.250,4.260,7888400
2025-09-26 11:30:00,4.260,4.270,4.250,4.250,6634800
2025-09-26 13:30:00,4.260,4.270,4.250,4.270,9153500
2025-09-26 14:00:00,4.270,4.280,4.250,4.270,25263538
2025-09-26 14:30:00,4.280,4.290,4.270,4.280,28351200
2025-09-26 15:00:00,4.280,4.290,4.270,4.280,18757880
2025-09-29 10:00:00,4.280,4.290,4.260,4.270,25178500
2025-09-29 10:30:00,4.270,4.280,4.260,4.280,14275300
2025-09-29 11:00:00,4.270,4.280,4.250,4.260,18492000
2025-09-29 11:30:00,4.250,4.260,4.250,4.250,6435800
2025-09-29 13:30:00,4.250,4.260,4.250,4.250,7391200
2025-09-29 14:00:00,4.250,4.280,4.250,4.280,19617780
2025-09-29 14:30:00,4.280,4.280,4.260,4.260,16365200
2025-09-29 15:00:00,4.260,4.280,4.260,4.280,17374982
2025-09-30 10:00:00,4.270,4.270,4.250,4.250,23498700
2025-09-30 10:30:00,4.260,4.270,4.250,4.250,13344800
2025-09-30 11:00:00,4.260,4.260,4.250,4.260,10525500
2025-09-30 11:30:00,4.260,4.260,4.250,4.250,5521400
2025-09-30 13:30:00,4.260,4.270,4.250,4.250,14569200
2025-09-30 14:00:00,4.250,4.260,4.250,4.250,5696600
2025-09-30 14:30:00,4.250,4.270,4.250,4.250,13407600
2025-09-30 15:00:00,4.260,4.260,4.250,4.250,15257465
2025-10-09 10:00:00,4.260,4.300,4.250,4.280,74435952
2025-10-09 10:30:00,4.280,4.310,4.280,4.310,38615133
2025-10-09 11:00:00,4.300,4.320,4.300,4.300,30866800
2025-10-09 11:30:00,4.310,4.310,4.300,4.300,9937000
2025-10-09 13:30:00,4.300,4.310,4.300,4.310,13139000
2025-10-09 14:00:00,4.300,4.320,4.300,4.320,25781300
2025-10-09 14:30:00,4.320,4.340,4.310,4.330,45215593
2025-10-09 15:00:00,4.330,4.340,4.320,4.340,44296300
2025-10-10 10:00:00,4.340,4.350,4.310,4.330,46666033
2025-10-10 10:30:00,4.330,4.350,4.320,4.330,29229900
2025-10-10 11:00:00,4.330,4.350,4.320,4.330,18781800
2025-10-10 11:30:00,4.330,4.340,4.320,4.330,10364100
2025-10-10 13:30:00,4.330,4.340,4.320,4.320,10068700
2025-10-10 14:00:00,4.320,4.330,4.310,4.320,15777946
2025-10-10 14:30:00,4.330,4.330,4.310,4.320,13253100
2025-10-10 15:00:00,4.310,4.330,4.310,4.320,26470236
2025-10-13 10:00:00,4.280,4.290,4.260,4.270,88136046
2025-10-13 10:30:00,4.280,4.310,4.260,4.300,29545720
2025-10-13 11:00:00,4.310,4.320,4.290,4.310,19028000
2025-10-13 11:30:00,4.320,4.320,4.300,4.310,12919100
2025-10-13 13:30:00,4.310,4.320,4.300,4.320,10789700
2025-10-13 14:00:00,4.310,4.340,4.310,4.330,22424200
2025-10-13 14:30:00,4.330,4.340,4.330,4.330,9590500
2025-10-13 15:00:00,4.330,4.350,4.330,4.340,28386183
2025-10-14 10:00:00,4.340,4.360,4.320,4.350,54641800
2025-10-14 10:30:00,4.360,4.360,4.340,4.340,26597700
2025-10-14 11:00:00,4.350,4.360,4.330,4.330,23924610
2025-10-14 11:30:00,4.330,4.350,4.330,4.350,14562269
2025-10-14 13:30:00,4.350,4.350,4.330,4.330,10836600
2025-10-14 14:00:00,4.330,4.350,4.330,4.340,12291800
2025-10-14 14:30:00,4.330,4.340,4.320,4.330,15555800
2025-10-14 15:00:00,4.320,4.340,4.320,4.330,19842917
2025-10-15 10:00:00,4.330,4.350,4.320,4.330,29219700
2025-10-15 10:30:00,4.330,4.340,4.310,4.310,27098100
2025-10-15 11:00:00,4.310,4.320,4.300,4.300,18944100
2025-10-15 11:30:00,4.310,4.320,4.300,4.300,6095700
2025-10-15 13:30:00,4.310,4.310,4.290,4.310,23572000
2025-10-15 14:00:00,4.300,4.310,4.290,4.300,10171700
2025-10-15 14:30:00,4.300,4.320,4.300,4.320,15768093
2025-10-15 15:00:00,4.320,4.330,4.310,4.310,17584797
2025-10-16 10:00:00,4.310,4.320,4.300,4.310,22555800
2025-10-16 10:30:00,4.310,4.310,4.300,4.300,5530100
2025-10-16 11:00:00,4.300,4.320,4.300,4.310,27366254
2025-10-16 11:30:00,4.310,4.320,4.300,4.320,13368400
2025-10-16 13:30:00,4.310,4.320,4.300,4.310,15491600
2025-10-16 14:00:00,4.310,4.310,4.290,4.300,19197300
2025-10-16 14:30:00,4.310,4.320,4.300,4.320,13240000
2025-10-16 15:00:00,4.310,4.320,4.300,4.320,21021800
2025-10-17 10:00:00,4.310,4.320,4.300,4.300,21655369
2025-10-17 10:30:00,4.300,4.310,4.290,4.300,18087300
2025-10-17 11:00:00,4.300,4.320,4.290,4.310,16425000
2025-10-17 11:30:00,4.310,4.350,4.310,4.340,37843277
2025-10-17 13:30:00,4.340,4.340,4.320,4.320,19975700
2025-10-17 14:00:00,4.320,4.330,4.310,4.320,19982300
2025-10-17 14:30:00,4.320,4.330,4.310,4.310,11938522
2025-10-17 15:00:00,4.310,4.320,4.300,4.300,31712391
2025-10-20 10:00:00,4.330,4.330,4.280,4.280,66598300
2025-10-20 10:30:00,4.280,4.290,4.270,4.290,25717300
2025-10-20 11:00:00,4.280,4.300,4.280,4.290,14491700
2025-10-20 11:30:00,4.290,4.300,4.280,4.290,6405300
2025-10-20 13:30:00,4.290,4.300,4.280,4.290,8428692
2025-10-20 14:00:00,4.280,4.300,4.280,4.290,11254600
2025-10-20 14:30:00,4.290,4.300,4.280,4.290,9528800
2025-10-20 15:00:00,4.290,4.300,4.280,4.290,12572560
2025-10-21 10:00:00,4.290,4.310,4.280,4.300,22226600
2025-10-21 10:30:00,4.310,4.310,4.290,4.290,17670300
2025-10-21 11:00:00,4.290,4.300,4.290,4.290,20152700
2025-10-21 11:30:00,4.290,4.310,4.290,4.300,14903892
2025-10-21 13:30:00,4.300,4.310,4.290,4.310,6607200
2025-10-21 14:00:00,4.300,4.310,4.290,4.300,7452000
2025-10-21 14:30:00,4.300,4.310,4.290,4.300,10715925
2025-10-21 15:00:00,4.300,4.310,4.290,4.290,15578838
2025-10-22 10:00:00,4.290,4.310,4.290,4.300,25586900
2025-10-22 10:30:00,4.310,4.310,4.300,4.300,6289100
2025-10-22 11:00:00,4.310,4.310,4.300,4.310,6391091
2025-10-22 11:30:00,4.310,4.310,4.300,4.300,7345400
2025-10-22 13:30:00,4.300,4.310,4.290,4.290,8790100
2025-10-22 14:00:00,4.300,4.300,4.290,4.290,4813500
2025-10-22 14:30:00,4.300,4.300,4.290,4.290,6062018
2025-10-22 15:00:00,4.290,4.310,4.290,4.290,16821100
2025-10-23 10:00:00,4.300,4.310,4.290,4.300,20807069
2025-10-23 10:30:00,4.300,4.310,4.290,4.290,10280200
2025-10-23 11:00:00,4.300,4.330,4.290,4.330,52728909
2025-10-23 11:30:00,4.330,4.340,4.320,4.330,26747720
2025-10-23 13:30:00,4.330,4.330,4.310,4.320,8516000
2025-10-23 14:00:00,4.320,4.320,4.310,4.320,4966000
2025-10-23 14:30:00,4.310,4.330,4.310,4.330,14556800
2025-10-23 15:00:00,4.320,4.330,4.320,4.330,17012488
2025-10-24 10:00:00,4.330,4.330,4.310,4.310,34756988
2025-10-24 10:30:00,4.310,4.320,4.300,4.300,20498712
2025-10-24 11:00:00,4.310,4.310,4.300,4.300,6056100
2025-10-24 11:30:00,4.300,4.310,4.300,4.300,7314600
2025-10-24 13:30:00,4.300,4.310,4.300,4.310,7287800
2025-10-24 14:00:00,4.310,4.310,4.290,4.290,23567200
2025-10-24 14:30:00,4.300,4.310,4.290,4.300,8556200
2025-10-24 15:00:00,4.290,4.310,4.290,4.300,22545500
2025-10-27 10:00:00,4.310,4.310,4.290,4.300,36303000
2025-10-27 10:30:00,4.310,4.310,4.300,4.310,11734622
2025-10-27 11:00:00,4.310,4.330,4.300,4.320,39168700
2025-10-27 11:30:00,4.330,4.330,4.320,4.330,7593000
2025-10-27 13:30:00,4.320,4.330,4.310,4.320,12887500
2025-10-27 14:00:00,4.310,4.330,4.310,4.310,12593100
2025-10-27 14:30:00,4.310,4.330,4.310,4.320,11167083
2025-10-27 15:00:00,4.320,4.330,4.310,4.330,17795500
2025-10-28 10:00:00,4.320,4.320,4.300,4.300,33498689
2025-10-28 10:30:00,4.310,4.310,4.290,4.310,21863131
2025-10-28 11:00:00,4.310,4.310,4.300,4.300,7095300
2025-10-28 11:30:00,4.300,4.310,4.300,4.300,7147600
2025-10-28 13:30:00,4.310,4.320,4.300,4.300,13001122
2025-10-28 14:00:00,4.300,4.310,4.290,4.290,22071200
2025-10-28 14:30:00,4.300,4.300,4.290,4.290,7006400
2025-10-28 15:00:00,4.290,4.300,4.280,4.290,33452300
2025-10-29 10:00:00,4.290,4.300,4.280,4.280,16794100
2025-10-29 10:30:00,4.290,4.300,4.280,4.290,15003700
2025-10-29 11:00:00,4.290,4.300,4.280,4.290,13414900
2025-10-29 11:30:00,4.290,4.300,4.290,4.290,7038333
2025-10-29 13:30:00,4.290,4.300,4.290,4.290,5819300
2025-10-29 14:00:00,4.290,4.300,4.290,4.290,7553700
2025-10-29 14:30:00,4.300,4.300,4.290,4.290,6717216
2025-10-29 15:00:00,4.290,4.300,4.290,4.290,23947418
2025-10-30 10:00:00,4.300,4.340,4.290,4.330,85338923
2025-10-30 10:30:00,4.330,4.430,4.320,4.410,152386975
2025-10-30 11:00:00,4.410,4.420,4.370,4.380,38521000
2025-10-30 11:30:00,4.380,4.400,4.380,4.390,18158700
2025-10-30 13:30:00,4.390,4.390,4.360,4.380,32957999
2025-10-30 14:00:00,4.380,4.400,4.370,4.390,15432997
2025-10-30 14:30:00,4.380,4.400,4.370,4.370,15122500
2025-10-30 15:00:00,4.380,4.390,4.370,4.380,26893129
2025-10-31 10:00:00,4.340,4.350,4.290,4.300,164417576
2025-10-31 10:30:00,4.310,4.310,4.280,4.290,63179292
2025-10-31 11:00:00,4.300,4.300,4.280,4.280,27456108
2025-10-31 11:30:00,4.280,4.290,4.270,4.270,53652824
2025-10-31 13:30:00,4.270,4.280,4.260,4.260,39963366
2025-10-31 14:00:00,4.270,4.280,4.250,4.260,53706403
2025-10-31 14:30:00,4.270,4.270,4.250,4.270,28175631
2025-10-31 15:00:00,4.260,4.270,4.250,4.250,44241649
2025-11-03 10:00:00,4.250,4.270,4.240,4.250,54962100
2025-11-03 10:30:00,4.250,4.270,4.250,4.260,15473117
2025-11-03 11:00:00,4.260,4.270,4.250,4.250,15360800
2025-11-03 11:30:00,4.260,4.270,4.250,4.260,10327700
2025-11-03 13:30:00,4.250,4.270,4.250,4.260,9975300
2025-11-03 14:00:00,4.260,4.270,4.250,4.250,15617100
2025-11-03 14:30:00,4.260,4.270,4.250,4.260,8620576
2025-11-03 15:00:00,4.260,4.270,4.250,4.260,17901180
2025-11-04 10:00:00,4.260,4.280,4.250,4.260,41494200
2025-11-04 10:30:00,4.270,4.280,4.260,4.270,14231000
2025-11-04 11:00:00,4.270,4.280,4.260,4.260,11677300
2025-11-04 11:30:00,4.270,4.280,4.260,4.260,18220900
2025-11-04 13:30:00,4.270,4.270,4.260,4.270,6052400
2025-11-04 14:00:00,4.260,4.270,4.260,4.270,6403400
2025-11-04 14:30:00,4.270,4.270,4.250,4.250,18322500
2025-11-04 15:00:00,4.250,4.270,4.250,4.260,17457413
2025-11-05 10:00:00,4.250,4.260,4.240,4.250,34066000
2025-11-05 10:30:00,4.260,4.270,4.250,4.260,15839600
2025-11-05 11:00:00,4.260,4.270,4.260,4.270,4691900
2025-11-05 11:30:00,4.270,4.270,4.260,4.260,9604819
2025-11-05 13:30:00,4.270,4.280,4.260,4.280,19421865
2025-11-05 14:00:00,4.270,4.280,4.260,4.270,13356581
2025-11-05 14:30:00,4.280,4.280,4.270,4.280,6205300
2025-11-05 15:00:00,4.270,4.280,4.270,4.270,18324585
2025-11-06 10:00:00,4.270,4.330,4.270,4.330,98429146
2025-11-06 10:30:00,4.330,4.330,4.310,4.310,27535149
2025-11-06 11:00:00,4.310,4.320,4.300,4.300,15894900
2025-11-06 11:30:00,4.310,4.320,4.300,4.310,12003600
2025-11-06 13:30:00,4.310,4.320,4.300,4.310,6889000
2025-11-06 14:00:00,4.310,4.310,4.290,4.300,13251000
2025-11-06 14:30:00,4.300,4.300,4.290,4.300,5327200
2025-11-06 15:00:00,4.300,4.300,4.290,4.300,15788915
2025-11-07 10:00:00,4.290,4.320,4.290,4.310,37152736
2025-11-07 10:30:00,4.310,4.320,4.300,4.310,17191100
2025-11-07 11:00:00,4.310,4.320,4.300,4.300,11426139
2025-11-07 11:30:00,4.300,4.310,4.290,4.290,15417400
2025-11-07 13:30:00,4.290,4.310,4.290,4.300,9367400
2025-11-07 14:00:00,4.300,4.310,4.290,4.310,9863911
2025-11-07 14:30:00,4.310,4.310,4.300,4.310,8254200
2025-11-07 15:00:00,4.300,4.320,4.300,4.320,16815150
2025-11-10 10:00:00,4.320,4.330,4.300,4.320,38976763
2025-11-10 10:30:00,4.320,4.330,4.310,4.320,9979900
2025-11-10 11:00:00,4.320,4.320,4.300,4.310,11156100
2025-11-10 11:30:00,4.310,4.320,4.300,4.320,8340500
2025-11-10 13:30:00,4.320,4.320,4.310,4.310,9564800
2025-11-10 14:00:00,4.310,4.320,4.310,4.320,6721900
2025-11-10 14:30:00,4.320,4.320,4.310,4.310,6538600
2025-11-10 15:00:00,4.320,4.320,4.310,4.310,14590600
2025-11-11 10:00:00,4.330,4.330,4.310,4.320,39376200
2025-11-11 10:30:00,4.320,4.330,4.310,4.320,8467000
2025-11-11 11:00:00,4.320,4.320,4.300,4.300,16978400
2025-11-11 11:30:00,4.300,4.330,4.300,4.320,23380983
2025-11-11 13:30:00,4.320,4.330,4.310,4.320,7658400
2025-11-11 14:00:00,4.310,4.320,4.310,4.310,3172300
2025-11-11 14:30:00,4.310,4.320,4.310,4.310,7636900
2025-11-11 15:00:00,4.320,4.330,4.310,4.320,25073682
2025-11-12 10:00:00,4.320,4.330,4.300,4.320,25727400
2025-11-12 10:30:00,4.320,4.320,4.310,4.310,8026300
2025-11-12 11:00:00,4.320,4.320,4.300,4.310,11477800
2025-11-12 11:30:00,4.310,4.310,4.300,4.310,4802300
2025-11-12 13:30:00,4.300,4.310,4.280,4.290,28483200
2025-11-12 14:00:00,4.290,4.300,4.290,4.290,4577600
2025-11-12 14:30:00,4.300,4.310,4.290,4.300,13649787
2025-11-12 15:00:00,4.300,4.310,4.290,4.290,16634130
2025-11-13 10:00:00,4.290,4.300,4.280,4.280,23948000
2025-11-13 10:30:00,4.280,4.290,4.270,4.280,30555600
2025-11-13 11:00:00,4.280,4.290,4.270,4.280,10519200
2025-11-13 11:30:00,4.290,4.290,4.270,4.290,21584400
2025-11-13 13:30:00,4.280,4.290,4.280,4.290,7546700
2025-11-13 14:00:00,4.280,4.290,4.280,4.280,6366723
2025-11-13 14:30:00,4.290,4.290,4.280,4.290,7142687
2025-11-13 15:00:00,4.280,4.300,4.280,4.290,18344950
2025-11-14 10:00:00,4.280,4.290,4.270,4.290,21851900
2025-11-14 10:30:00,4.280,4.290,4.280,4.280,6049300
2025-11-14 11:00:00,4.290,4.290,4.280,4.280,6474313
2025-11-14 11:30:00,4.280,4.290,4.280,4.290,5549898
2025-11-14 13:30:00,4.290,4.300,4.280,4.290,25630600
2025-11-14 14:00:00,4.300,4.300,4.290,4.300,7967500
2025-11-14 14:30:00,4.300,4.300,4.290,4.290,10179800
2025-11-14 15:00:00,4.300,4.300,4.280,4.280,22490000
2025-11-17 10:00:00,4.280,4.290,4.250,4.260,60394934
2025-11-17 10:30:00,4.260,4.270,4.260,4.260,11743400
2025-11-17 11:00:00,4.260,4.280,4.260,4.280,18406760
2025-11-17 11:30:00,4.270,4.280,4.270,4.270,5498500
2025-11-17 13:30:00,4.270,4.280,4.260,4.270,7797300
2025-11-17 14:00:00,4.270,4.280,4.260,4.280,6795500
2025-11-17 14:30:00,4.280,4.280,4.260,4.270,9409400
2025-11-17 15:00:00,4.270,4.280,4.270,4.280,11070500
2025-11-18 10:00:00,4.280,4.280,4.260,4.270,25174600
2025-11-18 10:30:00,4.260,4.270,4.250,4.260,21911000
2025-11-18 11:00:00,4.260,4.270,4.250,4.260,10929400
2025-11-18 11:30:00,4.260,4.260,4.250,4.260,5456700
2025-11-18 13:30:00,4.260,4.260,4.250,4.250,13816130
2025-11-18 14:00:00,4.250,4.260,4.250,4.250,8136600
2025-11-18 14:30:00,4.250,4.260,4.240,4.240,41116970
2025-11-18 15:00:00,4.240,4.260,4.240,4.250,29175230
2025-11-19 10:00:00,4.250,4.260,4.240,4.240,19711900
2025-11-19 10:30:00,4.250,4.250,4.240,4.240,6025200
2025-11-19 11:00:00,4.240,4.250,4.240,4.240,12767700
2025-11-19 11:30:00,4.240,4.250,4.230,4.230,27451300
2025-11-19 13:30:00,4.230,4.240,4.230,4.230,8281800
2025-11-19 14:00:00,4.230,4.240,4.230,4.240,10661900
2025-11-19 14:30:00,4.230,4.250,4.230,4.240,17309500
2025-11-19 15:00:00,4.240,4.250,4.240,4.240,12291629
2025-11-20 10:00:00,4.250,4.250,4.240,4.240,11524600
2025-11-20 10:30:00,4.240,4.250,4.240,4.240,6607800
2025-11-20 11:00:00,4.240,4.250,4.240,4.240,4131112
2025-11-20 11:30:00,4.240,4.260,4.240,4.260,24320700
2025-11-20 13:30:00,4.250,4.260,4.240,4.240,12604800
2025-11-20 14:00:00,4.250,4.250,4.240,4.250,5500700
2025-11-20 14:30:00,4.240,4.250,4.230,4.240,17893988
2025-11-20 15:00:00,4.240,4.250,4.230,4.240,16522292
2025-11-21 10:00:00,4.230,4.230,4.210,4.220,50617270
2025-11-21 10:30:00,4.210,4.220,4.200,4.200,35544630
2025-11-21 11:00:00,4.210,4.210,4.180,4.200,33843202
2025-11-21 11:30:00,4.190,4.200,4.190,4.200,10232080
2025-11-21 13:30:00,4.200,4.210,4.190,4.200,13399537
2025-11-21 14:00:00,4.200,4.210,4.190,4.190,6692587
2025-11-21 14:30:00,4.200,4.200,4.190,4.200,10262700
2025-11-21 15:00:00,4.200,4.200,4.180,4.190,28973676
2025-11-24 10:00:00,4.200,4.200,4.170,4.180,35567640
2025-11-24 10:30:00,4.180,4.190,4.170,4.180,14386308
2025-11-24 11:00:00,4.180,4.190,4.170,4.190,8684600
2025-11-24 11:30:00,4.190,4.190,4.170,4.170,6008200
2025-11-24 13:30:00,4.180,4.190,4.170,4.180,8849100
2025-11-24 14:00:00,4.190,4.190,4.180,4.180,8119600
2025-11-24 14:30:00,4.180,4.190,4.180,4.180,7768000
2025-11-24 15:00:00,4.180,4.190,4.180,4.190,19159905
2025-11-25 10:00:00,4.190,4.190,4.180,4.190,19137695
2025-11-25 10:30:00,4.180,4.190,4.180,4.190,12705700
2025-11-25 11:00:00,4.190,4.200,4.180,4.190,21014328
2025-11-25 11:30:00,4.190,4.200,4.190,4.200,7162000
2025-11-25 13:30:00,4.190,4.200,4.190,4.190,4498100
2025-11-25 14:00:00,4.190,4.200,4.190,4.190,3879000
2025-11-25 14:30:00,4.190,4.200,4.180,4.180,9203700
2025-11-25 15:00:00,4.190,4.190,4.180,4.180,12296900
2025-11-26 10:00:00,4.180,4.190,4.180,4.190,15645403
2025-11-26 10:30:00,4.190,4.190,4.180,4.180,7245200
2025-11-26 11:00:00,4.190,4.190,4.170,4.170,14376100
2025-11-26 11:30:00,4.180,4.190,4.170,4.180,12045800
2025-11-26 13:30:00,4.180,4.180,4.170,4.180,5328400
2025-11-26 14:00:00,4.170,4.180,4.170,4.170,4756900
2025-11-26 14:30:00,4.170,4.180,4.170,4.170,8024600
2025-11-26 15:00:00,4.180,4.180,4.170,4.170,10528900
2025-11-27 10:00:00,4.170,4.180,4.160,4.180,20077800
2025-11-27 10:30:00,4.180,4.180,4.170,4.180,4676063
2025-11-27 11:00:00,4.180,4.180,4.170,4.170,3764800
2025-11-27 11:30:00,4.170,4.180,4.170,4.170,2692800
2025-11-27 13:30:00,4.180,4.180,4.170,4.170,2611599
2025-11-27 14:00:00,4.170,4.180,4.170,4.170,3198200
2025-11-27 14:30:00,4.170,4.180,4.170,4.180,3815000
2025-11-27 15:00:00,4.180,4.180,4.170,4.170,10168400
2025-11-28 10:00:00,4.170,4.180,4.160,4.160,11637992
2025-11-28 10:30:00,4.160,4.180,4.160,4.180,11864000
2025-11-28 11:00:00,4.170,4.180,4.160,4.180,6283400
2025-11-28 11:30:00,4.180,4.180,4.170,4.180,2465400
2025-11-28 13:30:00,4.180,4.180,4.160,4.170,9897900
2025-11-28 14:00:00,4.170,4.180,4.160,4.170,13669000
2025-11-28 14:30:00,4.160,4.180,4.160,4.170,10652900
2025-11-28 15:00:00,4.170,4.180,4.160,4.180,11552500
2025-12-01 10:00:00,4.180,4.180,4.170,4.170,14461900
2025-12-01 10:30:00,4.180,4.180,4.170,4.180,5776400
2025-12-01 11:00:00,4.180,4.190,4.170,4.180,17263480
2025-12-01 11:30:00,4.190,4.190,4.180,4.180,8329000
2025-12-01 13:30:00,4.190,4.190,4.180,4.180,4694100
2025-12-01 14:00:00,4.190,4.190,4.180,4.190,3255100
2025-12-01 14:30:00,4.190,4.190,4.180,4.190,3836800
2025-12-01 15:00:00,4.180,4.200,4.180,4.190,15329922
2025-12-02 10:00:00,4.190,4.190,4.170,4.190,17575600
2025-12-02 10:30:00,4.180,4.190,4.180,4.180,5554900
2025-12-02 11:00:00,4.180,4.190,4.170,4.190,5828219
2025-12-02 11:30:00,4.180,4.190,4.170,4.170,2277400
2025-12-02 13:30:00,4.180,4.190,4.170,4.180,5462500
2025-12-02 14:00:00,4.180,4.190,4.170,4.180,4075400
2025-12-02 14:30:00,4.180,4.190,4.180,4.190,3017100
2025-12-02 15:00:00,4.190,4.190,4.180,4.180,5578800
2025-12-03 10:00:00,4.180,4.190,4.170,4.180,12025327
2025-12-03 10:30:00,4.180,4.190,4.170,4.190,7644600
2025-12-03 11:00:00,4.180,4.190,4.170,4.190,6152300
2025-12-03 11:30:00,4.190,4.200,4.180,4.200,18713600
2025-12-03 13:30:00,4.190,4.200,4.190,4.190,4927500
2025-12-03 14:00:00,4.200,4.200,4.180,4.190,10977800
2025-12-03 14:30:00,4.180,4.190,4.180,4.190,2772100
2025-12-03 15:00:00,4.180,4.200,4.180,4.190,12252007
2025-12-04 10:00:00,4.190,4.200,4.180,4.180,23890600
2025-12-04 10:30:00,4.190,4.190,4.180,4.180,3083800
2025-12-04 11:00:00,4.180,4.190,4.180,4.190,3334500
2025-12-04 11:30:00,4.190,4.200,4.180,4.180,8788300
2025-12-04 13:30:00,4.190,4.190,4.180,4.190,4359400
2025-12-04 14:00:00,4.190,4.190,4.180,4.180,2010400
2025-12-04 14:30:00,4.190,4.190,4.180,4.190,2237000
2025-12-04 15:00:00,4.180,4.190,4.180,4.190,6804100
2025-12-05 10:00:00,4.190,4.190,4.180,4.190,15954943
2025-12-05 10:30:00,4.190,4.190,4.170,4.190,8299600
2025-12-05 11:00:00,4.180,4.190,4.170,4.190,4886788
2025-12-05 11:30:00,4.180,4.190,4.170,4.190,2563500
2025-12-05 13:30:00,4.180,4.190,4.180,4.190,2703600
2025-12-05 14:00:00,4.180,4.200,4.180,4.200,18797200
2025-12-05 14:30:00,4.200,4.200,4.190,4.190,6099400
2025-12-05 15:00:00,4.190,4.200,4.190,4.200,12346300
2025-12-08 10:00:00,4.200,4.210,4.190,4.190,23987881
2025-12-08 10:30:00,4.190,4.200,4.190,4.200,6006200
2025-12-08 11:00:00,4.200,4.200,4.190,4.200,3287800
2025-12-08 11:30:00,4.200,4.200,4.190,4.190,7097600
2025-12-08 13:30:00,4.190,4.200,4.180,4.190,15127200
2025-12-08 14:00:00,4.190,4.200,4.190,4.190,4336637
2025-12-08 14:30:00,4.190,4.200,4.180,4.190,8437700
2025-12-08 15:00:00,4.180,4.200,4.180,4.190,6631500
2025-12-09 10:00:00,4.190,4.190,4.180,4.180,14976110
2025-12-09 10:30:00,4.180,4.190,4.170,4.170,10038700
2025-12-09 11:00:00,4.170,4.180,4.170,4.170,5385400
2025-12-09 11:30:00,4.180,4.180,4.170,4.170,3991300
2025-12-09 13:30:00,4.180,4.180,4.170,4.180,3435600
2025-12-09 14:00:00,4.180,4.180,4.170,4.170,5309900
2025-12-09 14:30:00,4.170,4.180,4.170,4.180,12839690
2025-12-09 15:00:00,4.180,4.180,4.160,4.170,13443710
2025-12-10 10:00:00,4.160,4.180,4.160,4.160,16104800
2025-12-10 10:30:00,4.160,4.170,4.150,4.160,28881100
2025-12-10 11:00:00,4.160,4.160,4.150,4.160,5103900
2025-12-10 11:30:00,4.150,4.160,4.140,4.150,14215500
2025-12-10 13:30:00,4.140,4.150,4.140,4.150,7259102
2025-12-10 14:00:00,4.150,4.160,4.140,4.160,14899000
2025-12-10 14:30:00,4.150,4.160,4.150,4.160,4988800
2025-12-10 15:00:00,4.160,4.160,4.150,4.160,8417000
2025-12-11 10:00:00,4.160,4.160,4.150,4.160,12357800
2025-12-11 10:30:00,4.160,4.160,4.150,4.150,6363000
2025-12-11 11:00:00,4.160,4.160,4.150,4.160,4976582
2025-12-11 11:30:00,4.160,4.160,4.140,4.150,10162818
2025-12-11 13:30:00,4.150,4.160,4.140,4.140,5076200
2025-12-11 14:00:00,4.140,4.150,4.140,4.150,5028100
2025-12-11 14:30:00,4.140,4.150,4.140,4.150,4687900
2025-12-11 15:00:00,4.150,4.150,4.140,4.140,16146994
2025-12-12 10:00:00,4.140,4.150,4.130,4.130,13735963
2025-12-12 10:30:00,4.130,4.140,4.130,4.130,11071717
2025-12-12 11:00:00,4.140,4.140,4.120,4.130,18016183
2025-12-12 11:30:00,4.130,4.130,4.120,4.120,7174300
2025-12-12 13:30:00,4.120,4.130,4.120,4.130,7879000
2025-12-12 14:00:00,4.130,4.140,4.120,4.140,11910000
2025-12-12 14:30:00,4.140,4.140,4.130,4.140,13418600
2025-12-12 15:00:00,4.140,4.140,4.130,4.140,19948033
2025-12-15 10:00:00,4.130,4.140,4.120,4.130,15108435
2025-12-15 10:30:00,4.140,4.140,4.120,4.130,11346588
2025-12-15 11:00:00,4.140,4.140,4.130,4.130,5605800
2025-12-15 11:30:00,4.130,4.140,4.130,4.140,6321300
2025-12-15 13:30:00,4.130,4.140,4.130,4.130,3112800
2025-12-15 14:00:00,4.130,4.140,4.130,4.140,3709734
2025-12-15 14:30:00,4.140,4.140,4.130,4.140,4068200
2025-12-15 15:00:00,4.130,4.140,4.120,4.130,10174266
2025-12-16 10:00:00,4.130,4.130,4.100,4.100,23419500
2025-12-16 10:30:00,4.100,4.110,4.090,4.100,22392400
2025-12-16 11:00:00,4.110,4.110,4.090,4.100,11426593
2025-12-16 11:30:00,4.100,4.110,4.090,4.100,6667800
2025-12-16 13:30:00,4.100,4.110,4.090,4.110,10713800
2025-12-16 14:00:00,4.100,4.120,4.100,4.110,9837900
2025-12-16 14:30:00,4.110,4.120,4.110,4.120,6495700
2025-12-16 15:00:00,4.120,4.120,4.100,4.120,12489100
2025-12-17 10:00:00,4.110,4.110,4.090,4.090,16774500
2025-12-17 10:30:00,4.090,4.100,4.090,4.090,4844500
2025-12-17 11:00:00,4.090,4.100,4.090,4.090,6754800
2025-12-17 11:30:00,4.090,4.100,4.090,4.090,5857200
2025-12-17 13:30:00,4.100,4.100,4.080,4.090,7758500
2025-12-17 14:00:00,4.090,4.120,4.080,4.120,20997500
2025-12-17 14:30:00,4.110,4.130,4.110,4.120,15546827
2025-12-17 15:00:00,4.120,4.120,4.110,4.120,11929766
2025-12-18 10:00:00,4.110,4.120,4.100,4.110,12771210
2025-12-18 10:30:00,4.110,4.120,4.110,4.110,3467600
2025-12-18 11:00:00,4.110,4.120,4.110,4.110,2836300
2025-12-18 11:30:00,4.120,4.120,4.110,4.120,3047833
2025-12-18 13:30:00,4.120,4.130,4.110,4.130,13594700
2025-12-18 14:00:00,4.130,4.130,4.110,4.120,8016700
2025-12-18 14:30:00,4.130,4.130,4.120,4.130,3358300
2025-12-18 15:00:00,4.130,4.130,4.120,4.120,5931800
2025-12-19 10:00:00,4.120,4.140,4.110,4.130,14862700
2025-12-19 10:30:00,4.130,4.140,4.130,4.130,4733500
2025-12-19 11:00:00,4.130,4.140,4.130,4.140,3190500
2025-12-19 11:30:00,4.140,4.140,4.130,4.130,6773000
2025-12-19 13:30:00,4.140,4.140,4.130,4.140,5702900
2025-12-19 14:00:00,4.130,4.140,4.130,4.130,3251800
2025-12-19 14:30:00,4.140,4.140,4.130,4.130,9851596
2025-12-19 15:00:00,4.140,4.140,4.130,4.130,18543520
2025-12-22 10:00:00,4.130,4.140,4.120,4.140,21094800
2025-12-22 10:30:00,4.130,4.140,4.120,4.140,9077300
2025-12-22 11:00:00,4.140,4.140,4.130,4.140,4371700
2025-12-22 11:30:00,4.140,4.140,4.130,4.130,2655600
2025-12-22 13:30:00,4.140,4.140,4.130,4.130,6188900
2025-12-22 14:00:00,4.130,4.140,4.120,4.120,7624400
2025-12-22 14:30:00,4.130,4.140,4.120,4.130,10632725
2025-12-22 15:00:00,4.140,4.140,4.130,4.130,13722977
2025-12-23 10:00:00,4.130,4.140,4.120,4.120,12425670
2025-12-23 10:30:00,4.120,4.130,4.120,4.130,5667800
2025-12-23 11:00:00,4.130,4.130,4.120,4.130,4206100
2025-12-23 11:30:00,4.120,4.130,4.120,4.120,8011700
2025-12-23 13:30:00,4.130,4.130,4.120,4.130,6234900
2025-12-23 14:00:00,4.130,4.130,4.110,4.110,12190200
2025-12-23 14:30:00,4.110,4.120,4.110,4.120,4244800
2025-12-23 15:00:00,4.120,4.120,4.110,4.120,12856600
2025-12-24 10:00:00,4.110,4.120,4.100,4.110,10165000
2025-12-24 10:30:00,4.110,4.120,4.100,4.100,5587000
2025-12-24 11:00:00,4.100,4.120,4.100,4.110,5634400
2025-12-24 11:30:00,4.120,4.120,4.110,4.120,2813800
2025-12-24 13:30:00,4.120,4.120,4.110,4.120,3983400
2025-12-24 14:00:00,4.110,4.130,4.110,4.130,12887100
2025-12-24 14:30:00,4.130,4.130,4.120,4.130,7234987
2025-12-24 15:00:00,4.130,4.140,4.120,4.140,14061294
2025-12-25 10:00:00,4.140,4.140,4.120,4.120,11657500
2025-12-25 10:30:00,4.130,4.140,4.120,4.130,5413740
2025-12-25 11:00:00,4.130,4.140,4.120,4.130,2749900
2025-12-25 11:30:00,4.130,4.140,4.130,4.140,2812100
2025-12-25 13:30:00,4.130,4.140,4.130,4.140,3179221
2025-12-25 14:00:00,4.130,4.140,4.130,4.140,3357900
2025-12-25 14:30:00,4.140,4.140,4.130,4.130,7326400
2025-12-25 15:00:00,4.140,4.140,4.130,4.130,11053400
2025-12-26 10:00:00,4.140,4.140,4.130,4.130,7089200
2025-12-26 10:30:00,4.130,4.140,4.130,4.140,5032799
2025-12-26 11:00:00,4.140,4.140,4.130,4.140,7057500
2025-12-26 11:30:00,4.140,4.140,4.120,4.120,21477174
2025-12-26 13:30:00,4.130,4.130,4.120,4.130,4411800
2025-12-26 14:00:00,4.130,4.140,4.120,4.140,7496000
2025-12-26 14:30:00,4.140,4.140,4.130,4.140,5953300
2025-12-26 15:00:00,4.140,4.140,4.130,4.130,7105100
2025-12-29 10:00:00,4.140,4.140,4.130,4.130,12466158
2025-12-29 10:30:00,4.140,4.140,4.130,4.140,5160900
2025-12-29 11:00:00,4.140,4.140,4.120,4.120,10183800
2025-12-29 11:30:00,4.130,4.130,4.120,4.130,4464200
2025-12-29 13:30:00,4.120,4.130,4.120,4.120,5335200
2025-12-29 14:00:00,4.130,4.130,4.110,4.110,12958200
2025-12-29 14:30:00,4.120,4.120,4.110,4.120,6741800
2025-12-29 15:00:00,4.120,4.120,4.110,4.110,15258083
2025-12-30 10:00:00,4.110,4.120,4.100,4.110,13556710
2025-12-30 10:30:00,4.100,4.110,4.100,4.110,7967400
2025-12-30 11:00:00,4.110,4.110,4.100,4.100,5035300
2025-12-30 11:30:00,4.100,4.110,4.100,4.110,5628100
2025-12-30 13:30:00,4.110,4.110,4.100,4.100,6372600
2025-12-30 14:00:00,4.110,4.110,4.090,4.100,6788700
2025-12-30 14:30:00,4.100,4.100,4.090,4.100,5620600
2025-12-30 15:00:00,4.100,4.100,4.090,4.100,10264500
2025-12-31 10:00:00,4.090,4.100,4.090,4.090,8492696
2025-12-31 10:30:00,4.090,4.100,4.090,4.100,5868177
2025-12-31 11:00:00,4.090,4.100,4.090,4.100,4833400
2025-12-31 11:30:00,4.100,4.100,4.090,4.100,4239100
2025-12-31 13:30:00,4.100,4.100,4.090,4.090,4527400
2025-12-31 14:00:00,4.100,4.100,4.090,4.100,4107428
2025-12-31 14:30:00,4.090,4.100,4.090,4.090,4764400
2025-12-31 15:00:00,4.100,4.100,4.090,4.090,10450107
2026-01-05 10:00:00,4.100,4.110,4.090,4.110,17201016
2026-01-05 10:30:00,4.110,4.110,4.100,4.100,7315512
2026-01-05 11:00:00,4.100,4.120,4.100,4.110,14659200
2026-01-05 11:30:00,4.110,4.120,4.110,4.110,2819100
2026-01-05 13:30:00,4.120,4.120,4.110,4.110,4100800
2026-01-05 14:00:00,4.110,4.120,4.110,4.120,3004800
2026-01-05 14:30:00,4.120,4.130,4.110,4.120,15449008
2026-01-05 15:00:00,4.120,4.130,4.120,4.130,8882860
2026-01-06 10:00:00,4.120,4.130,4.120,4.120,17904800
2026-01-06 10:30:00,4.130,4.140,4.120,4.130,9697300
2026-01-06 11:00:00,4.130,4.140,4.120,4.140,19520202
2026-01-06 11:30:00,4.130,4.140,4.130,4.140,3212300
2026-01-06 13:30:00,4.130,4.140,4.130,4.130,10206500
2026-01-06 14:00:00,4.130,4.140,4.120,4.130,10153800
2026-01-06 14:30:00,4.130,4.140,4.120,4.130,12887687
2026-01-06 15:00:00,4.140,4.140,4.130,4.140,15628000
2026-01-07 10:00:00,4.140,4.140,4.130,4.140,20240864
2026-01-07 10:30:00,4.140,4.140,4.130,4.140,11499600
2026-01-07 11:00:00,4.130,4.140,4.130,4.130,3881400
2026-01-07 11:30:00,4.130,4.140,4.130,4.130,4440600
2026-01-07 13:30:00,4.130,4.140,4.120,4.130,12551700
2026-01-07 14:00:00,4.130,4.130,4.120,4.120,4713300
2026-01-07 14:30:00,4.130,4.140,4.120,4.130,11585287
2026-01-07 15:00:00,4.130,4.130,4.120,4.130,7702700
2026-01-08 10:00:00,4.120,4.130,4.110,4.130,14675300
2026-01-08 10:30:00,4.120,4.130,4.120,4.120,5753200
2026-01-08 11:00:00,4.130,4.130,4.120,4.120,4765600
2026-01-08 11:30:00,4.130,4.130,4.120,4.120,3596000
2026-01-08 13:30:00,4.120,4.130,4.120,4.130,6538700
2026-01-08 14:00:00,4.130,4.130,4.120,4.130,4430609
2026-01-08 14:30:00,4.130,4.130,4.120,4.120,6055900
2026-01-08 15:00:00,4.130,4.130,4.120,4.130,9705527
2026-01-09 10:00:00,4.130,4.160,4.120,4.160,43522709
2026-01-09 10:30:00,4.160,4.160,4.150,4.160,11957312
2026-01-09 11:00:00,4.150,4.160,4.150,4.160,11579200
2026-01-09 11:30:00,4.160,4.160,4.140,4.140,14958700
2026-01-09 13:30:00,4.150,4.150,4.140,4.140,3904500
2026-01-09 14:00:00,4.140,4.150,4.140,4.140,3760996
2026-01-09 14:30:00,4.150,4.150,4.140,4.150,5930500
2026-01-09 15:00:00,4.140,4.150,4.140,4.150,13480321
2026-01-12 10:00:00,4.160,4.160,4.140,4.140,20943100
2026-01-12 10:30:00,4.150,4.150,4.140,4.140,12249864
2026-01-12 11:00:00,4.150,4.150,4.140,4.140,7680900
2026-01-12 11:30:00,4.140,4.150,4.140,4.140,8163900
2026-01-12 13:30:00,4.150,4.160,4.140,4.150,16336000
2026-01-12 14:00:00,4.150,4.160,4.150,4.160,5390000
2026-01-12 14:30:00,4.150,4.160,4.150,4.150,8435936
2026-01-12 15:00:00,4.160,4.160,4.150,4.150,20731700
2026-01-13 10:00:00,4.160,4.160,4.140,4.150,28020064
2026-01-13 10:30:00,4.160,4.160,4.150,4.150,9003406
2026-01-13 11:00:00,4.160,4.160,4.150,4.150,6380400
2026-01-13 11:30:00,4.160,4.180,4.150,4.180,35074930
2026-01-13 13:30:00,4.180,4.180,4.160,4.160,12566000
2026-01-13 14:00:00,4.170,4.180,4.160,4.180,16421930
2026-01-13 14:30:00,4.170,4.180,4.160,4.160,10941270
2026-01-13 15:00:00,4.170,4.170,4.160,4.170,12599300
2026-01-14 10:00:00,4.170,4.180,4.160,4.170,27083264
2026-01-14 10:30:00,4.170,4.180,4.170,4.170,12440900
2026-01-14 11:00:00,4.180,4.180,4.170,4.170,7545300
2026-01-14 11:30:00,4.170,4.180,4.170,4.180,18401500
2026-01-14 13:30:00,4.180,4.190,4.150,4.160,43151548
2026-01-14 14:00:00,4.150,4.160,4.140,4.150,16163194
2026-01-14 14:30:00,4.140,4.160,4.140,4.160,16738942
2026-01-14 15:00:00,4.160,4.160,4.140,4.160,13500300
2026-01-15 10:00:00,4.150,4.160,4.140,4.140,19052111
2026-01-15 10:30:00,4.140,4.150,4.120,4.130,32430789
2026-01-15 11:00:00,4.130,4.140,4.120,4.130,14256076
2026-01-15 11:30:00,4.140,4.140,4.120,4.130,10841295
2026-01-15 13:30:00,4.130,4.140,4.120,4.130,14892300
2026-01-15 14:00:00,4.140,4.140,4.120,4.130,7907600
2026-01-15 14:30:00,4.130,4.140,4.120,4.120,11836900
2026-01-15 15:00:00,4.120,4.130,4.110,4.120,21987630
2026-01-16 10:00:00,4.130,4.180,4.130,4.170,72436554
2026-01-16 10:30:00,4.170,4.180,4.150,4.160,27005300
2026-01-16 11:00:00,4.160,4.160,4.150,4.150,7369200
2026-01-16 11:30:00,4.160,4.160,4.140,4.140,17904200
2026-01-16 13:30:00,4.140,4.160,4.140,4.160,11737800
2026-01-16 14:00:00,4.150,4.160,4.140,4.140,15157645
2026-01-16 14:30:00,4.140,4.160,4.130,4.160,15258800
2026-01-16 15:00:00,4.160,4.160,4.140,4.140,24551500
2026-01-19 10:00:00,4.150,4.180,4.140,4.170,37024494
2026-01-19 10:30:00,4.170,4.180,4.160,4.160,14623206
2026-01-19 11:00:00,4.170,4.170,4.150,4.160,17297894
2026-01-19 11:30:00,4.160,4.170,4.150,4.150,7551000
2026-01-19 13:30:00,4.150,4.170,4.150,4.160,6315100
2026-01-19 14:00:00,4.160,4.170,4.150,4.160,11213700
2026-01-19 14:30:00,4.150,4.160,4.150,4.160,6523111
2026-01-19 15:00:00,4.150,4.170,4.150,4.160,14208543
2026-01-20 10:00:00,4.160,4.180,4.150,4.170,39914289
2026-01-20 10:30:00,4.160,4.180,4.160,4.170,22638663
2026-01-20 11:00:00,4.170,4.180,4.160,4.180,14325400
2026-01-20 11:30:00,4.170,4.180,4.170,4.170,16052917
2026-01-20 13:30:00,4.180,4.190,4.170,4.170,40352278
2026-01-20 14:00:00,4.170,4.190,4.170,4.180,14122900
2026-01-20 14:30:00,4.170,4.190,4.170,4.180,11524148
2026-01-20 15:00:00,4.190,4.190,4.180,4.180,20899400
2026-01-21 10:00:00,4.180,4.190,4.170,4.170,32118200
2026-01-21 10:30:00,4.180,4.180,4.160,4.170,17866700
2026-01-21 11:00:00,4.170,4.170,4.160,4.170,6000496
2026-01-21 11:30:00,4.170,4.170,4.160,4.170,15190500
2026-01-21 13:30:00,4.160,4.170,4.150,4.160,12304200
2026-01-21 14:00:00,4.160,4.170,4.150,4.160,9040575
2026-01-21 14:30:00,4.160,4.170,4.150,4.150,19275825
2026-01-21 15:00:00,4.150,4.160,4.140,4.150,24125100
2026-01-22 10:00:00,4.150,4.170,4.150,4.170,28526663
2026-01-22 10:30:00,4.170,4.180,4.150,4.160,34636500
2026-01-22 11:00:00,4.160,4.170,4.150,4.170,6752900
2026-01-22 11:30:00,4.170,4.170,4.150,4.150,8296700
2026-01-22 13:30:00,4.160,4.160,4.150,4.160,5461300
2026-01-22 14:00:00,4.160,4.170,4.150,4.170,6268100
2026-01-22 14:30:00,4.160,4.170,4.150,4.170,10647500
2026-01-22 15:00:00,4.170,4.170,4.150,4.160,20878633
2026-01-23 10:00:00,4.160,4.170,4.150,4.160,19963100
2026-01-23 10:30:00,4.150,4.160,4.150,4.160,14229200
2026-01-23 11:00:00,4.160,4.160,4.140,4.150,27734600
2026-01-23 11:30:00,4.150,4.160,4.140,4.150,14351100
2026-01-23 13:30:00,4.150,4.160,4.150,4.150,15014400
2026-01-23 14:00:00,4.150,4.160,4.140,4.160,8467536
2026-01-23 14:30:00,4.160,4.160,4.150,4.150,11934164
2026-01-23 15:00:00,4.150,4.160,4.140,4.160,36667465
2026-01-26 10:00:00,4.150,4.160,4.140,4.140,33919000
2026-01-26 10:30:00,4.140,4.180,4.140,4.180,50384200
2026-01-26 11:00:00,4.180,4.180,4.160,4.160,31115700
2026-01-26 11:30:00,4.160,4.180,4.160,4.170,13946700
2026-01-26 13:30:00,4.180,4.180,4.170,4.180,9908100
2026-01-26 14:00:00,4.180,4.180,4.160,4.170,12167600
2026-01-26 14:30:00,4.180,4.180,4.160,4.170,13218400
2026-01-26 15:00:00,4.170,4.180,4.170,4.170,22474690
2026-01-27 10:00:00,4.160,4.170,4.130,4.130,51561400
2026-01-27 10:30:00,4.140,4.150,4.130,4.130,18324900
2026-01-27 11:00:00,4.140,4.150,4.130,4.140,12868071
2026-01-27 11:30:00,4.140,4.150,4.130,4.140,4752000
2026-01-27 13:30:00,4.140,4.150,4.140,4.150,5969630
2026-01-27 14:00:00,4.150,4.160,4.140,4.150,13509400
2026-01-27 14:30:00,4.160,4.160,4.140,4.140,9071300
2026-01-27 15:00:00,4.140,4.150,4.130,4.130,38449616
2026-01-28 10:00:00,4.130,4.140,4.120,4.120,29712611
2026-01-28 10:30:00,4.130,4.140,4.120,4.120,20965800
2026-01-28 11:00:00,4.130,4.140,4.120,4.130,26161500
2026-01-28 11:30:00,4.120,4.140,4.120,4.130,13154400
2026-01-28 13:30:00,4.130,4.160,4.130,4.140,51037282
2026-01-28 14:00:00,4.140,4.150,4.140,4.150,6722800
2026-01-28 14:30:00,4.150,4.150,4.140,4.150,10539886
2026-01-28 15:00:00,4.140,4.150,4.120,4.130,37790100
2026-01-29 10:00:00,4.120,4.130,4.100,4.110,56159500
2026-01-29 10:30:00,4.120,4.120,4.100,4.110,23941700
2026-01-29 11:00:00,4.100,4.120,4.100,4.100,11969000
2026-01-29 11:30:00,4.100,4.110,4.100,4.100,9446100
2026-01-29 13:30:00,4.100,4.110,4.100,4.100,18807536
2026-01-29 14:00:00,4.100,4.110,4.100,4.110,14501171
2026-01-29 14:30:00,4.110,4.130,4.100,4.120,39677500
2026-01-29 15:00:00,4.130,4.130,4.120,4.120,20894380
2026-01-30 10:00:00,4.120,4.130,4.110,4.120,27663564
2026-01-30 10:30:00,4.120,4.120,4.100,4.110,18848100
2026-01-30 11:00:00,4.100,4.110,4.090,4.100,34819500
2026-01-30 11:30:00,4.100,4.110,4.090,4.100,11274600
2026-01-30 13:30:00,4.110,4.130,4.100,4.130,26072000
2026-01-30 14:00:00,4.120,4.130,4.120,4.120,7397400
2026-01-30 14:30:00,4.120,4.130,4.110,4.120,8226900
2026-01-30 15:00:00,4.110,4.120,4.110,4.110,15212179
2026-02-02 10:00:00,4.110,4.120,4.100,4.110,32647200
2026-02-02 10:30:00,4.100,4.120,4.100,4.100,12258014
2026-02-02 11:00:00,4.100,4.120,4.100,4.110,10235300
2026-02-02 11:30:00,4.120,4.120,4.100,4.100,7886500
2026-02-02 13:30:00,4.100,4.110,4.090,4.100,26011700
2026-02-02 14:00:00,4.090,4.100,4.080,4.090,27802105
2026-02-02 14:30:00,4.090,4.100,4.080,4.090,17953900
2026-02-02 15:00:00,4.080,4.100,4.080,4.090,21349333
2026-02-03 10:00:00,4.090,4.100,4.070,4.080,38733400
2026-02-03 10:30:00,4.070,4.080,4.070,4.070,12255800
2026-02-03 11:00:00,4.080,4.080,4.060,4.070,24202500
2026-02-03 11:30:00,4.070,4.070,4.060,4.060,7112600
2026-02-03 13:30:00,4.060,4.070,4.060,4.070,7424600
2026-02-03 14:00:00,4.070,4.080,4.060,4.070,13774298
2026-02-03 14:30:00,4.070,4.080,4.070,4.080,6413700
2026-02-03 15:00:00,4.080,4.090,4.070,4.080,17061420
2026-02-04 10:00:00,4.080,4.100,4.070,4.100,32469701
2026-02-04 10:30:00,4.090,4.100,4.090,4.100,6559093
2026-02-04 11:00:00,4.090,4.100,4.090,4.090,6616391
2026-02-04 11:30:00,4.090,4.100,4.080,4.080,10752409
2026-02-04 13:30:00,4.090,4.100,4.080,4.100,27914500
2026-02-04 14:00:00,4.090,4.110,4.090,4.090,15076500
2026-02-04 14:30:00,4.100,4.110,4.090,4.100,7117219
2026-02-04 15:00:00,4.110,4.110,4.100,4.110,11745800
2026-02-05 10:00:00,4.100,4.110,4.090,4.100,12431686
2026-02-05 10:30:00,4.100,4.100,4.080,4.090,23689522
2026-02-05 11:00:00,4.100,4.100,4.080,4.090,10028100
2026-02-05 11:30:00,4.090,4.100,4.080,4.100,5559600
2026-02-05 13:30:00,4.100,4.110,4.090,4.110,13991620
2026-02-05 14:00:00,4.110,4.120,4.100,4.110,12163600
2026-02-05 14:30:00,4.110,4.120,4.100,4.110,7552400
2026-02-05 15:00:00,4.110,4.120,4.100,4.110,13455600
2026-02-06 10:00:00,4.100,4.110,4.080,4.110,25708700
2026-02-06 10:30:00,4.110,4.110,4.100,4.110,6461000
2026-02-06 11:00:00,4.110,4.110,4.100,4.110,5101500
2026-02-06 11:30:00,4.110,4.110,4.100,4.100,3455900
2026-02-06 13:30:00,4.100,4.110,4.100,4.110,8775600
2026-02-06 14:00:00,4.110,4.110,4.100,4.110,4782300
2026-02-06 14:30:00,4.110,4.120,4.100,4.110,19101100
2026-02-06 15:00:00,4.110,4.110,4.100,4.100,7652402
2026-02-09 10:00:00,4.110,4.120,4.100,4.120,21005533
2026-02-09 10:30:00,4.120,4.120,4.110,4.120,8638300
2026-02-09 11:00:00,4.110,4.120,4.100,4.110,9756400
2026-02-09 11:30:00,4.100,4.110,4.100,4.110,3303600
2026-02-09 13:30:00,4.100,4.110,4.100,4.110,5070900
2026-02-09 14:00:00,4.100,4.110,4.100,4.110,6272300
2026-02-09 14:30:00,4.100,4.110,4.100,4.110,5938800
2026-02-09 15:00:00,4.110,4.120,4.100,4.110,11701297
2026-02-10 10:00:00,4.110,4.120,4.100,4.110,12895000
2026-02-10 10:30:00,4.100,4.110,4.100,4.100,5289046
2026-02-10 11:00:00,4.100,4.110,4.100,4.100,7005400
2026-02-10 11:30:00,4.100,4.110,4.090,4.100,17172754
2026-02-10 13:30:00,4.100,4.110,4.090,4.100,10826900
2026-02-10 14:00:00,4.110,4.110,4.090,4.090,7390100
2026-02-10 14:30:00,4.100,4.110,4.090,4.100,6379009
2026-02-10 15:00:00,4.110,4.110,4.090,4.090,14474300
2026-02-11 10:00:00,4.100,4.110,4.090,4.100,12888296
2026-02-11 10:30:00,4.100,4.110,4.090,4.100,5255700
2026-02-11 11:00:00,4.110,4.110,4.100,4.100,10195800
2026-02-11 11:30:00,4.110,4.110,4.100,4.110,3249700
2026-02-11 13:30:00,4.100,4.110,4.100,4.100,3711100
2026-02-11 14:00:00,4.100,4.110,4.100,4.100,4384500
2026-02-11 14:30:00,4.100,4.110,4.100,4.100,4741000
2026-02-11 15:00:00,4.100,4.110,4.090,4.100,19350900
2026-02-12 10:00:00,4.110,4.130,4.100,4.100,51343374
2026-02-12 10:30:00,4.100,4.110,4.090,4.100,11785126
2026-02-12 11:00:00,4.110,4.110,4.100,4.100,8066800
2026-02-12 11:30:00,4.100,4.110,4.100,4.100,3013071
2026-02-12 13:30:00,4.100,4.110,4.090,4.100,7042629
2026-02-12 14:00:00,4.090,4.100,4.090,4.090,3478600
2026-02-12 14:30:00,4.100,4.100,4.090,4.100,6109600
2026-02-12 15:00:00,4.100,4.100,4.090,4.090,20719700
2026-02-13 10:00:00,4.090,4.100,4.080,4.090,23246625
2026-02-13 10:30:00,4.090,4.100,4.080,4.090,9377600
2026-02-13 11:00:00,4.090,4.100,4.080,4.080,5019200
2026-02-13 11:30:00,4.090,4.090,4.080,4.080,3917000
2026-02-13 13:30:00,4.090,4.090,4.080,4.080,4746100
2026-02-13 14:00:00,4.090,4.090,4.080,4.090,9211357
2026-02-13 14:30:00,4.080,4.090,4.080,4.080,11386733
2026-02-13 15:00:00,4.080,4.090,4.070,4.080,28842046
2026-02-24 10:00:00,4.090,4.100,4.090,4.100,19120900
2026-02-24 10:30:00,4.100,4.100,4.090,4.100,6999400
2026-02-24 11:00:00,4.100,4.100,4.090,4.090,6195700
2026-02-24 11:30:00,4.100,4.100,4.090,4.090,7100400
2026-02-24 13:30:00,4.100,4.100,4.090,4.100,6243600
2026-02-24 14:00:00,4.100,4.100,4.090,4.090,5020100
2026-02-24 14:30:00,4.100,4.100,4.090,4.090,6225600
2026-02-24 15:00:00,4.100,4.100,4.090,4.090,13025820
2026-02-25 10:00:00,4.100,4.120,4.090,4.100,48730918
2026-02-25 10:30:00,4.110,4.120,4.100,4.110,14991200
2026-02-25 11:00:00,4.120,4.120,4.110,4.120,11821400
2026-02-25 11:30:00,4.120,4.120,4.110,4.120,14597900
2026-02-25 13:30:00,4.120,4.120,4.110,4.110,9411500
2026-02-25 14:00:00,4.110,4.120,4.100,4.110,25195300
2026-02-25 14:30:00,4.110,4.110,4.100,4.110,5015400
2026-02-25 15:00:00,4.100,4.110,4.100,4.110,12453820
2026-02-26 10:00:00,4.110,4.120,4.100,4.110,38854400
2026-02-26 10:30:00,4.110,4.120,4.100,4.100,11889400
2026-02-26 11:00:00,4.110,4.110,4.100,4.100,6570500
2026-02-26 11:30:00,4.110,4.110,4.100,4.100,5132300
2026-02-26 13:30:00,4.110,4.110,4.100,4.100,5184600
2026-02-26 14:00:00,4.100,4.110,4.100,4.110,10008000
2026-02-26 14:30:00,4.100,4.110,4.100,4.110,6493700
2026-02-26 15:00:00,4.100,4.110,4.100,4.100,12369694
2026-02-27 10:00:00,4.100,4.120,4.090,4.120,26701258
2026-02-27 10:30:00,4.110,4.120,4.110,4.110,9797925
2026-02-27 11:00:00,4.120,4.120,4.110,4.120,6556800
2026-02-27 11:30:00,4.120,4.130,4.110,4.120,26607968
2026-02-27 13:30:00,4.130,4.160,4.120,4.150,59124605
2026-02-27 14:00:00,4.150,4.150,4.140,4.140,19632600
2026-02-27 14:30:00,4.150,4.150,4.140,4.140,7581400
2026-02-27 15:00:00,4.150,4.160,4.140,4.160,48849335
2026-03-02 10:00:00,4.150,4.220,4.130,4.200,102911820
2026-03-02 10:30:00,4.200,4.200,4.160,4.180,42878700
2026-03-02 11:00:00,4.190,4.200,4.180,4.190,16395290
2026-03-02 11:30:00,4.200,4.200,4.190,4.200,20335400
2026-03-02 13:30:00,4.200,4.210,4.190,4.210,29785358
2026-03-02 14:00:00,4.200,4.210,4.190,4.200,12046300
2026-03-02 14:30:00,4.190,4.200,4.190,4.200,14845600
2026-03-02 15:00:00,4.200,4.200,4.190,4.200,20591700
2026-03-03 10:00:00,4.200,4.220,4.180,4.200,66650500
2026-03-03 10:30:00,4.200,4.210,4.170,4.200,34239858
2026-03-03 11:00:00,4.190,4.220,4.190,4.220,32389300
2026-03-03 11:30:00,4.210,4.220,4.210,4.220,14909400
2026-03-03 13:30:00,4.210,4.230,4.210,4.210,39921587
2026-03-03 14:00:00,4.210,4.220,4.200,4.200,21523200
2026-03-03 14:30:00,4.200,4.210,4.180,4.190,24648842
2026-03-03 15:00:00,4.200,4.200,4.180,4.190,23865211
2026-03-04 10:00:00,4.180,4.210,4.130,4.210,78918954
2026-03-04 10:30:00,4.200,4.220,4.190,4.200,26846700
2026-03-04 11:00:00,4.200,4.220,4.190,4.190,25087426
2026-03-04 11:30:00,4.200,4.200,4.180,4.200,17552300
2026-03-04 13:30:00,4.190,4.210,4.180,4.210,20022700
2026-03-04 14:00:00,4.210,4.220,4.200,4.220,18485404
2026-03-04 14:30:00,4.210,4.220,4.200,4.210,14274200
2026-03-04 15:00:00,4.210,4.230,4.210,4.210,49561693
2026-03-05 10:00:00,4.220,4.250,4.210,4.220,63695579
2026-03-05 10:30:00,4.230,4.230,4.210,4.230,28188057
2026-03-05 11:00:00,4.220,4.250,4.220,4.250,38977500
2026-03-05 11:30:00,4.250,4.250,4.230,4.250,20433259
2026-03-05 13:30:00,4.250,4.270,4.240,4.250,41251699
2026-03-05 14:00:00,4.250,4.260,4.250,4.250,10788200
2026-03-05 14:30:00,4.250,4.260,4.240,4.250,17373866
2026-03-05 15:00:00,4.250,4.250,4.230,4.250,23312854
2026-03-06 10:00:00,4.250,4.260,4.220,4.250,43158094
2026-03-06 10:30:00,4.250,4.270,4.240,4.260,36561420
2026-03-06 11:00:00,4.260,4.290,4.250,4.260,41015615
2026-03-06 11:30:00,4.270,4.280,4.250,4.270,18235200
2026-03-06 13:30:00,4.260,4.270,4.250,4.260,10061900
2026-03-06 14:00:00,4.270,4.270,4.260,4.270,10078400
2026-03-06 14:30:00,4.260,4.270,4.260,4.270,5771100
2026-03-06 15:00:00,4.270,4.280,4.260,4.270,28886700
2026-03-09 10:00:00,4.290,4.360,4.270,4.330,171805186
2026-03-09 10:30:00,4.340,4.350,4.320,4.350,50092711
2026-03-09 11:00:00,4.340,4.380,4.340,4.360,58565957
2026-03-09 11:30:00,4.360,4.360,4.330,4.350,22901000
2026-03-09 13:30:00,4.350,4.360,4.340,4.350,24921900
2026-03-09 14:00:00,4.360,4.360,4.330,4.330,24093100
2026-03-09 14:30:00,4.330,4.350,4.330,4.340,18996500
2026-03-09 15:00:00,4.340,4.350,4.320,4.330,34046800
2026-03-10 10:00:00,4.300,4.330,4.270,4.330,99717355
2026-03-10 10:30:00,4.330,4.400,4.320,4.370,95800223
2026-03-10 11:00:00,4.360,4.370,4.330,4.350,35263100
2026-03-10 11:30:00,4.360,4.370,4.350,4.360,12168121
2026-03-10 13:30:00,4.370,4.390,4.350,4.350,30425279
2026-03-10 14:00:00,4.350,4.360,4.340,4.350,16540300
2026-03-10 14:30:00,4.360,4.360,4.340,4.340,14910100
2026-03-10 15:00:00,4.350,4.370,4.340,4.360,29856100
2026-03-11 10:00:00,4.360,4.430,4.310,4.430,136958815
2026-03-11 10:30:00,4.420,4.460,4.390,4.430,135943422
2026-03-11 11:00:00,4.430,4.500,4.420,4.440,107130963
2026-03-11 11:30:00,4.450,4.470,4.440,4.440,29619000
2026-03-11 13:30:00,4.450,4.470,4.430,4.460,41131400
2026-03-11 14:00:00,4.450,4.480,4.440,4.470,38862900
2026-03-11 14:30:00,4.480,4.490,4.460,4.470,56137800
2026-03-11 15:00:00,4.480,4.490,4.470,4.490,68699182
2026-03-12 10:00:00,4.510,4.520,4.450,4.460,175976500
2026-03-12 10:30:00,4.460,4.500,4.450,4.460,62294763
2026-03-12 11:00:00,4.460,4.460,4.430,4.450,46453100
2026-03-12 11:30:00,4.440,4.450,4.420,4.440,42241900
2026-03-12 13:30:00,4.440,4.490,4.430,4.480,55897491
2026-03-12 14:00:00,4.470,4.520,4.470,4.490,88569935
2026-03-12 14:30:00,4.490,4.510,4.480,4.490,31313775
2026-03-12 15:00:00,4.500,4.510,4.480,4.490,53128857
2026-03-13 10:00:00,4.490,4.520,4.420,4.440,193633779
2026-03-13 10:30:00,4.440,4.500,4.430,4.480,62597709
2026-03-13 11:00:00,4.480,4.510,4.450,4.510,56477717
2026-03-13 11:30:00,4.510,4.520,4.480,4.500,33325936
2026-03-13 13:30:00,4.490,4.510,4.460,4.470,32709200
2026-03-13 14:00:00,4.470,4.480,4.450,4.460,21033000
2026-03-13 14:30:00,4.450,4.460,4.430,4.430,40288500
2026-03-13 15:00:00,4.440,4.440,4.420,4.430,62695492
2026-03-16 10:00:00,4.430,4.470,4.350,4.380,145769709
2026-03-16 10:30:00,4.380,4.400,4.370,4.380,36854800
2026-03-16 11:00:00,4.390,4.420,4.380,4.390,30339908
2026-03-16 11:30:00,4.390,4.400,4.380,4.390,20448700
2026-03-16 13:30:00,4.380,4.400,4.350,4.350,38526800
2026-03-16 14:00:00,4.360,4.360,4.340,4.350,38358090
2026-03-16 14:30:00,4.350,4.360,4.340,4.350,26410400
2026-03-16 15:00:00,4.350,4.360,4.340,4.360,28070089
2026-03-17 10:00:00,4.340,4.380,4.310,4.370,75523309
2026-03-17 10:30:00,4.370,4.400,4.340,4.350,49665682
2026-03-17 11:00:00,4.350,4.400,4.340,4.400,41168600
2026-03-17 11:30:00,4.390,4.400,4.370,4.380,25614800
2026-03-17 13:30:00,4.380,4.380,4.360,4.370,15236400
2026-03-17 14:00:00,4.360,4.370,4.350,4.360,21489300
2026-03-17 14:30:00,4.360,4.360,4.340,4.340,24356159
2026-03-17 15:00:00,4.350,4.350,4.330,4.340,31519444
2026-03-18 10:00:00,4.330,4.390,4.330,4.350,75799600
2026-03-18 10:30:00,4.350,4.350,4.290,4.290,63422600
2026-03-18 11:00:00,4.290,4.300,4.280,4.280,28032700
2026-03-18 11:30:00,4.280,4.300,4.280,4.280,15190400
2026-03-18 13:30:00,4.280,4.290,4.270,4.280,28286500
2026-03-18 14:00:00,4.280,4.300,4.270,4.280,17295266
2026-03-18 14:30:00,4.280,4.300,4.280,4.300,20899400
2026-03-18 15:00:00,4.300,4.320,4.290,4.300,33676295
2026-03-19 10:00:00,4.290,4.350,4.280,4.340,83776502
2026-03-19 10:30:00,4.340,4.350,4.300,4.340,36190891
2026-03-19 11:00:00,4.340,4.340,4.310,4.320,20369400
2026-03-19 11:30:00,4.310,4.340,4.310,4.330,16774000
2026-03-19 13:30:00,4.320,4.340,4.310,4.310,25064500
2026-03-19 14:00:00,4.320,4.320,4.300,4.310,16904500
2026-03-19 14:30:00,4.320,4.330,4.300,4.310,24854000
2026-03-19 15:00:00,4.310,4.330,4.300,4.320,37371700
2026-03-20 10:00:00,4.320,4.400,4.300,4.330,114168795
2026-03-20 10:30:00,4.330,4.340,4.310,4.330,30140000
2026-03-20 11:00:00,4.330,4.360,4.310,4.340,23551541
2026-03-20 11:30:00,4.350,4.390,4.340,4.390,34639046
2026-03-20 13:30:00,4.390,4.390,4.350,4.360,24604063
2026-03-20 14:00:00,4.360,4.370,4.350,4.350,14616700
2026-03-20 14:30:00,4.350,4.370,4.350,4.350,20821400
2026-03-20 15:00:00,4.360,4.360,4.320,4.330,44140516
2026-03-23 10:00:00,4.300,4.360,4.230,4.340,141390292
2026-03-23 10:30:00,4.340,4.390,4.330,4.390,64567914
2026-03-23 11:00:00,4.390,4.390,4.340,4.360,33712698
2026-03-23 11:30:00,4.360,4.380,4.340,4.350,23396500
2026-03-23 13:30:00,4.360,4.360,4.320,4.340,42412100
2026-03-23 14:00:00,4.330,4.360,4.320,4.340,35692600
2026-03-23 14:30:00,4.340,4.350,4.310,4.320,35606300
2026-03-23 15:00:00,4.320,4.330,4.290,4.300,48255723
2026-03-24 10:00:00,4.320,4.370,4.290,4.310,99480252
2026-03-24 10:30:00,4.300,4.340,4.300,4.330,29442684
2026-03-24 11:00:00,4.340,4.370,4.330,4.360,45522219
2026-03-24 11:30:00,4.370,4.450,4.360,4.430,108365630
2026-03-24 13:30:00,4.430,4.440,4.380,4.380,47740500
2026-03-24 14:00:00,4.380,4.420,4.380,4.410,25365200
2026-03-24 14:30:00,4.410,4.430,4.400,4.410,32074933
2026-03-24 15:00:00,4.410,4.440,4.410,4.440,57699555
2026-03-25 10:00:00,4.440,4.600,4.380,4.550,224264799
2026-03-25 10:30:00,4.540,4.580,4.530,4.570,68889900
2026-03-25 11:00:00,4.560,4.590,4.540,4.590,61967309
2026-03-25 11:30:00,4.590,4.670,4.570,4.610,127857866
2026-03-25 13:30:00,4.620,4.620,4.560,4.590,54196900
2026-03-25 14:00:00,4.580,4.590,4.550,4.560,33942900
2026-03-25 14:30:00,4.560,4.560,4.520,4.540,38190802
2026-03-25 15:00:00,4.540,4.580,4.530,4.560,48497499
2026-03-26 10:00:00,4.550,4.560,4.450,4.490,151229266
2026-03-26 10:30:00,4.490,4.490,4.440,4.470,67332134
2026-03-26 11:00:00,4.470,4.510,4.460,4.470,32898200
2026-03-26 11:30:00,4.470,4.500,4.450,4.480,37834100
2026-03-26 13:30:00,4.480,4.510,4.460,4.490,37858799
2026-03-26 14:00:00,4.500,4.530,4.480,4.500,30224700
2026-03-26 14:30:00,4.500,4.500,4.470,4.480,25269628
2026-03-26 15:00:00,4.490,4.500,4.480,4.500,35040320
2026-03-27 10:00:00,4.440,4.480,4.430,4.470,95623173
2026-03-27 10:30:00,4.470,4.480,4.420,4.420,55925051
2026-03-27 11:00:00,4.420,4.450,4.410,4.410,38788738
2026-03-27 11:30:00,4.420,4.430,4.410,4.420,22984296
2026-03-27 13:30:00,4.420,4.440,4.410,4.430,24136962
2026-03-27 14:00:00,4.430,4.440,4.410,4.410,21189300
2026-03-27 14:30:00,4.420,4.430,4.410,4.430,17375050
2026-03-27 15:00:00,4.430,4.440,4.420,4.440,26522300
2026-03-30 10:00:00,4.410,4.440,4.340,4.350,126394668
2026-03-30 10:30:00,4.340,4.360,4.340,4.340,30805600
2026-03-30 11:00:00,4.350,4.350,4.330,4.350,22936800
2026-03-30 11:30:00,4.340,4.390,4.340,4.380,20323800
2026-03-30 13:30:00,4.370,4.400,4.370,4.390,13759331
2026-03-30 14:00:00,4.390,4.390,4.370,4.370,8147499
2026-03-30 14:30:00,4.380,4.390,4.370,4.370,9726300
2026-03-30 15:00:00,4.370,4.390,4.370,4.390,16716674
2026-03-31 10:00:00,4.370,4.390,4.340,4.350,55970831
2026-03-31 10:30:00,4.360,4.360,4.320,4.330,47924100
2026-03-31 11:00:00,4.330,4.330,4.310,4.310,32165500
2026-03-31 11:30:00,4.320,4.320,4.290,4.300,32545500
2026-03-31 13:30:00,4.300,4.320,4.300,4.320,15643600
2026-03-31 14:00:00,4.320,4.320,4.290,4.300,18088200
2026-03-31 14:30:00,4.300,4.300,4.280,4.280,24871111
2026-03-31 15:00:00,4.280,4.290,4.260,4.260,39001900
2026-04-01 10:00:00,4.220,4.250,4.160,4.180,186570895
2026-04-01 10:30:00,4.180,4.180,4.160,4.170,40882900
2026-04-01 11:00:00,4.180,4.180,4.160,4.160,40344806
2026-04-01 11:30:00,4.170,4.170,4.160,4.170,17643800
2026-04-01 13:30:00,4.170,4.170,4.150,4.160,37891100
2026-04-01 14:00:00,4.160,4.170,4.150,4.150,31724500
2026-04-01 14:30:00,4.150,4.170,4.150,4.160,15397700
2026-04-01 15:00:00,4.170,4.180,4.160,4.180,32555500
2026-04-02 10:00:00,4.160,4.180,4.140,4.170,52232859
2026-04-02 10:30:00,4.170,4.170,4.140,4.140,27055600
2026-04-02 11:00:00,4.150,4.160,4.140,4.150,14800400
2026-04-02 11:30:00,4.150,4.160,4.150,4.160,6655900
2026-04-02 13:30:00,4.150,4.200,4.150,4.180,39677143
2026-04-02 14:00:00,4.180,4.190,4.160,4.160,16784400
2026-04-02 14:30:00,4.160,4.170,4.160,4.160,13954094
2026-04-02 15:00:00,4.160,4.180,4.160,4.180,25597561
