date,open,high,low,close,volume
2025-03-27 14:30:00,9.730,9.750,9.710,9.730,2045184
2025-03-27 15:00:00,9.730,9.740,9.710,9.730,3691448
2025-03-28 10:00:00,9.760,9.790,9.720,9.730,5807076
2025-03-28 10:30:00,9.730,9.800,9.720,9.770,5370132
2025-03-28 11:00:00,9.770,9.790,9.730,9.740,4153000
2025-03-28 11:30:00,9.740,9.760,9.720,9.730,2404096
2025-03-28 13:30:00,9.730,9.770,9.730,9.730,2193380
2025-03-28 14:00:00,9.730,9.800,9.730,9.790,4729334
2025-03-28 14:30:00,9.790,9.790,9.770,9.770,2363304
2025-03-28 15:00:00,9.780,9.780,9.760,9.760,3297112
2025-03-31 10:00:00,9.710,9.750,9.590,9.640,12612024
2025-03-31 10:30:00,9.640,9.660,9.540,9.550,8356596
2025-03-31 11:00:00,9.540,9.550,9.480,9.510,9309228
2025-03-31 11:30:00,9.510,9.520,9.430,9.450,7216000
2025-03-31 13:30:00,9.450,9.470,9.440,9.450,4791356
2025-03-31 14:00:00,9.440,9.460,9.400,9.410,5493632
2025-03-31 14:30:00,9.410,9.480,9.400,9.450,5672656
2025-03-31 15:00:00,9.450,9.470,9.420,9.440,6003525
2025-04-01 10:00:00,9.450,9.480,9.400,9.440,9856200
2025-04-01 10:30:00,9.440,9.500,9.440,9.460,6181200
2025-04-01 11:00:00,9.450,9.460,9.420,9.430,4401000
2025-04-01 11:30:00,9.430,9.460,9.420,9.430,3667094
2025-04-01 13:30:00,9.430,9.450,9.380,9.390,8021382
2025-04-01 14:00:00,9.390,9.400,9.350,9.360,6361800
2025-04-01 14:30:00,9.370,9.380,9.350,9.370,4150092
2025-04-01 15:00:00,9.370,9.400,9.360,9.380,4440866
2025-04-02 10:00:00,9.360,9.420,9.340,9.400,8054280
2025-04-02 10:30:00,9.400,9.420,9.390,9.400,3734180
2025-04-02 11:00:00,9.400,9.400,9.360,9.370,2465120
2025-04-02 11:30:00,9.370,9.380,9.350,9.360,2765540
2025-04-02 13:30:00,9.370,9.390,9.360,9.380,2050100
2025-04-02 14:00:00,9.380,9.390,9.360,9.380,1740696
2025-04-02 14:30:00,9.370,9.390,9.360,9.360,1890428
2025-04-02 15:00:00,9.360,9.390,9.360,9.380,4202096
2025-04-03 10:00:00,9.310,9.410,9.280,9.380,9757900
2025-04-03 10:30:00,9.390,9.420,9.350,9.410,3399960
2025-04-03 11:00:00,9.410,9.410,9.370,9.370,1441570
2025-04-03 11:30:00,9.380,9.380,9.320,9.320,2535080
2025-04-03 13:30:00,9.330,9.340,9.310,9.330,2803052
2025-04-03 14:00:00,9.330,9.370,9.320,9.350,1705692
2025-04-03 14:30:00,9.360,9.380,9.350,9.370,1938600
2025-04-03 15:00:00,9.370,9.390,9.360,9.370,3513586
2025-04-07 10:00:00,9.000,9.000,8.500,8.700,35580291
2025-04-07 10:30:00,8.700,8.720,8.580,8.620,7810640
2025-04-07 11:00:00,8.630,8.700,8.580,8.630,4919672
2025-04-07 11:30:00,8.630,8.640,8.560,8.570,3915268
2025-04-07 13:30:00,8.570,8.580,8.450,8.510,9117960
2025-04-07 14:00:00,8.520,8.550,8.430,8.470,8359114
2025-04-07 14:30:00,8.460,8.470,8.430,8.430,6579680
2025-04-07 15:00:00,8.430,8.520,8.430,8.460,12405066
2025-04-08 10:00:00,8.520,8.720,8.480,8.660,30169533
2025-04-08 10:30:00,8.670,8.700,8.550,8.560,8652792
2025-04-08 11:00:00,8.570,8.610,8.540,8.570,3780888
2025-04-08 11:30:00,8.560,8.650,8.550,8.630,5612538
2025-04-08 13:30:00,8.630,8.650,8.600,8.600,6489276
2025-04-08 14:00:00,8.600,8.640,8.570,8.620,6519180
2025-04-08 14:30:00,8.630,8.640,8.580,8.620,5039628
2025-04-08 15:00:00,8.620,8.700,8.600,8.700,10658332
2025-04-09 10:00:00,8.650,8.700,8.520,8.690,17408148
2025-04-09 10:30:00,8.690,8.800,8.690,8.760,10918848
2025-04-09 11:00:00,8.770,8.780,8.720,8.780,4224728
2025-04-09 11:30:00,8.780,8.850,8.740,8.810,4942540
2025-04-09 13:30:00,8.810,8.870,8.760,8.860,6058688
2025-04-09 14:00:00,8.860,8.960,8.850,8.870,8987020
2025-04-09 14:30:00,8.870,8.890,8.840,8.850,4314808
2025-04-09 15:00:00,8.860,8.910,8.830,8.880,9205924
2025-04-10 10:00:00,9.100,9.110,8.920,9.070,17218433
2025-04-10 10:30:00,9.080,9.090,9.030,9.040,6130480
2025-04-10 11:00:00,9.050,9.060,9.010,9.030,4419528
2025-04-10 11:30:00,9.030,9.060,9.010,9.050,3955528
2025-04-10 13:30:00,9.050,9.090,9.000,9.070,6032976
2025-04-10 14:00:00,9.080,9.080,9.040,9.060,2637180
2025-04-10 14:30:00,9.060,9.080,9.040,9.040,2803460
2025-04-10 15:00:00,9.050,9.060,9.010,9.050,7091212
2025-04-11 10:00:00,9.010,9.030,8.970,9.000,6572484
2025-04-11 10:30:00,9.000,9.040,8.990,9.000,3578636
2025-04-11 11:00:00,9.000,9.020,8.990,8.990,1590381
2025-04-11 11:30:00,8.990,9.040,8.990,9.030,2459316
2025-04-11 13:30:00,9.030,9.070,9.020,9.050,5008379
2025-04-11 14:00:00,9.050,9.100,9.030,9.050,4935148
2025-04-11 14:30:00,9.060,9.090,9.030,9.030,3715708
2025-04-11 15:00:00,9.030,9.050,9.010,9.030,5107332
2025-04-14 10:00:00,9.100,9.110,9.030,9.060,6936140
2025-04-14 10:30:00,9.070,9.080,9.040,9.050,4310900
2025-04-14 11:00:00,9.050,9.090,9.040,9.070,3288456
2025-04-14 11:30:00,9.080,9.090,9.050,9.050,2389668
2025-04-14 13:30:00,9.060,9.070,9.030,9.050,3854600
2025-04-14 14:00:00,9.050,9.050,9.020,9.050,2237552
2025-04-14 14:30:00,9.040,9.060,9.030,9.040,1815688
2025-04-14 15:00:00,9.050,9.070,9.030,9.040,4104549
2025-04-15 10:00:00,9.060,9.060,8.980,8.980,5574052
2025-04-15 10:30:00,8.990,9.010,8.980,9.000,3119753
2025-04-15 11:00:00,9.010,9.040,9.000,9.020,2230400
2025-04-15 11:30:00,9.030,9.060,9.020,9.060,2963652
2025-04-15 13:30:00,9.060,9.060,9.020,9.050,1933560
2025-04-15 14:00:00,9.050,9.060,9.030,9.050,2571672
2025-04-15 14:30:00,9.050,9.060,9.040,9.040,2362560
2025-04-15 15:00:00,9.050,9.080,9.030,9.070,5693000
2025-04-16 10:00:00,9.070,9.070,9.000,9.000,3449284
2025-04-16 10:30:00,9.000,9.020,8.990,8.990,3034522
2025-04-16 11:00:00,8.990,9.010,8.970,8.980,1770019
2025-04-16 11:30:00,8.990,8.990,8.950,8.980,3287694
2025-04-16 13:30:00,8.980,9.040,8.960,9.000,4519170
2025-04-16 14:00:00,9.000,9.070,9.000,9.060,4802502
2025-04-16 14:30:00,9.060,9.070,9.050,9.060,2013436
2025-04-16 15:00:00,9.060,9.160,9.030,9.160,12563372
2025-04-17 10:00:00,9.110,9.140,9.060,9.130,7013296
2025-04-17 10:30:00,9.120,9.140,9.100,9.110,2453708
2025-04-17 11:00:00,9.100,9.110,9.060,9.090,2587292
2025-04-17 11:30:00,9.080,9.100,9.070,9.090,1523603
2025-04-17 13:30:00,9.090,9.090,9.060,9.080,2704730
2025-04-17 14:00:00,9.080,9.090,9.060,9.080,2176848
2025-04-17 14:30:00,9.080,9.130,9.070,9.100,3305900
2025-04-17 15:00:00,9.100,9.120,9.070,9.120,5763392
2025-04-18 10:00:00,9.090,9.100,9.060,9.100,3508284
2025-04-18 10:30:00,9.100,9.110,9.080,9.090,2054400
2025-04-18 11:00:00,9.080,9.110,9.080,9.110,1017244
2025-04-18 11:30:00,9.110,9.110,9.080,9.100,1204100
2025-04-18 13:30:00,9.090,9.120,9.080,9.110,1992900
2025-04-18 14:00:00,9.110,9.170,9.100,9.160,4650672
2025-04-18 14:30:00,9.160,9.170,9.140,9.150,3024880
2025-04-18 15:00:00,9.150,9.170,9.130,9.150,5293946
2025-04-21 10:00:00,9.120,9.190,9.100,9.160,5018296
2025-04-21 10:30:00,9.150,9.180,9.150,9.170,2165475
2025-04-21 11:00:00,9.170,9.170,9.140,9.170,2187892
2025-04-21 11:30:00,9.160,9.180,9.150,9.160,1486800
2025-04-21 13:30:00,9.160,9.170,9.150,9.170,1529400
2025-04-21 14:00:00,9.170,9.180,9.160,9.180,1824736
2025-04-21 14:30:00,9.170,9.180,9.160,9.160,1720412
2025-04-21 15:00:00,9.160,9.180,9.150,9.170,3255592
2025-04-22 10:00:00,9.160,9.180,9.120,9.180,4052248
2025-04-22 10:30:00,9.170,9.180,9.130,9.150,4649260
2025-04-22 11:00:00,9.150,9.160,9.120,9.140,2171976
2025-04-22 11:30:00,9.130,9.150,9.120,9.130,1526944
2025-04-22 13:30:00,9.130,9.140,9.110,9.130,2255136
2025-04-22 14:00:00,9.120,9.150,9.120,9.140,2109845
2025-04-22 14:30:00,9.140,9.180,9.120,9.140,3751184
2025-04-22 15:00:00,9.140,9.150,9.120,9.120,2704066
2025-04-23 10:00:00,9.150,9.170,9.110,9.110,5926784
2025-04-23 10:30:00,9.120,9.120,9.090,9.110,2613428
2025-04-23 11:00:00,9.100,9.130,9.090,9.130,1588844
2025-04-23 11:30:00,9.130,9.150,9.110,9.140,2136602
2025-04-23 13:30:00,9.140,9.160,9.120,9.140,2299808
2025-04-23 14:00:00,9.150,9.170,9.140,9.140,2852610
2025-04-23 14:30:00,9.150,9.150,9.120,9.140,1766067
2025-04-23 15:00:00,9.140,9.150,9.130,9.140,2763020
2025-04-24 10:00:00,9.150,9.160,9.110,9.150,2651878
2025-04-24 10:30:00,9.160,9.180,9.150,9.170,3558036
2025-04-24 11:00:00,9.180,9.180,9.120,9.120,2308160
2025-04-24 11:30:00,9.120,9.130,9.070,9.110,3532044
2025-04-24 13:30:00,9.110,9.130,9.100,9.130,1615621
2025-04-24 14:00:00,9.120,9.150,9.120,9.150,2011428
2025-04-24 14:30:00,9.150,9.150,9.130,9.140,1113760
2025-04-24 15:00:00,9.130,9.150,9.120,9.140,3128373
2025-04-25 10:00:00,9.150,9.180,9.120,9.150,3376400
2025-04-25 10:30:00,9.140,9.190,9.140,9.170,2981528
2025-04-25 11:00:00,9.170,9.190,9.160,9.170,2435800
2025-04-25 11:30:00,9.160,9.200,9.160,9.190,2909797
2025-04-25 13:30:00,9.190,9.200,9.180,9.180,1696800
2025-04-25 14:00:00,9.180,9.200,9.170,9.170,2078976
2025-04-25 14:30:00,9.170,9.180,9.160,9.170,1523064
2025-04-25 15:00:00,9.170,9.180,9.150,9.170,3295352
2025-04-28 10:00:00,9.170,9.170,9.060,9.070,6514188
2025-04-28 10:30:00,9.060,9.120,9.050,9.110,3007228
2025-04-28 11:00:00,9.100,9.150,9.100,9.120,2238860
2025-04-28 11:30:00,9.130,9.140,9.120,9.130,1163500
2025-04-28 13:30:00,9.140,9.170,9.120,9.170,3024176
2025-04-28 14:00:00,9.170,9.170,9.150,9.170,1634438
2025-04-28 14:30:00,9.170,9.170,9.140,9.160,2397200
2025-04-28 15:00:00,9.160,9.170,9.140,9.140,3554509
2025-04-29 10:00:00,9.130,9.170,9.100,9.150,3293340
2025-04-29 10:30:00,9.140,9.160,9.120,9.120,2479200
2025-04-29 11:00:00,9.130,9.140,9.120,9.130,1235162
2025-04-29 11:30:00,9.130,9.130,9.110,9.110,1020642
2025-04-29 13:30:00,9.110,9.120,9.080,9.090,2840514
2025-04-29 14:00:00,9.100,9.100,9.080,9.100,1506252
2025-04-29 14:30:00,9.100,9.120,9.090,9.090,1548024
2025-04-29 15:00:00,9.100,9.110,9.080,9.100,4673972
2025-04-30 10:00:00,9.130,9.210,9.120,9.170,8310084
2025-04-30 10:30:00,9.170,9.200,9.170,9.190,2500308
2025-04-30 11:00:00,9.200,9.200,9.160,9.180,1501340
2025-04-30 11:30:00,9.180,9.200,9.170,9.170,1914629
2025-04-30 13:30:00,9.170,9.180,9.150,9.160,2142900
2025-04-30 14:00:00,9.170,9.180,9.150,9.170,1104344
2025-04-30 14:30:00,9.180,9.180,9.160,9.170,1355716
2025-04-30 15:00:00,9.170,9.170,9.140,9.160,3854300
2025-05-06 10:00:00,9.200,9.250,9.170,9.220,6937450
2025-05-06 10:30:00,9.230,9.280,9.220,9.270,5491056
2025-05-06 11:00:00,9.270,9.270,9.250,9.270,3091904
2025-05-06 11:30:00,9.270,9.280,9.250,9.280,2584946
2025-05-06 13:30:00,9.280,9.280,9.260,9.280,3615980
2025-05-06 14:00:00,9.280,9.280,9.250,9.260,2698925
2025-05-06 14:30:00,9.270,9.280,9.260,9.270,2528068
2025-05-06 15:00:00,9.270,9.300,9.270,9.290,5204984
2025-05-07 10:00:00,9.580,9.620,9.370,9.390,22310576
2025-05-07 10:30:00,9.400,9.410,9.360,9.370,4164300
2025-05-07 11:00:00,9.380,9.390,9.350,9.370,2743212
2025-05-07 11:30:00,9.370,9.370,9.340,9.370,3084627
2025-05-07 13:30:00,9.370,9.370,9.330,9.330,2551025
2025-05-07 14:00:00,9.330,9.350,9.320,9.320,2215388
2025-05-07 14:30:00,9.320,9.330,9.300,9.320,3574440
2025-05-07 15:00:00,9.330,9.350,9.310,9.340,6684007
2025-05-08 10:00:00,9.310,9.440,9.290,9.410,9999272
2025-05-08 10:30:00,9.400,9.410,9.360,9.400,3220400
2025-05-08 11:00:00,9.410,9.420,9.380,9.420,3223155
2025-05-08 11:30:00,9.420,9.430,9.390,9.390,2055143
2025-05-08 13:30:00,9.400,9.410,9.360,9.370,2410400
2025-05-08 14:00:00,9.370,9.390,9.370,9.390,1462149
2025-05-08 14:30:00,9.390,9.400,9.380,9.380,1707912
2025-05-08 15:00:00,9.390,9.420,9.370,9.380,4922456
2025-05-09 10:00:00,9.380,9.400,9.310,9.330,5266400
2025-05-09 10:30:00,9.320,9.330,9.280,9.280,3274884
2025-05-09 11:00:00,9.280,9.290,9.250,9.260,2875200
2025-05-09 11:30:00,9.250,9.270,9.250,9.260,1418269
2025-05-09 13:30:00,9.260,9.290,9.260,9.290,1548767
2025-05-09 14:00:00,9.280,9.300,9.270,9.280,1511700
2025-05-09 14:30:00,9.280,9.290,9.260,9.270,1596888
2025-05-09 15:00:00,9.260,9.320,9.260,9.290,5984530
2025-05-12 10:00:00,9.360,9.380,9.300,9.330,5856246
2025-05-12 10:30:00,9.330,9.410,9.320,9.390,5849224
2025-05-12 11:00:00,9.390,9.470,9.380,9.450,7123984
2025-05-12 11:30:00,9.440,9.490,9.440,9.480,7695688
2025-05-12 13:30:00,9.480,9.520,9.460,9.510,7412351
2025-05-12 14:00:00,9.520,9.540,9.500,9.510,5001096
2025-05-12 14:30:00,9.510,9.570,9.500,9.550,8298548
2025-05-12 15:00:00,9.550,9.560,9.500,9.540,6785512
2025-05-13 10:00:00,9.570,9.580,9.470,9.480,10486894
2025-05-13 10:30:00,9.470,9.480,9.410,9.420,6839568
2025-05-13 11:00:00,9.420,9.420,9.380,9.410,6497500
2025-05-13 11:30:00,9.420,9.420,9.360,9.370,5670536
2025-05-13 13:30:00,9.360,9.390,9.360,9.370,5179443
2025-05-13 14:00:00,9.370,9.400,9.350,9.390,3120500
2025-05-13 14:30:00,9.390,9.450,9.380,9.430,5113900
2025-05-13 15:00:00,9.440,9.470,9.410,9.420,6557597
2025-05-14 10:00:00,9.430,9.440,9.350,9.360,4687116
2025-05-14 10:30:00,9.370,9.390,9.360,9.380,2667096
2025-05-14 11:00:00,9.380,9.400,9.380,9.390,2188788
2025-05-14 11:30:00,9.400,9.480,9.390,9.470,7171485
2025-05-14 13:30:00,9.460,9.620,9.450,9.600,20237459
2025-05-14 14:00:00,9.600,9.860,9.590,9.680,30009447
2025-05-14 14:30:00,9.690,9.700,9.610,9.630,7006224
2025-05-14 15:00:00,9.630,9.680,9.620,9.670,10022483
2025-05-15 10:00:00,9.600,9.640,9.520,9.520,12894276
2025-05-15 10:30:00,9.530,9.550,9.510,9.520,3818408
2025-05-15 11:00:00,9.520,9.530,9.460,9.470,5021114
2025-05-15 11:30:00,9.470,9.510,9.450,9.490,3275524
2025-05-15 13:30:00,9.490,9.510,9.440,9.450,5167466
2025-05-15 14:00:00,9.450,9.470,9.440,9.450,2834980
2025-05-15 14:30:00,9.450,9.500,9.440,9.470,3335700
2025-05-15 15:00:00,9.480,9.490,9.440,9.460,5089150
2025-05-16 10:00:00,9.430,9.470,9.400,9.460,7022040
2025-05-16 10:30:00,9.460,9.460,9.350,9.360,8107100
2025-05-16 11:00:00,9.360,9.390,9.350,9.390,2778788
2025-05-16 11:30:00,9.390,9.390,9.350,9.370,2263323
2025-05-16 13:30:00,9.370,9.390,9.350,9.370,2499220
2025-05-16 14:00:00,9.380,9.390,9.360,9.370,1606652
2025-05-16 14:30:00,9.380,9.400,9.360,9.390,2286848
2025-05-16 15:00:00,9.390,9.440,9.370,9.400,6737898
2025-05-19 10:00:00,9.380,9.420,9.330,9.380,6263811
2025-05-19 10:30:00,9.380,9.420,9.350,9.380,3741636
2025-05-19 11:00:00,9.380,9.410,9.380,9.390,1971520
2025-05-19 11:30:00,9.390,9.400,9.370,9.380,1700821
2025-05-19 13:30:00,9.380,9.410,9.370,9.400,1432319
2025-05-19 14:00:00,9.400,9.410,9.380,9.400,1527653
2025-05-19 14:30:00,9.390,9.440,9.380,9.420,2730632
2025-05-19 15:00:00,9.410,9.430,9.400,9.410,2091091
2025-05-20 10:00:00,9.440,9.450,9.370,9.400,3250472
2025-05-20 10:30:00,9.390,9.410,9.380,9.390,1493200
2025-05-20 11:00:00,9.390,9.390,9.360,9.390,3278428
2025-05-20 11:30:00,9.380,9.410,9.370,9.410,1320713
2025-05-20 13:30:00,9.410,9.440,9.390,9.420,3942400
2025-05-20 14:00:00,9.420,9.430,9.390,9.430,3299528
2025-05-20 14:30:00,9.430,9.440,9.410,9.430,1522900
2025-05-20 15:00:00,9.430,9.440,9.410,9.420,2489504
2025-05-21 10:00:00,9.420,9.440,9.400,9.410,3848804
2025-05-21 10:30:00,9.410,9.460,9.400,9.450,4065556
2025-05-21 11:00:00,9.450,9.460,9.430,9.430,1850012
2025-05-21 11:30:00,9.440,9.440,9.400,9.440,1536816
2025-05-21 13:30:00,9.440,9.440,9.410,9.420,1672997
2025-05-21 14:00:00,9.420,9.430,9.400,9.400,1626707
2025-05-21 14:30:00,9.400,9.420,9.390,9.400,1567981
2025-05-21 15:00:00,9.400,9.410,9.390,9.390,2401620
2025-05-22 10:00:00,9.390,9.400,9.320,9.370,4886740
2025-05-22 10:30:00,9.360,9.370,9.350,9.360,1711254
2025-05-22 11:00:00,9.360,9.370,9.310,9.320,3054144
2025-05-22 11:30:00,9.310,9.350,9.300,9.350,2336404
2025-05-22 13:30:00,9.350,9.350,9.320,9.330,1210444
2025-05-22 14:00:00,9.330,9.360,9.320,9.360,1267992
2025-05-22 14:30:00,9.360,9.360,9.320,9.340,1130896
2025-05-22 15:00:00,9.340,9.360,9.330,9.360,4389149
2025-05-23 10:00:00,9.370,9.380,9.320,9.360,2495340
2025-05-23 10:30:00,9.360,9.380,9.340,9.350,2263496
2025-05-23 11:00:00,9.350,9.370,9.340,9.370,1036272
2025-05-23 11:30:00,9.370,9.380,9.340,9.340,1512756
2025-05-23 13:30:00,9.350,9.350,9.330,9.340,2099500
2025-05-23 14:00:00,9.330,9.340,9.310,9.320,2232904
2025-05-23 14:30:00,9.320,9.320,9.230,9.290,10316981
2025-05-23 15:00:00,9.290,9.310,9.260,9.270,3874200
2025-05-26 10:00:00,9.250,9.310,9.240,9.280,3889224
2025-05-26 10:30:00,9.290,9.300,9.250,9.300,2496785
2025-05-26 11:00:00,9.300,9.300,9.250,9.250,1280761
2025-05-26 11:30:00,9.250,9.260,9.220,9.220,2342329
2025-05-26 13:30:00,9.230,9.250,9.220,9.230,1905790
2025-05-26 14:00:00,9.240,9.260,9.220,9.230,1883761
2025-05-26 14:30:00,9.240,9.260,9.230,9.240,1618920
2025-05-26 15:00:00,9.230,9.260,9.230,9.250,2512996
2025-05-27 10:00:00,9.240,9.280,9.220,9.240,2435456
2025-05-27 10:30:00,9.250,9.260,9.230,9.240,1267000
2025-05-27 11:00:00,9.250,9.260,9.220,9.220,1587200
2025-05-27 11:30:00,9.230,9.230,9.210,9.220,1387959
2025-05-27 13:30:00,9.220,9.250,9.220,9.230,2069451
2025-05-27 14:00:00,9.220,9.240,9.210,9.220,1213844
2025-05-27 14:30:00,9.230,9.260,9.220,9.250,1485832
2025-05-27 15:00:00,9.250,9.270,9.240,9.260,2276709
2025-05-28 10:00:00,9.250,9.270,9.230,9.240,1820128
2025-05-28 10:30:00,9.240,9.250,9.200,9.210,2953728
2025-05-28 11:00:00,9.210,9.230,9.200,9.220,1160756
2025-05-28 11:30:00,9.220,9.230,9.200,9.220,1101812
2025-05-28 13:30:00,9.210,9.220,9.200,9.210,1034100
2025-05-28 14:00:00,9.210,9.220,9.200,9.210,1118734
2025-05-28 14:30:00,9.210,9.220,9.180,9.220,2754278
2025-05-28 15:00:00,9.220,9.230,9.200,9.200,2408356
2025-05-29 10:00:00,9.200,9.290,9.200,9.280,5025244
2025-05-29 10:30:00,9.280,9.290,9.250,9.280,3791500
2025-05-29 11:00:00,9.280,9.320,9.260,9.300,4090426
2025-05-29 11:30:00,9.310,9.320,9.290,9.310,1555268
2025-05-29 13:30:00,9.310,9.320,9.300,9.300,1879656
2025-05-29 14:00:00,9.300,9.340,9.300,9.320,2268156
2025-05-29 14:30:00,9.330,9.340,9.320,9.330,2028092
2025-05-29 15:00:00,9.330,9.340,9.320,9.320,2554544
2025-05-30 10:00:00,9.310,9.350,9.270,9.270,3720000
2025-05-30 10:30:00,9.270,9.300,9.270,9.300,2326452
2025-05-30 11:00:00,9.300,9.320,9.280,9.310,1306640
2025-05-30 11:30:00,9.310,9.330,9.290,9.310,2375356
2025-05-30 13:30:00,9.320,9.350,9.310,9.340,2243888
2025-05-30 14:00:00,9.340,9.340,9.320,9.330,877700
2025-05-30 14:30:00,9.330,9.330,9.310,9.320,1132148
2025-05-30 15:00:00,9.320,9.340,9.310,9.330,3914276
2025-06-03 10:00:00,9.300,9.350,9.250,9.340,4347088
2025-06-03 10:30:00,9.340,9.350,9.310,9.320,1328880
2025-06-03 11:00:00,9.320,9.360,9.320,9.360,2404041
2025-06-03 11:30:00,9.360,9.470,9.350,9.420,9168851
2025-06-03 13:30:00,9.420,9.470,9.390,9.460,5697432
2025-06-03 14:00:00,9.460,9.500,9.440,9.500,4955759
2025-06-03 14:30:00,9.500,9.520,9.480,9.500,5496117
2025-06-03 15:00:00,9.500,9.510,9.480,9.500,4791466
2025-06-04 10:00:00,9.490,9.550,9.460,9.530,6932492
2025-06-04 10:30:00,9.530,9.580,9.520,9.520,4813200
2025-06-04 11:00:00,9.530,9.550,9.500,9.540,3034336
2025-06-04 11:30:00,9.550,9.600,9.530,9.580,6458216
2025-06-04 13:30:00,9.590,9.600,9.560,9.580,3563884
2025-06-04 14:00:00,9.580,9.590,9.570,9.590,1917500
2025-06-04 14:30:00,9.590,9.590,9.570,9.570,2363020
2025-06-04 15:00:00,9.580,9.580,9.560,9.580,4367576
2025-06-05 10:00:00,9.580,9.610,9.550,9.560,5832860
2025-06-05 10:30:00,9.560,9.590,9.550,9.580,3184740
2025-06-05 11:00:00,9.570,9.600,9.570,9.600,2469312
2025-06-05 11:30:00,9.600,9.620,9.580,9.610,3523870
2025-06-05 13:30:00,9.600,9.600,9.550,9.580,2923648
2025-06-05 14:00:00,9.570,9.610,9.570,9.590,3242300
2025-06-05 14:30:00,9.600,9.610,9.580,9.600,2433211
2025-06-05 15:00:00,9.600,9.640,9.590,9.600,6240669
2025-06-06 10:00:00,9.620,9.630,9.550,9.560,4585468
2025-06-06 10:30:00,9.560,9.570,9.530,9.540,4248040
2025-06-06 11:00:00,9.550,9.560,9.540,9.560,1295000
2025-06-06 11:30:00,9.560,9.560,9.520,9.520,2705500
2025-06-06 13:30:00,9.530,9.540,9.500,9.510,2223308
2025-06-06 14:00:00,9.510,9.520,9.500,9.520,2047524
2025-06-06 14:30:00,9.510,9.530,9.500,9.500,1795520
2025-06-06 15:00:00,9.510,9.520,9.500,9.510,3374840
2025-06-09 10:00:00,9.610,9.670,9.560,9.610,10043636
2025-06-09 10:30:00,9.600,9.610,9.580,9.590,4242967
2025-06-09 11:00:00,9.580,9.620,9.580,9.600,2485401
2025-06-09 11:30:00,9.600,9.610,9.560,9.570,1686500
2025-06-09 13:30:00,9.570,9.570,9.530,9.540,2968200
2025-06-09 14:00:00,9.550,9.560,9.530,9.550,1572976
2025-06-09 14:30:00,9.550,9.570,9.540,9.550,1217404
2025-06-09 15:00:00,9.560,9.580,9.550,9.560,2416842
2025-06-10 10:00:00,9.580,9.580,9.520,9.530,4740700
2025-06-10 10:30:00,9.540,9.570,9.520,9.550,2726948
2025-06-10 11:00:00,9.560,9.560,9.530,9.530,1339800
2025-06-10 11:30:00,9.530,9.540,9.520,9.530,1599900
2025-06-10 13:30:00,9.530,9.560,9.410,9.410,5878560
2025-06-10 14:00:00,9.410,9.490,9.400,9.450,3968862
2025-06-10 14:30:00,9.460,9.470,9.430,9.460,1689200
2025-06-10 15:00:00,9.450,9.470,9.450,9.460,2864282
2025-06-11 10:00:00,9.480,9.710,9.460,9.680,20217406
2025-06-11 10:30:00,9.690,9.720,9.610,9.630,6820500
2025-06-11 11:00:00,9.630,9.640,9.600,9.610,2423380
2025-06-11 11:30:00,9.610,9.630,9.600,9.620,2344396
2025-06-11 13:30:00,9.620,9.640,9.600,9.600,2084255
2025-06-11 14:00:00,9.600,9.630,9.590,9.600,3334960
2025-06-11 14:30:00,9.610,9.660,9.600,9.640,4787205
2025-06-11 15:00:00,9.640,9.650,9.590,9.610,5228556
2025-06-12 10:00:00,9.590,9.610,9.540,9.560,8480105
2025-06-12 10:30:00,9.560,9.600,9.550,9.600,4036084
2025-06-12 11:00:00,9.590,9.660,9.590,9.640,4771529
2025-06-12 11:30:00,9.650,9.660,9.600,9.620,2742504
2025-06-12 13:30:00,9.630,9.630,9.610,9.610,2343948
2025-06-12 14:00:00,9.610,9.620,9.580,9.590,6192346
2025-06-12 14:30:00,9.590,9.600,9.550,9.560,5759900
2025-06-12 15:00:00,9.570,9.570,9.540,9.560,5651484
2025-06-13 10:00:00,9.570,9.640,9.520,9.560,8349389
2025-06-13 10:30:00,9.560,9.580,9.510,9.520,5766128
2025-06-13 11:00:00,9.520,9.530,9.470,9.510,4745955
2025-06-13 11:30:00,9.500,9.530,9.490,9.530,2244531
2025-06-13 13:30:00,9.530,9.530,9.480,9.520,3512957
2025-06-13 14:00:00,9.520,9.540,9.510,9.530,2614724
2025-06-13 14:30:00,9.530,9.550,9.530,9.530,2605980
2025-06-13 15:00:00,9.540,9.550,9.500,9.540,4682312
2025-06-16 10:00:00,9.500,9.600,9.500,9.560,8432350
2025-06-16 10:30:00,9.560,9.580,9.530,9.540,2762024
2025-06-16 11:00:00,9.530,9.550,9.510,9.540,1998428
2025-06-16 11:30:00,9.530,9.540,9.510,9.520,1792412
2025-06-16 13:30:00,9.520,9.570,9.500,9.570,2172400
2025-06-16 14:00:00,9.560,9.580,9.540,9.580,1797312
2025-06-16 14:30:00,9.580,9.610,9.560,9.600,3850041
2025-06-16 15:00:00,9.590,9.650,9.590,9.640,6736697
2025-06-17 10:00:00,9.610,9.650,9.590,9.640,3836230
2025-06-17 10:30:00,9.640,9.650,9.600,9.610,2885886
2025-06-17 11:00:00,9.600,9.640,9.590,9.630,2079856
2025-06-17 11:30:00,9.630,9.650,9.610,9.610,1450300
2025-06-17 13:30:00,9.610,9.640,9.590,9.640,2670568
2025-06-17 14:00:00,9.640,9.650,9.620,9.630,2337516
2025-06-17 14:30:00,9.630,9.640,9.610,9.620,2618184
2025-06-17 15:00:00,9.620,9.660,9.610,9.660,5709324
2025-06-18 10:00:00,9.610,9.640,9.580,9.590,4717820
2025-06-18 10:30:00,9.590,9.600,9.490,9.510,5936100
2025-06-18 11:00:00,9.500,9.540,9.490,9.490,2641200
2025-06-18 11:30:00,9.500,9.510,9.470,9.510,2864161
2025-06-18 13:30:00,9.510,9.520,9.490,9.510,1725236
2025-06-18 14:00:00,9.510,9.540,9.500,9.530,2178980
2025-06-18 14:30:00,9.520,9.540,9.510,9.520,2008172
2025-06-18 15:00:00,9.530,9.540,9.510,9.520,1899612
2025-06-19 10:00:00,9.510,9.520,9.420,9.430,5904276
2025-06-19 10:30:00,9.440,9.450,9.380,9.390,4253168
2025-06-19 11:00:00,9.380,9.400,9.360,9.370,2853724
2025-06-19 11:30:00,9.370,9.370,9.320,9.340,4200884
2025-06-19 13:30:00,9.340,9.340,9.290,9.330,4285708
2025-06-19 14:00:00,9.330,9.350,9.310,9.320,2042220
2025-06-19 14:30:00,9.320,9.350,9.310,9.330,2841036
2025-06-19 15:00:00,9.330,9.340,9.300,9.310,3576600
2025-06-20 10:00:00,9.310,9.380,9.290,9.360,3380964
2025-06-20 10:30:00,9.350,9.360,9.310,9.330,1744360
2025-06-20 11:00:00,9.340,9.350,9.320,9.330,984168
2025-06-20 11:30:00,9.330,9.350,9.310,9.340,1104048
2025-06-20 13:30:00,9.340,9.350,9.330,9.340,1232536
2025-06-20 14:00:00,9.340,9.350,9.320,9.330,1207100
2025-06-20 14:30:00,9.330,9.330,9.300,9.310,1959480
2025-06-20 15:00:00,9.300,9.310,9.290,9.290,3462056
2025-06-23 10:00:00,9.260,9.350,9.230,9.320,6005846
2025-06-23 10:30:00,9.310,9.340,9.310,9.340,2276268
2025-06-23 11:00:00,9.340,9.360,9.320,9.350,1630736
2025-06-23 11:30:00,9.340,9.350,9.320,9.320,1007100
2025-06-23 13:30:00,9.330,9.370,9.310,9.360,3012360
2025-06-23 14:00:00,9.370,9.390,9.350,9.370,2266100
2025-06-23 14:30:00,9.370,9.450,9.370,9.450,5413295
2025-06-23 15:00:00,9.450,9.480,9.430,9.430,5472980
2025-06-24 10:00:00,9.450,9.580,9.450,9.570,11737964
2025-06-24 10:30:00,9.570,9.700,9.550,9.640,18179332
2025-06-24 11:00:00,9.640,9.660,9.600,9.610,5550308
2025-06-24 11:30:00,9.600,9.630,9.590,9.590,3267868
2025-06-24 13:30:00,9.590,9.630,9.590,9.610,3316812
2025-06-24 14:00:00,9.610,9.640,9.610,9.610,2945536
2025-06-24 14:30:00,9.620,9.630,9.590,9.620,3746084
2025-06-24 15:00:00,9.620,9.630,9.600,9.630,4207696
2025-06-25 10:00:00,9.640,9.770,9.620,9.740,19060436
2025-06-25 10:30:00,9.740,9.750,9.670,9.680,5391239
2025-06-25 11:00:00,9.680,9.750,9.670,9.750,5651144
2025-06-25 11:30:00,9.740,9.820,9.720,9.820,12756246
2025-06-25 13:30:00,9.820,9.880,9.770,9.870,14750666
2025-06-25 14:00:00,9.880,9.890,9.830,9.870,10119532
2025-06-25 14:30:00,9.880,9.980,9.870,9.970,19353468
2025-06-25 15:00:00,9.960,9.980,9.920,9.940,15299234
2025-06-26 10:00:00,9.940,9.970,9.790,9.870,21364904
2025-06-26 10:30:00,9.870,9.890,9.850,9.860,6464100
2025-06-26 11:00:00,9.870,9.910,9.860,9.900,3348380
2025-06-26 11:30:00,9.890,9.970,9.880,9.960,5523856
2025-06-26 13:30:00,9.970,9.970,9.900,9.940,5883900
2025-06-26 14:00:00,9.930,9.960,9.860,9.860,5427112
2025-06-26 14:30:00,9.870,9.880,9.840,9.860,3559836
2025-06-26 15:00:00,9.860,9.880,9.850,9.870,5556655
2025-06-27 10:00:00,9.800,9.950,9.760,9.900,12041227
2025-06-27 10:30:00,9.900,9.970,9.790,9.800,12039224
2025-06-27 11:00:00,9.800,9.810,9.750,9.780,7392496
2025-06-27 11:30:00,9.790,9.800,9.740,9.760,4504600
2025-06-27 13:30:00,9.760,9.790,9.740,9.760,4727940
2025-06-27 14:00:00,9.750,9.780,9.700,9.710,7124944
2025-06-27 14:30:00,9.710,9.760,9.700,9.720,4918490
2025-06-27 15:00:00,9.730,9.750,9.700,9.720,5208500
2025-06-30 10:00:00,9.720,9.770,9.650,9.660,10117764
2025-06-30 10:30:00,9.670,9.700,9.620,9.700,6625312
2025-06-30 11:00:00,9.700,9.720,9.660,9.670,2513328
2025-06-30 11:30:00,9.670,9.680,9.650,9.650,2334748
2025-06-30 13:30:00,9.650,9.700,9.640,9.690,3075327
2025-06-30 14:00:00,9.690,9.700,9.670,9.680,2405668
2025-06-30 14:30:00,9.690,9.700,9.670,9.700,2725668
2025-06-30 15:00:00,9.700,9.710,9.670,9.680,5450900
2025-07-01 10:00:00,9.680,9.690,9.610,9.620,7042263
2025-07-01 10:30:00,9.620,9.650,9.610,9.640,3979578
2025-07-01 11:00:00,9.640,9.650,9.600,9.610,4400800
2025-07-01 11:30:00,9.600,9.620,9.590,9.610,3014596
2025-07-01 13:30:00,9.610,9.640,9.590,9.620,2225088
2025-07-01 14:00:00,9.630,9.670,9.620,9.670,3406988
2025-07-01 14:30:00,9.670,9.670,9.620,9.630,2483712
2025-07-01 15:00:00,9.640,9.650,9.620,9.640,2584192
2025-07-02 10:00:00,9.650,9.660,9.600,9.620,5967013
2025-07-02 10:30:00,9.620,9.660,9.610,9.630,3262768
2025-07-02 11:00:00,9.620,9.650,9.610,9.640,2550300
2025-07-02 11:30:00,9.640,9.640,9.610,9.610,1797180
2025-07-02 13:30:00,9.610,9.640,9.610,9.620,2485025
2025-07-02 14:00:00,9.620,9.630,9.590,9.590,3037200
2025-07-02 14:30:00,9.600,9.610,9.580,9.600,2681600
2025-07-02 15:00:00,9.600,9.620,9.590,9.610,3054695
2025-07-03 10:00:00,9.640,9.680,9.630,9.650,6014480
2025-07-03 10:30:00,9.650,9.670,9.620,9.640,2863236
2025-07-03 11:00:00,9.630,9.660,9.630,9.640,1353400
2025-07-03 11:30:00,9.630,9.700,9.630,9.680,5339015
2025-07-03 13:30:00,9.680,9.680,9.650,9.670,2067796
2025-07-03 14:00:00,9.660,9.710,9.660,9.690,3600500
2025-07-03 14:30:00,9.680,9.700,9.670,9.680,2997616
2025-07-03 15:00:00,9.680,9.700,9.660,9.680,3839660
2025-07-04 10:00:00,9.680,9.690,9.630,9.650,3399428
2025-07-04 10:30:00,9.650,9.650,9.610,9.650,3050280
2025-07-04 11:00:00,9.650,9.720,9.630,9.700,4729396
2025-07-04 11:30:00,9.690,9.710,9.670,9.680,2863385
2025-07-04 13:30:00,9.690,9.800,9.680,9.790,10844453
2025-07-04 14:00:00,9.780,9.790,9.720,9.730,4166949
2025-07-04 14:30:00,9.720,9.730,9.670,9.680,4183620
2025-07-04 15:00:00,9.680,9.680,9.660,9.670,4465441
2025-07-07 10:00:00,9.670,9.700,9.630,9.660,5173095
2025-07-07 10:30:00,9.670,9.680,9.650,9.670,2288512
2025-07-07 11:00:00,9.670,9.690,9.660,9.660,2120300
2025-07-07 11:30:00,9.660,9.680,9.640,9.640,2563900
2025-07-07 13:30:00,9.650,9.650,9.630,9.640,2653628
2025-07-07 14:00:00,9.650,9.690,9.640,9.670,2469756
2025-07-07 14:30:00,9.660,9.670,9.640,9.650,2024536
2025-07-07 15:00:00,9.650,9.670,9.640,9.660,2496956
2025-07-08 10:00:00,9.660,9.730,9.660,9.710,6537540
2025-07-08 10:30:00,9.710,9.710,9.670,9.690,2607700
2025-07-08 11:00:00,9.690,9.710,9.670,9.700,2580160
2025-07-08 11:30:00,9.700,9.770,9.690,9.730,5745240
2025-07-08 13:30:00,9.740,9.790,9.720,9.740,5106972
2025-07-08 14:00:00,9.750,9.780,9.740,9.770,3794516
2025-07-08 14:30:00,9.770,9.770,9.730,9.760,2536140
2025-07-08 15:00:00,9.760,9.770,9.740,9.750,4116381
2025-07-09 10:00:00,9.770,9.820,9.760,9.790,8786889
2025-07-09 10:30:00,9.780,9.840,9.780,9.830,6120216
2025-07-09 11:00:00,9.830,9.850,9.810,9.830,5433236
2025-07-09 11:30:00,9.820,9.850,9.800,9.850,4954670
2025-07-09 13:30:00,9.850,9.850,9.820,9.820,2601700
2025-07-09 14:00:00,9.820,9.820,9.790,9.800,4221308
2025-07-09 14:30:00,9.800,9.820,9.750,9.770,5633592
2025-07-09 15:00:00,9.760,9.780,9.730,9.740,5626340
2025-07-10 10:00:00,9.740,9.790,9.720,9.750,6286244
2025-07-10 10:30:00,9.750,9.830,9.750,9.830,4489804
2025-07-10 11:00:00,9.820,9.840,9.790,9.810,5145376
2025-07-10 11:30:00,9.800,9.830,9.790,9.800,3949320
2025-07-10 13:30:00,9.800,9.880,9.790,9.850,8545104
2025-07-10 14:00:00,9.860,9.870,9.820,9.820,3629692
2025-07-10 14:30:00,9.830,9.870,9.820,9.850,7984436
2025-07-10 15:00:00,9.840,9.850,9.820,9.830,6493680
2025-07-11 10:00:00,9.950,10.220,9.880,10.210,42123128
2025-07-11 10:30:00,10.210,10.550,10.180,10.370,58343938
2025-07-11 11:00:00,10.370,10.470,10.300,10.310,15873234
2025-07-11 11:30:00,10.310,10.460,10.270,10.440,11344461
2025-07-11 13:30:00,10.460,10.550,10.370,10.380,35293401
2025-07-11 14:00:00,10.380,10.620,10.370,10.510,48348164
2025-07-11 14:30:00,10.520,10.540,10.380,10.440,28096096
2025-07-11 15:00:00,10.440,10.500,10.360,10.410,30294536
2025-07-14 10:00:00,10.450,10.470,10.230,10.300,44493261
2025-07-14 10:30:00,10.300,10.380,10.250,10.270,13485304
2025-07-14 11:00:00,10.280,10.320,10.210,10.220,10553660
2025-07-14 11:30:00,10.210,10.260,10.180,10.240,12342504
2025-07-14 13:30:00,10.230,10.260,10.200,10.220,6057636
2025-07-14 14:00:00,10.230,10.270,10.200,10.220,6624776
2025-07-14 14:30:00,10.220,10.240,10.200,10.230,5873280
2025-07-14 15:00:00,10.230,10.240,10.190,10.200,13583840
2025-07-15 10:00:00,10.300,10.610,10.270,10.440,51454512
2025-07-15 10:30:00,10.440,10.480,10.280,10.330,17890616
2025-07-15 11:00:00,10.330,10.440,10.320,10.370,10525640
2025-07-15 11:30:00,10.360,10.370,10.260,10.280,9588924
2025-07-15 13:30:00,10.270,10.320,10.240,10.320,8370695
2025-07-15 14:00:00,10.320,10.320,10.250,10.280,7447600
2025-07-15 14:30:00,10.280,10.310,10.260,10.280,7368100
2025-07-15 15:00:00,10.270,10.300,10.240,10.280,11679278
2025-07-16 10:00:00,10.220,10.330,10.190,10.280,18045188
2025-07-16 10:30:00,10.290,10.300,10.200,10.210,11553500
2025-07-16 11:00:00,10.210,10.210,10.150,10.180,7512792
2025-07-16 11:30:00,10.180,10.190,10.160,10.170,3600800
2025-07-16 13:30:00,10.160,10.180,10.140,10.170,6271780
2025-07-16 14:00:00,10.170,10.180,10.110,10.140,6862204
2025-07-16 14:30:00,10.140,10.200,10.140,10.170,6625248
2025-07-16 15:00:00,10.180,10.250,10.170,10.240,10242758
2025-07-17 10:00:00,10.200,10.280,10.170,10.190,10519494
2025-07-17 10:30:00,10.190,10.190,10.130,10.140,7372400
2025-07-17 11:00:00,10.140,10.180,10.130,10.180,5373424
2025-07-17 11:30:00,10.180,10.200,10.140,10.170,3996088
2025-07-17 13:30:00,10.180,10.190,10.150,10.170,3590392
2025-07-17 14:00:00,10.160,10.250,10.160,10.250,9479668
2025-07-17 14:30:00,10.240,10.300,10.230,10.250,9919484
2025-07-17 15:00:00,10.250,10.280,10.240,10.260,7679743
2025-07-18 10:00:00,10.270,10.360,10.210,10.340,17831040
2025-07-18 10:30:00,10.340,10.450,10.310,10.390,15560188
2025-07-18 11:00:00,10.380,10.420,10.360,10.400,7364260
2025-07-18 11:30:00,10.390,10.420,10.350,10.360,5529588
2025-07-18 13:30:00,10.360,10.390,10.320,10.350,4840828
2025-07-18 14:00:00,10.350,10.370,10.320,10.330,3653600
2025-07-18 14:30:00,10.330,10.350,10.310,10.310,3819244
2025-07-18 15:00:00,10.310,10.350,10.310,10.340,6965513
2025-07-21 10:00:00,10.340,10.950,10.320,10.710,54238182
2025-07-21 10:30:00,10.710,10.860,10.670,10.810,24742959
2025-07-21 11:00:00,10.810,10.950,10.760,10.770,18606858
2025-07-21 11:30:00,10.770,10.780,10.690,10.710,7630556
2025-07-21 13:30:00,10.710,10.820,10.680,10.770,7332072
2025-07-21 14:00:00,10.770,10.820,10.750,10.810,8473408
2025-07-21 14:30:00,10.820,10.900,10.790,10.870,16685193
2025-07-21 15:00:00,10.860,10.890,10.830,10.860,17535702
2025-07-22 10:00:00,10.830,11.000,10.750,10.860,36250009
2025-07-22 10:30:00,10.860,10.940,10.830,10.860,13806048
2025-07-22 11:00:00,10.870,10.920,10.860,10.900,8001664
2025-07-22 11:30:00,10.900,10.920,10.860,10.920,6952212
2025-07-22 13:30:00,10.920,10.990,10.860,10.960,17422875
2025-07-22 14:00:00,10.960,10.980,10.910,10.910,12336725
2025-07-22 14:30:00,10.910,10.930,10.890,10.920,7538792
2025-07-22 15:00:00,10.920,10.990,10.920,10.990,19016423
2025-07-23 10:00:00,10.980,11.090,10.900,11.030,30215471
2025-07-23 10:30:00,11.020,11.050,10.890,10.960,15109016
2025-07-23 11:00:00,10.950,10.990,10.940,10.980,5341712
2025-07-23 11:30:00,10.980,11.110,10.950,11.100,19180450
2025-07-23 13:30:00,11.100,11.170,11.010,11.050,26237213
2025-07-23 14:00:00,11.050,11.060,10.960,10.990,10721958
2025-07-23 14:30:00,10.990,11.040,10.920,10.940,13706420
2025-07-23 15:00:00,10.950,10.980,10.920,10.930,12016364
2025-07-24 10:00:00,10.830,11.320,10.810,11.240,46851165
2025-07-24 10:30:00,11.240,11.350,11.190,11.220,29743390
2025-07-24 11:00:00,11.220,11.480,11.200,11.450,25226663
2025-07-24 11:30:00,11.450,11.500,11.340,11.380,14532620
2025-07-24 13:30:00,11.390,11.670,11.350,11.580,34891532
2025-07-24 14:00:00,11.580,11.590,11.400,11.420,16603619
2025-07-24 14:30:00,11.430,11.510,11.420,11.490,11022228
2025-07-24 15:00:00,11.490,11.560,11.470,11.500,13579847
2025-07-25 10:00:00,11.500,11.740,11.330,11.720,47455100
2025-07-25 10:30:00,11.720,11.720,11.480,11.550,21595202
2025-07-25 11:00:00,11.560,11.630,11.480,11.520,13267380
2025-07-25 11:30:00,11.530,11.600,11.470,11.520,8221059
2025-07-25 13:30:00,11.530,11.750,11.510,11.690,18786979
2025-07-25 14:00:00,11.700,11.730,11.630,11.680,12571827
2025-07-25 14:30:00,11.690,11.710,11.580,11.610,12959138
2025-07-25 15:00:00,11.620,11.660,11.600,11.630,14158318
2025-07-28 10:00:00,11.600,11.620,11.400,11.610,29769189
2025-07-28 10:30:00,11.610,11.740,11.560,11.730,18988238
2025-07-28 11:00:00,11.720,11.750,11.610,11.670,10167812
2025-07-28 11:30:00,11.670,11.680,11.510,11.520,8703960
2025-07-28 13:30:00,11.520,11.640,11.500,11.640,8891452
2025-07-28 14:00:00,11.630,11.700,11.600,11.650,8788398
2025-07-28 14:30:00,11.650,11.660,11.560,11.580,5674146
2025-07-28 15:00:00,11.590,11.640,11.580,11.600,9836516
2025-07-29 10:00:00,11.550,11.560,11.240,11.260,35677534
2025-07-29 10:30:00,11.260,11.370,11.250,11.350,16426497
2025-07-29 11:00:00,11.340,11.430,11.300,11.430,7760020
2025-07-29 11:30:00,11.430,11.490,11.390,11.410,6778516
2025-07-29 13:30:00,11.410,11.480,11.390,11.410,6144736
2025-07-29 14:00:00,11.420,11.440,11.370,11.430,4961177
2025-07-29 14:30:00,11.430,11.500,11.420,11.490,8323212
2025-07-29 15:00:00,11.480,11.520,11.460,11.500,11914294
2025-07-30 10:00:00,11.510,11.530,11.390,11.460,12635640
2025-07-30 10:30:00,11.460,11.510,11.370,11.420,10409231
2025-07-30 11:00:00,11.410,11.480,11.400,11.410,6029104
2025-07-30 11:30:00,11.410,11.490,11.400,11.460,5803984
2025-07-30 13:30:00,11.470,11.850,11.460,11.650,48056957
2025-07-30 14:00:00,11.650,11.690,11.480,11.500,17178676
2025-07-30 14:30:00,11.490,11.620,11.430,11.590,13894876
2025-07-30 15:00:00,11.590,11.610,11.520,11.550,9975339
2025-07-31 10:00:00,11.480,11.630,11.400,11.420,24259472
2025-07-31 10:30:00,11.420,11.500,11.400,11.440,11959904
2025-07-31 11:00:00,11.430,11.450,11.390,11.430,10729416
2025-07-31 11:30:00,11.430,11.440,11.330,11.360,10290400
2025-07-31 13:30:00,11.370,11.410,11.290,11.300,13737928
2025-07-31 14:00:00,11.290,11.360,11.210,11.320,12161286
2025-07-31 14:30:00,11.330,11.330,11.210,11.240,11170356
2025-07-31 15:00:00,11.240,11.270,11.160,11.250,22706301
2025-08-01 10:00:00,11.190,11.280,11.170,11.200,16802592
2025-08-01 10:30:00,11.200,11.290,11.180,11.280,9524189
2025-08-01 11:00:00,11.270,11.280,11.170,11.180,8220661
2025-08-01 11:30:00,11.180,11.240,11.160,11.170,6846600
2025-08-01 13:30:00,11.180,11.200,11.100,11.110,10566302
2025-08-01 14:00:00,11.110,11.170,11.090,11.130,7663908
2025-08-01 14:30:00,11.130,11.190,11.120,11.180,7144884
2025-08-01 15:00:00,11.170,11.180,11.140,11.160,7164764
2025-08-04 10:00:00,11.090,11.160,11.050,11.060,15128215
2025-08-04 10:30:00,11.050,11.090,10.990,11.060,9103193
2025-08-04 11:00:00,11.060,11.080,10.990,11.020,6666303
2025-08-04 11:30:00,11.030,11.070,11.020,11.050,3997727
2025-08-04 13:30:00,11.040,11.110,11.030,11.060,4682100
2025-08-04 14:00:00,11.060,11.080,11.040,11.070,3512284
2025-08-04 14:30:00,11.070,11.140,11.060,11.130,7391924
2025-08-04 15:00:00,11.130,11.130,11.080,11.110,6832247
2025-08-05 10:00:00,11.180,11.430,11.150,11.370,35252604
2025-08-05 10:30:00,11.370,11.680,11.310,11.500,42912571
2025-08-05 11:00:00,11.500,11.550,11.420,11.450,11417718
2025-08-05 11:30:00,11.440,11.450,11.370,11.380,5374344
2025-08-05 13:30:00,11.390,11.400,11.330,11.350,6759940
2025-08-05 14:00:00,11.350,11.400,11.320,11.330,4787756
2025-08-05 14:30:00,11.340,11.420,11.320,11.410,5879068
2025-08-05 15:00:00,11.410,11.420,11.380,11.410,8589707
2025-08-06 10:00:00,11.410,11.650,11.350,11.480,22604793
2025-08-06 10:30:00,11.490,11.510,11.420,11.430,8302196
2025-08-06 11:00:00,11.430,11.460,11.410,11.430,4198600
2025-08-06 11:30:00,11.430,11.480,11.400,11.410,5174709
2025-08-06 13:30:00,11.410,11.420,11.350,11.370,7994687
2025-08-06 14:00:00,11.360,11.490,11.350,11.450,6048625
2025-08-06 14:30:00,11.450,11.470,11.420,11.430,6104240
2025-08-06 15:00:00,11.420,11.460,11.410,11.450,7968640
2025-08-07 10:00:00,11.490,11.800,11.460,11.630,39664906
2025-08-07 10:30:00,11.630,11.700,11.550,11.550,18273195
2025-08-07 11:00:00,11.550,11.610,11.530,11.570,5639108
2025-08-07 11:30:00,11.580,11.740,11.550,11.730,10380344
2025-08-07 13:30:00,11.720,11.780,11.590,11.630,13651826
2025-08-07 14:00:00,11.610,11.650,11.600,11.620,5117464
2025-08-07 14:30:00,11.620,11.670,11.600,11.630,5804676
2025-08-07 15:00:00,11.630,11.660,11.610,11.630,10044404
2025-08-08 10:00:00,11.630,11.660,11.450,11.480,19387400
2025-08-08 10:30:00,11.480,11.630,11.460,11.590,10961704
2025-08-08 11:00:00,11.590,11.640,11.560,11.580,4982916
2025-08-08 11:30:00,11.580,11.620,11.570,11.580,3833576
2025-08-08 13:30:00,11.580,11.590,11.470,11.470,7783636
2025-08-08 14:00:00,11.470,11.500,11.460,11.470,6465300
2025-08-08 14:30:00,11.460,11.500,11.430,11.460,7846375
2025-08-08 15:00:00,11.450,11.460,11.430,11.460,9465103
2025-08-11 10:00:00,11.400,11.630,11.400,11.530,15588028
2025-08-11 10:30:00,11.520,11.630,11.440,11.500,15877724
2025-08-11 11:00:00,11.500,11.550,11.470,11.530,5540731
2025-08-11 11:30:00,11.550,11.590,11.510,11.570,6877832
2025-08-11 13:30:00,11.580,11.590,11.490,11.500,7386020
2025-08-11 14:00:00,11.500,11.530,11.490,11.520,3267532
2025-08-11 14:30:00,11.520,11.580,11.490,11.520,7727424
2025-08-11 15:00:00,11.510,11.530,11.490,11.520,6253176
2025-08-12 10:00:00,11.520,11.550,11.450,11.510,10195775
2025-08-12 10:30:00,11.500,11.560,11.440,11.460,9883406
2025-08-12 11:00:00,11.450,11.480,11.330,11.360,12509200
2025-08-12 11:30:00,11.370,11.440,11.360,11.430,6414780
2025-08-12 13:30:00,11.430,11.470,11.420,11.420,5259192
2025-08-12 14:00:00,11.420,11.450,11.400,11.420,4972625
2025-08-12 14:30:00,11.410,11.450,11.390,11.440,4809918
2025-08-12 15:00:00,11.440,11.450,11.400,11.440,8309800
2025-08-13 10:00:00,11.480,11.520,11.420,11.420,16610347
2025-08-13 10:30:00,11.430,11.430,11.340,11.390,9845960
2025-08-13 11:00:00,11.390,11.640,11.360,11.550,22553092
2025-08-13 11:30:00,11.560,11.840,11.530,11.800,39479964
2025-08-13 13:30:00,11.810,11.830,11.680,11.690,23631902
2025-08-13 14:00:00,11.680,11.720,11.630,11.660,10664256
2025-08-13 14:30:00,11.660,11.670,11.490,11.490,19595760
2025-08-13 15:00:00,11.490,11.590,11.480,11.570,14099452
2025-08-14 10:00:00,11.630,11.990,11.600,11.790,55523474
2025-08-14 10:30:00,11.790,11.880,11.730,11.870,16102217
2025-08-14 11:00:00,11.870,11.990,11.860,11.910,36164458
2025-08-14 11:30:00,11.900,12.040,11.820,11.850,23075084
2025-08-14 13:30:00,11.850,11.860,11.690,11.780,21115094
2025-08-14 14:00:00,11.780,11.880,11.760,11.840,9557771
2025-08-14 14:30:00,11.840,11.910,11.820,11.830,8414244
2025-08-14 15:00:00,11.830,11.850,11.770,11.790,15463844
2025-08-15 10:00:00,11.730,12.220,11.650,12.060,52646403
2025-08-15 10:30:00,12.050,12.180,11.950,11.950,25875956
2025-08-15 11:00:00,11.950,12.020,11.910,11.910,11071500
2025-08-15 11:30:00,11.910,12.140,11.880,12.140,14008780
2025-08-15 13:30:00,12.140,12.300,12.020,12.260,52004050
2025-08-15 14:00:00,12.270,12.290,12.170,12.210,23592179
2025-08-15 14:30:00,12.210,12.260,12.050,12.070,15789410
2025-08-15 15:00:00,12.060,12.160,12.040,12.070,19404021
2025-08-18 10:00:00,12.220,12.280,11.910,12.030,48093928
2025-08-18 10:30:00,12.040,12.130,12.030,12.100,21362069
2025-08-18 11:00:00,12.090,12.140,11.980,12.110,24716828
2025-08-18 11:30:00,12.110,12.280,12.070,12.280,22601427
2025-08-18 13:30:00,12.270,12.350,12.110,12.140,30380743
2025-08-18 14:00:00,12.140,12.160,12.070,12.080,10980060
2025-08-18 14:30:00,12.080,12.120,11.950,11.980,15193595
2025-08-18 15:00:00,11.990,12.080,11.970,11.970,21137284
2025-08-19 10:00:00,11.970,12.260,11.930,11.980,35532099
2025-08-19 10:30:00,11.990,12.070,11.930,12.000,11464538
2025-08-19 11:00:00,12.000,12.030,11.940,11.950,7916048
2025-08-19 11:30:00,11.960,12.010,11.920,11.960,10184840
2025-08-19 13:30:00,11.970,12.000,11.940,11.980,6813312
2025-08-19 14:00:00,11.980,11.990,11.890,11.900,11169620
2025-08-19 14:30:00,11.900,11.960,11.860,11.870,9985507
2025-08-19 15:00:00,11.880,11.940,11.850,11.860,19312801
2025-08-20 10:00:00,11.780,11.950,11.760,11.830,23710462
2025-08-20 10:30:00,11.830,11.840,11.760,11.800,9621764
2025-08-20 11:00:00,11.800,11.840,11.760,11.760,7380908
2025-08-20 11:30:00,11.770,11.770,11.660,11.710,14961697
2025-08-20 13:30:00,11.710,11.720,11.660,11.700,6458125
2025-08-20 14:00:00,11.700,11.790,11.690,11.770,6210329
2025-08-20 14:30:00,11.770,11.950,11.760,11.920,11980236
2025-08-20 15:00:00,11.920,11.950,11.880,11.950,11323402
2025-08-21 10:00:00,12.000,12.070,11.850,11.870,22595754
2025-08-21 10:30:00,11.880,11.940,11.870,11.920,7882668
2025-08-21 11:00:00,11.920,11.980,11.900,11.920,5265032
2025-08-21 11:30:00,11.930,11.940,11.860,11.900,4142496
2025-08-21 13:30:00,11.890,11.920,11.860,11.890,4062856
2025-08-21 14:00:00,11.890,11.900,11.850,11.870,5330309
2025-08-21 14:30:00,11.860,11.900,11.800,11.820,6255876
2025-08-21 15:00:00,11.830,11.840,11.740,11.780,14585192
2025-08-22 10:00:00,11.710,11.870,11.710,11.840,13440256
2025-08-22 10:30:00,11.840,11.840,11.770,11.790,5651836
2025-08-22 11:00:00,11.790,11.950,11.790,11.920,11439586
2025-08-22 11:30:00,11.920,11.970,11.870,11.940,15271454
2025-08-22 13:30:00,11.940,11.960,11.860,11.900,8662140
2025-08-22 14:00:00,11.890,12.160,11.870,12.080,29012524
2025-08-22 14:30:00,12.070,12.100,12.040,12.100,9717660
2025-08-22 15:00:00,12.100,12.120,12.070,12.120,13919867
2025-08-25 10:00:00,12.200,12.300,12.060,12.110,32249254
2025-08-25 10:30:00,12.100,12.180,12.090,12.160,15791882
2025-08-25 11:00:00,12.160,12.240,12.080,12.210,13608640
2025-08-25 11:30:00,12.210,12.320,12.050,12.080,26550957
2025-08-25 13:30:00,12.080,12.090,12.010,12.020,15407602
2025-08-25 14:00:00,12.020,12.080,12.010,12.050,5663939
2025-08-25 14:30:00,12.050,12.210,12.030,12.210,9471416
2025-08-25 15:00:00,12.210,12.260,12.160,12.250,16640667
2025-08-26 10:00:00,12.100,12.190,12.050,12.110,25203218
2025-08-26 10:30:00,12.110,12.180,12.080,12.090,11369750
2025-08-26 11:00:00,12.080,12.160,12.070,12.110,8477516
2025-08-26 11:30:00,12.100,12.150,12.080,12.120,7923100
2025-08-26 13:30:00,12.120,12.130,11.950,12.000,22644616
2025-08-26 14:00:00,12.000,12.020,11.960,11.990,13762797
2025-08-26 14:30:00,12.000,12.020,11.910,11.950,14084534
2025-08-26 15:00:00,11.940,11.960,11.850,11.890,21634772
2025-08-27 10:00:00,11.930,11.970,11.810,11.850,21036984
2025-08-27 10:30:00,11.850,11.950,11.820,11.900,14940522
2025-08-27 11:00:00,11.910,11.930,11.850,11.890,7189104
2025-08-27 11:30:00,11.900,11.930,11.860,11.880,7976448
2025-08-27 13:30:00,11.890,11.900,11.780,11.790,19321340
2025-08-27 14:00:00,11.790,11.790,11.580,11.640,30251405
2025-08-27 14:30:00,11.630,11.730,11.600,11.610,15244765
2025-08-27 15:00:00,11.600,11.710,11.500,11.500,25622209
2025-08-28 10:00:00,11.500,11.580,11.440,11.480,20631411
2025-08-28 10:30:00,11.480,11.560,11.460,11.530,10578163
2025-08-28 11:00:00,11.520,11.580,11.500,11.510,9641604
2025-08-28 11:30:00,11.510,11.540,11.410,11.470,10223340
2025-08-28 13:30:00,11.470,11.480,11.340,11.370,9863280
2025-08-28 14:00:00,11.370,11.470,11.300,11.440,15365640
2025-08-28 14:30:00,11.440,11.540,11.430,11.500,10457011
2025-08-28 15:00:00,11.500,11.620,11.480,11.610,14590948
2025-08-29 10:00:00,11.670,11.770,11.620,11.690,23319655
2025-08-29 10:30:00,11.690,11.750,11.610,11.710,17722648
2025-08-29 11:00:00,11.700,11.720,11.570,11.590,17157300
2025-08-29 11:30:00,11.590,11.610,11.490,11.550,12171339
2025-08-29 13:30:00,11.550,11.680,11.520,11.540,13065469
2025-08-29 14:00:00,11.540,11.580,11.510,11.570,7280368
2025-08-29 14:30:00,11.570,11.580,11.470,11.520,9847396
2025-08-29 15:00:00,11.510,11.550,11.480,11.500,20871390
2025-09-01 10:00:00,11.620,11.640,11.290,11.380,39389748
2025-09-01 10:30:00,11.390,11.420,11.320,11.330,13625376
2025-09-01 11:00:00,11.330,11.380,11.310,11.350,9336864
2025-09-01 11:30:00,11.340,11.350,11.260,11.270,26141576
2025-09-01 13:30:00,11.270,11.350,11.250,11.340,9451880
2025-09-01 14:00:00,11.330,11.350,11.300,11.340,7727408
2025-09-01 14:30:00,11.340,11.370,11.310,11.340,9048692
2025-09-01 15:00:00,11.340,11.350,11.260,11.290,23455007
2025-09-02 10:00:00,11.270,11.370,11.170,11.170,33155859
2025-09-02 10:30:00,11.170,11.220,11.100,11.190,16900224
2025-09-02 11:00:00,11.190,11.200,11.040,11.050,19777616
2025-09-02 11:30:00,11.050,11.240,11.010,11.150,18368652
2025-09-02 13:30:00,11.160,11.240,11.050,11.100,14974327
2025-09-02 14:00:00,11.100,11.210,11.090,11.160,9115424
2025-09-02 14:30:00,11.140,11.200,11.110,11.130,7411952
2025-09-02 15:00:00,11.140,11.180,11.100,11.170,9709941
2025-09-03 10:00:00,11.180,11.270,11.080,11.110,13828007
2025-09-03 10:30:00,11.110,11.120,11.030,11.050,10119024
2025-09-03 11:00:00,11.040,11.100,10.990,11.040,12871328
2025-09-03 11:30:00,11.040,11.050,10.930,10.940,11509863
2025-09-03 13:30:00,10.940,10.980,10.860,10.890,13618903
2025-09-03 14:00:00,10.900,10.910,10.810,10.860,13339189
2025-09-03 14:30:00,10.860,10.970,10.840,10.900,10091920
2025-09-03 15:00:00,10.900,10.920,10.770,10.860,14700244
2025-09-04 10:00:00,10.840,10.900,10.810,10.830,21155192
2025-09-04 10:30:00,10.830,10.890,10.820,10.860,11029364
2025-09-04 11:00:00,10.850,10.850,10.700,10.770,15934740
2025-09-04 11:30:00,10.770,10.810,10.720,10.760,8696132
2025-09-04 13:30:00,10.750,10.900,10.730,10.830,15369216
2025-09-04 14:00:00,10.830,10.980,10.790,10.890,13625986
2025-09-04 14:30:00,10.890,10.910,10.780,10.810,13051064
2025-09-04 15:00:00,10.810,10.890,10.750,10.880,11553301
2025-09-05 10:00:00,10.900,10.940,10.720,10.820,20088720
2025-09-05 10:30:00,10.820,10.830,10.720,10.790,11519602
2025-09-05 11:00:00,10.790,10.850,10.770,10.810,6564855
2025-09-05 11:30:00,10.810,10.840,10.780,10.810,5472332
2025-09-05 13:30:00,10.810,10.820,10.770,10.800,6666689
2025-09-05 14:00:00,10.800,10.850,10.780,10.850,8528672
2025-09-05 14:30:00,10.840,10.930,10.840,10.900,18771892
2025-09-05 15:00:00,10.910,10.940,10.890,10.920,17462868
2025-09-08 10:00:00,10.930,11.000,10.830,10.910,23642870
2025-09-08 10:30:00,10.910,10.910,10.810,10.850,16841041
2025-09-08 11:00:00,10.850,10.890,10.820,10.840,7010790
2025-09-08 11:30:00,10.840,10.870,10.810,10.850,4561120
2025-09-08 13:30:00,10.860,10.900,10.830,10.840,8315804
2025-09-08 14:00:00,10.850,10.870,10.820,10.820,8821284
2025-09-08 14:30:00,10.820,10.830,10.810,10.830,8511356
2025-09-08 15:00:00,10.820,10.850,10.780,10.810,19242640
2025-09-09 10:00:00,10.840,10.970,10.800,10.900,25757572
2025-09-09 10:30:00,10.900,10.980,10.890,10.940,17681497
2025-09-09 11:00:00,10.940,11.090,10.930,11.060,26985772
2025-09-09 11:30:00,11.060,11.210,10.990,11.010,23548057
2025-09-09 13:30:00,11.020,11.030,10.970,11.020,10738870
2025-09-09 14:00:00,11.020,11.020,10.950,10.960,9735524
2025-09-09 14:30:00,10.970,11.000,10.950,10.970,5276428
2025-09-09 15:00:00,10.970,10.990,10.960,10.990,8320581
2025-09-10 10:00:00,10.980,11.020,10.910,10.950,20915348
2025-09-10 10:30:00,10.950,10.970,10.880,10.900,11259300
2025-09-10 11:00:00,10.910,10.910,10.860,10.900,7721200
2025-09-10 11:30:00,10.890,10.920,10.850,10.880,8191886
2025-09-10 13:30:00,10.890,10.900,10.840,10.870,10672700
2025-09-10 14:00:00,10.880,10.890,10.860,10.880,4708700
2025-09-10 14:30:00,10.890,10.950,10.840,10.860,18375508
2025-09-10 15:00:00,10.870,10.880,10.800,10.860,14360233
2025-09-11 10:00:00,10.860,10.880,10.770,10.880,15283018
2025-09-11 10:30:00,10.880,10.910,10.840,10.860,13945600
2025-09-11 11:00:00,10.870,10.940,10.860,10.930,10616488
2025-09-11 11:30:00,10.930,11.140,10.930,11.130,36996389
2025-09-11 13:30:00,11.130,11.180,11.000,11.070,21247904
2025-09-11 14:00:00,11.070,11.080,10.980,11.030,10822761
2025-09-11 14:30:00,11.030,11.090,11.020,11.080,10751879
2025-09-11 15:00:00,11.070,11.130,11.070,11.120,14896741
2025-09-12 10:00:00,11.130,11.200,11.090,11.120,26322428
2025-09-12 10:30:00,11.120,11.150,11.110,11.120,9214089
2025-09-12 11:00:00,11.120,11.140,11.050,11.060,13093300
2025-09-12 11:30:00,11.070,11.070,11.010,11.050,8237260
2025-09-12 13:30:00,11.060,11.070,10.990,11.010,14271004
2025-09-12 14:00:00,11.010,11.020,10.890,10.920,33487308
2025-09-12 14:30:00,10.910,10.930,10.880,10.900,15840568
2025-09-12 15:00:00,10.900,10.920,10.880,10.900,18601880
2025-09-15 10:00:00,10.930,10.960,10.870,10.900,21438516
2025-09-15 10:30:00,10.900,10.920,10.870,10.900,10568172
2025-09-15 11:00:00,10.900,10.920,10.880,10.890,8604184
2025-09-15 11:30:00,10.890,10.910,10.880,10.900,4032920
2025-09-15 13:30:00,10.900,10.910,10.770,10.780,27362600
2025-09-15 14:00:00,10.780,10.800,10.740,10.750,16399672
2025-09-15 14:30:00,10.750,10.770,10.700,10.710,18317180
2025-09-15 15:00:00,10.720,10.780,10.710,10.780,9301533
2025-09-16 10:00:00,10.770,10.810,10.650,10.690,28948961
2025-09-16 10:30:00,10.680,10.700,10.650,10.680,13800211
2025-09-16 11:00:00,10.660,10.680,10.610,10.630,14558436
2025-09-16 11:30:00,10.640,10.760,10.630,10.730,10892600
2025-09-16 13:30:00,10.730,10.840,10.680,10.690,14842436
2025-09-16 14:00:00,10.690,10.770,10.670,10.740,13347236
2025-09-16 14:30:00,10.760,10.810,10.560,10.570,76490247
2025-09-16 15:00:00,10.570,10.620,10.560,10.600,46704584
2025-09-17 10:00:00,10.610,10.720,10.590,10.600,46866275
2025-09-17 10:30:00,10.600,10.610,10.570,10.590,12099021
2025-09-17 11:00:00,10.590,10.650,10.580,10.600,29165136
2025-09-17 11:30:00,10.600,10.660,10.580,10.600,44497371
2025-09-17 13:30:00,10.610,10.700,10.610,10.640,22545088
2025-09-17 14:00:00,10.650,10.670,10.590,10.600,23428892
2025-09-17 14:30:00,10.600,10.620,10.580,10.600,16356893
2025-09-17 15:00:00,10.590,10.650,10.580,10.640,13217924
2025-09-18 10:00:00,10.640,10.640,10.530,10.550,29474367
2025-09-18 10:30:00,10.560,10.640,10.540,10.640,24175932
2025-09-18 11:00:00,10.630,10.660,10.580,10.600,12291784
2025-09-18 11:30:00,10.600,10.630,10.590,10.600,8186948
2025-09-18 13:30:00,10.600,10.620,10.520,10.520,17188988
2025-09-18 14:00:00,10.530,10.570,10.500,10.520,17093042
2025-09-18 14:30:00,10.510,10.520,10.400,10.410,19376920
2025-09-18 15:00:00,10.410,10.460,10.320,10.440,24276172
2025-09-19 10:00:00,10.420,10.510,10.400,10.430,19280840
2025-09-19 10:30:00,10.430,10.540,10.420,10.520,13962224
2025-09-19 11:00:00,10.520,10.550,10.470,10.500,9276744
2025-09-19 11:30:00,10.500,10.510,10.460,10.510,5518483
2025-09-19 13:30:00,10.510,10.530,10.420,10.430,8056666
2025-09-19 14:00:00,10.430,10.450,10.390,10.430,7626751
2025-09-19 14:30:00,10.420,10.490,10.420,10.480,7281448
2025-09-19 15:00:00,10.480,10.490,10.400,10.440,9869290
2025-09-22 10:00:00,10.450,10.480,10.400,10.440,15262676
2025-09-22 10:30:00,10.440,10.510,10.440,10.480,13088912
2025-09-22 11:00:00,10.490,10.510,10.450,10.470,5892468
2025-09-22 11:30:00,10.460,10.480,10.430,10.460,5814720
2025-09-22 13:30:00,10.460,10.510,10.450,10.490,7873300
2025-09-22 14:00:00,10.480,10.490,10.450,10.460,5077620
2025-09-22 14:30:00,10.460,10.480,10.430,10.470,5026099
2025-09-22 15:00:00,10.460,10.530,10.460,10.520,10979570
2025-09-23 10:00:00,10.450,10.500,10.380,10.470,21457070
2025-09-23 10:30:00,10.460,10.470,10.300,10.320,17418152
2025-09-23 11:00:00,10.310,10.420,10.290,10.410,9633353
2025-09-23 11:30:00,10.410,10.440,10.360,10.390,6504380
2025-09-23 13:30:00,10.380,10.580,10.370,10.560,20238919
2025-09-23 14:00:00,10.560,10.570,10.490,10.530,11678500
2025-09-23 14:30:00,10.530,10.540,10.470,10.520,10913812
2025-09-23 15:00:00,10.520,10.580,10.480,10.570,16386280
2025-09-24 10:00:00,10.500,10.560,10.430,10.540,22302177
2025-09-24 10:30:00,10.530,10.540,10.450,10.460,11635204
2025-09-24 11:00:00,10.450,10.480,10.430,10.480,6631660
2025-09-24 11:30:00,10.480,10.520,10.440,10.510,7969580
2025-09-24 13:30:00,10.510,10.540,10.480,10.490,8988356
2025-09-24 14:00:00,10.490,10.650,10.490,10.630,28956432
2025-09-24 14:30:00,10.620,10.650,10.580,10.590,14179653
2025-09-24 15:00:00,10.590,10.620,10.580,10.600,13892082
2025-09-25 10:00:00,10.580,10.650,10.530,10.630,24526292
2025-09-25 10:30:00,10.620,10.660,10.590,10.640,12894389
2025-09-25 11:00:00,10.630,10.760,10.630,10.700,19606306
2025-09-25 11:30:00,10.710,10.780,10.700,10.760,18572697
2025-09-25 13:30:00,10.760,10.770,10.670,10.690,12590263
2025-09-25 14:00:00,10.680,10.710,10.650,10.690,6931339
2025-09-25 14:30:00,10.690,10.720,10.670,10.680,5984600
2025-09-25 15:00:00,10.690,10.700,10.660,10.670,9764564
2025-09-26 10:00:00,10.630,10.830,10.600,10.830,34362633
2025-09-26 10:30:00,10.820,10.880,10.780,10.790,25161865
2025-09-26 11:00:00,10.790,10.820,10.770,10.780,7834900
2025-09-26 11:30:00,10.770,10.800,10.720,10.750,6606114
2025-09-26 13:30:00,10.750,10.760,10.690,10.720,6916112
2025-09-26 14:00:00,10.730,10.850,10.710,10.750,9927540
2025-09-26 14:30:00,10.740,10.770,10.720,10.740,8799796
2025-09-26 15:00:00,10.740,10.740,10.700,10.720,11795376
2025-09-29 10:00:00,10.700,10.780,10.660,10.730,21203834
2025-09-29 10:30:00,10.730,10.930,10.710,10.900,26798581
2025-09-29 11:00:00,10.900,11.060,10.840,11.040,38430906
2025-09-29 11:30:00,11.030,11.080,10.960,11.070,24129299
2025-09-29 13:30:00,11.070,11.450,11.020,11.410,73738991
2025-09-29 14:00:00,11.410,11.680,11.380,11.650,65395768
2025-09-29 14:30:00,11.660,11.760,11.450,11.530,60267907
2025-09-29 15:00:00,11.520,11.550,11.400,11.460,30113950
2025-09-30 10:00:00,11.390,11.580,11.310,11.380,70401957
2025-09-30 10:30:00,11.390,11.410,11.270,11.290,34555357
2025-09-30 11:00:00,11.290,11.340,11.250,11.320,14632733
2025-09-30 11:30:00,11.310,11.400,11.300,11.390,8456701
2025-09-30 13:30:00,11.380,11.500,11.350,11.440,15345848
2025-09-30 14:00:00,11.430,11.470,11.390,11.450,8878548
2025-09-30 14:30:00,11.450,11.460,11.410,11.430,9135776
2025-09-30 15:00:00,11.420,11.440,11.380,11.440,19025875
2025-10-09 10:00:00,11.390,11.390,11.110,11.160,41938066
2025-10-09 10:30:00,11.160,11.330,11.110,11.320,21403100
2025-10-09 11:00:00,11.320,11.470,11.320,11.420,17391018
2025-10-09 11:30:00,11.410,11.470,11.380,11.380,11971031
2025-10-09 13:30:00,11.380,11.420,11.340,11.410,10734928
2025-10-09 14:00:00,11.400,11.420,11.370,11.400,6564636
2025-10-09 14:30:00,11.400,11.410,11.360,11.370,7337400
2025-10-09 15:00:00,11.360,11.420,11.360,11.410,12157120
2025-10-10 10:00:00,11.290,11.570,11.280,11.440,35398744
2025-10-10 10:30:00,11.440,11.660,11.420,11.650,31574775
2025-10-10 11:00:00,11.650,11.790,11.560,11.570,27187708
2025-10-10 11:30:00,11.570,11.580,11.510,11.550,7480956
2025-10-10 13:30:00,11.550,11.720,11.540,11.610,14336304
2025-10-10 14:00:00,11.610,11.760,11.610,11.710,22683947
2025-10-10 14:30:00,11.710,11.710,11.590,11.610,11757553
2025-10-10 15:00:00,11.620,11.630,11.570,11.600,18203965
2025-10-13 10:00:00,11.240,11.510,11.230,11.310,40419479
2025-10-13 10:30:00,11.320,11.330,11.240,11.320,21764505
2025-10-13 11:00:00,11.320,11.390,11.270,11.290,12133100
2025-10-13 11:30:00,11.290,11.320,11.250,11.260,8279700
2025-10-13 13:30:00,11.260,11.300,11.210,11.280,11357916
2025-10-13 14:00:00,11.280,11.410,11.270,11.350,9092689
2025-10-13 14:30:00,11.360,11.380,11.310,11.360,8853912
2025-10-13 15:00:00,11.360,11.410,11.350,11.390,12397684
2025-10-14 10:00:00,11.410,11.690,11.410,11.600,40306680
2025-10-14 10:30:00,11.600,11.620,11.500,11.580,17801580
2025-10-14 11:00:00,11.570,11.720,11.510,11.580,23330587
2025-10-14 11:30:00,11.580,11.640,11.470,11.500,15464353
2025-10-14 13:30:00,11.500,11.510,11.410,11.480,12012664
2025-10-14 14:00:00,11.480,11.510,11.390,11.400,8150700
2025-10-14 14:30:00,11.400,11.440,11.310,11.340,14198280
2025-10-14 15:00:00,11.340,11.390,11.310,11.380,13164696
2025-10-15 10:00:00,11.450,11.570,11.370,11.430,32193796
2025-10-15 10:30:00,11.430,11.450,11.350,11.360,13702776
2025-10-15 11:00:00,11.370,11.370,11.220,11.250,17280430
2025-10-15 11:30:00,11.240,11.260,11.200,11.240,9258100
2025-10-15 13:30:00,11.240,11.290,11.230,11.280,7027024
2025-10-15 14:00:00,11.270,11.450,11.250,11.370,10391748
2025-10-15 14:30:00,11.370,11.540,11.350,11.490,17363765
2025-10-15 15:00:00,11.490,11.550,11.420,11.530,24943862
2025-10-16 10:00:00,11.440,11.610,11.400,11.580,30683147
2025-10-16 10:30:00,11.550,11.640,11.510,11.530,18181778
2025-10-16 11:00:00,11.540,11.740,11.510,11.710,22516091
2025-10-16 11:30:00,11.700,11.740,11.560,11.570,18278800
2025-10-16 13:30:00,11.570,11.600,11.480,11.490,10473361
2025-10-16 14:00:00,11.490,11.510,11.460,11.500,6589556
2025-10-16 14:30:00,11.480,11.540,11.480,11.500,5223228
2025-10-16 15:00:00,11.500,11.600,11.470,11.550,14828100
2025-10-17 10:00:00,11.550,11.740,11.550,11.600,39788512
2025-10-17 10:30:00,11.590,11.590,11.440,11.470,22489204
2025-10-17 11:00:00,11.470,11.520,11.450,11.500,6715500
2025-10-17 11:30:00,11.500,11.610,11.420,11.470,9860752
2025-10-17 13:30:00,11.480,11.530,11.440,11.490,10151497
2025-10-17 14:00:00,11.500,11.520,11.420,11.440,11944576
2025-10-17 14:30:00,11.450,11.480,11.380,11.410,14203112
2025-10-17 15:00:00,11.410,11.420,11.320,11.350,21562054
2025-10-20 10:00:00,11.470,11.520,11.220,11.260,36644913
2025-10-20 10:30:00,11.250,11.290,11.210,11.240,14015048
2025-10-20 11:00:00,11.230,11.320,11.190,11.220,16557676
2025-10-20 11:30:00,11.210,11.230,11.190,11.210,5278537
2025-10-20 13:30:00,11.210,11.220,11.150,11.160,9179351
2025-10-20 14:00:00,11.170,11.200,11.130,11.180,8995640
2025-10-20 14:30:00,11.180,11.180,11.110,11.140,11969521
2025-10-20 15:00:00,11.130,11.170,11.100,11.160,14797546
2025-10-21 10:00:00,11.150,11.290,11.150,11.290,21833742
2025-10-21 10:30:00,11.280,11.290,11.160,11.220,15158744
2025-10-21 11:00:00,11.220,11.290,11.210,11.260,12194016
2025-10-21 11:30:00,11.260,11.390,11.250,11.280,16290580
2025-10-21 13:30:00,11.280,11.290,11.200,11.200,10486028
2025-10-21 14:00:00,11.200,11.240,11.170,11.180,12633179
2025-10-21 14:30:00,11.180,11.220,11.180,11.200,7051756
2025-10-21 15:00:00,11.200,11.210,11.180,11.200,10593572
2025-10-22 10:00:00,11.160,11.170,11.040,11.140,24263823
2025-10-22 10:30:00,11.150,11.150,11.110,11.140,6064904
2025-10-22 11:00:00,11.150,11.160,11.090,11.090,4038696
2025-10-22 11:30:00,11.090,11.120,11.070,11.070,4203611
2025-10-22 13:30:00,11.070,11.140,11.060,11.130,5149800
2025-10-22 14:00:00,11.120,11.140,11.090,11.100,2954600
2025-10-22 14:30:00,11.100,11.140,11.090,11.140,4475376
2025-10-22 15:00:00,11.140,11.160,11.100,11.130,7517878
2025-10-23 10:00:00,11.090,11.150,10.930,10.950,18248944
2025-10-23 10:30:00,10.950,10.980,10.890,10.970,16015104
2025-10-23 11:00:00,10.970,11.030,10.960,11.010,5053519
2025-10-23 11:30:00,11.000,11.100,10.990,11.030,4538828
2025-10-23 13:30:00,11.030,11.070,11.010,11.010,2696900
2025-10-23 14:00:00,11.010,11.030,10.980,11.010,3818528
2025-10-23 14:30:00,11.010,11.120,11.000,11.080,7301400
2025-10-23 15:00:00,11.080,11.180,11.080,11.160,12067850
2025-10-24 10:00:00,11.160,11.320,11.120,11.210,30239531
2025-10-24 10:30:00,11.210,11.250,11.120,11.160,12247912
2025-10-24 11:00:00,11.140,11.180,11.130,11.160,4961297
2025-10-24 11:30:00,11.160,11.170,11.130,11.150,3357100
2025-10-24 13:30:00,11.150,11.230,11.140,11.200,8695591
2025-10-24 14:00:00,11.200,11.210,11.160,11.200,3715073
2025-10-24 14:30:00,11.200,11.250,11.170,11.220,6735497
2025-10-24 15:00:00,11.220,11.280,11.210,11.260,13900100
2025-10-27 10:00:00,11.360,11.450,11.300,11.440,36075580
2025-10-27 10:30:00,11.440,11.550,11.410,11.420,28882181
2025-10-27 11:00:00,11.420,11.450,11.300,11.360,12004503
2025-10-27 11:30:00,11.370,11.420,11.320,11.420,11450056
2025-10-27 13:30:00,11.420,11.460,11.360,11.410,9605196
2025-10-27 14:00:00,11.410,11.430,11.360,11.370,7058252
2025-10-27 14:30:00,11.370,11.410,11.370,11.400,5847352
2025-10-27 15:00:00,11.400,11.400,11.380,11.400,10730068
2025-10-28 10:00:00,11.290,11.290,11.160,11.220,18660256
2025-10-28 10:30:00,11.210,11.260,11.160,11.230,13045261
2025-10-28 11:00:00,11.240,11.240,11.180,11.200,5035696
2025-10-28 11:30:00,11.210,11.320,11.200,11.250,9850812
2025-10-28 13:30:00,11.260,11.280,11.210,11.210,6529100
2025-10-28 14:00:00,11.220,11.270,11.190,11.250,7772368
2025-10-28 14:30:00,11.250,11.280,11.230,11.240,5665204
2025-10-28 15:00:00,11.240,11.260,11.220,11.240,6386716
2025-10-29 10:00:00,11.220,11.370,11.220,11.300,17241607
2025-10-29 10:30:00,11.300,11.400,11.280,11.370,14194045
2025-10-29 11:00:00,11.370,11.660,11.360,11.650,34389416
2025-10-29 11:30:00,11.650,11.740,11.560,11.660,39344135
2025-10-29 13:30:00,11.650,11.680,11.610,11.630,11226403
2025-10-29 14:00:00,11.630,11.650,11.550,11.560,12862333
2025-10-29 14:30:00,11.560,11.610,11.550,11.610,9206572
2025-10-29 15:00:00,11.610,11.650,11.590,11.650,14581635
2025-10-30 10:00:00,11.600,11.640,11.450,11.470,25727289
2025-10-30 10:30:00,11.470,11.590,11.440,11.580,13923813
2025-10-30 11:00:00,11.580,11.620,11.540,11.570,11865148
2025-10-30 11:30:00,11.570,11.620,11.540,11.550,5646380
2025-10-30 13:30:00,11.550,11.560,11.340,11.410,23171159
2025-10-30 14:00:00,11.420,11.470,11.410,11.450,7720228
2025-10-30 14:30:00,11.440,11.460,11.390,11.400,7134440
2025-10-30 15:00:00,11.390,11.430,11.300,11.350,24629304
2025-10-31 10:00:00,11.220,11.240,10.910,10.980,75813380
2025-10-31 10:30:00,10.970,11.070,10.950,10.980,20588738
2025-10-31 11:00:00,10.980,11.000,10.930,11.000,16643300
2025-10-31 11:30:00,10.990,11.000,10.910,10.950,18791480
2025-10-31 13:30:00,10.940,10.950,10.900,10.920,14349472
2025-10-31 14:00:00,10.920,10.950,10.890,10.910,15723584
2025-10-31 14:30:00,10.900,10.940,10.890,10.930,9637724
2025-10-31 15:00:00,10.920,10.930,10.890,10.890,16097498
2025-11-03 10:00:00,10.890,10.940,10.780,10.800,22402383
2025-11-03 10:30:00,10.800,10.840,10.770,10.800,10274600
2025-11-03 11:00:00,10.810,10.870,10.780,10.860,8582900
2025-11-03 11:30:00,10.850,10.860,10.800,10.830,4135088
2025-11-03 13:30:00,10.840,10.870,10.820,10.840,5748820
2025-11-03 14:00:00,10.850,10.880,10.830,10.860,4708928
2025-11-03 14:30:00,10.860,10.900,10.850,10.860,5627142
2025-11-03 15:00:00,10.860,10.900,10.850,10.900,6400080
2025-11-04 10:00:00,10.850,10.880,10.780,10.790,15179027
2025-11-04 10:30:00,10.790,10.820,10.760,10.770,8473000
2025-11-04 11:00:00,10.760,10.800,10.720,10.760,9708268
2025-11-04 11:30:00,10.760,10.790,10.730,10.760,4324524
2025-11-04 13:30:00,10.760,10.810,10.740,10.780,6216605
2025-11-04 14:00:00,10.780,10.820,10.760,10.810,6458448
2025-11-04 14:30:00,10.810,10.810,10.730,10.740,6503720
2025-11-04 15:00:00,10.750,10.780,10.740,10.770,7242365
2025-11-05 10:00:00,10.690,10.780,10.680,10.710,11594088
2025-11-05 10:30:00,10.720,10.730,10.690,10.690,5980200
2025-11-05 11:00:00,10.690,10.730,10.690,10.700,3077672
2025-11-05 11:30:00,10.700,10.750,10.700,10.740,3320452
2025-11-05 13:30:00,10.740,10.750,10.710,10.730,5306144
2025-11-05 14:00:00,10.720,10.760,10.720,10.730,3943900
2025-11-05 14:30:00,10.720,10.750,10.720,10.750,3306228
2025-11-05 15:00:00,10.740,10.750,10.700,10.710,8232228
2025-11-06 10:00:00,10.740,10.810,10.730,10.790,15330363
2025-11-06 10:30:00,10.790,10.800,10.740,10.800,8097546
2025-11-06 11:00:00,10.790,10.870,10.790,10.830,15976378
2025-11-06 11:30:00,10.830,10.850,10.790,10.820,4782692
2025-11-06 13:30:00,10.820,10.850,10.800,10.830,4357171
2025-11-06 14:00:00,10.820,10.860,10.820,10.840,5080356
2025-11-06 14:30:00,10.850,10.890,10.840,10.870,8452789
2025-11-06 15:00:00,10.870,10.880,10.850,10.850,6331290
2025-11-07 10:00:00,10.810,10.810,10.730,10.750,14720348
2025-11-07 10:30:00,10.740,10.760,10.710,10.750,7724448
2025-11-07 11:00:00,10.740,10.770,10.730,10.760,4522848
2025-11-07 11:30:00,10.760,10.780,10.720,10.740,5496408
2025-11-07 13:30:00,10.730,10.810,10.730,10.790,5071123
2025-11-07 14:00:00,10.780,10.830,10.770,10.780,5339888
2025-11-07 14:30:00,10.780,10.790,10.750,10.770,3741176
2025-11-07 15:00:00,10.780,10.790,10.740,10.740,6303724
2025-11-10 10:00:00,10.720,10.770,10.670,10.710,16913122
2025-11-10 10:30:00,10.710,10.750,10.700,10.730,4777284
2025-11-10 11:00:00,10.740,10.800,10.730,10.770,6751820
2025-11-10 11:30:00,10.780,10.850,10.760,10.830,7899088
2025-11-10 13:30:00,10.840,10.880,10.820,10.880,8548835
2025-11-10 14:00:00,10.880,10.930,10.830,10.850,9700680
2025-11-10 14:30:00,10.840,10.880,10.830,10.870,3218700
2025-11-10 15:00:00,10.860,10.880,10.850,10.870,7446644
2025-11-11 10:00:00,10.870,10.950,10.840,10.840,15035486
2025-11-11 10:30:00,10.840,10.850,10.790,10.810,10059400
2025-11-11 11:00:00,10.810,10.820,10.760,10.760,6485100
2025-11-11 11:30:00,10.760,10.790,10.740,10.770,4990280
2025-11-11 13:30:00,10.770,10.780,10.750,10.770,5051480
2025-11-11 14:00:00,10.760,10.790,10.740,10.750,5668720
2025-11-11 14:30:00,10.740,10.800,10.730,10.760,9371100
2025-11-11 15:00:00,10.760,10.790,10.730,10.750,8270315
2025-11-12 10:00:00,10.730,10.770,10.680,10.750,13947100
2025-11-12 10:30:00,10.750,10.760,10.730,10.740,3386080
2025-11-12 11:00:00,10.730,10.760,10.680,10.690,6258708
2025-11-12 11:30:00,10.700,10.710,10.640,10.650,9613300
2025-11-12 13:30:00,10.650,10.670,10.610,10.630,8075800
2025-11-12 14:00:00,10.630,10.660,10.620,10.650,3225484
2025-11-12 14:30:00,10.660,10.700,10.650,10.690,3898820
2025-11-12 15:00:00,10.690,10.700,10.660,10.660,3721915
2025-11-13 10:00:00,10.630,10.690,10.630,10.680,6031368
2025-11-13 10:30:00,10.680,10.700,10.650,10.670,5761904
2025-11-13 11:00:00,10.660,10.700,10.660,10.680,3865800
2025-11-13 11:30:00,10.670,10.710,10.670,10.700,6916368
2025-11-13 13:30:00,10.710,10.790,10.700,10.740,11867867
2025-11-13 14:00:00,10.740,10.780,10.710,10.740,5148443
2025-11-13 14:30:00,10.730,10.760,10.720,10.740,3693824
2025-11-13 15:00:00,10.740,10.810,10.740,10.790,13044997
2025-11-14 10:00:00,10.730,10.760,10.710,10.750,8774441
2025-11-14 10:30:00,10.760,10.780,10.730,10.770,6104743
2025-11-14 11:00:00,10.760,10.800,10.750,10.750,4182684
2025-11-14 11:30:00,10.760,10.770,10.740,10.750,2156200
2025-11-14 13:30:00,10.750,10.750,10.690,10.720,6339000
2025-11-14 14:00:00,10.710,10.740,10.700,10.730,2471160
2025-11-14 14:30:00,10.720,10.750,10.710,10.720,2350308
2025-11-14 15:00:00,10.720,10.730,10.670,10.680,8877940
2025-11-17 10:00:00,10.660,10.700,10.580,10.600,14871354
2025-11-17 10:30:00,10.600,10.650,10.580,10.600,5243471
2025-11-17 11:00:00,10.610,10.650,10.600,10.640,3415168
2025-11-17 11:30:00,10.640,10.690,10.620,10.680,4423611
2025-11-17 13:30:00,10.680,10.680,10.590,10.610,5856692
2025-11-17 14:00:00,10.620,10.620,10.590,10.600,4211500
2025-11-17 14:30:00,10.590,10.620,10.580,10.590,5154364
2025-11-17 15:00:00,10.590,10.610,10.580,10.600,4582148
2025-11-18 10:00:00,10.590,10.650,10.580,10.580,7441487
2025-11-18 10:30:00,10.580,10.660,10.580,10.650,8383298
2025-11-18 11:00:00,10.650,10.660,10.620,10.630,5237160
2025-11-18 11:30:00,10.630,10.640,10.610,10.620,2817476
2025-11-18 13:30:00,10.620,10.620,10.560,10.580,6019781
2025-11-18 14:00:00,10.580,10.620,10.570,10.570,3049400
2025-11-18 14:30:00,10.580,10.590,10.540,10.540,4852800
2025-11-18 15:00:00,10.550,10.580,10.540,10.560,4721784
2025-11-19 10:00:00,10.560,10.750,10.550,10.670,19865422
2025-11-19 10:30:00,10.660,10.680,10.640,10.640,5561300
2025-11-19 11:00:00,10.650,10.680,10.600,10.600,4717898
2025-11-19 11:30:00,10.600,10.630,10.590,10.600,3661816
2025-11-19 13:30:00,10.610,10.670,10.600,10.630,7543216
2025-11-19 14:00:00,10.640,10.640,10.590,10.630,4084953
2025-11-19 14:30:00,10.630,10.680,10.610,10.650,4045172
2025-11-19 15:00:00,10.650,10.670,10.630,10.630,3827658
2025-11-20 10:00:00,10.870,11.130,10.830,10.920,94982615
2025-11-20 10:30:00,10.920,10.980,10.870,10.870,17766844
2025-11-20 11:00:00,10.880,11.000,10.860,10.950,19397437
2025-11-20 11:30:00,10.960,10.990,10.910,10.960,7349440
2025-11-20 13:30:00,10.950,10.980,10.910,10.910,8445109
2025-11-20 14:00:00,10.920,10.920,10.840,10.850,7132880
2025-11-20 14:30:00,10.850,10.860,10.780,10.810,8022920
2025-11-20 15:00:00,10.810,10.820,10.730,10.750,11726076
2025-11-21 10:00:00,10.650,10.820,10.640,10.710,26975980
2025-11-21 10:30:00,10.700,10.730,10.590,10.630,15317624
2025-11-21 11:00:00,10.620,10.630,10.510,10.570,13667478
2025-11-21 11:30:00,10.570,10.600,10.500,10.540,6014368
2025-11-21 13:30:00,10.540,10.560,10.510,10.520,6322300
2025-11-21 14:00:00,10.530,10.570,10.490,10.500,6725508
2025-11-21 14:30:00,10.500,10.520,10.460,10.500,6775352
2025-11-21 15:00:00,10.490,10.500,10.400,10.400,11874308
2025-11-24 10:00:00,10.440,10.480,10.350,10.440,12125882
2025-11-24 10:30:00,10.440,10.470,10.410,10.460,5077944
2025-11-24 11:00:00,10.460,10.460,10.380,10.430,4973500
2025-11-24 11:30:00,10.430,10.430,10.400,10.430,2699083
2025-11-24 13:30:00,10.430,10.490,10.410,10.480,3620096
2025-11-24 14:00:00,10.490,10.500,10.450,10.470,4870358
2025-11-24 14:30:00,10.470,10.490,10.450,10.470,3045142
2025-11-24 15:00:00,10.470,10.470,10.400,10.440,9382460
2025-11-25 10:00:00,10.460,10.490,10.410,10.440,9173008
2025-11-25 10:30:00,10.450,10.480,10.420,10.470,6521696
2025-11-25 11:00:00,10.480,10.490,10.440,10.440,5483400
2025-11-25 11:30:00,10.450,10.460,10.430,10.450,4680100
2025-11-25 13:30:00,10.450,10.460,10.400,10.400,6662684
2025-11-25 14:00:00,10.410,10.420,10.390,10.410,3705123
2025-11-25 14:30:00,10.410,10.450,10.380,10.390,8156548
2025-11-25 15:00:00,10.390,10.400,10.380,10.400,7493003
2025-11-26 10:00:00,10.400,10.410,10.360,10.400,9147800
2025-11-26 10:30:00,10.400,10.420,10.370,10.380,5300633
2025-11-26 11:00:00,10.380,10.410,10.370,10.370,2501500
2025-11-26 11:30:00,10.370,10.410,10.370,10.380,3077800
2025-11-26 13:30:00,10.390,10.400,10.370,10.380,3573940
2025-11-26 14:00:00,10.380,10.390,10.370,10.380,2181700
2025-11-26 14:30:00,10.370,10.380,10.350,10.350,3925100
2025-11-26 15:00:00,10.360,10.360,10.330,10.340,5697224
2025-11-27 10:00:00,10.340,10.420,10.320,10.410,8147126
2025-11-27 10:30:00,10.410,10.420,10.370,10.370,5574206
2025-11-27 11:00:00,10.390,10.390,10.340,10.350,2993300
2025-11-27 11:30:00,10.360,10.360,10.330,10.330,2361500
2025-11-27 13:30:00,10.340,10.360,10.330,10.350,2856700
2025-11-27 14:00:00,10.350,10.370,10.330,10.340,5538400
2025-11-27 14:30:00,10.340,10.350,10.320,10.350,3000026
2025-11-27 15:00:00,10.340,10.350,10.300,10.310,4961184
2025-11-28 10:00:00,10.290,10.340,10.240,10.250,8968972
2025-11-28 10:30:00,10.240,10.330,10.240,10.320,6210538
2025-11-28 11:00:00,10.320,10.330,10.290,10.310,1928124
2025-11-28 11:30:00,10.310,10.320,10.280,10.300,3515900
2025-11-28 13:30:00,10.300,10.370,10.290,10.340,4825765
2025-11-28 14:00:00,10.350,10.420,10.340,10.400,6935526
2025-11-28 14:30:00,10.410,10.410,10.380,10.410,3480524
2025-11-28 15:00:00,10.410,10.420,10.390,10.410,6074900
2025-12-01 10:00:00,10.380,10.490,10.360,10.480,12318322
2025-12-01 10:30:00,10.480,10.480,10.440,10.470,5340900
2025-12-01 11:00:00,10.470,10.470,10.440,10.450,3288392
2025-12-01 11:30:00,10.450,10.470,10.440,10.440,2826512
2025-12-01 13:30:00,10.440,10.460,10.420,10.420,3330688
2025-12-01 14:00:00,10.420,10.450,10.420,10.450,3197488
2025-12-01 14:30:00,10.440,10.460,10.430,10.440,4235028
2025-12-01 15:00:00,10.430,10.450,10.420,10.450,6504840
2025-12-02 10:00:00,10.450,10.460,10.370,10.380,6682100
2025-12-02 10:30:00,10.370,10.390,10.340,10.350,4966818
2025-12-02 11:00:00,10.350,10.360,10.340,10.350,3047382
2025-12-02 11:30:00,10.350,10.350,10.320,10.340,2649900
2025-12-02 13:30:00,10.340,10.360,10.280,10.280,7502948
2025-12-02 14:00:00,10.280,10.330,10.270,10.320,2930200
2025-12-02 14:30:00,10.320,10.330,10.280,10.280,3277200
2025-12-02 15:00:00,10.290,10.290,10.260,10.280,7572041
2025-12-03 10:00:00,10.280,10.340,10.260,10.260,6202628
2025-12-03 10:30:00,10.270,10.290,10.260,10.270,3332396
2025-12-03 11:00:00,10.270,10.270,10.230,10.250,4022878
2025-12-03 11:30:00,10.260,10.270,10.240,10.260,1439436
2025-12-03 13:30:00,10.260,10.290,10.250,10.290,3315464
2025-12-03 14:00:00,10.280,10.290,10.240,10.240,3585479
2025-12-03 14:30:00,10.240,10.250,10.190,10.200,7008102
2025-12-03 15:00:00,10.190,10.210,10.180,10.200,6568320
2025-12-04 10:00:00,10.210,10.240,10.140,10.170,8576528
2025-12-04 10:30:00,10.180,10.280,10.170,10.260,9492534
2025-12-04 11:00:00,10.260,10.290,10.240,10.270,4245512
2025-12-04 11:30:00,10.270,10.270,10.220,10.240,1905140
2025-12-04 13:30:00,10.240,10.250,10.200,10.220,3077472
2025-12-04 14:00:00,10.230,10.230,10.210,10.220,1215400
2025-12-04 14:30:00,10.210,10.230,10.200,10.220,2874000
2025-12-04 15:00:00,10.220,10.250,10.220,10.240,4323016
2025-12-05 10:00:00,10.260,10.340,10.220,10.270,12444968
2025-12-05 10:30:00,10.270,10.280,10.220,10.240,3781700
2025-12-05 11:00:00,10.230,10.260,10.220,10.240,2786536
2025-12-05 11:30:00,10.230,10.290,10.230,10.260,2982808
2025-12-05 13:30:00,10.270,10.270,10.230,10.250,2646660
2025-12-05 14:00:00,10.240,10.520,10.240,10.510,33308463
2025-12-05 14:30:00,10.520,10.590,10.470,10.550,25532292
2025-12-05 15:00:00,10.550,10.580,10.520,10.530,13462288
2025-12-08 10:00:00,10.720,10.980,10.620,10.860,73908649
2025-12-08 10:30:00,10.860,11.040,10.830,10.930,29048466
2025-12-08 11:00:00,10.930,10.980,10.900,10.910,10226999
2025-12-08 11:30:00,10.920,10.940,10.890,10.900,7268072
2025-12-08 13:30:00,10.890,10.940,10.870,10.930,7527058
2025-12-08 14:00:00,10.920,10.940,10.880,10.880,6667720
2025-12-08 14:30:00,10.880,10.900,10.800,10.820,13204458
2025-12-08 15:00:00,10.820,10.850,10.800,10.810,13952417
2025-12-09 10:00:00,10.780,10.790,10.670,10.770,18653995
2025-12-09 10:30:00,10.770,10.780,10.710,10.720,8341128
2025-12-09 11:00:00,10.720,10.740,10.670,10.720,7056992
2025-12-09 11:30:00,10.720,10.730,10.700,10.720,3976600
2025-12-09 13:30:00,10.720,10.740,10.700,10.720,4150513
2025-12-09 14:00:00,10.720,10.770,10.710,10.750,6444474
2025-12-09 14:30:00,10.750,10.770,10.730,10.750,5711168
2025-12-09 15:00:00,10.750,10.760,10.710,10.750,7139000
2025-12-10 10:00:00,10.700,10.720,10.630,10.640,10575060
2025-12-10 10:30:00,10.640,10.670,10.610,10.640,5780960
2025-12-10 11:00:00,10.640,10.680,10.630,10.630,3647600
2025-12-10 11:30:00,10.640,10.670,10.620,10.630,3278360
2025-12-10 13:30:00,10.640,10.660,10.610,10.660,4329500
2025-12-10 14:00:00,10.650,10.750,10.650,10.750,9688328
2025-12-10 14:30:00,10.750,10.840,10.740,10.830,9869196
2025-12-10 15:00:00,10.830,10.870,10.820,10.830,16163400
2025-12-11 10:00:00,10.800,10.830,10.730,10.740,8800908
2025-12-11 10:30:00,10.740,10.750,10.710,10.740,4519404
2025-12-11 11:00:00,10.740,10.770,10.720,10.720,3046228
2025-12-11 11:30:00,10.730,10.740,10.660,10.670,3942600
2025-12-11 13:30:00,10.680,10.690,10.600,10.610,7870683
2025-12-11 14:00:00,10.610,10.650,10.580,10.640,7067296
2025-12-11 14:30:00,10.630,10.680,10.610,10.630,3293120
2025-12-11 15:00:00,10.630,10.640,10.560,10.600,7160936
2025-12-12 10:00:00,10.600,10.650,10.550,10.590,10102835
2025-12-12 10:30:00,10.590,10.590,10.510,10.550,8861081
2025-12-12 11:00:00,10.550,10.580,10.520,10.540,5618500
2025-12-12 11:30:00,10.540,10.570,10.510,10.520,5795712
2025-12-12 13:30:00,10.520,10.620,10.510,10.600,6111960
2025-12-12 14:00:00,10.610,10.670,10.580,10.600,8108456
2025-12-12 14:30:00,10.600,10.630,10.580,10.580,5756556
2025-12-12 15:00:00,10.590,10.590,10.540,10.590,10306928
2025-12-15 10:00:00,10.550,10.680,10.510,10.670,11084496
2025-12-15 10:30:00,10.670,10.700,10.640,10.690,8635649
2025-12-15 11:00:00,10.690,10.940,10.680,10.870,26935913
2025-12-15 11:30:00,10.870,10.940,10.850,10.930,24587372
2025-12-15 13:30:00,10.920,10.930,10.840,10.850,7800632
2025-12-15 14:00:00,10.850,10.870,10.840,10.860,4452076
2025-12-15 14:30:00,10.850,10.860,10.820,10.820,5832084
2025-12-15 15:00:00,10.820,10.840,10.780,10.810,8007484
2025-12-16 10:00:00,10.800,10.880,10.770,10.800,13477668
2025-12-16 10:30:00,10.810,10.830,10.770,10.820,6019503
2025-12-16 11:00:00,10.820,10.840,10.750,10.770,5222528
2025-12-16 11:30:00,10.760,10.810,10.740,10.780,3301884
2025-12-16 13:30:00,10.770,10.780,10.720,10.730,4685196
2025-12-16 14:00:00,10.720,10.790,10.720,10.750,3501256
2025-12-16 14:30:00,10.750,10.770,10.720,10.740,3317016
2025-12-16 15:00:00,10.740,10.760,10.700,10.720,5231064
2025-12-17 10:00:00,10.740,10.880,10.710,10.820,12377020
2025-12-17 10:30:00,10.820,10.820,10.730,10.800,5383608
2025-12-17 11:00:00,10.790,10.800,10.730,10.760,3417600
2025-12-17 11:30:00,10.760,10.800,10.760,10.790,2439500
2025-12-17 13:30:00,10.780,10.780,10.720,10.760,4342836
2025-12-17 14:00:00,10.750,10.970,10.750,10.940,20758231
2025-12-17 14:30:00,10.950,11.140,10.920,11.020,41755677
2025-12-17 15:00:00,11.020,11.050,10.980,11.040,14335536
2025-12-18 10:00:00,10.940,10.990,10.800,10.830,27875243
2025-12-18 10:30:00,10.840,10.840,10.770,10.820,12025004
2025-12-18 11:00:00,10.820,10.840,10.780,10.820,5264396
2025-12-18 11:30:00,10.820,10.840,10.790,10.810,3656408
2025-12-18 13:30:00,10.810,10.880,10.800,10.860,5022392
2025-12-18 14:00:00,10.850,10.860,10.790,10.800,4707400
2025-12-18 14:30:00,10.800,10.850,10.790,10.810,4937057
2025-12-18 15:00:00,10.820,10.850,10.790,10.800,8139900
2025-12-19 10:00:00,10.770,10.820,10.740,10.810,10508681
2025-12-19 10:30:00,10.810,10.900,10.800,10.880,9768952
2025-12-19 11:00:00,10.890,10.890,10.820,10.850,4169400
2025-12-19 11:30:00,10.840,10.870,10.800,10.840,3166733
2025-12-19 13:30:00,10.840,10.850,10.820,10.830,3893300
2025-12-19 14:00:00,10.830,10.840,10.790,10.790,3749720
2025-12-19 14:30:00,10.800,10.810,10.770,10.790,5147332
2025-12-19 15:00:00,10.800,10.800,10.780,10.790,6713006
2025-12-22 10:00:00,10.760,10.830,10.740,10.780,10946219
2025-12-22 10:30:00,10.780,10.810,10.750,10.770,6665991
2025-12-22 11:00:00,10.770,10.780,10.740,10.750,3678460
2025-12-22 11:30:00,10.750,10.760,10.720,10.730,5463028
2025-12-22 13:30:00,10.730,10.730,10.710,10.720,3287030
2025-12-22 14:00:00,10.720,10.740,10.700,10.710,7816600
2025-12-22 14:30:00,10.720,10.740,10.710,10.710,3579728
2025-12-22 15:00:00,10.710,10.730,10.690,10.700,6791252
2025-12-23 10:00:00,10.710,10.730,10.670,10.700,6839629
2025-12-23 10:30:00,10.700,10.860,10.680,10.820,18553968
2025-12-23 11:00:00,10.820,10.820,10.780,10.790,3938064
2025-12-23 11:30:00,10.800,10.840,10.780,10.810,4352312
2025-12-23 13:30:00,10.800,10.800,10.740,10.760,4396060
2025-12-23 14:00:00,10.760,10.780,10.720,10.730,2785270
2025-12-23 14:30:00,10.740,10.740,10.700,10.720,5098756
2025-12-23 15:00:00,10.720,10.730,10.690,10.730,4913341
2025-12-24 10:00:00,10.670,10.730,10.670,10.690,9198084
2025-12-24 10:30:00,10.690,10.720,10.670,10.720,4308412
2025-12-24 11:00:00,10.710,10.730,10.690,10.710,4609212
2025-12-24 11:30:00,10.700,10.720,10.680,10.710,3042504
2025-12-24 13:30:00,10.710,10.780,10.700,10.770,7388204
2025-12-24 14:00:00,10.770,10.790,10.740,10.760,5158520
2025-12-24 14:30:00,10.760,10.770,10.710,10.720,7350568
2025-12-24 15:00:00,10.710,10.760,10.710,10.750,7676584
2025-12-25 10:00:00,10.740,10.830,10.700,10.790,13258236
2025-12-25 10:30:00,10.800,10.860,10.780,10.840,7873636
2025-12-25 11:00:00,10.840,10.860,10.820,10.840,6264592
2025-12-25 11:30:00,10.830,10.850,10.820,10.820,3060853
2025-12-25 13:30:00,10.820,10.850,10.800,10.850,5109191
2025-12-25 14:00:00,10.840,10.860,10.820,10.840,4728084
2025-12-25 14:30:00,10.830,10.870,10.830,10.850,5496552
2025-12-25 15:00:00,10.850,10.860,10.830,10.830,5197155
2025-12-26 10:00:00,10.830,10.990,10.830,10.990,21077097
2025-12-26 10:30:00,10.990,11.080,10.980,11.060,22037054
2025-12-26 11:00:00,11.050,11.140,11.030,11.080,24975231
2025-12-26 11:30:00,11.070,11.120,10.930,10.950,13732109
2025-12-26 13:30:00,10.950,11.040,10.940,11.010,6614367
2025-12-26 14:00:00,11.010,11.010,10.980,10.990,3002306
2025-12-26 14:30:00,10.990,11.010,10.940,10.960,5235194
2025-12-26 15:00:00,10.960,10.980,10.950,10.960,7030366
2025-12-29 10:00:00,10.990,11.110,10.900,11.050,21221888
2025-12-29 10:30:00,11.040,11.080,11.000,11.030,7071103
2025-12-29 11:00:00,11.010,11.030,10.970,10.980,4626276
2025-12-29 11:30:00,10.980,11.020,10.960,10.970,5011368
2025-12-29 13:30:00,10.970,10.970,10.920,10.960,4402721
2025-12-29 14:00:00,10.960,10.990,10.930,10.940,3139804
2025-12-29 14:30:00,10.930,10.940,10.900,10.910,6839067
2025-12-29 15:00:00,10.910,10.940,10.890,10.940,5620176
2025-12-30 10:00:00,10.880,10.930,10.830,10.860,10591289
2025-12-30 10:30:00,10.860,10.900,10.840,10.840,6047512
2025-12-30 11:00:00,10.850,10.860,10.810,10.850,6818006
2025-12-30 11:30:00,10.850,10.860,10.820,10.850,3693000
2025-12-30 13:30:00,10.860,10.960,10.830,10.930,7983297
2025-12-30 14:00:00,10.930,10.940,10.850,10.860,5285707
2025-12-30 14:30:00,10.850,10.890,10.840,10.880,3763400
2025-12-30 15:00:00,10.880,10.890,10.850,10.860,5435328
2025-12-31 10:00:00,10.860,11.010,10.850,10.940,13933900
2025-12-31 10:30:00,10.930,11.020,10.930,11.000,11820416
2025-12-31 11:00:00,11.000,11.050,10.970,10.980,7232384
2025-12-31 11:30:00,10.980,10.990,10.920,10.950,4385308
2025-12-31 13:30:00,10.940,10.970,10.910,10.950,4647950
2025-12-31 14:00:00,10.960,10.970,10.900,10.900,6201794
2025-12-31 14:30:00,10.900,10.930,10.890,10.920,3760036
2025-12-31 15:00:00,10.930,10.930,10.890,10.900,6972188
2026-01-05 10:00:00,10.890,10.990,10.870,10.980,15268988
2026-01-05 10:30:00,10.990,11.120,10.960,11.110,15557556
2026-01-05 11:00:00,11.110,11.150,11.060,11.120,19813069
2026-01-05 11:30:00,11.110,11.160,11.100,11.130,11751556
2026-01-05 13:30:00,11.140,11.180,11.090,11.120,10381971
2026-01-05 14:00:00,11.120,11.120,11.080,11.110,5296820
2026-01-05 14:30:00,11.110,11.140,11.100,11.110,8277051
2026-01-05 15:00:00,11.120,11.140,11.110,11.130,10709710
2026-01-06 10:00:00,11.100,11.330,11.100,11.270,33171099
2026-01-06 10:30:00,11.270,11.390,11.260,11.340,28444356
2026-01-06 11:00:00,11.330,11.370,11.270,11.350,15175151
2026-01-06 11:30:00,11.350,11.400,11.330,11.380,13709752
2026-01-06 13:30:00,11.370,11.450,11.370,11.430,15921212
2026-01-06 14:00:00,11.440,11.440,11.300,11.360,12610611
2026-01-06 14:30:00,11.350,11.440,11.350,11.430,11942497
2026-01-06 15:00:00,11.420,11.450,11.390,11.430,17125965
2026-01-07 10:00:00,11.420,11.420,11.290,11.350,21351130
2026-01-07 10:30:00,11.340,11.400,11.300,11.320,11573979
2026-01-07 11:00:00,11.320,11.340,11.310,11.320,5525584
2026-01-07 11:30:00,11.320,11.370,11.290,11.320,6488511
2026-01-07 13:30:00,11.320,11.330,11.260,11.270,11573797
2026-01-07 14:00:00,11.270,11.280,11.200,11.240,12039368
2026-01-07 14:30:00,11.230,11.280,11.220,11.270,6316012
2026-01-07 15:00:00,11.260,11.300,11.240,11.290,10538004
2026-01-08 10:00:00,11.240,11.240,11.010,11.060,37274205
2026-01-08 10:30:00,11.060,11.060,10.950,10.970,24655126
2026-01-08 11:00:00,10.980,11.000,10.910,10.990,19912037
2026-01-08 11:30:00,10.990,11.000,10.930,10.940,13430992
2026-01-08 13:30:00,10.940,10.990,10.930,10.970,7842760
2026-01-08 14:00:00,10.970,10.970,10.930,10.950,7069460
2026-01-08 14:30:00,10.960,10.960,10.910,10.940,14391864
2026-01-08 15:00:00,10.930,10.960,10.910,10.940,13217735
2026-01-09 10:00:00,10.900,10.980,10.860,10.970,20059780
2026-01-09 10:30:00,10.970,10.980,10.920,10.950,10624002
2026-01-09 11:00:00,10.940,11.000,10.930,10.950,9801171
2026-01-09 11:30:00,10.950,10.950,10.830,10.840,21211440
2026-01-09 13:30:00,10.850,10.860,10.800,10.810,14311996
2026-01-09 14:00:00,10.820,10.850,10.810,10.840,7611428
2026-01-09 14:30:00,10.830,10.850,10.800,10.830,9553847
2026-01-09 15:00:00,10.820,10.910,10.810,10.910,13798262
2026-01-12 10:00:00,10.910,10.930,10.820,10.840,22967828
2026-01-12 10:30:00,10.850,10.900,10.820,10.860,13582876
2026-01-12 11:00:00,10.860,10.950,10.850,10.920,11205714
2026-01-12 11:30:00,10.920,11.020,10.890,10.980,13674545
2026-01-12 13:30:00,10.980,11.000,10.910,10.980,11470899
2026-01-12 14:00:00,10.970,10.990,10.940,10.970,7013404
2026-01-12 14:30:00,10.970,11.000,10.950,11.000,6735329
2026-01-12 15:00:00,10.990,11.000,10.960,10.990,11092907
2026-01-13 10:00:00,11.020,11.100,10.970,11.080,30344690
2026-01-13 10:30:00,11.080,11.230,11.080,11.170,35642530
2026-01-13 11:00:00,11.160,11.220,11.120,11.150,14000414
2026-01-13 11:30:00,11.160,11.180,11.110,11.120,5512173
2026-01-13 13:30:00,11.120,11.140,11.030,11.050,9519796
2026-01-13 14:00:00,11.040,11.090,11.000,11.070,6692800
2026-01-13 14:30:00,11.080,11.080,11.020,11.030,4723440
2026-01-13 15:00:00,11.030,11.050,10.970,11.010,12180340
2026-01-14 10:00:00,10.990,11.150,10.970,11.150,20654373
2026-01-14 10:30:00,11.150,11.160,11.080,11.120,14153225
2026-01-14 11:00:00,11.120,11.130,11.090,11.100,14310146
2026-01-14 11:30:00,11.100,11.210,11.090,11.170,16894131
2026-01-14 13:30:00,11.170,11.180,10.920,10.960,27508390
2026-01-14 14:00:00,10.970,11.000,10.880,10.890,12693976
2026-01-14 14:30:00,10.880,10.950,10.850,10.950,11391372
2026-01-14 15:00:00,10.950,10.960,10.910,10.940,8334328
2026-01-15 10:00:00,10.880,10.940,10.800,10.860,20830879
2026-01-15 10:30:00,10.850,10.850,10.740,10.750,17588260
2026-01-15 11:00:00,10.750,10.780,10.720,10.720,10004928
2026-01-15 11:30:00,10.720,10.750,10.680,10.700,10048091
2026-01-15 13:30:00,10.700,10.730,10.670,10.720,8999237
2026-01-15 14:00:00,10.720,10.720,10.670,10.670,8901133
2026-01-15 14:30:00,10.670,10.690,10.630,10.640,11859413
2026-01-15 15:00:00,10.640,10.670,10.630,10.660,11664452
2026-01-16 10:00:00,10.720,10.770,10.600,10.620,19871942
2026-01-16 10:30:00,10.610,10.630,10.580,10.590,14505348
2026-01-16 11:00:00,10.590,10.600,10.540,10.570,10060892
2026-01-16 11:30:00,10.570,10.610,10.540,10.540,7056580
2026-01-16 13:30:00,10.540,10.560,10.520,10.540,7319116
2026-01-16 14:00:00,10.530,10.600,10.510,10.530,10954681
2026-01-16 14:30:00,10.530,10.540,10.510,10.540,7057620
2026-01-16 15:00:00,10.540,10.550,10.510,10.520,8647501
2026-01-19 10:00:00,10.510,10.550,10.500,10.540,13026720
2026-01-19 10:30:00,10.540,10.560,10.500,10.520,10149036
2026-01-19 11:00:00,10.510,10.530,10.490,10.510,7285372
2026-01-19 11:30:00,10.500,10.530,10.480,10.500,5383024
2026-01-19 13:30:00,10.500,10.540,10.490,10.520,3614980
2026-01-19 14:00:00,10.520,10.530,10.450,10.460,10154841
2026-01-19 14:30:00,10.460,10.490,10.460,10.480,3932214
2026-01-19 15:00:00,10.490,10.520,10.470,10.510,5459336
2026-01-20 10:00:00,10.510,10.550,10.500,10.500,12109850
2026-01-20 10:30:00,10.500,10.540,10.470,10.510,9907900
2026-01-20 11:00:00,10.510,10.570,10.480,10.560,6249312
2026-01-20 11:30:00,10.560,10.600,10.550,10.570,7729359
2026-01-20 13:30:00,10.580,10.580,10.540,10.550,3628900
2026-01-20 14:00:00,10.550,10.590,10.540,10.560,4895428
2026-01-20 14:30:00,10.550,10.580,10.540,10.550,3375300
2026-01-20 15:00:00,10.540,10.580,10.540,10.560,5562628
2026-01-21 10:00:00,10.540,10.560,10.500,10.510,9159476
2026-01-21 10:30:00,10.520,10.550,10.510,10.530,5410932
2026-01-21 11:00:00,10.530,10.540,10.500,10.520,7061696
2026-01-21 11:30:00,10.520,10.540,10.490,10.500,6878488
2026-01-21 13:30:00,10.510,10.520,10.460,10.460,6861416
2026-01-21 14:00:00,10.460,10.480,10.460,10.470,6990344
2026-01-21 14:30:00,10.480,10.480,10.390,10.410,18408263
2026-01-21 15:00:00,10.400,10.430,10.390,10.420,17863807
2026-01-22 10:00:00,10.440,10.530,10.430,10.520,13208827
2026-01-22 10:30:00,10.520,10.580,10.490,10.490,14324460
2026-01-22 11:00:00,10.490,10.530,10.480,10.510,4470845
2026-01-22 11:30:00,10.500,10.520,10.460,10.470,3469780
2026-01-22 13:30:00,10.470,10.490,10.460,10.470,2729632
2026-01-22 14:00:00,10.460,10.490,10.460,10.490,2752180
2026-01-22 14:30:00,10.490,10.490,10.460,10.480,3914700
2026-01-22 15:00:00,10.480,10.490,10.450,10.460,8088677
2026-01-23 10:00:00,10.500,10.550,10.480,10.540,9785266
2026-01-23 10:30:00,10.540,10.550,10.480,10.480,8129340
2026-01-23 11:00:00,10.480,10.500,10.470,10.480,5692704
2026-01-23 11:30:00,10.480,10.500,10.440,10.460,8506571
2026-01-23 13:30:00,10.460,10.480,10.410,10.420,11042096
2026-01-23 14:00:00,10.420,10.460,10.420,10.450,5407904
2026-01-23 14:30:00,10.460,10.460,10.420,10.430,7995832
2026-01-23 15:00:00,10.440,10.450,10.400,10.450,15803698
2026-01-26 10:00:00,10.440,10.530,10.410,10.460,22976856
2026-01-26 10:30:00,10.460,10.630,10.460,10.620,30978842
2026-01-26 11:00:00,10.620,10.640,10.520,10.520,17016392
2026-01-26 11:30:00,10.520,10.590,10.500,10.560,10279358
2026-01-26 13:30:00,10.550,10.570,10.500,10.500,4851764
2026-01-26 14:00:00,10.500,10.520,10.460,10.480,7754488
2026-01-26 14:30:00,10.480,10.490,10.450,10.480,8196291
2026-01-26 15:00:00,10.470,10.490,10.460,10.470,10538922
2026-01-27 10:00:00,10.450,10.460,10.310,10.320,25999932
2026-01-27 10:30:00,10.310,10.380,10.310,10.350,8359004
2026-01-27 11:00:00,10.340,10.450,10.330,10.440,8102182
2026-01-27 11:30:00,10.430,10.450,10.380,10.410,4229397
2026-01-27 13:30:00,10.410,10.420,10.390,10.400,3336530
2026-01-27 14:00:00,10.400,10.460,10.380,10.450,6556137
2026-01-27 14:30:00,10.440,10.460,10.410,10.410,5464204
2026-01-27 15:00:00,10.410,10.430,10.350,10.390,12453084
2026-01-28 10:00:00,10.390,10.470,10.360,10.460,18754218
2026-01-28 10:30:00,10.460,10.580,10.460,10.470,18483304
2026-01-28 11:00:00,10.470,10.520,10.430,10.460,9930288
2026-01-28 11:30:00,10.450,10.490,10.440,10.480,4297932
2026-01-28 13:30:00,10.480,10.500,10.420,10.420,8372436
2026-01-28 14:00:00,10.420,10.460,10.420,10.460,3815716
2026-01-28 14:30:00,10.450,10.470,10.310,10.380,26680061
2026-01-28 15:00:00,10.370,10.380,10.280,10.310,28251875
2026-01-29 10:00:00,10.300,10.330,10.190,10.200,40252671
2026-01-29 10:30:00,10.200,10.220,10.170,10.200,18631132
2026-01-29 11:00:00,10.200,10.210,10.190,10.210,6241173
2026-01-29 11:30:00,10.200,10.210,10.190,10.190,5222576
2026-01-29 13:30:00,10.200,10.270,10.190,10.250,20429649
2026-01-29 14:00:00,10.250,10.350,10.250,10.320,19310348
2026-01-29 14:30:00,10.320,10.440,10.310,10.380,19429821
2026-01-29 15:00:00,10.380,10.440,10.370,10.430,17441196
2026-01-30 10:00:00,10.390,10.420,10.290,10.300,19745814
2026-01-30 10:30:00,10.300,10.310,10.250,10.260,13515336
2026-01-30 11:00:00,10.260,10.330,10.220,10.300,11508463
2026-01-30 11:30:00,10.280,10.300,10.250,10.270,3863844
2026-01-30 13:30:00,10.270,10.300,10.260,10.270,4456852
2026-01-30 14:00:00,10.280,10.310,10.270,10.280,4922566
2026-01-30 14:30:00,10.280,10.290,10.230,10.240,7606356
2026-01-30 15:00:00,10.240,10.260,10.230,10.230,10781536
2026-02-02 10:00:00,10.220,10.310,10.200,10.290,20187328
2026-02-02 10:30:00,10.290,10.340,10.270,10.270,14932103
2026-02-02 11:00:00,10.270,10.300,10.240,10.250,5328240
2026-02-02 11:30:00,10.240,10.260,10.230,10.240,6735000
2026-02-02 13:30:00,10.240,10.250,10.210,10.220,7667800
2026-02-02 14:00:00,10.220,10.230,10.160,10.200,11667100
2026-02-02 14:30:00,10.190,10.220,10.150,10.150,8734460
2026-02-02 15:00:00,10.160,10.160,10.110,10.130,14549351
2026-02-03 10:00:00,10.170,10.200,10.100,10.150,20850914
2026-02-03 10:30:00,10.150,10.160,10.110,10.130,9298300
2026-02-03 11:00:00,10.120,10.130,10.080,10.090,8459192
2026-02-03 11:30:00,10.090,10.130,10.060,10.130,7387811
2026-02-03 13:30:00,10.130,10.140,10.080,10.100,6724349
2026-02-03 14:00:00,10.110,10.130,10.100,10.100,8024252
2026-02-03 14:30:00,10.110,10.130,10.090,10.110,10129687
2026-02-03 15:00:00,10.110,10.150,10.100,10.150,12030167
2026-02-04 10:00:00,10.140,10.190,10.090,10.180,14113887
2026-02-04 10:30:00,10.170,10.210,10.170,10.190,8593020
2026-02-04 11:00:00,10.180,10.220,10.180,10.200,6508578
2026-02-04 11:30:00,10.190,10.200,10.170,10.190,3561276
2026-02-04 13:30:00,10.180,10.220,10.160,10.200,6773133
2026-02-04 14:00:00,10.200,10.220,10.200,10.210,4142580
2026-02-04 14:30:00,10.210,10.320,10.200,10.290,18290179
2026-02-04 15:00:00,10.280,10.310,10.280,10.280,9667548
2026-02-05 10:00:00,10.270,10.340,10.250,10.300,13146153
2026-02-05 10:30:00,10.300,10.320,10.250,10.260,5692367
2026-02-05 11:00:00,10.260,10.280,10.210,10.220,5132100
2026-02-05 11:30:00,10.230,10.280,10.220,10.240,3170364
2026-02-05 13:30:00,10.250,10.340,10.240,10.320,8373157
2026-02-05 14:00:00,10.330,10.420,10.300,10.370,16367146
2026-02-05 14:30:00,10.370,10.390,10.350,10.370,5898900
2026-02-05 15:00:00,10.370,10.370,10.330,10.340,6266797
2026-02-06 10:00:00,10.260,10.380,10.250,10.360,13393037
2026-02-06 10:30:00,10.360,10.410,10.350,10.380,13321828
2026-02-06 11:00:00,10.380,10.400,10.360,10.370,5576700
2026-02-06 11:30:00,10.370,10.470,10.360,10.420,12696050
2026-02-06 13:30:00,10.420,10.420,10.370,10.390,5369400
2026-02-06 14:00:00,10.380,10.410,10.370,10.390,3703300
2026-02-06 14:30:00,10.390,10.410,10.360,10.370,4905750
2026-02-06 15:00:00,10.370,10.380,10.330,10.350,7721322
2026-02-09 10:00:00,10.410,10.440,10.340,10.400,14771963
2026-02-09 10:30:00,10.400,10.420,10.390,10.390,5772548
2026-02-09 11:00:00,10.390,10.420,10.370,10.380,4943500
2026-02-09 11:30:00,10.380,10.400,10.350,10.370,6844728
2026-02-09 13:30:00,10.360,10.390,10.350,10.390,4803125
2026-02-09 14:00:00,10.380,10.400,10.380,10.380,2651916
2026-02-09 14:30:00,10.380,10.390,10.360,10.380,3439472
2026-02-09 15:00:00,10.370,10.410,10.370,10.410,6525232
2026-02-10 10:00:00,10.410,10.410,10.370,10.400,7785293
2026-02-10 10:30:00,10.400,10.420,10.390,10.390,3892732
2026-02-10 11:00:00,10.400,10.400,10.380,10.390,2674928
2026-02-10 11:30:00,10.390,10.400,10.370,10.400,3298936
2026-02-10 13:30:00,10.400,10.410,10.370,10.390,3417280
2026-02-10 14:00:00,10.390,10.400,10.370,10.380,1848761
2026-02-10 14:30:00,10.380,10.390,10.370,10.390,3471584
2026-02-10 15:00:00,10.390,10.390,10.370,10.380,4132734
2026-02-11 10:00:00,10.370,10.380,10.320,10.330,8998900
2026-02-11 10:30:00,10.330,10.340,10.320,10.340,3441800
2026-02-11 11:00:00,10.340,10.370,10.330,10.350,3421660
2026-02-11 11:30:00,10.350,10.360,10.340,10.350,2056796
2026-02-11 13:30:00,10.360,10.390,10.350,10.370,3191656
2026-02-11 14:00:00,10.360,10.380,10.360,10.370,2570000
2026-02-11 14:30:00,10.370,10.390,10.370,10.370,3187460
2026-02-11 15:00:00,10.370,10.380,10.360,10.360,3850902
2026-02-12 10:00:00,10.350,10.360,10.280,10.300,9358475
2026-02-12 10:30:00,10.310,10.310,10.290,10.300,3287400
2026-02-12 11:00:00,10.300,10.310,10.260,10.290,5643917
2026-02-12 11:30:00,10.290,10.300,10.270,10.280,3239068
2026-02-12 13:30:00,10.280,10.290,10.260,10.290,5458196
2026-02-12 14:00:00,10.280,10.290,10.260,10.260,3539356
2026-02-12 14:30:00,10.260,10.290,10.260,10.270,4395096
2026-02-12 15:00:00,10.260,10.280,10.250,10.260,6597896
2026-02-13 10:00:00,10.270,10.330,10.260,10.300,9266792
2026-02-13 10:30:00,10.290,10.300,10.270,10.280,2354160
2026-02-13 11:00:00,10.290,10.290,10.260,10.270,2623168
2026-02-13 11:30:00,10.270,10.270,10.240,10.250,4296400
2026-02-13 13:30:00,10.250,10.260,10.220,10.220,4760988
2026-02-13 14:00:00,10.220,10.260,10.220,10.230,3815236
2026-02-13 14:30:00,10.240,10.240,10.210,10.210,4492896
2026-02-13 15:00:00,10.220,10.220,10.160,10.180,12987207
2026-02-24 10:00:00,10.260,10.280,10.190,10.210,8783496
2026-02-24 10:30:00,10.200,10.230,10.200,10.230,3418280
2026-02-24 11:00:00,10.230,10.250,10.210,10.240,2552932
2026-02-24 11:30:00,10.230,10.240,10.220,10.230,1888538
2026-02-24 13:30:00,10.240,10.240,10.200,10.200,2512632
2026-02-24 14:00:00,10.200,10.210,10.180,10.190,3303782
2026-02-24 14:30:00,10.190,10.210,10.190,10.200,2276900
2026-02-24 15:00:00,10.190,10.210,10.190,10.200,4476010
2026-02-25 10:00:00,10.210,10.320,10.200,10.290,14621350
2026-02-25 10:30:00,10.300,10.320,10.280,10.310,7075897
2026-02-25 11:00:00,10.300,10.340,10.300,10.340,6248763
2026-02-25 11:30:00,10.330,10.370,10.330,10.370,6232848
2026-02-25 13:30:00,10.360,10.370,10.190,10.200,35424279
2026-02-25 14:00:00,10.200,10.210,10.160,10.200,17370818
2026-02-25 14:30:00,10.200,10.210,10.160,10.190,9225106
2026-02-25 15:00:00,10.190,10.210,10.150,10.180,16786750
2026-02-26 10:00:00,10.190,10.210,10.130,10.140,14701111
2026-02-26 10:30:00,10.150,10.160,10.110,10.120,9626000
2026-02-26 11:00:00,10.130,10.140,10.110,10.130,5558536
2026-02-26 11:30:00,10.130,10.150,10.120,10.150,3750220
2026-02-26 13:30:00,10.150,10.160,10.130,10.150,4379564
2026-02-26 14:00:00,10.150,10.150,10.120,10.130,5197897
2026-02-26 14:30:00,10.130,10.140,10.100,10.110,9550100
2026-02-26 15:00:00,10.110,10.130,10.100,10.120,6703175
2026-02-27 10:00:00,10.100,10.140,10.090,10.130,8211873
2026-02-27 10:30:00,10.130,10.130,10.110,10.120,4679210
2026-02-27 11:00:00,10.120,10.130,10.100,10.110,4458632
2026-02-27 11:30:00,10.110,10.130,10.100,10.110,1896200
2026-02-27 13:30:00,10.110,10.180,10.110,10.160,10865653
2026-02-27 14:00:00,10.160,10.170,10.110,10.120,6999204
2026-02-27 14:30:00,10.120,10.130,10.110,10.130,4504444
2026-02-27 15:00:00,10.120,10.140,10.110,10.110,11155359
2026-03-02 10:00:00,10.010,10.040,9.980,10.000,20424282
2026-03-02 10:30:00,10.000,10.000,9.870,9.910,23648804
2026-03-02 11:00:00,9.900,9.940,9.880,9.920,5779380
2026-03-02 11:30:00,9.920,9.950,9.910,9.930,3388396
2026-03-02 13:30:00,9.940,9.990,9.930,9.960,4385804
2026-03-02 14:00:00,9.970,9.970,9.920,9.930,7167124
2026-03-02 14:30:00,9.930,9.940,9.910,9.910,3119896
2026-03-02 15:00:00,9.910,9.930,9.900,9.920,7090801
2026-03-03 10:00:00,9.950,10.010,9.900,9.910,12957007
2026-03-03 10:30:00,9.900,9.910,9.850,9.900,11491329
2026-03-03 11:00:00,9.910,10.020,9.900,10.000,10655940
2026-03-03 11:30:00,10.010,10.050,10.000,10.020,6833364
2026-03-03 13:30:00,10.010,10.020,9.980,9.990,4370400
2026-03-03 14:00:00,9.990,9.990,9.940,9.950,4490468
2026-03-03 14:30:00,9.950,9.950,9.890,9.910,6807988
2026-03-03 15:00:00,9.920,9.920,9.860,9.870,9255651
2026-03-04 10:00:00,9.780,9.840,9.770,9.840,14977192
2026-03-04 10:30:00,9.830,9.840,9.770,9.790,6465680
2026-03-04 11:00:00,9.780,9.790,9.720,9.730,9192427
2026-03-04 11:30:00,9.720,9.740,9.690,9.700,7985316
2026-03-04 13:30:00,9.690,9.740,9.670,9.680,6610524
2026-03-04 14:00:00,9.680,9.740,9.660,9.720,4069732
2026-03-04 14:30:00,9.720,9.730,9.700,9.710,2531309
2026-03-04 15:00:00,9.700,9.740,9.700,9.720,4902886
2026-03-05 10:00:00,9.800,9.840,9.780,9.780,10768964
2026-03-05 10:30:00,9.790,9.800,9.770,9.790,3040076
2026-03-05 11:00:00,9.790,9.830,9.790,9.810,3563148
2026-03-05 11:30:00,9.820,9.820,9.800,9.810,1955644
2026-03-05 13:30:00,9.800,9.810,9.780,9.800,2752359
2026-03-05 14:00:00,9.800,9.810,9.770,9.780,2748120
2026-03-05 14:30:00,9.790,9.790,9.760,9.770,2367053
2026-03-05 15:00:00,9.770,9.780,9.760,9.770,3501143
2026-03-06 10:00:00,9.760,9.820,9.740,9.810,5819144
2026-03-06 10:30:00,9.800,9.830,9.790,9.810,4303004
2026-03-06 11:00:00,9.810,9.840,9.810,9.830,2489299
2026-03-06 11:30:00,9.820,9.840,9.810,9.830,2067006
2026-03-06 13:30:00,9.830,9.840,9.810,9.830,2483989
2026-03-06 14:00:00,9.830,9.910,9.820,9.880,7432628
2026-03-06 14:30:00,9.870,9.880,9.860,9.870,3190196
2026-03-06 15:00:00,9.880,9.890,9.870,9.870,4876254
2026-03-09 10:00:00,9.720,9.760,9.680,9.680,14900000
2026-03-09 10:30:00,9.680,9.730,9.670,9.710,5199054
2026-03-09 11:00:00,9.710,9.740,9.700,9.730,3081903
2026-03-09 11:30:00,9.740,9.740,9.720,9.730,2158896
2026-03-09 13:30:00,9.720,9.840,9.710,9.800,5544201
2026-03-09 14:00:00,9.810,9.830,9.760,9.770,3892735
2026-03-09 14:30:00,9.780,9.780,9.750,9.750,3574240
2026-03-09 15:00:00,9.760,9.770,9.700,9.730,7911230
2026-03-10 10:00:00,9.780,9.840,9.770,9.810,10906631
2026-03-10 10:30:00,9.810,9.810,9.760,9.780,5409272
2026-03-10 11:00:00,9.780,9.800,9.760,9.790,3729911
2026-03-10 11:30:00,9.790,9.800,9.770,9.790,2130028
2026-03-10 13:30:00,9.780,9.800,9.770,9.780,2454748
2026-03-10 14:00:00,9.780,9.810,9.780,9.810,2586582
2026-03-10 14:30:00,9.810,9.840,9.790,9.800,3967648
2026-03-10 15:00:00,9.800,9.830,9.790,9.820,4430585
2026-03-11 10:00:00,9.800,9.810,9.750,9.770,8876714
2026-03-11 10:30:00,9.760,9.810,9.750,9.790,6070000
2026-03-11 11:00:00,9.790,9.820,9.780,9.790,5573856
2026-03-11 11:30:00,9.790,9.800,9.760,9.770,4348276
2026-03-11 13:30:00,9.770,9.810,9.770,9.770,2980380
2026-03-11 14:00:00,9.780,9.780,9.760,9.770,2900536
2026-03-11 14:30:00,9.770,9.820,9.770,9.810,5679420
2026-03-11 15:00:00,9.810,9.810,9.790,9.800,4836868
2026-03-12 10:00:00,9.770,9.820,9.770,9.810,7490137
2026-03-12 10:30:00,9.810,9.830,9.790,9.800,4339188
2026-03-12 11:00:00,9.800,9.820,9.770,9.790,3892028
2026-03-12 11:30:00,9.790,9.800,9.770,9.770,2801504
2026-03-12 13:30:00,9.780,9.780,9.760,9.770,3385436
2026-03-12 14:00:00,9.780,9.820,9.770,9.810,3113456
2026-03-12 14:30:00,9.810,9.820,9.780,9.780,3273400
2026-03-12 15:00:00,9.790,9.810,9.790,9.800,4222836
2026-03-13 10:00:00,9.790,9.820,9.750,9.790,9626243
2026-03-13 10:30:00,9.780,9.810,9.780,9.810,4091960
2026-03-13 11:00:00,9.810,9.810,9.780,9.810,2233191
2026-03-13 11:30:00,9.810,9.820,9.800,9.800,2551814
2026-03-13 13:30:00,9.800,9.870,9.800,9.830,7653280
2026-03-13 14:00:00,9.830,9.840,9.820,9.820,2240500
2026-03-13 14:30:00,9.820,9.830,9.790,9.790,3396600
2026-03-13 15:00:00,9.800,9.800,9.750,9.760,7595558
2026-03-16 10:00:00,9.770,9.780,9.700,9.710,13174400
2026-03-16 10:30:00,9.720,9.760,9.710,9.710,4443920
2026-03-16 11:00:00,9.720,9.720,9.680,9.700,5593608
2026-03-16 11:30:00,9.700,9.720,9.690,9.720,1411100
2026-03-16 13:30:00,9.720,9.750,9.710,9.720,3266300
2026-03-16 14:00:00,9.720,9.740,9.680,9.710,4515848
2026-03-16 14:30:00,9.700,9.740,9.700,9.710,5084001
2026-03-16 15:00:00,9.720,9.740,9.690,9.710,6580253
2026-03-17 10:00:00,9.720,9.870,9.720,9.870,19663041
2026-03-17 10:30:00,9.860,9.930,9.850,9.890,18155243
2026-03-17 11:00:00,9.890,9.950,9.870,9.880,8999719
2026-03-17 11:30:00,9.880,9.890,9.860,9.870,3467200
2026-03-17 13:30:00,9.880,9.890,9.860,9.860,3152200
2026-03-17 14:00:00,9.870,9.900,9.850,9.850,5859612
2026-03-17 14:30:00,9.860,9.860,9.820,9.850,5685750
2026-03-17 15:00:00,9.840,9.850,9.820,9.820,7061431
2026-03-18 10:00:00,9.780,9.810,9.720,9.730,17716256
2026-03-18 10:30:00,9.730,9.730,9.690,9.700,11636044
2026-03-18 11:00:00,9.710,9.720,9.690,9.710,3989521
2026-03-18 11:30:00,9.700,9.710,9.690,9.690,3467979
2026-03-18 13:30:00,9.690,9.710,9.660,9.660,8379500
2026-03-18 14:00:00,9.660,9.700,9.640,9.670,6331700
2026-03-18 14:30:00,9.670,9.710,9.670,9.700,4865352
2026-03-18 15:00:00,9.700,9.730,9.680,9.720,5378850
2026-03-19 10:00:00,9.660,9.680,9.630,9.660,6571095
2026-03-19 10:30:00,9.660,9.670,9.620,9.640,7345659
2026-03-19 11:00:00,9.640,9.650,9.610,9.620,4369488
2026-03-19 11:30:00,9.620,9.640,9.610,9.640,2682244
2026-03-19 13:30:00,9.640,9.640,9.600,9.610,3711335
2026-03-19 14:00:00,9.620,9.680,9.580,9.650,7493172
2026-03-19 14:30:00,9.650,9.680,9.610,9.620,3782612
2026-03-19 15:00:00,9.610,9.620,9.580,9.600,5896636
2026-03-20 10:00:00,9.630,9.650,9.560,9.570,8703814
2026-03-20 10:30:00,9.580,9.590,9.500,9.520,10226318
2026-03-20 11:00:00,9.510,9.530,9.500,9.510,4202139
2026-03-20 11:30:00,9.510,9.570,9.510,9.570,4100660
2026-03-20 13:30:00,9.570,9.580,9.520,9.530,2104430
2026-03-20 14:00:00,9.530,9.540,9.510,9.510,2308982
2026-03-20 14:30:00,9.520,9.530,9.490,9.490,3955320
2026-03-20 15:00:00,9.500,9.500,9.430,9.450,9052100
2026-03-23 10:00:00,9.260,9.330,9.140,9.250,21157849
2026-03-23 10:30:00,9.250,9.270,9.220,9.220,4851476
2026-03-23 11:00:00,9.220,9.230,9.180,9.210,4206364
2026-03-23 11:30:00,9.210,9.220,9.140,9.150,5633500
2026-03-23 13:30:00,9.150,9.200,9.090,9.100,8528808
2026-03-23 14:00:00,9.090,9.140,9.060,9.100,7546212
2026-03-23 14:30:00,9.090,9.100,9.000,9.070,9267480
2026-03-23 15:00:00,9.070,9.070,8.990,9.030,8691720
2026-03-24 10:00:00,9.150,9.160,9.020,9.030,9247348
2026-03-24 10:30:00,9.030,9.170,9.030,9.160,8701527
2026-03-24 11:00:00,9.160,9.170,9.120,9.120,2788120
2026-03-24 11:30:00,9.130,9.150,9.110,9.120,2138968
2026-03-24 13:30:00,9.130,9.140,9.060,9.070,3218300
2026-03-24 14:00:00,9.070,9.100,9.070,9.080,1703700
2026-03-24 14:30:00,9.080,9.150,9.070,9.130,3510828
2026-03-24 15:00:00,9.130,9.150,9.120,9.130,5390796
2026-03-25 10:00:00,9.140,9.210,9.120,9.190,10788954
2026-03-25 10:30:00,9.190,9.210,9.170,9.210,4266580
2026-03-25 11:00:00,9.200,9.230,9.170,9.200,4618952
2026-03-25 11:30:00,9.210,9.210,9.190,9.190,2799784
2026-03-25 13:30:00,9.190,9.210,9.180,9.210,2712512
2026-03-25 14:00:00,9.210,9.260,9.180,9.210,10395447
2026-03-25 14:30:00,9.210,9.210,9.160,9.170,4489894
2026-03-25 15:00:00,9.180,9.210,9.170,9.200,4806565
2026-03-26 10:00:00,9.180,9.200,9.140,9.160,6743829
2026-03-26 10:30:00,9.160,9.160,9.110,9.110,4688311
2026-03-26 11:00:00,9.120,9.130,9.070,9.090,5181667
2026-03-26 11:30:00,9.100,9.100,9.070,9.080,1909780
2026-03-26 13:30:00,9.090,9.090,9.020,9.020,5397456
2026-03-26 14:00:00,9.030,9.060,9.030,9.040,3033564
2026-03-26 14:30:00,9.030,9.050,9.010,9.030,4546420
2026-03-26 15:00:00,9.020,9.040,9.000,9.020,4576485
2026-03-27 10:00:00,8.980,9.070,8.960,9.050,7641721
2026-03-27 10:30:00,9.040,9.100,9.040,9.080,4590185
2026-03-27 11:00:00,9.080,9.090,9.040,9.050,2387275
2026-03-27 11:30:00,9.050,9.070,9.040,9.050,1142584
2026-03-27 13:30:00,9.060,9.130,9.050,9.110,6449612
2026-03-27 14:00:00,9.110,9.130,9.090,9.090,2833214
2026-03-27 14:30:00,9.090,9.110,9.080,9.100,2173789
2026-03-27 15:00:00,9.090,9.120,9.090,9.110,4050286
2026-03-30 10:00:00,9.050,9.060,8.970,8.980,11361691
2026-03-30 10:30:00,8.990,9.130,8.980,9.080,6676940
2026-03-30 11:00:00,9.090,9.090,9.050,9.070,2088972
2026-03-30 11:30:00,9.060,9.130,9.060,9.110,3472928
2026-03-30 13:30:00,9.110,9.120,9.060,9.080,3411523
2026-03-30 14:00:00,9.070,9.100,9.050,9.080,2305874
2026-03-30 14:30:00,9.070,9.100,9.070,9.090,1485134
2026-03-30 15:00:00,9.090,9.110,9.090,9.100,3091405
2026-03-31 10:00:00,9.100,9.190,9.090,9.140,9279006
2026-03-31 10:30:00,9.130,9.160,9.120,9.140,2882900
2026-03-31 11:00:00,9.140,9.150,9.110,9.130,2876103
2026-03-31 11:30:00,9.120,9.130,9.080,9.100,2649396
2026-03-31 13:30:00,9.100,9.120,9.080,9.090,2536848
2026-03-31 14:00:00,9.080,9.110,9.070,9.090,2860224
2026-03-31 14:30:00,9.090,9.090,9.050,9.060,3336108
2026-03-31 15:00:00,9.060,9.070,9.030,9.040,4546904
2026-04-01 10:00:00,9.150,9.170,9.090,9.090,9733784
2026-04-01 10:30:00,9.080,9.160,9.080,9.120,4853444
2026-04-01 11:00:00,9.130,9.180,9.120,9.160,5341520
2026-04-01 11:30:00,9.160,9.170,9.120,9.130,2515900
2026-04-01 13:30:00,9.120,9.150,9.110,9.140,2994384
2026-04-01 14:00:00,9.140,9.150,9.120,9.130,3759724
2026-04-01 14:30:00,9.120,9.150,9.120,9.130,3104000
2026-04-01 15:00:00,9.130,9.160,9.120,9.160,5177704
2026-04-02 10:00:00,9.130,9.130,9.070,9.090,7501496
2026-04-02 10:30:00,9.090,9.090,9.040,9.060,5781132
2026-04-02 11:00:00,9.060,9.070,9.040,9.060,2497523
2026-04-02 11:30:00,9.050,9.080,9.050,9.070,1778508
2026-04-02 13:30:00,9.070,9.070,9.020,9.030,3594348
2026-04-02 14:00:00,9.030,9.040,9.000,9.000,5008540
2026-04-02 14:30:00,9.010,9.030,8.990,9.020,4535524
2026-04-02 15:00:00,9.010,9.020,9.000,9.020,3421316
