date,open,high,low,close,volume
2025-03-27 14:30:00,7.590,7.610,7.590,7.600,3093300
2025-03-27 15:00:00,7.590,7.610,7.580,7.590,7404650
2025-03-28 10:00:00,7.580,7.600,7.370,7.390,27939000
2025-03-28 10:30:00,7.390,7.440,7.370,7.430,9772342
2025-03-28 11:00:00,7.440,7.440,7.390,7.400,3887100
2025-03-28 11:30:00,7.410,7.410,7.370,7.380,4486200
2025-03-28 13:30:00,7.380,7.390,7.320,7.330,11638459
2025-03-28 14:00:00,7.320,7.350,7.300,7.340,8454600
2025-03-28 14:30:00,7.330,7.340,7.310,7.320,5676600
2025-03-28 15:00:00,7.320,7.320,7.300,7.300,10109422
2025-03-31 10:00:00,7.280,7.300,7.200,7.220,20484653
2025-03-31 10:30:00,7.210,7.250,7.190,7.200,11900468
2025-03-31 11:00:00,7.210,7.210,7.170,7.170,7302000
2025-03-31 11:30:00,7.170,7.180,7.140,7.150,7371200
2025-03-31 13:30:00,7.150,7.170,7.140,7.140,5171100
2025-03-31 14:00:00,7.150,7.150,7.110,7.130,5240700
2025-03-31 14:30:00,7.120,7.150,7.110,7.120,5634800
2025-03-31 15:00:00,7.130,7.130,7.100,7.120,13729922
2025-04-01 10:00:00,7.140,7.150,7.050,7.130,23939595
2025-04-01 10:30:00,7.130,7.150,7.120,7.140,7163958
2025-04-01 11:00:00,7.140,7.210,7.130,7.180,9983242
2025-04-01 11:30:00,7.180,7.190,7.160,7.170,2927800
2025-04-01 13:30:00,7.170,7.180,7.140,7.150,4279000
2025-04-01 14:00:00,7.150,7.160,7.130,7.150,4207200
2025-04-01 14:30:00,7.160,7.160,7.140,7.150,4371200
2025-04-01 15:00:00,7.150,7.160,7.130,7.150,5897414
2025-04-02 10:00:00,7.140,7.200,7.100,7.170,10813466
2025-04-02 10:30:00,7.160,7.180,7.120,7.130,4169600
2025-04-02 11:00:00,7.130,7.150,7.130,7.150,1687500
2025-04-02 11:30:00,7.140,7.160,7.130,7.160,2601200
2025-04-02 13:30:00,7.160,7.170,7.150,7.160,3055100
2025-04-02 14:00:00,7.160,7.170,7.130,7.140,4385400
2025-04-02 14:30:00,7.130,7.150,7.120,7.130,3500000
2025-04-02 15:00:00,7.130,7.130,7.110,7.130,5720867
2025-04-03 10:00:00,7.070,7.140,7.060,7.120,11821800
2025-04-03 10:30:00,7.130,7.160,7.110,7.150,5745314
2025-04-03 11:00:00,7.150,7.180,7.140,7.170,5002400
2025-04-03 11:30:00,7.180,7.200,7.160,7.170,9015900
2025-04-03 13:30:00,7.160,7.190,7.140,7.150,5590700
2025-04-03 14:00:00,7.150,7.220,7.140,7.200,8305900
2025-04-03 14:30:00,7.200,7.220,7.200,7.200,6442522
2025-04-03 15:00:00,7.200,7.230,7.200,7.200,6279137
2025-04-07 10:00:00,7.010,7.070,6.770,6.960,48138035
2025-04-07 10:30:00,6.960,7.030,6.900,7.000,13592863
2025-04-07 11:00:00,6.990,7.030,6.950,6.980,9160800
2025-04-07 11:30:00,6.980,6.990,6.910,6.920,8603900
2025-04-07 13:30:00,6.930,6.930,6.820,6.860,10738876
2025-04-07 14:00:00,6.870,6.890,6.820,6.840,8283072
2025-04-07 14:30:00,6.830,6.840,6.710,6.720,20350699
2025-04-07 15:00:00,6.720,6.970,6.710,6.920,12516001
2025-04-08 10:00:00,6.900,6.980,6.810,6.860,41228930
2025-04-08 10:30:00,6.870,6.910,6.850,6.880,12080200
2025-04-08 11:00:00,6.890,6.940,6.880,6.900,9529603
2025-04-08 11:30:00,6.900,6.960,6.900,6.960,7724100
2025-04-08 13:30:00,6.960,6.960,6.890,6.890,7615300
2025-04-08 14:00:00,6.890,6.920,6.870,6.900,14039817
2025-04-08 14:30:00,6.910,6.920,6.870,6.890,10684100
2025-04-08 15:00:00,6.890,7.000,6.880,7.000,12346951
2025-04-09 10:00:00,6.920,6.950,6.810,6.850,27829095
2025-04-09 10:30:00,6.850,6.990,6.850,6.950,13730100
2025-04-09 11:00:00,6.950,7.020,6.930,7.010,8911600
2025-04-09 11:30:00,7.010,7.040,6.960,7.020,5491600
2025-04-09 13:30:00,7.030,7.100,6.990,7.090,9285200
2025-04-09 14:00:00,7.100,7.320,7.090,7.180,28276100
2025-04-09 14:30:00,7.180,7.260,7.150,7.250,10252601
2025-04-09 15:00:00,7.250,7.300,7.240,7.300,20062472
2025-04-10 10:00:00,7.300,7.320,7.200,7.300,30998800
2025-04-10 10:30:00,7.310,7.340,7.290,7.300,8122500
2025-04-10 11:00:00,7.300,7.310,7.240,7.240,5051589
2025-04-10 11:30:00,7.240,7.250,7.210,7.230,5309111
2025-04-10 13:30:00,7.230,7.330,7.210,7.300,11146800
2025-04-10 14:00:00,7.310,7.340,7.280,7.300,8401900
2025-04-10 14:30:00,7.310,7.320,7.300,7.310,4396300
2025-04-10 15:00:00,7.310,7.340,7.300,7.340,10469900
2025-04-11 10:00:00,7.330,7.350,7.270,7.330,13401308
2025-04-11 10:30:00,7.330,7.380,7.330,7.340,7313985
2025-04-11 11:00:00,7.340,7.350,7.320,7.330,2444410
2025-04-11 11:30:00,7.320,7.380,7.320,7.360,5858700
2025-04-11 13:30:00,7.370,7.370,7.320,7.340,3634677
2025-04-11 14:00:00,7.340,7.350,7.320,7.340,2466900
2025-04-11 14:30:00,7.340,7.350,7.330,7.350,3104200
2025-04-11 15:00:00,7.340,7.350,7.320,7.330,8009400
2025-04-14 10:00:00,7.310,7.340,7.240,7.280,14678829
2025-04-14 10:30:00,7.270,7.280,7.200,7.210,17502200
2025-04-14 11:00:00,7.210,7.220,7.190,7.200,8925300
2025-04-14 11:30:00,7.210,7.220,7.200,7.210,4280601
2025-04-14 13:30:00,7.210,7.240,7.210,7.230,9281400
2025-04-14 14:00:00,7.230,7.250,7.210,7.220,4769000
2025-04-14 14:30:00,7.220,7.230,7.210,7.230,4048500
2025-04-14 15:00:00,7.220,7.230,7.210,7.230,5618089
2025-04-15 10:00:00,7.220,7.220,7.130,7.140,10960900
2025-04-15 10:30:00,7.140,7.210,7.140,7.190,5659900
2025-04-15 11:00:00,7.190,7.230,7.170,7.180,3171000
2025-04-15 11:30:00,7.180,7.220,7.170,7.220,2281500
2025-04-15 13:30:00,7.220,7.220,7.160,7.200,4472200
2025-04-15 14:00:00,7.200,7.200,7.160,7.160,3078900
2025-04-15 14:30:00,7.160,7.170,7.140,7.160,6413000
2025-04-15 15:00:00,7.160,7.190,7.150,7.190,6110722
2025-04-16 10:00:00,7.190,7.330,7.170,7.330,31754694
2025-04-16 10:30:00,7.320,7.350,7.310,7.350,18723984
2025-04-16 11:00:00,7.350,7.420,7.340,7.420,21735400
2025-04-16 11:30:00,7.410,7.470,7.400,7.410,23015901
2025-04-16 13:30:00,7.410,7.450,7.380,7.420,14715201
2025-04-16 14:00:00,7.420,7.450,7.400,7.420,7413800
2025-04-16 14:30:00,7.410,7.430,7.400,7.410,5912600
2025-04-16 15:00:00,7.410,7.470,7.400,7.470,20180700
2025-04-17 10:00:00,7.420,7.480,7.370,7.430,11990900
2025-04-17 10:30:00,7.440,7.460,7.420,7.430,4356700
2025-04-17 11:00:00,7.430,7.460,7.400,7.460,3734640
2025-04-17 11:30:00,7.460,7.490,7.440,7.490,5341700
2025-04-17 13:30:00,7.480,7.520,7.460,7.510,12056205
2025-04-17 14:00:00,7.510,7.560,7.500,7.540,12737200
2025-04-17 14:30:00,7.540,7.560,7.510,7.560,8148000
2025-04-17 15:00:00,7.550,7.570,7.520,7.560,11953500
2025-04-18 10:00:00,7.530,7.530,7.410,7.430,10371700
2025-04-18 10:30:00,7.430,7.440,7.400,7.400,4477100
2025-04-18 11:00:00,7.410,7.420,7.390,7.400,3797500
2025-04-18 11:30:00,7.400,7.410,7.370,7.410,3783200
2025-04-18 13:30:00,7.400,7.410,7.390,7.400,2709700
2025-04-18 14:00:00,7.400,7.420,7.390,7.410,2942600
2025-04-18 14:30:00,7.410,7.420,7.390,7.390,3375400
2025-04-18 15:00:00,7.390,7.430,7.380,7.400,6306850
2025-04-21 10:00:00,7.380,7.450,7.380,7.390,8883300
2025-04-21 10:30:00,7.390,7.410,7.380,7.400,2731500
2025-04-21 11:00:00,7.400,7.400,7.360,7.360,2666700
2025-04-21 11:30:00,7.370,7.390,7.360,7.390,2859201
2025-04-21 13:30:00,7.380,7.400,7.360,7.370,3741399
2025-04-21 14:00:00,7.380,7.390,7.370,7.380,2182900
2025-04-21 14:30:00,7.380,7.380,7.360,7.360,3221100
2025-04-21 15:00:00,7.360,7.370,7.350,7.360,6172100
2025-04-22 10:00:00,7.370,7.420,7.330,7.340,9351300
2025-04-22 10:30:00,7.330,7.350,7.280,7.300,11068100
2025-04-22 11:00:00,7.300,7.310,7.280,7.290,4753000
2025-04-22 11:30:00,7.300,7.300,7.260,7.280,5792500
2025-04-22 13:30:00,7.280,7.330,7.260,7.330,5434814
2025-04-22 14:00:00,7.320,7.360,7.320,7.340,5885100
2025-04-22 14:30:00,7.330,7.350,7.320,7.330,3559700
2025-04-22 15:00:00,7.340,7.340,7.300,7.320,5988644
2025-04-23 10:00:00,7.340,7.350,7.270,7.280,7249100
2025-04-23 10:30:00,7.270,7.300,7.270,7.300,5007148
2025-04-23 11:00:00,7.300,7.300,7.270,7.290,4782000
2025-04-23 11:30:00,7.290,7.290,7.270,7.280,3725210
2025-04-23 13:30:00,7.280,7.300,7.270,7.290,3591100
2025-04-23 14:00:00,7.290,7.310,7.280,7.300,3713060
2025-04-23 14:30:00,7.300,7.300,7.270,7.300,5045409
2025-04-23 15:00:00,7.300,7.320,7.270,7.270,8392110
2025-04-24 10:00:00,7.290,7.360,7.260,7.320,12331871
2025-04-24 10:30:00,7.310,7.330,7.290,7.310,3478601
2025-04-24 11:00:00,7.300,7.310,7.270,7.270,5331400
2025-04-24 11:30:00,7.280,7.290,7.250,7.290,4570600
2025-04-24 13:30:00,7.280,7.290,7.260,7.270,2021100
2025-04-24 14:00:00,7.280,7.300,7.270,7.290,2022501
2025-04-24 14:30:00,7.290,7.290,7.260,7.260,2444370
2025-04-24 15:00:00,7.260,7.270,7.230,7.250,9566095
2025-04-25 10:00:00,7.270,7.270,7.210,7.230,6436200
2025-04-25 10:30:00,7.220,7.240,7.200,7.210,8262000
2025-04-25 11:00:00,7.210,7.230,7.200,7.230,4545528
2025-04-25 11:30:00,7.220,7.240,7.210,7.230,3354700
2025-04-25 13:30:00,7.230,7.240,7.210,7.220,2805200
2025-04-25 14:00:00,7.220,7.230,7.200,7.200,5093600
2025-04-25 14:30:00,7.200,7.210,7.180,7.200,7169500
2025-04-25 15:00:00,7.200,7.220,7.190,7.200,6939900
2025-04-28 10:00:00,7.220,7.230,7.170,7.180,7201700
2025-04-28 10:30:00,7.180,7.240,7.170,7.240,7510200
2025-04-28 11:00:00,7.240,7.260,7.230,7.260,7869700
2025-04-28 11:30:00,7.250,7.260,7.200,7.200,5181170
2025-04-28 13:30:00,7.200,7.210,7.170,7.200,4421800
2025-04-28 14:00:00,7.190,7.200,7.180,7.200,1415250
2025-04-28 14:30:00,7.200,7.200,7.170,7.180,3425600
2025-04-28 15:00:00,7.180,7.190,7.170,7.170,5779800
2025-04-29 10:00:00,7.190,7.250,7.160,7.230,10087600
2025-04-29 10:30:00,7.230,7.250,7.160,7.170,9657300
2025-04-29 11:00:00,7.170,7.180,7.130,7.150,11055600
2025-04-29 11:30:00,7.150,7.160,7.140,7.160,2246200
2025-04-29 13:30:00,7.160,7.200,7.140,7.190,4085100
2025-04-29 14:00:00,7.190,7.210,7.180,7.200,5641200
2025-04-29 14:30:00,7.200,7.220,7.190,7.200,3324400
2025-04-29 15:00:00,7.200,7.230,7.190,7.210,6063982
2025-04-30 10:00:00,7.120,7.160,7.050,7.100,22210983
2025-04-30 10:30:00,7.100,7.140,7.090,7.120,9472800
2025-04-30 11:00:00,7.130,7.130,7.060,7.060,11123500
2025-04-30 11:30:00,7.060,7.080,7.060,7.060,9005900
2025-04-30 13:30:00,7.070,7.070,7.050,7.060,11403500
2025-04-30 14:00:00,7.060,7.070,7.050,7.070,7581200
2025-04-30 14:30:00,7.070,7.080,7.050,7.050,10164900
2025-04-30 15:00:00,7.060,7.080,7.030,7.070,11871000
2025-05-06 10:00:00,7.170,7.400,7.170,7.350,72405569
2025-05-06 10:30:00,7.360,7.410,7.350,7.390,31191310
2025-05-06 11:00:00,7.390,7.430,7.370,7.430,18772257
2025-05-06 11:30:00,7.420,7.440,7.390,7.410,8798700
2025-05-06 13:30:00,7.420,7.420,7.370,7.410,6077502
2025-05-06 14:00:00,7.410,7.460,7.410,7.450,12886550
2025-05-06 14:30:00,7.440,7.470,7.430,7.470,7141502
2025-05-06 15:00:00,7.470,7.470,7.440,7.450,10939201
2025-05-07 10:00:00,7.550,7.550,7.290,7.340,29948200
2025-05-07 10:30:00,7.340,7.370,7.310,7.370,9221100
2025-05-07 11:00:00,7.370,7.370,7.310,7.320,5423300
2025-05-07 11:30:00,7.330,7.370,7.310,7.360,5438200
2025-05-07 13:30:00,7.350,7.370,7.320,7.340,2639700
2025-05-07 14:00:00,7.340,7.350,7.320,7.320,3016200
2025-05-07 14:30:00,7.320,7.350,7.310,7.320,6691600
2025-05-07 15:00:00,7.320,7.340,7.310,7.340,8752507
2025-05-08 10:00:00,7.340,7.450,7.310,7.400,25317000
2025-05-08 10:30:00,7.400,7.410,7.360,7.410,6342100
2025-05-08 11:00:00,7.400,7.420,7.380,7.390,4636200
2025-05-08 11:30:00,7.380,7.410,7.370,7.370,2520100
2025-05-08 13:30:00,7.380,7.410,7.370,7.390,2645400
2025-05-08 14:00:00,7.390,7.400,7.360,7.390,3679100
2025-05-08 14:30:00,7.390,7.410,7.380,7.400,2690644
2025-05-08 15:00:00,7.390,7.400,7.370,7.380,3877666
2025-05-09 10:00:00,7.370,7.420,7.330,7.360,8266901
2025-05-09 10:30:00,7.370,7.370,7.340,7.350,2542400
2025-05-09 11:00:00,7.350,7.350,7.320,7.330,3524889
2025-05-09 11:30:00,7.340,7.340,7.310,7.310,3158785
2025-05-09 13:30:00,7.320,7.320,7.290,7.290,3692426
2025-05-09 14:00:00,7.300,7.300,7.270,7.280,4954300
2025-05-09 14:30:00,7.280,7.290,7.250,7.270,6977626
2025-05-09 15:00:00,7.280,7.310,7.270,7.300,5225700
2025-05-12 10:00:00,7.330,7.360,7.280,7.350,10543200
2025-05-12 10:30:00,7.350,7.440,7.340,7.430,15684500
2025-05-12 11:00:00,7.440,7.470,7.400,7.420,9965427
2025-05-12 11:30:00,7.430,7.480,7.420,7.460,5851010
2025-05-12 13:30:00,7.470,7.500,7.440,7.500,11193801
2025-05-12 14:00:00,7.500,7.520,7.490,7.510,10356800
2025-05-12 14:30:00,7.500,7.530,7.500,7.520,9790600
2025-05-12 15:00:00,7.520,7.540,7.510,7.530,11691834
2025-05-13 10:00:00,7.530,7.650,7.470,7.630,28768401
2025-05-13 10:30:00,7.620,7.650,7.550,7.580,9559601
2025-05-13 11:00:00,7.580,7.610,7.560,7.600,6506500
2025-05-13 11:30:00,7.600,7.610,7.570,7.590,5563500
2025-05-13 13:30:00,7.590,7.600,7.560,7.570,5460800
2025-05-13 14:00:00,7.570,7.590,7.550,7.580,4524137
2025-05-13 14:30:00,7.580,7.600,7.560,7.580,5007700
2025-05-13 15:00:00,7.590,7.600,7.580,7.590,8265700
2025-05-14 10:00:00,7.570,7.580,7.450,7.540,13338600
2025-05-14 10:30:00,7.540,7.540,7.480,7.510,3986000
2025-05-14 11:00:00,7.510,7.540,7.490,7.520,2608300
2025-05-14 11:30:00,7.530,7.550,7.520,7.540,2744799
2025-05-14 13:30:00,7.550,7.560,7.510,7.530,5164400
2025-05-14 14:00:00,7.530,7.560,7.510,7.540,5312401
2025-05-14 14:30:00,7.540,7.560,7.530,7.550,3431314
2025-05-14 15:00:00,7.540,7.570,7.540,7.560,5044500
2025-05-15 10:00:00,7.560,7.630,7.530,7.570,15010524
2025-05-15 10:30:00,7.570,7.590,7.540,7.560,5663300
2025-05-15 11:00:00,7.550,7.560,7.500,7.520,4969000
2025-05-15 11:30:00,7.500,7.530,7.490,7.520,4082200
2025-05-15 13:30:00,7.520,7.550,7.510,7.530,4492820
2025-05-15 14:00:00,7.530,7.550,7.520,7.540,3682400
2025-05-15 14:30:00,7.550,7.570,7.530,7.560,4176400
2025-05-15 15:00:00,7.560,7.580,7.540,7.560,9879700
2025-05-16 10:00:00,7.570,7.580,7.480,7.540,9586200
2025-05-16 10:30:00,7.540,7.550,7.490,7.500,4195200
2025-05-16 11:00:00,7.490,7.590,7.490,7.570,5965400
2025-05-16 11:30:00,7.570,7.590,7.550,7.580,3880100
2025-05-16 13:30:00,7.580,7.600,7.560,7.560,4545600
2025-05-16 14:00:00,7.560,7.590,7.550,7.560,4043210
2025-05-16 14:30:00,7.550,7.600,7.530,7.570,5716500
2025-05-16 15:00:00,7.570,7.610,7.570,7.610,10053000
2025-05-19 10:00:00,7.550,7.610,7.530,7.580,7594900
2025-05-19 10:30:00,7.590,7.590,7.540,7.560,3957000
2025-05-19 11:00:00,7.550,7.560,7.520,7.530,3425610
2025-05-19 11:30:00,7.530,7.540,7.500,7.510,3063900
2025-05-19 13:30:00,7.510,7.540,7.500,7.530,3116800
2025-05-19 14:00:00,7.530,7.560,7.510,7.560,4173100
2025-05-19 14:30:00,7.550,7.600,7.540,7.560,4956900
2025-05-19 15:00:00,7.560,7.580,7.550,7.580,3487294
2025-05-20 10:00:00,7.590,7.610,7.560,7.590,7160800
2025-05-20 10:30:00,7.580,7.590,7.560,7.580,3914100
2025-05-20 11:00:00,7.570,7.580,7.520,7.540,1908100
2025-05-20 11:30:00,7.540,7.650,7.530,7.630,9744900
2025-05-20 13:30:00,7.630,7.640,7.590,7.600,3899800
2025-05-20 14:00:00,7.600,7.610,7.570,7.590,1666100
2025-05-20 14:30:00,7.590,7.660,7.580,7.640,6996100
2025-05-20 15:00:00,7.650,7.650,7.630,7.640,4076400
2025-05-21 10:00:00,7.620,7.790,7.610,7.740,19008649
2025-05-21 10:30:00,7.740,7.840,7.730,7.840,18477201
2025-05-21 11:00:00,7.840,7.880,7.820,7.840,15598900
2025-05-21 11:30:00,7.840,7.870,7.820,7.870,6642500
2025-05-21 13:30:00,7.860,7.930,7.840,7.890,19389220
2025-05-21 14:00:00,7.900,7.910,7.860,7.900,7058124
2025-05-21 14:30:00,7.910,7.920,7.890,7.900,6483800
2025-05-21 15:00:00,7.900,7.930,7.900,7.910,11036105
2025-05-22 10:00:00,7.890,8.070,7.880,8.030,19806900
2025-05-22 10:30:00,8.030,8.100,7.990,8.090,17161198
2025-05-22 11:00:00,8.090,8.130,8.070,8.090,12026000
2025-05-22 11:30:00,8.090,8.090,8.030,8.060,8167700
2025-05-22 13:30:00,8.060,8.070,7.990,8.020,6811400
2025-05-22 14:00:00,8.020,8.020,7.960,7.980,5508300
2025-05-22 14:30:00,7.990,8.000,7.970,7.980,5850500
2025-05-22 15:00:00,7.990,8.030,7.970,8.000,7670801
2025-05-23 10:00:00,8.030,8.050,7.940,7.990,11696400
2025-05-23 10:30:00,8.000,8.010,7.940,7.980,3950800
2025-05-23 11:00:00,7.980,7.990,7.950,7.960,4145600
2025-05-23 11:30:00,7.970,7.980,7.940,7.950,2207200
2025-05-23 13:30:00,7.950,7.960,7.930,7.940,3515100
2025-05-23 14:00:00,7.950,7.960,7.920,7.930,4589100
2025-05-23 14:30:00,7.930,7.940,7.860,7.870,10679410
2025-05-23 15:00:00,7.860,7.900,7.850,7.850,9173946
2025-05-26 10:00:00,7.890,8.020,7.870,7.990,26161901
2025-05-26 10:30:00,7.990,8.150,7.960,8.110,22696630
2025-05-26 11:00:00,8.120,8.150,8.080,8.110,7709900
2025-05-26 11:30:00,8.100,8.140,8.060,8.080,6278100
2025-05-26 13:30:00,8.070,8.110,8.050,8.100,7710900
2025-05-26 14:00:00,8.100,8.100,8.060,8.080,4461484
2025-05-26 14:30:00,8.070,8.110,8.060,8.100,7012200
2025-05-26 15:00:00,8.090,8.130,8.090,8.120,7292370
2025-05-27 10:00:00,8.110,8.200,8.070,8.150,12783207
2025-05-27 10:30:00,8.140,8.140,8.070,8.110,6495109
2025-05-27 11:00:00,8.120,8.150,8.080,8.090,7022735
2025-05-27 11:30:00,8.090,8.120,8.050,8.070,6803500
2025-05-27 13:30:00,8.080,8.090,8.050,8.070,4804300
2025-05-27 14:00:00,8.070,8.100,8.050,8.050,3463743
2025-05-27 14:30:00,8.050,8.080,8.040,8.070,6887000
2025-05-27 15:00:00,8.070,8.090,8.050,8.050,4991995
2025-05-28 10:00:00,8.070,8.150,8.020,8.140,9953106
2025-05-28 10:30:00,8.130,8.210,8.110,8.150,14919923
2025-05-28 11:00:00,8.160,8.170,8.120,8.130,2487500
2025-05-28 11:30:00,8.130,8.160,8.110,8.150,2703600
2025-05-28 13:30:00,8.140,8.180,8.110,8.120,7695000
2025-05-28 14:00:00,8.120,8.140,8.100,8.140,2869900
2025-05-28 14:30:00,8.130,8.140,8.100,8.120,3184800
2025-05-28 15:00:00,8.120,8.140,8.110,8.120,4430224
2025-05-29 10:00:00,8.110,8.160,7.830,7.940,24602219
2025-05-29 10:30:00,7.940,8.000,7.890,8.000,7845600
2025-05-29 11:00:00,8.000,8.000,7.960,7.990,4145400
2025-05-29 11:30:00,8.000,8.010,7.970,7.990,3881000
2025-05-29 13:30:00,7.980,8.050,7.970,8.050,6910000
2025-05-29 14:00:00,8.050,8.050,8.000,8.030,2990700
2025-05-29 14:30:00,8.030,8.040,8.010,8.020,2464400
2025-05-29 15:00:00,8.030,8.040,8.010,8.030,4986500
2025-05-30 10:00:00,8.040,8.100,8.010,8.040,7198201
2025-05-30 10:30:00,8.040,8.080,7.990,8.000,5532700
2025-05-30 11:00:00,8.000,8.060,7.990,8.030,2930700
2025-05-30 11:30:00,8.030,8.050,7.990,8.020,2529000
2025-05-30 13:30:00,8.020,8.040,8.000,8.020,3375700
2025-05-30 14:00:00,8.020,8.050,8.000,8.030,2602500
2025-05-30 14:30:00,8.020,8.050,8.020,8.030,4766300
2025-05-30 15:00:00,8.030,8.050,8.020,8.020,6107440
2025-06-03 10:00:00,7.970,7.990,7.760,7.880,16382000
2025-06-03 10:30:00,7.890,7.960,7.840,7.960,10226700
2025-06-03 11:00:00,7.960,7.980,7.930,7.980,5622600
2025-06-03 11:30:00,7.980,8.010,7.930,7.970,5764900
2025-06-03 13:30:00,7.960,7.980,7.910,7.940,7022500
2025-06-03 14:00:00,7.940,7.990,7.940,7.970,3937610
2025-06-03 14:30:00,7.970,7.980,7.950,7.960,3442400
2025-06-03 15:00:00,7.960,8.000,7.940,7.960,5962531
2025-06-04 10:00:00,7.930,8.000,7.800,7.830,14121200
2025-06-04 10:30:00,7.830,7.880,7.790,7.880,10994900
2025-06-04 11:00:00,7.880,7.890,7.810,7.820,3812200
2025-06-04 11:30:00,7.820,7.860,7.800,7.850,3580600
2025-06-04 13:30:00,7.850,7.870,7.820,7.840,3897000
2025-06-04 14:00:00,7.840,7.870,7.830,7.870,4337400
2025-06-04 14:30:00,7.870,7.900,7.850,7.880,6951900
2025-06-04 15:00:00,7.890,7.890,7.860,7.880,6674400
2025-06-05 10:00:00,7.860,7.980,7.820,7.960,11887101
2025-06-05 10:30:00,7.960,8.010,7.950,7.970,5321200
2025-06-05 11:00:00,7.980,7.980,7.950,7.970,1313300
2025-06-05 11:30:00,7.970,7.970,7.920,7.920,2181700
2025-06-05 13:30:00,7.920,7.950,7.890,7.900,4213735
2025-06-05 14:00:00,7.900,7.910,7.880,7.880,3391500
2025-06-05 14:30:00,7.880,7.900,7.860,7.870,4173300
2025-06-05 15:00:00,7.870,7.910,7.850,7.890,5116170
2025-06-06 10:00:00,7.860,7.940,7.820,7.840,7697291
2025-06-06 10:30:00,7.840,7.890,7.830,7.870,2789900
2025-06-06 11:00:00,7.860,7.890,7.860,7.880,1548478
2025-06-06 11:30:00,7.890,7.900,7.870,7.890,2421557
2025-06-06 13:30:00,7.900,7.930,7.870,7.920,3597400
2025-06-06 14:00:00,7.910,7.950,7.910,7.920,3517800
2025-06-06 14:30:00,7.930,7.930,7.900,7.910,2469753
2025-06-06 15:00:00,7.910,7.930,7.900,7.930,5029146
2025-06-09 10:00:00,7.910,7.970,7.830,7.870,8961300
2025-06-09 10:30:00,7.870,7.930,7.870,7.900,4413200
2025-06-09 11:00:00,7.890,7.970,7.870,7.960,5489800
2025-06-09 11:30:00,7.960,7.980,7.940,7.950,2838300
2025-06-09 13:30:00,7.950,7.990,7.930,7.970,3995000
2025-06-09 14:00:00,7.960,8.000,7.960,7.980,4514770
2025-06-09 14:30:00,7.990,8.000,7.970,7.990,3929946
2025-06-09 15:00:00,7.990,8.000,7.980,8.000,3478715
2025-06-10 10:00:00,7.980,8.050,7.960,7.960,6255300
2025-06-10 10:30:00,7.970,8.010,7.960,8.000,5591400
2025-06-10 11:00:00,8.000,8.090,7.970,8.080,7548281
2025-06-10 11:30:00,8.080,8.140,8.060,8.090,8848400
2025-06-10 13:30:00,8.100,8.140,8.050,8.070,10314601
2025-06-10 14:00:00,8.070,8.110,8.050,8.090,6230899
2025-06-10 14:30:00,8.090,8.100,8.060,8.080,4048800
2025-06-10 15:00:00,8.080,8.110,8.070,8.090,4490500
2025-06-11 10:00:00,8.090,8.130,8.030,8.040,7274200
2025-06-11 10:30:00,8.050,8.060,7.980,7.990,6421700
2025-06-11 11:00:00,7.990,8.050,7.980,7.980,3490100
2025-06-11 11:30:00,7.980,8.000,7.970,7.980,3943800
2025-06-11 13:30:00,7.980,8.020,7.970,8.010,5513800
2025-06-11 14:00:00,8.010,8.050,8.000,8.030,4982800
2025-06-11 14:30:00,8.020,8.070,8.010,8.060,4840300
2025-06-11 15:00:00,8.060,8.080,8.030,8.040,5938419
2025-06-12 10:00:00,7.990,8.010,7.840,7.850,13792396
2025-06-12 10:30:00,7.850,7.890,7.830,7.850,8177335
2025-06-12 11:00:00,7.840,7.900,7.830,7.900,6435417
2025-06-12 11:30:00,7.900,7.930,7.880,7.900,4158200
2025-06-12 13:30:00,7.900,7.940,7.870,7.930,5217300
2025-06-12 14:00:00,7.940,7.970,7.930,7.960,3822700
2025-06-12 14:30:00,7.950,7.980,7.950,7.970,5753150
2025-06-12 15:00:00,7.970,7.980,7.940,7.940,6255410
2025-06-13 10:00:00,7.790,7.910,7.720,7.860,27124232
2025-06-13 10:30:00,7.850,7.920,7.850,7.870,10542602
2025-06-13 11:00:00,7.870,7.890,7.770,7.790,10665268
2025-06-13 11:30:00,7.780,7.800,7.750,7.770,8105272
2025-06-13 13:30:00,7.770,7.790,7.730,7.760,5257400
2025-06-13 14:00:00,7.750,7.800,7.740,7.790,4709600
2025-06-13 14:30:00,7.780,7.810,7.770,7.780,5528600
2025-06-13 15:00:00,7.770,7.790,7.750,7.780,7927055
2025-06-16 10:00:00,7.750,7.770,7.640,7.660,14650300
2025-06-16 10:30:00,7.670,7.690,7.650,7.680,6191500
2025-06-16 11:00:00,7.680,7.690,7.650,7.670,14230538
2025-06-16 11:30:00,7.660,7.720,7.660,7.700,3872400
2025-06-16 13:30:00,7.700,7.740,7.700,7.730,3122400
2025-06-16 14:00:00,7.720,7.740,7.700,7.710,2467400
2025-06-16 14:30:00,7.710,7.750,7.710,7.730,3179100
2025-06-16 15:00:00,7.730,7.750,7.720,7.740,4678700
2025-06-17 10:00:00,7.770,7.910,7.760,7.810,12028129
2025-06-17 10:30:00,7.810,7.820,7.760,7.760,3039600
2025-06-17 11:00:00,7.770,7.780,7.730,7.770,2906800
2025-06-17 11:30:00,7.760,7.820,7.760,7.800,2730205
2025-06-17 13:30:00,7.790,7.830,7.770,7.820,3108099
2025-06-17 14:00:00,7.820,7.870,7.800,7.830,5458182
2025-06-17 14:30:00,7.830,7.840,7.800,7.810,2735100
2025-06-17 15:00:00,7.810,7.820,7.800,7.810,3252600
2025-06-18 10:00:00,7.780,7.840,7.770,7.800,5220252
2025-06-18 10:30:00,7.800,7.800,7.750,7.760,2902900
2025-06-18 11:00:00,7.770,7.800,7.740,7.750,2863872
2025-06-18 11:30:00,7.760,7.770,7.740,7.760,1382600
2025-06-18 13:30:00,7.750,7.780,7.750,7.780,1977600
2025-06-18 14:00:00,7.770,7.780,7.750,7.750,2696900
2025-06-18 14:30:00,7.750,7.770,7.750,7.760,2309200
2025-06-18 15:00:00,7.760,7.790,7.750,7.760,4312847
2025-06-19 10:00:00,7.760,7.780,7.720,7.740,5044400
2025-06-19 10:30:00,7.740,7.770,7.710,7.720,2780171
2025-06-19 11:00:00,7.720,7.730,7.680,7.690,8027700
2025-06-19 11:30:00,7.690,7.710,7.670,7.690,2889400
2025-06-19 13:30:00,7.680,7.700,7.660,7.690,3181000
2025-06-19 14:00:00,7.690,7.700,7.660,7.670,2701096
2025-06-19 14:30:00,7.680,7.680,7.660,7.670,3209200
2025-06-19 15:00:00,7.660,7.680,7.630,7.650,7909950
2025-06-20 10:00:00,7.650,7.720,7.650,7.690,3583280
2025-06-20 10:30:00,7.690,7.690,7.650,7.670,2580800
2025-06-20 11:00:00,7.670,7.700,7.660,7.680,2158616
2025-06-20 11:30:00,7.690,7.710,7.670,7.690,3949984
2025-06-20 13:30:00,7.700,7.740,7.690,7.700,5232064
2025-06-20 14:00:00,7.700,7.710,7.690,7.690,2713500
2025-06-20 14:30:00,7.700,7.710,7.680,7.690,2383110
2025-06-20 15:00:00,7.690,7.700,7.660,7.690,5064681
2025-06-23 10:00:00,7.650,7.670,7.510,7.600,17295526
2025-06-23 10:30:00,7.590,7.690,7.580,7.680,5401201
2025-06-23 11:00:00,7.680,7.700,7.610,7.660,5476500
2025-06-23 11:30:00,7.660,7.690,7.600,7.620,4411500
2025-06-23 13:30:00,7.630,7.660,7.610,7.630,2919968
2025-06-23 14:00:00,7.630,7.650,7.620,7.640,3748100
2025-06-23 14:30:00,7.630,7.680,7.630,7.650,3648000
2025-06-23 15:00:00,7.650,7.670,7.650,7.650,3843927
2025-06-24 10:00:00,7.800,7.920,7.710,7.850,30395604
2025-06-24 10:30:00,7.840,7.930,7.830,7.880,9691800
2025-06-24 11:00:00,7.880,7.890,7.850,7.860,3457601
2025-06-24 11:30:00,7.870,7.900,7.830,7.880,3532500
2025-06-24 13:30:00,7.890,7.900,7.860,7.870,4008800
2025-06-24 14:00:00,7.860,7.880,7.850,7.850,3053100
2025-06-24 14:30:00,7.850,7.860,7.790,7.800,3669205
2025-06-24 15:00:00,7.790,7.810,7.780,7.800,5812210
2025-06-25 10:00:00,7.850,7.930,7.830,7.880,8204200
2025-06-25 10:30:00,7.880,7.880,7.830,7.840,2504000
2025-06-25 11:00:00,7.840,7.860,7.820,7.830,2490010
2025-06-25 11:30:00,7.830,7.850,7.810,7.840,1873100
2025-06-25 13:30:00,7.850,7.880,7.830,7.870,2825100
2025-06-25 14:00:00,7.870,7.890,7.860,7.880,2257568
2025-06-25 14:30:00,7.880,7.900,7.870,7.890,3344300
2025-06-25 15:00:00,7.890,7.940,7.870,7.920,9035752
2025-06-26 10:00:00,7.900,7.910,7.790,7.830,10271500
2025-06-26 10:30:00,7.830,7.850,7.810,7.830,3966500
2025-06-26 11:00:00,7.830,7.860,7.820,7.860,1943200
2025-06-26 11:30:00,7.860,7.890,7.840,7.890,3214600
2025-06-26 13:30:00,7.890,7.940,7.860,7.920,4224200
2025-06-26 14:00:00,7.910,7.980,7.890,7.960,9782820
2025-06-26 14:30:00,7.950,7.950,7.900,7.930,3565300
2025-06-26 15:00:00,7.920,7.930,7.890,7.910,5359916
2025-06-27 10:00:00,7.900,7.980,7.870,7.970,7715100
2025-06-27 10:30:00,7.970,7.980,7.940,7.950,4532300
2025-06-27 11:00:00,7.950,8.010,7.940,7.990,8075180
2025-06-27 11:30:00,8.000,8.070,7.980,7.990,9447300
2025-06-27 13:30:00,7.990,8.000,7.960,7.970,4076900
2025-06-27 14:00:00,7.970,7.980,7.950,7.950,2571600
2025-06-27 14:30:00,7.950,7.970,7.950,7.950,2450717
2025-06-27 15:00:00,7.950,7.970,7.930,7.950,4815169
2025-06-30 10:00:00,7.950,8.050,7.900,7.910,8715773
2025-06-30 10:30:00,7.920,7.920,7.860,7.900,6299027
2025-06-30 11:00:00,7.900,7.920,7.870,7.870,3183400
2025-06-30 11:30:00,7.870,7.880,7.850,7.870,4040600
2025-06-30 13:30:00,7.870,7.890,7.850,7.880,4097247
2025-06-30 14:00:00,7.880,7.900,7.870,7.880,1946500
2025-06-30 14:30:00,7.880,7.900,7.870,7.880,3311400
2025-06-30 15:00:00,7.890,7.910,7.870,7.890,5514900
2025-07-01 10:00:00,7.890,7.930,7.830,7.850,8473000
2025-07-01 10:30:00,7.850,7.870,7.840,7.850,3143700
2025-07-01 11:00:00,7.870,7.870,7.830,7.840,2769000
2025-07-01 11:30:00,7.850,7.870,7.840,7.850,1312800
2025-07-01 13:30:00,7.850,7.870,7.820,7.830,5235250
2025-07-01 14:00:00,7.830,7.850,7.790,7.820,5826245
2025-07-01 14:30:00,7.810,7.820,7.790,7.790,4223647
2025-07-01 15:00:00,7.790,7.810,7.780,7.800,5109570
2025-07-02 10:00:00,7.810,7.850,7.770,7.780,7884100
2025-07-02 10:30:00,7.780,7.790,7.730,7.760,9296000
2025-07-02 11:00:00,7.760,7.780,7.750,7.760,2288100
2025-07-02 11:30:00,7.760,7.780,7.750,7.760,2233527
2025-07-02 13:30:00,7.760,7.770,7.710,7.740,5574899
2025-07-02 14:00:00,7.740,7.750,7.700,7.720,4652700
2025-07-02 14:30:00,7.710,7.730,7.700,7.720,4334155
2025-07-02 15:00:00,7.720,7.720,7.690,7.700,7679825
2025-07-03 10:00:00,7.700,7.710,7.670,7.680,5819700
2025-07-03 10:30:00,7.680,7.690,7.610,7.630,9071100
2025-07-03 11:00:00,7.630,7.640,7.610,7.620,5732470
2025-07-03 11:30:00,7.610,7.630,7.610,7.620,7152112
2025-07-03 13:30:00,7.620,7.630,7.580,7.600,11299402
2025-07-03 14:00:00,7.600,7.620,7.590,7.610,7948955
2025-07-03 14:30:00,7.600,7.610,7.580,7.600,9418785
2025-07-03 15:00:00,7.590,7.610,7.580,7.600,12278384
2025-07-04 10:00:00,7.610,7.630,7.570,7.580,10319017
2025-07-04 10:30:00,7.580,7.600,7.550,7.560,8964600
2025-07-04 11:00:00,7.560,7.580,7.560,7.570,2021200
2025-07-04 11:30:00,7.580,7.590,7.560,7.580,3397400
2025-07-04 13:30:00,7.590,7.630,7.580,7.630,5805142
2025-07-04 14:00:00,7.630,7.630,7.600,7.600,3384100
2025-07-04 14:30:00,7.610,7.610,7.580,7.590,3780900
2025-07-04 15:00:00,7.590,7.600,7.580,7.590,4840623
2025-07-07 10:00:00,7.600,7.650,7.590,7.630,10598361
2025-07-07 10:30:00,7.630,7.640,7.600,7.600,3454700
2025-07-07 11:00:00,7.610,7.620,7.590,7.590,3043067
2025-07-07 11:30:00,7.590,7.620,7.590,7.590,2283500
2025-07-07 13:30:00,7.600,7.600,7.570,7.570,3258100
2025-07-07 14:00:00,7.570,7.590,7.560,7.570,5350400
2025-07-07 14:30:00,7.570,7.580,7.550,7.560,7127402
2025-07-07 15:00:00,7.550,7.580,7.550,7.560,5045744
2025-07-08 10:00:00,7.570,7.590,7.550,7.560,6669300
2025-07-08 10:30:00,7.560,7.570,7.510,7.520,14725064
2025-07-08 11:00:00,7.520,7.520,7.510,7.510,5345500
2025-07-08 11:30:00,7.510,7.540,7.510,7.520,9030212
2025-07-08 13:30:00,7.530,7.550,7.520,7.540,6739219
2025-07-08 14:00:00,7.530,7.540,7.510,7.530,9392981
2025-07-08 14:30:00,7.540,7.550,7.520,7.550,7161800
2025-07-08 15:00:00,7.550,7.550,7.530,7.540,10159579
2025-07-09 10:00:00,7.540,7.560,7.520,7.540,14707300
2025-07-09 10:30:00,7.540,7.570,7.540,7.570,8306657
2025-07-09 11:00:00,7.560,7.580,7.550,7.560,7193900
2025-07-09 11:30:00,7.560,7.580,7.550,7.570,4540800
2025-07-09 13:30:00,7.560,7.580,7.550,7.570,7453992
2025-07-09 14:00:00,7.560,7.570,7.550,7.560,4947108
2025-07-09 14:30:00,7.560,7.570,7.530,7.540,7587200
2025-07-09 15:00:00,7.550,7.550,7.520,7.520,9769610
2025-07-10 10:00:00,7.520,7.530,7.500,7.500,11896600
2025-07-10 10:30:00,7.500,7.520,7.480,7.500,12031300
2025-07-10 11:00:00,7.490,7.510,7.480,7.490,5854008
2025-07-10 11:30:00,7.480,7.510,7.480,7.500,6073000
2025-07-10 13:30:00,7.510,7.520,7.490,7.510,6365241
2025-07-10 14:00:00,7.510,7.520,7.500,7.500,4365381
2025-07-10 14:30:00,7.500,7.540,7.500,7.510,9014211
2025-07-10 15:00:00,7.510,7.530,7.500,7.500,12619897
2025-07-11 10:00:00,7.530,7.600,7.520,7.560,30651240
2025-07-11 10:30:00,7.560,7.580,7.530,7.550,13692900
2025-07-11 11:00:00,7.540,7.570,7.540,7.540,5394600
2025-07-11 11:30:00,7.550,7.560,7.530,7.550,6123700
2025-07-11 13:30:00,7.560,7.590,7.540,7.550,9535600
2025-07-11 14:00:00,7.540,7.560,7.520,7.530,10723200
2025-07-11 14:30:00,7.530,7.540,7.520,7.520,10627300
2025-07-11 15:00:00,7.530,7.540,7.490,7.490,28283200
2025-07-14 10:00:00,7.490,7.500,7.460,7.460,20883600
2025-07-14 10:30:00,7.460,7.510,7.460,7.500,10265300
2025-07-14 11:00:00,7.500,7.530,7.500,7.500,6809297
2025-07-14 11:30:00,7.510,7.510,7.480,7.490,4351000
2025-07-14 13:30:00,7.490,7.500,7.480,7.490,2978900
2025-07-14 14:00:00,7.480,7.500,7.480,7.490,2731100
2025-07-14 14:30:00,7.490,7.510,7.490,7.490,3367800
2025-07-14 15:00:00,7.500,7.500,7.480,7.480,9787900
2025-07-15 10:00:00,7.490,7.530,7.460,7.470,23170600
2025-07-15 10:30:00,7.470,7.470,7.420,7.440,21199102
2025-07-15 11:00:00,7.430,7.440,7.380,7.380,17555200
2025-07-15 11:30:00,7.380,7.390,7.340,7.360,14840400
2025-07-15 13:30:00,7.360,7.380,7.340,7.350,9321800
2025-07-15 14:00:00,7.340,7.350,7.320,7.330,9839304
2025-07-15 14:30:00,7.330,7.410,7.330,7.400,8916465
2025-07-15 15:00:00,7.400,7.430,7.380,7.430,10983905
2025-07-16 10:00:00,7.400,7.480,7.390,7.460,22562936
2025-07-16 10:30:00,7.470,7.500,7.440,7.480,28727400
2025-07-16 11:00:00,7.480,7.510,7.480,7.480,11320567
2025-07-16 11:30:00,7.480,7.530,7.480,7.520,16018200
2025-07-16 13:30:00,7.520,7.530,7.460,7.480,7395800
2025-07-16 14:00:00,7.470,7.490,7.440,7.460,5176200
2025-07-16 14:30:00,7.450,7.470,7.450,7.450,5165280
2025-07-16 15:00:00,7.460,7.480,7.440,7.480,8410200
2025-07-17 10:00:00,7.460,7.480,7.400,7.400,22148711
2025-07-17 10:30:00,7.400,7.410,7.350,7.370,24638169
2025-07-17 11:00:00,7.360,7.380,7.350,7.360,11086113
2025-07-17 11:30:00,7.360,7.380,7.350,7.380,5150600
2025-07-17 13:30:00,7.380,7.380,7.360,7.370,5927900
2025-07-17 14:00:00,7.360,7.400,7.360,7.400,6737227
2025-07-17 14:30:00,7.400,7.400,7.370,7.370,5325700
2025-07-17 15:00:00,7.370,7.390,7.360,7.380,10800189
2025-07-18 10:00:00,7.380,7.400,7.370,7.390,11347900
2025-07-18 10:30:00,7.390,7.400,7.360,7.390,6212800
2025-07-18 11:00:00,7.380,7.400,7.370,7.390,4704220
2025-07-18 11:30:00,7.400,7.410,7.380,7.390,4599200
2025-07-18 13:30:00,7.380,7.390,7.370,7.370,3559300
2025-07-18 14:00:00,7.370,7.390,7.370,7.380,4182010
2025-07-18 14:30:00,7.370,7.390,7.370,7.380,4300902
2025-07-18 15:00:00,7.390,7.400,7.380,7.400,5924531
2025-07-21 10:00:00,7.390,7.410,7.370,7.400,14995357
2025-07-21 10:30:00,7.400,7.430,7.390,7.400,11476700
2025-07-21 11:00:00,7.390,7.420,7.390,7.420,7305100
2025-07-21 11:30:00,7.420,7.440,7.400,7.440,7796195
2025-07-21 13:30:00,7.430,7.460,7.430,7.440,8272200
2025-07-21 14:00:00,7.430,7.450,7.430,7.450,5443600
2025-07-21 14:30:00,7.440,7.460,7.440,7.460,10853500
2025-07-21 15:00:00,7.460,7.470,7.450,7.460,11555669
2025-07-22 10:00:00,7.450,7.470,7.420,7.430,13847700
2025-07-22 10:30:00,7.420,7.440,7.400,7.410,6963800
2025-07-22 11:00:00,7.400,7.440,7.400,7.430,5458200
2025-07-22 11:30:00,7.420,7.450,7.410,7.440,5306900
2025-07-22 13:30:00,7.450,7.480,7.440,7.470,14302919
2025-07-22 14:00:00,7.460,7.480,7.430,7.440,9535700
2025-07-22 14:30:00,7.430,7.470,7.430,7.460,8062157
2025-07-22 15:00:00,7.450,7.490,7.450,7.480,19867648
2025-07-23 10:00:00,7.580,7.760,7.570,7.720,106302684
2025-07-23 10:30:00,7.720,7.780,7.700,7.720,42261107
2025-07-23 11:00:00,7.730,7.740,7.690,7.700,9540400
2025-07-23 11:30:00,7.710,7.720,7.700,7.710,6462300
2025-07-23 13:30:00,7.710,7.710,7.660,7.670,10873900
2025-07-23 14:00:00,7.680,7.690,7.630,7.650,12110000
2025-07-23 14:30:00,7.650,7.660,7.600,7.630,11312210
2025-07-23 15:00:00,7.630,7.630,7.610,7.620,9026770
2025-07-24 10:00:00,7.570,7.630,7.540,7.610,21586514
2025-07-24 10:30:00,7.610,7.670,7.600,7.650,13382700
2025-07-24 11:00:00,7.660,7.670,7.650,7.670,4068457
2025-07-24 11:30:00,7.660,7.670,7.640,7.650,5500800
2025-07-24 13:30:00,7.640,7.660,7.620,7.630,4954863
2025-07-24 14:00:00,7.640,7.640,7.590,7.610,11406300
2025-07-24 14:30:00,7.600,7.650,7.600,7.640,7322700
2025-07-24 15:00:00,7.640,7.650,7.620,7.630,13712813
2025-07-25 10:00:00,7.640,7.690,7.620,7.650,20279101
2025-07-25 10:30:00,7.660,7.680,7.630,7.650,14601900
2025-07-25 11:00:00,7.650,7.670,7.610,7.620,6103800
2025-07-25 11:30:00,7.620,7.630,7.600,7.610,5476500
2025-07-25 13:30:00,7.600,7.620,7.590,7.620,6159100
2025-07-25 14:00:00,7.620,7.660,7.600,7.660,6709100
2025-07-25 14:30:00,7.660,7.660,7.620,7.630,5953800
2025-07-25 15:00:00,7.630,7.640,7.610,7.630,9768030
2025-07-28 10:00:00,7.640,7.710,7.610,7.660,22662102
2025-07-28 10:30:00,7.650,7.680,7.620,7.640,10194000
2025-07-28 11:00:00,7.630,7.650,7.590,7.600,11385100
2025-07-28 11:30:00,7.600,7.620,7.580,7.580,6174100
2025-07-28 13:30:00,7.580,7.600,7.570,7.590,5345800
2025-07-28 14:00:00,7.580,7.600,7.550,7.570,9351300
2025-07-28 14:30:00,7.560,7.580,7.550,7.550,6025400
2025-07-28 15:00:00,7.560,7.570,7.550,7.550,9018829
2025-07-29 10:00:00,7.530,7.560,7.480,7.490,11972700
2025-07-29 10:30:00,7.490,7.510,7.460,7.460,11168000
2025-07-29 11:00:00,7.470,7.470,7.430,7.450,9517300
2025-07-29 11:30:00,7.450,7.460,7.430,7.440,6710400
2025-07-29 13:30:00,7.450,7.450,7.420,7.440,8459009
2025-07-29 14:00:00,7.430,7.440,7.410,7.420,14048800
2025-07-29 14:30:00,7.420,7.460,7.420,7.450,11321100
2025-07-29 15:00:00,7.440,7.460,7.440,7.440,8971791
2025-07-30 10:00:00,7.430,7.460,7.400,7.450,13291300
2025-07-30 10:30:00,7.440,7.460,7.430,7.440,8545300
2025-07-30 11:00:00,7.450,7.470,7.430,7.460,10812500
2025-07-30 11:30:00,7.460,7.470,7.440,7.440,4008300
2025-07-30 13:30:00,7.450,7.450,7.420,7.440,4418510
2025-07-30 14:00:00,7.430,7.450,7.400,7.410,11445800
2025-07-30 14:30:00,7.410,7.430,7.400,7.420,5642100
2025-07-30 15:00:00,7.420,7.430,7.410,7.430,6547101
2025-07-31 10:00:00,7.410,7.420,7.320,7.330,33335359
2025-07-31 10:30:00,7.330,7.340,7.320,7.330,12025074
2025-07-31 11:00:00,7.330,7.340,7.310,7.320,10726600
2025-07-31 11:30:00,7.320,7.330,7.300,7.300,9041700
2025-07-31 13:30:00,7.300,7.310,7.270,7.270,14537400
2025-07-31 14:00:00,7.280,7.290,7.270,7.290,6699609
2025-07-31 14:30:00,7.290,7.290,7.250,7.260,10186591
2025-07-31 15:00:00,7.260,7.270,7.250,7.270,13807774
2025-08-01 10:00:00,7.250,7.270,7.210,7.220,22378081
2025-08-01 10:30:00,7.230,7.250,7.220,7.230,7405800
2025-08-01 11:00:00,7.240,7.240,7.210,7.220,5324500
2025-08-01 11:30:00,7.220,7.230,7.210,7.220,5300600
2025-08-01 13:30:00,7.230,7.230,7.190,7.200,11243798
2025-08-01 14:00:00,7.200,7.210,7.180,7.180,10719100
2025-08-01 14:30:00,7.190,7.200,7.180,7.190,3994177
2025-08-01 15:00:00,7.190,7.210,7.190,7.210,6109407
2025-08-04 10:00:00,7.190,7.230,7.170,7.200,14420000
2025-08-04 10:30:00,7.200,7.220,7.190,7.200,5330500
2025-08-04 11:00:00,7.210,7.210,7.190,7.190,3596400
2025-08-04 11:30:00,7.200,7.210,7.190,7.210,5072200
2025-08-04 13:30:00,7.210,7.210,7.190,7.200,3937627
2025-08-04 14:00:00,7.200,7.210,7.190,7.190,2710600
2025-08-04 14:30:00,7.190,7.220,7.190,7.200,7818700
2025-08-04 15:00:00,7.210,7.230,7.200,7.230,9949251
2025-08-05 10:00:00,7.230,7.290,7.220,7.260,16909201
2025-08-05 10:30:00,7.260,7.280,7.260,7.270,5680800
2025-08-05 11:00:00,7.260,7.270,7.220,7.250,10296300
2025-08-05 11:30:00,7.260,7.260,7.250,7.250,1396800
2025-08-05 13:30:00,7.260,7.270,7.250,7.260,3375500
2025-08-05 14:00:00,7.260,7.270,7.250,7.260,4031400
2025-08-05 14:30:00,7.260,7.270,7.250,7.270,1816100
2025-08-05 15:00:00,7.260,7.280,7.260,7.270,5750777
2025-08-06 10:00:00,7.270,7.290,7.220,7.230,10769200
2025-08-06 10:30:00,7.230,7.250,7.230,7.250,3690400
2025-08-06 11:00:00,7.250,7.250,7.230,7.240,2794500
2025-08-06 11:30:00,7.240,7.260,7.230,7.240,5239400
2025-08-06 13:30:00,7.250,7.250,7.230,7.230,4700776
2025-08-06 14:00:00,7.230,7.250,7.230,7.240,3889900
2025-08-06 14:30:00,7.250,7.250,7.230,7.240,4185053
2025-08-06 15:00:00,7.240,7.270,7.240,7.260,5122801
2025-08-07 10:00:00,7.250,7.270,7.240,7.260,6512532
2025-08-07 10:30:00,7.270,7.270,7.250,7.250,9431700
2025-08-07 11:00:00,7.250,7.290,7.240,7.290,17004023
2025-08-07 11:30:00,7.290,7.310,7.290,7.290,7413699
2025-08-07 13:30:00,7.290,7.300,7.280,7.280,3468905
2025-08-07 14:00:00,7.290,7.290,7.270,7.270,2730600
2025-08-07 14:30:00,7.270,7.290,7.270,7.280,3723100
2025-08-07 15:00:00,7.280,7.290,7.270,7.280,4586720
2025-08-08 10:00:00,7.300,7.300,7.250,7.260,6578859
2025-08-08 10:30:00,7.270,7.280,7.260,7.260,3155800
2025-08-08 11:00:00,7.270,7.290,7.260,7.270,2983100
2025-08-08 11:30:00,7.270,7.280,7.260,7.270,4971900
2025-08-08 13:30:00,7.270,7.280,7.250,7.250,3671600
2025-08-08 14:00:00,7.260,7.280,7.250,7.280,3074456
2025-08-08 14:30:00,7.280,7.290,7.270,7.290,2976200
2025-08-08 15:00:00,7.280,7.300,7.270,7.290,4974920
2025-08-11 10:00:00,7.290,7.300,7.250,7.280,7203100
2025-08-11 10:30:00,7.280,7.280,7.240,7.260,9782600
2025-08-11 11:00:00,7.260,7.280,7.250,7.280,4037600
2025-08-11 11:30:00,7.270,7.300,7.270,7.290,6729459
2025-08-11 13:30:00,7.290,7.300,7.280,7.290,10210546
2025-08-11 14:00:00,7.280,7.300,7.280,7.290,5311800
2025-08-11 14:30:00,7.280,7.300,7.270,7.280,7160841
2025-08-11 15:00:00,7.280,7.300,7.270,7.300,10250009
2025-08-12 10:00:00,7.280,7.310,7.270,7.300,5956040
2025-08-12 10:30:00,7.300,7.310,7.290,7.290,4169600
2025-08-12 11:00:00,7.300,7.300,7.280,7.280,5038600
2025-08-12 11:30:00,7.290,7.300,7.280,7.300,1740900
2025-08-12 13:30:00,7.300,7.300,7.280,7.290,5738200
2025-08-12 14:00:00,7.290,7.300,7.280,7.290,4967000
2025-08-12 14:30:00,7.300,7.300,7.280,7.300,6562410
2025-08-12 15:00:00,7.300,7.310,7.290,7.290,8392502
2025-08-13 10:00:00,7.310,7.340,7.290,7.310,14863054
2025-08-13 10:30:00,7.300,7.310,7.290,7.300,5873140
2025-08-13 11:00:00,7.310,7.310,7.280,7.280,8031000
2025-08-13 11:30:00,7.290,7.300,7.280,7.290,7443323
2025-08-13 13:30:00,7.290,7.370,7.290,7.340,16999490
2025-08-13 14:00:00,7.340,7.360,7.330,7.330,7121200
2025-08-13 14:30:00,7.340,7.350,7.310,7.320,8080300
2025-08-13 15:00:00,7.310,7.340,7.310,7.330,9039301
2025-08-14 10:00:00,7.320,7.330,7.290,7.300,9714800
2025-08-14 10:30:00,7.300,7.340,7.300,7.330,6494823
2025-08-14 11:00:00,7.330,7.340,7.300,7.310,7307977
2025-08-14 11:30:00,7.310,7.320,7.290,7.300,5555400
2025-08-14 13:30:00,7.290,7.300,7.230,7.260,19725131
2025-08-14 14:00:00,7.260,7.280,7.250,7.270,8617800
2025-08-14 14:30:00,7.260,7.290,7.260,7.280,4528200
2025-08-14 15:00:00,7.290,7.290,7.260,7.260,6523290
2025-08-15 10:00:00,7.250,7.330,7.220,7.320,16532424
2025-08-15 10:30:00,7.320,7.370,7.310,7.320,19847400
2025-08-15 11:00:00,7.320,7.390,7.310,7.370,18888941
2025-08-15 11:30:00,7.370,7.430,7.370,7.420,26620200
2025-08-15 13:30:00,7.420,7.430,7.390,7.410,12493300
2025-08-15 14:00:00,7.410,7.420,7.400,7.400,10167123
2025-08-15 14:30:00,7.410,7.420,7.380,7.380,7390800
2025-08-15 15:00:00,7.390,7.400,7.370,7.370,14738500
2025-08-18 10:00:00,7.380,7.440,7.360,7.410,17202119
2025-08-18 10:30:00,7.410,7.430,7.390,7.420,12855500
2025-08-18 11:00:00,7.420,7.420,7.390,7.400,8451000
2025-08-18 11:30:00,7.390,7.440,7.390,7.420,7990500
2025-08-18 13:30:00,7.420,7.470,7.420,7.450,20568016
2025-08-18 14:00:00,7.440,7.460,7.430,7.430,8236087
2025-08-18 14:30:00,7.430,7.450,7.420,7.440,10109058
2025-08-18 15:00:00,7.440,7.480,7.440,7.450,19656301
2025-08-19 10:00:00,7.440,7.470,7.400,7.440,13559000
2025-08-19 10:30:00,7.440,7.480,7.420,7.460,11845910
2025-08-19 11:00:00,7.470,7.530,7.460,7.530,16406857
2025-08-19 11:30:00,7.520,7.530,7.500,7.520,7014200
2025-08-19 13:30:00,7.510,7.530,7.500,7.520,7834401
2025-08-19 14:00:00,7.520,7.520,7.500,7.510,7602000
2025-08-19 14:30:00,7.520,7.520,7.500,7.510,9727500
2025-08-19 15:00:00,7.510,7.520,7.490,7.490,9110600
2025-08-20 10:00:00,7.490,7.520,7.450,7.500,9029600
2025-08-20 10:30:00,7.490,7.520,7.460,7.470,7457900
2025-08-20 11:00:00,7.470,7.500,7.460,7.490,8179202
2025-08-20 11:30:00,7.490,7.510,7.470,7.500,6597000
2025-08-20 13:30:00,7.490,7.510,7.460,7.510,5427150
2025-08-20 14:00:00,7.510,7.530,7.500,7.530,12597937
2025-08-20 14:30:00,7.520,7.540,7.510,7.520,12496465
2025-08-20 15:00:00,7.510,7.530,7.510,7.530,7186816
2025-08-21 10:00:00,7.530,7.550,7.480,7.540,11910400
2025-08-21 10:30:00,7.540,7.600,7.530,7.590,19023312
2025-08-21 11:00:00,7.580,7.590,7.560,7.580,7852697
2025-08-21 11:30:00,7.580,7.580,7.530,7.550,4871500
2025-08-21 13:30:00,7.540,7.570,7.540,7.560,5606627
2025-08-21 14:00:00,7.560,7.560,7.520,7.530,4798566
2025-08-21 14:30:00,7.520,7.550,7.510,7.530,10178387
2025-08-21 15:00:00,7.520,7.530,7.500,7.520,6094707
2025-08-22 10:00:00,7.500,7.520,7.390,7.420,39130500
2025-08-22 10:30:00,7.420,7.430,7.370,7.380,20108406
2025-08-22 11:00:00,7.380,7.400,7.350,7.360,13996700
2025-08-22 11:30:00,7.360,7.370,7.340,7.360,16471615
2025-08-22 13:30:00,7.360,7.370,7.320,7.350,15168456
2025-08-22 14:00:00,7.340,7.380,7.340,7.370,7580048
2025-08-22 14:30:00,7.370,7.400,7.370,7.400,8003400
2025-08-22 15:00:00,7.390,7.410,7.380,7.400,11095510
2025-08-25 10:00:00,7.400,7.500,7.390,7.480,35956808
2025-08-25 10:30:00,7.490,7.510,7.450,7.470,16395001
2025-08-25 11:00:00,7.470,7.480,7.450,7.470,9777107
2025-08-25 11:30:00,7.470,7.480,7.450,7.460,9897545
2025-08-25 13:30:00,7.470,7.490,7.460,7.470,9730400
2025-08-25 14:00:00,7.460,7.490,7.450,7.470,9501000
2025-08-25 14:30:00,7.480,7.530,7.470,7.520,14341177
2025-08-25 15:00:00,7.530,7.540,7.510,7.540,15994805
2025-08-26 10:00:00,7.530,7.570,7.490,7.540,21098504
2025-08-26 10:30:00,7.550,7.560,7.520,7.550,8253600
2025-08-26 11:00:00,7.550,7.600,7.540,7.590,13563970
2025-08-26 11:30:00,7.600,7.630,7.590,7.610,18487900
2025-08-26 13:30:00,7.610,7.620,7.570,7.600,11226800
2025-08-26 14:00:00,7.600,7.620,7.580,7.610,7765868
2025-08-26 14:30:00,7.610,7.620,7.580,7.590,5635324
2025-08-26 15:00:00,7.590,7.610,7.560,7.590,14693581
2025-08-27 10:00:00,7.570,7.650,7.560,7.630,17555262
2025-08-27 10:30:00,7.630,7.630,7.600,7.610,9193568
2025-08-27 11:00:00,7.610,7.670,7.610,7.660,15146401
2025-08-27 11:30:00,7.660,7.690,7.640,7.650,10443865
2025-08-27 13:30:00,7.640,7.650,7.610,7.620,7761000
2025-08-27 14:00:00,7.620,7.620,7.530,7.530,12612313
2025-08-27 14:30:00,7.540,7.600,7.530,7.560,9421900
2025-08-27 15:00:00,7.550,7.580,7.510,7.520,13056792
2025-08-28 10:00:00,7.510,7.570,7.500,7.540,12430191
2025-08-28 10:30:00,7.540,7.570,7.520,7.520,6403900
2025-08-28 11:00:00,7.520,7.550,7.510,7.510,6969453
2025-08-28 11:30:00,7.510,7.530,7.480,7.490,9030820
2025-08-28 13:30:00,7.490,7.490,7.410,7.420,9840500
2025-08-28 14:00:00,7.420,7.490,7.400,7.470,12541000
2025-08-28 14:30:00,7.470,7.520,7.470,7.500,4902000
2025-08-28 15:00:00,7.500,7.550,7.490,7.550,9681130
2025-08-29 10:00:00,7.580,7.700,7.570,7.660,37726856
2025-08-29 10:30:00,7.660,7.700,7.630,7.670,14124500
2025-08-29 11:00:00,7.660,7.670,7.630,7.640,6299654
2025-08-29 11:30:00,7.650,7.650,7.600,7.610,6060362
2025-08-29 13:30:00,7.610,7.620,7.570,7.570,6491463
2025-08-29 14:00:00,7.580,7.600,7.550,7.580,8702800
2025-08-29 14:30:00,7.580,7.590,7.560,7.580,5479900
2025-08-29 15:00:00,7.580,7.590,7.550,7.550,12898586
2025-09-01 10:00:00,7.560,7.570,7.450,7.520,17177801
2025-09-01 10:30:00,7.520,7.560,7.510,7.540,6372500
2025-09-01 11:00:00,7.530,7.560,7.510,7.520,6582000
2025-09-01 11:30:00,7.530,7.530,7.480,7.490,8313500
2025-09-01 13:30:00,7.490,7.490,7.460,7.470,7155849
2025-09-01 14:00:00,7.470,7.480,7.460,7.480,5228007
2025-09-01 14:30:00,7.480,7.490,7.460,7.480,4832582
2025-09-01 15:00:00,7.480,7.490,7.470,7.480,6121101
2025-09-02 10:00:00,7.480,7.530,7.440,7.460,13593201
2025-09-02 10:30:00,7.460,7.500,7.450,7.490,7543300
2025-09-02 11:00:00,7.480,7.500,7.440,7.450,7164500
2025-09-02 11:30:00,7.450,7.470,7.420,7.460,6478000
2025-09-02 13:30:00,7.460,7.470,7.410,7.430,8734700
2025-09-02 14:00:00,7.420,7.460,7.420,7.440,5493410
2025-09-02 14:30:00,7.440,7.470,7.430,7.440,5653500
2025-09-02 15:00:00,7.440,7.450,7.420,7.450,6137615
2025-09-03 10:00:00,7.470,7.500,7.420,7.430,8481100
2025-09-03 10:30:00,7.430,7.440,7.400,7.400,7286600
2025-09-03 11:00:00,7.400,7.410,7.360,7.380,7718800
2025-09-03 11:30:00,7.390,7.440,7.380,7.400,5014800
2025-09-03 13:30:00,7.410,7.420,7.370,7.390,5556900
2025-09-03 14:00:00,7.390,7.400,7.370,7.390,5281600
2025-09-03 14:30:00,7.380,7.410,7.370,7.390,4298800
2025-09-03 15:00:00,7.380,7.400,7.350,7.390,9414109
2025-09-04 10:00:00,7.370,7.380,7.310,7.360,12151872
2025-09-04 10:30:00,7.360,7.380,7.330,7.370,5179294
2025-09-04 11:00:00,7.380,7.380,7.320,7.340,5410500
2025-09-04 11:30:00,7.340,7.390,7.330,7.350,5544200
2025-09-04 13:30:00,7.340,7.380,7.320,7.360,6825599
2025-09-04 14:00:00,7.370,7.370,7.330,7.360,4697900
2025-09-04 14:30:00,7.350,7.360,7.320,7.340,6641394
2025-09-04 15:00:00,7.330,7.400,7.310,7.370,11542753
2025-09-05 10:00:00,7.380,7.400,7.320,7.340,12268501
2025-09-05 10:30:00,7.350,7.370,7.330,7.360,6770336
2025-09-05 11:00:00,7.360,7.360,7.320,7.340,9265282
2025-09-05 11:30:00,7.330,7.340,7.310,7.320,7623447
2025-09-05 13:30:00,7.320,7.340,7.310,7.330,4640868
2025-09-05 14:00:00,7.340,7.400,7.330,7.390,11004214
2025-09-05 14:30:00,7.390,7.410,7.380,7.400,8481850
2025-09-05 15:00:00,7.410,7.420,7.390,7.410,10370698
2025-09-08 10:00:00,7.390,7.600,7.380,7.550,47782587
2025-09-08 10:30:00,7.560,7.590,7.530,7.580,16663366
2025-09-08 11:00:00,7.590,7.680,7.580,7.680,35400494
2025-09-08 11:30:00,7.670,7.740,7.670,7.730,26698595
2025-09-08 13:30:00,7.740,7.770,7.690,7.690,20733797
2025-09-08 14:00:00,7.700,7.720,7.680,7.690,7904802
2025-09-08 14:30:00,7.690,7.720,7.680,7.700,8118908
2025-09-08 15:00:00,7.700,7.730,7.690,7.730,9491190
2025-09-09 10:00:00,7.700,7.750,7.660,7.690,17770072
2025-09-09 10:30:00,7.690,7.710,7.670,7.690,8069200
2025-09-09 11:00:00,7.690,7.720,7.680,7.700,7945500
2025-09-09 11:30:00,7.710,7.720,7.680,7.700,5574600
2025-09-09 13:30:00,7.690,7.720,7.670,7.670,9075604
2025-09-09 14:00:00,7.680,7.730,7.660,7.700,10223400
2025-09-09 14:30:00,7.690,7.730,7.690,7.710,6599936
2025-09-09 15:00:00,7.710,7.720,7.700,7.720,6828671
2025-09-10 10:00:00,7.690,7.720,7.620,7.640,15103900
2025-09-10 10:30:00,7.630,7.690,7.630,7.680,6841600
2025-09-10 11:00:00,7.670,7.750,7.660,7.730,8267200
2025-09-10 11:30:00,7.730,7.790,7.720,7.760,12094462
2025-09-10 13:30:00,7.760,7.780,7.740,7.750,7913546
2025-09-10 14:00:00,7.760,7.770,7.720,7.740,5782800
2025-09-10 14:30:00,7.740,7.760,7.710,7.750,5196100
2025-09-10 15:00:00,7.750,7.770,7.730,7.730,8505248
2025-09-11 10:00:00,7.700,7.740,7.670,7.700,9402900
2025-09-11 10:30:00,7.700,7.700,7.630,7.640,11435700
2025-09-11 11:00:00,7.640,7.650,7.610,7.650,9694423
2025-09-11 11:30:00,7.650,7.680,7.650,7.670,6005875
2025-09-11 13:30:00,7.670,7.690,7.650,7.680,7107809
2025-09-11 14:00:00,7.680,7.690,7.660,7.670,3933423
2025-09-11 14:30:00,7.680,7.730,7.670,7.720,6196700
2025-09-11 15:00:00,7.720,7.720,7.680,7.720,7789000
2025-09-12 10:00:00,7.740,7.770,7.710,7.750,12704835
2025-09-12 10:30:00,7.750,7.780,7.740,7.770,8092980
2025-09-12 11:00:00,7.770,7.800,7.750,7.790,11909010
2025-09-12 11:30:00,7.790,7.810,7.770,7.800,10435700
2025-09-12 13:30:00,7.810,7.820,7.790,7.810,9129501
2025-09-12 14:00:00,7.810,7.810,7.790,7.790,6531899
2025-09-12 14:30:00,7.790,7.810,7.780,7.800,9805900
2025-09-12 15:00:00,7.800,7.810,7.790,7.810,9406221
2025-09-15 10:00:00,7.770,7.880,7.750,7.860,19835300
2025-09-15 10:30:00,7.850,7.870,7.760,7.800,10502800
2025-09-15 11:00:00,7.810,7.840,7.790,7.800,5905400
2025-09-15 11:30:00,7.800,7.860,7.790,7.860,4786800
2025-09-15 13:30:00,7.860,7.860,7.800,7.810,5510500
2025-09-15 14:00:00,7.810,7.830,7.800,7.810,4171700
2025-09-15 14:30:00,7.820,7.830,7.790,7.800,3613600
2025-09-15 15:00:00,7.800,7.820,7.790,7.790,4870000
2025-09-16 10:00:00,7.800,7.900,7.780,7.840,15541672
2025-09-16 10:30:00,7.840,7.850,7.820,7.850,4777700
2025-09-16 11:00:00,7.840,7.850,7.800,7.830,5470550
2025-09-16 11:30:00,7.830,7.890,7.810,7.880,9485200
2025-09-16 13:30:00,7.880,7.980,7.870,7.930,22806200
2025-09-16 14:00:00,7.920,7.940,7.900,7.930,3759100
2025-09-16 14:30:00,7.930,7.940,7.900,7.910,3759400
2025-09-16 15:00:00,7.910,7.930,7.890,7.920,5858000
2025-09-17 10:00:00,7.920,8.010,7.890,7.980,20346453
2025-09-17 10:30:00,7.980,8.040,7.950,8.030,11773604
2025-09-17 11:00:00,8.030,8.090,8.030,8.080,12279300
2025-09-17 11:30:00,8.080,8.080,8.050,8.060,4846300
2025-09-17 13:30:00,8.050,8.110,8.040,8.070,11964108
2025-09-17 14:00:00,8.070,8.100,8.040,8.090,5478092
2025-09-17 14:30:00,8.100,8.100,8.080,8.090,7244701
2025-09-17 15:00:00,8.080,8.100,8.060,8.090,6321301
2025-09-18 10:00:00,8.090,8.090,7.960,7.980,12572800
2025-09-18 10:30:00,7.980,7.990,7.890,7.900,13521700
2025-09-18 11:00:00,7.900,7.910,7.870,7.880,6385600
2025-09-18 11:30:00,7.880,7.890,7.840,7.880,10086000
2025-09-18 13:30:00,7.880,7.930,7.850,7.860,10660986
2025-09-18 14:00:00,7.860,7.880,7.830,7.850,8080800
2025-09-18 14:30:00,7.850,7.860,7.790,7.800,15921743
2025-09-18 15:00:00,7.800,7.820,7.740,7.810,8721576
2025-09-19 10:00:00,7.800,7.840,7.750,7.770,8660000
2025-09-19 10:30:00,7.760,7.800,7.740,7.770,5851700
2025-09-19 11:00:00,7.770,7.800,7.760,7.760,2582300
2025-09-19 11:30:00,7.770,7.820,7.760,7.810,5212310
2025-09-19 13:30:00,7.800,7.840,7.790,7.800,4979500
2025-09-19 14:00:00,7.800,7.830,7.790,7.810,3935179
2025-09-19 14:30:00,7.810,7.840,7.790,7.820,6291345
2025-09-19 15:00:00,7.810,7.850,7.810,7.840,7269901
2025-09-22 10:00:00,7.850,7.850,7.770,7.780,9999400
2025-09-22 10:30:00,7.790,7.860,7.770,7.860,7645700
2025-09-22 11:00:00,7.860,7.900,7.840,7.850,8029000
2025-09-22 11:30:00,7.850,7.890,7.840,7.870,3439400
2025-09-22 13:30:00,7.870,7.910,7.860,7.880,7138198
2025-09-22 14:00:00,7.880,7.890,7.860,7.870,5114502
2025-09-22 14:30:00,7.870,7.900,7.860,7.890,7280134
2025-09-22 15:00:00,7.890,7.900,7.870,7.880,5685353
2025-09-23 10:00:00,7.870,7.870,7.760,7.770,8863900
2025-09-23 10:30:00,7.770,7.780,7.690,7.710,9401300
2025-09-23 11:00:00,7.710,7.740,7.690,7.700,5081300
2025-09-23 11:30:00,7.710,7.720,7.690,7.700,3088153
2025-09-23 13:30:00,7.710,7.750,7.660,7.740,8775928
2025-09-23 14:00:00,7.740,7.760,7.720,7.760,4707239
2025-09-23 14:30:00,7.760,7.810,7.750,7.790,5852786
2025-09-23 15:00:00,7.790,7.810,7.780,7.810,5857773
2025-09-24 10:00:00,7.770,7.790,7.700,7.720,10547005
2025-09-24 10:30:00,7.720,7.740,7.680,7.690,6115104
2025-09-24 11:00:00,7.700,7.710,7.680,7.710,4885610
2025-09-24 11:30:00,7.710,7.720,7.680,7.680,6565090
2025-09-24 13:30:00,7.690,7.710,7.640,7.650,13359651
2025-09-24 14:00:00,7.650,7.690,7.650,7.660,7956600
2025-09-24 14:30:00,7.650,7.690,7.650,7.680,6339100
2025-09-24 15:00:00,7.680,7.710,7.670,7.710,7368256
2025-09-25 10:00:00,7.680,7.780,7.630,7.730,14355900
2025-09-25 10:30:00,7.720,7.730,7.670,7.710,6883100
2025-09-25 11:00:00,7.710,7.740,7.700,7.740,2934941
2025-09-25 11:30:00,7.740,7.750,7.710,7.710,4010000
2025-09-25 13:30:00,7.720,7.740,7.700,7.720,5533632
2025-09-25 14:00:00,7.720,7.790,7.710,7.770,10509946
2025-09-25 14:30:00,7.760,7.790,7.760,7.790,4696174
2025-09-25 15:00:00,7.780,7.790,7.750,7.760,5921600
2025-09-26 10:00:00,7.730,7.750,7.640,7.670,10170300
2025-09-26 10:30:00,7.670,7.700,7.670,7.680,3260400
2025-09-26 11:00:00,7.690,7.720,7.680,7.680,1862100
2025-09-26 11:30:00,7.690,7.720,7.680,7.720,1218400
2025-09-26 13:30:00,7.720,7.820,7.710,7.810,8352443
2025-09-26 14:00:00,7.810,7.840,7.800,7.810,7131000
2025-09-26 14:30:00,7.800,7.820,7.790,7.800,4792000
2025-09-26 15:00:00,7.800,7.820,7.780,7.780,7042376
2025-09-29 10:00:00,7.790,7.790,7.720,7.760,10362300
2025-09-29 10:30:00,7.770,7.810,7.730,7.760,8511100
2025-09-29 11:00:00,7.760,7.760,7.710,7.730,4721900
2025-09-29 11:30:00,7.730,7.760,7.710,7.740,3891700
2025-09-29 13:30:00,7.740,7.740,7.710,7.740,4029400
2025-09-29 14:00:00,7.740,7.800,7.730,7.800,5378541
2025-09-29 14:30:00,7.800,7.800,7.730,7.740,11034700
2025-09-29 15:00:00,7.750,7.760,7.740,7.760,8965272
2025-09-30 10:00:00,7.750,7.790,7.690,7.730,11910100
2025-09-30 10:30:00,7.730,7.740,7.690,7.720,6969600
2025-09-30 11:00:00,7.710,7.800,7.690,7.780,5671600
2025-09-30 11:30:00,7.780,7.830,7.750,7.780,6061600
2025-09-30 13:30:00,7.770,7.820,7.770,7.810,6216800
2025-09-30 14:00:00,7.810,7.910,7.790,7.860,15307926
2025-09-30 14:30:00,7.860,7.890,7.850,7.860,4740400
2025-09-30 15:00:00,7.860,7.930,7.850,7.910,12776800
2025-10-09 10:00:00,7.760,7.770,7.590,7.610,39120235
2025-10-09 10:30:00,7.610,7.740,7.590,7.710,17993644
2025-10-09 11:00:00,7.710,7.790,7.700,7.780,10205872
2025-10-09 11:30:00,7.770,7.830,7.750,7.810,10377911
2025-10-09 13:30:00,7.810,7.950,7.790,7.890,12518796
2025-10-09 14:00:00,7.880,7.990,7.880,7.910,15635004
2025-10-09 14:30:00,7.910,7.970,7.910,7.940,10198624
2025-10-09 15:00:00,7.940,7.970,7.930,7.960,14315855
2025-10-10 10:00:00,7.860,7.970,7.830,7.920,19341433
2025-10-10 10:30:00,7.920,7.920,7.860,7.870,7991900
2025-10-10 11:00:00,7.880,7.900,7.860,7.870,4368100
2025-10-10 11:30:00,7.880,7.880,7.850,7.870,4413500
2025-10-10 13:30:00,7.870,7.890,7.850,7.850,4735200
2025-10-10 14:00:00,7.860,7.910,7.850,7.900,5081900
2025-10-10 14:30:00,7.890,7.900,7.840,7.860,5164400
2025-10-10 15:00:00,7.860,7.880,7.850,7.860,8365958
2025-10-13 10:00:00,7.690,7.740,7.660,7.690,27306833
2025-10-13 10:30:00,7.690,7.760,7.660,7.740,10827910
2025-10-13 11:00:00,7.740,7.740,7.700,7.730,2871700
2025-10-13 11:30:00,7.720,7.730,7.680,7.700,4157095
2025-10-13 13:30:00,7.690,7.710,7.680,7.710,2887389
2025-10-13 14:00:00,7.710,7.750,7.700,7.720,3241600
2025-10-13 14:30:00,7.720,7.750,7.710,7.720,3730331
2025-10-13 15:00:00,7.730,7.750,7.710,7.730,5895998
2025-10-14 10:00:00,7.720,7.790,7.680,7.750,12617181
2025-10-14 10:30:00,7.750,7.820,7.730,7.780,9012800
2025-10-14 11:00:00,7.780,7.800,7.760,7.770,2976200
2025-10-14 11:30:00,7.760,7.820,7.750,7.810,5463141
2025-10-14 13:30:00,7.810,7.810,7.730,7.780,4915500
2025-10-14 14:00:00,7.780,7.790,7.750,7.760,4370000
2025-10-14 14:30:00,7.760,7.760,7.710,7.730,3949700
2025-10-14 15:00:00,7.730,7.740,7.690,7.730,5906253
2025-10-15 10:00:00,7.750,7.860,7.690,7.840,16691514
2025-10-15 10:30:00,7.840,7.930,7.830,7.890,15561597
2025-10-15 11:00:00,7.900,7.990,7.890,7.950,19017967
2025-10-15 11:30:00,7.960,8.070,7.950,8.040,19365310
2025-10-15 13:30:00,8.040,8.210,8.030,8.210,23793649
2025-10-15 14:00:00,8.210,8.240,8.130,8.210,19959274
2025-10-15 14:30:00,8.210,8.290,8.200,8.280,18591400
2025-10-15 15:00:00,8.290,8.300,8.230,8.270,23692818
2025-10-16 10:00:00,8.270,8.370,8.210,8.320,26694355
2025-10-16 10:30:00,8.320,8.350,8.280,8.310,11855701
2025-10-16 11:00:00,8.320,8.390,8.310,8.340,14037800
2025-10-16 11:30:00,8.340,8.380,8.300,8.300,9308900
2025-10-16 13:30:00,8.300,8.370,8.280,8.290,10848628
2025-10-16 14:00:00,8.280,8.340,8.270,8.290,9335490
2025-10-16 14:30:00,8.300,8.340,8.280,8.320,8626700
2025-10-16 15:00:00,8.320,8.370,8.310,8.350,12035587
2025-10-17 10:00:00,8.330,8.410,8.260,8.380,11071501
2025-10-17 10:30:00,8.380,8.450,8.340,8.440,18714700
2025-10-17 11:00:00,8.430,8.470,8.400,8.430,11819901
2025-10-17 11:30:00,8.420,8.480,8.410,8.440,10205200
2025-10-17 13:30:00,8.440,8.460,8.390,8.420,10360600
2025-10-17 14:00:00,8.420,8.450,8.400,8.410,6095200
2025-10-17 14:30:00,8.420,8.520,8.400,8.500,30290000
2025-10-17 15:00:00,8.500,8.520,8.430,8.460,25026777
2025-10-20 10:00:00,8.460,8.760,8.460,8.570,43167777
2025-10-20 10:30:00,8.570,8.610,8.510,8.540,11519901
2025-10-20 11:00:00,8.540,8.650,8.500,8.590,11147600
2025-10-20 11:30:00,8.590,8.690,8.560,8.640,12655500
2025-10-20 13:30:00,8.650,8.700,8.600,8.640,12905000
2025-10-20 14:00:00,8.650,8.700,8.620,8.680,13702000
2025-10-20 14:30:00,8.690,8.700,8.630,8.690,10908005
2025-10-20 15:00:00,8.690,8.780,8.660,8.690,20625774
2025-10-21 10:00:00,8.680,8.690,8.450,8.490,28235943
2025-10-21 10:30:00,8.480,8.500,8.410,8.460,12514400
2025-10-21 11:00:00,8.470,8.490,8.420,8.480,10099888
2025-10-21 11:30:00,8.480,8.510,8.410,8.430,14908900
2025-10-21 13:30:00,8.430,8.470,8.370,8.460,14081309
2025-10-21 14:00:00,8.460,8.470,8.390,8.420,11496400
2025-10-21 14:30:00,8.430,8.540,8.400,8.530,18285900
2025-10-21 15:00:00,8.520,8.530,8.470,8.500,7567337
2025-10-22 10:00:00,8.470,8.610,8.410,8.540,26833600
2025-10-22 10:30:00,8.540,8.620,8.490,8.540,12862100
2025-10-22 11:00:00,8.540,8.560,8.480,8.490,3284100
2025-10-22 11:30:00,8.490,8.530,8.480,8.520,5424800
2025-10-22 13:30:00,8.510,8.520,8.470,8.510,5751810
2025-10-22 14:00:00,8.500,8.520,8.460,8.500,5191400
2025-10-22 14:30:00,8.490,8.530,8.480,8.530,5672387
2025-10-22 15:00:00,8.520,8.530,8.500,8.520,10083209
2025-10-23 10:00:00,8.480,8.590,8.430,8.510,14518916
2025-10-23 10:30:00,8.510,8.550,8.470,8.540,6238600
2025-10-23 11:00:00,8.530,8.560,8.510,8.520,3580200
2025-10-23 11:30:00,8.520,8.550,8.510,8.510,1977000
2025-10-23 13:30:00,8.510,8.520,8.480,8.480,2516400
2025-10-23 14:00:00,8.490,8.490,8.410,8.460,5910700
2025-10-23 14:30:00,8.460,8.570,8.450,8.560,9206501
2025-10-23 15:00:00,8.560,8.590,8.550,8.580,6611918
2025-10-24 10:00:00,8.540,8.570,8.330,8.370,20475500
2025-10-24 10:30:00,8.370,8.430,8.340,8.340,7594560
2025-10-24 11:00:00,8.340,8.370,8.330,8.350,4561300
2025-10-24 11:30:00,8.340,8.350,8.280,8.300,9398700
2025-10-24 13:30:00,8.290,8.340,8.290,8.310,5587850
2025-10-24 14:00:00,8.300,8.380,8.300,8.360,5741302
2025-10-24 14:30:00,8.360,8.380,8.350,8.370,4016200
2025-10-24 15:00:00,8.360,8.380,8.350,8.370,9162923
2025-10-27 10:00:00,8.380,8.420,8.300,8.350,12411216
2025-10-27 10:30:00,8.350,8.450,8.340,8.430,9684500
2025-10-27 11:00:00,8.440,8.500,8.430,8.480,7818200
2025-10-27 11:30:00,8.490,8.520,8.430,8.440,4036600
2025-10-27 13:30:00,8.430,8.470,8.420,8.460,4253101
2025-10-27 14:00:00,8.460,8.470,8.430,8.450,4496210
2025-10-27 14:30:00,8.450,8.510,8.440,8.490,5520400
2025-10-27 15:00:00,8.500,8.500,8.460,8.460,5071121
2025-10-28 10:00:00,8.470,8.680,8.440,8.650,21557088
2025-10-28 10:30:00,8.660,8.670,8.600,8.630,8037199
2025-10-28 11:00:00,8.630,8.640,8.530,8.550,4467700
2025-10-28 11:30:00,8.550,8.560,8.520,8.530,2617001
2025-10-28 13:30:00,8.530,8.560,8.480,8.490,5696599
2025-10-28 14:00:00,8.500,8.510,8.440,8.480,6684200
2025-10-28 14:30:00,8.480,8.510,8.450,8.500,6172300
2025-10-28 15:00:00,8.500,8.510,8.470,8.500,5754600
2025-10-29 10:00:00,8.480,8.520,8.430,8.470,7320815
2025-10-29 10:30:00,8.470,8.610,8.460,8.580,4051510
2025-10-29 11:00:00,8.590,8.620,8.540,8.540,4727300
2025-10-29 11:30:00,8.550,8.560,8.520,8.540,2153100
2025-10-29 13:30:00,8.550,8.580,8.520,8.550,2552800
2025-10-29 14:00:00,8.550,8.550,8.500,8.510,3298401
2025-10-29 14:30:00,8.510,8.550,8.500,8.520,3411400
2025-10-29 15:00:00,8.520,8.600,8.520,8.580,8081600
2025-10-30 10:00:00,8.590,8.640,8.560,8.580,10224100
2025-10-30 10:30:00,8.580,8.700,8.580,8.660,7119100
2025-10-30 11:00:00,8.660,8.670,8.610,8.610,3659400
2025-10-30 11:30:00,8.620,8.640,8.540,8.560,5727800
2025-10-30 13:30:00,8.560,8.590,8.520,8.590,5353400
2025-10-30 14:00:00,8.590,8.610,8.570,8.570,2776100
2025-10-30 14:30:00,8.580,8.610,8.550,8.550,7504610
2025-10-30 15:00:00,8.550,8.590,8.540,8.550,6881439
2025-10-31 10:00:00,8.200,8.200,7.890,7.910,76176142
2025-10-31 10:30:00,7.910,8.030,7.900,7.970,23198841
2025-10-31 11:00:00,7.980,7.990,7.860,7.890,30215065
2025-10-31 11:30:00,7.890,8.020,7.850,7.960,20769859
2025-10-31 13:30:00,7.970,7.970,7.900,7.940,9653700
2025-10-31 14:00:00,7.930,8.000,7.890,7.920,33984208
2025-10-31 14:30:00,7.920,7.950,7.870,7.870,22439899
2025-10-31 15:00:00,7.870,7.930,7.830,7.860,34405627
2025-11-03 10:00:00,7.790,8.000,7.770,7.970,37336099
2025-11-03 10:30:00,7.970,8.060,7.970,7.980,21596205
2025-11-03 11:00:00,7.990,8.070,7.980,8.040,10673200
2025-11-03 11:30:00,8.040,8.060,7.990,8.000,5525200
2025-11-03 13:30:00,8.000,8.050,7.970,8.050,7627519
2025-11-03 14:00:00,8.050,8.100,8.030,8.090,10159537
2025-11-03 14:30:00,8.080,8.120,8.080,8.100,9897283
2025-11-03 15:00:00,8.090,8.120,8.080,8.120,9933200
2025-11-04 10:00:00,8.120,8.340,8.060,8.140,29746632
2025-11-04 10:30:00,8.140,8.230,8.130,8.200,7957000
2025-11-04 11:00:00,8.210,8.220,8.160,8.160,5436000
2025-11-04 11:30:00,8.170,8.170,8.120,8.140,2915652
2025-11-04 13:30:00,8.130,8.150,8.090,8.100,5441465
2025-11-04 14:00:00,8.110,8.160,8.090,8.100,5069584
2025-11-04 14:30:00,8.110,8.110,8.060,8.070,5231100
2025-11-04 15:00:00,8.070,8.120,8.060,8.100,7562330
2025-11-05 10:00:00,8.050,8.190,8.020,8.170,15434784
2025-11-05 10:30:00,8.180,8.190,8.130,8.160,7464752
2025-11-05 11:00:00,8.160,8.260,8.150,8.200,7227600
2025-11-05 11:30:00,8.200,8.260,8.200,8.250,4318600
2025-11-05 13:30:00,8.250,8.290,8.240,8.280,4965300
2025-11-05 14:00:00,8.280,8.280,8.240,8.280,3744100
2025-11-05 14:30:00,8.270,8.290,8.260,8.270,4859420
2025-11-05 15:00:00,8.280,8.290,8.260,8.260,6921327
2025-11-06 10:00:00,8.260,8.350,8.240,8.290,13239180
2025-11-06 10:30:00,8.290,8.310,8.230,8.270,4550800
2025-11-06 11:00:00,8.260,8.310,8.260,8.310,5427200
2025-11-06 11:30:00,8.310,8.420,8.300,8.380,7091160
2025-11-06 13:30:00,8.380,8.410,8.330,8.340,3793452
2025-11-06 14:00:00,8.340,8.350,8.310,8.330,3005348
2025-11-06 14:30:00,8.330,8.340,8.300,8.310,3619000
2025-11-06 15:00:00,8.320,8.320,8.300,8.310,5207100
2025-11-07 10:00:00,8.300,8.420,8.280,8.360,9127111
2025-11-07 10:30:00,8.350,8.360,8.300,8.330,4245435
2025-11-07 11:00:00,8.330,8.340,8.250,8.260,4349465
2025-11-07 11:30:00,8.260,8.320,8.250,8.290,4074200
2025-11-07 13:30:00,8.290,8.330,8.280,8.330,3480100
2025-11-07 14:00:00,8.330,8.370,8.320,8.350,3939518
2025-11-07 14:30:00,8.350,8.350,8.310,8.340,3666900
2025-11-07 15:00:00,8.340,8.350,8.300,8.300,6065300
2025-11-10 10:00:00,8.300,8.570,8.300,8.550,18429748
2025-11-10 10:30:00,8.550,8.590,8.510,8.560,12045500
2025-11-10 11:00:00,8.570,8.660,8.560,8.630,11138990
2025-11-10 11:30:00,8.630,8.770,8.630,8.710,13039333
2025-11-10 13:30:00,8.710,8.830,8.680,8.820,15300600
2025-11-10 14:00:00,8.810,8.950,8.800,8.880,20343984
2025-11-10 14:30:00,8.880,8.880,8.770,8.790,10088400
2025-11-10 15:00:00,8.780,8.810,8.740,8.790,15673315
2025-11-11 10:00:00,8.780,8.790,8.670,8.720,11666611
2025-11-11 10:30:00,8.710,8.730,8.650,8.670,5317500
2025-11-11 11:00:00,8.670,8.690,8.650,8.650,3887100
2025-11-11 11:30:00,8.650,8.730,8.640,8.710,4382400
2025-11-11 13:30:00,8.700,8.730,8.650,8.650,6760600
2025-11-11 14:00:00,8.650,8.680,8.650,8.670,5140500
2025-11-11 14:30:00,8.660,8.730,8.650,8.720,6140800
2025-11-11 15:00:00,8.710,8.760,8.700,8.730,8774778
2025-11-12 10:00:00,8.680,8.820,8.660,8.740,13676201
2025-11-12 10:30:00,8.750,8.760,8.710,8.710,4635701
2025-11-12 11:00:00,8.720,8.860,8.710,8.810,8815600
2025-11-12 11:30:00,8.800,8.840,8.740,8.780,11261400
2025-11-12 13:30:00,8.780,8.790,8.680,8.710,5403500
2025-11-12 14:00:00,8.710,8.770,8.710,8.750,3478800
2025-11-12 14:30:00,8.750,8.790,8.730,8.750,2823000
2025-11-12 15:00:00,8.750,8.820,8.740,8.740,9664600
2025-11-13 10:00:00,8.760,8.910,8.760,8.880,21463900
2025-11-13 10:30:00,8.890,8.900,8.750,8.750,5305100
2025-11-13 11:00:00,8.750,8.820,8.750,8.810,3793593
2025-11-13 11:30:00,8.810,8.830,8.790,8.820,2857800
2025-11-13 13:30:00,8.820,8.860,8.800,8.850,4445320
2025-11-13 14:00:00,8.860,8.880,8.820,8.880,4679500
2025-11-13 14:30:00,8.880,8.910,8.850,8.890,6212900
2025-11-13 15:00:00,8.890,8.900,8.840,8.850,7290300
2025-11-14 10:00:00,8.790,8.860,8.690,8.710,11108400
2025-11-14 10:30:00,8.710,8.800,8.690,8.790,5923558
2025-11-14 11:00:00,8.780,8.830,8.750,8.820,5327200
2025-11-14 11:30:00,8.820,8.880,8.810,8.810,4670900
2025-11-14 13:30:00,8.810,8.840,8.790,8.840,3086100
2025-11-14 14:00:00,8.840,8.850,8.790,8.820,2391900
2025-11-14 14:30:00,8.810,8.820,8.770,8.770,2806400
2025-11-14 15:00:00,8.780,8.800,8.740,8.760,4492000
2025-11-17 10:00:00,8.580,8.730,8.480,8.710,19499900
2025-11-17 10:30:00,8.710,8.750,8.620,8.650,9489800
2025-11-17 11:00:00,8.660,8.660,8.610,8.630,3127200
2025-11-17 11:30:00,8.640,8.740,8.620,8.740,3478420
2025-11-17 13:30:00,8.740,8.740,8.690,8.700,3539400
2025-11-17 14:00:00,8.710,8.720,8.650,8.680,3162500
2025-11-17 14:30:00,8.690,8.700,8.660,8.680,2671000
2025-11-17 15:00:00,8.670,8.720,8.660,8.700,4679001
2025-11-18 10:00:00,8.720,8.780,8.510,8.520,11383800
2025-11-18 10:30:00,8.520,8.740,8.510,8.680,8216110
2025-11-18 11:00:00,8.680,8.730,8.670,8.670,3368700
2025-11-18 11:30:00,8.670,8.820,8.660,8.750,13187301
2025-11-18 13:30:00,8.750,8.760,8.690,8.740,6606600
2025-11-18 14:00:00,8.750,8.760,8.700,8.710,3656500
2025-11-18 14:30:00,8.710,8.720,8.650,8.660,3346500
2025-11-18 15:00:00,8.670,8.710,8.650,8.710,4459500
2025-11-19 10:00:00,8.690,9.000,8.660,8.810,26022033
2025-11-19 10:30:00,8.820,8.830,8.710,8.760,8234500
2025-11-19 11:00:00,8.760,8.860,8.740,8.850,7632900
2025-11-19 11:30:00,8.850,8.890,8.820,8.840,6180200
2025-11-19 13:30:00,8.830,8.840,8.710,8.750,5869400
2025-11-19 14:00:00,8.740,8.770,8.710,8.760,5273500
2025-11-19 14:30:00,8.750,8.800,8.750,8.790,3656300
2025-11-19 15:00:00,8.790,8.790,8.750,8.770,5337049
2025-11-20 10:00:00,8.780,8.890,8.740,8.830,11109600
2025-11-20 10:30:00,8.830,8.850,8.760,8.770,5990300
2025-11-20 11:00:00,8.770,8.790,8.680,8.680,5371600
2025-11-20 11:30:00,8.690,8.750,8.680,8.740,3589300
2025-11-20 13:30:00,8.730,8.750,8.680,8.680,4575000
2025-11-20 14:00:00,8.690,8.690,8.630,8.660,7071500
2025-11-20 14:30:00,8.650,8.670,8.600,8.620,7880811
2025-11-20 15:00:00,8.630,8.660,8.600,8.630,7028526
2025-11-21 10:00:00,8.600,8.670,8.550,8.610,9334200
2025-11-21 10:30:00,8.620,8.650,8.580,8.590,5917300
2025-11-21 11:00:00,8.590,8.600,8.500,8.530,7448300
2025-11-21 11:30:00,8.530,8.550,8.480,8.510,9888400
2025-11-21 13:30:00,8.510,8.590,8.490,8.550,6552800
2025-11-21 14:00:00,8.550,8.560,8.500,8.510,7323300
2025-11-21 14:30:00,8.510,8.520,8.470,8.490,6643700
2025-11-21 15:00:00,8.490,8.500,8.430,8.450,7560826
2025-11-24 10:00:00,8.450,8.540,8.360,8.430,14220100
2025-11-24 10:30:00,8.430,8.470,8.330,8.350,8420000
2025-11-24 11:00:00,8.350,8.380,8.300,8.350,7604800
2025-11-24 11:30:00,8.340,8.390,8.300,8.370,4806389
2025-11-24 13:30:00,8.370,8.390,8.290,8.390,7425051
2025-11-24 14:00:00,8.370,8.440,8.360,8.370,5218900
2025-11-24 14:30:00,8.380,8.390,8.330,8.340,4351793
2025-11-24 15:00:00,8.340,8.360,8.310,8.310,7811465
2025-11-25 10:00:00,8.370,8.380,8.040,8.060,26982400
2025-11-25 10:30:00,8.060,8.130,8.020,8.100,13239783
2025-11-25 11:00:00,8.100,8.110,8.060,8.070,8609333
2025-11-25 11:30:00,8.070,8.110,8.050,8.060,7215400
2025-11-25 13:30:00,8.070,8.080,8.010,8.030,10210218
2025-11-25 14:00:00,8.020,8.080,8.010,8.040,8638600
2025-11-25 14:30:00,8.050,8.070,8.020,8.030,6601900
2025-11-25 15:00:00,8.030,8.070,8.020,8.060,13666900
2025-11-26 10:00:00,8.100,8.280,8.090,8.140,30494370
2025-11-26 10:30:00,8.140,8.170,8.050,8.060,12614500
2025-11-26 11:00:00,8.060,8.090,8.010,8.030,10237400
2025-11-26 11:30:00,8.030,8.090,8.030,8.060,5398000
2025-11-26 13:30:00,8.070,8.090,8.020,8.060,7001900
2025-11-26 14:00:00,8.060,8.100,8.040,8.100,3777300
2025-11-26 14:30:00,8.100,8.120,8.060,8.100,5207000
2025-11-26 15:00:00,8.100,8.130,8.070,8.080,13579721
2025-11-27 10:00:00,8.100,8.140,7.960,7.990,18580890
2025-11-27 10:30:00,8.000,8.080,7.970,8.080,12097543
2025-11-27 11:00:00,8.080,8.110,8.060,8.080,7116157
2025-11-27 11:30:00,8.070,8.070,8.020,8.020,4488100
2025-11-27 13:30:00,8.020,8.070,8.010,8.060,4989000
2025-11-27 14:00:00,8.060,8.100,8.050,8.080,6825400
2025-11-27 14:30:00,8.080,8.110,8.060,8.100,4711300
2025-11-27 15:00:00,8.100,8.110,8.060,8.060,7870031
2025-11-28 10:00:00,8.060,8.110,7.990,8.050,12868600
2025-11-28 10:30:00,8.050,8.070,8.000,8.000,6701100
2025-11-28 11:00:00,8.010,8.020,7.980,8.000,6365800
2025-11-28 11:30:00,8.000,8.020,7.970,8.010,9902101
2025-11-28 13:30:00,8.000,8.010,7.960,8.000,4726191
2025-11-28 14:00:00,8.010,8.050,7.990,8.040,4350801
2025-11-28 14:30:00,8.050,8.070,8.030,8.050,5178690
2025-11-28 15:00:00,8.050,8.060,8.020,8.030,5507916
2025-12-01 10:00:00,8.010,8.080,8.000,8.050,12364926
2025-12-01 10:30:00,8.050,8.080,8.020,8.060,7168631
2025-12-01 11:00:00,8.070,8.150,8.050,8.110,9121716
2025-12-01 11:30:00,8.110,8.220,8.100,8.170,13435500
2025-12-01 13:30:00,8.170,8.220,8.150,8.210,7768600
2025-12-01 14:00:00,8.210,8.300,8.180,8.290,14732000
2025-12-01 14:30:00,8.280,8.420,8.270,8.390,22868272
2025-12-01 15:00:00,8.390,8.500,8.370,8.460,22096400
2025-12-02 10:00:00,8.380,8.430,8.340,8.360,12055900
2025-12-02 10:30:00,8.370,8.430,8.330,8.380,6585626
2025-12-02 11:00:00,8.380,8.410,8.360,8.370,3086600
2025-12-02 11:30:00,8.380,8.480,8.360,8.410,6458750
2025-12-02 13:30:00,8.410,8.440,8.400,8.420,3685200
2025-12-02 14:00:00,8.420,8.440,8.360,8.370,5054000
2025-12-02 14:30:00,8.380,8.400,8.370,8.380,3156180
2025-12-02 15:00:00,8.380,8.390,8.310,8.350,8413501
2025-12-03 10:00:00,8.320,8.360,8.250,8.330,9871026
2025-12-03 10:30:00,8.340,8.430,8.290,8.410,5373000
2025-12-03 11:00:00,8.400,8.500,8.390,8.420,7864412
2025-12-03 11:30:00,8.420,8.460,8.410,8.430,3097070
2025-12-03 13:30:00,8.420,8.440,8.370,8.380,3947700
2025-12-03 14:00:00,8.390,8.410,8.360,8.390,3788900
2025-12-03 14:30:00,8.390,8.400,8.360,8.380,4455600
2025-12-03 15:00:00,8.370,8.410,8.360,8.400,7334823
2025-12-04 10:00:00,8.390,8.450,8.320,8.340,11286600
2025-12-04 10:30:00,8.340,8.380,8.300,8.370,5311100
2025-12-04 11:00:00,8.360,8.420,8.360,8.380,2875384
2025-12-04 11:30:00,8.370,8.410,8.350,8.410,1400100
2025-12-04 13:30:00,8.400,8.410,8.350,8.380,1757880
2025-12-04 14:00:00,8.370,8.400,8.340,8.350,1778500
2025-12-04 14:30:00,8.340,8.390,8.340,8.380,1641854
2025-12-04 15:00:00,8.390,8.400,8.350,8.380,3871700
2025-12-05 10:00:00,8.340,8.370,8.220,8.300,10484000
2025-12-05 10:30:00,8.300,8.340,8.240,8.260,4995600
2025-12-05 11:00:00,8.250,8.280,8.250,8.270,4856000
2025-12-05 11:30:00,8.260,8.300,8.250,8.270,2601323
2025-12-05 13:30:00,8.270,8.270,8.220,8.230,4464013
2025-12-05 14:00:00,8.220,8.290,8.210,8.280,6227764
2025-12-05 14:30:00,8.280,8.310,8.260,8.290,4291700
2025-12-05 15:00:00,8.290,8.300,8.280,8.290,7064395
2025-12-08 10:00:00,8.290,8.310,8.090,8.100,17429500
2025-12-08 10:30:00,8.100,8.170,8.070,8.170,6126900
2025-12-08 11:00:00,8.160,8.310,8.160,8.290,8018800
2025-12-08 11:30:00,8.290,8.310,8.270,8.290,3314701
2025-12-08 13:30:00,8.300,8.340,8.280,8.340,5098600
2025-12-08 14:00:00,8.340,8.360,8.320,8.350,4021800
2025-12-08 14:30:00,8.340,8.380,8.330,8.380,4393100
2025-12-08 15:00:00,8.380,8.390,8.360,8.360,7631308
2025-12-09 10:00:00,8.350,8.390,8.230,8.230,9382542
2025-12-09 10:30:00,8.230,8.240,8.160,8.180,7119700
2025-12-09 11:00:00,8.180,8.210,8.160,8.170,3182300
2025-12-09 11:30:00,8.170,8.200,8.150,8.190,2502700
2025-12-09 13:30:00,8.190,8.220,8.170,8.190,1983400
2025-12-09 14:00:00,8.180,8.200,8.160,8.170,3376200
2025-12-09 14:30:00,8.180,8.180,8.140,8.170,4382500
2025-12-09 15:00:00,8.170,8.200,8.150,8.180,5522943
2025-12-10 10:00:00,8.180,8.280,8.140,8.230,9713580
2025-12-10 10:30:00,8.230,8.290,8.210,8.270,4639100
2025-12-10 11:00:00,8.270,8.300,8.230,8.240,3456600
2025-12-10 11:30:00,8.230,8.250,8.210,8.210,1931650
2025-12-10 13:30:00,8.220,8.220,8.180,8.210,2313900
2025-12-10 14:00:00,8.210,8.240,8.190,8.190,2538300
2025-12-10 14:30:00,8.190,8.230,8.190,8.230,1764100
2025-12-10 15:00:00,8.230,8.270,8.220,8.240,4320120
2025-12-11 10:00:00,8.230,8.280,8.190,8.230,5343600
2025-12-11 10:30:00,8.250,8.270,8.200,8.220,3832585
2025-12-11 11:00:00,8.230,8.340,8.210,8.270,5300061
2025-12-11 11:30:00,8.270,8.300,8.250,8.250,2924100
2025-12-11 13:30:00,8.240,8.260,8.190,8.190,3481900
2025-12-11 14:00:00,8.200,8.200,8.170,8.170,3242500
2025-12-11 14:30:00,8.180,8.190,8.130,8.150,4444500
2025-12-11 15:00:00,8.150,8.150,8.110,8.130,5462400
2025-12-12 10:00:00,8.110,8.330,8.110,8.330,14893413
2025-12-12 10:30:00,8.330,8.340,8.250,8.290,7485900
2025-12-12 11:00:00,8.300,8.500,8.290,8.470,22646175
2025-12-12 11:30:00,8.470,8.550,8.450,8.470,8297750
2025-12-12 13:30:00,8.470,8.490,8.400,8.430,5139422
2025-12-12 14:00:00,8.430,8.450,8.420,8.440,2917610
2025-12-12 14:30:00,8.440,8.440,8.390,8.410,3967490
2025-12-12 15:00:00,8.400,8.410,8.370,8.370,6788130
2025-12-15 10:00:00,8.350,8.380,8.250,8.340,10508500
2025-12-15 10:30:00,8.340,8.380,8.300,8.380,3276500
2025-12-15 11:00:00,8.380,8.440,8.360,8.390,3398600
2025-12-15 11:30:00,8.380,8.400,8.360,8.370,1659601
2025-12-15 13:30:00,8.370,8.450,8.370,8.410,3661201
2025-12-15 14:00:00,8.410,8.430,8.380,8.420,2756000
2025-12-15 14:30:00,8.410,8.420,8.380,8.400,2846200
2025-12-15 15:00:00,8.410,8.410,8.360,8.370,4141890
2025-12-16 10:00:00,8.360,8.490,8.340,8.360,12965877
2025-12-16 10:30:00,8.360,8.400,8.330,8.340,5632100
2025-12-16 11:00:00,8.350,8.370,8.320,8.350,3252900
2025-12-16 11:30:00,8.340,8.370,8.310,8.330,3035200
2025-12-16 13:30:00,8.330,8.400,8.320,8.370,3305400
2025-12-16 14:00:00,8.370,8.500,8.350,8.470,7702320
2025-12-16 14:30:00,8.470,8.520,8.440,8.460,7694400
2025-12-16 15:00:00,8.460,8.510,8.450,8.470,11352100
2025-12-17 10:00:00,8.530,8.780,8.530,8.730,27803556
2025-12-17 10:30:00,8.730,8.820,8.720,8.750,15985664
2025-12-17 11:00:00,8.760,8.800,8.730,8.760,7688000
2025-12-17 11:30:00,8.770,8.810,8.750,8.790,4917500
2025-12-17 13:30:00,8.800,8.810,8.700,8.700,5887901
2025-12-17 14:00:00,8.700,8.800,8.700,8.780,6248143
2025-12-17 14:30:00,8.770,8.790,8.740,8.770,4989000
2025-12-17 15:00:00,8.760,8.770,8.730,8.750,5785901
2025-12-18 10:00:00,8.720,8.820,8.680,8.800,11706836
2025-12-18 10:30:00,8.800,8.870,8.760,8.860,8445731
2025-12-18 11:00:00,8.860,8.940,8.820,8.940,11111348
2025-12-18 11:30:00,8.940,8.950,8.830,8.860,10861100
2025-12-18 13:30:00,8.860,8.980,8.850,8.960,11607083
2025-12-18 14:00:00,8.960,8.980,8.910,8.940,8332700
2025-12-18 14:30:00,8.940,8.960,8.920,8.950,5494200
2025-12-18 15:00:00,8.950,8.970,8.920,8.940,9512700
2025-12-19 10:00:00,8.930,8.980,8.800,8.960,17630956
2025-12-19 10:30:00,8.960,9.000,8.880,8.940,7043769
2025-12-19 11:00:00,8.940,9.000,8.930,9.000,6160100
2025-12-19 11:30:00,9.000,9.030,8.960,8.960,6293300
2025-12-19 13:30:00,8.960,8.980,8.890,8.940,4633100
2025-12-19 14:00:00,8.930,8.950,8.900,8.920,5398500
2025-12-19 14:30:00,8.920,8.990,8.910,8.980,6456608
2025-12-19 15:00:00,8.980,8.990,8.950,8.970,11686174
2025-12-22 10:00:00,8.940,8.990,8.830,8.880,13833400
2025-12-22 10:30:00,8.880,8.900,8.770,8.820,11039101
2025-12-22 11:00:00,8.820,8.910,8.790,8.900,5564500
2025-12-22 11:30:00,8.900,8.940,8.880,8.910,3067300
2025-12-22 13:30:00,8.900,8.930,8.880,8.880,3153500
2025-12-22 14:00:00,8.880,8.910,8.840,8.870,6057600
2025-12-22 14:30:00,8.880,8.890,8.850,8.870,3445700
2025-12-22 15:00:00,8.870,8.880,8.840,8.870,6470001
2025-12-23 10:00:00,8.860,8.910,8.710,8.760,11871500
2025-12-23 10:30:00,8.750,8.800,8.730,8.750,5972600
2025-12-23 11:00:00,8.760,8.850,8.750,8.830,4050900
2025-12-23 11:30:00,8.820,8.840,8.810,8.810,1672600
2025-12-23 13:30:00,8.810,8.830,8.770,8.820,2850402
2025-12-23 14:00:00,8.820,8.820,8.740,8.760,3401361
2025-12-23 14:30:00,8.760,8.810,8.750,8.780,3030300
2025-12-23 15:00:00,8.780,8.780,8.700,8.760,13370414
2025-12-24 10:00:00,8.740,8.750,8.620,8.750,15492000
2025-12-24 10:30:00,8.730,8.750,8.630,8.640,8496900
2025-12-24 11:00:00,8.640,8.710,8.620,8.670,7481400
2025-12-24 11:30:00,8.670,8.680,8.640,8.660,3019400
2025-12-24 13:30:00,8.660,8.710,8.630,8.680,5855300
2025-12-24 14:00:00,8.680,8.710,8.660,8.680,4267000
2025-12-24 14:30:00,8.680,8.730,8.670,8.680,6790100
2025-12-24 15:00:00,8.680,8.700,8.650,8.680,12975882
2025-12-25 10:00:00,8.700,8.740,8.630,8.680,10152700
2025-12-25 10:30:00,8.680,8.730,8.670,8.710,5503236
2025-12-25 11:00:00,8.710,8.820,8.680,8.790,11445530
2025-12-25 11:30:00,8.790,8.850,8.780,8.820,6704300
2025-12-25 13:30:00,8.820,8.880,8.790,8.810,5672700
2025-12-25 14:00:00,8.800,8.820,8.740,8.750,5845670
2025-12-25 14:30:00,8.750,8.750,8.700,8.700,4635230
2025-12-25 15:00:00,8.700,8.730,8.690,8.720,6159900
2025-12-26 10:00:00,8.700,8.740,8.650,8.680,11791700
2025-12-26 10:30:00,8.670,8.730,8.650,8.720,5586565
2025-12-26 11:00:00,8.720,8.730,8.630,8.640,7442571
2025-12-26 11:30:00,8.650,8.660,8.600,8.630,4884929
2025-12-26 13:30:00,8.630,8.690,8.540,8.600,11745800
2025-12-26 14:00:00,8.600,8.650,8.600,8.610,4761390
2025-12-26 14:30:00,8.610,8.690,8.600,8.680,4945400
2025-12-26 15:00:00,8.670,8.760,8.670,8.720,13365000
2025-12-29 10:00:00,8.730,9.350,8.700,9.240,55408758
2025-12-29 10:30:00,9.250,9.320,9.180,9.240,17723500
2025-12-29 11:00:00,9.230,9.280,9.180,9.210,7383550
2025-12-29 11:30:00,9.220,9.220,9.020,9.100,22421000
2025-12-29 13:30:00,9.120,9.140,9.020,9.060,5400401
2025-12-29 14:00:00,9.070,9.090,9.030,9.030,4918006
2025-12-29 14:30:00,9.040,9.080,9.020,9.040,5507900
2025-12-29 15:00:00,9.030,9.120,9.030,9.100,13795281
2025-12-30 10:00:00,9.100,9.190,8.940,9.040,18712631
2025-12-30 10:30:00,9.040,9.180,8.950,9.020,15596200
2025-12-30 11:00:00,9.030,9.120,9.010,9.060,5410715
2025-12-30 11:30:00,9.080,9.110,9.060,9.090,3365500
2025-12-30 13:30:00,9.090,9.100,9.020,9.060,8374900
2025-12-30 14:00:00,9.060,9.080,9.010,9.050,5446200
2025-12-30 14:30:00,9.050,9.130,9.040,9.110,6146700
2025-12-30 15:00:00,9.110,9.130,9.060,9.070,8357300
2025-12-31 10:00:00,9.060,9.190,8.990,9.030,13941200
2025-12-31 10:30:00,9.030,9.200,9.010,9.150,9197219
2025-12-31 11:00:00,9.150,9.290,9.150,9.280,13612800
2025-12-31 11:30:00,9.280,9.300,9.220,9.280,11301700
2025-12-31 13:30:00,9.280,9.450,9.230,9.410,16637582
2025-12-31 14:00:00,9.420,9.430,9.350,9.390,11623100
2025-12-31 14:30:00,9.380,9.440,9.360,9.400,10981300
2025-12-31 15:00:00,9.390,9.450,9.370,9.370,11832580
2026-01-05 10:00:00,9.220,9.280,8.960,9.140,44095134
2026-01-05 10:30:00,9.140,9.150,9.070,9.100,11003065
2026-01-05 11:00:00,9.100,9.120,9.020,9.040,10196635
2026-01-05 11:30:00,9.030,9.070,8.990,8.990,10555987
2026-01-05 13:30:00,9.000,9.170,8.990,9.170,18107000
2026-01-05 14:00:00,9.160,9.170,9.110,9.130,6317700
2026-01-05 14:30:00,9.140,9.190,9.120,9.180,6896600
2026-01-05 15:00:00,9.180,9.230,9.170,9.200,15099974
2026-01-06 10:00:00,9.170,9.170,8.880,9.090,26573230
2026-01-06 10:30:00,9.100,9.320,9.090,9.260,18377311
2026-01-06 11:00:00,9.260,9.290,9.220,9.260,9239385
2026-01-06 11:30:00,9.280,9.320,9.150,9.170,11483100
2026-01-06 13:30:00,9.170,9.260,9.130,9.220,14675200
2026-01-06 14:00:00,9.220,9.230,9.140,9.140,9217600
2026-01-06 14:30:00,9.150,9.190,9.110,9.190,15137172
2026-01-06 15:00:00,9.190,9.230,9.180,9.200,8551360
2026-01-07 10:00:00,9.220,9.360,9.150,9.180,16831625
2026-01-07 10:30:00,9.190,9.240,9.150,9.160,6473700
2026-01-07 11:00:00,9.170,9.210,9.140,9.180,6858900
2026-01-07 11:30:00,9.180,9.260,9.170,9.230,4802300
2026-01-07 13:30:00,9.230,9.250,9.180,9.200,4125902
2026-01-07 14:00:00,9.190,9.200,9.110,9.120,5600200
2026-01-07 14:30:00,9.130,9.140,9.090,9.130,6111543
2026-01-07 15:00:00,9.120,9.170,9.120,9.150,7327002
2026-01-08 10:00:00,9.140,9.140,8.980,9.020,14933600
2026-01-08 10:30:00,9.030,9.080,9.010,9.030,6044702
2026-01-08 11:00:00,9.030,9.050,9.000,9.040,5545800
2026-01-08 11:30:00,9.040,9.110,9.030,9.100,5958120
2026-01-08 13:30:00,9.090,9.180,9.060,9.160,6800734
2026-01-08 14:00:00,9.160,9.170,9.100,9.160,3165308
2026-01-08 14:30:00,9.160,9.180,9.110,9.140,6616500
2026-01-08 15:00:00,9.140,9.150,9.100,9.130,5738181
2026-01-09 10:00:00,9.130,9.130,8.850,8.920,26934300
2026-01-09 10:30:00,8.920,8.960,8.860,8.910,13487200
2026-01-09 11:00:00,8.910,9.010,8.890,9.000,8155400
2026-01-09 11:30:00,8.990,9.010,8.940,8.950,3767900
2026-01-09 13:30:00,8.960,9.000,8.940,8.980,6843502
2026-01-09 14:00:00,8.970,9.000,8.960,8.990,3823410
2026-01-09 14:30:00,8.980,9.010,8.950,9.000,6109500
2026-01-09 15:00:00,8.990,9.000,8.960,8.980,10390118
2026-01-12 10:00:00,8.990,9.360,8.950,9.180,39747412
2026-01-12 10:30:00,9.180,9.240,9.120,9.150,10814737
2026-01-12 11:00:00,9.150,9.210,9.120,9.150,7196000
2026-01-12 11:30:00,9.140,9.150,9.030,9.040,11220500
2026-01-12 13:30:00,9.050,9.100,9.020,9.020,8189800
2026-01-12 14:00:00,9.030,9.070,8.990,9.010,8249000
2026-01-12 14:30:00,9.010,9.030,8.980,9.020,6885100
2026-01-12 15:00:00,9.020,9.030,8.990,9.010,9576900
2026-01-13 10:00:00,8.950,9.080,8.880,9.000,18807042
2026-01-13 10:30:00,9.000,9.050,8.940,8.940,8219000
2026-01-13 11:00:00,8.940,8.980,8.880,8.940,9776400
2026-01-13 11:30:00,8.940,8.950,8.870,8.880,7043900
2026-01-13 13:30:00,8.890,8.900,8.800,8.820,10251400
2026-01-13 14:00:00,8.820,8.850,8.800,8.830,6141862
2026-01-13 14:30:00,8.830,8.840,8.800,8.810,7389700
2026-01-13 15:00:00,8.810,8.830,8.780,8.810,9165919
2026-01-14 10:00:00,8.750,8.790,8.620,8.710,20743499
2026-01-14 10:30:00,8.710,8.780,8.690,8.740,19067300
2026-01-14 11:00:00,8.740,8.840,8.720,8.810,11679864
2026-01-14 11:30:00,8.820,8.840,8.770,8.790,8687199
2026-01-14 13:30:00,8.790,8.830,8.710,8.720,10336508
2026-01-14 14:00:00,8.720,8.750,8.670,8.680,7172072
2026-01-14 14:30:00,8.680,8.740,8.630,8.640,20739985
2026-01-14 15:00:00,8.640,8.690,8.540,8.550,45509180
2026-01-15 10:00:00,8.580,8.680,8.560,8.580,17876991
2026-01-15 10:30:00,8.580,8.610,8.510,8.520,7909100
2026-01-15 11:00:00,8.520,8.640,8.520,8.620,4835596
2026-01-15 11:30:00,8.630,8.710,8.620,8.650,9881618
2026-01-15 13:30:00,8.660,8.670,8.580,8.600,4833466
2026-01-15 14:00:00,8.600,8.610,8.570,8.570,3895200
2026-01-15 14:30:00,8.570,8.590,8.510,8.510,11519792
2026-01-15 15:00:00,8.510,8.540,8.500,8.540,13468984
2026-01-16 10:00:00,8.610,8.700,8.490,8.520,23636820
2026-01-16 10:30:00,8.520,8.590,8.470,8.480,14410011
2026-01-16 11:00:00,8.490,8.500,8.440,8.460,18334050
2026-01-16 11:30:00,8.460,8.480,8.410,8.410,9084500
2026-01-16 13:30:00,8.410,8.480,8.400,8.460,9021000
2026-01-16 14:00:00,8.460,8.470,8.360,8.400,25256400
2026-01-16 14:30:00,8.400,8.470,8.390,8.440,8648348
2026-01-16 15:00:00,8.450,8.460,8.420,8.460,9617018
2026-01-19 10:00:00,8.490,8.920,8.470,8.810,63252646
2026-01-19 10:30:00,8.820,8.870,8.720,8.770,17119537
2026-01-19 11:00:00,8.760,8.810,8.750,8.790,7933500
2026-01-19 11:30:00,8.790,8.840,8.770,8.800,8193600
2026-01-19 13:30:00,8.810,8.830,8.740,8.820,9588200
2026-01-19 14:00:00,8.820,8.860,8.760,8.780,7473900
2026-01-19 14:30:00,8.780,8.820,8.780,8.790,6585000
2026-01-19 15:00:00,8.800,8.820,8.770,8.810,9878639
2026-01-20 10:00:00,8.850,9.080,8.830,8.920,27902781
2026-01-20 10:30:00,8.920,8.960,8.870,8.930,10513100
2026-01-20 11:00:00,8.930,9.080,8.930,9.030,15569408
2026-01-20 11:30:00,9.030,9.140,9.030,9.060,13537504
2026-01-20 13:30:00,9.070,9.140,9.050,9.090,8926302
2026-01-20 14:00:00,9.090,9.130,9.060,9.110,6597301
2026-01-20 14:30:00,9.100,9.120,9.080,9.100,5354800
2026-01-20 15:00:00,9.100,9.110,9.070,9.100,10776606
2026-01-21 10:00:00,9.120,9.140,9.010,9.050,15265400
2026-01-21 10:30:00,9.050,9.060,9.000,9.000,6986000
2026-01-21 11:00:00,9.000,9.020,8.970,9.020,8068000
2026-01-21 11:30:00,9.010,9.030,8.980,8.980,4893200
2026-01-21 13:30:00,8.990,9.060,8.980,9.040,4708701
2026-01-21 14:00:00,9.040,9.100,9.040,9.060,7945091
2026-01-21 14:30:00,9.060,9.080,8.950,8.970,12242109
2026-01-21 15:00:00,8.980,9.010,8.960,9.010,9130364
2026-01-22 10:00:00,9.010,9.030,8.870,9.010,15994400
2026-01-22 10:30:00,9.010,9.110,8.900,8.930,12710650
2026-01-22 11:00:00,8.920,8.980,8.900,8.910,13373600
2026-01-22 11:30:00,8.910,8.950,8.900,8.910,8245300
2026-01-22 13:30:00,8.910,8.940,8.850,8.870,8621100
2026-01-22 14:00:00,8.860,8.920,8.850,8.910,3579400
2026-01-22 14:30:00,8.910,8.910,8.880,8.910,3655591
2026-01-22 15:00:00,8.910,8.910,8.860,8.880,8303500
2026-01-23 10:00:00,8.890,8.920,8.740,8.870,13553564
2026-01-23 10:30:00,8.880,8.930,8.820,8.830,7099900
2026-01-23 11:00:00,8.830,8.860,8.810,8.830,4130408
2026-01-23 11:30:00,8.830,8.860,8.770,8.790,5429342
2026-01-23 13:30:00,8.790,8.800,8.720,8.740,11134524
2026-01-23 14:00:00,8.740,8.770,8.720,8.750,6830000
2026-01-23 14:30:00,8.760,8.790,8.720,8.760,10922936
2026-01-23 15:00:00,8.760,8.770,8.720,8.770,11765068
2026-01-26 10:00:00,8.750,8.990,8.670,8.750,34123234
2026-01-26 10:30:00,8.750,8.820,8.720,8.740,19881200
2026-01-26 11:00:00,8.740,8.790,8.660,8.660,19130150
2026-01-26 11:30:00,8.670,8.710,8.650,8.680,11089450
2026-01-26 13:30:00,8.680,8.700,8.660,8.680,10140855
2026-01-26 14:00:00,8.690,8.700,8.660,8.680,13633000
2026-01-26 14:30:00,8.680,8.700,8.670,8.670,9759050
2026-01-26 15:00:00,8.680,8.690,8.650,8.670,11073963
2026-01-27 10:00:00,8.700,8.760,8.620,8.680,11172124
2026-01-27 10:30:00,8.680,8.690,8.560,8.580,12860500
2026-01-27 11:00:00,8.580,8.640,8.540,8.640,7505401
2026-01-27 11:30:00,8.640,8.690,8.600,8.620,5643500
2026-01-27 13:30:00,8.630,8.640,8.600,8.630,4598420
2026-01-27 14:00:00,8.640,8.640,8.560,8.560,9926000
2026-01-27 14:30:00,8.570,8.580,8.540,8.570,10743400
2026-01-27 15:00:00,8.580,8.590,8.550,8.570,12399386
2026-01-28 10:00:00,8.590,8.610,8.360,8.400,29107600
2026-01-28 10:30:00,8.390,8.450,8.360,8.440,14676186
2026-01-28 11:00:00,8.440,8.490,8.390,8.420,10007200
2026-01-28 11:30:00,8.420,8.460,8.400,8.460,6170000
2026-01-28 13:30:00,8.450,8.470,8.380,8.380,8714200
2026-01-28 14:00:00,8.380,8.410,8.380,8.390,4563800
2026-01-28 14:30:00,8.400,8.410,8.360,8.370,8363958
2026-01-28 15:00:00,8.360,8.380,8.330,8.370,16953887
2026-01-29 10:00:00,8.320,8.380,8.260,8.270,24828550
2026-01-29 10:30:00,8.270,8.290,8.250,8.270,9775600
2026-01-29 11:00:00,8.260,8.280,8.230,8.240,13225600
2026-01-29 11:30:00,8.240,8.260,8.210,8.220,9133600
2026-01-29 13:30:00,8.220,8.260,8.200,8.250,9074220
2026-01-29 14:00:00,8.260,8.290,8.230,8.240,8750865
2026-01-29 14:30:00,8.240,8.300,8.230,8.270,13697000
2026-01-29 15:00:00,8.270,8.310,8.250,8.310,13657800
2026-01-30 10:00:00,8.300,8.430,8.260,8.350,22553169
2026-01-30 10:30:00,8.350,8.370,8.280,8.280,10282600
2026-01-30 11:00:00,8.280,8.380,8.260,8.350,8317911
2026-01-30 11:30:00,8.350,8.380,8.320,8.340,5588300
2026-01-30 13:30:00,8.340,8.360,8.330,8.350,6261600
2026-01-30 14:00:00,8.360,8.360,8.330,8.340,5010400
2026-01-30 14:30:00,8.340,8.350,8.310,8.320,6027700
2026-01-30 15:00:00,8.310,8.340,8.300,8.310,9146506
2026-02-02 10:00:00,8.240,8.460,8.190,8.440,39885716
2026-02-02 10:30:00,8.440,8.480,8.360,8.360,11311600
2026-02-02 11:00:00,8.360,8.390,8.330,8.340,5979800
2026-02-02 11:30:00,8.350,8.360,8.250,8.260,6652400
2026-02-02 13:30:00,8.260,8.270,8.220,8.220,7052500
2026-02-02 14:00:00,8.220,8.230,8.170,8.200,10027500
2026-02-02 14:30:00,8.210,8.240,8.180,8.220,9509100
2026-02-02 15:00:00,8.220,8.260,8.190,8.190,12730611
2026-02-03 10:00:00,8.230,8.370,8.210,8.290,22395110
2026-02-03 10:30:00,8.290,8.290,8.150,8.180,11762681
2026-02-03 11:00:00,8.180,8.180,8.100,8.170,8791645
2026-02-03 11:30:00,8.170,8.190,8.140,8.160,7515648
2026-02-03 13:30:00,8.160,8.380,8.160,8.360,19672200
2026-02-03 14:00:00,8.360,8.400,8.350,8.370,12306729
2026-02-03 14:30:00,8.370,8.450,8.340,8.440,20363788
2026-02-03 15:00:00,8.440,8.450,8.420,8.430,10778898
2026-02-04 10:00:00,8.380,8.840,8.360,8.840,76906805
2026-02-04 10:30:00,8.830,8.960,8.750,8.920,45001700
2026-02-04 11:00:00,8.920,8.980,8.900,8.940,23127564
2026-02-04 11:30:00,8.940,8.970,8.890,8.940,14338500
2026-02-04 13:30:00,8.930,9.000,8.890,8.990,23254618
2026-02-04 14:00:00,8.990,9.060,8.970,9.040,15444598
2026-02-04 14:30:00,9.040,9.060,9.020,9.020,11188724
2026-02-04 15:00:00,9.020,9.030,8.990,9.020,19281189
2026-02-05 10:00:00,9.000,9.230,8.930,9.110,41605796
2026-02-05 10:30:00,9.110,9.180,9.060,9.110,20891500
2026-02-05 11:00:00,9.100,9.150,9.040,9.040,8940700
2026-02-05 11:30:00,9.050,9.080,9.000,9.060,5988100
2026-02-05 13:30:00,9.060,9.100,9.040,9.090,6044600
2026-02-05 14:00:00,9.090,9.120,9.070,9.090,7575257
2026-02-05 14:30:00,9.090,9.100,9.060,9.070,7488800
2026-02-05 15:00:00,9.070,9.090,9.060,9.080,13233500
2026-02-06 10:00:00,9.070,9.130,8.980,9.010,18635814
2026-02-06 10:30:00,9.010,9.060,8.980,9.060,7863415
2026-02-06 11:00:00,9.060,9.060,9.000,9.000,6339000
2026-02-06 11:30:00,9.000,9.070,8.990,9.040,6797400
2026-02-06 13:30:00,9.050,9.080,8.930,8.950,10266102
2026-02-06 14:00:00,8.960,9.020,8.930,9.000,12238201
2026-02-06 14:30:00,9.000,9.040,8.980,9.000,9212662
2026-02-06 15:00:00,9.010,9.050,8.990,9.020,11252329
2026-02-09 10:00:00,9.020,9.150,8.990,9.130,15225165
2026-02-09 10:30:00,9.140,9.280,9.090,9.260,15593701
2026-02-09 11:00:00,9.260,9.280,9.210,9.260,10551100
2026-02-09 11:30:00,9.260,9.360,9.240,9.360,10725701
2026-02-09 13:30:00,9.360,9.390,9.260,9.270,9019000
2026-02-09 14:00:00,9.280,9.290,9.260,9.280,3643400
2026-02-09 14:30:00,9.280,9.280,9.190,9.220,7409800
2026-02-09 15:00:00,9.220,9.230,9.200,9.210,8668920
2026-02-10 10:00:00,9.240,9.240,8.850,8.920,26768533
2026-02-10 10:30:00,8.920,8.950,8.820,8.860,10187500
2026-02-10 11:00:00,8.870,8.880,8.800,8.880,9364300
2026-02-10 11:30:00,8.880,8.980,8.870,8.950,6534501
2026-02-10 13:30:00,8.960,9.040,8.940,9.040,12118000
2026-02-10 14:00:00,9.040,9.060,9.000,9.020,5864710
2026-02-10 14:30:00,9.010,9.040,9.000,9.020,5383100
2026-02-10 15:00:00,9.030,9.070,9.000,9.040,9405131
2026-02-11 10:00:00,9.020,9.040,8.770,8.930,30894376
2026-02-11 10:30:00,8.940,8.940,8.830,8.900,10521400
2026-02-11 11:00:00,8.900,8.920,8.870,8.890,5479100
2026-02-11 11:30:00,8.900,8.940,8.890,8.920,4246900
2026-02-11 13:30:00,8.920,8.960,8.870,8.880,4902400
2026-02-11 14:00:00,8.880,8.890,8.810,8.840,7053300
2026-02-11 14:30:00,8.840,8.870,8.820,8.840,4759958
2026-02-11 15:00:00,8.840,8.850,8.800,8.820,9358900
2026-02-12 10:00:00,8.850,8.870,8.730,8.770,11844500
2026-02-12 10:30:00,8.770,8.830,8.760,8.780,6110649
2026-02-12 11:00:00,8.780,8.810,8.740,8.750,7154800
2026-02-12 11:30:00,8.750,8.760,8.700,8.710,10048300
2026-02-12 13:30:00,8.720,8.730,8.600,8.620,15951368
2026-02-12 14:00:00,8.610,8.670,8.600,8.620,6037600
2026-02-12 14:30:00,8.620,8.650,8.610,8.640,5256500
2026-02-12 15:00:00,8.630,8.640,8.610,8.640,7281100
2026-02-13 10:00:00,8.690,8.700,8.530,8.640,15801000
2026-02-13 10:30:00,8.640,8.700,8.620,8.640,5793300
2026-02-13 11:00:00,8.640,8.710,8.600,8.650,4537200
2026-02-13 11:30:00,8.660,8.680,8.610,8.620,3235100
2026-02-13 13:30:00,8.630,8.630,8.560,8.560,3569400
2026-02-13 14:00:00,8.560,8.570,8.530,8.540,6888800
2026-02-13 14:30:00,8.530,8.550,8.510,8.530,5763700
2026-02-13 15:00:00,8.530,8.550,8.520,8.540,11013633
2026-02-24 10:00:00,8.560,8.600,8.450,8.530,18826802
2026-02-24 10:30:00,8.530,8.600,8.520,8.550,14457564
2026-02-24 11:00:00,8.560,8.560,8.480,8.490,17171400
2026-02-24 11:30:00,8.490,8.550,8.480,8.500,5194900
2026-02-24 13:30:00,8.510,8.510,8.450,8.460,9483000
2026-02-24 14:00:00,8.460,8.470,8.430,8.440,6285100
2026-02-24 14:30:00,8.440,8.480,8.420,8.460,10725300
2026-02-24 15:00:00,8.460,8.480,8.450,8.470,8126600
2026-02-25 10:00:00,8.470,8.650,8.470,8.620,21167957
2026-02-25 10:30:00,8.600,8.680,8.600,8.660,11925478
2026-02-25 11:00:00,8.650,8.670,8.600,8.620,6375702
2026-02-25 11:30:00,8.610,8.650,8.610,8.640,4480200
2026-02-25 13:30:00,8.650,8.650,8.460,8.480,24964010
2026-02-25 14:00:00,8.470,8.480,8.400,8.460,14975861
2026-02-25 14:30:00,8.460,8.470,8.410,8.460,10908350
2026-02-25 15:00:00,8.450,8.480,8.430,8.470,18155725
2026-02-26 10:00:00,8.500,8.670,8.490,8.670,29109997
2026-02-26 10:30:00,8.660,8.700,8.530,8.530,14256100
2026-02-26 11:00:00,8.530,8.550,8.510,8.530,6338600
2026-02-26 11:30:00,8.530,8.560,8.510,8.540,3663300
2026-02-26 13:30:00,8.550,8.580,8.540,8.550,3880500
2026-02-26 14:00:00,8.550,8.580,8.530,8.560,5144400
2026-02-26 14:30:00,8.550,8.570,8.540,8.550,4544100
2026-02-26 15:00:00,8.550,8.570,8.540,8.570,9094851
2026-02-27 10:00:00,8.590,8.710,8.420,8.420,25803300
2026-02-27 10:30:00,8.420,8.430,8.300,8.350,33062000
2026-02-27 11:00:00,8.340,8.460,8.310,8.450,13544800
2026-02-27 11:30:00,8.440,8.470,8.390,8.400,7957400
2026-02-27 13:30:00,8.400,8.430,8.390,8.410,6226400
2026-02-27 14:00:00,8.400,8.430,8.400,8.420,4317000
2026-02-27 14:30:00,8.430,8.440,8.410,8.420,3893502
2026-02-27 15:00:00,8.410,8.440,8.400,8.410,12346717
2026-03-02 10:00:00,8.110,8.200,8.010,8.120,62368060
2026-03-02 10:30:00,8.120,8.150,8.090,8.120,15402300
2026-03-02 11:00:00,8.120,8.160,8.110,8.130,8786164
2026-03-02 11:30:00,8.130,8.190,8.120,8.140,9527100
2026-03-02 13:30:00,8.140,8.190,8.120,8.190,8530800
2026-03-02 14:00:00,8.190,8.210,8.150,8.150,11564433
2026-03-02 14:30:00,8.150,8.160,8.090,8.100,17295500
2026-03-02 15:00:00,8.110,8.130,8.090,8.100,17153814
2026-03-03 10:00:00,8.020,8.090,7.850,7.860,52717680
2026-03-03 10:30:00,7.850,7.940,7.810,7.920,19310900
2026-03-03 11:00:00,7.920,8.000,7.900,7.990,10113629
2026-03-03 11:30:00,7.990,8.020,7.950,8.000,10995500
2026-03-03 13:30:00,8.000,8.060,7.970,8.010,16110085
2026-03-03 14:00:00,8.010,8.030,7.940,7.960,8086600
2026-03-03 14:30:00,7.970,7.970,7.920,7.950,7570027
2026-03-03 15:00:00,7.940,7.960,7.900,7.920,10353642
2026-03-04 10:00:00,7.860,8.060,7.820,7.980,33183370
2026-03-04 10:30:00,7.980,7.990,7.890,7.930,13093500
2026-03-04 11:00:00,7.920,7.930,7.860,7.870,8899600
2026-03-04 11:30:00,7.870,7.890,7.830,7.860,9334800
2026-03-04 13:30:00,7.850,7.880,7.830,7.850,7518711
2026-03-04 14:00:00,7.850,7.890,7.830,7.850,8467400
2026-03-04 14:30:00,7.840,7.870,7.790,7.790,15404900
2026-03-04 15:00:00,7.800,7.830,7.760,7.790,33875743
2026-03-05 10:00:00,7.860,7.890,7.760,7.760,19015141
2026-03-05 10:30:00,7.770,7.780,7.700,7.720,16217235
2026-03-05 11:00:00,7.720,7.790,7.720,7.770,8513863
2026-03-05 11:30:00,7.770,7.780,7.720,7.730,4616465
2026-03-05 13:30:00,7.740,7.750,7.700,7.710,8789704
2026-03-05 14:00:00,7.720,7.720,7.660,7.670,12055570
2026-03-05 14:30:00,7.670,7.670,7.610,7.630,14090500
2026-03-05 15:00:00,7.620,7.650,7.560,7.640,28390943
2026-03-06 10:00:00,7.610,7.630,7.480,7.580,37212692
2026-03-06 10:30:00,7.580,7.600,7.520,7.600,11835935
2026-03-06 11:00:00,7.600,7.680,7.580,7.680,16532209
2026-03-06 11:30:00,7.680,7.700,7.660,7.660,13909101
2026-03-06 13:30:00,7.670,7.680,7.610,7.650,9548000
2026-03-06 14:00:00,7.650,7.740,7.650,7.720,11378709
2026-03-06 14:30:00,7.730,7.740,7.610,7.680,12634692
2026-03-06 15:00:00,7.680,7.710,7.670,7.690,7878278
2026-03-09 10:00:00,7.460,7.460,7.100,7.120,112756343
2026-03-09 10:30:00,7.120,7.130,7.030,7.070,44470205
2026-03-09 11:00:00,7.070,7.150,7.050,7.100,24869200
2026-03-09 11:30:00,7.100,7.150,7.080,7.130,16026800
2026-03-09 13:30:00,7.140,7.220,7.130,7.200,17527500
2026-03-09 14:00:00,7.210,7.300,7.200,7.300,21538200
2026-03-09 14:30:00,7.290,7.310,7.270,7.310,17715874
2026-03-09 15:00:00,7.310,7.350,7.300,7.310,22892344
2026-03-10 10:00:00,7.550,7.630,7.430,7.490,109827974
2026-03-10 10:30:00,7.490,7.520,7.430,7.450,15552800
2026-03-10 11:00:00,7.450,7.460,7.390,7.430,11541200
2026-03-10 11:30:00,7.430,7.470,7.420,7.450,5652300
2026-03-10 13:30:00,7.450,7.460,7.360,7.380,8740000
2026-03-10 14:00:00,7.380,7.410,7.350,7.390,7923600
2026-03-10 14:30:00,7.390,7.430,7.380,7.390,5937000
2026-03-10 15:00:00,7.400,7.420,7.390,7.390,12663543
2026-03-11 10:00:00,7.450,7.460,7.330,7.390,22005466
2026-03-11 10:30:00,7.390,7.410,7.340,7.360,8246000
2026-03-11 11:00:00,7.370,7.380,7.320,7.340,11218000
2026-03-11 11:30:00,7.330,7.370,7.330,7.350,4678700
2026-03-11 13:30:00,7.340,7.390,7.330,7.330,7522731
2026-03-11 14:00:00,7.330,7.340,7.290,7.340,13717800
2026-03-11 14:30:00,7.340,7.350,7.310,7.320,6289396
2026-03-11 15:00:00,7.320,7.360,7.320,7.360,9737252
2026-03-12 10:00:00,7.290,7.400,7.290,7.360,25067387
2026-03-12 10:30:00,7.360,7.400,7.320,7.360,10314100
2026-03-12 11:00:00,7.350,7.370,7.290,7.310,11050000
2026-03-12 11:30:00,7.320,7.330,7.290,7.290,4568000
2026-03-12 13:30:00,7.310,7.320,7.270,7.300,6410192
2026-03-12 14:00:00,7.300,7.400,7.300,7.370,14173800
2026-03-12 14:30:00,7.370,7.390,7.300,7.360,15199819
2026-03-12 15:00:00,7.360,7.420,7.350,7.400,16831901
2026-03-13 10:00:00,7.270,7.420,7.260,7.350,27817850
2026-03-13 10:30:00,7.360,7.400,7.330,7.360,10986119
2026-03-13 11:00:00,7.360,7.450,7.360,7.400,19454900
2026-03-13 11:30:00,7.410,7.410,7.390,7.410,6473000
2026-03-13 13:30:00,7.410,7.420,7.380,7.380,4035100
2026-03-13 14:00:00,7.380,7.410,7.360,7.370,4594100
2026-03-13 14:30:00,7.360,7.400,7.350,7.400,7120000
2026-03-13 15:00:00,7.400,7.400,7.370,7.390,14907101
2026-03-16 10:00:00,7.360,7.410,7.260,7.280,33898200
2026-03-16 10:30:00,7.280,7.320,7.270,7.280,10303600
2026-03-16 11:00:00,7.280,7.290,7.220,7.220,14069800
2026-03-16 11:30:00,7.230,7.230,7.190,7.210,11400229
2026-03-16 13:30:00,7.220,7.250,7.190,7.210,12528100
2026-03-16 14:00:00,7.200,7.220,7.170,7.190,12500200
2026-03-16 14:30:00,7.180,7.210,7.180,7.200,10274300
2026-03-16 15:00:00,7.190,7.230,7.180,7.230,16316355
2026-03-17 10:00:00,7.260,7.380,7.250,7.350,42039348
2026-03-17 10:30:00,7.340,7.380,7.300,7.300,11045100
2026-03-17 11:00:00,7.310,7.340,7.280,7.290,7461000
2026-03-17 11:30:00,7.290,7.300,7.270,7.280,5288501
2026-03-17 13:30:00,7.270,7.300,7.260,7.280,6912899
2026-03-17 14:00:00,7.280,7.300,7.250,7.250,7353200
2026-03-17 14:30:00,7.250,7.260,7.220,7.220,10931326
2026-03-17 15:00:00,7.220,7.230,7.180,7.190,17001523
2026-03-18 10:00:00,7.250,7.290,7.130,7.150,32039138
2026-03-18 10:30:00,7.150,7.160,7.110,7.120,19033700
2026-03-18 11:00:00,7.120,7.130,7.060,7.070,16900700
2026-03-18 11:30:00,7.070,7.080,7.030,7.080,16989000
2026-03-18 13:30:00,7.080,7.100,7.050,7.070,10708902
2026-03-18 14:00:00,7.070,7.090,7.060,7.090,5591608
2026-03-18 14:30:00,7.080,7.120,7.070,7.100,6223200
2026-03-18 15:00:00,7.110,7.140,7.090,7.120,11679720
2026-03-19 10:00:00,7.010,7.010,6.870,6.900,58735300
2026-03-19 10:30:00,6.900,6.910,6.850,6.890,24110056
2026-03-19 11:00:00,6.900,6.900,6.860,6.870,10479900
2026-03-19 11:30:00,6.870,6.890,6.860,6.880,5754017
2026-03-19 13:30:00,6.880,6.900,6.830,6.850,16490473
2026-03-19 14:00:00,6.840,6.860,6.830,6.850,7752200
2026-03-19 14:30:00,6.850,6.880,6.800,6.820,19251000
2026-03-19 15:00:00,6.820,6.840,6.810,6.830,13073556
2026-03-20 10:00:00,6.860,6.920,6.840,6.890,31978672
2026-03-20 10:30:00,6.890,6.890,6.860,6.870,5817037
2026-03-20 11:00:00,6.870,6.880,6.840,6.840,5475063
2026-03-20 11:30:00,6.840,6.880,6.820,6.860,6638450
2026-03-20 13:30:00,6.870,6.870,6.840,6.840,5756100
2026-03-20 14:00:00,6.840,6.850,6.820,6.830,5160500
2026-03-20 14:30:00,6.820,6.830,6.770,6.790,11058400
2026-03-20 15:00:00,6.790,6.790,6.760,6.760,14704334
2026-03-23 10:00:00,6.610,6.650,6.570,6.590,39686800
2026-03-23 10:30:00,6.600,6.640,6.580,6.580,13317600
2026-03-23 11:00:00,6.580,6.580,6.530,6.550,13203400
2026-03-23 11:30:00,6.550,6.560,6.520,6.520,8729900
2026-03-23 13:30:00,6.530,6.540,6.440,6.440,24931300
2026-03-23 14:00:00,6.440,6.500,6.430,6.470,14330725
2026-03-23 14:30:00,6.480,6.490,6.440,6.460,12902965
2026-03-23 15:00:00,6.460,6.460,6.380,6.440,21078716
2026-03-24 10:00:00,6.570,6.640,6.560,6.580,36945100
2026-03-24 10:30:00,6.590,6.640,6.550,6.640,28891200
2026-03-24 11:00:00,6.640,6.660,6.610,6.650,12551400
2026-03-24 11:30:00,6.650,6.660,6.600,6.630,8332100
2026-03-24 13:30:00,6.630,6.640,6.560,6.580,8037500
2026-03-24 14:00:00,6.570,6.620,6.560,6.610,4463400
2026-03-24 14:30:00,6.610,6.640,6.600,6.620,5516600
2026-03-24 15:00:00,6.620,6.660,6.610,6.650,13114260
2026-03-25 10:00:00,6.770,6.910,6.770,6.870,50015849
2026-03-25 10:30:00,6.870,6.900,6.850,6.870,8270900
2026-03-25 11:00:00,6.860,6.930,6.860,6.920,13095140
2026-03-25 11:30:00,6.910,6.920,6.860,6.860,8177050
2026-03-25 13:30:00,6.870,6.900,6.860,6.890,5919901
2026-03-25 14:00:00,6.900,6.910,6.880,6.910,6846100
2026-03-25 14:30:00,6.910,6.930,6.900,6.910,10637941
2026-03-25 15:00:00,6.910,6.940,6.910,6.920,13136990
2026-03-26 10:00:00,6.870,7.010,6.810,6.960,39051147
2026-03-26 10:30:00,6.960,6.970,6.910,6.940,10440400
2026-03-26 11:00:00,6.940,6.950,6.890,6.890,8059000
2026-03-26 11:30:00,6.910,6.930,6.880,6.890,7604681
2026-03-26 13:30:00,6.900,6.930,6.880,6.890,11185448
2026-03-26 14:00:00,6.890,6.900,6.800,6.820,11384200
2026-03-26 14:30:00,6.810,6.820,6.770,6.800,10348600
2026-03-26 15:00:00,6.800,6.830,6.780,6.820,10388189
2026-03-27 10:00:00,6.730,6.870,6.720,6.860,22792566
2026-03-27 10:30:00,6.860,7.000,6.850,6.970,22782662
2026-03-27 11:00:00,6.970,6.970,6.910,6.920,7092155
2026-03-27 11:30:00,6.910,6.930,6.900,6.920,2876777
2026-03-27 13:30:00,6.920,6.960,6.910,6.940,4586200
2026-03-27 14:00:00,6.940,6.980,6.890,6.900,14206553
2026-03-27 14:30:00,6.910,6.910,6.880,6.880,4577292
2026-03-27 15:00:00,6.880,6.900,6.880,6.890,6621614
2026-03-30 10:00:00,6.730,6.800,6.690,6.720,40199100
2026-03-30 10:30:00,6.720,6.820,6.710,6.810,13119221
2026-03-30 11:00:00,6.800,6.870,6.790,6.850,7325000
2026-03-30 11:30:00,6.860,6.900,6.850,6.870,5273880
2026-03-30 13:30:00,6.880,6.890,6.850,6.880,4878020
2026-03-30 14:00:00,6.880,6.920,6.850,6.860,5066114
2026-03-30 14:30:00,6.870,6.870,6.830,6.850,4392300
2026-03-30 15:00:00,6.850,6.860,6.830,6.850,6267975
2026-03-31 10:00:00,6.850,6.970,6.830,6.930,19184520
2026-03-31 10:30:00,6.920,6.940,6.860,6.880,8954100
2026-03-31 11:00:00,6.880,6.880,6.810,6.810,8429645
2026-03-31 11:30:00,6.810,6.820,6.760,6.790,7655718
2026-03-31 13:30:00,6.790,6.820,6.770,6.780,5610683
2026-03-31 14:00:00,6.790,6.810,6.770,6.790,7539148
2026-03-31 14:30:00,6.780,6.790,6.740,6.740,9908101
2026-03-31 15:00:00,6.740,6.750,6.700,6.730,15640934
2026-04-01 10:00:00,6.940,7.050,6.880,6.910,48521826
2026-04-01 10:30:00,6.910,6.960,6.900,6.940,12778600
2026-04-01 11:00:00,6.930,7.050,6.930,7.030,30986235
2026-04-01 11:30:00,7.030,7.050,6.990,7.000,13952884
2026-04-01 13:30:00,7.000,7.070,6.990,7.030,15394762
2026-04-01 14:00:00,7.020,7.030,6.970,6.980,6519900
2026-04-01 14:30:00,6.970,7.000,6.970,7.000,8013508
2026-04-01 15:00:00,7.000,7.040,6.990,7.040,11824257
2026-04-02 10:00:00,6.970,6.970,6.820,6.890,40648293
2026-04-02 10:30:00,6.880,6.930,6.870,6.900,8583700
2026-04-02 11:00:00,6.910,6.940,6.890,6.930,5417387
2026-04-02 11:30:00,6.930,6.930,6.900,6.900,4080613
2026-04-02 13:30:00,6.900,6.920,6.870,6.920,4516165
2026-04-02 14:00:00,6.910,6.920,6.880,6.880,4583284
2026-04-02 14:30:00,6.880,6.910,6.870,6.890,3517657
2026-04-02 15:00:00,6.890,6.900,6.860,6.880,8851485
