date,open,high,low,close,volume
2025-03-27 14:30:00,9.500,9.530,9.500,9.510,2102163
2025-03-27 15:00:00,9.510,9.530,9.500,9.510,3275845
2025-03-28 10:00:00,9.540,9.550,9.480,9.480,5865253
2025-03-28 10:30:00,9.490,9.530,9.480,9.510,2468137
2025-03-28 11:00:00,9.510,9.520,9.470,9.480,1778634
2025-03-28 11:30:00,9.480,9.510,9.460,9.480,3222623
2025-03-28 13:30:00,9.480,9.550,9.470,9.530,3949322
2025-03-28 14:00:00,9.530,9.580,9.520,9.570,4721202
2025-03-28 14:30:00,9.570,9.580,9.560,9.560,3771033
2025-03-28 15:00:00,9.570,9.580,9.560,9.570,6180466
2025-03-31 10:00:00,9.640,9.850,9.570,9.810,22182007
2025-03-31 10:30:00,9.810,9.930,9.810,9.840,10625577
2025-03-31 11:00:00,9.850,9.920,9.830,9.840,7362290
2025-03-31 11:30:00,9.840,9.880,9.800,9.820,4912937
2025-03-31 13:30:00,9.820,9.890,9.780,9.820,6797157
2025-03-31 14:00:00,9.820,9.860,9.820,9.830,4381510
2025-03-31 14:30:00,9.830,9.870,9.820,9.850,4863442
2025-03-31 15:00:00,9.860,9.870,9.840,9.850,7229376
2025-04-01 10:00:00,9.840,9.920,9.760,9.860,11392327
2025-04-01 10:30:00,9.860,9.870,9.800,9.830,5604001
2025-04-01 11:00:00,9.830,9.910,9.820,9.900,5026243
2025-04-01 11:30:00,9.900,9.910,9.850,9.860,2504622
2025-04-01 13:30:00,9.870,9.880,9.830,9.870,4147476
2025-04-01 14:00:00,9.870,9.930,9.860,9.930,5866037
2025-04-01 14:30:00,9.930,9.980,9.920,9.970,7521388
2025-04-01 15:00:00,9.970,9.980,9.950,9.970,6643131
2025-04-02 10:00:00,9.980,10.150,9.970,10.110,13914194
2025-04-02 10:30:00,10.100,10.120,10.030,10.050,6833341
2025-04-02 11:00:00,10.050,10.080,10.010,10.010,4918560
2025-04-02 11:30:00,10.020,10.120,10.010,10.100,5928950
2025-04-02 13:30:00,10.100,10.120,10.070,10.090,4120053
2025-04-02 14:00:00,10.090,10.120,10.060,10.080,4113131
2025-04-02 14:30:00,10.080,10.090,10.060,10.070,3865973
2025-04-02 15:00:00,10.080,10.090,10.040,10.080,6952730
2025-04-03 10:00:00,10.050,10.100,9.970,10.040,11103831
2025-04-03 10:30:00,10.030,10.190,10.020,10.190,7651884
2025-04-03 11:00:00,10.180,10.230,10.170,10.200,7392494
2025-04-03 11:30:00,10.210,10.220,10.150,10.170,4052500
2025-04-03 13:30:00,10.160,10.220,10.160,10.170,4230038
2025-04-03 14:00:00,10.180,10.210,10.170,10.200,3751424
2025-04-03 14:30:00,10.200,10.210,10.170,10.180,3136088
2025-04-03 15:00:00,10.190,10.200,10.170,10.180,4839740
2025-04-07 10:00:00,9.910,10.110,9.820,10.000,37125934
2025-04-07 10:30:00,10.000,10.070,9.950,9.970,11140179
2025-04-07 11:00:00,9.970,10.070,9.950,10.010,6922429
2025-04-07 11:30:00,10.010,10.050,9.960,9.970,5836648
2025-04-07 13:30:00,9.970,10.050,9.910,9.990,12008899
2025-04-07 14:00:00,9.980,10.050,9.930,10.010,12094272
2025-04-07 14:30:00,9.980,10.000,9.680,9.780,16690131
2025-04-07 15:00:00,9.790,10.100,9.730,9.980,19194169
2025-04-08 10:00:00,9.950,9.970,9.700,9.880,42820908
2025-04-08 10:30:00,9.880,9.970,9.870,9.910,10693206
2025-04-08 11:00:00,9.920,9.970,9.860,9.910,7275255
2025-04-08 11:30:00,9.910,9.990,9.870,9.960,7072489
2025-04-08 13:30:00,9.960,9.980,9.880,9.960,8699283
2025-04-08 14:00:00,9.950,10.000,9.930,9.990,9238664
2025-04-08 14:30:00,9.980,10.000,9.880,9.990,9827794
2025-04-08 15:00:00,9.990,10.210,9.930,10.100,25325120
2025-04-09 10:00:00,10.080,10.140,9.830,9.870,28826828
2025-04-09 10:30:00,9.870,10.010,9.860,9.950,12506232
2025-04-09 11:00:00,9.940,9.960,9.880,9.930,7445346
2025-04-09 11:30:00,9.920,10.010,9.880,9.960,5738574
2025-04-09 13:30:00,9.960,9.970,9.920,9.960,5801981
2025-04-09 14:00:00,9.950,9.980,9.920,9.940,5509976
2025-04-09 14:30:00,9.940,9.970,9.930,9.950,6266076
2025-04-09 15:00:00,9.950,10.090,9.910,10.090,18574923
2025-04-10 10:00:00,10.090,10.100,9.950,10.040,14206437
2025-04-10 10:30:00,10.030,10.110,10.010,10.110,6389486
2025-04-10 11:00:00,10.100,10.150,10.090,10.130,5211860
2025-04-10 11:30:00,10.120,10.130,10.070,10.110,2322630
2025-04-10 13:30:00,10.120,10.140,10.080,10.100,2886670
2025-04-10 14:00:00,10.110,10.120,10.090,10.110,2635841
2025-04-10 14:30:00,10.100,10.110,10.070,10.100,3392481
2025-04-10 15:00:00,10.100,10.150,10.080,10.150,10727439
2025-04-11 10:00:00,10.130,10.140,10.000,10.010,10374280
2025-04-11 10:30:00,10.000,10.030,9.960,9.960,5543681
2025-04-11 11:00:00,9.960,9.970,9.910,9.940,5799297
2025-04-11 11:30:00,9.940,9.950,9.880,9.920,6491662
2025-04-11 13:30:00,9.920,9.950,9.900,9.940,4618402
2025-04-11 14:00:00,9.930,9.960,9.920,9.940,4676800
2025-04-11 14:30:00,9.940,9.980,9.930,9.940,3491600
2025-04-11 15:00:00,9.940,9.970,9.940,9.970,6338573
2025-04-14 10:00:00,9.940,9.950,9.890,9.900,10068463
2025-04-14 10:30:00,9.910,9.950,9.900,9.930,4741762
2025-04-14 11:00:00,9.920,9.930,9.910,9.910,3544133
2025-04-14 11:30:00,9.920,9.920,9.900,9.910,3977349
2025-04-14 13:30:00,9.900,9.990,9.900,9.980,5628245
2025-04-14 14:00:00,9.970,10.000,9.970,9.980,3491166
2025-04-14 14:30:00,9.970,9.980,9.950,9.960,2362478
2025-04-14 15:00:00,9.960,9.970,9.930,9.930,5813774
2025-04-15 10:00:00,9.910,10.020,9.890,9.950,10499550
2025-04-15 10:30:00,9.950,9.950,9.930,9.940,3759139
2025-04-15 11:00:00,9.930,9.940,9.910,9.930,4106110
2025-04-15 11:30:00,9.940,9.980,9.920,9.970,4309400
2025-04-15 13:30:00,9.970,9.980,9.930,9.950,4392605
2025-04-15 14:00:00,9.950,10.000,9.940,10.000,4199746
2025-04-15 14:30:00,9.990,10.000,9.970,9.970,2933400
2025-04-15 15:00:00,9.970,10.040,9.970,10.030,11813899
2025-04-16 10:00:00,10.010,10.100,10.000,10.050,10399121
2025-04-16 10:30:00,10.050,10.190,10.050,10.170,11334048
2025-04-16 11:00:00,10.170,10.250,10.170,10.230,9670107
2025-04-16 11:30:00,10.230,10.260,10.220,10.240,6984118
2025-04-16 13:30:00,10.230,10.260,10.210,10.240,6924300
2025-04-16 14:00:00,10.230,10.260,10.220,10.250,4065598
2025-04-16 14:30:00,10.250,10.280,10.230,10.270,5137439
2025-04-16 15:00:00,10.270,10.360,10.240,10.360,19283239
2025-04-17 10:00:00,10.330,10.370,10.250,10.340,12776706
2025-04-17 10:30:00,10.330,10.450,10.330,10.430,6975579
2025-04-17 11:00:00,10.430,10.490,10.420,10.470,4987703
2025-04-17 11:30:00,10.460,10.480,10.410,10.450,3367800
2025-04-17 13:30:00,10.450,10.460,10.360,10.390,3897098
2025-04-17 14:00:00,10.380,10.420,10.380,10.400,2226931
2025-04-17 14:30:00,10.390,10.440,10.380,10.430,2849820
2025-04-17 15:00:00,10.420,10.500,10.410,10.490,15076479
2025-04-18 10:00:00,10.480,10.690,10.450,10.670,15845126
2025-04-18 10:30:00,10.670,10.710,10.630,10.630,5722308
2025-04-18 11:00:00,10.630,10.700,10.630,10.680,3575329
2025-04-18 11:30:00,10.670,10.670,10.580,10.620,3796774
2025-04-18 13:30:00,10.620,10.630,10.550,10.560,2742295
2025-04-18 14:00:00,10.570,10.590,10.560,10.580,2898473
2025-04-18 14:30:00,10.570,10.590,10.540,10.560,2723900
2025-04-18 15:00:00,10.560,10.650,10.550,10.590,9250037
2025-04-21 10:00:00,10.580,10.740,10.580,10.650,11622692
2025-04-21 10:30:00,10.640,10.710,10.520,10.520,6868759
2025-04-21 11:00:00,10.530,10.560,10.460,10.460,6766300
2025-04-21 11:30:00,10.470,10.510,10.460,10.480,2171600
2025-04-21 13:30:00,10.490,10.510,10.450,10.490,3605953
2025-04-21 14:00:00,10.500,10.510,10.450,10.480,2794456
2025-04-21 14:30:00,10.480,10.480,10.410,10.440,4575712
2025-04-21 15:00:00,10.440,10.460,10.420,10.430,5271780
2025-04-22 10:00:00,10.450,10.590,10.430,10.580,12136496
2025-04-22 10:30:00,10.580,10.590,10.460,10.460,4854307
2025-04-22 11:00:00,10.470,10.500,10.450,10.490,3107300
2025-04-22 11:30:00,10.490,10.510,10.480,10.480,2333700
2025-04-22 13:30:00,10.480,10.500,10.450,10.490,3036473
2025-04-22 14:00:00,10.490,10.500,10.460,10.490,2229263
2025-04-22 14:30:00,10.480,10.500,10.450,10.470,3115183
2025-04-22 15:00:00,10.470,10.500,10.460,10.480,4854621
2025-04-23 10:00:00,10.460,10.460,10.330,10.380,11186937
2025-04-23 10:30:00,10.390,10.490,10.380,10.480,4752721
2025-04-23 11:00:00,10.480,10.500,10.450,10.470,3089963
2025-04-23 11:30:00,10.480,10.490,10.430,10.430,1803066
2025-04-23 13:30:00,10.440,10.450,10.390,10.410,4063536
2025-04-23 14:00:00,10.420,10.440,10.410,10.420,2008447
2025-04-23 14:30:00,10.410,10.430,10.400,10.400,2608320
2025-04-23 15:00:00,10.400,10.410,10.360,10.390,6554792
2025-04-24 10:00:00,10.370,10.530,10.370,10.500,8732366
2025-04-24 10:30:00,10.510,10.520,10.460,10.470,4633466
2025-04-24 11:00:00,10.470,10.560,10.470,10.510,5353489
2025-04-24 11:30:00,10.520,10.580,10.510,10.570,4403066
2025-04-24 13:30:00,10.570,10.610,10.560,10.570,4186540
2025-04-24 14:00:00,10.570,10.580,10.540,10.550,1968558
2025-04-24 14:30:00,10.540,10.570,10.530,10.550,2133938
2025-04-24 15:00:00,10.550,10.580,10.540,10.570,5434398
2025-04-25 10:00:00,10.540,10.560,10.320,10.440,26729332
2025-04-25 10:30:00,10.440,10.450,10.370,10.390,7320430
2025-04-25 11:00:00,10.390,10.430,10.350,10.350,6672781
2025-04-25 11:30:00,10.350,10.380,10.320,10.350,8434245
2025-04-25 13:30:00,10.340,10.410,10.340,10.400,3604139
2025-04-25 14:00:00,10.400,10.430,10.400,10.420,2652600
2025-04-25 14:30:00,10.410,10.460,10.410,10.460,3167956
2025-04-25 15:00:00,10.450,10.470,10.420,10.450,6071286
2025-04-28 10:00:00,10.460,10.580,10.410,10.540,18099893
2025-04-28 10:30:00,10.550,10.650,10.540,10.600,12534916
2025-04-28 11:00:00,10.610,10.650,10.580,10.590,6472433
2025-04-28 11:30:00,10.590,10.630,10.580,10.580,3101008
2025-04-28 13:30:00,10.580,10.620,10.560,10.610,4346627
2025-04-28 14:00:00,10.610,10.630,10.590,10.630,4292700
2025-04-28 14:30:00,10.620,10.640,10.620,10.620,4435868
2025-04-28 15:00:00,10.620,10.630,10.600,10.600,6877931
2025-04-29 10:00:00,10.610,10.680,10.550,10.650,10728234
2025-04-29 10:30:00,10.650,10.680,10.530,10.540,7193387
2025-04-29 11:00:00,10.550,10.570,10.520,10.550,3841100
2025-04-29 11:30:00,10.560,10.580,10.540,10.570,3964244
2025-04-29 13:30:00,10.580,10.640,10.560,10.630,4569674
2025-04-29 14:00:00,10.630,10.630,10.580,10.590,3021783
2025-04-29 14:30:00,10.580,10.590,10.560,10.580,3178866
2025-04-29 15:00:00,10.570,10.590,10.560,10.560,4795459
2025-04-30 10:00:00,10.560,10.590,10.330,10.400,16513574
2025-04-30 10:30:00,10.400,10.420,10.350,10.410,6033319
2025-04-30 11:00:00,10.410,10.470,10.370,10.390,3540762
2025-04-30 11:30:00,10.390,10.420,10.380,10.400,2302256
2025-04-30 13:30:00,10.390,10.420,10.390,10.400,2996552
2025-04-30 14:00:00,10.400,10.400,10.360,10.380,4164900
2025-04-30 14:30:00,10.380,10.390,10.360,10.370,2557166
2025-04-30 15:00:00,10.380,10.400,10.360,10.380,6017000
2025-05-06 10:00:00,10.390,10.400,10.200,10.280,12481544
2025-05-06 10:30:00,10.290,10.320,10.220,10.310,7487914
2025-05-06 11:00:00,10.310,10.330,10.240,10.250,4611085
2025-05-06 11:30:00,10.240,10.280,10.240,10.270,2599583
2025-05-06 13:30:00,10.270,10.350,10.250,10.330,4954753
2025-05-06 14:00:00,10.320,10.380,10.320,10.320,3934446
2025-05-06 14:30:00,10.320,10.350,10.310,10.330,3127300
2025-05-06 15:00:00,10.330,10.340,10.310,10.340,5628643
2025-05-07 10:00:00,10.380,10.440,10.300,10.410,10565255
2025-05-07 10:30:00,10.420,10.460,10.400,10.450,6010159
2025-05-07 11:00:00,10.460,10.480,10.410,10.450,4631292
2025-05-07 11:30:00,10.450,10.470,10.430,10.470,3233573
2025-05-07 13:30:00,10.460,10.470,10.400,10.420,3728527
2025-05-07 14:00:00,10.420,10.430,10.390,10.390,2357066
2025-05-07 14:30:00,10.390,10.440,10.390,10.430,4209494
2025-05-07 15:00:00,10.420,10.440,10.380,10.440,6361250
2025-05-08 10:00:00,10.400,10.470,10.330,10.420,8596984
2025-05-08 10:30:00,10.420,10.430,10.350,10.400,4769200
2025-05-08 11:00:00,10.400,10.430,10.380,10.410,2967022
2025-05-08 11:30:00,10.400,10.430,10.380,10.420,3053456
2025-05-08 13:30:00,10.420,10.430,10.400,10.420,2339244
2025-05-08 14:00:00,10.430,10.500,10.420,10.490,6096220
2025-05-08 14:30:00,10.480,10.490,10.440,10.450,2975338
2025-05-08 15:00:00,10.460,10.470,10.440,10.440,4436629
2025-05-09 10:00:00,10.410,10.600,10.410,10.590,15850285
2025-05-09 10:30:00,10.600,10.620,10.560,10.610,5382697
2025-05-09 11:00:00,10.600,10.610,10.540,10.590,4157063
2025-05-09 11:30:00,10.590,10.640,10.590,10.600,4578644
2025-05-09 13:30:00,10.610,10.640,10.580,10.610,3725329
2025-05-09 14:00:00,10.620,10.630,10.610,10.620,3360567
2025-05-09 14:30:00,10.620,10.650,10.600,10.620,4913154
2025-05-09 15:00:00,10.610,10.650,10.610,10.650,6277647
2025-05-12 10:00:00,10.620,10.730,10.490,10.710,16379823
2025-05-12 10:30:00,10.710,10.760,10.660,10.680,9094126
2025-05-12 11:00:00,10.680,10.700,10.600,10.620,4545600
2025-05-12 11:30:00,10.620,10.650,10.600,10.610,1797666
2025-05-12 13:30:00,10.620,10.750,10.600,10.750,7376586
2025-05-12 14:00:00,10.750,10.790,10.690,10.710,5879183
2025-05-12 14:30:00,10.720,10.730,10.700,10.700,3032655
2025-05-12 15:00:00,10.710,10.710,10.640,10.650,5547909
2025-05-13 10:00:00,10.670,10.760,10.600,10.760,10398459
2025-05-13 10:30:00,10.760,10.900,10.740,10.890,14928359
2025-05-13 11:00:00,10.890,10.920,10.840,10.920,8947166
2025-05-13 11:30:00,10.910,11.050,10.910,10.980,14559486
2025-05-13 13:30:00,10.980,11.080,10.970,11.050,8448886
2025-05-13 14:00:00,11.050,11.080,10.990,11.020,4533640
2025-05-13 14:30:00,11.020,11.070,11.010,11.050,5873428
2025-05-13 15:00:00,11.050,11.080,11.030,11.050,8049018
2025-05-14 10:00:00,11.040,11.080,10.980,11.020,10984448
2025-05-14 10:30:00,11.020,11.150,11.020,11.140,7842399
2025-05-14 11:00:00,11.140,11.150,11.100,11.120,3050458
2025-05-14 11:30:00,11.130,11.180,11.120,11.180,3661764
2025-05-14 13:30:00,11.180,11.220,11.120,11.130,9124522
2025-05-14 14:00:00,11.130,11.150,11.040,11.110,9246254
2025-05-14 14:30:00,11.110,11.130,11.050,11.070,4368043
2025-05-14 15:00:00,11.070,11.140,11.070,11.130,5022366
2025-05-15 10:00:00,11.130,11.200,11.090,11.140,11804183
2025-05-15 10:30:00,11.140,11.150,11.070,11.110,6811096
2025-05-15 11:00:00,11.110,11.120,11.080,11.090,2277106
2025-05-15 11:30:00,11.090,11.110,11.080,11.090,2098592
2025-05-15 13:30:00,11.090,11.110,11.080,11.090,1967860
2025-05-15 14:00:00,11.090,11.090,11.050,11.070,3382525
2025-05-15 14:30:00,11.070,11.080,11.040,11.060,3476666
2025-05-15 15:00:00,11.070,11.070,11.040,11.040,6489835
2025-05-16 10:00:00,11.060,11.080,10.860,10.930,13151613
2025-05-16 10:30:00,10.940,10.960,10.880,10.890,4301700
2025-05-16 11:00:00,10.880,10.920,10.870,10.910,3786685
2025-05-16 11:30:00,10.920,10.940,10.910,10.920,1293907
2025-05-16 13:30:00,10.920,10.960,10.900,10.950,2325803
2025-05-16 14:00:00,10.950,11.010,10.950,10.970,2552809
2025-05-16 14:30:00,10.970,11.020,10.960,11.000,2931005
2025-05-16 15:00:00,11.010,11.090,11.000,11.010,11107325
2025-05-19 10:00:00,11.090,11.280,11.050,11.170,17111657
2025-05-19 10:30:00,11.180,11.270,11.160,11.200,6736766
2025-05-19 11:00:00,11.210,11.230,11.110,11.130,3603283
2025-05-19 11:30:00,11.130,11.150,11.110,11.130,2332202
2025-05-19 13:30:00,11.140,11.170,11.110,11.110,2716637
2025-05-19 14:00:00,11.110,11.120,11.050,11.050,3545066
2025-05-19 14:30:00,11.050,11.110,11.040,11.080,3953479
2025-05-19 15:00:00,11.080,11.090,11.050,11.060,5416860
2025-05-20 10:00:00,11.100,11.200,11.060,11.060,12112566
2025-05-20 10:30:00,11.070,11.100,11.010,11.020,5353551
2025-05-20 11:00:00,11.030,11.050,11.000,11.010,5744462
2025-05-20 11:30:00,11.010,11.050,10.980,11.020,3338326
2025-05-20 13:30:00,11.010,11.080,10.970,11.050,4048606
2025-05-20 14:00:00,11.060,11.080,11.040,11.050,4140212
2025-05-20 14:30:00,11.050,11.060,11.010,11.020,3662016
2025-05-20 15:00:00,11.010,11.060,11.000,11.000,7051530
2025-05-21 10:00:00,11.020,11.070,10.980,11.040,7083613
2025-05-21 10:30:00,11.050,11.080,11.030,11.070,4826810
2025-05-21 11:00:00,11.080,11.160,11.060,11.160,10533593
2025-05-21 11:30:00,11.160,11.160,11.090,11.100,3997785
2025-05-21 13:30:00,11.100,11.120,11.060,11.060,3545958
2025-05-21 14:00:00,11.070,11.070,11.030,11.030,2636200
2025-05-21 14:30:00,11.040,11.090,11.030,11.070,2260028
2025-05-21 15:00:00,11.080,11.110,11.070,11.070,5643807
2025-05-22 10:00:00,11.110,11.200,11.030,11.160,13919520
2025-05-22 10:30:00,11.160,11.300,11.130,11.300,16385992
2025-05-22 11:00:00,11.300,11.330,11.220,11.270,9283139
2025-05-22 11:30:00,11.270,11.290,11.240,11.240,5925467
2025-05-22 13:30:00,11.260,11.280,11.200,11.230,4733332
2025-05-22 14:00:00,11.230,11.250,11.200,11.230,3607268
2025-05-22 14:30:00,11.220,11.230,11.170,11.170,5589045
2025-05-22 15:00:00,11.180,11.230,11.170,11.230,10246703
2025-05-23 10:00:00,11.240,11.280,11.090,11.200,21300107
2025-05-23 10:30:00,11.200,11.240,11.100,11.130,10740600
2025-05-23 11:00:00,11.130,11.130,11.040,11.050,11981563
2025-05-23 11:30:00,11.040,11.080,11.000,11.040,13681650
2025-05-23 13:30:00,11.050,11.050,11.000,11.020,7211147
2025-05-23 14:00:00,11.020,11.020,10.990,11.000,7547116
2025-05-23 14:30:00,11.000,11.010,10.950,10.970,9431300
2025-05-23 15:00:00,10.970,10.980,10.930,10.950,9598602
2025-05-26 10:00:00,10.880,10.960,10.870,10.940,16700504
2025-05-26 10:30:00,10.940,10.950,10.850,10.850,7138759
2025-05-26 11:00:00,10.850,10.870,10.810,10.820,8952391
2025-05-26 11:30:00,10.820,10.830,10.720,10.750,12167322
2025-05-26 13:30:00,10.750,10.780,10.730,10.740,9559558
2025-05-26 14:00:00,10.750,10.760,10.700,10.710,7222601
2025-05-26 14:30:00,10.710,10.750,10.700,10.710,7892753
2025-05-26 15:00:00,10.710,10.780,10.710,10.780,7535968
2025-05-27 10:00:00,10.770,10.850,10.740,10.840,17203381
2025-05-27 10:30:00,10.840,10.870,10.810,10.810,11018798
2025-05-27 11:00:00,10.820,10.820,10.750,10.770,9447203
2025-05-27 11:30:00,10.770,10.780,10.700,10.710,10315575
2025-05-27 13:30:00,10.720,10.830,10.710,10.770,11148500
2025-05-27 14:00:00,10.790,10.800,10.740,10.750,4059166
2025-05-27 14:30:00,10.750,10.760,10.720,10.730,4303542
2025-05-27 15:00:00,10.730,10.760,10.730,10.750,5918977
2025-05-28 10:00:00,10.760,10.790,10.580,10.600,19050800
2025-05-28 10:30:00,10.600,10.620,10.500,10.530,24875936
2025-05-28 11:00:00,10.530,10.590,10.520,10.550,8013806
2025-05-28 11:30:00,10.560,10.600,10.550,10.570,6532595
2025-05-28 13:30:00,10.580,10.580,10.530,10.560,7256122
2025-05-28 14:00:00,10.550,10.570,10.520,10.530,6452273
2025-05-28 14:30:00,10.520,10.550,10.510,10.520,10105166
2025-05-28 15:00:00,10.520,10.560,10.510,10.550,8196312
2025-05-29 10:00:00,10.520,10.550,10.440,10.470,20015229
2025-05-29 10:30:00,10.470,10.550,10.460,10.530,8102513
2025-05-29 11:00:00,10.520,10.550,10.520,10.530,6101706
2025-05-29 11:30:00,10.530,10.600,10.520,10.600,6526669
2025-05-29 13:30:00,10.600,10.610,10.560,10.580,4885200
2025-05-29 14:00:00,10.570,10.620,10.570,10.590,5192183
2025-05-29 14:30:00,10.590,10.600,10.570,10.580,3591426
2025-05-29 15:00:00,10.570,10.610,10.560,10.590,7706579
2025-05-30 10:00:00,10.590,10.710,10.580,10.620,16921033
2025-05-30 10:30:00,10.620,10.640,10.580,10.620,6388756
2025-05-30 11:00:00,10.610,10.700,10.610,10.690,8872289
2025-05-30 11:30:00,10.690,10.710,10.640,10.700,8139086
2025-05-30 13:30:00,10.690,10.700,10.640,10.640,7474317
2025-05-30 14:00:00,10.640,10.680,10.620,10.650,5491500
2025-05-30 14:30:00,10.640,10.660,10.630,10.630,6043836
2025-05-30 15:00:00,10.640,10.660,10.580,10.580,18739195
2025-06-03 10:00:00,10.600,10.870,10.600,10.830,34343830
2025-06-03 10:30:00,10.830,11.000,10.810,10.970,25839616
2025-06-03 11:00:00,10.970,11.100,10.970,11.100,17565904
2025-06-03 11:30:00,11.090,11.140,11.050,11.110,13001688
2025-06-03 13:30:00,11.100,11.110,10.990,11.010,10189503
2025-06-03 14:00:00,11.000,11.030,10.990,11.010,6594938
2025-06-03 14:30:00,11.000,11.030,10.980,11.000,7063159
2025-06-03 15:00:00,10.990,11.030,10.980,11.020,8555667
2025-06-04 10:00:00,11.020,11.120,10.930,10.940,15763400
2025-06-04 10:30:00,10.950,10.980,10.880,10.900,9527800
2025-06-04 11:00:00,10.900,10.960,10.860,10.940,5123009
2025-06-04 11:30:00,10.940,10.950,10.910,10.910,3239600
2025-06-04 13:30:00,10.910,10.940,10.890,10.910,4154385
2025-06-04 14:00:00,10.920,10.930,10.880,10.880,6045800
2025-06-04 14:30:00,10.890,10.890,10.840,10.850,10086200
2025-06-04 15:00:00,10.850,10.890,10.840,10.840,9922513
2025-06-05 10:00:00,10.850,10.920,10.680,10.750,16847326
2025-06-05 10:30:00,10.750,10.760,10.670,10.670,10084109
2025-06-05 11:00:00,10.680,10.720,10.670,10.720,2849100
2025-06-05 11:30:00,10.720,10.790,10.710,10.760,3349768
2025-06-05 13:30:00,10.750,10.780,10.710,10.720,3300173
2025-06-05 14:00:00,10.720,10.730,10.670,10.720,5063600
2025-06-05 14:30:00,10.720,10.730,10.680,10.690,3617866
2025-06-05 15:00:00,10.690,10.720,10.680,10.700,5171623
2025-06-06 10:00:00,10.730,10.810,10.680,10.690,11535266
2025-06-06 10:30:00,10.690,10.730,10.640,10.670,8488223
2025-06-06 11:00:00,10.670,10.670,10.620,10.670,5042668
2025-06-06 11:30:00,10.670,10.680,10.640,10.660,2231500
2025-06-06 13:30:00,10.650,10.690,10.650,10.660,2722983
2025-06-06 14:00:00,10.650,10.680,10.650,10.670,3259500
2025-06-06 14:30:00,10.660,10.670,10.640,10.640,3123189
2025-06-06 15:00:00,10.640,10.670,10.640,10.640,7070300
2025-06-09 10:00:00,10.660,10.690,10.600,10.650,10820788
2025-06-09 10:30:00,10.630,10.650,10.550,10.570,13948592
2025-06-09 11:00:00,10.560,10.580,10.510,10.560,9572156
2025-06-09 11:30:00,10.560,10.570,10.530,10.570,4348600
2025-06-09 13:30:00,10.570,10.620,10.560,10.610,4553166
2025-06-09 14:00:00,10.610,10.640,10.600,10.630,3376200
2025-06-09 14:30:00,10.630,10.630,10.600,10.620,2611500
2025-06-09 15:00:00,10.610,10.650,10.610,10.640,5110869
2025-06-10 10:00:00,10.640,10.780,10.610,10.740,16010537
2025-06-10 10:30:00,10.740,10.770,10.710,10.710,8744680
2025-06-10 11:00:00,10.710,10.730,10.690,10.690,4579200
2025-06-10 11:30:00,10.690,10.700,10.660,10.680,4672266
2025-06-10 13:30:00,10.680,10.690,10.580,10.590,10582540
2025-06-10 14:00:00,10.590,10.650,10.580,10.620,8719174
2025-06-10 14:30:00,10.630,10.640,10.610,10.630,5186540
2025-06-10 15:00:00,10.630,10.650,10.620,10.630,6671682
2025-06-11 10:00:00,10.650,10.650,10.550,10.610,12068376
2025-06-11 10:30:00,10.600,10.640,10.560,10.570,8768966
2025-06-11 11:00:00,10.580,10.580,10.520,10.540,10826491
2025-06-11 11:30:00,10.550,10.570,10.540,10.560,4966296
2025-06-11 13:30:00,10.560,10.680,10.560,10.630,10874992
2025-06-11 14:00:00,10.630,10.670,10.630,10.650,2695800
2025-06-11 14:30:00,10.660,10.670,10.640,10.660,4052000
2025-06-11 15:00:00,10.660,10.690,10.660,10.670,9163076
2025-06-12 10:00:00,10.500,10.570,10.450,10.550,17341003
2025-06-12 10:30:00,10.550,10.570,10.500,10.530,7611083
2025-06-12 11:00:00,10.530,10.550,10.500,10.530,3666400
2025-06-12 11:30:00,10.530,10.530,10.490,10.520,3761688
2025-06-12 13:30:00,10.520,10.520,10.490,10.510,3153522
2025-06-12 14:00:00,10.520,10.560,10.510,10.560,5392915
2025-06-12 14:30:00,10.550,10.570,10.520,10.550,4228200
2025-06-12 15:00:00,10.540,10.580,10.540,10.580,9948791
2025-06-13 10:00:00,10.580,10.590,10.480,10.520,13978237
2025-06-13 10:30:00,10.510,10.530,10.440,10.450,10909535
2025-06-13 11:00:00,10.440,10.460,10.390,10.410,7784264
2025-06-13 11:30:00,10.410,10.430,10.380,10.400,6338200
2025-06-13 13:30:00,10.390,10.430,10.370,10.400,7025144
2025-06-13 14:00:00,10.400,10.410,10.370,10.390,4837414
2025-06-13 14:30:00,10.390,10.430,10.370,10.410,5616043
2025-06-13 15:00:00,10.420,10.450,10.380,10.400,10277069
2025-06-16 10:00:00,10.380,10.500,10.320,10.410,12073486
2025-06-16 10:30:00,10.410,10.440,10.380,10.410,5044500
2025-06-16 11:00:00,10.400,10.440,10.390,10.430,2896871
2025-06-16 11:30:00,10.430,10.450,10.400,10.450,4711138
2025-06-16 13:30:00,10.440,10.460,10.410,10.420,3191930
2025-06-16 14:00:00,10.420,10.440,10.410,10.420,2924012
2025-06-16 14:30:00,10.430,10.460,10.410,10.460,4191037
2025-06-16 15:00:00,10.460,10.470,10.440,10.470,5614167
2025-06-17 10:00:00,10.450,10.520,10.440,10.480,9943001
2025-06-17 10:30:00,10.480,10.510,10.450,10.460,5166900
2025-06-17 11:00:00,10.450,10.470,10.430,10.450,4308300
2025-06-17 11:30:00,10.440,10.470,10.420,10.460,2497932
2025-06-17 13:30:00,10.460,10.480,10.440,10.460,3285900
2025-06-17 14:00:00,10.450,10.470,10.440,10.450,1810066
2025-06-17 14:30:00,10.440,10.450,10.430,10.440,3539100
2025-06-17 15:00:00,10.440,10.450,10.420,10.420,7963208
2025-06-18 10:00:00,10.440,10.630,10.410,10.600,21017392
2025-06-18 10:30:00,10.610,10.660,10.550,10.590,17371116
2025-06-18 11:00:00,10.590,10.700,10.580,10.690,13909197
2025-06-18 11:30:00,10.700,10.720,10.640,10.720,7778533
2025-06-18 13:30:00,10.720,10.720,10.660,10.700,6567372
2025-06-18 14:00:00,10.710,10.720,10.690,10.700,4318600
2025-06-18 14:30:00,10.700,10.720,10.690,10.720,5075523
2025-06-18 15:00:00,10.710,10.740,10.710,10.720,9066602
2025-06-19 10:00:00,10.750,10.790,10.620,10.650,13224298
2025-06-19 10:30:00,10.660,10.750,10.640,10.740,5874283
2025-06-19 11:00:00,10.750,10.830,10.740,10.790,8175118
2025-06-19 11:30:00,10.790,10.810,10.720,10.740,4954637
2025-06-19 13:30:00,10.750,10.760,10.700,10.710,4258500
2025-06-19 14:00:00,10.720,10.810,10.710,10.800,6791552
2025-06-19 14:30:00,10.790,10.830,10.780,10.810,6269644
2025-06-19 15:00:00,10.810,10.870,10.790,10.850,12696746
2025-06-20 10:00:00,10.810,10.900,10.750,10.890,11960207
2025-06-20 10:30:00,10.890,10.940,10.850,10.880,8095999
2025-06-20 11:00:00,10.880,10.910,10.850,10.880,3773766
2025-06-20 11:30:00,10.880,10.900,10.860,10.880,3109796
2025-06-20 13:30:00,10.890,10.920,10.860,10.910,4749266
2025-06-20 14:00:00,10.900,10.950,10.900,10.940,5468855
2025-06-20 14:30:00,10.950,10.980,10.910,10.960,8200270
2025-06-20 15:00:00,10.960,10.980,10.930,10.980,12161667
2025-06-23 10:00:00,10.930,10.970,10.760,10.840,20869090
2025-06-23 10:30:00,10.840,10.940,10.790,10.930,8749597
2025-06-23 11:00:00,10.930,11.000,10.920,10.980,7626369
2025-06-23 11:30:00,10.980,11.030,10.980,10.990,6562817
2025-06-23 13:30:00,11.000,11.040,10.970,11.020,4980890
2025-06-23 14:00:00,11.030,11.040,11.000,11.040,3581407
2025-06-23 14:30:00,11.040,11.080,11.020,11.080,5516871
2025-06-23 15:00:00,11.070,11.080,11.010,11.010,8057550
2025-06-24 10:00:00,10.950,11.010,10.900,11.010,16122074
2025-06-24 10:30:00,11.010,11.010,10.780,10.790,22028529
2025-06-24 11:00:00,10.790,10.900,10.760,10.900,9182800
2025-06-24 11:30:00,10.900,10.980,10.900,10.940,6919285
2025-06-24 13:30:00,10.940,10.980,10.900,10.920,5403921
2025-06-24 14:00:00,10.930,10.930,10.880,10.880,4348486
2025-06-24 14:30:00,10.890,10.890,10.810,10.820,7379967
2025-06-24 15:00:00,10.820,10.860,10.810,10.850,11003243
2025-06-25 10:00:00,10.800,10.920,10.780,10.820,13365040
2025-06-25 10:30:00,10.820,10.830,10.760,10.820,8345575
2025-06-25 11:00:00,10.820,10.880,10.810,10.880,5272400
2025-06-25 11:30:00,10.880,10.900,10.850,10.870,4642900
2025-06-25 13:30:00,10.870,10.870,10.830,10.850,3014700
2025-06-25 14:00:00,10.850,10.860,10.830,10.850,3705100
2025-06-25 14:30:00,10.850,10.890,10.840,10.860,6025584
2025-06-25 15:00:00,10.850,10.870,10.840,10.850,7008139
2025-06-26 10:00:00,10.850,10.860,10.760,10.760,13768077
2025-06-26 10:30:00,10.760,10.800,10.720,10.780,10752835
2025-06-26 11:00:00,10.780,10.800,10.750,10.790,5174952
2025-06-26 11:30:00,10.790,10.840,10.780,10.840,4547213
2025-06-26 13:30:00,10.840,10.900,10.830,10.890,8171547
2025-06-26 14:00:00,10.890,10.950,10.890,10.940,8628470
2025-06-26 14:30:00,10.940,10.960,10.920,10.930,5168494
2025-06-26 15:00:00,10.930,10.940,10.910,10.930,5552693
2025-06-27 10:00:00,10.920,11.100,10.910,11.000,26394456
2025-06-27 10:30:00,10.990,11.050,10.940,11.000,7932035
2025-06-27 11:00:00,11.000,11.010,10.870,10.920,8068410
2025-06-27 11:30:00,10.910,10.930,10.760,10.800,11434174
2025-06-27 13:30:00,10.800,10.800,10.660,10.700,14340892
2025-06-27 14:00:00,10.700,10.730,10.630,10.660,9636882
2025-06-27 14:30:00,10.650,10.660,10.630,10.650,5150545
2025-06-27 15:00:00,10.650,10.660,10.610,10.630,8683314
2025-06-30 10:00:00,10.590,10.660,10.520,10.550,17819022
2025-06-30 10:30:00,10.560,10.570,10.520,10.550,4625970
2025-06-30 11:00:00,10.540,10.590,10.540,10.570,3642000
2025-06-30 11:30:00,10.570,10.570,10.510,10.540,5637869
2025-06-30 13:30:00,10.530,10.590,10.530,10.570,4046836
2025-06-30 14:00:00,10.570,10.620,10.570,10.600,4081100
2025-06-30 14:30:00,10.600,10.610,10.580,10.610,3724100
2025-06-30 15:00:00,10.600,10.620,10.580,10.610,8236315
2025-07-01 10:00:00,10.650,10.740,10.620,10.710,11588170
2025-07-01 10:30:00,10.720,10.740,10.670,10.670,6909968
2025-07-01 11:00:00,10.670,10.730,10.670,10.710,6468415
2025-07-01 11:30:00,10.700,10.790,10.690,10.760,8776924
2025-07-01 13:30:00,10.760,10.770,10.690,10.690,4195600
2025-07-01 14:00:00,10.700,10.740,10.690,10.740,4555919
2025-07-01 14:30:00,10.730,10.750,10.710,10.740,2666198
2025-07-01 15:00:00,10.750,10.750,10.720,10.720,4730802
2025-07-02 10:00:00,10.770,10.880,10.740,10.840,17425577
2025-07-02 10:30:00,10.840,10.930,10.840,10.910,13243233
2025-07-02 11:00:00,10.910,10.930,10.880,10.910,4320642
2025-07-02 11:30:00,10.910,10.990,10.910,10.950,9865581
2025-07-02 13:30:00,10.940,11.050,10.930,11.040,14008384
2025-07-02 14:00:00,11.040,11.100,11.030,11.060,12170598
2025-07-02 14:30:00,11.050,11.070,11.030,11.050,5344060
2025-07-02 15:00:00,11.050,11.050,11.010,11.030,9181435
2025-07-03 10:00:00,11.050,11.170,10.960,11.150,25366596
2025-07-03 10:30:00,11.140,11.150,11.000,11.070,10691376
2025-07-03 11:00:00,11.070,11.130,11.060,11.120,5041355
2025-07-03 11:30:00,11.120,11.140,11.110,11.130,3933522
2025-07-03 13:30:00,11.130,11.170,11.120,11.160,7966540
2025-07-03 14:00:00,11.160,11.170,11.120,11.140,4267132
2025-07-03 14:30:00,11.130,11.150,11.120,11.140,3230271
2025-07-03 15:00:00,11.140,11.160,11.140,11.160,7542493
2025-07-04 10:00:00,11.160,11.400,11.160,11.310,30807120
2025-07-04 10:30:00,11.310,11.380,11.300,11.320,9517171
2025-07-04 11:00:00,11.330,11.380,11.310,11.380,6379373
2025-07-04 11:30:00,11.380,11.420,11.360,11.380,11845743
2025-07-04 13:30:00,11.390,11.420,11.350,11.390,7693057
2025-07-04 14:00:00,11.400,11.420,11.380,11.380,5715778
2025-07-04 14:30:00,11.380,11.440,11.350,11.430,8016301
2025-07-04 15:00:00,11.420,11.450,11.410,11.430,11323829
2025-07-07 10:00:00,11.430,11.470,11.330,11.360,16335076
2025-07-07 10:30:00,11.360,11.370,11.250,11.300,12105869
2025-07-07 11:00:00,11.310,11.330,11.210,11.220,10050031
2025-07-07 11:30:00,11.220,11.260,11.160,11.220,8968946
2025-07-07 13:30:00,11.210,11.290,11.200,11.260,4289764
2025-07-07 14:00:00,11.250,11.300,11.250,11.300,3864841
2025-07-07 14:30:00,11.300,11.370,11.290,11.350,6650459
2025-07-07 15:00:00,11.340,11.400,11.340,11.380,7668197
2025-07-08 10:00:00,11.330,11.410,11.220,11.280,11650577
2025-07-08 10:30:00,11.280,11.340,11.250,11.300,3835799
2025-07-08 11:00:00,11.290,11.300,11.200,11.230,6610076
2025-07-08 11:30:00,11.230,11.270,11.210,11.260,5948100
2025-07-08 13:30:00,11.250,11.270,11.220,11.250,4087910
2025-07-08 14:00:00,11.250,11.260,11.220,11.240,3504400
2025-07-08 14:30:00,11.240,11.240,11.200,11.230,5322910
2025-07-08 15:00:00,11.220,11.240,11.210,11.220,12423950
2025-07-09 10:00:00,11.200,11.310,11.180,11.260,11881812
2025-07-09 10:30:00,11.270,11.310,11.250,11.290,5717308
2025-07-09 11:00:00,11.290,11.350,11.280,11.350,5974998
2025-07-09 11:30:00,11.350,11.380,11.290,11.300,5901944
2025-07-09 13:30:00,11.300,11.330,11.270,11.280,3684034
2025-07-09 14:00:00,11.280,11.280,11.260,11.270,1787037
2025-07-09 14:30:00,11.260,11.270,11.250,11.260,3999406
2025-07-09 15:00:00,11.260,11.260,11.220,11.230,8306581
2025-07-10 10:00:00,11.210,11.270,11.200,11.210,10305858
2025-07-10 10:30:00,11.200,11.270,11.190,11.250,8177417
2025-07-10 11:00:00,11.250,11.270,11.180,11.230,9885500
2025-07-10 11:30:00,11.240,11.270,11.190,11.220,9223900
2025-07-10 13:30:00,11.220,11.240,11.200,11.240,6206040
2025-07-10 14:00:00,11.240,11.260,11.220,11.220,6476000
2025-07-10 14:30:00,11.220,11.260,11.220,11.220,7667061
2025-07-10 15:00:00,11.230,11.240,11.180,11.180,18022979
2025-07-11 10:00:00,11.210,11.230,11.110,11.220,16579764
2025-07-11 10:30:00,11.220,11.260,11.150,11.190,13949439
2025-07-11 11:00:00,11.180,11.230,11.130,11.130,6982166
2025-07-11 11:30:00,11.140,11.180,11.130,11.160,5643419
2025-07-11 13:30:00,11.150,11.180,11.100,11.120,11196046
2025-07-11 14:00:00,11.120,11.120,11.010,11.030,13666234
2025-07-11 14:30:00,11.030,11.030,10.960,10.980,15895416
2025-07-11 15:00:00,10.980,10.990,10.910,10.910,17877466
2025-07-14 10:00:00,10.930,11.140,10.930,11.030,26181833
2025-07-14 10:30:00,11.020,11.140,11.020,11.120,10420069
2025-07-14 11:00:00,11.120,11.140,11.110,11.130,6160066
2025-07-14 11:30:00,11.120,11.140,11.080,11.100,4643376
2025-07-14 13:30:00,11.100,11.110,11.020,11.030,5072343
2025-07-14 14:00:00,11.030,11.070,11.000,11.000,3645869
2025-07-14 14:30:00,11.000,11.020,11.000,11.020,3176660
2025-07-14 15:00:00,11.020,11.040,11.000,11.010,9699294
2025-07-15 10:00:00,11.040,11.140,11.020,11.110,17604248
2025-07-15 10:30:00,11.100,11.130,11.030,11.040,10065366
2025-07-15 11:00:00,11.050,11.070,10.990,10.990,4754000
2025-07-15 11:30:00,11.000,11.000,10.910,10.930,6909515
2025-07-15 13:30:00,10.930,10.960,10.920,10.950,3534807
2025-07-15 14:00:00,10.940,10.970,10.930,10.930,2659500
2025-07-15 14:30:00,10.940,10.960,10.920,10.940,3867600
2025-07-15 15:00:00,10.940,10.960,10.920,10.920,7598572
2025-07-16 10:00:00,10.900,10.980,10.820,10.880,15044288
2025-07-16 10:30:00,10.890,10.890,10.780,10.830,12152724
2025-07-16 11:00:00,10.820,10.860,10.820,10.850,3012769
2025-07-16 11:30:00,10.850,10.890,10.830,10.840,3361100
2025-07-16 13:30:00,10.840,10.880,10.820,10.830,3646400
2025-07-16 14:00:00,10.840,10.850,10.810,10.850,3360171
2025-07-16 14:30:00,10.850,10.880,10.820,10.860,3044033
2025-07-16 15:00:00,10.870,10.930,10.860,10.900,7014925
2025-07-17 10:00:00,10.890,10.940,10.850,10.900,7253738
2025-07-17 10:30:00,10.880,10.920,10.870,10.880,3089200
2025-07-17 11:00:00,10.880,10.900,10.860,10.890,1958800
2025-07-17 11:30:00,10.890,10.910,10.880,10.910,1552800
2025-07-17 13:30:00,10.910,10.920,10.850,10.860,5128873
2025-07-17 14:00:00,10.850,10.870,10.840,10.860,2481548
2025-07-17 14:30:00,10.860,10.870,10.850,10.860,2388532
2025-07-17 15:00:00,10.860,10.870,10.850,10.850,5908809
2025-07-18 10:00:00,10.870,10.940,10.830,10.940,10115888
2025-07-18 10:30:00,10.930,10.990,10.920,10.960,9290807
2025-07-18 11:00:00,10.970,11.020,10.940,10.990,8837920
2025-07-18 11:30:00,10.980,10.990,10.930,10.950,3245577
2025-07-18 13:30:00,10.960,11.020,10.930,10.990,5111736
2025-07-18 14:00:00,10.980,11.040,10.980,11.000,7543900
2025-07-18 14:30:00,11.000,11.010,10.960,10.980,3501200
2025-07-18 15:00:00,10.970,11.040,10.970,11.030,11328359
2025-07-21 10:00:00,11.020,11.040,10.870,10.890,16774400
2025-07-21 10:30:00,10.890,10.910,10.850,10.880,6637801
2025-07-21 11:00:00,10.870,10.880,10.850,10.870,5285844
2025-07-21 11:30:00,10.870,10.900,10.860,10.860,3419400
2025-07-21 13:30:00,10.870,10.880,10.850,10.860,4854587
2025-07-21 14:00:00,10.860,10.870,10.850,10.870,3476300
2025-07-21 14:30:00,10.860,10.870,10.850,10.870,4381327
2025-07-21 15:00:00,10.860,10.880,10.860,10.870,8543878
2025-07-22 10:00:00,10.840,10.870,10.630,10.640,22260300
2025-07-22 10:30:00,10.640,10.730,10.630,10.690,7230462
2025-07-22 11:00:00,10.700,10.750,10.680,10.750,5456100
2025-07-22 11:30:00,10.740,10.770,10.710,10.760,4942050
2025-07-22 13:30:00,10.760,10.780,10.700,10.730,8796774
2025-07-22 14:00:00,10.740,10.740,10.690,10.700,6003917
2025-07-22 14:30:00,10.700,10.740,10.670,10.740,8122943
2025-07-22 15:00:00,10.740,10.760,10.700,10.720,8499098
2025-07-23 10:00:00,10.700,10.790,10.680,10.760,14057974
2025-07-23 10:30:00,10.760,10.780,10.720,10.760,5524863
2025-07-23 11:00:00,10.760,10.790,10.750,10.770,6231745
2025-07-23 11:30:00,10.780,10.790,10.740,10.780,6163719
2025-07-23 13:30:00,10.780,10.820,10.760,10.800,8801925
2025-07-23 14:00:00,10.790,10.800,10.720,10.730,5823866
2025-07-23 14:30:00,10.730,10.750,10.700,10.720,4493734
2025-07-23 15:00:00,10.710,10.730,10.680,10.690,8000646
2025-07-24 10:00:00,10.730,10.730,10.530,10.550,19555276
2025-07-24 10:30:00,10.550,10.560,10.480,10.500,13457086
2025-07-24 11:00:00,10.490,10.530,10.480,10.510,5325120
2025-07-24 11:30:00,10.510,10.520,10.490,10.490,6405959
2025-07-24 13:30:00,10.500,10.510,10.470,10.500,8767805
2025-07-24 14:00:00,10.490,10.530,10.460,10.460,7285075
2025-07-24 14:30:00,10.470,10.480,10.430,10.440,11585947
2025-07-24 15:00:00,10.440,10.450,10.410,10.440,15566405
2025-07-25 10:00:00,10.440,10.480,10.380,10.390,21908433
2025-07-25 10:30:00,10.400,10.440,10.380,10.400,7639287
2025-07-25 11:00:00,10.400,10.430,10.390,10.420,3996810
2025-07-25 11:30:00,10.420,10.440,10.410,10.430,2506937
2025-07-25 13:30:00,10.430,10.480,10.430,10.450,5028396
2025-07-25 14:00:00,10.450,10.460,10.420,10.440,2241120
2025-07-25 14:30:00,10.440,10.440,10.400,10.410,4842193
2025-07-25 15:00:00,10.420,10.420,10.390,10.400,5806844
2025-07-28 10:00:00,10.450,10.570,10.420,10.510,22830265
2025-07-28 10:30:00,10.510,10.590,10.490,10.580,11427214
2025-07-28 11:00:00,10.580,10.630,10.570,10.620,10629956
2025-07-28 11:30:00,10.620,10.620,10.550,10.550,4954002
2025-07-28 13:30:00,10.550,10.590,10.520,10.530,4086561
2025-07-28 14:00:00,10.530,10.530,10.490,10.510,3863047
2025-07-28 14:30:00,10.510,10.530,10.490,10.520,3168874
2025-07-28 15:00:00,10.520,10.550,10.510,10.520,5882226
2025-07-29 10:00:00,10.510,10.570,10.470,10.490,10246500
2025-07-29 10:30:00,10.500,10.530,10.480,10.490,4350338
2025-07-29 11:00:00,10.490,10.490,10.420,10.440,5969800
2025-07-29 11:30:00,10.430,10.450,10.390,10.390,6413100
2025-07-29 13:30:00,10.400,10.430,10.390,10.410,4452794
2025-07-29 14:00:00,10.400,10.420,10.380,10.380,5399452
2025-07-29 14:30:00,10.380,10.400,10.300,10.350,12554646
2025-07-29 15:00:00,10.340,10.350,10.310,10.320,10771135
2025-07-30 10:00:00,10.360,10.390,10.300,10.380,13134917
2025-07-30 10:30:00,10.380,10.420,10.330,10.370,16741000
2025-07-30 11:00:00,10.370,10.400,10.350,10.360,4582969
2025-07-30 11:30:00,10.370,10.390,10.350,10.390,2851233
2025-07-30 13:30:00,10.380,10.430,10.380,10.410,5152556
2025-07-30 14:00:00,10.410,10.420,10.360,10.380,3886011
2025-07-30 14:30:00,10.370,10.370,10.320,10.370,6852797
2025-07-30 15:00:00,10.370,10.380,10.350,10.360,3704926
2025-07-31 10:00:00,10.360,10.400,10.200,10.210,17741111
2025-07-31 10:30:00,10.210,10.220,10.160,10.190,12140440
2025-07-31 11:00:00,10.200,10.230,10.180,10.210,5247594
2025-07-31 11:30:00,10.200,10.220,10.160,10.180,5305139
2025-07-31 13:30:00,10.180,10.210,10.150,10.160,8073925
2025-07-31 14:00:00,10.160,10.240,10.150,10.210,7003973
2025-07-31 14:30:00,10.210,10.240,10.200,10.210,7535213
2025-07-31 15:00:00,10.200,10.230,10.170,10.230,9512119
2025-08-01 10:00:00,10.220,10.340,10.130,10.160,15518400
2025-08-01 10:30:00,10.160,10.250,10.150,10.240,5624970
2025-08-01 11:00:00,10.250,10.320,10.240,10.310,6007610
2025-08-01 11:30:00,10.310,10.330,10.280,10.280,5032790
2025-08-01 13:30:00,10.280,10.290,10.190,10.220,6436452
2025-08-01 14:00:00,10.220,10.240,10.190,10.200,2780549
2025-08-01 14:30:00,10.200,10.230,10.180,10.220,3289061
2025-08-01 15:00:00,10.220,10.280,10.210,10.270,5078474
2025-08-04 10:00:00,10.210,10.360,10.210,10.340,15838659
2025-08-04 10:30:00,10.330,10.350,10.270,10.280,7334700
2025-08-04 11:00:00,10.290,10.290,10.230,10.250,4622800
2025-08-04 11:30:00,10.250,10.280,10.240,10.260,2188654
2025-08-04 13:30:00,10.260,10.270,10.230,10.240,4855429
2025-08-04 14:00:00,10.240,10.270,10.240,10.250,3791174
2025-08-04 14:30:00,10.260,10.280,10.250,10.270,2627350
2025-08-04 15:00:00,10.270,10.290,10.260,10.280,4825406
2025-08-05 10:00:00,10.290,10.370,10.240,10.360,14718926
2025-08-05 10:30:00,10.360,10.390,10.330,10.380,10266193
2025-08-05 11:00:00,10.380,10.390,10.360,10.390,4771300
2025-08-05 11:30:00,10.380,10.420,10.380,10.410,5074186
2025-08-05 13:30:00,10.410,10.480,10.410,10.440,7791682
2025-08-05 14:00:00,10.440,10.460,10.420,10.430,3558877
2025-08-05 14:30:00,10.440,10.480,10.420,10.470,4728332
2025-08-05 15:00:00,10.470,10.500,10.460,10.490,11598163
2025-08-06 10:00:00,10.490,10.630,10.490,10.530,21148320
2025-08-06 10:30:00,10.530,10.570,10.480,10.560,7273472
2025-08-06 11:00:00,10.560,10.590,10.500,10.520,3972766
2025-08-06 11:30:00,10.530,10.540,10.490,10.510,4300882
2025-08-06 13:30:00,10.520,10.540,10.500,10.520,3009230
2025-08-06 14:00:00,10.530,10.530,10.510,10.530,2193766
2025-08-06 14:30:00,10.520,10.530,10.500,10.510,2782530
2025-08-06 15:00:00,10.510,10.520,10.490,10.500,4363630
2025-08-07 10:00:00,10.500,10.540,10.420,10.480,8503198
2025-08-07 10:30:00,10.480,10.550,10.470,10.500,5515430
2025-08-07 11:00:00,10.510,10.540,10.490,10.520,3164100
2025-08-07 11:30:00,10.520,10.530,10.490,10.500,2070400
2025-08-07 13:30:00,10.500,10.530,10.490,10.520,3490139
2025-08-07 14:00:00,10.530,10.530,10.480,10.480,2321783
2025-08-07 14:30:00,10.480,10.500,10.470,10.470,3494876
2025-08-07 15:00:00,10.480,10.500,10.460,10.470,6007749
2025-08-08 10:00:00,10.500,10.560,10.460,10.480,7041787
2025-08-08 10:30:00,10.470,10.540,10.470,10.480,3761315
2025-08-08 11:00:00,10.480,10.490,10.450,10.460,4223932
2025-08-08 11:30:00,10.460,10.480,10.450,10.460,1707518
2025-08-08 13:30:00,10.470,10.470,10.440,10.440,3453528
2025-08-08 14:00:00,10.450,10.480,10.440,10.460,2700800
2025-08-08 14:30:00,10.460,10.480,10.450,10.460,1577589
2025-08-08 15:00:00,10.460,10.490,10.460,10.460,3850769
2025-08-11 10:00:00,10.450,10.480,10.330,10.390,11410839
2025-08-11 10:30:00,10.390,10.400,10.330,10.370,5119070
2025-08-11 11:00:00,10.370,10.420,10.360,10.420,2963410
2025-08-11 11:30:00,10.410,10.430,10.400,10.420,1997282
2025-08-11 13:30:00,10.430,10.430,10.370,10.380,2994002
2025-08-11 14:00:00,10.380,10.390,10.360,10.370,2485102
2025-08-11 14:30:00,10.370,10.380,10.340,10.360,4673233
2025-08-11 15:00:00,10.360,10.360,10.330,10.330,6670027
2025-08-12 10:00:00,10.330,10.430,10.330,10.420,9963120
2025-08-12 10:30:00,10.420,10.450,10.400,10.400,5519877
2025-08-12 11:00:00,10.400,10.420,10.360,10.370,3360155
2025-08-12 11:30:00,10.370,10.420,10.360,10.370,2816500
2025-08-12 13:30:00,10.380,10.400,10.340,10.350,3844897
2025-08-12 14:00:00,10.350,10.360,10.330,10.350,4055648
2025-08-12 14:30:00,10.340,10.350,10.300,10.320,5525937
2025-08-12 15:00:00,10.310,10.320,10.300,10.310,5176930
2025-08-13 10:00:00,10.350,10.360,10.270,10.300,10666664
2025-08-13 10:30:00,10.300,10.300,10.250,10.270,5448533
2025-08-13 11:00:00,10.270,10.280,10.250,10.250,4234900
2025-08-13 11:30:00,10.260,10.280,10.240,10.260,3614427
2025-08-13 13:30:00,10.260,10.270,10.210,10.230,7366048
2025-08-13 14:00:00,10.220,10.230,10.190,10.210,7946749
2025-08-13 14:30:00,10.210,10.220,10.180,10.190,7890332
2025-08-13 15:00:00,10.200,10.210,10.180,10.190,7189831
2025-08-14 10:00:00,10.190,10.240,10.150,10.190,9442477
2025-08-14 10:30:00,10.200,10.200,10.150,10.170,6894401
2025-08-14 11:00:00,10.160,10.200,10.150,10.200,5606663
2025-08-14 11:30:00,10.200,10.220,10.180,10.180,3445268
2025-08-14 13:30:00,10.200,10.200,10.150,10.160,4460764
2025-08-14 14:00:00,10.160,10.190,10.150,10.160,4107700
2025-08-14 14:30:00,10.170,10.180,10.150,10.160,3556115
2025-08-14 15:00:00,10.160,10.180,10.150,10.150,4749125
2025-08-15 10:00:00,10.160,10.180,9.920,9.940,27059834
2025-08-15 10:30:00,9.950,9.970,9.900,9.910,12684132
2025-08-15 11:00:00,9.910,9.940,9.870,9.900,10675606
2025-08-15 11:30:00,9.900,9.930,9.880,9.920,6916108
2025-08-15 13:30:00,9.910,9.930,9.890,9.920,9326814
2025-08-15 14:00:00,9.920,9.930,9.890,9.920,6231083
2025-08-15 14:30:00,9.920,9.980,9.910,9.970,5993591
2025-08-15 15:00:00,9.970,10.010,9.960,9.990,7958666
2025-08-18 10:00:00,9.990,10.020,9.930,9.950,12023448
2025-08-18 10:30:00,9.950,9.970,9.900,9.960,8957522
2025-08-18 11:00:00,9.960,9.990,9.940,9.970,3605503
2025-08-18 11:30:00,9.970,10.000,9.960,9.990,4388923
2025-08-18 13:30:00,9.990,10.020,9.970,9.990,5881971
2025-08-18 14:00:00,10.000,10.000,9.950,9.950,3853022
2025-08-18 14:30:00,9.950,9.980,9.940,9.960,2479690
2025-08-18 15:00:00,9.970,9.990,9.960,9.970,5286136
2025-08-19 10:00:00,9.970,9.980,9.910,9.950,9951305
2025-08-19 10:30:00,9.950,10.020,9.940,10.000,9268140
2025-08-19 11:00:00,10.010,10.020,9.990,10.000,2520832
2025-08-19 11:30:00,10.000,10.000,9.960,9.960,2538587
2025-08-19 13:30:00,9.970,10.000,9.960,9.980,3455601
2025-08-19 14:00:00,9.980,9.980,9.960,9.970,2542495
2025-08-19 14:30:00,9.970,9.970,9.940,9.950,3673200
2025-08-19 15:00:00,9.950,9.980,9.940,9.970,5526471
2025-08-20 10:00:00,9.970,10.030,9.920,10.010,13869413
2025-08-20 10:30:00,10.010,10.090,10.010,10.030,8893097
2025-08-20 11:00:00,10.040,10.050,10.000,10.030,3861304
2025-08-20 11:30:00,10.040,10.040,10.000,10.010,3065326
2025-08-20 13:30:00,10.010,10.040,10.000,10.020,2639412
2025-08-20 14:00:00,10.020,10.020,9.980,9.990,3714137
2025-08-20 14:30:00,9.980,10.000,9.970,9.980,3655661
2025-08-20 15:00:00,9.980,10.010,9.970,9.980,6449475
2025-08-21 10:00:00,9.980,9.990,9.920,9.970,13467158
2025-08-21 10:30:00,9.970,10.010,9.960,10.000,5537200
2025-08-21 11:00:00,10.000,10.010,9.960,9.970,4697546
2025-08-21 11:30:00,9.970,9.990,9.950,9.980,4254969
2025-08-21 13:30:00,9.990,10.000,9.970,9.990,4001693
2025-08-21 14:00:00,10.000,10.010,9.980,10.000,3162691
2025-08-21 14:30:00,9.990,10.010,9.990,9.990,4923379
2025-08-21 15:00:00,9.990,10.000,9.980,9.990,5625209
2025-08-22 10:00:00,9.990,10.000,9.880,9.890,22821817
2025-08-22 10:30:00,9.890,9.910,9.860,9.870,7874813
2025-08-22 11:00:00,9.870,9.880,9.850,9.870,5156966
2025-08-22 11:30:00,9.870,9.890,9.860,9.870,3001378
2025-08-22 13:30:00,9.880,9.910,9.840,9.880,9118358
2025-08-22 14:00:00,9.880,9.900,9.860,9.900,4526029
2025-08-22 14:30:00,9.900,9.910,9.880,9.910,5195878
2025-08-22 15:00:00,9.910,9.920,9.900,9.910,5826239
2025-08-25 10:00:00,9.880,9.930,9.810,9.880,19681464
2025-08-25 10:30:00,9.880,9.920,9.870,9.900,6971672
2025-08-25 11:00:00,9.910,9.910,9.890,9.910,4797530
2025-08-25 11:30:00,9.910,9.930,9.890,9.920,9688568
2025-08-25 13:30:00,9.930,9.980,9.910,9.940,8350598
2025-08-25 14:00:00,9.940,9.950,9.920,9.930,1746442
2025-08-25 14:30:00,9.930,9.950,9.920,9.930,4647458
2025-08-25 15:00:00,9.930,9.950,9.910,9.950,5576758
2025-08-26 10:00:00,9.950,9.970,9.890,9.890,10716766
2025-08-26 10:30:00,9.900,9.900,9.870,9.870,5974236
2025-08-26 11:00:00,9.870,9.880,9.850,9.860,7830366
2025-08-26 11:30:00,9.860,9.870,9.840,9.860,5862557
2025-08-26 13:30:00,9.870,9.870,9.810,9.810,13374435
2025-08-26 14:00:00,9.810,9.830,9.800,9.800,10001666
2025-08-26 14:30:00,9.810,9.820,9.790,9.800,11139815
2025-08-26 15:00:00,9.800,9.810,9.780,9.780,12910767
2025-08-27 10:00:00,9.770,9.790,9.720,9.730,16991383
2025-08-27 10:30:00,9.730,9.740,9.710,9.710,9142899
2025-08-27 11:00:00,9.710,9.730,9.680,9.690,10261139
2025-08-27 11:30:00,9.690,9.720,9.670,9.700,8776117
2025-08-27 13:30:00,9.710,9.730,9.610,9.620,15430916
2025-08-27 14:00:00,9.620,9.640,9.580,9.590,15786431
2025-08-27 14:30:00,9.580,9.650,9.580,9.610,7244472
2025-08-27 15:00:00,9.610,9.620,9.580,9.600,11324906
2025-08-28 10:00:00,9.590,9.620,9.540,9.570,13705694
2025-08-28 10:30:00,9.570,9.610,9.560,9.590,6210510
2025-08-28 11:00:00,9.590,9.680,9.590,9.680,10106122
2025-08-28 11:30:00,9.680,9.720,9.660,9.680,11900340
2025-08-28 13:30:00,9.680,9.690,9.640,9.650,5056500
2025-08-28 14:00:00,9.650,9.680,9.610,9.670,6253244
2025-08-28 14:30:00,9.660,9.690,9.640,9.660,3691946
2025-08-28 15:00:00,9.670,9.690,9.640,9.640,8376391
2025-08-29 10:00:00,9.720,9.910,9.710,9.910,47253235
2025-08-29 10:30:00,9.910,9.930,9.770,9.790,20680267
2025-08-29 11:00:00,9.790,9.790,9.620,9.630,27863129
2025-08-29 11:30:00,9.630,9.680,9.560,9.650,16944757
2025-08-29 13:30:00,9.640,9.690,9.640,9.660,4196282
2025-08-29 14:00:00,9.660,9.680,9.620,9.630,5537650
2025-08-29 14:30:00,9.630,9.650,9.540,9.560,24142345
2025-08-29 15:00:00,9.550,9.580,9.520,9.540,22577815
2025-09-01 10:00:00,9.590,9.680,9.530,9.660,33278991
2025-09-01 10:30:00,9.660,9.690,9.540,9.570,23894113
2025-09-01 11:00:00,9.570,9.620,9.530,9.560,14569845
2025-09-01 11:30:00,9.550,9.560,9.440,9.450,33523993
2025-09-01 13:30:00,9.460,9.520,9.440,9.480,9156196
2025-09-01 14:00:00,9.480,9.500,9.460,9.500,7749653
2025-09-01 14:30:00,9.490,9.540,9.480,9.510,10150556
2025-09-01 15:00:00,9.510,9.510,9.470,9.480,16038915
2025-09-02 10:00:00,9.480,9.580,9.450,9.560,19220971
2025-09-02 10:30:00,9.550,9.590,9.530,9.570,12352147
2025-09-02 11:00:00,9.570,9.620,9.550,9.560,17580080
2025-09-02 11:30:00,9.560,9.660,9.540,9.640,13764375
2025-09-02 13:30:00,9.640,9.670,9.600,9.620,11976816
2025-09-02 14:00:00,9.620,9.630,9.590,9.620,4886566
2025-09-02 14:30:00,9.620,9.650,9.610,9.640,4684683
2025-09-02 15:00:00,9.640,9.640,9.610,9.640,8430062
2025-09-03 10:00:00,9.640,9.670,9.570,9.570,19345857
2025-09-03 10:30:00,9.580,9.590,9.530,9.550,11557600
2025-09-03 11:00:00,9.540,9.590,9.520,9.520,9643394
2025-09-03 11:30:00,9.530,9.580,9.500,9.560,6832203
2025-09-03 13:30:00,9.560,9.560,9.530,9.540,3112438
2025-09-03 14:00:00,9.550,9.550,9.520,9.520,3761748
2025-09-03 14:30:00,9.530,9.540,9.500,9.520,5666414
2025-09-03 15:00:00,9.520,9.540,9.490,9.540,10654239
2025-09-04 10:00:00,9.520,9.520,9.310,9.380,33483035
2025-09-04 10:30:00,9.380,9.440,9.360,9.440,8758010
2025-09-04 11:00:00,9.440,9.450,9.370,9.370,5730000
2025-09-04 11:30:00,9.370,9.420,9.370,9.390,3732067
2025-09-04 13:30:00,9.390,9.490,9.380,9.470,8800469
2025-09-04 14:00:00,9.480,9.500,9.460,9.500,6065866
2025-09-04 14:30:00,9.490,9.500,9.440,9.450,6687300
2025-09-04 15:00:00,9.460,9.530,9.450,9.500,11055157
2025-09-05 10:00:00,9.480,9.490,9.320,9.380,28737829
2025-09-05 10:30:00,9.370,9.410,9.350,9.390,8757854
2025-09-05 11:00:00,9.390,9.410,9.380,9.410,6111030
2025-09-05 11:30:00,9.400,9.430,9.390,9.390,4611600
2025-09-05 13:30:00,9.400,9.400,9.360,9.380,6156818
2025-09-05 14:00:00,9.380,9.380,9.350,9.370,5973721
2025-09-05 14:30:00,9.370,9.390,9.360,9.380,6956166
2025-09-05 15:00:00,9.390,9.400,9.370,9.400,12231223
2025-09-08 10:00:00,9.370,9.430,9.360,9.370,15024056
2025-09-08 10:30:00,9.370,9.390,9.350,9.390,9228765
2025-09-08 11:00:00,9.390,9.410,9.360,9.360,7722775
2025-09-08 11:30:00,9.360,9.400,9.350,9.360,5478346
2025-09-08 13:30:00,9.360,9.380,9.350,9.360,5409800
2025-09-08 14:00:00,9.350,9.370,9.350,9.350,3716875
2025-09-08 14:30:00,9.360,9.370,9.350,9.360,4551882
2025-09-08 15:00:00,9.350,9.370,9.340,9.340,10257943
2025-09-09 10:00:00,9.340,9.380,9.330,9.330,11712750
2025-09-09 10:30:00,9.330,9.350,9.320,9.340,7316800
2025-09-09 11:00:00,9.350,9.370,9.330,9.350,4366500
2025-09-09 11:30:00,9.340,9.360,9.340,9.350,1563747
2025-09-09 13:30:00,9.360,9.370,9.340,9.340,5266524
2025-09-09 14:00:00,9.340,9.360,9.330,9.350,5482891
2025-09-09 14:30:00,9.350,9.390,9.340,9.390,10580974
2025-09-09 15:00:00,9.390,9.400,9.370,9.400,7596645
2025-09-10 10:00:00,9.390,9.400,9.350,9.370,9972791
2025-09-10 10:30:00,9.360,9.420,9.360,9.410,8819102
2025-09-10 11:00:00,9.400,9.490,9.400,9.460,16384363
2025-09-10 11:30:00,9.460,9.480,9.440,9.460,4928893
2025-09-10 13:30:00,9.450,9.460,9.420,9.430,4203347
2025-09-10 14:00:00,9.440,9.460,9.430,9.460,3259578
2025-09-10 14:30:00,9.450,9.460,9.390,9.400,16301358
2025-09-10 15:00:00,9.400,9.410,9.380,9.400,7277261
2025-09-11 10:00:00,9.400,9.450,9.370,9.380,12432961
2025-09-11 10:30:00,9.370,9.380,9.320,9.340,15757288
2025-09-11 11:00:00,9.340,9.350,9.320,9.330,8688774
2025-09-11 11:30:00,9.340,9.360,9.320,9.340,8259782
2025-09-11 13:30:00,9.340,9.350,9.320,9.350,9160075
2025-09-11 14:00:00,9.350,9.380,9.340,9.350,4581277
2025-09-11 14:30:00,9.360,9.390,9.350,9.390,4733324
2025-09-11 15:00:00,9.390,9.430,9.380,9.420,12609944
2025-09-12 10:00:00,9.410,9.430,9.370,9.370,14965186
2025-09-12 10:30:00,9.380,9.400,9.360,9.400,4284512
2025-09-12 11:00:00,9.400,9.430,9.390,9.410,5470994
2025-09-12 11:30:00,9.410,9.420,9.380,9.380,4112406
2025-09-12 13:30:00,9.390,9.400,9.320,9.330,26389419
2025-09-12 14:00:00,9.330,9.340,9.290,9.300,25686798
2025-09-12 14:30:00,9.290,9.310,9.280,9.310,5937969
2025-09-12 15:00:00,9.300,9.320,9.300,9.310,4927203
2025-09-15 10:00:00,9.300,9.300,9.210,9.240,17539903
2025-09-15 10:30:00,9.240,9.300,9.240,9.300,8247305
2025-09-15 11:00:00,9.290,9.310,9.270,9.290,5192306
2025-09-15 11:30:00,9.280,9.310,9.280,9.300,3868353
2025-09-15 13:30:00,9.290,9.310,9.240,9.240,5834485
2025-09-15 14:00:00,9.250,9.280,9.230,9.260,5697050
2025-09-15 14:30:00,9.260,9.270,9.240,9.260,3373500
2025-09-15 15:00:00,9.260,9.270,9.250,9.270,4471139
2025-09-16 10:00:00,9.270,9.290,9.210,9.240,14625785
2025-09-16 10:30:00,9.240,9.250,9.220,9.250,4479120
2025-09-16 11:00:00,9.250,9.300,9.240,9.290,10130994
2025-09-16 11:30:00,9.290,9.310,9.270,9.290,5071740
2025-09-16 13:30:00,9.290,9.310,9.260,9.270,4919340
2025-09-16 14:00:00,9.270,9.270,9.250,9.270,3312000
2025-09-16 14:30:00,9.260,9.270,9.240,9.250,5103739
2025-09-16 15:00:00,9.250,9.270,9.240,9.250,6798472
2025-09-17 10:00:00,9.240,9.270,9.230,9.250,13682712
2025-09-17 10:30:00,9.250,9.310,9.240,9.300,10731344
2025-09-17 11:00:00,9.300,9.310,9.260,9.270,8260200
2025-09-17 11:30:00,9.270,9.270,9.250,9.260,4083014
2025-09-17 13:30:00,9.270,9.270,9.240,9.250,3999900
2025-09-17 14:00:00,9.260,9.260,9.240,9.260,2606800
2025-09-17 14:30:00,9.260,9.270,9.250,9.250,4163800
2025-09-17 15:00:00,9.260,9.280,9.250,9.250,5131188
2025-09-18 10:00:00,9.260,9.270,9.230,9.240,12784000
2025-09-18 10:30:00,9.240,9.250,9.200,9.200,12141470
2025-09-18 11:00:00,9.200,9.210,9.160,9.160,11978507
2025-09-18 11:30:00,9.170,9.180,9.150,9.160,6553494
2025-09-18 13:30:00,9.160,9.170,9.140,9.140,8179931
2025-09-18 14:00:00,9.140,9.150,9.100,9.110,9604632
2025-09-18 14:30:00,9.100,9.110,9.060,9.060,11487255
2025-09-18 15:00:00,9.070,9.080,9.050,9.070,8903656
2025-09-19 10:00:00,9.050,9.060,8.940,9.020,17657161
2025-09-19 10:30:00,9.030,9.030,8.980,8.990,7424175
2025-09-19 11:00:00,8.980,9.030,8.970,9.000,7965060
2025-09-19 11:30:00,9.010,9.070,9.000,9.070,9182766
2025-09-19 13:30:00,9.070,9.080,9.030,9.040,5941200
2025-09-19 14:00:00,9.050,9.060,9.030,9.030,3361742
2025-09-19 14:30:00,9.030,9.060,9.030,9.060,3066300
2025-09-19 15:00:00,9.050,9.070,9.030,9.030,8312160
2025-09-22 10:00:00,9.030,9.100,9.000,9.010,13816181
2025-09-22 10:30:00,9.020,9.050,9.000,9.040,5583821
2025-09-22 11:00:00,9.040,9.050,8.970,8.980,6789196
2025-09-22 11:30:00,8.980,9.020,8.980,9.010,3704072
2025-09-22 13:30:00,9.010,9.050,9.000,9.010,4642166
2025-09-22 14:00:00,9.010,9.010,8.970,8.980,4426857
2025-09-22 14:30:00,8.990,8.990,8.970,8.980,3924288
2025-09-22 15:00:00,8.980,8.990,8.960,8.980,6017172
2025-09-23 10:00:00,8.960,9.110,8.890,9.070,32845022
2025-09-23 10:30:00,9.070,9.110,9.060,9.090,17518395
2025-09-23 11:00:00,9.090,9.150,9.040,9.140,20502158
2025-09-23 11:30:00,9.140,9.150,9.060,9.090,10160996
2025-09-23 13:30:00,9.090,9.100,9.050,9.070,5900988
2025-09-23 14:00:00,9.070,9.100,9.060,9.090,4295477
2025-09-23 14:30:00,9.100,9.120,9.080,9.080,5344345
2025-09-23 15:00:00,9.090,9.090,9.070,9.070,5624772
2025-09-24 10:00:00,9.060,9.170,9.030,9.150,22207394
2025-09-24 10:30:00,9.160,9.170,9.070,9.080,13621800
2025-09-24 11:00:00,9.080,9.080,9.050,9.060,5995229
2025-09-24 11:30:00,9.060,9.070,9.050,9.050,3983400
2025-09-24 13:30:00,9.060,9.080,9.050,9.060,3830838
2025-09-24 14:00:00,9.070,9.100,9.060,9.090,3654600
2025-09-24 14:30:00,9.090,9.100,9.070,9.090,2809900
2025-09-24 15:00:00,9.080,9.090,9.070,9.080,4146633
2025-09-25 10:00:00,9.060,9.080,8.950,9.010,22136880
2025-09-25 10:30:00,9.010,9.030,8.970,8.970,6926637
2025-09-25 11:00:00,8.970,8.990,8.940,8.970,9193292
2025-09-25 11:30:00,8.960,8.990,8.950,8.950,3885152
2025-09-25 13:30:00,8.960,8.960,8.920,8.930,7843511
2025-09-25 14:00:00,8.940,8.970,8.920,8.960,3527655
2025-09-25 14:30:00,8.950,8.970,8.950,8.960,4121620
2025-09-25 15:00:00,8.950,8.980,8.950,8.950,5538694
2025-09-26 10:00:00,8.970,8.980,8.880,8.920,17640430
2025-09-26 10:30:00,8.910,8.960,8.910,8.950,4009066
2025-09-26 11:00:00,8.950,8.970,8.950,8.950,2580192
2025-09-26 11:30:00,8.960,9.000,8.950,8.990,5145885
2025-09-26 13:30:00,9.000,9.010,8.980,9.000,5147783
2025-09-26 14:00:00,9.000,9.040,8.990,9.040,7803244
2025-09-26 14:30:00,9.040,9.050,9.030,9.040,3736400
2025-09-26 15:00:00,9.040,9.050,9.030,9.040,5984656
2025-09-29 10:00:00,9.040,9.060,8.970,9.030,13904753
2025-09-29 10:30:00,9.040,9.070,8.950,8.950,9656600
2025-09-29 11:00:00,8.950,8.980,8.940,8.970,7116026
2025-09-29 11:30:00,8.970,9.020,8.970,8.990,3609408
2025-09-29 13:30:00,8.990,9.010,8.980,9.000,3189971
2025-09-29 14:00:00,9.010,9.100,9.000,9.090,11144694
2025-09-29 14:30:00,9.090,9.100,9.010,9.020,7611000
2025-09-29 15:00:00,9.020,9.040,9.010,9.010,5990615
2025-09-30 10:00:00,9.020,9.020,8.950,8.980,12343014
2025-09-30 10:30:00,8.980,8.990,8.960,8.970,5224520
2025-09-30 11:00:00,8.970,9.000,8.950,8.970,3818425
2025-09-30 11:30:00,8.980,8.980,8.960,8.970,2685545
2025-09-30 13:30:00,8.970,8.990,8.960,8.980,2905565
2025-09-30 14:00:00,8.990,9.000,8.970,8.980,2894383
2025-09-30 14:30:00,8.990,8.990,8.960,8.960,3508718
2025-09-30 15:00:00,8.960,8.980,8.950,8.960,8251526
2025-10-09 10:00:00,8.940,8.940,8.860,8.940,17868124
2025-10-09 10:30:00,8.940,8.970,8.930,8.940,7299888
2025-10-09 11:00:00,8.930,8.970,8.920,8.940,6574922
2025-10-09 11:30:00,8.940,8.950,8.910,8.940,8428026
2025-10-09 13:30:00,8.940,8.940,8.920,8.930,3355300
2025-10-09 14:00:00,8.930,8.940,8.910,8.920,7013449
2025-10-09 14:30:00,8.930,8.960,8.900,8.950,6280351
2025-10-09 15:00:00,8.950,8.970,8.940,8.960,5998428
2025-10-10 10:00:00,8.960,9.180,8.960,9.110,40737233
2025-10-10 10:30:00,9.110,9.230,9.090,9.140,32358507
2025-10-10 11:00:00,9.140,9.180,9.130,9.180,6344129
2025-10-10 11:30:00,9.180,9.190,9.150,9.160,4774500
2025-10-10 13:30:00,9.160,9.200,9.150,9.180,9566732
2025-10-10 14:00:00,9.180,9.210,9.180,9.180,10194442
2025-10-10 14:30:00,9.180,9.200,9.170,9.180,6166543
2025-10-10 15:00:00,9.190,9.210,9.160,9.190,10894066
2025-10-13 10:00:00,9.180,9.250,9.130,9.200,40048683
2025-10-13 10:30:00,9.200,9.280,9.190,9.270,17037793
2025-10-13 11:00:00,9.270,9.370,9.250,9.350,28013195
2025-10-13 11:30:00,9.350,9.440,9.340,9.370,21782050
2025-10-13 13:30:00,9.370,9.420,9.340,9.410,15162213
2025-10-13 14:00:00,9.410,9.480,9.400,9.420,22922547
2025-10-13 14:30:00,9.410,9.470,9.400,9.460,18546384
2025-10-13 15:00:00,9.460,9.480,9.450,9.450,19459674
2025-10-14 10:00:00,9.380,9.440,9.310,9.420,29964872
2025-10-14 10:30:00,9.420,9.500,9.410,9.480,19090090
2025-10-14 11:00:00,9.480,9.590,9.480,9.570,24959098
2025-10-14 11:30:00,9.570,9.600,9.570,9.580,13657878
2025-10-14 13:30:00,9.590,9.610,9.550,9.580,18079454
2025-10-14 14:00:00,9.590,9.620,9.570,9.600,11984416
2025-10-14 14:30:00,9.610,9.610,9.570,9.580,12669663
2025-10-14 15:00:00,9.590,9.610,9.570,9.600,13380698
2025-10-15 10:00:00,9.580,9.710,9.520,9.620,39058234
2025-10-15 10:30:00,9.630,9.670,9.610,9.630,13232019
2025-10-15 11:00:00,9.640,9.680,9.620,9.650,7838849
2025-10-15 11:30:00,9.660,9.680,9.620,9.640,4913400
2025-10-15 13:30:00,9.630,9.680,9.620,9.660,11488238
2025-10-15 14:00:00,9.670,9.670,9.640,9.670,8561129
2025-10-15 14:30:00,9.670,9.710,9.660,9.710,12098266
2025-10-15 15:00:00,9.710,9.730,9.700,9.700,14987644
2025-10-16 10:00:00,9.460,9.570,9.420,9.500,36130642
2025-10-16 10:30:00,9.510,9.510,9.440,9.470,15264225
2025-10-16 11:00:00,9.470,9.530,9.460,9.490,7303871
2025-10-16 11:30:00,9.500,9.530,9.480,9.490,5564011
2025-10-16 13:30:00,9.490,9.520,9.470,9.500,6082419
2025-10-16 14:00:00,9.500,9.550,9.500,9.530,7714639
2025-10-16 14:30:00,9.530,9.590,9.530,9.570,13121542
2025-10-16 15:00:00,9.570,9.590,9.540,9.590,10718000
2025-10-17 10:00:00,9.560,9.660,9.520,9.580,20670134
2025-10-17 10:30:00,9.580,9.590,9.500,9.530,14103436
2025-10-17 11:00:00,9.540,9.590,9.520,9.590,5366336
2025-10-17 11:30:00,9.590,9.620,9.580,9.580,6056200
2025-10-17 13:30:00,9.580,9.590,9.500,9.500,6803764
2025-10-17 14:00:00,9.510,9.550,9.490,9.500,6905400
2025-10-17 14:30:00,9.510,9.530,9.470,9.470,7416000
2025-10-17 15:00:00,9.480,9.500,9.450,9.490,9568159
2025-10-20 10:00:00,9.460,9.470,9.310,9.400,21755926
2025-10-20 10:30:00,9.390,9.510,9.330,9.500,16293541
2025-10-20 11:00:00,9.500,9.530,9.470,9.520,8231171
2025-10-20 11:30:00,9.520,9.570,9.510,9.530,6541700
2025-10-20 13:30:00,9.540,9.600,9.520,9.590,8230946
2025-10-20 14:00:00,9.590,9.630,9.570,9.600,13629000
2025-10-20 14:30:00,9.600,9.640,9.600,9.610,10482366
2025-10-20 15:00:00,9.610,9.630,9.600,9.620,8592327
2025-10-21 10:00:00,9.600,9.640,9.540,9.590,11956430
2025-10-21 10:30:00,9.590,9.610,9.530,9.530,7833248
2025-10-21 11:00:00,9.530,9.550,9.510,9.540,7711552
2025-10-21 11:30:00,9.530,9.570,9.520,9.550,4461800
2025-10-21 13:30:00,9.540,9.550,9.510,9.520,4328400
2025-10-21 14:00:00,9.530,9.570,9.510,9.570,4524366
2025-10-21 14:30:00,9.570,9.590,9.560,9.580,5498226
2025-10-21 15:00:00,9.570,9.630,9.560,9.590,12299814
2025-10-22 10:00:00,9.560,9.670,9.550,9.600,16245538
2025-10-22 10:30:00,9.600,9.680,9.590,9.650,9244436
2025-10-22 11:00:00,9.650,9.680,9.640,9.650,5349260
2025-10-22 11:30:00,9.660,9.660,9.610,9.630,3213300
2025-10-22 13:30:00,9.630,9.650,9.610,9.630,3458982
2025-10-22 14:00:00,9.630,9.630,9.600,9.620,3864160
2025-10-22 14:30:00,9.620,9.660,9.610,9.650,4473800
2025-10-22 15:00:00,9.650,9.660,9.630,9.640,7594166
2025-10-23 10:00:00,9.630,9.750,9.630,9.690,21333937
2025-10-23 10:30:00,9.690,9.720,9.580,9.600,12311935
2025-10-23 11:00:00,9.600,9.620,9.560,9.600,5136700
2025-10-23 11:30:00,9.600,9.640,9.580,9.600,4228796
2025-10-23 13:30:00,9.600,9.610,9.570,9.570,3626166
2025-10-23 14:00:00,9.580,9.610,9.570,9.600,2855889
2025-10-23 14:30:00,9.600,9.630,9.590,9.610,4661232
2025-10-23 15:00:00,9.620,9.630,9.600,9.600,5408766
2025-10-24 10:00:00,9.560,9.620,9.510,9.580,16531300
2025-10-24 10:30:00,9.590,9.700,9.570,9.700,15759020
2025-10-24 11:00:00,9.690,9.800,9.680,9.750,20747467
2025-10-24 11:30:00,9.740,9.770,9.730,9.750,6529000
2025-10-24 13:30:00,9.750,9.780,9.720,9.760,5564058
2025-10-24 14:00:00,9.760,9.760,9.730,9.740,4496448
2025-10-24 14:30:00,9.740,9.740,9.690,9.700,5967100
2025-10-24 15:00:00,9.700,9.700,9.650,9.670,9247090
2025-10-27 10:00:00,9.630,9.640,9.540,9.590,22582294
2025-10-27 10:30:00,9.590,9.700,9.590,9.690,11530315
2025-10-27 11:00:00,9.680,9.730,9.650,9.690,8395700
2025-10-27 11:30:00,9.690,9.720,9.640,9.650,3572700
2025-10-27 13:30:00,9.650,9.670,9.630,9.650,2367476
2025-10-27 14:00:00,9.650,9.650,9.620,9.620,2769019
2025-10-27 14:30:00,9.630,9.630,9.570,9.610,4759347
2025-10-27 15:00:00,9.620,9.650,9.610,9.630,5712897
2025-10-28 10:00:00,9.640,9.680,9.480,9.510,16170600
2025-10-28 10:30:00,9.510,9.590,9.470,9.580,10784029
2025-10-28 11:00:00,9.570,9.580,9.530,9.570,3965847
2025-10-28 11:30:00,9.580,9.590,9.540,9.570,3015600
2025-10-28 13:30:00,9.570,9.610,9.560,9.610,4737503
2025-10-28 14:00:00,9.610,9.610,9.570,9.590,3358000
2025-10-28 14:30:00,9.600,9.600,9.580,9.590,2385762
2025-10-28 15:00:00,9.590,9.600,9.560,9.600,6742038
2025-10-29 10:00:00,9.570,9.570,9.400,9.430,18506300
2025-10-29 10:30:00,9.420,9.470,9.420,9.450,6761526
2025-10-29 11:00:00,9.450,9.460,9.390,9.400,7178503
2025-10-29 11:30:00,9.400,9.400,9.360,9.380,7149700
2025-10-29 13:30:00,9.370,9.390,9.340,9.350,7558700
2025-10-29 14:00:00,9.350,9.350,9.300,9.330,9415251
2025-10-29 14:30:00,9.320,9.340,9.290,9.310,8745984
2025-10-29 15:00:00,9.300,9.340,9.300,9.330,7643099
2025-10-30 10:00:00,9.300,9.480,9.300,9.390,21566917
2025-10-30 10:30:00,9.390,9.460,9.370,9.420,7308300
2025-10-30 11:00:00,9.420,9.450,9.390,9.430,5567269
2025-10-30 11:30:00,9.430,9.460,9.420,9.450,5712000
2025-10-30 13:30:00,9.440,9.470,9.390,9.460,6489757
2025-10-30 14:00:00,9.460,9.460,9.430,9.430,2822872
2025-10-30 14:30:00,9.440,9.450,9.420,9.440,3553628
2025-10-30 15:00:00,9.430,9.450,9.420,9.420,5655517
2025-10-31 10:00:00,9.490,9.550,9.410,9.500,21017065
2025-10-31 10:30:00,9.500,9.500,9.410,9.440,6928019
2025-10-31 11:00:00,9.440,9.470,9.420,9.460,3617466
2025-10-31 11:30:00,9.450,9.490,9.440,9.470,3663498
2025-10-31 13:30:00,9.460,9.470,9.430,9.440,3773918
2025-10-31 14:00:00,9.450,9.500,9.440,9.470,6336700
2025-10-31 14:30:00,9.480,9.500,9.450,9.500,3475952
2025-10-31 15:00:00,9.490,9.520,9.490,9.490,6983024
2025-11-03 10:00:00,9.500,9.640,9.480,9.630,22311675
2025-11-03 10:30:00,9.640,9.720,9.630,9.680,21172912
2025-11-03 11:00:00,9.680,9.690,9.630,9.670,5173046
2025-11-03 11:30:00,9.670,9.670,9.620,9.640,3768800
2025-11-03 13:30:00,9.650,9.660,9.600,9.650,6328500
2025-11-03 14:00:00,9.650,9.680,9.640,9.680,3822498
2025-11-03 14:30:00,9.680,9.690,9.670,9.690,5176500
2025-11-03 15:00:00,9.680,9.690,9.660,9.680,6994800
2025-11-04 10:00:00,9.660,9.930,9.640,9.890,47439521
2025-11-04 10:30:00,9.890,9.990,9.890,9.980,22234401
2025-11-04 11:00:00,9.980,10.010,9.950,9.990,17561713
2025-11-04 11:30:00,9.980,10.050,9.950,10.050,13682916
2025-11-04 13:30:00,10.040,10.050,9.970,9.990,10287162
2025-11-04 14:00:00,9.990,10.020,9.970,10.020,8264160
2025-11-04 14:30:00,10.010,10.020,9.950,9.970,8108600
2025-11-04 15:00:00,9.960,10.000,9.950,9.990,9741321
2025-11-05 10:00:00,10.020,10.080,9.960,10.040,30286728
2025-11-05 10:30:00,10.040,10.080,10.000,10.030,10416841
2025-11-05 11:00:00,10.020,10.070,10.020,10.050,5595656
2025-11-05 11:30:00,10.060,10.060,9.980,10.020,6045510
2025-11-05 13:30:00,10.030,10.080,10.000,10.060,8746626
2025-11-05 14:00:00,10.070,10.080,10.040,10.070,5651336
2025-11-05 14:30:00,10.070,10.100,10.060,10.070,9518403
2025-11-05 15:00:00,10.070,10.080,10.040,10.040,7935984
2025-11-06 10:00:00,9.990,10.100,9.920,10.090,21068897
2025-11-06 10:30:00,10.090,10.120,10.030,10.070,7132666
2025-11-06 11:00:00,10.070,10.100,10.010,10.060,8807625
2025-11-06 11:30:00,10.060,10.080,10.030,10.050,4063610
2025-11-06 13:30:00,10.050,10.080,10.040,10.050,3271552
2025-11-06 14:00:00,10.050,10.060,10.010,10.020,2957800
2025-11-06 14:30:00,10.020,10.030,9.990,10.000,3983120
2025-11-06 15:00:00,10.010,10.030,9.990,10.010,6161375
2025-11-07 10:00:00,10.010,10.120,9.980,10.010,13851768
2025-11-07 10:30:00,10.020,10.030,9.970,10.010,4715236
2025-11-07 11:00:00,10.010,10.020,9.960,10.010,9145072
2025-11-07 11:30:00,10.010,10.070,9.990,10.060,3215360
2025-11-07 13:30:00,10.050,10.060,10.010,10.040,2986800
2025-11-07 14:00:00,10.030,10.080,10.020,10.050,3645236
2025-11-07 14:30:00,10.050,10.080,10.020,10.020,2569867
2025-11-07 15:00:00,10.020,10.040,9.990,10.000,4656870
2025-11-10 10:00:00,9.980,10.110,9.930,10.090,18059852
2025-11-10 10:30:00,10.080,10.190,10.080,10.150,13664382
2025-11-10 11:00:00,10.160,10.180,10.130,10.160,4209213
2025-11-10 11:30:00,10.160,10.200,10.150,10.200,5101018
2025-11-10 13:30:00,10.190,10.240,10.190,10.220,6983828
2025-11-10 14:00:00,10.220,10.230,10.190,10.200,4166773
2025-11-10 14:30:00,10.200,10.260,10.200,10.250,7583342
2025-11-10 15:00:00,10.250,10.260,10.200,10.230,5456278
2025-11-11 10:00:00,10.200,10.230,10.130,10.180,9874302
2025-11-11 10:30:00,10.190,10.230,10.180,10.220,3920220
2025-11-11 11:00:00,10.230,10.230,10.150,10.160,3697666
2025-11-11 11:30:00,10.160,10.170,10.140,10.160,4078349
2025-11-11 13:30:00,10.150,10.180,10.130,10.140,4274359
2025-11-11 14:00:00,10.150,10.180,10.130,10.140,4006800
2025-11-11 14:30:00,10.150,10.160,10.140,10.150,2524066
2025-11-11 15:00:00,10.140,10.160,10.130,10.130,6462846
2025-11-12 10:00:00,10.180,10.250,10.130,10.220,16387620
2025-11-12 10:30:00,10.220,10.250,10.160,10.220,7843901
2025-11-12 11:00:00,10.230,10.270,10.190,10.230,5411997
2025-11-12 11:30:00,10.230,10.270,10.210,10.230,6502400
2025-11-12 13:30:00,10.230,10.270,10.200,10.270,7203000
2025-11-12 14:00:00,10.270,10.290,10.230,10.240,5814975
2025-11-12 14:30:00,10.250,10.270,10.240,10.270,2571900
2025-11-12 15:00:00,10.260,10.290,10.220,10.220,7970255
2025-11-13 10:00:00,10.220,10.280,10.170,10.210,16331455
2025-11-13 10:30:00,10.210,10.210,10.130,10.170,9010928
2025-11-13 11:00:00,10.160,10.210,10.160,10.160,3874204
2025-11-13 11:30:00,10.160,10.210,10.140,10.160,6855890
2025-11-13 13:30:00,10.160,10.200,10.140,10.190,3580249
2025-11-13 14:00:00,10.190,10.290,10.190,10.280,5919878
2025-11-13 14:30:00,10.280,10.290,10.250,10.250,3810800
2025-11-13 15:00:00,10.250,10.270,10.240,10.250,3894300
2025-11-14 10:00:00,10.260,10.370,10.260,10.360,15324007
2025-11-14 10:30:00,10.350,10.390,10.320,10.370,6343559
2025-11-14 11:00:00,10.380,10.390,10.360,10.380,4990300
2025-11-14 11:30:00,10.370,10.410,10.360,10.410,5080590
2025-11-14 13:30:00,10.400,10.450,10.350,10.380,9272865
2025-11-14 14:00:00,10.390,10.400,10.330,10.340,3083600
2025-11-14 14:30:00,10.340,10.340,10.300,10.310,5515362
2025-11-14 15:00:00,10.320,10.320,10.230,10.250,9017100
2025-11-17 10:00:00,10.240,10.270,10.150,10.220,15624982
2025-11-17 10:30:00,10.220,10.280,10.170,10.170,9182659
2025-11-17 11:00:00,10.180,10.190,10.120,10.140,7180470
2025-11-17 11:30:00,10.130,10.160,10.100,10.150,4414710
2025-11-17 13:30:00,10.160,10.170,10.100,10.110,3236832
2025-11-17 14:00:00,10.100,10.110,10.060,10.080,6221749
2025-11-17 14:30:00,10.080,10.090,10.050,10.070,4822826
2025-11-17 15:00:00,10.070,10.100,10.060,10.090,9344715
2025-11-18 10:00:00,10.090,10.180,10.060,10.080,8429511
2025-11-18 10:30:00,10.080,10.120,10.050,10.050,5818092
2025-11-18 11:00:00,10.050,10.120,10.040,10.110,4099000
2025-11-18 11:30:00,10.100,10.120,10.080,10.110,3300183
2025-11-18 13:30:00,10.100,10.130,10.050,10.050,4521937
2025-11-18 14:00:00,10.060,10.120,10.040,10.060,3546800
2025-11-18 14:30:00,10.060,10.080,10.010,10.020,6169900
2025-11-18 15:00:00,10.030,10.060,10.020,10.060,5208956
2025-11-19 10:00:00,10.060,10.080,10.000,10.070,7496082
2025-11-19 10:30:00,10.080,10.150,10.070,10.120,9021400
2025-11-19 11:00:00,10.110,10.130,10.050,10.080,4154364
2025-11-19 11:30:00,10.080,10.080,9.990,10.000,6226737
2025-11-19 13:30:00,10.000,10.050,9.990,10.000,6072300
2025-11-19 14:00:00,10.000,10.030,9.970,10.020,6378450
2025-11-19 14:30:00,10.010,10.070,10.010,10.060,4486734
2025-11-19 15:00:00,10.060,10.080,10.010,10.020,8268791
2025-11-20 10:00:00,10.020,10.140,9.990,10.120,11490528
2025-11-20 10:30:00,10.120,10.190,10.120,10.160,9203162
2025-11-20 11:00:00,10.160,10.200,10.140,10.170,6568035
2025-11-20 11:30:00,10.160,10.220,10.160,10.190,4551132
2025-11-20 13:30:00,10.190,10.200,10.110,10.120,4504476
2025-11-20 14:00:00,10.120,10.120,10.050,10.090,5387000
2025-11-20 14:30:00,10.080,10.110,10.080,10.100,3476235
2025-11-20 15:00:00,10.100,10.120,10.060,10.090,6709633
2025-11-21 10:00:00,10.150,10.150,10.000,10.090,13752206
2025-11-21 10:30:00,10.090,10.110,10.030,10.050,5227430
2025-11-21 11:00:00,10.050,10.070,10.000,10.020,6473619
2025-11-21 11:30:00,10.010,10.060,9.970,9.980,6499851
2025-11-21 13:30:00,9.990,10.070,9.970,10.040,5401899
2025-11-21 14:00:00,10.050,10.070,10.020,10.040,3259700
2025-11-21 14:30:00,10.050,10.060,10.010,10.020,4547800
2025-11-21 15:00:00,10.020,10.020,9.980,10.010,8082548
2025-11-24 10:00:00,10.020,10.050,9.820,9.830,18344700
2025-11-24 10:30:00,9.830,9.940,9.820,9.930,8125828
2025-11-24 11:00:00,9.930,9.950,9.890,9.940,5654900
2025-11-24 11:30:00,9.930,9.950,9.910,9.930,3620700
2025-11-24 13:30:00,9.930,9.990,9.920,9.950,5986882
2025-11-24 14:00:00,9.950,9.950,9.880,9.910,5814466
2025-11-24 14:30:00,9.910,9.930,9.860,9.870,6311200
2025-11-24 15:00:00,9.870,9.880,9.810,9.840,11646952
2025-11-25 10:00:00,9.840,9.870,9.740,9.810,12423738
2025-11-25 10:30:00,9.820,9.840,9.770,9.830,5392828
2025-11-25 11:00:00,9.830,9.890,9.810,9.890,6224041
2025-11-25 11:30:00,9.880,9.890,9.840,9.870,3032889
2025-11-25 13:30:00,9.860,9.880,9.840,9.870,3022732
2025-11-25 14:00:00,9.860,9.880,9.840,9.880,2075700
2025-11-25 14:30:00,9.870,9.900,9.860,9.900,2685400
2025-11-25 15:00:00,9.890,9.930,9.890,9.910,5446564
2025-11-26 10:00:00,9.910,9.990,9.890,9.930,8875473
2025-11-26 10:30:00,9.920,9.990,9.910,9.930,6123066
2025-11-26 11:00:00,9.930,9.960,9.880,9.890,4531897
2025-11-26 11:30:00,9.900,9.930,9.890,9.900,3039764
2025-11-26 13:30:00,9.910,9.930,9.870,9.920,3827900
2025-11-26 14:00:00,9.920,9.950,9.900,9.930,2713864
2025-11-26 14:30:00,9.930,9.950,9.910,9.930,3074700
2025-11-26 15:00:00,9.930,9.940,9.900,9.900,2754488
2025-11-27 10:00:00,9.890,9.900,9.790,9.820,11389396
2025-11-27 10:30:00,9.820,9.950,9.800,9.940,5937284
2025-11-27 11:00:00,9.950,10.000,9.930,9.990,6475292
2025-11-27 11:30:00,9.990,10.030,9.980,10.010,5351468
2025-11-27 13:30:00,10.010,10.050,10.000,10.020,4790466
2025-11-27 14:00:00,10.020,10.050,10.010,10.020,3264700
2025-11-27 14:30:00,10.020,10.050,10.010,10.030,3311628
2025-11-27 15:00:00,10.040,10.040,10.000,10.010,4225200
2025-11-28 10:00:00,10.010,10.020,9.950,9.950,6858700
2025-11-28 10:30:00,9.950,10.000,9.950,9.960,3707566
2025-11-28 11:00:00,9.970,9.980,9.930,9.970,3003800
2025-11-28 11:30:00,9.970,9.980,9.930,9.950,2321700
2025-11-28 13:30:00,9.940,9.960,9.930,9.930,3179898
2025-11-28 14:00:00,9.940,9.950,9.910,9.930,3936100
2025-11-28 14:30:00,9.920,9.930,9.870,9.880,5464100
2025-11-28 15:00:00,9.880,9.890,9.860,9.880,9626398
2025-12-01 10:00:00,9.880,10.000,9.850,9.990,12972710
2025-12-01 10:30:00,9.990,10.090,9.990,10.080,15000015
2025-12-01 11:00:00,10.080,10.090,10.030,10.040,4649088
2025-12-01 11:30:00,10.050,10.070,10.020,10.030,3345444
2025-12-01 13:30:00,10.030,10.040,9.990,10.040,4654254
2025-12-01 14:00:00,10.040,10.080,10.020,10.050,4697658
2025-12-01 14:30:00,10.060,10.070,10.030,10.060,5617797
2025-12-01 15:00:00,10.070,10.080,10.050,10.060,8244947
2025-12-02 10:00:00,10.080,10.130,10.030,10.100,9834262
2025-12-02 10:30:00,10.100,10.130,10.070,10.090,5582766
2025-12-02 11:00:00,10.090,10.100,10.040,10.060,3645700
2025-12-02 11:30:00,10.070,10.080,10.010,10.020,3282235
2025-12-02 13:30:00,10.010,10.040,10.000,10.030,3921076
2025-12-02 14:00:00,10.020,10.050,10.010,10.040,2746300
2025-12-02 14:30:00,10.050,10.070,10.030,10.050,2885855
2025-12-02 15:00:00,10.050,10.080,10.050,10.080,4254982
2025-12-03 10:00:00,10.080,10.200,10.050,10.130,14093083
2025-12-03 10:30:00,10.130,10.170,10.100,10.170,4836369
2025-12-03 11:00:00,10.170,10.230,10.150,10.190,10294663
2025-12-03 11:30:00,10.200,10.210,10.140,10.150,3171300
2025-12-03 13:30:00,10.150,10.150,10.100,10.110,3222154
2025-12-03 14:00:00,10.120,10.120,10.070,10.090,3291346
2025-12-03 14:30:00,10.080,10.090,10.020,10.030,5044290
2025-12-03 15:00:00,10.030,10.060,10.010,10.020,4947863
2025-12-04 10:00:00,10.020,10.100,10.000,10.010,7701890
2025-12-04 10:30:00,10.010,10.050,9.990,10.000,4121400
2025-12-04 11:00:00,9.990,10.050,9.990,10.050,3124037
2025-12-04 11:30:00,10.040,10.060,9.970,10.020,5962900
2025-12-04 13:30:00,10.010,10.010,9.970,9.970,2279500
2025-12-04 14:00:00,9.980,10.000,9.970,9.980,2104246
2025-12-04 14:30:00,9.970,9.980,9.940,9.970,4047866
2025-12-04 15:00:00,9.960,9.980,9.940,9.960,4613400
2025-12-05 10:00:00,9.960,10.020,9.920,9.920,7447778
2025-12-05 10:30:00,9.920,9.930,9.850,9.860,9218500
2025-12-05 11:00:00,9.850,9.860,9.800,9.810,7776952
2025-12-05 11:30:00,9.810,9.820,9.770,9.800,6404849
2025-12-05 13:30:00,9.790,9.800,9.700,9.740,10563512
2025-12-05 14:00:00,9.740,9.800,9.740,9.780,6266366
2025-12-05 14:30:00,9.780,9.840,9.780,9.830,5538841
2025-12-05 15:00:00,9.830,9.830,9.790,9.800,4947666
2025-12-08 10:00:00,9.800,9.810,9.710,9.740,10190500
2025-12-08 10:30:00,9.740,9.750,9.660,9.740,10001700
2025-12-08 11:00:00,9.730,9.750,9.710,9.740,4459400
2025-12-08 11:30:00,9.740,9.750,9.710,9.720,2203400
2025-12-08 13:30:00,9.720,9.720,9.680,9.700,3291300
2025-12-08 14:00:00,9.700,9.720,9.680,9.700,4058166
2025-12-08 14:30:00,9.700,9.710,9.670,9.670,4610300
2025-12-08 15:00:00,9.680,9.690,9.640,9.660,8963542
2025-12-09 10:00:00,9.680,9.690,9.580,9.600,9495719
2025-12-09 10:30:00,9.590,9.640,9.560,9.620,5974000
2025-12-09 11:00:00,9.620,9.680,9.610,9.660,4609789
2025-12-09 11:30:00,9.660,9.670,9.600,9.620,2852540
2025-12-09 13:30:00,9.620,9.660,9.620,9.650,2868332
2025-12-09 14:00:00,9.650,9.650,9.600,9.620,2551566
2025-12-09 14:30:00,9.620,9.620,9.590,9.620,2925796
2025-12-09 15:00:00,9.610,9.620,9.600,9.600,3753154
2025-12-10 10:00:00,9.590,9.640,9.570,9.590,5836000
2025-12-10 10:30:00,9.590,9.670,9.580,9.630,7372600
2025-12-10 11:00:00,9.630,9.640,9.580,9.580,5018502
2025-12-10 11:30:00,9.590,9.640,9.580,9.640,3168759
2025-12-10 13:30:00,9.630,9.670,9.620,9.670,4331077
2025-12-10 14:00:00,9.670,9.680,9.640,9.650,3871700
2025-12-10 14:30:00,9.660,9.680,9.650,9.670,3312300
2025-12-10 15:00:00,9.680,9.680,9.640,9.660,3979090
2025-12-11 10:00:00,9.650,9.790,9.630,9.760,11269500
2025-12-11 10:30:00,9.760,9.800,9.730,9.730,5228000
2025-12-11 11:00:00,9.730,9.750,9.710,9.720,2997600
2025-12-11 11:30:00,9.730,9.730,9.680,9.710,2595900
2025-12-11 13:30:00,9.710,9.750,9.700,9.730,3342900
2025-12-11 14:00:00,9.740,9.750,9.710,9.740,3782500
2025-12-11 14:30:00,9.740,9.770,9.720,9.740,4339400
2025-12-11 15:00:00,9.740,9.750,9.720,9.730,5349245
2025-12-12 10:00:00,9.750,9.800,9.620,9.780,12298698
2025-12-12 10:30:00,9.780,9.840,9.780,9.810,9757772
2025-12-12 11:00:00,9.820,9.840,9.770,9.780,6176300
2025-12-12 11:30:00,9.780,9.800,9.730,9.760,4759300
2025-12-12 13:30:00,9.760,9.790,9.730,9.740,4254289
2025-12-12 14:00:00,9.750,9.780,9.730,9.760,3750407
2025-12-12 14:30:00,9.770,9.780,9.740,9.750,4890000
2025-12-12 15:00:00,9.760,9.780,9.720,9.730,6863600
2025-12-15 10:00:00,9.760,9.860,9.740,9.800,12769187
2025-12-15 10:30:00,9.800,9.830,9.780,9.790,3753600
2025-12-15 11:00:00,9.780,9.850,9.780,9.830,3739329
2025-12-15 11:30:00,9.820,9.860,9.820,9.860,3588200
2025-12-15 13:30:00,9.850,9.890,9.820,9.830,5482527
2025-12-15 14:00:00,9.840,9.880,9.830,9.850,2817655
2025-12-15 14:30:00,9.850,9.890,9.850,9.870,4238866
2025-12-15 15:00:00,9.870,9.880,9.820,9.840,4295000
2025-12-16 10:00:00,9.830,9.900,9.820,9.850,6694730
2025-12-16 10:30:00,9.840,9.870,9.820,9.850,4539245
2025-12-16 11:00:00,9.850,9.850,9.800,9.820,3531129
2025-12-16 11:30:00,9.820,9.860,9.810,9.840,3326600
2025-12-16 13:30:00,9.840,9.840,9.790,9.820,3062409
2025-12-16 14:00:00,9.810,9.830,9.790,9.800,2918500
2025-12-16 14:30:00,9.810,9.810,9.760,9.800,5558812
2025-12-16 15:00:00,9.800,9.830,9.790,9.830,3814500
2025-12-17 10:00:00,9.850,9.900,9.760,9.880,9448910
2025-12-17 10:30:00,9.890,9.900,9.850,9.860,6299918
2025-12-17 11:00:00,9.860,9.880,9.820,9.840,2870462
2025-12-17 11:30:00,9.840,9.840,9.800,9.820,2153557
2025-12-17 13:30:00,9.810,9.840,9.790,9.810,2522518
2025-12-17 14:00:00,9.820,9.880,9.810,9.850,3124088
2025-12-17 14:30:00,9.850,9.880,9.810,9.820,4433112
2025-12-17 15:00:00,9.810,9.830,9.780,9.810,6011531
2025-12-18 10:00:00,9.810,9.900,9.770,9.880,7846700
2025-12-18 10:30:00,9.880,10.000,9.870,9.990,13647256
2025-12-18 11:00:00,9.990,10.020,9.970,9.990,7500190
2025-12-18 11:30:00,10.000,10.070,9.970,10.070,8064447
2025-12-18 13:30:00,10.070,10.090,10.040,10.070,8013539
2025-12-18 14:00:00,10.070,10.120,10.060,10.090,7786708
2025-12-18 14:30:00,10.090,10.150,10.090,10.130,8092587
2025-12-18 15:00:00,10.140,10.160,10.130,10.160,10595051
2025-12-19 10:00:00,10.130,10.150,10.020,10.070,11803683
2025-12-19 10:30:00,10.080,10.130,10.030,10.050,7633980
2025-12-19 11:00:00,10.060,10.080,10.030,10.050,3954700
2025-12-19 11:30:00,10.060,10.100,10.040,10.060,4017500
2025-12-19 13:30:00,10.050,10.070,10.040,10.050,4468790
2025-12-19 14:00:00,10.050,10.060,9.970,9.970,8810736
2025-12-19 14:30:00,9.980,9.990,9.950,9.970,9161782
2025-12-19 15:00:00,9.980,9.990,9.960,9.970,8112651
2025-12-22 10:00:00,9.910,9.970,9.860,9.880,13098857
2025-12-22 10:30:00,9.880,9.890,9.850,9.880,5811500
2025-12-22 11:00:00,9.880,9.880,9.860,9.870,2468502
2025-12-22 11:30:00,9.860,9.870,9.820,9.830,7022900
2025-12-22 13:30:00,9.830,9.840,9.790,9.790,6915600
2025-12-22 14:00:00,9.790,9.810,9.780,9.800,4370493
2025-12-22 14:30:00,9.800,9.820,9.790,9.810,4431700
2025-12-22 15:00:00,9.800,9.810,9.780,9.790,7039705
2025-12-23 10:00:00,9.780,9.920,9.770,9.860,13660100
2025-12-23 10:30:00,9.870,9.950,9.850,9.950,9750103
2025-12-23 11:00:00,9.950,9.950,9.860,9.860,7949800
2025-12-23 11:30:00,9.870,9.900,9.850,9.880,2727000
2025-12-23 13:30:00,9.870,9.910,9.860,9.890,2781359
2025-12-23 14:00:00,9.890,9.890,9.850,9.860,2312600
2025-12-23 14:30:00,9.870,9.880,9.850,9.870,2604400
2025-12-23 15:00:00,9.870,9.920,9.850,9.900,5451162
2025-12-24 10:00:00,9.900,9.950,9.850,9.860,9016100
2025-12-24 10:30:00,9.860,9.860,9.790,9.800,10952500
2025-12-24 11:00:00,9.800,9.810,9.780,9.800,4306000
2025-12-24 11:30:00,9.790,9.850,9.780,9.830,3780007
2025-12-24 13:30:00,9.830,9.890,9.820,9.870,3520983
2025-12-24 14:00:00,9.870,9.900,9.850,9.890,4217400
2025-12-24 14:30:00,9.890,9.900,9.870,9.890,2674100
2025-12-24 15:00:00,9.880,9.910,9.870,9.900,3879700
2025-12-25 10:00:00,9.870,9.950,9.870,9.940,6919005
2025-12-25 10:30:00,9.940,10.010,9.940,9.990,7646518
2025-12-25 11:00:00,9.990,10.000,9.970,9.990,2653300
2025-12-25 11:30:00,9.990,9.990,9.950,9.950,2239200
2025-12-25 13:30:00,9.950,9.970,9.930,9.960,2703683
2025-12-25 14:00:00,9.950,9.990,9.950,9.970,1825230
2025-12-25 14:30:00,9.970,9.970,9.950,9.950,2415538
2025-12-25 15:00:00,9.950,9.970,9.950,9.960,2723700
2025-12-26 10:00:00,9.950,10.000,9.920,9.930,4865440
2025-12-26 10:30:00,9.930,9.970,9.930,9.970,2905989
2025-12-26 11:00:00,9.970,9.980,9.930,9.950,2833900
2025-12-26 11:30:00,9.960,9.970,9.950,9.950,2659800
2025-12-26 13:30:00,9.960,9.970,9.940,9.950,2638271
2025-12-26 14:00:00,9.950,9.960,9.930,9.930,2188636
2025-12-26 14:30:00,9.930,9.950,9.920,9.930,3424055
2025-12-26 15:00:00,9.930,9.940,9.910,9.920,3339732
2025-12-29 10:00:00,9.900,10.010,9.880,9.990,12329792
2025-12-29 10:30:00,9.990,10.040,9.950,10.010,7842932
2025-12-29 11:00:00,10.010,10.080,9.990,10.070,9158307
2025-12-29 11:30:00,10.060,10.100,10.030,10.080,7479332
2025-12-29 13:30:00,10.090,10.170,10.070,10.130,15553375
2025-12-29 14:00:00,10.140,10.160,10.130,10.140,6405140
2025-12-29 14:30:00,10.140,10.150,10.130,10.140,5578600
2025-12-29 15:00:00,10.140,10.150,10.120,10.130,6433288
2025-12-30 10:00:00,10.130,10.160,10.060,10.140,13711943
2025-12-30 10:30:00,10.140,10.200,10.120,10.170,11279666
2025-12-30 11:00:00,10.170,10.190,10.120,10.190,5349910
2025-12-30 11:30:00,10.180,10.200,10.150,10.160,5033041
2025-12-30 13:30:00,10.160,10.190,10.150,10.160,5128694
2025-12-30 14:00:00,10.160,10.180,10.140,10.160,3430200
2025-12-30 14:30:00,10.160,10.170,10.150,10.160,3615100
2025-12-30 15:00:00,10.160,10.180,10.160,10.170,5541400
2025-12-31 10:00:00,10.170,10.170,10.070,10.140,7666446
2025-12-31 10:30:00,10.130,10.150,10.080,10.090,4245000
2025-12-31 11:00:00,10.090,10.190,10.080,10.170,5360142
2025-12-31 11:30:00,10.170,10.180,10.130,10.130,3661750
2025-12-31 13:30:00,10.130,10.160,10.090,10.160,2926591
2025-12-31 14:00:00,10.160,10.170,10.140,10.150,2257048
2025-12-31 14:30:00,10.150,10.150,10.120,10.140,2615398
2025-12-31 15:00:00,10.140,10.150,10.090,10.100,5109394
2026-01-05 10:00:00,10.120,10.200,10.000,10.010,12789573
2026-01-05 10:30:00,10.010,10.020,9.950,9.990,9891671
2026-01-05 11:00:00,9.990,10.000,9.950,9.980,8900800
2026-01-05 11:30:00,9.970,10.010,9.970,9.990,4665766
2026-01-05 13:30:00,9.980,10.040,9.980,10.030,7078807
2026-01-05 14:00:00,10.020,10.070,10.020,10.060,5689983
2026-01-05 14:30:00,10.060,10.130,10.060,10.100,8363800
2026-01-05 15:00:00,10.110,10.140,10.080,10.100,6178038
2026-01-06 10:00:00,10.080,10.090,9.810,9.880,27422667
2026-01-06 10:30:00,9.880,9.900,9.820,9.820,17642146
2026-01-06 11:00:00,9.820,9.940,9.790,9.930,19336623
2026-01-06 11:30:00,9.940,9.980,9.920,9.960,8633190
2026-01-06 13:30:00,9.960,9.970,9.830,9.830,13125610
2026-01-06 14:00:00,9.830,9.900,9.820,9.890,9950417
2026-01-06 14:30:00,9.880,9.930,9.870,9.920,9432784
2026-01-06 15:00:00,9.920,9.940,9.900,9.930,10282071
2026-01-07 10:00:00,9.890,9.950,9.840,9.940,14242738
2026-01-07 10:30:00,9.940,9.950,9.880,9.900,4871188
2026-01-07 11:00:00,9.900,9.910,9.870,9.870,3554200
2026-01-07 11:30:00,9.870,9.880,9.850,9.870,3595000
2026-01-07 13:30:00,9.870,10.020,9.870,10.000,14828423
2026-01-07 14:00:00,9.990,10.000,9.950,9.950,3962266
2026-01-07 14:30:00,9.960,9.970,9.930,9.940,3927964
2026-01-07 15:00:00,9.940,9.970,9.930,9.960,5665934
2026-01-08 10:00:00,9.950,9.960,9.880,9.900,9869530
2026-01-08 10:30:00,9.900,9.910,9.850,9.860,6681500
2026-01-08 11:00:00,9.870,9.940,9.860,9.940,3986081
2026-01-08 11:30:00,9.940,9.940,9.900,9.920,2670856
2026-01-08 13:30:00,9.920,9.940,9.900,9.920,3329582
2026-01-08 14:00:00,9.920,9.950,9.910,9.950,4622466
2026-01-08 14:30:00,9.950,9.950,9.930,9.940,4577131
2026-01-08 15:00:00,9.950,9.960,9.940,9.950,5735554
2026-01-09 10:00:00,9.920,9.970,9.860,9.870,10014639
2026-01-09 10:30:00,9.880,9.880,9.840,9.840,9108646
2026-01-09 11:00:00,9.850,9.850,9.820,9.840,8030643
2026-01-09 11:30:00,9.850,9.850,9.820,9.840,3001510
2026-01-09 13:30:00,9.840,9.930,9.820,9.880,6893645
2026-01-09 14:00:00,9.880,9.910,9.870,9.890,2693968
2026-01-09 14:30:00,9.890,9.910,9.890,9.900,2622589
2026-01-09 15:00:00,9.910,9.930,9.900,9.910,5708421
2026-01-12 10:00:00,9.860,10.050,9.830,10.020,27132487
2026-01-12 10:30:00,10.030,10.050,9.980,10.010,11408745
2026-01-12 11:00:00,10.020,10.030,9.920,9.930,5662040
2026-01-12 11:30:00,9.930,9.970,9.920,9.950,1959956
2026-01-12 13:30:00,9.960,10.040,9.950,10.030,10414644
2026-01-12 14:00:00,10.030,10.040,10.010,10.030,8514300
2026-01-12 14:30:00,10.030,10.050,10.020,10.050,7917162
2026-01-12 15:00:00,10.050,10.080,10.040,10.070,11768331
2026-01-13 10:00:00,10.070,10.100,10.020,10.060,11117026
2026-01-13 10:30:00,10.060,10.110,10.050,10.080,5250749
2026-01-13 11:00:00,10.080,10.080,10.010,10.010,5433171
2026-01-13 11:30:00,10.010,10.020,9.990,10.010,3766716
2026-01-13 13:30:00,10.010,10.130,10.000,10.090,8253448
2026-01-13 14:00:00,10.090,10.110,10.060,10.100,3940301
2026-01-13 14:30:00,10.110,10.120,10.090,10.100,5539531
2026-01-13 15:00:00,10.100,10.110,10.060,10.090,7549134
2026-01-14 10:00:00,10.060,10.060,9.940,9.950,15297963
2026-01-14 10:30:00,9.950,10.080,9.940,10.070,11049855
2026-01-14 11:00:00,10.060,10.080,10.050,10.060,4204704
2026-01-14 11:30:00,10.050,10.070,10.030,10.060,2973539
2026-01-14 13:30:00,10.060,10.090,10.030,10.040,7131660
2026-01-14 14:00:00,10.040,10.060,10.010,10.030,4213650
2026-01-14 14:30:00,10.030,10.040,9.980,9.980,5135740
2026-01-14 15:00:00,9.990,9.990,9.950,9.960,5443525
2026-01-15 10:00:00,9.950,10.000,9.920,9.940,7553366
2026-01-15 10:30:00,9.940,10.000,9.890,9.990,10914666
2026-01-15 11:00:00,9.980,9.990,9.930,9.950,3343100
2026-01-15 11:30:00,9.960,9.990,9.940,9.970,2514300
2026-01-15 13:30:00,9.980,10.030,9.970,9.990,4980957
2026-01-15 14:00:00,9.990,10.000,9.950,9.970,2587803
2026-01-15 14:30:00,9.980,9.990,9.920,9.920,5115700
2026-01-15 15:00:00,9.920,9.940,9.860,9.880,9721108
2026-01-16 10:00:00,9.880,9.920,9.680,9.690,27360100
2026-01-16 10:30:00,9.690,9.770,9.600,9.740,22255545
2026-01-16 11:00:00,9.750,9.770,9.720,9.740,5629453
2026-01-16 11:30:00,9.750,9.770,9.680,9.680,9621354
2026-01-16 13:30:00,9.680,9.740,9.660,9.700,7251300
2026-01-16 14:00:00,9.700,9.720,9.620,9.630,7619500
2026-01-16 14:30:00,9.630,9.660,9.610,9.640,7395167
2026-01-16 15:00:00,9.640,9.680,9.630,9.640,8983818
2026-01-19 10:00:00,9.610,9.700,9.600,9.610,11048986
2026-01-19 10:30:00,9.610,9.690,9.580,9.630,13419063
2026-01-19 11:00:00,9.630,9.680,9.610,9.670,6576715
2026-01-19 11:30:00,9.660,9.670,9.610,9.630,4448900
2026-01-19 13:30:00,9.630,9.680,9.620,9.670,4677882
2026-01-19 14:00:00,9.660,9.680,9.600,9.650,7749346
2026-01-19 14:30:00,9.650,9.670,9.630,9.630,4503400
2026-01-19 15:00:00,9.640,9.660,9.620,9.660,6410622
2026-01-20 10:00:00,9.620,9.690,9.600,9.640,9433160
2026-01-20 10:30:00,9.640,9.720,9.610,9.720,8655918
2026-01-20 11:00:00,9.720,9.780,9.700,9.780,7622036
2026-01-20 11:30:00,9.780,9.830,9.770,9.780,8917066
2026-01-20 13:30:00,9.780,9.820,9.780,9.790,4479300
2026-01-20 14:00:00,9.790,9.810,9.720,9.730,5913600
2026-01-20 14:30:00,9.740,9.800,9.740,9.790,4560692
2026-01-20 15:00:00,9.790,9.810,9.770,9.790,8277935
2026-01-21 10:00:00,9.780,9.870,9.740,9.750,10202262
2026-01-21 10:30:00,9.750,9.770,9.710,9.730,4930566
2026-01-21 11:00:00,9.740,9.880,9.730,9.860,10271219
2026-01-21 11:30:00,9.860,9.870,9.800,9.810,5245800
2026-01-21 13:30:00,9.810,9.830,9.780,9.790,4058700
2026-01-21 14:00:00,9.790,9.830,9.780,9.810,4315097
2026-01-21 14:30:00,9.810,9.830,9.720,9.740,10617982
2026-01-21 15:00:00,9.730,9.760,9.660,9.700,13068267
2026-01-22 10:00:00,9.700,9.750,9.650,9.730,8016941
2026-01-22 10:30:00,9.730,9.770,9.680,9.680,8875327
2026-01-22 11:00:00,9.680,9.750,9.670,9.750,5366800
2026-01-22 11:30:00,9.750,9.750,9.670,9.670,4638000
2026-01-22 13:30:00,9.670,9.710,9.660,9.660,4425500
2026-01-22 14:00:00,9.660,9.680,9.660,9.660,2471966
2026-01-22 14:30:00,9.660,9.670,9.600,9.630,6766673
2026-01-22 15:00:00,9.640,9.650,9.560,9.570,14057264
2026-01-23 10:00:00,9.590,9.620,9.560,9.590,7474496
2026-01-23 10:30:00,9.580,9.590,9.460,9.480,11497900
2026-01-23 11:00:00,9.470,9.490,9.420,9.470,7513950
2026-01-23 11:30:00,9.460,9.480,9.380,9.430,8555545
2026-01-23 13:30:00,9.420,9.470,9.400,9.420,7853927
2026-01-23 14:00:00,9.410,9.450,9.390,9.430,5267388
2026-01-23 14:30:00,9.420,9.470,9.380,9.410,7884108
2026-01-23 15:00:00,9.410,9.430,9.310,9.350,22966070
2026-01-26 10:00:00,9.350,9.400,9.280,9.330,17121109
2026-01-26 10:30:00,9.340,9.430,9.330,9.410,7971245
2026-01-26 11:00:00,9.410,9.420,9.300,9.300,8157529
2026-01-26 11:30:00,9.310,9.360,9.300,9.330,5720900
2026-01-26 13:30:00,9.330,9.380,9.310,9.360,3695248
2026-01-26 14:00:00,9.350,9.400,9.310,9.320,6409818
2026-01-26 14:30:00,9.320,9.330,9.280,9.300,10564902
2026-01-26 15:00:00,9.290,9.300,9.250,9.260,13797131
2026-01-27 10:00:00,9.270,9.400,9.240,9.370,14302687
2026-01-27 10:30:00,9.360,9.400,9.330,9.390,7698283
2026-01-27 11:00:00,9.390,9.400,9.350,9.380,3009730
2026-01-27 11:30:00,9.380,9.410,9.370,9.400,5533676
2026-01-27 13:30:00,9.410,9.420,9.390,9.400,4234428
2026-01-27 14:00:00,9.400,9.410,9.370,9.390,4627495
2026-01-27 14:30:00,9.390,9.410,9.340,9.340,7057970
2026-01-27 15:00:00,9.340,9.350,9.260,9.270,17035504
2026-01-28 10:00:00,9.290,9.300,9.190,9.270,17587232
2026-01-28 10:30:00,9.270,9.330,9.250,9.280,12376173
2026-01-28 11:00:00,9.280,9.330,9.230,9.240,13596797
2026-01-28 11:30:00,9.250,9.260,9.220,9.220,5265000
2026-01-28 13:30:00,9.230,9.230,9.160,9.160,13035810
2026-01-28 14:00:00,9.160,9.200,9.160,9.200,4091828
2026-01-28 14:30:00,9.190,9.220,9.180,9.200,3978200
2026-01-28 15:00:00,9.200,9.210,9.110,9.130,16094158
2026-01-29 10:00:00,9.140,9.210,9.110,9.190,21348696
2026-01-29 10:30:00,9.200,9.230,9.170,9.190,5811266
2026-01-29 11:00:00,9.190,9.200,9.160,9.180,2978935
2026-01-29 11:30:00,9.180,9.200,9.160,9.190,4125400
2026-01-29 13:30:00,9.200,9.260,9.180,9.250,10677097
2026-01-29 14:00:00,9.260,9.280,9.230,9.280,8009288
2026-01-29 14:30:00,9.270,9.330,9.270,9.290,12650190
2026-01-29 15:00:00,9.290,9.330,9.280,9.320,9296103
2026-01-30 10:00:00,9.340,9.400,9.280,9.370,12428383
2026-01-30 10:30:00,9.370,9.390,9.330,9.330,4846226
2026-01-30 11:00:00,9.340,9.340,9.280,9.310,4999838
2026-01-30 11:30:00,9.310,9.330,9.260,9.300,5912534
2026-01-30 13:30:00,9.290,9.350,9.280,9.340,2849568
2026-01-30 14:00:00,9.340,9.350,9.300,9.340,2910400
2026-01-30 14:30:00,9.330,9.340,9.280,9.290,4119500
2026-01-30 15:00:00,9.280,9.300,9.240,9.240,7453801
2026-02-02 10:00:00,9.320,9.460,9.250,9.450,23139605
2026-02-02 10:30:00,9.450,9.570,9.450,9.550,18150851
2026-02-02 11:00:00,9.540,9.590,9.540,9.570,9158726
2026-02-02 11:30:00,9.570,9.570,9.460,9.470,6187900
2026-02-02 13:30:00,9.470,9.480,9.410,9.420,7235400
2026-02-02 14:00:00,9.410,9.440,9.360,9.390,5804300
2026-02-02 14:30:00,9.390,9.400,9.360,9.370,4456700
2026-02-02 15:00:00,9.380,9.410,9.360,9.390,7965262
2026-02-03 10:00:00,9.380,9.400,9.230,9.280,19927300
2026-02-03 10:30:00,9.280,9.300,9.220,9.230,8775754
2026-02-03 11:00:00,9.220,9.270,9.220,9.230,5431985
2026-02-03 11:30:00,9.220,9.240,9.200,9.230,5009768
2026-02-03 13:30:00,9.230,9.250,9.220,9.230,2429697
2026-02-03 14:00:00,9.230,9.240,9.220,9.220,2360440
2026-02-03 14:30:00,9.220,9.260,9.220,9.240,3224877
2026-02-03 15:00:00,9.250,9.280,9.240,9.270,6611993
2026-02-04 10:00:00,9.280,9.480,9.260,9.430,20182974
2026-02-04 10:30:00,9.430,9.440,9.370,9.410,6928048
2026-02-04 11:00:00,9.400,9.420,9.380,9.400,3070539
2026-02-04 11:30:00,9.410,9.420,9.370,9.370,2533700
2026-02-04 13:30:00,9.380,9.410,9.350,9.350,4362600
2026-02-04 14:00:00,9.350,9.380,9.350,9.380,2016483
2026-02-04 14:30:00,9.380,9.400,9.370,9.380,3538271
2026-02-04 15:00:00,9.380,9.390,9.360,9.370,5122184
2026-02-05 10:00:00,9.380,9.560,9.380,9.550,17212136
2026-02-05 10:30:00,9.550,9.710,9.520,9.670,29158777
2026-02-05 11:00:00,9.660,9.690,9.620,9.630,6716356
2026-02-05 11:30:00,9.630,9.690,9.610,9.680,5268662
2026-02-05 13:30:00,9.680,9.820,9.660,9.780,26890732
2026-02-05 14:00:00,9.780,9.800,9.750,9.780,7129532
2026-02-05 14:30:00,9.780,9.780,9.750,9.770,6367900
2026-02-05 15:00:00,9.770,9.790,9.750,9.770,10166949
2026-02-06 10:00:00,9.770,9.840,9.710,9.760,13238099
2026-02-06 10:30:00,9.760,9.780,9.700,9.740,6888616
2026-02-06 11:00:00,9.740,9.750,9.660,9.670,5994400
2026-02-06 11:30:00,9.670,9.700,9.640,9.690,4696400
2026-02-06 13:30:00,9.690,9.760,9.680,9.750,3729973
2026-02-06 14:00:00,9.750,9.800,9.730,9.770,5931200
2026-02-06 14:30:00,9.770,9.840,9.760,9.770,5657837
2026-02-06 15:00:00,9.790,9.810,9.740,9.770,7748030
2026-02-09 10:00:00,9.720,9.900,9.650,9.830,15236400
2026-02-09 10:30:00,9.840,9.880,9.800,9.810,9456346
2026-02-09 11:00:00,9.810,9.840,9.770,9.770,4632786
2026-02-09 11:30:00,9.770,9.830,9.760,9.830,3385645
2026-02-09 13:30:00,9.830,9.870,9.810,9.820,5317254
2026-02-09 14:00:00,9.810,9.850,9.810,9.830,1848944
2026-02-09 14:30:00,9.820,9.860,9.810,9.860,3504306
2026-02-09 15:00:00,9.860,9.880,9.850,9.870,5335575
2026-02-10 10:00:00,9.860,9.990,9.850,9.960,13613919
2026-02-10 10:30:00,9.960,10.080,9.950,10.030,15687183
2026-02-10 11:00:00,10.030,10.050,9.990,10.000,4498000
2026-02-10 11:30:00,10.000,10.020,9.990,10.000,2000138
2026-02-10 13:30:00,10.000,10.070,9.980,10.060,6864230
2026-02-10 14:00:00,10.070,10.070,10.050,10.060,5393748
2026-02-10 14:30:00,10.070,10.100,10.050,10.090,7792855
2026-02-10 15:00:00,10.100,10.100,10.060,10.070,6513273
2026-02-11 10:00:00,10.050,10.080,9.990,10.060,8433000
2026-02-11 10:30:00,10.060,10.130,10.050,10.070,9189879
2026-02-11 11:00:00,10.070,10.090,10.050,10.080,2237936
2026-02-11 11:30:00,10.080,10.090,10.050,10.060,2302727
2026-02-11 13:30:00,10.060,10.130,10.050,10.130,6478919
2026-02-11 14:00:00,10.130,10.140,10.110,10.130,3599898
2026-02-11 14:30:00,10.130,10.140,10.120,10.130,4137628
2026-02-11 15:00:00,10.130,10.140,10.100,10.100,5502343
2026-02-12 10:00:00,10.100,10.130,10.020,10.040,8686906
2026-02-12 10:30:00,10.030,10.090,10.010,10.080,7232420
2026-02-12 11:00:00,10.090,10.090,10.030,10.030,3787183
2026-02-12 11:30:00,10.040,10.040,9.990,10.010,5209600
2026-02-12 13:30:00,10.010,10.030,10.000,10.010,3108974
2026-02-12 14:00:00,10.010,10.030,9.990,10.030,3368666
2026-02-12 14:30:00,10.020,10.030,9.990,10.000,2874232
2026-02-12 15:00:00,10.000,10.010,9.980,10.000,4424205
2026-02-13 10:00:00,10.040,10.080,9.980,10.020,7991300
2026-02-13 10:30:00,10.020,10.060,10.010,10.050,3118244
2026-02-13 11:00:00,10.060,10.080,10.030,10.040,2756669
2026-02-13 11:30:00,10.040,10.040,9.980,9.990,2885649
2026-02-13 13:30:00,9.980,10.000,9.950,9.960,4315273
2026-02-13 14:00:00,9.950,9.980,9.950,9.950,3482650
2026-02-13 14:30:00,9.960,9.980,9.940,9.970,4826741
2026-02-13 15:00:00,9.970,9.980,9.950,9.970,4977200
2026-02-24 10:00:00,9.960,10.010,9.880,9.900,9540534
2026-02-24 10:30:00,9.900,9.980,9.880,9.970,5837274
2026-02-24 11:00:00,9.970,9.990,9.960,9.980,2942262
2026-02-24 11:30:00,9.970,9.990,9.950,9.980,2128311
2026-02-24 13:30:00,9.980,10.030,9.970,9.970,3563349
2026-02-24 14:00:00,9.980,9.990,9.950,9.970,1982244
2026-02-24 14:30:00,9.960,9.970,9.900,9.900,3922956
2026-02-24 15:00:00,9.900,9.910,9.890,9.890,5824591
2026-02-25 10:00:00,9.910,9.910,9.840,9.860,7333604
2026-02-25 10:30:00,9.860,9.870,9.820,9.820,6306286
2026-02-25 11:00:00,9.820,9.830,9.800,9.800,4569866
2026-02-25 11:30:00,9.800,9.840,9.800,9.840,2688700
2026-02-25 13:30:00,9.830,9.840,9.780,9.810,7170971
2026-02-25 14:00:00,9.810,9.820,9.760,9.770,6475500
2026-02-25 14:30:00,9.770,9.770,9.730,9.730,6969337
2026-02-25 15:00:00,9.740,9.750,9.700,9.750,7025300
2026-02-26 10:00:00,9.740,9.840,9.720,9.750,6821432
2026-02-26 10:30:00,9.750,9.780,9.730,9.740,3230883
2026-02-26 11:00:00,9.750,9.770,9.740,9.750,2177856
2026-02-26 11:30:00,9.750,9.790,9.750,9.780,1502900
2026-02-26 13:30:00,9.780,9.790,9.750,9.760,1972136
2026-02-26 14:00:00,9.760,9.770,9.720,9.750,4903064
2026-02-26 14:30:00,9.750,9.760,9.740,9.750,1717066
2026-02-26 15:00:00,9.750,9.780,9.750,9.760,3178400
2026-02-27 10:00:00,9.790,9.860,9.770,9.780,7539096
2026-02-27 10:30:00,9.780,9.790,9.730,9.730,4211066
2026-02-27 11:00:00,9.740,9.760,9.690,9.700,6563466
2026-02-27 11:30:00,9.700,9.760,9.690,9.750,2330600
2026-02-27 13:30:00,9.740,9.780,9.710,9.710,3145481
2026-02-27 14:00:00,9.720,9.730,9.700,9.710,2646900
2026-02-27 14:30:00,9.720,9.720,9.690,9.700,3577800
2026-02-27 15:00:00,9.710,9.710,9.680,9.680,7068166
2026-03-02 10:00:00,9.680,9.720,9.620,9.700,9055321
2026-03-02 10:30:00,9.700,9.700,9.660,9.670,4663915
2026-03-02 11:00:00,9.670,9.740,9.660,9.730,5793182
2026-03-02 11:30:00,9.730,9.770,9.730,9.740,4858066
2026-03-02 13:30:00,9.740,9.760,9.720,9.740,4199537
2026-03-02 14:00:00,9.740,9.760,9.720,9.750,3338316
2026-03-02 14:30:00,9.750,9.770,9.720,9.740,5709684
2026-03-02 15:00:00,9.740,9.770,9.740,9.750,6094607
2026-03-03 10:00:00,9.730,9.810,9.650,9.800,16137875
2026-03-03 10:30:00,9.790,9.820,9.730,9.790,8209246
2026-03-03 11:00:00,9.790,9.880,9.790,9.840,8931781
2026-03-03 11:30:00,9.840,9.970,9.840,9.950,10669509
2026-03-03 13:30:00,9.960,9.990,9.900,9.920,7422978
2026-03-03 14:00:00,9.920,9.940,9.870,9.870,4195202
2026-03-03 14:30:00,9.870,9.890,9.830,9.840,5890586
2026-03-03 15:00:00,9.840,9.870,9.830,9.860,8709853
2026-03-04 10:00:00,9.830,9.830,9.710,9.790,18471635
2026-03-04 10:30:00,9.790,9.790,9.720,9.770,9449315
2026-03-04 11:00:00,9.760,9.820,9.750,9.790,4903400
2026-03-04 11:30:00,9.780,9.780,9.740,9.740,2721206
2026-03-04 13:30:00,9.750,9.830,9.720,9.810,6373000
2026-03-04 14:00:00,9.800,9.830,9.800,9.830,3277163
2026-03-04 14:30:00,9.830,9.850,9.820,9.850,4239200
2026-03-04 15:00:00,9.840,9.880,9.840,9.860,6891653
2026-03-05 10:00:00,9.830,9.870,9.800,9.840,8352632
2026-03-05 10:30:00,9.840,9.850,9.760,9.770,6024004
2026-03-05 11:00:00,9.770,9.840,9.760,9.820,4308866
2026-03-05 11:30:00,9.810,9.860,9.800,9.830,5145300
2026-03-05 13:30:00,9.820,9.830,9.780,9.790,5370686
2026-03-05 14:00:00,9.790,9.810,9.780,9.790,4924300
2026-03-05 14:30:00,9.780,9.790,9.760,9.760,4840500
2026-03-05 15:00:00,9.770,9.770,9.750,9.760,7109666
2026-03-06 10:00:00,9.780,9.830,9.730,9.760,6642200
2026-03-06 10:30:00,9.760,9.770,9.670,9.680,8902500
2026-03-06 11:00:00,9.690,9.710,9.670,9.670,4243700
2026-03-06 11:30:00,9.680,9.680,9.650,9.680,4640400
2026-03-06 13:30:00,9.680,9.700,9.660,9.690,2843234
2026-03-06 14:00:00,9.690,9.720,9.690,9.710,3410600
2026-03-06 14:30:00,9.710,9.750,9.710,9.720,4931040
2026-03-06 15:00:00,9.730,9.750,9.720,9.730,6250603
2026-03-09 10:00:00,9.700,9.740,9.650,9.700,10352201
2026-03-09 10:30:00,9.700,9.710,9.670,9.700,4490400
2026-03-09 11:00:00,9.690,9.730,9.660,9.660,3722320
2026-03-09 11:30:00,9.660,9.680,9.620,9.640,5676716
2026-03-09 13:30:00,9.640,9.650,9.600,9.610,5049200
2026-03-09 14:00:00,9.620,9.620,9.550,9.570,7811600
2026-03-09 14:30:00,9.570,9.630,9.560,9.620,5190642
2026-03-09 15:00:00,9.610,9.630,9.580,9.590,6143692
2026-03-10 10:00:00,9.620,9.620,9.520,9.550,8278864
2026-03-10 10:30:00,9.550,9.620,9.540,9.590,3574897
2026-03-10 11:00:00,9.580,9.590,9.550,9.570,2222099
2026-03-10 11:30:00,9.580,9.590,9.560,9.580,1176200
2026-03-10 13:30:00,9.570,9.590,9.550,9.570,2061830
2026-03-10 14:00:00,9.560,9.590,9.560,9.570,3228600
2026-03-10 14:30:00,9.570,9.590,9.560,9.570,4312526
2026-03-10 15:00:00,9.580,9.580,9.560,9.570,6079149
2026-03-11 10:00:00,9.560,9.590,9.520,9.550,4913349
2026-03-11 10:30:00,9.550,9.600,9.550,9.570,5166866
2026-03-11 11:00:00,9.570,9.620,9.550,9.570,6764537
2026-03-11 11:30:00,9.560,9.590,9.550,9.590,2695900
2026-03-11 13:30:00,9.590,9.630,9.560,9.630,3989239
2026-03-11 14:00:00,9.630,9.710,9.600,9.710,8168400
2026-03-11 14:30:00,9.700,9.750,9.700,9.720,6962605
2026-03-11 15:00:00,9.710,9.730,9.700,9.720,5728542
2026-03-12 10:00:00,9.690,9.740,9.670,9.720,5927700
2026-03-12 10:30:00,9.720,9.830,9.720,9.800,10968691
2026-03-12 11:00:00,9.810,9.810,9.760,9.770,2189300
2026-03-12 11:30:00,9.770,9.780,9.730,9.750,1997200
2026-03-12 13:30:00,9.750,9.750,9.700,9.710,3129073
2026-03-12 14:00:00,9.720,9.760,9.710,9.740,2871149
2026-03-12 14:30:00,9.750,9.770,9.740,9.760,2133000
2026-03-12 15:00:00,9.760,9.780,9.750,9.750,4150886
2026-03-13 10:00:00,9.730,9.770,9.680,9.710,7407407
2026-03-13 10:30:00,9.710,9.760,9.710,9.750,3061300
2026-03-13 11:00:00,9.740,9.860,9.700,9.860,12320941
2026-03-13 11:30:00,9.860,9.920,9.850,9.900,10326963
2026-03-13 13:30:00,9.900,9.950,9.880,9.920,8509376
2026-03-13 14:00:00,9.920,9.920,9.870,9.900,3902708
2026-03-13 14:30:00,9.890,9.900,9.860,9.860,3488000
2026-03-13 15:00:00,9.860,9.880,9.830,9.870,5550915
2026-03-16 10:00:00,9.840,9.920,9.830,9.880,8331085
2026-03-16 10:30:00,9.870,9.980,9.860,9.940,8272650
2026-03-16 11:00:00,9.930,9.980,9.920,9.950,5608060
2026-03-16 11:30:00,9.940,10.020,9.930,10.000,8396134
2026-03-16 13:30:00,10.010,10.010,9.890,9.900,5259900
2026-03-16 14:00:00,9.900,9.930,9.890,9.920,2401300
2026-03-16 14:30:00,9.920,9.930,9.900,9.910,3627035
2026-03-16 15:00:00,9.910,9.930,9.890,9.920,5145800
2026-03-17 10:00:00,9.910,10.020,9.880,10.000,9039100
2026-03-17 10:30:00,10.010,10.020,9.990,10.000,6882100
2026-03-17 11:00:00,10.000,10.020,9.960,10.010,4080521
2026-03-17 11:30:00,10.000,10.010,9.980,10.000,1605600
2026-03-17 13:30:00,10.000,10.080,9.990,10.050,10591454
2026-03-17 14:00:00,10.040,10.070,10.040,10.060,3364744
2026-03-17 14:30:00,10.050,10.070,10.050,10.050,5089162
2026-03-17 15:00:00,10.050,10.060,10.030,10.050,5114569
2026-03-18 10:00:00,10.050,10.060,9.950,9.970,9707666
2026-03-18 10:30:00,9.960,10.000,9.950,10.000,4564339
2026-03-18 11:00:00,10.000,10.050,9.980,10.050,4666410
2026-03-18 11:30:00,10.040,10.050,10.000,10.010,2674260
2026-03-18 13:30:00,10.000,10.020,9.970,9.990,3469952
2026-03-18 14:00:00,9.990,10.000,9.970,9.980,1460683
2026-03-18 14:30:00,9.990,9.990,9.950,9.960,4275491
2026-03-18 15:00:00,9.960,10.020,9.950,9.980,6593476
2026-03-19 10:00:00,9.980,10.050,9.960,10.030,6764132
2026-03-19 10:30:00,10.030,10.050,10.000,10.020,4410877
2026-03-19 11:00:00,10.020,10.030,9.950,9.960,3700504
2026-03-19 11:30:00,9.970,10.000,9.950,9.980,1688300
2026-03-19 13:30:00,9.980,10.010,9.970,9.980,2429010
2026-03-19 14:00:00,9.990,10.000,9.960,9.980,3311583
2026-03-19 14:30:00,9.990,10.010,9.960,9.980,3074445
2026-03-19 15:00:00,9.980,9.990,9.930,9.970,8978698
2026-03-20 10:00:00,9.940,10.020,9.900,9.980,7809460
2026-03-20 10:30:00,9.980,10.000,9.950,9.950,3584204
2026-03-20 11:00:00,9.950,9.980,9.940,9.980,2014466
2026-03-20 11:30:00,9.970,10.010,9.970,9.990,2878534
2026-03-20 13:30:00,9.990,10.000,9.930,9.950,3264634
2026-03-20 14:00:00,9.940,9.960,9.930,9.930,2566032
2026-03-20 14:30:00,9.930,9.950,9.910,9.910,3456500
2026-03-20 15:00:00,9.910,9.920,9.890,9.890,6884902
2026-03-23 10:00:00,9.860,9.870,9.700,9.820,16607814
2026-03-23 10:30:00,9.810,9.860,9.780,9.800,4586366
2026-03-23 11:00:00,9.800,9.810,9.740,9.740,4108331
2026-03-23 11:30:00,9.740,9.750,9.700,9.710,4806483
2026-03-23 13:30:00,9.710,9.740,9.660,9.660,5658008
2026-03-23 14:00:00,9.660,9.700,9.640,9.670,4746466
2026-03-23 14:30:00,9.670,9.680,9.620,9.650,4887873
2026-03-23 15:00:00,9.650,9.660,9.610,9.650,5805132
2026-03-24 10:00:00,9.700,9.880,9.680,9.880,12662854
2026-03-24 10:30:00,9.880,9.970,9.870,9.950,10443033
2026-03-24 11:00:00,9.940,9.950,9.880,9.900,3073935
2026-03-24 11:30:00,9.910,9.910,9.850,9.850,2594856
2026-03-24 13:30:00,9.860,9.880,9.830,9.850,2663500
2026-03-24 14:00:00,9.850,9.860,9.820,9.820,2942400
2026-03-24 14:30:00,9.840,9.900,9.800,9.820,5481400
2026-03-24 15:00:00,9.820,9.870,9.800,9.870,5172600
2026-03-25 10:00:00,9.860,9.880,9.700,9.730,15557300
2026-03-25 10:30:00,9.730,9.780,9.710,9.770,4545699
2026-03-25 11:00:00,9.770,9.790,9.750,9.780,3257800
2026-03-25 11:30:00,9.770,9.840,9.770,9.810,3830166
2026-03-25 13:30:00,9.820,9.830,9.770,9.780,2888191
2026-03-25 14:00:00,9.780,9.820,9.770,9.790,2058100
2026-03-25 14:30:00,9.800,9.800,9.770,9.770,2728639
2026-03-25 15:00:00,9.780,9.840,9.770,9.810,4993017
2026-03-26 10:00:00,9.780,9.940,9.770,9.910,12063400
2026-03-26 10:30:00,9.910,9.920,9.840,9.890,4270588
2026-03-26 11:00:00,9.900,9.920,9.860,9.860,2599912
2026-03-26 11:30:00,9.860,9.880,9.840,9.880,2134700
2026-03-26 13:30:00,9.860,9.900,9.840,9.850,3277400
2026-03-26 14:00:00,9.840,9.870,9.840,9.850,2691900
2026-03-26 14:30:00,9.840,9.850,9.820,9.830,2428300
2026-03-26 15:00:00,9.830,9.830,9.810,9.810,4779032
2026-03-27 10:00:00,9.810,9.840,9.750,9.800,8244700
2026-03-27 10:30:00,9.800,9.840,9.780,9.780,3152600
2026-03-27 11:00:00,9.780,9.860,9.750,9.810,11463162
2026-03-27 11:30:00,9.810,9.850,9.800,9.840,2925891
2026-03-27 13:30:00,9.840,9.870,9.820,9.830,3315732
2026-03-27 14:00:00,9.840,9.850,9.790,9.810,5570023
2026-03-27 14:30:00,9.800,9.810,9.770,9.780,5313126
2026-03-27 15:00:00,9.780,9.820,9.770,9.790,5182364
2026-03-30 10:00:00,9.760,9.870,9.740,9.860,11100913
2026-03-30 10:30:00,9.860,9.940,9.860,9.910,9289582
2026-03-30 11:00:00,9.910,9.930,9.880,9.900,3581843
2026-03-30 11:30:00,9.900,9.900,9.880,9.900,1741700
2026-03-30 13:30:00,9.890,9.930,9.860,9.930,4007900
2026-03-30 14:00:00,9.930,9.940,9.900,9.910,2548899
2026-03-30 14:30:00,9.920,9.930,9.910,9.930,2038287
2026-03-30 15:00:00,9.930,9.930,9.910,9.920,3342864
2026-03-31 10:00:00,9.940,9.990,9.880,9.900,8238100
2026-03-31 10:30:00,9.890,9.950,9.880,9.940,3122300
2026-03-31 11:00:00,9.950,10.000,9.940,9.980,5680292
2026-03-31 11:30:00,9.970,9.980,9.930,9.940,2937731
2026-03-31 13:30:00,9.930,9.990,9.930,9.980,3593591
2026-03-31 14:00:00,9.980,10.000,9.950,9.980,3563432
2026-03-31 14:30:00,9.970,9.980,9.930,9.930,3556300
2026-03-31 15:00:00,9.940,9.940,9.910,9.910,5822804
2026-04-01 10:00:00,9.920,10.020,9.920,10.010,12650058
2026-04-01 10:30:00,10.010,10.050,10.010,10.020,7801730
2026-04-01 11:00:00,10.020,10.030,9.980,9.980,2700166
2026-04-01 11:30:00,9.980,10.000,9.950,9.970,1839400
2026-04-01 13:30:00,9.970,9.970,9.890,9.890,6697700
2026-04-01 14:00:00,9.890,9.900,9.880,9.900,4432860
2026-04-01 14:30:00,9.890,9.900,9.880,9.900,2739319
2026-04-01 15:00:00,9.890,9.900,9.870,9.890,4749124
2026-04-02 10:00:00,9.900,9.940,9.870,9.910,3686381
2026-04-02 10:30:00,9.920,9.930,9.900,9.910,2526357
2026-04-02 11:00:00,9.920,9.940,9.910,9.910,3362451
2026-04-02 11:30:00,9.910,9.930,9.880,9.880,2186239
2026-04-02 13:30:00,9.880,9.910,9.870,9.900,2510844
2026-04-02 14:00:00,9.900,9.920,9.860,9.860,2959575
2026-04-02 14:30:00,9.870,9.910,9.860,9.890,2652566
2026-04-02 15:00:00,9.890,9.980,9.890,9.930,6172628
