date,open,high,low,close,volume
2025-03-27 14:30:00,7.950,7.970,7.950,7.950,1140100
2025-03-27 15:00:00,7.950,7.960,7.940,7.950,2556200
2025-03-28 10:00:00,7.930,8.040,7.920,7.960,7454947
2025-03-28 10:30:00,7.960,8.000,7.960,7.980,1910840
2025-03-28 11:00:00,7.970,8.010,7.970,7.980,2049339
2025-03-28 11:30:00,7.980,8.000,7.960,7.990,1761540
2025-03-28 13:30:00,7.990,8.020,7.980,7.980,2035160
2025-03-28 14:00:00,7.990,8.050,7.980,8.020,4114153
2025-03-28 14:30:00,8.030,8.040,8.010,8.030,1791260
2025-03-28 15:00:00,8.030,8.040,8.000,8.010,3925970
2025-03-31 10:00:00,7.990,7.990,7.870,7.930,8049980
2025-03-31 10:30:00,7.920,7.970,7.860,7.860,4366200
2025-03-31 11:00:00,7.860,7.860,7.800,7.810,5520000
2025-03-31 11:30:00,7.810,7.830,7.780,7.780,3327280
2025-03-31 13:30:00,7.790,7.790,7.750,7.760,4135700
2025-03-31 14:00:00,7.760,7.780,7.750,7.770,1769553
2025-03-31 14:30:00,7.770,7.820,7.760,7.790,2514400
2025-03-31 15:00:00,7.790,7.800,7.780,7.800,2729760
2025-04-01 10:00:00,7.800,7.820,7.770,7.800,5056500
2025-04-01 10:30:00,7.810,7.850,7.800,7.830,3191230
2025-04-01 11:00:00,7.830,7.830,7.800,7.800,1681700
2025-04-01 11:30:00,7.810,7.820,7.790,7.800,2004000
2025-04-01 13:30:00,7.800,7.810,7.760,7.770,2945370
2025-04-01 14:00:00,7.760,7.770,7.750,7.760,3014922
2025-04-01 14:30:00,7.760,7.780,7.760,7.780,1416030
2025-04-01 15:00:00,7.770,7.790,7.770,7.790,1744295
2025-04-02 10:00:00,7.790,7.820,7.760,7.820,4142400
2025-04-02 10:30:00,7.820,7.850,7.800,7.820,4241003
2025-04-02 11:00:00,7.820,7.840,7.810,7.810,1145670
2025-04-02 11:30:00,7.810,7.830,7.800,7.820,832600
2025-04-02 13:30:00,7.820,7.840,7.810,7.820,1391940
2025-04-02 14:00:00,7.820,7.830,7.800,7.830,1260400
2025-04-02 14:30:00,7.820,7.830,7.800,7.810,1102548
2025-04-02 15:00:00,7.810,7.820,7.800,7.820,2468254
2025-04-03 10:00:00,7.770,7.870,7.740,7.850,6871997
2025-04-03 10:30:00,7.860,7.880,7.810,7.880,3153700
2025-04-03 11:00:00,7.880,7.890,7.860,7.860,1944700
2025-04-03 11:30:00,7.870,7.870,7.800,7.830,1488400
2025-04-03 13:30:00,7.820,7.830,7.790,7.810,1247600
2025-04-03 14:00:00,7.810,7.850,7.800,7.850,849100
2025-04-03 14:30:00,7.850,7.860,7.830,7.840,808300
2025-04-03 15:00:00,7.840,7.850,7.830,7.840,1350030
2025-04-07 10:00:00,7.480,7.550,7.110,7.300,17756430
2025-04-07 10:30:00,7.300,7.330,7.240,7.290,5107400
2025-04-07 11:00:00,7.300,7.350,7.260,7.270,1963860
2025-04-07 11:30:00,7.270,7.280,7.210,7.220,1748540
2025-04-07 13:30:00,7.210,7.220,7.130,7.140,3328550
2025-04-07 14:00:00,7.140,7.170,7.060,7.110,5079880
2025-04-07 14:30:00,7.100,7.110,7.060,7.060,4330010
2025-04-07 15:00:00,7.060,7.120,7.060,7.100,4480100
2025-04-08 10:00:00,7.150,7.270,7.130,7.220,10673835
2025-04-08 10:30:00,7.220,7.230,7.150,7.160,2088440
2025-04-08 11:00:00,7.170,7.200,7.150,7.160,1450850
2025-04-08 11:30:00,7.160,7.190,7.150,7.180,1156400
2025-04-08 13:30:00,7.190,7.190,7.130,7.140,2210770
2025-04-08 14:00:00,7.140,7.170,7.100,7.130,2629510
2025-04-08 14:30:00,7.130,7.150,7.080,7.120,2220885
2025-04-08 15:00:00,7.120,7.190,7.110,7.170,3866300
2025-04-09 10:00:00,7.090,7.170,6.990,7.160,9411630
2025-04-09 10:30:00,7.170,7.250,7.160,7.220,4290523
2025-04-09 11:00:00,7.210,7.230,7.200,7.230,1748830
2025-04-09 11:30:00,7.230,7.260,7.180,7.240,3882050
2025-04-09 13:30:00,7.240,7.240,7.190,7.240,3653530
2025-04-09 14:00:00,7.240,7.330,7.230,7.280,4452700
2025-04-09 14:30:00,7.280,7.310,7.250,7.280,1932850
2025-04-09 15:00:00,7.280,7.310,7.260,7.260,2780654
2025-04-10 10:00:00,7.340,7.450,7.290,7.430,8716230
2025-04-10 10:30:00,7.440,7.470,7.410,7.430,3066720
2025-04-10 11:00:00,7.430,7.460,7.380,7.410,2807100
2025-04-10 11:30:00,7.410,7.450,7.400,7.430,1229270
2025-04-10 13:30:00,7.420,7.470,7.410,7.460,2748622
2025-04-10 14:00:00,7.460,7.470,7.430,7.450,1094380
2025-04-10 14:30:00,7.450,7.470,7.430,7.450,2192060
2025-04-10 15:00:00,7.450,7.460,7.410,7.410,3299770
2025-04-11 10:00:00,7.390,7.410,7.360,7.390,3322700
2025-04-11 10:30:00,7.400,7.450,7.380,7.400,2797149
2025-04-11 11:00:00,7.400,7.410,7.370,7.370,1080600
2025-04-11 11:30:00,7.370,7.410,7.370,7.400,886600
2025-04-11 13:30:00,7.400,7.430,7.390,7.420,2039100
2025-04-11 14:00:00,7.420,7.460,7.410,7.420,1784900
2025-04-11 14:30:00,7.430,7.450,7.400,7.400,1342250
2025-04-11 15:00:00,7.400,7.410,7.390,7.400,2289450
2025-04-14 10:00:00,7.460,7.480,7.400,7.430,3605130
2025-04-14 10:30:00,7.430,7.450,7.420,7.440,1875530
2025-04-14 11:00:00,7.440,7.480,7.430,7.450,1633080
2025-04-14 11:30:00,7.450,7.470,7.440,7.450,898188
2025-04-14 13:30:00,7.450,7.460,7.420,7.420,1212570
2025-04-14 14:00:00,7.430,7.440,7.420,7.440,820200
2025-04-14 14:30:00,7.440,7.450,7.420,7.440,776900
2025-04-14 15:00:00,7.440,7.460,7.430,7.430,1743630
2025-04-15 10:00:00,7.440,7.450,7.380,7.390,1935300
2025-04-15 10:30:00,7.390,7.410,7.380,7.400,1164400
2025-04-15 11:00:00,7.400,7.420,7.390,7.400,655000
2025-04-15 11:30:00,7.400,7.420,7.390,7.420,635300
2025-04-15 13:30:00,7.420,7.430,7.380,7.380,910900
2025-04-15 14:00:00,7.380,7.410,7.380,7.390,866800
2025-04-15 14:30:00,7.390,7.400,7.390,7.390,589500
2025-04-15 15:00:00,7.400,7.420,7.390,7.410,1681280
2025-04-16 10:00:00,7.380,7.410,7.360,7.360,2209410
2025-04-16 10:30:00,7.370,7.370,7.340,7.340,1537100
2025-04-16 11:00:00,7.340,7.350,7.320,7.320,1450100
2025-04-16 11:30:00,7.330,7.330,7.280,7.280,1420750
2025-04-16 13:30:00,7.280,7.320,7.270,7.310,1251700
2025-04-16 14:00:00,7.300,7.350,7.300,7.320,907230
2025-04-16 14:30:00,7.320,7.340,7.310,7.330,411400
2025-04-16 15:00:00,7.330,7.400,7.310,7.380,3773060
2025-04-17 10:00:00,7.370,7.420,7.330,7.390,2662997
2025-04-17 10:30:00,7.390,7.410,7.380,7.390,1287200
2025-04-17 11:00:00,7.380,7.400,7.370,7.390,843800
2025-04-17 11:30:00,7.380,7.400,7.370,7.400,1553400
2025-04-17 13:30:00,7.400,7.400,7.360,7.370,1182400
2025-04-17 14:00:00,7.380,7.390,7.360,7.380,1030560
2025-04-17 14:30:00,7.370,7.400,7.360,7.380,1099100
2025-04-17 15:00:00,7.380,7.390,7.350,7.370,2952340
2025-04-18 10:00:00,7.390,7.390,7.350,7.380,1559760
2025-04-18 10:30:00,7.380,7.390,7.350,7.370,940800
2025-04-18 11:00:00,7.360,7.380,7.360,7.370,415373
2025-04-18 11:30:00,7.360,7.370,7.350,7.370,453600
2025-04-18 13:30:00,7.360,7.380,7.340,7.370,811170
2025-04-18 14:00:00,7.370,7.440,7.360,7.420,2210930
2025-04-18 14:30:00,7.430,7.430,7.390,7.410,1571050
2025-04-18 15:00:00,7.420,7.450,7.410,7.430,2826079
2025-04-21 10:00:00,7.430,7.480,7.390,7.460,2900074
2025-04-21 10:30:00,7.460,7.480,7.450,7.460,1189380
2025-04-21 11:00:00,7.450,7.460,7.430,7.440,1013200
2025-04-21 11:30:00,7.430,7.460,7.430,7.460,928160
2025-04-21 13:30:00,7.450,7.460,7.430,7.460,921770
2025-04-21 14:00:00,7.460,7.470,7.440,7.460,519100
2025-04-21 14:30:00,7.460,7.470,7.450,7.460,783900
2025-04-21 15:00:00,7.460,7.470,7.450,7.470,1646850
2025-04-22 10:00:00,7.480,7.500,7.440,7.500,3073280
2025-04-22 10:30:00,7.490,7.500,7.460,7.460,1039890
2025-04-22 11:00:00,7.460,7.470,7.450,7.460,1074540
2025-04-22 11:30:00,7.470,7.480,7.450,7.460,476800
2025-04-22 13:30:00,7.460,7.470,7.450,7.460,860800
2025-04-22 14:00:00,7.460,7.480,7.450,7.460,821200
2025-04-22 14:30:00,7.460,7.490,7.460,7.470,1507800
2025-04-22 15:00:00,7.460,7.470,7.440,7.450,1820124
2025-04-23 10:00:00,7.480,7.500,7.430,7.430,2137550
2025-04-23 10:30:00,7.440,7.440,7.420,7.430,1482470
2025-04-23 11:00:00,7.420,7.440,7.410,7.420,801100
2025-04-23 11:30:00,7.430,7.450,7.420,7.450,422100
2025-04-23 13:30:00,7.450,7.460,7.430,7.450,951350
2025-04-23 14:00:00,7.440,7.460,7.440,7.440,653200
2025-04-23 14:30:00,7.440,7.450,7.420,7.440,1316900
2025-04-23 15:00:00,7.430,7.440,7.420,7.430,1305400
2025-04-24 10:00:00,7.450,7.470,7.410,7.440,2173500
2025-04-24 10:30:00,7.450,7.470,7.440,7.460,1869570
2025-04-24 11:00:00,7.450,7.460,7.410,7.410,1089700
2025-04-24 11:30:00,7.420,7.420,7.370,7.380,1979720
2025-04-24 13:30:00,7.390,7.430,7.370,7.410,1035260
2025-04-24 14:00:00,7.410,7.430,7.400,7.420,890070
2025-04-24 14:30:00,7.410,7.420,7.380,7.390,554100
2025-04-24 15:00:00,7.400,7.410,7.390,7.390,1123909
2025-04-25 10:00:00,7.400,7.440,7.400,7.420,1615309
2025-04-25 10:30:00,7.420,7.460,7.400,7.430,1439290
2025-04-25 11:00:00,7.430,7.460,7.420,7.430,1240740
2025-04-25 11:30:00,7.420,7.470,7.420,7.470,2147160
2025-04-25 13:30:00,7.460,7.480,7.450,7.470,1353130
2025-04-25 14:00:00,7.460,7.490,7.460,7.460,1627330
2025-04-25 14:30:00,7.460,7.470,7.440,7.460,542200
2025-04-25 15:00:00,7.450,7.460,7.440,7.440,1493300
2025-04-28 10:00:00,7.440,7.460,7.310,7.320,4941030
2025-04-28 10:30:00,7.320,7.360,7.300,7.360,1875120
2025-04-28 11:00:00,7.360,7.380,7.350,7.370,772900
2025-04-28 11:30:00,7.360,7.380,7.350,7.360,726200
2025-04-28 13:30:00,7.360,7.380,7.350,7.380,1023130
2025-04-28 14:00:00,7.380,7.380,7.350,7.360,576600
2025-04-28 14:30:00,7.350,7.360,7.340,7.360,564700
2025-04-28 15:00:00,7.360,7.360,7.340,7.340,1109470
2025-04-29 10:00:00,7.370,7.400,7.320,7.380,2175100
2025-04-29 10:30:00,7.380,7.390,7.360,7.370,931750
2025-04-29 11:00:00,7.360,7.370,7.350,7.370,524440
2025-04-29 11:30:00,7.360,7.380,7.350,7.360,381400
2025-04-29 13:30:00,7.360,7.370,7.340,7.350,809000
2025-04-29 14:00:00,7.350,7.360,7.340,7.350,588100
2025-04-29 14:30:00,7.350,7.370,7.340,7.360,847690
2025-04-29 15:00:00,7.360,7.370,7.350,7.370,1568340
2025-04-30 10:00:00,7.410,7.500,7.410,7.450,5132800
2025-04-30 10:30:00,7.450,7.480,7.450,7.480,1298530
2025-04-30 11:00:00,7.480,7.490,7.460,7.480,1526200
2025-04-30 11:30:00,7.480,7.490,7.470,7.480,896160
2025-04-30 13:30:00,7.490,7.490,7.440,7.460,1047640
2025-04-30 14:00:00,7.450,7.470,7.440,7.440,522300
2025-04-30 14:30:00,7.450,7.460,7.430,7.450,1698059
2025-04-30 15:00:00,7.450,7.460,7.380,7.380,6558603
2025-05-06 10:00:00,7.470,7.580,7.460,7.520,6959156
2025-05-06 10:30:00,7.520,7.540,7.500,7.510,2473540
2025-05-06 11:00:00,7.520,7.540,7.500,7.520,1818630
2025-05-06 11:30:00,7.530,7.540,7.520,7.520,1479230
2025-05-06 13:30:00,7.540,7.540,7.490,7.540,2710300
2025-05-06 14:00:00,7.540,7.540,7.510,7.510,1242100
2025-05-06 14:30:00,7.520,7.530,7.510,7.520,1484380
2025-05-06 15:00:00,7.530,7.540,7.510,7.530,2501460
2025-05-07 10:00:00,7.680,7.750,7.580,7.590,10352720
2025-05-07 10:30:00,7.600,7.610,7.580,7.600,2049980
2025-05-07 11:00:00,7.600,7.610,7.580,7.590,1559880
2025-05-07 11:30:00,7.590,7.610,7.570,7.600,1246100
2025-05-07 13:30:00,7.590,7.600,7.580,7.590,909760
2025-05-07 14:00:00,7.590,7.590,7.560,7.560,717540
2025-05-07 14:30:00,7.560,7.570,7.540,7.550,1320900
2025-05-07 15:00:00,7.560,7.570,7.550,7.560,1943394
2025-05-08 10:00:00,7.530,7.590,7.510,7.580,3386570
2025-05-08 10:30:00,7.580,7.580,7.550,7.580,1459900
2025-05-08 11:00:00,7.580,7.580,7.560,7.580,1369900
2025-05-08 11:30:00,7.580,7.590,7.570,7.570,915780
2025-05-08 13:30:00,7.580,7.580,7.550,7.550,1396630
2025-05-08 14:00:00,7.550,7.570,7.550,7.560,1001800
2025-05-08 14:30:00,7.570,7.590,7.560,7.580,1346760
2025-05-08 15:00:00,7.580,7.590,7.560,7.570,2368830
2025-05-09 10:00:00,7.560,7.580,7.530,7.540,1936136
2025-05-09 10:30:00,7.540,7.560,7.520,7.530,1288600
2025-05-09 11:00:00,7.520,7.530,7.470,7.490,1730500
2025-05-09 11:30:00,7.490,7.510,7.480,7.510,754600
2025-05-09 13:30:00,7.510,7.520,7.490,7.520,755600
2025-05-09 14:00:00,7.520,7.540,7.510,7.520,759100
2025-05-09 14:30:00,7.530,7.530,7.500,7.500,1033700
2025-05-09 15:00:00,7.510,7.570,7.500,7.540,5225780
2025-05-12 10:00:00,7.480,7.490,7.440,7.480,3464800
2025-05-12 10:30:00,7.480,7.520,7.470,7.500,2356500
2025-05-12 11:00:00,7.500,7.520,7.490,7.500,1163400
2025-05-12 11:30:00,7.500,7.500,7.480,7.490,781075
2025-05-12 13:30:00,7.500,7.510,7.490,7.510,774598
2025-05-12 14:00:00,7.500,7.510,7.500,7.510,890200
2025-05-12 14:30:00,7.510,7.570,7.500,7.570,3964340
2025-05-12 15:00:00,7.570,7.590,7.550,7.580,3291490
2025-05-13 10:00:00,7.650,7.670,7.570,7.590,4481140
2025-05-13 10:30:00,7.580,7.590,7.520,7.550,2356200
2025-05-13 11:00:00,7.550,7.550,7.530,7.540,648700
2025-05-13 11:30:00,7.550,7.550,7.520,7.530,966600
2025-05-13 13:30:00,7.530,7.550,7.520,7.540,666550
2025-05-13 14:00:00,7.540,7.590,7.540,7.580,1762500
2025-05-13 14:30:00,7.580,7.610,7.570,7.600,1671400
2025-05-13 15:00:00,7.610,7.610,7.590,7.590,3200920
2025-05-14 10:00:00,7.620,7.720,7.570,7.650,8440930
2025-05-14 10:30:00,7.650,7.650,7.610,7.610,1862500
2025-05-14 11:00:00,7.620,7.620,7.590,7.600,1067500
2025-05-14 11:30:00,7.590,8.090,7.590,7.990,31412978
2025-05-14 13:30:00,7.990,8.350,7.870,8.350,56169913
2025-05-14 14:00:00,8.350,8.350,8.350,8.350,5279026
2025-05-14 14:30:00,8.350,8.350,8.350,8.350,3549074
2025-05-14 15:00:00,8.350,8.350,8.350,8.350,4725350
2025-05-15 10:00:00,8.580,8.860,8.500,8.700,125758891
2025-05-15 10:30:00,8.690,8.740,8.600,8.660,23708394
2025-05-15 11:00:00,8.670,8.670,8.430,8.470,22049140
2025-05-15 11:30:00,8.470,8.540,8.460,8.530,8269720
2025-05-15 13:30:00,8.540,8.560,8.420,8.440,7963532
2025-05-15 14:00:00,8.440,8.540,8.410,8.480,9035670
2025-05-15 14:30:00,8.480,8.500,8.420,8.460,6000100
2025-05-15 15:00:00,8.460,8.460,8.360,8.380,16677268
2025-05-16 10:00:00,8.310,8.460,8.160,8.270,44758392
2025-05-16 10:30:00,8.280,8.360,8.170,8.180,13364700
2025-05-16 11:00:00,8.190,8.330,8.180,8.280,7877980
2025-05-16 11:30:00,8.290,8.300,8.220,8.270,3959970
2025-05-16 13:30:00,8.270,8.320,8.230,8.280,6064612
2025-05-16 14:00:00,8.280,8.650,8.260,8.550,33743570
2025-05-16 14:30:00,8.540,8.620,8.480,8.520,16053581
2025-05-16 15:00:00,8.520,8.540,8.420,8.470,17318502
2025-05-19 10:00:00,8.360,8.440,8.260,8.310,29737278
2025-05-19 10:30:00,8.320,8.470,8.310,8.370,11029330
2025-05-19 11:00:00,8.370,8.430,8.330,8.370,6376500
2025-05-19 11:30:00,8.370,8.390,8.300,8.340,7326402
2025-05-19 13:30:00,8.330,8.380,8.320,8.330,5631460
2025-05-19 14:00:00,8.340,8.370,8.320,8.320,5744620
2025-05-19 14:30:00,8.330,8.430,8.320,8.380,9317853
2025-05-19 15:00:00,8.380,8.400,8.350,8.390,11680200
2025-05-20 10:00:00,8.400,8.540,8.340,8.360,29669430
2025-05-20 10:30:00,8.350,8.370,8.280,8.300,11297623
2025-05-20 11:00:00,8.300,8.310,8.250,8.270,8404700
2025-05-20 11:30:00,8.280,8.370,8.260,8.350,5284080
2025-05-20 13:30:00,8.350,8.520,8.310,8.380,18093010
2025-05-20 14:00:00,8.380,8.390,8.320,8.330,4610000
2025-05-20 14:30:00,8.330,8.370,8.320,8.330,3096920
2025-05-20 15:00:00,8.330,8.340,8.320,8.340,6844810
2025-05-21 10:00:00,8.270,8.650,8.270,8.540,52788328
2025-05-21 10:30:00,8.530,8.580,8.460,8.560,12372150
2025-05-21 11:00:00,8.560,8.670,8.550,8.580,18569861
2025-05-21 11:30:00,8.580,8.620,8.550,8.590,5240484
2025-05-21 13:30:00,8.590,8.590,8.470,8.530,5619276
2025-05-21 14:00:00,8.530,8.530,8.460,8.480,5256710
2025-05-21 14:30:00,8.480,8.540,8.450,8.490,6412045
2025-05-21 15:00:00,8.480,8.550,8.480,8.510,12632980
2025-05-22 10:00:00,8.390,8.570,8.350,8.500,24686370
2025-05-22 10:30:00,8.520,8.540,8.420,8.460,8584700
2025-05-22 11:00:00,8.460,8.500,8.400,8.410,5364630
2025-05-22 11:30:00,8.410,8.650,8.400,8.580,15962608
2025-05-22 13:30:00,8.580,8.580,8.480,8.500,4841000
2025-05-22 14:00:00,8.500,8.560,8.470,8.550,4282987
2025-05-22 14:30:00,8.560,8.560,8.490,8.510,5649850
2025-05-22 15:00:00,8.510,8.530,8.480,8.520,10005160
2025-05-23 10:00:00,8.550,8.550,8.380,8.440,21338120
2025-05-23 10:30:00,8.440,8.500,8.390,8.390,8036900
2025-05-23 11:00:00,8.390,8.410,8.340,8.390,9407036
2025-05-23 11:30:00,8.390,8.400,8.340,8.350,4958568
2025-05-23 13:30:00,8.360,8.360,8.320,8.330,4803800
2025-05-23 14:00:00,8.330,8.360,8.300,8.300,6576460
2025-05-23 14:30:00,8.310,8.310,8.220,8.250,14166456
2025-05-23 15:00:00,8.240,8.280,8.220,8.220,13100051
2025-05-26 10:00:00,8.150,8.240,8.080,8.170,14222630
2025-05-26 10:30:00,8.170,8.200,8.120,8.160,6017300
2025-05-26 11:00:00,8.160,8.160,8.080,8.090,6956670
2025-05-26 11:30:00,8.090,8.130,8.080,8.090,3982852
2025-05-26 13:30:00,8.100,8.130,8.080,8.100,4396200
2025-05-26 14:00:00,8.110,8.130,8.100,8.110,2772670
2025-05-26 14:30:00,8.110,8.160,8.100,8.160,4131320
2025-05-26 15:00:00,8.160,8.200,8.150,8.190,6763788
2025-05-27 10:00:00,8.160,8.200,8.110,8.150,6880136
2025-05-27 10:30:00,8.150,8.160,8.120,8.130,3036000
2025-05-27 11:00:00,8.130,8.150,8.100,8.130,4493780
2025-05-27 11:30:00,8.130,8.150,8.110,8.120,1852118
2025-05-27 13:30:00,8.110,8.200,8.110,8.140,3268580
2025-05-27 14:00:00,8.140,8.150,8.110,8.130,1783000
2025-05-27 14:30:00,8.130,8.160,8.130,8.140,2575460
2025-05-27 15:00:00,8.140,8.150,8.120,8.130,4562390
2025-05-28 10:00:00,8.170,8.360,8.160,8.260,17837670
2025-05-28 10:30:00,8.260,8.270,8.190,8.190,4806760
2025-05-28 11:00:00,8.190,8.200,8.160,8.200,3747640
2025-05-28 11:30:00,8.200,8.220,8.160,8.180,2262725
2025-05-28 13:30:00,8.170,8.190,8.140,8.150,2466845
2025-05-28 14:00:00,8.160,8.170,8.120,8.140,2733700
2025-05-28 14:30:00,8.140,8.150,8.110,8.140,3032100
2025-05-28 15:00:00,8.140,8.170,8.120,8.170,6487151
2025-05-29 10:00:00,8.130,8.210,8.080,8.180,13180980
2025-05-29 10:30:00,8.170,8.190,8.130,8.170,7347060
2025-05-29 11:00:00,8.160,8.220,8.150,8.190,7769200
2025-05-29 11:30:00,8.200,8.200,8.170,8.200,3178330
2025-05-29 13:30:00,8.200,8.210,8.170,8.180,4452940
2025-05-29 14:00:00,8.180,8.200,8.170,8.190,3832680
2025-05-29 14:30:00,8.190,8.200,8.160,8.160,3671000
2025-05-29 15:00:00,8.170,8.180,8.150,8.180,7767523
2025-05-30 10:00:00,8.110,8.130,8.070,8.080,11203368
2025-05-30 10:30:00,8.080,8.160,8.080,8.120,4596900
2025-05-30 11:00:00,8.130,8.300,8.100,8.260,8318490
2025-05-30 11:30:00,8.250,8.280,8.190,8.280,9702013
2025-05-30 13:30:00,8.280,8.290,8.200,8.210,6420253
2025-05-30 14:00:00,8.210,8.210,8.150,8.160,5760675
2025-05-30 14:30:00,8.170,8.170,8.130,8.150,3627500
2025-05-30 15:00:00,8.150,8.170,8.130,8.130,6385089
2025-06-03 10:00:00,8.090,8.270,8.080,8.210,13249980
2025-06-03 10:30:00,8.210,8.220,8.170,8.190,5572157
2025-06-03 11:00:00,8.200,8.240,8.190,8.210,4254900
2025-06-03 11:30:00,8.210,8.430,8.210,8.300,22171331
2025-06-03 13:30:00,8.310,8.310,8.250,8.270,4076000
2025-06-03 14:00:00,8.270,8.290,8.260,8.280,3379100
2025-06-03 14:30:00,8.280,8.320,8.260,8.320,5230890
2025-06-03 15:00:00,8.310,8.320,8.260,8.300,8164660
2025-06-04 10:00:00,8.220,8.360,8.220,8.310,15280300
2025-06-04 10:30:00,8.310,8.350,8.280,8.280,8583540
2025-06-04 11:00:00,8.280,8.290,8.240,8.280,4947500
2025-06-04 11:30:00,8.280,8.360,8.270,8.330,8352400
2025-06-04 13:30:00,8.350,8.360,8.310,8.320,5023124
2025-06-04 14:00:00,8.330,8.340,8.310,8.320,2909300
2025-06-04 14:30:00,8.320,8.330,8.310,8.320,3620050
2025-06-04 15:00:00,8.320,8.330,8.310,8.330,7293569
2025-06-05 10:00:00,8.320,8.390,8.260,8.270,15318290
2025-06-05 10:30:00,8.270,8.330,8.270,8.300,4593560
2025-06-05 11:00:00,8.300,8.310,8.270,8.300,2542650
2025-06-05 11:30:00,8.300,8.340,8.290,8.290,3557000
2025-06-05 13:30:00,8.300,8.300,8.240,8.270,6370260
2025-06-05 14:00:00,8.280,8.290,8.260,8.270,4668090
2025-06-05 14:30:00,8.260,8.290,8.260,8.290,3210800
2025-06-05 15:00:00,8.290,8.390,8.280,8.350,13202830
2025-06-06 10:00:00,8.330,8.370,8.280,8.290,9760760
2025-06-06 10:30:00,8.280,8.290,8.240,8.260,6052240
2025-06-06 11:00:00,8.260,8.280,8.250,8.260,2682200
2025-06-06 11:30:00,8.250,8.260,8.220,8.220,3674420
2025-06-06 13:30:00,8.230,8.260,8.210,8.240,3028312
2025-06-06 14:00:00,8.230,8.250,8.230,8.240,1596530
2025-06-06 14:30:00,8.240,8.240,8.210,8.230,1940430
2025-06-06 15:00:00,8.230,8.250,8.220,8.230,4377680
2025-06-09 10:00:00,8.330,8.400,8.270,8.330,22515076
2025-06-09 10:30:00,8.320,8.350,8.300,8.330,5961850
2025-06-09 11:00:00,8.330,8.390,8.320,8.350,5390021
2025-06-09 11:30:00,8.350,8.370,8.310,8.320,3234500
2025-06-09 13:30:00,8.310,8.320,8.280,8.300,4573950
2025-06-09 14:00:00,8.290,8.320,8.280,8.310,3580200
2025-06-09 14:30:00,8.320,8.350,8.310,8.330,3207170
2025-06-09 15:00:00,8.340,8.350,8.320,8.340,6436420
2025-06-10 10:00:00,8.330,8.330,8.240,8.250,9285600
2025-06-10 10:30:00,8.250,8.290,8.220,8.270,5455099
2025-06-10 11:00:00,8.270,8.270,8.240,8.250,2404300
2025-06-10 11:30:00,8.250,8.250,8.220,8.230,3116152
2025-06-10 13:30:00,8.230,8.240,8.110,8.110,9392568
2025-06-10 14:00:00,8.110,8.200,8.100,8.180,6567986
2025-06-10 14:30:00,8.170,8.190,8.140,8.180,4104006
2025-06-10 15:00:00,8.170,8.200,8.160,8.190,5410930
2025-06-11 10:00:00,8.210,8.400,8.170,8.360,21088850
2025-06-11 10:30:00,8.370,8.390,8.290,8.300,8081800
2025-06-11 11:00:00,8.290,8.310,8.280,8.280,2543000
2025-06-11 11:30:00,8.270,8.290,8.260,8.270,1560600
2025-06-11 13:30:00,8.280,8.300,8.260,8.270,2361076
2025-06-11 14:00:00,8.270,8.310,8.270,8.290,3028240
2025-06-11 14:30:00,8.300,8.360,8.280,8.330,4649830
2025-06-11 15:00:00,8.330,8.330,8.290,8.300,4692830
2025-06-12 10:00:00,8.240,8.300,8.220,8.250,8295300
2025-06-12 10:30:00,8.260,8.300,8.250,8.280,4037500
2025-06-12 11:00:00,8.290,8.370,8.280,8.350,6260760
2025-06-12 11:30:00,8.350,8.360,8.290,8.300,3675284
2025-06-12 13:30:00,8.310,8.320,8.270,8.270,3083715
2025-06-12 14:00:00,8.270,8.290,8.240,8.280,3333830
2025-06-12 14:30:00,8.280,8.290,8.270,8.290,1412130
2025-06-12 15:00:00,8.290,8.290,8.250,8.270,4255400
2025-06-13 10:00:00,8.220,8.260,8.150,8.150,8253930
2025-06-13 10:30:00,8.150,8.190,8.120,8.140,5708200
2025-06-13 11:00:00,8.140,8.160,8.120,8.140,2597450
2025-06-13 11:30:00,8.140,8.160,8.130,8.150,1839380
2025-06-13 13:30:00,8.150,8.150,8.120,8.150,3093700
2025-06-13 14:00:00,8.150,8.170,8.130,8.140,1730600
2025-06-13 14:30:00,8.140,8.170,8.130,8.140,2306685
2025-06-13 15:00:00,8.150,8.150,8.120,8.120,6311237
2025-06-16 10:00:00,8.120,8.210,8.100,8.140,5957600
2025-06-16 10:30:00,8.150,8.160,8.130,8.150,2461050
2025-06-16 11:00:00,8.150,8.160,8.120,8.140,2051500
2025-06-16 11:30:00,8.140,8.160,8.120,8.150,1718660
2025-06-16 13:30:00,8.140,8.170,8.120,8.160,1725590
2025-06-16 14:00:00,8.160,8.180,8.150,8.170,1744310
2025-06-16 14:30:00,8.180,8.200,8.170,8.200,2808490
2025-06-16 15:00:00,8.200,8.220,8.190,8.220,4973010
2025-06-17 10:00:00,8.250,8.270,8.180,8.230,4971260
2025-06-17 10:30:00,8.240,8.250,8.210,8.220,2422800
2025-06-17 11:00:00,8.220,8.240,8.200,8.240,1798600
2025-06-17 11:30:00,8.240,8.250,8.220,8.220,1459100
2025-06-17 13:30:00,8.220,8.230,8.200,8.220,1192710
2025-06-17 14:00:00,8.220,8.240,8.190,8.190,2308800
2025-06-17 14:30:00,8.190,8.210,8.190,8.190,1828130
2025-06-17 15:00:00,8.200,8.240,8.190,8.240,3921640
2025-06-18 10:00:00,8.220,8.220,8.150,8.150,5702000
2025-06-18 10:30:00,8.150,8.160,8.080,8.100,6216176
2025-06-18 11:00:00,8.090,8.140,8.090,8.100,2300300
2025-06-18 11:30:00,8.090,8.100,8.080,8.090,2377700
2025-06-18 13:30:00,8.100,8.130,8.090,8.130,1787100
2025-06-18 14:00:00,8.120,8.150,8.120,8.140,1393800
2025-06-18 14:30:00,8.140,8.150,8.120,8.150,1589700
2025-06-18 15:00:00,8.150,8.150,8.130,8.140,2856108
2025-06-19 10:00:00,8.120,8.150,8.020,8.040,7076500
2025-06-19 10:30:00,8.040,8.050,8.010,8.010,4462760
2025-06-19 11:00:00,8.020,8.030,7.990,8.000,3654310
2025-06-19 11:30:00,8.000,8.010,7.960,7.960,3412700
2025-06-19 13:30:00,7.960,7.980,7.920,7.970,3680250
2025-06-19 14:00:00,7.970,7.990,7.950,7.960,1627730
2025-06-19 14:30:00,7.970,7.980,7.930,7.960,2930940
2025-06-19 15:00:00,7.950,7.960,7.930,7.950,3619000
2025-06-20 10:00:00,7.950,8.000,7.930,7.970,3226400
2025-06-20 10:30:00,7.970,7.980,7.920,7.940,2080900
2025-06-20 11:00:00,7.950,7.980,7.940,7.950,1480800
2025-06-20 11:30:00,7.960,7.980,7.940,7.980,1063100
2025-06-20 13:30:00,7.970,7.980,7.940,7.940,1885100
2025-06-20 14:00:00,7.940,7.960,7.930,7.950,1070900
2025-06-20 14:30:00,7.940,7.950,7.920,7.930,1350800
2025-06-20 15:00:00,7.940,7.940,7.900,7.900,3121160
2025-06-23 10:00:00,7.910,7.990,7.890,7.970,5383000
2025-06-23 10:30:00,7.980,7.990,7.940,7.970,1342700
2025-06-23 11:00:00,7.970,8.000,7.960,7.990,2178900
2025-06-23 11:30:00,8.000,8.010,7.980,7.990,1268760
2025-06-23 13:30:00,7.990,8.010,7.970,8.010,1295400
2025-06-23 14:00:00,8.010,8.020,7.980,8.010,2664200
2025-06-23 14:30:00,8.020,8.070,8.010,8.050,3588800
2025-06-23 15:00:00,8.060,8.090,8.040,8.050,3648150
2025-06-24 10:00:00,8.060,8.210,8.050,8.210,10765130
2025-06-24 10:30:00,8.210,8.370,8.200,8.290,15185036
2025-06-24 11:00:00,8.290,8.330,8.270,8.280,5131560
2025-06-24 11:30:00,8.270,8.330,8.270,8.300,3071460
2025-06-24 13:30:00,8.300,8.320,8.280,8.300,3080100
2025-06-24 14:00:00,8.300,8.320,8.290,8.310,2997430
2025-06-24 14:30:00,8.310,8.320,8.280,8.300,2070740
2025-06-24 15:00:00,8.290,8.310,8.280,8.300,4415710
2025-06-25 10:00:00,8.320,8.450,8.280,8.400,19025960
2025-06-25 10:30:00,8.410,8.440,8.360,8.360,7566700
2025-06-25 11:00:00,8.370,8.440,8.360,8.440,4642490
2025-06-25 11:30:00,8.440,8.490,8.410,8.490,8016250
2025-06-25 13:30:00,8.490,8.630,8.460,8.610,15706010
2025-06-25 14:00:00,8.610,8.620,8.530,8.580,9200360
2025-06-25 14:30:00,8.590,8.640,8.560,8.610,9952780
2025-06-25 15:00:00,8.620,8.630,8.560,8.600,8694700
2025-06-26 10:00:00,8.580,8.720,8.430,8.610,29892670
2025-06-26 10:30:00,8.600,8.640,8.580,8.600,8368280
2025-06-26 11:00:00,8.600,8.710,8.590,8.670,8715930
2025-06-26 11:30:00,8.670,8.710,8.640,8.660,5747085
2025-06-26 13:30:00,8.650,8.690,8.640,8.670,5172629
2025-06-26 14:00:00,8.670,8.700,8.590,8.600,6450960
2025-06-26 14:30:00,8.600,8.630,8.590,8.600,3597640
2025-06-26 15:00:00,8.600,8.610,8.570,8.600,7431880
2025-06-27 10:00:00,8.590,8.760,8.570,8.700,14671130
2025-06-27 10:30:00,8.700,8.800,8.630,8.640,13566110
2025-06-27 11:00:00,8.640,8.660,8.590,8.620,6733680
2025-06-27 11:30:00,8.620,8.640,8.600,8.600,2913930
2025-06-27 13:30:00,8.610,8.640,8.590,8.600,4592000
2025-06-27 14:00:00,8.590,8.620,8.550,8.560,6258300
2025-06-27 14:30:00,8.560,8.600,8.540,8.570,4484450
2025-06-27 15:00:00,8.570,8.590,8.530,8.560,6191800
2025-06-30 10:00:00,8.540,8.580,8.420,8.450,12920850
2025-06-30 10:30:00,8.450,8.480,8.390,8.470,6495900
2025-06-30 11:00:00,8.480,8.500,8.450,8.450,2660130
2025-06-30 11:30:00,8.460,8.460,8.420,8.440,2180460
2025-06-30 13:30:00,8.440,8.490,8.430,8.470,2973340
2025-06-30 14:00:00,8.470,8.490,8.430,8.460,2877720
2025-06-30 14:30:00,8.450,8.480,8.440,8.480,2317900
2025-06-30 15:00:00,8.480,8.480,8.450,8.470,5126434
2025-07-01 10:00:00,8.450,8.510,8.400,8.420,5388330
2025-07-01 10:30:00,8.420,8.430,8.390,8.410,2812550
2025-07-01 11:00:00,8.420,8.430,8.380,8.390,3033780
2025-07-01 11:30:00,8.390,8.410,8.370,8.390,2207700
2025-07-01 13:30:00,8.390,8.430,8.380,8.410,1778000
2025-07-01 14:00:00,8.410,8.440,8.400,8.440,2434500
2025-07-01 14:30:00,8.440,8.440,8.400,8.400,2268930
2025-07-01 15:00:00,8.400,8.420,8.390,8.420,2834260
2025-07-02 10:00:00,8.400,8.420,8.360,8.400,3739500
2025-07-02 10:30:00,8.400,8.420,8.380,8.410,2758680
2025-07-02 11:00:00,8.410,8.420,8.390,8.400,1833270
2025-07-02 11:30:00,8.400,8.410,8.380,8.390,1530600
2025-07-02 13:30:00,8.390,8.400,8.370,8.370,1592630
2025-07-02 14:00:00,8.380,8.380,8.330,8.330,3957600
2025-07-02 14:30:00,8.340,8.350,8.330,8.350,1703600
2025-07-02 15:00:00,8.350,8.380,8.340,8.370,3354565
2025-07-03 10:00:00,8.400,8.430,8.360,8.380,4670285
2025-07-03 10:30:00,8.380,8.400,8.370,8.390,2725700
2025-07-03 11:00:00,8.380,8.410,8.370,8.380,1526900
2025-07-03 11:30:00,8.380,8.430,8.370,8.390,2780120
2025-07-03 13:30:00,8.400,8.410,8.370,8.390,2021190
2025-07-03 14:00:00,8.380,8.420,8.370,8.400,3541350
2025-07-03 14:30:00,8.400,8.420,8.380,8.400,2643060
2025-07-03 15:00:00,8.390,8.400,8.370,8.380,3257200
2025-07-04 10:00:00,8.420,8.590,8.410,8.490,22828010
2025-07-04 10:30:00,8.480,8.490,8.410,8.460,6990530
2025-07-04 11:00:00,8.460,8.520,8.450,8.470,4240500
2025-07-04 11:30:00,8.470,8.480,8.420,8.440,2474370
2025-07-04 13:30:00,8.450,8.550,8.420,8.530,7687002
2025-07-04 14:00:00,8.530,8.530,8.450,8.460,3369400
2025-07-04 14:30:00,8.450,8.460,8.380,8.380,4863000
2025-07-04 15:00:00,8.390,8.410,8.380,8.400,5763900
2025-07-07 10:00:00,8.310,8.420,8.300,8.370,10495780
2025-07-07 10:30:00,8.360,8.390,8.350,8.370,3014300
2025-07-07 11:00:00,8.370,8.400,8.360,8.370,2736200
2025-07-07 11:30:00,8.360,8.380,8.340,8.350,1744300
2025-07-07 13:30:00,8.350,8.370,8.330,8.350,1972100
2025-07-07 14:00:00,8.360,8.400,8.350,8.370,2700530
2025-07-07 14:30:00,8.370,8.380,8.350,8.360,1236500
2025-07-07 15:00:00,8.360,8.380,8.350,8.370,3111110
2025-07-08 10:00:00,8.400,8.440,8.360,8.400,6826360
2025-07-08 10:30:00,8.410,8.410,8.360,8.380,2929270
2025-07-08 11:00:00,8.380,8.390,8.350,8.360,2554330
2025-07-08 11:30:00,8.360,8.420,8.360,8.400,4268100
2025-07-08 13:30:00,8.400,8.440,8.380,8.390,4840380
2025-07-08 14:00:00,8.380,8.440,8.380,8.420,3339180
2025-07-08 14:30:00,8.410,8.420,8.390,8.420,3258500
2025-07-08 15:00:00,8.410,8.430,8.400,8.420,5199930
2025-07-09 10:00:00,8.400,8.460,8.390,8.410,6808552
2025-07-09 10:30:00,8.410,8.450,8.400,8.450,4167790
2025-07-09 11:00:00,8.450,8.450,8.410,8.410,2886700
2025-07-09 11:30:00,8.420,8.430,8.390,8.430,3245870
2025-07-09 13:30:00,8.420,8.430,8.410,8.430,2124700
2025-07-09 14:00:00,8.430,8.440,8.400,8.420,2617600
2025-07-09 14:30:00,8.430,8.430,8.390,8.400,2651400
2025-07-09 15:00:00,8.390,8.410,8.360,8.370,4736400
2025-07-10 10:00:00,8.520,8.870,8.470,8.660,45380556
2025-07-10 10:30:00,8.650,8.760,8.620,8.760,12015240
2025-07-10 11:00:00,8.760,8.790,8.650,8.730,10852430
2025-07-10 11:30:00,8.720,8.750,8.670,8.670,5995240
2025-07-10 13:30:00,8.670,9.020,8.670,8.870,29700540
2025-07-10 14:00:00,8.860,8.930,8.810,8.820,8611370
2025-07-10 14:30:00,8.810,8.910,8.800,8.820,7844770
2025-07-10 15:00:00,8.830,9.020,8.770,8.900,21946790
2025-07-11 10:00:00,8.770,8.900,8.660,8.900,37748726
2025-07-11 10:30:00,8.890,9.120,8.880,9.000,42746670
2025-07-11 11:00:00,9.000,9.090,8.940,8.950,17108320
2025-07-11 11:30:00,8.960,9.100,8.920,9.100,11836111
2025-07-11 13:30:00,9.100,9.140,8.980,9.010,21750680
2025-07-11 14:00:00,9.010,9.070,8.920,8.990,12582160
2025-07-11 14:30:00,8.980,8.990,8.940,8.960,9074660
2025-07-11 15:00:00,8.960,8.980,8.910,8.960,12253371
2025-07-14 10:00:00,8.880,8.950,8.720,8.730,30805290
2025-07-14 10:30:00,8.740,8.780,8.730,8.740,9033800
2025-07-14 11:00:00,8.740,8.790,8.720,8.740,6314110
2025-07-14 11:30:00,8.740,8.750,8.710,8.730,5545981
2025-07-14 13:30:00,8.740,8.750,8.710,8.750,5502000
2025-07-14 14:00:00,8.750,8.770,8.740,8.750,3279450
2025-07-14 14:30:00,8.750,8.790,8.740,8.760,3826920
2025-07-14 15:00:00,8.760,8.780,8.740,8.750,6738120
2025-07-15 10:00:00,8.750,8.800,8.690,8.710,13055200
2025-07-15 10:30:00,8.700,8.720,8.620,8.670,11654950
2025-07-15 11:00:00,8.670,8.750,8.660,8.700,5543800
2025-07-15 11:30:00,8.690,8.700,8.640,8.670,2966000
2025-07-15 13:30:00,8.660,8.700,8.650,8.670,2859143
2025-07-15 14:00:00,8.670,8.690,8.650,8.680,2606170
2025-07-15 14:30:00,8.690,8.720,8.660,8.710,3466100
2025-07-15 15:00:00,8.710,8.730,8.700,8.710,6027850
2025-07-16 10:00:00,8.690,8.740,8.640,8.710,8018500
2025-07-16 10:30:00,8.710,8.710,8.660,8.680,3649520
2025-07-16 11:00:00,8.680,8.690,8.650,8.670,3597200
2025-07-16 11:30:00,8.660,8.700,8.650,8.690,1858580
2025-07-16 13:30:00,8.690,8.730,8.650,8.720,5803860
2025-07-16 14:00:00,8.710,8.720,8.680,8.710,3225170
2025-07-16 14:30:00,8.710,8.750,8.700,8.750,5923500
2025-07-16 15:00:00,8.750,8.770,8.730,8.750,8102318
2025-07-17 10:00:00,8.750,8.760,8.680,8.690,9049600
2025-07-17 10:30:00,8.700,8.710,8.680,8.690,4158120
2025-07-17 11:00:00,8.680,8.710,8.660,8.690,4159630
2025-07-17 11:30:00,8.690,8.720,8.670,8.710,2639960
2025-07-17 13:30:00,8.700,8.710,8.670,8.690,2911740
2025-07-17 14:00:00,8.700,8.760,8.690,8.720,4416200
2025-07-17 14:30:00,8.720,8.740,8.710,8.710,2589270
2025-07-17 15:00:00,8.710,8.730,8.700,8.730,4813340
2025-07-18 10:00:00,8.860,8.930,8.780,8.830,19608220
2025-07-18 10:30:00,8.830,8.850,8.780,8.790,5551800
2025-07-18 11:00:00,8.790,8.830,8.760,8.820,4660880
2025-07-18 11:30:00,8.800,8.810,8.760,8.770,2538800
2025-07-18 13:30:00,8.770,8.780,8.730,8.750,3689100
2025-07-18 14:00:00,8.740,8.760,8.720,8.720,2728300
2025-07-18 14:30:00,8.720,8.740,8.710,8.720,2524650
2025-07-18 15:00:00,8.720,8.770,8.720,8.760,4486875
2025-07-21 10:00:00,8.740,8.930,8.700,8.900,23309661
2025-07-21 10:30:00,8.910,8.920,8.870,8.870,7666870
2025-07-21 11:00:00,8.880,8.900,8.860,8.870,4310780
2025-07-21 11:30:00,8.870,8.880,8.820,8.840,3822400
2025-07-21 13:30:00,8.850,8.860,8.830,8.830,2863700
2025-07-21 14:00:00,8.840,8.870,8.830,8.850,2896250
2025-07-21 14:30:00,8.850,8.900,8.840,8.890,3744112
2025-07-21 15:00:00,8.900,8.900,8.880,8.900,6307860
2025-07-22 10:00:00,8.890,8.900,8.790,8.800,11161367
2025-07-22 10:30:00,8.800,8.820,8.750,8.770,6652700
2025-07-22 11:00:00,8.770,8.820,8.760,8.800,2787320
2025-07-22 11:30:00,8.800,8.840,8.780,8.840,2347900
2025-07-22 13:30:00,8.840,8.890,8.810,8.860,5892490
2025-07-22 14:00:00,8.860,8.900,8.830,8.830,4357830
2025-07-22 14:30:00,8.830,8.840,8.800,8.830,3518200
2025-07-22 15:00:00,8.840,8.880,8.830,8.870,5669570
2025-07-23 10:00:00,8.870,8.960,8.860,8.900,11968100
2025-07-23 10:30:00,8.910,8.910,8.830,8.860,6349650
2025-07-23 11:00:00,8.860,8.900,8.840,8.890,3127530
2025-07-23 11:30:00,8.880,8.990,8.870,8.980,14172078
2025-07-23 13:30:00,8.980,9.010,8.920,8.960,15176060
2025-07-23 14:00:00,8.960,8.960,8.870,8.870,6700350
2025-07-23 14:30:00,8.870,8.890,8.800,8.820,7614430
2025-07-23 15:00:00,8.820,8.840,8.780,8.790,7055800
2025-07-24 10:00:00,8.730,8.990,8.710,8.910,22928828
2025-07-24 10:30:00,8.920,8.940,8.880,8.890,5409830
2025-07-24 11:00:00,8.880,8.970,8.860,8.970,8758583
2025-07-24 11:30:00,8.970,8.970,8.910,8.920,3179860
2025-07-24 13:30:00,8.920,8.980,8.910,8.970,7224610
2025-07-24 14:00:00,8.960,8.970,8.880,8.890,6085500
2025-07-24 14:30:00,8.880,8.940,8.880,8.940,3373400
2025-07-24 15:00:00,8.940,8.970,8.930,8.970,10822209
2025-07-25 10:00:00,8.990,9.070,8.910,8.990,14840510
2025-07-25 10:30:00,8.990,9.020,8.940,9.000,6713244
2025-07-25 11:00:00,9.000,9.080,8.970,8.980,8057870
2025-07-25 11:30:00,8.980,8.990,8.960,8.970,2533630
2025-07-25 13:30:00,8.960,9.010,8.960,8.980,4802680
2025-07-25 14:00:00,8.980,8.990,8.950,8.970,3485529
2025-07-25 14:30:00,8.980,8.990,8.910,8.930,5432550
2025-07-25 15:00:00,8.930,8.950,8.920,8.930,4214360
2025-07-28 10:00:00,8.900,9.040,8.860,9.010,12570430
2025-07-28 10:30:00,9.010,9.120,9.000,9.080,12291494
2025-07-28 11:00:00,9.070,9.100,9.020,9.050,5543859
2025-07-28 11:30:00,9.040,9.050,8.950,8.960,3178296
2025-07-28 13:30:00,8.960,8.980,8.950,8.960,3218570
2025-07-28 14:00:00,8.960,8.980,8.950,8.970,2472491
2025-07-28 14:30:00,8.960,8.990,8.950,8.970,2520189
2025-07-28 15:00:00,8.960,9.020,8.960,9.000,4517400
2025-07-29 10:00:00,8.960,8.990,8.810,8.810,13080560
2025-07-29 10:30:00,8.810,8.880,8.800,8.860,6583760
2025-07-29 11:00:00,8.860,8.920,8.840,8.920,4168900
2025-07-29 11:30:00,8.920,8.970,8.900,8.910,4708550
2025-07-29 13:30:00,8.910,8.960,8.900,8.940,2309800
2025-07-29 14:00:00,8.930,8.950,8.910,8.930,2079180
2025-07-29 14:30:00,8.930,9.000,8.930,8.980,4366892
2025-07-29 15:00:00,8.990,9.030,8.980,9.020,7394550
2025-07-30 10:00:00,8.970,9.010,8.940,8.980,7954380
2025-07-30 10:30:00,8.970,9.000,8.910,8.940,4888308
2025-07-30 11:00:00,8.940,9.000,8.930,8.930,3779700
2025-07-30 11:30:00,8.940,8.950,8.920,8.940,1975200
2025-07-30 13:30:00,8.940,8.960,8.920,8.930,2609930
2025-07-30 14:00:00,8.930,8.960,8.830,8.850,6219109
2025-07-30 14:30:00,8.850,8.930,8.790,8.900,7197080
2025-07-30 15:00:00,8.910,8.920,8.860,8.860,4291130
2025-07-31 10:00:00,8.830,8.890,8.800,8.810,9123883
2025-07-31 10:30:00,8.810,8.840,8.780,8.800,5258900
2025-07-31 11:00:00,8.810,8.870,8.800,8.850,5096270
2025-07-31 11:30:00,8.850,8.870,8.810,8.810,2676930
2025-07-31 13:30:00,8.820,8.830,8.750,8.770,4832700
2025-07-31 14:00:00,8.760,8.770,8.700,8.760,5578635
2025-07-31 14:30:00,8.750,8.760,8.660,8.680,5654900
2025-07-31 15:00:00,8.670,8.700,8.640,8.670,9402169
2025-08-01 10:00:00,8.680,9.040,8.680,8.960,35207599
2025-08-01 10:30:00,8.960,9.180,8.950,9.030,22125840
2025-08-01 11:00:00,9.030,9.040,8.910,8.920,4910700
2025-08-01 11:30:00,8.920,8.920,8.860,8.870,4445900
2025-08-01 13:30:00,8.870,8.880,8.810,8.820,5214290
2025-08-01 14:00:00,8.810,8.850,8.790,8.820,3817170
2025-08-01 14:30:00,8.830,8.890,8.810,8.860,3567490
2025-08-01 15:00:00,8.870,8.870,8.830,8.840,5234620
2025-08-04 10:00:00,8.700,8.830,8.700,8.750,16463510
2025-08-04 10:30:00,8.740,8.770,8.710,8.720,5623600
2025-08-04 11:00:00,8.730,8.750,8.710,8.730,2855900
2025-08-04 11:30:00,8.740,8.770,8.720,8.740,2308300
2025-08-04 13:30:00,8.720,8.770,8.720,8.740,1988190
2025-08-04 14:00:00,8.740,8.750,8.730,8.750,1612390
2025-08-04 14:30:00,8.740,8.790,8.740,8.780,3589730
2025-08-04 15:00:00,8.770,8.780,8.760,8.780,4955180
2025-08-05 10:00:00,8.920,9.250,8.910,9.010,52926398
2025-08-05 10:30:00,9.010,9.050,8.960,8.970,7291400
2025-08-05 11:00:00,8.970,8.990,8.940,8.960,4104800
2025-08-05 11:30:00,8.950,8.980,8.930,8.960,2888400
2025-08-05 13:30:00,8.960,9.010,8.950,8.960,3183400
2025-08-05 14:00:00,8.960,9.040,8.950,8.990,4652400
2025-08-05 14:30:00,8.990,9.040,8.980,9.030,2863590
2025-08-05 15:00:00,9.030,9.060,9.000,9.060,8566232
2025-08-06 10:00:00,9.010,9.050,8.950,8.980,13227388
2025-08-06 10:30:00,8.980,8.990,8.950,8.960,4759299
2025-08-06 11:00:00,8.960,9.000,8.940,8.990,5015040
2025-08-06 11:30:00,8.990,9.030,8.970,8.990,4179170
2025-08-06 13:30:00,9.000,9.020,8.980,9.010,3105530
2025-08-06 14:00:00,9.000,9.070,8.990,9.040,6514698
2025-08-06 14:30:00,9.030,9.060,9.030,9.060,2976805
2025-08-06 15:00:00,9.060,9.080,9.040,9.080,7170054
2025-08-07 10:00:00,9.080,9.140,9.050,9.060,14229300
2025-08-07 10:30:00,9.060,9.070,8.970,8.990,7265171
2025-08-07 11:00:00,8.980,9.010,8.970,9.000,3531185
2025-08-07 11:30:00,9.000,9.080,8.990,9.070,4112095
2025-08-07 13:30:00,9.080,9.100,9.020,9.040,4300800
2025-08-07 14:00:00,9.040,9.050,9.010,9.020,3453270
2025-08-07 14:30:00,9.030,9.070,9.000,9.010,2825330
2025-08-07 15:00:00,9.020,9.080,9.010,9.060,8390025
2025-08-08 10:00:00,9.030,9.030,8.930,8.950,9017600
2025-08-08 10:30:00,8.940,9.020,8.930,8.970,4027770
2025-08-08 11:00:00,8.970,9.030,8.960,9.000,3200600
2025-08-08 11:30:00,9.000,9.020,8.990,9.000,1589050
2025-08-08 13:30:00,9.000,9.020,8.950,8.950,2824510
2025-08-08 14:00:00,8.950,8.980,8.900,8.920,9607012
2025-08-08 14:30:00,8.910,8.960,8.900,8.930,4813070
2025-08-08 15:00:00,8.940,8.950,8.920,8.930,4936940
2025-08-11 10:00:00,8.910,9.050,8.890,9.000,9953560
2025-08-11 10:30:00,9.000,9.050,8.980,9.000,6853605
2025-08-11 11:00:00,8.990,9.060,8.990,9.060,4593070
2025-08-11 11:30:00,9.060,9.080,9.020,9.050,4007900
2025-08-11 13:30:00,9.060,9.070,9.030,9.040,3226100
2025-08-11 14:00:00,9.030,9.050,9.030,9.040,2354650
2025-08-11 14:30:00,9.050,9.060,9.000,9.020,4635550
2025-08-11 15:00:00,9.030,9.040,9.010,9.030,4102750
2025-08-12 10:00:00,9.060,9.070,9.010,9.050,8473988
2025-08-12 10:30:00,9.050,9.060,9.000,9.010,5394800
2025-08-12 11:00:00,9.010,9.040,8.980,8.990,3854140
2025-08-12 11:30:00,8.990,9.020,8.980,9.010,1959893
2025-08-12 13:30:00,9.020,9.050,9.000,9.040,3567480
2025-08-12 14:00:00,9.040,9.050,9.020,9.030,2610150
2025-08-12 14:30:00,9.020,9.050,9.010,9.040,3420000
2025-08-12 15:00:00,9.030,9.050,9.030,9.050,4273720
2025-08-13 10:00:00,9.090,9.090,8.980,8.990,11484710
2025-08-13 10:30:00,8.990,9.020,8.960,9.010,6418715
2025-08-13 11:00:00,9.010,9.200,8.990,9.150,18890250
2025-08-13 11:30:00,9.150,9.250,9.120,9.230,15090070
2025-08-13 13:30:00,9.230,9.250,9.180,9.190,9083030
2025-08-13 14:00:00,9.180,9.220,9.170,9.190,3512270
2025-08-13 14:30:00,9.190,9.200,9.110,9.130,4884500
2025-08-13 15:00:00,9.130,9.170,9.120,9.170,7285290
2025-08-14 10:00:00,9.170,9.250,9.140,9.170,16141600
2025-08-14 10:30:00,9.180,9.220,9.150,9.200,6809160
2025-08-14 11:00:00,9.200,9.250,9.120,9.160,10512200
2025-08-14 11:30:00,9.160,9.220,9.130,9.140,5523050
2025-08-14 13:30:00,9.140,9.140,9.020,9.050,9644400
2025-08-14 14:00:00,9.060,9.100,9.050,9.080,5774840
2025-08-14 14:30:00,9.090,9.160,9.080,9.110,3508100
2025-08-14 15:00:00,9.110,9.120,9.030,9.050,7336090
2025-08-15 10:00:00,9.030,9.220,8.980,9.180,18537896
2025-08-15 10:30:00,9.180,9.230,9.140,9.170,10676222
2025-08-15 11:00:00,9.180,9.210,9.160,9.160,4448600
2025-08-15 11:30:00,9.170,9.350,9.130,9.350,11441975
2025-08-15 13:30:00,9.340,9.490,9.290,9.430,30142120
2025-08-15 14:00:00,9.430,9.480,9.380,9.410,12081660
2025-08-15 14:30:00,9.410,9.440,9.320,9.330,7308123
2025-08-15 15:00:00,9.330,9.380,9.320,9.380,7452560
2025-08-18 10:00:00,9.500,9.520,9.300,9.430,25815869
2025-08-18 10:30:00,9.430,9.480,9.400,9.440,11294480
2025-08-18 11:00:00,9.440,9.510,9.400,9.510,9487675
2025-08-18 11:30:00,9.510,9.600,9.450,9.600,10950060
2025-08-18 13:30:00,9.590,9.780,9.590,9.670,33536724
2025-08-18 14:00:00,9.660,9.710,9.620,9.630,9640040
2025-08-18 14:30:00,9.630,9.650,9.560,9.590,9794600
2025-08-18 15:00:00,9.600,9.640,9.590,9.630,9405738
2025-08-19 10:00:00,9.570,9.610,9.490,9.490,21576319
2025-08-19 10:30:00,9.490,9.540,9.440,9.510,10977255
2025-08-19 11:00:00,9.520,9.540,9.490,9.500,4682000
2025-08-19 11:30:00,9.500,9.540,9.490,9.510,3295407
2025-08-19 13:30:00,9.520,9.550,9.490,9.530,5281720
2025-08-19 14:00:00,9.530,9.530,9.440,9.440,5939300
2025-08-19 14:30:00,9.440,9.480,9.420,9.450,4257510
2025-08-19 15:00:00,9.450,9.470,9.430,9.450,7227230
2025-08-20 10:00:00,9.410,9.490,9.380,9.440,12034180
2025-08-20 10:30:00,9.450,9.450,9.410,9.420,4123971
2025-08-20 11:00:00,9.420,9.470,9.380,9.400,5225000
2025-08-20 11:30:00,9.390,9.400,9.280,9.340,7452830
2025-08-20 13:30:00,9.340,9.350,9.300,9.350,4628450
2025-08-20 14:00:00,9.340,9.380,9.340,9.380,2916630
2025-08-20 14:30:00,9.380,9.490,9.380,9.470,7830872
2025-08-20 15:00:00,9.470,9.520,9.450,9.520,7512481
2025-08-21 10:00:00,9.580,9.610,9.430,9.430,12068910
2025-08-21 10:30:00,9.430,9.490,9.430,9.470,4897860
2025-08-21 11:00:00,9.470,9.520,9.460,9.490,4534730
2025-08-21 11:30:00,9.480,9.490,9.430,9.460,2816080
2025-08-21 13:30:00,9.460,9.470,9.430,9.450,3031434
2025-08-21 14:00:00,9.440,9.450,9.410,9.420,3052796
2025-08-21 14:30:00,9.430,9.430,9.350,9.400,4623800
2025-08-21 15:00:00,9.400,9.410,9.340,9.410,5698000
2025-08-22 10:00:00,9.380,9.500,9.350,9.460,9090875
2025-08-22 10:30:00,9.460,9.470,9.410,9.420,3553950
2025-08-22 11:00:00,9.420,9.550,9.420,9.510,8887502
2025-08-22 11:30:00,9.510,9.560,9.470,9.540,11628598
2025-08-22 13:30:00,9.540,9.550,9.470,9.500,4667972
2025-08-22 14:00:00,9.510,9.650,9.480,9.580,13240860
2025-08-22 14:30:00,9.580,9.690,9.570,9.690,15073280
2025-08-22 15:00:00,9.690,9.730,9.680,9.730,15986621
2025-08-25 10:00:00,9.920,10.130,9.730,9.770,49926310
2025-08-25 10:30:00,9.770,9.800,9.750,9.760,8404617
2025-08-25 11:00:00,9.750,9.850,9.670,9.840,15520370
2025-08-25 11:30:00,9.840,9.940,9.710,9.740,11026140
2025-08-25 13:30:00,9.730,9.760,9.690,9.710,5926452
2025-08-25 14:00:00,9.710,9.770,9.690,9.730,4360430
2025-08-25 14:30:00,9.730,9.840,9.720,9.840,4910855
2025-08-25 15:00:00,9.840,9.860,9.790,9.840,7267958
2025-08-26 10:00:00,9.750,9.890,9.720,9.780,12713420
2025-08-26 10:30:00,9.800,9.830,9.720,9.750,6774170
2025-08-26 11:00:00,9.740,9.780,9.720,9.760,4863366
2025-08-26 11:30:00,9.760,9.810,9.750,9.790,3132417
2025-08-26 13:30:00,9.790,9.800,9.720,9.750,4877910
2025-08-26 14:00:00,9.750,9.780,9.730,9.780,3641860
2025-08-26 14:30:00,9.770,9.780,9.720,9.730,5293890
2025-08-26 15:00:00,9.730,9.740,9.660,9.710,9296694
2025-08-27 10:00:00,9.720,9.750,9.660,9.690,8826360
2025-08-27 10:30:00,9.690,9.800,9.680,9.760,9113620
2025-08-27 11:00:00,9.750,9.780,9.730,9.750,3529900
2025-08-27 11:30:00,9.740,9.770,9.720,9.740,3450560
2025-08-27 13:30:00,9.730,9.760,9.690,9.700,4241200
2025-08-27 14:00:00,9.690,9.700,9.580,9.600,8726240
2025-08-27 14:30:00,9.600,9.660,9.530,9.540,7481960
2025-08-27 15:00:00,9.530,9.610,9.430,9.440,14943482
2025-08-28 10:00:00,9.420,9.490,9.380,9.440,9441940
2025-08-28 10:30:00,9.440,9.490,9.430,9.460,4185683
2025-08-28 11:00:00,9.460,9.490,9.440,9.450,4663270
2025-08-28 11:30:00,9.450,9.460,9.370,9.410,4334620
2025-08-28 13:30:00,9.430,9.450,9.300,9.340,5968000
2025-08-28 14:00:00,9.330,9.440,9.290,9.400,6605740
2025-08-28 14:30:00,9.400,9.500,9.400,9.470,6264000
2025-08-28 15:00:00,9.480,9.620,9.460,9.610,7972400
2025-08-29 10:00:00,9.550,9.630,9.480,9.550,14475660
2025-08-29 10:30:00,9.540,9.590,9.500,9.560,6779640
2025-08-29 11:00:00,9.560,9.560,9.470,9.470,6477430
2025-08-29 11:30:00,9.470,9.500,9.420,9.450,5686500
2025-08-29 13:30:00,9.440,9.530,9.410,9.430,7090730
2025-08-29 14:00:00,9.440,9.480,9.420,9.470,3388057
2025-08-29 14:30:00,9.470,9.470,9.410,9.430,3584600
2025-08-29 15:00:00,9.430,9.480,9.420,9.470,4994190
2025-09-01 10:00:00,9.470,9.480,9.350,9.380,9413940
2025-09-01 10:30:00,9.400,9.400,9.360,9.360,4621080
2025-09-01 11:00:00,9.370,9.390,9.350,9.370,4020380
2025-09-01 11:30:00,9.360,9.370,9.310,9.320,5945220
2025-09-01 13:30:00,9.320,9.340,9.300,9.320,4409600
2025-09-01 14:00:00,9.320,9.330,9.260,9.320,4526406
2025-09-01 14:30:00,9.320,9.350,9.300,9.340,3634570
2025-09-01 15:00:00,9.340,9.350,9.300,9.340,4308880
2025-09-02 10:00:00,9.340,9.350,9.200,9.210,10751790
2025-09-02 10:30:00,9.200,9.250,9.140,9.230,9055525
2025-09-02 11:00:00,9.240,9.250,9.150,9.160,4055776
2025-09-02 11:30:00,9.160,9.280,9.130,9.220,7736025
2025-09-02 13:30:00,9.220,9.280,9.180,9.220,4175160
2025-09-02 14:00:00,9.210,9.270,9.200,9.200,2779300
2025-09-02 14:30:00,9.210,9.250,9.190,9.200,1977010
2025-09-02 15:00:00,9.200,9.250,9.180,9.240,4297046
2025-09-03 10:00:00,9.300,9.310,9.150,9.160,6817960
2025-09-03 10:30:00,9.160,9.180,9.100,9.120,4996420
2025-09-03 11:00:00,9.120,9.160,9.050,9.120,4313080
2025-09-03 11:30:00,9.110,9.130,9.060,9.070,2119190
2025-09-03 13:30:00,9.060,9.090,9.020,9.030,4279580
2025-09-03 14:00:00,9.040,9.040,8.960,8.980,7017387
2025-09-03 14:30:00,8.980,9.050,8.960,9.000,4133723
2025-09-03 15:00:00,9.010,9.030,8.890,8.970,7843120
2025-09-04 10:00:00,8.900,9.010,8.900,8.970,7372339
2025-09-04 10:30:00,8.970,9.000,8.950,8.970,4339080
2025-09-04 11:00:00,8.960,8.970,8.900,8.950,4256420
2025-09-04 11:30:00,8.950,8.980,8.920,8.940,2299100
2025-09-04 13:30:00,8.940,9.060,8.920,9.010,7186720
2025-09-04 14:00:00,9.000,9.040,8.970,9.000,3303290
2025-09-04 14:30:00,9.020,9.020,8.900,8.920,3913789
2025-09-04 15:00:00,8.920,8.980,8.870,8.960,5464984
2025-09-05 10:00:00,9.000,9.010,8.900,8.970,5404292
2025-09-05 10:30:00,8.970,8.980,8.940,8.970,2985304
2025-09-05 11:00:00,8.970,9.000,8.950,8.980,2992830
2025-09-05 11:30:00,8.980,8.980,8.940,8.960,1827250
2025-09-05 13:30:00,8.950,8.970,8.940,8.950,2228516
2025-09-05 14:00:00,8.960,8.970,8.940,8.960,3223000
2025-09-05 14:30:00,8.950,9.010,8.950,9.010,5002880
2025-09-05 15:00:00,9.010,9.030,9.000,9.020,5619648
2025-09-08 10:00:00,8.970,9.000,8.930,8.990,7962171
2025-09-08 10:30:00,9.000,9.010,8.950,8.960,4102469
2025-09-08 11:00:00,8.950,8.970,8.920,8.940,3374620
2025-09-08 11:30:00,8.940,8.950,8.920,8.930,2111710
2025-09-08 13:30:00,8.940,8.950,8.920,8.930,2322300
2025-09-08 14:00:00,8.930,8.950,8.920,8.940,1062670
2025-09-08 14:30:00,8.940,8.960,8.940,8.950,1819240
2025-09-08 15:00:00,8.950,8.970,8.940,8.970,3411841
2025-09-09 10:00:00,8.970,8.980,8.930,8.940,4094440
2025-09-09 10:30:00,8.940,8.990,8.940,8.960,3109700
2025-09-09 11:00:00,8.960,9.010,8.950,8.990,4028300
2025-09-09 11:30:00,8.980,9.000,8.940,8.940,2753600
2025-09-09 13:30:00,8.940,8.950,8.910,8.930,2983350
2025-09-09 14:00:00,8.930,8.940,8.900,8.900,2917050
2025-09-09 14:30:00,8.900,8.930,8.900,8.920,1935800
2025-09-09 15:00:00,8.920,8.930,8.910,8.910,2464450
2025-09-10 10:00:00,8.900,8.940,8.880,8.900,4515460
2025-09-10 10:30:00,8.900,8.910,8.830,8.840,4925200
2025-09-10 11:00:00,8.840,8.850,8.770,8.810,4302250
2025-09-10 11:30:00,8.810,8.870,8.800,8.850,1772010
2025-09-10 13:30:00,8.860,8.870,8.840,8.850,2140400
2025-09-10 14:00:00,8.860,8.880,8.850,8.880,1414505
2025-09-10 14:30:00,8.880,8.920,8.860,8.870,2682120
2025-09-10 15:00:00,8.870,8.880,8.830,8.850,2770980
2025-09-11 10:00:00,8.820,8.880,8.800,8.870,4263600
2025-09-11 10:30:00,8.860,8.880,8.850,8.860,2383860
2025-09-11 11:00:00,8.860,8.910,8.850,8.900,3097120
2025-09-11 11:30:00,8.890,9.040,8.890,9.040,10051830
2025-09-11 13:30:00,9.030,9.060,8.970,8.980,6174420
2025-09-11 14:00:00,8.980,8.990,8.960,8.980,2367400
2025-09-11 14:30:00,8.970,9.020,8.970,9.010,2941330
2025-09-11 15:00:00,9.010,9.040,9.000,9.040,6260810
2025-09-12 10:00:00,9.040,9.050,8.980,8.990,7272100
2025-09-12 10:30:00,8.990,9.050,8.980,9.030,3396702
2025-09-12 11:00:00,9.030,9.040,8.970,8.970,2770900
2025-09-12 11:30:00,8.970,8.990,8.960,8.990,1413000
2025-09-12 13:30:00,8.990,9.000,8.960,8.980,1583620
2025-09-12 14:00:00,8.970,9.000,8.970,8.990,1949800
2025-09-12 14:30:00,8.990,8.990,8.970,8.980,1963150
2025-09-12 15:00:00,8.980,8.980,8.960,8.960,2679250
2025-09-15 10:00:00,8.960,9.010,8.930,8.950,4667928
2025-09-15 10:30:00,8.950,8.980,8.940,8.960,3567812
2025-09-15 11:00:00,8.960,8.990,8.960,8.980,1627460
2025-09-15 11:30:00,8.970,8.980,8.960,8.980,892950
2025-09-15 13:30:00,8.970,8.980,8.950,8.950,1338750
2025-09-15 14:00:00,8.960,8.970,8.950,8.970,1122550
2025-09-15 14:30:00,8.970,8.980,8.950,8.950,1696870
2025-09-15 15:00:00,8.950,8.960,8.940,8.950,2291774
2025-09-16 10:00:00,8.950,8.980,8.910,8.920,3528910
2025-09-16 10:30:00,8.910,8.940,8.900,8.910,2196284
2025-09-16 11:00:00,8.910,8.910,8.850,8.860,4144220
2025-09-16 11:30:00,8.860,8.950,8.850,8.950,2874800
2025-09-16 13:30:00,8.940,8.970,8.930,8.930,1864700
2025-09-16 14:00:00,8.940,9.000,8.930,8.990,1988900
2025-09-16 14:30:00,9.000,9.030,8.980,8.990,4617710
2025-09-16 15:00:00,8.990,9.010,8.980,9.010,2764540
2025-09-17 10:00:00,8.990,9.060,8.980,9.020,5723678
2025-09-17 10:30:00,9.020,9.030,9.000,9.010,2551902
2025-09-17 11:00:00,9.010,9.100,9.010,9.070,5076478
2025-09-17 11:30:00,9.060,9.140,9.050,9.130,6080497
2025-09-17 13:30:00,9.130,9.140,9.080,9.090,3827200
2025-09-17 14:00:00,9.080,9.090,9.060,9.070,2114697
2025-09-17 14:30:00,9.080,9.080,9.050,9.050,2334800
2025-09-17 15:00:00,9.050,9.060,9.020,9.040,5847220
2025-09-18 10:00:00,9.050,9.070,8.930,8.950,7705874
2025-09-18 10:30:00,8.950,9.000,8.940,8.980,3119649
2025-09-18 11:00:00,8.980,8.990,8.940,8.960,2179210
2025-09-18 11:30:00,8.960,8.960,8.930,8.940,2676370
2025-09-18 13:30:00,8.940,8.950,8.880,8.900,4504936
2025-09-18 14:00:00,8.890,8.940,8.870,8.880,4707379
2025-09-18 14:30:00,8.880,8.900,8.810,8.820,5684477
2025-09-18 15:00:00,8.810,8.830,8.730,8.800,6730613
2025-09-19 10:00:00,8.800,8.840,8.740,8.750,4495570
2025-09-19 10:30:00,8.740,8.780,8.710,8.780,3070490
2025-09-19 11:00:00,8.780,8.780,8.730,8.750,1297700
2025-09-19 11:30:00,8.740,8.760,8.730,8.750,882060
2025-09-19 13:30:00,8.760,8.780,8.730,8.740,1352030
2025-09-19 14:00:00,8.730,8.740,8.700,8.720,2163050
2025-09-19 14:30:00,8.710,8.770,8.710,8.760,1318890
2025-09-19 15:00:00,8.760,8.770,8.720,8.740,1732540
2025-09-22 10:00:00,8.740,8.780,8.690,8.700,3834840
2025-09-22 10:30:00,8.700,8.750,8.690,8.720,1932900
2025-09-22 11:00:00,8.730,8.750,8.700,8.710,1846010
2025-09-22 11:30:00,8.720,8.740,8.690,8.710,1388690
2025-09-22 13:30:00,8.710,8.750,8.700,8.710,1370340
2025-09-22 14:00:00,8.710,8.730,8.710,8.720,581080
2025-09-22 14:30:00,8.710,8.730,8.700,8.720,1101360
2025-09-22 15:00:00,8.730,8.780,8.710,8.780,3192980
2025-09-23 10:00:00,8.750,8.750,8.620,8.630,4837440
2025-09-23 10:30:00,8.620,8.630,8.510,8.540,5715520
2025-09-23 11:00:00,8.530,8.580,8.510,8.570,2920242
2025-09-23 11:30:00,8.570,8.580,8.520,8.550,1856240
2025-09-23 13:30:00,8.550,8.580,8.530,8.580,1317144
2025-09-23 14:00:00,8.570,8.590,8.530,8.580,1079500
2025-09-23 14:30:00,8.590,8.590,8.530,8.580,1539243
2025-09-23 15:00:00,8.590,8.650,8.570,8.610,3030162
2025-09-24 10:00:00,8.580,8.660,8.570,8.660,3397490
2025-09-24 10:30:00,8.650,8.660,8.600,8.610,1547260
2025-09-24 11:00:00,8.610,8.640,8.580,8.640,1405920
2025-09-24 11:30:00,8.640,8.640,8.610,8.630,1144400
2025-09-24 13:30:00,8.640,8.650,8.620,8.630,1481190
2025-09-24 14:00:00,8.630,8.740,8.620,8.700,4413339
2025-09-24 14:30:00,8.710,8.740,8.690,8.700,1857100
2025-09-24 15:00:00,8.690,8.720,8.690,8.720,2626485
2025-09-25 10:00:00,8.700,8.750,8.660,8.700,3352220
2025-09-25 10:30:00,8.700,8.730,8.680,8.710,1672560
2025-09-25 11:00:00,8.710,8.750,8.700,8.720,1370230
2025-09-25 11:30:00,8.710,8.740,8.710,8.730,1329300
2025-09-25 13:30:00,8.740,8.750,8.670,8.690,2572100
2025-09-25 14:00:00,8.690,8.710,8.680,8.700,1219620
2025-09-25 14:30:00,8.700,8.720,8.690,8.700,606640
2025-09-25 15:00:00,8.710,8.720,8.680,8.680,2041100
2025-09-26 10:00:00,8.660,8.720,8.650,8.700,2504587
2025-09-26 10:30:00,8.690,8.750,8.690,8.710,2357900
2025-09-26 11:00:00,8.720,8.740,8.710,8.720,1072200
2025-09-26 11:30:00,8.730,8.750,8.720,8.730,1257746
2025-09-26 13:30:00,8.730,8.730,8.700,8.710,1171710
2025-09-26 14:00:00,8.720,8.760,8.700,8.720,2727032
2025-09-26 14:30:00,8.720,8.720,8.680,8.690,1049590
2025-09-26 15:00:00,8.690,8.710,8.670,8.670,2317074
2025-09-29 10:00:00,8.670,8.740,8.610,8.680,3235428
2025-09-29 10:30:00,8.680,8.730,8.670,8.730,2185280
2025-09-29 11:00:00,8.720,8.800,8.710,8.770,5621600
2025-09-29 11:30:00,8.770,8.790,8.740,8.770,3710800
2025-09-29 13:30:00,8.780,8.870,8.760,8.860,4878204
2025-09-29 14:00:00,8.870,9.080,8.860,9.050,15989979
2025-09-29 14:30:00,9.040,9.060,8.930,8.950,5639970
2025-09-29 15:00:00,8.940,8.960,8.930,8.930,3410400
2025-09-30 10:00:00,8.900,8.940,8.820,8.850,7947743
2025-09-30 10:30:00,8.840,8.870,8.820,8.830,2723800
2025-09-30 11:00:00,8.830,8.860,8.820,8.840,1863180
2025-09-30 11:30:00,8.840,8.870,8.830,8.860,1887171
2025-09-30 13:30:00,8.860,8.900,8.840,8.870,2189050
2025-09-30 14:00:00,8.870,8.880,8.840,8.860,1333300
2025-09-30 14:30:00,8.850,8.870,8.850,8.860,1312890
2025-09-30 15:00:00,8.860,8.860,8.830,8.830,3440910
2025-10-09 10:00:00,8.870,9.110,8.840,9.090,21332727
2025-10-09 10:30:00,9.100,9.560,9.080,9.390,33985169
2025-10-09 11:00:00,9.400,9.710,9.360,9.570,36708595
2025-10-09 11:30:00,9.570,9.600,9.480,9.490,8205834
2025-10-09 13:30:00,9.490,9.500,9.390,9.420,5380346
2025-10-09 14:00:00,9.420,9.430,9.330,9.370,4225148
2025-10-09 14:30:00,9.370,9.380,9.310,9.320,3120500
2025-10-09 15:00:00,9.320,9.350,9.310,9.330,6810663
2025-10-10 10:00:00,9.170,9.380,9.150,9.250,29679232
2025-10-10 10:30:00,9.260,9.350,9.230,9.330,8669349
2025-10-10 11:00:00,9.340,9.370,9.280,9.300,9358260
2025-10-10 11:30:00,9.310,9.310,9.220,9.270,6892598
2025-10-10 13:30:00,9.280,9.320,9.270,9.300,3706780
2025-10-10 14:00:00,9.300,9.340,9.300,9.340,3728489
2025-10-10 14:30:00,9.340,9.340,9.250,9.280,4645318
2025-10-10 15:00:00,9.290,9.320,9.250,9.290,7679080
2025-10-13 10:00:00,9.000,9.180,8.940,9.100,14563022
2025-10-13 10:30:00,9.110,9.130,9.080,9.120,3849741
2025-10-13 11:00:00,9.130,9.170,9.110,9.120,3238332
2025-10-13 11:30:00,9.110,9.120,9.080,9.100,2739670
2025-10-13 13:30:00,9.090,9.140,9.040,9.140,4456130
2025-10-13 14:00:00,9.140,9.240,9.130,9.240,5722924
2025-10-13 14:30:00,9.240,9.280,9.190,9.260,4252930
2025-10-13 15:00:00,9.260,9.320,9.260,9.260,6275258
2025-10-14 10:00:00,9.260,9.330,9.200,9.270,10583982
2025-10-14 10:30:00,9.280,9.280,9.210,9.230,4579872
2025-10-14 11:00:00,9.230,9.300,9.210,9.220,3752810
2025-10-14 11:30:00,9.220,9.240,9.200,9.200,2689500
2025-10-14 13:30:00,9.200,9.220,9.150,9.200,3379400
2025-10-14 14:00:00,9.200,9.210,9.150,9.170,2379920
2025-10-14 14:30:00,9.160,9.170,9.110,9.140,2942050
2025-10-14 15:00:00,9.140,9.170,9.120,9.140,3791560
2025-10-15 10:00:00,9.140,9.210,9.100,9.140,7408633
2025-10-15 10:30:00,9.140,9.150,9.090,9.090,4269300
2025-10-15 11:00:00,9.090,9.120,9.040,9.050,3942800
2025-10-15 11:30:00,9.050,9.070,9.020,9.050,2269200
2025-10-15 13:30:00,9.060,9.080,9.050,9.080,1786200
2025-10-15 14:00:00,9.070,9.140,9.050,9.100,2801740
2025-10-15 14:30:00,9.100,9.170,9.080,9.150,3711971
2025-10-15 15:00:00,9.150,9.170,9.120,9.170,3715103
2025-10-16 10:00:00,9.120,9.130,9.060,9.090,3779800
2025-10-16 10:30:00,9.090,9.130,9.070,9.090,2921280
2025-10-16 11:00:00,9.080,9.140,9.060,9.140,3434610
2025-10-16 11:30:00,9.130,9.140,9.070,9.070,1484670
2025-10-16 13:30:00,9.080,9.080,9.050,9.050,2099400
2025-10-16 14:00:00,9.050,9.080,9.040,9.050,1273727
2025-10-16 14:30:00,9.050,9.080,9.050,9.070,1036700
2025-10-16 15:00:00,9.060,9.090,9.050,9.080,2179101
2025-10-17 10:00:00,9.040,9.130,9.040,9.060,5613825
2025-10-17 10:30:00,9.060,9.060,8.990,9.030,5017425
2025-10-17 11:00:00,9.030,9.080,9.010,9.060,2228798
2025-10-17 11:30:00,9.060,9.100,9.010,9.050,2397571
2025-10-17 13:30:00,9.050,9.050,8.990,9.000,2485256
2025-10-17 14:00:00,9.010,9.030,8.970,8.980,2703013
2025-10-17 14:30:00,8.980,8.990,8.920,8.940,3170900
2025-10-17 15:00:00,8.950,8.950,8.850,8.850,6751339
2025-10-20 10:00:00,8.960,8.970,8.840,8.870,5962557
2025-10-20 10:30:00,8.870,8.880,8.840,8.860,2215450
2025-10-20 11:00:00,8.860,8.920,8.800,8.850,3051930
2025-10-20 11:30:00,8.850,8.870,8.840,8.860,928330
2025-10-20 13:30:00,8.850,8.860,8.830,8.850,1794670
2025-10-20 14:00:00,8.840,8.870,8.830,8.850,1176500
2025-10-20 14:30:00,8.850,8.870,8.830,8.850,944040
2025-10-20 15:00:00,8.850,8.870,8.820,8.850,2784635
2025-10-21 10:00:00,8.860,8.890,8.820,8.880,4018923
2025-10-21 10:30:00,8.890,8.890,8.850,8.880,2662700
2025-10-21 11:00:00,8.870,8.930,8.870,8.920,3378450
2025-10-21 11:30:00,8.920,9.020,8.910,8.960,4590000
2025-10-21 13:30:00,8.970,8.980,8.910,8.930,1720670
2025-10-21 14:00:00,8.930,8.930,8.910,8.910,1823670
2025-10-21 14:30:00,8.920,8.930,8.900,8.900,1556730
2025-10-21 15:00:00,8.910,8.920,8.900,8.910,2322989
2025-10-22 10:00:00,8.910,8.910,8.820,8.870,4700300
2025-10-22 10:30:00,8.870,8.880,8.850,8.870,1588960
2025-10-22 11:00:00,8.870,8.880,8.840,8.840,1395600
2025-10-22 11:30:00,8.840,8.860,8.830,8.850,1647600
2025-10-22 13:30:00,8.840,9.000,8.830,8.930,6888003
2025-10-22 14:00:00,8.920,8.950,8.920,8.930,1771100
2025-10-22 14:30:00,8.930,8.940,8.920,8.930,1122748
2025-10-22 15:00:00,8.940,8.950,8.920,8.940,3037160
2025-10-23 10:00:00,8.900,8.930,8.830,8.840,4304726
2025-10-23 10:30:00,8.840,8.880,8.820,8.850,2223100
2025-10-23 11:00:00,8.850,8.890,8.850,8.850,1521000
2025-10-23 11:30:00,8.850,8.920,8.850,8.880,1666300
2025-10-23 13:30:00,8.880,8.910,8.860,8.860,795100
2025-10-23 14:00:00,8.860,8.870,8.850,8.860,912700
2025-10-23 14:30:00,8.870,8.970,8.860,8.960,4962260
2025-10-23 15:00:00,8.960,9.010,8.960,9.010,4949789
2025-10-24 10:00:00,9.010,9.050,8.980,8.990,5989231
2025-10-24 10:30:00,8.980,9.000,8.960,8.970,2227030
2025-10-24 11:00:00,8.970,8.990,8.960,8.990,1114900
2025-10-24 11:30:00,8.980,9.000,8.970,8.970,963700
2025-10-24 13:30:00,8.980,9.030,8.980,8.990,2083800
2025-10-24 14:00:00,8.990,9.020,8.970,9.020,1527400
2025-10-24 14:30:00,9.020,9.040,9.000,9.030,2468170
2025-10-24 15:00:00,9.030,9.050,9.020,9.050,4392650
2025-10-27 10:00:00,9.140,9.150,9.060,9.110,7746310
2025-10-27 10:30:00,9.120,9.130,9.070,9.080,4561360
2025-10-27 11:00:00,9.080,9.090,9.040,9.080,1983800
2025-10-27 11:30:00,9.080,9.130,9.060,9.130,2127390
2025-10-27 13:30:00,9.130,9.140,9.090,9.100,3932900
2025-10-27 14:00:00,9.110,9.120,9.080,9.080,1868900
2025-10-27 14:30:00,9.080,9.120,9.080,9.110,1522050
2025-10-27 15:00:00,9.100,9.110,9.090,9.100,2680444
2025-10-28 10:00:00,9.100,9.100,9.050,9.060,4460708
2025-10-28 10:30:00,9.060,9.100,9.050,9.070,2266700
2025-10-28 11:00:00,9.070,9.080,9.050,9.050,1298400
2025-10-28 11:30:00,9.060,9.110,9.050,9.100,3193010
2025-10-28 13:30:00,9.080,9.100,9.050,9.060,1780200
2025-10-28 14:00:00,9.060,9.070,9.030,9.040,1763610
2025-10-28 14:30:00,9.050,9.050,9.030,9.040,1190690
2025-10-28 15:00:00,9.040,9.050,9.030,9.040,1940770
2025-10-29 10:00:00,9.050,9.060,9.020,9.030,3344990
2025-10-29 10:30:00,9.030,9.080,9.030,9.070,2671570
2025-10-29 11:00:00,9.070,9.150,9.060,9.120,7154474
2025-10-29 11:30:00,9.120,9.170,9.120,9.150,5739308
2025-10-29 13:30:00,9.150,9.180,9.130,9.150,4028107
2025-10-29 14:00:00,9.150,9.160,9.120,9.130,2349700
2025-10-29 14:30:00,9.110,9.140,9.100,9.140,2575060
2025-10-29 15:00:00,9.140,9.160,9.130,9.160,3832351
2025-10-30 10:00:00,9.140,9.160,9.080,9.110,6612600
2025-10-30 10:30:00,9.110,9.130,9.080,9.120,2708460
2025-10-30 11:00:00,9.130,9.140,9.080,9.100,2947176
2025-10-30 11:30:00,9.090,9.110,9.080,9.090,1313280
2025-10-30 13:30:00,9.090,9.100,9.010,9.040,5156410
2025-10-30 14:00:00,9.040,9.060,9.030,9.040,1347043
2025-10-30 14:30:00,9.040,9.050,9.020,9.030,1668700
2025-10-30 15:00:00,9.020,9.040,9.000,9.000,3366050
2025-10-31 10:00:00,8.830,8.900,8.810,8.890,10323800
2025-10-31 10:30:00,8.890,8.900,8.850,8.870,4130080
2025-10-31 11:00:00,8.860,8.870,8.830,8.850,3726760
2025-10-31 11:30:00,8.850,8.850,8.830,8.830,2199977
2025-10-31 13:30:00,8.840,8.850,8.830,8.830,2178820
2025-10-31 14:00:00,8.830,8.850,8.780,8.800,5716600
2025-10-31 14:30:00,8.790,8.810,8.790,8.800,2044700
2025-10-31 15:00:00,8.810,8.810,8.770,8.770,6195700
2025-11-03 10:00:00,8.750,8.790,8.710,8.710,5005950
2025-11-03 10:30:00,8.710,8.730,8.680,8.680,3539400
2025-11-03 11:00:00,8.680,8.700,8.640,8.700,3378505
2025-11-03 11:30:00,8.690,8.700,8.670,8.670,1558580
2025-11-03 13:30:00,8.670,8.710,8.660,8.690,1972200
2025-11-03 14:00:00,8.700,8.710,8.680,8.710,1863900
2025-11-03 14:30:00,8.710,8.750,8.700,8.720,1743490
2025-11-03 15:00:00,8.710,8.750,8.710,8.740,1635570
2025-11-04 10:00:00,8.730,8.770,8.710,8.730,2991750
2025-11-04 10:30:00,8.730,8.760,8.720,8.750,1727670
2025-11-04 11:00:00,8.740,8.770,8.740,8.770,1951462
2025-11-04 11:30:00,8.770,8.810,8.760,8.780,2427410
2025-11-04 13:30:00,8.790,8.830,8.780,8.800,2090250
2025-11-04 14:00:00,8.800,8.820,8.780,8.800,1804747
2025-11-04 14:30:00,8.790,8.800,8.760,8.780,1592100
2025-11-04 15:00:00,8.780,8.790,8.760,8.790,2164500
2025-11-05 10:00:00,8.720,8.800,8.720,8.770,3224570
2025-11-05 10:30:00,8.770,8.780,8.740,8.760,1343300
2025-11-05 11:00:00,8.760,8.770,8.750,8.760,1795300
2025-11-05 11:30:00,8.760,8.800,8.760,8.800,884100
2025-11-05 13:30:00,8.800,8.800,8.780,8.780,1143000
2025-11-05 14:00:00,8.780,8.800,8.770,8.780,1664630
2025-11-05 14:30:00,8.780,8.800,8.780,8.780,1170320
2025-11-05 15:00:00,8.790,8.790,8.770,8.790,2695930
2025-11-06 10:00:00,8.790,8.810,8.780,8.800,3378030
2025-11-06 10:30:00,8.790,8.820,8.770,8.820,2628114
2025-11-06 11:00:00,8.820,8.860,8.800,8.830,5426490
2025-11-06 11:30:00,8.830,8.840,8.810,8.820,1149450
2025-11-06 13:30:00,8.820,8.830,8.800,8.800,1412950
2025-11-06 14:00:00,8.810,8.820,8.800,8.810,874130
2025-11-06 14:30:00,8.820,8.820,8.800,8.810,1097800
2025-11-06 15:00:00,8.810,8.820,8.790,8.810,2317600
2025-11-07 10:00:00,8.770,8.780,8.740,8.760,2895270
2025-11-07 10:30:00,8.760,8.770,8.740,8.750,1547400
2025-11-07 11:00:00,8.760,8.770,8.750,8.770,814300
2025-11-07 11:30:00,8.770,8.780,8.750,8.760,1189200
2025-11-07 13:30:00,8.750,8.780,8.750,8.780,1060305
2025-11-07 14:00:00,8.770,8.790,8.760,8.760,938800
2025-11-07 14:30:00,8.760,8.760,8.740,8.760,1333660
2025-11-07 15:00:00,8.760,8.760,8.730,8.740,1886600
2025-11-10 10:00:00,8.740,8.760,8.720,8.740,2373370
2025-11-10 10:30:00,8.740,8.750,8.730,8.740,1154300
2025-11-10 11:00:00,8.750,8.770,8.730,8.750,1888910
2025-11-10 11:30:00,8.750,8.780,8.740,8.760,1314890
2025-11-10 13:30:00,8.760,8.780,8.750,8.770,1158100
2025-11-10 14:00:00,8.780,8.820,8.770,8.790,2774400
2025-11-10 14:30:00,8.790,8.800,8.770,8.790,966250
2025-11-10 15:00:00,8.800,8.810,8.790,8.800,2025720
2025-11-11 10:00:00,8.800,8.810,8.770,8.780,2686050
2025-11-11 10:30:00,8.770,8.780,8.760,8.770,1380460
2025-11-11 11:00:00,8.770,8.770,8.740,8.740,1565300
2025-11-11 11:30:00,8.740,8.760,8.730,8.760,1773730
2025-11-11 13:30:00,8.760,8.760,8.730,8.740,1234870
2025-11-11 14:00:00,8.750,8.750,8.730,8.750,1060820
2025-11-11 14:30:00,8.740,8.770,8.730,8.760,1053260
2025-11-11 15:00:00,8.760,8.770,8.730,8.760,2219800
2025-11-12 10:00:00,8.730,8.760,8.700,8.740,3941470
2025-11-12 10:30:00,8.740,8.740,8.710,8.720,1291300
2025-11-12 11:00:00,8.720,8.730,8.680,8.680,2206600
2025-11-12 11:30:00,8.680,8.700,8.670,8.690,1138530
2025-11-12 13:30:00,8.680,8.690,8.650,8.660,2065845
2025-11-12 14:00:00,8.650,8.680,8.650,8.670,950878
2025-11-12 14:30:00,8.670,8.690,8.670,8.680,720712
2025-11-12 15:00:00,8.680,8.710,8.670,8.670,2029710
2025-11-13 10:00:00,8.670,8.700,8.650,8.680,1920310
2025-11-13 10:30:00,8.700,8.700,8.670,8.690,977950
2025-11-13 11:00:00,8.690,8.700,8.680,8.680,572270
2025-11-13 11:30:00,8.690,8.690,8.670,8.690,756290
2025-11-13 13:30:00,8.690,8.710,8.680,8.700,1597300
2025-11-13 14:00:00,8.700,8.710,8.680,8.690,1039200
2025-11-13 14:30:00,8.690,8.700,8.680,8.680,670020
2025-11-13 15:00:00,8.680,8.710,8.680,8.700,2597520
2025-11-14 10:00:00,8.660,8.720,8.650,8.710,1756940
2025-11-14 10:30:00,8.700,8.720,8.690,8.710,1175399
2025-11-14 11:00:00,8.710,8.720,8.690,8.710,1106400
2025-11-14 11:30:00,8.700,8.720,8.700,8.710,847382
2025-11-14 13:30:00,8.710,8.720,8.700,8.710,1434800
2025-11-14 14:00:00,8.710,8.740,8.700,8.730,1651500
2025-11-14 14:30:00,8.730,8.750,8.710,8.710,2078930
2025-11-14 15:00:00,8.710,8.730,8.680,8.690,2104890
2025-11-17 10:00:00,8.670,8.710,8.660,8.660,2382300
2025-11-17 10:30:00,8.680,8.690,8.650,8.650,1237700
2025-11-17 11:00:00,8.650,8.680,8.650,8.660,840900
2025-11-17 11:30:00,8.670,8.690,8.660,8.680,632060
2025-11-17 13:30:00,8.680,8.680,8.650,8.660,835900
2025-11-17 14:00:00,8.650,8.660,8.640,8.650,1219300
2025-11-17 14:30:00,8.660,8.660,8.640,8.650,844753
2025-11-17 15:00:00,8.660,8.670,8.650,8.660,1689380
2025-11-18 10:00:00,8.660,8.690,8.640,8.650,1662700
2025-11-18 10:30:00,8.640,8.690,8.640,8.670,1751345
2025-11-18 11:00:00,8.670,8.690,8.660,8.660,934950
2025-11-18 11:30:00,8.660,8.670,8.630,8.640,1200675
2025-11-18 13:30:00,8.650,8.650,8.620,8.620,1496349
2025-11-18 14:00:00,8.630,8.650,8.620,8.650,1036215
2025-11-18 14:30:00,8.640,8.640,8.620,8.630,1391310
2025-11-18 15:00:00,8.630,8.640,8.620,8.630,1567000
2025-11-19 10:00:00,8.630,8.670,8.610,8.620,2477300
2025-11-19 10:30:00,8.620,8.630,8.590,8.600,1677300
2025-11-19 11:00:00,8.600,8.630,8.590,8.600,812611
2025-11-19 11:30:00,8.600,8.610,8.590,8.590,635700
2025-11-19 13:30:00,8.590,8.600,8.570,8.580,905000
2025-11-19 14:00:00,8.570,8.590,8.560,8.590,1000990
2025-11-19 14:30:00,8.580,8.620,8.580,8.620,1093404
2025-11-19 15:00:00,8.620,8.650,8.620,8.640,1771800
2025-11-20 10:00:00,8.750,8.770,8.660,8.680,6559310
2025-11-20 10:30:00,8.690,8.690,8.650,8.650,1332500
2025-11-20 11:00:00,8.650,8.670,8.640,8.650,970230
2025-11-20 11:30:00,8.640,8.710,8.640,8.710,1277030
2025-11-20 13:30:00,8.700,8.740,8.700,8.700,2040190
2025-11-20 14:00:00,8.710,8.710,8.670,8.680,995120
2025-11-20 14:30:00,8.670,8.680,8.650,8.660,851380
2025-11-20 15:00:00,8.660,8.670,8.640,8.650,1639410
2025-11-21 10:00:00,8.580,8.660,8.560,8.570,3384670
2025-11-21 10:30:00,8.570,8.570,8.450,8.470,4164650
2025-11-21 11:00:00,8.460,8.480,8.400,8.450,2699082
2025-11-21 11:30:00,8.450,8.480,8.410,8.460,1189680
2025-11-21 13:30:00,8.460,8.500,8.450,8.460,650890
2025-11-21 14:00:00,8.470,8.490,8.450,8.460,947600
2025-11-21 14:30:00,8.460,8.480,8.440,8.440,1007800
2025-11-21 15:00:00,8.450,8.510,8.440,8.470,4813352
2025-11-24 10:00:00,8.490,8.540,8.430,8.490,2028900
2025-11-24 10:30:00,8.480,8.510,8.470,8.490,918450
2025-11-24 11:00:00,8.500,8.510,8.470,8.500,843100
2025-11-24 11:30:00,8.500,8.500,8.480,8.500,414200
2025-11-24 13:30:00,8.500,8.530,8.480,8.530,1066512
2025-11-24 14:00:00,8.530,8.540,8.520,8.520,657000
2025-11-24 14:30:00,8.530,8.540,8.520,8.530,493460
2025-11-24 15:00:00,8.530,8.530,8.490,8.490,1157840
2025-11-25 10:00:00,8.530,8.530,8.500,8.520,1307800
2025-11-25 10:30:00,8.530,8.540,8.520,8.540,828430
2025-11-25 11:00:00,8.540,8.560,8.530,8.530,1434700
2025-11-25 11:30:00,8.530,8.540,8.520,8.540,375000
2025-11-25 13:30:00,8.540,8.540,8.500,8.500,1315300
2025-11-25 14:00:00,8.510,8.510,8.490,8.510,634300
2025-11-25 14:30:00,8.510,8.540,8.500,8.520,978340
2025-11-25 15:00:00,8.520,8.520,8.500,8.500,938000
2025-11-26 10:00:00,8.540,8.630,8.500,8.620,4922470
2025-11-26 10:30:00,8.620,8.740,8.620,8.680,6307470
2025-11-26 11:00:00,8.670,8.680,8.630,8.640,1523700
2025-11-26 11:30:00,8.640,8.680,8.630,8.660,1207950
2025-11-26 13:30:00,8.670,8.670,8.630,8.630,688330
2025-11-26 14:00:00,8.630,8.640,8.620,8.620,729900
2025-11-26 14:30:00,8.630,8.630,8.600,8.610,817700
2025-11-26 15:00:00,8.620,8.620,8.560,8.600,2530210
2025-11-27 10:00:00,8.530,8.590,8.500,8.580,3817800
2025-11-27 10:30:00,8.580,8.580,8.540,8.570,1560490
2025-11-27 11:00:00,8.560,8.570,8.540,8.560,1171400
2025-11-27 11:30:00,8.550,8.580,8.540,8.550,693100
2025-11-27 13:30:00,8.540,8.570,8.540,8.560,831400
2025-11-27 14:00:00,8.560,8.590,8.560,8.560,820230
2025-11-27 14:30:00,8.570,8.580,8.540,8.560,748190
2025-11-27 15:00:00,8.550,8.560,8.530,8.540,1630900
2025-11-28 10:00:00,8.520,8.550,8.500,8.500,1518200
2025-11-28 10:30:00,8.500,8.570,8.500,8.540,1150800
2025-11-28 11:00:00,8.540,8.550,8.520,8.530,558700
2025-11-28 11:30:00,8.520,8.550,8.520,8.540,485620
2025-11-28 13:30:00,8.530,8.540,8.520,8.530,621390
2025-11-28 14:00:00,8.530,8.550,8.510,8.540,1249130
2025-11-28 14:30:00,8.540,8.560,8.530,8.550,866240
2025-11-28 15:00:00,8.560,8.600,8.550,8.600,2846570
2025-12-01 10:00:00,8.550,8.620,8.550,8.590,2366356
2025-12-01 10:30:00,8.590,8.600,8.570,8.590,1518620
2025-12-01 11:00:00,8.590,8.600,8.580,8.590,969100
2025-12-01 11:30:00,8.590,8.600,8.590,8.590,657000
2025-12-01 13:30:00,8.590,8.600,8.570,8.580,1116820
2025-12-01 14:00:00,8.580,8.590,8.560,8.580,1339800
2025-12-01 14:30:00,8.590,8.600,8.580,8.590,1418170
2025-12-01 15:00:00,8.590,8.610,8.580,8.600,1327160
2025-12-02 10:00:00,8.630,8.690,8.550,8.560,4510060
2025-12-02 10:30:00,8.560,8.580,8.530,8.530,1711200
2025-12-02 11:00:00,8.530,8.560,8.530,8.560,518800
2025-12-02 11:30:00,8.560,8.560,8.520,8.530,1099850
2025-12-02 13:30:00,8.530,8.550,8.520,8.540,593200
2025-12-02 14:00:00,8.530,8.560,8.530,8.540,669700
2025-12-02 14:30:00,8.540,8.550,8.520,8.520,814300
2025-12-02 15:00:00,8.520,8.530,8.510,8.510,1939020
2025-12-03 10:00:00,8.520,8.550,8.460,8.460,3307554
2025-12-03 10:30:00,8.460,8.470,8.450,8.450,1188886
2025-12-03 11:00:00,8.450,8.480,8.440,8.460,2678900
2025-12-03 11:30:00,8.460,8.470,8.430,8.450,1843030
2025-12-03 13:30:00,8.460,8.460,8.430,8.430,1123960
2025-12-03 14:00:00,8.430,8.440,8.410,8.420,1272590
2025-12-03 14:30:00,8.420,8.430,8.410,8.420,1103300
2025-12-03 15:00:00,8.420,8.430,8.410,8.410,1414900
2025-12-04 10:00:00,8.420,8.430,8.360,8.380,2345050
2025-12-04 10:30:00,8.370,8.420,8.370,8.410,1370750
2025-12-04 11:00:00,8.400,8.440,8.400,8.420,1497616
2025-12-04 11:30:00,8.420,8.430,8.410,8.420,440000
2025-12-04 13:30:00,8.420,8.420,8.390,8.390,674340
2025-12-04 14:00:00,8.400,8.400,8.370,8.380,749720
2025-12-04 14:30:00,8.380,8.390,8.370,8.370,743280
2025-12-04 15:00:00,8.380,8.380,8.360,8.370,1365350
2025-12-05 10:00:00,8.370,8.400,8.350,8.380,1563800
2025-12-05 10:30:00,8.380,8.380,8.350,8.360,704400
2025-12-05 11:00:00,8.370,8.380,8.360,8.380,471260
2025-12-05 11:30:00,8.370,8.410,8.360,8.390,928610
2025-12-05 13:30:00,8.390,8.390,8.370,8.380,421400
2025-12-05 14:00:00,8.380,8.570,8.370,8.560,7350510
2025-12-05 14:30:00,8.560,8.560,8.520,8.540,4182940
2025-12-05 15:00:00,8.530,8.550,8.520,8.520,3162360
2025-12-08 10:00:00,8.600,8.680,8.580,8.600,10914773
2025-12-08 10:30:00,8.600,8.660,8.590,8.640,3554620
2025-12-08 11:00:00,8.650,8.650,8.640,8.640,1103600
2025-12-08 11:30:00,8.650,8.650,8.620,8.620,1119600
2025-12-08 13:30:00,8.620,8.650,8.620,8.640,1282590
2025-12-08 14:00:00,8.640,8.650,8.620,8.620,1552896
2025-12-08 14:30:00,8.620,8.630,8.600,8.600,1454930
2025-12-08 15:00:00,8.600,8.610,8.570,8.580,2260929
2025-12-09 10:00:00,8.560,8.590,8.520,8.560,3065510
2025-12-09 10:30:00,8.560,8.560,8.520,8.520,1219920
2025-12-09 11:00:00,8.530,8.530,8.500,8.520,1152700
2025-12-09 11:30:00,8.520,8.540,8.500,8.510,1173456
2025-12-09 13:30:00,8.510,8.540,8.500,8.510,616450
2025-12-09 14:00:00,8.500,8.520,8.500,8.510,681060
2025-12-09 14:30:00,8.510,8.520,8.500,8.520,1065380
2025-12-09 15:00:00,8.520,8.530,8.510,8.510,1310330
2025-12-10 10:00:00,8.490,8.530,8.480,8.500,1709180
2025-12-10 10:30:00,8.500,8.500,8.480,8.500,996000
2025-12-10 11:00:00,8.500,8.530,8.490,8.490,914800
2025-12-10 11:30:00,8.490,8.520,8.490,8.510,675900
2025-12-10 13:30:00,8.500,8.540,8.490,8.530,1096100
2025-12-10 14:00:00,8.530,8.580,8.530,8.550,2088280
2025-12-10 14:30:00,8.550,8.560,8.540,8.560,887130
2025-12-10 15:00:00,8.550,8.570,8.540,8.550,1268800
2025-12-11 10:00:00,8.540,8.560,8.490,8.500,2129400
2025-12-11 10:30:00,8.500,8.530,8.490,8.520,722818
2025-12-11 11:00:00,8.520,8.530,8.510,8.510,874180
2025-12-11 11:30:00,8.520,8.530,8.510,8.520,656200
2025-12-11 13:30:00,8.520,8.520,8.480,8.480,976382
2025-12-11 14:00:00,8.480,8.500,8.470,8.480,1173000
2025-12-11 14:30:00,8.480,8.510,8.480,8.490,811900
2025-12-11 15:00:00,8.490,8.500,8.440,8.460,1742570
2025-12-12 10:00:00,8.470,8.510,8.420,8.470,1743970
2025-12-12 10:30:00,8.470,8.470,8.440,8.470,1267900
2025-12-12 11:00:00,8.460,8.490,8.450,8.460,1071900
2025-12-12 11:30:00,8.470,8.480,8.450,8.460,957226
2025-12-12 13:30:00,8.460,8.500,8.450,8.500,1476100
2025-12-12 14:00:00,8.500,8.530,8.480,8.490,1422000
2025-12-12 14:30:00,8.500,8.510,8.470,8.480,1035680
2025-12-12 15:00:00,8.480,8.500,8.470,8.480,1882050
2025-12-15 10:00:00,8.440,8.510,8.420,8.500,2268070
2025-12-15 10:30:00,8.500,8.510,8.480,8.510,1141060
2025-12-15 11:00:00,8.500,8.530,8.490,8.500,1206900
2025-12-15 11:30:00,8.490,8.520,8.480,8.500,529400
2025-12-15 13:30:00,8.490,8.520,8.480,8.490,817130
2025-12-15 14:00:00,8.490,8.500,8.480,8.490,439300
2025-12-15 14:30:00,8.490,8.500,8.480,8.490,706000
2025-12-15 15:00:00,8.480,8.490,8.450,8.450,1431960
2025-12-16 10:00:00,8.430,8.470,8.410,8.430,1455800
2025-12-16 10:30:00,8.420,8.450,8.400,8.430,1690861
2025-12-16 11:00:00,8.430,8.430,8.400,8.420,820400
2025-12-16 11:30:00,8.420,8.430,8.400,8.420,787200
2025-12-16 13:30:00,8.410,8.440,8.390,8.410,1210700
2025-12-16 14:00:00,8.410,8.440,8.390,8.420,763700
2025-12-16 14:30:00,8.420,8.420,8.400,8.410,598130
2025-12-16 15:00:00,8.410,8.420,8.350,8.350,3658830
2025-12-17 10:00:00,8.360,8.380,8.250,8.260,3190500
2025-12-17 10:30:00,8.270,8.270,8.230,8.260,2051360
2025-12-17 11:00:00,8.250,8.250,8.220,8.250,1496270
2025-12-17 11:30:00,8.240,8.270,8.240,8.260,660700
2025-12-17 13:30:00,8.260,8.260,8.210,8.220,1241200
2025-12-17 14:00:00,8.220,8.400,8.210,8.390,4151300
2025-12-17 14:30:00,8.390,8.450,8.380,8.420,4045458
2025-12-17 15:00:00,8.420,8.430,8.400,8.410,1915130
2025-12-18 10:00:00,8.440,8.450,8.350,8.370,3896160
2025-12-18 10:30:00,8.370,8.380,8.350,8.380,1387400
2025-12-18 11:00:00,8.380,8.380,8.350,8.360,1059710
2025-12-18 11:30:00,8.360,8.370,8.340,8.350,1724700
2025-12-18 13:30:00,8.360,8.400,8.340,8.390,1077880
2025-12-18 14:00:00,8.380,8.380,8.350,8.360,766100
2025-12-18 14:30:00,8.350,8.380,8.340,8.350,797640
2025-12-18 15:00:00,8.360,8.370,8.340,8.340,1413300
2025-12-19 10:00:00,8.330,8.370,8.330,8.350,1362500
2025-12-19 10:30:00,8.350,8.410,8.350,8.390,1897380
2025-12-19 11:00:00,8.390,8.400,8.360,8.360,928300
2025-12-19 11:30:00,8.360,8.390,8.360,8.380,977990
2025-12-19 13:30:00,8.390,8.390,8.370,8.380,810100
2025-12-19 14:00:00,8.380,8.390,8.360,8.370,1110740
2025-12-19 14:30:00,8.370,8.370,8.350,8.370,1021600
2025-12-19 15:00:00,8.360,8.370,8.350,8.360,1232582
2025-12-22 10:00:00,8.370,8.390,8.350,8.380,1785670
2025-12-22 10:30:00,8.390,8.390,8.370,8.370,771450
2025-12-22 11:00:00,8.370,8.380,8.360,8.380,599670
2025-12-22 11:30:00,8.380,8.380,8.370,8.370,313100
2025-12-22 13:30:00,8.370,8.380,8.360,8.380,790140
2025-12-22 14:00:00,8.370,8.380,8.360,8.360,628000
2025-12-22 14:30:00,8.360,8.380,8.360,8.370,719230
2025-12-22 15:00:00,8.370,8.380,8.350,8.360,1345850
2025-12-23 10:00:00,8.370,8.370,8.320,8.330,1509700
2025-12-23 10:30:00,8.330,8.370,8.330,8.350,1349300
2025-12-23 11:00:00,8.350,8.360,8.330,8.350,1047180
2025-12-23 11:30:00,8.350,8.370,8.340,8.340,1215170
2025-12-23 13:30:00,8.340,8.350,8.300,8.320,1656450
2025-12-23 14:00:00,8.310,8.320,8.280,8.290,1470400
2025-12-23 14:30:00,8.290,8.300,8.230,8.250,2391663
2025-12-23 15:00:00,8.250,8.260,8.200,8.200,4104397
2025-12-24 10:00:00,8.200,8.230,8.170,8.220,2215100
2025-12-24 10:30:00,8.220,8.240,8.210,8.220,800330
2025-12-24 11:00:00,8.220,8.240,8.220,8.220,484300
2025-12-24 11:30:00,8.220,8.230,8.220,8.220,705800
2025-12-24 13:30:00,8.230,8.260,8.220,8.250,1411110
2025-12-24 14:00:00,8.250,8.270,8.250,8.250,1214400
2025-12-24 14:30:00,8.250,8.260,8.240,8.260,772560
2025-12-24 15:00:00,8.260,8.270,8.250,8.270,1719000
2025-12-25 10:00:00,8.280,8.300,8.250,8.280,1655440
2025-12-25 10:30:00,8.280,8.310,8.280,8.300,1328240
2025-12-25 11:00:00,8.290,8.320,8.290,8.310,778130
2025-12-25 11:30:00,8.300,8.310,8.290,8.300,457030
2025-12-25 13:30:00,8.290,8.320,8.290,8.310,919163
2025-12-25 14:00:00,8.310,8.330,8.310,8.310,714170
2025-12-25 14:30:00,8.310,8.330,8.310,8.310,547790
2025-12-25 15:00:00,8.320,8.330,8.300,8.310,1075580
2025-12-26 10:00:00,8.330,8.360,8.290,8.350,2380560
2025-12-26 10:30:00,8.350,8.390,8.340,8.390,2872500
2025-12-26 11:00:00,8.380,8.400,8.370,8.390,2361113
2025-12-26 11:30:00,8.390,8.390,8.320,8.320,2308890
2025-12-26 13:30:00,8.330,8.370,8.320,8.370,1074900
2025-12-26 14:00:00,8.360,8.380,8.350,8.380,916460
2025-12-26 14:30:00,8.380,8.390,8.360,8.370,1592000
2025-12-26 15:00:00,8.370,8.390,8.370,8.370,1496650
2025-12-29 10:00:00,8.370,8.390,8.340,8.370,2293900
2025-12-29 10:30:00,8.370,8.410,8.360,8.370,1496200
2025-12-29 11:00:00,8.370,8.380,8.370,8.380,748320
2025-12-29 11:30:00,8.370,8.380,8.350,8.350,1237880
2025-12-29 13:30:00,8.360,8.370,8.340,8.370,1159640
2025-12-29 14:00:00,8.370,8.380,8.350,8.350,1466660
2025-12-29 14:30:00,8.350,8.360,8.340,8.350,818300
2025-12-29 15:00:00,8.350,8.360,8.320,8.340,1419960
2025-12-30 10:00:00,8.340,8.370,8.280,8.300,2419000
2025-12-30 10:30:00,8.290,8.320,8.270,8.270,1912800
2025-12-30 11:00:00,8.270,8.290,8.260,8.270,1715190
2025-12-30 11:30:00,8.270,8.280,8.240,8.250,1967970
2025-12-30 13:30:00,8.260,8.310,8.240,8.300,2650220
2025-12-30 14:00:00,8.290,8.310,8.250,8.260,2566800
2025-12-30 14:30:00,8.260,8.260,8.240,8.250,2275620
2025-12-30 15:00:00,8.240,8.250,8.220,8.220,3366120
2025-12-31 10:00:00,8.240,8.240,8.170,8.180,5205060
2025-12-31 10:30:00,8.190,8.210,8.180,8.180,1605843
2025-12-31 11:00:00,8.180,8.210,8.180,8.180,1675200
2025-12-31 11:30:00,8.180,8.200,8.180,8.190,669100
2025-12-31 13:30:00,8.190,8.200,8.180,8.190,1026960
2025-12-31 14:00:00,8.190,8.200,8.170,8.180,1508750
2025-12-31 14:30:00,8.180,8.190,8.160,8.170,1795560
2025-12-31 15:00:00,8.170,8.190,8.160,8.190,2578640
2026-01-05 10:00:00,8.200,8.220,8.180,8.220,3105453
2026-01-05 10:30:00,8.220,8.280,8.210,8.280,3382170
2026-01-05 11:00:00,8.280,8.310,8.270,8.310,3630200
2026-01-05 11:30:00,8.300,8.320,8.300,8.310,2369490
2026-01-05 13:30:00,8.310,8.320,8.290,8.300,1670054
2026-01-05 14:00:00,8.300,8.310,8.280,8.300,1042350
2026-01-05 14:30:00,8.300,8.320,8.300,8.320,1782840
2026-01-05 15:00:00,8.320,8.330,8.310,8.330,2420250
2026-01-06 10:00:00,8.360,8.510,8.340,8.460,9073130
2026-01-06 10:30:00,8.460,8.510,8.460,8.480,5223820
2026-01-06 11:00:00,8.470,8.490,8.430,8.460,2700072
2026-01-06 11:30:00,8.470,8.520,8.460,8.480,3803930
2026-01-06 13:30:00,8.480,8.510,8.470,8.490,2491220
2026-01-06 14:00:00,8.490,8.500,8.450,8.470,1843400
2026-01-06 14:30:00,8.460,8.540,8.460,8.530,4167420
2026-01-06 15:00:00,8.520,8.540,8.510,8.530,4321226
2026-01-07 10:00:00,8.530,8.550,8.450,8.490,5743391
2026-01-07 10:30:00,8.490,8.500,8.450,8.470,2597600
2026-01-07 11:00:00,8.460,8.480,8.460,8.480,1254091
2026-01-07 11:30:00,8.470,8.500,8.460,8.480,1869059
2026-01-07 13:30:00,8.490,8.490,8.430,8.450,1809090
2026-01-07 14:00:00,8.440,8.450,8.420,8.450,1580400
2026-01-07 14:30:00,8.450,8.460,8.440,8.450,1047600
2026-01-07 15:00:00,8.450,8.460,8.430,8.450,1611410
2026-01-08 10:00:00,8.410,8.430,8.380,8.400,3534360
2026-01-08 10:30:00,8.410,8.420,8.380,8.400,2201890
2026-01-08 11:00:00,8.400,8.410,8.380,8.400,1946270
2026-01-08 11:30:00,8.400,8.410,8.380,8.390,1594860
2026-01-08 13:30:00,8.380,8.420,8.380,8.400,1375011
2026-01-08 14:00:00,8.410,8.410,8.390,8.390,1315400
2026-01-08 14:30:00,8.400,8.410,8.370,8.390,2653800
2026-01-08 15:00:00,8.390,8.420,8.380,8.410,2170865
2026-01-09 10:00:00,8.410,8.480,8.400,8.480,3299060
2026-01-09 10:30:00,8.480,8.480,8.420,8.450,2269460
2026-01-09 11:00:00,8.450,8.470,8.440,8.460,2013080
2026-01-09 11:30:00,8.460,8.460,8.390,8.400,3298220
2026-01-09 13:30:00,8.400,8.400,8.370,8.400,2297510
2026-01-09 14:00:00,8.390,8.410,8.380,8.390,1370400
2026-01-09 14:30:00,8.390,8.410,8.390,8.410,842070
2026-01-09 15:00:00,8.410,8.450,8.400,8.450,2738430
2026-01-12 10:00:00,8.440,8.500,8.420,8.450,4265889
2026-01-12 10:30:00,8.450,8.490,8.440,8.460,2650160
2026-01-12 11:00:00,8.470,8.550,8.460,8.530,5731821
2026-01-12 11:30:00,8.530,8.580,8.510,8.560,4403880
2026-01-12 13:30:00,8.560,8.570,8.510,8.550,2997910
2026-01-12 14:00:00,8.550,8.550,8.520,8.530,1331534
2026-01-12 14:30:00,8.540,8.560,8.530,8.550,2661000
2026-01-12 15:00:00,8.560,8.560,8.530,8.560,3397920
2026-01-13 10:00:00,8.560,8.600,8.500,8.560,5962190
2026-01-13 10:30:00,8.560,8.600,8.550,8.570,4592394
2026-01-13 11:00:00,8.560,8.570,8.530,8.540,1497486
2026-01-13 11:30:00,8.550,8.570,8.540,8.540,1144730
2026-01-13 13:30:00,8.540,8.560,8.500,8.510,1745210
2026-01-13 14:00:00,8.510,8.530,8.490,8.520,1397028
2026-01-13 14:30:00,8.520,8.530,8.470,8.470,2876180
2026-01-13 15:00:00,8.470,8.490,8.450,8.490,2869700
2026-01-14 10:00:00,8.460,8.570,8.460,8.570,3947000
2026-01-14 10:30:00,8.570,8.580,8.550,8.580,3980230
2026-01-14 11:00:00,8.580,8.600,8.560,8.590,3624050
2026-01-14 11:30:00,8.590,8.630,8.570,8.610,4731551
2026-01-14 13:30:00,8.620,8.620,8.480,8.500,7007412
2026-01-14 14:00:00,8.500,8.510,8.440,8.440,3694500
2026-01-14 14:30:00,8.440,8.490,8.430,8.490,2464110
2026-01-14 15:00:00,8.490,8.490,8.440,8.450,2326404
2026-01-15 10:00:00,8.410,8.440,8.390,8.410,4659520
2026-01-15 10:30:00,8.410,8.420,8.350,8.350,5017990
2026-01-15 11:00:00,8.350,8.370,8.330,8.340,3053930
2026-01-15 11:30:00,8.330,8.340,8.300,8.300,2932770
2026-01-15 13:30:00,8.300,8.330,8.290,8.310,1791920
2026-01-15 14:00:00,8.310,8.330,8.300,8.310,1828980
2026-01-15 14:30:00,8.320,8.320,8.290,8.290,2209820
2026-01-15 15:00:00,8.290,8.310,8.280,8.310,3322004
2026-01-16 10:00:00,8.340,8.360,8.280,8.280,3940240
2026-01-16 10:30:00,8.280,8.300,8.250,8.280,2828200
2026-01-16 11:00:00,8.280,8.290,8.260,8.270,1626290
2026-01-16 11:30:00,8.270,8.290,8.260,8.260,1729950
2026-01-16 13:30:00,8.270,8.290,8.250,8.270,1466930
2026-01-16 14:00:00,8.270,8.300,8.250,8.250,1587000
2026-01-16 14:30:00,8.250,8.280,8.240,8.270,1487000
2026-01-16 15:00:00,8.270,8.280,8.240,8.250,2199760
2026-01-19 10:00:00,8.250,8.280,8.210,8.270,2892580
2026-01-19 10:30:00,8.270,8.270,8.240,8.240,1682640
2026-01-19 11:00:00,8.240,8.250,8.220,8.230,1768400
2026-01-19 11:30:00,8.220,8.250,8.220,8.240,1096500
2026-01-19 13:30:00,8.240,8.270,8.240,8.250,1253040
2026-01-19 14:00:00,8.250,8.260,8.230,8.230,1387760
2026-01-19 14:30:00,8.230,8.250,8.230,8.250,973730
2026-01-19 15:00:00,8.240,8.260,8.240,8.260,1575700
2026-01-20 10:00:00,8.280,8.290,8.250,8.260,3283290
2026-01-20 10:30:00,8.270,8.270,8.230,8.240,1914260
2026-01-20 11:00:00,8.250,8.260,8.230,8.240,1556876
2026-01-20 11:30:00,8.250,8.270,8.230,8.260,1184115
2026-01-20 13:30:00,8.250,8.260,8.240,8.240,900260
2026-01-20 14:00:00,8.240,8.270,8.240,8.250,1169260
2026-01-20 14:30:00,8.260,8.260,8.240,8.250,876290
2026-01-20 15:00:00,8.260,8.260,8.240,8.260,1574020
2026-01-21 10:00:00,8.250,8.250,8.210,8.250,1838990
2026-01-21 10:30:00,8.250,8.270,8.240,8.260,1100721
2026-01-21 11:00:00,8.260,8.270,8.240,8.250,1197450
2026-01-21 11:30:00,8.250,8.260,8.230,8.230,1169200
2026-01-21 13:30:00,8.230,8.250,8.220,8.220,1401700
2026-01-21 14:00:00,8.220,8.240,8.220,8.230,956450
2026-01-21 14:30:00,8.240,8.240,8.200,8.210,2720660
2026-01-21 15:00:00,8.210,8.230,8.200,8.230,3044400
2026-01-22 10:00:00,8.260,8.270,8.230,8.250,3095005
2026-01-22 10:30:00,8.260,8.290,8.240,8.240,2848500
2026-01-22 11:00:00,8.240,8.260,8.240,8.250,1051700
2026-01-22 11:30:00,8.240,8.260,8.230,8.230,1267800
2026-01-22 13:30:00,8.240,8.240,8.220,8.230,842100
2026-01-22 14:00:00,8.230,8.240,8.230,8.240,974179
2026-01-22 14:30:00,8.230,8.250,8.220,8.230,1567490
2026-01-22 15:00:00,8.230,8.250,8.220,8.240,2832430
2026-01-23 10:00:00,8.280,8.280,8.250,8.260,3175730
2026-01-23 10:30:00,8.270,8.280,8.240,8.240,1775010
2026-01-23 11:00:00,8.240,8.260,8.230,8.250,1788550
2026-01-23 11:30:00,8.260,8.260,8.240,8.250,1089500
2026-01-23 13:30:00,8.250,8.260,8.230,8.230,1604160
2026-01-23 14:00:00,8.230,8.250,8.230,8.250,1257880
2026-01-23 14:30:00,8.240,8.250,8.230,8.240,2199720
2026-01-23 15:00:00,8.240,8.250,8.220,8.240,4019266
2026-01-26 10:00:00,8.240,8.250,8.180,8.180,7877159
2026-01-26 10:30:00,8.180,8.280,8.180,8.260,6571203
2026-01-26 11:00:00,8.270,8.300,8.220,8.220,5628070
2026-01-26 11:30:00,8.220,8.250,8.220,8.240,1197320
2026-01-26 13:30:00,8.240,8.250,8.220,8.230,1482780
2026-01-26 14:00:00,8.220,8.230,8.210,8.210,1804070
2026-01-26 14:30:00,8.210,8.220,8.200,8.200,2006680
2026-01-26 15:00:00,8.210,8.230,8.200,8.200,3048172
2026-01-27 10:00:00,8.190,8.200,8.030,8.040,9958970
2026-01-27 10:30:00,8.030,8.070,8.020,8.060,3154600
2026-01-27 11:00:00,8.050,8.100,8.050,8.100,1799560
2026-01-27 11:30:00,8.090,8.100,8.070,8.080,594680
2026-01-27 13:30:00,8.080,8.110,8.080,8.110,1124170
2026-01-27 14:00:00,8.110,8.150,8.100,8.140,1508700
2026-01-27 14:30:00,8.150,8.150,8.130,8.130,993800
2026-01-27 15:00:00,8.130,8.140,8.100,8.110,2798989
2026-01-28 10:00:00,8.190,8.260,8.170,8.220,9011420
2026-01-28 10:30:00,8.220,8.240,8.190,8.190,2269840
2026-01-28 11:00:00,8.190,8.230,8.180,8.190,2186700
2026-01-28 11:30:00,8.200,8.230,8.180,8.220,1523550
2026-01-28 13:30:00,8.230,8.240,8.190,8.200,2182150
2026-01-28 14:00:00,8.200,8.230,8.190,8.220,1511800
2026-01-28 14:30:00,8.220,8.230,8.210,8.220,1185220
2026-01-28 15:00:00,8.210,8.220,8.160,8.170,3319662
2026-01-29 10:00:00,8.150,8.170,8.090,8.170,4261360
2026-01-29 10:30:00,8.170,8.190,8.140,8.160,3071684
2026-01-29 11:00:00,8.150,8.170,8.140,8.150,1271930
2026-01-29 11:30:00,8.150,8.160,8.120,8.130,1610260
2026-01-29 13:30:00,8.130,8.180,8.120,8.150,2477860
2026-01-29 14:00:00,8.150,8.210,8.150,8.200,2582590
2026-01-29 14:30:00,8.190,8.270,8.190,8.240,6054460
2026-01-29 15:00:00,8.240,8.270,8.240,8.260,4331840
2026-01-30 10:00:00,8.260,8.260,8.180,8.180,4227800
2026-01-30 10:30:00,8.190,8.200,8.160,8.170,3601300
2026-01-30 11:00:00,8.160,8.190,8.130,8.150,2529800
2026-01-30 11:30:00,8.160,8.170,8.130,8.140,1429090
2026-01-30 13:30:00,8.150,8.200,8.140,8.170,1331260
2026-01-30 14:00:00,8.170,8.200,8.170,8.170,1587200
2026-01-30 14:30:00,8.180,8.180,8.160,8.170,870600
2026-01-30 15:00:00,8.160,8.180,8.150,8.170,1725000
2026-02-02 10:00:00,8.150,8.230,8.150,8.220,3031970
2026-02-02 10:30:00,8.210,8.260,8.210,8.220,2890010
2026-02-02 11:00:00,8.220,8.240,8.200,8.210,1393800
2026-02-02 11:30:00,8.210,8.230,8.190,8.200,919800
2026-02-02 13:30:00,8.200,8.210,8.170,8.180,1009800
2026-02-02 14:00:00,8.180,8.190,8.150,8.180,1897700
2026-02-02 14:30:00,8.180,8.190,8.160,8.180,1957800
2026-02-02 15:00:00,8.180,8.190,8.130,8.140,4577600
2026-02-03 10:00:00,8.200,8.210,8.140,8.180,3096050
2026-02-03 10:30:00,8.180,8.190,8.140,8.140,1798630
2026-02-03 11:00:00,8.150,8.150,8.110,8.130,1538230
2026-02-03 11:30:00,8.140,8.150,8.120,8.140,1035500
2026-02-03 13:30:00,8.150,8.160,8.130,8.160,1486420
2026-02-03 14:00:00,8.150,8.180,8.150,8.170,1541100
2026-02-03 14:30:00,8.160,8.180,8.150,8.170,1066419
2026-02-03 15:00:00,8.170,8.190,8.160,8.190,2129430
2026-02-04 10:00:00,8.230,8.320,8.190,8.230,8990390
2026-02-04 10:30:00,8.230,8.250,8.220,8.230,2008100
2026-02-04 11:00:00,8.230,8.240,8.200,8.210,1188600
2026-02-04 11:30:00,8.210,8.220,8.180,8.190,1398490
2026-02-04 13:30:00,8.200,8.230,8.190,8.220,1282600
2026-02-04 14:00:00,8.220,8.230,8.210,8.210,636200
2026-02-04 14:30:00,8.210,8.290,8.210,8.260,4143460
2026-02-04 15:00:00,8.250,8.270,8.250,8.260,2575180
2026-02-05 10:00:00,8.200,8.250,8.190,8.250,4672050
2026-02-05 10:30:00,8.250,8.250,8.200,8.220,2525100
2026-02-05 11:00:00,8.220,8.240,8.200,8.200,1460400
2026-02-05 11:30:00,8.200,8.240,8.200,8.220,859940
2026-02-05 13:30:00,8.210,8.250,8.200,8.240,1636200
2026-02-05 14:00:00,8.240,8.310,8.240,8.270,6066430
2026-02-05 14:30:00,8.270,8.280,8.240,8.260,1327500
2026-02-05 15:00:00,8.250,8.280,8.250,8.250,1955884
2026-02-06 10:00:00,8.230,8.250,8.200,8.220,3984460
2026-02-06 10:30:00,8.220,8.250,8.200,8.250,1921770
2026-02-06 11:00:00,8.250,8.250,8.230,8.240,1076100
2026-02-06 11:30:00,8.230,8.240,8.220,8.230,775970
2026-02-06 13:30:00,8.220,8.240,8.210,8.220,1535100
2026-02-06 14:00:00,8.220,8.230,8.220,8.220,840500
2026-02-06 14:30:00,8.230,8.240,8.210,8.220,1190340
2026-02-06 15:00:00,8.210,8.220,8.190,8.190,3076340
2026-02-09 10:00:00,8.220,8.250,8.200,8.240,4587144
2026-02-09 10:30:00,8.230,8.250,8.230,8.230,1732930
2026-02-09 11:00:00,8.240,8.250,8.230,8.240,1361010
2026-02-09 11:30:00,8.240,8.250,8.230,8.240,1000610
2026-02-09 13:30:00,8.230,8.240,8.220,8.240,1356403
2026-02-09 14:00:00,8.230,8.240,8.230,8.240,856000
2026-02-09 14:30:00,8.230,8.240,8.230,8.240,814000
2026-02-09 15:00:00,8.240,8.250,8.230,8.250,1842187
2026-02-10 10:00:00,8.240,8.260,8.220,8.240,2808310
2026-02-10 10:30:00,8.230,8.240,8.220,8.220,1585110
2026-02-10 11:00:00,8.220,8.240,8.210,8.230,1643090
2026-02-10 11:30:00,8.230,8.240,8.220,8.230,1307710
2026-02-10 13:30:00,8.240,8.240,8.220,8.240,842090
2026-02-10 14:00:00,8.230,8.240,8.210,8.210,1813400
2026-02-10 14:30:00,8.210,8.220,8.200,8.200,1505600
2026-02-10 15:00:00,8.200,8.230,8.200,8.220,2225830
2026-02-11 10:00:00,8.200,8.220,8.140,8.160,6932790
2026-02-11 10:30:00,8.150,8.160,8.130,8.150,2466650
2026-02-11 11:00:00,8.150,8.190,8.150,8.170,1897686
2026-02-11 11:30:00,8.170,8.190,8.170,8.180,704060
2026-02-11 13:30:00,8.180,8.190,8.170,8.170,690600
2026-02-11 14:00:00,8.170,8.180,8.170,8.170,575900
2026-02-11 14:30:00,8.170,8.180,8.150,8.160,917100
2026-02-11 15:00:00,8.150,8.170,8.150,8.160,1465860
2026-02-12 10:00:00,8.140,8.160,8.110,8.130,2945268
2026-02-12 10:30:00,8.140,8.140,8.110,8.120,1143380
2026-02-12 11:00:00,8.120,8.130,8.110,8.120,1127630
2026-02-12 11:30:00,8.120,8.130,8.110,8.120,920060
2026-02-12 13:30:00,8.120,8.130,8.110,8.110,1008800
2026-02-12 14:00:00,8.110,8.120,8.110,8.110,1016430
2026-02-12 14:30:00,8.110,8.120,8.110,8.110,849604
2026-02-12 15:00:00,8.120,8.120,8.090,8.100,3484869
2026-02-13 10:00:00,8.100,8.150,8.090,8.140,2903895
2026-02-13 10:30:00,8.140,8.140,8.110,8.120,860620
2026-02-13 11:00:00,8.120,8.130,8.110,8.110,583600
2026-02-13 11:30:00,8.110,8.120,8.090,8.090,1007290
2026-02-13 13:30:00,8.090,8.110,8.090,8.100,1181230
2026-02-13 14:00:00,8.090,8.130,8.090,8.110,1305504
2026-02-13 14:30:00,8.110,8.120,8.090,8.090,1107500
2026-02-13 15:00:00,8.100,8.100,8.060,8.060,3063100
2026-02-24 10:00:00,8.120,8.140,8.070,8.080,3253980
2026-02-24 10:30:00,8.080,8.100,8.070,8.090,1287400
2026-02-24 11:00:00,8.100,8.110,8.090,8.110,1079910
2026-02-24 11:30:00,8.100,8.110,8.090,8.090,497100
2026-02-24 13:30:00,8.100,8.100,8.080,8.090,629270
2026-02-24 14:00:00,8.080,8.090,8.080,8.080,802300
2026-02-24 14:30:00,8.080,8.090,8.080,8.080,681400
2026-02-24 15:00:00,8.080,8.100,8.080,8.100,1152460
2026-02-25 10:00:00,8.100,8.200,8.090,8.170,6686750
2026-02-25 10:30:00,8.170,8.200,8.160,8.190,3020300
2026-02-25 11:00:00,8.200,8.220,8.190,8.200,2577080
2026-02-25 11:30:00,8.200,8.210,8.190,8.210,1197660
2026-02-25 13:30:00,8.210,8.220,8.180,8.190,1496810
2026-02-25 14:00:00,8.190,8.200,8.180,8.190,914950
2026-02-25 14:30:00,8.190,8.190,8.160,8.170,1156150
2026-02-25 15:00:00,8.160,8.180,8.160,8.180,1173480
2026-02-26 10:00:00,8.200,8.210,8.140,8.160,2383820
2026-02-26 10:30:00,8.160,8.160,8.120,8.130,2741970
2026-02-26 11:00:00,8.130,8.140,8.110,8.130,1341222
2026-02-26 11:30:00,8.130,8.130,8.110,8.130,866360
2026-02-26 13:30:00,8.120,8.130,8.110,8.120,1355568
2026-02-26 14:00:00,8.120,8.130,8.110,8.120,960632
2026-02-26 14:30:00,8.120,8.120,8.110,8.120,792720
2026-02-26 15:00:00,8.120,8.130,8.110,8.120,1807010
2026-02-27 10:00:00,8.120,8.140,8.100,8.130,2163810
2026-02-27 10:30:00,8.120,8.130,8.110,8.120,925978
2026-02-27 11:00:00,8.120,8.130,8.120,8.120,739370
2026-02-27 11:30:00,8.120,8.130,8.110,8.120,958630
2026-02-27 13:30:00,8.110,8.180,8.110,8.160,2318500
2026-02-27 14:00:00,8.150,8.170,8.140,8.140,1166524
2026-02-27 14:30:00,8.140,8.150,8.140,8.140,619990
2026-02-27 15:00:00,8.140,8.160,8.140,8.160,1616124
2026-03-02 10:00:00,8.100,8.140,8.080,8.100,4558040
2026-03-02 10:30:00,8.100,8.110,8.040,8.080,4701150
2026-03-02 11:00:00,8.070,8.120,8.070,8.110,2016931
2026-03-02 11:30:00,8.100,8.120,8.090,8.110,1153600
2026-03-02 13:30:00,8.120,8.180,8.110,8.170,2932140
2026-03-02 14:00:00,8.170,8.170,8.140,8.140,1537900
2026-03-02 14:30:00,8.140,8.160,8.130,8.140,1148710
2026-03-02 15:00:00,8.140,8.160,8.120,8.160,1870074
2026-03-03 10:00:00,8.160,8.200,8.130,8.140,3278290
2026-03-03 10:30:00,8.140,8.160,8.100,8.150,2900870
2026-03-03 11:00:00,8.150,8.190,8.140,8.170,2726450
2026-03-03 11:30:00,8.170,8.200,8.160,8.180,3039910
2026-03-03 13:30:00,8.180,8.180,8.150,8.160,2108500
2026-03-03 14:00:00,8.150,8.160,8.120,8.130,1638668
2026-03-03 14:30:00,8.130,8.130,8.070,8.100,2854912
2026-03-03 15:00:00,8.090,8.100,8.050,8.060,2983700
2026-03-04 10:00:00,8.020,8.020,7.940,7.980,6184120
2026-03-04 10:30:00,7.970,7.980,7.930,7.940,2708760
2026-03-04 11:00:00,7.940,7.940,7.870,7.880,3668130
2026-03-04 11:30:00,7.880,7.880,7.840,7.850,3098800
2026-03-04 13:30:00,7.840,7.860,7.770,7.800,4412670
2026-03-04 14:00:00,7.790,7.870,7.790,7.830,1884648
2026-03-04 14:30:00,7.820,7.830,7.790,7.800,1905752
2026-03-04 15:00:00,7.800,7.910,7.800,7.890,4283074
2026-03-05 10:00:00,7.930,7.940,7.850,7.850,4473290
2026-03-05 10:30:00,7.860,7.880,7.840,7.860,2017810
2026-03-05 11:00:00,7.860,7.900,7.860,7.900,1889300
2026-03-05 11:30:00,7.900,7.910,7.890,7.900,1192150
2026-03-05 13:30:00,7.910,7.910,7.880,7.880,1173880
2026-03-05 14:00:00,7.880,7.890,7.870,7.880,618200
2026-03-05 14:30:00,7.870,7.880,7.840,7.850,1897100
2026-03-05 15:00:00,7.850,7.870,7.840,7.870,1482870
2026-03-06 10:00:00,7.850,7.890,7.830,7.880,2493770
2026-03-06 10:30:00,7.880,7.930,7.880,7.910,2033068
2026-03-06 11:00:00,7.910,7.920,7.890,7.910,1104440
2026-03-06 11:30:00,7.900,7.920,7.890,7.910,1064900
2026-03-06 13:30:00,7.910,7.920,7.890,7.910,765960
2026-03-06 14:00:00,7.910,7.970,7.900,7.940,2653100
2026-03-06 14:30:00,7.950,7.960,7.940,7.960,1180360
2026-03-06 15:00:00,7.960,7.960,7.940,7.950,1448600
2026-03-09 10:00:00,7.900,7.900,7.830,7.870,4462617
2026-03-09 10:30:00,7.870,7.890,7.850,7.870,1917700
2026-03-09 11:00:00,7.870,7.900,7.870,7.890,1169200
2026-03-09 11:30:00,7.880,7.890,7.870,7.870,726570
2026-03-09 13:30:00,7.870,7.900,7.860,7.900,598450
2026-03-09 14:00:00,7.900,7.910,7.880,7.900,729650
2026-03-09 14:30:00,7.900,7.900,7.890,7.900,673490
2026-03-09 15:00:00,7.900,7.900,7.870,7.880,1256291
2026-03-10 10:00:00,7.900,7.950,7.900,7.930,3581964
2026-03-10 10:30:00,7.930,7.930,7.900,7.910,1069186
2026-03-10 11:00:00,7.910,7.920,7.900,7.900,837700
2026-03-10 11:30:00,7.910,7.910,7.900,7.910,498160
2026-03-10 13:30:00,7.910,7.920,7.900,7.910,923040
2026-03-10 14:00:00,7.910,7.920,7.900,7.900,723000
2026-03-10 14:30:00,7.910,7.930,7.900,7.910,1145600
2026-03-10 15:00:00,7.920,7.940,7.910,7.920,1368200
2026-03-11 10:00:00,7.930,7.930,7.890,7.920,1961910
2026-03-11 10:30:00,7.920,7.940,7.910,7.920,1565860
2026-03-11 11:00:00,7.930,7.960,7.920,7.950,1525130
2026-03-11 11:30:00,7.950,7.950,7.930,7.940,591930
2026-03-11 13:30:00,7.940,7.950,7.930,7.930,555630
2026-03-11 14:00:00,7.940,7.940,7.920,7.940,518270
2026-03-11 14:30:00,7.940,7.960,7.930,7.940,1324980
2026-03-11 15:00:00,7.940,7.960,7.940,7.940,1601500
2026-03-12 10:00:00,7.920,7.970,7.920,7.950,1933260
2026-03-12 10:30:00,7.950,7.970,7.940,7.950,1722462
2026-03-12 11:00:00,7.950,7.970,7.930,7.940,1919749
2026-03-12 11:30:00,7.940,7.940,7.920,7.930,1133660
2026-03-12 13:30:00,7.920,7.930,7.910,7.920,1918070
2026-03-12 14:00:00,7.930,7.960,7.920,7.960,1269410
2026-03-12 14:30:00,7.950,7.960,7.940,7.950,769440
2026-03-12 15:00:00,7.950,7.960,7.940,7.950,1275650
2026-03-13 10:00:00,7.910,7.950,7.900,7.930,2974900
2026-03-13 10:30:00,7.930,7.960,7.920,7.960,1487080
2026-03-13 11:00:00,7.950,7.970,7.930,7.960,1222350
2026-03-13 11:30:00,7.960,7.980,7.950,7.970,1176460
2026-03-13 13:30:00,7.970,8.010,7.960,7.990,3227236
2026-03-13 14:00:00,7.980,7.990,7.960,7.960,661894
2026-03-13 14:30:00,7.960,7.970,7.950,7.950,914900
2026-03-13 15:00:00,7.960,7.960,7.930,7.930,2009380
2026-03-16 10:00:00,7.940,7.980,7.920,7.980,3992872
2026-03-16 10:30:00,7.980,8.010,7.960,7.980,2328024
2026-03-16 11:00:00,7.980,7.990,7.970,7.980,1071900
2026-03-16 11:30:00,7.980,8.000,7.970,8.000,988900
2026-03-16 13:30:00,8.000,8.040,7.990,8.030,2772542
2026-03-16 14:00:00,8.020,8.030,8.010,8.020,716700
2026-03-16 14:30:00,8.030,8.040,8.010,8.040,1324130
2026-03-16 15:00:00,8.040,8.040,8.020,8.040,2184242
2026-03-17 10:00:00,8.070,8.130,8.040,8.130,5579476
2026-03-17 10:30:00,8.130,8.150,8.110,8.130,5956760
2026-03-17 11:00:00,8.130,8.170,8.110,8.120,3051340
2026-03-17 11:30:00,8.120,8.130,8.100,8.120,1168220
2026-03-17 13:30:00,8.120,8.130,8.110,8.120,1061400
2026-03-17 14:00:00,8.120,8.130,8.090,8.090,923876
2026-03-17 14:30:00,8.100,8.110,8.060,8.070,1827900
2026-03-17 15:00:00,8.070,8.080,8.050,8.070,2924891
2026-03-18 10:00:00,8.070,8.100,8.030,8.070,4925907
2026-03-18 10:30:00,8.070,8.090,8.040,8.080,1855390
2026-03-18 11:00:00,8.080,8.260,8.070,8.200,8724071
2026-03-18 11:30:00,8.200,8.200,8.140,8.150,2626000
2026-03-18 13:30:00,8.150,8.160,8.120,8.130,1569800
2026-03-18 14:00:00,8.120,8.170,8.120,8.150,1356500
2026-03-18 14:30:00,8.140,8.160,8.120,8.140,1460738
2026-03-18 15:00:00,8.150,8.180,8.140,8.170,3104611
2026-03-19 10:00:00,8.080,8.220,8.060,8.200,7234325
2026-03-19 10:30:00,8.190,8.230,8.160,8.200,5238828
2026-03-19 11:00:00,8.210,8.230,8.190,8.200,3519400
2026-03-19 11:30:00,8.210,8.220,8.180,8.210,1550280
2026-03-19 13:30:00,8.220,8.220,8.160,8.160,1815200
2026-03-19 14:00:00,8.160,8.240,8.130,8.210,4280302
2026-03-19 14:30:00,8.210,8.220,8.170,8.180,2832150
2026-03-19 15:00:00,8.180,8.190,8.140,8.170,3622970
2026-03-20 10:00:00,8.170,8.210,8.100,8.120,6619236
2026-03-20 10:30:00,8.130,8.130,8.080,8.100,2884470
2026-03-20 11:00:00,8.100,8.120,8.080,8.090,1355800
2026-03-20 11:30:00,8.090,8.180,8.080,8.160,2083060
2026-03-20 13:30:00,8.160,8.170,8.100,8.150,1713286
2026-03-20 14:00:00,8.150,8.150,8.130,8.130,1284670
2026-03-20 14:30:00,8.130,8.150,8.110,8.120,1787360
2026-03-20 15:00:00,8.120,8.130,8.080,8.080,4486874
2026-03-23 10:00:00,8.000,8.010,7.880,7.940,9198320
2026-03-23 10:30:00,7.940,7.970,7.930,7.940,2163600
2026-03-23 11:00:00,7.940,7.950,7.900,7.920,2015570
2026-03-23 11:30:00,7.920,7.930,7.890,7.900,1641699
2026-03-23 13:30:00,7.900,7.930,7.810,7.820,3427500
2026-03-23 14:00:00,7.820,7.830,7.770,7.800,3026149
2026-03-23 14:30:00,7.800,7.840,7.720,7.820,3429355
2026-03-23 15:00:00,7.810,7.900,7.780,7.830,6385200
2026-03-24 10:00:00,7.880,7.900,7.760,7.830,6335600
2026-03-24 10:30:00,7.820,8.010,7.820,7.980,6023800
2026-03-24 11:00:00,7.980,7.990,7.910,7.930,1712400
2026-03-24 11:30:00,7.940,7.940,7.900,7.910,1090600
2026-03-24 13:30:00,7.910,7.920,7.820,7.830,1475930
2026-03-24 14:00:00,7.840,7.860,7.820,7.830,1272500
2026-03-24 14:30:00,7.830,7.900,7.830,7.890,1452900
2026-03-24 15:00:00,7.890,7.930,7.880,7.920,1696772
2026-03-25 10:00:00,7.890,7.950,7.880,7.920,4001719
2026-03-25 10:30:00,7.920,7.950,7.910,7.940,2344182
2026-03-25 11:00:00,7.930,7.950,7.910,7.930,1945659
2026-03-25 11:30:00,7.930,7.950,7.930,7.940,758700
2026-03-25 13:30:00,7.940,7.950,7.930,7.950,1019810
2026-03-25 14:00:00,7.950,8.000,7.940,7.970,3661750
2026-03-25 14:30:00,7.960,7.970,7.930,7.930,1399600
2026-03-25 15:00:00,7.940,7.960,7.930,7.950,1884058
2026-03-26 10:00:00,7.950,8.000,7.920,7.960,3302635
2026-03-26 10:30:00,7.960,7.970,7.900,7.910,2271295
2026-03-26 11:00:00,7.910,7.920,7.880,7.900,1643100
2026-03-26 11:30:00,7.890,7.900,7.870,7.880,1143000
2026-03-26 13:30:00,7.890,7.890,7.840,7.860,1870090
2026-03-26 14:00:00,7.850,7.890,7.840,7.870,1134700
2026-03-26 14:30:00,7.860,7.880,7.830,7.840,1253998
2026-03-26 15:00:00,7.840,7.850,7.820,7.840,2212290
2026-03-27 10:00:00,7.780,7.900,7.780,7.870,3841430
2026-03-27 10:30:00,7.860,7.900,7.830,7.840,1917090
2026-03-27 11:00:00,7.830,7.850,7.810,7.810,2564040
2026-03-27 11:30:00,7.810,7.830,7.810,7.810,851500
2026-03-27 13:30:00,7.820,7.880,7.810,7.850,1892700
2026-03-27 14:00:00,7.840,7.860,7.830,7.830,1209900
2026-03-27 14:30:00,7.830,7.840,7.830,7.830,698300
2026-03-27 15:00:00,7.840,7.850,7.830,7.850,1872040
2026-03-30 10:00:00,7.780,7.810,7.650,7.690,7195700
2026-03-30 10:30:00,7.690,7.830,7.670,7.800,3518433
2026-03-30 11:00:00,7.800,7.810,7.750,7.770,728600
2026-03-30 11:30:00,7.760,7.800,7.760,7.790,574400
2026-03-30 13:30:00,7.790,7.800,7.750,7.770,708300
2026-03-30 14:00:00,7.770,7.780,7.760,7.770,722400
2026-03-30 14:30:00,7.770,7.780,7.750,7.750,913300
2026-03-30 15:00:00,7.750,7.760,7.750,7.760,2395316
2026-03-31 10:00:00,7.750,7.810,7.720,7.750,4340671
2026-03-31 10:30:00,7.750,7.770,7.740,7.760,1245850
2026-03-31 11:00:00,7.750,7.760,7.730,7.740,1357860
2026-03-31 11:30:00,7.730,7.740,7.700,7.710,1485220
2026-03-31 13:30:00,7.710,7.720,7.700,7.720,1326393
2026-03-31 14:00:00,7.710,7.730,7.700,7.710,1421100
2026-03-31 14:30:00,7.710,7.720,7.670,7.690,1928379
2026-03-31 15:00:00,7.690,7.690,7.660,7.660,2543700
2026-04-01 10:00:00,7.720,7.740,7.620,7.630,6091850
2026-04-01 10:30:00,7.620,7.680,7.620,7.640,2747724
2026-04-01 11:00:00,7.640,7.680,7.630,7.660,2440690
2026-04-01 11:30:00,7.660,7.660,7.630,7.640,1584010
2026-04-01 13:30:00,7.640,7.660,7.640,7.650,1279800
2026-04-01 14:00:00,7.660,7.670,7.630,7.630,1658800
2026-04-01 14:30:00,7.640,7.650,7.630,7.650,1305600
2026-04-01 15:00:00,7.650,7.680,7.640,7.680,2156200
2026-04-02 10:00:00,7.630,7.650,7.610,7.620,2562216
2026-04-02 10:30:00,7.630,7.630,7.570,7.580,2772357
2026-04-02 11:00:00,7.580,7.590,7.560,7.580,1754420
2026-04-02 11:30:00,7.580,7.590,7.560,7.560,949180
2026-04-02 13:30:00,7.570,7.570,7.530,7.550,1453900
2026-04-02 14:00:00,7.550,7.550,7.510,7.510,1490900
2026-04-02 14:30:00,7.520,7.530,7.500,7.530,1493300
2026-04-02 15:00:00,7.530,7.530,7.500,7.510,1885530
