date,open,high,low,close,volume
2025-03-27 14:30:00,10.550,10.580,10.530,10.540,3100900
2025-03-27 15:00:00,10.540,10.540,10.500,10.520,6694479
2025-03-28 10:00:00,10.560,10.630,10.520,10.550,5712000
2025-03-28 10:30:00,10.540,10.570,10.530,10.530,2092900
2025-03-28 11:00:00,10.530,10.550,10.520,10.530,1633300
2025-03-28 11:30:00,10.530,10.560,10.490,10.510,2043500
2025-03-28 13:30:00,10.500,10.530,10.500,10.510,1129300
2025-03-28 14:00:00,10.510,10.580,10.500,10.560,3108500
2025-03-28 14:30:00,10.560,10.590,10.550,10.580,2297600
2025-03-28 15:00:00,10.580,10.590,10.520,10.520,2543200
2025-03-31 10:00:00,10.500,10.550,10.420,10.470,5569329
2025-03-31 10:30:00,10.460,10.480,10.330,10.330,4975271
2025-03-31 11:00:00,10.320,10.360,10.320,10.360,2687400
2025-03-31 11:30:00,10.360,10.370,10.320,10.320,2305700
2025-03-31 13:30:00,10.330,10.340,10.250,10.260,4949000
2025-03-31 14:00:00,10.270,10.290,10.220,10.230,3297300
2025-03-31 14:30:00,10.220,10.310,10.210,10.270,3008800
2025-03-31 15:00:00,10.280,10.290,10.240,10.250,3402796
2025-04-01 10:00:00,10.290,10.320,10.250,10.320,3911100
2025-04-01 10:30:00,10.320,10.350,10.280,10.320,2653900
2025-04-01 11:00:00,10.320,10.340,10.310,10.330,1089500
2025-04-01 11:30:00,10.330,10.360,10.310,10.340,1758216
2025-04-01 13:30:00,10.340,10.350,10.270,10.280,2728100
2025-04-01 14:00:00,10.280,10.280,10.240,10.270,2981600
2025-04-01 14:30:00,10.270,10.310,10.260,10.300,1330000
2025-04-01 15:00:00,10.310,10.320,10.290,10.310,1840262
2025-04-02 10:00:00,10.280,10.350,10.260,10.330,3819100
2025-04-02 10:30:00,10.330,10.390,10.320,10.360,3130676
2025-04-02 11:00:00,10.360,10.370,10.340,10.350,1189200
2025-04-02 11:30:00,10.340,10.360,10.340,10.350,701600
2025-04-02 13:30:00,10.350,10.370,10.320,10.340,998900
2025-04-02 14:00:00,10.340,10.340,10.320,10.340,834600
2025-04-02 14:30:00,10.330,10.340,10.320,10.320,715900
2025-04-02 15:00:00,10.320,10.350,10.310,10.350,2067569
2025-04-03 10:00:00,10.250,10.390,10.240,10.350,5185300
2025-04-03 10:30:00,10.360,10.390,10.310,10.380,1744800
2025-04-03 11:00:00,10.370,10.380,10.330,10.340,905600
2025-04-03 11:30:00,10.340,10.350,10.300,10.320,971700
2025-04-03 13:30:00,10.310,10.330,10.290,10.300,1528000
2025-04-03 14:00:00,10.310,10.350,10.300,10.340,833500
2025-04-03 14:30:00,10.340,10.360,10.320,10.330,823500
2025-04-03 15:00:00,10.340,10.350,10.310,10.310,2123500
2025-04-07 10:00:00,9.780,9.900,9.280,9.460,21377112
2025-04-07 10:30:00,9.480,9.490,9.400,9.450,3470400
2025-04-07 11:00:00,9.450,9.460,9.360,9.390,3743422
2025-04-07 11:30:00,9.390,9.400,9.280,9.290,3928850
2025-04-07 13:30:00,9.290,9.300,9.280,9.280,6014800
2025-04-07 14:00:00,9.280,9.280,9.280,9.280,498900
2025-04-07 14:30:00,9.280,9.280,9.280,9.280,328200
2025-04-07 15:00:00,9.280,9.290,9.280,9.280,6043300
2025-04-08 10:00:00,9.320,9.400,9.200,9.300,13710000
2025-04-08 10:30:00,9.310,9.350,9.280,9.290,3036100
2025-04-08 11:00:00,9.290,9.320,9.280,9.290,2012500
2025-04-08 11:30:00,9.290,9.340,9.280,9.320,2678764
2025-04-08 13:30:00,9.320,9.330,9.260,9.260,2883900
2025-04-08 14:00:00,9.270,9.300,9.220,9.270,3980000
2025-04-08 14:30:00,9.260,9.290,9.220,9.260,1961601
2025-04-08 15:00:00,9.260,9.320,9.230,9.310,4669092
2025-04-09 10:00:00,9.220,9.270,9.040,9.270,12437200
2025-04-09 10:30:00,9.280,9.410,9.260,9.380,8152900
2025-04-09 11:00:00,9.380,9.400,9.340,9.400,2751900
2025-04-09 11:30:00,9.400,9.440,9.340,9.430,3344396
2025-04-09 13:30:00,9.430,9.600,9.370,9.590,6212700
2025-04-09 14:00:00,9.580,9.960,9.570,9.780,15279600
2025-04-09 14:30:00,9.780,9.810,9.750,9.750,2664800
2025-04-09 15:00:00,9.770,9.790,9.700,9.710,4975800
2025-04-10 10:00:00,9.810,9.910,9.650,9.890,13716600
2025-04-10 10:30:00,9.890,9.910,9.830,9.840,4087900
2025-04-10 11:00:00,9.840,9.870,9.800,9.820,4005943
2025-04-10 11:30:00,9.820,9.850,9.790,9.810,1928382
2025-04-10 13:30:00,9.820,9.900,9.800,9.880,4739600
2025-04-10 14:00:00,9.890,9.900,9.840,9.850,2013000
2025-04-10 14:30:00,9.840,9.970,9.810,9.900,7265500
2025-04-10 15:00:00,9.900,9.900,9.830,9.840,3807760
2025-04-11 10:00:00,9.820,9.850,9.770,9.800,4741400
2025-04-11 10:30:00,9.800,9.820,9.760,9.770,2499400
2025-04-11 11:00:00,9.770,9.780,9.750,9.750,1214900
2025-04-11 11:30:00,9.760,9.790,9.750,9.780,965400
2025-04-11 13:30:00,9.780,9.840,9.770,9.820,2788000
2025-04-11 14:00:00,9.820,9.880,9.800,9.850,3434100
2025-04-11 14:30:00,9.850,9.890,9.820,9.820,2351400
2025-04-11 15:00:00,9.830,9.830,9.800,9.810,3050060
2025-04-14 10:00:00,9.870,9.890,9.820,9.850,5079000
2025-04-14 10:30:00,9.850,9.870,9.820,9.850,2935500
2025-04-14 11:00:00,9.840,9.870,9.830,9.870,1910900
2025-04-14 11:30:00,9.870,9.870,9.840,9.860,1121600
2025-04-14 13:30:00,9.860,9.860,9.800,9.820,2063900
2025-04-14 14:00:00,9.820,9.830,9.800,9.820,1057700
2025-04-14 14:30:00,9.820,9.830,9.800,9.820,1584600
2025-04-14 15:00:00,9.820,9.850,9.810,9.830,2778500
2025-04-15 10:00:00,9.830,9.840,9.740,9.740,3979500
2025-04-15 10:30:00,9.740,9.780,9.720,9.760,2016700
2025-04-15 11:00:00,9.770,9.790,9.750,9.770,811100
2025-04-15 11:30:00,9.770,9.790,9.750,9.780,1650300
2025-04-15 13:30:00,9.770,9.780,9.730,9.740,1286900
2025-04-15 14:00:00,9.750,9.770,9.740,9.750,990500
2025-04-15 14:30:00,9.760,9.760,9.730,9.740,1085100
2025-04-15 15:00:00,9.750,9.770,9.730,9.750,2561900
2025-04-16 10:00:00,9.740,9.750,9.660,9.680,2988200
2025-04-16 10:30:00,9.680,9.690,9.650,9.670,1830200
2025-04-16 11:00:00,9.660,9.690,9.620,9.640,2689500
2025-04-16 11:30:00,9.640,9.640,9.560,9.570,2515500
2025-04-16 13:30:00,9.570,9.630,9.540,9.630,1858800
2025-04-16 14:00:00,9.630,9.680,9.610,9.620,1421500
2025-04-16 14:30:00,9.630,9.660,9.620,9.630,802900
2025-04-16 15:00:00,9.630,9.700,9.620,9.690,3257000
2025-04-17 10:00:00,9.650,9.730,9.620,9.710,3055500
2025-04-17 10:30:00,9.720,9.750,9.690,9.720,2025100
2025-04-17 11:00:00,9.720,9.720,9.670,9.680,3217800
2025-04-17 11:30:00,9.680,9.710,9.610,9.620,3604700
2025-04-17 13:30:00,9.650,9.670,9.640,9.650,1618500
2025-04-17 14:00:00,9.640,9.670,9.630,9.670,1196200
2025-04-17 14:30:00,9.660,9.700,9.640,9.660,1586000
2025-04-17 15:00:00,9.660,9.670,9.640,9.640,2648600
2025-04-18 10:00:00,9.640,9.660,9.540,9.580,7553100
2025-04-18 10:30:00,9.570,9.570,9.550,9.560,1429800
2025-04-18 11:00:00,9.560,9.580,9.490,9.520,4227800
2025-04-18 11:30:00,9.520,9.530,9.490,9.500,2058200
2025-04-18 13:30:00,9.520,9.540,9.490,9.490,3744000
2025-04-18 14:00:00,9.500,9.590,9.450,9.580,14337800
2025-04-18 14:30:00,9.570,9.580,9.510,9.520,5496100
2025-04-18 15:00:00,9.520,9.530,9.440,9.460,12144400
2025-04-21 10:00:00,9.420,9.550,9.380,9.510,8045992
2025-04-21 10:30:00,9.510,9.560,9.510,9.550,3979400
2025-04-21 11:00:00,9.550,9.570,9.530,9.560,2971300
2025-04-21 11:30:00,9.570,9.590,9.560,9.580,2934400
2025-04-21 13:30:00,9.580,9.600,9.550,9.580,2635100
2025-04-21 14:00:00,9.570,9.610,9.560,9.600,1937200
2025-04-21 14:30:00,9.600,9.610,9.580,9.600,2154100
2025-04-21 15:00:00,9.600,9.610,9.590,9.610,3983800
2025-04-22 10:00:00,9.600,9.640,9.540,9.590,5893300
2025-04-22 10:30:00,9.580,9.590,9.530,9.550,3031800
2025-04-22 11:00:00,9.550,9.570,9.520,9.550,1991300
2025-04-22 11:30:00,9.550,9.560,9.520,9.530,1306300
2025-04-22 13:30:00,9.520,9.550,9.520,9.550,1321700
2025-04-22 14:00:00,9.530,9.560,9.530,9.550,1651600
2025-04-22 14:30:00,9.550,9.610,9.530,9.570,2584600
2025-04-22 15:00:00,9.580,9.580,9.540,9.550,2901364
2025-04-23 10:00:00,9.600,9.670,9.590,9.610,5623879
2025-04-23 10:30:00,9.600,9.610,9.570,9.580,2184000
2025-04-23 11:00:00,9.590,9.600,9.560,9.580,1253400
2025-04-23 11:30:00,9.590,9.600,9.570,9.600,1021800
2025-04-23 13:30:00,9.590,9.620,9.570,9.600,2048200
2025-04-23 14:00:00,9.610,9.630,9.600,9.610,1816810
2025-04-23 14:30:00,9.610,9.610,9.570,9.580,1624754
2025-04-23 15:00:00,9.580,9.600,9.570,9.580,2461774
2025-04-24 10:00:00,9.600,9.600,9.530,9.550,3925964
2025-04-24 10:30:00,9.560,9.590,9.550,9.590,1910700
2025-04-24 11:00:00,9.580,9.590,9.490,9.510,3377400
2025-04-24 11:30:00,9.500,9.510,9.450,9.490,2906700
2025-04-24 13:30:00,9.480,9.510,9.470,9.500,1391500
2025-04-24 14:00:00,9.500,9.530,9.490,9.520,1031500
2025-04-24 14:30:00,9.520,9.520,9.500,9.500,1143300
2025-04-24 15:00:00,9.510,9.530,9.500,9.520,2284400
2025-04-25 10:00:00,9.550,9.580,9.530,9.540,2964400
2025-04-25 10:30:00,9.540,9.600,9.530,9.590,2665500
2025-04-25 11:00:00,9.580,9.610,9.560,9.570,2092500
2025-04-25 11:30:00,9.580,9.610,9.550,9.590,2875851
2025-04-25 13:30:00,9.590,9.610,9.570,9.580,2206700
2025-04-25 14:00:00,9.590,9.610,9.580,9.580,1798300
2025-04-25 14:30:00,9.580,9.590,9.550,9.560,1549300
2025-04-25 15:00:00,9.570,9.580,9.550,9.560,2041300
2025-04-28 10:00:00,9.530,9.540,9.400,9.420,6434300
2025-04-28 10:30:00,9.420,9.460,9.400,9.450,1987200
2025-04-28 11:00:00,9.440,9.470,9.430,9.440,2260700
2025-04-28 11:30:00,9.450,9.460,9.430,9.450,972100
2025-04-28 13:30:00,9.460,9.460,9.430,9.450,856850
2025-04-28 14:00:00,9.450,9.470,9.440,9.460,926800
2025-04-28 14:30:00,9.460,9.460,9.430,9.460,814000
2025-04-28 15:00:00,9.460,9.470,9.440,9.460,2716900
2025-04-29 10:00:00,9.470,9.540,9.410,9.520,4201300
2025-04-29 10:30:00,9.510,9.530,9.480,9.490,1473400
2025-04-29 11:00:00,9.490,9.500,9.470,9.480,848600
2025-04-29 11:30:00,9.470,9.490,9.460,9.470,960300
2025-04-29 13:30:00,9.480,9.510,9.470,9.490,1241800
2025-04-29 14:00:00,9.500,9.500,9.460,9.470,1008700
2025-04-29 14:30:00,9.470,9.500,9.460,9.470,948900
2025-04-29 15:00:00,9.480,9.480,9.460,9.470,2309500
2025-04-30 10:00:00,9.640,9.990,9.610,9.810,29243702
2025-04-30 10:30:00,9.820,9.830,9.780,9.800,5010900
2025-04-30 11:00:00,9.800,9.800,9.720,9.770,4887700
2025-04-30 11:30:00,9.770,9.820,9.770,9.790,2380800
2025-04-30 13:30:00,9.790,9.800,9.720,9.750,2973800
2025-04-30 14:00:00,9.750,9.760,9.730,9.740,2360300
2025-04-30 14:30:00,9.750,9.770,9.740,9.740,2521400
2025-04-30 15:00:00,9.750,9.760,9.710,9.730,5752200
2025-05-06 10:00:00,9.800,9.960,9.750,9.940,17188600
2025-05-06 10:30:00,9.940,9.980,9.920,9.960,5947300
2025-05-06 11:00:00,9.970,9.980,9.940,9.980,4263800
2025-05-06 11:30:00,9.980,10.030,9.970,10.000,4422500
2025-05-06 13:30:00,10.010,10.050,9.970,10.020,4550900
2025-05-06 14:00:00,10.030,10.040,9.990,10.010,2700500
2025-05-06 14:30:00,10.010,10.020,10.000,10.000,2727480
2025-05-06 15:00:00,10.000,10.040,10.000,10.040,6036300
2025-05-07 10:00:00,10.250,10.330,10.010,10.030,22745800
2025-05-07 10:30:00,10.040,10.070,10.020,10.030,3568300
2025-05-07 11:00:00,10.040,10.080,10.020,10.060,2971100
2025-05-07 11:30:00,10.070,10.070,10.020,10.050,2272100
2025-05-07 13:30:00,10.040,10.050,10.000,10.010,2391600
2025-05-07 14:00:00,10.010,10.030,9.990,9.990,2869900
2025-05-07 14:30:00,9.990,10.010,9.940,9.980,4367400
2025-05-07 15:00:00,9.980,10.020,9.980,9.990,4558632
2025-05-08 10:00:00,9.940,10.040,9.920,10.010,5909480
2025-05-08 10:30:00,10.000,10.020,9.980,10.010,2664200
2025-05-08 11:00:00,10.020,10.030,9.980,10.010,2284382
2025-05-08 11:30:00,10.020,10.030,10.000,10.010,1731500
2025-05-08 13:30:00,10.010,10.020,9.980,9.980,2009900
2025-05-08 14:00:00,9.980,9.990,9.970,9.990,1509000
2025-05-08 14:30:00,9.980,10.000,9.980,10.000,1645300
2025-05-08 15:00:00,10.000,10.000,9.980,9.980,2532683
2025-05-09 10:00:00,10.010,10.010,9.890,9.910,5132180
2025-05-09 10:30:00,9.920,9.930,9.880,9.890,2423000
2025-05-09 11:00:00,9.900,9.900,9.830,9.830,2884300
2025-05-09 11:30:00,9.830,9.860,9.830,9.840,1231200
2025-05-09 13:30:00,9.840,9.850,9.820,9.840,1180500
2025-05-09 14:00:00,9.850,9.870,9.830,9.870,1508400
2025-05-09 14:30:00,9.860,9.870,9.820,9.830,1621900
2025-05-09 15:00:00,9.820,9.850,9.820,9.830,2771100
2025-05-12 10:00:00,9.900,9.920,9.850,9.880,3616300
2025-05-12 10:30:00,9.880,9.950,9.880,9.930,4503529
2025-05-12 11:00:00,9.930,9.980,9.930,9.930,2510300
2025-05-12 11:30:00,9.930,9.960,9.930,9.950,1223400
2025-05-12 13:30:00,9.950,9.970,9.930,9.960,1155400
2025-05-12 14:00:00,9.960,9.970,9.940,9.960,1500000
2025-05-12 14:30:00,9.960,10.050,9.950,10.030,5256700
2025-05-12 15:00:00,10.040,10.050,10.010,10.050,4092400
2025-05-13 10:00:00,10.100,10.140,10.020,10.030,6983400
2025-05-13 10:30:00,10.040,10.040,9.970,9.990,3089300
2025-05-13 11:00:00,9.990,9.990,9.970,9.980,1756800
2025-05-13 11:30:00,9.990,9.990,9.960,9.970,1074800
2025-05-13 13:30:00,9.970,9.980,9.960,9.980,2822400
2025-05-13 14:00:00,9.980,10.000,9.960,9.990,1138800
2025-05-13 14:30:00,9.990,10.000,9.970,9.970,849900
2025-05-13 15:00:00,9.970,9.980,9.940,9.950,3395300
2025-05-14 10:00:00,9.940,9.970,9.910,9.930,2725300
2025-05-14 10:30:00,9.930,9.970,9.930,9.960,1587300
2025-05-14 11:00:00,9.950,10.000,9.940,9.980,2728200
2025-05-14 11:30:00,9.980,10.070,9.970,10.040,5180147
2025-05-14 13:30:00,10.050,10.220,10.030,10.180,13980907
2025-05-14 14:00:00,10.180,10.410,10.160,10.290,17993984
2025-05-14 14:30:00,10.280,10.290,10.200,10.230,5035016
2025-05-14 15:00:00,10.230,10.270,10.220,10.270,7074702
2025-05-15 10:00:00,10.180,10.240,10.120,10.120,9132764
2025-05-15 10:30:00,10.130,10.160,10.120,10.130,2760800
2025-05-15 11:00:00,10.130,10.150,10.110,10.120,1636500
2025-05-15 11:30:00,10.120,10.130,10.100,10.110,1332354
2025-05-15 13:30:00,10.120,10.130,10.070,10.080,1817105
2025-05-15 14:00:00,10.080,10.090,10.050,10.060,2699502
2025-05-15 14:30:00,10.060,10.100,10.060,10.090,1968695
2025-05-15 15:00:00,10.090,10.090,10.050,10.060,3296821
2025-05-16 10:00:00,10.060,10.070,9.990,10.010,4494000
2025-05-16 10:30:00,10.000,10.010,9.930,9.940,4267900
2025-05-16 11:00:00,9.940,9.970,9.930,9.960,1470600
2025-05-16 11:30:00,9.970,9.970,9.930,9.950,1742100
2025-05-16 13:30:00,9.950,9.970,9.940,9.950,1261400
2025-05-16 14:00:00,9.950,9.970,9.940,9.940,1479300
2025-05-16 14:30:00,9.950,9.960,9.930,9.950,2201754
2025-05-16 15:00:00,9.950,9.960,9.920,9.940,3241300
2025-05-19 10:00:00,9.950,9.960,9.860,9.930,4123900
2025-05-19 10:30:00,9.930,9.970,9.920,9.930,1674800
2025-05-19 11:00:00,9.940,9.990,9.930,9.990,1853200
2025-05-19 11:30:00,9.990,10.000,9.960,9.970,1030197
2025-05-19 13:30:00,9.970,10.000,9.970,9.990,1177158
2025-05-19 14:00:00,9.990,10.020,9.980,9.990,1398000
2025-05-19 14:30:00,9.990,10.020,9.980,9.990,1311600
2025-05-19 15:00:00,10.000,10.000,9.950,9.990,2314200
2025-05-20 10:00:00,9.980,10.010,9.940,9.970,3070400
2025-05-20 10:30:00,9.970,9.990,9.960,9.970,1491900
2025-05-20 11:00:00,9.980,9.980,9.950,9.980,878297
2025-05-20 11:30:00,9.980,10.030,9.960,10.020,1658600
2025-05-20 13:30:00,10.010,10.040,9.990,10.000,2244500
2025-05-20 14:00:00,10.000,10.020,9.990,10.010,797300
2025-05-20 14:30:00,10.000,10.020,9.990,10.000,958700
2025-05-20 15:00:00,10.010,10.020,9.990,10.000,1604523
2025-05-21 10:00:00,9.990,10.040,9.970,10.000,2590500
2025-05-21 10:30:00,10.010,10.020,9.970,10.010,1688900
2025-05-21 11:00:00,10.010,10.030,9.980,10.000,1012500
2025-05-21 11:30:00,9.990,10.000,9.980,10.000,1118300
2025-05-21 13:30:00,9.990,10.000,9.970,9.990,1485000
2025-05-21 14:00:00,9.990,10.000,9.970,9.980,1047600
2025-05-21 14:30:00,9.970,9.980,9.950,9.950,1322500
2025-05-21 15:00:00,9.960,9.970,9.950,9.960,2280156
2025-05-22 10:00:00,9.950,9.970,9.900,9.950,3275400
2025-05-22 10:30:00,9.940,9.950,9.920,9.940,1049900
2025-05-22 11:00:00,9.950,9.950,9.880,9.880,1915200
2025-05-22 11:30:00,9.890,9.940,9.860,9.940,2147600
2025-05-22 13:30:00,9.940,9.950,9.870,9.890,1183400
2025-05-22 14:00:00,9.890,9.930,9.890,9.920,689700
2025-05-22 14:30:00,9.920,9.920,9.890,9.920,772700
2025-05-22 15:00:00,9.920,9.930,9.880,9.890,2263000
2025-05-23 10:00:00,9.880,9.920,9.880,9.900,2183100
2025-05-23 10:30:00,9.900,9.920,9.880,9.910,2033900
2025-05-23 11:00:00,9.900,9.930,9.890,9.930,1181000
2025-05-23 11:30:00,9.930,9.950,9.900,9.910,1186700
2025-05-23 13:30:00,9.920,9.920,9.880,9.910,1446300
2025-05-23 14:00:00,9.900,9.910,9.870,9.870,1223856
2025-05-23 14:30:00,9.870,9.870,9.770,9.790,4720900
2025-05-23 15:00:00,9.800,9.810,9.760,9.760,4131600
2025-05-26 10:00:00,9.750,9.830,9.720,9.820,3062402
2025-05-26 10:30:00,9.820,9.850,9.810,9.840,1321600
2025-05-26 11:00:00,9.850,9.850,9.810,9.810,714000
2025-05-26 11:30:00,9.810,9.820,9.780,9.780,892200
2025-05-26 13:30:00,9.780,9.810,9.770,9.780,729400
2025-05-26 14:00:00,9.790,9.830,9.780,9.820,922800
2025-05-26 14:30:00,9.830,9.840,9.810,9.820,1026500
2025-05-26 15:00:00,9.820,9.840,9.820,9.830,1327680
2025-05-27 10:00:00,9.860,10.150,9.810,9.990,10890000
2025-05-27 10:30:00,9.990,10.030,9.930,10.010,5137300
2025-05-27 11:00:00,10.010,10.040,9.970,9.970,3496600
2025-05-27 11:30:00,9.980,9.980,9.950,9.950,1538900
2025-05-27 13:30:00,9.960,10.010,9.950,9.970,1669800
2025-05-27 14:00:00,9.970,9.990,9.950,9.970,743400
2025-05-27 14:30:00,9.970,10.010,9.960,9.990,1804234
2025-05-27 15:00:00,9.990,9.990,9.970,9.970,2191696
2025-05-28 10:00:00,9.960,10.000,9.920,9.980,5518251
2025-05-28 10:30:00,9.980,9.980,9.860,9.880,4342500
2025-05-28 11:00:00,9.880,9.900,9.860,9.880,1544000
2025-05-28 11:30:00,9.880,9.900,9.860,9.870,1295800
2025-05-28 13:30:00,9.860,9.880,9.850,9.860,1256200
2025-05-28 14:00:00,9.860,9.880,9.840,9.860,1356900
2025-05-28 14:30:00,9.870,9.870,9.840,9.860,1256500
2025-05-28 15:00:00,9.860,9.880,9.840,9.860,1926810
2025-05-29 10:00:00,9.850,9.960,9.820,9.950,4466800
2025-05-29 10:30:00,9.950,9.990,9.930,9.960,3155800
2025-05-29 11:00:00,9.960,10.020,9.950,9.990,3131800
2025-05-29 11:30:00,9.990,9.990,9.960,9.980,1744500
2025-05-29 13:30:00,9.990,10.000,9.970,9.990,1307000
2025-05-29 14:00:00,9.990,9.990,9.970,9.990,832900
2025-05-29 14:30:00,9.990,9.990,9.970,9.980,1436793
2025-05-29 15:00:00,9.980,9.990,9.970,9.990,2577300
2025-05-30 10:00:00,9.940,9.980,9.880,9.880,4240600
2025-05-30 10:30:00,9.880,9.900,9.870,9.880,2245600
2025-05-30 11:00:00,9.890,9.930,9.880,9.930,1594200
2025-05-30 11:30:00,9.930,9.940,9.900,9.920,1442900
2025-05-30 13:30:00,9.920,9.950,9.920,9.920,1324000
2025-05-30 14:00:00,9.920,9.940,9.900,9.920,967500
2025-05-30 14:30:00,9.910,9.920,9.880,9.890,1327952
2025-05-30 15:00:00,9.900,9.930,9.890,9.910,3090951
2025-06-03 10:00:00,9.850,9.960,9.830,9.950,4412300
2025-06-03 10:30:00,9.950,9.960,9.900,9.920,2371000
2025-06-03 11:00:00,9.910,9.950,9.910,9.940,2161800
2025-06-03 11:30:00,9.940,10.000,9.930,9.980,3903893
2025-06-03 13:30:00,9.980,9.980,9.940,9.940,1628300
2025-06-03 14:00:00,9.940,9.950,9.920,9.950,1530042
2025-06-03 14:30:00,9.930,9.960,9.930,9.950,1054900
2025-06-03 15:00:00,9.960,9.960,9.920,9.940,2491267
2025-06-04 10:00:00,9.920,10.030,9.920,10.020,4746100
2025-06-04 10:30:00,10.020,10.030,9.990,10.000,2712800
2025-06-04 11:00:00,9.990,10.020,9.980,10.020,1620800
2025-06-04 11:30:00,10.010,10.090,10.010,10.080,5146800
2025-06-04 13:30:00,10.080,10.100,10.050,10.070,2704836
2025-06-04 14:00:00,10.060,10.080,10.050,10.070,1439900
2025-06-04 14:30:00,10.070,10.070,10.060,10.060,1124400
2025-06-04 15:00:00,10.070,10.070,10.040,10.060,3605689
2025-06-05 10:00:00,10.050,10.120,10.040,10.060,4382900
2025-06-05 10:30:00,10.060,10.100,10.040,10.080,2020800
2025-06-05 11:00:00,10.070,10.080,10.060,10.070,834400
2025-06-05 11:30:00,10.070,10.100,10.060,10.080,2252300
2025-06-05 13:30:00,10.080,10.080,10.030,10.050,2157900
2025-06-05 14:00:00,10.050,10.070,10.040,10.040,1285700
2025-06-05 14:30:00,10.050,10.070,10.050,10.060,1560399
2025-06-05 15:00:00,10.060,10.120,10.060,10.100,5008780
2025-06-06 10:00:00,10.130,10.130,10.050,10.060,3244300
2025-06-06 10:30:00,10.050,10.060,10.020,10.040,1997100
2025-06-06 11:00:00,10.040,10.050,10.020,10.040,1251700
2025-06-06 11:30:00,10.030,10.040,10.010,10.020,1353482
2025-06-06 13:30:00,10.010,10.030,10.000,10.010,1469800
2025-06-06 14:00:00,10.010,10.010,9.990,9.990,1109000
2025-06-06 14:30:00,9.990,10.010,9.990,10.000,1543430
2025-06-06 15:00:00,10.010,10.010,9.990,10.000,2228500
2025-06-09 10:00:00,10.060,10.190,10.050,10.150,8778738
2025-06-09 10:30:00,10.150,10.190,10.140,10.180,3457271
2025-06-09 11:00:00,10.180,10.220,10.170,10.190,4224800
2025-06-09 11:30:00,10.190,10.200,10.160,10.170,1935600
2025-06-09 13:30:00,10.170,10.170,10.140,10.160,1647800
2025-06-09 14:00:00,10.150,10.170,10.140,10.160,1379300
2025-06-09 14:30:00,10.160,10.190,10.160,10.180,1671200
2025-06-09 15:00:00,10.180,10.190,10.160,10.170,2657371
2025-06-10 10:00:00,10.150,10.180,10.100,10.100,4429700
2025-06-10 10:30:00,10.100,10.150,10.090,10.130,2297600
2025-06-10 11:00:00,10.130,10.140,10.110,10.110,1079500
2025-06-10 11:30:00,10.110,10.130,10.100,10.100,921630
2025-06-10 13:30:00,10.110,10.110,9.960,9.960,5889470
2025-06-10 14:00:00,9.960,10.040,9.940,10.010,3334200
2025-06-10 14:30:00,10.000,10.010,9.970,9.990,2128500
2025-06-10 15:00:00,9.990,10.010,9.980,9.990,2742180
2025-06-11 10:00:00,10.010,10.240,10.000,10.170,10738634
2025-06-11 10:30:00,10.190,10.210,10.120,10.130,5295400
2025-06-11 11:00:00,10.140,10.160,10.120,10.130,1586900
2025-06-11 11:30:00,10.130,10.140,10.110,10.130,974800
2025-06-11 13:30:00,10.130,10.150,10.110,10.130,1401000
2025-06-11 14:00:00,10.130,10.150,10.110,10.130,1402200
2025-06-11 14:30:00,10.130,10.170,10.120,10.160,2489500
2025-06-11 15:00:00,10.150,10.160,10.120,10.120,3503500
2025-06-12 10:00:00,10.070,10.130,10.060,10.080,3649200
2025-06-12 10:30:00,10.090,10.120,10.080,10.120,2043600
2025-06-12 11:00:00,10.120,10.180,10.110,10.170,2837500
2025-06-12 11:30:00,10.160,10.180,10.130,10.140,2294700
2025-06-12 13:30:00,10.150,10.160,10.130,10.130,1783900
2025-06-12 14:00:00,10.120,10.130,10.100,10.120,4094000
2025-06-12 14:30:00,10.120,10.130,10.100,10.110,1326000
2025-06-12 15:00:00,10.120,10.130,10.100,10.110,2371700
2025-06-13 10:00:00,10.100,10.120,9.990,9.990,8341400
2025-06-13 10:30:00,9.990,10.010,9.950,9.970,5995180
2025-06-13 11:00:00,9.960,9.980,9.910,9.960,5983220
2025-06-13 11:30:00,9.970,9.990,9.930,9.970,3177800
2025-06-13 13:30:00,9.960,9.970,9.900,9.920,4873600
2025-06-13 14:00:00,9.930,9.950,9.910,9.920,3388700
2025-06-13 14:30:00,9.930,9.950,9.920,9.930,3709600
2025-06-13 15:00:00,9.940,9.940,9.900,9.900,7925819
2025-06-16 10:00:00,9.870,9.980,9.850,9.950,5719300
2025-06-16 10:30:00,9.940,10.010,9.930,9.990,3117200
2025-06-16 11:00:00,9.980,10.000,9.960,9.990,1920300
2025-06-16 11:30:00,10.000,10.020,9.980,10.000,2535200
2025-06-16 13:30:00,10.000,10.030,9.980,10.030,2921000
2025-06-16 14:00:00,10.030,10.040,10.010,10.040,2463000
2025-06-16 14:30:00,10.040,10.070,10.030,10.060,3538002
2025-06-16 15:00:00,10.060,10.090,10.050,10.080,5445288
2025-06-17 10:00:00,10.110,10.120,10.030,10.080,3712100
2025-06-17 10:30:00,10.080,10.100,10.040,10.050,2187000
2025-06-17 11:00:00,10.050,10.100,10.040,10.100,1559000
2025-06-17 11:30:00,10.090,10.100,10.070,10.080,1085500
2025-06-17 13:30:00,10.080,10.100,10.050,10.090,1418300
2025-06-17 14:00:00,10.080,10.110,10.080,10.090,1713399
2025-06-17 14:30:00,10.080,10.090,10.070,10.070,1309300
2025-06-17 15:00:00,10.080,10.110,10.070,10.110,2744051
2025-06-18 10:00:00,10.090,10.110,10.040,10.040,2933600
2025-06-18 10:30:00,10.050,10.050,9.970,9.990,3480200
2025-06-18 11:00:00,9.980,10.030,9.980,9.990,1480200
2025-06-18 11:30:00,9.990,10.000,9.970,9.990,1491203
2025-06-18 13:30:00,9.990,10.030,9.980,10.020,1252100
2025-06-18 14:00:00,10.020,10.050,10.010,10.020,1140400
2025-06-18 14:30:00,10.020,10.030,10.000,10.030,1037511
2025-06-18 15:00:00,10.030,10.040,10.010,10.020,1877302
2025-06-19 10:00:00,9.990,10.010,9.930,9.940,3505800
2025-06-19 10:30:00,9.940,9.960,9.910,9.920,2518300
2025-06-19 11:00:00,9.920,9.940,9.910,9.930,1687000
2025-06-19 11:30:00,9.920,9.920,9.860,9.860,4232400
2025-06-19 13:30:00,9.860,9.890,9.830,9.870,3245429
2025-06-19 14:00:00,9.880,9.890,9.860,9.870,1136226
2025-06-19 14:30:00,9.860,9.880,9.850,9.860,1624600
2025-06-19 15:00:00,9.850,9.870,9.840,9.860,3367349
2025-06-20 10:00:00,9.850,9.900,9.830,9.860,2901029
2025-06-20 10:30:00,9.870,9.880,9.820,9.870,1975700
2025-06-20 11:00:00,9.870,9.880,9.850,9.860,873200
2025-06-20 11:30:00,9.860,9.880,9.850,9.880,723219
2025-06-20 13:30:00,9.870,9.880,9.850,9.860,871541
2025-06-20 14:00:00,9.860,9.870,9.830,9.830,1652395
2025-06-20 14:30:00,9.830,9.840,9.810,9.820,1971000
2025-06-20 15:00:00,9.820,9.840,9.810,9.840,4475999
2025-06-23 10:00:00,9.750,9.870,9.730,9.840,3106466
2025-06-23 10:30:00,9.840,9.880,9.830,9.880,2233900
2025-06-23 11:00:00,9.880,9.900,9.860,9.890,2026900
2025-06-23 11:30:00,9.880,9.890,9.870,9.880,712000
2025-06-23 13:30:00,9.870,9.890,9.860,9.890,1056100
2025-06-23 14:00:00,9.890,9.930,9.880,9.920,1744700
2025-06-23 14:30:00,9.920,9.960,9.910,9.960,3183400
2025-06-23 15:00:00,9.960,9.990,9.950,9.950,3940444
2025-06-24 10:00:00,9.990,10.130,9.960,10.130,10159247
2025-06-24 10:30:00,10.130,10.200,10.120,10.140,10383900
2025-06-24 11:00:00,10.140,10.180,10.130,10.150,2994000
2025-06-24 11:30:00,10.150,10.170,10.140,10.160,1593705
2025-06-24 13:30:00,10.150,10.170,10.140,10.150,2197600
2025-06-24 14:00:00,10.160,10.180,10.150,10.180,2838850
2025-06-24 14:30:00,10.180,10.180,10.160,10.170,3243700
2025-06-24 15:00:00,10.170,10.190,10.170,10.180,4770971
2025-06-25 10:00:00,10.200,10.360,10.150,10.310,14764200
2025-06-25 10:30:00,10.300,10.340,10.240,10.240,5855280
2025-06-25 11:00:00,10.250,10.320,10.240,10.310,2964111
2025-06-25 11:30:00,10.310,10.390,10.290,10.380,6925154
2025-06-25 13:30:00,10.390,10.670,10.380,10.620,22631700
2025-06-25 14:00:00,10.610,10.640,10.530,10.620,7043700
2025-06-25 14:30:00,10.620,10.710,10.600,10.670,11540926
2025-06-25 15:00:00,10.670,10.690,10.600,10.640,11350900
2025-06-26 10:00:00,10.640,10.640,10.450,10.540,17793800
2025-06-26 10:30:00,10.540,10.560,10.490,10.510,5887500
2025-06-26 11:00:00,10.510,10.550,10.490,10.530,2930593
2025-06-26 11:30:00,10.530,10.600,10.510,10.520,3020000
2025-06-26 13:30:00,10.520,10.540,10.470,10.510,5158000
2025-06-26 14:00:00,10.510,10.530,10.420,10.440,4320200
2025-06-26 14:30:00,10.450,10.460,10.400,10.430,4189200
2025-06-26 15:00:00,10.440,10.440,10.410,10.440,5153100
2025-06-27 10:00:00,10.420,10.730,10.420,10.660,18813800
2025-06-27 10:30:00,10.670,10.750,10.560,10.570,8392800
2025-06-27 11:00:00,10.560,10.610,10.530,10.560,3986700
2025-06-27 11:30:00,10.560,10.590,10.520,10.530,2705800
2025-06-27 13:30:00,10.540,10.560,10.470,10.480,4099700
2025-06-27 14:00:00,10.470,10.500,10.410,10.420,4787300
2025-06-27 14:30:00,10.410,10.470,10.410,10.440,2843200
2025-06-27 15:00:00,10.430,10.450,10.410,10.430,4745800
2025-06-30 10:00:00,10.410,10.450,10.320,10.340,8894800
2025-06-30 10:30:00,10.340,10.410,10.290,10.400,5229200
2025-06-30 11:00:00,10.410,10.410,10.350,10.370,2269300
2025-06-30 11:30:00,10.360,10.370,10.340,10.350,1504400
2025-06-30 13:30:00,10.350,10.380,10.330,10.370,1713000
2025-06-30 14:00:00,10.370,10.370,10.330,10.340,2175225
2025-06-30 14:30:00,10.340,10.360,10.330,10.360,2256700
2025-06-30 15:00:00,10.360,10.370,10.340,10.350,4207400
2025-07-01 10:00:00,10.370,10.380,10.270,10.290,5425400
2025-07-01 10:30:00,10.290,10.300,10.260,10.280,2727400
2025-07-01 11:00:00,10.280,10.300,10.240,10.250,2746800
2025-07-01 11:30:00,10.260,10.270,10.220,10.250,2250200
2025-07-01 13:30:00,10.250,10.290,10.240,10.260,1834500
2025-07-01 14:00:00,10.260,10.320,10.260,10.320,1792900
2025-07-01 14:30:00,10.320,10.320,10.270,10.280,1376600
2025-07-01 15:00:00,10.280,10.310,10.270,10.300,3273700
2025-07-02 10:00:00,10.290,10.310,10.240,10.290,3682700
2025-07-02 10:30:00,10.290,10.330,10.260,10.270,3092200
2025-07-02 11:00:00,10.280,10.300,10.260,10.290,1820400
2025-07-02 11:30:00,10.280,10.290,10.250,10.260,1854300
2025-07-02 13:30:00,10.260,10.260,10.230,10.230,2237800
2025-07-02 14:00:00,10.230,10.240,10.210,10.210,2291200
2025-07-02 14:30:00,10.210,10.240,10.210,10.240,1615900
2025-07-02 15:00:00,10.240,10.250,10.220,10.250,3022900
2025-07-03 10:00:00,10.240,10.310,10.230,10.270,3633100
2025-07-03 10:30:00,10.270,10.280,10.230,10.230,2080700
2025-07-03 11:00:00,10.230,10.260,10.230,10.230,1079900
2025-07-03 11:30:00,10.240,10.300,10.230,10.270,2150800
2025-07-03 13:30:00,10.260,10.270,10.230,10.240,1895047
2025-07-03 14:00:00,10.240,10.290,10.240,10.270,1898500
2025-07-03 14:30:00,10.270,10.290,10.260,10.270,1781300
2025-07-03 15:00:00,10.280,10.290,10.260,10.270,2233900
2025-07-04 10:00:00,10.270,10.300,10.190,10.230,3605700
2025-07-04 10:30:00,10.220,10.230,10.180,10.210,2400800
2025-07-04 11:00:00,10.210,10.310,10.200,10.280,3806100
2025-07-04 11:30:00,10.270,10.300,10.240,10.260,2139200
2025-07-04 13:30:00,10.270,10.390,10.250,10.370,7103500
2025-07-04 14:00:00,10.360,10.370,10.300,10.300,3073200
2025-07-04 14:30:00,10.300,10.300,10.240,10.250,2908700
2025-07-04 15:00:00,10.250,10.260,10.220,10.230,3110200
2025-07-07 10:00:00,10.200,10.290,10.200,10.250,4294400
2025-07-07 10:30:00,10.250,10.270,10.240,10.250,1031900
2025-07-07 11:00:00,10.250,10.290,10.240,10.250,1527200
2025-07-07 11:30:00,10.260,10.260,10.240,10.240,638000
2025-07-07 13:30:00,10.240,10.270,10.230,10.260,1171100
2025-07-07 14:00:00,10.260,10.320,10.250,10.290,2905900
2025-07-07 14:30:00,10.290,10.290,10.270,10.270,1490900
2025-07-07 15:00:00,10.280,10.300,10.260,10.300,2267100
2025-07-08 10:00:00,10.290,10.390,10.260,10.370,4980320
2025-07-08 10:30:00,10.370,10.370,10.300,10.320,2018880
2025-07-08 11:00:00,10.320,10.340,10.300,10.310,1539800
2025-07-08 11:30:00,10.320,10.390,10.310,10.360,3794400
2025-07-08 13:30:00,10.360,10.390,10.350,10.350,2735546
2025-07-08 14:00:00,10.360,10.400,10.350,10.390,2986911
2025-07-08 14:30:00,10.390,10.390,10.360,10.390,1911700
2025-07-08 15:00:00,10.390,10.400,10.370,10.390,3680700
2025-07-09 10:00:00,10.400,10.470,10.360,10.380,5658900
2025-07-09 10:30:00,10.390,10.440,10.380,10.430,2515300
2025-07-09 11:00:00,10.430,10.440,10.390,10.410,1893800
2025-07-09 11:30:00,10.400,10.430,10.380,10.410,2147700
2025-07-09 13:30:00,10.410,10.450,10.400,10.420,2535000
2025-07-09 14:00:00,10.420,10.440,10.400,10.420,1552953
2025-07-09 14:30:00,10.420,10.440,10.370,10.380,2184900
2025-07-09 15:00:00,10.380,10.390,10.340,10.360,3038700
2025-07-10 10:00:00,10.340,10.420,10.330,10.400,4232900
2025-07-10 10:30:00,10.400,10.460,10.380,10.450,3145500
2025-07-10 11:00:00,10.460,10.480,10.420,10.450,6164300
2025-07-10 11:30:00,10.450,10.480,10.430,10.450,2171000
2025-07-10 13:30:00,10.440,10.530,10.440,10.510,5694200
2025-07-10 14:00:00,10.510,10.550,10.480,10.490,3899409
2025-07-10 14:30:00,10.490,10.540,10.480,10.480,2912300
2025-07-10 15:00:00,10.490,10.520,10.470,10.510,4945845
2025-07-11 10:00:00,10.580,11.000,10.560,10.990,31286273
2025-07-11 10:30:00,10.990,11.310,10.870,11.130,32301106
2025-07-11 11:00:00,11.140,11.250,11.030,11.040,16194900
2025-07-11 11:30:00,11.040,11.210,11.010,11.210,8093700
2025-07-11 13:30:00,11.200,11.240,11.030,11.090,7247000
2025-07-11 14:00:00,11.080,11.210,11.070,11.080,5169600
2025-07-11 14:30:00,11.080,11.110,11.050,11.080,4875700
2025-07-11 15:00:00,11.080,11.090,11.010,11.050,10643065
2025-07-14 10:00:00,11.880,11.990,11.630,11.750,88412143
2025-07-14 10:30:00,11.760,11.810,11.560,11.600,26109147
2025-07-14 11:00:00,11.600,11.640,11.550,11.560,11664815
2025-07-14 11:30:00,11.560,11.570,11.460,11.510,9259900
2025-07-14 13:30:00,11.510,11.520,11.430,11.510,9391500
2025-07-14 14:00:00,11.510,11.570,11.460,11.500,6608700
2025-07-14 14:30:00,11.500,11.690,11.500,11.590,8927882
2025-07-14 15:00:00,11.580,11.590,11.490,11.490,16953450
2025-07-15 10:00:00,11.400,11.570,11.340,11.370,32095458
2025-07-15 10:30:00,11.360,11.410,11.250,11.300,16736212
2025-07-15 11:00:00,11.300,11.950,11.300,11.660,42643500
2025-07-15 11:30:00,11.680,11.680,11.550,11.570,10951500
2025-07-15 13:30:00,11.570,11.580,11.490,11.520,6839100
2025-07-15 14:00:00,11.520,11.550,11.470,11.530,4927700
2025-07-15 14:30:00,11.530,11.600,11.500,11.550,4848100
2025-07-15 15:00:00,11.540,11.580,11.510,11.550,9312213
2025-07-16 10:00:00,11.550,11.600,11.340,11.500,22161525
2025-07-16 10:30:00,11.490,11.500,11.400,11.420,7887800
2025-07-16 11:00:00,11.420,11.430,11.350,11.410,6226258
2025-07-16 11:30:00,11.400,11.430,11.370,11.390,3077500
2025-07-16 13:30:00,11.400,11.400,11.340,11.360,7059800
2025-07-16 14:00:00,11.370,11.370,11.300,11.330,6557200
2025-07-16 14:30:00,11.340,11.410,11.320,11.360,5060200
2025-07-16 15:00:00,11.350,11.410,11.330,11.390,6074200
2025-07-17 10:00:00,11.410,11.440,11.320,11.320,11260987
2025-07-17 10:30:00,11.320,11.330,11.260,11.280,7645700
2025-07-17 11:00:00,11.280,11.310,11.250,11.290,4330400
2025-07-17 11:30:00,11.280,11.340,11.260,11.300,3019900
2025-07-17 13:30:00,11.310,11.310,11.250,11.270,4599400
2025-07-17 14:00:00,11.270,11.400,11.270,11.340,6128100
2025-07-17 14:30:00,11.330,11.390,11.310,11.320,3855700
2025-07-17 15:00:00,11.320,11.340,11.310,11.340,5516423
2025-07-18 10:00:00,11.370,11.410,11.230,11.320,13363400
2025-07-18 10:30:00,11.320,11.350,11.280,11.300,4537800
2025-07-18 11:00:00,11.290,11.320,11.270,11.310,3805100
2025-07-18 11:30:00,11.310,11.330,11.260,11.280,4034300
2025-07-18 13:30:00,11.280,11.290,11.230,11.260,4867300
2025-07-18 14:00:00,11.260,11.270,11.230,11.240,2397700
2025-07-18 14:30:00,11.230,11.260,11.220,11.230,3056700
2025-07-18 15:00:00,11.230,11.260,11.230,11.260,5207800
2025-07-21 10:00:00,11.200,11.430,11.180,11.370,16132800
2025-07-21 10:30:00,11.370,11.440,11.310,11.360,8293393
2025-07-21 11:00:00,11.360,11.410,11.340,11.350,5021800
2025-07-21 11:30:00,11.350,11.360,11.290,11.310,3108800
2025-07-21 13:30:00,11.310,11.320,11.280,11.280,3316100
2025-07-21 14:00:00,11.290,11.330,11.280,11.310,2297000
2025-07-21 14:30:00,11.300,11.350,11.300,11.340,2282300
2025-07-21 15:00:00,11.350,11.380,11.320,11.370,5353800
2025-07-22 10:00:00,11.300,11.490,11.290,11.330,13595000
2025-07-22 10:30:00,11.320,11.340,11.260,11.270,6312798
2025-07-22 11:00:00,11.280,11.320,11.270,11.300,3686200
2025-07-22 11:30:00,11.300,11.350,11.290,11.340,2660500
2025-07-22 13:30:00,11.340,11.400,11.300,11.390,5464500
2025-07-22 14:00:00,11.380,11.420,11.330,11.330,4026300
2025-07-22 14:30:00,11.330,11.330,11.310,11.330,2302000
2025-07-22 15:00:00,11.330,11.370,11.320,11.350,5670883
2025-07-23 10:00:00,11.390,11.540,11.360,11.430,18103023
2025-07-23 10:30:00,11.430,11.480,11.380,11.410,8179200
2025-07-23 11:00:00,11.420,11.450,11.400,11.430,3119497
2025-07-23 11:30:00,11.440,11.650,11.430,11.630,17059303
2025-07-23 13:30:00,11.640,11.700,11.550,11.610,18692300
2025-07-23 14:00:00,11.620,11.630,11.510,11.510,6493500
2025-07-23 14:30:00,11.510,11.530,11.410,11.440,5938400
2025-07-23 15:00:00,11.440,11.470,11.400,11.420,9063709
2025-07-24 10:00:00,11.450,11.620,11.390,11.570,20588109
2025-07-24 10:30:00,11.570,11.610,11.510,11.520,8515058
2025-07-24 11:00:00,11.520,11.650,11.500,11.600,9083429
2025-07-24 11:30:00,11.610,11.620,11.540,11.580,3568200
2025-07-24 13:30:00,11.570,11.640,11.530,11.600,9308800
2025-07-24 14:00:00,11.600,11.610,11.510,11.520,6489500
2025-07-24 14:30:00,11.520,11.600,11.520,11.590,4302600
2025-07-24 15:00:00,11.590,11.660,11.590,11.640,13557997
2025-07-25 10:00:00,11.640,11.760,11.530,11.640,15525700
2025-07-25 10:30:00,11.640,11.700,11.580,11.690,7696600
2025-07-25 11:00:00,11.700,11.730,11.590,11.620,9178900
2025-07-25 11:30:00,11.620,11.650,11.600,11.640,2598900
2025-07-25 13:30:00,11.640,11.670,11.600,11.640,4245870
2025-07-25 14:00:00,11.640,11.660,11.620,11.660,2710480
2025-07-25 14:30:00,11.660,11.690,11.550,11.580,6493220
2025-07-25 15:00:00,11.580,11.610,11.560,11.570,6920130
2025-07-28 10:00:00,11.590,11.690,11.430,11.660,13991200
2025-07-28 10:30:00,11.670,11.760,11.620,11.730,12648000
2025-07-28 11:00:00,11.730,11.750,11.650,11.690,5291000
2025-07-28 11:30:00,11.690,11.700,11.580,11.590,4084600
2025-07-28 13:30:00,11.600,11.640,11.570,11.620,2688900
2025-07-28 14:00:00,11.620,11.640,11.590,11.620,1958200
2025-07-28 14:30:00,11.620,11.640,11.580,11.600,2461700
2025-07-28 15:00:00,11.600,11.640,11.590,11.630,3800400
2025-07-29 10:00:00,11.530,11.580,11.350,11.360,13374600
2025-07-29 10:30:00,11.370,11.460,11.350,11.440,4941600
2025-07-29 11:00:00,11.440,11.530,11.410,11.510,3350700
2025-07-29 11:30:00,11.520,11.570,11.490,11.500,4094880
2025-07-29 13:30:00,11.510,11.550,11.490,11.510,1862000
2025-07-29 14:00:00,11.510,11.530,11.480,11.510,2027072
2025-07-29 14:30:00,11.500,11.590,11.500,11.580,3043100
2025-07-29 15:00:00,11.580,11.630,11.560,11.620,5437300
2025-07-30 10:00:00,11.590,11.620,11.500,11.550,6313019
2025-07-30 10:30:00,11.560,11.580,11.500,11.530,4044300
2025-07-30 11:00:00,11.540,11.580,11.530,11.530,2696982
2025-07-30 11:30:00,11.530,11.550,11.510,11.530,2212700
2025-07-30 13:30:00,11.520,11.570,11.510,11.540,1740200
2025-07-30 14:00:00,11.540,11.560,11.370,11.410,7112950
2025-07-30 14:30:00,11.400,11.500,11.330,11.490,5096500
2025-07-30 15:00:00,11.490,11.520,11.440,11.440,4302772
2025-07-31 10:00:00,11.380,11.500,11.370,11.400,7122322
2025-07-31 10:30:00,11.400,11.420,11.360,11.370,5548479
2025-07-31 11:00:00,11.370,11.380,11.340,11.380,3563800
2025-07-31 11:30:00,11.370,11.390,11.310,11.340,2844100
2025-07-31 13:30:00,11.340,11.370,11.260,11.280,4171300
2025-07-31 14:00:00,11.280,11.320,11.240,11.310,3538450
2025-07-31 14:30:00,11.310,11.310,11.210,11.210,4019629
2025-07-31 15:00:00,11.220,11.240,11.160,11.220,7497576
2025-08-01 10:00:00,11.150,11.270,11.150,11.240,6847400
2025-08-01 10:30:00,11.240,11.280,11.220,11.260,3656300
2025-08-01 11:00:00,11.260,11.260,11.150,11.170,3456200
2025-08-01 11:30:00,11.170,11.190,11.130,11.140,2151300
2025-08-01 13:30:00,11.140,11.150,11.030,11.050,5810500
2025-08-01 14:00:00,11.040,11.120,11.040,11.080,3533700
2025-08-01 14:30:00,11.080,11.160,11.060,11.150,2610600
2025-08-01 15:00:00,11.150,11.150,11.110,11.120,2472700
2025-08-04 10:00:00,11.070,11.130,11.010,11.020,8151000
2025-08-04 10:30:00,11.020,11.050,11.000,11.010,5097672
2025-08-04 11:00:00,11.010,11.030,10.980,10.990,3439000
2025-08-04 11:30:00,11.000,11.040,10.990,11.010,2235300
2025-08-04 13:30:00,11.010,11.060,11.000,11.050,3306700
2025-08-04 14:00:00,11.060,11.060,11.030,11.050,2020000
2025-08-04 14:30:00,11.040,11.110,11.040,11.090,2294400
2025-08-04 15:00:00,11.090,11.120,11.080,11.120,2993800
2025-08-05 10:00:00,11.140,11.190,11.080,11.090,7898709
2025-08-05 10:30:00,11.090,11.120,11.060,11.090,2660300
2025-08-05 11:00:00,11.100,11.100,11.050,11.070,1977200
2025-08-05 11:30:00,11.070,11.110,11.030,11.080,5945100
2025-08-05 13:30:00,11.080,11.120,11.080,11.090,1875900
2025-08-05 14:00:00,11.090,11.130,11.080,11.100,1650500
2025-08-05 14:30:00,11.100,11.160,11.090,11.140,1885238
2025-08-05 15:00:00,11.150,11.170,11.130,11.170,3397000
2025-08-06 10:00:00,11.140,11.170,11.070,11.090,6924934
2025-08-06 10:30:00,11.100,11.110,11.070,11.080,3154400
2025-08-06 11:00:00,11.080,11.120,11.060,11.120,2355100
2025-08-06 11:30:00,11.120,11.150,11.110,11.130,2152900
2025-08-06 13:30:00,11.140,11.150,11.110,11.120,1893558
2025-08-06 14:00:00,11.120,11.210,11.110,11.180,4347500
2025-08-06 14:30:00,11.190,11.200,11.160,11.170,3060400
2025-08-06 15:00:00,11.170,11.180,11.160,11.180,2878260
2025-08-07 10:00:00,11.200,11.310,11.180,11.250,8452396
2025-08-07 10:30:00,11.240,11.250,11.130,11.140,4671100
2025-08-07 11:00:00,11.140,11.160,11.120,11.150,2376000
2025-08-07 11:30:00,11.150,11.230,11.130,11.220,2046700
2025-08-07 13:30:00,11.220,11.240,11.170,11.180,2229000
2025-08-07 14:00:00,11.170,11.190,11.150,11.170,1711700
2025-08-07 14:30:00,11.170,11.190,11.140,11.160,2347100
2025-08-07 15:00:00,11.160,11.180,11.150,11.170,2408200
2025-08-08 10:00:00,11.140,11.180,11.000,11.010,7526300
2025-08-08 10:30:00,11.000,11.090,11.000,11.050,3592054
2025-08-08 11:00:00,11.050,11.110,11.040,11.080,2432700
2025-08-08 11:30:00,11.080,11.090,11.050,11.070,1468000
2025-08-08 13:30:00,11.070,11.080,11.020,11.030,2475800
2025-08-08 14:00:00,11.020,11.060,11.020,11.020,2091500
2025-08-08 14:30:00,11.020,11.070,11.020,11.060,1529500
2025-08-08 15:00:00,11.060,11.070,11.020,11.030,3323840
2025-08-11 10:00:00,11.030,11.240,11.030,11.190,10254200
2025-08-11 10:30:00,11.200,11.250,11.170,11.200,5363500
2025-08-11 11:00:00,11.200,11.230,11.180,11.230,2198300
2025-08-11 11:30:00,11.230,11.260,11.210,11.250,3190800
2025-08-11 13:30:00,11.250,11.260,11.220,11.230,2398400
2025-08-11 14:00:00,11.230,11.250,11.220,11.240,1790200
2025-08-11 14:30:00,11.250,11.260,11.210,11.240,2585100
2025-08-11 15:00:00,11.230,11.240,11.210,11.240,3183304
2025-08-12 10:00:00,11.240,11.270,11.190,11.250,6669900
2025-08-12 10:30:00,11.260,11.290,11.220,11.240,4781600
2025-08-12 11:00:00,11.230,11.280,11.190,11.210,4172600
2025-08-12 11:30:00,11.210,11.240,11.200,11.220,976700
2025-08-12 13:30:00,11.220,11.270,11.220,11.240,2547500
2025-08-12 14:00:00,11.240,11.250,11.200,11.230,2957800
2025-08-12 14:30:00,11.220,11.250,11.210,11.220,1487200
2025-08-12 15:00:00,11.230,11.240,11.210,11.240,2702200
2025-08-13 10:00:00,11.350,11.750,11.330,11.500,36310000
2025-08-13 10:30:00,11.500,11.530,11.400,11.510,9333900
2025-08-13 11:00:00,11.510,11.850,11.470,11.660,21643000
2025-08-13 11:30:00,11.660,11.770,11.620,11.720,9500300
2025-08-13 13:30:00,11.720,11.750,11.620,11.620,5923200
2025-08-13 14:00:00,11.630,11.660,11.610,11.620,3325516
2025-08-13 14:30:00,11.630,11.650,11.520,11.530,5122584
2025-08-13 15:00:00,11.540,11.610,11.530,11.610,6094050
2025-08-14 10:00:00,11.600,11.740,11.530,11.640,23642593
2025-08-14 10:30:00,11.640,11.710,11.550,11.710,10121500
2025-08-14 11:00:00,11.710,11.770,11.630,11.690,9456520
2025-08-14 11:30:00,11.680,11.760,11.640,11.660,6877073
2025-08-14 13:30:00,11.650,11.670,11.480,11.550,9825690
2025-08-14 14:00:00,11.540,11.640,11.540,11.600,4342500
2025-08-14 14:30:00,11.610,11.690,11.610,11.660,5128100
2025-08-14 15:00:00,11.660,11.680,11.560,11.560,6772700
2025-08-15 10:00:00,11.500,11.830,11.500,11.750,21931611
2025-08-15 10:30:00,11.760,11.790,11.680,11.700,8421400
2025-08-15 11:00:00,11.700,11.760,11.680,11.700,5464800
2025-08-15 11:30:00,11.690,11.870,11.660,11.860,9314900
2025-08-15 13:30:00,11.860,12.100,11.820,12.100,31473800
2025-08-15 14:00:00,12.090,12.100,11.960,12.000,10626242
2025-08-15 14:30:00,11.990,12.040,11.860,11.900,7441838
2025-08-15 15:00:00,11.910,11.950,11.880,11.930,9675203
2025-08-18 10:00:00,12.160,12.240,11.890,12.190,31354809
2025-08-18 10:30:00,12.190,12.250,12.120,12.210,12517300
2025-08-18 11:00:00,12.210,12.250,12.110,12.240,8766927
2025-08-18 11:30:00,12.250,12.340,12.170,12.330,9923438
2025-08-18 13:30:00,12.330,12.370,12.160,12.200,10971800
2025-08-18 14:00:00,12.200,12.240,12.150,12.170,5923457
2025-08-18 14:30:00,12.160,12.190,12.060,12.090,6801641
2025-08-18 15:00:00,12.090,12.170,12.090,12.150,6288600
2025-08-19 10:00:00,12.080,12.180,12.000,12.000,15502593
2025-08-19 10:30:00,12.010,12.020,11.920,12.010,9862675
2025-08-19 11:00:00,12.010,12.040,11.970,11.990,3344800
2025-08-19 11:30:00,11.990,12.030,11.980,12.000,3576900
2025-08-19 13:30:00,12.000,12.030,11.990,12.020,4539900
2025-08-19 14:00:00,12.020,12.020,11.940,11.950,5004300
2025-08-19 14:30:00,11.940,11.980,11.910,11.930,4638700
2025-08-19 15:00:00,11.940,11.980,11.920,11.970,4735440
2025-08-20 10:00:00,11.910,12.020,11.870,11.960,8949500
2025-08-20 10:30:00,11.970,11.970,11.870,11.900,5657200
2025-08-20 11:00:00,11.900,11.930,11.850,11.850,4864700
2025-08-20 11:30:00,11.850,11.870,11.750,11.810,6461700
2025-08-20 13:30:00,11.810,11.850,11.800,11.820,3128950
2025-08-20 14:00:00,11.830,11.880,11.820,11.860,2256200
2025-08-20 14:30:00,11.870,12.000,11.870,11.990,5929780
2025-08-20 15:00:00,11.990,12.050,11.950,12.040,7702902
2025-08-21 10:00:00,12.090,12.150,11.950,11.960,11520200
2025-08-21 10:30:00,11.950,12.010,11.940,11.980,4551000
2025-08-21 11:00:00,11.980,12.050,11.970,12.010,3625900
2025-08-21 11:30:00,12.020,12.020,11.950,11.980,2667200
2025-08-21 13:30:00,11.990,12.020,11.960,11.980,2233800
2025-08-21 14:00:00,11.990,12.000,11.950,11.970,2517900
2025-08-21 14:30:00,11.970,11.980,11.900,11.920,3974000
2025-08-21 15:00:00,11.920,11.930,11.870,11.910,5584200
2025-08-22 10:00:00,11.850,12.020,11.830,11.950,7540676
2025-08-22 10:30:00,11.960,11.970,11.880,11.900,2819300
2025-08-22 11:00:00,11.900,12.080,11.900,12.030,8948497
2025-08-22 11:30:00,12.040,12.130,11.990,12.080,8642000
2025-08-22 13:30:00,12.080,12.110,12.030,12.070,4766400
2025-08-22 14:00:00,12.070,12.220,12.060,12.130,10049402
2025-08-22 14:30:00,12.130,12.180,12.110,12.170,4918200
2025-08-22 15:00:00,12.160,12.180,12.140,12.180,9226768
2025-08-25 10:00:00,12.310,12.400,12.140,12.210,18938500
2025-08-25 10:30:00,12.220,12.260,12.180,12.220,6725255
2025-08-25 11:00:00,12.210,12.330,12.160,12.300,7307500
2025-08-25 11:30:00,12.300,12.380,12.170,12.190,8747000
2025-08-25 13:30:00,12.180,12.200,12.080,12.120,8882200
2025-08-25 14:00:00,12.120,12.190,12.100,12.170,4927200
2025-08-25 14:30:00,12.170,12.220,12.130,12.220,3478072
2025-08-25 15:00:00,12.220,12.250,12.160,12.220,6221272
2025-08-26 10:00:00,12.290,12.560,12.200,12.430,28799380
2025-08-26 10:30:00,12.430,12.480,12.330,12.360,7058400
2025-08-26 11:00:00,12.350,12.370,12.310,12.340,5381770
2025-08-26 11:30:00,12.340,12.410,12.320,12.350,3457817
2025-08-26 13:30:00,12.360,12.370,12.280,12.300,4840573
2025-08-26 14:00:00,12.290,12.350,12.280,12.330,3398418
2025-08-26 14:30:00,12.340,12.340,12.280,12.300,3184100
2025-08-26 15:00:00,12.300,12.300,12.180,12.200,9492823
2025-08-27 10:00:00,12.120,12.210,12.080,12.120,15818153
2025-08-27 10:30:00,12.120,12.260,12.110,12.220,8282620
2025-08-27 11:00:00,12.220,12.260,12.180,12.210,4549600
2025-08-27 11:30:00,12.210,12.260,12.200,12.220,3789000
2025-08-27 13:30:00,12.230,12.240,12.160,12.160,4822600
2025-08-27 14:00:00,12.170,12.170,12.020,12.040,9409700
2025-08-27 14:30:00,12.040,12.120,11.950,11.970,7375400
2025-08-27 15:00:00,11.960,12.070,11.870,11.870,10616050
2025-08-28 10:00:00,11.900,12.000,11.850,11.910,9252396
2025-08-28 10:30:00,11.910,11.980,11.910,11.970,4297850
2025-08-28 11:00:00,11.960,12.020,11.940,11.960,4726602
2025-08-28 11:30:00,11.960,11.980,11.850,11.920,5338200
2025-08-28 13:30:00,11.910,11.930,11.790,11.810,4884600
2025-08-28 14:00:00,11.800,11.920,11.740,11.890,5530200
2025-08-28 14:30:00,11.890,11.990,11.890,11.970,4483300
2025-08-28 15:00:00,11.970,12.220,11.960,12.200,13312695
2025-08-29 10:00:00,12.500,12.650,12.380,12.460,47241583
2025-08-29 10:30:00,12.470,12.510,12.360,12.460,13047231
2025-08-29 11:00:00,12.450,12.490,12.350,12.360,8017002
2025-08-29 11:30:00,12.360,12.400,12.270,12.300,7245828
2025-08-29 13:30:00,12.310,12.450,12.300,12.340,5460200
2025-08-29 14:00:00,12.340,12.360,12.290,12.320,3721444
2025-08-29 14:30:00,12.330,12.360,12.240,12.270,4583573
2025-08-29 15:00:00,12.260,12.320,12.230,12.230,10217881
2025-09-01 10:00:00,12.290,12.380,12.110,12.210,18433284
2025-09-01 10:30:00,12.210,12.250,12.150,12.180,6361900
2025-09-01 11:00:00,12.180,12.210,12.140,12.180,4508079
2025-09-01 11:30:00,12.180,12.200,12.110,12.120,4313502
2025-09-01 13:30:00,12.120,12.160,12.100,12.120,3666100
2025-09-01 14:00:00,12.120,12.140,12.060,12.140,4578400
2025-09-01 14:30:00,12.150,12.180,12.120,12.170,3962800
2025-09-01 15:00:00,12.170,12.180,12.090,12.150,4963238
2025-09-02 10:00:00,12.150,12.160,11.970,11.990,10492507
2025-09-02 10:30:00,11.990,12.020,11.880,11.990,7501277
2025-09-02 11:00:00,12.000,12.020,11.880,11.880,4726800
2025-09-02 11:30:00,11.890,12.100,11.860,12.000,6450682
2025-09-02 13:30:00,12.000,12.040,11.880,11.910,4965179
2025-09-02 14:00:00,11.910,11.990,11.900,11.930,2905704
2025-09-02 14:30:00,11.940,11.960,11.890,11.900,3277700
2025-09-02 15:00:00,11.890,11.940,11.860,11.920,5339030
2025-09-03 10:00:00,12.000,12.030,11.820,11.850,5769000
2025-09-03 10:30:00,11.850,11.850,11.710,11.720,6494900
2025-09-03 11:00:00,11.720,11.790,11.680,11.770,4521800
2025-09-03 11:30:00,11.770,11.790,11.630,11.650,4296500
2025-09-03 13:30:00,11.650,11.680,11.560,11.560,5336300
2025-09-03 14:00:00,11.580,11.600,11.470,11.520,6026600
2025-09-03 14:30:00,11.520,11.590,11.480,11.520,3720600
2025-09-03 15:00:00,11.530,11.550,11.380,11.450,8450750
2025-09-04 10:00:00,11.460,11.600,11.460,11.480,8113400
2025-09-04 10:30:00,11.480,11.530,11.450,11.450,3299108
2025-09-04 11:00:00,11.450,11.490,11.350,11.470,4711000
2025-09-04 11:30:00,11.470,11.510,11.410,11.440,2794900
2025-09-04 13:30:00,11.430,11.620,11.410,11.530,7325325
2025-09-04 14:00:00,11.520,11.560,11.440,11.510,3503700
2025-09-04 14:30:00,11.510,11.510,11.330,11.380,6336200
2025-09-04 15:00:00,11.380,11.460,11.280,11.460,6173853
2025-09-05 10:00:00,11.480,11.480,11.330,11.430,7245832
2025-09-05 10:30:00,11.420,11.460,11.380,11.420,4391500
2025-09-05 11:00:00,11.420,11.450,11.390,11.420,3178600
2025-09-05 11:30:00,11.420,11.420,11.350,11.370,3527100
2025-09-05 13:30:00,11.370,11.400,11.360,11.380,2488300
2025-09-05 14:00:00,11.390,11.420,11.370,11.420,1994800
2025-09-05 14:30:00,11.420,11.480,11.410,11.470,5212073
2025-09-05 15:00:00,11.470,11.500,11.420,11.480,8497269
2025-09-08 10:00:00,11.480,11.480,11.360,11.410,9044700
2025-09-08 10:30:00,11.410,11.430,11.350,11.360,5220464
2025-09-08 11:00:00,11.360,11.370,11.290,11.320,5099436
2025-09-08 11:30:00,11.310,11.330,11.300,11.320,3803352
2025-09-08 13:30:00,11.320,11.350,11.300,11.310,2814800
2025-09-08 14:00:00,11.310,11.350,11.300,11.340,2438300
2025-09-08 14:30:00,11.340,11.340,11.310,11.320,2955989
2025-09-08 15:00:00,11.320,11.370,11.320,11.360,4676231
2025-09-09 10:00:00,11.330,11.350,11.290,11.330,5708810
2025-09-09 10:30:00,11.330,11.380,11.300,11.360,4864900
2025-09-09 11:00:00,11.360,11.410,11.340,11.380,5019700
2025-09-09 11:30:00,11.380,11.400,11.320,11.340,2829500
2025-09-09 13:30:00,11.330,11.350,11.280,11.310,3168590
2025-09-09 14:00:00,11.310,11.320,11.260,11.290,3014400
2025-09-09 14:30:00,11.280,11.310,11.260,11.260,2942929
2025-09-09 15:00:00,11.270,11.290,11.260,11.280,3949500
2025-09-10 10:00:00,11.190,11.190,10.980,11.000,38948998
2025-09-10 10:30:00,11.000,11.030,10.900,10.910,15949646
2025-09-10 11:00:00,10.910,10.950,10.880,10.920,10191527
2025-09-10 11:30:00,10.930,10.970,10.900,10.960,5582600
2025-09-10 13:30:00,10.950,10.990,10.930,10.970,6609575
2025-09-10 14:00:00,10.970,11.000,10.960,10.980,5398250
2025-09-10 14:30:00,10.980,11.040,10.970,10.980,9608197
2025-09-10 15:00:00,10.980,11.000,10.950,10.970,7334604
2025-09-11 10:00:00,10.930,11.000,10.830,11.000,14826943
2025-09-11 10:30:00,11.000,11.150,10.990,11.100,16328000
2025-09-11 11:00:00,11.100,11.150,11.070,11.140,8371631
2025-09-11 11:30:00,11.130,11.320,11.110,11.310,15935800
2025-09-11 13:30:00,11.310,11.340,11.200,11.220,9903575
2025-09-11 14:00:00,11.220,11.300,11.190,11.300,7260900
2025-09-11 14:30:00,11.290,11.330,11.260,11.320,7503800
2025-09-11 15:00:00,11.320,11.360,11.300,11.360,10135167
2025-09-12 10:00:00,11.350,11.390,11.270,11.300,14106813
2025-09-12 10:30:00,11.300,11.360,11.300,11.360,5240500
2025-09-12 11:00:00,11.360,11.360,11.260,11.260,4605900
2025-09-12 11:30:00,11.270,11.300,11.230,11.290,4415189
2025-09-12 13:30:00,11.280,11.310,11.260,11.270,3390400
2025-09-12 14:00:00,11.270,11.280,11.230,11.240,4182900
2025-09-12 14:30:00,11.240,11.250,11.210,11.220,4500600
2025-09-12 15:00:00,11.210,11.220,11.170,11.190,5790350
2025-09-15 10:00:00,11.250,11.270,11.170,11.210,7569300
2025-09-15 10:30:00,11.210,11.230,11.170,11.200,4485000
2025-09-15 11:00:00,11.200,11.230,11.180,11.200,2950200
2025-09-15 11:30:00,11.200,11.210,11.170,11.180,2737899
2025-09-15 13:30:00,11.180,11.180,11.120,11.130,4426300
2025-09-15 14:00:00,11.140,11.140,11.110,11.120,2911853
2025-09-15 14:30:00,11.120,11.130,11.080,11.080,4561400
2025-09-15 15:00:00,11.090,11.120,11.090,11.100,4330489
2025-09-16 10:00:00,11.130,11.220,11.110,11.120,6272254
2025-09-16 10:30:00,11.120,11.160,11.120,11.130,2829200
2025-09-16 11:00:00,11.130,11.140,11.080,11.110,5059821
2025-09-16 11:30:00,11.110,11.240,11.090,11.190,4277100
2025-09-16 13:30:00,11.190,11.250,11.170,11.210,3534511
2025-09-16 14:00:00,11.220,11.290,11.210,11.290,4618700
2025-09-16 14:30:00,11.290,11.390,11.280,11.320,11186703
2025-09-16 15:00:00,11.320,11.330,11.270,11.300,5451008
2025-09-17 10:00:00,11.250,11.420,11.250,11.360,10411300
2025-09-17 10:30:00,11.350,11.400,11.290,11.300,4901913
2025-09-17 11:00:00,11.300,11.420,11.290,11.390,5436100
2025-09-17 11:30:00,11.400,11.490,11.360,11.450,7281766
2025-09-17 13:30:00,11.440,11.480,11.390,11.390,4480375
2025-09-17 14:00:00,11.400,11.430,11.390,11.420,2791550
2025-09-17 14:30:00,11.420,11.430,11.380,11.390,3207750
2025-09-17 15:00:00,11.390,11.450,11.380,11.450,6136434
2025-09-18 10:00:00,11.340,11.380,11.150,11.180,16217700
2025-09-18 10:30:00,11.180,11.280,11.170,11.270,5709184
2025-09-18 11:00:00,11.270,11.290,11.200,11.220,3503500
2025-09-18 11:30:00,11.220,11.240,11.200,11.210,3721005
2025-09-18 13:30:00,11.210,11.220,11.140,11.160,7176395
2025-09-18 14:00:00,11.160,11.200,11.110,11.120,6930855
2025-09-18 14:30:00,11.120,11.120,10.980,10.990,12740100
2025-09-18 15:00:00,10.990,11.040,10.910,11.040,12495733
2025-09-19 10:00:00,11.000,11.050,10.960,10.980,9368110
2025-09-19 10:30:00,10.980,11.060,10.950,11.030,5504500
2025-09-19 11:00:00,11.040,11.040,10.960,10.980,2799900
2025-09-19 11:30:00,10.980,11.000,10.960,11.000,1992000
2025-09-19 13:30:00,11.000,11.010,10.930,10.940,5067000
2025-09-19 14:00:00,10.940,10.960,10.880,10.910,4738400
2025-09-19 14:30:00,10.910,10.980,10.900,10.950,3014600
2025-09-19 15:00:00,10.950,10.960,10.880,10.880,8767940
2025-09-22 10:00:00,10.940,10.950,10.840,10.850,6533080
2025-09-22 10:30:00,10.850,10.940,10.840,10.910,3968471
2025-09-22 11:00:00,10.920,10.940,10.880,10.920,2465268
2025-09-22 11:30:00,10.920,10.930,10.880,10.900,1931938
2025-09-22 13:30:00,10.900,10.940,10.900,10.910,2332500
2025-09-22 14:00:00,10.910,10.930,10.890,10.900,1830800
2025-09-22 14:30:00,10.910,10.940,10.890,10.930,2495700
2025-09-22 15:00:00,10.930,11.060,10.920,11.050,8622659
2025-09-23 10:00:00,10.950,10.950,10.840,10.840,9328983
2025-09-23 10:30:00,10.840,10.850,10.690,10.720,10889011
2025-09-23 11:00:00,10.720,10.790,10.690,10.780,5258723
2025-09-23 11:30:00,10.790,10.790,10.710,10.740,2168577
2025-09-23 13:30:00,10.730,10.770,10.700,10.760,2591887
2025-09-23 14:00:00,10.760,10.770,10.710,10.740,2197600
2025-09-23 14:30:00,10.750,10.770,10.690,10.770,3621480
2025-09-23 15:00:00,10.760,10.840,10.740,10.810,4547383
2025-09-24 10:00:00,10.780,10.860,10.760,10.850,5273252
2025-09-24 10:30:00,10.850,10.850,10.760,10.790,2671800
2025-09-24 11:00:00,10.800,10.850,10.770,10.850,2150145
2025-09-24 11:30:00,10.850,10.860,10.810,10.850,1688000
2025-09-24 13:30:00,10.850,10.870,10.820,10.850,2442861
2025-09-24 14:00:00,10.840,10.950,10.830,10.900,5699695
2025-09-24 14:30:00,10.900,10.930,10.870,10.890,2687374
2025-09-24 15:00:00,10.890,10.940,10.880,10.920,3671180
2025-09-25 10:00:00,10.910,10.980,10.880,10.920,5486060
2025-09-25 10:30:00,10.920,10.960,10.880,10.930,3714200
2025-09-25 11:00:00,10.930,10.970,10.910,10.920,2426800
2025-09-25 11:30:00,10.920,10.950,10.910,10.930,1554400
2025-09-25 13:30:00,10.940,10.940,10.880,10.890,3071400
2025-09-25 14:00:00,10.890,10.930,10.870,10.910,2171100
2025-09-25 14:30:00,10.910,10.920,10.880,10.910,1750780
2025-09-25 15:00:00,10.910,10.930,10.860,10.870,4332938
2025-09-26 10:00:00,10.850,10.910,10.830,10.870,4385987
2025-09-26 10:30:00,10.880,10.900,10.850,10.870,3559371
2025-09-26 11:00:00,10.870,10.910,10.860,10.900,1896100
2025-09-26 11:30:00,10.900,10.920,10.860,10.860,1715800
2025-09-26 13:30:00,10.860,10.880,10.840,10.860,2322051
2025-09-26 14:00:00,10.860,10.910,10.830,10.830,2719410
2025-09-26 14:30:00,10.840,10.850,10.810,10.820,2272900
2025-09-26 15:00:00,10.820,10.830,10.770,10.770,5578437
2025-09-29 10:00:00,10.750,10.850,10.750,10.830,5581005
2025-09-29 10:30:00,10.840,10.960,10.810,10.950,7086252
2025-09-29 11:00:00,10.950,11.030,10.920,11.010,8949899
2025-09-29 11:30:00,11.010,11.100,11.000,11.080,6880614
2025-09-29 13:30:00,11.080,11.180,11.030,11.180,9514053
2025-09-29 14:00:00,11.180,11.450,11.160,11.350,21901552
2025-09-29 14:30:00,11.350,11.390,11.190,11.250,11606679
2025-09-29 15:00:00,11.250,11.260,11.190,11.210,7983844
2025-09-30 10:00:00,11.150,11.250,11.120,11.130,13944777
2025-09-30 10:30:00,11.130,11.180,11.110,11.130,5157096
2025-09-30 11:00:00,11.130,11.190,11.110,11.150,2544500
2025-09-30 11:30:00,11.160,11.210,11.140,11.190,2285100
2025-09-30 13:30:00,11.170,11.240,11.150,11.190,3325449
2025-09-30 14:00:00,11.190,11.210,11.160,11.180,1954613
2025-09-30 14:30:00,11.170,11.210,11.170,11.200,3074700
2025-09-30 15:00:00,11.200,11.200,11.150,11.170,5247060
2025-10-09 10:00:00,11.170,11.180,11.080,11.130,11373460
2025-10-09 10:30:00,11.130,11.290,11.110,11.270,7948900
2025-10-09 11:00:00,11.270,11.370,11.260,11.300,9848300
2025-10-09 11:30:00,11.310,11.340,11.280,11.290,3631500
2025-10-09 13:30:00,11.290,11.320,11.270,11.320,3614500
2025-10-09 14:00:00,11.320,11.330,11.280,11.310,3566669
2025-10-09 14:30:00,11.310,11.330,11.290,11.300,2873000
2025-10-09 15:00:00,11.300,11.350,11.300,11.340,6971462
2025-10-10 10:00:00,11.280,11.440,11.230,11.360,15137953
2025-10-10 10:30:00,11.360,11.450,11.340,11.440,6124700
2025-10-10 11:00:00,11.450,11.520,11.380,11.390,7794610
2025-10-10 11:30:00,11.380,11.400,11.330,11.360,3144069
2025-10-10 13:30:00,11.360,11.400,11.350,11.380,2647100
2025-10-10 14:00:00,11.380,11.460,11.360,11.450,6283838
2025-10-10 14:30:00,11.460,11.460,11.360,11.370,4396712
2025-10-10 15:00:00,11.370,11.400,11.350,11.380,6000199
2025-10-13 10:00:00,11.050,11.250,11.020,11.190,9984365
2025-10-13 10:30:00,11.190,11.220,11.140,11.210,4757516
2025-10-13 11:00:00,11.210,11.250,11.160,11.200,4671502
2025-10-13 11:30:00,11.190,11.190,11.130,11.140,3319000
2025-10-13 13:30:00,11.130,11.180,11.100,11.180,3167947
2025-10-13 14:00:00,11.180,11.260,11.160,11.230,4194431
2025-10-13 14:30:00,11.230,11.260,11.210,11.240,2803100
2025-10-13 15:00:00,11.240,11.270,11.210,11.250,5108217
2025-10-14 10:00:00,11.240,11.400,11.240,11.300,10955801
2025-10-14 10:30:00,11.290,11.300,11.230,11.260,5036586
2025-10-14 11:00:00,11.250,11.320,11.230,11.250,3726327
2025-10-14 11:30:00,11.260,11.290,11.220,11.240,3966643
2025-10-14 13:30:00,11.240,11.250,11.180,11.240,3361676
2025-10-14 14:00:00,11.230,11.260,11.200,11.210,2807393
2025-10-14 14:30:00,11.200,11.230,11.160,11.180,5349407
2025-10-14 15:00:00,11.190,11.200,11.140,11.180,5593222
2025-10-15 10:00:00,11.190,11.280,11.150,11.170,9157800
2025-10-15 10:30:00,11.180,11.190,11.140,11.150,4778400
2025-10-15 11:00:00,11.160,11.160,11.060,11.080,6138000
2025-10-15 11:30:00,11.070,11.090,11.050,11.080,3260900
2025-10-15 13:30:00,11.090,11.120,11.060,11.100,2196900
2025-10-15 14:00:00,11.100,11.190,11.080,11.160,3306300
2025-10-15 14:30:00,11.160,11.240,11.150,11.220,5224700
2025-10-15 15:00:00,11.220,11.230,11.180,11.230,5205674
2025-10-16 10:00:00,11.180,11.210,11.140,11.180,5827000
2025-10-16 10:30:00,11.190,11.250,11.170,11.180,5468200
2025-10-16 11:00:00,11.180,11.250,11.170,11.230,3639800
2025-10-16 11:30:00,11.240,11.250,11.160,11.160,2399600
2025-10-16 13:30:00,11.160,11.180,11.130,11.140,3237800
2025-10-16 14:00:00,11.140,11.160,11.120,11.130,2464900
2025-10-16 14:30:00,11.130,11.170,11.120,11.160,2001400
2025-10-16 15:00:00,11.160,11.170,11.140,11.170,3309962
2025-10-17 10:00:00,11.160,11.260,11.140,11.160,9027400
2025-10-17 10:30:00,11.150,11.160,11.060,11.100,6253653
2025-10-17 11:00:00,11.100,11.140,11.080,11.130,2248700
2025-10-17 11:30:00,11.130,11.160,11.070,11.080,2651000
2025-10-17 13:30:00,11.090,11.090,11.050,11.060,3140200
2025-10-17 14:00:00,11.060,11.080,11.040,11.050,2851200
2025-10-17 14:30:00,11.040,11.070,10.950,10.970,5168400
2025-10-17 15:00:00,10.970,10.980,10.900,10.900,8301312
2025-10-20 10:00:00,11.000,11.050,10.900,10.950,7326600
2025-10-20 10:30:00,10.950,10.970,10.910,10.920,2959911
2025-10-20 11:00:00,10.920,11.010,10.910,10.940,2952000
2025-10-20 11:30:00,10.930,10.970,10.910,10.940,1985410
2025-10-20 13:30:00,10.940,10.950,10.880,10.900,3222879
2025-10-20 14:00:00,10.900,10.950,10.880,10.920,1899700
2025-10-20 14:30:00,10.920,10.930,10.880,10.900,1430900
2025-10-20 15:00:00,10.900,10.930,10.880,10.910,3099223
2025-10-21 10:00:00,10.950,11.020,10.910,11.010,4553035
2025-10-21 10:30:00,11.020,11.020,10.940,11.000,3670800
2025-10-21 11:00:00,10.990,11.070,10.990,11.070,5420000
2025-10-21 11:30:00,11.060,11.140,11.060,11.090,4158429
2025-10-21 13:30:00,11.080,11.090,11.050,11.070,2166074
2025-10-21 14:00:00,11.060,11.080,11.040,11.050,2170423
2025-10-21 14:30:00,11.050,11.080,11.050,11.060,2100612
2025-10-21 15:00:00,11.060,11.070,11.040,11.050,3565914
2025-10-22 10:00:00,11.010,11.050,10.950,10.990,5021438
2025-10-22 10:30:00,10.990,11.010,10.970,11.000,1942500
2025-10-22 11:00:00,10.990,11.000,10.950,10.960,2150500
2025-10-22 11:30:00,10.960,10.970,10.950,10.950,1559903
2025-10-22 13:30:00,10.960,11.000,10.940,10.990,1537000
2025-10-22 14:00:00,10.980,11.000,10.960,10.960,1140400
2025-10-22 14:30:00,10.960,11.000,10.960,10.980,1114700
2025-10-22 15:00:00,10.970,10.990,10.960,10.970,2197979
2025-10-23 10:00:00,10.950,11.000,10.870,10.880,5046800
2025-10-23 10:30:00,10.870,10.900,10.840,10.890,4095300
2025-10-23 11:00:00,10.880,10.960,10.880,10.920,2170200
2025-10-23 11:30:00,10.920,11.020,10.910,10.970,3319700
2025-10-23 13:30:00,10.970,11.000,10.950,10.980,2363700
2025-10-23 14:00:00,10.980,10.990,10.950,10.980,1584500
2025-10-23 14:30:00,10.980,11.070,10.970,11.050,4551700
2025-10-23 15:00:00,11.050,11.130,11.040,11.120,5565922
2025-10-24 10:00:00,11.060,11.190,11.060,11.110,6824700
2025-10-24 10:30:00,11.110,11.120,11.070,11.080,3117600
2025-10-24 11:00:00,11.070,11.110,11.070,11.090,1452300
2025-10-24 11:30:00,11.100,11.100,11.070,11.080,1406738
2025-10-24 13:30:00,11.080,11.150,11.080,11.120,2671600
2025-10-24 14:00:00,11.130,11.130,11.090,11.120,1428800
2025-10-24 14:30:00,11.120,11.140,11.100,11.140,2372800
2025-10-24 15:00:00,11.140,11.170,11.120,11.170,5489058
2025-10-27 10:00:00,11.260,11.300,11.190,11.250,13281400
2025-10-27 10:30:00,11.260,11.300,11.210,11.220,6413700
2025-10-27 11:00:00,11.220,11.240,11.180,11.220,3170100
2025-10-27 11:30:00,11.220,11.290,11.200,11.290,2389500
2025-10-27 13:30:00,11.290,11.310,11.250,11.280,4686582
2025-10-27 14:00:00,11.280,11.290,11.230,11.240,2255500
2025-10-27 14:30:00,11.240,11.270,11.240,11.250,1535400
2025-10-27 15:00:00,11.250,11.450,11.240,11.310,17013684
2025-10-28 10:00:00,11.280,11.310,11.220,11.250,7099000
2025-10-28 10:30:00,11.250,11.290,11.230,11.250,3590000
2025-10-28 11:00:00,11.250,11.260,11.220,11.230,2842900
2025-10-28 11:30:00,11.230,11.330,11.230,11.270,3776000
2025-10-28 13:30:00,11.270,11.280,11.220,11.230,2499500
2025-10-28 14:00:00,11.230,11.240,11.190,11.220,3606840
2025-10-28 14:30:00,11.220,11.250,11.200,11.240,1778317
2025-10-28 15:00:00,11.230,11.250,11.210,11.230,3141596
2025-10-29 10:00:00,11.220,11.260,11.200,11.220,4296900
2025-10-29 10:30:00,11.220,11.270,11.210,11.260,3438100
2025-10-29 11:00:00,11.260,11.390,11.250,11.350,8216644
2025-10-29 11:30:00,11.360,11.450,11.360,11.380,8978823
2025-10-29 13:30:00,11.380,11.450,11.350,11.370,5052100
2025-10-29 14:00:00,11.370,11.380,11.300,11.340,6179600
2025-10-29 14:30:00,11.350,11.390,11.340,11.380,3846819
2025-10-29 15:00:00,11.390,11.400,11.380,11.400,8203827
2025-10-30 10:00:00,11.370,11.380,11.230,11.260,11497900
2025-10-30 10:30:00,11.250,11.300,11.220,11.300,5374300
2025-10-30 11:00:00,11.300,11.340,11.270,11.300,3478700
2025-10-30 11:30:00,11.290,11.340,11.280,11.320,2556853
2025-10-30 13:30:00,11.320,11.320,11.190,11.250,6578700
2025-10-30 14:00:00,11.250,11.270,11.230,11.260,2306500
2025-10-30 14:30:00,11.260,11.270,11.220,11.250,2908109
2025-10-30 15:00:00,11.260,11.280,11.240,11.250,6798600
2025-10-31 10:00:00,11.100,11.120,10.950,11.040,20654455
2025-10-31 10:30:00,11.030,11.100,11.010,11.040,5465500
2025-10-31 11:00:00,11.030,11.050,11.000,11.030,5586000
2025-10-31 11:30:00,11.030,11.030,10.990,11.000,4917300
2025-10-31 13:30:00,11.000,11.010,10.980,11.000,5079500
2025-10-31 14:00:00,10.990,11.020,10.960,10.980,4993780
2025-10-31 14:30:00,10.970,11.010,10.960,10.990,3081400
2025-10-31 15:00:00,10.990,11.030,10.960,11.010,11933100
2025-11-03 10:00:00,10.980,10.990,10.880,10.880,12151697
2025-11-03 10:30:00,10.880,10.890,10.850,10.860,6796200
2025-11-03 11:00:00,10.860,10.890,10.820,10.880,4832972
2025-11-03 11:30:00,10.870,10.880,10.830,10.850,3486496
2025-11-03 13:30:00,10.850,10.880,10.840,10.870,3056800
2025-11-03 14:00:00,10.870,10.900,10.860,10.880,3440800
2025-11-03 14:30:00,10.880,10.930,10.870,10.880,3693000
2025-11-03 15:00:00,10.880,10.910,10.880,10.910,4834800
2025-11-04 10:00:00,10.910,10.910,10.830,10.830,6257200
2025-11-04 10:30:00,10.840,10.860,10.820,10.830,4777611
2025-11-04 11:00:00,10.830,10.840,10.780,10.800,5490800
2025-11-04 11:30:00,10.800,10.820,10.780,10.790,3048100
2025-11-04 13:30:00,10.790,10.830,10.780,10.790,3235697
2025-11-04 14:00:00,10.790,10.830,10.770,10.810,4451003
2025-11-04 14:30:00,10.810,10.810,10.750,10.750,4701600
2025-11-04 15:00:00,10.760,10.800,10.750,10.780,4994738
2025-11-05 10:00:00,10.710,10.780,10.700,10.760,5325411
2025-11-05 10:30:00,10.760,10.760,10.720,10.720,4251500
2025-11-05 11:00:00,10.720,10.760,10.720,10.720,2728800
2025-11-05 11:30:00,10.730,10.760,10.720,10.750,2580400
2025-11-05 13:30:00,10.760,10.770,10.730,10.750,3792158
2025-11-05 14:00:00,10.750,10.790,10.740,10.760,3730000
2025-11-05 14:30:00,10.760,10.780,10.750,10.780,3025800
2025-11-05 15:00:00,10.780,10.780,10.750,10.760,3804008
2025-11-06 10:00:00,10.750,10.810,10.750,10.790,6288444
2025-11-06 10:30:00,10.800,10.810,10.770,10.800,2989500
2025-11-06 11:00:00,10.810,10.850,10.800,10.820,5709838
2025-11-06 11:30:00,10.830,10.840,10.800,10.820,2353800
2025-11-06 13:30:00,10.820,10.820,10.790,10.800,2355439
2025-11-06 14:00:00,10.800,10.810,10.780,10.800,2282358
2025-11-06 14:30:00,10.800,10.810,10.790,10.800,1499762
2025-11-06 15:00:00,10.800,10.800,10.780,10.790,3662598
2025-11-07 10:00:00,10.750,10.750,10.710,10.720,6306400
2025-11-07 10:30:00,10.720,10.740,10.700,10.720,3746500
2025-11-07 11:00:00,10.720,10.730,10.700,10.720,2830400
2025-11-07 11:30:00,10.720,10.740,10.710,10.710,2379258
2025-11-07 13:30:00,10.720,10.740,10.710,10.730,2234300
2025-11-07 14:00:00,10.730,10.760,10.720,10.720,2359600
2025-11-07 14:30:00,10.720,10.740,10.710,10.730,1845500
2025-11-07 15:00:00,10.720,10.750,10.710,10.750,4819375
2025-11-10 10:00:00,10.740,10.770,10.720,10.750,5262355
2025-11-10 10:30:00,10.760,10.760,10.730,10.760,2821900
2025-11-10 11:00:00,10.760,10.780,10.740,10.760,3447000
2025-11-10 11:30:00,10.770,10.800,10.750,10.780,2875147
2025-11-10 13:30:00,10.790,10.810,10.770,10.800,3488600
2025-11-10 14:00:00,10.810,10.840,10.780,10.780,5022900
2025-11-10 14:30:00,10.790,10.800,10.770,10.790,2051884
2025-11-10 15:00:00,10.790,10.810,10.780,10.800,5286722
2025-11-11 10:00:00,10.800,10.820,10.760,10.770,5587364
2025-11-11 10:30:00,10.760,10.770,10.740,10.740,3005438
2025-11-11 11:00:00,10.740,10.750,10.730,10.730,3034017
2025-11-11 11:30:00,10.730,10.740,10.710,10.740,3514483
2025-11-11 13:30:00,10.740,10.740,10.700,10.710,2601838
2025-11-11 14:00:00,10.700,10.720,10.700,10.700,2724400
2025-11-11 14:30:00,10.700,10.730,10.690,10.710,3396100
2025-11-11 15:00:00,10.710,10.710,10.680,10.690,6570556
2025-11-12 10:00:00,10.670,10.680,10.550,10.600,11410300
2025-11-12 10:30:00,10.590,10.620,10.560,10.580,4155100
2025-11-12 11:00:00,10.580,10.590,10.530,10.530,5221600
2025-11-12 11:30:00,10.530,10.550,10.510,10.520,3804100
2025-11-12 13:30:00,10.510,10.520,10.490,10.500,4314200
2025-11-12 14:00:00,10.490,10.520,10.490,10.510,2747900
2025-11-12 14:30:00,10.510,10.530,10.500,10.510,2486618
2025-11-12 15:00:00,10.520,10.530,10.500,10.500,3942974
2025-11-13 10:00:00,10.500,10.550,10.490,10.530,3595400
2025-11-13 10:30:00,10.520,10.540,10.500,10.500,3416200
2025-11-13 11:00:00,10.500,10.530,10.490,10.510,3454100
2025-11-13 11:30:00,10.500,10.520,10.490,10.520,3616700
2025-11-13 13:30:00,10.520,10.540,10.510,10.530,2685100
2025-11-13 14:00:00,10.530,10.540,10.500,10.510,2886200
2025-11-13 14:30:00,10.520,10.520,10.500,10.510,1911700
2025-11-13 15:00:00,10.520,10.580,10.510,10.570,6904724
2025-11-14 10:00:00,10.510,10.530,10.500,10.520,4764555
2025-11-14 10:30:00,10.530,10.560,10.520,10.550,2327418
2025-11-14 11:00:00,10.540,10.560,10.530,10.530,1824300
2025-11-14 11:30:00,10.540,10.550,10.520,10.550,1077978
2025-11-14 13:30:00,10.550,10.560,10.530,10.540,2219400
2025-11-14 14:00:00,10.550,10.560,10.530,10.550,1590074
2025-11-14 14:30:00,10.540,10.570,10.530,10.530,2007400
2025-11-14 15:00:00,10.540,10.550,10.510,10.520,3759700
2025-11-17 10:00:00,10.510,10.520,10.450,10.470,6230261
2025-11-17 10:30:00,10.470,10.480,10.460,10.470,2351400
2025-11-17 11:00:00,10.480,10.520,10.460,10.510,1916059
2025-11-17 11:30:00,10.510,10.530,10.490,10.520,1843600
2025-11-17 13:30:00,10.520,10.540,10.490,10.510,1591800
2025-11-17 14:00:00,10.510,10.520,10.490,10.500,1428400
2025-11-17 14:30:00,10.500,10.520,10.480,10.490,1456095
2025-11-17 15:00:00,10.500,10.510,10.480,10.490,2320393
2025-11-18 10:00:00,10.460,10.520,10.460,10.480,4377800
2025-11-18 10:30:00,10.470,10.540,10.470,10.520,4044100
2025-11-18 11:00:00,10.520,10.530,10.480,10.490,2136600
2025-11-18 11:30:00,10.490,10.500,10.470,10.480,2052600
2025-11-18 13:30:00,10.490,10.490,10.460,10.460,1640900
2025-11-18 14:00:00,10.470,10.510,10.460,10.500,1638298
2025-11-18 14:30:00,10.500,10.500,10.470,10.480,2467576
2025-11-18 15:00:00,10.470,10.480,10.460,10.460,3648402
2025-11-19 10:00:00,10.480,10.530,10.460,10.480,3834676
2025-11-19 10:30:00,10.480,10.480,10.440,10.450,2452800
2025-11-19 11:00:00,10.460,10.490,10.440,10.450,1482200
2025-11-19 11:30:00,10.450,10.460,10.410,10.420,1611000
2025-11-19 13:30:00,10.420,10.450,10.410,10.430,1914500
2025-11-19 14:00:00,10.430,10.430,10.380,10.420,2956100
2025-11-19 14:30:00,10.410,10.450,10.400,10.430,1628400
2025-11-19 15:00:00,10.440,10.450,10.400,10.420,2508980
2025-11-20 10:00:00,10.600,10.640,10.480,10.490,9559461
2025-11-20 10:30:00,10.500,10.500,10.460,10.470,2145500
2025-11-20 11:00:00,10.470,10.480,10.430,10.440,2393600
2025-11-20 11:30:00,10.450,10.480,10.430,10.480,1704200
2025-11-20 13:30:00,10.480,10.490,10.430,10.440,1857200
2025-11-20 14:00:00,10.450,10.450,10.410,10.410,2254634
2025-11-20 14:30:00,10.410,10.430,10.380,10.400,2442500
2025-11-20 15:00:00,10.400,10.420,10.360,10.360,4408309
2025-11-21 10:00:00,10.260,10.360,10.230,10.230,7583100
2025-11-21 10:30:00,10.230,10.240,10.160,10.170,6565700
2025-11-21 11:00:00,10.170,10.170,10.070,10.120,6357800
2025-11-21 11:30:00,10.120,10.230,10.120,10.190,3496711
2025-11-21 13:30:00,10.190,10.230,10.170,10.180,2057993
2025-11-21 14:00:00,10.190,10.220,10.150,10.160,2324210
2025-11-21 14:30:00,10.170,10.180,10.120,10.140,2050700
2025-11-21 15:00:00,10.140,10.150,10.100,10.110,4772765
2025-11-24 10:00:00,10.140,10.180,10.100,10.120,5360100
2025-11-24 10:30:00,10.130,10.150,10.110,10.140,3020606
2025-11-24 11:00:00,10.130,10.140,10.110,10.110,2003013
2025-11-24 11:30:00,10.120,10.140,10.100,10.120,2386525
2025-11-24 13:30:00,10.120,10.220,10.110,10.220,3785113
2025-11-24 14:00:00,10.220,10.240,10.210,10.210,2697600
2025-11-24 14:30:00,10.210,10.240,10.210,10.220,1733300
2025-11-24 15:00:00,10.230,10.400,10.190,10.400,8770248
2025-11-25 10:00:00,10.300,10.350,10.260,10.320,6258931
2025-11-25 10:30:00,10.320,10.330,10.280,10.320,4110069
2025-11-25 11:00:00,10.320,10.330,10.280,10.290,3873000
2025-11-25 11:30:00,10.290,10.290,10.260,10.280,3180900
2025-11-25 13:30:00,10.280,10.290,10.220,10.240,3752600
2025-11-25 14:00:00,10.240,10.260,10.230,10.250,2120600
2025-11-25 14:30:00,10.250,10.290,10.230,10.240,3049000
2025-11-25 15:00:00,10.250,10.280,10.240,10.260,3712541
2025-11-26 10:00:00,10.260,10.280,10.220,10.280,4262300
2025-11-26 10:30:00,10.280,10.290,10.250,10.260,2495300
2025-11-26 11:00:00,10.250,10.270,10.230,10.230,1588311
2025-11-26 11:30:00,10.230,10.260,10.230,10.240,1549131
2025-11-26 13:30:00,10.250,10.260,10.230,10.240,1504165
2025-11-26 14:00:00,10.240,10.260,10.220,10.240,2452255
2025-11-26 14:30:00,10.240,10.240,10.210,10.220,1224900
2025-11-26 15:00:00,10.220,10.230,10.190,10.190,3694200
2025-11-27 10:00:00,10.210,10.260,10.180,10.230,4450100
2025-11-27 10:30:00,10.240,10.240,10.220,10.220,1434017
2025-11-27 11:00:00,10.230,10.240,10.210,10.230,1377433
2025-11-27 11:30:00,10.220,10.230,10.210,10.230,915500
2025-11-27 13:30:00,10.230,10.240,10.210,10.240,1296300
2025-11-27 14:00:00,10.240,10.250,10.220,10.240,1883762
2025-11-27 14:30:00,10.240,10.240,10.210,10.230,1488300
2025-11-27 15:00:00,10.220,10.230,10.150,10.180,5507667
2025-11-28 10:00:00,10.200,10.200,10.130,10.130,2798200
2025-11-28 10:30:00,10.130,10.210,10.130,10.190,3050500
2025-11-28 11:00:00,10.200,10.210,10.180,10.200,1322280
2025-11-28 11:30:00,10.190,10.200,10.160,10.180,1395100
2025-11-28 13:30:00,10.180,10.210,10.170,10.200,1593965
2025-11-28 14:00:00,10.210,10.250,10.200,10.240,2719300
2025-11-28 14:30:00,10.240,10.250,10.220,10.240,2278776
2025-11-28 15:00:00,10.240,10.250,10.220,10.230,3350262
2025-12-01 10:00:00,10.380,10.680,10.340,10.630,39971211
2025-12-01 10:30:00,10.630,10.640,10.520,10.540,7031145
2025-12-01 11:00:00,10.530,10.570,10.500,10.500,4183400
2025-12-01 11:30:00,10.500,10.550,10.500,10.540,3062900
2025-12-01 13:30:00,10.540,10.550,10.490,10.530,3261000
2025-12-01 14:00:00,10.530,10.540,10.500,10.530,3544428
2025-12-01 14:30:00,10.540,10.560,10.530,10.560,4465488
2025-12-01 15:00:00,10.560,10.560,10.530,10.540,6507887
2025-12-02 10:00:00,10.500,10.630,10.480,10.600,13120233
2025-12-02 10:30:00,10.590,10.650,10.550,10.560,5925810
2025-12-02 11:00:00,10.570,10.570,10.530,10.540,3286800
2025-12-02 11:30:00,10.530,10.570,10.530,10.540,1788400
2025-12-02 13:30:00,10.540,10.560,10.530,10.550,2049237
2025-12-02 14:00:00,10.550,10.590,10.540,10.560,2560400
2025-12-02 14:30:00,10.560,10.600,10.550,10.580,3308570
2025-12-02 15:00:00,10.580,10.590,10.560,10.580,4069600
2025-12-03 10:00:00,10.600,10.680,10.550,10.580,6699904
2025-12-03 10:30:00,10.590,10.600,10.520,10.530,3342700
2025-12-03 11:00:00,10.520,10.560,10.510,10.540,2569300
2025-12-03 11:30:00,10.550,10.570,10.530,10.540,1744600
2025-12-03 13:30:00,10.550,10.560,10.510,10.520,1842400
2025-12-03 14:00:00,10.520,10.520,10.470,10.480,3216781
2025-12-03 14:30:00,10.470,10.490,10.450,10.480,2540426
2025-12-03 15:00:00,10.470,10.510,10.470,10.480,2984825
2025-12-04 10:00:00,10.480,10.490,10.410,10.430,4217000
2025-12-04 10:30:00,10.430,10.490,10.430,10.460,2942000
2025-12-04 11:00:00,10.470,10.490,10.430,10.460,2413800
2025-12-04 11:30:00,10.460,10.470,10.430,10.450,1617200
2025-12-04 13:30:00,10.460,10.460,10.410,10.420,1697717
2025-12-04 14:00:00,10.430,10.440,10.420,10.420,1393400
2025-12-04 14:30:00,10.430,10.440,10.390,10.400,2024300
2025-12-04 15:00:00,10.410,10.420,10.400,10.420,2674900
2025-12-05 10:00:00,10.410,10.480,10.400,10.480,3848327
2025-12-05 10:30:00,10.480,10.480,10.420,10.430,2312573
2025-12-05 11:00:00,10.440,10.470,10.430,10.470,1471400
2025-12-05 11:30:00,10.470,10.520,10.470,10.500,2742653
2025-12-05 13:30:00,10.500,10.510,10.460,10.480,1483300
2025-12-05 14:00:00,10.490,10.660,10.480,10.640,12558676
2025-12-05 14:30:00,10.650,10.650,10.600,10.630,5530170
2025-12-05 15:00:00,10.620,10.640,10.610,10.630,5212272
2025-12-08 10:00:00,10.740,10.820,10.680,10.710,21587201
2025-12-08 10:30:00,10.710,10.780,10.700,10.740,5465700
2025-12-08 11:00:00,10.740,10.760,10.720,10.740,3114600
2025-12-08 11:30:00,10.740,10.760,10.710,10.730,2771534
2025-12-08 13:30:00,10.730,10.750,10.710,10.740,3185200
2025-12-08 14:00:00,10.740,10.750,10.720,10.720,2829096
2025-12-08 14:30:00,10.720,10.740,10.670,10.680,4072334
2025-12-08 15:00:00,10.690,10.700,10.640,10.650,5215751
2025-12-09 10:00:00,10.580,10.610,10.520,10.570,7561130
2025-12-09 10:30:00,10.570,10.600,10.520,10.530,3067600
2025-12-09 11:00:00,10.520,10.530,10.470,10.490,4568000
2025-12-09 11:30:00,10.490,10.500,10.450,10.450,3704500
2025-12-09 13:30:00,10.460,10.500,10.440,10.460,2896600
2025-12-09 14:00:00,10.460,10.520,10.460,10.520,3037358
2025-12-09 14:30:00,10.510,10.520,10.490,10.500,3257500
2025-12-09 15:00:00,10.490,10.530,10.490,10.510,2971903
2025-12-10 10:00:00,10.460,10.500,10.430,10.470,4066800
2025-12-10 10:30:00,10.470,10.540,10.470,10.540,2776848
2025-12-10 11:00:00,10.530,10.610,10.530,10.590,5074000
2025-12-10 11:30:00,10.590,10.640,10.540,10.560,4196432
2025-12-10 13:30:00,10.560,10.620,10.550,10.620,2186238
2025-12-10 14:00:00,10.610,10.680,10.610,10.630,5580413
2025-12-10 14:30:00,10.630,10.660,10.620,10.620,2842187
2025-12-10 15:00:00,10.630,10.650,10.620,10.650,3963219
2025-12-11 10:00:00,10.620,10.700,10.600,10.650,5438897
2025-12-11 10:30:00,10.650,10.700,10.640,10.690,3980314
2025-12-11 11:00:00,10.690,10.720,10.670,10.710,5099800
2025-12-11 11:30:00,10.700,10.710,10.630,10.630,3131100
2025-12-11 13:30:00,10.630,10.640,10.600,10.620,3356425
2025-12-11 14:00:00,10.620,10.660,10.620,10.620,3384767
2025-12-11 14:30:00,10.630,10.670,10.610,10.640,3287400
2025-12-11 15:00:00,10.640,10.660,10.570,10.580,5095642
2025-12-12 10:00:00,10.550,10.970,10.550,10.940,34172094
2025-12-12 10:30:00,10.950,10.970,10.840,10.930,20871530
2025-12-12 11:00:00,10.930,11.020,10.920,10.980,21590655
2025-12-12 11:30:00,10.980,10.990,10.900,10.950,10593697
2025-12-12 13:30:00,10.940,11.090,10.920,11.080,17650200
2025-12-12 14:00:00,11.080,11.190,11.000,11.010,20580800
2025-12-12 14:30:00,11.000,11.080,11.000,11.010,13644900
2025-12-12 15:00:00,11.010,11.090,10.890,10.890,36814300
2025-12-15 10:00:00,10.760,10.830,10.650,10.820,22500300
2025-12-15 10:30:00,10.820,10.850,10.770,10.830,7612700
2025-12-15 11:00:00,10.840,10.920,10.800,10.880,6259100
2025-12-15 11:30:00,10.870,10.900,10.840,10.860,3423800
2025-12-15 13:30:00,10.860,10.900,10.820,10.820,3858210
2025-12-15 14:00:00,10.820,10.870,10.820,10.860,3356912
2025-12-15 14:30:00,10.850,10.870,10.800,10.820,3799688
2025-12-15 15:00:00,10.830,10.860,10.800,10.820,5128717
2025-12-16 10:00:00,10.770,10.790,10.680,10.680,8556388
2025-12-16 10:30:00,10.690,10.840,10.660,10.760,6849700
2025-12-16 11:00:00,10.760,10.770,10.690,10.720,4413700
2025-12-16 11:30:00,10.710,10.850,10.670,10.700,6423300
2025-12-16 13:30:00,10.700,10.720,10.670,10.680,3751200
2025-12-16 14:00:00,10.670,10.750,10.660,10.690,2868500
2025-12-16 14:30:00,10.690,10.730,10.670,10.680,2276000
2025-12-16 15:00:00,10.680,10.710,10.660,10.670,3746815
2025-12-17 10:00:00,10.680,10.720,10.580,10.600,6259499
2025-12-17 10:30:00,10.600,10.610,10.540,10.550,5007500
2025-12-17 11:00:00,10.540,10.550,10.490,10.550,3779912
2025-12-17 11:30:00,10.550,10.570,10.540,10.560,1546198
2025-12-17 13:30:00,10.550,10.570,10.500,10.540,1830765
2025-12-17 14:00:00,10.530,10.710,10.520,10.690,5429162
2025-12-17 14:30:00,10.690,10.790,10.660,10.670,9355800
2025-12-17 15:00:00,10.670,10.690,10.650,10.690,6300867
2025-12-18 10:00:00,10.680,10.680,10.520,10.550,10192600
2025-12-18 10:30:00,10.550,10.570,10.520,10.560,4778300
2025-12-18 11:00:00,10.560,10.570,10.520,10.530,2503100
2025-12-18 11:30:00,10.530,10.550,10.520,10.530,1641600
2025-12-18 13:30:00,10.540,10.580,10.530,10.560,2120798
2025-12-18 14:00:00,10.550,10.560,10.510,10.520,2892300
2025-12-18 14:30:00,10.520,10.560,10.510,10.540,2931300
2025-12-18 15:00:00,10.550,10.560,10.500,10.520,4772600
2025-12-19 10:00:00,10.500,10.540,10.500,10.520,4736200
2025-12-19 10:30:00,10.520,10.570,10.510,10.550,4170162
2025-12-19 11:00:00,10.560,10.560,10.520,10.530,1934500
2025-12-19 11:30:00,10.530,10.560,10.520,10.550,1665100
2025-12-19 13:30:00,10.550,10.560,10.520,10.540,1825763
2025-12-19 14:00:00,10.540,10.540,10.500,10.500,3037885
2025-12-19 14:30:00,10.510,10.540,10.480,10.520,3396800
2025-12-19 15:00:00,10.520,10.530,10.500,10.510,3676964
2025-12-22 10:00:00,10.510,10.520,10.450,10.490,6106800
2025-12-22 10:30:00,10.500,10.500,10.430,10.460,5489800
2025-12-22 11:00:00,10.470,10.470,10.450,10.460,2003500
2025-12-22 11:30:00,10.460,10.480,10.460,10.460,1375300
2025-12-22 13:30:00,10.460,10.480,10.450,10.460,1496700
2025-12-22 14:00:00,10.460,10.470,10.440,10.440,1895000
2025-12-22 14:30:00,10.450,10.460,10.440,10.440,1802300
2025-12-22 15:00:00,10.440,10.450,10.420,10.430,4781267
2025-12-23 10:00:00,10.420,10.440,10.370,10.380,4385300
2025-12-23 10:30:00,10.380,10.420,10.380,10.410,2249716
2025-12-23 11:00:00,10.410,10.410,10.380,10.390,1968226
2025-12-23 11:30:00,10.400,10.410,10.370,10.390,3293900
2025-12-23 13:30:00,10.400,10.400,10.360,10.360,1680672
2025-12-23 14:00:00,10.360,10.370,10.350,10.350,1938064
2025-12-23 14:30:00,10.350,10.370,10.330,10.340,1953764
2025-12-23 15:00:00,10.330,10.350,10.310,10.330,4331645
2025-12-24 10:00:00,10.340,10.380,10.290,10.350,3853524
2025-12-24 10:30:00,10.350,10.360,10.330,10.340,1677831
2025-12-24 11:00:00,10.340,10.350,10.320,10.330,2013000
2025-12-24 11:30:00,10.330,10.350,10.330,10.330,1098700
2025-12-24 13:30:00,10.330,10.400,10.330,10.390,3986827
2025-12-24 14:00:00,10.390,10.420,10.370,10.380,2812500
2025-12-24 14:30:00,10.370,10.400,10.370,10.370,1059569
2025-12-24 15:00:00,10.370,10.380,10.360,10.380,2798000
2025-12-25 10:00:00,10.390,10.410,10.350,10.380,4690405
2025-12-25 10:30:00,10.390,10.390,10.360,10.380,2239500
2025-12-25 11:00:00,10.370,10.400,10.370,10.390,1964531
2025-12-25 11:30:00,10.390,10.390,10.360,10.360,1768869
2025-12-25 13:30:00,10.360,10.380,10.340,10.370,3089456
2025-12-25 14:00:00,10.370,10.390,10.360,10.370,2684500
2025-12-25 14:30:00,10.370,10.390,10.370,10.380,3001295
2025-12-25 15:00:00,10.380,10.380,10.360,10.370,4195300
2025-12-26 10:00:00,10.360,10.410,10.340,10.410,5005800
2025-12-26 10:30:00,10.410,10.440,10.380,10.440,7374087
2025-12-26 11:00:00,10.430,10.470,10.420,10.440,4600900
2025-12-26 11:30:00,10.440,10.450,10.330,10.350,6927113
2025-12-26 13:30:00,10.360,10.370,10.330,10.360,2667419
2025-12-26 14:00:00,10.360,10.380,10.350,10.380,1825640
2025-12-26 14:30:00,10.380,10.390,10.360,10.360,2072360
2025-12-26 15:00:00,10.370,10.380,10.360,10.370,2548300
2025-12-29 10:00:00,10.370,10.380,10.280,10.310,7601700
2025-12-29 10:30:00,10.310,10.350,10.300,10.320,3116000
2025-12-29 11:00:00,10.320,10.340,10.300,10.320,2286100
2025-12-29 11:30:00,10.320,10.320,10.280,10.290,3142400
2025-12-29 13:30:00,10.290,10.300,10.250,10.270,3501600
2025-12-29 14:00:00,10.260,10.280,10.260,10.270,2418849
2025-12-29 14:30:00,10.260,10.270,10.230,10.240,3491300
2025-12-29 15:00:00,10.230,10.250,10.220,10.240,3842588
2025-12-30 10:00:00,10.220,10.230,10.190,10.200,4686919
2025-12-30 10:30:00,10.200,10.240,10.200,10.230,1943800
2025-12-30 11:00:00,10.220,10.250,10.210,10.230,1403400
2025-12-30 11:30:00,10.240,10.240,10.210,10.220,977300
2025-12-30 13:30:00,10.220,10.280,10.200,10.260,3424304
2025-12-30 14:00:00,10.260,10.280,10.240,10.250,1792635
2025-12-30 14:30:00,10.250,10.260,10.220,10.250,1648400
2025-12-30 15:00:00,10.240,10.250,10.220,10.240,2767579
2025-12-31 10:00:00,10.240,10.270,10.200,10.240,5367700
2025-12-31 10:30:00,10.250,10.250,10.210,10.220,2868300
2025-12-31 11:00:00,10.220,10.250,10.220,10.220,1552592
2025-12-31 11:30:00,10.220,10.230,10.200,10.210,1352473
2025-12-31 13:30:00,10.210,10.230,10.190,10.220,1563023
2025-12-31 14:00:00,10.220,10.230,10.190,10.190,1709100
2025-12-31 14:30:00,10.190,10.220,10.180,10.210,2189200
2025-12-31 15:00:00,10.210,10.210,10.160,10.170,4761000
2026-01-05 10:00:00,9.280,9.840,9.280,9.800,31976009
2026-01-05 10:30:00,9.810,9.840,9.800,9.840,9324315
2026-01-05 11:00:00,9.840,9.910,9.830,9.870,8363954
2026-01-05 11:30:00,9.870,9.890,9.840,9.870,5386900
2026-01-05 13:30:00,9.890,9.900,9.780,9.810,8661485
2026-01-05 14:00:00,9.810,9.820,9.780,9.820,5431959
2026-01-05 14:30:00,9.810,9.840,9.800,9.820,7380300
2026-01-05 15:00:00,9.810,9.850,9.800,9.840,9644567
2026-01-06 10:00:00,9.830,10.220,9.820,10.150,30028268
2026-01-06 10:30:00,10.160,10.190,10.130,10.150,8822307
2026-01-06 11:00:00,10.150,10.160,10.060,10.160,6760998
2026-01-06 11:30:00,10.160,10.210,10.140,10.170,6243090
2026-01-06 13:30:00,10.170,10.220,10.160,10.180,5523799
2026-01-06 14:00:00,10.180,10.200,10.130,10.160,4287862
2026-01-06 14:30:00,10.160,10.220,10.150,10.220,6129428
2026-01-06 15:00:00,10.210,10.250,10.200,10.230,10898915
2026-01-07 10:00:00,10.230,10.240,10.110,10.130,15457311
2026-01-07 10:30:00,10.130,10.140,10.060,10.070,9225987
2026-01-07 11:00:00,10.070,10.100,10.070,10.080,2659393
2026-01-07 11:30:00,10.090,10.120,10.080,10.100,2043700
2026-01-07 13:30:00,10.110,10.110,10.040,10.040,3727000
2026-01-07 14:00:00,10.040,10.060,10.030,10.050,4236400
2026-01-07 14:30:00,10.040,10.090,10.040,10.080,4510700
2026-01-07 15:00:00,10.070,10.100,10.060,10.070,5963042
2026-01-08 10:00:00,10.010,10.050,10.000,10.030,7984700
2026-01-08 10:30:00,10.030,10.040,9.980,10.000,5128200
2026-01-08 11:00:00,10.000,10.060,9.990,10.050,3261300
2026-01-08 11:30:00,10.040,10.050,10.010,10.050,1647300
2026-01-08 13:30:00,10.050,10.060,10.010,10.010,2534000
2026-01-08 14:00:00,10.010,10.030,9.970,10.020,5257763
2026-01-08 14:30:00,10.020,10.020,9.980,10.010,3854300
2026-01-08 15:00:00,10.010,10.030,10.000,10.030,4265916
2026-01-09 10:00:00,10.020,10.050,9.980,10.050,6897836
2026-01-09 10:30:00,10.050,10.050,10.010,10.020,4903548
2026-01-09 11:00:00,10.020,10.050,10.010,10.030,4908900
2026-01-09 11:30:00,10.030,10.030,9.980,9.990,4878300
2026-01-09 13:30:00,9.980,9.990,9.910,9.930,8314300
2026-01-09 14:00:00,9.930,9.940,9.900,9.920,5869400
2026-01-09 14:30:00,9.910,9.940,9.900,9.930,3680496
2026-01-09 15:00:00,9.930,9.940,9.920,9.940,6406675
2026-01-12 10:00:00,9.930,9.970,9.920,9.950,8081105
2026-01-12 10:30:00,9.940,10.010,9.940,9.960,5075348
2026-01-12 11:00:00,9.970,10.040,9.960,10.020,5227198
2026-01-12 11:30:00,10.030,10.070,10.010,10.060,6719309
2026-01-12 13:30:00,10.050,10.090,10.020,10.040,5389638
2026-01-12 14:00:00,10.040,10.050,10.020,10.050,3874688
2026-01-12 14:30:00,10.050,10.060,10.030,10.050,3580517
2026-01-12 15:00:00,10.060,10.060,10.030,10.050,6663400
2026-01-13 10:00:00,10.100,10.110,9.990,10.050,15187820
2026-01-13 10:30:00,10.050,10.100,10.020,10.020,8341100
2026-01-13 11:00:00,10.030,10.030,9.990,10.010,5548327
2026-01-13 11:30:00,10.000,10.030,9.990,10.000,4419300
2026-01-13 13:30:00,10.000,10.010,9.940,9.950,7026973
2026-01-13 14:00:00,9.960,9.990,9.940,9.980,3050958
2026-01-13 14:30:00,9.980,9.990,9.930,9.930,4205920
2026-01-13 15:00:00,9.930,9.940,9.860,9.890,10209700
2026-01-14 10:00:00,9.910,9.980,9.890,9.980,8767017
2026-01-14 10:30:00,9.980,10.010,9.970,9.990,6782000
2026-01-14 11:00:00,10.000,10.020,9.990,10.010,5307800
2026-01-14 11:30:00,10.000,10.050,10.000,10.040,6138075
2026-01-14 13:30:00,10.040,10.050,9.890,9.910,12299059
2026-01-14 14:00:00,9.900,9.920,9.860,9.860,6446200
2026-01-14 14:30:00,9.860,9.900,9.830,9.900,4999735
2026-01-14 15:00:00,9.890,9.920,9.880,9.910,4337200
2026-01-15 10:00:00,9.870,9.890,9.820,9.840,9021800
2026-01-15 10:30:00,9.840,9.840,9.770,9.780,7695200
2026-01-15 11:00:00,9.770,9.800,9.760,9.760,4050900
2026-01-15 11:30:00,9.760,9.770,9.720,9.730,4457000
2026-01-15 13:30:00,9.740,9.760,9.710,9.740,3025188
2026-01-15 14:00:00,9.740,9.750,9.720,9.730,3296800
2026-01-15 14:30:00,9.730,9.740,9.700,9.700,5474539
2026-01-15 15:00:00,9.710,9.730,9.700,9.720,4963968
2026-01-16 10:00:00,9.760,9.790,9.690,9.690,6638828
2026-01-16 10:30:00,9.690,9.700,9.660,9.670,5209665
2026-01-16 11:00:00,9.660,9.680,9.640,9.640,3825400
2026-01-16 11:30:00,9.640,9.680,9.640,9.640,3492661
2026-01-16 13:30:00,9.640,9.660,9.620,9.650,2220519
2026-01-16 14:00:00,9.650,9.680,9.630,9.640,2271862
2026-01-16 14:30:00,9.640,9.650,9.600,9.640,3824400
2026-01-16 15:00:00,9.640,9.650,9.610,9.630,4508448
2026-01-19 10:00:00,9.850,9.940,9.840,9.920,28704284
2026-01-19 10:30:00,9.920,9.930,9.870,9.890,6991349
2026-01-19 11:00:00,9.890,9.900,9.850,9.870,5205711
2026-01-19 11:30:00,9.870,9.890,9.860,9.860,2862489
2026-01-19 13:30:00,9.870,9.900,9.860,9.890,3451777
2026-01-19 14:00:00,9.890,9.900,9.850,9.860,3563740
2026-01-19 14:30:00,9.860,9.880,9.860,9.860,2389527
2026-01-19 15:00:00,9.860,9.890,9.860,9.880,5132904
2026-01-20 10:00:00,9.870,9.940,9.850,9.870,12252767
2026-01-20 10:30:00,9.870,9.900,9.840,9.860,5884052
2026-01-20 11:00:00,9.870,9.880,9.850,9.870,2540000
2026-01-20 11:30:00,9.870,9.920,9.860,9.900,3510700
2026-01-20 13:30:00,9.890,9.900,9.860,9.870,2563400
2026-01-20 14:00:00,9.880,9.890,9.850,9.870,2802728
2026-01-20 14:30:00,9.870,9.890,9.860,9.880,3307600
2026-01-20 15:00:00,9.880,9.890,9.860,9.870,5194500
2026-01-21 10:00:00,9.870,9.880,9.810,9.840,6765200
2026-01-21 10:30:00,9.840,9.890,9.840,9.880,3726500
2026-01-21 11:00:00,9.880,9.890,9.840,9.850,3780400
2026-01-21 11:30:00,9.850,9.870,9.810,9.830,7144862
2026-01-21 13:30:00,9.820,9.840,9.780,9.790,6127993
2026-01-21 14:00:00,9.790,9.830,9.790,9.810,3232000
2026-01-21 14:30:00,9.810,9.820,9.770,9.770,4473200
2026-01-21 15:00:00,9.780,9.790,9.750,9.780,5439800
2026-01-22 10:00:00,9.810,9.850,9.780,9.830,7539397
2026-01-22 10:30:00,9.830,9.880,9.820,9.820,7438700
2026-01-22 11:00:00,9.820,9.850,9.820,9.830,1993500
2026-01-22 11:30:00,9.830,9.840,9.790,9.790,3260648
2026-01-22 13:30:00,9.800,9.810,9.780,9.800,2197200
2026-01-22 14:00:00,9.800,9.810,9.780,9.790,2774100
2026-01-22 14:30:00,9.800,9.800,9.780,9.800,2656482
2026-01-22 15:00:00,9.790,9.820,9.780,9.800,4067687
2026-01-23 10:00:00,9.840,10.000,9.800,9.960,21489013
2026-01-23 10:30:00,9.960,9.980,9.930,9.940,6017100
2026-01-23 11:00:00,9.930,9.960,9.930,9.950,3563000
2026-01-23 11:30:00,9.960,9.990,9.950,9.960,5615600
2026-01-23 13:30:00,9.960,9.970,9.920,9.930,3513497
2026-01-23 14:00:00,9.930,9.950,9.930,9.950,2067700
2026-01-23 14:30:00,9.950,9.950,9.930,9.940,2947328
2026-01-23 15:00:00,9.950,9.950,9.910,9.940,6527164
2026-01-26 10:00:00,9.940,10.050,9.940,10.010,16841635
2026-01-26 10:30:00,10.000,10.060,9.980,10.040,14437139
2026-01-26 11:00:00,10.040,10.070,9.970,9.970,11258562
2026-01-26 11:30:00,9.970,10.010,9.960,9.980,3675000
2026-01-26 13:30:00,9.990,10.000,9.940,9.950,4700700
2026-01-26 14:00:00,9.950,9.960,9.930,9.950,3083798
2026-01-26 14:30:00,9.940,9.970,9.930,9.970,2718700
2026-01-26 15:00:00,9.960,9.970,9.940,9.950,4952574
2026-01-27 10:00:00,9.900,9.930,9.740,9.750,15996200
2026-01-27 10:30:00,9.740,9.790,9.730,9.760,4862231
2026-01-27 11:00:00,9.760,9.810,9.750,9.810,3197600
2026-01-27 11:30:00,9.800,9.810,9.770,9.790,1554509
2026-01-27 13:30:00,9.790,9.810,9.770,9.800,1651160
2026-01-27 14:00:00,9.800,9.880,9.800,9.870,3642788
2026-01-27 14:30:00,9.860,9.880,9.830,9.830,2667260
2026-01-27 15:00:00,9.830,9.850,9.800,9.820,5504872
2026-01-28 10:00:00,9.810,9.850,9.780,9.850,7554040
2026-01-28 10:30:00,9.850,9.880,9.840,9.840,5303925
2026-01-28 11:00:00,9.840,9.890,9.840,9.840,4894975
2026-01-28 11:30:00,9.850,9.900,9.840,9.890,3630854
2026-01-28 13:30:00,9.890,9.910,9.850,9.850,4642400
2026-01-28 14:00:00,9.850,9.890,9.850,9.880,2337100
2026-01-28 14:30:00,9.880,9.890,9.810,9.830,5594160
2026-01-28 15:00:00,9.830,9.840,9.800,9.820,5497406
2026-01-29 10:00:00,9.780,9.820,9.720,9.790,9109350
2026-01-29 10:30:00,9.790,9.790,9.730,9.750,4980400
2026-01-29 11:00:00,9.740,9.770,9.740,9.770,2569600
2026-01-29 11:30:00,9.770,9.770,9.730,9.750,2692800
2026-01-29 13:30:00,9.740,9.810,9.740,9.770,4102340
2026-01-29 14:00:00,9.770,9.870,9.770,9.840,5965500
2026-01-29 14:30:00,9.830,9.910,9.830,9.870,7810122
2026-01-29 15:00:00,9.870,9.900,9.860,9.900,6099080
2026-01-30 10:00:00,9.880,9.890,9.760,9.770,10338400
2026-01-30 10:30:00,9.770,9.790,9.740,9.760,7657800
2026-01-30 11:00:00,9.760,9.770,9.710,9.740,4899700
2026-01-30 11:30:00,9.740,9.740,9.720,9.740,3108101
2026-01-30 13:30:00,9.730,9.780,9.730,9.770,2769500
2026-01-30 14:00:00,9.760,9.780,9.750,9.750,1993600
2026-01-30 14:30:00,9.750,9.760,9.730,9.740,2620365
2026-01-30 15:00:00,9.730,9.740,9.710,9.710,6173778
2026-02-02 10:00:00,9.730,9.880,9.730,9.870,14232854
2026-02-02 10:30:00,9.870,10.000,9.870,9.880,17003486
2026-02-02 11:00:00,9.890,9.890,9.830,9.830,4042000
2026-02-02 11:30:00,9.840,9.860,9.830,9.840,2452700
2026-02-02 13:30:00,9.830,9.850,9.800,9.820,2787400
2026-02-02 14:00:00,9.820,9.820,9.770,9.810,4513400
2026-02-02 14:30:00,9.810,9.840,9.750,9.760,3344300
2026-02-02 15:00:00,9.750,9.760,9.720,9.750,7168934
2026-02-03 10:00:00,9.760,9.800,9.690,9.720,12895988
2026-02-03 10:30:00,9.730,9.740,9.690,9.700,4796900
2026-02-03 11:00:00,9.690,9.710,9.660,9.700,3968800
2026-02-03 11:30:00,9.700,9.720,9.690,9.710,1711728
2026-02-03 13:30:00,9.720,9.720,9.700,9.710,1831000
2026-02-03 14:00:00,9.710,9.730,9.700,9.710,2903700
2026-02-03 14:30:00,9.710,9.720,9.690,9.700,5960200
2026-02-03 15:00:00,9.700,9.740,9.680,9.740,5546771
2026-02-04 10:00:00,9.720,9.750,9.690,9.730,5156220
2026-02-04 10:30:00,9.720,9.770,9.720,9.740,3860499
2026-02-04 11:00:00,9.730,9.740,9.720,9.720,1565900
2026-02-04 11:30:00,9.720,9.730,9.700,9.720,2178816
2026-02-04 13:30:00,9.720,9.740,9.710,9.730,1845600
2026-02-04 14:00:00,9.730,9.740,9.720,9.740,1629700
2026-02-04 14:30:00,9.730,9.820,9.720,9.790,9576905
2026-02-04 15:00:00,9.780,9.800,9.780,9.780,3762354
2026-02-05 10:00:00,9.760,9.810,9.740,9.810,5774313
2026-02-05 10:30:00,9.800,9.810,9.750,9.770,3174700
2026-02-05 11:00:00,9.770,9.770,9.730,9.740,3061800
2026-02-05 11:30:00,9.740,9.800,9.740,9.780,3579600
2026-02-05 13:30:00,9.770,9.810,9.760,9.800,4161094
2026-02-05 14:00:00,9.800,9.860,9.790,9.820,12132068
2026-02-05 14:30:00,9.820,9.830,9.800,9.810,2482100
2026-02-05 15:00:00,9.810,9.840,9.800,9.820,4511559
2026-02-06 10:00:00,9.770,9.800,9.740,9.800,4692000
2026-02-06 10:30:00,9.790,9.820,9.780,9.820,3077875
2026-02-06 11:00:00,9.820,9.820,9.780,9.780,2139600
2026-02-06 11:30:00,9.780,9.800,9.780,9.790,1708900
2026-02-06 13:30:00,9.800,9.800,9.780,9.790,1332800
2026-02-06 14:00:00,9.790,9.800,9.780,9.800,2834800
2026-02-06 14:30:00,9.800,9.810,9.770,9.780,4414300
2026-02-06 15:00:00,9.770,9.780,9.740,9.760,5310154
2026-02-09 10:00:00,9.810,9.830,9.770,9.800,8583656
2026-02-09 10:30:00,9.810,9.820,9.800,9.800,3313700
2026-02-09 11:00:00,9.800,9.810,9.790,9.790,2543800
2026-02-09 11:30:00,9.790,9.810,9.790,9.810,2024000
2026-02-09 13:30:00,9.800,9.810,9.800,9.800,1179000
2026-02-09 14:00:00,9.810,9.820,9.800,9.800,1506229
2026-02-09 14:30:00,9.800,9.820,9.800,9.820,1873400
2026-02-09 15:00:00,9.820,9.830,9.810,9.830,3757699
2026-02-10 10:00:00,9.830,9.870,9.800,9.850,7026200
2026-02-10 10:30:00,9.850,9.850,9.830,9.850,1824900
2026-02-10 11:00:00,9.850,9.860,9.830,9.850,2336000
2026-02-10 11:30:00,9.860,9.860,9.840,9.860,2094900
2026-02-10 13:30:00,9.860,9.870,9.850,9.870,2038954
2026-02-10 14:00:00,9.870,9.870,9.850,9.860,2427646
2026-02-10 14:30:00,9.860,9.860,9.840,9.840,1461800
2026-02-10 15:00:00,9.840,9.860,9.840,9.840,4276097
2026-02-11 10:00:00,9.860,9.880,9.820,9.830,4330074
2026-02-11 10:30:00,9.840,9.840,9.820,9.820,2077600
2026-02-11 11:00:00,9.830,9.860,9.820,9.830,2844400
2026-02-11 11:30:00,9.830,9.850,9.830,9.840,985200
2026-02-11 13:30:00,9.850,9.860,9.830,9.840,1891600
2026-02-11 14:00:00,9.830,9.850,9.830,9.840,1901600
2026-02-11 14:30:00,9.830,9.850,9.830,9.830,1072200
2026-02-11 15:00:00,9.830,9.840,9.820,9.830,2789200
2026-02-12 10:00:00,9.820,9.840,9.760,9.790,5551600
2026-02-12 10:30:00,9.790,9.810,9.790,9.790,1358900
2026-02-12 11:00:00,9.790,9.800,9.770,9.770,2414100
2026-02-12 11:30:00,9.770,9.790,9.770,9.780,1221300
2026-02-12 13:30:00,9.780,9.790,9.760,9.770,2602300
2026-02-12 14:00:00,9.770,9.780,9.750,9.760,3879500
2026-02-12 14:30:00,9.760,9.770,9.750,9.750,2778000
2026-02-12 15:00:00,9.750,9.760,9.740,9.740,4658100
2026-02-13 10:00:00,9.740,9.860,9.740,9.830,9069897
2026-02-13 10:30:00,9.830,9.840,9.810,9.810,2313400
2026-02-13 11:00:00,9.810,9.820,9.790,9.800,1642700
2026-02-13 11:30:00,9.790,9.800,9.770,9.780,1689700
2026-02-13 13:30:00,9.790,9.800,9.780,9.790,1084100
2026-02-13 14:00:00,9.790,9.830,9.780,9.800,2561100
2026-02-13 14:30:00,9.800,9.810,9.780,9.780,1333300
2026-02-13 15:00:00,9.780,9.790,9.740,9.740,5989979
2026-02-24 10:00:00,9.780,9.800,9.740,9.740,6117000
2026-02-24 10:30:00,9.740,9.760,9.730,9.760,3689900
2026-02-24 11:00:00,9.750,9.770,9.750,9.770,1333400
2026-02-24 11:30:00,9.770,9.770,9.740,9.750,2291800
2026-02-24 13:30:00,9.750,9.760,9.740,9.750,1609300
2026-02-24 14:00:00,9.750,9.760,9.740,9.750,1156100
2026-02-24 14:30:00,9.760,9.760,9.750,9.760,962200
2026-02-24 15:00:00,9.760,9.760,9.740,9.760,1991856
2026-02-25 10:00:00,9.770,9.870,9.760,9.840,10871132
2026-02-25 10:30:00,9.840,9.850,9.830,9.850,2566500
2026-02-25 11:00:00,9.840,9.860,9.840,9.860,3025915
2026-02-25 11:30:00,9.860,9.870,9.850,9.860,3810456
2026-02-25 13:30:00,9.860,9.870,9.830,9.850,5543544
2026-02-25 14:00:00,9.850,9.850,9.820,9.830,1746500
2026-02-25 14:30:00,9.820,9.830,9.810,9.820,2264800
2026-02-25 15:00:00,9.810,9.830,9.810,9.830,2713734
2026-02-26 10:00:00,9.840,9.860,9.790,9.800,6128094
2026-02-26 10:30:00,9.800,9.820,9.770,9.780,3952100
2026-02-26 11:00:00,9.780,9.790,9.770,9.770,2399500
2026-02-26 11:30:00,9.780,9.790,9.770,9.790,988634
2026-02-26 13:30:00,9.790,9.800,9.780,9.800,1888583
2026-02-26 14:00:00,9.790,9.800,9.780,9.790,1448300
2026-02-26 14:30:00,9.790,9.790,9.780,9.780,1901200
2026-02-26 15:00:00,9.790,9.800,9.780,9.790,2605703
2026-02-27 10:00:00,9.780,9.820,9.780,9.800,4421846
2026-02-27 10:30:00,9.800,9.810,9.790,9.800,1989256
2026-02-27 11:00:00,9.800,9.810,9.740,9.780,6203100
2026-02-27 11:30:00,9.770,9.790,9.770,9.770,1263870
2026-02-27 13:30:00,9.780,9.840,9.770,9.830,4927327
2026-02-27 14:00:00,9.830,9.840,9.810,9.820,2195986
2026-02-27 14:30:00,9.830,9.830,9.820,9.820,1345800
2026-02-27 15:00:00,9.820,9.850,9.810,9.850,10484200
2026-03-02 10:00:00,9.750,9.790,9.730,9.740,10093923
2026-03-02 10:30:00,9.750,9.750,9.660,9.680,12374400
2026-03-02 11:00:00,9.680,9.700,9.670,9.680,2737400
2026-03-02 11:30:00,9.680,9.740,9.670,9.710,2698800
2026-03-02 13:30:00,9.710,9.740,9.700,9.730,2035900
2026-03-02 14:00:00,9.720,9.730,9.710,9.710,1108600
2026-03-02 14:30:00,9.710,9.720,9.700,9.700,2071400
2026-03-02 15:00:00,9.700,9.720,9.690,9.710,3165000
2026-03-03 10:00:00,9.700,9.760,9.700,9.700,5304458
2026-03-03 10:30:00,9.700,9.720,9.670,9.710,5755808
2026-03-03 11:00:00,9.720,9.770,9.710,9.760,5354351
2026-03-03 11:30:00,9.770,9.790,9.760,9.770,3379200
2026-03-03 13:30:00,9.760,9.780,9.740,9.740,2500500
2026-03-03 14:00:00,9.740,9.760,9.710,9.720,2571000
2026-03-03 14:30:00,9.720,9.720,9.670,9.690,4844792
2026-03-03 15:00:00,9.690,9.700,9.620,9.630,5969609
2026-03-04 10:00:00,9.600,9.600,9.470,9.540,13830700
2026-03-04 10:30:00,9.540,9.540,9.480,9.500,3987000
2026-03-04 11:00:00,9.510,9.510,9.450,9.450,4502200
2026-03-04 11:30:00,9.460,9.470,9.430,9.460,3172330
2026-03-04 13:30:00,9.450,9.460,9.430,9.450,2294859
2026-03-04 14:00:00,9.440,9.470,9.430,9.460,1513175
2026-03-04 14:30:00,9.450,9.460,9.440,9.440,1408900
2026-03-04 15:00:00,9.450,9.460,9.440,9.440,2702418
2026-03-05 10:00:00,9.510,9.530,9.460,9.480,5592644
2026-03-05 10:30:00,9.470,9.480,9.460,9.470,1824000
2026-03-05 11:00:00,9.470,9.520,9.470,9.500,3116418
2026-03-05 11:30:00,9.500,9.510,9.480,9.500,2301500
2026-03-05 13:30:00,9.500,9.510,9.480,9.480,1206600
2026-03-05 14:00:00,9.480,9.490,9.470,9.480,1535900
2026-03-05 14:30:00,9.480,9.490,9.430,9.450,3780200
2026-03-05 15:00:00,9.460,9.460,9.440,9.460,2080400
2026-03-06 10:00:00,9.450,9.500,9.430,9.500,3909700
2026-03-06 10:30:00,9.490,9.540,9.480,9.510,3728189
2026-03-06 11:00:00,9.510,9.520,9.490,9.510,2066600
2026-03-06 11:30:00,9.510,9.510,9.460,9.470,4210600
2026-03-06 13:30:00,9.480,9.490,9.440,9.470,4739300
2026-03-06 14:00:00,9.470,9.520,9.460,9.520,3846292
2026-03-06 14:30:00,9.520,9.520,9.510,9.520,1027700
2026-03-06 15:00:00,9.520,9.530,9.510,9.520,3871580
2026-03-09 10:00:00,9.350,9.440,9.350,9.390,9041899
2026-03-09 10:30:00,9.390,9.420,9.380,9.410,3248521
2026-03-09 11:00:00,9.410,9.430,9.410,9.430,1620300
2026-03-09 11:30:00,9.430,9.430,9.400,9.400,1106100
2026-03-09 13:30:00,9.410,9.420,9.400,9.420,2074000
2026-03-09 14:00:00,9.420,9.430,9.400,9.430,1332800
2026-03-09 14:30:00,9.430,9.440,9.420,9.430,1519200
2026-03-09 15:00:00,9.430,9.430,9.410,9.420,2093790
2026-03-10 10:00:00,9.460,9.510,9.450,9.500,6438297
2026-03-10 10:30:00,9.510,9.510,9.490,9.490,1352103
2026-03-10 11:00:00,9.490,9.510,9.490,9.500,1710000
2026-03-10 11:30:00,9.490,9.510,9.490,9.500,1216000
2026-03-10 13:30:00,9.500,9.510,9.490,9.510,1225700
2026-03-10 14:00:00,9.510,9.510,9.490,9.500,1461200
2026-03-10 14:30:00,9.500,9.510,9.490,9.510,1363800
2026-03-10 15:00:00,9.510,9.520,9.490,9.520,3455064
2026-03-11 10:00:00,9.520,9.540,9.480,9.490,3497700
2026-03-11 10:30:00,9.490,9.520,9.490,9.510,1641170
2026-03-11 11:00:00,9.510,9.540,9.510,9.520,2096900
2026-03-11 11:30:00,9.520,9.520,9.500,9.500,1122900
2026-03-11 13:30:00,9.510,9.520,9.500,9.500,958900
2026-03-11 14:00:00,9.510,9.510,9.450,9.470,5491738
2026-03-11 14:30:00,9.470,9.510,9.470,9.500,4645998
2026-03-11 15:00:00,9.490,9.510,9.490,9.500,2400700
2026-03-12 10:00:00,9.500,9.520,9.480,9.510,3828512
2026-03-12 10:30:00,9.510,9.540,9.500,9.500,4361300
2026-03-12 11:00:00,9.500,9.510,9.470,9.480,3290300
2026-03-12 11:30:00,9.480,9.490,9.460,9.470,1559500
2026-03-12 13:30:00,9.470,9.480,9.440,9.450,3253974
2026-03-12 14:00:00,9.450,9.490,9.440,9.470,5440965
2026-03-12 14:30:00,9.480,9.490,9.470,9.480,1108300
2026-03-12 15:00:00,9.470,9.480,9.460,9.470,2527484
2026-03-13 10:00:00,9.450,9.460,9.400,9.420,6112181
2026-03-13 10:30:00,9.430,9.460,9.420,9.450,2305476
2026-03-13 11:00:00,9.440,9.460,9.420,9.460,1833974
2026-03-13 11:30:00,9.460,9.460,9.440,9.450,1315900
2026-03-13 13:30:00,9.450,9.500,9.430,9.470,2560314
2026-03-13 14:00:00,9.470,9.480,9.450,9.460,761800
2026-03-13 14:30:00,9.450,9.460,9.430,9.430,1629200
2026-03-13 15:00:00,9.440,9.440,9.400,9.430,3840400
2026-03-16 10:00:00,9.420,9.420,9.360,9.380,5952300
2026-03-16 10:30:00,9.380,9.400,9.370,9.380,1979700
2026-03-16 11:00:00,9.370,9.390,9.360,9.370,2449314
2026-03-16 11:30:00,9.370,9.390,9.370,9.390,755500
2026-03-16 13:30:00,9.390,9.410,9.380,9.390,1250700
2026-03-16 14:00:00,9.400,9.410,9.390,9.390,878200
2026-03-16 14:30:00,9.400,9.410,9.390,9.400,1023436
2026-03-16 15:00:00,9.400,9.420,9.400,9.420,1912200
2026-03-17 10:00:00,9.420,9.540,9.420,9.530,11024465
2026-03-17 10:30:00,9.530,9.590,9.520,9.550,7861000
2026-03-17 11:00:00,9.550,9.590,9.530,9.540,3996700
2026-03-17 11:30:00,9.540,9.550,9.520,9.540,1910900
2026-03-17 13:30:00,9.550,9.550,9.520,9.520,1169600
2026-03-17 14:00:00,9.520,9.530,9.500,9.500,1548100
2026-03-17 14:30:00,9.500,9.510,9.480,9.490,2499600
2026-03-17 15:00:00,9.490,9.500,9.470,9.470,2648125
2026-03-18 10:00:00,9.460,9.490,9.430,9.440,5617900
2026-03-18 10:30:00,9.430,9.450,9.420,9.430,1979800
2026-03-18 11:00:00,9.440,9.460,9.430,9.440,1421000
2026-03-18 11:30:00,9.440,9.450,9.430,9.450,804800
2026-03-18 13:30:00,9.450,9.450,9.420,9.430,1782700
2026-03-18 14:00:00,9.430,9.450,9.420,9.440,1656400
2026-03-18 14:30:00,9.430,9.460,9.430,9.460,1552600
2026-03-18 15:00:00,9.460,9.480,9.450,9.470,2612300
2026-03-19 10:00:00,9.430,9.440,9.400,9.430,4342200
2026-03-19 10:30:00,9.430,9.440,9.400,9.430,2693327
2026-03-19 11:00:00,9.420,9.430,9.410,9.420,808100
2026-03-19 11:30:00,9.430,9.430,9.410,9.430,924000
2026-03-19 13:30:00,9.430,9.430,9.400,9.410,2555252
2026-03-19 14:00:00,9.420,9.500,9.390,9.470,4895748
2026-03-19 14:30:00,9.460,9.480,9.430,9.450,1960200
2026-03-19 15:00:00,9.450,9.460,9.420,9.430,2404600
2026-03-20 10:00:00,9.440,9.480,9.390,9.410,4780800
2026-03-20 10:30:00,9.410,9.410,9.380,9.390,2637200
2026-03-20 11:00:00,9.390,9.400,9.370,9.370,2135000
2026-03-20 11:30:00,9.370,9.420,9.360,9.410,1600300
2026-03-20 13:30:00,9.410,9.420,9.380,9.390,1052628
2026-03-20 14:00:00,9.380,9.390,9.370,9.370,670800
2026-03-20 14:30:00,9.380,9.380,9.320,9.330,3860600
2026-03-20 15:00:00,9.330,9.340,9.280,9.280,5190728
2026-03-23 10:00:00,9.170,9.230,9.120,9.170,9111700
2026-03-23 10:30:00,9.170,9.200,9.160,9.170,1923100
2026-03-23 11:00:00,9.180,9.180,9.120,9.150,3319500
2026-03-23 11:30:00,9.150,9.160,9.120,9.120,1359700
2026-03-23 13:30:00,9.120,9.160,9.020,9.040,4835562
2026-03-23 14:00:00,9.050,9.070,9.000,9.030,4659392
2026-03-23 14:30:00,9.030,9.040,8.990,9.020,3983355
2026-03-23 15:00:00,9.010,9.030,8.970,8.970,5010600
2026-03-24 10:00:00,9.090,9.100,9.000,9.010,4870525
2026-03-24 10:30:00,9.010,9.100,9.000,9.100,4735800
2026-03-24 11:00:00,9.090,9.120,9.070,9.080,1880500
2026-03-24 11:30:00,9.080,9.080,9.050,9.050,870505
2026-03-24 13:30:00,9.050,9.070,9.030,9.040,1160495
2026-03-24 14:00:00,9.030,9.050,9.030,9.030,615398
2026-03-24 14:30:00,9.040,9.080,9.030,9.070,1414500
2026-03-24 15:00:00,9.070,9.080,9.060,9.080,2297298
2026-03-25 10:00:00,9.080,9.140,9.050,9.110,6495902
2026-03-25 10:30:00,9.110,9.140,9.100,9.120,2348900
2026-03-25 11:00:00,9.110,9.140,9.100,9.130,3119962
2026-03-25 11:30:00,9.130,9.130,9.120,9.130,536200
2026-03-25 13:30:00,9.130,9.140,9.120,9.130,1245319
2026-03-25 14:00:00,9.140,9.190,9.130,9.150,4912500
2026-03-25 14:30:00,9.150,9.160,9.130,9.140,970996
2026-03-25 15:00:00,9.140,9.180,9.140,9.180,2639300
2026-03-26 10:00:00,9.150,9.180,9.130,9.150,4296761
2026-03-26 10:30:00,9.150,9.150,9.110,9.120,2342500
2026-03-26 11:00:00,9.110,9.130,9.080,9.100,2095900
2026-03-26 11:30:00,9.090,9.100,9.080,9.090,832210
2026-03-26 13:30:00,9.090,9.100,9.050,9.060,2549900
2026-03-26 14:00:00,9.060,9.090,9.060,9.060,1145500
2026-03-26 14:30:00,9.060,9.070,9.030,9.050,1964200
2026-03-26 15:00:00,9.040,9.070,9.040,9.060,2031288
2026-03-27 10:00:00,9.000,9.100,9.000,9.080,4911002
2026-03-27 10:30:00,9.070,9.110,9.070,9.090,1569200
2026-03-27 11:00:00,9.080,9.100,9.060,9.080,1089300
2026-03-27 11:30:00,9.060,9.080,9.060,9.080,560000
2026-03-27 13:30:00,9.070,9.140,9.070,9.110,1767500
2026-03-27 14:00:00,9.110,9.130,9.100,9.100,1148000
2026-03-27 14:30:00,9.100,9.110,9.090,9.100,809532
2026-03-27 15:00:00,9.110,9.120,9.100,9.110,2496041
2026-03-30 10:00:00,9.030,9.070,9.000,9.030,6330822
2026-03-30 10:30:00,9.030,9.280,9.020,9.200,7680673
2026-03-30 11:00:00,9.200,9.210,9.160,9.160,2543100
2026-03-30 11:30:00,9.170,9.200,9.160,9.190,1694672
2026-03-30 13:30:00,9.190,9.200,9.140,9.160,1397500
2026-03-30 14:00:00,9.170,9.180,9.150,9.160,611500
2026-03-30 14:30:00,9.160,9.170,9.140,9.140,555700
2026-03-30 15:00:00,9.140,9.160,9.110,9.150,4739080
2026-03-31 10:00:00,9.150,9.210,9.130,9.160,5489300
2026-03-31 10:30:00,9.150,9.170,9.150,9.160,1822400
2026-03-31 11:00:00,9.150,9.160,9.130,9.130,1763100
2026-03-31 11:30:00,9.140,9.140,9.120,9.120,1171200
2026-03-31 13:30:00,9.120,9.140,9.110,9.110,1131800
2026-03-31 14:00:00,9.120,9.140,9.100,9.110,1778600
2026-03-31 14:30:00,9.110,9.110,9.080,9.090,1746500
2026-03-31 15:00:00,9.090,9.100,9.070,9.080,2474666
2026-04-01 10:00:00,9.180,9.200,9.100,9.110,5543500
2026-04-01 10:30:00,9.110,9.150,9.100,9.120,2630600
2026-04-01 11:00:00,9.120,9.150,9.110,9.140,1905600
2026-04-01 11:30:00,9.140,9.150,9.120,9.120,1784500
2026-04-01 13:30:00,9.130,9.140,9.120,9.130,1109600
2026-04-01 14:00:00,9.140,9.150,9.110,9.110,1529200
2026-04-01 14:30:00,9.110,9.130,9.110,9.130,1203400
2026-04-01 15:00:00,9.120,9.140,9.110,9.140,2646600
2026-04-02 10:00:00,9.100,9.120,9.070,9.070,3326000
2026-04-02 10:30:00,9.070,9.080,9.050,9.060,2535799
2026-04-02 11:00:00,9.060,9.080,9.050,9.070,1714375
2026-04-02 11:30:00,9.060,9.070,9.050,9.060,611200
2026-04-02 13:30:00,9.060,9.060,9.030,9.050,2729324
2026-04-02 14:00:00,9.050,9.050,9.020,9.020,1214100
2026-04-02 14:30:00,9.030,9.050,9.020,9.040,1609300
2026-04-02 15:00:00,9.040,9.050,9.030,9.040,1662564
