date,open,high,low,close,volume
2025-03-27 14:30:00,17.800,17.920,17.790,17.880,11225754
2025-03-27 15:00:00,17.870,17.900,17.820,17.860,18670356
2025-03-28 10:00:00,18.050,18.150,17.810,17.990,44782451
2025-03-28 10:30:00,17.990,18.150,17.970,18.110,25882072
2025-03-28 11:00:00,18.120,18.120,17.920,18.020,21156600
2025-03-28 11:30:00,18.010,18.020,17.880,17.890,11890400
2025-03-28 13:30:00,17.890,18.020,17.870,17.970,14942287
2025-03-28 14:00:00,17.970,18.340,17.950,18.230,31946150
2025-03-28 14:30:00,18.230,18.240,18.100,18.200,15418460
2025-03-28 15:00:00,18.200,18.220,18.130,18.160,20346013
2025-03-31 10:00:00,18.070,18.310,18.010,18.030,42045659
2025-03-31 10:30:00,18.040,18.230,18.020,18.180,19576464
2025-03-31 11:00:00,18.170,18.250,18.070,18.100,19010398
2025-03-31 11:30:00,18.100,18.130,18.000,18.020,20611144
2025-03-31 13:30:00,18.020,18.140,17.980,18.050,12785288
2025-03-31 14:00:00,18.060,18.120,18.020,18.080,10548900
2025-03-31 14:30:00,18.070,18.160,18.040,18.090,16574300
2025-03-31 15:00:00,18.090,18.160,18.050,18.120,19525401
2025-04-01 10:00:00,18.200,18.330,17.980,18.000,39062868
2025-04-01 10:30:00,18.010,18.070,17.930,18.010,24553550
2025-04-01 11:00:00,18.030,18.050,17.970,17.990,17511200
2025-04-01 11:30:00,17.990,18.060,17.960,18.000,10137600
2025-04-01 13:30:00,18.000,18.030,17.960,17.970,11375100
2025-04-01 14:00:00,17.970,17.990,17.850,17.880,15742900
2025-04-01 14:30:00,17.880,17.900,17.800,17.880,19410250
2025-04-01 15:00:00,17.880,17.950,17.840,17.930,15629185
2025-04-02 10:00:00,17.760,17.850,17.650,17.670,35251700
2025-04-02 10:30:00,17.670,17.780,17.640,17.730,18693208
2025-04-02 11:00:00,17.740,17.780,17.690,17.710,13523537
2025-04-02 11:30:00,17.720,17.770,17.670,17.770,14874200
2025-04-02 13:30:00,17.750,17.780,17.530,17.540,18747151
2025-04-02 14:00:00,17.550,17.580,17.500,17.520,16029718
2025-04-02 14:30:00,17.520,17.540,17.450,17.460,20472200
2025-04-02 15:00:00,17.460,17.530,17.440,17.500,20507300
2025-04-03 10:00:00,17.350,17.480,17.060,17.160,69949988
2025-04-03 10:30:00,17.160,17.200,16.960,17.040,35886489
2025-04-03 11:00:00,17.040,17.050,16.870,16.880,22708118
2025-04-03 11:30:00,16.880,17.130,16.870,17.110,19234650
2025-04-03 13:30:00,17.110,17.270,17.030,17.040,20936418
2025-04-03 14:00:00,17.040,17.130,16.980,17.120,17448130
2025-04-03 14:30:00,17.120,17.190,17.090,17.150,12892100
2025-04-03 15:00:00,17.150,17.160,17.090,17.110,17370932
2025-04-07 10:00:00,15.400,15.430,15.400,15.400,99115900
2025-04-07 10:30:00,15.400,15.640,15.400,15.510,104979700
2025-04-07 11:00:00,15.510,15.800,15.480,15.730,70942450
2025-04-07 11:30:00,15.730,15.850,15.460,15.470,45393400
2025-04-07 13:30:00,15.460,15.650,15.450,15.580,51852794
2025-04-07 14:00:00,15.560,15.650,15.460,15.490,42972750
2025-04-07 14:30:00,15.490,15.500,15.400,15.400,27902200
2025-04-07 15:00:00,15.400,15.620,15.400,15.410,44876747
2025-04-08 10:00:00,15.540,15.750,15.210,15.730,124094520
2025-04-08 10:30:00,15.730,15.860,15.630,15.770,56337464
2025-04-08 11:00:00,15.780,15.850,15.680,15.700,28391351
2025-04-08 11:30:00,15.700,15.830,15.690,15.820,20465191
2025-04-08 13:30:00,15.820,15.840,15.670,15.670,39834453
2025-04-08 14:00:00,15.670,15.800,15.660,15.730,31086100
2025-04-08 14:30:00,15.740,15.770,15.670,15.750,23593761
2025-04-08 15:00:00,15.760,15.950,15.730,15.950,49557900
2025-04-09 10:00:00,15.540,15.580,15.270,15.300,124355600
2025-04-09 10:30:00,15.290,15.620,15.290,15.440,54525061
2025-04-09 11:00:00,15.450,15.570,15.280,15.350,48881900
2025-04-09 11:30:00,15.360,15.410,15.190,15.360,53015451
2025-04-09 13:30:00,15.360,15.520,15.220,15.510,34864449
2025-04-09 14:00:00,15.510,15.670,15.460,15.600,36960800
2025-04-09 14:30:00,15.600,15.760,15.560,15.700,31553812
2025-04-09 15:00:00,15.710,15.920,15.690,15.920,62555601
2025-04-10 10:00:00,16.550,16.660,16.370,16.510,133901869
2025-04-10 10:30:00,16.510,16.850,16.490,16.730,67485462
2025-04-10 11:00:00,16.740,16.750,16.550,16.550,36255150
2025-04-10 11:30:00,16.560,16.750,16.520,16.740,20228281
2025-04-10 13:30:00,16.740,16.780,16.630,16.690,25635465
2025-04-10 14:00:00,16.700,16.720,16.600,16.660,14817203
2025-04-10 14:30:00,16.670,16.780,16.650,16.750,17894450
2025-04-10 15:00:00,16.750,16.790,16.720,16.750,42921610
2025-04-11 10:00:00,17.150,17.310,16.990,17.130,114337676
2025-04-11 10:30:00,17.140,17.170,17.010,17.060,23433350
2025-04-11 11:00:00,17.070,17.180,17.030,17.120,21334388
2025-04-11 11:30:00,17.130,17.130,17.010,17.060,15038710
2025-04-11 13:30:00,17.060,17.150,16.990,17.090,23590982
2025-04-11 14:00:00,17.090,17.120,17.030,17.050,16815800
2025-04-11 14:30:00,17.050,17.120,17.000,17.010,18697250
2025-04-11 15:00:00,17.000,17.150,16.980,17.150,38588599
2025-04-14 10:00:00,17.390,17.900,17.110,17.750,133913871
2025-04-14 10:30:00,17.750,18.000,17.710,17.920,60389120
2025-04-14 11:00:00,17.930,17.950,17.720,17.730,29544117
2025-04-14 11:30:00,17.720,17.740,17.660,17.720,21034493
2025-04-14 13:30:00,17.720,17.730,17.540,17.570,23485912
2025-04-14 14:00:00,17.580,17.640,17.550,17.620,16813051
2025-04-14 14:30:00,17.610,17.770,17.610,17.700,20206541
2025-04-14 15:00:00,17.710,17.730,17.590,17.630,28213529
2025-04-15 10:00:00,17.640,17.700,17.280,17.540,61398998
2025-04-15 10:30:00,17.530,17.650,17.430,17.580,21885049
2025-04-15 11:00:00,17.590,17.640,17.540,17.600,15829051
2025-04-15 11:30:00,17.600,17.630,17.510,17.560,20016366
2025-04-15 13:30:00,17.560,17.680,17.550,17.610,20230800
2025-04-15 14:00:00,17.610,17.640,17.550,17.570,13462100
2025-04-15 14:30:00,17.580,17.580,17.510,17.560,13193600
2025-04-15 15:00:00,17.560,17.650,17.550,17.650,24537805
2025-04-16 10:00:00,17.900,17.980,17.530,17.610,55917685
2025-04-16 10:30:00,17.600,17.650,17.480,17.480,19864200
2025-04-16 11:00:00,17.490,17.520,17.450,17.470,12070428
2025-04-16 11:30:00,17.460,17.520,17.420,17.460,14907069
2025-04-16 13:30:00,17.460,17.620,17.430,17.490,21023185
2025-04-16 14:00:00,17.480,17.620,17.480,17.530,16089850
2025-04-16 14:30:00,17.520,17.600,17.510,17.540,12492200
2025-04-16 15:00:00,17.540,17.740,17.500,17.740,55091865
2025-04-17 10:00:00,18.130,18.300,17.770,17.840,143863824
2025-04-17 10:30:00,17.840,17.860,17.710,17.810,40225919
2025-04-17 11:00:00,17.810,17.910,17.720,17.910,18558705
2025-04-17 11:30:00,17.910,17.940,17.830,17.930,14541954
2025-04-17 13:30:00,17.930,17.940,17.710,17.730,18253700
2025-04-17 14:00:00,17.740,17.750,17.680,17.680,17207250
2025-04-17 14:30:00,17.680,17.750,17.660,17.710,18592600
2025-04-17 15:00:00,17.700,17.820,17.680,17.820,39287732
2025-04-18 10:00:00,17.650,17.770,17.440,17.460,41352854
2025-04-18 10:30:00,17.460,17.480,17.350,17.460,20608750
2025-04-18 11:00:00,17.470,17.520,17.420,17.490,8707050
2025-04-18 11:30:00,17.500,17.530,17.440,17.510,8796500
2025-04-18 13:30:00,17.510,17.630,17.490,17.620,11865250
2025-04-18 14:00:00,17.610,17.690,17.610,17.690,11264978
2025-04-18 14:30:00,17.690,17.690,17.610,17.620,7110156
2025-04-18 15:00:00,17.610,17.710,17.540,17.620,30212114
2025-04-21 10:00:00,17.770,18.190,17.760,18.090,88172156
2025-04-21 10:30:00,18.090,18.180,17.990,18.140,33888632
2025-04-21 11:00:00,18.140,18.370,18.110,18.300,47786810
2025-04-21 11:30:00,18.290,18.350,18.260,18.320,20295050
2025-04-21 13:30:00,18.320,18.350,18.260,18.330,17913901
2025-04-21 14:00:00,18.330,18.430,18.330,18.380,25997050
2025-04-21 14:30:00,18.380,18.600,18.380,18.500,40721229
2025-04-21 15:00:00,18.500,18.630,18.490,18.600,42686299
2025-04-22 10:00:00,18.710,18.760,18.520,18.640,79334759
2025-04-22 10:30:00,18.620,18.640,18.410,18.440,34793967
2025-04-22 11:00:00,18.450,18.570,18.430,18.520,22851696
2025-04-22 11:30:00,18.520,18.680,18.490,18.660,22116391
2025-04-22 13:30:00,18.670,18.740,18.570,18.580,32085266
2025-04-22 14:00:00,18.580,18.640,18.520,18.620,17349427
2025-04-22 14:30:00,18.610,18.630,18.580,18.580,16820600
2025-04-22 15:00:00,18.580,18.610,18.490,18.500,28008226
2025-04-23 10:00:00,18.050,18.280,17.980,18.230,95944937
2025-04-23 10:30:00,18.230,18.270,18.100,18.130,26013097
2025-04-23 11:00:00,18.130,18.170,17.990,18.010,27986567
2025-04-23 11:30:00,18.000,18.010,17.860,17.910,28763600
2025-04-23 13:30:00,17.900,17.970,17.840,17.930,25164800
2025-04-23 14:00:00,17.940,17.940,17.800,17.820,28749351
2025-04-23 14:30:00,17.820,17.830,17.730,17.780,28030791
2025-04-23 15:00:00,17.780,17.820,17.740,17.790,32496941
2025-04-24 10:00:00,17.890,18.050,17.810,17.880,43503415
2025-04-24 10:30:00,17.880,17.890,17.800,17.850,12365246
2025-04-24 11:00:00,17.860,17.870,17.700,17.740,11895264
2025-04-24 11:30:00,17.730,17.760,17.650,17.720,11241069
2025-04-24 13:30:00,17.720,17.760,17.640,17.660,8879501
2025-04-24 14:00:00,17.650,17.710,17.630,17.660,7052470
2025-04-24 14:30:00,17.670,17.700,17.650,17.680,7635450
2025-04-24 15:00:00,17.680,17.700,17.660,17.670,12012844
2025-04-25 10:00:00,17.800,17.850,17.620,17.750,22026965
2025-04-25 10:30:00,17.750,17.970,17.740,17.870,27610266
2025-04-25 11:00:00,17.870,17.900,17.770,17.800,8548300
2025-04-25 11:30:00,17.800,17.940,17.790,17.890,10739195
2025-04-25 13:30:00,17.880,17.890,17.660,17.710,14371300
2025-04-25 14:00:00,17.700,17.720,17.610,17.620,11452003
2025-04-25 14:30:00,17.630,17.640,17.580,17.630,10640401
2025-04-25 15:00:00,17.630,17.690,17.630,17.650,16137472
2025-04-28 10:00:00,17.500,17.670,17.370,17.580,38158348
2025-04-28 10:30:00,17.580,17.600,17.480,17.570,10026700
2025-04-28 11:00:00,17.570,17.620,17.560,17.610,6573250
2025-04-28 11:30:00,17.600,17.700,17.580,17.700,9183151
2025-04-28 13:30:00,17.700,17.740,17.650,17.690,10684651
2025-04-28 14:00:00,17.690,17.720,17.660,17.680,5302851
2025-04-28 14:30:00,17.680,17.700,17.670,17.690,6502442
2025-04-28 15:00:00,17.680,17.700,17.660,17.660,10447360
2025-04-29 10:00:00,17.670,17.770,17.600,17.690,21718034
2025-04-29 10:30:00,17.680,17.710,17.610,17.630,9515500
2025-04-29 11:00:00,17.630,17.680,17.620,17.660,6029935
2025-04-29 11:30:00,17.670,17.670,17.610,17.620,5196300
2025-04-29 13:30:00,17.620,17.640,17.560,17.580,6686400
2025-04-29 14:00:00,17.590,17.590,17.550,17.570,5885850
2025-04-29 14:30:00,17.570,17.620,17.560,17.600,5995000
2025-04-29 15:00:00,17.600,17.630,17.570,17.630,13029250
2025-04-30 10:00:00,17.550,17.580,17.360,17.400,22847601
2025-04-30 10:30:00,17.400,17.480,17.370,17.470,10365700
2025-04-30 11:00:00,17.480,17.540,17.470,17.480,6655800
2025-04-30 11:30:00,17.480,17.550,17.470,17.500,4859850
2025-04-30 13:30:00,17.500,17.560,17.450,17.490,10022350
2025-04-30 14:00:00,17.500,17.530,17.450,17.490,8003251
2025-04-30 14:30:00,17.490,17.520,17.460,17.470,7791342
2025-04-30 15:00:00,17.480,17.490,17.420,17.460,14448551
2025-05-06 10:00:00,17.750,17.840,17.690,17.810,43993201
2025-05-06 10:30:00,17.800,17.830,17.740,17.750,22403602
2025-05-06 11:00:00,17.740,17.750,17.640,17.670,15453832
2025-05-06 11:30:00,17.680,17.700,17.630,17.690,8255000
2025-05-06 13:30:00,17.690,17.710,17.600,17.670,14792761
2025-05-06 14:00:00,17.660,17.680,17.600,17.660,10055877
2025-05-06 14:30:00,17.670,17.790,17.660,17.760,13170876
2025-05-06 15:00:00,17.760,17.780,17.730,17.760,13238633
2025-05-07 10:00:00,18.090,18.120,17.800,18.000,57023801
2025-05-07 10:30:00,17.990,18.100,17.910,18.060,26423600
2025-05-07 11:00:00,18.060,18.090,17.970,17.980,15084914
2025-05-07 11:30:00,17.980,18.020,17.940,17.960,12418450
2025-05-07 13:30:00,17.960,17.970,17.840,17.960,11761950
2025-05-07 14:00:00,17.960,17.980,17.910,17.910,8093601
2025-05-07 14:30:00,17.910,18.030,17.900,18.000,15583340
2025-05-07 15:00:00,17.990,18.050,17.970,18.050,26018255
2025-05-08 10:00:00,17.900,18.060,17.800,18.040,27441030
2025-05-08 10:30:00,18.040,18.060,17.960,18.000,10178742
2025-05-08 11:00:00,18.000,18.020,17.960,18.010,7749400
2025-05-08 11:30:00,18.010,18.040,17.980,18.000,5350750
2025-05-08 13:30:00,18.000,18.010,17.870,17.880,11829000
2025-05-08 14:00:00,17.890,17.900,17.840,17.860,10320400
2025-05-08 14:30:00,17.870,17.880,17.820,17.830,13490190
2025-05-08 15:00:00,17.830,17.840,17.760,17.760,25935745
2025-05-09 10:00:00,17.680,17.780,17.600,17.660,27305612
2025-05-09 10:30:00,17.660,17.670,17.590,17.590,17009050
2025-05-09 11:00:00,17.600,17.650,17.580,17.620,16828800
2025-05-09 11:30:00,17.620,17.660,17.600,17.660,13443523
2025-05-09 13:30:00,17.650,17.740,17.630,17.680,8944976
2025-05-09 14:00:00,17.680,17.700,17.650,17.700,6015750
2025-05-09 14:30:00,17.690,17.700,17.650,17.680,5436601
2025-05-09 15:00:00,17.680,17.700,17.650,17.650,11502551
2025-05-12 10:00:00,17.500,17.550,17.410,17.510,39697225
2025-05-12 10:30:00,17.500,17.690,17.500,17.650,16509800
2025-05-12 11:00:00,17.650,17.690,17.560,17.680,11980072
2025-05-12 11:30:00,17.680,17.730,17.660,17.730,9649916
2025-05-12 13:30:00,17.730,17.770,17.700,17.730,10347752
2025-05-12 14:00:00,17.730,17.730,17.650,17.670,11397602
2025-05-12 14:30:00,17.680,17.740,17.670,17.710,9006200
2025-05-12 15:00:00,17.710,17.750,17.700,17.710,13625415
2025-05-13 10:00:00,17.600,17.610,17.400,17.540,37613752
2025-05-13 10:30:00,17.550,17.650,17.530,17.590,15799433
2025-05-13 11:00:00,17.590,17.700,17.570,17.660,10010450
2025-05-13 11:30:00,17.670,17.710,17.620,17.640,6912350
2025-05-13 13:30:00,17.640,17.840,17.630,17.830,18245750
2025-05-13 14:00:00,17.840,17.840,17.790,17.810,7997942
2025-05-13 14:30:00,17.810,17.830,17.750,17.780,8066155
2025-05-13 15:00:00,17.780,17.790,17.730,17.760,11701059
2025-05-14 10:00:00,17.760,17.870,17.740,17.810,19942011
2025-05-14 10:30:00,17.810,17.890,17.770,17.820,16870663
2025-05-14 11:00:00,17.830,17.850,17.770,17.840,7986250
2025-05-14 11:30:00,17.850,17.870,17.810,17.850,12270119
2025-05-14 13:30:00,17.840,17.870,17.760,17.850,12498600
2025-05-14 14:00:00,17.840,17.910,17.830,17.880,14837750
2025-05-14 14:30:00,17.890,17.890,17.820,17.830,7489681
2025-05-14 15:00:00,17.820,17.900,17.820,17.900,12446254
2025-05-15 10:00:00,17.710,17.780,17.600,17.600,27546820
2025-05-15 10:30:00,17.600,17.670,17.500,17.550,22817501
2025-05-15 11:00:00,17.540,17.570,17.460,17.470,14835300
2025-05-15 11:30:00,17.470,17.480,17.410,17.430,17656600
2025-05-15 13:30:00,17.430,17.520,17.410,17.450,15761600
2025-05-15 14:00:00,17.440,17.470,17.410,17.410,11665000
2025-05-15 14:30:00,17.410,17.440,17.360,17.440,15018200
2025-05-15 15:00:00,17.430,17.500,17.410,17.490,14080272
2025-05-16 10:00:00,17.590,17.640,17.510,17.510,23561600
2025-05-16 10:30:00,17.510,17.540,17.410,17.420,11845000
2025-05-16 11:00:00,17.420,17.470,17.380,17.390,9758800
2025-05-16 11:30:00,17.390,17.410,17.360,17.390,9320441
2025-05-16 13:30:00,17.380,17.460,17.360,17.410,8219050
2025-05-16 14:00:00,17.420,17.420,17.380,17.380,6587534
2025-05-16 14:30:00,17.380,17.440,17.370,17.410,10368100
2025-05-16 15:00:00,17.400,17.460,17.390,17.420,16049450
2025-05-19 10:00:00,17.430,17.560,17.300,17.330,25573200
2025-05-19 10:30:00,17.340,17.360,17.280,17.310,9174450
2025-05-19 11:00:00,17.310,17.370,17.300,17.340,6739050
2025-05-19 11:30:00,17.340,17.370,17.330,17.350,3489900
2025-05-19 13:30:00,17.350,17.390,17.310,17.360,5892601
2025-05-19 14:00:00,17.350,17.370,17.330,17.350,6466900
2025-05-19 14:30:00,17.350,17.420,17.350,17.410,8638800
2025-05-19 15:00:00,17.410,17.440,17.400,17.420,9783899
2025-05-20 10:00:00,17.420,17.690,17.410,17.610,34415600
2025-05-20 10:30:00,17.620,17.650,17.510,17.520,12845227
2025-05-20 11:00:00,17.520,17.520,17.460,17.480,7907400
2025-05-20 11:30:00,17.480,17.560,17.470,17.550,8782690
2025-05-20 13:30:00,17.550,17.650,17.500,17.580,12118150
2025-05-20 14:00:00,17.580,17.600,17.480,17.490,8474024
2025-05-20 14:30:00,17.500,17.510,17.470,17.490,7822550
2025-05-20 15:00:00,17.490,17.500,17.460,17.460,10430603
2025-05-21 10:00:00,17.690,18.020,17.680,17.970,73670580
2025-05-21 10:30:00,17.980,18.170,17.930,18.160,32744872
2025-05-21 11:00:00,18.160,18.300,18.110,18.260,30712182
2025-05-21 11:30:00,18.270,18.310,18.220,18.250,18112746
2025-05-21 13:30:00,18.240,18.400,18.210,18.320,27866575
2025-05-21 14:00:00,18.320,18.480,18.320,18.450,27142596
2025-05-21 14:30:00,18.450,18.500,18.400,18.450,21959805
2025-05-21 15:00:00,18.450,18.510,18.450,18.490,28252137
2025-05-22 10:00:00,18.380,18.610,18.360,18.450,48213516
2025-05-22 10:30:00,18.460,18.510,18.430,18.490,12532390
2025-05-22 11:00:00,18.480,18.540,18.470,18.500,7981970
2025-05-22 11:30:00,18.490,18.580,18.490,18.530,11447150
2025-05-22 13:30:00,18.520,18.560,18.480,18.550,10222151
2025-05-22 14:00:00,18.550,18.680,18.530,18.600,18531298
2025-05-22 14:30:00,18.590,18.600,18.510,18.540,9010324
2025-05-22 15:00:00,18.540,18.580,18.510,18.580,15597316
2025-05-23 10:00:00,18.540,18.700,18.500,18.610,32301950
2025-05-23 10:30:00,18.610,18.640,18.490,18.510,11575300
2025-05-23 11:00:00,18.510,18.530,18.440,18.530,10390262
2025-05-23 11:30:00,18.520,18.580,18.500,18.540,5596300
2025-05-23 13:30:00,18.550,18.630,18.520,18.590,8347300
2025-05-23 14:00:00,18.600,18.630,18.570,18.600,9321550
2025-05-23 14:30:00,18.600,18.660,18.570,18.620,23914850
2025-05-23 15:00:00,18.610,18.630,18.560,18.590,19239698
2025-05-26 10:00:00,18.500,18.750,18.480,18.700,35491275
2025-05-26 10:30:00,18.690,18.870,18.660,18.810,26030157
2025-05-26 11:00:00,18.800,18.850,18.720,18.770,8675500
2025-05-26 11:30:00,18.770,18.770,18.570,18.590,8713442
2025-05-26 13:30:00,18.590,18.690,18.540,18.560,6849850
2025-05-26 14:00:00,18.570,18.600,18.530,18.590,6378500
2025-05-26 14:30:00,18.600,18.600,18.500,18.520,10004450
2025-05-26 15:00:00,18.520,18.590,18.500,18.560,10518205
2025-05-27 10:00:00,18.530,18.650,18.080,18.090,37021614
2025-05-27 10:30:00,18.100,18.190,18.080,18.110,19348162
2025-05-27 11:00:00,18.120,18.130,18.000,18.030,22382128
2025-05-27 11:30:00,18.030,18.100,18.020,18.020,10027500
2025-05-27 13:30:00,18.030,18.050,17.810,17.820,19756450
2025-05-27 14:00:00,17.820,17.850,17.680,17.820,14079750
2025-05-27 14:30:00,17.810,17.880,17.800,17.800,12362300
2025-05-27 15:00:00,17.800,17.890,17.780,17.880,18529112
2025-05-28 10:00:00,17.800,18.010,17.700,17.950,27604301
2025-05-28 10:30:00,17.950,18.100,17.930,18.050,13233165
2025-05-28 11:00:00,18.050,18.060,17.950,17.990,8233900
2025-05-28 11:30:00,18.000,18.040,17.980,17.990,10359018
2025-05-28 13:30:00,17.990,18.030,17.910,18.020,11257400
2025-05-28 14:00:00,18.020,18.030,17.910,17.940,7929301
2025-05-28 14:30:00,17.950,17.990,17.930,17.930,8328659
2025-05-28 15:00:00,17.940,17.980,17.890,17.980,12250375
2025-05-29 10:00:00,17.830,18.020,17.780,18.000,23594201
2025-05-29 10:30:00,17.990,18.030,17.910,17.930,11521807
2025-05-29 11:00:00,17.950,18.050,17.910,18.030,9122776
2025-05-29 11:30:00,18.030,18.050,17.980,17.990,8794400
2025-05-29 13:30:00,18.000,18.010,17.900,17.900,8124500
2025-05-29 14:00:00,17.910,17.940,17.880,17.900,6190585
2025-05-29 14:30:00,17.890,17.930,17.850,17.850,8068150
2025-05-29 15:00:00,17.860,17.890,17.820,17.820,15031544
2025-05-30 10:00:00,17.940,18.070,17.680,17.700,33149300
2025-05-30 10:30:00,17.690,17.730,17.660,17.710,13186840
2025-05-30 11:00:00,17.700,17.720,17.660,17.680,7239250
2025-05-30 11:30:00,17.690,17.770,17.670,17.720,6241300
2025-05-30 13:30:00,17.740,17.790,17.710,17.770,7200200
2025-05-30 14:00:00,17.780,17.820,17.770,17.790,5576200
2025-05-30 14:30:00,17.790,17.830,17.750,17.810,6041300
2025-05-30 15:00:00,17.800,17.820,17.730,17.730,14721547
2025-06-03 10:00:00,18.070,18.280,18.030,18.210,56269360
2025-06-03 10:30:00,18.220,18.260,18.130,18.180,19626000
2025-06-03 11:00:00,18.170,18.190,18.040,18.140,14798300
2025-06-03 11:30:00,18.130,18.190,18.090,18.130,8470300
2025-06-03 13:30:00,18.130,18.140,17.960,18.020,13674100
2025-06-03 14:00:00,18.020,18.060,18.000,18.020,7133040
2025-06-03 14:30:00,18.020,18.080,18.020,18.050,8110200
2025-06-03 15:00:00,18.050,18.090,18.020,18.060,11441076
2025-06-04 10:00:00,18.060,18.320,18.010,18.320,24522824
2025-06-04 10:30:00,18.320,18.320,18.200,18.250,11606218
2025-06-04 11:00:00,18.250,18.280,18.150,18.170,8355021
2025-06-04 11:30:00,18.170,18.220,18.140,18.170,6670500
2025-06-04 13:30:00,18.160,18.180,18.100,18.100,7469500
2025-06-04 14:00:00,18.100,18.120,18.060,18.080,8546300
2025-06-04 14:30:00,18.070,18.130,18.060,18.110,7152350
2025-06-04 15:00:00,18.110,18.130,18.080,18.090,8843597
2025-06-05 10:00:00,18.150,18.300,18.080,18.090,18944450
2025-06-05 10:30:00,18.080,18.110,17.970,18.070,16260447
2025-06-05 11:00:00,18.080,18.110,18.020,18.040,4326313
2025-06-05 11:30:00,18.040,18.040,17.970,17.980,7601300
2025-06-05 13:30:00,17.990,18.000,17.920,17.950,8703200
2025-06-05 14:00:00,17.950,17.970,17.880,17.890,9749300
2025-06-05 14:30:00,17.890,17.920,17.860,17.890,9257450
2025-06-05 15:00:00,17.890,17.940,17.880,17.880,14496231
2025-06-06 10:00:00,17.990,18.250,17.920,18.130,54023250
2025-06-06 10:30:00,18.130,18.160,18.020,18.130,19517800
2025-06-06 11:00:00,18.120,18.140,18.050,18.080,7134850
2025-06-06 11:30:00,18.080,18.090,18.050,18.060,5449970
2025-06-06 13:30:00,18.070,18.230,18.070,18.150,18788985
2025-06-06 14:00:00,18.150,18.160,18.090,18.100,7179000
2025-06-06 14:30:00,18.110,18.140,18.090,18.130,8941492
2025-06-06 15:00:00,18.130,18.150,18.120,18.140,12429700
2025-06-09 10:00:00,17.970,18.000,17.710,17.810,57868249
2025-06-09 10:30:00,17.800,17.810,17.690,17.720,31480028
2025-06-09 11:00:00,17.720,17.720,17.630,17.690,22997884
2025-06-09 11:30:00,17.690,17.740,17.650,17.730,13352261
2025-06-09 13:30:00,17.730,18.140,17.720,18.040,35526300
2025-06-09 14:00:00,18.040,18.120,18.000,18.010,10137900
2025-06-09 14:30:00,18.010,18.020,17.930,17.940,8872133
2025-06-09 15:00:00,17.940,17.980,17.930,17.970,11256800
2025-06-10 10:00:00,17.900,18.040,17.900,18.030,24575806
2025-06-10 10:30:00,18.030,18.170,18.030,18.130,26277513
2025-06-10 11:00:00,18.130,18.240,18.120,18.200,21104336
2025-06-10 11:30:00,18.210,18.380,18.200,18.350,27231600
2025-06-10 13:30:00,18.340,18.350,18.160,18.220,19642200
2025-06-10 14:00:00,18.220,18.270,18.200,18.260,11518605
2025-06-10 14:30:00,18.250,18.270,18.210,18.260,8247000
2025-06-10 15:00:00,18.250,18.290,18.250,18.270,12011250
2025-06-11 10:00:00,18.270,18.390,18.230,18.380,20409516
2025-06-11 10:30:00,18.380,18.430,18.330,18.390,13216155
2025-06-11 11:00:00,18.390,18.520,18.380,18.520,17874267
2025-06-11 11:30:00,18.510,18.650,18.490,18.640,18160814
2025-06-11 13:30:00,18.640,18.700,18.580,18.610,18794907
2025-06-11 14:00:00,18.610,18.670,18.580,18.630,11013200
2025-06-11 14:30:00,18.620,18.710,18.610,18.690,13885534
2025-06-11 15:00:00,18.680,18.700,18.610,18.660,15014402
2025-06-12 10:00:00,18.720,18.850,18.630,18.800,33335933
2025-06-12 10:30:00,18.800,19.120,18.730,19.110,41902790
2025-06-12 11:00:00,19.110,19.280,19.060,19.270,29273379
2025-06-12 11:30:00,19.270,19.360,19.150,19.330,16720975
2025-06-12 13:30:00,19.320,19.450,19.280,19.350,24032991
2025-06-12 14:00:00,19.350,19.490,19.350,19.410,28719070
2025-06-12 14:30:00,19.400,19.430,19.390,19.410,13482989
2025-06-12 15:00:00,19.410,19.480,19.400,19.460,21094823
2025-06-13 10:00:00,19.260,19.370,19.050,19.170,62950023
2025-06-13 10:30:00,19.170,19.210,19.060,19.100,23884816
2025-06-13 11:00:00,19.100,19.170,19.090,19.100,17356800
2025-06-13 11:30:00,19.100,19.160,19.040,19.130,15023251
2025-06-13 13:30:00,19.120,19.200,19.040,19.160,23134750
2025-06-13 14:00:00,19.150,19.210,19.110,19.200,14098525
2025-06-13 14:30:00,19.200,19.230,19.110,19.130,11799242
2025-06-13 15:00:00,19.130,19.160,19.070,19.150,19640025
2025-06-16 10:00:00,19.140,19.160,18.910,19.120,35126350
2025-06-16 10:30:00,19.120,19.120,19.000,19.040,12566180
2025-06-16 11:00:00,19.050,19.070,18.890,18.890,15167181
2025-06-16 11:30:00,18.890,18.980,18.800,18.820,16150000
2025-06-16 13:30:00,18.830,18.860,18.760,18.800,15501650
2025-06-16 14:00:00,18.810,18.850,18.690,18.740,16511778
2025-06-16 14:30:00,18.730,18.790,18.700,18.790,10941885
2025-06-16 15:00:00,18.790,18.830,18.770,18.820,11093280
2025-06-17 10:00:00,18.790,18.940,18.730,18.800,21835489
2025-06-17 10:30:00,18.800,18.840,18.720,18.750,10765300
2025-06-17 11:00:00,18.740,18.760,18.700,18.730,6751889
2025-06-17 11:30:00,18.730,18.820,18.720,18.790,5790931
2025-06-17 13:30:00,18.790,18.900,18.760,18.890,9905314
2025-06-17 14:00:00,18.880,18.970,18.870,18.950,10534050
2025-06-17 14:30:00,18.950,18.960,18.840,18.860,8164618
2025-06-17 15:00:00,18.860,18.880,18.830,18.870,10344107
2025-06-18 10:00:00,18.860,18.980,18.710,18.790,20763001
2025-06-18 10:30:00,18.800,18.810,18.590,18.620,19021332
2025-06-18 11:00:00,18.620,18.660,18.580,18.660,8739717
2025-06-18 11:30:00,18.660,18.740,18.640,18.720,8344042
2025-06-18 13:30:00,18.710,18.850,18.710,18.790,12406392
2025-06-18 14:00:00,18.780,18.810,18.730,18.770,8634456
2025-06-18 14:30:00,18.770,18.790,18.720,18.740,5953114
2025-06-18 15:00:00,18.740,18.800,18.720,18.780,9337785
2025-06-19 10:00:00,18.750,18.780,18.580,18.610,19839000
2025-06-19 10:30:00,18.610,18.660,18.550,18.610,13744026
2025-06-19 11:00:00,18.630,18.720,18.610,18.660,10013320
2025-06-19 11:30:00,18.650,18.660,18.480,18.510,12402153
2025-06-19 13:30:00,18.510,18.620,18.480,18.610,9461900
2025-06-19 14:00:00,18.620,18.640,18.500,18.530,9424171
2025-06-19 14:30:00,18.530,18.540,18.420,18.420,12260301
2025-06-19 15:00:00,18.430,18.470,18.370,18.370,14498077
2025-06-20 10:00:00,18.430,18.550,18.340,18.430,21063369
2025-06-20 10:30:00,18.430,18.610,18.410,18.490,11860050
2025-06-20 11:00:00,18.500,18.520,18.410,18.430,7203800
2025-06-20 11:30:00,18.420,18.430,18.340,18.350,8622900
2025-06-20 13:30:00,18.350,18.440,18.350,18.430,8060450
2025-06-20 14:00:00,18.430,18.460,18.390,18.440,8183750
2025-06-20 14:30:00,18.440,18.440,18.380,18.400,7521650
2025-06-20 15:00:00,18.410,18.440,18.400,18.410,15137813
2025-06-23 10:00:00,18.450,18.550,18.280,18.520,25856072
2025-06-23 10:30:00,18.520,18.620,18.470,18.580,17007200
2025-06-23 11:00:00,18.580,18.620,18.510,18.540,11333700
2025-06-23 11:30:00,18.530,18.590,18.470,18.500,7575501
2025-06-23 13:30:00,18.490,18.510,18.410,18.460,9872599
2025-06-23 14:00:00,18.460,18.570,18.440,18.510,8099300
2025-06-23 14:30:00,18.520,18.600,18.500,18.550,9752300
2025-06-23 15:00:00,18.560,18.580,18.480,18.510,9020253
2025-06-24 10:00:00,18.430,18.780,18.400,18.770,32000028
2025-06-24 10:30:00,18.780,18.950,18.730,18.910,27125885
2025-06-24 11:00:00,18.900,18.920,18.650,18.690,15219400
2025-06-24 11:30:00,18.680,18.770,18.660,18.740,7835500
2025-06-24 13:30:00,18.730,18.780,18.610,18.640,11271400
2025-06-24 14:00:00,18.640,18.700,18.620,18.680,9208313
2025-06-24 14:30:00,18.690,18.690,18.570,18.590,12156752
2025-06-24 15:00:00,18.590,18.610,18.510,18.540,13885134
2025-06-25 10:00:00,18.580,18.680,18.450,18.620,21003929
2025-06-25 10:30:00,18.620,18.900,18.590,18.830,23723660
2025-06-25 11:00:00,18.830,18.880,18.780,18.880,10641442
2025-06-25 11:30:00,18.880,18.920,18.820,18.830,11654895
2025-06-25 13:30:00,18.830,18.900,18.730,18.880,11232858
2025-06-25 14:00:00,18.880,18.920,18.820,18.890,8714972
2025-06-25 14:30:00,18.880,18.980,18.880,18.960,17711000
2025-06-25 15:00:00,18.970,19.000,18.930,18.990,17917070
2025-06-26 10:00:00,18.900,18.970,18.720,18.960,31434850
2025-06-26 10:30:00,18.960,19.040,18.830,18.980,19611291
2025-06-26 11:00:00,18.980,19.220,18.950,19.100,20308520
2025-06-26 11:30:00,19.100,19.110,18.970,19.000,7979400
2025-06-26 13:30:00,19.000,19.160,18.990,19.160,9586950
2025-06-26 14:00:00,19.160,19.180,19.020,19.080,13437028
2025-06-26 14:30:00,19.080,19.100,18.970,19.030,11295650
2025-06-26 15:00:00,19.030,19.040,18.940,18.980,13658522
2025-06-27 10:00:00,19.200,19.680,19.200,19.650,80528006
2025-06-27 10:30:00,19.640,20.010,19.640,19.950,55641208
2025-06-27 11:00:00,19.960,20.060,19.850,19.890,32287838
2025-06-27 11:30:00,19.890,19.940,19.790,19.840,13748540
2025-06-27 13:30:00,19.830,19.840,19.680,19.740,16288799
2025-06-27 14:00:00,19.740,19.770,19.700,19.740,12317917
2025-06-27 14:30:00,19.740,19.780,19.700,19.750,11859389
2025-06-27 15:00:00,19.750,19.780,19.730,19.780,16476458
2025-06-30 10:00:00,19.780,19.830,19.540,19.610,36815067
2025-06-30 10:30:00,19.610,19.610,19.400,19.540,24858773
2025-06-30 11:00:00,19.540,19.590,19.440,19.460,11591200
2025-06-30 11:30:00,19.450,19.490,19.420,19.440,9297500
2025-06-30 13:30:00,19.440,19.540,19.440,19.480,11634771
2025-06-30 14:00:00,19.480,19.510,19.420,19.430,11122522
2025-06-30 14:30:00,19.430,19.530,19.430,19.520,11762650
2025-06-30 15:00:00,19.520,19.590,19.500,19.500,21644559
2025-07-01 10:00:00,19.690,19.740,19.400,19.400,27851550
2025-07-01 10:30:00,19.400,19.480,19.380,19.430,13493650
2025-07-01 11:00:00,19.420,19.580,19.420,19.550,9658450
2025-07-01 11:30:00,19.540,19.600,19.480,19.600,7371351
2025-07-01 13:30:00,19.590,19.690,19.570,19.680,9786452
2025-07-01 14:00:00,19.670,19.780,19.630,19.710,13495952
2025-07-01 14:30:00,19.710,19.900,19.690,19.840,16417307
2025-07-01 15:00:00,19.840,19.920,19.820,19.900,25858704
2025-07-02 10:00:00,19.900,20.180,19.800,20.160,48332722
2025-07-02 10:30:00,20.170,20.390,20.110,20.120,41267340
2025-07-02 11:00:00,20.110,20.430,20.100,20.390,18394678
2025-07-02 11:30:00,20.380,20.390,20.170,20.210,9662050
2025-07-02 13:30:00,20.210,20.260,20.100,20.120,13549250
2025-07-02 14:00:00,20.120,20.310,20.110,20.220,12811835
2025-07-02 14:30:00,20.210,20.260,20.160,20.200,10653115
2025-07-02 15:00:00,20.200,20.220,20.140,20.170,15698647
2025-07-03 10:00:00,20.370,20.490,20.200,20.270,55799168
2025-07-03 10:30:00,20.280,20.430,20.120,20.120,20717861
2025-07-03 11:00:00,20.120,20.200,20.080,20.160,13278013
2025-07-03 11:30:00,20.160,20.210,20.120,20.150,6739817
2025-07-03 13:30:00,20.160,20.240,20.120,20.210,8177332
2025-07-03 14:00:00,20.200,20.300,20.190,20.290,8687250
2025-07-03 14:30:00,20.300,20.370,20.240,20.330,11612212
2025-07-03 15:00:00,20.330,20.340,20.210,20.290,12369235
2025-07-04 10:00:00,20.070,20.150,19.840,20.070,36559594
2025-07-04 10:30:00,20.080,20.230,20.010,20.090,18917650
2025-07-04 11:00:00,20.090,20.180,20.070,20.140,8294385
2025-07-04 11:30:00,20.150,20.180,20.100,20.150,8023302
2025-07-04 13:30:00,20.150,20.290,20.090,20.280,17525430
2025-07-04 14:00:00,20.280,20.290,20.060,20.080,12136600
2025-07-04 14:30:00,20.070,20.080,19.930,19.990,20723816
2025-07-04 15:00:00,20.000,20.080,19.980,20.050,13674849
2025-07-07 10:00:00,19.960,20.000,19.710,19.950,24302056
2025-07-07 10:30:00,19.950,20.020,19.900,19.950,10223217
2025-07-07 11:00:00,19.970,19.980,19.890,19.920,6952601
2025-07-07 11:30:00,19.920,19.970,19.910,19.950,4649750
2025-07-07 13:30:00,19.960,19.980,19.850,19.860,6739700
2025-07-07 14:00:00,19.860,19.890,19.850,19.860,6900152
2025-07-07 14:30:00,19.850,19.860,19.790,19.800,9985485
2025-07-07 15:00:00,19.810,19.810,19.760,19.800,13714513
2025-07-08 10:00:00,19.870,20.000,19.830,19.890,17813015
2025-07-08 10:30:00,19.880,19.930,19.810,19.880,10615600
2025-07-08 11:00:00,19.880,19.980,19.870,19.930,7199401
2025-07-08 11:30:00,19.920,20.040,19.890,19.940,12567145
2025-07-08 13:30:00,19.930,19.950,19.820,19.830,11450100
2025-07-08 14:00:00,19.830,19.840,19.800,19.810,10516662
2025-07-08 14:30:00,19.810,19.830,19.750,19.810,11525000
2025-07-08 15:00:00,19.810,19.840,19.790,19.820,15386454
2025-07-09 10:00:00,19.890,19.890,19.070,19.280,94832515
2025-07-09 10:30:00,19.270,19.490,19.240,19.400,31080500
2025-07-09 11:00:00,19.400,19.450,19.200,19.210,25950717
2025-07-09 11:30:00,19.210,19.220,19.130,19.150,22895300
2025-07-09 13:30:00,19.160,19.260,19.120,19.140,27763832
2025-07-09 14:00:00,19.140,19.150,19.060,19.060,32294305
2025-07-09 14:30:00,19.060,19.080,18.870,18.920,56077763
2025-07-09 15:00:00,18.930,19.000,18.880,18.900,42939901
2025-07-10 10:00:00,18.920,19.000,18.850,18.870,39211220
2025-07-10 10:30:00,18.870,18.910,18.810,18.900,21748601
2025-07-10 11:00:00,18.890,18.950,18.830,18.940,16426071
2025-07-10 11:30:00,18.940,18.980,18.830,18.870,17030940
2025-07-10 13:30:00,18.870,18.940,18.850,18.870,18352826
2025-07-10 14:00:00,18.870,18.960,18.860,18.950,12916400
2025-07-10 14:30:00,18.950,19.050,18.870,18.890,31353784
2025-07-10 15:00:00,18.880,18.920,18.840,18.840,32287451
2025-07-11 10:00:00,18.890,19.050,18.860,18.950,36187250
2025-07-11 10:30:00,18.940,19.040,18.900,18.920,27195500
2025-07-11 11:00:00,18.930,19.010,18.920,18.940,11409000
2025-07-11 11:30:00,18.950,19.200,18.940,19.190,31179400
2025-07-11 13:30:00,19.190,19.200,18.950,18.960,33536900
2025-07-11 14:00:00,18.960,19.050,18.880,18.910,30850483
2025-07-11 14:30:00,18.910,19.000,18.870,18.980,21945500
2025-07-11 15:00:00,18.980,18.980,18.890,18.890,25866342
2025-07-14 10:00:00,19.270,19.340,19.010,19.200,94497759
2025-07-14 10:30:00,19.200,19.220,19.120,19.180,25203100
2025-07-14 11:00:00,19.180,19.190,19.130,19.140,17328400
2025-07-14 11:30:00,19.140,19.170,19.080,19.080,16137650
2025-07-14 13:30:00,19.090,19.210,19.080,19.090,20838811
2025-07-14 14:00:00,19.100,19.150,19.090,19.120,15603750
2025-07-14 14:30:00,19.110,19.150,19.090,19.120,13955700
2025-07-14 15:00:00,19.120,19.130,19.060,19.080,27026543
2025-07-15 10:00:00,19.060,19.150,19.020,19.090,35074050
2025-07-15 10:30:00,19.080,19.100,18.920,18.940,25437627
2025-07-15 11:00:00,18.940,18.980,18.890,18.940,16363750
2025-07-15 11:30:00,18.940,18.940,18.820,18.880,17485900
2025-07-15 13:30:00,18.890,18.990,18.880,18.970,11691751
2025-07-15 14:00:00,18.970,19.090,18.960,19.050,12618100
2025-07-15 14:30:00,19.040,19.140,19.040,19.120,14698050
2025-07-15 15:00:00,19.120,19.150,19.100,19.120,19779091
2025-07-16 10:00:00,19.140,19.180,18.980,19.100,21437005
2025-07-16 10:30:00,19.110,19.120,19.000,19.010,12496350
2025-07-16 11:00:00,19.020,19.060,18.990,19.030,10148350
2025-07-16 11:30:00,19.040,19.090,19.020,19.060,7392928
2025-07-16 13:30:00,19.070,19.140,19.060,19.120,11993200
2025-07-16 14:00:00,19.110,19.120,19.020,19.090,8529850
2025-07-16 14:30:00,19.090,19.130,19.080,19.120,7790028
2025-07-16 15:00:00,19.120,19.140,19.100,19.140,12900718
2025-07-17 10:00:00,19.130,19.190,19.070,19.150,19959600
2025-07-17 10:30:00,19.150,19.160,19.090,19.130,11194400
2025-07-17 11:00:00,19.120,19.170,19.100,19.110,13049350
2025-07-17 11:30:00,19.110,19.130,19.090,19.120,10457150
2025-07-17 13:30:00,19.120,19.130,19.020,19.040,15214800
2025-07-17 14:00:00,19.040,19.050,18.980,19.000,17798159
2025-07-17 14:30:00,18.990,19.030,18.990,19.010,11342200
2025-07-17 15:00:00,19.010,19.070,19.010,19.070,18440222
2025-07-18 10:00:00,19.190,19.560,19.020,19.560,75667333
2025-07-18 10:30:00,19.560,19.700,19.490,19.680,56535901
2025-07-18 11:00:00,19.670,19.700,19.510,19.620,21091700
2025-07-18 11:30:00,19.620,19.620,19.460,19.480,12982500
2025-07-18 13:30:00,19.480,19.500,19.370,19.390,15739602
2025-07-18 14:00:00,19.390,19.430,19.390,19.390,9700247
2025-07-18 14:30:00,19.390,19.450,19.390,19.450,11760756
2025-07-18 15:00:00,19.440,19.490,19.420,19.470,19477152
2025-07-21 10:00:00,19.560,19.720,19.500,19.670,49676471
2025-07-21 10:30:00,19.670,19.700,19.610,19.630,23192228
2025-07-21 11:00:00,19.620,19.680,19.510,19.560,16627884
2025-07-21 11:30:00,19.560,19.640,19.540,19.600,8246800
2025-07-21 13:30:00,19.610,19.720,19.550,19.720,16936602
2025-07-21 14:00:00,19.710,19.830,19.700,19.730,23621681
2025-07-21 14:30:00,19.740,19.800,19.720,19.790,13949237
2025-07-21 15:00:00,19.780,19.800,19.770,19.790,20772085
2025-07-22 10:00:00,19.920,20.100,19.810,19.850,51524500
2025-07-22 10:30:00,19.850,19.970,19.820,19.940,20590602
2025-07-22 11:00:00,19.930,20.100,19.910,20.100,25228619
2025-07-22 11:30:00,20.100,20.190,20.070,20.100,23101617
2025-07-22 13:30:00,20.110,20.380,20.100,20.260,30679684
2025-07-22 14:00:00,20.260,20.280,20.150,20.180,16444489
2025-07-22 14:30:00,20.180,20.250,20.110,20.230,14957470
2025-07-22 15:00:00,20.240,20.280,20.220,20.250,20052000
2025-07-23 10:00:00,20.430,20.480,20.210,20.260,50874904
2025-07-23 10:30:00,20.260,20.350,20.110,20.180,31411346
2025-07-23 11:00:00,20.180,20.250,20.160,20.230,15126400
2025-07-23 11:30:00,20.230,20.330,20.190,20.320,11640850
2025-07-23 13:30:00,20.320,20.380,20.260,20.370,18832290
2025-07-23 14:00:00,20.380,20.390,20.220,20.270,17679600
2025-07-23 14:30:00,20.270,20.310,20.120,20.220,17349923
2025-07-23 15:00:00,20.220,20.250,20.140,20.210,18307161
2025-07-24 10:00:00,20.000,20.030,19.830,19.910,51250884
2025-07-24 10:30:00,19.910,20.150,19.860,20.150,20292585
2025-07-24 11:00:00,20.150,20.270,20.050,20.080,18971560
2025-07-24 11:30:00,20.080,20.180,20.000,20.170,12878201
2025-07-24 13:30:00,20.160,20.190,20.040,20.100,13164464
2025-07-24 14:00:00,20.100,20.180,20.030,20.050,13409900
2025-07-24 14:30:00,20.060,20.150,20.050,20.130,12088900
2025-07-24 15:00:00,20.130,20.160,20.090,20.120,18970377
2025-07-25 10:00:00,19.960,20.070,19.850,20.000,34259534
2025-07-25 10:30:00,20.000,20.030,19.900,19.910,13529101
2025-07-25 11:00:00,19.910,19.990,19.870,19.890,11554850
2025-07-25 11:30:00,19.880,19.940,19.870,19.900,7792700
2025-07-25 13:30:00,19.910,19.940,19.850,19.930,12721000
2025-07-25 14:00:00,19.920,19.960,19.890,19.930,12085800
2025-07-25 14:30:00,19.920,19.960,19.810,19.840,17809750
2025-07-25 15:00:00,19.840,19.880,19.820,19.850,15543723
2025-07-28 10:00:00,19.710,19.750,19.430,19.630,43829930
2025-07-28 10:30:00,19.630,19.770,19.600,19.730,18272199
2025-07-28 11:00:00,19.740,19.780,19.670,19.700,12699000
2025-07-28 11:30:00,19.700,19.730,19.580,19.610,12972015
2025-07-28 13:30:00,19.610,19.750,19.590,19.710,15187053
2025-07-28 14:00:00,19.710,19.740,19.670,19.730,10620142
2025-07-28 14:30:00,19.720,19.750,19.710,19.730,12050500
2025-07-28 15:00:00,19.730,19.800,19.720,19.800,18074290
2025-07-29 10:00:00,19.600,19.740,19.560,19.630,28350566
2025-07-29 10:30:00,19.620,19.690,19.580,19.620,13806755
2025-07-29 11:00:00,19.620,19.630,19.530,19.560,13812528
2025-07-29 11:30:00,19.560,19.620,19.520,19.580,12885296
2025-07-29 13:30:00,19.580,19.620,19.550,19.560,8858750
2025-07-29 14:00:00,19.560,19.590,19.510,19.560,13974014
2025-07-29 14:30:00,19.570,19.580,19.510,19.570,16351248
2025-07-29 15:00:00,19.560,19.600,19.520,19.590,21647852
2025-07-30 10:00:00,19.600,19.810,19.590,19.780,40255197
2025-07-30 10:30:00,19.770,19.980,19.770,19.920,34695261
2025-07-30 11:00:00,19.920,19.980,19.890,19.930,14833600
2025-07-30 11:30:00,19.930,19.970,19.900,19.910,10996271
2025-07-30 13:30:00,19.900,19.970,19.890,19.940,10856000
2025-07-30 14:00:00,19.950,19.980,19.810,19.850,14451885
2025-07-30 14:30:00,19.840,19.850,19.770,19.830,13242664
2025-07-30 15:00:00,19.830,19.840,19.760,19.820,15030970
2025-07-31 10:00:00,19.510,19.520,19.150,19.200,72162875
2025-07-31 10:30:00,19.200,19.260,19.130,19.150,31574650
2025-07-31 11:00:00,19.140,19.210,19.030,19.210,27683200
2025-07-31 11:30:00,19.200,19.220,19.130,19.160,10010562
2025-07-31 13:30:00,19.170,19.240,19.100,19.120,11701242
2025-07-31 14:00:00,19.110,19.220,19.080,19.200,12600772
2025-07-31 14:30:00,19.200,19.220,19.090,19.090,14971730
2025-07-31 15:00:00,19.090,19.160,19.060,19.150,28059225
2025-08-01 10:00:00,19.100,19.270,19.050,19.220,27701722
2025-08-01 10:30:00,19.220,19.320,19.200,19.280,12480464
2025-08-01 11:00:00,19.270,19.400,19.240,19.350,18782000
2025-08-01 11:30:00,19.350,19.430,19.310,19.320,13167200
2025-08-01 13:30:00,19.310,19.360,19.220,19.230,12063900
2025-08-01 14:00:00,19.230,19.280,19.220,19.230,11449400
2025-08-01 14:30:00,19.220,19.250,19.190,19.220,10722100
2025-08-01 15:00:00,19.220,19.300,19.200,19.260,15632264
2025-08-04 10:00:00,19.570,19.940,19.500,19.820,75024925
2025-08-04 10:30:00,19.820,19.900,19.750,19.840,20115266
2025-08-04 11:00:00,19.840,19.870,19.790,19.800,11578609
2025-08-04 11:30:00,19.800,19.870,19.790,19.810,9336150
2025-08-04 13:30:00,19.820,19.890,19.760,19.840,9125550
2025-08-04 14:00:00,19.840,19.920,19.830,19.910,14779284
2025-08-04 14:30:00,19.910,19.920,19.840,19.860,16042762
2025-08-04 15:00:00,19.870,19.890,19.830,19.880,17823442
2025-08-05 10:00:00,19.990,20.020,19.830,19.880,29638064
2025-08-05 10:30:00,19.870,19.910,19.810,19.830,13127700
2025-08-05 11:00:00,19.820,19.870,19.770,19.860,14204737
2025-08-05 11:30:00,19.860,19.880,19.810,19.830,5920000
2025-08-05 13:30:00,19.830,19.900,19.800,19.880,10438452
2025-08-05 14:00:00,19.880,19.910,19.850,19.870,9632400
2025-08-05 14:30:00,19.870,19.940,19.860,19.930,12595250
2025-08-05 15:00:00,19.920,19.930,19.830,19.870,18282086
2025-08-06 10:00:00,19.810,20.120,19.780,20.030,36382136
2025-08-06 10:30:00,20.030,20.220,19.990,20.120,27800131
2025-08-06 11:00:00,20.130,20.200,20.110,20.190,13610300
2025-08-06 11:30:00,20.200,20.250,20.180,20.190,20269700
2025-08-06 13:30:00,20.180,20.200,20.060,20.060,9241850
2025-08-06 14:00:00,20.050,20.150,20.030,20.120,8248806
2025-08-06 14:30:00,20.120,20.190,20.100,20.150,12393929
2025-08-06 15:00:00,20.140,20.190,20.130,20.160,14856318
2025-08-07 10:00:00,20.160,20.360,20.120,20.170,30209336
2025-08-07 10:30:00,20.160,20.190,19.980,19.980,20583403
2025-08-07 11:00:00,19.980,20.040,19.960,20.000,11435601
2025-08-07 11:30:00,19.990,20.040,19.970,20.010,8138300
2025-08-07 13:30:00,20.010,20.160,19.990,20.160,12729000
2025-08-07 14:00:00,20.160,20.220,20.120,20.200,13195162
2025-08-07 14:30:00,20.210,20.240,20.160,20.220,15009350
2025-08-07 15:00:00,20.230,20.300,20.210,20.300,20418073
2025-08-08 10:00:00,20.360,20.530,20.300,20.410,35787917
2025-08-08 10:30:00,20.410,20.520,20.380,20.510,15003924
2025-08-08 11:00:00,20.510,20.700,20.490,20.630,26496568
2025-08-08 11:30:00,20.630,20.660,20.470,20.500,9459300
2025-08-08 13:30:00,20.500,20.620,20.470,20.470,11486500
2025-08-08 14:00:00,20.480,20.520,20.460,20.490,7027428
2025-08-08 14:30:00,20.490,20.600,20.480,20.520,9125250
2025-08-08 15:00:00,20.530,20.580,20.500,20.540,13264149
2025-08-11 10:00:00,20.510,20.510,20.200,20.360,40625750
2025-08-11 10:30:00,20.360,20.470,20.190,20.270,24335097
2025-08-11 11:00:00,20.270,20.360,20.220,20.350,11751756
2025-08-11 11:30:00,20.350,20.430,20.340,20.420,8529737
2025-08-11 13:30:00,20.410,20.420,20.290,20.320,9421238
2025-08-11 14:00:00,20.310,20.350,20.270,20.290,10829796
2025-08-11 14:30:00,20.280,20.320,20.210,20.230,17530302
2025-08-11 15:00:00,20.240,20.270,20.200,20.250,17968368
2025-08-12 10:00:00,20.220,20.420,20.140,20.410,32771381
2025-08-12 10:30:00,20.410,20.560,20.410,20.490,24644563
2025-08-12 11:00:00,20.500,20.530,20.360,20.380,9570052
2025-08-12 11:30:00,20.370,20.510,20.370,20.490,7135997
2025-08-12 13:30:00,20.490,20.530,20.390,20.390,9116300
2025-08-12 14:00:00,20.400,20.420,20.370,20.400,8574700
2025-08-12 14:30:00,20.400,20.440,20.310,20.350,9498800
2025-08-12 15:00:00,20.340,20.350,20.280,20.300,16041627
2025-08-13 10:00:00,20.450,21.100,20.400,21.010,58779971
2025-08-13 10:30:00,21.020,21.170,20.910,21.000,26326693
2025-08-13 11:00:00,21.010,21.010,20.920,20.940,9366600
2025-08-13 11:30:00,20.940,21.080,20.860,21.050,12051763
2025-08-13 13:30:00,21.060,21.100,21.000,21.060,14741943
2025-08-13 14:00:00,21.060,21.100,20.940,20.970,16729108
2025-08-13 14:30:00,20.980,21.010,20.840,20.880,22190491
2025-08-13 15:00:00,20.870,21.080,20.870,21.020,25647527
2025-08-14 10:00:00,21.030,21.240,20.970,21.150,27592711
2025-08-14 10:30:00,21.150,21.350,21.090,21.330,22714342
2025-08-14 11:00:00,21.330,21.530,21.310,21.410,28150680
2025-08-14 11:30:00,21.410,21.440,21.280,21.290,12234335
2025-08-14 13:30:00,21.290,21.360,21.100,21.120,18556304
2025-08-14 14:00:00,21.130,21.200,21.110,21.160,8886750
2025-08-14 14:30:00,21.160,21.230,21.130,21.230,8416495
2025-08-14 15:00:00,21.230,21.250,21.130,21.170,12263600
2025-08-15 10:00:00,20.940,21.160,20.870,21.140,31407846
2025-08-15 10:30:00,21.140,21.460,21.100,21.120,30938800
2025-08-15 11:00:00,21.120,21.300,21.110,21.270,12800234
2025-08-15 11:30:00,21.270,21.330,21.190,21.320,9990900
2025-08-15 13:30:00,21.310,21.500,21.260,21.470,21881295
2025-08-15 14:00:00,21.460,21.560,21.370,21.450,20121129
2025-08-15 14:30:00,21.460,21.500,21.340,21.340,14785747
2025-08-15 15:00:00,21.340,21.460,21.290,21.290,29054531
2025-08-18 10:00:00,21.300,21.370,21.040,21.170,48636504
2025-08-18 10:30:00,21.170,21.260,21.110,21.190,20661105
2025-08-18 11:00:00,21.190,21.220,21.050,21.060,28844910
2025-08-18 11:30:00,21.050,21.180,21.050,21.120,29655417
2025-08-18 13:30:00,21.120,21.210,21.010,21.020,24819770
2025-08-18 14:00:00,21.020,21.060,20.900,20.920,28823823
2025-08-18 14:30:00,20.910,20.960,20.830,20.910,29394822
2025-08-18 15:00:00,20.900,20.930,20.800,20.800,50258927
2025-08-19 10:00:00,20.810,21.140,20.810,20.840,38534848
2025-08-19 10:30:00,20.830,20.850,20.710,20.790,19027680
2025-08-19 11:00:00,20.790,20.860,20.730,20.760,12315487
2025-08-19 11:30:00,20.760,20.790,20.610,20.660,20805013
2025-08-19 13:30:00,20.650,20.690,20.520,20.530,32956470
2025-08-19 14:00:00,20.530,20.540,20.400,20.480,26130432
2025-08-19 14:30:00,20.470,20.620,20.280,20.390,32901735
2025-08-19 15:00:00,20.390,20.480,20.300,20.330,52578456
2025-08-20 10:00:00,20.330,20.570,20.190,20.550,56823827
2025-08-20 10:30:00,20.550,20.550,20.360,20.450,20882042
2025-08-20 11:00:00,20.440,20.510,20.360,20.370,14260500
2025-08-20 11:30:00,20.370,20.390,20.250,20.310,16359637
2025-08-20 13:30:00,20.300,20.440,20.250,20.410,13801100
2025-08-20 14:00:00,20.400,20.440,20.380,20.420,15206586
2025-08-20 14:30:00,20.420,20.520,20.410,20.480,14704858
2025-08-20 15:00:00,20.480,20.570,20.470,20.560,16260028
2025-08-21 10:00:00,20.710,20.800,20.550,20.590,35805934
2025-08-21 10:30:00,20.600,20.680,20.510,20.660,21049900
2025-08-21 11:00:00,20.660,20.750,20.630,20.740,16707364
2025-08-21 11:30:00,20.740,20.780,20.690,20.750,9542100
2025-08-21 13:30:00,20.750,20.760,20.620,20.720,9459100
2025-08-21 14:00:00,20.720,20.750,20.620,20.630,7083985
2025-08-21 14:30:00,20.630,20.680,20.530,20.570,10288175
2025-08-21 15:00:00,20.570,20.640,20.520,20.600,18712037
2025-08-22 10:00:00,20.650,20.760,20.550,20.620,25378524
2025-08-22 10:30:00,20.630,20.730,20.580,20.620,13379685
2025-08-22 11:00:00,20.610,20.630,20.490,20.580,16335400
2025-08-22 11:30:00,20.580,20.720,20.570,20.590,12858100
2025-08-22 13:30:00,20.590,20.600,20.460,20.470,24804886
2025-08-22 14:00:00,20.470,20.620,20.450,20.530,21930882
2025-08-22 14:30:00,20.540,20.610,20.530,20.600,15089205
2025-08-22 15:00:00,20.590,20.660,20.570,20.660,19218849
2025-08-25 10:00:00,21.050,21.820,21.050,21.760,108328287
2025-08-25 10:30:00,21.760,21.960,21.700,21.940,40277513
2025-08-25 11:00:00,21.950,22.030,21.830,22.010,34255738
2025-08-25 11:30:00,22.010,22.100,21.820,21.900,29883698
2025-08-25 13:30:00,21.900,22.000,21.780,22.000,22269512
2025-08-25 14:00:00,21.990,22.100,21.970,22.090,21186832
2025-08-25 14:30:00,22.090,22.200,22.060,22.200,23007796
2025-08-25 15:00:00,22.200,22.250,22.180,22.210,27120579
2025-08-26 10:00:00,22.190,22.240,21.960,22.220,48499199
2025-08-26 10:30:00,22.220,22.290,22.160,22.200,23925858
2025-08-26 11:00:00,22.190,22.520,22.130,22.390,29163350
2025-08-26 11:30:00,22.380,22.500,22.330,22.470,13987527
2025-08-26 13:30:00,22.470,22.550,22.360,22.390,18620964
2025-08-26 14:00:00,22.380,22.400,22.330,22.380,14156700
2025-08-26 14:30:00,22.380,22.450,22.380,22.410,12073800
2025-08-26 15:00:00,22.410,22.420,22.290,22.390,24455709
2025-08-27 10:00:00,22.490,22.700,22.320,22.580,53252748
2025-08-27 10:30:00,22.600,23.120,22.560,23.110,40732525
2025-08-27 11:00:00,23.110,23.290,22.930,23.290,30252827
2025-08-27 11:30:00,23.280,23.300,22.920,23.060,22480901
2025-08-27 13:30:00,23.060,23.100,22.820,22.830,18748552
2025-08-27 14:00:00,22.830,22.830,22.520,22.560,29578899
2025-08-27 14:30:00,22.550,22.770,22.540,22.590,19235283
2025-08-27 15:00:00,22.590,22.750,22.500,22.530,24609285
2025-08-28 10:00:00,22.540,22.890,22.490,22.500,43401906
2025-08-28 10:30:00,22.500,22.670,22.410,22.630,21746001
2025-08-28 11:00:00,22.620,22.650,22.470,22.550,17928000
2025-08-28 11:30:00,22.550,22.630,22.420,22.550,14627558
2025-08-28 13:30:00,22.540,22.570,22.300,22.320,14823727
2025-08-28 14:00:00,22.330,22.430,22.210,22.370,19198036
2025-08-28 14:30:00,22.380,22.630,22.370,22.520,15681500
2025-08-28 15:00:00,22.520,22.630,22.470,22.520,25963739
2025-08-29 10:00:00,22.820,23.180,22.700,23.020,54190645
2025-08-29 10:30:00,23.020,23.080,22.890,22.970,23373935
2025-08-29 11:00:00,22.960,23.180,22.820,23.110,25603505
2025-08-29 11:30:00,23.100,23.480,23.050,23.080,36730662
2025-08-29 13:30:00,23.090,23.400,23.080,23.230,29280350
2025-08-29 14:00:00,23.230,23.300,23.100,23.280,13844400
2025-08-29 14:30:00,23.270,23.310,23.080,23.110,19993221
2025-08-29 15:00:00,23.110,23.180,23.030,23.080,47396101
2025-09-01 10:00:00,23.900,24.080,23.410,23.890,94393281
2025-09-01 10:30:00,23.890,24.160,23.720,24.030,51325000
2025-09-01 11:00:00,24.000,24.380,23.950,24.340,46677777
2025-09-01 11:30:00,24.350,24.420,24.020,24.040,39260678
2025-09-01 13:30:00,24.030,24.370,24.020,24.340,28566318
2025-09-01 14:00:00,24.340,24.650,24.320,24.460,42384211
2025-09-01 14:30:00,24.490,24.650,24.430,24.600,28605264
2025-09-01 15:00:00,24.610,24.630,24.350,24.380,45109236
2025-09-02 10:00:00,24.770,25.080,24.500,24.670,130869750
2025-09-02 10:30:00,24.670,24.730,24.400,24.490,42842828
2025-09-02 11:00:00,24.490,24.500,24.130,24.170,43452016
2025-09-02 11:30:00,24.160,24.390,24.060,24.260,27382840
2025-09-02 13:30:00,24.260,24.310,23.980,24.070,32723311
2025-09-02 14:00:00,24.080,24.470,24.050,24.290,23969797
2025-09-02 14:30:00,24.290,24.390,24.060,24.130,15355286
2025-09-02 15:00:00,24.120,24.430,24.110,24.410,27295530
2025-09-03 10:00:00,25.100,25.510,24.790,24.830,134853151
2025-09-03 10:30:00,24.820,25.010,24.770,24.860,32562133
2025-09-03 11:00:00,24.860,24.950,24.620,24.750,26894372
2025-09-03 11:30:00,24.760,24.780,24.390,24.440,28365400
2025-09-03 13:30:00,24.460,24.700,24.420,24.660,19070347
2025-09-03 14:00:00,24.670,24.680,24.420,24.550,16654200
2025-09-03 14:30:00,24.550,24.720,24.490,24.640,18192504
2025-09-03 15:00:00,24.640,24.940,24.500,24.940,30598709
2025-09-04 10:00:00,24.800,25.180,24.070,24.100,99383916
2025-09-04 10:30:00,24.090,24.330,23.910,24.070,60640421
2025-09-04 11:00:00,24.070,24.110,23.760,23.860,44383966
2025-09-04 11:30:00,23.860,23.970,23.400,23.470,57527508
2025-09-04 13:30:00,23.460,23.980,23.390,23.910,34496918
2025-09-04 14:00:00,23.900,23.920,23.600,23.770,20100500
2025-09-04 14:30:00,23.770,23.810,23.510,23.630,27420973
2025-09-04 15:00:00,23.630,24.100,23.530,23.870,43801083
2025-09-05 10:00:00,23.790,24.610,23.790,24.570,94607691
2025-09-05 10:30:00,24.580,24.730,24.490,24.640,46616472
2025-09-05 11:00:00,24.630,24.810,24.460,24.720,27694197
2025-09-05 11:30:00,24.710,24.930,24.640,24.900,26076836
2025-09-05 13:30:00,24.890,25.410,24.870,25.190,56563479
2025-09-05 14:00:00,25.190,25.250,24.940,25.120,27178723
2025-09-05 14:30:00,25.120,25.290,25.080,25.270,26114450
2025-09-05 15:00:00,25.270,25.320,25.180,25.270,40380345
2025-09-08 10:00:00,25.700,25.800,25.100,25.180,104361559
2025-09-08 10:30:00,25.190,25.240,24.900,25.000,45786487
2025-09-08 11:00:00,24.990,25.020,24.710,24.930,28078399
2025-09-08 11:30:00,24.930,24.940,24.750,24.860,18517815
2025-09-08 13:30:00,24.860,24.900,24.530,24.540,33905355
2025-09-08 14:00:00,24.540,24.630,24.420,24.610,30128750
2025-09-08 14:30:00,24.600,24.650,24.520,24.530,22589416
2025-09-08 15:00:00,24.530,24.680,24.500,24.640,33890152
2025-09-09 10:00:00,24.990,25.450,24.750,25.420,110810299
2025-09-09 10:30:00,25.430,25.850,25.170,25.750,77160971
2025-09-09 11:00:00,25.780,25.790,25.500,25.590,31117714
2025-09-09 11:30:00,25.590,25.650,25.300,25.410,24640140
2025-09-09 13:30:00,25.410,25.520,25.300,25.390,25450000
2025-09-09 14:00:00,25.390,25.400,25.160,25.240,25790601
2025-09-09 14:30:00,25.240,25.320,25.010,25.030,28466202
2025-09-09 15:00:00,25.040,25.190,25.010,25.190,29915627
2025-09-10 10:00:00,24.550,25.220,24.510,24.930,77081875
2025-09-10 10:30:00,24.930,25.140,24.880,24.960,23559080
2025-09-10 11:00:00,24.950,25.010,24.690,24.970,27162454
2025-09-10 11:30:00,24.960,25.050,24.830,25.000,12877815
2025-09-10 13:30:00,25.000,25.120,24.900,25.000,20456550
2025-09-10 14:00:00,25.000,25.210,24.970,25.100,20214744
2025-09-10 14:30:00,25.110,25.260,25.050,25.130,20223600
2025-09-10 15:00:00,25.130,25.210,25.020,25.180,22815132
2025-09-11 10:00:00,25.250,25.700,25.080,25.490,62839537
2025-09-11 10:30:00,25.500,25.700,25.180,25.290,42292200
2025-09-11 11:00:00,25.290,25.380,25.130,25.340,26367891
2025-09-11 11:30:00,25.350,25.450,25.270,25.400,18387180
2025-09-11 13:30:00,25.400,25.740,25.260,25.580,35659547
2025-09-11 14:00:00,25.580,25.600,25.400,25.430,14681248
2025-09-11 14:30:00,25.430,25.570,25.400,25.560,17930670
2025-09-11 15:00:00,25.570,25.710,25.550,25.710,32270198
2025-09-12 10:00:00,26.000,26.180,25.710,25.950,70686857
2025-09-12 10:30:00,25.940,26.200,25.940,26.190,35477043
2025-09-12 11:00:00,26.190,26.350,25.800,25.820,41958282
2025-09-12 11:30:00,25.830,26.000,25.770,25.970,25972237
2025-09-12 13:30:00,25.970,26.190,25.890,25.890,27720947
2025-09-12 14:00:00,25.880,25.910,25.520,25.580,49049476
2025-09-12 14:30:00,25.580,25.690,25.470,25.590,39529602
2025-09-12 15:00:00,25.590,25.660,25.430,25.650,35872414
2025-09-15 10:00:00,25.540,25.900,25.300,25.880,67768059
2025-09-15 10:30:00,25.870,26.050,25.810,25.970,37324350
2025-09-15 11:00:00,25.980,26.100,25.930,25.980,22306971
2025-09-15 11:30:00,25.980,26.000,25.790,25.850,13642502
2025-09-15 13:30:00,25.860,25.910,25.670,25.680,20387950
2025-09-15 14:00:00,25.690,25.780,25.590,25.690,24209876
2025-09-15 14:30:00,25.700,25.700,25.530,25.610,21096351
2025-09-15 15:00:00,25.610,25.650,25.500,25.500,34162128
2025-09-16 10:00:00,26.100,26.150,25.260,25.290,102472830
2025-09-16 10:30:00,25.290,25.400,24.940,25.090,53904572
2025-09-16 11:00:00,25.090,25.100,24.890,24.950,35592781
2025-09-16 11:30:00,24.950,25.120,24.890,25.050,17700525
2025-09-16 13:30:00,25.030,25.340,25.010,25.280,22706050
2025-09-16 14:00:00,25.280,25.300,25.200,25.290,17752498
2025-09-16 14:30:00,25.280,25.380,25.160,25.220,26102914
2025-09-16 15:00:00,25.220,25.330,25.180,25.320,36570769
2025-09-17 10:00:00,25.120,25.290,24.890,24.940,49088409
2025-09-17 10:30:00,24.940,25.100,24.750,24.880,38803750
2025-09-17 11:00:00,24.880,25.000,24.850,24.970,16766700
2025-09-17 11:30:00,24.970,25.050,24.900,25.010,16895150
2025-09-17 13:30:00,25.010,25.170,24.980,25.060,23996492
2025-09-17 14:00:00,25.050,25.090,25.000,25.070,13116360
2025-09-17 14:30:00,25.070,25.090,25.010,25.030,16487948
2025-09-17 15:00:00,25.030,25.150,25.000,25.070,34060161
2025-09-18 10:00:00,24.680,24.880,24.430,24.850,55594232
2025-09-18 10:30:00,24.850,25.000,24.820,24.890,23897401
2025-09-18 11:00:00,24.890,24.900,24.760,24.890,22039565
2025-09-18 11:30:00,24.890,24.930,24.810,24.860,18045723
2025-09-18 13:30:00,24.860,25.040,24.670,24.720,35858595
2025-09-18 14:00:00,24.720,24.770,24.530,24.540,22158951
2025-09-18 14:30:00,24.540,24.570,24.220,24.270,48336381
2025-09-18 15:00:00,24.280,24.460,24.110,24.420,37261307
2025-09-19 10:00:00,24.420,24.700,24.420,24.660,35854353
2025-09-19 10:30:00,24.670,24.830,24.600,24.810,21958228
2025-09-19 11:00:00,24.800,25.150,24.730,24.970,36226721
2025-09-19 11:30:00,24.960,24.970,24.830,24.960,12499663
2025-09-19 13:30:00,24.950,25.150,24.860,24.920,23117502
2025-09-19 14:00:00,24.920,24.960,24.860,24.890,12611138
2025-09-19 14:30:00,24.900,25.080,24.870,25.060,20640300
2025-09-19 15:00:00,25.060,25.090,24.980,25.020,39268368
2025-09-22 10:00:00,25.500,25.560,24.960,25.010,67263681
2025-09-22 10:30:00,25.020,25.080,24.850,25.060,22212250
2025-09-22 11:00:00,25.060,25.150,24.950,25.080,15129915
2025-09-22 11:30:00,25.080,25.120,25.000,25.030,11708325
2025-09-22 13:30:00,25.030,25.180,25.000,25.080,15516950
2025-09-22 14:00:00,25.070,25.250,25.030,25.070,17549900
2025-09-22 14:30:00,25.070,25.130,25.010,25.120,10604690
2025-09-22 15:00:00,25.120,25.390,25.120,25.370,34437540
2025-09-23 10:00:00,25.600,26.380,25.500,25.860,119860612
2025-09-23 10:30:00,25.860,25.870,25.450,25.530,40419969
2025-09-23 11:00:00,25.520,25.750,25.420,25.530,19908701
2025-09-23 11:30:00,25.530,25.540,25.250,25.350,18772464
2025-09-23 13:30:00,25.360,25.650,25.290,25.640,15834756
2025-09-23 14:00:00,25.630,25.720,25.490,25.580,14618956
2025-09-23 14:30:00,25.580,25.690,25.480,25.630,16864450
2025-09-23 15:00:00,25.630,25.850,25.610,25.820,29828294
2025-09-24 10:00:00,25.820,25.920,25.570,25.630,43637322
2025-09-24 10:30:00,25.620,25.740,25.550,25.570,17948250
2025-09-24 11:00:00,25.570,25.690,25.490,25.680,15417416
2025-09-24 11:30:00,25.680,25.700,25.600,25.650,13332314
2025-09-24 13:30:00,25.650,25.900,25.630,25.820,23744884
2025-09-24 14:00:00,25.820,25.890,25.780,25.820,15223350
2025-09-24 14:30:00,25.830,25.910,25.770,25.820,16196038
2025-09-24 15:00:00,25.820,25.930,25.790,25.930,22503263
2025-09-25 10:00:00,26.900,27.480,26.900,26.910,179923001
2025-09-25 10:30:00,26.920,27.000,26.690,26.980,51384432
2025-09-25 11:00:00,26.990,27.590,26.960,27.580,53722676
2025-09-25 11:30:00,27.580,27.640,27.390,27.410,22171409
2025-09-25 13:30:00,27.430,27.450,27.120,27.140,25093578
2025-09-25 14:00:00,27.140,27.350,27.130,27.310,15169818
2025-09-25 14:30:00,27.310,27.390,27.220,27.360,18147975
2025-09-25 15:00:00,27.350,27.400,27.230,27.270,29709835
2025-09-26 10:00:00,27.100,28.360,26.910,27.790,124648764
2025-09-26 10:30:00,27.790,27.820,27.210,27.490,52611664
2025-09-26 11:00:00,27.500,27.560,27.380,27.410,17038303
2025-09-26 11:30:00,27.410,27.510,27.400,27.490,10331250
2025-09-26 13:30:00,27.490,27.630,27.400,27.570,16740496
2025-09-26 14:00:00,27.580,27.640,27.410,27.440,13417573
2025-09-26 14:30:00,27.440,27.500,27.400,27.490,16651050
2025-09-26 15:00:00,27.480,27.500,27.300,27.400,30618094
2025-09-29 10:00:00,27.700,28.260,27.530,27.730,97439516
2025-09-29 10:30:00,27.740,28.500,27.590,28.430,55515892
2025-09-29 11:00:00,28.430,28.640,28.260,28.450,41833747
2025-09-29 11:30:00,28.440,28.590,28.380,28.400,24414810
2025-09-29 13:30:00,28.410,28.790,28.390,28.710,39264499
2025-09-29 14:00:00,28.720,28.790,28.470,28.720,39312950
2025-09-29 14:30:00,28.720,28.800,28.490,28.730,42372603
2025-09-29 15:00:00,28.730,28.860,28.650,28.770,59639941
2025-09-30 10:00:00,29.570,29.880,29.120,29.320,134856073
2025-09-30 10:30:00,29.340,29.660,29.300,29.430,38541031
2025-09-30 11:00:00,29.430,29.480,28.960,28.990,48137276
2025-09-30 11:30:00,28.990,29.050,28.740,28.950,43234906
2025-09-30 13:30:00,28.940,29.220,28.890,29.200,28928942
2025-09-30 14:00:00,29.190,29.310,29.010,29.250,25871764
2025-09-30 14:30:00,29.240,29.550,29.180,29.450,30436560
2025-09-30 15:00:00,29.450,29.500,29.360,29.440,35881746
2025-10-09 10:00:00,31.220,31.650,30.770,31.130,202708526
2025-10-09 10:30:00,31.130,31.590,30.910,31.430,61526237
2025-10-09 11:00:00,31.440,31.500,31.190,31.320,35942780
2025-10-09 11:30:00,31.330,31.990,31.320,31.910,35567800
2025-10-09 13:30:00,31.920,32.210,31.760,31.810,44662501
2025-10-09 14:00:00,31.820,31.950,31.400,31.820,45882977
2025-10-09 14:30:00,31.810,32.000,31.780,31.850,26241511
2025-10-09 15:00:00,31.870,32.380,31.850,32.380,56811052
2025-10-10 10:00:00,31.500,32.000,30.730,31.590,179369144
2025-10-10 10:30:00,31.590,31.790,31.270,31.610,39610074
2025-10-10 11:00:00,31.610,31.740,31.400,31.430,25833552
2025-10-10 11:30:00,31.410,31.420,31.110,31.320,24379773
2025-10-10 13:30:00,31.320,31.360,30.980,30.980,39774037
2025-10-10 14:00:00,30.980,30.990,30.700,30.810,47676088
2025-10-10 14:30:00,30.820,30.820,30.350,30.550,60364905
2025-10-10 15:00:00,30.540,30.900,30.510,30.870,49013052
2025-10-13 10:00:00,30.050,31.650,30.000,30.510,125122304
2025-10-13 10:30:00,30.550,30.550,29.890,30.310,58032114
2025-10-13 11:00:00,30.300,30.510,30.160,30.250,24993789
2025-10-13 11:30:00,30.250,30.300,30.090,30.140,20882251
2025-10-13 13:30:00,30.140,30.640,29.880,30.610,47807405
2025-10-13 14:00:00,30.610,31.300,30.510,30.970,53552944
2025-10-13 14:30:00,30.970,31.010,30.580,30.900,31279651
2025-10-13 15:00:00,30.890,31.300,30.880,31.300,55902561
2025-10-14 10:00:00,32.400,32.650,31.320,31.470,157337266
2025-10-14 10:30:00,31.480,31.500,30.730,30.780,67911184
2025-10-14 11:00:00,30.770,31.050,30.650,30.650,32747435
2025-10-14 11:30:00,30.650,31.100,30.590,31.080,25537773
2025-10-14 13:30:00,31.100,31.200,30.500,30.630,36730546
2025-10-14 14:00:00,30.630,30.730,29.610,29.780,75574840
2025-10-14 14:30:00,29.780,29.810,29.300,29.480,74697347
2025-10-14 15:00:00,29.470,29.770,29.150,29.500,68699659
2025-10-15 10:00:00,29.960,30.150,29.380,30.000,108533649
2025-10-15 10:30:00,30.020,30.190,29.730,29.990,41513227
2025-10-15 11:00:00,29.990,30.070,29.610,29.660,30776065
2025-10-15 11:30:00,29.660,29.870,29.650,29.820,16006167
2025-10-15 13:30:00,29.830,30.390,29.830,30.350,38000042
2025-10-15 14:00:00,30.350,30.810,30.350,30.790,44631287
2025-10-15 14:30:00,30.790,31.200,30.620,30.880,51571458
2025-10-15 15:00:00,30.880,31.010,30.810,30.980,34192547
2025-10-16 10:00:00,30.990,31.370,30.750,30.800,83972587
2025-10-16 10:30:00,30.800,31.030,30.670,30.770,35957400
2025-10-16 11:00:00,30.760,30.940,30.650,30.860,24058083
2025-10-16 11:30:00,30.850,30.920,30.700,30.710,14826600
2025-10-16 13:30:00,30.710,30.810,30.210,30.230,41355703
2025-10-16 14:00:00,30.230,30.340,30.060,30.190,35903792
2025-10-16 14:30:00,30.180,30.580,30.130,30.420,23392554
2025-10-16 15:00:00,30.420,30.520,30.300,30.470,30434247
2025-10-17 10:00:00,31.120,31.300,30.220,30.430,108974460
2025-10-17 10:30:00,30.430,30.630,30.270,30.310,34732728
2025-10-17 11:00:00,30.310,30.830,30.300,30.820,21198900
2025-10-17 11:30:00,30.820,30.830,30.330,30.350,22910300
2025-10-17 13:30:00,30.350,30.870,30.340,30.360,26902346
2025-10-17 14:00:00,30.360,30.450,30.230,30.380,18940337
2025-10-17 14:30:00,30.380,30.510,30.100,30.130,26864728
2025-10-17 15:00:00,30.130,30.350,30.030,30.170,43919935
2025-10-20 10:00:00,29.400,30.130,29.000,29.910,118361305
2025-10-20 10:30:00,29.910,30.150,29.560,29.730,43097321
2025-10-20 11:00:00,29.750,30.290,29.600,30.020,30071565
2025-10-20 11:30:00,30.020,30.090,29.810,30.030,20761842
2025-10-20 13:30:00,30.040,30.120,29.900,30.000,14019633
2025-10-20 14:00:00,30.010,30.030,29.810,29.850,15817881
2025-10-20 14:30:00,29.850,29.900,29.620,29.740,23833306
2025-10-20 15:00:00,29.740,29.800,29.570,29.750,31378153
2025-10-21 10:00:00,30.400,30.780,29.810,30.620,97928550
2025-10-21 10:30:00,30.630,30.660,30.360,30.600,27460432
2025-10-21 11:00:00,30.590,30.690,30.180,30.270,30966054
2025-10-21 11:30:00,30.270,30.440,30.220,30.370,12426001
2025-10-21 13:30:00,30.370,30.400,30.140,30.170,18161311
2025-10-21 14:00:00,30.180,30.290,29.920,30.020,27442846
2025-10-21 14:30:00,30.030,30.140,29.970,30.040,21366685
2025-10-21 15:00:00,30.050,30.100,30.000,30.050,25896709
2025-10-22 10:00:00,28.190,29.130,28.190,29.070,152466778
2025-10-22 10:30:00,29.070,29.400,29.040,29.350,40188581
2025-10-22 11:00:00,29.350,29.350,29.090,29.220,22686874
2025-10-22 11:30:00,29.220,29.270,29.090,29.130,14684113
2025-10-22 13:30:00,29.130,29.580,29.100,29.560,28791922
2025-10-22 14:00:00,29.560,29.600,29.400,29.470,17012448
2025-10-22 14:30:00,29.470,29.520,29.390,29.490,14935160
2025-10-22 15:00:00,29.490,29.550,29.410,29.450,24589606
2025-10-23 10:00:00,29.030,29.530,28.770,28.850,72819015
2025-10-23 10:30:00,28.840,28.880,28.560,28.830,35885298
2025-10-23 11:00:00,28.830,28.980,28.800,28.890,14064074
2025-10-23 11:30:00,28.880,29.270,28.820,29.110,16566705
2025-10-23 13:30:00,29.090,29.240,29.040,29.180,14382460
2025-10-23 14:00:00,29.180,29.290,29.050,29.250,14602231
2025-10-23 14:30:00,29.250,29.780,29.240,29.650,39471194
2025-10-23 15:00:00,29.650,29.930,29.550,29.700,38737329
2025-10-24 10:00:00,30.050,30.300,29.920,30.000,59032771
2025-10-24 10:30:00,30.000,30.150,29.840,29.850,23214146
2025-10-24 11:00:00,29.840,30.060,29.810,29.970,12520708
2025-10-24 11:30:00,29.970,30.000,29.850,29.940,10708140
2025-10-24 13:30:00,29.940,30.070,29.880,29.890,14643561
2025-10-24 14:00:00,29.880,30.150,29.760,30.100,22640940
2025-10-24 14:30:00,30.110,30.200,29.930,30.010,17994825
2025-10-24 15:00:00,30.010,30.050,29.970,30.030,26214687
2025-10-27 10:00:00,30.120,31.300,30.120,31.120,131484333
2025-10-27 10:30:00,31.110,31.120,30.860,30.950,43507551
2025-10-27 11:00:00,30.960,31.120,30.810,31.000,21891546
2025-10-27 11:30:00,30.990,31.130,30.920,31.050,15804638
2025-10-27 13:30:00,31.040,31.100,30.850,30.970,20716168
2025-10-27 14:00:00,30.970,31.050,30.860,30.880,17099992
2025-10-27 14:30:00,30.880,31.040,30.860,30.980,15803255
2025-10-27 15:00:00,30.980,31.010,30.940,31.000,23939137
2025-10-28 10:00:00,30.500,30.710,30.080,30.670,70644202
2025-10-28 10:30:00,30.670,30.730,30.560,30.710,22745500
2025-10-28 11:00:00,30.710,30.790,30.280,30.360,24740613
2025-10-28 11:30:00,30.360,30.570,30.350,30.470,18761996
2025-10-28 13:30:00,30.470,30.480,30.120,30.170,27319139
2025-10-28 14:00:00,30.160,30.170,29.810,29.950,45640400
2025-10-28 14:30:00,29.940,29.990,29.810,29.880,24609864
2025-10-28 15:00:00,29.880,29.930,29.810,29.840,29783531
2025-10-29 10:00:00,30.050,30.420,30.010,30.280,46405778
2025-10-29 10:30:00,30.280,30.400,30.200,30.360,18483163
2025-10-29 11:00:00,30.370,30.440,30.280,30.330,15158850
2025-10-29 11:30:00,30.330,30.590,30.330,30.510,20306355
2025-10-29 13:30:00,30.510,30.530,30.320,30.480,16502894
2025-10-29 14:00:00,30.470,30.580,30.450,30.520,16941566
2025-10-29 14:30:00,30.520,30.930,30.500,30.920,35256376
2025-10-29 15:00:00,30.920,31.050,30.900,30.960,42595977
2025-10-30 10:00:00,30.780,31.300,30.620,31.180,77794750
2025-10-30 10:30:00,31.180,31.300,30.800,31.300,31729750
2025-10-30 11:00:00,31.290,31.600,31.230,31.280,41388686
2025-10-30 11:30:00,31.280,31.520,31.230,31.320,17748181
2025-10-30 13:30:00,31.320,31.510,31.000,31.300,34657303
2025-10-30 14:00:00,31.300,31.520,31.210,31.480,19020763
2025-10-30 14:30:00,31.480,31.490,31.100,31.150,21985300
2025-10-30 15:00:00,31.160,31.240,31.060,31.110,32347559
2025-10-31 10:00:00,31.110,31.290,30.660,30.860,50367051
2025-10-31 10:30:00,30.850,31.050,30.780,30.810,17306400
2025-10-31 11:00:00,30.810,30.940,30.550,30.890,26126139
2025-10-31 11:30:00,30.900,30.910,30.690,30.710,10676200
2025-10-31 13:30:00,30.710,30.740,30.550,30.650,17286650
2025-10-31 14:00:00,30.640,30.740,30.500,30.510,14958181
2025-10-31 14:30:00,30.510,30.660,30.450,30.610,14386340
2025-10-31 15:00:00,30.610,30.630,30.500,30.500,23816149
2025-11-03 10:00:00,30.110,30.330,29.410,29.440,71558598
2025-11-03 10:30:00,29.430,29.460,28.870,29.090,64488509
2025-11-03 11:00:00,29.080,29.430,29.020,29.370,24891852
2025-11-03 11:30:00,29.370,29.610,29.370,29.580,15404332
2025-11-03 13:30:00,29.580,29.850,29.540,29.810,16134373
2025-11-03 14:00:00,29.790,30.010,29.750,29.930,14528182
2025-11-03 14:30:00,29.920,29.980,29.810,29.840,10880564
2025-11-03 15:00:00,29.850,30.040,29.800,30.000,18304860
2025-11-04 10:00:00,29.500,29.780,29.410,29.490,46855638
2025-11-04 10:30:00,29.480,29.600,29.160,29.270,34780259
2025-11-04 11:00:00,29.280,29.320,28.920,29.100,35880659
2025-11-04 11:30:00,29.100,29.300,29.060,29.150,13240565
2025-11-04 13:30:00,29.160,29.160,28.880,28.910,30593800
2025-11-04 14:00:00,28.920,28.940,28.700,28.780,34756402
2025-11-04 14:30:00,28.790,28.820,28.600,28.620,34540368
2025-11-04 15:00:00,28.610,28.860,28.600,28.780,37384056
2025-11-05 10:00:00,27.920,28.620,27.820,28.410,75635308
2025-11-05 10:30:00,28.410,28.620,28.320,28.390,20921202
2025-11-05 11:00:00,28.390,28.640,28.360,28.600,14446635
2025-11-05 11:30:00,28.610,28.950,28.600,28.880,21706078
2025-11-05 13:30:00,28.890,29.120,28.820,29.000,21846175
2025-11-05 14:00:00,29.000,29.250,28.990,29.060,22001700
2025-11-05 14:30:00,29.060,29.200,29.030,29.190,15125901
2025-11-05 15:00:00,29.190,29.250,28.990,29.010,23778357
2025-11-06 10:00:00,29.010,29.500,28.920,29.350,47711024
2025-11-06 10:30:00,29.350,29.600,29.220,29.550,23524692
2025-11-06 11:00:00,29.550,29.680,29.510,29.590,19455877
2025-11-06 11:30:00,29.590,29.680,29.480,29.640,13254508
2025-11-06 13:30:00,29.630,29.700,29.510,29.630,18894376
2025-11-06 14:00:00,29.620,29.680,29.510,29.650,16051600
2025-11-06 14:30:00,29.650,29.790,29.640,29.790,19219527
2025-11-06 15:00:00,29.790,29.800,29.630,29.700,20858239
2025-11-07 10:00:00,29.690,30.050,29.620,30.040,41743789
2025-11-07 10:30:00,30.040,30.170,29.850,30.020,22288791
2025-11-07 11:00:00,30.010,30.150,29.960,30.030,11978606
2025-11-07 11:30:00,30.030,30.060,29.870,29.970,9246898
2025-11-07 13:30:00,29.970,30.250,29.930,30.130,24296839
2025-11-07 14:00:00,30.140,30.220,30.020,30.110,10078223
2025-11-07 14:30:00,30.110,30.200,30.020,30.200,10375858
2025-11-07 15:00:00,30.190,30.220,30.130,30.170,19747650
2025-11-10 10:00:00,30.800,30.950,30.440,30.460,47546734
2025-11-10 10:30:00,30.460,30.510,30.170,30.190,26869083
2025-11-10 11:00:00,30.180,30.290,30.020,30.200,18479001
2025-11-10 11:30:00,30.200,30.290,30.090,30.190,11732870
2025-11-10 13:30:00,30.200,30.390,30.000,30.190,18445100
2025-11-10 14:00:00,30.190,30.280,29.880,29.970,22017484
2025-11-10 14:30:00,29.970,30.100,29.950,30.060,18400209
2025-11-10 15:00:00,30.060,30.180,30.050,30.170,25020689
2025-11-11 10:00:00,30.570,30.680,29.910,29.970,54866393
2025-11-11 10:30:00,29.960,30.000,29.700,29.700,28007618
2025-11-11 11:00:00,29.700,29.760,29.550,29.590,20157086
2025-11-11 11:30:00,29.590,29.880,29.560,29.730,14061741
2025-11-11 13:30:00,29.740,29.820,29.500,29.510,15956100
2025-11-11 14:00:00,29.510,29.630,29.500,29.550,8903395
2025-11-11 14:30:00,29.550,29.710,29.520,29.610,9002300
2025-11-11 15:00:00,29.610,29.640,29.540,29.620,14234293
2025-11-12 10:00:00,29.620,29.790,29.400,29.640,28100216
2025-11-12 10:30:00,29.640,30.060,29.630,29.880,25893213
2025-11-12 11:00:00,29.880,29.900,29.560,29.590,12705400
2025-11-12 11:30:00,29.590,29.590,29.300,29.310,19194910
2025-11-12 13:30:00,29.310,29.420,29.150,29.350,15925064
2025-11-12 14:00:00,29.350,29.650,29.330,29.430,11087000
2025-11-12 14:30:00,29.420,29.620,29.420,29.550,9048957
2025-11-12 15:00:00,29.550,29.660,29.450,29.490,14474052
2025-11-13 10:00:00,29.800,30.630,29.710,30.630,94415827
2025-11-13 10:30:00,30.620,31.120,30.560,30.630,71824609
2025-11-13 11:00:00,30.630,30.770,30.570,30.700,19582201
2025-11-13 11:30:00,30.710,31.000,30.700,30.950,23637572
2025-11-13 13:30:00,30.950,31.000,30.760,30.800,21295954
2025-11-13 14:00:00,30.800,30.900,30.640,30.680,14824780
2025-11-13 14:30:00,30.680,30.780,30.510,30.710,14358007
2025-11-13 15:00:00,30.720,30.780,30.660,30.720,20994644
2025-11-14 10:00:00,30.100,30.350,29.820,30.120,51695705
2025-11-14 10:30:00,30.110,30.320,30.000,30.310,19419418
2025-11-14 11:00:00,30.310,30.430,30.180,30.300,16200600
2025-11-14 11:30:00,30.290,30.400,30.250,30.390,9447550
2025-11-14 13:30:00,30.390,30.420,30.160,30.170,16209470
2025-11-14 14:00:00,30.170,30.250,30.010,30.190,18429107
2025-11-14 14:30:00,30.190,30.410,30.150,30.170,12218873
2025-11-14 15:00:00,30.170,30.230,30.000,30.020,22546047
2025-11-17 10:00:00,29.730,29.920,29.450,29.470,49216404
2025-11-17 10:30:00,29.480,29.570,29.260,29.340,30480450
2025-11-17 11:00:00,29.330,29.400,29.210,29.220,21091617
2025-11-17 11:30:00,29.210,29.280,29.060,29.070,19972601
2025-11-17 13:30:00,29.080,29.120,28.880,28.960,31592450
2025-11-17 14:00:00,28.950,28.960,28.860,28.900,21653604
2025-11-17 14:30:00,28.890,29.050,28.860,28.960,18108560
2025-11-17 15:00:00,28.960,29.060,28.950,28.980,23878688
2025-11-18 10:00:00,28.700,28.950,28.440,28.650,42415394
2025-11-18 10:30:00,28.640,28.920,28.580,28.860,14643550
2025-11-18 11:00:00,28.860,28.910,28.700,28.710,8347210
2025-11-18 11:30:00,28.710,28.720,28.530,28.630,10811991
2025-11-18 13:30:00,28.620,28.620,28.400,28.400,25193278
2025-11-18 14:00:00,28.410,28.550,28.400,28.410,16680964
2025-11-18 14:30:00,28.400,28.410,28.250,28.250,25941387
2025-11-18 15:00:00,28.260,28.440,28.210,28.390,29305980
2025-11-19 10:00:00,28.740,29.130,28.700,29.100,46172344
2025-11-19 10:30:00,29.090,29.230,29.080,29.180,24827525
2025-11-19 11:00:00,29.180,29.370,29.110,29.130,24410195
2025-11-19 11:30:00,29.120,29.240,29.000,29.020,10568926
2025-11-19 13:30:00,29.030,29.110,28.960,29.060,12452500
2025-11-19 14:00:00,29.060,29.240,29.060,29.210,14003350
2025-11-19 14:30:00,29.220,29.470,29.200,29.470,27678067
2025-11-19 15:00:00,29.470,29.550,29.320,29.340,32071570
2025-11-20 10:00:00,29.400,29.680,29.370,29.450,29336844
2025-11-20 10:30:00,29.450,29.510,29.230,29.230,21641600
2025-11-20 11:00:00,29.240,29.250,29.010,29.020,17813576
2025-11-20 11:30:00,29.010,29.190,29.010,29.090,10815163
2025-11-20 13:30:00,29.100,29.200,29.020,29.090,10696508
2025-11-20 14:00:00,29.090,29.100,29.000,29.020,10583201
2025-11-20 14:30:00,29.010,29.060,28.900,28.940,14807418
2025-11-20 15:00:00,28.950,29.050,28.910,28.970,17447523
2025-11-21 10:00:00,28.470,28.860,28.300,28.590,44761017
2025-11-21 10:30:00,28.590,28.750,28.400,28.450,18113371
2025-11-21 11:00:00,28.460,28.460,28.110,28.260,26241982
2025-11-21 11:30:00,28.250,28.290,28.000,28.160,27141505
2025-11-21 13:30:00,28.160,28.420,28.100,28.410,18624218
2025-11-21 14:00:00,28.420,28.570,28.280,28.340,14848200
2025-11-21 14:30:00,28.340,28.350,28.180,28.250,14196635
2025-11-21 15:00:00,28.240,28.290,28.100,28.140,24802321
2025-11-24 10:00:00,28.440,28.500,27.910,28.020,44123442
2025-11-24 10:30:00,28.020,28.080,27.880,27.950,20423106
2025-11-24 11:00:00,27.950,28.040,27.800,27.800,17494917
2025-11-24 11:30:00,27.800,28.000,27.630,27.700,21826561
2025-11-24 13:30:00,27.700,27.940,27.630,27.890,17121330
2025-11-24 14:00:00,27.890,28.140,27.850,28.070,16579150
2025-11-24 14:30:00,28.080,28.200,27.970,28.100,10120800
2025-11-24 15:00:00,28.110,28.120,27.970,28.000,23144975
2025-11-25 10:00:00,28.470,28.720,28.410,28.490,50231086
2025-11-25 10:30:00,28.490,28.750,28.460,28.720,23281451
2025-11-25 11:00:00,28.720,28.880,28.700,28.780,19407229
2025-11-25 11:30:00,28.770,28.820,28.710,28.780,8440220
2025-11-25 13:30:00,28.780,28.790,28.490,28.500,15026000
2025-11-25 14:00:00,28.490,28.590,28.470,28.510,7813800
2025-11-25 14:30:00,28.510,28.570,28.450,28.490,9737200
2025-11-25 15:00:00,28.490,28.550,28.470,28.510,13510615
2025-11-26 10:00:00,28.660,28.770,28.400,28.530,35599005
2025-11-26 10:30:00,28.520,28.530,28.350,28.420,25663891
2025-11-26 11:00:00,28.400,28.530,28.350,28.450,24104114
2025-11-26 11:30:00,28.440,28.560,28.430,28.520,15131365
2025-11-26 13:30:00,28.530,28.690,28.500,28.610,19093300
2025-11-26 14:00:00,28.610,28.630,28.460,28.480,10625170
2025-11-26 14:30:00,28.470,28.530,28.420,28.480,12861964
2025-11-26 15:00:00,28.480,28.550,28.380,28.430,15933799
2025-11-27 10:00:00,28.800,29.090,28.560,29.090,60693787
2025-11-27 10:30:00,29.090,29.200,28.950,28.990,27555613
2025-11-27 11:00:00,29.000,29.020,28.720,28.730,14308850
2025-11-27 11:30:00,28.740,28.810,28.600,28.660,11541700
2025-11-27 13:30:00,28.660,28.890,28.650,28.810,8748300
2025-11-27 14:00:00,28.810,28.880,28.670,28.740,8087600
2025-11-27 14:30:00,28.740,28.740,28.610,28.670,10617650
2025-11-27 15:00:00,28.670,28.680,28.500,28.600,22076159
2025-11-28 10:00:00,28.790,28.840,28.400,28.670,36657173
2025-11-28 10:30:00,28.670,29.060,28.620,28.920,26464544
2025-11-28 11:00:00,28.910,29.090,28.850,28.970,15831851
2025-11-28 11:30:00,28.960,29.040,28.860,28.880,11988465
2025-11-28 13:30:00,28.880,28.940,28.580,28.620,25408128
2025-11-28 14:00:00,28.620,28.640,28.470,28.580,26397100
2025-11-28 14:30:00,28.570,28.600,28.420,28.590,25868400
2025-11-28 15:00:00,28.590,28.640,28.550,28.580,28927795
2025-12-01 10:00:00,29.500,30.670,29.400,30.570,197063976
2025-12-01 10:30:00,30.570,30.670,29.900,30.090,60630034
2025-12-01 11:00:00,30.090,30.200,29.900,30.030,19348960
2025-12-01 11:30:00,30.040,30.120,29.880,29.890,12693100
2025-12-01 13:30:00,29.890,29.960,29.720,29.790,18383900
2025-12-01 14:00:00,29.790,29.990,29.760,29.990,11997879
2025-12-01 14:30:00,29.990,30.080,29.950,30.000,15979200
2025-12-01 15:00:00,30.000,30.080,29.980,30.060,23955924
2025-12-02 10:00:00,29.900,29.980,29.580,29.880,48761767
2025-12-02 10:30:00,29.890,29.920,29.730,29.770,22536350
2025-12-02 11:00:00,29.760,29.900,29.680,29.830,9700026
2025-12-02 11:30:00,29.830,29.830,29.680,29.690,9739920
2025-12-02 13:30:00,29.700,29.730,29.550,29.570,16421114
2025-12-02 14:00:00,29.570,29.700,29.450,29.660,17392186
2025-12-02 14:30:00,29.650,29.810,29.610,29.690,13637350
2025-12-02 15:00:00,29.690,29.740,29.630,29.740,16683802
2025-12-03 10:00:00,29.850,30.040,29.720,29.810,36008149
2025-12-03 10:30:00,29.820,30.070,29.810,29.920,26617899
2025-12-03 11:00:00,29.920,29.980,29.740,29.900,15021200
2025-12-03 11:30:00,29.880,30.160,29.820,30.150,18072152
2025-12-03 13:30:00,30.140,30.260,30.020,30.170,33407216
2025-12-03 14:00:00,30.180,30.200,29.900,29.950,22994455
2025-12-03 14:30:00,29.960,29.980,29.840,29.970,18292424
2025-12-03 15:00:00,29.970,30.000,29.900,29.970,20715195
2025-12-04 10:00:00,30.840,31.380,30.820,30.870,132279281
2025-12-04 10:30:00,30.870,30.960,30.680,30.740,35863069
2025-12-04 11:00:00,30.740,31.100,30.670,30.880,24995976
2025-12-04 11:30:00,30.880,30.920,30.610,30.880,18293321
2025-12-04 13:30:00,30.870,30.920,30.730,30.920,14179024
2025-12-04 14:00:00,30.910,30.940,30.530,30.570,14735244
2025-12-04 14:30:00,30.570,30.740,30.560,30.670,13578006
2025-12-04 15:00:00,30.670,30.750,30.660,30.690,18935647
2025-12-05 10:00:00,30.590,31.100,30.470,30.950,48213382
2025-12-05 10:30:00,30.940,31.080,30.650,30.680,24106950
2025-12-05 11:00:00,30.670,31.200,30.650,31.160,30369566
2025-12-05 11:30:00,31.170,31.300,30.990,31.170,24904549
2025-12-05 13:30:00,31.160,31.300,31.110,31.270,20871383
2025-12-05 14:00:00,31.280,31.490,31.270,31.390,30662578
2025-12-05 14:30:00,31.390,31.480,31.240,31.250,22432277
2025-12-05 15:00:00,31.250,31.340,31.180,31.320,31910410
2025-12-08 10:00:00,31.400,31.540,30.940,31.090,82275743
2025-12-08 10:30:00,31.090,31.380,31.080,31.270,26006302
2025-12-08 11:00:00,31.260,31.500,31.210,31.480,18004045
2025-12-08 11:30:00,31.470,31.590,31.380,31.550,14950409
2025-12-08 13:30:00,31.560,31.600,31.230,31.330,16288258
2025-12-08 14:00:00,31.340,31.540,31.320,31.420,14316309
2025-12-08 14:30:00,31.420,31.470,31.360,31.440,11588400
2025-12-08 15:00:00,31.430,31.550,31.430,31.500,23372920
2025-12-09 10:00:00,31.180,31.230,30.780,30.790,49678029
2025-12-09 10:30:00,30.790,30.840,30.410,30.430,40167270
2025-12-09 11:00:00,30.440,30.560,30.220,30.290,27355103
2025-12-09 11:30:00,30.290,30.610,30.260,30.600,12228766
2025-12-09 13:30:00,30.600,30.620,30.320,30.340,14998749
2025-12-09 14:00:00,30.340,30.370,30.180,30.220,18881690
2025-12-09 14:30:00,30.210,30.430,30.190,30.370,17506002
2025-12-09 15:00:00,30.370,30.490,30.320,30.400,18277040
2025-12-10 10:00:00,30.600,30.850,30.200,30.450,35941914
2025-12-10 10:30:00,30.450,30.580,30.390,30.440,11333600
2025-12-10 11:00:00,30.440,30.620,30.430,30.570,10291946
2025-12-10 11:30:00,30.570,30.620,30.450,30.520,8774400
2025-12-10 13:30:00,30.510,30.600,30.360,30.400,9956900
2025-12-10 14:00:00,30.400,30.580,30.390,30.520,9008250
2025-12-10 14:30:00,30.520,30.710,30.500,30.690,15136400
2025-12-10 15:00:00,30.690,30.750,30.640,30.750,16577523
2025-12-11 10:00:00,31.200,31.920,31.180,31.870,103888847
2025-12-11 10:30:00,31.870,31.950,31.510,31.510,32852640
2025-12-11 11:00:00,31.510,31.520,31.080,31.140,26537837
2025-12-11 11:30:00,31.150,31.200,30.930,31.000,15278186
2025-12-11 13:30:00,31.000,31.000,30.840,30.860,13143800
2025-12-11 14:00:00,30.870,30.980,30.750,30.930,14150078
2025-12-11 14:30:00,30.930,31.080,30.920,30.960,13576100
2025-12-11 15:00:00,30.960,31.040,30.910,30.960,21345026
2025-12-12 10:00:00,31.670,31.800,31.410,31.650,69086262
2025-12-12 10:30:00,31.640,31.710,31.350,31.470,30901214
2025-12-12 11:00:00,31.470,31.580,31.390,31.520,16269989
2025-12-12 11:30:00,31.520,31.770,31.500,31.530,19946862
2025-12-12 13:30:00,31.530,31.690,31.450,31.670,14478872
2025-12-12 14:00:00,31.670,31.750,31.590,31.680,19839460
2025-12-12 14:30:00,31.680,31.700,31.620,31.690,17478300
2025-12-12 15:00:00,31.690,31.720,31.560,31.700,33173326
2025-12-15 10:00:00,31.260,31.870,31.060,31.850,54884376
2025-12-15 10:30:00,31.860,31.880,31.580,31.690,18449208
2025-12-15 11:00:00,31.690,31.850,31.610,31.620,12990600
2025-12-15 11:30:00,31.620,31.650,31.250,31.300,17553187
2025-12-15 13:30:00,31.290,31.420,31.240,31.240,13860477
2025-12-15 14:00:00,31.250,31.540,31.240,31.530,13074500
2025-12-15 14:30:00,31.540,31.540,31.340,31.380,16725232
2025-12-15 15:00:00,31.390,31.410,31.270,31.410,21597599
2025-12-16 10:00:00,31.020,31.220,30.690,30.900,40988886
2025-12-16 10:30:00,30.920,30.940,30.450,30.650,27808670
2025-12-16 11:00:00,30.640,30.670,30.230,30.310,23105641
2025-12-16 11:30:00,30.310,30.400,30.170,30.260,13898500
2025-12-16 13:30:00,30.260,30.410,30.170,30.210,12993050
2025-12-16 14:00:00,30.210,30.370,30.120,30.240,15338400
2025-12-16 14:30:00,30.240,30.420,30.190,30.330,11494245
2025-12-16 15:00:00,30.330,30.390,30.250,30.320,12762941
2025-12-17 10:00:00,30.550,30.800,30.520,30.600,37221455
2025-12-17 10:30:00,30.610,30.680,30.400,30.680,14337036
2025-12-17 11:00:00,30.680,30.740,30.430,30.540,13598239
2025-12-17 11:30:00,30.540,30.650,30.460,30.490,11169100
2025-12-17 13:30:00,30.500,30.900,30.470,30.720,27402157
2025-12-17 14:00:00,30.720,31.100,30.710,31.090,28125992
2025-12-17 14:30:00,31.090,31.190,30.910,30.930,23708048
2025-12-17 15:00:00,30.920,30.960,30.800,30.870,21409028
2025-12-18 10:00:00,30.830,31.290,30.650,31.270,37218909
2025-12-18 10:30:00,31.270,31.350,31.010,31.100,17198050
2025-12-18 11:00:00,31.100,31.220,31.020,31.060,8096900
2025-12-18 11:30:00,31.060,31.230,31.000,31.180,11449335
2025-12-18 13:30:00,31.170,31.300,31.060,31.090,17268352
2025-12-18 14:00:00,31.090,31.130,30.940,30.950,14381000
2025-12-18 14:30:00,30.940,31.000,30.820,30.890,14491750
2025-12-18 15:00:00,30.890,30.990,30.810,30.970,17905001
2025-12-19 10:00:00,30.840,30.900,30.410,30.710,35577300
2025-12-19 10:30:00,30.720,31.280,30.630,31.250,23259026
2025-12-19 11:00:00,31.250,31.380,31.060,31.100,15005450
2025-12-19 11:30:00,31.100,31.270,31.020,31.130,7856399
2025-12-19 13:30:00,31.140,31.280,31.070,31.130,16038751
2025-12-19 14:00:00,31.130,31.370,31.110,31.270,21301878
2025-12-19 14:30:00,31.270,31.340,31.210,31.260,18560571
2025-12-19 15:00:00,31.260,31.340,31.110,31.120,28073549
2025-12-22 10:00:00,31.690,32.780,31.640,32.580,98299442
2025-12-22 10:30:00,32.580,32.750,32.420,32.520,27864736
2025-12-22 11:00:00,32.520,32.560,32.240,32.350,20991848
2025-12-22 11:30:00,32.360,32.540,32.310,32.440,11433296
2025-12-22 13:30:00,32.440,32.590,32.350,32.530,16580965
2025-12-22 14:00:00,32.540,32.750,32.300,32.360,28306118
2025-12-22 14:30:00,32.350,32.470,32.330,32.380,13797518
2025-12-22 15:00:00,32.390,32.540,32.370,32.530,27239267
2025-12-23 10:00:00,33.060,33.090,32.470,32.590,68336401
2025-12-23 10:30:00,32.580,32.800,32.360,32.780,33385912
2025-12-23 11:00:00,32.780,33.090,32.770,32.990,30867740
2025-12-23 11:30:00,33.000,33.100,32.620,32.730,22533434
2025-12-23 13:30:00,32.720,32.760,32.120,32.310,40904285
2025-12-23 14:00:00,32.320,32.350,31.900,31.960,32543100
2025-12-23 14:30:00,31.960,32.110,31.930,31.990,18940601
2025-12-23 15:00:00,32.000,32.120,31.940,32.090,22777971
2025-12-24 10:00:00,32.540,32.650,32.090,32.420,60678147
2025-12-24 10:30:00,32.390,32.430,32.060,32.150,25626641
2025-12-24 11:00:00,32.130,32.370,32.010,32.040,20902208
2025-12-24 11:30:00,32.040,32.180,31.990,32.140,17914441
2025-12-24 13:30:00,32.150,32.300,32.150,32.200,14124117
2025-12-24 14:00:00,32.210,32.300,32.090,32.100,15495025
2025-12-24 14:30:00,32.110,32.270,32.100,32.260,13523456
2025-12-24 15:00:00,32.250,32.390,32.240,32.310,24446701
2025-12-25 10:00:00,31.990,32.140,31.830,31.960,34624886
2025-12-25 10:30:00,31.970,31.990,31.860,31.890,14891807
2025-12-25 11:00:00,31.880,31.980,31.880,31.940,10176077
2025-12-25 11:30:00,31.950,32.110,31.940,31.980,11757024
2025-12-25 13:30:00,31.990,32.050,31.900,32.020,11777466
2025-12-25 14:00:00,32.020,32.030,31.900,31.940,14147347
2025-12-25 14:30:00,31.940,32.100,31.930,32.000,12127170
2025-12-25 15:00:00,32.010,32.050,31.960,32.030,17954942
2025-12-26 10:00:00,32.600,32.950,32.550,32.850,63375957
2025-12-26 10:30:00,32.850,33.430,32.730,33.400,58336416
2025-12-26 11:00:00,33.400,33.530,33.270,33.510,31203903
2025-12-26 11:30:00,33.510,33.770,33.230,33.350,36353723
2025-12-26 13:30:00,33.380,33.750,33.350,33.520,25636495
2025-12-26 14:00:00,33.530,33.710,33.480,33.600,21428763
2025-12-26 14:30:00,33.620,33.690,33.430,33.480,21916350
2025-12-26 15:00:00,33.480,33.560,33.450,33.530,27947305
2025-12-29 10:00:00,34.160,34.300,33.030,33.510,127510896
2025-12-29 10:30:00,33.510,33.830,33.490,33.760,36612400
2025-12-29 11:00:00,33.750,33.780,33.560,33.590,23911743
2025-12-29 11:30:00,33.590,33.770,33.590,33.690,16068220
2025-12-29 13:30:00,33.700,33.730,33.220,33.370,31263897
2025-12-29 14:00:00,33.380,33.410,33.110,33.110,24166901
2025-12-29 14:30:00,33.110,33.110,32.730,32.820,46818067
2025-12-29 15:00:00,32.820,32.840,32.580,32.650,51201863
2025-12-30 10:00:00,31.550,32.770,31.530,32.680,86891702
2025-12-30 10:30:00,32.670,32.830,32.550,32.690,23266808
2025-12-30 11:00:00,32.690,33.120,32.680,33.070,24186940
2025-12-30 11:30:00,33.070,33.200,32.890,33.170,18111350
2025-12-30 13:30:00,33.180,33.390,32.970,33.340,26093404
2025-12-30 14:00:00,33.340,33.470,33.170,33.300,18300718
2025-12-30 14:30:00,33.300,33.390,33.220,33.360,16227950
2025-12-30 15:00:00,33.360,33.480,33.280,33.420,30723505
2025-12-31 10:00:00,33.480,35.260,33.390,34.930,135178695
2025-12-31 10:30:00,34.930,35.360,34.920,35.000,47160032
2025-12-31 11:00:00,35.000,35.090,34.440,34.440,33379875
2025-12-31 11:30:00,34.450,34.650,34.260,34.340,20999544
2025-12-31 13:30:00,34.330,34.910,34.150,34.900,24017792
2025-12-31 14:00:00,34.900,34.970,34.280,34.340,26254881
2025-12-31 14:30:00,34.340,34.540,34.230,34.390,25544491
2025-12-31 15:00:00,34.390,34.490,34.260,34.470,28652908
2026-01-05 10:00:00,35.300,35.350,34.270,34.630,107178999
2026-01-05 10:30:00,34.630,35.110,34.480,34.960,42163333
2026-01-05 11:00:00,34.960,35.100,34.860,35.040,24095400
2026-01-05 11:30:00,35.030,35.300,35.000,35.130,21070305
2026-01-05 13:30:00,35.130,35.270,34.940,35.230,23601088
2026-01-05 14:00:00,35.240,35.500,35.230,35.500,28838935
2026-01-05 14:30:00,35.500,35.640,35.350,35.560,28918973
2026-01-05 15:00:00,35.550,35.590,35.320,35.400,34526514
2026-01-06 10:00:00,36.000,36.980,35.950,36.780,107835731
2026-01-06 10:30:00,36.800,37.650,36.620,37.630,58032509
2026-01-06 11:00:00,37.610,37.700,37.100,37.370,36022826
2026-01-06 11:30:00,37.360,37.480,37.160,37.400,20210345
2026-01-06 13:30:00,37.400,37.450,36.920,36.980,28458400
2026-01-06 14:00:00,36.980,37.190,36.630,36.680,39087374
2026-01-06 14:30:00,36.680,37.240,36.640,37.230,25156316
2026-01-06 15:00:00,37.230,37.600,37.130,37.600,41923739
2026-01-07 10:00:00,37.600,37.700,36.740,36.910,116419929
2026-01-07 10:30:00,36.910,37.500,36.790,37.290,49538150
2026-01-07 11:00:00,37.280,37.300,37.100,37.150,24187100
2026-01-07 11:30:00,37.180,37.280,37.080,37.140,15173906
2026-01-07 13:30:00,37.140,37.170,36.750,36.780,39680554
2026-01-07 14:00:00,36.780,36.840,36.380,36.660,51774736
2026-01-07 14:30:00,36.670,36.740,36.500,36.600,24786871
2026-01-07 15:00:00,36.600,36.830,36.460,36.720,35742331
2026-01-08 10:00:00,36.200,37.010,36.130,36.500,72837016
2026-01-08 10:30:00,36.500,36.710,36.210,36.240,29981300
2026-01-08 11:00:00,36.230,36.710,36.180,36.690,21126909
2026-01-08 11:30:00,36.690,36.700,36.440,36.520,9951951
2026-01-08 13:30:00,36.530,36.550,36.320,36.330,14385178
2026-01-08 14:00:00,36.330,36.330,36.110,36.230,28666061
2026-01-08 14:30:00,36.230,36.230,35.790,36.110,42523195
2026-01-08 15:00:00,36.110,36.320,36.070,36.300,22086888
2026-01-09 10:00:00,36.000,37.380,35.980,37.280,94486588
2026-01-09 10:30:00,37.280,37.660,37.110,37.570,45741234
2026-01-09 11:00:00,37.560,37.670,37.110,37.310,30281493
2026-01-09 11:30:00,37.310,37.450,36.960,37.210,24996351
2026-01-09 13:30:00,37.200,37.420,37.110,37.250,20436500
2026-01-09 14:00:00,37.260,37.290,37.010,37.100,16512650
2026-01-09 14:30:00,37.100,37.140,36.940,37.070,18054630
2026-01-09 15:00:00,37.070,37.220,37.020,37.220,30069595
2026-01-12 10:00:00,38.220,38.380,37.070,37.360,94162025
2026-01-12 10:30:00,37.340,37.510,37.070,37.130,42731919
2026-01-12 11:00:00,37.120,37.320,37.070,37.130,22481167
2026-01-12 11:30:00,37.130,37.370,37.030,37.340,20421969
2026-01-12 13:30:00,37.330,37.410,37.080,37.110,31023250
2026-01-12 14:00:00,37.110,37.300,37.060,37.270,23737842
2026-01-12 14:30:00,37.270,37.290,37.150,37.250,24973705
2026-01-12 15:00:00,37.250,37.270,37.150,37.260,36964494
2026-01-13 10:00:00,37.400,38.900,37.300,37.970,132179940
2026-01-13 10:30:00,37.970,38.420,37.900,38.180,31860370
2026-01-13 11:00:00,38.180,38.650,38.010,38.410,27454370
2026-01-13 11:30:00,38.400,38.860,38.390,38.630,29812818
2026-01-13 13:30:00,38.620,38.650,38.250,38.330,22475031
2026-01-13 14:00:00,38.330,38.410,38.010,38.330,18935943
2026-01-13 14:30:00,38.320,38.360,38.010,38.010,18178299
2026-01-13 15:00:00,38.020,38.240,38.000,38.240,29881400
2026-01-14 10:00:00,38.610,39.850,38.410,39.750,112038263
2026-01-14 10:30:00,39.750,39.810,38.900,38.990,55791798
2026-01-14 11:00:00,38.990,39.030,38.520,38.850,41534430
2026-01-14 11:30:00,38.850,39.300,38.810,39.030,16993057
2026-01-14 13:30:00,39.020,39.160,38.550,38.610,52030846
2026-01-14 14:00:00,38.610,38.960,38.400,38.400,41890016
2026-01-14 14:30:00,38.400,39.230,38.390,38.650,44514366
2026-01-14 15:00:00,38.660,38.670,38.360,38.500,60857437
2026-01-15 10:00:00,38.260,39.140,37.930,38.860,88147669
2026-01-15 10:30:00,38.870,39.280,38.820,39.100,56163820
2026-01-15 11:00:00,39.100,39.440,38.970,39.020,42137443
2026-01-15 11:30:00,39.020,39.190,38.570,38.700,26822653
2026-01-15 13:30:00,38.700,38.720,37.810,38.080,70885959
2026-01-15 14:00:00,38.080,38.110,37.700,37.990,37851836
2026-01-15 14:30:00,37.990,38.260,37.900,38.050,26221810
2026-01-15 15:00:00,38.060,38.250,38.010,38.250,37850654
2026-01-16 10:00:00,38.320,39.110,38.260,38.340,94773525
2026-01-16 10:30:00,38.340,38.510,37.890,38.370,56813495
2026-01-16 11:00:00,38.370,38.580,38.050,38.210,28247805
2026-01-16 11:30:00,38.210,38.300,37.950,37.950,22939778
2026-01-16 13:30:00,37.960,38.020,37.650,37.800,41824137
2026-01-16 14:00:00,37.800,37.840,37.400,37.490,52785899
2026-01-16 14:30:00,37.480,37.490,37.060,37.410,55956426
2026-01-16 15:00:00,37.410,37.600,37.220,37.470,41436746
2026-01-19 10:00:00,37.620,37.780,36.500,37.330,87546833
2026-01-19 10:30:00,37.330,37.600,37.110,37.250,35892420
2026-01-19 11:00:00,37.240,37.250,36.980,37.130,27437149
2026-01-19 11:30:00,37.150,37.360,37.060,37.140,15141278
2026-01-19 13:30:00,37.150,37.560,37.120,37.470,20183546
2026-01-19 14:00:00,37.470,37.550,37.080,37.170,24399162
2026-01-19 14:30:00,37.170,37.240,37.100,37.140,17431415
2026-01-19 15:00:00,37.130,37.280,37.080,37.260,25243432
2026-01-20 10:00:00,37.260,37.640,36.540,36.700,83029301
2026-01-20 10:30:00,36.700,36.850,36.240,36.320,54179450
2026-01-20 11:00:00,36.310,36.770,36.210,36.630,27236550
2026-01-20 11:30:00,36.620,36.870,36.450,36.720,17170729
2026-01-20 13:30:00,36.720,37.370,36.720,37.230,38563555
2026-01-20 14:00:00,37.230,37.770,37.210,37.380,46099395
2026-01-20 14:30:00,37.370,37.400,37.200,37.240,17592852
2026-01-20 15:00:00,37.250,37.330,37.110,37.310,23585235
2026-01-21 10:00:00,37.760,37.950,37.360,37.800,97618628
2026-01-21 10:30:00,37.800,38.100,37.550,37.750,50839819
2026-01-21 11:00:00,37.740,38.010,37.630,37.880,18884621
2026-01-21 11:30:00,37.880,37.960,37.670,37.690,21514226
2026-01-21 13:30:00,37.690,38.250,37.690,38.030,51601173
2026-01-21 14:00:00,38.030,38.400,37.820,38.400,39440941
2026-01-21 14:30:00,38.400,38.480,37.920,37.990,48219522
2026-01-21 15:00:00,37.980,38.200,37.940,38.130,61048356
2026-01-22 10:00:00,37.500,37.880,37.310,37.640,90683112
2026-01-22 10:30:00,37.630,37.650,37.100,37.170,55787437
2026-01-22 11:00:00,37.170,37.500,37.080,37.500,22518559
2026-01-22 11:30:00,37.490,37.640,37.220,37.250,18796704
2026-01-22 13:30:00,37.260,37.700,37.240,37.540,22139513
2026-01-22 14:00:00,37.520,37.770,37.510,37.690,16375873
2026-01-22 14:30:00,37.700,37.780,37.510,37.690,15762615
2026-01-22 15:00:00,37.690,37.730,37.520,37.660,31886123
2026-01-23 10:00:00,38.390,38.500,37.880,38.220,93109173
2026-01-23 10:30:00,38.210,38.270,37.950,37.980,34905919
2026-01-23 11:00:00,37.980,38.330,37.810,38.160,44213163
2026-01-23 11:30:00,38.150,38.260,37.840,38.040,28803583
2026-01-23 13:30:00,38.030,38.170,37.740,37.820,33897035
2026-01-23 14:00:00,37.820,38.060,37.750,37.910,31228313
2026-01-23 14:30:00,37.900,37.990,37.610,37.620,47845442
2026-01-23 15:00:00,37.620,37.670,37.350,37.560,72293703
2026-01-26 10:00:00,38.740,39.600,38.730,39.220,238886193
2026-01-26 10:30:00,39.220,40.340,39.190,40.310,108865450
2026-01-26 11:00:00,40.320,40.480,39.560,39.580,71113369
2026-01-26 11:30:00,39.590,39.980,39.450,39.920,40132366
2026-01-26 13:30:00,39.920,40.150,39.770,39.880,41272199
2026-01-26 14:00:00,39.880,39.900,39.510,39.730,39147440
2026-01-26 14:30:00,39.720,39.860,39.690,39.740,35751154
2026-01-26 15:00:00,39.740,39.790,39.430,39.500,88346227
2026-01-27 10:00:00,40.230,42.090,39.680,41.380,302946386
2026-01-27 10:30:00,41.370,41.860,40.860,41.480,78568454
2026-01-27 11:00:00,41.490,42.680,41.440,42.080,91652161
2026-01-27 11:30:00,42.080,42.110,41.300,41.350,39608500
2026-01-27 13:30:00,41.350,41.480,40.000,40.100,80343377
2026-01-27 14:00:00,40.130,40.740,40.000,40.500,45642476
2026-01-27 14:30:00,40.510,40.700,40.230,40.580,29434925
2026-01-27 15:00:00,40.580,40.650,40.350,40.610,60301960
2026-01-28 10:00:00,41.400,41.700,40.600,41.300,164277998
2026-01-28 10:30:00,41.300,42.230,41.230,41.510,94814228
2026-01-28 11:00:00,41.510,42.040,41.510,41.770,50549958
2026-01-28 11:30:00,41.770,42.380,41.610,42.160,63781943
2026-01-28 13:30:00,42.170,42.530,41.680,41.860,90033610
2026-01-28 14:00:00,41.860,42.130,41.840,42.020,39306743
2026-01-28 14:30:00,42.020,42.420,41.900,42.180,50709905
2026-01-28 15:00:00,42.180,42.580,41.980,42.300,98808918
2026-01-29 10:00:00,43.790,44.940,42.360,43.070,310536114
2026-01-29 10:30:00,43.070,43.080,41.310,41.930,141401466
2026-01-29 11:00:00,41.930,42.960,41.880,42.670,54538514
2026-01-29 11:30:00,42.670,43.920,42.540,43.570,70528324
2026-01-29 13:30:00,43.570,44.120,42.960,42.960,68551854
2026-01-29 14:00:00,42.970,43.310,42.930,43.220,34186105
2026-01-29 14:30:00,43.220,43.570,43.110,43.240,36418123
2026-01-29 15:00:00,43.220,43.830,43.200,43.450,56706709
2026-01-30 10:00:00,41.200,42.360,40.580,40.590,224722248
2026-01-30 10:30:00,40.590,40.640,39.120,39.510,173943247
2026-01-30 11:00:00,39.530,40.380,39.200,40.080,71780272
2026-01-30 11:30:00,40.070,40.300,39.700,39.830,29820123
2026-01-30 13:30:00,39.840,40.480,39.660,40.420,38953217
2026-01-30 14:00:00,40.430,41.040,40.350,40.710,40125384
2026-01-30 14:30:00,40.720,40.730,40.290,40.470,32115956
2026-01-30 15:00:00,40.470,40.530,40.110,40.140,58883629
2026-02-02 10:00:00,36.870,38.730,36.860,38.470,251032714
2026-02-02 10:30:00,38.460,38.600,37.850,37.960,57252697
2026-02-02 11:00:00,37.960,38.450,37.770,37.790,35263590
2026-02-02 11:30:00,37.800,37.920,37.400,37.420,41620436
2026-02-02 13:30:00,37.410,37.430,37.000,37.030,69237388
2026-02-02 14:00:00,37.030,37.100,36.600,36.880,90054336
2026-02-02 14:30:00,36.880,37.220,36.500,36.520,68021181
2026-02-02 15:00:00,36.530,36.700,36.270,36.610,101561228
2026-02-03 10:00:00,37.840,38.360,37.290,37.660,187774890
2026-02-03 10:30:00,37.650,37.800,37.270,37.280,44704876
2026-02-03 11:00:00,37.290,37.410,37.080,37.220,34105026
2026-02-03 11:30:00,37.220,37.690,37.170,37.620,23342910
2026-02-03 13:30:00,37.620,37.880,37.500,37.770,32882256
2026-02-03 14:00:00,37.770,38.180,37.750,38.030,37230281
2026-02-03 14:30:00,38.030,38.800,37.850,38.660,54028060
2026-02-03 15:00:00,38.630,38.950,38.620,38.810,62541993
2026-02-04 10:00:00,39.500,39.990,39.020,39.120,154098680
2026-02-04 10:30:00,39.120,39.550,39.020,39.230,32349750
2026-02-04 11:00:00,39.230,39.230,38.830,38.990,33075084
2026-02-04 11:30:00,39.000,39.020,38.680,38.830,19890756
2026-02-04 13:30:00,38.820,39.480,38.810,38.970,24181687
2026-02-04 14:00:00,38.970,39.230,38.890,38.940,16843227
2026-02-04 14:30:00,38.940,39.070,38.830,38.950,17288192
2026-02-04 15:00:00,38.930,39.200,38.890,39.160,29009190
2026-02-05 10:00:00,38.130,38.500,37.510,37.520,99161615
2026-02-05 10:30:00,37.520,37.730,37.060,37.240,62028647
2026-02-05 11:00:00,37.240,37.340,36.570,36.740,61402112
2026-02-05 11:30:00,36.760,37.290,36.720,37.090,29009323
2026-02-05 13:30:00,37.100,37.260,36.740,37.050,26941605
2026-02-05 14:00:00,37.050,37.350,36.750,37.350,28386830
2026-02-05 14:30:00,37.350,37.600,37.300,37.450,24446436
2026-02-05 15:00:00,37.450,37.640,37.400,37.450,26996540
2026-02-06 10:00:00,35.550,37.090,35.500,36.960,126566262
2026-02-06 10:30:00,36.950,37.630,36.810,37.540,46486494
2026-02-06 11:00:00,37.540,37.770,37.160,37.250,32088500
2026-02-06 11:30:00,37.280,37.600,37.200,37.550,19045600
2026-02-06 13:30:00,37.560,37.610,37.290,37.460,17356703
2026-02-06 14:00:00,37.460,37.630,37.370,37.630,21619040
2026-02-06 14:30:00,37.630,37.820,37.400,37.470,28693900
2026-02-06 15:00:00,37.470,37.490,37.190,37.190,35918344
2026-02-09 10:00:00,38.490,38.800,38.030,38.190,102384868
2026-02-09 10:30:00,38.180,38.490,38.090,38.430,29083029
2026-02-09 11:00:00,38.440,38.440,38.180,38.320,17360877
2026-02-09 11:30:00,38.320,38.410,38.260,38.300,13197950
2026-02-09 13:30:00,38.290,38.880,38.180,38.740,43101872
2026-02-09 14:00:00,38.740,38.780,38.510,38.590,16170590
2026-02-09 14:30:00,38.590,38.680,38.460,38.540,16247710
2026-02-09 15:00:00,38.540,38.630,38.480,38.630,26400741
2026-02-10 10:00:00,38.980,39.040,38.600,38.930,54384790
2026-02-10 10:30:00,38.930,39.400,38.830,39.140,48312700
2026-02-10 11:00:00,39.140,39.180,38.880,38.890,17489867
2026-02-10 11:30:00,38.880,38.910,38.670,38.740,15895200
2026-02-10 13:30:00,38.740,38.790,38.560,38.610,18344100
2026-02-10 14:00:00,38.620,38.840,38.520,38.780,14048414
2026-02-10 14:30:00,38.790,38.800,38.630,38.640,11068500
2026-02-10 15:00:00,38.660,38.890,38.640,38.810,20113511
2026-02-11 10:00:00,38.600,39.470,38.570,39.370,53859665
2026-02-11 10:30:00,39.370,39.400,39.000,39.360,27174102
2026-02-11 11:00:00,39.360,39.720,39.330,39.560,44285739
2026-02-11 11:30:00,39.560,39.790,39.480,39.670,20604802
2026-02-11 13:30:00,39.680,39.770,39.360,39.440,18506758
2026-02-11 14:00:00,39.450,39.600,39.330,39.430,17254540
2026-02-11 14:30:00,39.440,39.520,39.350,39.370,14671630
2026-02-11 15:00:00,39.370,39.490,39.320,39.480,26510205
2026-02-12 10:00:00,39.570,40.290,39.490,40.280,68899562
2026-02-12 10:30:00,40.280,40.390,40.090,40.260,33948100
2026-02-12 11:00:00,40.260,40.280,39.920,40.110,19712351
2026-02-12 11:30:00,40.110,40.430,40.060,40.150,21081082
2026-02-12 13:30:00,40.150,40.180,39.600,39.600,33043773
2026-02-12 14:00:00,39.600,39.760,39.550,39.610,18815400
2026-02-12 14:30:00,39.610,39.870,39.600,39.670,14404974
2026-02-12 15:00:00,39.670,39.800,39.600,39.750,25670703
2026-02-13 10:00:00,38.260,39.040,38.260,38.540,98715817
2026-02-13 10:30:00,38.540,38.790,38.520,38.580,18002193
2026-02-13 11:00:00,38.580,38.630,38.400,38.590,20552742
2026-02-13 11:30:00,38.590,38.610,38.360,38.380,15856700
2026-02-13 13:30:00,38.380,38.570,38.010,38.030,40491765
2026-02-13 14:00:00,38.030,38.060,37.810,37.860,48520379
2026-02-13 14:30:00,37.860,37.930,37.690,37.820,41456187
2026-02-13 15:00:00,37.820,37.900,37.710,37.780,54437571
2026-02-24 10:00:00,39.490,39.650,38.980,39.280,118456378
2026-02-24 10:30:00,39.270,39.480,39.150,39.360,24960950
2026-02-24 11:00:00,39.360,39.480,39.250,39.320,18935799
2026-02-24 11:30:00,39.320,39.400,39.260,39.350,13142868
2026-02-24 13:30:00,39.340,39.360,39.100,39.110,20352282
2026-02-24 14:00:00,39.110,39.290,39.100,39.270,11455746
2026-02-24 14:30:00,39.270,39.360,39.210,39.260,14174844
2026-02-24 15:00:00,39.250,39.340,39.220,39.320,25267118
2026-02-25 10:00:00,39.400,39.750,38.860,39.700,61452806
2026-02-25 10:30:00,39.700,39.950,39.500,39.810,33611130
2026-02-25 11:00:00,39.820,40.160,39.760,40.100,37179587
2026-02-25 11:30:00,40.100,40.200,39.940,40.180,27280644
2026-02-25 13:30:00,40.190,40.260,39.760,39.860,34408145
2026-02-25 14:00:00,39.860,39.970,39.670,39.800,28205178
2026-02-25 14:30:00,39.790,39.800,39.430,39.440,34008920
2026-02-25 15:00:00,39.440,39.690,39.420,39.630,33563120
2026-02-26 10:00:00,39.890,39.960,39.300,39.640,59381864
2026-02-26 10:30:00,39.640,39.660,39.190,39.190,33697239
2026-02-26 11:00:00,39.190,39.260,38.940,39.080,36080406
2026-02-26 11:30:00,39.090,39.200,39.050,39.200,10523959
2026-02-26 13:30:00,39.200,39.320,39.160,39.210,14056398
2026-02-26 14:00:00,39.210,39.240,39.140,39.160,10794763
2026-02-26 14:30:00,39.160,39.220,39.110,39.200,11749213
2026-02-26 15:00:00,39.200,39.380,39.190,39.370,22782513
2026-02-27 10:00:00,39.200,40.050,39.010,39.900,67358755
2026-02-27 10:30:00,39.900,39.910,39.600,39.740,31216978
2026-02-27 11:00:00,39.730,39.760,39.300,39.370,30577208
2026-02-27 11:30:00,39.370,39.480,39.200,39.220,21665114
2026-02-27 13:30:00,39.220,39.540,39.030,39.510,18752938
2026-02-27 14:00:00,39.510,39.740,39.490,39.650,24118307
2026-02-27 14:30:00,39.650,39.650,39.500,39.560,15579050
2026-02-27 15:00:00,39.570,39.630,39.520,39.550,32791839
2026-03-02 10:00:00,40.400,40.400,39.630,39.750,143439736
2026-03-02 10:30:00,39.750,39.780,39.100,39.390,65833683
2026-03-02 11:00:00,39.390,39.690,39.270,39.640,25484743
2026-03-02 11:30:00,39.640,39.980,39.520,39.820,23283014
2026-03-02 13:30:00,39.820,40.100,39.620,40.050,36766079
2026-03-02 14:00:00,40.060,40.300,40.010,40.280,47558507
2026-03-02 14:30:00,40.280,40.800,40.120,40.740,71540974
2026-03-02 15:00:00,40.730,40.900,40.550,40.770,63606643
2026-03-03 10:00:00,40.350,40.350,39.200,39.200,134728933
2026-03-03 10:30:00,39.200,39.350,39.010,39.230,60348585
2026-03-03 11:00:00,39.230,39.790,39.160,39.740,37930305
2026-03-03 11:30:00,39.740,39.870,39.450,39.560,20786806
2026-03-03 13:30:00,39.570,39.590,39.120,39.170,25914370
2026-03-03 14:00:00,39.170,39.260,39.010,39.020,34903254
2026-03-03 14:30:00,39.010,39.100,38.660,38.970,57485051
2026-03-03 15:00:00,38.970,39.010,38.730,38.860,41996495
2026-03-04 10:00:00,37.700,38.550,37.480,38.460,105563776
2026-03-04 10:30:00,38.460,38.890,38.420,38.430,38822283
2026-03-04 11:00:00,38.430,38.490,37.870,37.940,34781052
2026-03-04 11:30:00,37.950,38.040,37.750,37.790,30902366
2026-03-04 13:30:00,37.780,38.180,37.750,37.870,22624775
2026-03-04 14:00:00,37.870,38.060,37.790,37.820,20228230
2026-03-04 14:30:00,37.810,37.890,37.660,37.840,30792449
2026-03-04 15:00:00,37.840,38.020,37.820,37.960,28855285
2026-03-05 10:00:00,38.460,38.480,37.600,37.600,65520513
2026-03-05 10:30:00,37.610,38.120,37.600,38.050,27082360
2026-03-05 11:00:00,38.060,38.110,37.820,38.050,19297630
2026-03-05 11:30:00,38.050,38.140,37.860,37.920,18291113
2026-03-05 13:30:00,37.920,37.960,37.700,37.810,23310905
2026-03-05 14:00:00,37.820,37.850,37.500,37.510,34254000
2026-03-05 14:30:00,37.510,37.680,37.200,37.420,46443903
2026-03-05 15:00:00,37.420,37.680,37.300,37.670,26459498
2026-03-06 10:00:00,37.010,37.010,36.240,36.800,115935158
2026-03-06 10:30:00,36.810,37.190,36.570,37.020,30355207
2026-03-06 11:00:00,37.020,37.170,36.910,37.120,15716660
2026-03-06 11:30:00,37.120,37.480,37.110,37.350,18902981
2026-03-06 13:30:00,37.350,37.410,37.010,37.040,16211038
2026-03-06 14:00:00,37.050,37.290,37.030,37.120,16074295
2026-03-06 14:30:00,37.120,37.290,37.060,37.110,15311484
2026-03-06 15:00:00,37.110,37.120,37.030,37.100,25440189
2026-03-09 10:00:00,35.930,35.930,34.890,34.920,182965210
2026-03-09 10:30:00,34.920,35.570,34.860,35.190,51441537
2026-03-09 11:00:00,35.190,35.850,35.160,35.800,32492656
2026-03-09 11:30:00,35.820,36.030,35.800,35.930,26487766
2026-03-09 13:30:00,35.930,36.330,35.730,36.210,30359514
2026-03-09 14:00:00,36.210,36.570,36.180,36.480,22503927
2026-03-09 14:30:00,36.480,36.670,36.360,36.370,18537917
2026-03-09 15:00:00,36.380,36.520,36.300,36.400,25840495
2026-03-10 10:00:00,36.980,37.540,36.800,37.410,78916756
2026-03-10 10:30:00,37.410,37.450,37.150,37.150,25371900
2026-03-10 11:00:00,37.150,37.200,36.950,37.010,21232534
2026-03-10 11:30:00,37.010,37.150,36.920,37.060,11943746
2026-03-10 13:30:00,37.060,37.080,36.870,36.990,17850952
2026-03-10 14:00:00,36.990,37.080,36.950,37.070,12392390
2026-03-10 14:30:00,37.080,37.130,37.010,37.040,11443317
2026-03-10 15:00:00,37.030,37.150,37.000,37.130,22160803
2026-03-11 10:00:00,37.500,37.640,37.190,37.270,48041185
2026-03-11 10:30:00,37.270,37.390,37.180,37.250,17755280
2026-03-11 11:00:00,37.250,37.350,37.160,37.250,15521205
2026-03-11 11:30:00,37.260,37.340,37.190,37.240,10662302
2026-03-11 13:30:00,37.250,37.300,37.130,37.150,13560180
2026-03-11 14:00:00,37.160,37.210,37.040,37.170,12351957
2026-03-11 14:30:00,37.170,37.390,37.160,37.280,13229981
2026-03-11 15:00:00,37.280,37.300,37.180,37.240,17009179
2026-03-12 10:00:00,36.790,37.150,36.700,36.980,41051178
2026-03-12 10:30:00,36.980,37.160,36.900,36.900,24698649
2026-03-12 11:00:00,36.900,37.050,36.600,36.640,30128588
2026-03-12 11:30:00,36.640,36.650,36.370,36.430,25743900
2026-03-12 13:30:00,36.430,36.570,36.350,36.370,17165304
2026-03-12 14:00:00,36.370,36.650,36.360,36.640,16019646
2026-03-12 14:30:00,36.640,36.680,36.500,36.600,14983602
2026-03-12 15:00:00,36.600,36.770,36.590,36.750,19322141
2026-03-13 10:00:00,36.200,36.870,36.200,36.740,56369197
2026-03-13 10:30:00,36.750,36.940,36.410,36.510,26377487
2026-03-13 11:00:00,36.520,36.550,36.300,36.320,21388500
2026-03-13 11:30:00,36.320,36.350,36.020,36.120,23817901
2026-03-13 13:30:00,36.130,36.230,36.010,36.040,19489251
2026-03-13 14:00:00,36.040,36.180,36.000,36.040,20580171
2026-03-13 14:30:00,36.040,36.090,35.840,35.880,31293418
2026-03-13 15:00:00,35.890,35.950,35.600,35.770,47804605
2026-03-16 10:00:00,35.040,35.170,34.020,34.310,155455780
2026-03-16 10:30:00,34.310,34.330,33.780,33.940,67618269
2026-03-16 11:00:00,33.930,34.040,33.600,33.750,55007768
2026-03-16 11:30:00,33.760,34.160,33.620,34.100,31139666
2026-03-16 13:30:00,34.090,34.640,34.070,34.590,39967398
2026-03-16 14:00:00,34.600,34.900,34.580,34.720,24564211
2026-03-16 14:30:00,34.720,34.810,34.660,34.680,18706959
2026-03-16 15:00:00,34.690,34.780,34.530,34.750,28271286
2026-03-17 10:00:00,34.730,35.420,34.670,35.340,79925917
2026-03-17 10:30:00,35.340,35.550,35.250,35.270,29167601
2026-03-17 11:00:00,35.270,35.340,35.160,35.180,13923129
2026-03-17 11:30:00,35.170,35.200,35.060,35.200,11141351
2026-03-17 13:30:00,35.200,35.490,35.180,35.390,25952391
2026-03-17 14:00:00,35.390,35.440,35.050,35.050,18757309
2026-03-17 14:30:00,35.060,35.100,34.880,34.910,22276734
2026-03-17 15:00:00,34.910,35.000,34.860,34.900,24233118
2026-03-18 10:00:00,34.740,35.000,34.690,34.720,51085373
2026-03-18 10:30:00,34.720,34.890,34.600,34.640,23671909
2026-03-18 11:00:00,34.630,34.770,34.420,34.610,21036547
2026-03-18 11:30:00,34.600,34.670,34.500,34.550,12763200
2026-03-18 13:30:00,34.550,34.580,34.350,34.470,23832159
2026-03-18 14:00:00,34.470,34.650,34.420,34.550,18410714
2026-03-18 14:30:00,34.550,34.900,34.540,34.890,20869900
2026-03-18 15:00:00,34.890,35.000,34.800,34.920,27355033
2026-03-19 10:00:00,33.250,33.900,33.250,33.390,122416010
2026-03-19 10:30:00,33.390,33.440,32.910,33.180,86375446
2026-03-19 11:00:00,33.180,33.250,32.920,32.960,33601600
2026-03-19 11:30:00,32.960,33.080,32.820,32.880,33330515
2026-03-19 13:30:00,32.890,32.910,32.490,32.540,72180135
2026-03-19 14:00:00,32.540,32.600,32.280,32.460,58877643
2026-03-19 14:30:00,32.460,32.580,32.270,32.300,47478574
2026-03-19 15:00:00,32.290,32.350,32.120,32.320,73675524
2026-03-20 10:00:00,32.200,32.850,32.020,32.250,118799696
2026-03-20 10:30:00,32.250,32.480,32.070,32.130,34634595
2026-03-20 11:00:00,32.130,32.260,32.030,32.050,27068937
2026-03-20 11:30:00,32.040,32.380,31.920,32.300,32149129
2026-03-20 13:30:00,32.300,32.430,32.010,32.080,36710514
2026-03-20 14:00:00,32.070,32.080,31.810,31.900,29311100
2026-03-20 14:30:00,31.880,32.000,31.730,31.780,37787006
2026-03-20 15:00:00,31.760,31.850,31.430,31.650,68573306
2026-03-23 10:00:00,30.210,30.870,29.800,30.800,189190683
2026-03-23 10:30:00,30.810,31.340,30.780,31.090,66395963
2026-03-23 11:00:00,31.090,31.100,30.730,30.880,40237137
2026-03-23 11:30:00,30.890,31.140,30.810,30.850,25830715
2026-03-23 13:30:00,30.850,31.160,30.700,30.810,42060289
2026-03-23 14:00:00,30.810,30.940,30.610,30.680,37362072
2026-03-23 14:30:00,30.690,30.740,30.350,30.590,43075398
2026-03-23 15:00:00,30.590,30.660,30.360,30.580,49152048
2026-03-24 10:00:00,31.250,31.480,31.010,31.150,115795045
2026-03-24 10:30:00,31.150,31.290,30.910,31.260,42746027
2026-03-24 11:00:00,31.260,31.750,31.170,31.680,58623134
2026-03-24 11:30:00,31.700,32.380,31.620,32.340,87333618
2026-03-24 13:30:00,32.330,32.350,31.630,31.640,45247168
2026-03-24 14:00:00,31.640,31.940,31.630,31.870,22767774
2026-03-24 14:30:00,31.880,32.150,31.840,32.100,36456771
2026-03-24 15:00:00,32.100,32.230,32.020,32.200,48294992
2026-03-25 10:00:00,33.500,33.980,33.500,33.750,184094102
2026-03-25 10:30:00,33.750,33.770,33.260,33.410,66151680
2026-03-25 11:00:00,33.410,33.690,33.330,33.470,32852618
2026-03-25 11:30:00,33.470,33.540,33.220,33.320,25354788
2026-03-25 13:30:00,33.330,33.560,33.300,33.440,21636470
2026-03-25 14:00:00,33.450,33.450,33.210,33.350,22714203
2026-03-25 14:30:00,33.350,33.370,33.090,33.190,24126921
2026-03-25 15:00:00,33.190,33.270,33.100,33.240,33684405
2026-03-26 10:00:00,33.100,33.240,32.610,32.850,76422183
2026-03-26 10:30:00,32.850,32.940,32.540,32.600,32921456
2026-03-26 11:00:00,32.600,32.690,32.380,32.400,32300418
2026-03-26 11:30:00,32.400,32.580,32.390,32.500,16082898
2026-03-26 13:30:00,32.500,32.600,32.020,32.110,46410601
2026-03-26 14:00:00,32.110,32.160,31.830,31.860,38252631
2026-03-26 14:30:00,31.850,32.050,31.850,31.910,27955786
2026-03-26 15:00:00,31.910,32.090,31.870,32.090,34701374
2026-03-27 10:00:00,31.500,32.410,31.500,32.220,73828848
2026-03-27 10:30:00,32.210,32.530,32.180,32.520,30604044
2026-03-27 11:00:00,32.530,32.620,32.330,32.370,20088600
2026-03-27 11:30:00,32.370,32.500,32.360,32.490,11118467
2026-03-27 13:30:00,32.500,32.720,32.440,32.450,30173100
2026-03-27 14:00:00,32.450,32.680,32.420,32.430,18509469
2026-03-27 14:30:00,32.440,32.530,32.380,32.420,17637227
2026-03-27 15:00:00,32.420,32.490,32.380,32.470,26286909
2026-03-30 10:00:00,32.200,32.530,32.070,32.150,58910520
2026-03-30 10:30:00,32.150,32.320,31.880,32.040,33720710
2026-03-30 11:00:00,32.030,32.230,31.900,32.070,20687271
2026-03-30 11:30:00,32.060,32.800,32.050,32.710,39146004
2026-03-30 13:30:00,32.710,32.710,32.400,32.490,19984065
2026-03-30 14:00:00,32.490,32.610,32.390,32.580,15087900
2026-03-30 14:30:00,32.580,32.730,32.520,32.690,19042100
2026-03-30 15:00:00,32.690,32.800,32.570,32.780,30322403
2026-03-31 10:00:00,32.980,33.500,32.800,33.470,93827247
2026-03-31 10:30:00,33.450,33.490,32.980,33.000,41523802
2026-03-31 11:00:00,33.000,33.050,32.710,32.810,26713371
2026-03-31 11:30:00,32.810,32.850,32.600,32.670,17835693
2026-03-31 13:30:00,32.670,32.950,32.650,32.870,18172299
2026-03-31 14:00:00,32.880,33.040,32.860,32.900,15545131
2026-03-31 14:30:00,32.890,32.920,32.700,32.730,15974778
2026-03-31 15:00:00,32.740,32.820,32.690,32.720,23513563
2026-04-01 10:00:00,33.860,34.580,33.690,33.730,144396288
2026-04-01 10:30:00,33.730,33.980,33.700,33.840,33353200
2026-04-01 11:00:00,33.850,34.100,33.810,33.970,27840566
2026-04-01 11:30:00,33.970,34.070,33.840,33.850,13548912
2026-04-01 13:30:00,33.860,34.210,33.620,34.200,32417791
2026-04-01 14:00:00,34.200,34.240,33.860,33.900,21191169
2026-04-01 14:30:00,33.900,34.090,33.890,34.060,15241608
2026-04-01 15:00:00,34.070,34.160,34.030,34.150,35713558
2026-04-02 10:00:00,33.990,33.990,33.050,33.620,84255207
2026-04-02 10:30:00,33.620,33.660,33.420,33.450,29429200
2026-04-02 11:00:00,33.450,33.460,33.210,33.390,25104966
2026-04-02 11:30:00,33.380,33.390,33.240,33.280,11326726
2026-04-02 13:30:00,33.290,33.300,32.890,33.050,36324217
2026-04-02 14:00:00,33.050,33.070,32.790,32.810,25284039
2026-04-02 14:30:00,32.810,33.050,32.700,32.960,24636198
2026-04-02 15:00:00,32.950,33.120,32.920,33.120,22582070
