date,open,high,low,close,volume
2025-03-27 14:30:00,14.490,14.520,14.490,14.500,4361699
2025-03-27 15:00:00,14.500,14.510,14.470,14.490,7594434
2025-03-28 10:00:00,14.500,14.520,14.380,14.380,18520000
2025-03-28 10:30:00,14.390,14.450,14.370,14.430,7516050
2025-03-28 11:00:00,14.420,14.430,14.390,14.390,3989270
2025-03-28 11:30:00,14.390,14.410,14.370,14.380,4310640
2025-03-28 13:30:00,14.390,14.430,14.370,14.390,4646000
2025-03-28 14:00:00,14.400,14.450,14.380,14.440,5372229
2025-03-28 14:30:00,14.440,14.490,14.440,14.470,4301740
2025-03-28 15:00:00,14.460,14.470,14.440,14.450,5544167
2025-03-31 10:00:00,14.420,14.650,14.380,14.600,27981157
2025-03-31 10:30:00,14.610,14.650,14.590,14.640,12107377
2025-03-31 11:00:00,14.630,14.640,14.560,14.590,9884733
2025-03-31 11:30:00,14.580,14.590,14.500,14.510,7284070
2025-03-31 13:30:00,14.510,14.530,14.490,14.490,5853312
2025-03-31 14:00:00,14.500,14.510,14.480,14.480,4315215
2025-03-31 14:30:00,14.490,14.550,14.480,14.540,4637408
2025-03-31 15:00:00,14.530,14.550,14.520,14.550,6018193
2025-04-01 10:00:00,14.550,14.580,14.450,14.520,14674308
2025-04-01 10:30:00,14.510,14.570,14.510,14.540,7713790
2025-04-01 11:00:00,14.540,14.570,14.510,14.550,5809370
2025-04-01 11:30:00,14.550,14.570,14.530,14.540,3690921
2025-04-01 13:30:00,14.540,14.550,14.480,14.520,5557477
2025-04-01 14:00:00,14.520,14.530,14.500,14.530,3509670
2025-04-01 14:30:00,14.530,14.530,14.500,14.520,3525640
2025-04-01 15:00:00,14.520,14.540,14.510,14.530,5099687
2025-04-02 10:00:00,14.530,14.650,14.500,14.590,17181314
2025-04-02 10:30:00,14.590,14.630,14.590,14.590,6577064
2025-04-02 11:00:00,14.590,14.620,14.580,14.580,3878150
2025-04-02 11:30:00,14.580,14.630,14.580,14.620,4530877
2025-04-02 13:30:00,14.620,14.640,14.580,14.580,4399600
2025-04-02 14:00:00,14.580,14.600,14.550,14.570,5302300
2025-04-02 14:30:00,14.560,14.590,14.560,14.580,3566012
2025-04-02 15:00:00,14.580,14.600,14.560,14.590,6151401
2025-04-03 10:00:00,14.350,14.350,14.120,14.220,44606377
2025-04-03 10:30:00,14.230,14.280,14.180,14.270,13622570
2025-04-03 11:00:00,14.280,14.280,14.190,14.190,10586670
2025-04-03 11:30:00,14.200,14.210,14.150,14.150,10695918
2025-04-03 13:30:00,14.150,14.160,14.040,14.100,17519160
2025-04-03 14:00:00,14.110,14.160,14.080,14.160,7817280
2025-04-03 14:30:00,14.160,14.200,14.150,14.180,6698341
2025-04-03 15:00:00,14.180,14.200,14.150,14.160,10746855
2025-04-07 10:00:00,12.980,13.200,12.740,12.940,98805405
2025-04-07 10:30:00,12.950,12.970,12.800,12.860,23459980
2025-04-07 11:00:00,12.850,12.960,12.800,12.810,14187970
2025-04-07 11:30:00,12.820,12.830,12.770,12.780,12024050
2025-04-07 13:30:00,12.780,12.790,12.740,12.760,21189670
2025-04-07 14:00:00,12.760,12.770,12.740,12.740,15910596
2025-04-07 14:30:00,12.740,12.740,12.740,12.740,5649400
2025-04-07 15:00:00,12.740,12.860,12.740,12.740,30144828
2025-04-08 10:00:00,13.030,13.320,12.960,13.300,80757967
2025-04-08 10:30:00,13.300,13.310,13.160,13.170,20237384
2025-04-08 11:00:00,13.170,13.260,13.160,13.210,9412990
2025-04-08 11:30:00,13.200,13.300,13.200,13.270,13807278
2025-04-08 13:30:00,13.270,13.280,13.170,13.180,15405752
2025-04-08 14:00:00,13.170,13.260,13.160,13.220,13516876
2025-04-08 14:30:00,13.220,13.240,13.150,13.210,12598630
2025-04-08 15:00:00,13.210,13.290,13.180,13.290,21420357
2025-04-09 10:00:00,13.300,13.300,13.060,13.160,46355280
2025-04-09 10:30:00,13.170,13.320,13.160,13.240,17881020
2025-04-09 11:00:00,13.230,13.240,13.160,13.230,8698916
2025-04-09 11:30:00,13.230,13.380,13.150,13.350,13393063
2025-04-09 13:30:00,13.350,13.360,13.230,13.300,11306100
2025-04-09 14:00:00,13.300,13.350,13.290,13.330,9302479
2025-04-09 14:30:00,13.340,13.390,13.300,13.380,10065141
2025-04-09 15:00:00,13.380,13.490,13.350,13.490,22440733
2025-04-10 10:00:00,14.090,14.090,13.750,13.870,52254402
2025-04-10 10:30:00,13.880,13.920,13.830,13.890,14142700
2025-04-10 11:00:00,13.890,13.910,13.800,13.880,9974263
2025-04-10 11:30:00,13.880,14.050,13.860,14.040,17461282
2025-04-10 13:30:00,14.050,14.080,13.970,14.070,16398510
2025-04-10 14:00:00,14.080,14.150,14.050,14.070,15037552
2025-04-10 14:30:00,14.070,14.130,14.060,14.080,8856455
2025-04-10 15:00:00,14.080,14.120,14.040,14.120,17197500
2025-04-11 10:00:00,14.120,14.120,14.020,14.050,24682470
2025-04-11 10:30:00,14.060,14.060,13.980,14.000,11399320
2025-04-11 11:00:00,14.000,14.030,13.990,14.000,4699000
2025-04-11 11:30:00,14.000,14.020,13.960,14.000,5718180
2025-04-11 13:30:00,14.000,14.040,13.950,14.040,8272768
2025-04-11 14:00:00,14.030,14.080,14.000,14.020,5505156
2025-04-11 14:30:00,14.020,14.040,13.990,13.990,6285160
2025-04-11 15:00:00,13.990,14.010,13.960,14.000,12356350
2025-04-14 10:00:00,13.950,14.070,13.950,14.020,23169150
2025-04-14 10:30:00,14.030,14.080,14.010,14.070,8355074
2025-04-14 11:00:00,14.070,14.100,14.060,14.090,6045355
2025-04-14 11:30:00,14.100,14.130,14.080,14.100,5027870
2025-04-14 13:30:00,14.100,14.140,14.070,14.130,7421102
2025-04-14 14:00:00,14.130,14.200,14.120,14.190,11793980
2025-04-14 14:30:00,14.200,14.200,14.160,14.170,7298082
2025-04-14 15:00:00,14.180,14.200,14.160,14.160,12674796
2025-04-15 10:00:00,14.180,14.230,14.090,14.100,17531540
2025-04-15 10:30:00,14.100,14.160,14.100,14.140,5610121
2025-04-15 11:00:00,14.140,14.160,14.130,14.150,3115360
2025-04-15 11:30:00,14.140,14.240,14.130,14.240,8604757
2025-04-15 13:30:00,14.230,14.260,14.190,14.250,8799470
2025-04-15 14:00:00,14.250,14.260,14.230,14.230,5243949
2025-04-15 14:30:00,14.240,14.250,14.220,14.240,4107251
2025-04-15 15:00:00,14.230,14.260,14.220,14.260,9158791
2025-04-16 10:00:00,14.250,14.270,14.160,14.180,14975730
2025-04-16 10:30:00,14.180,14.190,14.130,14.180,7902470
2025-04-16 11:00:00,14.180,14.210,14.160,14.200,4724920
2025-04-16 11:30:00,14.210,14.260,14.170,14.230,8575400
2025-04-16 13:30:00,14.220,14.240,14.180,14.200,8810820
2025-04-16 14:00:00,14.190,14.230,14.180,14.210,6103901
2025-04-16 14:30:00,14.210,14.220,14.180,14.210,5081070
2025-04-16 15:00:00,14.210,14.350,14.190,14.350,20966141
2025-04-17 10:00:00,14.290,14.300,14.180,14.210,15579730
2025-04-17 10:30:00,14.210,14.250,14.190,14.220,5902610
2025-04-17 11:00:00,14.220,14.230,14.180,14.210,5396650
2025-04-17 11:30:00,14.210,14.230,14.200,14.230,2699970
2025-04-17 13:30:00,14.230,14.230,14.140,14.150,10755697
2025-04-17 14:00:00,14.150,14.170,14.120,14.130,7980200
2025-04-17 14:30:00,14.130,14.200,14.110,14.130,8354570
2025-04-17 15:00:00,14.130,14.230,14.120,14.230,13302395
2025-04-18 10:00:00,14.120,14.220,14.090,14.200,10188579
2025-04-18 10:30:00,14.200,14.210,14.160,14.180,3785340
2025-04-18 11:00:00,14.180,14.200,14.170,14.180,3175320
2025-04-18 11:30:00,14.190,14.200,14.170,14.180,2686043
2025-04-18 13:30:00,14.180,14.230,14.170,14.210,4274090
2025-04-18 14:00:00,14.220,14.250,14.210,14.250,4495685
2025-04-18 14:30:00,14.240,14.260,14.230,14.250,4524980
2025-04-18 15:00:00,14.260,14.290,14.220,14.220,10578597
2025-04-21 10:00:00,14.170,14.270,14.160,14.190,12158533
2025-04-21 10:30:00,14.190,14.240,14.180,14.190,5553440
2025-04-21 11:00:00,14.190,14.200,14.150,14.160,7887193
2025-04-21 11:30:00,14.170,14.180,14.160,14.160,3113940
2025-04-21 13:30:00,14.170,14.190,14.150,14.170,3519140
2025-04-21 14:00:00,14.170,14.200,14.170,14.180,3802530
2025-04-21 14:30:00,14.170,14.200,14.160,14.180,3462639
2025-04-21 15:00:00,14.190,14.200,14.180,14.180,5287700
2025-04-22 10:00:00,14.170,14.220,14.140,14.150,10251090
2025-04-22 10:30:00,14.160,14.190,14.140,14.160,5714551
2025-04-22 11:00:00,14.160,14.200,14.150,14.190,4123950
2025-04-22 11:30:00,14.190,14.200,14.180,14.190,2542362
2025-04-22 13:30:00,14.200,14.200,14.180,14.190,3788598
2025-04-22 14:00:00,14.190,14.210,14.180,14.210,4086734
2025-04-22 14:30:00,14.200,14.210,14.180,14.190,4477930
2025-04-22 15:00:00,14.200,14.200,14.170,14.170,5032065
2025-04-23 10:00:00,14.250,14.300,14.210,14.250,15123145
2025-04-23 10:30:00,14.260,14.260,14.210,14.250,3724660
2025-04-23 11:00:00,14.250,14.280,14.230,14.270,3752300
2025-04-23 11:30:00,14.260,14.280,14.250,14.270,3039108
2025-04-23 13:30:00,14.270,14.280,14.240,14.260,4097220
2025-04-23 14:00:00,14.260,14.270,14.240,14.270,3715750
2025-04-23 14:30:00,14.260,14.280,14.240,14.270,4663940
2025-04-23 15:00:00,14.260,14.280,14.250,14.270,4746772
2025-04-24 10:00:00,14.280,14.300,14.230,14.240,11025802
2025-04-24 10:30:00,14.250,14.300,14.230,14.280,7771866
2025-04-24 11:00:00,14.280,14.290,14.240,14.250,4576100
2025-04-24 11:30:00,14.240,14.260,14.200,14.250,6848020
2025-04-24 13:30:00,14.240,14.270,14.230,14.260,4770343
2025-04-24 14:00:00,14.270,14.270,14.240,14.260,3966339
2025-04-24 14:30:00,14.250,14.260,14.230,14.240,3758721
2025-04-24 15:00:00,14.240,14.250,14.220,14.230,5117034
2025-04-25 10:00:00,14.230,14.280,14.210,14.270,7559973
2025-04-25 10:30:00,14.270,14.270,14.250,14.250,3671430
2025-04-25 11:00:00,14.260,14.270,14.240,14.250,2795470
2025-04-25 11:30:00,14.250,14.270,14.240,14.270,4164610
2025-04-25 13:30:00,14.270,14.280,14.250,14.260,3414889
2025-04-25 14:00:00,14.260,14.350,14.260,14.310,14376032
2025-04-25 14:30:00,14.310,14.380,14.290,14.380,9996754
2025-04-25 15:00:00,14.380,14.380,14.350,14.380,10339591
2025-04-28 10:00:00,14.360,14.390,14.280,14.340,14303840
2025-04-28 10:30:00,14.350,14.410,14.340,14.380,7843350
2025-04-28 11:00:00,14.380,14.390,14.330,14.370,4969938
2025-04-28 11:30:00,14.380,14.400,14.370,14.390,3377030
2025-04-28 13:30:00,14.390,14.410,14.380,14.410,4907050
2025-04-28 14:00:00,14.400,14.470,14.400,14.450,6855311
2025-04-28 14:30:00,14.450,14.470,14.440,14.450,4976050
2025-04-28 15:00:00,14.460,14.470,14.440,14.440,6771455
2025-04-29 10:00:00,14.440,14.530,14.390,14.530,11746230
2025-04-29 10:30:00,14.530,14.550,14.470,14.470,6697830
2025-04-29 11:00:00,14.480,14.500,14.460,14.470,3582690
2025-04-29 11:30:00,14.460,14.480,14.440,14.440,2891400
2025-04-29 13:30:00,14.440,14.500,14.400,14.470,6381330
2025-04-29 14:00:00,14.460,14.490,14.440,14.470,3224900
2025-04-29 14:30:00,14.470,14.480,14.430,14.430,3515492
2025-04-29 15:00:00,14.440,14.470,14.420,14.470,7576560
2025-04-30 10:00:00,14.500,14.540,14.400,14.520,17950366
2025-04-30 10:30:00,14.510,14.530,14.480,14.520,5250485
2025-04-30 11:00:00,14.530,14.600,14.500,14.580,11772040
2025-04-30 11:30:00,14.590,14.600,14.540,14.540,5742930
2025-04-30 13:30:00,14.550,14.550,14.400,14.420,14938902
2025-04-30 14:00:00,14.420,14.430,14.360,14.370,8246991
2025-04-30 14:30:00,14.360,14.390,14.360,14.370,5725990
2025-04-30 15:00:00,14.370,14.380,14.340,14.360,8536363
2025-05-06 10:00:00,14.460,14.560,14.400,14.540,25668661
2025-05-06 10:30:00,14.550,14.560,14.480,14.510,10594152
2025-05-06 11:00:00,14.510,14.520,14.460,14.470,7485310
2025-05-06 11:30:00,14.470,14.500,14.460,14.490,4394036
2025-05-06 13:30:00,14.500,14.560,14.480,14.520,10126711
2025-05-06 14:00:00,14.510,14.530,14.500,14.530,3562936
2025-05-06 14:30:00,14.530,14.550,14.520,14.540,6131800
2025-05-06 15:00:00,14.540,14.560,14.530,14.560,11860301
2025-05-07 10:00:00,14.790,14.830,14.630,14.760,28245700
2025-05-07 10:30:00,14.750,14.790,14.710,14.780,14892554
2025-05-07 11:00:00,14.780,14.820,14.750,14.790,11883316
2025-05-07 11:30:00,14.790,14.800,14.740,14.770,6477200
2025-05-07 13:30:00,14.780,14.790,14.710,14.760,5747350
2025-05-07 14:00:00,14.760,14.780,14.720,14.730,4733632
2025-05-07 14:30:00,14.730,14.780,14.720,14.770,6811979
2025-05-07 15:00:00,14.780,14.800,14.760,14.800,12093850
2025-05-08 10:00:00,14.740,14.830,14.700,14.770,14410834
2025-05-08 10:30:00,14.770,14.790,14.720,14.760,7454400
2025-05-08 11:00:00,14.770,14.780,14.710,14.730,6014810
2025-05-08 11:30:00,14.720,14.750,14.720,14.720,5015701
2025-05-08 13:30:00,14.730,14.740,14.690,14.690,9015190
2025-05-08 14:00:00,14.700,14.700,14.660,14.690,8130000
2025-05-08 14:30:00,14.690,14.700,14.670,14.680,5613040
2025-05-08 15:00:00,14.690,14.690,14.670,14.670,8482435
2025-05-09 10:00:00,14.690,14.770,14.670,14.750,14624743
2025-05-09 10:30:00,14.750,14.810,14.740,14.770,10844343
2025-05-09 11:00:00,14.770,14.800,14.730,14.790,6726340
2025-05-09 11:30:00,14.800,14.940,14.790,14.900,22246210
2025-05-09 13:30:00,14.900,14.940,14.860,14.910,8677375
2025-05-09 14:00:00,14.920,14.920,14.880,14.900,6608210
2025-05-09 14:30:00,14.900,14.920,14.880,14.890,6627070
2025-05-09 15:00:00,14.900,14.910,14.890,14.910,10271533
2025-05-12 10:00:00,15.030,15.350,15.030,15.230,42289190
2025-05-12 10:30:00,15.220,15.230,15.130,15.180,11494810
2025-05-12 11:00:00,15.180,15.180,15.090,15.150,7833676
2025-05-12 11:30:00,15.150,15.180,15.110,15.130,5019230
2025-05-12 13:30:00,15.140,15.190,15.110,15.180,6813599
2025-05-12 14:00:00,15.160,15.180,15.130,15.150,4640400
2025-05-12 14:30:00,15.140,15.210,15.140,15.210,9491635
2025-05-12 15:00:00,15.210,15.250,15.180,15.250,15085328
2025-05-13 10:00:00,15.800,15.800,15.320,15.570,86365057
2025-05-13 10:30:00,15.560,15.570,15.460,15.540,22658815
2025-05-13 11:00:00,15.540,15.570,15.510,15.520,13073750
2025-05-13 11:30:00,15.520,15.550,15.500,15.510,7199432
2025-05-13 13:30:00,15.500,15.660,15.480,15.610,17617657
2025-05-13 14:00:00,15.620,15.630,15.590,15.610,8062395
2025-05-13 14:30:00,15.600,15.660,15.600,15.650,11816873
2025-05-13 15:00:00,15.640,15.730,15.640,15.670,28233613
2025-05-14 10:00:00,15.780,16.500,15.710,16.390,117850475
2025-05-14 10:30:00,16.390,16.410,16.060,16.150,35227623
2025-05-14 11:00:00,16.140,16.150,16.050,16.130,15957630
2025-05-14 11:30:00,16.130,16.210,16.090,16.120,15391800
2025-05-14 13:30:00,16.120,16.300,16.110,16.180,22604766
2025-05-14 14:00:00,16.180,16.190,16.100,16.130,17194204
2025-05-14 14:30:00,16.130,16.300,16.120,16.200,19325769
2025-05-14 15:00:00,16.200,16.400,16.190,16.370,46632413
2025-05-15 10:00:00,16.600,16.660,16.010,16.120,120666766
2025-05-15 10:30:00,16.120,16.250,16.080,16.130,19540384
2025-05-15 11:00:00,16.130,16.150,16.040,16.040,16026540
2025-05-15 11:30:00,16.050,16.100,15.960,16.090,22927123
2025-05-15 13:30:00,16.090,16.120,15.990,16.020,11959050
2025-05-15 14:00:00,16.010,16.050,15.970,15.990,12295220
2025-05-15 14:30:00,15.990,16.100,15.980,16.050,15488460
2025-05-15 15:00:00,16.060,16.070,15.980,16.060,21469770
2025-05-16 10:00:00,15.880,16.060,15.810,16.000,60215161
2025-05-16 10:30:00,16.000,16.010,15.860,15.910,14429597
2025-05-16 11:00:00,15.920,16.080,15.910,16.020,15285966
2025-05-16 11:30:00,16.020,16.100,15.990,16.090,8624990
2025-05-16 13:30:00,16.090,16.120,16.020,16.030,11366070
2025-05-16 14:00:00,16.020,16.040,15.990,16.010,6899000
2025-05-16 14:30:00,16.000,16.040,15.990,16.000,7313740
2025-05-16 15:00:00,16.010,16.050,15.970,16.050,18184787
2025-05-19 10:00:00,16.140,16.360,16.060,16.210,52163261
2025-05-19 10:30:00,16.210,16.450,16.170,16.190,31776300
2025-05-19 11:00:00,16.180,16.220,16.130,16.160,12549800
2025-05-19 11:30:00,16.160,16.210,16.130,16.150,6131350
2025-05-19 13:30:00,16.140,16.200,16.130,16.190,8133121
2025-05-19 14:00:00,16.180,16.230,16.170,16.210,7998350
2025-05-19 14:30:00,16.210,16.290,16.200,16.250,10028923
2025-05-19 15:00:00,16.250,16.290,16.200,16.260,13369845
2025-05-20 10:00:00,16.300,16.340,16.080,16.110,38581900
2025-05-20 10:30:00,16.120,16.170,16.040,16.150,26907970
2025-05-20 11:00:00,16.140,16.210,16.100,16.200,10963810
2025-05-20 11:30:00,16.200,16.290,16.180,16.270,14593971
2025-05-20 13:30:00,16.270,16.380,16.260,16.330,19675017
2025-05-20 14:00:00,16.320,16.370,16.300,16.330,11772364
2025-05-20 14:30:00,16.340,16.370,16.330,16.340,10739260
2025-05-20 15:00:00,16.340,16.350,16.320,16.350,12694563
2025-05-21 10:00:00,16.320,16.780,16.320,16.630,58392888
2025-05-21 10:30:00,16.640,16.700,16.610,16.640,12492560
2025-05-21 11:00:00,16.640,16.730,16.630,16.720,10272301
2025-05-21 11:30:00,16.720,16.730,16.620,16.710,8931926
2025-05-21 13:30:00,16.720,16.720,16.640,16.670,8378080
2025-05-21 14:00:00,16.670,16.680,16.640,16.640,5907970
2025-05-21 14:30:00,16.640,16.670,16.610,16.650,7205700
2025-05-21 15:00:00,16.650,16.660,16.600,16.620,13747993
2025-05-22 10:00:00,16.710,16.710,16.550,16.650,24481221
2025-05-22 10:30:00,16.640,16.710,16.610,16.690,9968941
2025-05-22 11:00:00,16.700,16.780,16.690,16.690,11877350
2025-05-22 11:30:00,16.690,16.770,16.690,16.720,7317097
2025-05-22 13:30:00,16.720,16.750,16.660,16.690,6726250
2025-05-22 14:00:00,16.690,16.700,16.610,16.640,5919342
2025-05-22 14:30:00,16.650,16.720,16.630,16.690,8112423
2025-05-22 15:00:00,16.690,16.720,16.670,16.710,12903810
2025-05-23 10:00:00,16.730,16.840,16.720,16.810,19529060
2025-05-23 10:30:00,16.810,16.890,16.740,16.760,16707630
2025-05-23 11:00:00,16.760,16.760,16.660,16.700,11846920
2025-05-23 11:30:00,16.710,16.730,16.650,16.660,8378830
2025-05-23 13:30:00,16.660,16.770,16.650,16.750,6926300
2025-05-23 14:00:00,16.740,16.750,16.660,16.680,6430710
2025-05-23 14:30:00,16.680,16.690,16.550,16.560,18195470
2025-05-23 15:00:00,16.560,16.650,16.520,16.560,15287492
2025-05-26 10:00:00,16.540,16.780,16.540,16.630,21413382
2025-05-26 10:30:00,16.620,16.620,16.540,16.580,10770550
2025-05-26 11:00:00,16.580,16.600,16.530,16.530,9643196
2025-05-26 11:30:00,16.550,16.560,16.450,16.460,15285941
2025-05-26 13:30:00,16.460,16.480,16.400,16.450,12703287
2025-05-26 14:00:00,16.450,16.550,16.400,16.540,12689430
2025-05-26 14:30:00,16.540,16.570,16.490,16.510,6504820
2025-05-26 15:00:00,16.500,16.560,16.490,16.520,9846835
2025-05-27 10:00:00,16.510,16.580,16.420,16.450,17824182
2025-05-27 10:30:00,16.440,16.460,16.260,16.270,24429610
2025-05-27 11:00:00,16.280,16.290,16.160,16.160,18666710
2025-05-27 11:30:00,16.170,16.240,16.150,16.180,9174650
2025-05-27 13:30:00,16.170,16.250,16.150,16.170,8026012
2025-05-27 14:00:00,16.170,16.210,16.160,16.190,4016780
2025-05-27 14:30:00,16.190,16.200,16.130,16.130,7816970
2025-05-27 15:00:00,16.130,16.140,16.060,16.100,23846852
2025-05-28 10:00:00,16.100,16.250,16.100,16.220,22390790
2025-05-28 10:30:00,16.220,16.230,16.140,16.170,7519923
2025-05-28 11:00:00,16.180,16.230,16.150,16.210,5352717
2025-05-28 11:30:00,16.210,16.340,16.190,16.300,13687430
2025-05-28 13:30:00,16.290,16.310,16.250,16.300,6815920
2025-05-28 14:00:00,16.300,16.300,16.240,16.300,4684080
2025-05-28 14:30:00,16.300,16.300,16.270,16.280,6199640
2025-05-28 15:00:00,16.280,16.290,16.260,16.270,6849208
2025-05-29 10:00:00,16.390,16.600,16.390,16.480,28954536
2025-05-29 10:30:00,16.480,16.520,16.400,16.450,11818400
2025-05-29 11:00:00,16.440,16.480,16.390,16.420,9335600
2025-05-29 11:30:00,16.420,16.440,16.390,16.430,3903540
2025-05-29 13:30:00,16.420,16.450,16.360,16.370,5865180
2025-05-29 14:00:00,16.360,16.430,16.360,16.420,5235273
2025-05-29 14:30:00,16.420,16.440,16.320,16.360,7383207
2025-05-29 15:00:00,16.360,16.390,16.350,16.380,7620553
2025-05-30 10:00:00,16.400,16.700,16.320,16.390,31358382
2025-05-30 10:30:00,16.390,16.470,16.380,16.400,6499400
2025-05-30 11:00:00,16.410,16.500,16.390,16.470,7927910
2025-05-30 11:30:00,16.480,16.510,16.420,16.460,7728480
2025-05-30 13:30:00,16.450,16.470,16.360,16.390,7018580
2025-05-30 14:00:00,16.380,16.420,16.360,16.400,4139340
2025-05-30 14:30:00,16.400,16.430,16.390,16.400,5589378
2025-05-30 15:00:00,16.410,16.440,16.390,16.390,9023752
2025-06-03 10:00:00,16.330,16.360,16.180,16.180,24244348
2025-06-03 10:30:00,16.190,16.280,16.130,16.240,15753594
2025-06-03 11:00:00,16.250,16.310,16.220,16.290,5419700
2025-06-03 11:30:00,16.280,16.350,16.270,16.330,4641080
2025-06-03 13:30:00,16.340,16.340,16.230,16.230,5337150
2025-06-03 14:00:00,16.230,16.240,16.200,16.210,5901200
2025-06-03 14:30:00,16.210,16.240,16.200,16.200,4869200
2025-06-03 15:00:00,16.210,16.250,16.200,16.220,6752444
2025-06-04 10:00:00,16.300,16.300,16.130,16.160,14512640
2025-06-04 10:30:00,16.160,16.180,16.110,16.120,10028500
2025-06-04 11:00:00,16.130,16.170,16.110,16.150,4738950
2025-06-04 11:30:00,16.140,16.180,16.130,16.160,3966330
2025-06-04 13:30:00,16.160,16.190,16.130,16.140,4634898
2025-06-04 14:00:00,16.140,16.150,16.120,16.150,5091570
2025-06-04 14:30:00,16.140,16.170,16.140,16.140,5630024
2025-06-04 15:00:00,16.150,16.160,16.130,16.130,9193739
2025-06-05 10:00:00,16.120,16.170,15.910,15.940,28757960
2025-06-05 10:30:00,15.930,15.960,15.890,15.920,12086590
2025-06-05 11:00:00,15.920,15.980,15.910,15.960,6474510
2025-06-05 11:30:00,15.960,15.990,15.940,15.960,6260338
2025-06-05 13:30:00,15.960,15.970,15.880,15.890,9900820
2025-06-05 14:00:00,15.890,15.900,15.850,15.870,10542430
2025-06-05 14:30:00,15.880,15.920,15.870,15.890,6935500
2025-06-05 15:00:00,15.900,15.920,15.880,15.920,10122432
2025-06-06 10:00:00,15.990,16.090,15.950,15.980,17019031
2025-06-06 10:30:00,15.980,16.010,15.930,15.990,7236400
2025-06-06 11:00:00,15.990,16.000,15.940,15.980,4715080
2025-06-06 11:30:00,15.980,15.980,15.940,15.940,2334600
2025-06-06 13:30:00,15.940,15.970,15.910,15.910,5503040
2025-06-06 14:00:00,15.910,15.940,15.900,15.930,4280640
2025-06-06 14:30:00,15.930,15.930,15.910,15.920,4037189
2025-06-06 15:00:00,15.920,15.930,15.910,15.930,5942556
2025-06-09 10:00:00,15.960,16.000,15.820,15.890,13346720
2025-06-09 10:30:00,15.890,15.950,15.880,15.910,7430445
2025-06-09 11:00:00,15.920,15.930,15.900,15.910,3544520
2025-06-09 11:30:00,15.910,15.930,15.890,15.890,4182670
2025-06-09 13:30:00,15.900,15.920,15.880,15.910,4590730
2025-06-09 14:00:00,15.920,15.930,15.900,15.920,2714830
2025-06-09 14:30:00,15.920,15.930,15.900,15.900,2799730
2025-06-09 15:00:00,15.900,15.920,15.890,15.910,6544684
2025-06-10 10:00:00,15.920,16.010,15.880,15.950,14189050
2025-06-10 10:30:00,15.950,16.020,15.940,15.990,7395374
2025-06-10 11:00:00,16.000,16.000,15.970,15.970,3560980
2025-06-10 11:30:00,15.970,15.990,15.950,15.980,3899962
2025-06-10 13:30:00,15.980,16.070,15.900,15.930,15565760
2025-06-10 14:00:00,15.930,16.060,15.920,16.000,13501740
2025-06-10 14:30:00,16.000,16.010,15.960,15.990,7247400
2025-06-10 15:00:00,15.990,16.040,15.970,15.990,13048900
2025-06-11 10:00:00,16.040,16.100,15.990,16.070,22388124
2025-06-11 10:30:00,16.070,16.180,16.070,16.150,15123671
2025-06-11 11:00:00,16.160,16.200,16.130,16.150,10611940
2025-06-11 11:30:00,16.150,16.160,16.060,16.070,8721730
2025-06-11 13:30:00,16.070,16.150,16.060,16.120,8467050
2025-06-11 14:00:00,16.120,16.140,16.070,16.070,7460231
2025-06-11 14:30:00,16.080,16.090,16.060,16.070,7467410
2025-06-11 15:00:00,16.070,16.080,16.020,16.020,13237559
2025-06-12 10:00:00,16.060,16.090,15.850,15.920,23890621
2025-06-12 10:30:00,15.920,15.980,15.900,15.920,7366330
2025-06-12 11:00:00,15.910,15.930,15.890,15.910,8220450
2025-06-12 11:30:00,15.910,15.920,15.880,15.900,4327053
2025-06-12 13:30:00,15.900,15.950,15.890,15.900,7357704
2025-06-12 14:00:00,15.900,15.930,15.890,15.910,3830350
2025-06-12 14:30:00,15.910,15.940,15.910,15.920,2943150
2025-06-12 15:00:00,15.930,15.950,15.910,15.920,5128661
2025-06-13 10:00:00,15.890,16.200,15.890,16.140,35948414
2025-06-13 10:30:00,16.130,16.240,16.090,16.180,18150500
2025-06-13 11:00:00,16.180,16.420,16.180,16.300,33884123
2025-06-13 11:30:00,16.300,16.350,16.270,16.330,8926267
2025-06-13 13:30:00,16.330,16.350,16.200,16.210,12540890
2025-06-13 14:00:00,16.210,16.230,16.150,16.200,8343080
2025-06-13 14:30:00,16.200,16.230,16.170,16.180,8325932
2025-06-13 15:00:00,16.190,16.190,16.140,16.190,13988375
2025-06-16 10:00:00,16.250,16.270,16.000,16.100,24448712
2025-06-16 10:30:00,16.110,16.140,16.070,16.110,6792030
2025-06-16 11:00:00,16.100,16.110,16.030,16.040,7814700
2025-06-16 11:30:00,16.040,16.070,16.030,16.040,4512140
2025-06-16 13:30:00,16.050,16.090,16.040,16.090,5651222
2025-06-16 14:00:00,16.090,16.100,16.060,16.080,3354090
2025-06-16 14:30:00,16.080,16.100,16.080,16.080,3748838
2025-06-16 15:00:00,16.090,16.130,16.080,16.120,7037920
2025-06-17 10:00:00,16.160,16.250,16.100,16.220,19413993
2025-06-17 10:30:00,16.220,16.310,16.170,16.280,13971930
2025-06-17 11:00:00,16.280,16.370,16.250,16.370,13114240
2025-06-17 11:30:00,16.370,16.380,16.270,16.320,6801620
2025-06-17 13:30:00,16.320,16.410,16.310,16.410,11011401
2025-06-17 14:00:00,16.400,16.410,16.350,16.360,6344137
2025-06-17 14:30:00,16.370,16.370,16.330,16.330,6632150
2025-06-17 15:00:00,16.340,16.360,16.330,16.340,10860456
2025-06-18 10:00:00,16.370,16.410,16.300,16.350,18570751
2025-06-18 10:30:00,16.350,16.350,16.270,16.310,7531821
2025-06-18 11:00:00,16.310,16.360,16.300,16.340,4191590
2025-06-18 11:30:00,16.330,16.370,16.310,16.370,4002520
2025-06-18 13:30:00,16.370,16.380,16.330,16.330,5208640
2025-06-18 14:00:00,16.340,16.360,16.330,16.350,3213250
2025-06-18 14:30:00,16.360,16.380,16.340,16.340,4582310
2025-06-18 15:00:00,16.350,16.370,16.330,16.340,6732465
2025-06-19 10:00:00,16.310,16.330,16.120,16.170,22430035
2025-06-19 10:30:00,16.180,16.190,16.130,16.150,5683950
2025-06-19 11:00:00,16.150,16.210,16.140,16.150,4235710
2025-06-19 11:30:00,16.160,16.160,16.060,16.080,13042341
2025-06-19 13:30:00,16.080,16.160,16.050,16.150,8754750
2025-06-19 14:00:00,16.150,16.200,16.130,16.150,6727900
2025-06-19 14:30:00,16.150,16.170,16.120,16.130,6416840
2025-06-19 15:00:00,16.120,16.150,16.110,16.120,8794014
2025-06-20 10:00:00,16.100,16.180,16.070,16.160,13166550
2025-06-20 10:30:00,16.160,16.180,16.120,16.160,7149340
2025-06-20 11:00:00,16.160,16.170,16.150,16.170,3259920
2025-06-20 11:30:00,16.160,16.210,16.150,16.190,6483527
2025-06-20 13:30:00,16.190,16.250,16.190,16.240,5973221
2025-06-20 14:00:00,16.250,16.330,16.240,16.330,10179850
2025-06-20 14:30:00,16.330,16.340,16.250,16.300,7430430
2025-06-20 15:00:00,16.300,16.360,16.280,16.330,13152559
2025-06-23 10:00:00,16.470,16.560,16.130,16.190,48562607
2025-06-23 10:30:00,16.190,16.220,16.160,16.190,8172240
2025-06-23 11:00:00,16.190,16.290,16.180,16.270,6447140
2025-06-23 11:30:00,16.260,16.270,16.210,16.220,4367510
2025-06-23 13:30:00,16.220,16.230,16.170,16.180,8484180
2025-06-23 14:00:00,16.170,16.240,16.160,16.230,7851580
2025-06-23 14:30:00,16.230,16.300,16.230,16.290,8387430
2025-06-23 15:00:00,16.290,16.300,16.260,16.270,12800521
2025-06-24 10:00:00,16.150,16.290,15.900,16.290,37897050
2025-06-24 10:30:00,16.290,16.340,16.270,16.300,17475149
2025-06-24 11:00:00,16.290,16.310,16.210,16.250,10609280
2025-06-24 11:30:00,16.250,16.250,16.180,16.190,6994130
2025-06-24 13:30:00,16.180,16.240,16.180,16.210,8136600
2025-06-24 14:00:00,16.220,16.240,16.190,16.190,7872730
2025-06-24 14:30:00,16.190,16.200,16.150,16.170,13735931
2025-06-24 15:00:00,16.170,16.200,16.160,16.190,23699560
2025-06-25 10:00:00,15.250,15.280,14.940,14.950,75695700
2025-06-25 10:30:00,14.940,14.950,14.860,14.900,25906989
2025-06-25 11:00:00,14.890,14.920,14.870,14.900,11887979
2025-06-25 11:30:00,14.910,14.910,14.870,14.890,9922351
2025-06-25 13:30:00,14.880,15.000,14.880,14.950,10668790
2025-06-25 14:00:00,14.960,15.010,14.940,14.990,7175190
2025-06-25 14:30:00,15.000,15.050,14.990,15.050,12453201
2025-06-25 15:00:00,15.040,15.080,15.010,15.060,12543058
2025-06-26 10:00:00,14.960,15.150,14.950,15.090,27340044
2025-06-26 10:30:00,15.100,15.120,15.070,15.100,9345374
2025-06-26 11:00:00,15.110,15.120,15.080,15.080,6279752
2025-06-26 11:30:00,15.080,15.090,15.050,15.060,6156290
2025-06-26 13:30:00,15.070,15.080,15.020,15.050,7418717
2025-06-26 14:00:00,15.060,15.070,15.020,15.030,4694100
2025-06-26 14:30:00,15.040,15.050,15.020,15.030,5893921
2025-06-26 15:00:00,15.030,15.040,15.000,15.000,10070850
2025-06-27 10:00:00,15.000,15.060,14.960,15.040,14015572
2025-06-27 10:30:00,15.040,15.070,15.040,15.050,8483030
2025-06-27 11:00:00,15.050,15.050,15.010,15.040,4898547
2025-06-27 11:30:00,15.050,15.070,15.010,15.030,5617147
2025-06-27 13:30:00,15.030,15.060,15.010,15.050,5201815
2025-06-27 14:00:00,15.050,15.060,15.010,15.010,4771430
2025-06-27 14:30:00,15.010,15.020,15.000,15.010,5053790
2025-06-27 15:00:00,15.010,15.040,15.000,15.040,7186790
2025-06-30 10:00:00,15.060,15.130,15.010,15.030,15545050
2025-06-30 10:30:00,15.040,15.060,15.000,15.060,6974220
2025-06-30 11:00:00,15.050,15.070,15.030,15.040,4054786
2025-06-30 11:30:00,15.040,15.040,15.020,15.040,1923900
2025-06-30 13:30:00,15.030,15.050,15.020,15.030,4214855
2025-06-30 14:00:00,15.030,15.040,15.020,15.030,3451280
2025-06-30 14:30:00,15.030,15.040,15.010,15.030,4206310
2025-06-30 15:00:00,15.020,15.060,15.020,15.040,6752180
2025-07-01 10:00:00,15.090,15.120,15.030,15.100,16884432
2025-07-01 10:30:00,15.090,15.110,15.060,15.090,7565250
2025-07-01 11:00:00,15.090,15.150,15.090,15.120,10439451
2025-07-01 11:30:00,15.120,15.130,15.090,15.130,2954543
2025-07-01 13:30:00,15.130,15.140,15.100,15.120,3202597
2025-07-01 14:00:00,15.110,15.140,15.100,15.140,3943300
2025-07-01 14:30:00,15.130,15.230,15.130,15.220,12376738
2025-07-01 15:00:00,15.220,15.260,15.190,15.240,10908174
2025-07-02 10:00:00,15.280,15.300,15.210,15.230,18812565
2025-07-02 10:30:00,15.230,15.260,15.200,15.210,9453270
2025-07-02 11:00:00,15.220,15.250,15.200,15.240,5893523
2025-07-02 11:30:00,15.240,15.250,15.210,15.240,4007123
2025-07-02 13:30:00,15.230,15.290,15.220,15.280,6954461
2025-07-02 14:00:00,15.280,15.320,15.260,15.290,10522065
2025-07-02 14:30:00,15.290,15.290,15.260,15.270,3353600
2025-07-02 15:00:00,15.270,15.290,15.260,15.260,5892957
2025-07-03 10:00:00,15.260,15.400,15.230,15.380,17309923
2025-07-03 10:30:00,15.380,15.400,15.320,15.320,9329389
2025-07-03 11:00:00,15.320,15.390,15.310,15.390,4591172
2025-07-03 11:30:00,15.390,15.470,15.380,15.460,11954320
2025-07-03 13:30:00,15.460,15.530,15.450,15.520,10413869
2025-07-03 14:00:00,15.520,15.520,15.470,15.470,4942800
2025-07-03 14:30:00,15.470,15.500,15.470,15.490,4090960
2025-07-03 15:00:00,15.490,15.510,15.470,15.500,9755600
2025-07-04 10:00:00,15.490,15.490,15.390,15.460,11309884
2025-07-04 10:30:00,15.450,15.500,15.430,15.480,6575720
2025-07-04 11:00:00,15.480,15.550,15.470,15.520,6846657
2025-07-04 11:30:00,15.530,15.560,15.500,15.530,5072910
2025-07-04 13:30:00,15.530,15.590,15.510,15.550,6780938
2025-07-04 14:00:00,15.550,15.560,15.500,15.510,4036260
2025-07-04 14:30:00,15.500,15.510,15.450,15.490,6262540
2025-07-04 15:00:00,15.500,15.500,15.450,15.480,8832460
2025-07-07 10:00:00,15.460,15.480,15.340,15.390,14125500
2025-07-07 10:30:00,15.390,15.400,15.360,15.390,5698320
2025-07-07 11:00:00,15.400,15.430,15.390,15.390,3371710
2025-07-07 11:30:00,15.390,15.420,15.380,15.390,2827950
2025-07-07 13:30:00,15.400,15.400,15.370,15.390,3148559
2025-07-07 14:00:00,15.390,15.420,15.380,15.420,2348060
2025-07-07 14:30:00,15.410,15.420,15.380,15.390,2946530
2025-07-07 15:00:00,15.390,15.410,15.370,15.410,6267952
2025-07-08 10:00:00,15.440,15.470,15.370,15.410,10062124
2025-07-08 10:30:00,15.410,15.410,15.320,15.340,8365981
2025-07-08 11:00:00,15.340,15.350,15.270,15.330,8931183
2025-07-08 11:30:00,15.320,15.370,15.310,15.330,5470149
2025-07-08 13:30:00,15.330,15.350,15.290,15.320,5815100
2025-07-08 14:00:00,15.310,15.340,15.300,15.330,5551720
2025-07-08 14:30:00,15.330,15.340,15.310,15.330,4525510
2025-07-08 15:00:00,15.330,15.340,15.310,15.320,6950378
2025-07-09 10:00:00,15.330,15.380,15.300,15.310,10858446
2025-07-09 10:30:00,15.310,15.350,15.310,15.340,4296980
2025-07-09 11:00:00,15.340,15.380,15.340,15.350,4990880
2025-07-09 11:30:00,15.350,15.360,15.320,15.320,3595950
2025-07-09 13:30:00,15.320,15.340,15.310,15.320,3862090
2025-07-09 14:00:00,15.310,15.330,15.300,15.310,3607090
2025-07-09 14:30:00,15.320,15.320,15.250,15.260,8929290
2025-07-09 15:00:00,15.260,15.270,15.210,15.230,9279710
2025-07-10 10:00:00,15.230,15.270,15.200,15.220,10367700
2025-07-10 10:30:00,15.220,15.260,15.210,15.240,5171448
2025-07-10 11:00:00,15.240,15.260,15.210,15.220,5190742
2025-07-10 11:30:00,15.220,15.250,15.210,15.230,6481950
2025-07-10 13:30:00,15.240,15.250,15.220,15.240,5724652
2025-07-10 14:00:00,15.240,15.270,15.240,15.250,5233720
2025-07-10 14:30:00,15.240,15.280,15.240,15.250,7869118
2025-07-10 15:00:00,15.250,15.250,15.220,15.220,11255366
2025-07-11 10:00:00,15.250,15.340,15.230,15.340,17761691
2025-07-11 10:30:00,15.330,15.380,15.330,15.350,12463247
2025-07-11 11:00:00,15.360,15.430,15.350,15.370,10244419
2025-07-11 11:30:00,15.370,15.440,15.360,15.440,7173880
2025-07-11 13:30:00,15.430,15.480,15.380,15.380,11712980
2025-07-11 14:00:00,15.390,15.410,15.360,15.370,7082190
2025-07-11 14:30:00,15.370,15.400,15.350,15.370,6227692
2025-07-11 15:00:00,15.380,15.380,15.230,15.230,14769106
2025-07-14 10:00:00,15.300,15.470,15.300,15.380,20603929
2025-07-14 10:30:00,15.380,15.400,15.350,15.350,5382600
2025-07-14 11:00:00,15.360,15.370,15.350,15.370,3881920
2025-07-14 11:30:00,15.360,15.380,15.310,15.370,4263020
2025-07-14 13:30:00,15.370,15.410,15.340,15.350,6001079
2025-07-14 14:00:00,15.360,15.380,15.340,15.360,3205330
2025-07-14 14:30:00,15.370,15.370,15.340,15.360,3220760
2025-07-14 15:00:00,15.370,15.370,15.330,15.330,7873540
2025-07-15 10:00:00,15.390,15.430,15.340,15.420,14066200
2025-07-15 10:30:00,15.420,15.420,15.310,15.370,9908670
2025-07-15 11:00:00,15.380,15.390,15.330,15.330,4410940
2025-07-15 11:30:00,15.340,15.340,15.260,15.280,9222538
2025-07-15 13:30:00,15.290,15.330,15.270,15.320,4820408
2025-07-15 14:00:00,15.320,15.340,15.300,15.330,3615590
2025-07-15 14:30:00,15.320,15.370,15.320,15.360,4291960
2025-07-15 15:00:00,15.360,15.380,15.330,15.350,6862290
2025-07-16 10:00:00,15.350,15.600,15.350,15.430,26183030
2025-07-16 10:30:00,15.430,15.450,15.400,15.410,5609790
2025-07-16 11:00:00,15.410,15.420,15.370,15.390,4983620
2025-07-16 11:30:00,15.390,15.440,15.380,15.400,3744450
2025-07-16 13:30:00,15.400,15.420,15.370,15.380,4081350
2025-07-16 14:00:00,15.380,15.390,15.350,15.370,6874587
2025-07-16 14:30:00,15.370,15.410,15.370,15.380,3680560
2025-07-16 15:00:00,15.380,15.410,15.380,15.390,7967730
2025-07-17 10:00:00,15.440,15.470,15.280,15.290,17422670
2025-07-17 10:30:00,15.290,15.300,15.180,15.220,23600960
2025-07-17 11:00:00,15.220,15.220,15.180,15.200,10542564
2025-07-17 11:30:00,15.200,15.210,15.180,15.200,6334551
2025-07-17 13:30:00,15.200,15.210,15.160,15.170,10804558
2025-07-17 14:00:00,15.170,15.210,15.160,15.210,7283318
2025-07-17 14:30:00,15.200,15.220,15.180,15.180,5805304
2025-07-17 15:00:00,15.180,15.200,15.170,15.170,14929349
2025-07-18 10:00:00,15.190,15.260,15.180,15.230,15886500
2025-07-18 10:30:00,15.230,15.300,15.230,15.300,10877037
2025-07-18 11:00:00,15.290,15.310,15.270,15.280,5922790
2025-07-18 11:30:00,15.280,15.290,15.250,15.250,2811485
2025-07-18 13:30:00,15.250,15.270,15.230,15.250,4357480
2025-07-18 14:00:00,15.250,15.270,15.240,15.260,3359230
2025-07-18 14:30:00,15.260,15.280,15.250,15.270,3194340
2025-07-18 15:00:00,15.280,15.290,15.260,15.290,7111813
2025-07-21 10:00:00,15.300,15.450,15.300,15.410,24805766
2025-07-21 10:30:00,15.410,15.450,15.380,15.440,10547613
2025-07-21 11:00:00,15.430,15.450,15.410,15.440,6213145
2025-07-21 11:30:00,15.440,15.470,15.430,15.450,8683653
2025-07-21 13:30:00,15.450,15.590,15.440,15.560,23822206
2025-07-21 14:00:00,15.570,15.580,15.500,15.520,5764885
2025-07-21 14:30:00,15.520,15.560,15.510,15.540,6936691
2025-07-21 15:00:00,15.550,15.610,15.540,15.610,23610836
2025-07-22 10:00:00,15.630,15.730,15.610,15.680,21386988
2025-07-22 10:30:00,15.680,15.690,15.610,15.630,10039410
2025-07-22 11:00:00,15.640,15.780,15.620,15.770,12209832
2025-07-22 11:30:00,15.770,15.990,15.770,15.990,20812693
2025-07-22 13:30:00,15.990,16.490,15.980,16.180,55307541
2025-07-22 14:00:00,16.190,16.270,16.140,16.150,15115243
2025-07-22 14:30:00,16.150,16.210,16.130,16.180,13543340
2025-07-22 15:00:00,16.180,16.220,16.140,16.180,18505472
2025-07-23 10:00:00,16.290,16.340,16.070,16.130,31404985
2025-07-23 10:30:00,16.120,16.180,16.070,16.150,16700394
2025-07-23 11:00:00,16.160,16.200,16.110,16.120,9110990
2025-07-23 11:30:00,16.130,16.240,16.110,16.220,9930730
2025-07-23 13:30:00,16.220,16.250,16.160,16.220,11428012
2025-07-23 14:00:00,16.210,16.220,16.140,16.150,6862605
2025-07-23 14:30:00,16.150,16.190,16.070,16.130,9200240
2025-07-23 15:00:00,16.130,16.140,16.090,16.110,8553756
2025-07-24 10:00:00,16.190,16.270,16.110,16.240,21724751
2025-07-24 10:30:00,16.230,16.290,16.190,16.210,12846150
2025-07-24 11:00:00,16.210,16.270,16.200,16.260,6121544
2025-07-24 11:30:00,16.260,16.350,16.210,16.310,13075020
2025-07-24 13:30:00,16.300,16.360,16.290,16.310,11291850
2025-07-24 14:00:00,16.310,16.430,16.260,16.270,14564908
2025-07-24 14:30:00,16.280,16.350,16.270,16.340,7782476
2025-07-24 15:00:00,16.340,16.370,16.300,16.340,14703712
2025-07-25 10:00:00,16.400,16.600,16.240,16.490,34553718
2025-07-25 10:30:00,16.490,16.720,16.390,16.550,30944810
2025-07-25 11:00:00,16.540,16.620,16.440,16.460,11704460
2025-07-25 11:30:00,16.460,16.470,16.360,16.360,8424040
2025-07-25 13:30:00,16.360,16.410,16.330,16.380,7175819
2025-07-25 14:00:00,16.390,16.450,16.380,16.430,5129785
2025-07-25 14:30:00,16.420,16.450,16.360,16.390,8770260
2025-07-25 15:00:00,16.390,16.450,16.380,16.430,14018097
2025-07-28 10:00:00,16.470,16.500,16.060,16.160,43280210
2025-07-28 10:30:00,16.160,16.170,16.080,16.090,16349539
2025-07-28 11:00:00,16.090,16.100,16.020,16.050,16449556
2025-07-28 11:30:00,16.050,16.080,16.010,16.020,12776520
2025-07-28 13:30:00,16.030,16.050,15.990,16.000,17585262
2025-07-28 14:00:00,16.010,16.040,15.990,16.010,11433220
2025-07-28 14:30:00,16.010,16.040,15.960,15.970,11603948
2025-07-28 15:00:00,15.980,16.000,15.950,15.970,16773106
2025-07-29 10:00:00,15.970,16.040,15.840,15.840,25763857
2025-07-29 10:30:00,15.850,15.930,15.810,15.930,15677631
2025-07-29 11:00:00,15.930,15.930,15.880,15.900,5325180
2025-07-29 11:30:00,15.900,15.910,15.860,15.880,5402705
2025-07-29 13:30:00,15.890,15.890,15.850,15.860,5533840
2025-07-29 14:00:00,15.860,15.920,15.860,15.910,5170370
2025-07-29 14:30:00,15.910,15.950,15.880,15.910,7886274
2025-07-29 15:00:00,15.910,15.920,15.870,15.900,11025785
2025-07-30 10:00:00,15.900,15.970,15.860,15.960,15951306
2025-07-30 10:30:00,15.950,16.020,15.940,16.000,11262390
2025-07-30 11:00:00,15.990,16.120,15.990,16.090,11009810
2025-07-30 11:30:00,16.100,16.100,16.020,16.040,5600940
2025-07-30 13:30:00,16.040,16.090,16.030,16.070,5089160
2025-07-30 14:00:00,16.080,16.120,15.950,15.980,11168860
2025-07-30 14:30:00,15.970,15.990,15.910,15.990,7656400
2025-07-30 15:00:00,15.980,16.000,15.950,15.980,8809850
2025-07-31 10:00:00,15.950,15.980,15.650,15.660,32548458
2025-07-31 10:30:00,15.650,15.760,15.620,15.710,13754726
2025-07-31 11:00:00,15.700,15.760,15.690,15.740,6312400
2025-07-31 11:30:00,15.730,15.750,15.700,15.710,4495004
2025-07-31 13:30:00,15.700,15.720,15.630,15.630,9743306
2025-07-31 14:00:00,15.630,15.690,15.600,15.670,13509668
2025-07-31 14:30:00,15.680,15.680,15.620,15.620,8325970
2025-07-31 15:00:00,15.630,15.650,15.590,15.640,16801750
2025-08-01 10:00:00,15.660,15.710,15.580,15.590,15449980
2025-08-01 10:30:00,15.600,15.640,15.580,15.620,7359490
2025-08-01 11:00:00,15.630,15.640,15.600,15.610,4121180
2025-08-01 11:30:00,15.610,15.610,15.580,15.600,3767367
2025-08-01 13:30:00,15.600,15.620,15.460,15.500,13893923
2025-08-01 14:00:00,15.500,15.520,15.470,15.490,8210060
2025-08-01 14:30:00,15.490,15.500,15.470,15.490,6577880
2025-08-01 15:00:00,15.490,15.510,15.470,15.500,10178165
2025-08-04 10:00:00,15.350,15.450,15.290,15.400,22830030
2025-08-04 10:30:00,15.390,15.420,15.350,15.400,8259350
2025-08-04 11:00:00,15.390,15.400,15.320,15.340,9032455
2025-08-04 11:30:00,15.350,15.380,15.340,15.360,3896064
2025-08-04 13:30:00,15.360,15.380,15.320,15.350,9395720
2025-08-04 14:00:00,15.350,15.400,15.330,15.360,6636739
2025-08-04 14:30:00,15.360,15.420,15.350,15.410,6021551
2025-08-04 15:00:00,15.420,15.430,15.380,15.400,11465685
2025-08-05 10:00:00,15.440,15.470,15.390,15.440,16080590
2025-08-05 10:30:00,15.440,15.460,15.370,15.420,11821540
2025-08-05 11:00:00,15.420,15.440,15.410,15.430,3807059
2025-08-05 11:30:00,15.430,15.440,15.410,15.440,3334863
2025-08-05 13:30:00,15.440,15.460,15.400,15.430,7252648
2025-08-05 14:00:00,15.430,15.460,15.420,15.430,6189560
2025-08-05 14:30:00,15.430,15.480,15.430,15.470,5650899
2025-08-05 15:00:00,15.470,15.480,15.420,15.460,13019624
2025-08-06 10:00:00,15.460,15.530,15.410,15.480,15300500
2025-08-06 10:30:00,15.480,15.550,15.450,15.540,10429715
2025-08-06 11:00:00,15.550,15.570,15.510,15.550,6853540
2025-08-06 11:30:00,15.540,15.600,15.540,15.590,6966511
2025-08-06 13:30:00,15.580,15.600,15.550,15.560,6939770
2025-08-06 14:00:00,15.550,15.600,15.540,15.580,6686540
2025-08-06 14:30:00,15.580,15.620,15.570,15.610,7770421
2025-08-06 15:00:00,15.600,15.640,15.600,15.630,10275809
2025-08-07 10:00:00,15.650,15.740,15.600,15.610,20760090
2025-08-07 10:30:00,15.610,15.650,15.550,15.550,9907473
2025-08-07 11:00:00,15.550,15.600,15.540,15.570,4880680
2025-08-07 11:30:00,15.580,15.640,15.570,15.620,3286350
2025-08-07 13:30:00,15.620,15.640,15.600,15.630,4632370
2025-08-07 14:00:00,15.620,15.640,15.610,15.610,2939120
2025-08-07 14:30:00,15.610,15.640,15.610,15.620,4312630
2025-08-07 15:00:00,15.610,15.660,15.610,15.640,7939419
2025-08-08 10:00:00,15.710,15.810,15.610,15.720,21729396
2025-08-08 10:30:00,15.730,15.820,15.720,15.790,13711266
2025-08-08 11:00:00,15.790,15.870,15.780,15.860,10143447
2025-08-08 11:30:00,15.850,15.860,15.820,15.830,3954550
2025-08-08 13:30:00,15.840,15.900,15.800,15.820,8861528
2025-08-08 14:00:00,15.820,15.850,15.770,15.770,5464460
2025-08-08 14:30:00,15.780,15.820,15.760,15.810,3661608
2025-08-08 15:00:00,15.810,15.830,15.790,15.790,6816758
2025-08-11 10:00:00,15.790,15.800,15.670,15.700,17829280
2025-08-11 10:30:00,15.700,15.720,15.640,15.660,9968740
2025-08-11 11:00:00,15.670,15.700,15.660,15.670,4549395
2025-08-11 11:30:00,15.680,15.700,15.660,15.670,4444770
2025-08-11 13:30:00,15.680,15.710,15.660,15.680,5647470
2025-08-11 14:00:00,15.670,15.690,15.660,15.680,5519050
2025-08-11 14:30:00,15.670,15.700,15.650,15.680,7535800
2025-08-11 15:00:00,15.670,15.690,15.660,15.670,8469571
2025-08-12 10:00:00,15.720,15.750,15.660,15.740,15028435
2025-08-12 10:30:00,15.750,15.790,15.720,15.730,12016145
2025-08-12 11:00:00,15.730,15.760,15.700,15.700,4315010
2025-08-12 11:30:00,15.700,15.780,15.700,15.750,4941305
2025-08-12 13:30:00,15.740,15.760,15.690,15.690,6255960
2025-08-12 14:00:00,15.700,15.700,15.670,15.690,5815462
2025-08-12 14:30:00,15.680,15.700,15.660,15.680,6068697
2025-08-12 15:00:00,15.680,15.680,15.650,15.660,10350127
2025-08-13 10:00:00,15.750,15.760,15.660,15.670,15409444
2025-08-13 10:30:00,15.680,15.680,15.640,15.660,7807792
2025-08-13 11:00:00,15.650,15.670,15.630,15.630,5631035
2025-08-13 11:30:00,15.630,15.670,15.620,15.650,6533925
2025-08-13 13:30:00,15.650,15.670,15.640,15.650,6353580
2025-08-13 14:00:00,15.660,15.670,15.640,15.640,6866060
2025-08-13 14:30:00,15.650,15.680,15.640,15.650,8024038
2025-08-13 15:00:00,15.650,15.660,15.630,15.650,9156414
2025-08-14 10:00:00,15.660,15.760,15.660,15.720,17959860
2025-08-14 10:30:00,15.730,15.770,15.710,15.740,11269400
2025-08-14 11:00:00,15.750,15.750,15.670,15.710,6761778
2025-08-14 11:30:00,15.710,15.720,15.670,15.670,4442780
2025-08-14 13:30:00,15.680,15.690,15.600,15.620,12274790
2025-08-14 14:00:00,15.610,15.630,15.600,15.620,5942440
2025-08-14 14:30:00,15.630,15.640,15.600,15.610,4697790
2025-08-14 15:00:00,15.610,15.620,15.560,15.560,10362070
2025-08-15 10:00:00,15.540,15.580,15.410,15.530,15639081
2025-08-15 10:30:00,15.530,15.570,15.460,15.470,10133745
2025-08-15 11:00:00,15.460,15.490,15.450,15.460,7204041
2025-08-15 11:30:00,15.470,15.490,15.440,15.480,7532087
2025-08-15 13:30:00,15.490,15.520,15.470,15.500,9799960
2025-08-15 14:00:00,15.500,15.540,15.490,15.510,9119596
2025-08-15 14:30:00,15.520,15.540,15.480,15.480,8830520
2025-08-15 15:00:00,15.480,15.510,15.460,15.460,17666199
2025-08-18 10:00:00,15.460,15.540,15.440,15.530,19551960
2025-08-18 10:30:00,15.530,15.570,15.500,15.550,11256260
2025-08-18 11:00:00,15.550,15.600,15.530,15.570,9909200
2025-08-18 11:30:00,15.570,15.590,15.550,15.570,7607290
2025-08-18 13:30:00,15.570,15.590,15.520,15.520,11087082
2025-08-18 14:00:00,15.520,15.540,15.470,15.480,10428050
2025-08-18 14:30:00,15.480,15.490,15.450,15.470,11132650
2025-08-18 15:00:00,15.470,15.480,15.400,15.400,24985014
2025-08-19 10:00:00,15.430,15.490,15.380,15.390,23404861
2025-08-19 10:30:00,15.400,15.410,15.350,15.370,11862270
2025-08-19 11:00:00,15.360,15.390,15.350,15.360,8163850
2025-08-19 11:30:00,15.360,15.380,15.330,15.350,9766630
2025-08-19 13:30:00,15.340,15.390,15.330,15.360,8309550
2025-08-19 14:00:00,15.350,15.360,15.330,15.340,8093610
2025-08-19 14:30:00,15.340,15.350,15.290,15.310,14062340
2025-08-19 15:00:00,15.310,15.330,15.280,15.290,15896330
2025-08-20 10:00:00,15.300,15.380,15.200,15.340,23644483
2025-08-20 10:30:00,15.350,15.380,15.320,15.360,9603171
2025-08-20 11:00:00,15.360,15.480,15.360,15.460,16569411
2025-08-20 11:30:00,15.460,15.570,15.450,15.490,21402980
2025-08-20 13:30:00,15.490,15.500,15.460,15.470,5986960
2025-08-20 14:00:00,15.480,15.490,15.450,15.480,6428603
2025-08-20 14:30:00,15.480,15.510,15.470,15.490,7250795
2025-08-20 15:00:00,15.490,15.550,15.480,15.550,11763232
2025-08-21 10:00:00,15.550,15.680,15.510,15.580,24239324
2025-08-21 10:30:00,15.590,15.680,15.570,15.680,13652533
2025-08-21 11:00:00,15.670,15.720,15.670,15.680,16685121
2025-08-21 11:30:00,15.680,15.690,15.640,15.690,7014042
2025-08-21 13:30:00,15.690,15.690,15.640,15.670,5537150
2025-08-21 14:00:00,15.670,15.680,15.650,15.660,5726050
2025-08-21 14:30:00,15.660,15.700,15.630,15.670,8814979
2025-08-21 15:00:00,15.670,15.680,15.620,15.660,9812353
2025-08-22 10:00:00,15.670,15.710,15.550,15.570,17823190
2025-08-22 10:30:00,15.580,15.590,15.510,15.530,10369960
2025-08-22 11:00:00,15.530,15.580,15.510,15.540,6778670
2025-08-22 11:30:00,15.550,15.570,15.530,15.550,3727703
2025-08-22 13:30:00,15.560,15.570,15.520,15.560,7367389
2025-08-22 14:00:00,15.560,15.620,15.550,15.600,5641621
2025-08-22 14:30:00,15.600,15.630,15.590,15.620,6602170
2025-08-22 15:00:00,15.620,15.670,15.610,15.670,13570139
2025-08-25 10:00:00,15.670,15.750,15.640,15.700,28404503
2025-08-25 10:30:00,15.700,15.740,15.690,15.740,10331425
2025-08-25 11:00:00,15.740,15.770,15.730,15.760,11537732
2025-08-25 11:30:00,15.760,15.840,15.730,15.750,16764079
2025-08-25 13:30:00,15.750,15.820,15.700,15.760,11277080
2025-08-25 14:00:00,15.760,15.900,15.750,15.860,18256469
2025-08-25 14:30:00,15.860,15.900,15.850,15.900,9181612
2025-08-25 15:00:00,15.900,15.950,15.880,15.940,16826970
2025-08-26 10:00:00,15.910,15.940,15.800,15.920,24143212
2025-08-26 10:30:00,15.920,15.980,15.900,15.960,14135530
2025-08-26 11:00:00,15.950,16.000,15.930,16.000,10588040
2025-08-26 11:30:00,15.990,16.050,15.970,16.020,11604970
2025-08-26 13:30:00,16.020,16.030,15.990,15.990,6306440
2025-08-26 14:00:00,15.990,16.000,15.970,16.000,5776630
2025-08-26 14:30:00,15.990,16.010,15.980,16.010,7511280
2025-08-26 15:00:00,16.010,16.030,15.960,15.960,15607510
2025-08-27 10:00:00,15.920,16.000,15.890,15.910,20407472
2025-08-27 10:30:00,15.910,15.940,15.890,15.910,12817110
2025-08-27 11:00:00,15.900,15.990,15.900,15.980,9061719
2025-08-27 11:30:00,15.980,15.980,15.940,15.940,4981290
2025-08-27 13:30:00,15.950,15.980,15.830,15.840,14954580
2025-08-27 14:00:00,15.850,15.850,15.710,15.740,18305668
2025-08-27 14:30:00,15.740,15.800,15.690,15.690,19446705
2025-08-27 15:00:00,15.690,15.750,15.610,15.650,26700147
2025-08-28 10:00:00,15.620,15.770,15.620,15.660,19514660
2025-08-28 10:30:00,15.670,15.780,15.650,15.780,9871860
2025-08-28 11:00:00,15.780,15.830,15.750,15.820,10471389
2025-08-28 11:30:00,15.810,15.880,15.800,15.820,11497431
2025-08-28 13:30:00,15.830,15.830,15.700,15.710,8965250
2025-08-28 14:00:00,15.710,15.780,15.660,15.760,9154310
2025-08-28 14:30:00,15.770,15.840,15.740,15.810,6438946
2025-08-28 15:00:00,15.800,15.950,15.790,15.940,20744973
2025-08-29 10:00:00,15.600,15.610,15.380,15.510,82756296
2025-08-29 10:30:00,15.520,15.530,15.430,15.450,30751585
2025-08-29 11:00:00,15.450,15.450,15.380,15.380,36176650
2025-08-29 11:30:00,15.380,15.400,15.320,15.330,28272963
2025-08-29 13:30:00,15.340,15.350,15.300,15.320,27098114
2025-08-29 14:00:00,15.320,15.340,15.290,15.320,18591668
2025-08-29 14:30:00,15.310,15.350,15.300,15.330,17278872
2025-08-29 15:00:00,15.330,15.340,15.280,15.280,29883924
2025-09-01 10:00:00,15.220,15.270,15.140,15.220,47417260
2025-09-01 10:30:00,15.230,15.290,15.160,15.200,22930983
2025-09-01 11:00:00,15.200,15.220,15.180,15.210,7702678
2025-09-01 11:30:00,15.200,15.220,15.160,15.160,9470982
2025-09-01 13:30:00,15.170,15.190,15.150,15.180,9653073
2025-09-01 14:00:00,15.170,15.180,15.140,15.140,12720797
2025-09-01 14:30:00,15.140,15.160,15.130,15.150,9780051
2025-09-01 15:00:00,15.160,15.210,15.150,15.190,11630057
2025-09-02 10:00:00,15.220,15.400,15.220,15.330,31299510
2025-09-02 10:30:00,15.330,15.370,15.250,15.300,18707963
2025-09-02 11:00:00,15.300,15.310,15.210,15.230,10811510
2025-09-02 11:30:00,15.230,15.260,15.180,15.250,10850679
2025-09-02 13:30:00,15.250,15.270,15.210,15.230,9659919
2025-09-02 14:00:00,15.230,15.310,15.220,15.290,7288350
2025-09-02 14:30:00,15.290,15.340,15.280,15.310,9688750
2025-09-02 15:00:00,15.320,15.340,15.290,15.330,10336090
2025-09-03 10:00:00,15.400,15.420,15.210,15.220,16865639
2025-09-03 10:30:00,15.220,15.230,15.180,15.200,10113580
2025-09-03 11:00:00,15.210,15.240,15.160,15.220,8845200
2025-09-03 11:30:00,15.220,15.220,15.160,15.160,8936536
2025-09-03 13:30:00,15.170,15.200,15.150,15.180,7201770
2025-09-03 14:00:00,15.170,15.180,15.110,15.120,11526930
2025-09-03 14:30:00,15.130,15.150,15.110,15.130,7485373
2025-09-03 15:00:00,15.130,15.160,15.110,15.160,13574661
2025-09-04 10:00:00,15.140,15.140,15.010,15.040,20745951
2025-09-04 10:30:00,15.050,15.080,15.020,15.040,10148872
2025-09-04 11:00:00,15.040,15.050,14.930,14.980,18785557
2025-09-04 11:30:00,14.980,15.010,14.950,14.970,9568280
2025-09-04 13:30:00,14.970,15.030,14.950,15.010,11743758
2025-09-04 14:00:00,15.010,15.090,15.000,15.060,7277651
2025-09-04 14:30:00,15.060,15.100,15.010,15.100,8695928
2025-09-04 15:00:00,15.100,15.220,15.080,15.160,19974527
2025-09-05 10:00:00,15.160,15.170,15.050,15.130,14536687
2025-09-05 10:30:00,15.130,15.150,15.100,15.130,6002806
2025-09-05 11:00:00,15.130,15.140,15.100,15.130,4522761
2025-09-05 11:30:00,15.120,15.130,15.070,15.090,6769212
2025-09-05 13:30:00,15.080,15.110,15.080,15.090,3939980
2025-09-05 14:00:00,15.090,15.110,15.080,15.100,4550980
2025-09-05 14:30:00,15.100,15.150,15.090,15.140,7623646
2025-09-05 15:00:00,15.140,15.170,15.110,15.120,15735330
2025-09-08 10:00:00,15.050,15.260,15.030,15.190,28509258
2025-09-08 10:30:00,15.190,15.240,15.180,15.200,10683511
2025-09-08 11:00:00,15.210,15.250,15.180,15.180,8601486
2025-09-08 11:30:00,15.180,15.230,15.180,15.220,5651220
2025-09-08 13:30:00,15.230,15.240,15.180,15.200,6924770
2025-09-08 14:00:00,15.200,15.220,15.190,15.210,4441620
2025-09-08 14:30:00,15.220,15.230,15.200,15.220,5673707
2025-09-08 15:00:00,15.220,15.240,15.210,15.230,9511230
2025-09-09 10:00:00,15.210,15.220,15.130,15.180,12795550
2025-09-09 10:30:00,15.180,15.230,15.170,15.210,8787872
2025-09-09 11:00:00,15.220,15.240,15.200,15.220,6317614
2025-09-09 11:30:00,15.220,15.220,15.150,15.160,6087200
2025-09-09 13:30:00,15.160,15.170,15.100,15.110,10893190
2025-09-09 14:00:00,15.110,15.120,15.070,15.090,8903450
2025-09-09 14:30:00,15.100,15.120,15.080,15.100,4953608
2025-09-09 15:00:00,15.100,15.120,15.090,15.110,5703668
2025-09-10 10:00:00,15.110,15.130,15.050,15.110,10535260
2025-09-10 10:30:00,15.100,15.110,15.060,15.060,7482064
2025-09-10 11:00:00,15.060,15.070,15.020,15.050,9652800
2025-09-10 11:30:00,15.040,15.070,15.040,15.070,3763394
2025-09-10 13:30:00,15.070,15.090,15.050,15.060,4228810
2025-09-10 14:00:00,15.070,15.070,15.050,15.050,3446645
2025-09-10 14:30:00,15.050,15.090,15.050,15.060,4839270
2025-09-10 15:00:00,15.050,15.070,15.040,15.050,7596044
2025-09-11 10:00:00,15.030,15.050,14.930,14.990,22068242
2025-09-11 10:30:00,15.000,15.010,14.950,14.950,9667490
2025-09-11 11:00:00,14.960,14.970,14.940,14.970,11888854
2025-09-11 11:30:00,14.960,15.040,14.960,15.040,8188950
2025-09-11 13:30:00,15.040,15.080,15.020,15.060,8514436
2025-09-11 14:00:00,15.070,15.080,15.030,15.040,4469810
2025-09-11 14:30:00,15.040,15.060,15.030,15.060,6955295
2025-09-11 15:00:00,15.060,15.080,15.050,15.080,12410516
2025-09-12 10:00:00,15.060,15.170,15.060,15.080,17901459
2025-09-12 10:30:00,15.090,15.100,15.070,15.090,6087123
2025-09-12 11:00:00,15.090,15.110,15.060,15.070,6209577
2025-09-12 11:30:00,15.060,15.070,15.040,15.070,4909130
2025-09-12 13:30:00,15.070,15.080,15.040,15.040,5794843
2025-09-12 14:00:00,15.050,15.050,15.030,15.030,5258727
2025-09-12 14:30:00,15.030,15.040,14.990,15.010,12811560
2025-09-12 15:00:00,15.010,15.030,14.990,15.010,8370570
2025-09-15 10:00:00,15.010,15.020,14.930,14.940,17544843
2025-09-15 10:30:00,14.940,14.970,14.880,14.900,18776964
2025-09-15 11:00:00,14.900,14.920,14.890,14.910,7507833
2025-09-15 11:30:00,14.900,14.950,14.900,14.940,3862340
2025-09-15 13:30:00,14.950,14.960,14.910,14.940,5094430
2025-09-15 14:00:00,14.940,14.950,14.910,14.920,2994302
2025-09-15 14:30:00,14.920,14.930,14.900,14.910,4449365
2025-09-15 15:00:00,14.910,14.950,14.900,14.950,7186672
2025-09-16 10:00:00,14.950,15.000,14.920,14.930,11988751
2025-09-16 10:30:00,14.930,14.940,14.900,14.910,6742900
2025-09-16 11:00:00,14.900,14.920,14.880,14.880,7242850
2025-09-16 11:30:00,14.880,14.900,14.870,14.900,5540721
2025-09-16 13:30:00,14.890,14.900,14.880,14.890,5529449
2025-09-16 14:00:00,14.900,14.900,14.880,14.900,3442610
2025-09-16 14:30:00,14.890,14.910,14.890,14.890,6414570
2025-09-16 15:00:00,14.890,14.910,14.890,14.900,5891835
2025-09-17 10:00:00,14.910,14.980,14.880,14.890,12959330
2025-09-17 10:30:00,14.880,14.950,14.870,14.940,8133052
2025-09-17 11:00:00,14.940,15.010,14.930,14.970,11973940
2025-09-17 11:30:00,14.980,14.980,14.950,14.970,4313060
2025-09-17 13:30:00,14.970,15.000,14.950,14.960,7688830
2025-09-17 14:00:00,14.970,14.970,14.940,14.950,4860920
2025-09-17 14:30:00,14.960,14.970,14.940,14.960,3999371
2025-09-17 15:00:00,14.960,14.960,14.930,14.940,7070059
2025-09-18 10:00:00,14.950,14.980,14.810,14.820,22795300
2025-09-18 10:30:00,14.820,14.860,14.800,14.840,11594350
2025-09-18 11:00:00,14.830,14.840,14.800,14.810,10709934
2025-09-18 11:30:00,14.800,14.850,14.800,14.830,6748247
2025-09-18 13:30:00,14.830,14.860,14.800,14.810,9525720
2025-09-18 14:00:00,14.800,14.810,14.750,14.750,14175970
2025-09-18 14:30:00,14.760,14.760,14.640,14.660,19288686
2025-09-18 15:00:00,14.660,14.700,14.620,14.690,15302791
2025-09-19 10:00:00,14.680,14.870,14.620,14.800,25334274
2025-09-19 10:30:00,14.810,14.830,14.770,14.770,6763070
2025-09-19 11:00:00,14.770,14.840,14.750,14.820,8514533
2025-09-19 11:30:00,14.820,14.880,14.800,14.870,7544620
2025-09-19 13:30:00,14.880,14.880,14.810,14.820,6110000
2025-09-19 14:00:00,14.810,14.840,14.800,14.840,5460342
2025-09-19 14:30:00,14.840,14.880,14.830,14.870,8479579
2025-09-19 15:00:00,14.870,14.900,14.870,14.880,12008915
2025-09-22 10:00:00,14.810,14.820,14.550,14.560,39647199
2025-09-22 10:30:00,14.560,14.600,14.540,14.570,12663760
2025-09-22 11:00:00,14.560,14.580,14.540,14.550,7364300
2025-09-22 11:30:00,14.540,14.550,14.510,14.530,8575270
2025-09-22 13:30:00,14.530,14.530,14.440,14.460,17118820
2025-09-22 14:00:00,14.460,14.470,14.430,14.440,9645354
2025-09-22 14:30:00,14.430,14.440,14.430,14.440,8730570
2025-09-22 15:00:00,14.440,14.460,14.430,14.430,14325240
2025-09-23 10:00:00,14.450,14.560,14.330,14.510,31739920
2025-09-23 10:30:00,14.510,14.520,14.390,14.410,10348934
2025-09-23 11:00:00,14.400,14.480,14.370,14.480,8498240
2025-09-23 11:30:00,14.480,14.500,14.400,14.410,5145380
2025-09-23 13:30:00,14.420,14.430,14.380,14.420,5111571
2025-09-23 14:00:00,14.420,14.460,14.390,14.460,5281760
2025-09-23 14:30:00,14.460,14.520,14.440,14.500,8306776
2025-09-23 15:00:00,14.500,14.540,14.480,14.530,7996750
2025-09-24 10:00:00,14.490,14.540,14.410,14.480,15151376
2025-09-24 10:30:00,14.490,14.490,14.370,14.370,14542380
2025-09-24 11:00:00,14.370,14.430,14.370,14.410,5564070
2025-09-24 11:30:00,14.410,14.430,14.400,14.410,3492000
2025-09-24 13:30:00,14.420,14.460,14.400,14.420,4788698
2025-09-24 14:00:00,14.430,14.470,14.420,14.470,7678930
2025-09-24 14:30:00,14.470,14.480,14.430,14.460,5425866
2025-09-24 15:00:00,14.460,14.460,14.430,14.430,11468625
2025-09-25 10:00:00,14.450,14.450,14.330,14.370,14239530
2025-09-25 10:30:00,14.370,14.380,14.330,14.360,8138231
2025-09-25 11:00:00,14.350,14.400,14.350,14.390,5070210
2025-09-25 11:30:00,14.400,14.400,14.370,14.370,2899310
2025-09-25 13:30:00,14.370,14.390,14.350,14.360,4829450
2025-09-25 14:00:00,14.370,14.390,14.350,14.380,4909300
2025-09-25 14:30:00,14.380,14.400,14.370,14.380,4773740
2025-09-25 15:00:00,14.390,14.400,14.370,14.370,7160280
2025-09-26 10:00:00,14.330,14.370,14.300,14.310,13014215
2025-09-26 10:30:00,14.320,14.340,14.310,14.320,4890820
2025-09-26 11:00:00,14.330,14.360,14.310,14.320,4025760
2025-09-26 11:30:00,14.330,14.350,14.320,14.340,3257037
2025-09-26 13:30:00,14.340,14.380,14.330,14.370,6098320
2025-09-26 14:00:00,14.360,14.430,14.360,14.380,8066860
2025-09-26 14:30:00,14.380,14.400,14.360,14.380,3586830
2025-09-26 15:00:00,14.380,14.390,14.360,14.360,5333742
2025-09-29 10:00:00,14.300,14.310,14.130,14.150,23146765
2025-09-29 10:30:00,14.160,14.170,14.120,14.150,10965430
2025-09-29 11:00:00,14.140,14.150,14.110,14.140,8284368
2025-09-29 11:30:00,14.130,14.140,14.110,14.130,6822963
2025-09-29 13:30:00,14.130,14.140,14.110,14.140,6325077
2025-09-29 14:00:00,14.130,14.320,14.120,14.320,15117000
2025-09-29 14:30:00,14.320,14.340,14.240,14.260,7030420
2025-09-29 15:00:00,14.260,14.280,14.250,14.250,8318170
2025-09-30 10:00:00,14.250,14.310,14.200,14.280,15306392
2025-09-30 10:30:00,14.280,14.300,14.230,14.240,7663010
2025-09-30 11:00:00,14.240,14.250,14.230,14.240,3780051
2025-09-30 11:30:00,14.240,14.250,14.220,14.230,3881300
2025-09-30 13:30:00,14.240,14.290,14.220,14.290,5860740
2025-09-30 14:00:00,14.290,14.320,14.270,14.320,7738523
2025-09-30 14:30:00,14.310,14.330,14.300,14.320,6051428
2025-09-30 15:00:00,14.310,14.350,14.310,14.340,9914110
2025-10-09 10:00:00,14.150,14.200,14.030,14.150,28384575
2025-10-09 10:30:00,14.150,14.220,14.140,14.180,10250402
2025-10-09 11:00:00,14.180,14.290,14.150,14.250,10811691
2025-10-09 11:30:00,14.260,14.280,14.220,14.250,6511340
2025-10-09 13:30:00,14.250,14.300,14.220,14.270,6588440
2025-10-09 14:00:00,14.270,14.320,14.260,14.300,6412340
2025-10-09 14:30:00,14.310,14.370,14.300,14.360,9561260
2025-10-09 15:00:00,14.360,14.390,14.340,14.380,8949325
2025-10-10 10:00:00,14.300,14.490,14.280,14.420,24101908
2025-10-10 10:30:00,14.430,14.610,14.410,14.550,21973090
2025-10-10 11:00:00,14.540,14.560,14.510,14.530,8628300
2025-10-10 11:30:00,14.530,14.580,14.530,14.570,6685880
2025-10-10 13:30:00,14.570,14.580,14.510,14.530,5507210
2025-10-10 14:00:00,14.530,14.560,14.470,14.500,8379403
2025-10-10 14:30:00,14.500,14.530,14.470,14.490,6660740
2025-10-10 15:00:00,14.490,14.530,14.480,14.520,8442190
2025-10-13 10:00:00,14.260,14.310,14.200,14.220,31109430
2025-10-13 10:30:00,14.230,14.440,14.210,14.430,13995440
2025-10-13 11:00:00,14.430,14.450,14.380,14.380,8013450
2025-10-13 11:30:00,14.390,14.420,14.360,14.370,4838700
2025-10-13 13:30:00,14.380,14.440,14.340,14.440,8927930
2025-10-13 14:00:00,14.440,14.480,14.420,14.430,8453848
2025-10-13 14:30:00,14.420,14.450,14.410,14.440,6014840
2025-10-13 15:00:00,14.440,14.460,14.430,14.440,9596826
2025-10-14 10:00:00,14.590,14.760,14.580,14.740,38915865
2025-10-14 10:30:00,14.750,14.930,14.740,14.840,35479249
2025-10-14 11:00:00,14.830,14.900,14.800,14.830,14283401
2025-10-14 11:30:00,14.830,14.890,14.830,14.880,9753731
2025-10-14 13:30:00,14.870,14.890,14.790,14.860,13191864
2025-10-14 14:00:00,14.860,14.870,14.820,14.830,5976345
2025-10-14 14:30:00,14.830,14.830,14.780,14.790,9049359
2025-10-14 15:00:00,14.800,14.880,14.790,14.870,16936493
2025-10-15 10:00:00,14.860,14.860,14.650,14.730,27705305
2025-10-15 10:30:00,14.730,14.750,14.680,14.690,14152690
2025-10-15 11:00:00,14.690,14.690,14.620,14.640,10888780
2025-10-15 11:30:00,14.640,14.680,14.640,14.660,3832950
2025-10-15 13:30:00,14.660,14.670,14.620,14.660,6543746
2025-10-15 14:00:00,14.650,14.680,14.630,14.680,5019480
2025-10-15 14:30:00,14.670,14.750,14.660,14.740,7468000
2025-10-15 15:00:00,14.730,14.750,14.710,14.740,10108276
2025-10-16 10:00:00,14.750,14.920,14.740,14.890,31028893
2025-10-16 10:30:00,14.900,14.940,14.880,14.930,15829770
2025-10-16 11:00:00,14.930,14.960,14.900,14.950,12891018
2025-10-16 11:30:00,14.940,14.960,14.910,14.910,8043000
2025-10-16 13:30:00,14.910,14.920,14.870,14.890,9858340
2025-10-16 14:00:00,14.890,14.950,14.870,14.950,9500450
2025-10-16 14:30:00,14.950,14.990,14.940,14.970,16849640
2025-10-16 15:00:00,14.970,14.990,14.960,14.990,15396015
2025-10-17 10:00:00,15.020,15.100,14.920,15.000,29407291
2025-10-17 10:30:00,15.000,15.010,14.950,14.980,10322830
2025-10-17 11:00:00,14.980,15.000,14.970,14.990,6182590
2025-10-17 11:30:00,14.990,15.050,14.970,14.980,7693020
2025-10-17 13:30:00,14.980,15.010,14.970,15.000,10686958
2025-10-17 14:00:00,14.990,15.010,14.960,14.960,6507740
2025-10-17 14:30:00,14.970,14.970,14.900,14.900,8459252
2025-10-17 15:00:00,14.910,14.960,14.900,14.960,13746061
2025-10-20 10:00:00,14.900,14.990,14.760,14.810,27482763
2025-10-20 10:30:00,14.820,14.830,14.780,14.820,9205502
2025-10-20 11:00:00,14.820,14.860,14.810,14.840,4478031
2025-10-20 11:30:00,14.840,14.870,14.820,14.840,3837230
2025-10-20 13:30:00,14.830,14.900,14.830,14.900,5755138
2025-10-20 14:00:00,14.890,14.940,14.880,14.900,5128305
2025-10-20 14:30:00,14.900,14.910,14.870,14.870,3810950
2025-10-20 15:00:00,14.870,14.880,14.840,14.860,8686722
2025-10-21 10:00:00,14.900,14.920,14.780,14.890,16991929
2025-10-21 10:30:00,14.900,14.910,14.870,14.880,6499460
2025-10-21 11:00:00,14.890,14.890,14.850,14.870,7538870
2025-10-21 11:30:00,14.860,14.940,14.860,14.930,7782180
2025-10-21 13:30:00,14.930,14.940,14.890,14.900,4425730
2025-10-21 14:00:00,14.900,14.930,14.890,14.930,6130502
2025-10-21 14:30:00,14.930,14.970,14.910,14.930,10659010
2025-10-21 15:00:00,14.930,14.960,14.930,14.930,8850112
2025-10-22 10:00:00,14.940,15.030,14.940,15.010,16978727
2025-10-22 10:30:00,15.010,15.040,14.990,15.040,8836485
2025-10-22 11:00:00,15.030,15.060,15.020,15.060,6113350
2025-10-22 11:30:00,15.060,15.070,14.970,14.980,9375490
2025-10-22 13:30:00,14.980,15.020,14.970,15.020,4021850
2025-10-22 14:00:00,15.020,15.040,15.010,15.020,4736590
2025-10-22 14:30:00,15.010,15.040,15.000,15.030,5477600
2025-10-22 15:00:00,15.030,15.050,15.020,15.030,11784838
2025-10-23 10:00:00,14.970,15.060,14.960,14.960,17836640
2025-10-23 10:30:00,14.960,14.970,14.900,14.940,11314400
2025-10-23 11:00:00,14.940,15.040,14.940,15.000,7319530
2025-10-23 11:30:00,15.010,15.030,14.990,15.020,4122560
2025-10-23 13:30:00,15.020,15.030,14.980,14.990,4530080
2025-10-23 14:00:00,14.990,15.010,14.980,15.000,4520300
2025-10-23 14:30:00,15.000,15.040,15.000,15.030,8879650
2025-10-23 15:00:00,15.030,15.070,15.030,15.050,16373146
2025-10-24 10:00:00,14.600,14.670,14.550,14.600,40110041
2025-10-24 10:30:00,14.600,14.640,14.510,14.510,12566520
2025-10-24 11:00:00,14.510,14.590,14.510,14.570,5270280
2025-10-24 11:30:00,14.580,14.580,14.520,14.540,4152900
2025-10-24 13:30:00,14.530,14.550,14.510,14.520,5715010
2025-10-24 14:00:00,14.520,14.550,14.520,14.550,4013290
2025-10-24 14:30:00,14.550,14.560,14.520,14.530,5758860
2025-10-24 15:00:00,14.540,14.540,14.500,14.510,8780459
2025-10-27 10:00:00,14.650,14.830,14.600,14.820,37998573
2025-10-27 10:30:00,14.810,14.880,14.800,14.860,20528749
2025-10-27 11:00:00,14.850,14.880,14.790,14.860,11286960
2025-10-27 11:30:00,14.860,14.900,14.850,14.900,10024855
2025-10-27 13:30:00,14.900,14.900,14.810,14.830,6796620
2025-10-27 14:00:00,14.840,14.860,14.800,14.810,6452070
2025-10-27 14:30:00,14.810,14.910,14.810,14.880,12625710
2025-10-27 15:00:00,14.880,14.890,14.850,14.870,10918098
2025-10-28 10:00:00,14.890,14.910,14.780,14.800,19379380
2025-10-28 10:30:00,14.800,14.850,14.770,14.840,8523406
2025-10-28 11:00:00,14.830,14.850,14.800,14.810,3880984
2025-10-28 11:30:00,14.810,14.840,14.770,14.810,7789030
2025-10-28 13:30:00,14.810,14.880,14.790,14.830,6722501
2025-10-28 14:00:00,14.830,14.850,14.760,14.800,8295814
2025-10-28 14:30:00,14.790,14.810,14.770,14.810,5123820
2025-10-28 15:00:00,14.810,14.810,14.760,14.760,8374766
2025-10-29 10:00:00,14.800,14.820,14.650,14.750,14046940
2025-10-29 10:30:00,14.750,14.810,14.720,14.810,6817410
2025-10-29 11:00:00,14.810,14.830,14.770,14.780,5794490
2025-10-29 11:30:00,14.780,14.830,14.770,14.820,4881070
2025-10-29 13:30:00,14.820,14.890,14.820,14.860,7656998
2025-10-29 14:00:00,14.860,14.900,14.840,14.860,9177533
2025-10-29 14:30:00,14.860,14.870,14.840,14.840,3445900
2025-10-29 15:00:00,14.840,14.870,14.830,14.840,8049250
2025-10-30 10:00:00,14.870,14.980,14.840,14.890,22101433
2025-10-30 10:30:00,14.890,15.020,14.880,14.980,18767450
2025-10-30 11:00:00,14.970,15.010,14.960,14.980,8610994
2025-10-30 11:30:00,14.990,15.010,14.960,14.990,6913541
2025-10-30 13:30:00,14.980,15.000,14.820,14.920,11952194
2025-10-30 14:00:00,14.910,14.950,14.880,14.930,5778531
2025-10-30 14:30:00,14.920,14.950,14.880,14.880,5131570
2025-10-30 15:00:00,14.880,14.910,14.880,14.880,8458391
2025-10-31 10:00:00,15.030,15.330,15.030,15.160,57750787
2025-10-31 10:30:00,15.160,15.220,15.080,15.110,16158720
2025-10-31 11:00:00,15.110,15.120,15.060,15.090,8734380
2025-10-31 11:30:00,15.100,15.110,15.010,15.060,8686193
2025-10-31 13:30:00,15.050,15.070,15.010,15.050,9021058
2025-10-31 14:00:00,15.040,15.080,15.010,15.010,6588244
2025-10-31 14:30:00,15.020,15.070,15.010,15.070,6508210
2025-10-31 15:00:00,15.070,15.070,15.010,15.010,10887151
2025-11-03 10:00:00,15.030,15.250,15.030,15.180,32670114
2025-11-03 10:30:00,15.190,15.220,15.150,15.170,16738930
2025-11-03 11:00:00,15.170,15.230,15.120,15.210,12632471
2025-11-03 11:30:00,15.210,15.230,15.180,15.210,6312310
2025-11-03 13:30:00,15.200,15.210,15.150,15.170,6396182
2025-11-03 14:00:00,15.170,15.180,15.140,15.170,5545320
2025-11-03 14:30:00,15.180,15.200,15.170,15.190,5010440
2025-11-03 15:00:00,15.190,15.200,15.170,15.190,7634840
2025-11-04 10:00:00,15.200,15.260,15.110,15.200,20674167
2025-11-04 10:30:00,15.200,15.230,15.160,15.180,8800148
2025-11-04 11:00:00,15.170,15.220,15.130,15.140,7804500
2025-11-04 11:30:00,15.150,15.150,15.100,15.100,6283530
2025-11-04 13:30:00,15.110,15.130,15.060,15.090,7138960
2025-11-04 14:00:00,15.090,15.100,15.050,15.060,4827060
2025-11-04 14:30:00,15.060,15.070,14.990,14.990,10242940
2025-11-04 15:00:00,15.000,15.050,14.980,15.030,7571060
2025-11-05 10:00:00,14.950,15.040,14.860,15.010,21086491
2025-11-05 10:30:00,15.020,15.020,14.950,14.980,7093770
2025-11-05 11:00:00,14.980,15.020,14.960,14.990,4571680
2025-11-05 11:30:00,14.990,15.030,14.980,15.010,4631410
2025-11-05 13:30:00,15.020,15.090,15.000,15.060,7027955
2025-11-05 14:00:00,15.060,15.070,15.030,15.050,4683020
2025-11-05 14:30:00,15.060,15.080,15.050,15.060,4095400
2025-11-05 15:00:00,15.070,15.080,15.020,15.020,8557009
2025-11-06 10:00:00,15.050,15.140,14.980,15.140,14438480
2025-11-06 10:30:00,15.140,15.170,15.110,15.150,8194570
2025-11-06 11:00:00,15.160,15.180,15.130,15.170,6866515
2025-11-06 11:30:00,15.170,15.180,15.120,15.160,6501800
2025-11-06 13:30:00,15.170,15.230,15.160,15.180,13352114
2025-11-06 14:00:00,15.180,15.180,15.130,15.150,4836630
2025-11-06 14:30:00,15.150,15.180,15.140,15.170,4323390
2025-11-06 15:00:00,15.160,15.180,15.150,15.150,7560579
2025-11-07 10:00:00,15.170,15.400,15.120,15.380,35344136
2025-11-07 10:30:00,15.380,15.400,15.310,15.400,16659782
2025-11-07 11:00:00,15.390,15.480,15.390,15.470,17464341
2025-11-07 11:30:00,15.470,15.480,15.420,15.440,7574630
2025-11-07 13:30:00,15.430,15.440,15.380,15.430,7460460
2025-11-07 14:00:00,15.420,15.500,15.410,15.480,13601935
2025-11-07 14:30:00,15.490,15.500,15.420,15.430,7367224
2025-11-07 15:00:00,15.440,15.470,15.430,15.440,11066472
2025-11-10 10:00:00,15.460,15.520,15.350,15.480,23115322
2025-11-10 10:30:00,15.490,15.490,15.410,15.430,8961730
2025-11-10 11:00:00,15.420,15.450,15.390,15.410,6467629
2025-11-10 11:30:00,15.410,15.490,15.410,15.450,7899651
2025-11-10 13:30:00,15.450,15.500,15.440,15.490,8236940
2025-11-10 14:00:00,15.490,15.500,15.430,15.430,5841228
2025-11-10 14:30:00,15.440,15.460,15.410,15.460,4804230
2025-11-10 15:00:00,15.460,15.460,15.380,15.410,12030063
2025-11-11 10:00:00,15.430,15.480,15.350,15.390,11381120
2025-11-11 10:30:00,15.400,15.400,15.340,15.360,6703420
2025-11-11 11:00:00,15.360,15.370,15.270,15.270,8595370
2025-11-11 11:30:00,15.270,15.400,15.250,15.380,7732819
2025-11-11 13:30:00,15.380,15.420,15.350,15.400,4840360
2025-11-11 14:00:00,15.410,15.440,15.380,15.390,5718570
2025-11-11 14:30:00,15.390,15.470,15.390,15.450,7404935
2025-11-11 15:00:00,15.450,15.460,15.380,15.390,7559519
2025-11-12 10:00:00,15.400,15.550,15.390,15.530,21900742
2025-11-12 10:30:00,15.530,15.550,15.490,15.520,6618511
2025-11-12 11:00:00,15.530,15.540,15.470,15.480,5338325
2025-11-12 11:30:00,15.470,15.500,15.450,15.450,4832100
2025-11-12 13:30:00,15.460,15.490,15.400,15.430,6630354
2025-11-12 14:00:00,15.420,15.470,15.410,15.470,5392080
2025-11-12 14:30:00,15.470,15.510,15.460,15.480,4161833
2025-11-12 15:00:00,15.490,15.520,15.460,15.460,8321293
2025-11-13 10:00:00,15.480,15.550,15.400,15.440,14728915
2025-11-13 10:30:00,15.440,15.470,15.410,15.410,6837720
2025-11-13 11:00:00,15.410,15.450,15.400,15.420,5700280
2025-11-13 11:30:00,15.420,15.440,15.380,15.400,6473854
2025-11-13 13:30:00,15.400,15.500,15.390,15.500,7052390
2025-11-13 14:00:00,15.500,15.540,15.470,15.500,6789160
2025-11-13 14:30:00,15.500,15.550,15.490,15.540,7633190
2025-11-13 15:00:00,15.540,15.550,15.520,15.540,10721354
2025-11-14 10:00:00,15.490,15.560,15.460,15.500,12427996
2025-11-14 10:30:00,15.500,15.500,15.450,15.480,5948190
2025-11-14 11:00:00,15.480,15.490,15.440,15.460,5741800
2025-11-14 11:30:00,15.450,15.460,15.400,15.410,5330086
2025-11-14 13:30:00,15.420,15.430,15.330,15.430,8577370
2025-11-14 14:00:00,15.420,15.450,15.410,15.430,3028300
2025-11-14 14:30:00,15.430,15.450,15.380,15.390,3796680
2025-11-14 15:00:00,15.390,15.400,15.310,15.330,10338571
2025-11-17 10:00:00,15.310,15.350,15.010,15.070,30613466
2025-11-17 10:30:00,15.080,15.140,15.030,15.060,9166005
2025-11-17 11:00:00,15.070,15.160,15.060,15.130,5412190
2025-11-17 11:30:00,15.130,15.130,15.090,15.090,3649510
2025-11-17 13:30:00,15.100,15.150,15.080,15.120,4595781
2025-11-17 14:00:00,15.110,15.120,15.070,15.070,4524880
2025-11-17 14:30:00,15.070,15.080,15.030,15.040,7233820
2025-11-17 15:00:00,15.050,15.090,15.040,15.080,8552823
2025-11-18 10:00:00,15.040,15.080,14.970,14.980,21611608
2025-11-18 10:30:00,14.980,15.030,14.950,15.000,8526433
2025-11-18 11:00:00,14.990,15.030,14.970,14.980,6266217
2025-11-18 11:30:00,14.980,15.000,14.960,14.980,6771910
2025-11-18 13:30:00,14.980,15.000,14.950,14.980,7577730
2025-11-18 14:00:00,14.980,15.010,14.960,14.990,6504330
2025-11-18 14:30:00,14.980,14.990,14.950,14.980,10954540
2025-11-18 15:00:00,14.980,15.010,14.960,14.970,11821603
2025-11-19 10:00:00,15.060,15.160,15.040,15.110,12498350
2025-11-19 10:30:00,15.110,15.260,15.110,15.260,16102971
2025-11-19 11:00:00,15.260,15.280,15.210,15.230,7611800
2025-11-19 11:30:00,15.230,15.260,15.180,15.190,4070510
2025-11-19 13:30:00,15.190,15.220,15.120,15.140,4548450
2025-11-19 14:00:00,15.140,15.200,15.130,15.190,3839490
2025-11-19 14:30:00,15.200,15.250,15.180,15.240,4265770
2025-11-19 15:00:00,15.230,15.280,15.220,15.250,12661676
2025-11-20 10:00:00,15.270,15.290,15.160,15.190,9316001
2025-11-20 10:30:00,15.200,15.270,15.190,15.200,4982590
2025-11-20 11:00:00,15.200,15.270,15.190,15.220,5363600
2025-11-20 11:30:00,15.220,15.280,15.210,15.280,3740090
2025-11-20 13:30:00,15.280,15.280,15.190,15.190,4791620
2025-11-20 14:00:00,15.200,15.200,15.110,15.130,6290367
2025-11-20 14:30:00,15.130,15.140,15.070,15.090,5617753
2025-11-20 15:00:00,15.090,15.120,15.050,15.080,7623334
2025-11-21 10:00:00,15.020,15.130,14.960,15.050,19532739
2025-11-21 10:30:00,15.060,15.100,14.990,15.000,8455490
2025-11-21 11:00:00,15.010,15.040,14.970,15.000,11207042
2025-11-21 11:30:00,14.990,15.050,14.980,15.010,7033250
2025-11-21 13:30:00,15.000,15.040,14.980,15.000,6683178
2025-11-21 14:00:00,15.000,15.040,14.980,14.990,5806584
2025-11-21 14:30:00,14.990,15.000,14.970,14.980,8682322
2025-11-21 15:00:00,14.990,15.000,14.920,14.970,16826894
2025-11-24 10:00:00,14.970,15.000,14.910,14.940,14892328
2025-11-24 10:30:00,14.940,14.960,14.920,14.920,7381290
2025-11-24 11:00:00,14.930,14.940,14.860,14.890,10472574
2025-11-24 11:30:00,14.890,14.920,14.850,14.910,6273140
2025-11-24 13:30:00,14.910,14.950,14.900,14.950,4663680
2025-11-24 14:00:00,14.950,15.000,14.900,14.900,8075410
2025-11-24 14:30:00,14.900,14.930,14.880,14.890,6002930
2025-11-24 15:00:00,14.880,14.900,14.830,14.830,14127767
2025-11-25 10:00:00,14.870,14.880,14.720,14.730,17228010
2025-11-25 10:30:00,14.720,14.750,14.680,14.740,11070630
2025-11-25 11:00:00,14.750,14.810,14.720,14.790,6666433
2025-11-25 11:30:00,14.800,14.820,14.770,14.790,3613060
2025-11-25 13:30:00,14.790,14.810,14.730,14.780,4941710
2025-11-25 14:00:00,14.780,14.810,14.770,14.790,3041100
2025-11-25 14:30:00,14.800,14.800,14.760,14.770,3071910
2025-11-25 15:00:00,14.780,14.780,14.730,14.770,7991540
2025-11-26 10:00:00,14.770,14.830,14.730,14.770,9907123
2025-11-26 10:30:00,14.760,14.780,14.700,14.720,7131892
2025-11-26 11:00:00,14.720,14.750,14.710,14.730,4008800
2025-11-26 11:30:00,14.740,14.750,14.710,14.730,3640780
2025-11-26 13:30:00,14.730,14.750,14.710,14.740,4961930
2025-11-26 14:00:00,14.740,14.770,14.720,14.740,3159740
2025-11-26 14:30:00,14.730,14.740,14.710,14.720,4299580
2025-11-26 15:00:00,14.710,14.730,14.700,14.700,6601068
2025-11-27 10:00:00,14.710,14.720,14.630,14.680,10122260
2025-11-27 10:30:00,14.690,14.710,14.650,14.660,6506688
2025-11-27 11:00:00,14.660,14.690,14.650,14.660,4021210
2025-11-27 11:30:00,14.650,14.660,14.640,14.640,3418090
2025-11-27 13:30:00,14.650,14.680,14.640,14.680,4208390
2025-11-27 14:00:00,14.680,14.710,14.660,14.690,3811812
2025-11-27 14:30:00,14.680,14.700,14.670,14.690,2538339
2025-11-27 15:00:00,14.680,14.690,14.650,14.670,5735170
2025-11-28 10:00:00,14.660,14.680,14.600,14.600,8284900
2025-11-28 10:30:00,14.600,14.620,14.580,14.600,9393840
2025-11-28 11:00:00,14.600,14.640,14.580,14.640,4962320
2025-11-28 11:30:00,14.640,14.650,14.600,14.610,2926186
2025-11-28 13:30:00,14.620,14.620,14.590,14.610,3285214
2025-11-28 14:00:00,14.610,14.620,14.600,14.610,2056020
2025-11-28 14:30:00,14.610,14.640,14.600,14.610,3603171
2025-11-28 15:00:00,14.620,14.630,14.590,14.610,6920303
2025-12-01 10:00:00,14.600,14.860,14.600,14.850,21438217
2025-12-01 10:30:00,14.850,14.900,14.810,14.860,10545040
2025-12-01 11:00:00,14.860,14.900,14.840,14.880,6808450
2025-12-01 11:30:00,14.890,14.920,14.880,14.900,4744060
2025-12-01 13:30:00,14.910,14.970,14.890,14.960,8139712
2025-12-01 14:00:00,14.960,15.040,14.940,15.020,12743348
2025-12-01 14:30:00,15.030,15.100,15.020,15.090,12182793
2025-12-01 15:00:00,15.090,15.120,15.060,15.120,14394668
2025-12-02 10:00:00,15.110,15.110,15.000,15.030,12731993
2025-12-02 10:30:00,15.030,15.070,15.020,15.030,5407360
2025-12-02 11:00:00,15.040,15.060,15.010,15.010,2711100
2025-12-02 11:30:00,15.010,15.020,14.980,14.990,4162300
2025-12-02 13:30:00,14.980,14.990,14.950,14.960,4442455
2025-12-02 14:00:00,14.960,14.970,14.930,14.950,3479300
2025-12-02 14:30:00,14.950,14.970,14.930,14.960,2650760
2025-12-02 15:00:00,14.960,14.970,14.930,14.960,5499884
2025-12-03 10:00:00,14.940,15.050,14.920,15.000,7845130
2025-12-03 10:30:00,15.010,15.050,14.960,15.020,4340240
2025-12-03 11:00:00,15.010,15.020,14.980,15.010,2991121
2025-12-03 11:30:00,15.020,15.020,14.980,14.990,2691950
2025-12-03 13:30:00,15.000,15.080,14.970,15.050,5355672
2025-12-03 14:00:00,15.050,15.050,14.980,14.980,2996220
2025-12-03 14:30:00,14.970,14.990,14.930,14.950,3318600
2025-12-03 15:00:00,14.960,14.990,14.950,14.970,3729250
2025-12-04 10:00:00,14.990,15.100,14.980,15.030,8988750
2025-12-04 10:30:00,15.020,15.050,15.000,15.020,3331010
2025-12-04 11:00:00,15.020,15.060,15.010,15.030,3131351
2025-12-04 11:30:00,15.020,15.040,14.990,15.020,2367300
2025-12-04 13:30:00,15.010,15.020,14.960,14.990,2914390
2025-12-04 14:00:00,14.990,15.020,14.980,15.000,1753602
2025-12-04 14:30:00,14.990,15.030,14.990,15.010,2313190
2025-12-04 15:00:00,15.020,15.050,15.010,15.030,3463761
2025-12-05 10:00:00,15.030,15.080,15.000,15.030,6042243
2025-12-05 10:30:00,15.020,15.030,14.950,14.980,5836750
2025-12-05 11:00:00,14.970,14.990,14.950,14.970,2770399
2025-12-05 11:30:00,14.970,14.990,14.950,14.970,2149130
2025-12-05 13:30:00,14.970,14.970,14.940,14.960,2844930
2025-12-05 14:00:00,14.970,15.020,14.950,15.020,3932630
2025-12-05 14:30:00,15.020,15.030,15.000,15.010,4402125
2025-12-05 15:00:00,15.010,15.020,14.970,14.980,5331219
2025-12-08 10:00:00,15.010,15.030,14.880,14.890,13830260
2025-12-08 10:30:00,14.890,14.930,14.880,14.920,5278300
2025-12-08 11:00:00,14.910,14.950,14.910,14.940,2942050
2025-12-08 11:30:00,14.940,14.950,14.910,14.920,2677600
2025-12-08 13:30:00,14.910,14.940,14.900,14.930,3215220
2025-12-08 14:00:00,14.920,14.950,14.910,14.920,2891963
2025-12-08 14:30:00,14.920,14.930,14.880,14.890,5258390
2025-12-08 15:00:00,14.900,14.900,14.830,14.850,8860779
2025-12-09 10:00:00,14.860,14.910,14.810,14.860,7525620
2025-12-09 10:30:00,14.860,14.890,14.830,14.870,4066440
2025-12-09 11:00:00,14.870,14.900,14.870,14.880,2915244
2025-12-09 11:30:00,14.880,14.910,14.860,14.870,4157799
2025-12-09 13:30:00,14.860,14.900,14.860,14.890,2533850
2025-12-09 14:00:00,14.890,15.000,14.880,14.950,8673430
2025-12-09 14:30:00,14.940,14.950,14.910,14.950,4082800
2025-12-09 15:00:00,14.950,14.960,14.940,14.950,5448250
2025-12-10 10:00:00,14.960,14.960,14.870,14.910,7596810
2025-12-10 10:30:00,14.900,14.940,14.870,14.900,4784789
2025-12-10 11:00:00,14.890,14.900,14.850,14.860,4793800
2025-12-10 11:30:00,14.870,14.930,14.860,14.890,4840490
2025-12-10 13:30:00,14.890,14.900,14.850,14.880,4584670
2025-12-10 14:00:00,14.880,14.930,14.870,14.900,3742380
2025-12-10 14:30:00,14.890,14.920,14.880,14.900,3169390
2025-12-10 15:00:00,14.910,14.950,14.900,14.930,6305950
2025-12-11 10:00:00,14.930,15.080,14.930,15.060,15615006
2025-12-11 10:30:00,15.060,15.080,15.010,15.060,7667200
2025-12-11 11:00:00,15.060,15.060,14.980,15.020,5349230
2025-12-11 11:30:00,15.020,15.080,15.000,15.060,7773622
2025-12-11 13:30:00,15.050,15.070,15.010,15.010,5354071
2025-12-11 14:00:00,15.020,15.030,14.990,15.020,5948500
2025-12-11 14:30:00,15.020,15.030,14.990,15.000,7061340
2025-12-11 15:00:00,15.010,15.030,14.980,15.030,10282500
2025-12-12 10:00:00,15.050,15.120,15.000,15.070,19015030
2025-12-12 10:30:00,15.060,15.080,14.980,15.020,11473350
2025-12-12 11:00:00,15.020,15.090,14.990,15.070,8581965
2025-12-12 11:30:00,15.070,15.090,14.990,15.000,8700324
2025-12-12 13:30:00,15.000,15.090,14.990,15.060,8474080
2025-12-12 14:00:00,15.070,15.080,15.020,15.040,8901854
2025-12-12 14:30:00,15.050,15.060,15.020,15.030,8739790
2025-12-12 15:00:00,15.040,15.070,14.980,14.980,14044306
2025-12-15 10:00:00,14.990,15.150,14.900,15.150,20422840
2025-12-15 10:30:00,15.150,15.220,15.100,15.110,10300900
2025-12-15 11:00:00,15.110,15.170,15.110,15.130,5476810
2025-12-15 11:30:00,15.120,15.140,15.090,15.090,4639020
2025-12-15 13:30:00,15.100,15.140,15.080,15.130,3910450
2025-12-15 14:00:00,15.130,15.140,15.100,15.110,3267440
2025-12-15 14:30:00,15.110,15.120,15.070,15.080,5573960
2025-12-15 15:00:00,15.070,15.090,15.040,15.040,6708680
2025-12-16 10:00:00,15.040,15.060,14.910,14.920,12990130
2025-12-16 10:30:00,14.920,14.950,14.860,14.930,9604120
2025-12-16 11:00:00,14.920,14.960,14.900,14.950,3865620
2025-12-16 11:30:00,14.950,15.020,14.940,15.000,6166070
2025-12-16 13:30:00,14.990,15.000,14.930,14.940,5238900
2025-12-16 14:00:00,14.950,14.990,14.930,14.950,3514500
2025-12-16 14:30:00,14.950,14.970,14.920,14.940,3877460
2025-12-16 15:00:00,14.940,14.980,14.930,14.970,4789563
2025-12-17 10:00:00,14.990,15.040,14.940,15.030,8329220
2025-12-17 10:30:00,15.040,15.140,15.030,15.120,11625534
2025-12-17 11:00:00,15.120,15.180,15.090,15.140,9944476
2025-12-17 11:30:00,15.130,15.170,15.130,15.160,5056050
2025-12-17 13:30:00,15.160,15.160,15.120,15.150,4819290
2025-12-17 14:00:00,15.150,15.220,15.150,15.200,18497711
2025-12-17 14:30:00,15.210,15.220,15.180,15.200,9784460
2025-12-17 15:00:00,15.200,15.200,15.150,15.160,8996886
2025-12-18 10:00:00,15.160,15.230,15.130,15.160,10361981
2025-12-18 10:30:00,15.160,15.200,15.140,15.180,4058686
2025-12-18 11:00:00,15.180,15.200,15.170,15.190,3083180
2025-12-18 11:30:00,15.180,15.190,15.150,15.170,2239300
2025-12-18 13:30:00,15.170,15.360,15.150,15.340,18920024
2025-12-18 14:00:00,15.340,15.370,15.310,15.340,10915490
2025-12-18 14:30:00,15.350,15.380,15.340,15.380,7882500
2025-12-18 15:00:00,15.380,15.400,15.350,15.370,11372828
2025-12-19 10:00:00,15.330,15.370,15.180,15.200,15804300
2025-12-19 10:30:00,15.190,15.300,15.180,15.280,6927660
2025-12-19 11:00:00,15.280,15.320,15.260,15.300,3734914
2025-12-19 11:30:00,15.300,15.400,15.290,15.400,6888159
2025-12-19 13:30:00,15.390,15.400,15.300,15.310,4219700
2025-12-19 14:00:00,15.320,15.320,15.280,15.300,3160810
2025-12-19 14:30:00,15.290,15.310,15.260,15.290,3821090
2025-12-19 15:00:00,15.290,15.310,15.280,15.290,6881901
2025-12-22 10:00:00,15.300,15.370,15.260,15.270,10642420
2025-12-22 10:30:00,15.270,15.300,15.240,15.300,6217620
2025-12-22 11:00:00,15.300,15.300,15.260,15.270,4032720
2025-12-22 11:30:00,15.270,15.280,15.250,15.260,3757690
2025-12-22 13:30:00,15.260,15.370,15.250,15.290,7563671
2025-12-22 14:00:00,15.300,15.330,15.280,15.330,4784130
2025-12-22 14:30:00,15.320,15.350,15.300,15.340,5320070
2025-12-22 15:00:00,15.340,15.350,15.310,15.340,8273330
2025-12-23 10:00:00,15.360,15.370,15.290,15.330,9923076
2025-12-23 10:30:00,15.340,15.490,15.320,15.480,15893096
2025-12-23 11:00:00,15.470,15.480,15.400,15.410,8818861
2025-12-23 11:30:00,15.410,15.410,15.370,15.370,3966799
2025-12-23 13:30:00,15.370,15.390,15.330,15.380,4948040
2025-12-23 14:00:00,15.380,15.380,15.340,15.370,3403638
2025-12-23 14:30:00,15.360,15.390,15.350,15.380,6488875
2025-12-23 15:00:00,15.380,15.400,15.360,15.400,7308145
2025-12-24 10:00:00,15.410,15.450,15.270,15.290,11269532
2025-12-24 10:30:00,15.280,15.300,15.250,15.260,5954890
2025-12-24 11:00:00,15.260,15.300,15.240,15.280,3476380
2025-12-24 11:30:00,15.270,15.340,15.270,15.330,3337330
2025-12-24 13:30:00,15.320,15.370,15.300,15.340,4318261
2025-12-24 14:00:00,15.320,15.370,15.320,15.340,4993370
2025-12-24 14:30:00,15.330,15.370,15.330,15.350,3522330
2025-12-24 15:00:00,15.360,15.370,15.280,15.340,9561824
2025-12-25 10:00:00,15.290,15.300,15.220,15.250,9589300
2025-12-25 10:30:00,15.250,15.300,15.240,15.280,4060193
2025-12-25 11:00:00,15.280,15.300,15.260,15.270,2429428
2025-12-25 11:30:00,15.280,15.280,15.250,15.250,1815440
2025-12-25 13:30:00,15.260,15.260,15.230,15.250,3860661
2025-12-25 14:00:00,15.250,15.250,15.200,15.200,5586010
2025-12-25 14:30:00,15.200,15.210,15.150,15.180,8182881
2025-12-25 15:00:00,15.180,15.180,15.150,15.170,7486891
2025-12-26 10:00:00,15.150,15.230,15.120,15.200,10628971
2025-12-26 10:30:00,15.200,15.210,15.170,15.180,3662831
2025-12-26 11:00:00,15.180,15.190,15.150,15.190,3374067
2025-12-26 11:30:00,15.190,15.190,15.110,15.140,4660090
2025-12-26 13:30:00,15.140,15.190,15.120,15.190,5049160
2025-12-26 14:00:00,15.190,15.200,15.170,15.190,4353709
2025-12-26 14:30:00,15.190,15.210,15.170,15.200,4480780
2025-12-26 15:00:00,15.200,15.270,15.180,15.240,8941160
2025-12-29 10:00:00,15.230,15.300,15.150,15.250,14461562
2025-12-29 10:30:00,15.260,15.290,15.220,15.260,5756700
2025-12-29 11:00:00,15.270,15.270,15.220,15.230,3245900
2025-12-29 11:30:00,15.230,15.240,15.180,15.230,3298260
2025-12-29 13:30:00,15.220,15.290,15.210,15.240,5650050
2025-12-29 14:00:00,15.240,15.260,15.220,15.230,3360000
2025-12-29 14:30:00,15.240,15.240,15.190,15.200,3049800
2025-12-29 15:00:00,15.200,15.210,15.170,15.210,5189640
2025-12-30 10:00:00,15.170,15.200,15.070,15.100,10588540
2025-12-30 10:30:00,15.100,15.210,15.090,15.200,5530375
2025-12-30 11:00:00,15.190,15.270,15.190,15.210,3928680
2025-12-30 11:30:00,15.210,15.220,15.160,15.190,2194274
2025-12-30 13:30:00,15.190,15.450,15.180,15.340,18826708
2025-12-30 14:00:00,15.350,15.350,15.250,15.260,4250970
2025-12-30 14:30:00,15.260,15.290,15.250,15.290,3051417
2025-12-30 15:00:00,15.290,15.310,15.260,15.270,6376548
2025-12-31 10:00:00,15.260,15.390,15.230,15.330,12261627
2025-12-31 10:30:00,15.330,15.340,15.250,15.260,4868952
2025-12-31 11:00:00,15.260,15.290,15.220,15.220,3526020
2025-12-31 11:30:00,15.230,15.260,15.200,15.210,3215080
2025-12-31 13:30:00,15.210,15.210,15.160,15.200,4210010
2025-12-31 14:00:00,15.200,15.220,15.160,15.170,3350470
2025-12-31 14:30:00,15.170,15.200,15.160,15.180,3213390
2025-12-31 15:00:00,15.180,15.190,15.150,15.180,6799082
2026-01-05 10:00:00,15.120,15.210,14.950,15.060,30920191
2026-01-05 10:30:00,15.060,15.080,14.980,15.030,10094405
2026-01-05 11:00:00,15.030,15.030,14.960,14.960,12814690
2026-01-05 11:30:00,14.970,14.980,14.950,14.950,10435240
2026-01-05 13:30:00,14.960,14.980,14.930,14.940,13102480
2026-01-05 14:00:00,14.940,14.940,14.880,14.900,17781210
2026-01-05 14:30:00,14.900,14.930,14.880,14.930,10735800
2026-01-05 15:00:00,14.920,14.950,14.900,14.900,15255050
2026-01-06 10:00:00,14.920,14.940,14.850,14.920,18837573
2026-01-06 10:30:00,14.920,14.960,14.910,14.920,10201860
2026-01-06 11:00:00,14.920,14.940,14.880,14.910,8043040
2026-01-06 11:30:00,14.920,14.940,14.900,14.920,4086160
2026-01-06 13:30:00,14.910,14.930,14.900,14.900,8719501
2026-01-06 14:00:00,14.900,14.920,14.890,14.910,8825866
2026-01-06 14:30:00,14.910,14.950,14.900,14.950,6021289
2026-01-06 15:00:00,14.950,14.970,14.940,14.970,8254730
2026-01-07 10:00:00,14.980,15.100,14.960,15.020,19205538
2026-01-07 10:30:00,15.010,15.020,14.940,14.960,9049967
2026-01-07 11:00:00,14.960,14.970,14.940,14.960,3722550
2026-01-07 11:30:00,14.950,14.990,14.940,14.970,3861600
2026-01-07 13:30:00,14.980,14.990,14.930,14.940,6090730
2026-01-07 14:00:00,14.930,14.940,14.900,14.910,6873770
2026-01-07 14:30:00,14.910,14.920,14.890,14.890,6387870
2026-01-07 15:00:00,14.890,14.900,14.880,14.890,10678367
2026-01-08 10:00:00,14.880,14.880,14.810,14.860,13629135
2026-01-08 10:30:00,14.860,14.870,14.810,14.820,10060515
2026-01-08 11:00:00,14.820,14.830,14.800,14.810,8341793
2026-01-08 11:30:00,14.810,14.820,14.780,14.800,10634750
2026-01-08 13:30:00,14.800,14.810,14.780,14.810,6225783
2026-01-08 14:00:00,14.800,14.810,14.780,14.790,6536480
2026-01-08 14:30:00,14.800,14.830,14.790,14.810,6621190
2026-01-08 15:00:00,14.810,14.850,14.810,14.840,6000588
2026-01-09 10:00:00,14.850,14.910,14.820,14.910,12175521
2026-01-09 10:30:00,14.910,14.910,14.840,14.860,9242871
2026-01-09 11:00:00,14.870,14.880,14.850,14.870,6164977
2026-01-09 11:30:00,14.860,14.860,14.820,14.830,5644310
2026-01-09 13:30:00,14.830,14.850,14.820,14.830,4893630
2026-01-09 14:00:00,14.840,14.850,14.830,14.850,4100200
2026-01-09 14:30:00,14.850,14.870,14.830,14.860,5577784
2026-01-09 15:00:00,14.850,14.900,14.850,14.900,8070982
2026-01-12 10:00:00,14.820,14.850,14.770,14.800,18819519
2026-01-12 10:30:00,14.800,14.800,14.780,14.780,10402827
2026-01-12 11:00:00,14.780,14.820,14.770,14.810,6486613
2026-01-12 11:30:00,14.820,14.840,14.780,14.840,6064810
2026-01-12 13:30:00,14.840,14.870,14.830,14.840,7418603
2026-01-12 14:00:00,14.850,14.850,14.820,14.840,5593929
2026-01-12 14:30:00,14.840,14.850,14.820,14.840,6753637
2026-01-12 15:00:00,14.840,14.850,14.810,14.830,13326972
2026-01-13 10:00:00,14.880,15.000,14.860,14.910,28999183
2026-01-13 10:30:00,14.920,14.950,14.900,14.930,8856896
2026-01-13 11:00:00,14.930,14.940,14.900,14.930,4957041
2026-01-13 11:30:00,14.930,14.940,14.910,14.930,4687560
2026-01-13 13:30:00,14.930,14.940,14.870,14.880,8873454
2026-01-13 14:00:00,14.880,14.890,14.850,14.880,5312160
2026-01-13 14:30:00,14.880,14.880,14.850,14.870,5520120
2026-01-13 15:00:00,14.870,14.870,14.820,14.850,11062290
2026-01-14 10:00:00,14.870,14.900,14.810,14.830,18617174
2026-01-14 10:30:00,14.830,14.850,14.810,14.830,9661992
2026-01-14 11:00:00,14.830,14.830,14.810,14.830,8156320
2026-01-14 11:30:00,14.830,14.840,14.820,14.840,6758516
2026-01-14 13:30:00,14.840,14.840,14.750,14.760,26086111
2026-01-14 14:00:00,14.760,14.780,14.710,14.710,16376694
2026-01-14 14:30:00,14.710,14.730,14.670,14.700,16179380
2026-01-14 15:00:00,14.700,14.700,14.660,14.670,21285925
2026-01-15 10:00:00,14.670,14.720,14.640,14.690,14509259
2026-01-15 10:30:00,14.700,14.710,14.660,14.680,9560640
2026-01-15 11:00:00,14.680,14.720,14.670,14.700,5627840
2026-01-15 11:30:00,14.700,14.700,14.670,14.680,3870339
2026-01-15 13:30:00,14.680,14.690,14.670,14.670,4434060
2026-01-15 14:00:00,14.670,14.680,14.650,14.660,6367614
2026-01-15 14:30:00,14.660,14.670,14.620,14.630,9250366
2026-01-15 15:00:00,14.620,14.640,14.600,14.620,13911980
2026-01-16 10:00:00,14.670,14.680,14.510,14.570,23425398
2026-01-16 10:30:00,14.570,14.570,14.500,14.540,14766950
2026-01-16 11:00:00,14.540,14.550,14.520,14.540,5364954
2026-01-16 11:30:00,14.530,14.550,14.500,14.500,7383960
2026-01-16 13:30:00,14.510,14.520,14.460,14.480,13095960
2026-01-16 14:00:00,14.480,14.520,14.460,14.460,7647490
2026-01-16 14:30:00,14.460,14.480,14.420,14.420,13029119
2026-01-16 15:00:00,14.420,14.450,14.400,14.440,12825037
2026-01-19 10:00:00,14.400,14.540,14.350,14.510,18293200
2026-01-19 10:30:00,14.510,14.520,14.440,14.460,7313520
2026-01-19 11:00:00,14.460,14.470,14.420,14.440,6098210
2026-01-19 11:30:00,14.440,14.460,14.400,14.410,6468560
2026-01-19 13:30:00,14.410,14.460,14.400,14.450,4627401
2026-01-19 14:00:00,14.450,14.480,14.400,14.410,9016469
2026-01-19 14:30:00,14.410,14.460,14.410,14.450,4090803
2026-01-19 15:00:00,14.440,14.470,14.430,14.460,7718124
2026-01-20 10:00:00,14.510,14.550,14.440,14.500,16409209
2026-01-20 10:30:00,14.500,14.520,14.480,14.520,7072640
2026-01-20 11:00:00,14.520,14.580,14.510,14.570,9456308
2026-01-20 11:30:00,14.580,14.640,14.570,14.590,9399239
2026-01-20 13:30:00,14.580,14.620,14.580,14.590,5174139
2026-01-20 14:00:00,14.580,14.610,14.570,14.580,4996112
2026-01-20 14:30:00,14.580,14.610,14.570,14.600,4280811
2026-01-20 15:00:00,14.600,14.620,14.590,14.610,8586284
2026-01-21 10:00:00,14.570,14.680,14.570,14.630,15744940
2026-01-21 10:30:00,14.630,14.640,14.600,14.610,6431870
2026-01-21 11:00:00,14.610,14.640,14.600,14.600,6165979
2026-01-21 11:30:00,14.600,14.610,14.560,14.580,7840980
2026-01-21 13:30:00,14.570,14.610,14.550,14.550,6120689
2026-01-21 14:00:00,14.550,14.580,14.540,14.560,4272220
2026-01-21 14:30:00,14.570,14.570,14.470,14.490,11661285
2026-01-21 15:00:00,14.500,14.500,14.450,14.490,13902307
2026-01-22 10:00:00,14.500,14.640,14.470,14.610,14600683
2026-01-22 10:30:00,14.610,14.690,14.570,14.580,15879128
2026-01-22 11:00:00,14.570,14.610,14.550,14.580,5026820
2026-01-22 11:30:00,14.580,14.610,14.520,14.520,5678431
2026-01-22 13:30:00,14.520,14.550,14.520,14.530,4102490
2026-01-22 14:00:00,14.530,14.560,14.520,14.550,3006230
2026-01-22 14:30:00,14.550,14.570,14.530,14.570,3784150
2026-01-22 15:00:00,14.570,14.580,14.530,14.550,8961340
2026-01-23 10:00:00,14.550,14.580,14.500,14.550,10465497
2026-01-23 10:30:00,14.550,14.560,14.490,14.490,11607370
2026-01-23 11:00:00,14.490,14.500,14.450,14.480,9409877
2026-01-23 11:30:00,14.470,14.490,14.430,14.470,9359840
2026-01-23 13:30:00,14.470,14.490,14.430,14.430,7939710
2026-01-23 14:00:00,14.430,14.470,14.420,14.460,5702560
2026-01-23 14:30:00,14.460,14.470,14.430,14.450,6481326
2026-01-23 15:00:00,14.450,14.460,14.400,14.420,22462282
2026-01-26 10:00:00,14.420,14.470,14.360,14.370,20753463
2026-01-26 10:30:00,14.380,14.530,14.370,14.520,17864745
2026-01-26 11:00:00,14.520,14.570,14.440,14.440,14384432
2026-01-26 11:30:00,14.440,14.520,14.430,14.490,5030970
2026-01-26 13:30:00,14.480,14.500,14.460,14.480,4002160
2026-01-26 14:00:00,14.480,14.550,14.470,14.510,7167663
2026-01-26 14:30:00,14.500,14.510,14.480,14.500,5190680
2026-01-26 15:00:00,14.500,14.520,14.460,14.470,11683289
2026-01-27 10:00:00,14.480,14.580,14.450,14.510,19327191
2026-01-27 10:30:00,14.520,14.520,14.470,14.500,7952505
2026-01-27 11:00:00,14.490,14.550,14.480,14.540,5622960
2026-01-27 11:30:00,14.540,14.550,14.480,14.480,3049190
2026-01-27 13:30:00,14.490,14.500,14.470,14.480,4824825
2026-01-27 14:00:00,14.480,14.490,14.450,14.460,7128231
2026-01-27 14:30:00,14.460,14.470,14.410,14.420,9405273
2026-01-27 15:00:00,14.420,14.430,14.360,14.370,19981814
2026-01-28 10:00:00,14.390,14.480,14.350,14.470,23668662
2026-01-28 10:30:00,14.460,14.670,14.460,14.560,41680934
2026-01-28 11:00:00,14.560,14.640,14.520,14.530,13873950
2026-01-28 11:30:00,14.530,14.570,14.500,14.550,6392071
2026-01-28 13:30:00,14.560,14.630,14.540,14.550,13754320
2026-01-28 14:00:00,14.550,14.610,14.540,14.600,7682172
2026-01-28 14:30:00,14.590,14.640,14.420,14.450,33918974
2026-01-28 15:00:00,14.450,14.480,14.320,14.370,46859319
2026-01-29 10:00:00,14.370,14.440,14.150,14.220,50443959
2026-01-29 10:30:00,14.220,14.230,14.180,14.220,13748326
2026-01-29 11:00:00,14.220,14.230,14.190,14.210,7935607
2026-01-29 11:30:00,14.210,14.240,14.190,14.230,8587425
2026-01-29 13:30:00,14.220,14.300,14.210,14.300,13982524
2026-01-29 14:00:00,14.300,14.400,14.290,14.400,19075556
2026-01-29 14:30:00,14.400,14.470,14.390,14.420,19579787
2026-01-29 15:00:00,14.430,14.500,14.420,14.480,20988305
2026-01-30 10:00:00,14.450,14.640,14.420,14.470,35173502
2026-01-30 10:30:00,14.480,14.520,14.400,14.410,12424780
2026-01-30 11:00:00,14.400,14.420,14.330,14.390,9778090
2026-01-30 11:30:00,14.380,14.440,14.370,14.430,5153433
2026-01-30 13:30:00,14.430,14.520,14.410,14.470,7590668
2026-01-30 14:00:00,14.470,14.510,14.450,14.460,6368313
2026-01-30 14:30:00,14.460,14.470,14.380,14.380,8906200
2026-01-30 15:00:00,14.380,14.420,14.380,14.390,11047380
2026-02-02 10:00:00,14.390,14.440,14.300,14.380,21887882
2026-02-02 10:30:00,14.380,14.450,14.330,14.330,10708650
2026-02-02 11:00:00,14.340,14.350,14.280,14.290,11910330
2026-02-02 11:30:00,14.290,14.300,14.250,14.250,10340670
2026-02-02 13:30:00,14.260,14.260,14.180,14.180,14215730
2026-02-02 14:00:00,14.190,14.200,14.130,14.180,18287541
2026-02-02 14:30:00,14.180,14.230,14.170,14.190,6911710
2026-02-02 15:00:00,14.190,14.210,14.140,14.150,12442710
2026-02-03 10:00:00,14.210,14.330,14.170,14.230,19046746
2026-02-03 10:30:00,14.240,14.250,14.170,14.180,8847430
2026-02-03 11:00:00,14.180,14.200,14.140,14.170,7184060
2026-02-03 11:30:00,14.170,14.190,14.150,14.180,4149080
2026-02-03 13:30:00,14.180,14.210,14.160,14.190,5382840
2026-02-03 14:00:00,14.190,14.220,14.180,14.210,4130690
2026-02-03 14:30:00,14.210,14.220,14.180,14.210,6190759
2026-02-03 15:00:00,14.210,14.240,14.200,14.220,10245127
2026-02-04 10:00:00,14.240,14.450,14.210,14.430,42703512
2026-02-04 10:30:00,14.440,14.590,14.430,14.570,36154463
2026-02-04 11:00:00,14.570,14.580,14.490,14.510,14574337
2026-02-04 11:30:00,14.510,14.530,14.480,14.520,6725288
2026-02-04 13:30:00,14.520,14.540,14.500,14.520,6895062
2026-02-04 14:00:00,14.530,14.550,14.510,14.540,7868891
2026-02-04 14:30:00,14.540,14.570,14.530,14.560,8925010
2026-02-04 15:00:00,14.570,14.580,14.550,14.570,13047580
2026-02-05 10:00:00,14.570,14.670,14.520,14.570,17371204
2026-02-05 10:30:00,14.580,14.630,14.560,14.590,8784960
2026-02-05 11:00:00,14.590,14.600,14.510,14.520,7384030
2026-02-05 11:30:00,14.520,14.600,14.520,14.580,3680710
2026-02-05 13:30:00,14.580,14.610,14.550,14.600,5213319
2026-02-05 14:00:00,14.610,14.650,14.600,14.620,7920090
2026-02-05 14:30:00,14.630,14.640,14.560,14.610,6007620
2026-02-05 15:00:00,14.610,14.620,14.580,14.590,9377760
2026-02-06 10:00:00,14.550,14.570,14.400,14.530,18620830
2026-02-06 10:30:00,14.530,14.550,14.490,14.530,5429090
2026-02-06 11:00:00,14.530,14.530,14.470,14.500,6666100
2026-02-06 11:30:00,14.500,14.520,14.470,14.500,4158100
2026-02-06 13:30:00,14.490,14.530,14.480,14.510,3705500
2026-02-06 14:00:00,14.520,14.520,14.490,14.510,2611401
2026-02-06 14:30:00,14.520,14.550,14.490,14.500,4860280
2026-02-06 15:00:00,14.500,14.510,14.470,14.490,7567740
2026-02-09 10:00:00,14.500,14.530,14.460,14.510,12293957
2026-02-09 10:30:00,14.510,14.530,14.490,14.510,6105180
2026-02-09 11:00:00,14.510,14.520,14.480,14.480,4362790
2026-02-09 11:30:00,14.480,14.500,14.480,14.490,3070430
2026-02-09 13:30:00,14.480,14.490,14.450,14.480,5577700
2026-02-09 14:00:00,14.490,14.520,14.470,14.490,4379790
2026-02-09 14:30:00,14.490,14.510,14.480,14.490,3765010
2026-02-09 15:00:00,14.490,14.510,14.480,14.510,6203459
2026-02-10 10:00:00,14.500,14.510,14.450,14.480,9313360
2026-02-10 10:30:00,14.480,14.490,14.470,14.480,3030840
2026-02-10 11:00:00,14.490,14.500,14.470,14.470,1944010
2026-02-10 11:30:00,14.480,14.490,14.460,14.470,2032740
2026-02-10 13:30:00,14.480,14.500,14.470,14.480,3252556
2026-02-10 14:00:00,14.490,14.490,14.450,14.470,4641310
2026-02-10 14:30:00,14.460,14.470,14.440,14.450,5200530
2026-02-10 15:00:00,14.440,14.470,14.440,14.460,5165305
2026-02-11 10:00:00,14.490,14.510,14.450,14.500,8228144
2026-02-11 10:30:00,14.510,14.660,14.500,14.540,14871612
2026-02-11 11:00:00,14.550,14.560,14.530,14.560,3647331
2026-02-11 11:30:00,14.560,14.570,14.530,14.540,2459420
2026-02-11 13:30:00,14.540,14.560,14.530,14.540,2728200
2026-02-11 14:00:00,14.540,14.540,14.520,14.540,2520360
2026-02-11 14:30:00,14.530,14.560,14.530,14.530,3581570
2026-02-11 15:00:00,14.530,14.560,14.530,14.560,6029821
2026-02-12 10:00:00,14.570,14.600,14.520,14.550,10829700
2026-02-12 10:30:00,14.550,14.620,14.530,14.580,7865060
2026-02-12 11:00:00,14.580,14.600,14.560,14.580,5262504
2026-02-12 11:30:00,14.580,14.600,14.530,14.540,6818400
2026-02-12 13:30:00,14.540,14.560,14.510,14.530,4956900
2026-02-12 14:00:00,14.530,14.540,14.510,14.540,2970800
2026-02-12 14:30:00,14.540,14.550,14.520,14.530,3381940
2026-02-12 15:00:00,14.530,14.550,14.520,14.530,6894491
2026-02-13 10:00:00,14.530,14.550,14.370,14.380,19681740
2026-02-13 10:30:00,14.380,14.390,14.360,14.370,6782810
2026-02-13 11:00:00,14.370,14.390,14.370,14.380,4959690
2026-02-13 11:30:00,14.390,14.390,14.350,14.360,5695820
2026-02-13 13:30:00,14.360,14.370,14.320,14.330,7734830
2026-02-13 14:00:00,14.340,14.340,14.310,14.320,6019335
2026-02-13 14:30:00,14.320,14.330,14.300,14.310,8254370
2026-02-13 15:00:00,14.300,14.340,14.300,14.310,13646004
2026-02-24 10:00:00,14.550,14.820,14.540,14.700,60427274
2026-02-24 10:30:00,14.700,14.740,14.650,14.740,15055779
2026-02-24 11:00:00,14.740,14.760,14.720,14.730,13093150
2026-02-24 11:30:00,14.730,14.780,14.730,14.780,11514355
2026-02-24 13:30:00,14.780,14.860,14.760,14.820,25813662
2026-02-24 14:00:00,14.810,14.840,14.810,14.810,8216850
2026-02-24 14:30:00,14.820,14.850,14.810,14.840,10175104
2026-02-24 15:00:00,14.840,14.850,14.820,14.830,15535890
2026-02-25 10:00:00,14.840,15.150,14.830,15.110,60227929
2026-02-25 10:30:00,15.120,15.200,15.050,15.080,30109778
2026-02-25 11:00:00,15.070,15.140,15.070,15.110,10402090
2026-02-25 11:30:00,15.100,15.120,15.070,15.100,6447221
2026-02-25 13:30:00,15.100,15.110,14.810,14.830,33933783
2026-02-25 14:00:00,14.830,14.850,14.760,14.790,20556422
2026-02-25 14:30:00,14.790,14.830,14.750,14.760,12529630
2026-02-25 15:00:00,14.770,14.830,14.760,14.800,17699888
2026-02-26 10:00:00,14.840,15.050,14.800,15.040,38456311
2026-02-26 10:30:00,15.040,15.070,14.930,14.950,14506612
2026-02-26 11:00:00,14.950,14.980,14.920,14.950,7568540
2026-02-26 11:30:00,14.940,15.030,14.930,15.030,7626110
2026-02-26 13:30:00,15.030,15.100,15.020,15.080,18317134
2026-02-26 14:00:00,15.070,15.080,15.030,15.040,8267340
2026-02-26 14:30:00,15.040,15.050,15.030,15.050,7246720
2026-02-26 15:00:00,15.040,15.080,15.040,15.070,15620192
2026-02-27 10:00:00,15.100,15.110,14.970,15.060,23454808
2026-02-27 10:30:00,15.060,15.060,15.000,15.000,8265660
2026-02-27 11:00:00,15.010,15.050,14.980,15.010,7538750
2026-02-27 11:30:00,15.010,15.010,14.960,14.960,6259433
2026-02-27 13:30:00,14.960,15.050,14.950,15.040,8423201
2026-02-27 14:00:00,15.030,15.050,14.990,15.000,6788090
2026-02-27 14:30:00,15.000,15.020,14.980,15.010,5525140
2026-02-27 15:00:00,15.000,15.030,15.000,15.010,14019343
2026-03-02 10:00:00,15.470,15.490,14.950,15.070,99958146
2026-03-02 10:30:00,15.080,15.130,15.010,15.060,26826018
2026-03-02 11:00:00,15.050,15.180,15.050,15.150,15677510
2026-03-02 11:30:00,15.160,15.350,15.140,15.280,29348705
2026-03-02 13:30:00,15.280,15.320,15.210,15.230,17440192
2026-03-02 14:00:00,15.230,15.380,15.220,15.350,27760323
2026-03-02 14:30:00,15.340,15.400,15.300,15.340,31236778
2026-03-02 15:00:00,15.350,15.450,15.340,15.440,46615017
2026-03-03 10:00:00,15.500,15.800,15.310,15.800,107232209
2026-03-03 10:30:00,15.800,15.840,15.600,15.770,61186186
2026-03-03 11:00:00,15.770,15.990,15.760,15.980,50683774
2026-03-03 11:30:00,15.980,16.410,15.930,16.380,59928856
2026-03-03 13:30:00,16.400,16.950,16.350,16.870,121748346
2026-03-03 14:00:00,16.860,16.980,16.760,16.920,70570574
2026-03-03 14:30:00,16.910,16.920,16.650,16.790,36431762
2026-03-03 15:00:00,16.790,16.970,16.590,16.970,58554256
2026-03-04 10:00:00,16.500,16.500,15.270,15.660,179016904
2026-03-04 10:30:00,15.670,15.750,15.550,15.670,44799954
2026-03-04 11:00:00,15.670,15.980,15.610,15.680,41065090
2026-03-04 11:30:00,15.680,15.730,15.530,15.630,23343856
2026-03-04 13:30:00,15.630,15.780,15.620,15.710,19849744
2026-03-04 14:00:00,15.710,15.910,15.670,15.760,18597074
2026-03-04 14:30:00,15.760,15.900,15.730,15.820,16284090
2026-03-04 15:00:00,15.830,16.140,15.820,15.850,36283189
2026-03-05 10:00:00,15.710,15.880,15.500,15.540,92601959
2026-03-05 10:30:00,15.540,15.680,15.490,15.590,34412111
2026-03-05 11:00:00,15.590,15.680,15.570,15.680,16387800
2026-03-05 11:30:00,15.680,15.750,15.630,15.690,15063032
2026-03-05 13:30:00,15.680,15.990,15.670,15.820,26331199
2026-03-05 14:00:00,15.820,16.140,15.810,15.930,29630892
2026-03-05 14:30:00,15.920,15.980,15.830,15.870,17295290
2026-03-05 15:00:00,15.870,15.940,15.750,15.780,31587494
2026-03-06 10:00:00,15.650,15.850,15.470,15.590,48353785
2026-03-06 10:30:00,15.590,15.680,15.530,15.630,18386893
2026-03-06 11:00:00,15.620,15.670,15.570,15.640,10049815
2026-03-06 11:30:00,15.640,15.680,15.610,15.660,8820499
2026-03-06 13:30:00,15.670,15.810,15.640,15.780,14497540
2026-03-06 14:00:00,15.780,15.880,15.740,15.760,13702370
2026-03-06 14:30:00,15.760,15.840,15.750,15.790,14304021
2026-03-06 15:00:00,15.800,15.830,15.780,15.790,20673061
2026-03-09 10:00:00,16.020,16.240,15.600,15.660,79212125
2026-03-09 10:30:00,15.680,15.780,15.540,15.700,31801702
2026-03-09 11:00:00,15.710,15.750,15.620,15.630,11823830
2026-03-09 11:30:00,15.630,15.660,15.520,15.590,17021579
2026-03-09 13:30:00,15.590,15.680,15.550,15.590,9304931
2026-03-09 14:00:00,15.600,15.620,15.530,15.540,12815390
2026-03-09 14:30:00,15.540,15.600,15.530,15.560,11566305
2026-03-09 15:00:00,15.560,15.580,15.510,15.520,17484893
2026-03-10 10:00:00,15.300,15.670,15.260,15.570,48711287
2026-03-10 10:30:00,15.560,15.630,15.480,15.510,16828741
2026-03-10 11:00:00,15.510,15.520,15.430,15.490,7851438
2026-03-10 11:30:00,15.490,15.560,15.470,15.480,7096047
2026-03-10 13:30:00,15.490,15.560,15.420,15.470,8213385
2026-03-10 14:00:00,15.470,15.480,15.420,15.440,6828528
2026-03-10 14:30:00,15.440,15.450,15.390,15.400,10246191
2026-03-10 15:00:00,15.390,15.430,15.380,15.400,13224041
2026-03-11 10:00:00,15.360,15.450,15.300,15.390,26483960
2026-03-11 10:30:00,15.390,15.450,15.380,15.400,11118829
2026-03-11 11:00:00,15.400,15.600,15.390,15.530,14270600
2026-03-11 11:30:00,15.540,15.690,15.520,15.620,15454487
2026-03-11 13:30:00,15.630,15.750,15.590,15.690,17579007
2026-03-11 14:00:00,15.690,15.770,15.650,15.720,14070393
2026-03-11 14:30:00,15.720,15.760,15.690,15.710,10565760
2026-03-11 15:00:00,15.720,15.780,15.700,15.750,20649846
2026-03-12 10:00:00,15.730,15.910,15.660,15.810,27419550
2026-03-12 10:30:00,15.820,16.000,15.810,15.980,24237389
2026-03-12 11:00:00,15.990,15.990,15.890,15.920,13808995
2026-03-12 11:30:00,15.920,15.960,15.850,15.870,9727230
2026-03-12 13:30:00,15.860,15.940,15.810,15.850,9048090
2026-03-12 14:00:00,15.840,15.950,15.840,15.920,9954050
2026-03-12 14:30:00,15.920,15.960,15.880,15.950,11944900
2026-03-12 15:00:00,15.940,15.970,15.940,15.940,20643243
2026-03-13 10:00:00,15.820,16.000,15.800,15.930,30932494
2026-03-13 10:30:00,15.930,15.990,15.850,15.860,13098590
2026-03-13 11:00:00,15.860,15.990,15.800,15.930,14761170
2026-03-13 11:30:00,15.930,15.940,15.820,15.860,10155276
2026-03-13 13:30:00,15.860,15.950,15.840,15.870,10189620
2026-03-13 14:00:00,15.860,15.880,15.800,15.810,12593330
2026-03-13 14:30:00,15.810,15.840,15.770,15.800,15667790
2026-03-13 15:00:00,15.790,15.800,15.740,15.780,19116641
2026-03-16 10:00:00,15.770,15.890,15.690,15.800,24748680
2026-03-16 10:30:00,15.800,15.880,15.760,15.800,11462240
2026-03-16 11:00:00,15.800,15.840,15.750,15.780,6725879
2026-03-16 11:30:00,15.780,15.840,15.770,15.820,5535360
2026-03-16 13:30:00,15.810,16.030,15.810,16.000,26468510
2026-03-16 14:00:00,16.010,16.140,15.990,16.050,22481633
2026-03-16 14:30:00,16.050,16.090,16.020,16.060,11449770
2026-03-16 15:00:00,16.070,16.100,16.040,16.080,20350107
2026-03-17 10:00:00,16.070,16.410,16.000,16.260,46855232
2026-03-17 10:30:00,16.250,16.260,16.170,16.200,13671429
2026-03-17 11:00:00,16.200,16.270,16.160,16.210,8343187
2026-03-17 11:30:00,16.210,16.240,16.180,16.190,5186510
2026-03-17 13:30:00,16.200,16.280,16.160,16.170,7707039
2026-03-17 14:00:00,16.170,16.170,16.100,16.130,8747240
2026-03-17 14:30:00,16.120,16.220,16.120,16.170,9979257
2026-03-17 15:00:00,16.170,16.180,16.120,16.140,10689345
2026-03-18 10:00:00,16.150,16.420,16.050,16.300,34356569
2026-03-18 10:30:00,16.290,16.310,16.090,16.110,16365311
2026-03-18 11:00:00,16.120,16.180,16.050,16.080,10075050
2026-03-18 11:30:00,16.080,16.110,16.010,16.030,10071740
2026-03-18 13:30:00,16.040,16.120,15.980,16.110,8737940
2026-03-18 14:00:00,16.120,16.190,16.100,16.160,6706390
2026-03-18 14:30:00,16.170,16.180,16.140,16.170,5096450
2026-03-18 15:00:00,16.170,16.210,16.150,16.200,11447436
2026-03-19 10:00:00,16.140,16.290,16.060,16.080,27416615
2026-03-19 10:30:00,16.090,16.180,16.080,16.160,12423463
2026-03-19 11:00:00,16.160,16.170,16.020,16.070,10572220
2026-03-19 11:30:00,16.080,16.110,16.050,16.080,5521762
2026-03-19 13:30:00,16.090,16.090,16.000,16.070,11381057
2026-03-19 14:00:00,16.060,16.110,16.040,16.100,8786003
2026-03-19 14:30:00,16.100,16.170,16.080,16.090,8700480
2026-03-19 15:00:00,16.080,16.100,15.980,15.980,17589314
2026-03-20 10:00:00,15.690,15.920,15.650,15.910,60763787
2026-03-20 10:30:00,15.900,15.960,15.840,15.870,14735323
2026-03-20 11:00:00,15.860,15.880,15.720,15.720,13851456
2026-03-20 11:30:00,15.730,15.850,15.730,15.820,8505160
2026-03-20 13:30:00,15.820,15.900,15.800,15.840,9866310
2026-03-20 14:00:00,15.840,15.880,15.820,15.840,8086760
2026-03-20 14:30:00,15.850,15.930,15.800,15.830,15122805
2026-03-20 15:00:00,15.830,15.880,15.790,15.830,17711654
2026-03-23 10:00:00,15.660,15.660,15.400,15.460,44292927
2026-03-23 10:30:00,15.470,15.570,15.450,15.520,15019120
2026-03-23 11:00:00,15.520,15.530,15.430,15.530,14865397
2026-03-23 11:30:00,15.540,15.640,15.510,15.530,9594930
2026-03-23 13:30:00,15.530,15.700,15.510,15.520,16370169
2026-03-23 14:00:00,15.530,15.550,15.420,15.440,11845043
2026-03-23 14:30:00,15.430,15.440,15.350,15.370,14875778
2026-03-23 15:00:00,15.370,15.410,15.330,15.380,17235866
2026-03-24 10:00:00,15.490,15.640,15.420,15.440,23742535
2026-03-24 10:30:00,15.440,15.540,15.400,15.500,10045790
2026-03-24 11:00:00,15.500,15.650,15.470,15.600,10189130
2026-03-24 11:30:00,15.590,15.630,15.560,15.590,6209800
2026-03-24 13:30:00,15.590,15.600,15.440,15.450,8982037
2026-03-24 14:00:00,15.450,15.490,15.350,15.380,11711263
2026-03-24 14:30:00,15.380,15.440,15.350,15.390,16838851
2026-03-24 15:00:00,15.390,15.500,15.390,15.500,17880556
2026-03-25 10:00:00,15.480,15.480,15.270,15.330,32865220
2026-03-25 10:30:00,15.330,15.340,15.170,15.220,24067830
2026-03-25 11:00:00,15.220,15.300,15.190,15.220,8897642
2026-03-25 11:30:00,15.230,15.280,15.220,15.250,6241510
2026-03-25 13:30:00,15.230,15.290,15.210,15.240,7436700
2026-03-25 14:00:00,15.240,15.250,15.130,15.160,16412520
2026-03-25 14:30:00,15.160,15.170,15.080,15.110,13890652
2026-03-25 15:00:00,15.120,15.170,15.110,15.170,13527779
2026-03-26 10:00:00,15.300,15.420,15.210,15.280,29618172
2026-03-26 10:30:00,15.290,15.330,15.230,15.250,7095115
2026-03-26 11:00:00,15.250,15.290,15.220,15.230,5610840
2026-03-26 11:30:00,15.220,15.310,15.210,15.280,6443111
2026-03-26 13:30:00,15.290,15.300,15.230,15.260,7367730
2026-03-26 14:00:00,15.270,15.310,15.230,15.240,6017250
2026-03-26 14:30:00,15.240,15.250,15.210,15.250,7239570
2026-03-26 15:00:00,15.240,15.270,15.210,15.260,11659835
2026-03-27 10:00:00,15.160,15.250,15.060,15.110,20676298
2026-03-27 10:30:00,15.100,15.140,15.070,15.110,8816640
2026-03-27 11:00:00,15.110,15.150,15.080,15.090,6422927
2026-03-27 11:30:00,15.090,15.150,15.080,15.140,5912220
2026-03-27 13:30:00,15.150,15.220,15.150,15.180,9361706
2026-03-27 14:00:00,15.180,15.220,15.180,15.190,5192650
2026-03-27 14:30:00,15.190,15.200,15.160,15.190,5496870
2026-03-27 15:00:00,15.190,15.200,15.150,15.170,10559033
2026-03-30 10:00:00,15.170,15.460,15.100,15.380,44296858
2026-03-30 10:30:00,15.380,15.390,15.270,15.350,11623312
2026-03-30 11:00:00,15.350,15.440,15.330,15.360,11856080
2026-03-30 11:30:00,15.370,15.410,15.340,15.400,5235410
2026-03-30 13:30:00,15.400,15.420,15.360,15.390,5189250
2026-03-30 14:00:00,15.390,15.410,15.340,15.380,5367580
2026-03-30 14:30:00,15.370,15.380,15.330,15.360,5175500
2026-03-30 15:00:00,15.360,15.380,15.330,15.370,8744068
2026-03-31 10:00:00,15.410,15.480,15.250,15.290,19576657
2026-03-31 10:30:00,15.280,15.300,15.210,15.270,8541849
2026-03-31 11:00:00,15.280,15.280,15.200,15.210,7525980
2026-03-31 11:30:00,15.220,15.220,15.140,15.150,7063050
2026-03-31 13:30:00,15.160,15.210,15.120,15.170,5391100
2026-03-31 14:00:00,15.170,15.180,15.140,15.150,4208160
2026-03-31 14:30:00,15.140,15.150,15.010,15.030,16154377
2026-03-31 15:00:00,15.020,15.050,15.000,15.010,14358632
2026-04-01 10:00:00,15.100,15.220,15.060,15.100,21245872
2026-04-01 10:30:00,15.100,15.150,15.050,15.050,9187280
2026-04-01 11:00:00,15.050,15.120,15.030,15.100,7318313
2026-04-01 11:30:00,15.090,15.130,15.070,15.100,3780400
2026-04-01 13:30:00,15.110,15.160,15.080,15.140,5070313
2026-04-01 14:00:00,15.130,15.220,15.120,15.160,8198560
2026-04-01 14:30:00,15.160,15.220,15.150,15.190,5686400
2026-04-01 15:00:00,15.190,15.200,15.150,15.180,7120430
2026-04-02 10:00:00,15.100,15.270,15.090,15.260,15802231
2026-04-02 10:30:00,15.270,15.310,15.210,15.220,11534450
2026-04-02 11:00:00,15.220,15.250,15.170,15.180,5498330
2026-04-02 11:30:00,15.170,15.190,15.130,15.140,4498831
2026-04-02 13:30:00,15.140,15.170,15.090,15.130,5902083
2026-04-02 14:00:00,15.130,15.140,15.090,15.120,5418450
2026-04-02 14:30:00,15.120,15.150,15.090,15.140,5833414
2026-04-02 15:00:00,15.140,15.200,15.130,15.200,9610846
