date,open,high,low,close,volume
2025-03-27 14:30:00,7.250,7.260,7.240,7.240,4006281
2025-03-27 15:00:00,7.240,7.260,7.230,7.250,5129351
2025-03-28 10:00:00,7.250,7.250,7.140,7.150,13322540
2025-03-28 10:30:00,7.150,7.200,7.140,7.180,4970434
2025-03-28 11:00:00,7.170,7.190,7.140,7.160,4564300
2025-03-28 11:30:00,7.160,7.180,7.120,7.140,6477211
2025-03-28 13:30:00,7.140,7.140,7.100,7.120,12096200
2025-03-28 14:00:00,7.120,7.140,7.110,7.120,4622100
2025-03-28 14:30:00,7.110,7.140,7.110,7.110,5588260
2025-03-28 15:00:00,7.110,7.120,7.090,7.110,8087400
2025-03-31 10:00:00,7.150,7.160,7.050,7.140,13446000
2025-03-31 10:30:00,7.150,7.170,7.120,7.120,8357671
2025-03-31 11:00:00,7.130,7.170,7.120,7.130,7713251
2025-03-31 11:30:00,7.140,7.140,7.090,7.090,6440800
2025-03-31 13:30:00,7.090,7.120,7.080,7.100,6471301
2025-03-31 14:00:00,7.100,7.110,7.090,7.090,5857486
2025-03-31 14:30:00,7.100,7.120,7.080,7.100,5249800
2025-03-31 15:00:00,7.100,7.130,7.100,7.110,8226488
2025-04-01 10:00:00,7.120,7.150,7.060,7.060,11406500
2025-04-01 10:30:00,7.060,7.080,7.020,7.020,9512089
2025-04-01 11:00:00,7.020,7.020,6.960,7.000,16677828
2025-04-01 11:30:00,7.000,7.020,6.990,7.020,6483900
2025-04-01 13:30:00,7.010,7.060,6.980,7.040,9301913
2025-04-01 14:00:00,7.040,7.090,7.030,7.080,7060200
2025-04-01 14:30:00,7.080,7.120,7.070,7.100,8934954
2025-04-01 15:00:00,7.110,7.130,7.100,7.110,8374900
2025-04-02 10:00:00,7.100,7.190,7.080,7.160,13902972
2025-04-02 10:30:00,7.170,7.170,7.130,7.150,5285799
2025-04-02 11:00:00,7.160,7.170,7.140,7.150,4754880
2025-04-02 11:30:00,7.150,7.200,7.140,7.190,4976889
2025-04-02 13:30:00,7.190,7.230,7.180,7.230,8281009
2025-04-02 14:00:00,7.230,7.240,7.180,7.200,9223784
2025-04-02 14:30:00,7.190,7.210,7.170,7.170,6922679
2025-04-02 15:00:00,7.170,7.180,7.150,7.170,7039375
2025-04-03 10:00:00,7.110,7.180,7.080,7.180,10473800
2025-04-03 10:30:00,7.170,7.250,7.170,7.240,6697020
2025-04-03 11:00:00,7.250,7.250,7.230,7.240,5429800
2025-04-03 11:30:00,7.230,7.250,7.190,7.220,3314700
2025-04-03 13:30:00,7.210,7.230,7.180,7.190,5002900
2025-04-03 14:00:00,7.200,7.240,7.180,7.220,4491702
2025-04-03 14:30:00,7.230,7.240,7.200,7.200,4059300
2025-04-03 15:00:00,7.210,7.220,7.200,7.220,4044663
2025-04-07 10:00:00,7.050,7.120,6.750,6.920,36444631
2025-04-07 10:30:00,6.910,6.970,6.870,6.880,12047800
2025-04-07 11:00:00,6.880,6.950,6.840,6.890,9282456
2025-04-07 11:30:00,6.890,6.930,6.850,6.880,6308300
2025-04-07 13:30:00,6.880,6.900,6.810,6.840,12029533
2025-04-07 14:00:00,6.840,6.900,6.780,6.810,10765948
2025-04-07 14:30:00,6.820,6.820,6.620,6.710,14840092
2025-04-07 15:00:00,6.710,6.900,6.660,6.890,15804769
2025-04-08 10:00:00,6.860,6.980,6.810,6.960,41317996
2025-04-08 10:30:00,6.960,7.040,6.950,6.990,18311257
2025-04-08 11:00:00,7.000,7.040,6.950,6.970,11639311
2025-04-08 11:30:00,6.960,7.030,6.950,7.020,8604356
2025-04-08 13:30:00,7.020,7.020,6.940,6.960,9358044
2025-04-08 14:00:00,6.960,6.990,6.930,6.950,8143577
2025-04-08 14:30:00,6.950,6.970,6.920,6.950,10470900
2025-04-08 15:00:00,6.950,7.010,6.930,6.990,18862964
2025-04-09 10:00:00,6.980,6.980,6.810,6.820,28300200
2025-04-09 10:30:00,6.820,6.890,6.820,6.850,17925600
2025-04-09 11:00:00,6.850,6.900,6.820,6.890,10151363
2025-04-09 11:30:00,6.890,6.940,6.850,6.920,8900670
2025-04-09 13:30:00,6.920,6.940,6.880,6.920,9722600
2025-04-09 14:00:00,6.920,6.960,6.890,6.920,9964200
2025-04-09 14:30:00,6.920,6.940,6.900,6.920,7675200
2025-04-09 15:00:00,6.920,6.930,6.890,6.920,11020300
2025-04-10 10:00:00,6.960,6.990,6.870,6.990,20374057
2025-04-10 10:30:00,6.990,7.040,6.960,7.040,13783823
2025-04-10 11:00:00,7.050,7.090,7.020,7.030,9168600
2025-04-10 11:30:00,7.040,7.040,6.980,7.020,5189218
2025-04-10 13:30:00,7.020,7.060,6.990,7.040,6712500
2025-04-10 14:00:00,7.030,7.060,7.020,7.030,4724300
2025-04-10 14:30:00,7.030,7.040,7.010,7.030,4566977
2025-04-10 15:00:00,7.030,7.040,7.010,7.020,9574740
2025-04-11 10:00:00,7.070,7.070,6.950,6.950,14240460
2025-04-11 10:30:00,6.960,6.960,6.900,6.930,11859700
2025-04-11 11:00:00,6.930,6.960,6.910,6.950,8438370
2025-04-11 11:30:00,6.950,6.980,6.930,6.960,6897050
2025-04-11 13:30:00,6.970,7.000,6.950,6.990,11916700
2025-04-11 14:00:00,6.980,7.020,6.970,7.010,8007700
2025-04-11 14:30:00,7.010,7.050,7.010,7.020,5230400
2025-04-11 15:00:00,7.030,7.040,7.010,7.020,9081472
2025-04-14 10:00:00,7.030,7.130,6.990,7.120,19805808
2025-04-14 10:30:00,7.130,7.170,7.120,7.140,13146887
2025-04-14 11:00:00,7.140,7.150,7.090,7.100,6565113
2025-04-14 11:30:00,7.100,7.100,7.060,7.070,5148600
2025-04-14 13:30:00,7.070,7.100,7.070,7.080,8148500
2025-04-14 14:00:00,7.090,7.140,7.080,7.130,6764012
2025-04-14 14:30:00,7.130,7.140,7.110,7.120,4056300
2025-04-14 15:00:00,7.120,7.140,7.080,7.090,9462972
2025-04-15 10:00:00,7.100,7.180,7.080,7.130,13248952
2025-04-15 10:30:00,7.130,7.190,7.130,7.170,7857221
2025-04-15 11:00:00,7.160,7.180,7.140,7.170,5842160
2025-04-15 11:30:00,7.160,7.250,7.160,7.240,10578743
2025-04-15 13:30:00,7.240,7.260,7.220,7.250,7880200
2025-04-15 14:00:00,7.250,7.250,7.220,7.220,5228600
2025-04-15 14:30:00,7.220,7.240,7.190,7.200,6143300
2025-04-15 15:00:00,7.200,7.230,7.190,7.220,8474390
2025-04-16 10:00:00,7.250,7.270,7.150,7.190,12859788
2025-04-16 10:30:00,7.190,7.240,7.150,7.220,6559271
2025-04-16 11:00:00,7.210,7.250,7.210,7.240,5114500
2025-04-16 11:30:00,7.250,7.290,7.230,7.260,9803645
2025-04-16 13:30:00,7.260,7.290,7.240,7.260,7623800
2025-04-16 14:00:00,7.270,7.300,7.250,7.300,7701200
2025-04-16 14:30:00,7.290,7.300,7.280,7.290,6015858
2025-04-16 15:00:00,7.300,7.350,7.280,7.350,15311002
2025-04-17 10:00:00,7.310,7.320,7.170,7.250,21717100
2025-04-17 10:30:00,7.240,7.290,7.240,7.270,7598071
2025-04-17 11:00:00,7.280,7.320,7.270,7.310,4910753
2025-04-17 11:30:00,7.300,7.330,7.280,7.310,4285100
2025-04-17 13:30:00,7.310,7.350,7.290,7.340,5590380
2025-04-17 14:00:00,7.340,7.380,7.340,7.380,7010067
2025-04-17 14:30:00,7.370,7.390,7.350,7.370,6374300
2025-04-17 15:00:00,7.370,7.410,7.370,7.410,9988894
2025-04-18 10:00:00,7.350,7.390,7.320,7.380,9857461
2025-04-18 10:30:00,7.370,7.390,7.350,7.370,3280700
2025-04-18 11:00:00,7.370,7.450,7.370,7.450,6110620
2025-04-18 11:30:00,7.430,7.440,7.390,7.400,3355900
2025-04-18 13:30:00,7.400,7.410,7.380,7.390,3622115
2025-04-18 14:00:00,7.400,7.400,7.370,7.380,2920500
2025-04-18 14:30:00,7.380,7.390,7.360,7.380,4205600
2025-04-18 15:00:00,7.370,7.450,7.370,7.400,9081620
2025-04-21 10:00:00,7.380,7.430,7.360,7.420,9445900
2025-04-21 10:30:00,7.410,7.470,7.360,7.380,9847879
2025-04-21 11:00:00,7.380,7.400,7.360,7.370,6885860
2025-04-21 11:30:00,7.370,7.380,7.350,7.350,5179800
2025-04-21 13:30:00,7.350,7.360,7.320,7.350,5111459
2025-04-21 14:00:00,7.350,7.350,7.320,7.350,3173000
2025-04-21 14:30:00,7.340,7.350,7.320,7.340,5405700
2025-04-21 15:00:00,7.340,7.350,7.320,7.320,6747491
2025-04-22 10:00:00,7.310,7.360,7.300,7.350,8005768
2025-04-22 10:30:00,7.340,7.360,7.280,7.290,6345120
2025-04-22 11:00:00,7.290,7.310,7.280,7.300,3509200
2025-04-22 11:30:00,7.310,7.330,7.280,7.280,6255240
2025-04-22 13:30:00,7.290,7.310,7.270,7.290,8030380
2025-04-22 14:00:00,7.290,7.300,7.270,7.290,5788260
2025-04-22 14:30:00,7.290,7.290,7.270,7.280,5856100
2025-04-22 15:00:00,7.280,7.290,7.270,7.270,6607264
2025-04-23 10:00:00,7.290,7.310,7.230,7.240,9422500
2025-04-23 10:30:00,7.240,7.280,7.220,7.270,4961783
2025-04-23 11:00:00,7.270,7.290,7.250,7.280,2876522
2025-04-23 11:30:00,7.280,7.280,7.240,7.240,2379900
2025-04-23 13:30:00,7.240,7.260,7.210,7.220,6307300
2025-04-23 14:00:00,7.220,7.250,7.220,7.230,2808440
2025-04-23 14:30:00,7.240,7.240,7.210,7.220,3106200
2025-04-23 15:00:00,7.230,7.230,7.200,7.200,8921303
2025-04-24 10:00:00,7.230,7.270,7.200,7.240,11014440
2025-04-24 10:30:00,7.240,7.290,7.240,7.280,5262640
2025-04-24 11:00:00,7.270,7.290,7.250,7.250,4348405
2025-04-24 11:30:00,7.250,7.270,7.240,7.270,3409500
2025-04-24 13:30:00,7.270,7.310,7.260,7.270,5907632
2025-04-24 14:00:00,7.280,7.280,7.260,7.260,3054600
2025-04-24 14:30:00,7.260,7.280,7.250,7.270,3563533
2025-04-24 15:00:00,7.260,7.280,7.250,7.260,5000317
2025-04-25 10:00:00,7.260,7.310,7.230,7.240,7171752
2025-04-25 10:30:00,7.230,7.240,7.190,7.210,6125331
2025-04-25 11:00:00,7.200,7.210,7.160,7.160,8377600
2025-04-25 11:30:00,7.160,7.200,7.150,7.190,7181421
2025-04-25 13:30:00,7.190,7.210,7.180,7.180,2473300
2025-04-25 14:00:00,7.180,7.210,7.180,7.180,2728400
2025-04-25 14:30:00,7.180,7.220,7.180,7.210,3914003
2025-04-25 15:00:00,7.220,7.220,7.190,7.200,4277900
2025-04-28 10:00:00,7.200,7.220,7.180,7.210,9340238
2025-04-28 10:30:00,7.210,7.260,7.210,7.240,7621200
2025-04-28 11:00:00,7.240,7.290,7.230,7.270,7071000
2025-04-28 11:30:00,7.270,7.310,7.260,7.290,7147759
2025-04-28 13:30:00,7.290,7.330,7.280,7.330,9663543
2025-04-28 14:00:00,7.320,7.370,7.320,7.350,9632227
2025-04-28 14:30:00,7.350,7.360,7.320,7.330,5870700
2025-04-28 15:00:00,7.340,7.370,7.320,7.350,9829771
2025-04-29 10:00:00,7.320,7.360,7.280,7.350,7962700
2025-04-29 10:30:00,7.340,7.370,7.270,7.280,6620000
2025-04-29 11:00:00,7.280,7.300,7.260,7.290,2914700
2025-04-29 11:30:00,7.280,7.290,7.260,7.270,1897600
2025-04-29 13:30:00,7.270,7.280,7.250,7.260,3197617
2025-04-29 14:00:00,7.270,7.280,7.250,7.250,2919283
2025-04-29 14:30:00,7.260,7.260,7.230,7.240,4162643
2025-04-29 15:00:00,7.240,7.240,7.200,7.200,12788169
2025-04-30 10:00:00,7.220,7.250,7.150,7.150,20331500
2025-04-30 10:30:00,7.150,7.180,7.080,7.110,18148237
2025-04-30 11:00:00,7.110,7.160,7.080,7.090,13957100
2025-04-30 11:30:00,7.090,7.150,7.090,7.140,7360478
2025-04-30 13:30:00,7.140,7.200,7.130,7.190,7270200
2025-04-30 14:00:00,7.180,7.210,7.150,7.190,7489032
2025-04-30 14:30:00,7.190,7.220,7.180,7.200,8297492
2025-04-30 15:00:00,7.200,7.210,7.180,7.210,5878464
2025-05-06 10:00:00,7.250,7.250,7.120,7.200,15574000
2025-05-06 10:30:00,7.190,7.220,7.130,7.210,10677600
2025-05-06 11:00:00,7.210,7.210,7.150,7.160,8185100
2025-05-06 11:30:00,7.150,7.170,7.150,7.170,4084100
2025-05-06 13:30:00,7.170,7.180,7.150,7.160,5090900
2025-05-06 14:00:00,7.160,7.170,7.150,7.160,4625319
2025-05-06 14:30:00,7.150,7.160,7.130,7.140,5650781
2025-05-06 15:00:00,7.140,7.150,7.130,7.140,10342338
2025-05-07 10:00:00,7.200,7.210,7.120,7.150,15226344
2025-05-07 10:30:00,7.150,7.200,7.130,7.200,7140600
2025-05-07 11:00:00,7.190,7.210,7.160,7.190,5305545
2025-05-07 11:30:00,7.190,7.200,7.170,7.190,3252700
2025-05-07 13:30:00,7.200,7.210,7.170,7.200,7823400
2025-05-07 14:00:00,7.200,7.230,7.190,7.220,7128500
2025-05-07 14:30:00,7.220,7.240,7.210,7.210,5048200
2025-05-07 15:00:00,7.220,7.230,7.200,7.230,6709900
2025-05-08 10:00:00,7.200,7.300,7.200,7.240,11582068
2025-05-08 10:30:00,7.240,7.260,7.220,7.250,4948600
2025-05-08 11:00:00,7.250,7.290,7.250,7.280,5341160
2025-05-08 11:30:00,7.280,7.300,7.270,7.290,4823171
2025-05-08 13:30:00,7.300,7.300,7.270,7.280,5105200
2025-05-08 14:00:00,7.280,7.290,7.270,7.280,3866610
2025-05-08 14:30:00,7.280,7.290,7.270,7.280,3521900
2025-05-08 15:00:00,7.270,7.300,7.270,7.300,5592020
2025-05-09 10:00:00,7.300,7.410,7.270,7.390,19787372
2025-05-09 10:30:00,7.390,7.440,7.380,7.430,11007149
2025-05-09 11:00:00,7.430,7.480,7.410,7.450,11910838
2025-05-09 11:30:00,7.440,7.470,7.440,7.460,3889847
2025-05-09 13:30:00,7.460,7.500,7.440,7.450,8850883
2025-05-09 14:00:00,7.460,7.480,7.450,7.460,3120237
2025-05-09 14:30:00,7.460,7.470,7.450,7.460,4334900
2025-05-09 15:00:00,7.460,7.490,7.440,7.470,12537554
2025-05-12 10:00:00,7.470,7.510,7.390,7.490,13200592
2025-05-12 10:30:00,7.500,7.500,7.440,7.470,12691141
2025-05-12 11:00:00,7.470,7.490,7.420,7.440,5729000
2025-05-12 11:30:00,7.440,7.450,7.410,7.440,3259580
2025-05-12 13:30:00,7.440,7.460,7.420,7.450,4696527
2025-05-12 14:00:00,7.440,7.450,7.430,7.440,3607600
2025-05-12 14:30:00,7.430,7.450,7.430,7.430,3209200
2025-05-12 15:00:00,7.430,7.450,7.410,7.450,7692900
2025-05-13 10:00:00,7.440,7.480,7.390,7.460,11300511
2025-05-13 10:30:00,7.470,7.570,7.450,7.560,13003416
2025-05-13 11:00:00,7.560,7.620,7.540,7.600,10976501
2025-05-13 11:30:00,7.610,7.640,7.590,7.610,6680319
2025-05-13 13:30:00,7.620,7.630,7.560,7.590,6641240
2025-05-13 14:00:00,7.600,7.610,7.580,7.580,3565021
2025-05-13 14:30:00,7.590,7.620,7.580,7.610,5425500
2025-05-13 15:00:00,7.620,7.630,7.600,7.630,6825805
2025-05-14 10:00:00,7.610,7.640,7.560,7.590,9404448
2025-05-14 10:30:00,7.590,7.610,7.580,7.610,3583080
2025-05-14 11:00:00,7.600,7.610,7.580,7.600,2227580
2025-05-14 11:30:00,7.610,7.670,7.590,7.650,10978403
2025-05-14 13:30:00,7.650,7.700,7.640,7.660,10622265
2025-05-14 14:00:00,7.660,7.680,7.580,7.630,12272300
2025-05-14 14:30:00,7.630,7.640,7.610,7.610,3791954
2025-05-14 15:00:00,7.610,7.660,7.610,7.650,7730300
2025-05-15 10:00:00,7.630,7.690,7.610,7.620,9390600
2025-05-15 10:30:00,7.620,7.640,7.590,7.630,6379600
2025-05-15 11:00:00,7.620,7.640,7.590,7.610,4774300
2025-05-15 11:30:00,7.620,7.650,7.610,7.650,3085600
2025-05-15 13:30:00,7.650,7.650,7.620,7.630,2140400
2025-05-15 14:00:00,7.630,7.640,7.610,7.620,4764896
2025-05-15 14:30:00,7.610,7.630,7.600,7.630,2647840
2025-05-15 15:00:00,7.620,7.630,7.590,7.620,6249728
2025-05-16 10:00:00,7.610,7.620,7.470,7.510,11456300
2025-05-16 10:30:00,7.510,7.510,7.420,7.430,9850992
2025-05-16 11:00:00,7.430,7.480,7.400,7.480,7720900
2025-05-16 11:30:00,7.480,7.490,7.460,7.470,3467400
2025-05-16 13:30:00,7.470,7.510,7.450,7.480,5568310
2025-05-16 14:00:00,7.480,7.520,7.470,7.500,3585360
2025-05-16 14:30:00,7.500,7.530,7.490,7.510,3770033
2025-05-16 15:00:00,7.510,7.550,7.500,7.530,8432945
2025-05-19 10:00:00,7.530,7.570,7.510,7.510,11333000
2025-05-19 10:30:00,7.510,7.550,7.500,7.510,6078600
2025-05-19 11:00:00,7.520,7.530,7.500,7.510,2734800
2025-05-19 11:30:00,7.520,7.530,7.510,7.520,1887300
2025-05-19 13:30:00,7.530,7.550,7.510,7.520,3413840
2025-05-19 14:00:00,7.520,7.530,7.490,7.500,3657500
2025-05-19 14:30:00,7.490,7.520,7.480,7.510,3489700
2025-05-19 15:00:00,7.500,7.510,7.490,7.510,4208444
2025-05-20 10:00:00,7.530,7.670,7.520,7.630,18523620
2025-05-20 10:30:00,7.610,7.650,7.550,7.560,8042800
2025-05-20 11:00:00,7.560,7.560,7.530,7.550,2987680
2025-05-20 11:30:00,7.550,7.550,7.520,7.550,1915000
2025-05-20 13:30:00,7.550,7.580,7.500,7.550,4166680
2025-05-20 14:00:00,7.550,7.560,7.520,7.520,3124951
2025-05-20 14:30:00,7.520,7.540,7.510,7.510,3073900
2025-05-20 15:00:00,7.520,7.520,7.490,7.510,7251000
2025-05-21 10:00:00,7.510,7.630,7.510,7.610,14322120
2025-05-21 10:30:00,7.610,7.640,7.550,7.630,6724100
2025-05-21 11:00:00,7.630,7.650,7.620,7.630,4265327
2025-05-21 11:30:00,7.640,7.650,7.600,7.620,3611587
2025-05-21 13:30:00,7.620,7.630,7.590,7.600,3041100
2025-05-21 14:00:00,7.600,7.620,7.590,7.600,2721000
2025-05-21 14:30:00,7.600,7.620,7.590,7.590,3290640
2025-05-21 15:00:00,7.600,7.620,7.580,7.600,4967070
2025-05-22 10:00:00,7.620,7.670,7.570,7.650,8721000
2025-05-22 10:30:00,7.650,7.670,7.620,7.660,3892780
2025-05-22 11:00:00,7.660,7.730,7.640,7.720,10244724
2025-05-22 11:30:00,7.730,7.780,7.720,7.760,14726260
2025-05-22 13:30:00,7.760,7.780,7.730,7.770,5458794
2025-05-22 14:00:00,7.760,7.780,7.730,7.770,7075494
2025-05-22 14:30:00,7.780,7.880,7.760,7.860,19285190
2025-05-22 15:00:00,7.850,7.900,7.830,7.890,25501640
2025-05-23 10:00:00,7.890,8.020,7.850,8.010,21902684
2025-05-23 10:30:00,8.020,8.040,7.910,7.940,13057015
2025-05-23 11:00:00,7.940,7.960,7.890,7.900,8125685
2025-05-23 11:30:00,7.900,7.910,7.850,7.880,7364100
2025-05-23 13:30:00,7.880,7.890,7.840,7.850,4778580
2025-05-23 14:00:00,7.850,7.850,7.800,7.810,6913020
2025-05-23 14:30:00,7.820,7.820,7.770,7.790,8592342
2025-05-23 15:00:00,7.780,7.820,7.760,7.800,10394977
2025-05-26 10:00:00,7.780,7.840,7.750,7.790,9057460
2025-05-26 10:30:00,7.790,7.810,7.730,7.740,7208248
2025-05-26 11:00:00,7.750,7.770,7.700,7.720,4923600
2025-05-26 11:30:00,7.720,7.720,7.660,7.670,5781300
2025-05-26 13:30:00,7.660,7.690,7.650,7.680,3940600
2025-05-26 14:00:00,7.680,7.680,7.630,7.640,5563600
2025-05-26 14:30:00,7.640,7.650,7.610,7.630,6619093
2025-05-26 15:00:00,7.630,7.640,7.610,7.640,10111752
2025-05-27 10:00:00,7.650,7.750,7.650,7.740,13786295
2025-05-27 10:30:00,7.730,7.740,7.670,7.670,4878000
2025-05-27 11:00:00,7.670,7.690,7.660,7.670,4252600
2025-05-27 11:30:00,7.670,7.680,7.640,7.680,4058099
2025-05-27 13:30:00,7.680,7.700,7.660,7.680,5488600
2025-05-27 14:00:00,7.690,7.700,7.670,7.680,1537700
2025-05-27 14:30:00,7.670,7.680,7.650,7.650,2521740
2025-05-27 15:00:00,7.660,7.680,7.650,7.660,4656600
2025-05-28 10:00:00,7.660,7.740,7.650,7.680,8273100
2025-05-28 10:30:00,7.680,7.700,7.640,7.660,5070680
2025-05-28 11:00:00,7.660,7.710,7.650,7.700,3952400
2025-05-28 11:30:00,7.700,7.720,7.670,7.690,3900900
2025-05-28 13:30:00,7.690,7.760,7.680,7.760,6270318
2025-05-28 14:00:00,7.760,7.760,7.710,7.720,3663100
2025-05-28 14:30:00,7.710,7.740,7.710,7.730,3760340
2025-05-28 15:00:00,7.730,7.740,7.720,7.720,5575700
2025-05-29 10:00:00,7.730,7.740,7.640,7.660,7781200
2025-05-29 10:30:00,7.650,7.700,7.640,7.680,4343500
2025-05-29 11:00:00,7.670,7.690,7.650,7.670,4631300
2025-05-29 11:30:00,7.670,7.720,7.670,7.710,5030900
2025-05-29 13:30:00,7.710,7.720,7.690,7.690,3748900
2025-05-29 14:00:00,7.690,7.700,7.670,7.670,2162700
2025-05-29 14:30:00,7.680,7.710,7.660,7.700,4377400
2025-05-29 15:00:00,7.700,7.710,7.670,7.680,8259200
2025-05-30 10:00:00,7.710,7.810,7.700,7.740,13518325
2025-05-30 10:30:00,7.740,7.800,7.720,7.770,7475360
2025-05-30 11:00:00,7.780,7.890,7.770,7.870,9919160
2025-05-30 11:30:00,7.880,7.940,7.870,7.920,7401138
2025-05-30 13:30:00,7.930,7.990,7.890,7.970,12353075
2025-05-30 14:00:00,7.970,7.990,7.940,7.950,8498940
2025-05-30 14:30:00,7.960,7.970,7.940,7.940,6872400
2025-05-30 15:00:00,7.940,7.960,7.930,7.960,10486898
2025-06-03 10:00:00,7.990,8.090,7.940,8.050,22133683
2025-06-03 10:30:00,8.050,8.120,7.980,8.110,12396841
2025-06-03 11:00:00,8.120,8.280,8.110,8.250,19649131
2025-06-03 11:30:00,8.260,8.290,8.200,8.210,13168986
2025-06-03 13:30:00,8.210,8.260,8.180,8.220,13136380
2025-06-03 14:00:00,8.220,8.260,8.200,8.220,10147540
2025-06-03 14:30:00,8.220,8.230,8.190,8.200,11599220
2025-06-03 15:00:00,8.210,8.250,8.180,8.230,17555656
2025-06-04 10:00:00,8.210,8.280,8.180,8.260,11240820
2025-06-04 10:30:00,8.270,8.290,8.220,8.250,6785211
2025-06-04 11:00:00,8.240,8.340,8.230,8.330,8900960
2025-06-04 11:30:00,8.330,8.330,8.280,8.290,4140200
2025-06-04 13:30:00,8.290,8.380,8.260,8.340,8320720
2025-06-04 14:00:00,8.350,8.360,8.340,8.350,4108100
2025-06-04 14:30:00,8.340,8.350,8.330,8.340,4109480
2025-06-04 15:00:00,8.340,8.390,8.340,8.360,9705717
2025-06-05 10:00:00,8.350,8.400,8.280,8.320,7785011
2025-06-05 10:30:00,8.320,8.410,8.310,8.360,6182500
2025-06-05 11:00:00,8.360,8.380,8.320,8.380,3523480
2025-06-05 11:30:00,8.380,8.440,8.370,8.380,5562640
2025-06-05 13:30:00,8.390,8.400,8.320,8.330,4175900
2025-06-05 14:00:00,8.330,8.360,8.320,8.350,4256412
2025-06-05 14:30:00,8.340,8.360,8.280,8.300,7185312
2025-06-05 15:00:00,8.310,8.350,8.300,8.330,6579560
2025-06-06 10:00:00,8.350,8.450,8.330,8.400,10579370
2025-06-06 10:30:00,8.380,8.410,8.330,8.400,6610125
2025-06-06 11:00:00,8.400,8.420,8.380,8.420,4340161
2025-06-06 11:30:00,8.420,8.420,8.370,8.380,3452409
2025-06-06 13:30:00,8.390,8.430,8.370,8.420,5256578
2025-06-06 14:00:00,8.410,8.450,8.400,8.430,5730836
2025-06-06 14:30:00,8.430,8.450,8.400,8.410,6656961
2025-06-06 15:00:00,8.420,8.430,8.400,8.410,6329946
2025-06-09 10:00:00,8.410,8.460,8.120,8.300,22645701
2025-06-09 10:30:00,8.300,8.310,8.210,8.290,8793100
2025-06-09 11:00:00,8.290,8.310,8.210,8.300,7024648
2025-06-09 11:30:00,8.290,8.330,8.260,8.310,7597900
2025-06-09 13:30:00,8.310,8.380,8.300,8.370,5893480
2025-06-09 14:00:00,8.370,8.450,8.360,8.420,6815540
2025-06-09 14:30:00,8.420,8.440,8.410,8.420,5930600
2025-06-09 15:00:00,8.430,8.450,8.400,8.410,7683927
2025-06-10 10:00:00,8.400,8.450,8.350,8.420,12821540
2025-06-10 10:30:00,8.420,8.510,8.410,8.420,8761161
2025-06-10 11:00:00,8.420,8.460,8.390,8.390,5277080
2025-06-10 11:30:00,8.390,8.400,8.330,8.400,5783060
2025-06-10 13:30:00,8.400,8.400,8.300,8.310,9123140
2025-06-10 14:00:00,8.310,8.360,8.300,8.340,5694412
2025-06-10 14:30:00,8.350,8.370,8.330,8.360,4468613
2025-06-10 15:00:00,8.370,8.370,8.330,8.340,6811287
2025-06-11 10:00:00,8.380,8.420,8.340,8.390,11177340
2025-06-11 10:30:00,8.390,8.390,8.320,8.320,6118600
2025-06-11 11:00:00,8.320,8.360,8.300,8.350,6247324
2025-06-11 11:30:00,8.340,8.390,8.340,8.370,4905873
2025-06-11 13:30:00,8.380,8.440,8.370,8.400,8301313
2025-06-11 14:00:00,8.400,8.450,8.400,8.410,4232060
2025-06-11 14:30:00,8.420,8.430,8.390,8.400,4283121
2025-06-11 15:00:00,8.410,8.440,8.390,8.400,6932919
2025-06-12 10:00:00,8.430,8.560,8.430,8.560,14476900
2025-06-12 10:30:00,8.550,8.560,8.490,8.530,6894020
2025-06-12 11:00:00,8.540,8.540,8.470,8.480,5411200
2025-06-12 11:30:00,8.480,8.500,8.430,8.450,4445880
2025-06-12 13:30:00,8.440,8.460,8.420,8.440,4113520
2025-06-12 14:00:00,8.440,8.440,8.400,8.420,5433520
2025-06-12 14:30:00,8.410,8.430,8.370,8.400,6731835
2025-06-12 15:00:00,8.390,8.410,8.350,8.360,10605096
2025-06-13 10:00:00,8.380,8.480,8.340,8.430,23061740
2025-06-13 10:30:00,8.430,8.440,8.320,8.360,16649936
2025-06-13 11:00:00,8.360,8.390,8.290,8.360,22064968
2025-06-13 11:30:00,8.350,8.400,8.320,8.350,14779000
2025-06-13 13:30:00,8.360,8.370,8.280,8.340,16699200
2025-06-13 14:00:00,8.340,8.360,8.290,8.320,15344700
2025-06-13 14:30:00,8.320,8.380,8.290,8.350,17963319
2025-06-13 15:00:00,8.360,8.390,8.310,8.340,33234687
2025-06-16 10:00:00,8.360,8.400,8.320,8.370,13934600
2025-06-16 10:30:00,8.380,8.460,8.360,8.430,11995209
2025-06-16 11:00:00,8.410,8.460,8.380,8.440,8944400
2025-06-16 11:30:00,8.430,8.480,8.420,8.440,6073300
2025-06-16 13:30:00,8.440,8.450,8.400,8.420,6199700
2025-06-16 14:00:00,8.420,8.440,8.410,8.420,3726760
2025-06-16 14:30:00,8.430,8.450,8.410,8.430,6063000
2025-06-16 15:00:00,8.430,8.450,8.400,8.430,7773665
2025-06-17 10:00:00,8.420,8.570,8.420,8.510,12922360
2025-06-17 10:30:00,8.510,8.520,8.460,8.470,5234720
2025-06-17 11:00:00,8.480,8.500,8.450,8.480,4279500
2025-06-17 11:30:00,8.480,8.510,8.460,8.500,3781700
2025-06-17 13:30:00,8.500,8.530,8.490,8.490,4080830
2025-06-17 14:00:00,8.490,8.510,8.480,8.500,3401100
2025-06-17 14:30:00,8.500,8.520,8.490,8.500,4893725
2025-06-17 15:00:00,8.500,8.510,8.480,8.500,5959577
2025-06-18 10:00:00,8.520,8.620,8.490,8.590,13078566
2025-06-18 10:30:00,8.590,8.620,8.540,8.560,8243000
2025-06-18 11:00:00,8.560,8.640,8.550,8.630,5682500
2025-06-18 11:30:00,8.640,8.640,8.590,8.620,3483260
2025-06-18 13:30:00,8.610,8.630,8.580,8.620,2752660
2025-06-18 14:00:00,8.620,8.630,8.600,8.620,2834100
2025-06-18 14:30:00,8.620,8.660,8.610,8.640,5475926
2025-06-18 15:00:00,8.650,8.670,8.630,8.650,7332300
2025-06-19 10:00:00,8.650,8.700,8.600,8.690,10630480
2025-06-19 10:30:00,8.700,8.750,8.670,8.730,5317022
2025-06-19 11:00:00,8.740,8.810,8.730,8.780,6074858
2025-06-19 11:30:00,8.790,8.790,8.750,8.770,5428401
2025-06-19 13:30:00,8.770,8.800,8.730,8.760,5812600
2025-06-19 14:00:00,8.760,8.800,8.760,8.770,3021588
2025-06-19 14:30:00,8.760,8.780,8.750,8.760,4155481
2025-06-19 15:00:00,8.770,8.780,8.740,8.780,7121305
2025-06-20 10:00:00,8.750,8.880,8.710,8.860,13636460
2025-06-20 10:30:00,8.850,8.870,8.780,8.800,6579580
2025-06-20 11:00:00,8.810,8.820,8.750,8.790,6768167
2025-06-20 11:30:00,8.800,8.800,8.760,8.780,3180800
2025-06-20 13:30:00,8.780,8.790,8.710,8.740,7306546
2025-06-20 14:00:00,8.750,8.750,8.730,8.740,5780002
2025-06-20 14:30:00,8.740,8.750,8.680,8.700,6909399
2025-06-20 15:00:00,8.690,8.720,8.680,8.700,10969745
2025-06-23 10:00:00,8.690,8.710,8.500,8.570,23164860
2025-06-23 10:30:00,8.570,8.650,8.550,8.630,10238421
2025-06-23 11:00:00,8.630,8.720,8.630,8.700,7482351
2025-06-23 11:30:00,8.710,8.720,8.660,8.680,4035300
2025-06-23 13:30:00,8.690,8.710,8.660,8.700,3856691
2025-06-23 14:00:00,8.690,8.710,8.670,8.690,4334100
2025-06-23 14:30:00,8.700,8.710,8.670,8.670,5019880
2025-06-23 15:00:00,8.680,8.710,8.660,8.690,13456000
2025-06-24 10:00:00,8.680,8.730,8.600,8.650,14072068
2025-06-24 10:30:00,8.650,8.660,8.500,8.520,25148101
2025-06-24 11:00:00,8.510,8.590,8.490,8.570,12912200
2025-06-24 11:30:00,8.570,8.590,8.540,8.560,7098813
2025-06-24 13:30:00,8.570,8.590,8.560,8.580,4409800
2025-06-24 14:00:00,8.580,8.600,8.570,8.590,4667200
2025-06-24 14:30:00,8.580,8.590,8.560,8.580,5629700
2025-06-24 15:00:00,8.580,8.590,8.560,8.590,12258767
2025-06-25 10:00:00,8.600,8.630,8.510,8.510,20096500
2025-06-25 10:30:00,8.510,8.560,8.490,8.550,9694300
2025-06-25 11:00:00,8.550,8.610,8.540,8.600,7325200
2025-06-25 11:30:00,8.610,8.620,8.560,8.560,4938291
2025-06-25 13:30:00,8.570,8.620,8.550,8.620,7459800
2025-06-25 14:00:00,8.620,8.670,8.610,8.650,9015523
2025-06-25 14:30:00,8.650,8.710,8.650,8.700,10443640
2025-06-25 15:00:00,8.690,8.710,8.670,8.700,8401600
2025-06-26 10:00:00,8.680,8.720,8.620,8.620,13122440
2025-06-26 10:30:00,8.630,8.680,8.600,8.650,8072564
2025-06-26 11:00:00,8.650,8.680,8.640,8.650,3129201
2025-06-26 11:30:00,8.660,8.700,8.650,8.700,2662020
2025-06-26 13:30:00,8.700,8.760,8.680,8.750,8364460
2025-06-26 14:00:00,8.750,8.780,8.720,8.740,4600180
2025-06-26 14:30:00,8.750,8.760,8.730,8.750,3635400
2025-06-26 15:00:00,8.750,8.770,8.740,8.760,6000000
2025-06-27 10:00:00,8.730,8.770,8.690,8.700,16464320
2025-06-27 10:30:00,8.700,8.760,8.670,8.680,9086200
2025-06-27 11:00:00,8.680,8.690,8.600,8.620,13682580
2025-06-27 11:30:00,8.630,8.650,8.540,8.560,11044640
2025-06-27 13:30:00,8.560,8.570,8.430,8.470,16922040
2025-06-27 14:00:00,8.470,8.510,8.450,8.460,7811080
2025-06-27 14:30:00,8.450,8.470,8.440,8.470,6167000
2025-06-27 15:00:00,8.470,8.480,8.450,8.460,12111410
2025-06-30 10:00:00,8.390,8.470,8.310,8.430,17795177
2025-06-30 10:30:00,8.430,8.460,8.400,8.440,7951600
2025-06-30 11:00:00,8.450,8.500,8.440,8.490,7029180
2025-06-30 11:30:00,8.480,8.480,8.440,8.450,4290983
2025-06-30 13:30:00,8.460,8.480,8.430,8.470,6478380
2025-06-30 14:00:00,8.480,8.510,8.460,8.490,7416380
2025-06-30 14:30:00,8.490,8.510,8.490,8.500,3987620
2025-06-30 15:00:00,8.510,8.510,8.480,8.500,6763640
2025-07-01 10:00:00,8.510,8.610,8.500,8.570,9563850
2025-07-01 10:30:00,8.570,8.590,8.560,8.570,3419200
2025-07-01 11:00:00,8.570,8.590,8.560,8.590,3434860
2025-07-01 11:30:00,8.590,8.640,8.580,8.610,5037000
2025-07-01 13:30:00,8.600,8.610,8.560,8.570,2912300
2025-07-01 14:00:00,8.560,8.590,8.560,8.580,2548700
2025-07-01 14:30:00,8.580,8.590,8.570,8.590,2552100
2025-07-01 15:00:00,8.590,8.600,8.570,8.600,5478040
2025-07-02 10:00:00,8.600,8.630,8.550,8.610,11085840
2025-07-02 10:30:00,8.610,8.630,8.570,8.600,7444200
2025-07-02 11:00:00,8.600,8.640,8.600,8.630,3803240
2025-07-02 11:30:00,8.630,8.650,8.610,8.610,3229220
2025-07-02 13:30:00,8.620,8.640,8.600,8.620,4763000
2025-07-02 14:00:00,8.620,8.630,8.550,8.570,9011791
2025-07-02 14:30:00,8.570,8.580,8.540,8.540,8461300
2025-07-02 15:00:00,8.550,8.570,8.510,8.510,10691160
2025-07-03 10:00:00,8.530,8.600,8.470,8.570,12686142
2025-07-03 10:30:00,8.570,8.570,8.450,8.460,11391201
2025-07-03 11:00:00,8.460,8.550,8.460,8.540,3848800
2025-07-03 11:30:00,8.550,8.590,8.540,8.580,7356900
2025-07-03 13:30:00,8.590,8.640,8.570,8.640,9845361
2025-07-03 14:00:00,8.640,8.640,8.600,8.610,6005599
2025-07-03 14:30:00,8.600,8.620,8.560,8.570,6532778
2025-07-03 15:00:00,8.570,8.590,8.550,8.570,8054791
2025-07-04 10:00:00,8.580,8.740,8.560,8.720,17663320
2025-07-04 10:30:00,8.720,8.750,8.680,8.720,7355780
2025-07-04 11:00:00,8.720,8.830,8.700,8.820,11505201
2025-07-04 11:30:00,8.830,8.840,8.790,8.800,5800238
2025-07-04 13:30:00,8.800,8.880,8.770,8.840,8427931
2025-07-04 14:00:00,8.850,8.850,8.800,8.840,4636840
2025-07-04 14:30:00,8.840,8.880,8.790,8.870,10075961
2025-07-04 15:00:00,8.870,8.900,8.850,8.890,15393900
2025-07-07 10:00:00,8.890,8.930,8.800,8.880,14752409
2025-07-07 10:30:00,8.870,8.910,8.860,8.870,6300400
2025-07-07 11:00:00,8.860,8.910,8.840,8.840,5127400
2025-07-07 11:30:00,8.850,8.880,8.810,8.870,5783000
2025-07-07 13:30:00,8.870,8.960,8.850,8.950,7798400
2025-07-07 14:00:00,8.960,8.990,8.950,8.980,5527640
2025-07-07 14:30:00,8.980,8.990,8.950,8.960,4312654
2025-07-07 15:00:00,8.960,9.010,8.960,8.980,6853300
2025-07-08 10:00:00,8.970,9.040,8.810,8.910,14646040
2025-07-08 10:30:00,8.920,8.980,8.880,8.930,5909600
2025-07-08 11:00:00,8.940,8.940,8.810,8.860,6661240
2025-07-08 11:30:00,8.860,8.900,8.830,8.890,5825700
2025-07-08 13:30:00,8.890,8.960,8.860,8.940,3981480
2025-07-08 14:00:00,8.940,8.950,8.920,8.940,2994400
2025-07-08 14:30:00,8.940,8.970,8.930,8.950,4051800
2025-07-08 15:00:00,8.960,8.970,8.930,8.950,6563400
2025-07-09 10:00:00,8.940,8.980,8.860,8.920,12731586
2025-07-09 10:30:00,8.920,9.040,8.910,9.020,8149686
2025-07-09 11:00:00,9.030,9.050,8.990,9.030,5830733
2025-07-09 11:30:00,9.040,9.070,9.020,9.030,5192418
2025-07-09 13:30:00,9.030,9.070,9.000,9.030,5569700
2025-07-09 14:00:00,9.020,9.060,9.020,9.040,4239634
2025-07-09 14:30:00,9.040,9.050,9.010,9.020,4359300
2025-07-09 15:00:00,9.030,9.030,8.960,8.960,8421020
2025-07-10 10:00:00,8.830,8.870,8.780,8.780,13107227
2025-07-10 10:30:00,8.780,8.850,8.770,8.850,8848801
2025-07-10 11:00:00,8.850,8.880,8.780,8.840,11701938
2025-07-10 11:30:00,8.840,8.860,8.750,8.780,10744700
2025-07-10 13:30:00,8.780,8.830,8.770,8.790,9656000
2025-07-10 14:00:00,8.790,8.850,8.770,8.790,10301900
2025-07-10 14:30:00,8.780,8.890,8.780,8.810,10867700
2025-07-10 15:00:00,8.810,8.810,8.740,8.740,12522100
2025-07-11 10:00:00,8.770,8.810,8.680,8.750,14227977
2025-07-11 10:30:00,8.750,8.810,8.700,8.740,12682580
2025-07-11 11:00:00,8.740,8.780,8.700,8.720,4997079
2025-07-11 11:30:00,8.720,8.750,8.700,8.730,5604742
2025-07-11 13:30:00,8.720,8.740,8.620,8.630,12941500
2025-07-11 14:00:00,8.640,8.650,8.580,8.600,10965000
2025-07-11 14:30:00,8.590,8.600,8.540,8.560,11099400
2025-07-11 15:00:00,8.560,8.570,8.510,8.510,14119800
2025-07-14 10:00:00,8.540,8.680,8.530,8.620,20459151
2025-07-14 10:30:00,8.620,8.750,8.610,8.720,23484649
2025-07-14 11:00:00,8.730,8.740,8.700,8.720,6666100
2025-07-14 11:30:00,8.720,8.730,8.680,8.720,5921039
2025-07-14 13:30:00,8.720,8.730,8.670,8.680,7706897
2025-07-14 14:00:00,8.690,8.720,8.680,8.690,4775700
2025-07-14 14:30:00,8.700,8.700,8.680,8.690,4056660
2025-07-14 15:00:00,8.690,8.700,8.660,8.670,6612751
2025-07-15 10:00:00,8.660,8.720,8.630,8.680,13025144
2025-07-15 10:30:00,8.690,8.710,8.610,8.630,8976500
2025-07-15 11:00:00,8.630,8.650,8.570,8.590,8802480
2025-07-15 11:30:00,8.600,8.600,8.540,8.590,9190056
2025-07-15 13:30:00,8.600,8.630,8.560,8.620,4259862
2025-07-15 14:00:00,8.630,8.680,8.610,8.660,4795000
2025-07-15 14:30:00,8.660,8.690,8.630,8.630,8082400
2025-07-15 15:00:00,8.630,8.660,8.600,8.610,5560740
2025-07-16 10:00:00,8.600,8.640,8.510,8.520,12935550
2025-07-16 10:30:00,8.520,8.530,8.440,8.490,10738006
2025-07-16 11:00:00,8.480,8.510,8.460,8.470,3426300
2025-07-16 11:30:00,8.470,8.500,8.450,8.460,3445900
2025-07-16 13:30:00,8.460,8.470,8.440,8.460,5013576
2025-07-16 14:00:00,8.460,8.470,8.430,8.460,5116863
2025-07-16 14:30:00,8.460,8.520,8.450,8.510,3759306
2025-07-16 15:00:00,8.510,8.560,8.500,8.560,7143680
2025-07-17 10:00:00,8.510,8.560,8.470,8.500,6897700
2025-07-17 10:30:00,8.490,8.510,8.430,8.430,5913500
2025-07-17 11:00:00,8.450,8.480,8.430,8.470,5254640
2025-07-17 11:30:00,8.470,8.520,8.470,8.510,3439651
2025-07-17 13:30:00,8.510,8.520,8.460,8.470,3338139
2025-07-17 14:00:00,8.470,8.490,8.440,8.470,5294354
2025-07-17 14:30:00,8.470,8.490,8.460,8.480,3057770
2025-07-17 15:00:00,8.480,8.490,8.460,8.470,6526302
2025-07-18 10:00:00,8.480,8.510,8.450,8.500,8497290
2025-07-18 10:30:00,8.500,8.540,8.500,8.510,6678447
2025-07-18 11:00:00,8.510,8.520,8.480,8.510,3050200
2025-07-18 11:30:00,8.520,8.540,8.480,8.490,4157477
2025-07-18 13:30:00,8.490,8.500,8.460,8.460,5084600
2025-07-18 14:00:00,8.460,8.490,8.460,8.480,3108500
2025-07-18 14:30:00,8.480,8.480,8.450,8.460,4877400
2025-07-18 15:00:00,8.450,8.470,8.450,8.460,7646423
2025-07-21 10:00:00,8.420,8.470,8.390,8.400,12275800
2025-07-21 10:30:00,8.400,8.460,8.370,8.450,7257697
2025-07-21 11:00:00,8.450,8.460,8.420,8.460,4468820
2025-07-21 11:30:00,8.460,8.500,8.450,8.470,6598501
2025-07-21 13:30:00,8.470,8.520,8.460,8.500,6391778
2025-07-21 14:00:00,8.490,8.510,8.490,8.510,3981718
2025-07-21 14:30:00,8.500,8.510,8.480,8.490,4959100
2025-07-21 15:00:00,8.490,8.500,8.470,8.500,7199428
2025-07-22 10:00:00,8.470,8.530,8.390,8.400,13137047
2025-07-22 10:30:00,8.390,8.450,8.390,8.420,6225765
2025-07-22 11:00:00,8.420,8.450,8.410,8.430,3727500
2025-07-22 11:30:00,8.430,8.450,8.400,8.440,4082900
2025-07-22 13:30:00,8.440,8.450,8.390,8.420,8872044
2025-07-22 14:00:00,8.410,8.420,8.350,8.380,8368000
2025-07-22 14:30:00,8.380,8.430,8.370,8.420,6048500
2025-07-22 15:00:00,8.430,8.440,8.390,8.410,9737978
2025-07-23 10:00:00,8.430,8.530,8.390,8.430,19199300
2025-07-23 10:30:00,8.430,8.440,8.380,8.440,5990718
2025-07-23 11:00:00,8.430,8.490,8.430,8.480,5611636
2025-07-23 11:30:00,8.480,8.490,8.450,8.490,6292500
2025-07-23 13:30:00,8.490,8.500,8.450,8.460,4792280
2025-07-23 14:00:00,8.460,8.470,8.410,8.420,4078824
2025-07-23 14:30:00,8.420,8.470,8.420,8.470,5103600
2025-07-23 15:00:00,8.470,8.470,8.440,8.440,5665358
2025-07-24 10:00:00,8.440,8.440,8.310,8.370,15425850
2025-07-24 10:30:00,8.360,8.390,8.330,8.330,6275400
2025-07-24 11:00:00,8.330,8.380,8.320,8.360,5630800
2025-07-24 11:30:00,8.370,8.370,8.340,8.340,5704964
2025-07-24 13:30:00,8.350,8.350,8.290,8.310,9985500
2025-07-24 14:00:00,8.300,8.320,8.240,8.260,13020300
2025-07-24 14:30:00,8.270,8.270,8.210,8.220,14421102
2025-07-24 15:00:00,8.230,8.250,8.210,8.240,12273139
2025-07-25 10:00:00,8.230,8.270,8.190,8.200,13328200
2025-07-25 10:30:00,8.190,8.220,8.160,8.190,9574922
2025-07-25 11:00:00,8.200,8.200,8.160,8.190,3678600
2025-07-25 11:30:00,8.190,8.200,8.170,8.170,2451120
2025-07-25 13:30:00,8.180,8.200,8.160,8.180,4132808
2025-07-25 14:00:00,8.190,8.190,8.160,8.170,2827400
2025-07-25 14:30:00,8.170,8.180,8.130,8.150,6163720
2025-07-25 15:00:00,8.150,8.150,8.120,8.140,10523500
2025-07-28 10:00:00,8.140,8.310,8.120,8.300,25510719
2025-07-28 10:30:00,8.300,8.310,8.260,8.300,8403200
2025-07-28 11:00:00,8.290,8.310,8.210,8.210,6063700
2025-07-28 11:30:00,8.210,8.210,8.160,8.160,7022700
2025-07-28 13:30:00,8.170,8.200,8.150,8.150,4171800
2025-07-28 14:00:00,8.150,8.180,8.150,8.170,4477600
2025-07-28 14:30:00,8.170,8.190,8.160,8.160,3582400
2025-07-28 15:00:00,8.170,8.200,8.170,8.180,7037592
2025-07-29 10:00:00,8.170,8.270,8.170,8.200,11336000
2025-07-29 10:30:00,8.210,8.220,8.160,8.180,6313000
2025-07-29 11:00:00,8.170,8.180,8.140,8.150,5135846
2025-07-29 11:30:00,8.150,8.150,8.110,8.120,4237100
2025-07-29 13:30:00,8.120,8.160,8.110,8.150,3438812
2025-07-29 14:00:00,8.150,8.170,8.130,8.160,3114000
2025-07-29 14:30:00,8.160,8.190,8.140,8.150,8055200
2025-07-29 15:00:00,8.140,8.150,8.110,8.120,7990727
2025-07-30 10:00:00,8.150,8.220,8.110,8.200,13637641
2025-07-30 10:30:00,8.210,8.270,8.180,8.190,14073573
2025-07-30 11:00:00,8.190,8.210,8.160,8.180,5512980
2025-07-30 11:30:00,8.170,8.190,8.160,8.190,2057400
2025-07-30 13:30:00,8.190,8.230,8.180,8.210,4717100
2025-07-30 14:00:00,8.220,8.230,8.180,8.190,4130400
2025-07-30 14:30:00,8.190,8.210,8.160,8.200,6000061
2025-07-30 15:00:00,8.210,8.220,8.180,8.190,5720974
2025-07-31 10:00:00,8.200,8.230,8.070,8.080,17994122
2025-07-31 10:30:00,8.080,8.160,8.060,8.130,8715000
2025-07-31 11:00:00,8.130,8.180,8.130,8.170,4163033
2025-07-31 11:30:00,8.160,8.170,8.130,8.130,1660000
2025-07-31 13:30:00,8.130,8.170,8.120,8.140,3322060
2025-07-31 14:00:00,8.140,8.200,8.130,8.200,3719015
2025-07-31 14:30:00,8.190,8.220,8.160,8.170,4888051
2025-07-31 15:00:00,8.170,8.190,8.150,8.190,7383600
2025-08-01 10:00:00,8.170,8.230,8.070,8.070,15524699
2025-08-01 10:30:00,8.070,8.170,8.070,8.150,4360200
2025-08-01 11:00:00,8.160,8.250,8.160,8.240,8379878
2025-08-01 11:30:00,8.240,8.240,8.190,8.220,4233000
2025-08-01 13:30:00,8.210,8.220,8.150,8.180,5479600
2025-08-01 14:00:00,8.170,8.190,8.140,8.160,5661126
2025-08-01 14:30:00,8.160,8.210,8.150,8.200,5713798
2025-08-01 15:00:00,8.200,8.220,8.180,8.190,5250300
2025-08-04 10:00:00,8.150,8.280,8.150,8.250,15347082
2025-08-04 10:30:00,8.240,8.270,8.200,8.220,5828400
2025-08-04 11:00:00,8.220,8.220,8.170,8.190,3861700
2025-08-04 11:30:00,8.180,8.210,8.180,8.200,2329000
2025-08-04 13:30:00,8.200,8.210,8.150,8.160,4154900
2025-08-04 14:00:00,8.160,8.170,8.150,8.160,2903920
2025-08-04 14:30:00,8.160,8.190,8.150,8.190,4742909
2025-08-04 15:00:00,8.190,8.270,8.180,8.250,13760305
2025-08-05 10:00:00,8.220,8.300,8.210,8.280,11145057
2025-08-05 10:30:00,8.280,8.370,8.260,8.360,13521947
2025-08-05 11:00:00,8.350,8.420,8.350,8.420,10175800
2025-08-05 11:30:00,8.410,8.470,8.400,8.460,7937200
2025-08-05 13:30:00,8.460,8.490,8.430,8.440,7387520
2025-08-05 14:00:00,8.440,8.480,8.430,8.470,5127200
2025-08-05 14:30:00,8.470,8.480,8.460,8.480,4608701
2025-08-05 15:00:00,8.470,8.480,8.430,8.430,8291040
2025-08-06 10:00:00,8.460,8.510,8.440,8.440,12741766
2025-08-06 10:30:00,8.440,8.460,8.400,8.450,4372600
2025-08-06 11:00:00,8.460,8.470,8.420,8.420,3373200
2025-08-06 11:30:00,8.420,8.440,8.390,8.400,3618300
2025-08-06 13:30:00,8.390,8.410,8.380,8.400,3363900
2025-08-06 14:00:00,8.400,8.420,8.380,8.380,3249300
2025-08-06 14:30:00,8.380,8.410,8.380,8.380,3322430
2025-08-06 15:00:00,8.390,8.400,8.370,8.380,5770000
2025-08-07 10:00:00,8.370,8.410,8.280,8.370,11414200
2025-08-07 10:30:00,8.370,8.420,8.370,8.380,4877720
2025-08-07 11:00:00,8.380,8.390,8.320,8.370,5336120
2025-08-07 11:30:00,8.370,8.370,8.320,8.340,3686300
2025-08-07 13:30:00,8.340,8.400,8.330,8.390,3255500
2025-08-07 14:00:00,8.400,8.400,8.380,8.380,2070700
2025-08-07 14:30:00,8.380,8.410,8.370,8.390,3062147
2025-08-07 15:00:00,8.390,8.420,8.390,8.420,3124000
2025-08-08 10:00:00,8.420,8.450,8.380,8.390,6324648
2025-08-08 10:30:00,8.390,8.460,8.390,8.400,5253300
2025-08-08 11:00:00,8.400,8.430,8.390,8.400,2997778
2025-08-08 11:30:00,8.410,8.430,8.380,8.400,2708401
2025-08-08 13:30:00,8.390,8.410,8.380,8.380,2660999
2025-08-08 14:00:00,8.380,8.400,8.370,8.380,2272900
2025-08-08 14:30:00,8.370,8.390,8.370,8.390,2166500
2025-08-08 15:00:00,8.380,8.400,8.380,8.390,3695080
2025-08-11 10:00:00,8.370,8.410,8.280,8.300,11150116
2025-08-11 10:30:00,8.300,8.310,8.260,8.270,8057090
2025-08-11 11:00:00,8.280,8.310,8.270,8.310,2593100
2025-08-11 11:30:00,8.300,8.320,8.280,8.300,2458000
2025-08-11 13:30:00,8.300,8.310,8.270,8.280,6375301
2025-08-11 14:00:00,8.280,8.290,8.260,8.270,4383880
2025-08-11 14:30:00,8.270,8.290,8.250,8.250,6090988
2025-08-11 15:00:00,8.260,8.260,8.220,8.240,10678505
2025-08-12 10:00:00,8.230,8.320,8.220,8.300,12629540
2025-08-12 10:30:00,8.300,8.350,8.300,8.320,8973100
2025-08-12 11:00:00,8.320,8.340,8.300,8.320,2747180
2025-08-12 11:30:00,8.330,8.370,8.320,8.350,5921081
2025-08-12 13:30:00,8.350,8.360,8.320,8.340,2944700
2025-08-12 14:00:00,8.340,8.360,8.320,8.350,2715380
2025-08-12 14:30:00,8.340,8.360,8.330,8.340,2643406
2025-08-12 15:00:00,8.350,8.360,8.330,8.350,5366900
2025-08-13 10:00:00,8.380,8.400,8.330,8.350,7606500
2025-08-13 10:30:00,8.350,8.350,8.300,8.340,3482400
2025-08-13 11:00:00,8.340,8.370,8.300,8.350,4148800
2025-08-13 11:30:00,8.350,8.370,8.330,8.350,3589841
2025-08-13 13:30:00,8.340,8.360,8.290,8.300,5889688
2025-08-13 14:00:00,8.310,8.320,8.290,8.300,3317712
2025-08-13 14:30:00,8.310,8.310,8.250,8.250,7152217
2025-08-13 15:00:00,8.250,8.260,8.230,8.250,9616600
2025-08-14 10:00:00,8.250,8.390,8.230,8.360,14825030
2025-08-14 10:30:00,8.360,8.390,8.340,8.360,4439200
2025-08-14 11:00:00,8.350,8.360,8.320,8.340,2776800
2025-08-14 11:30:00,8.350,8.370,8.320,8.340,3515078
2025-08-14 13:30:00,8.330,8.340,8.280,8.290,3632830
2025-08-14 14:00:00,8.280,8.320,8.260,8.280,4538700
2025-08-14 14:30:00,8.280,8.310,8.260,8.300,2875600
2025-08-14 15:00:00,8.300,8.310,8.270,8.270,4818040
2025-08-15 10:00:00,8.260,8.280,8.040,8.060,26728300
2025-08-15 10:30:00,8.060,8.070,7.970,7.980,19898300
2025-08-15 11:00:00,7.980,8.010,7.960,8.000,6908859
2025-08-15 11:30:00,8.010,8.020,7.970,8.010,6962785
2025-08-15 13:30:00,8.010,8.020,7.990,8.010,6586200
2025-08-15 14:00:00,8.020,8.040,8.000,8.030,5863380
2025-08-15 14:30:00,8.030,8.070,8.020,8.060,5837600
2025-08-15 15:00:00,8.050,8.080,8.050,8.060,8625981
2025-08-18 10:00:00,8.030,8.050,7.940,7.950,20532700
2025-08-18 10:30:00,7.950,7.980,7.890,7.960,23371200
2025-08-18 11:00:00,7.970,7.970,7.930,7.940,9443101
2025-08-18 11:30:00,7.950,7.990,7.940,7.980,8033200
2025-08-18 13:30:00,7.990,8.000,7.950,7.950,10058860
2025-08-18 14:00:00,7.950,7.980,7.930,7.930,7900101
2025-08-18 14:30:00,7.940,7.980,7.930,7.950,8842080
2025-08-18 15:00:00,7.960,7.980,7.940,7.970,11793640
2025-08-19 10:00:00,7.960,7.990,7.940,7.980,9957500
2025-08-19 10:30:00,7.970,8.000,7.960,7.960,11771560
2025-08-19 11:00:00,7.970,7.990,7.960,7.980,3852500
2025-08-19 11:30:00,7.990,7.990,7.960,7.970,3742100
2025-08-19 13:30:00,7.970,8.000,7.950,7.960,8437420
2025-08-19 14:00:00,7.960,7.970,7.900,7.910,10309000
2025-08-19 14:30:00,7.910,7.940,7.900,7.930,4411561
2025-08-19 15:00:00,7.930,7.950,7.910,7.950,7220752
2025-08-20 10:00:00,7.930,7.990,7.880,7.980,14838310
2025-08-20 10:30:00,7.980,8.020,7.970,8.000,8364780
2025-08-20 11:00:00,8.000,8.020,7.980,8.010,5295112
2025-08-20 11:30:00,8.020,8.020,7.980,7.990,3799120
2025-08-20 13:30:00,7.990,8.010,7.970,8.000,4100595
2025-08-20 14:00:00,8.000,8.000,7.970,7.970,4385363
2025-08-20 14:30:00,7.980,7.990,7.960,7.980,3857332
2025-08-20 15:00:00,7.970,7.990,7.960,7.970,6916382
2025-08-21 10:00:00,7.990,8.080,7.950,8.060,18397664
2025-08-21 10:30:00,8.060,8.130,8.050,8.130,11506137
2025-08-21 11:00:00,8.130,8.130,8.050,8.060,6287983
2025-08-21 11:30:00,8.060,8.080,8.050,8.080,3434600
2025-08-21 13:30:00,8.080,8.100,8.060,8.080,4593060
2025-08-21 14:00:00,8.080,8.100,8.060,8.070,4034800
2025-08-21 14:30:00,8.070,8.100,8.060,8.080,5258720
2025-08-21 15:00:00,8.080,8.090,8.060,8.080,7201500
2025-08-22 10:00:00,8.080,8.080,7.910,7.930,23373501
2025-08-22 10:30:00,7.930,7.950,7.920,7.930,6105200
2025-08-22 11:00:00,7.930,7.940,7.910,7.920,4708800
2025-08-22 11:30:00,7.930,7.960,7.920,7.950,2957160
2025-08-22 13:30:00,7.960,7.970,7.930,7.970,4269628
2025-08-22 14:00:00,7.970,7.980,7.950,7.980,2727083
2025-08-22 14:30:00,7.980,8.020,7.970,8.020,4606763
2025-08-22 15:00:00,8.020,8.030,8.000,8.020,6550330
2025-08-25 10:00:00,7.990,8.030,7.960,7.990,15065170
2025-08-25 10:30:00,7.990,8.010,7.970,8.000,5062140
2025-08-25 11:00:00,8.010,8.010,7.980,8.010,4484800
2025-08-25 11:30:00,8.010,8.040,8.000,8.040,7893599
2025-08-25 13:30:00,8.030,8.090,8.030,8.060,8692780
2025-08-25 14:00:00,8.050,8.060,8.030,8.040,3232875
2025-08-25 14:30:00,8.040,8.060,8.040,8.050,3501423
2025-08-25 15:00:00,8.040,8.080,8.030,8.080,7950123
2025-08-26 10:00:00,8.050,8.090,8.000,8.020,12003480
2025-08-26 10:30:00,8.020,8.030,8.000,8.010,5066822
2025-08-26 11:00:00,8.010,8.040,8.010,8.020,3812600
2025-08-26 11:30:00,8.030,8.030,8.000,8.020,8704525
2025-08-26 13:30:00,8.020,8.070,8.010,8.020,6970300
2025-08-26 14:00:00,8.020,8.040,8.010,8.040,4906500
2025-08-26 14:30:00,8.030,8.060,8.020,8.050,6880484
2025-08-26 15:00:00,8.050,8.080,8.020,8.020,59403140
2025-08-27 10:00:00,8.010,8.020,7.960,7.980,12381300
2025-08-27 10:30:00,7.970,7.990,7.960,7.980,10765459
2025-08-27 11:00:00,7.980,7.990,7.960,7.980,4935722
2025-08-27 11:30:00,7.980,7.990,7.960,7.970,3982753
2025-08-27 13:30:00,7.980,7.980,7.890,7.900,16558082
2025-08-27 14:00:00,7.900,7.930,7.860,7.890,10108828
2025-08-27 14:30:00,7.890,7.920,7.880,7.880,6789880
2025-08-27 15:00:00,7.880,7.910,7.870,7.910,14561965
2025-08-28 10:00:00,7.880,7.900,7.770,7.820,17786360
2025-08-28 10:30:00,7.820,7.850,7.790,7.840,6618500
2025-08-28 11:00:00,7.840,7.910,7.830,7.900,6276350
2025-08-28 11:30:00,7.910,7.960,7.890,7.940,12750560
2025-08-28 13:30:00,7.930,7.960,7.910,7.940,6313728
2025-08-28 14:00:00,7.930,7.990,7.890,7.970,12860327
2025-08-28 14:30:00,7.970,8.010,7.960,7.990,10113770
2025-08-28 15:00:00,7.990,8.000,7.980,7.980,10313478
2025-08-29 10:00:00,7.980,8.150,7.970,8.140,37532606
2025-08-29 10:30:00,8.140,8.160,8.040,8.050,18662241
2025-08-29 11:00:00,8.040,8.050,7.940,7.950,11464890
2025-08-29 11:30:00,7.940,7.960,7.910,7.930,6934012
2025-08-29 13:30:00,7.920,7.930,7.880,7.900,8833444
2025-08-29 14:00:00,7.900,7.940,7.890,7.930,4338954
2025-08-29 14:30:00,7.930,7.950,7.900,7.920,4690400
2025-08-29 15:00:00,7.920,7.930,7.890,7.900,8198901
2025-09-01 10:00:00,7.910,7.940,7.830,7.930,17326640
2025-09-01 10:30:00,7.920,7.970,7.880,7.900,8117800
2025-09-01 11:00:00,7.910,7.940,7.890,7.900,4574500
2025-09-01 11:30:00,7.900,7.910,7.800,7.810,11199400
2025-09-01 13:30:00,7.800,7.830,7.770,7.780,10264300
2025-09-01 14:00:00,7.780,7.790,7.750,7.760,9067818
2025-09-01 14:30:00,7.770,7.800,7.750,7.780,4598550
2025-09-01 15:00:00,7.780,7.810,7.760,7.780,8448174
2025-09-02 10:00:00,7.780,7.860,7.770,7.840,12700440
2025-09-02 10:30:00,7.840,7.890,7.830,7.880,10822860
2025-09-02 11:00:00,7.880,7.910,7.860,7.870,10743300
2025-09-02 11:30:00,7.870,7.930,7.840,7.920,9957808
2025-09-02 13:30:00,7.910,7.990,7.900,7.950,19113940
2025-09-02 14:00:00,7.960,7.970,7.930,7.960,6500400
2025-09-02 14:30:00,7.960,8.010,7.950,7.990,10653260
2025-09-02 15:00:00,7.990,8.010,7.960,7.990,11679382
2025-09-03 10:00:00,8.000,8.010,7.900,7.920,10926000
2025-09-03 10:30:00,7.920,7.950,7.880,7.890,5810127
2025-09-03 11:00:00,7.880,7.910,7.840,7.840,8678800
2025-09-03 11:30:00,7.840,7.910,7.830,7.860,5809100
2025-09-03 13:30:00,7.880,7.920,7.870,7.910,3893100
2025-09-03 14:00:00,7.910,7.930,7.880,7.880,4823980
2025-09-03 14:30:00,7.900,7.900,7.840,7.850,6077000
2025-09-03 15:00:00,7.850,7.860,7.810,7.850,10144540
2025-09-04 10:00:00,7.820,7.840,7.660,7.710,21854558
2025-09-04 10:30:00,7.720,7.770,7.710,7.770,7545032
2025-09-04 11:00:00,7.760,7.790,7.720,7.730,5935900
2025-09-04 11:30:00,7.730,7.780,7.730,7.760,4882740
2025-09-04 13:30:00,7.760,7.850,7.750,7.840,10813745
2025-09-04 14:00:00,7.830,7.920,7.830,7.900,10168800
2025-09-04 14:30:00,7.910,7.980,7.870,7.960,18112400
2025-09-04 15:00:00,7.970,8.050,7.950,8.020,35895333
2025-09-05 10:00:00,7.960,7.980,7.830,7.890,21275500
2025-09-05 10:30:00,7.890,7.890,7.850,7.890,9023300
2025-09-05 11:00:00,7.900,7.920,7.870,7.900,7713200
2025-09-05 11:30:00,7.900,7.900,7.860,7.870,6211800
2025-09-05 13:30:00,7.860,7.870,7.830,7.840,8143700
2025-09-05 14:00:00,7.830,7.840,7.780,7.800,10747900
2025-09-05 14:30:00,7.790,7.820,7.790,7.810,9787398
2025-09-05 15:00:00,7.810,7.820,7.800,7.810,12487060
2025-09-08 10:00:00,7.790,7.890,7.770,7.790,16418295
2025-09-08 10:30:00,7.790,7.850,7.790,7.840,5193140
2025-09-08 11:00:00,7.840,7.880,7.810,7.810,6383874
2025-09-08 11:30:00,7.810,7.850,7.800,7.810,3116563
2025-09-08 13:30:00,7.820,7.830,7.770,7.780,5657513
2025-09-08 14:00:00,7.770,7.780,7.760,7.760,5660887
2025-09-08 14:30:00,7.770,7.780,7.720,7.720,10168871
2025-09-08 15:00:00,7.730,7.740,7.700,7.720,14847584
2025-09-09 10:00:00,7.740,7.790,7.710,7.750,10553586
2025-09-09 10:30:00,7.750,7.760,7.710,7.750,6158201
2025-09-09 11:00:00,7.740,7.780,7.740,7.740,4177400
2025-09-09 11:30:00,7.740,7.780,7.740,7.750,2497300
2025-09-09 13:30:00,7.750,7.780,7.750,7.760,4039700
2025-09-09 14:00:00,7.760,7.780,7.750,7.770,4784700
2025-09-09 14:30:00,7.780,7.810,7.760,7.800,9074662
2025-09-09 15:00:00,7.800,7.820,7.790,7.810,7133946
2025-09-10 10:00:00,7.820,7.830,7.780,7.780,7121300
2025-09-10 10:30:00,7.780,7.830,7.780,7.810,5010040
2025-09-10 11:00:00,7.800,7.850,7.790,7.830,6650800
2025-09-10 11:30:00,7.830,7.880,7.810,7.860,8035243
2025-09-10 13:30:00,7.860,7.890,7.850,7.880,7886631
2025-09-10 14:00:00,7.880,7.920,7.870,7.900,6643580
2025-09-10 14:30:00,7.910,7.930,7.900,7.910,5602220
2025-09-10 15:00:00,7.910,7.920,7.870,7.900,7335800
2025-09-11 10:00:00,7.890,7.940,7.840,7.880,9741290
2025-09-11 10:30:00,7.880,7.890,7.830,7.850,6325820
2025-09-11 11:00:00,7.850,7.870,7.830,7.870,5472500
2025-09-11 11:30:00,7.870,7.880,7.800,7.820,9218575
2025-09-11 13:30:00,7.830,7.890,7.810,7.870,6937698
2025-09-11 14:00:00,7.870,7.900,7.830,7.840,5179178
2025-09-11 14:30:00,7.840,7.860,7.830,7.860,7137309
2025-09-11 15:00:00,7.850,7.900,7.850,7.900,7557589
2025-09-12 10:00:00,7.890,7.920,7.820,7.820,10397265
2025-09-12 10:30:00,7.820,7.870,7.820,7.840,2856329
2025-09-12 11:00:00,7.840,7.870,7.830,7.860,2553822
2025-09-12 11:30:00,7.850,7.870,7.840,7.840,2500300
2025-09-12 13:30:00,7.840,7.850,7.810,7.820,4820151
2025-09-12 14:00:00,7.820,7.820,7.780,7.810,7787400
2025-09-12 14:30:00,7.810,7.820,7.790,7.810,4048600
2025-09-12 15:00:00,7.800,7.820,7.800,7.810,4653700
2025-09-15 10:00:00,7.810,7.830,7.750,7.770,8183450
2025-09-15 10:30:00,7.770,7.800,7.770,7.770,4694699
2025-09-15 11:00:00,7.780,7.810,7.770,7.800,4962440
2025-09-15 11:30:00,7.810,7.850,7.790,7.840,5376238
2025-09-15 13:30:00,7.840,7.840,7.750,7.750,7836096
2025-09-15 14:00:00,7.760,7.760,7.730,7.740,5989600
2025-09-15 14:30:00,7.740,7.740,7.710,7.720,6310240
2025-09-15 15:00:00,7.730,7.750,7.720,7.750,4867700
2025-09-16 10:00:00,7.730,7.770,7.650,7.670,15027500
2025-09-16 10:30:00,7.680,7.700,7.660,7.680,4519673
2025-09-16 11:00:00,7.690,7.720,7.680,7.710,4924301
2025-09-16 11:30:00,7.700,7.710,7.670,7.690,3579900
2025-09-16 13:30:00,7.700,7.730,7.670,7.670,4759800
2025-09-16 14:00:00,7.670,7.680,7.650,7.650,3951400
2025-09-16 14:30:00,7.650,7.660,7.630,7.630,7270216
2025-09-16 15:00:00,7.630,7.670,7.610,7.640,8365200
2025-09-17 10:00:00,7.640,7.670,7.580,7.630,16204080
2025-09-17 10:30:00,7.630,7.690,7.620,7.680,9487800
2025-09-17 11:00:00,7.680,7.690,7.630,7.630,4731500
2025-09-17 11:30:00,7.640,7.640,7.610,7.630,3956980
2025-09-17 13:30:00,7.630,7.630,7.610,7.620,2744080
2025-09-17 14:00:00,7.620,7.630,7.610,7.620,2141300
2025-09-17 14:30:00,7.610,7.630,7.600,7.600,4001862
2025-09-17 15:00:00,7.600,7.610,7.590,7.610,6693020
2025-09-18 10:00:00,7.610,7.630,7.580,7.600,9685330
2025-09-18 10:30:00,7.590,7.610,7.560,7.570,8676000
2025-09-18 11:00:00,7.570,7.570,7.520,7.530,6874500
2025-09-18 11:30:00,7.540,7.540,7.510,7.510,4432100
2025-09-18 13:30:00,7.520,7.540,7.480,7.510,8362658
2025-09-18 14:00:00,7.500,7.510,7.480,7.480,4964300
2025-09-18 14:30:00,7.480,7.510,7.470,7.480,7962320
2025-09-18 15:00:00,7.480,7.490,7.460,7.480,8652300
2025-09-19 10:00:00,7.470,7.480,7.380,7.400,11450459
2025-09-19 10:30:00,7.400,7.410,7.320,7.330,11047720
2025-09-19 11:00:00,7.330,7.420,7.330,7.400,7836468
2025-09-19 11:30:00,7.400,7.450,7.390,7.440,7567300
2025-09-19 13:30:00,7.440,7.450,7.400,7.420,5700841
2025-09-19 14:00:00,7.420,7.440,7.420,7.430,4233200
2025-09-19 14:30:00,7.430,7.440,7.400,7.430,7464900
2025-09-19 15:00:00,7.430,7.450,7.400,7.400,8597195
2025-09-22 10:00:00,7.380,7.450,7.370,7.410,9896600
2025-09-22 10:30:00,7.420,7.470,7.410,7.450,5836499
2025-09-22 11:00:00,7.450,7.460,7.400,7.400,4059800
2025-09-22 11:30:00,7.410,7.440,7.400,7.440,2227800
2025-09-22 13:30:00,7.430,7.440,7.390,7.390,4581700
2025-09-22 14:00:00,7.390,7.400,7.370,7.400,2776400
2025-09-22 14:30:00,7.400,7.400,7.360,7.380,2323740
2025-09-22 15:00:00,7.370,7.390,7.360,7.390,4159200
2025-09-23 10:00:00,7.350,7.520,7.310,7.490,16380020
2025-09-23 10:30:00,7.490,7.510,7.430,7.450,7729260
2025-09-23 11:00:00,7.440,7.490,7.410,7.480,8678000
2025-09-23 11:30:00,7.480,7.500,7.440,7.470,5262680
2025-09-23 13:30:00,7.470,7.480,7.400,7.410,5473901
2025-09-23 14:00:00,7.410,7.450,7.410,7.450,3637733
2025-09-23 14:30:00,7.450,7.480,7.440,7.440,4405920
2025-09-23 15:00:00,7.450,7.470,7.430,7.460,6940100
2025-09-24 10:00:00,7.450,7.510,7.400,7.500,15257692
2025-09-24 10:30:00,7.500,7.510,7.420,7.440,9750000
2025-09-24 11:00:00,7.430,7.460,7.400,7.410,6231500
2025-09-24 11:30:00,7.410,7.420,7.380,7.400,4712400
2025-09-24 13:30:00,7.400,7.420,7.380,7.390,6320500
2025-09-24 14:00:00,7.390,7.420,7.380,7.410,6203400
2025-09-24 14:30:00,7.410,7.420,7.380,7.400,6253641
2025-09-24 15:00:00,7.400,7.400,7.370,7.380,7163800
2025-09-25 10:00:00,7.380,7.390,7.280,7.330,14510700
2025-09-25 10:30:00,7.340,7.350,7.280,7.300,5843600
2025-09-25 11:00:00,7.310,7.330,7.290,7.300,3622800
2025-09-25 11:30:00,7.300,7.330,7.290,7.310,3071160
2025-09-25 13:30:00,7.300,7.320,7.280,7.320,6087270
2025-09-25 14:00:00,7.310,7.340,7.310,7.340,4065820
2025-09-25 14:30:00,7.330,7.360,7.330,7.350,4120500
2025-09-25 15:00:00,7.340,7.370,7.340,7.340,6477621
2025-09-26 10:00:00,7.330,7.340,7.230,7.320,14384400
2025-09-26 10:30:00,7.310,7.370,7.310,7.360,9296380
2025-09-26 11:00:00,7.370,7.380,7.330,7.330,2780300
2025-09-26 11:30:00,7.340,7.360,7.320,7.350,2415000
2025-09-26 13:30:00,7.350,7.370,7.330,7.350,3186492
2025-09-26 14:00:00,7.340,7.380,7.330,7.370,5774300
2025-09-26 14:30:00,7.380,7.440,7.360,7.430,9137500
2025-09-26 15:00:00,7.420,7.430,7.390,7.400,4507314
2025-09-29 10:00:00,7.390,7.390,7.290,7.320,12210340
2025-09-29 10:30:00,7.330,7.340,7.260,7.270,8945800
2025-09-29 11:00:00,7.280,7.290,7.250,7.260,7565600
2025-09-29 11:30:00,7.260,7.320,7.260,7.300,6749000
2025-09-29 13:30:00,7.300,7.310,7.270,7.300,7519600
2025-09-29 14:00:00,7.290,7.400,7.290,7.390,12401885
2025-09-29 14:30:00,7.390,7.400,7.320,7.340,5337185
2025-09-29 15:00:00,7.340,7.340,7.300,7.300,8017794
2025-09-30 10:00:00,7.320,7.330,7.230,7.270,14693055
2025-09-30 10:30:00,7.270,7.300,7.240,7.280,7776300
2025-09-30 11:00:00,7.270,7.290,7.240,7.260,5231100
2025-09-30 11:30:00,7.270,7.270,7.230,7.240,4867700
2025-09-30 13:30:00,7.250,7.260,7.230,7.230,4750700
2025-09-30 14:00:00,7.230,7.250,7.190,7.210,13906879
2025-09-30 14:30:00,7.200,7.230,7.170,7.200,11743600
2025-09-30 15:00:00,7.180,7.220,7.170,7.200,10157080
2025-10-09 10:00:00,7.180,7.210,7.130,7.170,10085517
2025-10-09 10:30:00,7.170,7.190,7.140,7.150,6294088
2025-10-09 11:00:00,7.140,7.210,7.130,7.190,7986827
2025-10-09 11:30:00,7.190,7.210,7.160,7.200,5164200
2025-10-09 13:30:00,7.190,7.220,7.190,7.200,5039100
2025-10-09 14:00:00,7.210,7.230,7.190,7.220,4570100
2025-10-09 14:30:00,7.220,7.240,7.210,7.230,3824500
2025-10-09 15:00:00,7.230,7.260,7.230,7.260,6066584
2025-10-10 10:00:00,7.230,7.360,7.220,7.310,19056498
2025-10-10 10:30:00,7.310,7.350,7.250,7.250,12738600
2025-10-10 11:00:00,7.250,7.270,7.240,7.270,5330900
2025-10-10 11:30:00,7.270,7.280,7.250,7.270,3109400
2025-10-10 13:30:00,7.270,7.310,7.260,7.280,5202600
2025-10-10 14:00:00,7.280,7.310,7.270,7.280,4002620
2025-10-10 14:30:00,7.280,7.290,7.240,7.260,4114480
2025-10-10 15:00:00,7.250,7.270,7.240,7.260,8179802
2025-10-13 10:00:00,7.240,7.340,7.150,7.200,21681200
2025-10-13 10:30:00,7.210,7.260,7.190,7.230,6782853
2025-10-13 11:00:00,7.230,7.300,7.210,7.270,7575700
2025-10-13 11:30:00,7.270,7.310,7.260,7.290,7711600
2025-10-13 13:30:00,7.290,7.310,7.250,7.290,8790800
2025-10-13 14:00:00,7.290,7.350,7.270,7.280,13948507
2025-10-13 14:30:00,7.280,7.310,7.280,7.300,4585300
2025-10-13 15:00:00,7.300,7.320,7.300,7.310,6538200
2025-10-14 10:00:00,7.270,7.340,7.230,7.340,18620670
2025-10-14 10:30:00,7.340,7.460,7.330,7.450,21812601
2025-10-14 11:00:00,7.450,7.490,7.440,7.440,16755800
2025-10-14 11:30:00,7.450,7.480,7.440,7.460,11186300
2025-10-14 13:30:00,7.470,7.470,7.420,7.450,10524300
2025-10-14 14:00:00,7.450,7.510,7.440,7.490,14393700
2025-10-14 14:30:00,7.490,7.510,7.460,7.480,11315278
2025-10-14 15:00:00,7.490,7.520,7.480,7.510,14797290
2025-10-15 10:00:00,7.490,7.600,7.460,7.560,26609578
2025-10-15 10:30:00,7.560,7.580,7.500,7.530,14400592
2025-10-15 11:00:00,7.520,7.590,7.520,7.570,8291885
2025-10-15 11:30:00,7.570,7.580,7.530,7.540,3625000
2025-10-15 13:30:00,7.550,7.550,7.480,7.530,9949600
2025-10-15 14:00:00,7.520,7.540,7.510,7.530,4116800
2025-10-15 14:30:00,7.530,7.570,7.530,7.560,6426300
2025-10-15 15:00:00,7.560,7.570,7.520,7.550,9214097
2025-10-16 10:00:00,7.540,7.680,7.530,7.620,18422720
2025-10-16 10:30:00,7.620,7.650,7.580,7.600,7646362
2025-10-16 11:00:00,7.600,7.670,7.600,7.650,6855860
2025-10-16 11:30:00,7.650,7.650,7.610,7.620,3480600
2025-10-16 13:30:00,7.630,7.640,7.600,7.630,4921895
2025-10-16 14:00:00,7.630,7.720,7.630,7.710,16496126
2025-10-16 14:30:00,7.710,7.840,7.710,7.810,38941600
2025-10-16 15:00:00,7.820,7.850,7.810,7.840,25806774
2025-10-17 10:00:00,7.850,7.900,7.770,7.840,25391340
2025-10-17 10:30:00,7.830,7.850,7.780,7.800,10410800
2025-10-17 11:00:00,7.810,7.860,7.810,7.860,6824900
2025-10-17 11:30:00,7.860,7.900,7.850,7.860,7477355
2025-10-17 13:30:00,7.860,7.880,7.810,7.820,8826000
2025-10-17 14:00:00,7.820,7.850,7.800,7.810,5104716
2025-10-17 14:30:00,7.800,7.860,7.800,7.800,8413100
2025-10-17 15:00:00,7.810,7.840,7.780,7.790,13584597
2025-10-20 10:00:00,7.770,7.800,7.650,7.660,25189200
2025-10-20 10:30:00,7.670,7.740,7.600,7.710,12786741
2025-10-20 11:00:00,7.700,7.750,7.680,7.720,5439000
2025-10-20 11:30:00,7.720,7.760,7.720,7.730,2897900
2025-10-20 13:30:00,7.730,7.760,7.710,7.750,3689800
2025-10-20 14:00:00,7.750,7.750,7.720,7.730,3627900
2025-10-20 14:30:00,7.730,7.750,7.710,7.710,4830200
2025-10-20 15:00:00,7.710,7.730,7.710,7.710,7897343
2025-10-21 10:00:00,7.710,7.760,7.690,7.740,10896000
2025-10-21 10:30:00,7.740,7.750,7.680,7.690,5577164
2025-10-21 11:00:00,7.700,7.700,7.650,7.680,6105800
2025-10-21 11:30:00,7.680,7.710,7.660,7.700,3219500
2025-10-21 13:30:00,7.700,7.700,7.660,7.670,6594900
2025-10-21 14:00:00,7.670,7.740,7.660,7.720,6619200
2025-10-21 14:30:00,7.720,7.750,7.720,7.740,4390201
2025-10-21 15:00:00,7.750,7.770,7.730,7.750,8561900
2025-10-22 10:00:00,7.750,7.890,7.720,7.840,18630314
2025-10-22 10:30:00,7.850,7.850,7.800,7.820,6355400
2025-10-22 11:00:00,7.810,7.830,7.800,7.820,3030500
2025-10-22 11:30:00,7.810,7.830,7.800,7.810,3877200
2025-10-22 13:30:00,7.810,7.900,7.790,7.880,10079180
2025-10-22 14:00:00,7.880,7.900,7.860,7.880,5752800
2025-10-22 14:30:00,7.890,7.980,7.880,7.950,14342180
2025-10-22 15:00:00,7.960,7.960,7.920,7.930,11733900
2025-10-23 10:00:00,7.930,8.070,7.920,7.970,18404438
2025-10-23 10:30:00,7.970,7.990,7.870,7.880,9835560
2025-10-23 11:00:00,7.880,7.920,7.850,7.920,5136000
2025-10-23 11:30:00,7.910,7.980,7.900,7.950,6558160
2025-10-23 13:30:00,7.950,7.950,7.890,7.890,3597500
2025-10-23 14:00:00,7.890,7.920,7.880,7.920,3087000
2025-10-23 14:30:00,7.920,7.950,7.910,7.950,4724800
2025-10-23 15:00:00,7.950,7.980,7.940,7.960,8213100
2025-10-24 10:00:00,7.930,7.960,7.810,7.890,22356740
2025-10-24 10:30:00,7.880,7.960,7.850,7.890,8986800
2025-10-24 11:00:00,7.890,8.030,7.880,7.970,11636500
2025-10-24 11:30:00,7.960,7.990,7.950,7.970,4883000
2025-10-24 13:30:00,7.970,8.030,7.960,8.010,6397700
2025-10-24 14:00:00,8.000,8.040,7.970,8.010,7084902
2025-10-24 14:30:00,8.010,8.020,7.980,7.980,3932000
2025-10-24 15:00:00,7.990,7.990,7.910,7.940,8535501
2025-10-27 10:00:00,7.910,7.920,7.760,7.890,21461361
2025-10-27 10:30:00,7.900,8.000,7.890,7.970,11641500
2025-10-27 11:00:00,7.960,7.970,7.910,7.930,4965000
2025-10-27 11:30:00,7.940,7.960,7.870,7.870,4644300
2025-10-27 13:30:00,7.880,7.920,7.860,7.870,5942804
2025-10-27 14:00:00,7.870,7.880,7.810,7.840,11312400
2025-10-27 14:30:00,7.840,7.860,7.780,7.810,15695191
2025-10-27 15:00:00,7.810,7.860,7.770,7.840,10370856
2025-10-28 10:00:00,7.850,7.880,7.740,7.750,12809900
2025-10-28 10:30:00,7.750,7.790,7.710,7.770,13013900
2025-10-28 11:00:00,7.760,7.770,7.740,7.770,4739600
2025-10-28 11:30:00,7.760,7.810,7.750,7.770,3312145
2025-10-28 13:30:00,7.770,7.830,7.760,7.810,6596300
2025-10-28 14:00:00,7.800,7.820,7.780,7.810,2616460
2025-10-28 14:30:00,7.810,7.810,7.780,7.790,1962300
2025-10-28 15:00:00,7.790,7.800,7.760,7.800,4850900
2025-10-29 10:00:00,7.750,7.770,7.630,7.700,21982669
2025-10-29 10:30:00,7.710,7.770,7.690,7.770,7115009
2025-10-29 11:00:00,7.770,7.790,7.720,7.770,6913036
2025-10-29 11:30:00,7.780,7.790,7.720,7.770,4849400
2025-10-29 13:30:00,7.780,7.800,7.730,7.740,4809579
2025-10-29 14:00:00,7.740,7.760,7.730,7.750,4477700
2025-10-29 14:30:00,7.740,7.750,7.710,7.730,5106910
2025-10-29 15:00:00,7.720,7.730,7.700,7.720,6078040
2025-10-30 10:00:00,7.750,7.870,7.700,7.760,24616270
2025-10-30 10:30:00,7.770,7.820,7.760,7.800,8416754
2025-10-30 11:00:00,7.810,7.840,7.780,7.780,5936842
2025-10-30 11:30:00,7.780,7.800,7.760,7.780,2806778
2025-10-30 13:30:00,7.780,7.860,7.760,7.820,7662201
2025-10-30 14:00:00,7.820,7.850,7.810,7.820,3518394
2025-10-30 14:30:00,7.820,7.850,7.810,7.820,6566411
2025-10-30 15:00:00,7.830,7.850,7.820,7.840,12476200
2025-10-31 10:00:00,7.760,7.830,7.620,7.740,33433300
2025-10-31 10:30:00,7.730,7.730,7.630,7.660,14503600
2025-10-31 11:00:00,7.670,7.720,7.640,7.700,6279700
2025-10-31 11:30:00,7.700,7.770,7.670,7.770,8045459
2025-10-31 13:30:00,7.770,7.770,7.710,7.720,8047401
2025-10-31 14:00:00,7.730,7.760,7.710,7.720,5619715
2025-10-31 14:30:00,7.720,7.750,7.690,7.740,5424900
2025-10-31 15:00:00,7.740,7.760,7.720,7.740,10143537
2025-11-03 10:00:00,7.760,7.780,7.660,7.710,14618300
2025-11-03 10:30:00,7.710,7.900,7.710,7.900,19915849
2025-11-03 11:00:00,7.890,7.910,7.870,7.910,8671060
2025-11-03 11:30:00,7.900,7.920,7.880,7.920,4673280
2025-11-03 13:30:00,7.920,7.930,7.830,7.860,7753060
2025-11-03 14:00:00,7.870,7.880,7.850,7.870,4853910
2025-11-03 14:30:00,7.870,7.890,7.850,7.880,4695800
2025-11-03 15:00:00,7.870,7.880,7.850,7.860,6445000
2025-11-04 10:00:00,7.880,8.030,7.850,8.030,17740540
2025-11-04 10:30:00,8.020,8.100,8.020,8.080,14677755
2025-11-04 11:00:00,8.080,8.100,8.060,8.070,7690400
2025-11-04 11:30:00,8.070,8.090,8.030,8.050,5358400
2025-11-04 13:30:00,8.060,8.080,8.030,8.070,7933900
2025-11-04 14:00:00,8.070,8.090,8.050,8.070,4803702
2025-11-04 14:30:00,8.070,8.090,8.050,8.070,8356600
2025-11-04 15:00:00,8.070,8.150,8.060,8.120,24172300
2025-11-05 10:00:00,8.140,8.150,8.010,8.060,23331700
2025-11-05 10:30:00,8.070,8.120,8.040,8.060,6244400
2025-11-05 11:00:00,8.060,8.130,8.050,8.100,5819274
2025-11-05 11:30:00,8.100,8.120,8.080,8.110,4873100
2025-11-05 13:30:00,8.100,8.140,8.080,8.140,5860000
2025-11-05 14:00:00,8.140,8.140,8.110,8.110,4613600
2025-11-05 14:30:00,8.120,8.130,8.100,8.110,4333900
2025-11-05 15:00:00,8.110,8.120,8.090,8.100,9393800
2025-11-06 10:00:00,8.050,8.090,7.980,8.060,13379200
2025-11-06 10:30:00,8.050,8.080,8.010,8.030,4587800
2025-11-06 11:00:00,8.020,8.080,8.010,8.080,8326378
2025-11-06 11:30:00,8.080,8.090,8.050,8.060,4321600
2025-11-06 13:30:00,8.060,8.090,8.040,8.080,4671300
2025-11-06 14:00:00,8.080,8.080,8.050,8.060,5604500
2025-11-06 14:30:00,8.060,8.080,8.020,8.020,7247900
2025-11-06 15:00:00,8.020,8.030,8.000,8.000,10177520
2025-11-07 10:00:00,8.030,8.200,8.020,8.100,22827678
2025-11-07 10:30:00,8.100,8.120,8.040,8.070,4981000
2025-11-07 11:00:00,8.070,8.080,8.020,8.030,3300100
2025-11-07 11:30:00,8.040,8.060,8.020,8.030,2269500
2025-11-07 13:30:00,8.030,8.110,8.010,8.090,8130376
2025-11-07 14:00:00,8.090,8.130,8.080,8.120,4434140
2025-11-07 14:30:00,8.120,8.150,8.120,8.130,5728100
2025-11-07 15:00:00,8.130,8.140,8.100,8.110,8769400
2025-11-10 10:00:00,8.080,8.110,8.030,8.070,9379600
2025-11-10 10:30:00,8.060,8.200,8.060,8.180,10795282
2025-11-10 11:00:00,8.180,8.200,8.120,8.140,3460535
2025-11-10 11:30:00,8.150,8.200,8.130,8.200,3954000
2025-11-10 13:30:00,8.200,8.240,8.190,8.230,6345200
2025-11-10 14:00:00,8.220,8.240,8.210,8.220,3793400
2025-11-10 14:30:00,8.220,8.230,8.200,8.210,3143380
2025-11-10 15:00:00,8.220,8.240,8.200,8.230,7083674
2025-11-11 10:00:00,8.190,8.240,8.160,8.230,7829780
2025-11-11 10:30:00,8.240,8.250,8.180,8.220,4244900
2025-11-11 11:00:00,8.220,8.230,8.160,8.160,4289100
2025-11-11 11:30:00,8.160,8.180,8.140,8.160,3046280
2025-11-11 13:30:00,8.170,8.200,8.150,8.170,3249101
2025-11-11 14:00:00,8.170,8.190,8.150,8.160,1743220
2025-11-11 14:30:00,8.160,8.180,8.160,8.160,2002100
2025-11-11 15:00:00,8.160,8.170,8.130,8.150,5861489
2025-11-12 10:00:00,8.190,8.280,8.170,8.240,13296401
2025-11-12 10:30:00,8.240,8.240,8.180,8.240,5717690
2025-11-12 11:00:00,8.240,8.270,8.230,8.240,4661177
2025-11-12 11:30:00,8.240,8.260,8.200,8.200,3843800
2025-11-12 13:30:00,8.200,8.210,8.140,8.160,5106900
2025-11-12 14:00:00,8.150,8.170,8.140,8.150,2809000
2025-11-12 14:30:00,8.140,8.170,8.140,8.160,2902300
2025-11-12 15:00:00,8.160,8.170,8.130,8.130,6682693
2025-11-13 10:00:00,8.130,8.170,8.060,8.070,9598500
2025-11-13 10:30:00,8.070,8.090,8.030,8.040,5746560
2025-11-13 11:00:00,8.040,8.080,8.010,8.010,6847400
2025-11-13 11:30:00,8.010,8.020,7.970,8.000,8763160
2025-11-13 13:30:00,7.990,8.060,7.990,8.050,8672800
2025-11-13 14:00:00,8.050,8.080,8.040,8.070,3858099
2025-11-13 14:30:00,8.060,8.070,8.050,8.060,2772100
2025-11-13 15:00:00,8.060,8.060,8.020,8.050,9884615
2025-11-14 10:00:00,8.060,8.140,8.060,8.120,11989100
2025-11-14 10:30:00,8.130,8.130,8.090,8.100,2692300
2025-11-14 11:00:00,8.100,8.120,8.090,8.100,3386800
2025-11-14 11:30:00,8.110,8.120,8.100,8.100,1850700
2025-11-14 13:30:00,8.110,8.110,8.070,8.070,3755500
2025-11-14 14:00:00,8.070,8.090,8.050,8.060,3543886
2025-11-14 14:30:00,8.050,8.070,8.050,8.050,2319100
2025-11-14 15:00:00,8.050,8.070,8.030,8.040,7689454
2025-11-17 10:00:00,8.070,8.080,7.940,7.980,14180734
2025-11-17 10:30:00,7.990,8.070,7.980,8.030,5245059
2025-11-17 11:00:00,8.020,8.050,8.020,8.030,2195600
2025-11-17 11:30:00,8.030,8.070,8.020,8.060,3429450
2025-11-17 13:30:00,8.050,8.070,8.000,8.000,2842701
2025-11-17 14:00:00,8.000,8.010,7.980,8.000,2821999
2025-11-17 14:30:00,7.990,8.000,7.960,7.970,4867500
2025-11-17 15:00:00,7.970,7.990,7.950,7.970,6607153
2025-11-18 10:00:00,7.970,8.000,7.940,7.950,5495080
2025-11-18 10:30:00,7.940,7.970,7.930,7.950,4778700
2025-11-18 11:00:00,7.940,7.980,7.940,7.960,2345902
2025-11-18 11:30:00,7.950,7.970,7.940,7.940,2097900
2025-11-18 13:30:00,7.950,7.960,7.930,7.950,4048600
2025-11-18 14:00:00,7.940,7.980,7.930,7.930,5205960
2025-11-18 14:30:00,7.940,7.940,7.900,7.910,4876026
2025-11-18 15:00:00,7.900,7.920,7.900,7.920,5425901
2025-11-19 10:00:00,7.930,7.960,7.900,7.960,6698600
2025-11-19 10:30:00,7.950,8.040,7.950,8.030,8877733
2025-11-19 11:00:00,8.040,8.050,8.000,8.030,7421800
2025-11-19 11:30:00,8.040,8.070,8.030,8.050,5851400
2025-11-19 13:30:00,8.050,8.090,8.030,8.030,6047400
2025-11-19 14:00:00,8.030,8.040,8.010,8.030,2657600
2025-11-19 14:30:00,8.020,8.070,8.020,8.070,3788500
2025-11-19 15:00:00,8.060,8.070,8.030,8.040,7849488
2025-11-20 10:00:00,8.040,8.200,8.010,8.140,22498257
2025-11-20 10:30:00,8.130,8.180,8.100,8.160,6732100
2025-11-20 11:00:00,8.150,8.240,8.140,8.210,12174384
2025-11-20 11:30:00,8.210,8.250,8.190,8.230,7488800
2025-11-20 13:30:00,8.230,8.250,8.150,8.170,10657300
2025-11-20 14:00:00,8.170,8.180,8.130,8.140,4275100
2025-11-20 14:30:00,8.140,8.170,8.130,8.140,5275000
2025-11-20 15:00:00,8.150,8.170,8.130,8.150,11174648
2025-11-21 10:00:00,7.960,8.070,7.910,8.060,20195379
2025-11-21 10:30:00,8.060,8.060,7.970,8.010,10144140
2025-11-21 11:00:00,8.010,8.010,7.930,7.960,6672300
2025-11-21 11:30:00,7.960,8.000,7.910,7.910,5400900
2025-11-21 13:30:00,7.910,7.990,7.900,7.970,8336200
2025-11-21 14:00:00,7.960,7.990,7.950,7.960,3777300
2025-11-21 14:30:00,7.960,7.960,7.930,7.930,4909100
2025-11-21 15:00:00,7.930,7.940,7.900,7.920,8631910
2025-11-24 10:00:00,7.930,8.000,7.820,7.820,12857458
2025-11-24 10:30:00,7.820,7.880,7.820,7.860,5569500
2025-11-24 11:00:00,7.860,7.880,7.830,7.880,3150700
2025-11-24 11:30:00,7.870,7.900,7.860,7.870,3117500
2025-11-24 13:30:00,7.880,7.880,7.830,7.830,4188000
2025-11-24 14:00:00,7.850,7.850,7.760,7.770,9762800
2025-11-24 14:30:00,7.780,7.810,7.770,7.780,6173710
2025-11-24 15:00:00,7.780,7.780,7.720,7.720,18148590
2025-11-25 10:00:00,7.780,7.850,7.670,7.850,15004700
2025-11-25 10:30:00,7.840,7.850,7.780,7.790,7219595
2025-11-25 11:00:00,7.800,7.870,7.770,7.850,6742500
2025-11-25 11:30:00,7.850,7.870,7.810,7.820,4212200
2025-11-25 13:30:00,7.820,7.920,7.790,7.860,9371571
2025-11-25 14:00:00,7.850,7.880,7.850,7.880,3861300
2025-11-25 14:30:00,7.880,7.890,7.860,7.890,5186640
2025-11-25 15:00:00,7.880,7.920,7.880,7.910,8785850
2025-11-26 10:00:00,7.920,7.970,7.780,7.790,14977000
2025-11-26 10:30:00,7.790,7.840,7.770,7.800,6355400
2025-11-26 11:00:00,7.800,7.840,7.770,7.770,4714600
2025-11-26 11:30:00,7.780,7.820,7.750,7.780,5632000
2025-11-26 13:30:00,7.790,7.830,7.760,7.810,4714500
2025-11-26 14:00:00,7.800,7.830,7.780,7.820,3881100
2025-11-26 14:30:00,7.810,7.840,7.800,7.820,2655900
2025-11-26 15:00:00,7.820,7.830,7.780,7.810,4814600
2025-11-27 10:00:00,7.790,7.810,7.710,7.790,10588800
2025-11-27 10:30:00,7.780,7.820,7.770,7.810,4313460
2025-11-27 11:00:00,7.820,7.830,7.800,7.830,3673900
2025-11-27 11:30:00,7.820,7.850,7.810,7.850,3577740
2025-11-27 13:30:00,7.840,7.870,7.820,7.840,3525500
2025-11-27 14:00:00,7.840,7.860,7.820,7.830,2850320
2025-11-27 14:30:00,7.830,7.850,7.820,7.840,3561696
2025-11-27 15:00:00,7.830,7.840,7.810,7.840,5107048
2025-11-28 10:00:00,7.810,7.820,7.730,7.730,7668500
2025-11-28 10:30:00,7.730,7.760,7.730,7.740,4709697
2025-11-28 11:00:00,7.740,7.790,7.730,7.780,4357660
2025-11-28 11:30:00,7.790,7.800,7.760,7.770,2746700
2025-11-28 13:30:00,7.780,7.790,7.760,7.790,2976903
2025-11-28 14:00:00,7.790,7.810,7.760,7.770,3226400
2025-11-28 14:30:00,7.780,7.780,7.750,7.750,3085500
2025-11-28 15:00:00,7.760,7.770,7.740,7.760,6690979
2025-12-01 10:00:00,7.730,7.750,7.660,7.700,13066595
2025-12-01 10:30:00,7.710,7.820,7.700,7.800,12378500
2025-12-01 11:00:00,7.800,7.840,7.780,7.780,7846400
2025-12-01 11:30:00,7.780,7.820,7.750,7.750,4663101
2025-12-01 13:30:00,7.750,7.770,7.720,7.750,4028554
2025-12-01 14:00:00,7.740,7.780,7.730,7.780,3841000
2025-12-01 14:30:00,7.780,7.800,7.760,7.780,3915900
2025-12-01 15:00:00,7.770,7.790,7.760,7.780,5287848
2025-12-02 10:00:00,7.790,7.910,7.770,7.890,17999244
2025-12-02 10:30:00,7.890,7.900,7.800,7.800,7174700
2025-12-02 11:00:00,7.810,7.820,7.780,7.810,4255100
2025-12-02 11:30:00,7.820,7.830,7.760,7.770,5304800
2025-12-02 13:30:00,7.770,7.790,7.760,7.770,3954980
2025-12-02 14:00:00,7.770,7.780,7.760,7.760,3488900
2025-12-02 14:30:00,7.770,7.770,7.740,7.740,4944620
2025-12-02 15:00:00,7.750,7.780,7.740,7.780,5575300
2025-12-03 10:00:00,7.760,7.890,7.720,7.860,16139820
2025-12-03 10:30:00,7.860,7.880,7.810,7.880,6496700
2025-12-03 11:00:00,7.880,7.890,7.860,7.880,5300000
2025-12-03 11:30:00,7.870,7.880,7.810,7.830,3947600
2025-12-03 13:30:00,7.830,7.830,7.800,7.810,3525800
2025-12-03 14:00:00,7.810,7.820,7.780,7.810,3000820
2025-12-03 14:30:00,7.810,7.810,7.770,7.790,4428680
2025-12-03 15:00:00,7.800,7.820,7.770,7.780,6794400
2025-12-04 10:00:00,7.770,7.870,7.760,7.850,13332540
2025-12-04 10:30:00,7.840,7.870,7.800,7.820,6711000
2025-12-04 11:00:00,7.820,7.830,7.800,7.800,3289600
2025-12-04 11:30:00,7.810,7.870,7.800,7.850,5044100
2025-12-04 13:30:00,7.850,7.850,7.800,7.810,3805400
2025-12-04 14:00:00,7.810,7.830,7.790,7.800,3077000
2025-12-04 14:30:00,7.800,7.810,7.780,7.810,2987200
2025-12-04 15:00:00,7.810,7.810,7.780,7.780,5198278
2025-12-05 10:00:00,7.800,7.890,7.780,7.800,12045698
2025-12-05 10:30:00,7.800,7.800,7.750,7.760,7140300
2025-12-05 11:00:00,7.750,7.770,7.730,7.750,6440711
2025-12-05 11:30:00,7.750,7.770,7.730,7.740,2851700
2025-12-05 13:30:00,7.740,7.750,7.710,7.720,4960200
2025-12-05 14:00:00,7.720,7.760,7.710,7.740,5052900
2025-12-05 14:30:00,7.730,7.760,7.730,7.740,4237300
2025-12-05 15:00:00,7.740,7.750,7.720,7.730,8972440
2025-12-08 10:00:00,7.710,7.720,7.600,7.610,20043200
2025-12-08 10:30:00,7.620,7.670,7.560,7.660,16603100
2025-12-08 11:00:00,7.660,7.670,7.630,7.650,3125107
2025-12-08 11:30:00,7.650,7.670,7.640,7.650,3376500
2025-12-08 13:30:00,7.640,7.660,7.630,7.630,2953800
2025-12-08 14:00:00,7.640,7.680,7.630,7.670,4527300
2025-12-08 14:30:00,7.660,7.670,7.630,7.630,2495300
2025-12-08 15:00:00,7.640,7.650,7.620,7.640,4731700
2025-12-09 10:00:00,7.650,7.660,7.600,7.620,6507020
2025-12-09 10:30:00,7.630,7.670,7.580,7.650,8844300
2025-12-09 11:00:00,7.650,7.660,7.640,7.640,3342992
2025-12-09 11:30:00,7.650,7.660,7.600,7.630,3672900
2025-12-09 13:30:00,7.620,7.670,7.620,7.650,3443360
2025-12-09 14:00:00,7.650,7.660,7.640,7.640,2140400
2025-12-09 14:30:00,7.650,7.650,7.610,7.640,3364000
2025-12-09 15:00:00,7.640,7.640,7.620,7.620,3548388
2025-12-10 10:00:00,7.610,7.630,7.540,7.550,9040900
2025-12-10 10:30:00,7.550,7.560,7.480,7.490,8193400
2025-12-10 11:00:00,7.490,7.500,7.450,7.480,7373300
2025-12-10 11:30:00,7.470,7.510,7.460,7.510,3974500
2025-12-10 13:30:00,7.510,7.520,7.480,7.500,4190800
2025-12-10 14:00:00,7.500,7.520,7.470,7.470,4653700
2025-12-10 14:30:00,7.480,7.500,7.470,7.490,3601000
2025-12-10 15:00:00,7.500,7.500,7.470,7.490,5170478
2025-12-11 10:00:00,7.510,7.530,7.450,7.480,10760900
2025-12-11 10:30:00,7.470,7.500,7.450,7.470,3705700
2025-12-11 11:00:00,7.470,7.470,7.430,7.450,4788500
2025-12-11 11:30:00,7.450,7.500,7.430,7.490,6140780
2025-12-11 13:30:00,7.490,7.500,7.460,7.460,4543000
2025-12-11 14:00:00,7.470,7.480,7.430,7.460,5094500
2025-12-11 14:30:00,7.460,7.470,7.430,7.460,7292000
2025-12-11 15:00:00,7.460,7.510,7.430,7.510,15130220
2025-12-12 10:00:00,7.490,7.500,7.340,7.400,20163140
2025-12-12 10:30:00,7.390,7.440,7.380,7.400,8254240
2025-12-12 11:00:00,7.410,7.430,7.380,7.400,6578900
2025-12-12 11:30:00,7.400,7.440,7.390,7.440,7505408
2025-12-12 13:30:00,7.430,7.460,7.400,7.440,9339340
2025-12-12 14:00:00,7.430,7.460,7.410,7.440,8528180
2025-12-12 14:30:00,7.430,7.440,7.390,7.420,9275300
2025-12-12 15:00:00,7.410,7.460,7.390,7.460,17971660
2025-12-15 10:00:00,7.430,7.450,7.330,7.350,16243316
2025-12-15 10:30:00,7.350,7.390,7.340,7.370,7528600
2025-12-15 11:00:00,7.380,7.440,7.370,7.440,8087600
2025-12-15 11:30:00,7.440,7.480,7.430,7.480,5597933
2025-12-15 13:30:00,7.470,7.490,7.430,7.450,4105054
2025-12-15 14:00:00,7.460,7.480,7.440,7.440,3794100
2025-12-15 14:30:00,7.450,7.460,7.440,7.440,3103140
2025-12-15 15:00:00,7.440,7.460,7.420,7.420,6187000
2025-12-16 10:00:00,7.410,7.460,7.350,7.350,9344700
2025-12-16 10:30:00,7.350,7.410,7.310,7.380,9368688
2025-12-16 11:00:00,7.390,7.400,7.370,7.380,3142900
2025-12-16 11:30:00,7.380,7.460,7.370,7.410,9563140
2025-12-16 13:30:00,7.410,7.430,7.370,7.400,7404000
2025-12-16 14:00:00,7.400,7.420,7.380,7.390,5608170
2025-12-16 14:30:00,7.390,7.400,7.330,7.360,4481860
2025-12-16 15:00:00,7.360,7.370,7.340,7.360,5358239
2025-12-17 10:00:00,7.370,7.400,7.290,7.390,13382801
2025-12-17 10:30:00,7.390,7.400,7.370,7.370,5907830
2025-12-17 11:00:00,7.370,7.400,7.350,7.380,5200940
2025-12-17 11:30:00,7.380,7.400,7.370,7.380,3491900
2025-12-17 13:30:00,7.370,7.380,7.330,7.350,6127800
2025-12-17 14:00:00,7.350,7.420,7.350,7.400,5452100
2025-12-17 14:30:00,7.390,7.410,7.370,7.390,7516900
2025-12-17 15:00:00,7.380,7.390,7.360,7.380,5336116
2025-12-18 10:00:00,7.380,7.440,7.370,7.420,7079600
2025-12-18 10:30:00,7.410,7.470,7.390,7.440,5851700
2025-12-18 11:00:00,7.440,7.450,7.420,7.430,1742500
2025-12-18 11:30:00,7.430,7.460,7.420,7.460,3572580
2025-12-18 13:30:00,7.460,7.490,7.450,7.460,5161200
2025-12-18 14:00:00,7.460,7.520,7.450,7.500,5623836
2025-12-18 14:30:00,7.490,7.520,7.480,7.510,3611700
2025-12-18 15:00:00,7.520,7.540,7.510,7.510,7791820
2025-12-19 10:00:00,7.510,7.530,7.440,7.500,7898600
2025-12-19 10:30:00,7.490,7.520,7.440,7.460,6434500
2025-12-19 11:00:00,7.460,7.470,7.440,7.440,3517500
2025-12-19 11:30:00,7.440,7.500,7.440,7.490,2523200
2025-12-19 13:30:00,7.480,7.490,7.460,7.480,2304100
2025-12-19 14:00:00,7.480,7.490,7.430,7.440,4313700
2025-12-19 14:30:00,7.430,7.440,7.410,7.420,4892400
2025-12-19 15:00:00,7.430,7.460,7.420,7.460,6683018
2025-12-22 10:00:00,7.450,7.450,7.380,7.410,8685000
2025-12-22 10:30:00,7.420,7.420,7.390,7.420,3595200
2025-12-22 11:00:00,7.420,7.430,7.390,7.390,2049500
2025-12-22 11:30:00,7.390,7.400,7.380,7.400,4112300
2025-12-22 13:30:00,7.400,7.400,7.370,7.390,3168600
2025-12-22 14:00:00,7.380,7.390,7.360,7.370,6497500
2025-12-22 14:30:00,7.370,7.380,7.370,7.370,3237000
2025-12-22 15:00:00,7.370,7.400,7.370,7.390,4618900
2025-12-23 10:00:00,7.380,7.450,7.370,7.400,13421740
2025-12-23 10:30:00,7.390,7.500,7.390,7.490,10263620
2025-12-23 11:00:00,7.490,7.500,7.430,7.450,7974739
2025-12-23 11:30:00,7.440,7.470,7.440,7.460,6157700
2025-12-23 13:30:00,7.460,7.480,7.460,7.460,3191500
2025-12-23 14:00:00,7.470,7.470,7.450,7.460,2012923
2025-12-23 14:30:00,7.470,7.480,7.450,7.470,3877000
2025-12-23 15:00:00,7.470,7.490,7.460,7.470,5979723
2025-12-24 10:00:00,7.490,7.490,7.420,7.470,7087022
2025-12-24 10:30:00,7.470,7.480,7.400,7.410,4750800
2025-12-24 11:00:00,7.410,7.420,7.390,7.410,3728224
2025-12-24 11:30:00,7.410,7.440,7.390,7.430,2532000
2025-12-24 13:30:00,7.420,7.450,7.420,7.440,2303101
2025-12-24 14:00:00,7.440,7.450,7.430,7.440,1728400
2025-12-24 14:30:00,7.440,7.440,7.420,7.430,2528778
2025-12-24 15:00:00,7.420,7.440,7.400,7.420,5845300
2025-12-25 10:00:00,7.410,7.470,7.390,7.470,7802410
2025-12-25 10:30:00,7.470,7.510,7.460,7.480,9705600
2025-12-25 11:00:00,7.490,7.490,7.460,7.470,3078100
2025-12-25 11:30:00,7.470,7.480,7.450,7.450,2251700
2025-12-25 13:30:00,7.460,7.510,7.440,7.510,6953866
2025-12-25 14:00:00,7.500,7.530,7.490,7.490,5462800
2025-12-25 14:30:00,7.500,7.500,7.470,7.480,1809400
2025-12-25 15:00:00,7.490,7.490,7.470,7.480,3008800
2025-12-26 10:00:00,7.470,7.500,7.450,7.470,5337100
2025-12-26 10:30:00,7.470,7.480,7.440,7.450,3337120
2025-12-26 11:00:00,7.450,7.460,7.430,7.440,2687840
2025-12-26 11:30:00,7.450,7.450,7.410,7.430,4124100
2025-12-26 13:30:00,7.420,7.430,7.400,7.410,4215000
2025-12-26 14:00:00,7.420,7.430,7.410,7.410,1766100
2025-12-26 14:30:00,7.410,7.420,7.410,7.410,2275800
2025-12-26 15:00:00,7.420,7.420,7.400,7.420,5069400
2025-12-29 10:00:00,7.410,7.610,7.380,7.590,29935323
2025-12-29 10:30:00,7.600,7.610,7.510,7.520,6745800
2025-12-29 11:00:00,7.520,7.550,7.470,7.480,10943000
2025-12-29 11:30:00,7.480,7.530,7.470,7.520,5029300
2025-12-29 13:30:00,7.520,7.590,7.510,7.550,7825682
2025-12-29 14:00:00,7.560,7.590,7.550,7.580,3420200
2025-12-29 14:30:00,7.580,7.590,7.560,7.580,4979560
2025-12-29 15:00:00,7.580,7.580,7.560,7.570,4539679
2025-12-30 10:00:00,7.560,7.620,7.500,7.560,13460000
2025-12-30 10:30:00,7.560,7.650,7.560,7.640,9492183
2025-12-30 11:00:00,7.650,7.670,7.560,7.580,5824217
2025-12-30 11:30:00,7.570,7.580,7.520,7.530,5786200
2025-12-30 13:30:00,7.540,7.650,7.530,7.630,8462900
2025-12-30 14:00:00,7.630,7.630,7.590,7.600,2870400
2025-12-30 14:30:00,7.610,7.610,7.580,7.590,3113400
2025-12-30 15:00:00,7.600,7.660,7.590,7.620,13096225
2025-12-31 10:00:00,7.620,7.650,7.530,7.570,9966900
2025-12-31 10:30:00,7.570,7.640,7.560,7.590,6544360
2025-12-31 11:00:00,7.590,7.720,7.580,7.690,11135740
2025-12-31 11:30:00,7.690,7.700,7.640,7.640,3181000
2025-12-31 13:30:00,7.650,7.700,7.620,7.690,4882500
2025-12-31 14:00:00,7.680,7.710,7.680,7.690,4176200
2025-12-31 14:30:00,7.690,7.750,7.670,7.730,9144790
2025-12-31 15:00:00,7.730,7.740,7.700,7.700,6368300
2026-01-05 10:00:00,7.700,7.730,7.510,7.530,26589700
2026-01-05 10:30:00,7.520,7.530,7.460,7.490,15616722
2026-01-05 11:00:00,7.480,7.530,7.450,7.500,13928280
2026-01-05 11:30:00,7.490,7.520,7.470,7.480,6808000
2026-01-05 13:30:00,7.480,7.550,7.460,7.520,11785201
2026-01-05 14:00:00,7.510,7.570,7.500,7.560,12956756
2026-01-05 14:30:00,7.550,7.570,7.530,7.550,9585000
2026-01-05 15:00:00,7.560,7.580,7.550,7.560,11604724
2026-01-06 10:00:00,7.520,7.530,7.360,7.380,40713624
2026-01-06 10:30:00,7.390,7.430,7.380,7.410,13789960
2026-01-06 11:00:00,7.400,7.420,7.390,7.400,10586531
2026-01-06 11:30:00,7.420,7.440,7.400,7.420,15556536
2026-01-06 13:30:00,7.420,7.430,7.400,7.410,7438100
2026-01-06 14:00:00,7.400,7.440,7.400,7.430,10964600
2026-01-06 14:30:00,7.430,7.470,7.430,7.460,8640500
2026-01-06 15:00:00,7.460,7.480,7.440,7.450,17011200
2026-01-07 10:00:00,7.410,7.450,7.390,7.430,19751800
2026-01-07 10:30:00,7.420,7.430,7.360,7.380,18703300
2026-01-07 11:00:00,7.380,7.390,7.360,7.370,13185295
2026-01-07 11:30:00,7.360,7.400,7.360,7.380,7503500
2026-01-07 13:30:00,7.380,7.400,7.360,7.380,12649271
2026-01-07 14:00:00,7.380,7.410,7.370,7.400,16162300
2026-01-07 14:30:00,7.410,7.410,7.380,7.390,11694920
2026-01-07 15:00:00,7.400,7.410,7.380,7.400,8824560
2026-01-08 10:00:00,7.390,7.390,7.330,7.340,14029100
2026-01-08 10:30:00,7.340,7.340,7.310,7.330,11447914
2026-01-08 11:00:00,7.340,7.340,7.320,7.320,3896800
2026-01-08 11:30:00,7.330,7.370,7.320,7.360,8617400
2026-01-08 13:30:00,7.360,7.370,7.330,7.340,4977200
2026-01-08 14:00:00,7.340,7.370,7.330,7.350,6237200
2026-01-08 14:30:00,7.360,7.390,7.350,7.370,7807251
2026-01-08 15:00:00,7.370,7.410,7.370,7.410,11877427
2026-01-09 10:00:00,7.390,7.390,7.340,7.360,12617400
2026-01-09 10:30:00,7.350,7.360,7.340,7.340,6551560
2026-01-09 11:00:00,7.350,7.350,7.330,7.340,7443801
2026-01-09 11:30:00,7.340,7.350,7.320,7.330,5575800
2026-01-09 13:30:00,7.330,7.390,7.320,7.370,9243004
2026-01-09 14:00:00,7.360,7.390,7.350,7.380,4679300
2026-01-09 14:30:00,7.390,7.410,7.370,7.400,8078870
2026-01-09 15:00:00,7.400,7.410,7.390,7.390,10451052
2026-01-12 10:00:00,7.360,7.410,7.340,7.390,13106028
2026-01-12 10:30:00,7.400,7.400,7.360,7.370,6580700
2026-01-12 11:00:00,7.370,7.390,7.360,7.360,4786300
2026-01-12 11:30:00,7.370,7.380,7.360,7.370,2831700
2026-01-12 13:30:00,7.370,7.430,7.360,7.420,12953080
2026-01-12 14:00:00,7.410,7.440,7.400,7.440,9387224
2026-01-12 14:30:00,7.440,7.470,7.430,7.470,10552491
2026-01-12 15:00:00,7.470,7.480,7.450,7.470,12753064
2026-01-13 10:00:00,7.490,7.560,7.460,7.530,20962560
2026-01-13 10:30:00,7.520,7.570,7.500,7.570,10453864
2026-01-13 11:00:00,7.570,7.570,7.530,7.540,5751137
2026-01-13 11:30:00,7.530,7.550,7.510,7.540,4981300
2026-01-13 13:30:00,7.550,7.670,7.530,7.640,22152298
2026-01-13 14:00:00,7.650,7.680,7.640,7.680,13073777
2026-01-13 14:30:00,7.680,7.700,7.660,7.660,10866108
2026-01-13 15:00:00,7.670,7.680,7.630,7.640,11219388
2026-01-14 10:00:00,7.630,7.640,7.520,7.530,17510900
2026-01-14 10:30:00,7.520,7.550,7.510,7.520,9541200
2026-01-14 11:00:00,7.530,7.550,7.520,7.530,6177141
2026-01-14 11:30:00,7.530,7.580,7.520,7.570,4068622
2026-01-14 13:30:00,7.560,7.590,7.530,7.540,7772801
2026-01-14 14:00:00,7.530,7.630,7.520,7.620,11027343
2026-01-14 14:30:00,7.630,7.630,7.590,7.620,8601500
2026-01-14 15:00:00,7.610,7.630,7.590,7.600,11103001
2026-01-15 10:00:00,7.570,7.670,7.540,7.660,16623190
2026-01-15 10:30:00,7.660,7.700,7.590,7.680,11971591
2026-01-15 11:00:00,7.680,7.680,7.620,7.650,8016700
2026-01-15 11:30:00,7.650,7.680,7.640,7.660,5621220
2026-01-15 13:30:00,7.650,7.690,7.640,7.660,7547901
2026-01-15 14:00:00,7.660,7.690,7.650,7.680,6006899
2026-01-15 14:30:00,7.680,7.690,7.650,7.650,6858490
2026-01-15 15:00:00,7.650,7.670,7.610,7.630,9819870
2026-01-16 10:00:00,7.650,7.670,7.550,7.560,11701801
2026-01-16 10:30:00,7.560,7.610,7.510,7.580,10452801
2026-01-16 11:00:00,7.570,7.620,7.570,7.590,3860600
2026-01-16 11:30:00,7.590,7.610,7.530,7.600,8560900
2026-01-16 13:30:00,7.610,7.630,7.580,7.600,8869940
2026-01-16 14:00:00,7.590,7.620,7.590,7.590,5992800
2026-01-16 14:30:00,7.600,7.620,7.560,7.600,6814201
2026-01-16 15:00:00,7.600,7.630,7.600,7.610,8633804
2026-01-19 10:00:00,7.600,7.770,7.570,7.710,17455910
2026-01-19 10:30:00,7.720,7.730,7.670,7.700,8626300
2026-01-19 11:00:00,7.700,7.740,7.700,7.730,6209200
2026-01-19 11:30:00,7.720,7.740,7.700,7.710,5311100
2026-01-19 13:30:00,7.720,7.810,7.710,7.770,20340524
2026-01-19 14:00:00,7.770,7.790,7.690,7.710,9726900
2026-01-19 14:30:00,7.710,7.740,7.700,7.710,4970100
2026-01-19 15:00:00,7.710,7.720,7.680,7.700,5219695
2026-01-20 10:00:00,7.690,7.810,7.660,7.750,15677214
2026-01-20 10:30:00,7.750,7.810,7.740,7.800,10285800
2026-01-20 11:00:00,7.810,7.840,7.780,7.810,8571865
2026-01-20 11:30:00,7.810,7.890,7.810,7.880,12200978
2026-01-20 13:30:00,7.880,7.900,7.840,7.840,10406800
2026-01-20 14:00:00,7.840,7.880,7.810,7.830,7207100
2026-01-20 14:30:00,7.830,7.870,7.820,7.860,4630200
2026-01-20 15:00:00,7.860,7.870,7.830,7.850,9012100
2026-01-21 10:00:00,7.850,7.870,7.660,7.670,17937600
2026-01-21 10:30:00,7.660,7.700,7.650,7.670,8631600
2026-01-21 11:00:00,7.670,7.810,7.650,7.770,10076756
2026-01-21 11:30:00,7.760,7.770,7.720,7.750,5543169
2026-01-21 13:30:00,7.740,7.750,7.700,7.730,4678300
2026-01-21 14:00:00,7.720,7.730,7.680,7.690,4779529
2026-01-21 14:30:00,7.680,7.700,7.620,7.630,11572300
2026-01-21 15:00:00,7.630,7.650,7.590,7.610,12538001
2026-01-22 10:00:00,7.610,7.660,7.550,7.650,11959300
2026-01-22 10:30:00,7.640,7.700,7.610,7.630,11319800
2026-01-22 11:00:00,7.630,7.680,7.620,7.660,6430700
2026-01-22 11:30:00,7.660,7.660,7.620,7.630,5405900
2026-01-22 13:30:00,7.630,7.660,7.590,7.600,5738701
2026-01-22 14:00:00,7.600,7.600,7.560,7.570,8387571
2026-01-22 14:30:00,7.570,7.570,7.510,7.520,7794381
2026-01-22 15:00:00,7.530,7.530,7.470,7.490,12569032
2026-01-23 10:00:00,7.530,7.540,7.480,7.490,9246700
2026-01-23 10:30:00,7.480,7.510,7.460,7.470,6342500
2026-01-23 11:00:00,7.460,7.480,7.440,7.480,4701500
2026-01-23 11:30:00,7.480,7.480,7.420,7.450,5292120
2026-01-23 13:30:00,7.460,7.460,7.410,7.420,6171100
2026-01-23 14:00:00,7.410,7.420,7.400,7.400,4948901
2026-01-23 14:30:00,7.400,7.430,7.390,7.400,8872000
2026-01-23 15:00:00,7.400,7.410,7.360,7.380,16117162
2026-01-26 10:00:00,7.360,7.460,7.330,7.390,19371572
2026-01-26 10:30:00,7.390,7.480,7.390,7.470,10819000
2026-01-26 11:00:00,7.470,7.480,7.390,7.390,8052000
2026-01-26 11:30:00,7.390,7.420,7.380,7.380,5359700
2026-01-26 13:30:00,7.400,7.420,7.370,7.410,3971578
2026-01-26 14:00:00,7.400,7.430,7.390,7.390,4580700
2026-01-26 14:30:00,7.390,7.410,7.370,7.370,5609096
2026-01-26 15:00:00,7.370,7.390,7.360,7.360,8597804
2026-01-27 10:00:00,7.360,7.460,7.330,7.450,15939437
2026-01-27 10:30:00,7.440,7.460,7.400,7.430,7429801
2026-01-27 11:00:00,7.430,7.450,7.390,7.440,5124700
2026-01-27 11:30:00,7.450,7.460,7.410,7.420,3573546
2026-01-27 13:30:00,7.420,7.430,7.400,7.410,2804667
2026-01-27 14:00:00,7.410,7.420,7.380,7.380,4126262
2026-01-27 14:30:00,7.380,7.400,7.360,7.370,6668918
2026-01-27 15:00:00,7.380,7.380,7.330,7.340,14783406
2026-01-28 10:00:00,7.340,7.400,7.320,7.370,15354001
2026-01-28 10:30:00,7.380,7.440,7.370,7.390,12147031
2026-01-28 11:00:00,7.390,7.430,7.360,7.360,7889940
2026-01-28 11:30:00,7.380,7.410,7.360,7.410,3774995
2026-01-28 13:30:00,7.410,7.410,7.360,7.380,6750371
2026-01-28 14:00:00,7.380,7.410,7.380,7.400,2709800
2026-01-28 14:30:00,7.400,7.410,7.250,7.290,31950666
2026-01-28 15:00:00,7.290,7.290,7.240,7.250,18618852
2026-01-29 10:00:00,7.260,7.280,7.150,7.160,24943300
2026-01-29 10:30:00,7.170,7.190,7.110,7.140,25359263
2026-01-29 11:00:00,7.150,7.160,7.110,7.130,11455861
2026-01-29 11:30:00,7.120,7.140,7.100,7.110,9684799
2026-01-29 13:30:00,7.120,7.180,7.110,7.170,9984662
2026-01-29 14:00:00,7.170,7.260,7.160,7.260,13884468
2026-01-29 14:30:00,7.260,7.280,7.230,7.240,10055300
2026-01-29 15:00:00,7.250,7.280,7.200,7.210,18886507
2026-01-30 10:00:00,7.230,7.430,7.230,7.350,36957868
2026-01-30 10:30:00,7.350,7.380,7.340,7.350,10700660
2026-01-30 11:00:00,7.350,7.360,7.300,7.320,9860800
2026-01-30 11:30:00,7.310,7.330,7.280,7.300,4487460
2026-01-30 13:30:00,7.300,7.320,7.280,7.280,5999600
2026-01-30 14:00:00,7.280,7.290,7.230,7.250,7362421
2026-01-30 14:30:00,7.250,7.260,7.200,7.220,7962700
2026-01-30 15:00:00,7.210,7.230,7.180,7.190,14228002
2026-02-02 10:00:00,7.260,7.340,7.190,7.310,21265831
2026-02-02 10:30:00,7.300,7.400,7.300,7.390,19641103
2026-02-02 11:00:00,7.390,7.440,7.380,7.440,15707000
2026-02-02 11:30:00,7.440,7.450,7.420,7.440,12558500
2026-02-02 13:30:00,7.440,7.460,7.360,7.370,11611000
2026-02-02 14:00:00,7.380,7.380,7.350,7.360,6881400
2026-02-02 14:30:00,7.360,7.380,7.340,7.370,7444400
2026-02-02 15:00:00,7.360,7.400,7.350,7.380,19520340
2026-02-03 10:00:00,7.380,7.390,7.250,7.300,21698503
2026-02-03 10:30:00,7.310,7.320,7.260,7.260,8487600
2026-02-03 11:00:00,7.260,7.300,7.230,7.240,8983400
2026-02-03 11:30:00,7.240,7.250,7.190,7.210,11107093
2026-02-03 13:30:00,7.220,7.240,7.210,7.220,5376900
2026-02-03 14:00:00,7.220,7.230,7.190,7.200,7970700
2026-02-03 14:30:00,7.200,7.220,7.190,7.210,8264500
2026-02-03 15:00:00,7.200,7.250,7.200,7.230,10254448
2026-02-04 10:00:00,7.220,7.370,7.210,7.360,22717324
2026-02-04 10:30:00,7.360,7.390,7.330,7.360,12208471
2026-02-04 11:00:00,7.370,7.380,7.340,7.360,4711900
2026-02-04 11:30:00,7.360,7.380,7.340,7.340,3738000
2026-02-04 13:30:00,7.340,7.370,7.340,7.350,4269200
2026-02-04 14:00:00,7.340,7.370,7.340,7.370,3521610
2026-02-04 14:30:00,7.370,7.380,7.350,7.350,4450875
2026-02-04 15:00:00,7.360,7.360,7.330,7.350,7929000
2026-02-05 10:00:00,7.360,7.440,7.330,7.430,14730860
2026-02-05 10:30:00,7.430,7.480,7.430,7.460,11947057
2026-02-05 11:00:00,7.450,7.460,7.420,7.430,4826200
2026-02-05 11:30:00,7.420,7.470,7.400,7.450,5016020
2026-02-05 13:30:00,7.440,7.480,7.420,7.470,7047100
2026-02-05 14:00:00,7.470,7.500,7.460,7.470,8480886
2026-02-05 14:30:00,7.460,7.480,7.440,7.480,4282780
2026-02-05 15:00:00,7.480,7.480,7.440,7.470,8479705
2026-02-06 10:00:00,7.440,7.520,7.400,7.490,15089960
2026-02-06 10:30:00,7.480,7.500,7.450,7.470,5346597
2026-02-06 11:00:00,7.470,7.470,7.420,7.440,5258700
2026-02-06 11:30:00,7.450,7.460,7.420,7.440,5792160
2026-02-06 13:30:00,7.450,7.490,7.440,7.470,3456002
2026-02-06 14:00:00,7.480,7.480,7.450,7.470,2473500
2026-02-06 14:30:00,7.470,7.480,7.450,7.470,3376401
2026-02-06 15:00:00,7.460,7.470,7.440,7.450,6003606
2026-02-09 10:00:00,7.450,7.510,7.360,7.490,14169436
2026-02-09 10:30:00,7.480,7.490,7.430,7.470,9097896
2026-02-09 11:00:00,7.460,7.490,7.450,7.460,3747624
2026-02-09 11:30:00,7.460,7.460,7.440,7.450,1482100
2026-02-09 13:30:00,7.450,7.470,7.440,7.440,2629400
2026-02-09 14:00:00,7.440,7.470,7.440,7.470,2204900
2026-02-09 14:30:00,7.470,7.470,7.440,7.460,3262157
2026-02-09 15:00:00,7.470,7.490,7.460,7.470,5266030
2026-02-10 10:00:00,7.470,7.550,7.460,7.530,10085960
2026-02-10 10:30:00,7.520,7.580,7.520,7.570,7350820
2026-02-10 11:00:00,7.580,7.600,7.550,7.560,4682600
2026-02-10 11:30:00,7.560,7.580,7.540,7.540,1882200
2026-02-10 13:30:00,7.550,7.590,7.540,7.570,2603944
2026-02-10 14:00:00,7.580,7.580,7.560,7.560,2258800
2026-02-10 14:30:00,7.570,7.580,7.550,7.580,2016600
2026-02-10 15:00:00,7.580,7.590,7.560,7.570,5031731
2026-02-11 10:00:00,7.570,7.580,7.510,7.550,6747220
2026-02-11 10:30:00,7.550,7.580,7.540,7.560,3178598
2026-02-11 11:00:00,7.560,7.600,7.550,7.590,3740100
2026-02-11 11:30:00,7.590,7.600,7.570,7.580,2785000
2026-02-11 13:30:00,7.580,7.630,7.570,7.630,4641680
2026-02-11 14:00:00,7.630,7.640,7.620,7.630,3286101
2026-02-11 14:30:00,7.620,7.650,7.620,7.640,4033067
2026-02-11 15:00:00,7.640,7.640,7.620,7.630,4028000
2026-02-12 10:00:00,7.620,7.630,7.460,7.470,11867600
2026-02-12 10:30:00,7.470,7.530,7.450,7.510,5689401
2026-02-12 11:00:00,7.510,7.520,7.450,7.450,5578300
2026-02-12 11:30:00,7.460,7.460,7.430,7.430,6048000
2026-02-12 13:30:00,7.430,7.440,7.400,7.410,6617500
2026-02-12 14:00:00,7.410,7.420,7.390,7.410,5579014
2026-02-12 14:30:00,7.410,7.420,7.400,7.410,3428700
2026-02-12 15:00:00,7.400,7.420,7.390,7.410,8415929
2026-02-13 10:00:00,7.400,7.440,7.370,7.390,8422100
2026-02-13 10:30:00,7.390,7.410,7.380,7.380,3594000
2026-02-13 11:00:00,7.380,7.400,7.360,7.370,2933300
2026-02-13 11:30:00,7.360,7.370,7.330,7.340,4542900
2026-02-13 13:30:00,7.330,7.340,7.310,7.320,4105900
2026-02-13 14:00:00,7.320,7.360,7.310,7.330,4427168
2026-02-13 14:30:00,7.340,7.350,7.320,7.340,6373500
2026-02-13 15:00:00,7.340,7.360,7.330,7.340,6889781
2026-02-24 10:00:00,7.440,7.450,7.330,7.360,10471200
2026-02-24 10:30:00,7.350,7.370,7.320,7.360,3902700
2026-02-24 11:00:00,7.360,7.380,7.330,7.350,3726100
2026-02-24 11:30:00,7.340,7.360,7.330,7.340,3000300
2026-02-24 13:30:00,7.350,7.360,7.330,7.330,3398680
2026-02-24 14:00:00,7.340,7.350,7.330,7.340,2281118
2026-02-24 14:30:00,7.340,7.350,7.340,7.340,1682701
2026-02-24 15:00:00,7.350,7.360,7.340,7.340,3591407
2026-02-25 10:00:00,7.360,7.370,7.320,7.360,6246360
2026-02-25 10:30:00,7.360,7.370,7.340,7.340,4245200
2026-02-25 11:00:00,7.350,7.360,7.330,7.350,3293100
2026-02-25 11:30:00,7.350,7.370,7.350,7.360,2450700
2026-02-25 13:30:00,7.360,7.370,7.270,7.290,8705100
2026-02-25 14:00:00,7.290,7.300,7.250,7.270,11510960
2026-02-25 14:30:00,7.270,7.270,7.250,7.250,3301300
2026-02-25 15:00:00,7.250,7.270,7.240,7.250,8346326
2026-02-26 10:00:00,7.250,7.300,7.240,7.240,7489400
2026-02-26 10:30:00,7.250,7.250,7.220,7.240,4107200
2026-02-26 11:00:00,7.240,7.240,7.210,7.230,2827501
2026-02-26 11:30:00,7.230,7.240,7.220,7.230,1730636
2026-02-26 13:30:00,7.230,7.240,7.210,7.220,2542099
2026-02-26 14:00:00,7.230,7.240,7.220,7.230,2259600
2026-02-26 14:30:00,7.230,7.240,7.220,7.230,2659100
2026-02-26 15:00:00,7.240,7.250,7.220,7.230,6325864
2026-02-27 10:00:00,7.250,7.280,7.220,7.230,6558423
2026-02-27 10:30:00,7.230,7.240,7.190,7.190,6128900
2026-02-27 11:00:00,7.200,7.220,7.190,7.210,2503042
2026-02-27 11:30:00,7.210,7.220,7.200,7.220,2017500
2026-02-27 13:30:00,7.220,7.240,7.200,7.220,4107325
2026-02-27 14:00:00,7.210,7.220,7.200,7.200,3248775
2026-02-27 14:30:00,7.200,7.210,7.200,7.200,2149900
2026-02-27 15:00:00,7.200,7.220,7.190,7.200,11646095
2026-03-02 10:00:00,7.170,7.200,7.140,7.170,10418600
2026-03-02 10:30:00,7.170,7.180,7.140,7.150,7624635
2026-03-02 11:00:00,7.140,7.200,7.140,7.190,5373700
2026-03-02 11:30:00,7.190,7.230,7.190,7.200,6180942
2026-03-02 13:30:00,7.200,7.230,7.190,7.220,7614949
2026-03-02 14:00:00,7.220,7.220,7.190,7.200,5194648
2026-03-02 14:30:00,7.210,7.210,7.170,7.190,5243665
2026-03-02 15:00:00,7.180,7.200,7.170,7.170,6489505
2026-03-03 10:00:00,7.170,7.210,7.110,7.200,15595260
2026-03-03 10:30:00,7.200,7.270,7.170,7.270,17011928
2026-03-03 11:00:00,7.260,7.370,7.260,7.370,20008423
2026-03-03 11:30:00,7.370,7.390,7.330,7.330,7908320
2026-03-03 13:30:00,7.330,7.350,7.310,7.320,6291975
2026-03-03 14:00:00,7.320,7.340,7.270,7.270,8122800
2026-03-03 14:30:00,7.270,7.290,7.240,7.270,7157900
2026-03-03 15:00:00,7.270,7.290,7.260,7.280,13414171
2026-03-04 10:00:00,7.230,7.250,7.100,7.170,29393760
2026-03-04 10:30:00,7.160,7.190,7.120,7.150,7100300
2026-03-04 11:00:00,7.140,7.180,7.130,7.160,5708060
2026-03-04 11:30:00,7.150,7.160,7.110,7.120,5249700
2026-03-04 13:30:00,7.120,7.180,7.100,7.150,10531925
2026-03-04 14:00:00,7.150,7.160,7.110,7.140,4282000
2026-03-04 14:30:00,7.130,7.160,7.130,7.160,4561396
2026-03-04 15:00:00,7.150,7.180,7.140,7.160,6079456
2026-03-05 10:00:00,7.140,7.200,7.140,7.170,9380200
2026-03-05 10:30:00,7.180,7.190,7.150,7.170,3591200
2026-03-05 11:00:00,7.170,7.230,7.160,7.220,6315584
2026-03-05 11:30:00,7.220,7.230,7.190,7.220,3169700
2026-03-05 13:30:00,7.220,7.220,7.190,7.200,2675621
2026-03-05 14:00:00,7.190,7.230,7.180,7.210,5350480
2026-03-05 14:30:00,7.210,7.230,7.190,7.200,4188312
2026-03-05 15:00:00,7.210,7.220,7.200,7.220,4402751
2026-03-06 10:00:00,7.190,7.280,7.190,7.280,9377743
2026-03-06 10:30:00,7.280,7.280,7.230,7.260,4039160
2026-03-06 11:00:00,7.260,7.260,7.220,7.220,2821100
2026-03-06 11:30:00,7.220,7.250,7.210,7.220,3547300
2026-03-06 13:30:00,7.220,7.260,7.220,7.250,4036600
2026-03-06 14:00:00,7.250,7.270,7.240,7.260,2141400
2026-03-06 14:30:00,7.260,7.270,7.250,7.260,3204960
2026-03-06 15:00:00,7.270,7.290,7.260,7.270,7238627
2026-03-09 10:00:00,7.230,7.320,7.220,7.270,12192601
2026-03-09 10:30:00,7.270,7.370,7.240,7.340,14839400
2026-03-09 11:00:00,7.350,7.360,7.310,7.320,7574600
2026-03-09 11:30:00,7.320,7.330,7.280,7.290,3953500
2026-03-09 13:30:00,7.280,7.290,7.210,7.210,7382100
2026-03-09 14:00:00,7.220,7.220,7.180,7.190,6984768
2026-03-09 14:30:00,7.190,7.230,7.180,7.220,6531800
2026-03-09 15:00:00,7.210,7.240,7.200,7.230,9903300
2026-03-10 10:00:00,7.220,7.270,7.190,7.260,12475200
2026-03-10 10:30:00,7.250,7.320,7.250,7.270,11507400
2026-03-10 11:00:00,7.260,7.270,7.230,7.260,3940500
2026-03-10 11:30:00,7.250,7.290,7.250,7.280,4706400
2026-03-10 13:30:00,7.270,7.320,7.260,7.260,5449400
2026-03-10 14:00:00,7.260,7.270,7.250,7.270,2821300
2026-03-10 14:30:00,7.270,7.280,7.250,7.260,3988500
2026-03-10 15:00:00,7.260,7.270,7.250,7.260,6176438
2026-03-11 10:00:00,7.270,7.300,7.230,7.250,7645401
2026-03-11 10:30:00,7.250,7.280,7.250,7.270,3136800
2026-03-11 11:00:00,7.270,7.280,7.250,7.270,4555300
2026-03-11 11:30:00,7.270,7.310,7.260,7.300,3935500
2026-03-11 13:30:00,7.300,7.320,7.280,7.310,4411958
2026-03-11 14:00:00,7.310,7.320,7.300,7.310,2829000
2026-03-11 14:30:00,7.320,7.340,7.310,7.340,5996500
2026-03-11 15:00:00,7.340,7.350,7.330,7.340,8032518
2026-03-12 10:00:00,7.320,7.360,7.300,7.350,8216000
2026-03-12 10:30:00,7.350,7.410,7.340,7.380,9916280
2026-03-12 11:00:00,7.380,7.390,7.360,7.370,2596200
2026-03-12 11:30:00,7.370,7.370,7.340,7.350,3205800
2026-03-12 13:30:00,7.360,7.370,7.350,7.370,4562200
2026-03-12 14:00:00,7.360,7.400,7.350,7.390,4865800
2026-03-12 14:30:00,7.400,7.410,7.390,7.400,6219800
2026-03-12 15:00:00,7.400,7.430,7.400,7.410,7549183
2026-03-13 10:00:00,7.390,7.430,7.350,7.420,12289200
2026-03-13 10:30:00,7.430,7.490,7.410,7.480,10736381
2026-03-13 11:00:00,7.490,7.540,7.450,7.510,12123181
2026-03-13 11:30:00,7.520,7.520,7.480,7.500,4563720
2026-03-13 13:30:00,7.500,7.550,7.490,7.530,6179000
2026-03-13 14:00:00,7.520,7.530,7.490,7.510,2943000
2026-03-13 14:30:00,7.500,7.540,7.480,7.530,8354400
2026-03-13 15:00:00,7.520,7.530,7.500,7.510,10498966
2026-03-16 10:00:00,7.500,7.540,7.460,7.490,10818839
2026-03-16 10:30:00,7.490,7.510,7.470,7.500,4887700
2026-03-16 11:00:00,7.510,7.580,7.500,7.550,12180880
2026-03-16 11:30:00,7.550,7.590,7.540,7.580,5233500
2026-03-16 13:30:00,7.580,7.600,7.550,7.570,8124900
2026-03-16 14:00:00,7.570,7.600,7.540,7.560,7250163
2026-03-16 14:30:00,7.570,7.590,7.560,7.580,6730200
2026-03-16 15:00:00,7.580,7.580,7.540,7.560,8219882
2026-03-17 10:00:00,7.570,7.670,7.540,7.660,13127420
2026-03-17 10:30:00,7.670,7.730,7.660,7.710,14663700
2026-03-17 11:00:00,7.700,7.720,7.660,7.700,5944084
2026-03-17 11:30:00,7.710,7.730,7.700,7.720,4457520
2026-03-17 13:30:00,7.720,7.790,7.710,7.790,14234970
2026-03-17 14:00:00,7.780,7.800,7.750,7.790,9999855
2026-03-17 14:30:00,7.800,7.810,7.780,7.810,12055456
2026-03-17 15:00:00,7.800,7.840,7.800,7.820,18036617
2026-03-18 10:00:00,7.820,7.920,7.720,7.910,24905390
2026-03-18 10:30:00,7.900,7.980,7.890,7.970,15651573
2026-03-18 11:00:00,7.970,8.000,7.950,7.980,12226740
2026-03-18 11:30:00,7.980,7.980,7.880,7.880,8090987
2026-03-18 13:30:00,7.880,7.890,7.830,7.840,6896071
2026-03-18 14:00:00,7.840,7.860,7.810,7.830,11224201
2026-03-18 14:30:00,7.830,7.860,7.790,7.850,11853781
2026-03-18 15:00:00,7.850,7.920,7.840,7.900,14198690
2026-03-19 10:00:00,7.850,7.930,7.820,7.890,12197500
2026-03-19 10:30:00,7.880,7.930,7.870,7.880,6641747
2026-03-19 11:00:00,7.880,7.900,7.820,7.830,5413300
2026-03-19 11:30:00,7.830,7.900,7.820,7.900,5300590
2026-03-19 13:30:00,7.910,7.920,7.880,7.900,5849294
2026-03-19 14:00:00,7.910,7.940,7.890,7.930,6437500
2026-03-19 14:30:00,7.930,7.960,7.920,7.930,8450580
2026-03-19 15:00:00,7.940,7.940,7.860,7.880,10511560
2026-03-20 10:00:00,7.860,7.970,7.830,7.920,18584747
2026-03-20 10:30:00,7.920,7.990,7.910,7.950,12576630
2026-03-20 11:00:00,7.950,7.980,7.930,7.980,5294580
2026-03-20 11:30:00,7.980,8.000,7.950,7.980,7044020
2026-03-20 13:30:00,7.980,7.980,7.910,7.960,8147400
2026-03-20 14:00:00,7.960,8.040,7.960,8.030,13801441
2026-03-20 14:30:00,8.030,8.040,7.970,7.970,9136000
2026-03-20 15:00:00,7.970,7.990,7.940,7.970,11569824
2026-03-23 10:00:00,7.880,7.950,7.760,7.890,23852472
2026-03-23 10:30:00,7.890,8.050,7.880,7.980,16008357
2026-03-23 11:00:00,7.970,7.980,7.910,7.920,7114730
2026-03-23 11:30:00,7.920,7.990,7.900,7.950,7205766
2026-03-23 13:30:00,7.940,7.990,7.910,7.930,11931300
2026-03-23 14:00:00,7.930,7.960,7.910,7.950,9701280
2026-03-23 14:30:00,7.950,7.950,7.870,7.880,9235900
2026-03-23 15:00:00,7.880,7.910,7.850,7.880,11076800
2026-03-24 10:00:00,7.900,8.050,7.870,8.040,22794081
2026-03-24 10:30:00,8.050,8.150,8.020,8.120,21767008
2026-03-24 11:00:00,8.130,8.180,8.120,8.160,14575200
2026-03-24 11:30:00,8.160,8.170,8.100,8.110,6955100
2026-03-24 13:30:00,8.120,8.190,8.090,8.180,9601123
2026-03-24 14:00:00,8.170,8.190,8.140,8.150,8260100
2026-03-24 14:30:00,8.150,8.190,8.140,8.170,11464541
2026-03-24 15:00:00,8.160,8.190,8.120,8.180,12946679
2026-03-25 10:00:00,8.140,8.170,7.980,8.040,22775780
2026-03-25 10:30:00,8.030,8.180,8.030,8.170,12665714
2026-03-25 11:00:00,8.180,8.270,8.170,8.260,10487425
2026-03-25 11:30:00,8.250,8.290,8.250,8.290,7139900
2026-03-25 13:30:00,8.280,8.320,8.230,8.260,10644900
2026-03-25 14:00:00,8.260,8.310,8.250,8.270,7526179
2026-03-25 14:30:00,8.260,8.280,8.200,8.230,7166326
2026-03-25 15:00:00,8.240,8.290,8.230,8.270,8436900
2026-03-26 10:00:00,8.200,8.440,8.200,8.420,22274658
2026-03-26 10:30:00,8.420,8.430,8.360,8.410,9359540
2026-03-26 11:00:00,8.410,8.430,8.370,8.380,5483700
2026-03-26 11:30:00,8.380,8.390,8.330,8.370,6833460
2026-03-26 13:30:00,8.360,8.430,8.340,8.420,8126400
2026-03-26 14:00:00,8.420,8.430,8.390,8.400,6307300
2026-03-26 14:30:00,8.400,8.400,8.360,8.370,4438435
2026-03-26 15:00:00,8.370,8.390,8.340,8.380,8647308
2026-03-27 10:00:00,8.370,8.370,8.250,8.280,14456334
2026-03-27 10:30:00,8.280,8.300,8.180,8.180,11504580
2026-03-27 11:00:00,8.180,8.300,8.170,8.260,9886400
2026-03-27 11:30:00,8.250,8.260,8.210,8.230,4913100
2026-03-27 13:30:00,8.230,8.340,8.220,8.320,7998101
2026-03-27 14:00:00,8.320,8.320,8.260,8.290,4344544
2026-03-27 14:30:00,8.290,8.350,8.290,8.330,5344483
2026-03-27 15:00:00,8.330,8.340,8.290,8.320,9049352
2026-03-30 10:00:00,8.310,8.370,8.270,8.350,12854000
2026-03-30 10:30:00,8.350,8.370,8.300,8.300,6430700
2026-03-30 11:00:00,8.300,8.330,8.280,8.300,4265500
2026-03-30 11:30:00,8.290,8.350,8.280,8.330,4368300
2026-03-30 13:30:00,8.330,8.340,8.280,8.340,5172200
2026-03-30 14:00:00,8.330,8.350,8.250,8.260,5105000
2026-03-30 14:30:00,8.270,8.280,8.260,8.270,4005460
2026-03-30 15:00:00,8.270,8.300,8.250,8.280,4584803
2026-03-31 10:00:00,8.280,8.400,8.280,8.290,9472179
2026-03-31 10:30:00,8.290,8.350,8.280,8.340,4547100
2026-03-31 11:00:00,8.340,8.410,8.340,8.410,5589066
2026-03-31 11:30:00,8.400,8.410,8.330,8.330,3617100
2026-03-31 13:30:00,8.330,8.370,8.330,8.340,3454340
2026-03-31 14:00:00,8.340,8.360,8.310,8.320,3772760
2026-03-31 14:30:00,8.320,8.340,8.300,8.310,4045200
2026-03-31 15:00:00,8.300,8.310,8.270,8.300,5954680
2026-04-01 10:00:00,8.260,8.450,8.250,8.450,16334457
2026-04-01 10:30:00,8.440,8.480,8.420,8.420,8026360
2026-04-01 11:00:00,8.420,8.440,8.370,8.400,5740648
2026-04-01 11:30:00,8.400,8.430,8.360,8.390,5265180
2026-04-01 13:30:00,8.380,8.390,8.300,8.300,5444900
2026-04-01 14:00:00,8.300,8.310,8.280,8.290,6895340
2026-04-01 14:30:00,8.280,8.320,8.280,8.290,6173380
2026-04-01 15:00:00,8.300,8.320,8.280,8.300,6709378
2026-04-02 10:00:00,8.290,8.430,8.290,8.410,8890520
2026-04-02 10:30:00,8.410,8.430,8.380,8.420,4667500
2026-04-02 11:00:00,8.420,8.430,8.370,8.390,3183234
2026-04-02 11:30:00,8.390,8.400,8.370,8.370,2310900
2026-04-02 13:30:00,8.380,8.380,8.340,8.370,3977000
2026-04-02 14:00:00,8.380,8.390,8.360,8.360,3040840
2026-04-02 14:30:00,8.370,8.390,8.350,8.380,3476000
2026-04-02 15:00:00,8.370,8.390,8.350,8.370,6098410
