date,open,high,low,close,volume
2025-03-27 14:30:00,72.910,73.000,72.820,72.950,71235
2025-03-27 15:00:00,72.950,73.100,72.950,73.060,162513
2025-03-28 10:00:00,72.910,73.200,72.640,73.080,122835
2025-03-28 10:30:00,73.020,73.300,72.930,72.940,129800
2025-03-28 11:00:00,72.930,72.990,72.680,72.770,73045
2025-03-28 11:30:00,72.770,72.870,72.600,72.680,52945
2025-03-28 13:30:00,72.680,72.900,72.600,72.610,56202
2025-03-28 14:00:00,72.630,72.850,72.600,72.720,51658
2025-03-28 14:30:00,72.740,72.850,72.680,72.760,62400
2025-03-28 15:00:00,72.760,72.830,72.570,72.600,169051
2025-03-31 10:00:00,72.440,73.110,71.560,72.060,609529
2025-03-31 10:30:00,72.040,72.240,71.710,71.780,258750
2025-03-31 11:00:00,71.860,72.150,71.760,71.840,149345
2025-03-31 11:30:00,71.840,72.440,71.840,71.940,242559
2025-03-31 13:30:00,71.950,72.190,71.900,72.110,137467
2025-03-31 14:00:00,72.080,72.200,71.780,72.000,147436
2025-03-31 14:30:00,71.980,72.270,71.890,72.210,181526
2025-03-31 15:00:00,72.220,72.260,72.010,72.010,153100
2025-04-01 10:00:00,72.250,72.370,70.860,71.050,775182
2025-04-01 10:30:00,71.050,71.350,70.910,71.040,325523
2025-04-01 11:00:00,71.010,71.250,70.750,71.230,357151
2025-04-01 11:30:00,71.220,71.300,71.080,71.220,138916
2025-04-01 13:30:00,71.230,71.270,70.890,71.120,257901
2025-04-01 14:00:00,71.120,71.130,70.650,70.740,267500
2025-04-01 14:30:00,70.750,71.150,70.740,70.830,229186
2025-04-01 15:00:00,70.830,71.370,70.830,71.230,326751
2025-04-02 10:00:00,71.230,71.910,71.230,71.510,305921
2025-04-02 10:30:00,71.510,71.830,71.400,71.670,112584
2025-04-02 11:00:00,71.680,71.790,71.440,71.500,91700
2025-04-02 11:30:00,71.500,71.720,71.450,71.650,69200
2025-04-02 13:30:00,71.690,71.980,71.620,71.950,200344
2025-04-02 14:00:00,71.940,72.180,71.890,72.110,203785
2025-04-02 14:30:00,72.120,72.290,72.050,72.060,174790
2025-04-02 15:00:00,72.050,72.240,71.930,72.210,207945
2025-04-03 10:00:00,71.620,72.210,71.150,71.460,321653
2025-04-03 10:30:00,71.450,71.570,70.910,71.510,263200
2025-04-03 11:00:00,71.510,71.650,71.290,71.500,92100
2025-04-03 11:30:00,71.510,71.570,71.280,71.380,112348
2025-04-03 13:30:00,71.380,71.550,71.030,71.040,143559
2025-04-03 14:00:00,71.040,71.220,70.880,71.030,202461
2025-04-03 14:30:00,71.030,71.150,70.750,70.810,268776
2025-04-03 15:00:00,70.820,71.040,70.780,70.800,302477
2025-04-07 10:00:00,68.550,69.570,67.270,68.680,1123556
2025-04-07 10:30:00,68.610,69.060,68.100,68.600,419568
2025-04-07 11:00:00,68.600,69.190,68.250,68.500,328365
2025-04-07 11:30:00,68.490,68.580,67.770,67.960,273948
2025-04-07 13:30:00,67.950,67.970,67.320,67.430,400847
2025-04-07 14:00:00,67.410,67.800,67.000,67.010,431159
2025-04-07 14:30:00,67.010,67.020,64.910,65.580,656332
2025-04-07 15:00:00,65.560,68.690,65.500,67.980,727711
2025-04-08 10:00:00,67.980,68.570,67.000,67.860,990403
2025-04-08 10:30:00,67.860,68.150,66.900,67.200,788704
2025-04-08 11:00:00,67.200,67.590,67.000,67.170,452800
2025-04-08 11:30:00,67.170,67.790,66.930,67.660,490071
2025-04-08 13:30:00,67.650,68.160,67.150,67.220,469979
2025-04-08 14:00:00,67.160,67.660,66.950,67.550,514614
2025-04-08 14:30:00,67.540,67.870,67.310,67.750,450858
2025-04-08 15:00:00,67.750,68.600,67.290,68.600,882800
2025-04-09 10:00:00,68.230,69.370,67.370,69.100,1118676
2025-04-09 10:30:00,69.090,70.090,68.700,69.680,781818
2025-04-09 11:00:00,69.690,71.420,69.500,71.340,737489
2025-04-09 11:30:00,71.370,71.400,70.790,71.050,462529
2025-04-09 13:30:00,71.100,71.160,70.250,70.630,453894
2025-04-09 14:00:00,70.630,71.140,70.530,70.850,413875
2025-04-09 14:30:00,70.840,71.500,70.840,71.500,584155
2025-04-09 15:00:00,71.500,72.030,71.080,72.030,858258
2025-04-10 10:00:00,72.500,72.500,71.040,71.980,755085
2025-04-10 10:30:00,71.980,72.080,71.330,71.430,394030
2025-04-10 11:00:00,71.430,71.430,70.680,70.690,348400
2025-04-10 11:30:00,70.680,71.010,70.550,70.750,170230
2025-04-10 13:30:00,70.750,70.900,70.590,70.860,182875
2025-04-10 14:00:00,70.850,70.980,70.570,70.570,256125
2025-04-10 14:30:00,70.580,70.590,70.250,70.350,365541
2025-04-10 15:00:00,70.350,70.420,70.080,70.330,607074
2025-04-11 10:00:00,70.380,70.680,69.900,70.610,387815
2025-04-11 10:30:00,70.620,70.690,70.300,70.460,168915
2025-04-11 11:00:00,70.460,70.490,70.100,70.200,64200
2025-04-11 11:30:00,70.170,70.420,70.170,70.310,87545
2025-04-11 13:30:00,70.310,70.590,70.180,70.440,160805
2025-04-11 14:00:00,70.400,70.590,70.370,70.480,101700
2025-04-11 14:30:00,70.550,70.970,70.480,70.650,248000
2025-04-11 15:00:00,70.640,70.740,70.440,70.690,240985
2025-04-14 10:00:00,70.690,70.940,69.990,70.600,389777
2025-04-14 10:30:00,70.600,71.000,70.380,70.390,300875
2025-04-14 11:00:00,70.380,70.590,70.280,70.500,129900
2025-04-14 11:30:00,70.490,70.540,70.210,70.300,135324
2025-04-14 13:30:00,70.320,70.560,70.050,70.090,168614
2025-04-14 14:00:00,70.090,70.220,70.050,70.090,167100
2025-04-14 14:30:00,70.110,70.200,70.070,70.110,130544
2025-04-14 15:00:00,70.120,70.380,70.010,70.240,427445
2025-04-15 10:00:00,70.050,70.230,69.900,69.920,227407
2025-04-15 10:30:00,69.920,70.200,69.800,70.200,139473
2025-04-15 11:00:00,70.200,70.320,69.990,70.000,87100
2025-04-15 11:30:00,69.990,70.380,69.910,70.350,101300
2025-04-15 13:30:00,70.350,70.480,70.100,70.230,124300
2025-04-15 14:00:00,70.280,70.310,70.160,70.220,85800
2025-04-15 14:30:00,70.220,70.240,70.120,70.190,93600
2025-04-15 15:00:00,70.190,70.230,69.990,70.100,441579
2025-04-16 10:00:00,70.110,70.110,69.650,69.800,246923
2025-04-16 10:30:00,69.740,70.140,69.680,70.090,219208
2025-04-16 11:00:00,70.040,70.230,69.920,70.110,201131
2025-04-16 11:30:00,70.120,70.800,70.090,70.610,357600
2025-04-16 13:30:00,70.600,70.980,70.530,70.700,317500
2025-04-16 14:00:00,70.700,70.990,70.550,70.910,233245
2025-04-16 14:30:00,70.910,71.300,70.780,71.070,253400
2025-04-16 15:00:00,71.070,72.500,71.000,72.500,577052
2025-04-17 10:00:00,71.660,72.000,70.680,71.300,520480
2025-04-17 10:30:00,71.320,71.430,71.020,71.040,211400
2025-04-17 11:00:00,71.040,71.210,70.850,71.200,178058
2025-04-17 11:30:00,71.200,71.390,71.070,71.230,98700
2025-04-17 13:30:00,71.210,71.500,71.000,71.110,92270
2025-04-17 14:00:00,71.110,71.150,70.900,71.020,126490
2025-04-17 14:30:00,71.020,71.400,70.940,71.250,156241
2025-04-17 15:00:00,71.250,71.450,71.100,71.450,431148
2025-04-18 10:00:00,71.170,71.350,70.710,70.820,167927
2025-04-18 10:30:00,70.820,71.140,70.730,70.780,109500
2025-04-18 11:00:00,70.780,71.000,70.750,70.780,40700
2025-04-18 11:30:00,70.780,70.950,70.750,70.870,55000
2025-04-18 13:30:00,70.830,71.030,70.780,70.890,34790
2025-04-18 14:00:00,70.890,71.030,70.800,70.920,83800
2025-04-18 14:30:00,70.970,71.040,70.890,70.970,54668
2025-04-18 15:00:00,70.960,71.450,70.910,71.280,306205
2025-04-21 10:00:00,71.110,71.450,70.840,71.300,189943
2025-04-21 10:30:00,71.300,71.330,71.000,71.190,104163
2025-04-21 11:00:00,71.170,71.200,70.920,70.970,69581
2025-04-21 11:30:00,70.970,71.040,70.910,71.030,79790
2025-04-21 13:30:00,71.040,71.280,71.010,71.120,79225
2025-04-21 14:00:00,71.120,71.240,71.050,71.230,67602
2025-04-21 14:30:00,71.230,71.450,71.200,71.290,142595
2025-04-21 15:00:00,71.320,71.710,71.320,71.580,198902
2025-04-22 10:00:00,71.300,72.700,71.220,72.600,551900
2025-04-22 10:30:00,72.590,72.650,72.320,72.550,226845
2025-04-22 11:00:00,72.530,72.900,72.500,72.610,208068
2025-04-22 11:30:00,72.650,72.900,72.510,72.550,176060
2025-04-22 13:30:00,72.570,72.630,72.370,72.390,142215
2025-04-22 14:00:00,72.400,72.430,72.190,72.270,93885
2025-04-22 14:30:00,72.280,72.360,72.100,72.130,102045
2025-04-22 15:00:00,72.130,72.180,72.080,72.080,176425
2025-04-23 10:00:00,71.670,72.410,71.670,72.120,281075
2025-04-23 10:30:00,72.140,72.150,71.870,71.870,99000
2025-04-23 11:00:00,71.960,72.110,71.880,71.970,49144
2025-04-23 11:30:00,71.980,72.190,71.970,72.100,56100
2025-04-23 13:30:00,72.150,72.150,71.710,71.750,132670
2025-04-23 14:00:00,71.740,71.820,71.700,71.730,96930
2025-04-23 14:30:00,71.720,71.720,71.380,71.400,235712
2025-04-23 15:00:00,71.400,71.590,71.310,71.420,179437
2025-04-24 10:00:00,71.850,71.850,71.010,71.800,259831
2025-04-24 10:30:00,71.800,71.960,71.770,71.910,136484
2025-04-24 11:00:00,71.910,72.000,71.840,71.990,137468
2025-04-24 11:30:00,71.970,71.990,71.500,71.750,136080
2025-04-24 13:30:00,71.750,71.940,71.580,71.700,159958
2025-04-24 14:00:00,71.700,71.750,71.450,71.490,120900
2025-04-24 14:30:00,71.500,71.600,71.010,71.050,373743
2025-04-24 15:00:00,71.060,71.300,71.060,71.060,263195
2025-04-25 10:00:00,72.380,73.200,71.900,72.200,850081
2025-04-25 10:30:00,72.220,73.000,72.120,72.750,370534
2025-04-25 11:00:00,72.750,72.750,72.270,72.320,161973
2025-04-25 11:30:00,72.310,72.530,72.220,72.490,168564
2025-04-25 13:30:00,72.500,72.550,71.900,71.900,271846
2025-04-25 14:00:00,71.900,71.920,71.780,71.860,228918
2025-04-25 14:30:00,71.860,71.880,71.650,71.750,178380
2025-04-25 15:00:00,71.780,72.080,71.710,72.020,344975
2025-04-28 10:00:00,71.840,72.090,71.300,71.910,450861
2025-04-28 10:30:00,71.920,71.970,71.400,71.490,427325
2025-04-28 11:00:00,71.470,71.700,71.200,71.260,393748
2025-04-28 11:30:00,71.260,71.370,71.110,71.260,192972
2025-04-28 13:30:00,71.270,71.270,70.850,70.910,267516
2025-04-28 14:00:00,70.870,71.050,70.850,70.980,103573
2025-04-28 14:30:00,70.980,71.100,70.960,71.020,178800
2025-04-28 15:00:00,71.020,71.230,70.970,71.090,272160
2025-04-29 10:00:00,70.750,70.990,70.420,70.480,318507
2025-04-29 10:30:00,70.490,70.780,70.470,70.500,211944
2025-04-29 11:00:00,70.500,70.600,70.460,70.460,172061
2025-04-29 11:30:00,70.450,70.600,70.430,70.510,129278
2025-04-29 13:30:00,70.500,70.520,70.020,70.100,297281
2025-04-29 14:00:00,70.100,70.280,70.080,70.090,168106
2025-04-29 14:30:00,70.090,70.170,70.020,70.030,222145
2025-04-29 15:00:00,70.030,70.300,70.020,70.300,325110
2025-04-30 10:00:00,70.290,71.160,70.200,71.100,363800
2025-04-30 10:30:00,71.060,71.380,70.980,71.170,191900
2025-04-30 11:00:00,71.200,71.280,71.100,71.250,87615
2025-04-30 11:30:00,71.240,71.700,71.200,71.450,324600
2025-04-30 13:30:00,71.440,71.570,71.130,71.390,229848
2025-04-30 14:00:00,71.390,71.430,71.230,71.370,143800
2025-04-30 14:30:00,71.370,71.430,71.250,71.340,144600
2025-04-30 15:00:00,71.340,71.440,71.100,71.220,297051
2025-05-06 10:00:00,71.280,71.720,70.600,70.880,509029
2025-05-06 10:30:00,70.880,71.020,70.660,70.980,319260
2025-05-06 11:00:00,70.970,71.000,70.630,70.630,308290
2025-05-06 11:30:00,70.630,70.970,70.630,70.960,140831
2025-05-06 13:30:00,70.940,71.150,70.860,71.050,290204
2025-05-06 14:00:00,71.100,71.370,71.030,71.300,155109
2025-05-06 14:30:00,71.290,71.600,71.290,71.440,234245
2025-05-06 15:00:00,71.440,71.580,71.320,71.540,256310
2025-05-07 10:00:00,72.280,72.630,71.650,71.940,682709
2025-05-07 10:30:00,71.880,72.410,71.800,72.250,366559
2025-05-07 11:00:00,72.250,72.360,71.920,72.010,137700
2025-05-07 11:30:00,72.070,72.160,71.930,72.120,105803
2025-05-07 13:30:00,72.150,72.150,71.800,71.950,93226
2025-05-07 14:00:00,71.920,71.980,71.760,71.760,96947
2025-05-07 14:30:00,71.760,72.200,71.710,72.170,146522
2025-05-07 15:00:00,72.110,72.360,71.930,72.360,296063
2025-05-08 10:00:00,71.960,72.480,71.750,72.440,303374
2025-05-08 10:30:00,72.400,72.420,71.950,72.120,106115
2025-05-08 11:00:00,72.080,72.160,71.990,72.110,69000
2025-05-08 11:30:00,72.130,72.310,72.090,72.250,65910
2025-05-08 13:30:00,72.230,72.300,72.050,72.070,66450
2025-05-08 14:00:00,72.070,72.220,72.000,72.220,101225
2025-05-08 14:30:00,72.140,72.250,72.110,72.190,60735
2025-05-08 15:00:00,72.190,72.270,72.130,72.130,151531
2025-05-09 10:00:00,72.310,72.940,72.000,72.650,510614
2025-05-09 10:30:00,72.680,72.680,72.160,72.160,247844
2025-05-09 11:00:00,72.160,72.290,71.880,72.000,192900
2025-05-09 11:30:00,72.050,72.550,72.000,72.550,197900
2025-05-09 13:30:00,72.540,72.650,72.360,72.560,174700
2025-05-09 14:00:00,72.530,72.720,72.470,72.700,184325
2025-05-09 14:30:00,72.690,72.730,72.540,72.650,195275
2025-05-09 15:00:00,72.650,72.690,72.540,72.690,197413
2025-05-12 10:00:00,72.910,73.120,71.880,71.940,599400
2025-05-12 10:30:00,71.910,72.240,71.890,72.050,336061
2025-05-12 11:00:00,72.040,72.210,72.000,72.150,162398
2025-05-12 11:30:00,72.150,72.500,72.100,72.380,111915
2025-05-12 13:30:00,72.380,72.500,72.180,72.330,135578
2025-05-12 14:00:00,72.330,72.370,72.100,72.210,103829
2025-05-12 14:30:00,72.210,72.700,72.100,72.310,322432
2025-05-12 15:00:00,72.310,72.700,72.290,72.600,300016
2025-05-13 10:00:00,72.650,72.970,72.200,72.860,605380
2025-05-13 10:30:00,72.890,72.910,72.320,72.500,208800
2025-05-13 11:00:00,72.510,72.650,72.450,72.560,83064
2025-05-13 11:30:00,72.610,72.680,72.510,72.530,68869
2025-05-13 13:30:00,72.530,72.630,72.480,72.530,97111
2025-05-13 14:00:00,72.530,72.610,72.490,72.560,67500
2025-05-13 14:30:00,72.560,72.620,72.380,72.400,133100
2025-05-13 15:00:00,72.400,72.520,72.290,72.390,176732
2025-05-14 10:00:00,72.500,72.640,72.210,72.580,250535
2025-05-14 10:30:00,72.580,72.700,72.340,72.400,174500
2025-05-14 11:00:00,72.400,72.470,72.310,72.360,81628
2025-05-14 11:30:00,72.340,72.790,72.290,72.640,289968
2025-05-14 13:30:00,72.550,72.820,72.480,72.790,311662
2025-05-14 14:00:00,72.780,72.930,72.630,72.800,448114
2025-05-14 14:30:00,72.800,72.820,72.370,72.390,367239
2025-05-14 15:00:00,72.400,72.550,72.370,72.530,279777
2025-05-15 10:00:00,72.400,72.880,72.260,72.720,344881
2025-05-15 10:30:00,72.720,73.300,72.570,73.000,586550
2025-05-15 11:00:00,73.000,73.180,72.920,72.920,162800
2025-05-15 11:30:00,72.930,73.160,72.900,73.160,122561
2025-05-15 13:30:00,73.160,73.180,72.730,72.740,142700
2025-05-15 14:00:00,72.750,72.780,72.600,72.670,123845
2025-05-15 14:30:00,72.670,73.070,72.640,72.960,232455
2025-05-15 15:00:00,72.960,73.060,72.800,72.950,305009
2025-05-16 10:00:00,72.950,73.200,72.330,72.580,324565
2025-05-16 10:30:00,72.520,72.580,72.100,72.180,261392
2025-05-16 11:00:00,72.150,72.460,72.120,72.370,89800
2025-05-16 11:30:00,72.370,72.580,72.360,72.470,42229
2025-05-16 13:30:00,72.470,72.620,72.410,72.520,101022
2025-05-16 14:00:00,72.530,72.590,72.440,72.460,80467
2025-05-16 14:30:00,72.460,72.500,72.350,72.400,107300
2025-05-16 15:00:00,72.420,72.700,72.400,72.700,250725
2025-05-19 10:00:00,72.390,72.850,72.180,72.410,386300
2025-05-19 10:30:00,72.420,72.640,72.400,72.610,166600
2025-05-19 11:00:00,72.610,72.630,72.210,72.290,202493
2025-05-19 11:30:00,72.290,72.410,72.270,72.360,118532
2025-05-19 13:30:00,72.360,72.500,72.190,72.220,153416
2025-05-19 14:00:00,72.210,72.280,72.160,72.190,181600
2025-05-19 14:30:00,72.200,72.360,72.150,72.180,182650
2025-05-19 15:00:00,72.180,72.210,72.080,72.140,299715
2025-05-20 10:00:00,72.190,72.500,72.080,72.270,280918
2025-05-20 10:30:00,72.340,72.350,72.140,72.220,124661
2025-05-20 11:00:00,72.220,72.340,72.140,72.240,104939
2025-05-20 11:30:00,72.290,72.470,72.230,72.370,170400
2025-05-20 13:30:00,72.370,72.590,72.310,72.460,163900
2025-05-20 14:00:00,72.450,72.680,72.410,72.500,172915
2025-05-20 14:30:00,72.500,72.500,72.360,72.470,108306
2025-05-20 15:00:00,72.440,72.520,72.380,72.500,165375
2025-05-21 10:00:00,72.230,72.800,72.150,72.250,298783
2025-05-21 10:30:00,72.270,72.500,72.240,72.350,122600
2025-05-21 11:00:00,72.410,72.420,72.230,72.330,97700
2025-05-21 11:30:00,72.390,72.550,72.320,72.500,98574
2025-05-21 13:30:00,72.470,72.500,72.100,72.200,205991
2025-05-21 14:00:00,72.190,72.240,72.080,72.090,134900
2025-05-21 14:30:00,72.090,72.220,72.090,72.200,66800
2025-05-21 15:00:00,72.220,72.340,72.180,72.250,128890
2025-05-22 10:00:00,72.080,72.300,71.960,72.160,222047
2025-05-22 10:30:00,72.160,72.390,71.900,71.900,258575
2025-05-22 11:00:00,71.910,72.010,71.670,71.720,234715
2025-05-22 11:30:00,71.750,72.370,71.710,72.320,145848
2025-05-22 13:30:00,72.320,72.400,72.020,72.180,95359
2025-05-22 14:00:00,72.160,72.300,72.150,72.250,72057
2025-05-22 14:30:00,72.260,72.260,72.010,72.030,77459
2025-05-22 15:00:00,72.090,72.240,72.060,72.150,158500
2025-05-23 10:00:00,72.120,72.660,72.120,72.600,433649
2025-05-23 10:30:00,72.600,73.100,72.560,72.920,441589
2025-05-23 11:00:00,72.960,73.500,72.880,73.160,464785
2025-05-23 11:30:00,73.160,73.280,73.120,73.260,125906
2025-05-23 13:30:00,73.250,74.050,73.120,73.800,479156
2025-05-23 14:00:00,73.800,73.880,73.640,73.680,238500
2025-05-23 14:30:00,73.650,73.670,73.180,73.400,268326
2025-05-23 15:00:00,73.360,73.400,73.160,73.200,318307
2025-05-26 10:00:00,73.080,73.730,72.510,73.450,487400
2025-05-26 10:30:00,73.440,73.590,73.190,73.250,202245
2025-05-26 11:00:00,73.270,73.450,72.780,72.820,164800
2025-05-26 11:30:00,72.830,72.860,72.310,72.480,217590
2025-05-26 13:30:00,72.500,72.560,72.100,72.110,204965
2025-05-26 14:00:00,72.120,72.180,71.800,72.130,291311
2025-05-26 14:30:00,72.130,72.210,71.890,71.920,191193
2025-05-26 15:00:00,71.920,72.060,71.880,71.930,279709
2025-05-27 10:00:00,71.800,72.430,71.700,72.120,295914
2025-05-27 10:30:00,72.110,72.120,71.820,71.940,129441
2025-05-27 11:00:00,71.890,72.000,71.730,71.760,142018
2025-05-27 11:30:00,71.750,71.960,71.700,71.770,128553
2025-05-27 13:30:00,71.830,71.930,71.500,71.510,140744
2025-05-27 14:00:00,71.540,71.580,71.360,71.410,77800
2025-05-27 14:30:00,71.410,71.480,71.280,71.400,113100
2025-05-27 15:00:00,71.380,71.500,71.290,71.350,223277
2025-05-28 10:00:00,71.380,71.680,71.000,71.560,310977
2025-05-28 10:30:00,71.550,71.780,71.360,71.430,148647
2025-05-28 11:00:00,71.440,71.490,71.260,71.350,89300
2025-05-28 11:30:00,71.340,71.490,71.220,71.270,163941
2025-05-28 13:30:00,71.350,71.490,71.270,71.340,132303
2025-05-28 14:00:00,71.410,71.420,71.120,71.190,168600
2025-05-28 14:30:00,71.200,71.460,71.050,71.450,169600
2025-05-28 15:00:00,71.390,71.490,71.310,71.420,114979
2025-05-29 10:00:00,71.240,71.440,70.500,71.030,456642
2025-05-29 10:30:00,71.000,71.200,70.800,70.840,220611
2025-05-29 11:00:00,70.860,71.090,70.800,71.000,246800
2025-05-29 11:30:00,71.010,71.090,70.910,71.010,108810
2025-05-29 13:30:00,71.100,71.480,70.980,71.240,160761
2025-05-29 14:00:00,71.240,71.360,71.180,71.220,91258
2025-05-29 14:30:00,71.230,71.300,71.190,71.210,83188
2025-05-29 15:00:00,71.250,71.300,71.150,71.150,227069
2025-05-30 10:00:00,71.060,71.470,71.000,71.110,344638
2025-05-30 10:30:00,71.100,71.180,71.010,71.030,142300
2025-05-30 11:00:00,71.050,71.270,70.940,70.940,137000
2025-05-30 11:30:00,70.960,71.050,70.890,71.000,152195
2025-05-30 13:30:00,71.000,71.090,70.930,70.990,93700
2025-05-30 14:00:00,70.990,71.060,70.940,70.960,130581
2025-05-30 14:30:00,70.950,70.980,70.720,70.930,207424
2025-05-30 15:00:00,70.920,71.140,70.800,70.800,308190
2025-06-03 10:00:00,71.000,71.710,71.000,71.420,558620
2025-06-03 10:30:00,71.450,71.950,71.340,71.900,424293
2025-06-03 11:00:00,71.900,72.260,71.810,72.170,308278
2025-06-03 11:30:00,72.130,72.300,71.880,72.040,154600
2025-06-03 13:30:00,72.030,72.170,71.800,71.800,118400
2025-06-03 14:00:00,71.860,71.980,71.760,71.960,106100
2025-06-03 14:30:00,71.960,72.050,71.830,71.860,115882
2025-06-03 15:00:00,71.880,72.040,71.800,72.030,225625
2025-06-04 10:00:00,72.350,73.150,71.880,72.530,646948
2025-06-04 10:30:00,72.540,72.790,72.300,72.680,147404
2025-06-04 11:00:00,72.690,72.690,72.240,72.340,166245
2025-06-04 11:30:00,72.330,72.440,72.210,72.330,115667
2025-06-04 13:30:00,72.340,72.440,72.130,72.170,190100
2025-06-04 14:00:00,72.190,72.430,72.140,72.200,150000
2025-06-04 14:30:00,72.190,72.240,72.060,72.120,141445
2025-06-04 15:00:00,72.120,72.180,72.050,72.120,276796
2025-06-05 10:00:00,72.130,72.850,72.130,72.440,483378
2025-06-05 10:30:00,72.440,72.800,72.380,72.730,158081
2025-06-05 11:00:00,72.720,72.940,72.620,72.670,209019
2025-06-05 11:30:00,72.670,72.810,72.660,72.810,110900
2025-06-05 13:30:00,72.810,73.110,72.730,72.960,284206
2025-06-05 14:00:00,72.960,73.190,72.930,72.960,233820
2025-06-05 14:30:00,72.980,73.090,72.910,73.080,196082
2025-06-05 15:00:00,73.070,73.200,73.040,73.070,436909
2025-06-06 10:00:00,73.000,73.380,72.860,73.080,280346
2025-06-06 10:30:00,73.080,73.510,73.020,73.380,290887
2025-06-06 11:00:00,73.390,73.460,73.290,73.390,120500
2025-06-06 11:30:00,73.370,73.440,73.280,73.400,161557
2025-06-06 13:30:00,73.400,74.080,73.300,74.020,558731
2025-06-06 14:00:00,74.030,74.110,73.910,73.970,314105
2025-06-06 14:30:00,73.980,74.020,73.870,73.960,249525
2025-06-06 15:00:00,73.970,74.070,73.750,74.070,765011
2025-06-09 10:00:00,51.200,51.200,50.000,50.310,1535384
2025-06-09 10:30:00,50.340,50.630,50.210,50.430,677492
2025-06-09 11:00:00,50.430,50.490,50.280,50.310,562983
2025-06-09 11:30:00,50.300,50.380,50.100,50.300,627287
2025-06-09 13:30:00,50.310,50.330,50.160,50.270,326582
2025-06-09 14:00:00,50.280,50.310,50.200,50.200,275723
2025-06-09 14:30:00,50.200,50.260,50.180,50.180,329580
2025-06-09 15:00:00,50.180,50.400,50.170,50.400,618048
2025-06-10 10:00:00,50.410,50.450,50.020,50.050,746944
2025-06-10 10:30:00,50.070,50.140,49.880,49.900,754654
2025-06-10 11:00:00,49.900,50.020,49.810,49.840,426819
2025-06-10 11:30:00,49.830,49.860,49.300,49.660,1143845
2025-06-10 13:30:00,49.690,49.780,49.110,49.110,719020
2025-06-10 14:00:00,49.110,49.490,49.060,49.490,505786
2025-06-10 14:30:00,49.480,50.000,49.350,49.820,420240
2025-06-10 15:00:00,49.820,49.940,49.580,49.940,458583
2025-06-11 10:00:00,49.900,50.090,49.620,49.980,646068
2025-06-11 10:30:00,49.980,50.050,49.680,49.760,498779
2025-06-11 11:00:00,49.770,49.990,49.740,49.850,248080
2025-06-11 11:30:00,49.820,49.970,49.810,49.960,219145
2025-06-11 13:30:00,49.950,50.010,49.850,49.890,284961
2025-06-11 14:00:00,49.900,50.000,49.850,49.980,297740
2025-06-11 14:30:00,49.980,50.010,49.810,49.840,332680
2025-06-11 15:00:00,49.830,49.920,49.700,49.710,606892
2025-06-12 10:00:00,49.610,50.280,49.500,50.130,844543
2025-06-12 10:30:00,50.130,50.160,49.950,50.040,356000
2025-06-12 11:00:00,50.040,50.170,50.020,50.040,230600
2025-06-12 11:30:00,50.040,50.110,49.950,50.100,215723
2025-06-12 13:30:00,50.090,50.450,50.090,50.160,584802
2025-06-12 14:00:00,50.190,50.210,50.080,50.170,229800
2025-06-12 14:30:00,50.170,50.250,50.110,50.150,276919
2025-06-12 15:00:00,50.160,50.260,50.100,50.260,493480
2025-06-13 10:00:00,50.260,50.270,49.950,50.110,431200
2025-06-13 10:30:00,50.090,50.260,49.950,49.960,399560
2025-06-13 11:00:00,49.960,50.090,49.780,49.820,313460
2025-06-13 11:30:00,49.790,50.080,49.730,50.070,212486
2025-06-13 13:30:00,49.990,50.100,49.630,49.790,332447
2025-06-13 14:00:00,49.730,50.070,49.730,49.990,243400
2025-06-13 14:30:00,50.060,50.200,49.950,50.070,288300
2025-06-13 15:00:00,50.150,50.190,49.860,49.860,458005
2025-06-16 10:00:00,49.590,49.780,49.040,49.240,742644
2025-06-16 10:30:00,49.250,49.260,48.990,49.230,457540
2025-06-16 11:00:00,49.230,49.320,49.070,49.260,245420
2025-06-16 11:30:00,49.260,49.450,49.140,49.320,221180
2025-06-16 13:30:00,49.280,49.410,49.180,49.340,174380
2025-06-16 14:00:00,49.330,49.360,49.200,49.330,181716
2025-06-16 14:30:00,49.360,49.420,49.310,49.380,194508
2025-06-16 15:00:00,49.330,49.390,49.230,49.390,194294
2025-06-17 10:00:00,49.200,49.460,49.020,49.400,372403
2025-06-17 10:30:00,49.400,49.450,49.260,49.280,270280
2025-06-17 11:00:00,49.280,49.350,49.200,49.320,152470
2025-06-17 11:30:00,49.320,49.550,49.290,49.490,131852
2025-06-17 13:30:00,49.490,49.830,49.400,49.760,325630
2025-06-17 14:00:00,49.760,49.800,49.660,49.690,142770
2025-06-17 14:30:00,49.700,49.750,49.600,49.690,146437
2025-06-17 15:00:00,49.680,49.850,49.600,49.720,381902
2025-06-18 10:00:00,49.940,50.120,49.600,50.030,452219
2025-06-18 10:30:00,50.050,50.150,49.890,50.030,296882
2025-06-18 11:00:00,50.070,50.140,49.820,49.840,232474
2025-06-18 11:30:00,49.840,50.000,49.800,49.990,121121
2025-06-18 13:30:00,49.940,50.060,49.850,49.920,150920
2025-06-18 14:00:00,49.910,49.910,49.800,49.880,126901
2025-06-18 14:30:00,49.860,49.950,49.810,49.870,177740
2025-06-18 15:00:00,49.890,49.920,49.700,49.750,323660
2025-06-19 10:00:00,49.750,49.970,49.210,49.290,578206
2025-06-19 10:30:00,49.290,49.300,48.950,49.010,597220
2025-06-19 11:00:00,49.010,49.050,48.950,49.000,302547
2025-06-19 11:30:00,49.000,49.010,48.610,48.610,539020
2025-06-19 13:30:00,48.620,48.680,48.400,48.530,489860
2025-06-19 14:00:00,48.520,48.570,48.320,48.370,428580
2025-06-19 14:30:00,48.360,48.390,48.200,48.290,489830
2025-06-19 15:00:00,48.280,48.480,48.210,48.320,418950
2025-06-20 10:00:00,48.320,48.710,48.210,48.690,449254
2025-06-20 10:30:00,48.700,49.050,48.620,48.800,529727
2025-06-20 11:00:00,48.790,49.070,48.690,48.710,268935
2025-06-20 11:30:00,48.750,48.800,48.610,48.800,223555
2025-06-20 13:30:00,48.800,48.900,48.520,48.520,169742
2025-06-20 14:00:00,48.550,48.550,48.400,48.430,161160
2025-06-20 14:30:00,48.430,48.520,48.400,48.470,143243
2025-06-20 15:00:00,48.460,48.900,48.410,48.900,459809
2025-06-23 10:00:00,48.250,48.400,47.400,47.510,1280140
2025-06-23 10:30:00,47.510,47.780,47.430,47.430,437980
2025-06-23 11:00:00,47.430,47.440,47.200,47.280,690361
2025-06-23 11:30:00,47.280,47.360,47.000,47.130,592405
2025-06-23 13:30:00,47.130,47.200,47.070,47.140,319657
2025-06-23 14:00:00,47.140,47.660,47.130,47.550,281447
2025-06-23 14:30:00,47.560,47.660,47.500,47.560,314671
2025-06-23 15:00:00,47.550,47.590,47.150,47.280,913868
2025-06-24 10:00:00,47.370,47.740,47.330,47.670,558319
2025-06-24 10:30:00,47.670,47.720,47.570,47.610,272447
2025-06-24 11:00:00,47.630,47.700,47.500,47.640,244560
2025-06-24 11:30:00,47.640,47.740,47.630,47.720,133861
2025-06-24 13:30:00,47.720,47.780,47.600,47.610,204291
2025-06-24 14:00:00,47.600,47.700,47.570,47.580,179646
2025-06-24 14:30:00,47.580,47.600,47.390,47.470,428654
2025-06-24 15:00:00,47.480,47.620,47.370,47.600,455969
2025-06-25 10:00:00,47.600,47.900,47.440,47.710,565936
2025-06-25 10:30:00,47.720,47.820,47.480,47.510,316198
2025-06-25 11:00:00,47.570,47.590,47.350,47.460,289480
2025-06-25 11:30:00,47.460,47.610,47.350,47.580,164601
2025-06-25 13:30:00,47.530,47.600,47.400,47.450,297561
2025-06-25 14:00:00,47.440,47.660,47.430,47.660,255300
2025-06-25 14:30:00,47.660,48.180,47.640,48.180,571848
2025-06-25 15:00:00,48.160,48.180,48.000,48.100,423838
2025-06-26 10:00:00,48.000,48.440,47.810,48.170,706479
2025-06-26 10:30:00,48.170,48.270,47.890,47.930,341322
2025-06-26 11:00:00,47.930,48.070,47.900,48.060,177839
2025-06-26 11:30:00,48.060,48.090,47.980,48.080,84002
2025-06-26 13:30:00,48.080,48.100,47.870,47.970,167398
2025-06-26 14:00:00,47.970,47.980,47.700,47.790,338360
2025-06-26 14:30:00,47.780,47.840,47.650,47.670,345373
2025-06-26 15:00:00,47.670,47.740,47.580,47.710,464374
2025-06-27 10:00:00,47.720,47.990,47.580,47.870,512006
2025-06-27 10:30:00,47.920,48.000,47.640,47.710,352122
2025-06-27 11:00:00,47.710,47.860,47.700,47.860,133604
2025-06-27 11:30:00,47.860,47.900,47.770,47.860,158093
2025-06-27 13:30:00,47.870,47.930,47.690,47.780,278694
2025-06-27 14:00:00,47.800,47.820,47.720,47.720,170382
2025-06-27 14:30:00,47.720,47.800,47.700,47.740,183171
2025-06-27 15:00:00,47.740,47.890,47.700,47.800,295634
2025-06-30 10:00:00,47.680,48.100,47.580,47.890,680489
2025-06-30 10:30:00,47.890,47.930,47.810,47.870,206977
2025-06-30 11:00:00,47.870,48.040,47.840,48.030,213362
2025-06-30 11:30:00,48.030,48.030,47.930,47.950,130955
2025-06-30 13:30:00,47.960,48.270,47.950,48.210,434516
2025-06-30 14:00:00,48.200,48.210,48.060,48.070,150416
2025-06-30 14:30:00,48.090,48.250,48.090,48.240,237299
2025-06-30 15:00:00,48.250,48.290,48.220,48.250,312322
2025-07-01 10:00:00,48.250,48.300,47.830,47.830,457177
2025-07-01 10:30:00,47.820,47.870,47.720,47.720,400377
2025-07-01 11:00:00,47.720,47.820,47.720,47.750,250144
2025-07-01 11:30:00,47.750,47.860,47.730,47.780,129340
2025-07-01 13:30:00,47.780,47.940,47.760,47.830,121165
2025-07-01 14:00:00,47.830,47.850,47.800,47.810,161300
2025-07-01 14:30:00,47.830,47.950,47.820,47.940,96935
2025-07-01 15:00:00,47.940,48.000,47.880,47.910,301203
2025-07-02 10:00:00,47.910,47.980,47.610,47.720,562442
2025-07-02 10:30:00,47.740,47.940,47.740,47.850,296924
2025-07-02 11:00:00,47.830,47.960,47.680,47.940,342672
2025-07-02 11:30:00,47.940,48.080,47.800,47.910,464191
2025-07-02 13:30:00,47.910,48.090,47.810,47.810,223274
2025-07-02 14:00:00,47.810,47.870,47.760,47.790,249559
2025-07-02 14:30:00,47.810,47.890,47.780,47.850,202221
2025-07-02 15:00:00,47.830,47.950,47.820,47.930,169925
2025-07-03 10:00:00,47.930,48.080,47.780,47.970,527538
2025-07-03 10:30:00,47.970,47.970,47.800,47.840,220300
2025-07-03 11:00:00,47.840,47.880,47.810,47.830,67046
2025-07-03 11:30:00,47.820,47.970,47.820,47.970,108885
2025-07-03 13:30:00,47.970,48.100,47.860,48.010,336056
2025-07-03 14:00:00,48.010,48.080,47.950,48.060,413510
2025-07-03 14:30:00,48.040,48.060,47.800,47.830,331150
2025-07-03 15:00:00,47.830,47.870,47.700,47.730,777180
2025-07-04 10:00:00,47.710,47.730,47.360,47.420,691389
2025-07-04 10:30:00,47.410,47.500,47.210,47.290,511946
2025-07-04 11:00:00,47.280,47.350,47.220,47.250,315787
2025-07-04 11:30:00,47.260,47.270,47.210,47.270,303900
2025-07-04 13:30:00,47.260,47.470,47.210,47.470,457989
2025-07-04 14:00:00,47.460,47.460,47.370,47.410,346956
2025-07-04 14:30:00,47.410,47.450,47.270,47.280,410279
2025-07-04 15:00:00,47.280,47.390,47.270,47.360,290907
2025-07-07 10:00:00,47.360,47.560,47.220,47.450,489200
2025-07-07 10:30:00,47.450,47.530,47.400,47.470,236262
2025-07-07 11:00:00,47.470,47.600,47.430,47.490,406349
2025-07-07 11:30:00,47.500,47.540,47.480,47.540,154458
2025-07-07 13:30:00,47.530,47.600,47.490,47.560,187424
2025-07-07 14:00:00,47.560,47.600,47.550,47.580,135929
2025-07-07 14:30:00,47.580,47.640,47.530,47.550,249377
2025-07-07 15:00:00,47.570,47.570,47.470,47.540,272978
2025-07-08 10:00:00,47.310,47.850,47.310,47.800,554770
2025-07-08 10:30:00,47.800,47.920,47.670,47.710,540344
2025-07-08 11:00:00,47.690,47.770,47.630,47.770,221469
2025-07-08 11:30:00,47.770,47.870,47.680,47.790,211540
2025-07-08 13:30:00,47.800,47.850,47.730,47.750,251028
2025-07-08 14:00:00,47.760,47.770,47.690,47.750,191855
2025-07-08 14:30:00,47.750,47.830,47.710,47.830,329947
2025-07-08 15:00:00,47.830,47.840,47.780,47.790,323235
2025-07-09 10:00:00,47.830,48.000,47.780,47.920,601165
2025-07-09 10:30:00,47.920,47.980,47.810,47.880,275557
2025-07-09 11:00:00,47.900,47.980,47.820,47.850,220740
2025-07-09 11:30:00,47.840,47.850,47.700,47.820,187320
2025-07-09 13:30:00,47.820,48.030,47.820,47.910,409107
2025-07-09 14:00:00,47.920,47.920,47.840,47.860,181060
2025-07-09 14:30:00,47.860,47.860,47.700,47.710,361240
2025-07-09 15:00:00,47.710,47.800,47.600,47.650,382773
2025-07-10 10:00:00,47.550,47.690,47.520,47.550,422060
2025-07-10 10:30:00,47.560,47.620,47.490,47.560,391064
2025-07-10 11:00:00,47.600,47.600,47.430,47.470,394057
2025-07-10 11:30:00,47.490,47.500,47.400,47.450,214203
2025-07-10 13:30:00,47.450,47.540,47.420,47.500,206420
2025-07-10 14:00:00,47.500,47.530,47.390,47.430,363604
2025-07-10 14:30:00,47.430,47.620,47.400,47.460,742855
2025-07-10 15:00:00,47.450,47.510,47.390,47.420,570250
2025-07-11 10:00:00,47.400,47.610,47.380,47.520,548587
2025-07-11 10:30:00,47.520,47.610,47.420,47.450,462335
2025-07-11 11:00:00,47.440,47.560,47.440,47.450,249219
2025-07-11 11:30:00,47.460,47.520,47.410,47.520,268467
2025-07-11 13:30:00,47.520,47.600,47.450,47.460,644400
2025-07-11 14:00:00,47.460,47.470,47.370,47.400,861519
2025-07-11 14:30:00,47.400,47.420,47.380,47.400,689233
2025-07-11 15:00:00,47.400,47.420,47.290,47.300,1236851
2025-07-14 10:00:00,47.310,47.380,46.680,46.970,1466173
2025-07-14 10:30:00,46.980,47.380,46.960,47.330,537323
2025-07-14 11:00:00,47.330,47.330,47.130,47.170,419380
2025-07-14 11:30:00,47.170,47.170,47.000,47.000,371240
2025-07-14 13:30:00,47.020,47.230,46.990,47.220,369519
2025-07-14 14:00:00,47.220,47.320,47.100,47.130,303721
2025-07-14 14:30:00,47.140,47.240,47.100,47.230,218840
2025-07-14 15:00:00,47.240,47.250,47.120,47.130,408710
2025-07-15 10:00:00,47.190,47.230,47.020,47.080,653020
2025-07-15 10:30:00,47.080,47.130,46.900,46.910,571106
2025-07-15 11:00:00,46.930,47.000,46.910,46.920,310020
2025-07-15 11:30:00,46.930,46.940,46.690,46.710,839480
2025-07-15 13:30:00,46.720,46.820,46.710,46.710,289260
2025-07-15 14:00:00,46.710,46.850,46.710,46.760,257331
2025-07-15 14:30:00,46.760,46.880,46.760,46.850,280633
2025-07-15 15:00:00,46.850,46.930,46.800,46.920,433365
2025-07-16 10:00:00,46.880,47.160,46.810,47.100,885915
2025-07-16 10:30:00,47.100,47.140,46.960,47.020,298164
2025-07-16 11:00:00,47.020,47.080,46.970,47.020,195719
2025-07-16 11:30:00,47.020,47.170,47.020,47.140,375214
2025-07-16 13:30:00,47.130,47.200,47.080,47.170,477247
2025-07-16 14:00:00,47.160,47.180,47.020,47.100,239679
2025-07-16 14:30:00,47.090,47.130,47.030,47.050,179264
2025-07-16 15:00:00,47.050,47.100,47.000,47.050,401167
2025-07-17 10:00:00,47.060,47.230,47.060,47.130,432782
2025-07-17 10:30:00,47.130,47.170,47.060,47.070,297166
2025-07-17 11:00:00,47.070,47.100,47.030,47.040,260075
2025-07-17 11:30:00,47.050,47.130,47.020,47.050,200753
2025-07-17 13:30:00,47.070,47.090,47.030,47.060,190096
2025-07-17 14:00:00,47.060,47.160,47.050,47.160,259079
2025-07-17 14:30:00,47.160,47.250,47.160,47.200,372780
2025-07-17 15:00:00,47.200,47.270,47.190,47.260,463014
2025-07-18 10:00:00,47.260,47.390,47.160,47.360,632021
2025-07-18 10:30:00,47.360,47.440,47.350,47.410,499017
2025-07-18 11:00:00,47.410,47.420,47.270,47.340,330398
2025-07-18 11:30:00,47.340,47.400,47.330,47.330,232217
2025-07-18 13:30:00,47.330,47.340,47.220,47.300,305763
2025-07-18 14:00:00,47.300,47.360,47.280,47.350,231835
2025-07-18 14:30:00,47.360,47.400,47.340,47.380,227453
2025-07-18 15:00:00,47.380,47.430,47.370,47.400,465657
2025-07-21 10:00:00,47.410,47.600,47.400,47.520,726460
2025-07-21 10:30:00,47.520,47.590,47.510,47.570,397513
2025-07-21 11:00:00,47.560,47.580,47.540,47.560,194601
2025-07-21 11:30:00,47.560,47.650,47.540,47.580,410401
2025-07-21 13:30:00,47.580,47.690,47.570,47.640,352725
2025-07-21 14:00:00,47.640,47.670,47.550,47.560,377974
2025-07-21 14:30:00,47.560,47.620,47.550,47.610,265564
2025-07-21 15:00:00,47.600,47.650,47.590,47.650,284878
2025-07-22 10:00:00,47.690,47.800,47.500,47.570,732645
2025-07-22 10:30:00,47.580,47.620,47.450,47.490,522691
2025-07-22 11:00:00,47.490,47.590,47.430,47.570,253152
2025-07-22 11:30:00,47.560,47.700,47.560,47.690,307446
2025-07-22 13:30:00,47.690,47.900,47.680,47.840,709693
2025-07-22 14:00:00,47.830,47.850,47.700,47.710,435322
2025-07-22 14:30:00,47.700,47.750,47.640,47.720,422617
2025-07-22 15:00:00,47.730,47.850,47.720,47.850,573341
2025-07-23 10:00:00,47.850,48.280,47.850,48.130,1153777
2025-07-23 10:30:00,48.130,48.300,47.960,48.080,816816
2025-07-23 11:00:00,48.090,48.170,48.000,48.140,321405
2025-07-23 11:30:00,48.150,48.210,48.100,48.130,263242
2025-07-23 13:30:00,48.140,48.320,48.130,48.190,776814
2025-07-23 14:00:00,48.190,48.250,48.100,48.110,496843
2025-07-23 14:30:00,48.110,48.200,47.910,47.970,682625
2025-07-23 15:00:00,47.970,48.050,47.890,47.960,559657
2025-07-24 10:00:00,47.970,48.010,47.790,47.870,807129
2025-07-24 10:30:00,47.870,47.880,47.710,47.780,809640
2025-07-24 11:00:00,47.760,47.860,47.760,47.850,373526
2025-07-24 11:30:00,47.850,47.870,47.760,47.820,386260
2025-07-24 13:30:00,47.810,47.850,47.680,47.770,1168226
2025-07-24 14:00:00,47.770,47.830,47.650,47.650,990834
2025-07-24 14:30:00,47.670,47.740,47.650,47.700,846816
2025-07-24 15:00:00,47.700,47.740,47.610,47.610,1581128
2025-07-25 10:00:00,47.680,48.880,47.680,48.410,3595233
2025-07-25 10:30:00,48.410,48.450,48.260,48.390,921126
2025-07-25 11:00:00,48.390,48.590,48.320,48.320,467867
2025-07-25 11:30:00,48.320,48.420,48.210,48.260,439055
2025-07-25 13:30:00,48.230,48.270,47.970,48.120,763512
2025-07-25 14:00:00,48.110,48.190,48.060,48.090,420576
2025-07-25 14:30:00,48.090,48.150,48.000,48.020,423863
2025-07-25 15:00:00,48.030,48.080,48.010,48.050,538601
2025-07-28 10:00:00,48.050,48.520,47.870,48.230,1196529
2025-07-28 10:30:00,48.230,48.380,47.950,47.980,583975
2025-07-28 11:00:00,47.980,48.020,47.890,47.910,493961
2025-07-28 11:30:00,47.910,47.910,47.700,47.710,540459
2025-07-28 13:30:00,47.710,47.930,47.640,47.700,511500
2025-07-28 14:00:00,47.700,47.730,47.660,47.680,370033
2025-07-28 14:30:00,47.670,47.690,47.570,47.610,590947
2025-07-28 15:00:00,47.620,47.850,47.610,47.790,599636
2025-07-29 10:00:00,47.790,47.920,47.400,47.400,987035
2025-07-29 10:30:00,47.410,47.510,47.330,47.460,560502
2025-07-29 11:00:00,47.460,47.580,47.380,47.540,262459
2025-07-29 11:30:00,47.540,47.570,47.460,47.460,165401
2025-07-29 13:30:00,47.460,47.510,47.400,47.450,188444
2025-07-29 14:00:00,47.450,47.520,47.400,47.470,189709
2025-07-29 14:30:00,47.470,47.530,47.450,47.510,206308
2025-07-29 15:00:00,47.500,47.570,47.470,47.520,374119
2025-07-30 10:00:00,47.520,47.880,47.420,47.760,824022
2025-07-30 10:30:00,47.770,47.850,47.690,47.750,417279
2025-07-30 11:00:00,47.740,47.860,47.740,47.810,359621
2025-07-30 11:30:00,47.810,47.880,47.770,47.810,257208
2025-07-30 13:30:00,47.810,47.880,47.780,47.780,209393
2025-07-30 14:00:00,47.780,47.830,47.590,47.640,348884
2025-07-30 14:30:00,47.630,47.690,47.480,47.640,394185
2025-07-30 15:00:00,47.640,47.680,47.630,47.650,324220
2025-07-31 10:00:00,47.560,47.600,47.160,47.220,1117135
2025-07-31 10:30:00,47.220,47.260,47.180,47.180,765682
2025-07-31 11:00:00,47.180,47.270,47.180,47.270,409265
2025-07-31 11:30:00,47.270,47.310,47.200,47.270,194298
2025-07-31 13:30:00,47.270,47.420,47.260,47.330,232301
2025-07-31 14:00:00,47.320,47.440,47.220,47.360,267004
2025-07-31 14:30:00,47.370,47.370,47.160,47.170,798226
2025-07-31 15:00:00,47.160,47.200,47.030,47.160,816437
2025-08-01 10:00:00,47.040,47.270,47.020,47.170,478073
2025-08-01 10:30:00,47.170,47.360,47.150,47.220,223245
2025-08-01 11:00:00,47.220,47.280,47.120,47.130,146616
2025-08-01 11:30:00,47.150,47.240,47.130,47.160,152280
2025-08-01 13:30:00,47.170,47.200,47.090,47.100,164780
2025-08-01 14:00:00,47.100,47.270,47.070,47.140,165435
2025-08-01 14:30:00,47.140,47.230,47.120,47.230,117300
2025-08-01 15:00:00,47.200,47.300,47.170,47.300,263794
2025-08-04 10:00:00,47.100,47.200,46.930,47.150,618183
2025-08-04 10:30:00,47.150,47.190,47.060,47.140,330725
2025-08-04 11:00:00,47.140,47.210,47.120,47.190,207780
2025-08-04 11:30:00,47.180,47.230,47.160,47.190,146884
2025-08-04 13:30:00,47.210,47.230,47.100,47.130,257172
2025-08-04 14:00:00,47.130,47.160,47.030,47.110,368048
2025-08-04 14:30:00,47.100,47.200,47.080,47.160,306024
2025-08-04 15:00:00,47.180,47.280,47.160,47.260,424623
2025-08-05 10:00:00,47.290,47.840,47.210,47.750,1396236
2025-08-05 10:30:00,47.750,48.050,47.700,47.950,1195507
2025-08-05 11:00:00,47.930,47.980,47.850,47.920,481317
2025-08-05 11:30:00,47.930,48.010,47.850,47.850,602244
2025-08-05 13:30:00,47.850,47.900,47.740,47.800,253440
2025-08-05 14:00:00,47.810,47.820,47.730,47.780,221070
2025-08-05 14:30:00,47.780,47.800,47.740,47.750,165043
2025-08-05 15:00:00,47.740,47.780,47.740,47.780,277123
2025-08-06 10:00:00,47.900,47.960,47.620,47.640,445349
2025-08-06 10:30:00,47.640,47.650,47.500,47.590,531299
2025-08-06 11:00:00,47.590,47.680,47.570,47.670,153512
2025-08-06 11:30:00,47.680,47.690,47.570,47.630,318363
2025-08-06 13:30:00,47.620,47.620,47.520,47.540,410782
2025-08-06 14:00:00,47.550,47.640,47.540,47.570,236027
2025-08-06 14:30:00,47.560,47.630,47.550,47.600,343564
2025-08-06 15:00:00,47.610,47.660,47.590,47.600,343033
2025-08-07 10:00:00,47.600,47.720,47.470,47.680,523100
2025-08-07 10:30:00,47.680,47.770,47.520,47.530,324544
2025-08-07 11:00:00,47.520,47.660,47.480,47.620,219628
2025-08-07 11:30:00,47.600,47.680,47.550,47.680,150439
2025-08-07 13:30:00,47.680,47.740,47.630,47.630,217730
2025-08-07 14:00:00,47.640,47.670,47.570,47.610,111976
2025-08-07 14:30:00,47.600,47.620,47.510,47.560,265899
2025-08-07 15:00:00,47.560,47.600,47.480,47.490,513059
2025-08-08 10:00:00,47.600,47.600,47.210,47.280,721664
2025-08-08 10:30:00,47.280,47.490,47.280,47.420,220540
2025-08-08 11:00:00,47.440,47.500,47.400,47.420,188021
2025-08-08 11:30:00,47.420,47.490,47.410,47.460,122298
2025-08-08 13:30:00,47.470,47.530,47.430,47.450,220640
2025-08-08 14:00:00,47.450,47.500,47.410,47.430,118481
2025-08-08 14:30:00,47.420,47.470,47.400,47.450,163424
2025-08-08 15:00:00,47.450,47.510,47.410,47.490,296109
2025-08-11 10:00:00,47.450,47.590,47.350,47.500,525738
2025-08-11 10:30:00,47.500,47.730,47.500,47.660,395223
2025-08-11 11:00:00,47.670,47.720,47.630,47.650,204991
2025-08-11 11:30:00,47.650,47.700,47.580,47.620,249583
2025-08-11 13:30:00,47.620,47.640,47.550,47.600,364170
2025-08-11 14:00:00,47.600,47.630,47.570,47.620,225220
2025-08-11 14:30:00,47.620,47.700,47.570,47.610,412740
2025-08-11 15:00:00,47.600,47.680,47.580,47.600,472223
2025-08-12 10:00:00,47.600,47.780,47.560,47.750,869930
2025-08-12 10:30:00,47.750,47.800,47.620,47.630,483160
2025-08-12 11:00:00,47.620,47.670,47.470,47.480,478271
2025-08-12 11:30:00,47.480,47.650,47.480,47.600,218435
2025-08-12 13:30:00,47.610,47.660,47.560,47.600,267340
2025-08-12 14:00:00,47.600,47.610,47.540,47.580,205559
2025-08-12 14:30:00,47.590,47.610,47.560,47.590,221860
2025-08-12 15:00:00,47.600,47.610,47.580,47.610,324580
2025-08-13 10:00:00,47.680,47.760,47.550,47.660,680297
2025-08-13 10:30:00,47.660,47.790,47.600,47.690,671779
2025-08-13 11:00:00,47.700,47.710,47.630,47.670,322098
2025-08-13 11:30:00,47.670,47.710,47.620,47.690,339181
2025-08-13 13:30:00,47.690,47.750,47.680,47.710,433558
2025-08-13 14:00:00,47.720,47.720,47.660,47.660,390620
2025-08-13 14:30:00,47.660,47.700,47.600,47.600,460585
2025-08-13 15:00:00,47.600,47.680,47.600,47.680,585999
2025-08-14 10:00:00,47.710,47.960,47.710,47.850,1263627
2025-08-14 10:30:00,47.840,47.920,47.670,47.730,759215
2025-08-14 11:00:00,47.730,47.810,47.680,47.750,371162
2025-08-14 11:30:00,47.750,47.810,47.660,47.710,337266
2025-08-14 13:30:00,47.700,47.720,47.410,47.430,747483
2025-08-14 14:00:00,47.420,47.510,47.360,47.410,592740
2025-08-14 14:30:00,47.410,47.560,47.390,47.480,407319
2025-08-14 15:00:00,47.460,47.480,47.330,47.330,619509
2025-08-15 10:00:00,47.310,47.320,47.030,47.290,940469
2025-08-15 10:30:00,47.270,47.300,47.130,47.210,780056
2025-08-15 11:00:00,47.210,47.360,47.200,47.310,246824
2025-08-15 11:30:00,47.290,47.450,47.280,47.450,303758
2025-08-15 13:30:00,47.440,47.530,47.410,47.470,374045
2025-08-15 14:00:00,47.470,47.530,47.460,47.480,259290
2025-08-15 14:30:00,47.470,47.500,47.380,47.440,340862
2025-08-15 15:00:00,47.430,47.510,47.410,47.480,396275
2025-08-18 10:00:00,47.480,47.610,47.380,47.580,1026578
2025-08-18 10:30:00,47.580,47.730,47.510,47.620,710898
2025-08-18 11:00:00,47.620,47.670,47.570,47.630,453480
2025-08-18 11:30:00,47.630,47.800,47.600,47.790,737249
2025-08-18 13:30:00,47.790,48.440,47.780,47.880,1769519
2025-08-18 14:00:00,47.880,48.000,47.850,47.880,657972
2025-08-18 14:30:00,47.870,47.900,47.730,47.810,515201
2025-08-18 15:00:00,47.820,47.920,47.790,47.830,724523
2025-08-19 10:00:00,47.800,48.040,47.650,47.840,1569534
2025-08-19 10:30:00,47.820,47.820,47.550,47.650,818701
2025-08-19 11:00:00,47.680,47.730,47.650,47.700,215608
2025-08-19 11:30:00,47.690,47.790,47.670,47.780,261353
2025-08-19 13:30:00,47.790,47.830,47.650,47.710,386749
2025-08-19 14:00:00,47.700,47.740,47.610,47.640,474104
2025-08-19 14:30:00,47.650,47.670,47.600,47.600,349906
2025-08-19 15:00:00,47.600,47.680,47.570,47.680,565711
2025-08-20 10:00:00,47.510,47.780,47.430,47.680,795566
2025-08-20 10:30:00,47.680,47.740,47.640,47.740,391833
2025-08-20 11:00:00,47.730,47.890,47.720,47.860,664263
2025-08-20 11:30:00,47.860,47.880,47.700,47.730,475273
2025-08-20 13:30:00,47.750,47.820,47.690,47.820,290357
2025-08-20 14:00:00,47.810,48.070,47.810,47.890,807231
2025-08-20 14:30:00,47.900,47.980,47.890,47.950,423745
2025-08-20 15:00:00,47.960,48.040,47.950,48.040,876771
2025-08-21 10:00:00,48.150,48.200,47.860,47.910,1268218
2025-08-21 10:30:00,47.910,48.130,47.910,48.080,924122
2025-08-21 11:00:00,48.090,48.170,47.960,48.040,497530
2025-08-21 11:30:00,48.050,48.200,48.000,48.050,710640
2025-08-21 13:30:00,48.060,48.140,48.040,48.050,354962
2025-08-21 14:00:00,48.050,48.060,47.980,48.000,357900
2025-08-21 14:30:00,48.000,48.020,47.830,47.890,592620
2025-08-21 15:00:00,47.900,47.920,47.740,47.910,861717
2025-08-22 10:00:00,48.000,48.010,47.720,47.770,949617
2025-08-22 10:30:00,47.770,47.780,47.620,47.630,849733
2025-08-22 11:00:00,47.630,47.800,47.630,47.770,413576
2025-08-22 11:30:00,47.770,47.810,47.680,47.760,338364
2025-08-22 13:30:00,47.760,47.810,47.670,47.740,504902
2025-08-22 14:00:00,47.740,47.890,47.710,47.830,495214
2025-08-22 14:30:00,47.850,47.940,47.800,47.870,803661
2025-08-22 15:00:00,47.870,48.000,47.860,48.000,1103659
2025-08-25 10:00:00,48.200,48.450,48.000,48.260,2064148
2025-08-25 10:30:00,48.230,48.620,48.210,48.460,1613688
2025-08-25 11:00:00,48.460,48.500,48.250,48.430,863542
2025-08-25 11:30:00,48.460,48.520,48.200,48.220,1120656
2025-08-25 13:30:00,48.240,48.400,48.180,48.210,809216
2025-08-25 14:00:00,48.200,48.380,48.180,48.380,542652
2025-08-25 14:30:00,48.380,48.410,48.320,48.390,687443
2025-08-25 15:00:00,48.390,48.530,48.330,48.530,1388929
2025-08-26 10:00:00,48.520,49.330,48.340,49.300,4032611
2025-08-26 10:30:00,49.300,49.720,49.220,49.500,3125119
2025-08-26 11:00:00,49.500,49.900,49.450,49.540,1719491
2025-08-26 11:30:00,49.560,49.670,49.500,49.660,972347
2025-08-26 13:30:00,49.650,49.780,49.330,49.400,975918
2025-08-26 14:00:00,49.400,49.500,49.320,49.490,470455
2025-08-26 14:30:00,49.490,49.550,49.370,49.380,511008
2025-08-26 15:00:00,49.390,49.400,49.010,49.050,1522851
2025-08-27 10:00:00,49.030,49.180,48.680,48.900,2005931
2025-08-27 10:30:00,48.900,49.250,48.900,48.990,872429
2025-08-27 11:00:00,48.990,48.990,48.840,48.880,619698
2025-08-27 11:30:00,48.880,48.990,48.860,48.910,444095
2025-08-27 13:30:00,48.900,49.070,48.860,48.940,640834
2025-08-27 14:00:00,48.970,48.970,48.570,48.610,1096272
2025-08-27 14:30:00,48.620,48.740,48.300,48.310,1105437
2025-08-27 15:00:00,48.310,48.540,48.220,48.250,1263254
2025-08-28 10:00:00,48.220,48.350,47.860,47.870,1940730
2025-08-28 10:30:00,47.880,47.990,47.770,47.860,1219517
2025-08-28 11:00:00,47.840,47.990,47.810,47.810,553301
2025-08-28 11:30:00,47.810,48.000,47.770,47.830,721584
2025-08-28 13:30:00,47.810,47.830,47.310,47.330,1119817
2025-08-28 14:00:00,47.330,47.570,47.170,47.480,891368
2025-08-28 14:30:00,47.470,47.640,47.400,47.460,881671
2025-08-28 15:00:00,47.460,47.760,47.450,47.730,1250604
2025-08-29 10:00:00,47.100,47.200,46.700,47.090,4993642
2025-08-29 10:30:00,47.080,47.200,46.890,47.100,1772084
2025-08-29 11:00:00,47.100,47.260,47.050,47.080,1154773
2025-08-29 11:30:00,47.070,47.160,47.040,47.060,627822
2025-08-29 13:30:00,47.080,47.130,47.040,47.050,778267
2025-08-29 14:00:00,47.050,47.280,47.040,47.240,628989
2025-08-29 14:30:00,47.240,47.350,47.130,47.160,692747
2025-08-29 15:00:00,47.150,47.180,47.090,47.140,1113008
2025-09-01 10:00:00,47.100,47.290,46.960,47.170,1632738
2025-09-01 10:30:00,47.170,47.240,47.110,47.120,633920
2025-09-01 11:00:00,47.120,47.230,47.120,47.210,409822
2025-09-01 11:30:00,47.210,47.220,47.090,47.110,498560
2025-09-01 13:30:00,47.110,47.130,47.060,47.120,413783
2025-09-01 14:00:00,47.110,47.130,47.060,47.100,479298
2025-09-01 14:30:00,47.100,47.150,47.030,47.080,672982
2025-09-01 15:00:00,47.080,47.100,47.020,47.090,872449
2025-09-02 10:00:00,47.100,47.200,47.050,47.070,1035837
2025-09-02 10:30:00,47.060,47.060,46.900,47.040,898191
2025-09-02 11:00:00,47.040,47.040,46.800,46.830,1455501
2025-09-02 11:30:00,46.810,47.050,46.810,46.950,463428
2025-09-02 13:30:00,46.960,46.960,46.800,46.810,762600
2025-09-02 14:00:00,46.820,46.950,46.810,46.890,304939
2025-09-02 14:30:00,46.890,46.980,46.800,46.840,483078
2025-09-02 15:00:00,46.840,46.900,46.820,46.900,477993
2025-09-03 10:00:00,47.050,47.170,46.800,46.830,796040
2025-09-03 10:30:00,46.840,46.860,46.710,46.720,445920
2025-09-03 11:00:00,46.710,46.790,46.500,46.660,732682
2025-09-03 11:30:00,46.660,46.690,46.590,46.610,286739
2025-09-03 13:30:00,46.620,46.720,46.580,46.610,262366
2025-09-03 14:00:00,46.610,46.620,46.530,46.580,393298
2025-09-03 14:30:00,46.570,46.660,46.560,46.570,203437
2025-09-03 15:00:00,46.580,46.660,46.500,46.660,809768
2025-09-04 10:00:00,46.550,46.600,46.130,46.240,1538953
2025-09-04 10:30:00,46.240,46.360,46.100,46.160,897881
2025-09-04 11:00:00,46.160,46.220,45.960,46.050,805387
2025-09-04 11:30:00,46.060,46.120,46.000,46.010,317753
2025-09-04 13:30:00,46.040,46.280,46.000,46.200,432549
2025-09-04 14:00:00,46.190,46.250,46.100,46.200,306815
2025-09-04 14:30:00,46.200,46.220,46.000,46.070,388191
2025-09-04 15:00:00,46.060,46.270,45.990,46.210,707952
2025-09-05 10:00:00,46.200,46.420,46.150,46.410,805825
2025-09-05 10:30:00,46.410,46.460,46.350,46.400,394073
2025-09-05 11:00:00,46.390,46.480,46.370,46.450,371359
2025-09-05 11:30:00,46.440,46.460,46.400,46.440,321381
2025-09-05 13:30:00,46.430,46.580,46.410,46.520,462020
2025-09-05 14:00:00,46.530,46.640,46.520,46.620,362420
2025-09-05 14:30:00,46.610,46.760,46.610,46.740,480180
2025-09-05 15:00:00,46.740,46.800,46.730,46.770,765167
2025-09-08 10:00:00,46.770,47.170,46.700,47.100,1401911
2025-09-08 10:30:00,47.100,47.150,46.780,46.830,763547
2025-09-08 11:00:00,46.840,47.170,46.810,47.090,651516
2025-09-08 11:30:00,47.100,47.280,47.070,47.220,693751
2025-09-08 13:30:00,47.220,47.270,47.100,47.130,376983
2025-09-08 14:00:00,47.140,47.240,47.130,47.230,364044
2025-09-08 14:30:00,47.230,47.250,47.120,47.160,290874
2025-09-08 15:00:00,47.160,47.210,47.150,47.210,386438
2025-09-09 10:00:00,47.100,47.240,46.910,46.970,731012
2025-09-09 10:30:00,46.970,47.100,46.930,47.090,467524
2025-09-09 11:00:00,47.090,47.240,46.980,46.990,382802
2025-09-09 11:30:00,46.980,47.010,46.820,46.930,639420
2025-09-09 13:30:00,46.930,46.980,46.800,46.830,397083
2025-09-09 14:00:00,46.830,47.040,46.800,46.960,308495
2025-09-09 14:30:00,46.910,47.190,46.890,47.150,420383
2025-09-09 15:00:00,47.150,47.230,47.140,47.210,726856
2025-09-10 10:00:00,47.100,47.120,46.860,46.950,627420
2025-09-10 10:30:00,46.950,47.050,46.880,46.890,413120
2025-09-10 11:00:00,46.890,46.970,46.870,46.900,211768
2025-09-10 11:30:00,46.910,47.000,46.880,46.980,175980
2025-09-10 13:30:00,46.980,47.000,46.880,46.920,310466
2025-09-10 14:00:00,46.910,46.940,46.880,46.900,219790
2025-09-10 14:30:00,46.900,46.910,46.820,46.820,488748
2025-09-10 15:00:00,46.830,46.870,46.750,46.840,566476
2025-09-11 10:00:00,46.840,46.840,46.620,46.680,500671
2025-09-11 10:30:00,46.680,46.750,46.460,46.510,775573
2025-09-11 11:00:00,46.520,46.690,46.510,46.640,357251
2025-09-11 11:30:00,46.640,46.750,46.630,46.750,416909
2025-09-11 13:30:00,46.720,46.760,46.640,46.680,409744
2025-09-11 14:00:00,46.670,46.700,46.630,46.670,235158
2025-09-11 14:30:00,46.680,46.860,46.660,46.810,319038
2025-09-11 15:00:00,46.820,46.910,46.810,46.850,633562
2025-09-12 10:00:00,46.880,47.030,46.720,46.790,738011
2025-09-12 10:30:00,46.770,46.780,46.670,46.700,491066
2025-09-12 11:00:00,46.710,46.710,46.580,46.590,495589
2025-09-12 11:30:00,46.580,46.620,46.530,46.610,288061
2025-09-12 13:30:00,46.620,46.640,46.560,46.610,233870
2025-09-12 14:00:00,46.610,46.640,46.580,46.580,258840
2025-09-12 14:30:00,46.580,46.590,46.500,46.510,568223
2025-09-12 15:00:00,46.510,46.540,46.490,46.490,638545
2025-09-15 10:00:00,46.490,46.670,46.300,46.640,881657
2025-09-15 10:30:00,46.640,46.660,46.490,46.530,628818
2025-09-15 11:00:00,46.540,46.660,46.520,46.550,434980
2025-09-15 11:30:00,46.550,46.640,46.520,46.560,262113
2025-09-15 13:30:00,46.560,46.570,46.520,46.530,318911
2025-09-15 14:00:00,46.520,46.540,46.410,46.410,326410
2025-09-15 14:30:00,46.420,46.430,46.360,46.360,337021
2025-09-15 15:00:00,46.370,46.460,46.370,46.400,336820
2025-09-16 10:00:00,46.410,46.550,46.210,46.250,715054
2025-09-16 10:30:00,46.260,46.260,46.120,46.190,552718
2025-09-16 11:00:00,46.180,46.200,46.020,46.020,546020
2025-09-16 11:30:00,46.030,46.150,46.020,46.100,401597
2025-09-16 13:30:00,46.100,46.120,46.040,46.060,421820
2025-09-16 14:00:00,46.050,46.130,46.030,46.120,348785
2025-09-16 14:30:00,46.120,46.160,46.060,46.070,378535
2025-09-16 15:00:00,46.060,46.120,46.040,46.120,498184
2025-09-17 10:00:00,46.130,46.390,46.130,46.210,601935
2025-09-17 10:30:00,46.190,46.240,46.110,46.160,364005
2025-09-17 11:00:00,46.150,46.320,46.130,46.310,289044
2025-09-17 11:30:00,46.320,46.370,46.250,46.360,379812
2025-09-17 13:30:00,46.360,46.380,46.200,46.200,363521
2025-09-17 14:00:00,46.220,46.250,46.200,46.210,190360
2025-09-17 14:30:00,46.220,46.230,46.180,46.180,276760
2025-09-17 15:00:00,46.180,46.270,46.160,46.250,405892
2025-09-18 10:00:00,46.270,46.280,46.070,46.100,781841
2025-09-18 10:30:00,46.100,46.100,46.010,46.020,898147
2025-09-18 11:00:00,46.030,46.060,45.970,46.020,920436
2025-09-18 11:30:00,46.020,46.080,46.010,46.040,245726
2025-09-18 13:30:00,46.040,46.050,45.920,45.930,796778
2025-09-18 14:00:00,45.920,45.940,45.810,45.810,831220
2025-09-18 14:30:00,45.810,45.810,45.590,45.600,1171892
2025-09-18 15:00:00,45.600,45.630,45.430,45.600,1057272
2025-09-19 10:00:00,45.560,45.590,45.310,45.390,861641
2025-09-19 10:30:00,45.390,45.410,45.200,45.280,627171
2025-09-19 11:00:00,45.280,45.280,45.160,45.180,479553
2025-09-19 11:30:00,45.180,45.220,45.100,45.220,430380
2025-09-19 13:30:00,45.220,45.310,45.180,45.200,358440
2025-09-19 14:00:00,45.200,45.230,45.140,45.200,402095
2025-09-19 14:30:00,45.200,45.410,45.190,45.400,364380
2025-09-19 15:00:00,45.390,45.500,45.230,45.500,720517
2025-09-22 10:00:00,45.370,45.400,44.980,44.980,1131001
2025-09-22 10:30:00,44.980,45.020,44.820,44.840,853188
2025-09-22 11:00:00,44.830,44.880,44.720,44.740,756193
2025-09-22 11:30:00,44.730,44.790,44.650,44.730,695312
2025-09-22 13:30:00,44.740,44.840,44.590,44.610,672521
2025-09-22 14:00:00,44.620,44.660,44.520,44.520,463229
2025-09-22 14:30:00,44.520,44.590,44.430,44.450,715386
2025-09-22 15:00:00,44.460,44.600,44.430,44.600,671684
2025-09-23 10:00:00,44.380,44.580,44.180,44.410,1095737
2025-09-23 10:30:00,44.410,44.600,44.060,44.110,842926
2025-09-23 11:00:00,44.110,44.250,44.010,44.250,475772
2025-09-23 11:30:00,44.250,44.280,44.090,44.100,305293
2025-09-23 13:30:00,44.130,44.320,44.060,44.310,398694
2025-09-23 14:00:00,44.310,44.680,44.260,44.640,421993
2025-09-23 14:30:00,44.640,45.130,44.620,45.020,775262
2025-09-23 15:00:00,45.020,45.080,44.940,45.070,548909
2025-09-24 10:00:00,45.020,45.020,44.660,44.950,854596
2025-09-24 10:30:00,44.940,44.950,44.820,44.840,411748
2025-09-24 11:00:00,44.860,44.870,44.710,44.820,371080
2025-09-24 11:30:00,44.820,44.830,44.750,44.820,218878
2025-09-24 13:30:00,44.830,44.880,44.740,44.760,286991
2025-09-24 14:00:00,44.750,44.940,44.750,44.860,274172
2025-09-24 14:30:00,44.850,44.900,44.820,44.820,275898
2025-09-24 15:00:00,44.820,44.900,44.810,44.860,386640
2025-09-25 10:00:00,44.870,44.870,44.320,44.390,1768156
2025-09-25 10:30:00,44.380,44.510,44.360,44.500,465366
2025-09-25 11:00:00,44.500,44.560,44.450,44.490,222363
2025-09-25 11:30:00,44.480,44.650,44.480,44.530,336200
2025-09-25 13:30:00,44.530,44.560,44.370,44.430,401100
2025-09-25 14:00:00,44.430,44.490,44.390,44.430,263740
2025-09-25 14:30:00,44.450,44.480,44.390,44.390,264600
2025-09-25 15:00:00,44.390,44.410,44.300,44.330,710805
2025-09-26 10:00:00,44.240,44.300,43.740,44.060,1392164
2025-09-26 10:30:00,44.060,44.220,44.030,44.120,397944
2025-09-26 11:00:00,44.120,44.280,44.100,44.280,240848
2025-09-26 11:30:00,44.270,44.290,44.150,44.180,182120
2025-09-26 13:30:00,44.180,44.270,44.160,44.160,215460
2025-09-26 14:00:00,44.170,44.320,44.160,44.210,246357
2025-09-26 14:30:00,44.210,44.290,44.180,44.220,250480
2025-09-26 15:00:00,44.200,44.420,44.180,44.360,592380
2025-09-29 10:00:00,44.380,44.450,43.930,44.010,996066
2025-09-29 10:30:00,44.020,44.130,43.970,44.100,243885
2025-09-29 11:00:00,44.090,44.130,44.020,44.050,230941
2025-09-29 11:30:00,44.040,44.080,44.020,44.060,154087
2025-09-29 13:30:00,44.060,44.070,43.960,44.050,383045
2025-09-29 14:00:00,44.050,44.490,44.050,44.490,485783
2025-09-29 14:30:00,44.480,44.660,44.440,44.520,664775
2025-09-29 15:00:00,44.520,44.550,44.460,44.540,337501
2025-09-30 10:00:00,44.400,44.500,44.230,44.240,608033
2025-09-30 10:30:00,44.240,44.250,44.050,44.080,764613
2025-09-30 11:00:00,44.080,44.190,44.070,44.160,261503
2025-09-30 11:30:00,44.160,44.180,44.110,44.130,166620
2025-09-30 13:30:00,44.120,44.340,44.050,44.310,683320
2025-09-30 14:00:00,44.270,44.470,44.270,44.440,512599
2025-09-30 14:30:00,44.440,44.770,44.420,44.680,779020
2025-09-30 15:00:00,44.690,44.710,44.620,44.660,643682
2025-10-09 10:00:00,44.670,44.700,44.210,44.540,1027259
2025-10-09 10:30:00,44.540,44.930,44.460,44.930,833690
2025-10-09 11:00:00,44.910,45.350,44.890,45.120,1080129
2025-10-09 11:30:00,45.120,45.800,45.100,45.420,1162724
2025-10-09 13:30:00,45.430,45.440,45.280,45.440,361255
2025-10-09 14:00:00,45.430,45.700,45.430,45.640,605274
2025-10-09 14:30:00,45.630,45.740,45.580,45.620,674775
2025-10-09 15:00:00,45.620,45.860,45.590,45.850,1127509
2025-10-10 10:00:00,45.200,45.200,44.900,45.090,1755811
2025-10-10 10:30:00,45.090,45.410,45.050,45.360,589026
2025-10-10 11:00:00,45.350,45.430,45.130,45.180,381683
2025-10-10 11:30:00,45.190,45.200,45.050,45.050,288937
2025-10-10 13:30:00,45.060,45.100,44.980,44.980,486038
2025-10-10 14:00:00,44.980,45.070,44.960,45.060,327716
2025-10-10 14:30:00,45.070,45.070,44.960,44.980,298754
2025-10-10 15:00:00,44.970,45.240,44.960,45.150,435589
2025-10-13 10:00:00,44.500,44.670,44.280,44.550,1374663
2025-10-13 10:30:00,44.550,44.950,44.540,44.950,556959
2025-10-13 11:00:00,44.950,44.980,44.810,44.850,204800
2025-10-13 11:30:00,44.850,45.190,44.840,45.010,422354
2025-10-13 13:30:00,45.020,45.090,44.880,44.910,363412
2025-10-13 14:00:00,44.910,44.930,44.860,44.880,254700
2025-10-13 14:30:00,44.880,45.150,44.760,45.110,515775
2025-10-13 15:00:00,45.110,45.260,45.090,45.250,730436
2025-10-14 10:00:00,45.250,45.360,45.000,45.190,895516
2025-10-14 10:30:00,45.190,45.290,45.090,45.200,360444
2025-10-14 11:00:00,45.210,45.270,45.120,45.130,244680
2025-10-14 11:30:00,45.140,45.180,45.070,45.170,244434
2025-10-14 13:30:00,45.170,45.190,45.000,45.150,378375
2025-10-14 14:00:00,45.160,45.240,45.040,45.040,230987
2025-10-14 14:30:00,45.060,45.070,44.930,44.970,354110
2025-10-14 15:00:00,44.970,45.010,44.900,44.950,385381
2025-10-15 10:00:00,44.900,45.070,44.790,44.960,413430
2025-10-15 10:30:00,44.950,44.990,44.860,44.860,297500
2025-10-15 11:00:00,44.860,44.860,44.710,44.720,436804
2025-10-15 11:30:00,44.730,44.780,44.710,44.770,165380
2025-10-15 13:30:00,44.780,44.830,44.740,44.780,140200
2025-10-15 14:00:00,44.780,44.850,44.730,44.760,172851
2025-10-15 14:30:00,44.760,44.890,44.730,44.870,230160
2025-10-15 15:00:00,44.870,44.900,44.820,44.840,332056
2025-10-16 10:00:00,44.800,45.200,44.790,45.040,679674
2025-10-16 10:30:00,45.020,45.110,44.860,44.930,335241
2025-10-16 11:00:00,44.930,44.960,44.860,44.890,176600
2025-10-16 11:30:00,44.890,44.930,44.810,44.820,212366
2025-10-16 13:30:00,44.810,44.820,44.700,44.700,291145
2025-10-16 14:00:00,44.700,44.710,44.630,44.690,286739
2025-10-16 14:30:00,44.690,44.790,44.660,44.750,245645
2025-10-16 15:00:00,44.760,44.790,44.700,44.770,299996
2025-10-17 10:00:00,44.620,44.760,44.440,44.460,637859
2025-10-17 10:30:00,44.470,44.470,44.330,44.420,491636
2025-10-17 11:00:00,44.440,44.550,44.430,44.510,134372
2025-10-17 11:30:00,44.490,44.510,44.420,44.430,121425
2025-10-17 13:30:00,44.420,44.420,44.300,44.350,334100
2025-10-17 14:00:00,44.350,44.370,44.280,44.310,293963
2025-10-17 14:30:00,44.310,44.350,44.250,44.270,321405
2025-10-17 15:00:00,44.270,44.270,44.200,44.210,515242
2025-10-20 10:00:00,44.300,44.380,44.080,44.170,793233
2025-10-20 10:30:00,44.170,44.180,43.940,44.000,484041
2025-10-20 11:00:00,44.000,44.170,44.000,44.120,243520
2025-10-20 11:30:00,44.100,44.150,44.060,44.080,71860
2025-10-20 13:30:00,44.100,44.130,44.010,44.060,130480
2025-10-20 14:00:00,44.060,44.060,43.990,44.000,172120
2025-10-20 14:30:00,43.990,44.000,43.860,43.870,384148
2025-10-20 15:00:00,43.880,43.950,43.860,43.910,360373
2025-10-21 10:00:00,43.920,44.100,43.750,44.000,608988
2025-10-21 10:30:00,43.990,44.000,43.940,43.980,225522
2025-10-21 11:00:00,43.990,44.030,43.950,43.970,148940
2025-10-21 11:30:00,43.970,44.030,43.960,44.010,141675
2025-10-21 13:30:00,44.020,44.030,43.830,43.890,379000
2025-10-21 14:00:00,43.890,43.900,43.800,43.830,341420
2025-10-21 14:30:00,43.830,43.960,43.820,43.910,291080
2025-10-21 15:00:00,43.910,43.960,43.870,43.910,426420
2025-10-22 10:00:00,43.760,43.990,43.760,43.970,436261
2025-10-22 10:30:00,43.970,44.160,43.960,44.110,340767
2025-10-22 11:00:00,44.110,44.130,43.990,44.050,303773
2025-10-22 11:30:00,44.030,44.050,43.970,43.990,106800
2025-10-22 13:30:00,43.980,44.020,43.950,44.000,109388
2025-10-22 14:00:00,44.000,44.030,43.960,43.970,85260
2025-10-22 14:30:00,43.960,44.150,43.950,44.090,329070
2025-10-22 15:00:00,44.090,44.180,44.060,44.120,464300
2025-10-23 10:00:00,44.090,44.100,43.800,43.820,441803
2025-10-23 10:30:00,43.820,43.900,43.800,43.860,258215
2025-10-23 11:00:00,43.870,44.120,43.870,43.980,249340
2025-10-23 11:30:00,43.970,44.020,43.910,43.950,62480
2025-10-23 13:30:00,43.950,43.980,43.890,43.890,101560
2025-10-23 14:00:00,43.890,43.910,43.840,43.880,121140
2025-10-23 14:30:00,43.890,44.030,43.890,44.010,116699
2025-10-23 15:00:00,43.980,44.030,43.970,44.000,247456
2025-10-24 10:00:00,43.940,44.070,43.940,43.990,419585
2025-10-24 10:30:00,43.990,43.990,43.860,43.890,448124
2025-10-24 11:00:00,43.890,43.890,43.810,43.860,289048
2025-10-24 11:30:00,43.870,43.890,43.780,43.820,313748
2025-10-24 13:30:00,43.830,43.840,43.800,43.820,193352
2025-10-24 14:00:00,43.830,43.830,43.800,43.810,215867
2025-10-24 14:30:00,43.810,43.820,43.770,43.780,421653
2025-10-24 15:00:00,43.780,43.820,43.770,43.770,669140
2025-10-27 10:00:00,43.850,43.890,43.540,43.710,1102007
2025-10-27 10:30:00,43.710,43.750,43.570,43.580,443134
2025-10-27 11:00:00,43.570,43.620,43.550,43.590,417086
2025-10-27 11:30:00,43.580,43.650,43.560,43.630,293250
2025-10-27 13:30:00,43.640,43.650,43.550,43.560,489050
2025-10-27 14:00:00,43.570,43.610,43.550,43.560,334147
2025-10-27 14:30:00,43.560,43.590,43.550,43.560,407011
2025-10-27 15:00:00,43.560,43.610,43.560,43.580,356534
2025-10-28 10:00:00,43.540,43.560,43.150,43.200,1367260
2025-10-28 10:30:00,43.200,43.320,43.180,43.310,505212
2025-10-28 11:00:00,43.310,43.380,43.210,43.360,451868
2025-10-28 11:30:00,43.370,43.510,43.320,43.450,328606
2025-10-28 13:30:00,43.450,43.690,43.430,43.690,604082
2025-10-28 14:00:00,43.680,43.700,43.500,43.630,434873
2025-10-28 14:30:00,43.610,43.640,43.590,43.630,134666
2025-10-28 15:00:00,43.630,43.670,43.600,43.670,447880
2025-10-29 10:00:00,43.630,43.630,43.310,43.310,687816
2025-10-29 10:30:00,43.310,43.360,43.260,43.330,381307
2025-10-29 11:00:00,43.310,43.370,43.270,43.350,205384
2025-10-29 11:30:00,43.350,43.450,43.330,43.410,209727
2025-10-29 13:30:00,43.420,43.450,43.380,43.420,196303
2025-10-29 14:00:00,43.430,43.530,43.420,43.510,292480
2025-10-29 14:30:00,43.520,43.580,43.500,43.580,241350
2025-10-29 15:00:00,43.570,43.730,43.570,43.690,661293
2025-10-30 10:00:00,43.620,43.990,43.560,43.900,1097873
2025-10-30 10:30:00,43.900,43.940,43.830,43.940,315680
2025-10-30 11:00:00,43.940,44.000,43.880,43.990,386541
2025-10-30 11:30:00,43.990,44.060,43.930,43.950,337482
2025-10-30 13:30:00,43.950,43.960,43.780,43.840,535100
2025-10-30 14:00:00,43.840,43.910,43.820,43.890,160214
2025-10-30 14:30:00,43.900,43.940,43.840,43.840,232914
2025-10-30 15:00:00,43.840,43.870,43.710,43.710,487383
2025-10-31 10:00:00,43.500,43.850,43.340,43.790,917605
2025-10-31 10:30:00,43.790,43.900,43.730,43.770,386283
2025-10-31 11:00:00,43.770,43.850,43.740,43.800,257306
2025-10-31 11:30:00,43.800,43.800,43.740,43.780,113400
2025-10-31 13:30:00,43.790,43.810,43.740,43.790,236827
2025-10-31 14:00:00,43.800,43.860,43.790,43.790,230080
2025-10-31 14:30:00,43.800,43.810,43.730,43.730,226366
2025-10-31 15:00:00,43.740,43.750,43.670,43.670,497108
2025-11-03 10:00:00,43.680,43.800,43.360,43.360,793501
2025-11-03 10:30:00,43.360,43.370,43.210,43.210,799825
2025-11-03 11:00:00,43.210,43.250,43.160,43.220,516012
2025-11-03 11:30:00,43.220,43.290,43.190,43.260,196500
2025-11-03 13:30:00,43.260,43.360,43.220,43.340,202886
2025-11-03 14:00:00,43.340,43.350,43.260,43.300,164510
2025-11-03 14:30:00,43.300,43.400,43.300,43.350,253750
2025-11-03 15:00:00,43.350,43.360,43.280,43.300,373298
2025-11-04 10:00:00,43.300,43.460,43.230,43.350,580853
2025-11-04 10:30:00,43.350,43.390,43.300,43.390,218104
2025-11-04 11:00:00,43.390,43.430,43.300,43.340,195080
2025-11-04 11:30:00,43.350,43.370,43.280,43.300,192108
2025-11-04 13:30:00,43.300,43.310,43.190,43.220,293460
2025-11-04 14:00:00,43.220,43.250,43.090,43.210,620180
2025-11-04 14:30:00,43.210,43.230,42.910,42.930,908420
2025-11-04 15:00:00,42.930,42.970,42.860,42.940,860704
2025-11-05 10:00:00,42.740,42.920,42.530,42.900,960355
2025-11-05 10:30:00,42.910,43.100,42.880,43.030,496788
2025-11-05 11:00:00,43.030,43.270,43.020,43.110,487100
2025-11-05 11:30:00,43.120,43.220,43.110,43.190,202489
2025-11-05 13:30:00,43.190,43.210,43.070,43.080,208000
2025-11-05 14:00:00,43.070,43.090,42.950,43.000,373073
2025-11-05 14:30:00,43.010,43.030,42.940,42.990,222854
2025-11-05 15:00:00,43.000,43.040,42.930,42.950,357788
2025-11-06 10:00:00,42.890,43.490,42.890,43.440,1554135
2025-11-06 10:30:00,43.430,43.550,43.380,43.500,678357
2025-11-06 11:00:00,43.500,43.610,43.470,43.500,673083
2025-11-06 11:30:00,43.530,43.590,43.490,43.540,450130
2025-11-06 13:30:00,43.540,43.680,43.450,43.520,648950
2025-11-06 14:00:00,43.520,43.590,43.490,43.570,330689
2025-11-06 14:30:00,43.570,43.760,43.560,43.690,551058
2025-11-06 15:00:00,43.690,43.790,43.670,43.750,655865
2025-11-07 10:00:00,43.600,44.130,43.550,44.100,1615091
2025-11-07 10:30:00,44.120,44.220,43.890,43.940,674960
2025-11-07 11:00:00,43.930,44.000,43.840,43.910,253500
2025-11-07 11:30:00,43.910,43.980,43.840,43.880,195195
2025-11-07 13:30:00,43.880,43.900,43.820,43.850,181781
2025-11-07 14:00:00,43.860,43.920,43.750,43.820,253998
2025-11-07 14:30:00,43.820,43.850,43.730,43.820,247293
2025-11-07 15:00:00,43.820,43.890,43.770,43.790,412040
2025-11-10 10:00:00,43.750,44.210,43.690,44.120,1014439
2025-11-10 10:30:00,44.130,44.300,44.050,44.250,749143
2025-11-10 11:00:00,44.250,44.380,44.200,44.320,564048
2025-11-10 11:30:00,44.320,44.620,44.240,44.550,655307
2025-11-10 13:30:00,44.540,44.600,44.390,44.430,334216
2025-11-10 14:00:00,44.430,44.480,44.300,44.300,229800
2025-11-10 14:30:00,44.320,44.520,44.300,44.480,283380
2025-11-10 15:00:00,44.490,44.500,44.420,44.480,378800
2025-11-11 10:00:00,44.480,44.500,44.050,44.100,798020
2025-11-11 10:30:00,44.100,44.170,44.030,44.160,408247
2025-11-11 11:00:00,44.140,44.150,44.000,44.030,388134
2025-11-11 11:30:00,44.030,44.150,43.930,44.140,441157
2025-11-11 13:30:00,44.140,44.160,44.030,44.030,270966
2025-11-11 14:00:00,44.030,44.170,44.030,44.090,133300
2025-11-11 14:30:00,44.090,44.220,44.080,44.180,148792
2025-11-11 15:00:00,44.180,44.190,44.040,44.130,416780
2025-11-12 10:00:00,44.130,44.370,44.010,44.190,565209
2025-11-12 10:30:00,44.190,44.240,43.910,44.040,471360
2025-11-12 11:00:00,44.040,44.130,43.990,44.010,271995
2025-11-12 11:30:00,44.000,44.030,43.870,43.910,369321
2025-11-12 13:30:00,43.900,44.000,43.760,43.820,385075
2025-11-12 14:00:00,43.820,43.910,43.750,43.840,409402
2025-11-12 14:30:00,43.850,43.990,43.800,43.980,217533
2025-11-12 15:00:00,43.990,44.000,43.800,43.800,340741
2025-11-13 10:00:00,43.860,44.130,43.800,44.110,631363
2025-11-13 10:30:00,44.120,44.120,43.880,43.890,336200
2025-11-13 11:00:00,43.890,44.000,43.860,44.000,184188
2025-11-13 11:30:00,44.000,44.070,43.940,44.060,171360
2025-11-13 13:30:00,44.070,44.120,44.010,44.090,265581
2025-11-13 14:00:00,44.100,44.220,44.030,44.130,373796
2025-11-13 14:30:00,44.140,44.230,44.100,44.220,384278
2025-11-13 15:00:00,44.220,44.240,44.180,44.240,438959
2025-11-14 10:00:00,44.230,44.580,44.030,44.380,986623
2025-11-14 10:30:00,44.380,44.410,44.300,44.360,325140
2025-11-14 11:00:00,44.360,44.420,44.330,44.340,224205
2025-11-14 11:30:00,44.340,44.370,44.280,44.280,193435
2025-11-14 13:30:00,44.290,44.300,44.170,44.190,252200
2025-11-14 14:00:00,44.190,44.230,44.080,44.090,312460
2025-11-14 14:30:00,44.090,44.110,43.930,43.980,559200
2025-11-14 15:00:00,44.000,44.000,43.850,43.880,564180
2025-11-17 10:00:00,43.740,43.870,43.390,43.390,1134156
2025-11-17 10:30:00,43.410,43.520,43.330,43.460,511892
2025-11-17 11:00:00,43.470,43.710,43.460,43.620,258030
2025-11-17 11:30:00,43.620,43.710,43.610,43.610,92870
2025-11-17 13:30:00,43.610,43.800,43.600,43.680,184202
2025-11-17 14:00:00,43.680,43.680,43.500,43.500,164800
2025-11-17 14:30:00,43.500,43.540,43.420,43.490,192140
2025-11-17 15:00:00,43.490,43.570,43.490,43.510,284740
2025-11-18 10:00:00,43.500,43.900,43.420,43.630,702801
2025-11-18 10:30:00,43.640,43.760,43.600,43.620,254640
2025-11-18 11:00:00,43.620,43.710,43.560,43.560,144206
2025-11-18 11:30:00,43.550,43.610,43.510,43.550,127700
2025-11-18 13:30:00,43.530,43.560,43.450,43.480,271360
2025-11-18 14:00:00,43.480,43.690,43.460,43.500,222640
2025-11-18 14:30:00,43.500,43.510,43.340,43.340,288000
2025-11-18 15:00:00,43.340,43.490,43.300,43.470,297144
2025-11-19 10:00:00,43.430,43.650,43.400,43.510,497929
2025-11-19 10:30:00,43.510,43.590,43.470,43.580,217360
2025-11-19 11:00:00,43.570,43.580,43.510,43.530,127600
2025-11-19 11:30:00,43.520,43.580,43.430,43.440,152700
2025-11-19 13:30:00,43.440,43.550,43.370,43.370,211362
2025-11-19 14:00:00,43.370,43.480,43.350,43.460,131020
2025-11-19 14:30:00,43.470,43.550,43.440,43.520,148820
2025-11-19 15:00:00,43.530,43.570,43.440,43.470,335387
2025-11-20 10:00:00,43.470,43.560,43.350,43.400,437875
2025-11-20 10:30:00,43.410,43.440,43.300,43.310,212640
2025-11-20 11:00:00,43.310,43.310,43.070,43.070,408604
2025-11-20 11:30:00,43.080,43.570,43.060,43.510,409620
2025-11-20 13:30:00,43.510,43.560,43.450,43.510,336423
2025-11-20 14:00:00,43.510,43.510,43.220,43.230,304477
2025-11-20 14:30:00,43.220,43.250,42.940,43.020,591440
2025-11-20 15:00:00,43.010,43.050,42.910,42.980,660074
2025-11-21 10:00:00,42.600,43.160,42.580,42.890,651518
2025-11-21 10:30:00,42.880,43.070,42.620,42.690,462629
2025-11-21 11:00:00,42.690,42.720,42.540,42.690,504740
2025-11-21 11:30:00,42.680,42.980,42.670,42.850,321081
2025-11-21 13:30:00,42.860,43.050,42.750,42.980,251960
2025-11-21 14:00:00,43.000,43.160,42.970,42.990,254833
2025-11-21 14:30:00,42.990,43.130,42.930,43.020,289300
2025-11-21 15:00:00,43.000,43.060,42.840,42.950,413621
2025-11-24 10:00:00,42.890,43.250,42.840,43.150,675890
2025-11-24 10:30:00,43.140,43.360,43.110,43.200,313740
2025-11-24 11:00:00,43.210,43.260,43.130,43.200,178485
2025-11-24 11:30:00,43.200,43.360,43.200,43.360,304917
2025-11-24 13:30:00,43.360,43.690,43.330,43.690,556235
2025-11-24 14:00:00,43.680,43.690,43.510,43.580,232278
2025-11-24 14:30:00,43.570,43.840,43.570,43.800,549303
2025-11-24 15:00:00,43.800,43.940,43.610,43.620,1859329
2025-11-25 10:00:00,43.640,43.980,43.350,43.410,876270
2025-11-25 10:30:00,43.430,43.460,43.350,43.410,437740
2025-11-25 11:00:00,43.420,43.420,43.280,43.310,444040
2025-11-25 11:30:00,43.310,43.360,43.250,43.340,289380
2025-11-25 13:30:00,43.340,43.350,43.120,43.140,524621
2025-11-25 14:00:00,43.140,43.190,43.120,43.160,246102
2025-11-25 14:30:00,43.170,43.180,43.030,43.070,445000
2025-11-25 15:00:00,43.070,43.160,43.000,43.030,732603
2025-11-26 10:00:00,43.020,43.220,42.770,43.200,560116
2025-11-26 10:30:00,43.210,43.220,43.040,43.050,227923
2025-11-26 11:00:00,43.050,43.090,42.890,42.970,201100
2025-11-26 11:30:00,42.950,42.950,42.770,42.790,347020
2025-11-26 13:30:00,42.800,42.820,42.720,42.810,268201
2025-11-26 14:00:00,42.820,42.880,42.770,42.880,144939
2025-11-26 14:30:00,42.880,42.930,42.840,42.870,191961
2025-11-26 15:00:00,42.880,42.910,42.800,42.850,318251
2025-11-27 10:00:00,42.840,42.870,42.720,42.790,272063
2025-11-27 10:30:00,42.790,42.920,42.730,42.910,221382
2025-11-27 11:00:00,42.910,42.950,42.830,42.870,242498
2025-11-27 11:30:00,42.870,42.990,42.870,42.900,171940
2025-11-27 13:30:00,42.900,42.930,42.840,42.870,127100
2025-11-27 14:00:00,42.870,42.890,42.780,42.830,238380
2025-11-27 14:30:00,42.830,42.840,42.760,42.820,148020
2025-11-27 15:00:00,42.820,42.820,42.730,42.750,302649
2025-11-28 10:00:00,42.750,42.850,42.550,42.560,507160
2025-11-28 10:30:00,42.550,42.710,42.540,42.600,324453
2025-11-28 11:00:00,42.610,42.670,42.530,42.670,251047
2025-11-28 11:30:00,42.660,42.710,42.640,42.690,66460
2025-11-28 13:30:00,42.690,42.710,42.580,42.640,194940
2025-11-28 14:00:00,42.630,42.710,42.600,42.700,102300
2025-11-28 14:30:00,42.700,42.790,42.700,42.770,180683
2025-11-28 15:00:00,42.780,42.860,42.750,42.850,295706
2025-12-01 10:00:00,42.850,43.120,42.850,42.970,534312
2025-12-01 10:30:00,42.980,43.200,42.940,43.160,464882
2025-12-01 11:00:00,43.160,43.310,43.090,43.250,438554
2025-12-01 11:30:00,43.250,43.320,43.200,43.260,196906
2025-12-01 13:30:00,43.260,43.270,43.150,43.160,131197
2025-12-01 14:00:00,43.160,43.200,43.130,43.170,164170
2025-12-01 14:30:00,43.180,43.290,43.170,43.240,234650
2025-12-01 15:00:00,43.250,43.320,43.240,43.320,394864
2025-12-02 10:00:00,43.180,43.380,42.920,42.950,798200
2025-12-02 10:30:00,42.950,43.370,42.920,43.360,588120
2025-12-02 11:00:00,43.340,43.380,43.110,43.220,162086
2025-12-02 11:30:00,43.220,43.260,43.170,43.220,171227
2025-12-02 13:30:00,43.220,43.330,43.190,43.200,137153
2025-12-02 14:00:00,43.200,43.270,43.170,43.200,137260
2025-12-02 14:30:00,43.210,43.220,43.170,43.200,157249
2025-12-02 15:00:00,43.210,43.380,43.180,43.320,703952
2025-12-03 10:00:00,43.220,43.480,43.220,43.330,473052
2025-12-03 10:30:00,43.340,43.580,43.340,43.480,602825
2025-12-03 11:00:00,43.480,43.780,43.430,43.750,675762
2025-12-03 11:30:00,43.730,43.750,43.530,43.570,169900
2025-12-03 13:30:00,43.560,43.570,43.440,43.520,239400
2025-12-03 14:00:00,43.520,43.520,43.470,43.490,136540
2025-12-03 14:30:00,43.480,43.520,43.350,43.390,235360
2025-12-03 15:00:00,43.390,43.490,43.390,43.460,257872
2025-12-04 10:00:00,43.560,43.560,43.100,43.100,549640
2025-12-04 10:30:00,43.100,43.140,42.910,43.040,452140
2025-12-04 11:00:00,43.040,43.190,43.020,43.090,217885
2025-12-04 11:30:00,43.090,43.170,43.070,43.150,113405
2025-12-04 13:30:00,43.150,43.150,42.930,42.980,229240
2025-12-04 14:00:00,42.980,43.000,42.800,42.810,622898
2025-12-04 14:30:00,42.820,42.970,42.800,42.900,177981
2025-12-04 15:00:00,42.930,43.070,42.910,43.070,284609
2025-12-05 10:00:00,43.000,43.100,42.780,42.810,511429
2025-12-05 10:30:00,42.840,42.870,42.790,42.850,231020
2025-12-05 11:00:00,42.850,42.870,42.790,42.790,298900
2025-12-05 11:30:00,42.790,42.800,42.730,42.780,431480
2025-12-05 13:30:00,42.790,42.800,42.740,42.750,182972
2025-12-05 14:00:00,42.760,42.960,42.750,42.910,314145
2025-12-05 14:30:00,42.930,42.970,42.900,42.960,197440
2025-12-05 15:00:00,42.960,42.960,42.870,42.920,429682
2025-12-08 10:00:00,42.920,43.120,42.820,42.920,799983
2025-12-08 10:30:00,42.920,42.990,42.860,42.900,333340
2025-12-08 11:00:00,42.920,42.970,42.850,42.870,266631
2025-12-08 11:30:00,42.890,42.970,42.870,42.940,167189
2025-12-08 13:30:00,42.930,42.950,42.880,42.930,169660
2025-12-08 14:00:00,42.920,42.940,42.860,42.890,271896
2025-12-08 14:30:00,42.910,42.930,42.750,42.770,686918
2025-12-08 15:00:00,42.760,42.890,42.740,42.800,630324
2025-12-09 10:00:00,42.750,42.870,42.530,42.560,1130263
2025-12-09 10:30:00,42.560,42.560,42.180,42.190,1130937
2025-12-09 11:00:00,42.190,42.300,42.150,42.290,831820
2025-12-09 11:30:00,42.300,42.330,42.160,42.180,379887
2025-12-09 13:30:00,42.190,42.190,41.890,41.920,1341033
2025-12-09 14:00:00,41.920,41.920,41.810,41.820,753976
2025-12-09 14:30:00,41.820,41.840,41.660,41.710,877981
2025-12-09 15:00:00,41.720,41.840,41.650,41.840,815182
2025-12-10 10:00:00,41.800,42.070,41.500,41.970,738960
2025-12-10 10:30:00,41.970,42.170,41.890,41.990,505372
2025-12-10 11:00:00,42.000,42.030,41.910,41.940,209995
2025-12-10 11:30:00,41.940,42.040,41.920,42.030,154426
2025-12-10 13:30:00,42.020,42.170,42.010,42.170,433830
2025-12-10 14:00:00,42.170,42.350,42.140,42.330,594542
2025-12-10 14:30:00,42.330,42.420,42.300,42.400,364901
2025-12-10 15:00:00,42.390,42.420,42.370,42.400,414180
2025-12-11 10:00:00,42.450,42.620,42.250,42.470,596863
2025-12-11 10:30:00,42.480,42.660,42.480,42.630,373931
2025-12-11 11:00:00,42.630,42.760,42.520,42.720,446718
2025-12-11 11:30:00,42.720,42.770,42.700,42.760,305082
2025-12-11 13:30:00,42.770,42.770,42.440,42.510,393918
2025-12-11 14:00:00,42.510,42.550,42.420,42.500,286479
2025-12-11 14:30:00,42.510,42.580,42.410,42.500,231795
2025-12-11 15:00:00,42.510,42.560,42.470,42.500,352272
2025-12-12 10:00:00,42.490,42.760,42.210,42.600,643235
2025-12-12 10:30:00,42.570,42.680,42.500,42.630,305791
2025-12-12 11:00:00,42.620,42.870,42.620,42.750,605622
2025-12-12 11:30:00,42.750,42.980,42.660,42.970,529100
2025-12-12 13:30:00,42.960,43.000,42.800,42.900,411798
2025-12-12 14:00:00,42.900,43.060,42.880,43.010,512409
2025-12-12 14:30:00,43.010,43.050,42.950,43.010,389184
2025-12-12 15:00:00,43.000,43.010,42.850,42.910,449359
2025-12-15 10:00:00,42.850,43.150,42.700,43.030,640977
2025-12-15 10:30:00,43.030,43.100,42.880,43.060,359320
2025-12-15 11:00:00,43.060,43.100,42.970,43.010,229261
2025-12-15 11:30:00,43.010,43.160,42.970,43.080,333963
2025-12-15 13:30:00,43.030,43.150,43.030,43.090,176660
2025-12-15 14:00:00,43.100,43.130,43.030,43.090,192206
2025-12-15 14:30:00,43.090,43.110,43.030,43.100,194194
2025-12-15 15:00:00,43.100,43.110,42.980,43.060,477341
2025-12-16 10:00:00,43.000,43.060,42.840,42.840,376100
2025-12-16 10:30:00,42.840,42.920,42.770,42.850,352218
2025-12-16 11:00:00,42.850,42.880,42.750,42.780,231700
2025-12-16 11:30:00,42.770,42.850,42.740,42.770,212998
2025-12-16 13:30:00,42.770,42.770,42.530,42.580,352589
2025-12-16 14:00:00,42.580,42.700,42.570,42.620,225636
2025-12-16 14:30:00,42.610,42.670,42.530,42.620,255400
2025-12-16 15:00:00,42.640,42.740,42.600,42.600,254500
2025-12-17 10:00:00,42.600,42.730,42.170,42.290,714251
2025-12-17 10:30:00,42.300,42.530,42.290,42.400,318240
2025-12-17 11:00:00,42.400,42.430,42.300,42.390,200520
2025-12-17 11:30:00,42.400,42.620,42.370,42.550,232555
2025-12-17 13:30:00,42.500,42.540,42.330,42.370,154940
2025-12-17 14:00:00,42.370,42.620,42.360,42.620,239110
2025-12-17 14:30:00,42.610,42.740,42.610,42.650,227100
2025-12-17 15:00:00,42.640,42.690,42.580,42.630,262642
2025-12-18 10:00:00,42.450,42.760,42.450,42.500,353220
2025-12-18 10:30:00,42.500,42.640,42.450,42.580,156420
2025-12-18 11:00:00,42.570,42.590,42.500,42.570,122240
2025-12-18 11:30:00,42.560,42.620,42.550,42.610,60900
2025-12-18 13:30:00,42.610,42.620,42.500,42.520,111680
2025-12-18 14:00:00,42.520,42.560,42.450,42.500,145740
2025-12-18 14:30:00,42.480,42.510,42.410,42.420,185900
2025-12-18 15:00:00,42.430,42.450,42.400,42.430,314482
2025-12-19 10:00:00,42.540,42.550,42.260,42.290,477921
2025-12-19 10:30:00,42.280,42.440,42.260,42.370,265100
2025-12-19 11:00:00,42.380,42.380,42.290,42.340,195500
2025-12-19 11:30:00,42.340,42.390,42.290,42.380,204300
2025-12-19 13:30:00,42.380,42.430,42.330,42.410,232060
2025-12-19 14:00:00,42.410,42.430,42.340,42.340,199693
2025-12-19 14:30:00,42.340,42.400,42.300,42.350,279028
2025-12-19 15:00:00,42.340,42.430,42.330,42.430,473303
2025-12-22 10:00:00,42.400,42.480,42.250,42.310,490108
2025-12-22 10:30:00,42.310,42.350,42.280,42.300,218029
2025-12-22 11:00:00,42.310,42.330,42.250,42.290,204810
2025-12-22 11:30:00,42.280,42.290,42.200,42.210,428400
2025-12-22 13:30:00,42.210,42.220,42.100,42.130,370323
2025-12-22 14:00:00,42.130,42.190,42.120,42.140,222588
2025-12-22 14:30:00,42.130,42.140,42.040,42.050,490380
2025-12-22 15:00:00,42.050,42.100,42.030,42.080,546799
2025-12-23 10:00:00,42.100,42.120,41.810,41.820,705865
2025-12-23 10:30:00,41.820,41.880,41.800,41.840,478981
2025-12-23 11:00:00,41.840,41.880,41.820,41.840,198203
2025-12-23 11:30:00,41.840,41.900,41.800,41.870,204420
2025-12-23 13:30:00,41.870,41.870,41.810,41.830,251409
2025-12-23 14:00:00,41.820,41.830,41.800,41.800,210893
2025-12-23 14:30:00,41.800,41.810,41.710,41.730,327515
2025-12-23 15:00:00,41.720,41.810,41.720,41.810,406822
2025-12-24 10:00:00,41.700,41.810,41.610,41.630,479223
2025-12-24 10:30:00,41.630,41.700,41.600,41.640,304710
2025-12-24 11:00:00,41.640,41.680,41.600,41.620,255820
2025-12-24 11:30:00,41.630,41.700,41.630,41.680,122411
2025-12-24 13:30:00,41.680,41.930,41.650,41.860,327335
2025-12-24 14:00:00,41.870,41.890,41.770,41.790,155180
2025-12-24 14:30:00,41.800,41.800,41.770,41.770,126538
2025-12-24 15:00:00,41.780,41.890,41.770,41.880,241874
2025-12-25 10:00:00,41.850,41.890,41.640,41.710,547996
2025-12-25 10:30:00,41.710,41.770,41.600,41.730,283302
2025-12-25 11:00:00,41.710,41.790,41.710,41.770,106624
2025-12-25 11:30:00,41.770,41.790,41.720,41.720,116140
2025-12-25 13:30:00,41.720,41.810,41.700,41.800,132226
2025-12-25 14:00:00,41.790,41.880,41.770,41.820,132707
2025-12-25 14:30:00,41.840,41.880,41.810,41.850,114000
2025-12-25 15:00:00,41.840,41.860,41.830,41.850,215628
2025-12-26 10:00:00,41.850,41.880,41.710,41.850,311082
2025-12-26 10:30:00,41.840,41.850,41.790,41.830,143796
2025-12-26 11:00:00,41.820,41.880,41.810,41.870,115821
2025-12-26 11:30:00,41.880,41.910,41.610,41.680,534860
2025-12-26 13:30:00,41.690,41.750,41.590,41.690,365079
2025-12-26 14:00:00,41.690,41.850,41.650,41.760,370869
2025-12-26 14:30:00,41.760,41.780,41.670,41.710,135760
2025-12-26 15:00:00,41.710,41.750,41.690,41.740,242763
2025-12-29 10:00:00,41.650,41.700,41.490,41.610,629585
2025-12-29 10:30:00,41.610,41.730,41.590,41.680,315525
2025-12-29 11:00:00,41.680,41.700,41.520,41.540,420904
2025-12-29 11:30:00,41.530,41.570,41.190,41.250,1000113
2025-12-29 13:30:00,41.290,41.310,40.960,41.000,1106241
2025-12-29 14:00:00,41.000,41.120,40.990,41.110,426599
2025-12-29 14:30:00,41.100,41.110,41.010,41.060,245941
2025-12-29 15:00:00,41.060,41.110,41.010,41.100,394183
2025-12-30 10:00:00,41.000,41.050,40.840,40.910,883162
2025-12-30 10:30:00,40.910,40.940,40.840,40.890,304472
2025-12-30 11:00:00,40.890,40.960,40.860,40.930,192660
2025-12-30 11:30:00,40.930,41.000,40.880,40.950,238382
2025-12-30 13:30:00,40.950,41.010,40.880,40.930,323462
2025-12-30 14:00:00,40.910,40.930,40.820,40.820,396097
2025-12-30 14:30:00,40.830,40.900,40.800,40.830,266740
2025-12-30 15:00:00,40.840,40.920,40.820,40.910,309873
2025-12-31 10:00:00,40.880,41.040,40.850,40.900,360516
2025-12-31 10:30:00,40.900,40.910,40.800,40.870,315318
2025-12-31 11:00:00,40.880,40.900,40.820,40.840,136101
2025-12-31 11:30:00,40.830,40.870,40.820,40.850,126835
2025-12-31 13:30:00,40.870,40.870,40.820,40.850,232448
2025-12-31 14:00:00,40.850,40.850,40.820,40.840,139680
2025-12-31 14:30:00,40.830,40.900,40.830,40.890,123127
2025-12-31 15:00:00,40.890,40.900,40.800,40.830,345599
2026-01-05 10:00:00,40.850,41.200,40.850,41.110,653022
2026-01-05 10:30:00,41.110,41.160,41.100,41.150,265970
2026-01-05 11:00:00,41.150,41.270,41.140,41.210,317090
2026-01-05 11:30:00,41.190,41.230,41.130,41.180,140180
2026-01-05 13:30:00,41.200,41.220,41.140,41.160,221679
2026-01-05 14:00:00,41.160,41.250,41.130,41.240,264264
2026-01-05 14:30:00,41.240,41.240,41.190,41.200,221848
2026-01-05 15:00:00,41.190,41.250,41.190,41.240,370995
2026-01-06 10:00:00,41.300,41.330,41.180,41.290,585834
2026-01-06 10:30:00,41.280,41.320,41.260,41.280,286040
2026-01-06 11:00:00,41.280,41.280,41.160,41.250,501463
2026-01-06 11:30:00,41.250,41.320,41.240,41.320,255371
2026-01-06 13:30:00,41.320,41.330,41.260,41.270,153282
2026-01-06 14:00:00,41.270,41.290,41.230,41.260,265027
2026-01-06 14:30:00,41.270,41.390,41.260,41.380,417770
2026-01-06 15:00:00,41.390,41.420,41.360,41.390,369677
2026-01-07 10:00:00,41.400,41.430,41.260,41.330,535668
2026-01-07 10:30:00,41.310,41.330,41.200,41.260,465265
2026-01-07 11:00:00,41.270,41.330,41.230,41.300,244214
2026-01-07 11:30:00,41.290,41.300,41.220,41.300,253031
2026-01-07 13:30:00,41.300,41.300,41.230,41.240,229208
2026-01-07 14:00:00,41.230,41.270,41.210,41.230,191789
2026-01-07 14:30:00,41.240,41.260,41.220,41.240,116580
2026-01-07 15:00:00,41.240,41.260,41.200,41.230,334700
2026-01-08 10:00:00,41.230,41.290,41.080,41.240,430227
2026-01-08 10:30:00,41.240,41.260,41.180,41.230,250287
2026-01-08 11:00:00,41.230,41.260,41.170,41.230,299503
2026-01-08 11:30:00,41.230,41.290,41.230,41.280,257942
2026-01-08 13:30:00,41.280,41.340,41.250,41.260,207846
2026-01-08 14:00:00,41.270,41.310,41.200,41.290,523125
2026-01-08 14:30:00,41.300,41.300,41.200,41.210,313593
2026-01-08 15:00:00,41.220,41.300,41.200,41.280,313339
2026-01-09 10:00:00,41.250,41.430,41.230,41.390,835293
2026-01-09 10:30:00,41.380,41.420,41.350,41.380,460721
2026-01-09 11:00:00,41.380,41.490,41.370,41.470,386045
2026-01-09 11:30:00,41.470,41.480,41.330,41.350,311142
2026-01-09 13:30:00,41.360,41.370,41.300,41.350,217008
2026-01-09 14:00:00,41.350,41.550,41.340,41.430,269248
2026-01-09 14:30:00,41.420,41.460,41.420,41.440,159710
2026-01-09 15:00:00,41.440,41.590,41.400,41.550,615787
2026-01-12 10:00:00,41.610,41.640,41.430,41.540,624307
2026-01-12 10:30:00,41.550,41.620,41.490,41.540,440245
2026-01-12 11:00:00,41.540,41.570,41.510,41.520,225394
2026-01-12 11:30:00,41.520,41.630,41.480,41.630,445535
2026-01-12 13:30:00,41.630,41.760,41.610,41.650,516164
2026-01-12 14:00:00,41.650,41.670,41.620,41.650,242360
2026-01-12 14:30:00,41.650,41.700,41.640,41.690,311571
2026-01-12 15:00:00,41.700,41.710,41.670,41.700,499123
2026-01-13 10:00:00,41.880,41.880,41.560,41.820,1282222
2026-01-13 10:30:00,41.810,41.930,41.770,41.780,732721
2026-01-13 11:00:00,41.780,41.840,41.710,41.770,261840
2026-01-13 11:30:00,41.780,41.800,41.740,41.760,146801
2026-01-13 13:30:00,41.770,41.820,41.630,41.680,335003
2026-01-13 14:00:00,41.690,41.770,41.600,41.760,248843
2026-01-13 14:30:00,41.760,42.130,41.680,42.030,1220780
2026-01-13 15:00:00,42.040,42.090,41.910,42.050,892121
2026-01-14 10:00:00,42.000,42.230,41.790,42.130,915197
2026-01-14 10:30:00,42.120,42.190,42.050,42.110,426380
2026-01-14 11:00:00,42.120,42.120,41.950,41.990,379182
2026-01-14 11:30:00,42.000,42.070,41.990,42.030,264741
2026-01-14 13:30:00,42.040,42.060,41.650,41.720,995433
2026-01-14 14:00:00,41.710,41.780,41.600,41.600,503480
2026-01-14 14:30:00,41.600,41.740,41.540,41.710,390541
2026-01-14 15:00:00,41.700,41.750,41.590,41.730,393380
2026-01-15 10:00:00,41.950,41.990,41.740,41.940,882261
2026-01-15 10:30:00,41.910,41.910,41.670,41.700,312416
2026-01-15 11:00:00,41.680,41.780,41.680,41.730,156440
2026-01-15 11:30:00,41.730,41.790,41.690,41.700,168340
2026-01-15 13:30:00,41.700,41.730,41.630,41.710,199785
2026-01-15 14:00:00,41.700,41.700,41.600,41.670,372259
2026-01-15 14:30:00,41.680,41.680,41.600,41.620,129900
2026-01-15 15:00:00,41.630,41.650,41.600,41.650,433692
2026-01-16 10:00:00,41.700,41.780,41.580,41.580,532405
2026-01-16 10:30:00,41.580,41.590,41.420,41.540,504315
2026-01-16 11:00:00,41.540,41.580,41.530,41.540,190206
2026-01-16 11:30:00,41.550,41.650,41.540,41.540,119162
2026-01-16 13:30:00,41.540,41.580,41.530,41.570,205989
2026-01-16 14:00:00,41.560,41.600,41.530,41.550,228119
2026-01-16 14:30:00,41.540,41.570,41.500,41.500,310757
2026-01-16 15:00:00,41.510,41.510,41.360,41.410,698137
2026-01-19 10:00:00,41.470,41.710,41.410,41.710,567841
2026-01-19 10:30:00,41.710,41.880,41.670,41.730,466901
2026-01-19 11:00:00,41.730,41.840,41.600,41.760,314184
2026-01-19 11:30:00,41.800,41.850,41.700,41.780,467212
2026-01-19 13:30:00,41.790,41.920,41.780,41.890,388098
2026-01-19 14:00:00,41.890,41.980,41.710,41.740,324798
2026-01-19 14:30:00,41.740,41.800,41.680,41.700,285723
2026-01-19 15:00:00,41.700,41.920,41.700,41.910,556321
2026-01-20 10:00:00,41.820,42.190,41.760,42.010,1131732
2026-01-20 10:30:00,42.030,42.080,41.900,41.950,513242
2026-01-20 11:00:00,41.960,42.020,41.930,42.020,265120
2026-01-20 11:30:00,42.020,42.070,41.980,42.000,272581
2026-01-20 13:30:00,42.010,42.080,41.980,42.050,190639
2026-01-20 14:00:00,42.050,42.100,42.020,42.060,211228
2026-01-20 14:30:00,42.060,42.160,42.060,42.150,405181
2026-01-20 15:00:00,42.150,42.190,42.110,42.190,704354
2026-01-21 10:00:00,42.240,42.320,41.990,42.040,911926
2026-01-21 10:30:00,42.040,42.120,42.010,42.090,309064
2026-01-21 11:00:00,42.090,42.090,42.010,42.030,218233
2026-01-21 11:30:00,42.010,42.100,42.000,42.020,178154
2026-01-21 13:30:00,42.020,42.100,42.020,42.050,159100
2026-01-21 14:00:00,42.050,42.100,42.040,42.080,148945
2026-01-21 14:30:00,42.060,42.070,41.810,41.840,628200
2026-01-21 15:00:00,41.870,41.940,41.760,41.860,681494
2026-01-22 10:00:00,41.960,42.180,41.900,41.970,588761
2026-01-22 10:30:00,41.980,42.020,41.800,41.830,837480
2026-01-22 11:00:00,41.840,42.000,41.830,41.990,220000
2026-01-22 11:30:00,41.990,42.080,41.920,42.010,234229
2026-01-22 13:30:00,41.990,42.050,41.940,41.950,172702
2026-01-22 14:00:00,41.950,42.030,41.930,42.000,180813
2026-01-22 14:30:00,41.980,42.060,41.980,42.060,181084
2026-01-22 15:00:00,42.060,42.140,41.930,42.140,716306
2026-01-23 10:00:00,42.120,42.440,42.060,42.300,1104003
2026-01-23 10:30:00,42.300,42.320,42.120,42.140,452400
2026-01-23 11:00:00,42.140,42.300,42.070,42.260,415921
2026-01-23 11:30:00,42.260,42.370,42.240,42.350,437205
2026-01-23 13:30:00,42.330,42.430,42.320,42.370,375584
2026-01-23 14:00:00,42.390,42.440,42.360,42.410,277800
2026-01-23 14:30:00,42.410,42.420,42.280,42.360,289537
2026-01-23 15:00:00,42.310,42.350,42.200,42.340,707832
2026-01-26 10:00:00,42.410,42.470,41.880,41.910,972256
2026-01-26 10:30:00,41.940,42.270,41.890,42.220,456261
2026-01-26 11:00:00,42.220,42.340,42.080,42.100,366906
2026-01-26 11:30:00,42.100,42.190,42.010,42.160,247000
2026-01-26 13:30:00,42.160,42.250,42.050,42.250,275815
2026-01-26 14:00:00,42.220,42.580,42.150,42.370,1057952
2026-01-26 14:30:00,42.370,42.480,42.370,42.400,541084
2026-01-26 15:00:00,42.400,42.470,42.300,42.410,800230
2026-01-27 10:00:00,42.450,42.500,41.930,41.930,876723
2026-01-27 10:30:00,41.950,42.060,41.920,41.960,405058
2026-01-27 11:00:00,41.930,41.990,41.850,41.930,281303
2026-01-27 11:30:00,41.940,42.000,41.860,41.870,336697
2026-01-27 13:30:00,41.860,42.020,41.810,42.010,253997
2026-01-27 14:00:00,42.010,42.050,41.930,41.990,168580
2026-01-27 14:30:00,41.990,42.020,41.780,41.810,462449
2026-01-27 15:00:00,41.800,41.850,41.700,41.710,585385
2026-01-28 10:00:00,41.640,41.710,41.090,41.370,1539072
2026-01-28 10:30:00,41.370,41.480,41.300,41.380,395540
2026-01-28 11:00:00,41.380,41.580,41.210,41.250,364464
2026-01-28 11:30:00,41.250,41.380,41.180,41.320,473103
2026-01-28 13:30:00,41.330,41.400,41.170,41.300,577038
2026-01-28 14:00:00,41.300,41.570,41.280,41.500,251827
2026-01-28 14:30:00,41.510,41.570,41.410,41.470,222120
2026-01-28 15:00:00,41.490,41.500,41.160,41.300,810665
2026-01-29 10:00:00,41.330,41.360,41.080,41.330,515820
2026-01-29 10:30:00,41.320,41.830,41.310,41.810,663227
2026-01-29 11:00:00,41.820,42.400,41.780,42.310,1808063
2026-01-29 11:30:00,42.330,42.400,42.160,42.290,759391
2026-01-29 13:30:00,42.290,42.680,42.260,42.640,1575140
2026-01-29 14:00:00,42.640,43.080,42.630,42.910,1388022
2026-01-29 14:30:00,42.910,44.310,42.910,43.590,3358981
2026-01-29 15:00:00,43.590,43.760,43.430,43.550,1376203
2026-01-30 10:00:00,43.540,43.540,42.800,42.890,1285245
2026-01-30 10:30:00,42.890,43.100,42.770,42.850,758423
2026-01-30 11:00:00,42.850,43.080,42.700,43.070,700644
2026-01-30 11:30:00,43.070,43.160,42.680,42.750,824401
2026-01-30 13:30:00,42.750,42.980,42.740,42.800,292600
2026-01-30 14:00:00,42.800,42.840,42.560,42.560,593604
2026-01-30 14:30:00,42.560,42.600,42.400,42.480,564920
2026-01-30 15:00:00,42.480,42.650,41.780,41.780,1228648
2026-02-02 10:00:00,42.000,43.430,41.950,43.010,2383205
2026-02-02 10:30:00,42.950,43.080,42.810,42.940,666540
2026-02-02 11:00:00,42.940,43.000,42.800,42.800,342640
2026-02-02 11:30:00,42.800,42.850,42.640,42.770,353360
2026-02-02 13:30:00,42.740,42.770,42.560,42.600,525307
2026-02-02 14:00:00,42.600,42.600,42.350,42.540,428624
2026-02-02 14:30:00,42.530,42.640,42.400,42.400,298240
2026-02-02 15:00:00,42.400,42.590,42.300,42.490,773249
2026-02-03 10:00:00,42.420,43.120,42.370,42.590,1150463
2026-02-03 10:30:00,42.590,42.880,42.480,42.790,497902
2026-02-03 11:00:00,42.770,43.100,42.700,43.080,744108
2026-02-03 11:30:00,43.090,43.130,42.920,43.080,459200
2026-02-03 13:30:00,43.090,43.350,43.050,43.300,624083
2026-02-03 14:00:00,43.300,43.380,43.140,43.140,425020
2026-02-03 14:30:00,43.140,43.260,43.110,43.140,325300
2026-02-03 15:00:00,43.140,43.290,43.140,43.170,521942
2026-02-04 10:00:00,43.010,43.450,43.000,43.410,754024
2026-02-04 10:30:00,43.430,43.700,43.360,43.620,810959
2026-02-04 11:00:00,43.620,43.650,43.420,43.490,504322
2026-02-04 11:30:00,43.490,43.630,43.440,43.580,460893
2026-02-04 13:30:00,43.580,43.640,43.470,43.600,301376
2026-02-04 14:00:00,43.590,43.880,43.560,43.880,691169
2026-02-04 14:30:00,43.880,43.980,43.800,43.850,741903
2026-02-04 15:00:00,43.850,43.970,43.810,43.840,881602
2026-02-05 10:00:00,43.730,44.410,43.650,43.740,1584424
2026-02-05 10:30:00,43.770,44.240,43.690,44.140,779175
2026-02-05 11:00:00,44.150,44.180,43.810,43.880,365523
2026-02-05 11:30:00,43.880,44.000,43.830,43.920,205880
2026-02-05 13:30:00,43.900,44.020,43.810,44.010,275285
2026-02-05 14:00:00,44.010,44.120,43.980,44.000,202200
2026-02-05 14:30:00,44.000,44.090,43.980,44.050,340400
2026-02-05 15:00:00,44.050,44.080,43.890,43.890,367538
2026-02-06 10:00:00,43.650,43.840,43.310,43.640,943454
2026-02-06 10:30:00,43.640,43.660,43.480,43.610,370121
2026-02-06 11:00:00,43.600,43.650,43.530,43.530,226278
2026-02-06 11:30:00,43.550,43.630,43.470,43.600,289003
2026-02-06 13:30:00,43.600,43.800,43.490,43.510,447201
2026-02-06 14:00:00,43.510,43.800,43.500,43.780,595257
2026-02-06 14:30:00,43.780,43.940,43.750,43.910,523341
2026-02-06 15:00:00,43.850,43.930,43.780,43.800,458400
2026-02-09 10:00:00,43.980,44.000,43.620,43.750,854014
2026-02-09 10:30:00,43.700,43.800,43.500,43.530,692953
2026-02-09 11:00:00,43.530,43.600,43.380,43.490,438190
2026-02-09 11:30:00,43.470,43.520,43.400,43.440,239221
2026-02-09 13:30:00,43.450,43.460,43.280,43.320,442247
2026-02-09 14:00:00,43.310,43.320,43.290,43.290,231967
2026-02-09 14:30:00,43.290,43.310,43.240,43.250,426613
2026-02-09 15:00:00,43.250,43.360,43.180,43.260,832100
2026-02-10 10:00:00,43.430,43.450,43.190,43.260,430096
2026-02-10 10:30:00,43.260,43.380,43.130,43.170,266182
2026-02-10 11:00:00,43.190,43.190,43.110,43.180,144420
2026-02-10 11:30:00,43.170,43.240,43.170,43.220,136880
2026-02-10 13:30:00,43.210,43.220,43.140,43.180,224321
2026-02-10 14:00:00,43.170,43.220,43.110,43.120,146382
2026-02-10 14:30:00,43.110,43.180,43.080,43.150,220665
2026-02-10 15:00:00,43.160,43.290,43.140,43.260,363876
2026-02-11 10:00:00,43.130,43.660,43.000,43.280,578461
2026-02-11 10:30:00,43.270,43.320,43.170,43.210,198212
2026-02-11 11:00:00,43.220,43.270,43.140,43.160,163488
2026-02-11 11:30:00,43.170,43.290,43.170,43.170,183240
2026-02-11 13:30:00,43.210,43.240,43.150,43.160,174866
2026-02-11 14:00:00,43.160,43.180,43.060,43.090,253503
2026-02-11 14:30:00,43.110,43.230,43.050,43.180,385453
2026-02-11 15:00:00,43.180,43.220,43.060,43.120,665941
2026-02-12 10:00:00,43.120,43.230,42.700,42.780,706079
2026-02-12 10:30:00,42.780,42.990,42.750,42.860,251664
2026-02-12 11:00:00,42.860,42.890,42.730,42.820,208841
2026-02-12 11:30:00,42.820,42.880,42.770,42.860,165840
2026-02-12 13:30:00,42.880,42.880,42.710,42.760,219760
2026-02-12 14:00:00,42.760,42.870,42.750,42.840,151846
2026-02-12 14:30:00,42.840,42.870,42.780,42.870,311739
2026-02-12 15:00:00,42.870,42.880,42.780,42.850,475863
2026-02-13 10:00:00,42.900,43.130,42.720,43.080,418436
2026-02-13 10:30:00,43.080,43.240,43.050,43.130,334100
2026-02-13 11:00:00,43.120,43.180,43.080,43.140,105300
2026-02-13 11:30:00,43.140,43.160,43.000,43.010,153500
2026-02-13 13:30:00,43.010,43.150,43.010,43.060,131566
2026-02-13 14:00:00,43.060,43.140,43.000,43.010,151085
2026-02-13 14:30:00,43.020,43.070,42.940,42.960,210000
2026-02-13 15:00:00,42.970,43.050,42.760,42.770,449652
2026-02-24 10:00:00,43.190,43.200,42.730,42.810,780968
2026-02-24 10:30:00,42.810,42.820,42.700,42.780,276200
2026-02-24 11:00:00,42.780,42.840,42.760,42.770,159421
2026-02-24 11:30:00,42.770,42.940,42.720,42.900,242160
2026-02-24 13:30:00,42.880,43.130,42.870,43.130,226480
2026-02-24 14:00:00,43.130,43.160,43.010,43.080,154200
2026-02-24 14:30:00,43.080,43.300,43.050,43.240,392842
2026-02-24 15:00:00,43.240,43.490,43.220,43.490,710804
2026-02-25 10:00:00,43.480,43.740,43.250,43.710,668160
2026-02-25 10:30:00,43.700,43.890,43.680,43.800,403020
2026-02-25 11:00:00,43.810,44.250,43.800,44.230,983012
2026-02-25 11:30:00,44.230,44.300,44.060,44.080,687563
2026-02-25 13:30:00,44.070,44.180,44.050,44.160,437258
2026-02-25 14:00:00,44.160,44.210,43.950,43.950,396007
2026-02-25 14:30:00,43.950,43.960,43.820,43.830,299485
2026-02-25 15:00:00,43.830,43.970,43.830,43.970,506243
2026-02-26 10:00:00,43.930,43.950,43.210,43.270,1005340
2026-02-26 10:30:00,43.280,43.350,43.190,43.210,400160
2026-02-26 11:00:00,43.220,43.490,43.190,43.400,354937
2026-02-26 11:30:00,43.400,43.490,43.380,43.490,134344
2026-02-26 13:30:00,43.500,43.620,43.370,43.370,163836
2026-02-26 14:00:00,43.370,43.370,43.280,43.290,157220
2026-02-26 14:30:00,43.290,44.190,43.230,44.090,632730
2026-02-26 15:00:00,44.080,44.380,43.930,44.090,1584019
2026-02-27 10:00:00,44.040,44.040,43.520,43.930,582100
2026-02-27 10:30:00,43.880,43.930,43.700,43.750,192899
2026-02-27 11:00:00,43.750,43.760,43.680,43.690,132800
2026-02-27 11:30:00,43.700,43.750,43.610,43.700,183484
2026-02-27 13:30:00,43.700,43.800,43.690,43.800,113440
2026-02-27 14:00:00,43.800,43.810,43.680,43.700,152886
2026-02-27 14:30:00,43.700,43.720,43.680,43.710,133938
2026-02-27 15:00:00,43.710,43.750,43.550,43.550,749034
2026-03-02 10:00:00,43.210,43.450,42.900,43.120,759025
2026-03-02 10:30:00,43.120,43.150,42.790,42.890,524623
2026-03-02 11:00:00,42.890,42.900,42.790,42.790,252240
2026-03-02 11:30:00,42.790,42.900,42.780,42.820,172759
2026-03-02 13:30:00,42.840,42.950,42.800,42.930,131807
2026-03-02 14:00:00,42.930,42.930,42.800,42.820,164861
2026-03-02 14:30:00,42.820,42.830,42.580,42.640,464480
2026-03-02 15:00:00,42.640,42.650,42.480,42.540,508807
2026-03-03 10:00:00,42.580,43.200,42.580,42.840,1517700
2026-03-03 10:30:00,42.840,42.850,42.540,42.750,804896
2026-03-03 11:00:00,42.760,43.080,42.760,43.060,402739
2026-03-03 11:30:00,43.070,43.180,42.750,42.770,392700
2026-03-03 13:30:00,42.760,43.000,42.710,42.770,242375
2026-03-03 14:00:00,42.770,42.810,42.530,42.600,336740
2026-03-03 14:30:00,42.600,42.700,42.400,42.680,434336
2026-03-03 15:00:00,42.680,43.000,42.510,43.000,495078
2026-03-04 10:00:00,42.400,42.700,42.050,42.330,986543
2026-03-04 10:30:00,42.310,42.490,42.230,42.450,357320
2026-03-04 11:00:00,42.410,42.450,42.060,42.160,445671
2026-03-04 11:30:00,42.130,42.200,41.850,41.910,617451
2026-03-04 13:30:00,41.910,42.330,41.900,42.130,386185
2026-03-04 14:00:00,42.130,42.230,42.090,42.180,183200
2026-03-04 14:30:00,42.160,42.330,42.110,42.290,170180
2026-03-04 15:00:00,42.260,42.410,42.220,42.260,332472
2026-03-05 10:00:00,42.590,43.070,42.520,42.850,790121
2026-03-05 10:30:00,42.820,42.940,42.770,42.780,197120
2026-03-05 11:00:00,42.770,42.880,42.760,42.880,93559
2026-03-05 11:30:00,42.890,42.990,42.860,42.960,175986
2026-03-05 13:30:00,42.940,42.990,42.830,42.930,211621
2026-03-05 14:00:00,42.930,43.050,42.850,42.870,288130
2026-03-05 14:30:00,42.890,42.940,42.800,42.840,212205
2026-03-05 15:00:00,42.830,42.960,42.780,42.880,370283
2026-03-06 10:00:00,42.750,43.060,42.700,42.950,352942
2026-03-06 10:30:00,42.950,42.990,42.880,42.950,112902
2026-03-06 11:00:00,42.960,43.050,42.960,42.980,125401
2026-03-06 11:30:00,42.980,42.980,42.820,42.900,134760
2026-03-06 13:30:00,42.900,43.000,42.860,42.990,138161
2026-03-06 14:00:00,42.990,43.140,42.990,43.100,332722
2026-03-06 14:30:00,43.100,43.130,43.070,43.100,134241
2026-03-06 15:00:00,43.100,43.110,43.010,43.040,341723
2026-03-09 10:00:00,42.500,43.030,42.410,42.620,780089
2026-03-09 10:30:00,42.620,42.840,42.570,42.750,234699
2026-03-09 11:00:00,42.740,42.860,42.700,42.850,216326
2026-03-09 11:30:00,42.800,42.820,42.660,42.760,162700
2026-03-09 13:30:00,42.760,42.900,42.720,42.810,116138
2026-03-09 14:00:00,42.820,42.860,42.710,42.780,109019
2026-03-09 14:30:00,42.810,43.100,42.750,43.050,330415
2026-03-09 15:00:00,43.050,43.100,42.990,42.990,381166
2026-03-10 10:00:00,43.020,43.250,42.910,43.150,498670
2026-03-10 10:30:00,43.130,43.300,43.130,43.290,317361
2026-03-10 11:00:00,43.290,43.290,43.210,43.240,193264
2026-03-10 11:30:00,43.240,43.380,43.200,43.380,188841
2026-03-10 13:30:00,43.370,43.540,43.330,43.530,449465
2026-03-10 14:00:00,43.530,43.590,43.490,43.580,291616
2026-03-10 14:30:00,43.580,43.610,43.540,43.560,396869
2026-03-10 15:00:00,43.560,43.770,43.540,43.770,503258
2026-03-11 10:00:00,43.610,43.730,43.480,43.620,449155
2026-03-11 10:30:00,43.610,43.950,43.600,43.860,424961
2026-03-11 11:00:00,43.870,43.920,43.700,43.860,384340
2026-03-11 11:30:00,43.860,43.900,43.720,43.770,182520
2026-03-11 13:30:00,43.770,43.890,43.750,43.790,194440
2026-03-11 14:00:00,43.790,43.830,43.740,43.810,248800
2026-03-11 14:30:00,43.800,43.810,43.700,43.740,274500
2026-03-11 15:00:00,43.730,43.780,43.650,43.650,452378
2026-03-12 10:00:00,43.810,43.880,43.510,43.540,502198
2026-03-12 10:30:00,43.540,43.700,43.540,43.700,162944
2026-03-12 11:00:00,43.700,43.710,43.510,43.520,112920
2026-03-12 11:30:00,43.520,43.520,43.450,43.450,185840
2026-03-12 13:30:00,43.450,43.670,43.430,43.530,208614
2026-03-12 14:00:00,43.550,43.670,43.540,43.640,123440
2026-03-12 14:30:00,43.650,43.650,43.530,43.540,127861
2026-03-12 15:00:00,43.540,43.630,43.510,43.570,250290
2026-03-13 10:00:00,43.610,44.100,43.550,43.870,712110
2026-03-13 10:30:00,43.880,43.960,43.830,43.870,166360
2026-03-13 11:00:00,43.860,43.950,43.810,43.930,197580
2026-03-13 11:30:00,43.930,43.930,43.810,43.850,210378
2026-03-13 13:30:00,43.850,43.860,43.770,43.780,109000
2026-03-13 14:00:00,43.810,43.810,43.650,43.700,95401
2026-03-13 14:30:00,43.710,43.750,43.640,43.700,203900
2026-03-13 15:00:00,43.670,43.820,43.660,43.800,526086
2026-03-16 10:00:00,43.800,43.890,43.330,43.600,548628
2026-03-16 10:30:00,43.610,44.080,43.530,43.610,521340
2026-03-16 11:00:00,43.600,43.620,43.410,43.470,321300
2026-03-16 11:30:00,43.520,43.600,43.080,43.150,841654
2026-03-16 13:30:00,43.170,43.300,42.960,43.060,550598
2026-03-16 14:00:00,43.060,43.110,42.940,42.990,250500
2026-03-16 14:30:00,42.990,43.100,42.880,43.000,353080
2026-03-16 15:00:00,43.000,43.110,42.940,43.060,212204
2026-03-17 10:00:00,43.070,43.530,42.910,43.480,739880
2026-03-17 10:30:00,43.480,43.680,43.440,43.640,474260
2026-03-17 11:00:00,43.650,43.650,43.450,43.490,247104
2026-03-17 11:30:00,43.490,43.560,43.390,43.390,189115
2026-03-17 13:30:00,43.390,43.470,43.320,43.350,203779
2026-03-17 14:00:00,43.360,43.370,43.220,43.270,167900
2026-03-17 14:30:00,43.270,43.330,43.010,43.080,630000
2026-03-17 15:00:00,43.080,43.230,43.000,43.000,374289
2026-03-18 10:00:00,43.000,43.180,42.620,42.650,660900
2026-03-18 10:30:00,42.650,42.790,42.610,42.790,334081
2026-03-18 11:00:00,42.800,42.810,42.520,42.550,288579
2026-03-18 11:30:00,42.550,42.700,42.500,42.630,183901
2026-03-18 13:30:00,42.660,42.900,42.630,42.820,260140
2026-03-18 14:00:00,42.820,43.000,42.810,42.970,230530
2026-03-18 14:30:00,42.970,43.150,42.850,43.090,315080
2026-03-18 15:00:00,43.090,43.360,43.070,43.180,634235
2026-03-19 10:00:00,42.850,43.150,42.800,42.960,410272
2026-03-19 10:30:00,42.950,42.990,42.760,42.780,339301
2026-03-19 11:00:00,42.780,42.790,42.680,42.690,187807
2026-03-19 11:30:00,42.690,42.740,42.680,42.740,114300
2026-03-19 13:30:00,42.750,42.770,42.600,42.630,147214
2026-03-19 14:00:00,42.630,42.800,42.530,42.760,212411
2026-03-19 14:30:00,42.760,42.930,42.660,42.750,188800
2026-03-19 15:00:00,42.720,42.820,42.570,42.660,361800
2026-03-20 10:00:00,42.700,43.110,42.700,42.940,481620
2026-03-20 10:30:00,42.930,43.200,42.900,43.020,390135
2026-03-20 11:00:00,43.020,43.150,42.980,43.090,282704
2026-03-20 11:30:00,43.100,43.150,43.040,43.140,168411
2026-03-20 13:30:00,43.140,43.140,42.900,42.970,157601
2026-03-20 14:00:00,42.970,42.970,42.770,42.780,107400
2026-03-20 14:30:00,42.800,42.810,42.650,42.670,217380
2026-03-20 15:00:00,42.680,42.780,42.490,42.520,600868
2026-03-23 10:00:00,42.010,42.170,41.680,42.050,952246
2026-03-23 10:30:00,42.040,42.200,41.790,41.860,443448
2026-03-23 11:00:00,41.860,41.860,41.200,41.290,719583
2026-03-23 11:30:00,41.280,41.480,41.260,41.310,165728
2026-03-23 13:30:00,41.310,41.390,40.900,40.930,444801
2026-03-23 14:00:00,40.930,41.110,40.900,41.010,440302
2026-03-23 14:30:00,41.000,41.020,40.810,41.000,387977
2026-03-23 15:00:00,41.000,41.000,40.800,40.930,497406
2026-03-24 10:00:00,41.510,41.600,40.630,41.020,1007942
2026-03-24 10:30:00,41.020,41.380,40.940,41.140,259468
2026-03-24 11:00:00,41.130,41.230,41.050,41.190,206110
2026-03-24 11:30:00,41.150,41.230,41.050,41.160,131740
2026-03-24 13:30:00,41.160,41.160,40.930,40.950,165141
2026-03-24 14:00:00,40.960,41.080,40.960,41.010,85188
2026-03-24 14:30:00,41.020,41.240,40.990,41.240,374145
2026-03-24 15:00:00,41.240,41.590,41.240,41.590,502120
2026-03-25 10:00:00,41.370,41.650,41.250,41.600,461349
2026-03-25 10:30:00,41.590,41.610,41.400,41.460,300301
2026-03-25 11:00:00,41.450,41.550,41.440,41.490,141200
2026-03-25 11:30:00,41.490,41.520,41.310,41.350,234382
2026-03-25 13:30:00,41.350,41.600,41.350,41.480,138721
2026-03-25 14:00:00,41.490,41.500,41.390,41.430,162900
2026-03-25 14:30:00,41.400,41.430,41.400,41.410,136184
2026-03-25 15:00:00,41.420,41.600,41.380,41.560,342305
2026-03-26 10:00:00,41.470,41.800,41.330,41.450,478033
2026-03-26 10:30:00,41.460,41.580,41.340,41.340,230500
2026-03-26 11:00:00,41.350,41.420,41.330,41.360,110080
2026-03-26 11:30:00,41.370,41.410,41.330,41.330,81060
2026-03-26 13:30:00,41.350,41.410,41.180,41.200,163600
2026-03-26 14:00:00,41.200,41.320,41.180,41.210,88700
2026-03-26 14:30:00,41.200,41.330,41.150,41.180,171087
2026-03-26 15:00:00,41.170,41.280,41.150,41.230,195047
2026-03-27 10:00:00,41.100,41.490,41.000,41.480,422504
2026-03-27 10:30:00,41.460,41.460,41.340,41.370,186090
2026-03-27 11:00:00,41.380,41.430,41.260,41.280,83300
2026-03-27 11:30:00,41.280,41.450,41.270,41.410,93002
2026-03-27 13:30:00,41.420,41.460,41.350,41.360,136100
2026-03-27 14:00:00,41.360,41.410,41.330,41.390,104300
2026-03-27 14:30:00,41.390,41.390,41.250,41.260,195317
2026-03-27 15:00:00,41.260,41.330,41.250,41.300,258226
2026-03-30 10:00:00,41.000,41.140,40.830,41.110,506066
2026-03-30 10:30:00,41.060,41.360,41.060,41.180,180824
2026-03-30 11:00:00,41.180,41.350,41.150,41.230,74500
2026-03-30 11:30:00,41.290,41.320,41.240,41.250,155900
2026-03-30 13:30:00,41.290,41.290,41.180,41.240,42410
2026-03-30 14:00:00,41.240,41.270,41.160,41.190,43500
2026-03-30 14:30:00,41.200,41.250,41.190,41.230,45900
2026-03-30 15:00:00,41.240,41.260,41.210,41.210,121467
2026-03-31 10:00:00,41.210,41.550,41.170,41.430,393042
2026-03-31 10:30:00,41.450,41.600,41.450,41.570,212797
2026-03-31 11:00:00,41.550,41.600,41.470,41.510,176580
2026-03-31 11:30:00,41.500,41.520,41.210,41.230,213306
2026-03-31 13:30:00,41.350,42.000,41.230,41.880,1114686
2026-03-31 14:00:00,41.880,41.980,41.530,41.670,291600
2026-03-31 14:30:00,41.660,41.750,41.550,41.700,302400
2026-03-31 15:00:00,41.700,41.870,41.660,41.850,478634
2026-04-01 10:00:00,41.900,42.030,41.460,41.720,690404
2026-04-01 10:30:00,41.680,41.930,41.670,41.760,307820
2026-04-01 11:00:00,41.770,41.870,41.700,41.860,175200
2026-04-01 11:30:00,41.850,41.900,41.800,41.880,119200
2026-04-01 13:30:00,41.880,41.970,41.830,41.830,172002
2026-04-01 14:00:00,41.850,41.880,41.800,41.880,156141
2026-04-01 14:30:00,41.870,41.900,41.790,41.890,163600
2026-04-01 15:00:00,41.880,41.930,41.810,41.930,256180
2026-04-02 10:00:00,41.890,41.910,41.660,41.830,215223
2026-04-02 10:30:00,41.780,42.020,41.740,42.020,178663
2026-04-02 11:00:00,41.960,42.330,41.880,42.210,327440
2026-04-02 11:30:00,42.160,42.250,42.100,42.200,146860
2026-04-02 13:30:00,42.150,42.230,41.870,41.910,222140
2026-04-02 14:00:00,41.910,42.010,41.800,41.870,211983
2026-04-02 14:30:00,41.870,41.930,41.770,41.880,235431
2026-04-02 15:00:00,41.870,41.870,41.700,41.860,270963
