date,open,high,low,close,volume
2025-03-27 14:30:00,67.350,67.750,67.300,67.700,4302663
2025-03-27 15:00:00,67.700,68.120,67.520,68.000,8165992
2025-03-28 10:00:00,67.970,69.470,67.580,68.640,12768640
2025-03-28 10:30:00,68.620,68.700,68.110,68.290,4225780
2025-03-28 11:00:00,68.300,68.320,67.870,68.000,2901240
2025-03-28 11:30:00,68.000,68.140,67.800,67.860,1758876
2025-03-28 13:30:00,67.860,68.100,67.650,67.660,1926400
2025-03-28 14:00:00,67.660,67.950,67.660,67.850,1993875
2025-03-28 14:30:00,67.860,67.940,67.800,67.870,1307756
2025-03-28 15:00:00,67.870,67.890,67.610,67.790,2273101
2025-03-31 10:00:00,67.100,68.190,67.050,68.000,6494660
2025-03-31 10:30:00,67.960,68.480,67.640,67.680,3845300
2025-03-31 11:00:00,67.670,67.790,67.390,67.440,2205000
2025-03-31 11:30:00,67.440,67.500,67.000,67.070,2519640
2025-03-31 13:30:00,67.060,67.330,66.880,66.930,2434600
2025-03-31 14:00:00,66.940,67.100,66.920,67.000,1305268
2025-03-31 14:30:00,67.000,67.420,66.900,67.250,1741600
2025-03-31 15:00:00,67.240,67.500,67.230,67.320,2125521
2025-04-01 10:00:00,67.700,69.320,67.470,69.290,11994052
2025-04-01 10:30:00,69.290,69.850,68.880,69.450,10793968
2025-04-01 11:00:00,69.450,70.000,69.200,69.700,5929580
2025-04-01 11:30:00,69.710,70.000,69.490,69.950,3412688
2025-04-01 13:30:00,69.960,69.960,68.900,69.080,4967240
2025-04-01 14:00:00,69.080,69.130,68.490,68.580,4013113
2025-04-01 14:30:00,68.580,68.670,68.160,68.310,3227800
2025-04-01 15:00:00,68.310,68.410,68.130,68.230,3539700
2025-04-02 10:00:00,68.230,68.230,66.490,66.890,13438889
2025-04-02 10:30:00,66.880,67.660,66.870,67.390,3406800
2025-04-02 11:00:00,67.400,67.510,66.950,67.050,2198200
2025-04-02 11:30:00,67.050,67.140,66.950,67.050,1234800
2025-04-02 13:30:00,67.020,67.050,66.510,66.610,2896875
2025-04-02 14:00:00,66.620,66.700,66.180,66.210,3309695
2025-04-02 14:30:00,66.200,66.360,65.800,65.830,5364675
2025-04-02 15:00:00,65.840,66.150,65.770,66.050,6496676
2025-04-03 10:00:00,65.500,66.390,65.270,65.320,11363736
2025-04-03 10:30:00,65.300,65.350,64.590,65.120,7586420
2025-04-03 11:00:00,65.150,65.210,64.420,64.420,3799066
2025-04-03 11:30:00,64.420,64.500,63.840,63.920,7560687
2025-04-03 13:30:00,63.920,63.990,63.420,63.470,8504750
2025-04-03 14:00:00,63.470,63.900,63.460,63.760,3393864
2025-04-03 14:30:00,63.750,63.940,63.500,63.670,3432000
2025-04-03 15:00:00,63.650,63.790,63.520,63.520,4643526
2025-04-07 10:00:00,57.810,58.380,57.170,57.170,26208488
2025-04-07 10:30:00,57.170,57.240,57.170,57.170,8317300
2025-04-07 11:00:00,57.170,57.170,57.170,57.170,1325200
2025-04-07 11:30:00,57.170,57.170,57.170,57.170,505900
2025-04-07 13:30:00,57.170,57.170,57.170,57.170,1260300
2025-04-07 14:00:00,57.170,57.170,57.170,57.170,1508300
2025-04-07 14:30:00,57.170,57.170,57.170,57.170,607900
2025-04-07 15:00:00,57.170,57.170,57.170,57.170,2367700
2025-04-08 10:00:00,58.080,58.140,52.130,52.830,48731206
2025-04-08 10:30:00,52.830,53.690,52.500,52.510,11469166
2025-04-08 11:00:00,52.520,53.050,52.350,52.730,7070572
2025-04-08 11:30:00,52.730,52.910,52.520,52.840,5964023
2025-04-08 13:30:00,52.850,52.950,51.450,51.450,22958754
2025-04-08 14:00:00,51.450,51.590,51.450,51.450,10127170
2025-04-08 14:30:00,51.450,51.490,51.450,51.450,5824216
2025-04-08 15:00:00,51.450,51.610,51.450,51.610,15143391
2025-04-09 10:00:00,49.800,49.840,48.480,49.670,39183677
2025-04-09 10:30:00,49.680,50.860,49.670,50.160,14894920
2025-04-09 11:00:00,50.160,50.270,49.860,50.040,6983868
2025-04-09 11:30:00,50.040,50.040,49.020,49.500,8861007
2025-04-09 13:30:00,49.500,49.560,49.010,49.240,10070849
2025-04-09 14:00:00,49.270,50.220,49.220,49.920,12325759
2025-04-09 14:30:00,49.920,50.360,49.730,50.220,9057288
2025-04-09 15:00:00,50.200,51.250,50.150,51.250,19332322
2025-04-10 10:00:00,53.800,53.810,52.050,53.300,35587246
2025-04-10 10:30:00,53.280,53.480,52.820,53.120,11144200
2025-04-10 11:00:00,53.130,53.130,52.240,52.250,8038100
2025-04-10 11:30:00,52.250,52.400,52.070,52.220,5286577
2025-04-10 13:30:00,52.220,52.460,52.000,52.400,5416640
2025-04-10 14:00:00,52.390,52.580,52.130,52.380,5181715
2025-04-10 14:30:00,52.380,52.750,52.310,52.460,4697900
2025-04-10 15:00:00,52.460,52.530,52.140,52.300,8473585
2025-04-11 10:00:00,52.100,52.490,51.630,51.810,16409079
2025-04-11 10:30:00,51.810,51.960,51.450,51.620,8651196
2025-04-11 11:00:00,51.640,51.800,51.560,51.690,2586300
2025-04-11 11:30:00,51.690,52.000,51.630,51.850,3519100
2025-04-11 13:30:00,51.850,52.770,51.850,52.510,9670956
2025-04-11 14:00:00,52.520,52.850,52.350,52.500,7706300
2025-04-11 14:30:00,52.510,52.550,52.180,52.190,5976160
2025-04-11 15:00:00,52.190,52.300,51.900,52.100,8600761
2025-04-14 10:00:00,53.000,54.160,52.750,53.560,23437598
2025-04-14 10:30:00,53.560,53.960,53.400,53.920,8497772
2025-04-14 11:00:00,53.910,54.260,53.820,54.130,6681929
2025-04-14 11:30:00,54.110,54.140,53.800,53.850,3846100
2025-04-14 13:30:00,53.850,53.880,53.090,53.160,7185200
2025-04-14 14:00:00,53.180,53.290,53.080,53.240,3669142
2025-04-14 14:30:00,53.230,53.290,53.110,53.150,3019570
2025-04-14 15:00:00,53.150,53.280,53.050,53.110,6225198
2025-04-15 10:00:00,53.060,53.060,51.970,51.990,14460403
2025-04-15 10:30:00,51.970,52.260,51.900,52.050,6270800
2025-04-15 11:00:00,52.060,52.170,51.980,52.050,3328488
2025-04-15 11:30:00,52.080,52.390,52.010,52.390,3005953
2025-04-15 13:30:00,52.380,52.590,52.240,52.370,3238505
2025-04-15 14:00:00,52.370,52.640,52.330,52.470,2061435
2025-04-15 14:30:00,52.480,52.550,52.300,52.420,1924800
2025-04-15 15:00:00,52.420,52.580,52.340,52.580,4542473
2025-04-16 10:00:00,52.400,52.400,51.570,51.640,9244783
2025-04-16 10:30:00,51.640,51.690,51.300,51.400,6909184
2025-04-16 11:00:00,51.410,51.500,51.250,51.350,3456776
2025-04-16 11:30:00,51.350,51.390,51.180,51.200,3661300
2025-04-16 13:30:00,51.210,51.600,51.100,51.540,4249756
2025-04-16 14:00:00,51.530,51.710,51.440,51.610,2905187
2025-04-16 14:30:00,51.600,51.730,51.540,51.580,2084600
2025-04-16 15:00:00,51.570,52.360,51.500,52.360,8475467
2025-04-17 10:00:00,51.980,52.510,51.820,52.330,6596948
2025-04-17 10:30:00,52.320,52.590,52.240,52.390,3521900
2025-04-17 11:00:00,52.390,52.500,52.260,52.370,1981200
2025-04-17 11:30:00,52.370,52.490,52.310,52.410,1492668
2025-04-17 13:30:00,52.400,52.440,52.160,52.240,2452555
2025-04-17 14:00:00,52.240,52.440,52.190,52.380,1508200
2025-04-17 14:30:00,52.380,52.570,52.330,52.470,2863576
2025-04-17 15:00:00,52.480,52.520,52.360,52.510,6282450
2025-04-18 10:00:00,52.560,53.450,52.350,52.810,8929342
2025-04-18 10:30:00,52.800,52.980,52.680,52.800,2724000
2025-04-18 11:00:00,52.810,52.840,52.620,52.640,1590100
2025-04-18 11:30:00,52.640,52.730,52.510,52.640,1416100
2025-04-18 13:30:00,52.660,52.910,52.570,52.680,1688900
2025-04-18 14:00:00,52.690,52.970,52.640,52.890,2049600
2025-04-18 14:30:00,52.920,52.930,52.780,52.780,1346500
2025-04-18 15:00:00,52.780,53.000,52.680,52.850,4280976
2025-04-21 10:00:00,52.860,53.400,52.600,53.050,5846520
2025-04-21 10:30:00,53.060,53.300,53.010,53.290,2483680
2025-04-21 11:00:00,53.280,53.570,53.270,53.390,4080408
2025-04-21 11:30:00,53.400,53.450,53.210,53.360,1630500
2025-04-21 13:30:00,53.350,53.800,53.280,53.630,3069220
2025-04-21 14:00:00,53.630,53.960,53.560,53.880,3105780
2025-04-21 14:30:00,53.870,53.900,53.730,53.870,1918480
2025-04-21 15:00:00,53.860,53.980,53.770,53.890,3755280
2025-04-22 10:00:00,53.680,54.290,53.370,54.000,8602500
2025-04-22 10:30:00,54.000,54.630,53.740,54.310,6053788
2025-04-22 11:00:00,54.320,54.440,54.050,54.310,3486914
2025-04-22 11:30:00,54.310,54.400,54.170,54.200,1878680
2025-04-22 13:30:00,54.190,54.540,54.160,54.530,3239796
2025-04-22 14:00:00,54.530,54.950,54.520,54.680,5465996
2025-04-22 14:30:00,54.680,54.870,54.620,54.790,3526980
2025-04-22 15:00:00,54.790,54.800,54.430,54.550,4780000
2025-04-23 10:00:00,55.810,56.840,55.800,56.190,20577580
2025-04-23 10:30:00,56.180,56.240,55.650,56.070,8008728
2025-04-23 11:00:00,56.070,56.240,55.940,55.950,2859800
2025-04-23 11:30:00,55.950,56.280,55.930,56.140,2451100
2025-04-23 13:30:00,56.150,56.410,56.070,56.280,3249400
2025-04-23 14:00:00,56.280,56.660,56.260,56.440,3834340
2025-04-23 14:30:00,56.450,56.450,56.070,56.190,3237200
2025-04-23 15:00:00,56.180,56.260,56.070,56.220,4579482
2025-04-24 10:00:00,56.220,57.710,56.000,57.230,15094210
2025-04-24 10:30:00,57.230,57.370,57.090,57.330,3317100
2025-04-24 11:00:00,57.340,57.450,56.560,56.780,4671540
2025-04-24 11:30:00,56.780,56.780,56.110,56.420,4225620
2025-04-24 13:30:00,56.420,56.630,56.250,56.570,2415110
2025-04-24 14:00:00,56.600,56.800,56.530,56.560,1928208
2025-04-24 14:30:00,56.560,56.660,56.440,56.500,1930720
2025-04-24 15:00:00,56.500,56.710,56.380,56.420,3693025
2025-04-25 10:00:00,57.120,57.920,56.780,57.080,14293105
2025-04-25 10:30:00,57.080,57.180,56.820,57.160,3265355
2025-04-25 11:00:00,57.160,57.260,57.010,57.180,1806500
2025-04-25 11:30:00,57.180,57.500,57.150,57.390,2014480
2025-04-25 13:30:00,57.390,57.600,57.350,57.380,2437500
2025-04-25 14:00:00,57.380,57.440,57.250,57.260,2104220
2025-04-25 14:30:00,57.250,57.360,57.130,57.310,2570726
2025-04-25 15:00:00,57.300,57.360,57.200,57.360,4140960
2025-04-28 10:00:00,57.350,57.950,56.700,57.630,9609433
2025-04-28 10:30:00,57.620,57.620,57.120,57.450,3145924
2025-04-28 11:00:00,57.460,57.580,57.180,57.200,2119920
2025-04-28 11:30:00,57.200,57.390,57.200,57.360,1608000
2025-04-28 13:30:00,57.350,57.490,57.260,57.400,1582940
2025-04-28 14:00:00,57.390,57.580,57.350,57.540,2306479
2025-04-28 14:30:00,57.550,58.550,57.540,58.500,7203154
2025-04-28 15:00:00,58.500,58.570,57.900,58.090,7537740
2025-04-29 10:00:00,59.500,60.900,59.230,60.810,32441846
2025-04-29 10:30:00,60.820,61.070,60.470,60.730,6884052
2025-04-29 11:00:00,60.700,61.580,60.700,61.030,7114418
2025-04-29 11:30:00,61.030,61.160,60.880,61.120,2384000
2025-04-29 13:30:00,61.120,61.130,60.720,60.860,3411720
2025-04-29 14:00:00,60.860,60.870,60.230,60.470,5362568
2025-04-29 14:30:00,60.470,60.880,60.310,60.780,4509148
2025-04-29 15:00:00,60.780,60.790,60.450,60.450,5614292
2025-04-30 10:00:00,60.790,60.800,59.210,59.460,14679234
2025-04-30 10:30:00,59.460,60.050,59.310,59.830,6798020
2025-04-30 11:00:00,59.830,59.890,59.540,59.650,2670300
2025-04-30 11:30:00,59.660,59.780,59.550,59.630,2059500
2025-04-30 13:30:00,59.630,59.660,59.280,59.450,3257400
2025-04-30 14:00:00,59.460,59.500,59.130,59.290,3970660
2025-04-30 14:30:00,59.290,59.360,59.170,59.240,3648808
2025-04-30 15:00:00,59.240,59.280,59.090,59.170,5955609
2025-05-06 10:00:00,60.990,61.140,60.130,60.500,13401211
2025-05-06 10:30:00,60.490,60.660,60.140,60.170,6201805
2025-05-06 11:00:00,60.160,60.290,59.900,60.000,5345970
2025-05-06 11:30:00,60.000,60.240,59.880,60.190,3788865
2025-05-06 13:30:00,60.190,60.240,59.960,60.040,3485820
2025-05-06 14:00:00,60.040,60.090,59.950,60.030,2444191
2025-05-06 14:30:00,60.040,60.280,60.010,60.180,2619322
2025-05-06 15:00:00,60.170,60.340,60.100,60.340,3623556
2025-05-07 10:00:00,61.400,61.400,58.620,58.660,22156400
2025-05-07 10:30:00,58.660,58.800,58.280,58.550,11028500
2025-05-07 11:00:00,58.560,58.740,58.480,58.600,3835265
2025-05-07 11:30:00,58.610,58.670,58.310,58.410,3837123
2025-05-07 13:30:00,58.420,58.430,58.050,58.140,5007490
2025-05-07 14:00:00,58.140,58.280,58.110,58.120,2941860
2025-05-07 14:30:00,58.110,58.260,57.930,57.940,7102759
2025-05-07 15:00:00,57.940,58.350,57.920,58.250,8400355
2025-05-08 10:00:00,58.260,58.780,58.090,58.520,10335168
2025-05-08 10:30:00,58.490,58.800,58.420,58.660,4162478
2025-05-08 11:00:00,58.670,59.050,58.670,58.980,3991559
2025-05-08 11:30:00,58.970,59.050,58.900,59.030,2264060
2025-05-08 13:30:00,59.030,59.390,58.820,58.900,4594100
2025-05-08 14:00:00,58.900,59.100,58.820,58.990,2458500
2025-05-08 14:30:00,58.980,59.000,58.760,58.970,2945700
2025-05-08 15:00:00,58.960,59.000,58.880,58.980,3736917
2025-05-09 10:00:00,58.800,59.390,58.480,59.050,7705219
2025-05-09 10:30:00,59.060,59.190,58.940,59.120,2756572
2025-05-09 11:00:00,59.110,59.140,58.870,58.900,2338700
2025-05-09 11:30:00,58.900,59.110,58.870,58.940,1738633
2025-05-09 13:30:00,58.940,58.950,58.750,58.880,2007106
2025-05-09 14:00:00,58.890,59.190,58.860,59.150,2806503
2025-05-09 14:30:00,59.160,59.180,59.050,59.070,2065696
2025-05-09 15:00:00,59.090,59.100,58.970,59.060,2671560
2025-05-12 10:00:00,58.000,59.280,58.000,58.930,11289826
2025-05-12 10:30:00,58.920,59.650,58.920,59.610,7189310
2025-05-12 11:00:00,59.610,59.980,59.500,59.610,4544900
2025-05-12 11:30:00,59.610,59.650,59.280,59.340,2392600
2025-05-12 13:30:00,59.390,59.540,59.180,59.480,2766768
2025-05-12 14:00:00,59.480,59.480,58.950,59.000,2820959
2025-05-12 14:30:00,58.980,59.330,58.970,59.250,2556500
2025-05-12 15:00:00,59.240,59.410,59.140,59.410,3744067
2025-05-13 10:00:00,60.600,60.610,59.780,60.150,13326122
2025-05-13 10:30:00,60.140,60.450,59.750,60.330,5199020
2025-05-13 11:00:00,60.300,60.340,59.900,60.010,2369100
2025-05-13 11:30:00,60.010,60.100,59.700,59.780,2225000
2025-05-13 13:30:00,59.790,59.970,59.750,59.910,1452500
2025-05-13 14:00:00,59.900,60.070,59.800,60.010,1311620
2025-05-13 14:30:00,60.020,60.080,59.760,59.770,1693048
2025-05-13 15:00:00,59.760,59.860,59.710,59.860,2810283
2025-05-14 10:00:00,60.190,60.290,59.620,60.280,6563413
2025-05-14 10:30:00,60.280,60.500,59.940,59.970,3223355
2025-05-14 11:00:00,59.970,59.980,59.840,59.880,1259900
2025-05-14 11:30:00,59.880,60.000,59.800,59.940,1456240
2025-05-14 13:30:00,59.940,60.450,59.940,60.380,3945640
2025-05-14 14:00:00,60.360,60.970,60.260,60.800,6543338
2025-05-14 14:30:00,60.800,61.280,60.770,60.970,6964877
2025-05-14 15:00:00,60.970,61.040,60.880,61.030,4186084
2025-05-15 10:00:00,61.100,62.340,60.800,61.500,15064867
2025-05-15 10:30:00,61.500,62.020,61.350,61.710,4524728
2025-05-15 11:00:00,61.710,61.920,61.580,61.670,2503600
2025-05-15 11:30:00,61.670,61.850,61.480,61.590,1977999
2025-05-15 13:30:00,61.600,61.690,61.260,61.320,2118700
2025-05-15 14:00:00,61.320,61.500,61.280,61.410,1737801
2025-05-15 14:30:00,61.410,61.510,61.270,61.320,2659301
2025-05-15 15:00:00,61.320,61.460,61.180,61.390,3724574
2025-05-16 10:00:00,61.000,61.340,60.400,61.150,5819654
2025-05-16 10:30:00,61.150,61.170,60.700,60.790,2653600
2025-05-16 11:00:00,60.800,61.030,60.780,60.910,1260845
2025-05-16 11:30:00,60.920,60.970,60.780,60.860,981090
2025-05-16 13:30:00,60.860,61.180,60.700,61.060,2006581
2025-05-16 14:00:00,61.070,61.280,60.920,61.090,1941800
2025-05-16 14:30:00,61.090,61.400,61.000,61.210,2643900
2025-05-16 15:00:00,61.210,61.370,61.180,61.360,3700180
2025-05-19 10:00:00,61.100,61.100,60.190,60.190,6127800
2025-05-19 10:30:00,60.200,60.880,60.150,60.700,2988541
2025-05-19 11:00:00,60.710,61.000,60.680,60.920,1950508
2025-05-19 11:30:00,60.910,60.980,60.810,60.830,1262000
2025-05-19 13:30:00,60.830,61.050,60.790,60.890,1289623
2025-05-19 14:00:00,60.890,61.000,60.860,60.920,951320
2025-05-19 14:30:00,60.910,61.180,60.910,60.990,1359078
2025-05-19 15:00:00,60.990,61.100,60.980,61.050,2002797
2025-05-20 10:00:00,61.300,62.420,61.300,62.320,10173791
2025-05-20 10:30:00,62.310,62.680,62.220,62.510,6130324
2025-05-20 11:00:00,62.500,62.600,62.260,62.470,2442500
2025-05-20 11:30:00,62.470,62.970,62.400,62.970,3284608
2025-05-20 13:30:00,62.970,62.980,62.480,62.630,2582900
2025-05-20 14:00:00,62.640,62.790,62.510,62.780,2025159
2025-05-20 14:30:00,62.790,62.800,62.580,62.650,1773300
2025-05-20 15:00:00,62.650,62.690,62.580,62.660,3452220
2025-05-21 10:00:00,61.280,62.500,60.900,62.250,8732645
2025-05-21 10:30:00,62.260,62.660,62.170,62.510,5564697
2025-05-21 11:00:00,62.510,62.600,62.280,62.530,2679900
2025-05-21 11:30:00,62.530,62.750,62.390,62.410,2468060
2025-05-21 13:30:00,62.410,62.700,62.230,62.540,2289424
2025-05-21 14:00:00,62.550,62.580,61.980,62.060,2933441
2025-05-21 14:30:00,62.060,62.090,61.820,61.980,2223144
2025-05-21 15:00:00,61.970,62.050,61.920,62.050,2877947
2025-05-22 10:00:00,61.500,62.100,60.900,61.590,8821430
2025-05-22 10:30:00,61.580,62.030,61.550,61.920,3762888
2025-05-22 11:00:00,61.910,62.290,61.630,61.740,3437200
2025-05-22 11:30:00,61.740,62.150,61.650,62.020,2045855
2025-05-22 13:30:00,62.030,62.480,61.830,62.470,3152600
2025-05-22 14:00:00,62.470,62.950,62.410,62.930,5151112
2025-05-22 14:30:00,62.930,63.120,62.400,62.470,5649600
2025-05-22 15:00:00,62.470,62.790,62.450,62.790,3339230
2025-05-23 10:00:00,62.770,63.850,62.500,63.740,11053383
2025-05-23 10:30:00,63.740,64.210,63.540,63.850,5981105
2025-05-23 11:00:00,63.840,63.950,63.580,63.900,2244022
2025-05-23 11:30:00,63.910,64.000,63.710,63.930,2000390
2025-05-23 13:30:00,63.920,63.940,63.330,63.440,3154191
2025-05-23 14:00:00,63.440,63.490,63.000,63.000,3385600
2025-05-23 14:30:00,63.010,63.040,62.210,62.220,9640432
2025-05-23 15:00:00,62.220,62.320,61.970,62.050,8338138
2025-05-26 10:00:00,62.050,63.020,61.800,61.930,10343180
2025-05-26 10:30:00,61.920,62.490,61.870,62.400,3820500
2025-05-26 11:00:00,62.370,62.450,62.080,62.120,1791800
2025-05-26 11:30:00,62.130,62.300,61.770,61.770,2629600
2025-05-26 13:30:00,61.770,61.980,61.480,61.540,3902800
2025-05-26 14:00:00,61.550,61.690,61.420,61.630,2448700
2025-05-26 14:30:00,61.630,61.740,61.460,61.500,1951700
2025-05-26 15:00:00,61.500,61.720,61.500,61.670,2632868
2025-05-27 10:00:00,61.990,62.530,61.540,62.500,6472408
2025-05-27 10:30:00,62.500,62.660,62.150,62.370,4012087
2025-05-27 11:00:00,62.370,62.380,62.050,62.210,2844820
2025-05-27 11:30:00,62.210,62.300,61.890,62.030,1402590
2025-05-27 13:30:00,62.040,62.110,61.890,61.970,1229609
2025-05-27 14:00:00,61.980,62.080,61.900,62.020,794758
2025-05-27 14:30:00,62.020,62.390,62.010,62.230,1405803
2025-05-27 15:00:00,62.230,62.260,62.080,62.200,2544941
2025-05-28 10:00:00,62.200,62.390,61.690,62.120,4753475
2025-05-28 10:30:00,62.130,62.190,61.780,61.810,1853100
2025-05-28 11:00:00,61.810,61.910,61.710,61.780,1609740
2025-05-28 11:30:00,61.770,61.870,61.560,61.580,1819540
2025-05-28 13:30:00,61.580,61.960,61.560,61.910,1385623
2025-05-28 14:00:00,61.900,61.930,61.610,61.680,1103162
2025-05-28 14:30:00,61.690,61.780,61.580,61.670,1348490
2025-05-28 15:00:00,61.670,61.730,61.580,61.650,1991611
2025-05-29 10:00:00,61.850,64.100,61.820,63.850,13065019
2025-05-29 10:30:00,63.850,64.250,63.700,63.920,5746780
2025-05-29 11:00:00,63.910,64.720,63.830,64.240,6308673
2025-05-29 11:30:00,64.250,64.670,64.100,64.320,3035262
2025-05-29 13:30:00,64.320,64.340,63.760,64.180,2930500
2025-05-29 14:00:00,64.170,64.500,64.100,64.220,2922468
2025-05-29 14:30:00,64.220,64.520,64.180,64.410,3366771
2025-05-29 15:00:00,64.420,64.730,64.390,64.700,5151642
2025-05-30 10:00:00,64.000,64.500,63.810,63.810,7827476
2025-05-30 10:30:00,63.810,64.140,63.800,63.910,3505848
2025-05-30 11:00:00,63.910,64.350,63.900,64.230,2816106
2025-05-30 11:30:00,64.220,64.630,64.110,64.170,2845000
2025-05-30 13:30:00,64.210,64.410,64.000,64.100,2648800
2025-05-30 14:00:00,64.100,64.230,64.010,64.030,1320400
2025-05-30 14:30:00,64.040,64.070,63.840,63.870,2271800
2025-05-30 15:00:00,63.870,63.970,63.510,63.510,4936135
2025-06-03 10:00:00,63.830,64.580,63.800,64.050,6468467
2025-06-03 10:30:00,64.060,64.160,63.670,63.890,3349620
2025-06-03 11:00:00,63.900,63.980,63.500,63.670,2219340
2025-06-03 11:30:00,63.680,64.050,63.640,63.950,1851320
2025-06-03 13:30:00,63.950,64.320,63.920,64.160,2352589
2025-06-03 14:00:00,64.150,64.330,64.010,64.310,1632638
2025-06-03 14:30:00,64.310,64.470,64.260,64.390,2687635
2025-06-03 15:00:00,64.360,64.480,64.330,64.470,3471113
2025-06-04 10:00:00,64.450,65.000,64.030,64.980,6359507
2025-06-04 10:30:00,65.000,65.160,64.560,64.950,4094808
2025-06-04 11:00:00,65.000,65.040,64.470,64.600,3744900
2025-06-04 11:30:00,64.600,64.850,64.470,64.650,1740400
2025-06-04 13:30:00,64.660,65.300,64.640,64.990,3894020
2025-06-04 14:00:00,64.970,65.430,64.800,65.270,3318800
2025-06-04 14:30:00,65.270,65.280,64.960,64.980,2319400
2025-06-04 15:00:00,64.980,65.160,64.980,65.120,3339504
2025-06-05 10:00:00,65.130,65.210,64.460,64.540,6619180
2025-06-05 10:30:00,64.540,64.800,64.430,64.520,2195800
2025-06-05 11:00:00,64.510,64.600,64.200,64.260,3042096
2025-06-05 11:30:00,64.260,64.350,64.200,64.290,1852456
2025-06-05 13:30:00,64.280,64.360,64.020,64.220,2530000
2025-06-05 14:00:00,64.200,64.230,63.720,64.030,3555205
2025-06-05 14:30:00,64.040,64.400,64.020,64.390,1790820
2025-06-05 15:00:00,64.380,64.600,64.320,64.480,2832274
2025-06-06 10:00:00,64.480,64.580,63.730,64.400,5209561
2025-06-06 10:30:00,64.380,64.560,63.900,64.000,2295836
2025-06-06 11:00:00,63.980,64.090,63.800,63.830,1772900
2025-06-06 11:30:00,63.830,63.920,63.700,63.760,2240540
2025-06-06 13:30:00,63.780,64.020,63.730,63.950,2156800
2025-06-06 14:00:00,63.960,64.100,63.870,63.930,1863900
2025-06-06 14:30:00,63.930,63.950,63.780,63.830,1905000
2025-06-06 15:00:00,63.830,64.040,63.770,64.000,3311857
2025-06-09 10:00:00,64.390,65.280,63.960,64.950,8689920
2025-06-09 10:30:00,64.960,65.330,64.810,65.330,4241774
2025-06-09 11:00:00,65.320,65.650,65.150,65.650,4711520
2025-06-09 11:30:00,65.660,65.880,65.340,65.340,4069880
2025-06-09 13:30:00,65.360,65.390,65.010,65.080,3122169
2025-06-09 14:00:00,65.080,65.160,64.900,64.920,2770600
2025-06-09 14:30:00,64.900,64.950,64.700,64.770,2248840
2025-06-09 15:00:00,64.760,64.850,64.500,64.800,3378134
2025-06-10 10:00:00,64.810,66.320,64.750,65.360,13559830
2025-06-10 10:30:00,65.360,65.390,65.000,65.390,4084340
2025-06-10 11:00:00,65.390,65.700,65.250,65.460,2013700
2025-06-10 11:30:00,65.460,66.000,65.450,65.570,2496443
2025-06-10 13:30:00,65.570,65.600,64.620,64.620,5538020
2025-06-10 14:00:00,64.630,65.390,64.600,65.180,3320654
2025-06-10 14:30:00,65.180,65.230,64.860,64.940,1937588
2025-06-10 15:00:00,64.940,65.010,64.840,64.900,2363686
2025-06-11 10:00:00,65.300,65.480,64.860,65.370,6808384
2025-06-11 10:30:00,65.370,65.550,64.720,64.920,4185801
2025-06-11 11:00:00,64.930,65.170,64.790,65.050,1967720
2025-06-11 11:30:00,65.040,65.260,64.970,65.220,1643520
2025-06-11 13:30:00,65.220,65.390,65.190,65.320,2394970
2025-06-11 14:00:00,65.320,65.470,65.230,65.270,2479000
2025-06-11 14:30:00,65.270,65.300,65.050,65.050,2404140
2025-06-11 15:00:00,65.060,65.140,64.980,65.050,3488888
2025-06-12 10:00:00,65.060,66.970,64.750,66.410,12343404
2025-06-12 10:30:00,66.400,66.970,66.190,66.680,6616920
2025-06-12 11:00:00,66.690,67.570,66.610,67.260,7352954
2025-06-12 11:30:00,67.260,67.600,67.000,67.180,3671540
2025-06-12 13:30:00,67.180,67.500,67.030,67.260,4108608
2025-06-12 14:00:00,67.260,67.600,67.120,67.510,4021242
2025-06-12 14:30:00,67.500,67.560,67.200,67.380,2943600
2025-06-12 15:00:00,67.380,67.800,67.300,67.710,6697257
2025-06-13 10:00:00,67.710,69.940,67.510,68.530,20727092
2025-06-13 10:30:00,68.520,68.700,67.440,67.540,9678786
2025-06-13 11:00:00,67.540,67.990,67.310,67.640,5477302
2025-06-13 11:30:00,67.650,67.880,67.400,67.800,2922240
2025-06-13 13:30:00,67.800,68.090,67.460,67.770,4151467
2025-06-13 14:00:00,67.770,68.100,67.500,68.100,3590036
2025-06-13 14:30:00,68.100,68.260,67.840,68.050,3506460
2025-06-13 15:00:00,68.050,68.270,67.800,68.270,6108163
2025-06-16 10:00:00,67.850,68.440,66.600,68.300,11692295
2025-06-16 10:30:00,68.300,69.390,67.830,68.810,7181920
2025-06-16 11:00:00,68.810,68.860,68.410,68.620,2951300
2025-06-16 11:30:00,68.620,68.640,68.180,68.370,1885300
2025-06-16 13:30:00,68.390,68.800,68.190,68.690,2053920
2025-06-16 14:00:00,68.700,68.710,68.300,68.440,1900100
2025-06-16 14:30:00,68.460,68.490,68.290,68.440,1845200
2025-06-16 15:00:00,68.440,68.620,68.380,68.460,2925852
2025-06-17 10:00:00,69.000,69.370,68.490,68.720,6752200
2025-06-17 10:30:00,68.710,68.720,67.700,67.730,5122853
2025-06-17 11:00:00,67.720,68.060,67.570,67.760,2957675
2025-06-17 11:30:00,67.760,67.920,67.420,67.840,2698740
2025-06-17 13:30:00,67.830,67.950,67.070,67.080,3483530
2025-06-17 14:00:00,67.070,67.340,66.850,66.910,4038068
2025-06-17 14:30:00,66.910,66.940,66.370,66.410,6272780
2025-06-17 15:00:00,66.400,66.540,66.360,66.500,5254994
2025-06-18 10:00:00,66.300,66.990,65.700,66.000,9956135
2025-06-18 10:30:00,66.000,66.170,65.510,65.680,5751693
2025-06-18 11:00:00,65.680,65.890,65.500,65.540,3806731
2025-06-18 11:30:00,65.550,65.780,65.510,65.720,3202629
2025-06-18 13:30:00,65.720,65.900,65.550,65.630,3770718
2025-06-18 14:00:00,65.650,65.850,65.610,65.670,2630252
2025-06-18 14:30:00,65.670,65.840,65.670,65.830,2100940
2025-06-18 15:00:00,65.830,65.840,65.700,65.700,2805160
2025-06-19 10:00:00,65.710,66.240,65.710,65.860,4343300
2025-06-19 10:30:00,65.870,65.990,65.360,65.370,3360600
2025-06-19 11:00:00,65.360,65.740,65.350,65.390,2907960
2025-06-19 11:30:00,65.390,65.480,65.010,65.030,2587100
2025-06-19 13:30:00,65.010,65.170,64.500,65.020,4956253
2025-06-19 14:00:00,65.020,65.170,64.770,64.890,1879020
2025-06-19 14:30:00,64.900,65.030,64.800,64.890,1970400
2025-06-19 15:00:00,64.920,65.000,64.750,64.930,3321240
2025-06-20 10:00:00,64.980,65.500,64.800,64.820,5196280
2025-06-20 10:30:00,64.820,65.370,64.820,65.320,2901500
2025-06-20 11:00:00,65.320,65.480,65.190,65.230,2235060
2025-06-20 11:30:00,65.230,65.290,65.110,65.200,1628900
2025-06-20 13:30:00,65.210,65.340,65.060,65.190,1922580
2025-06-20 14:00:00,65.190,65.500,65.190,65.400,2434020
2025-06-20 14:30:00,65.380,65.410,65.160,65.360,2159600
2025-06-20 15:00:00,65.350,65.430,65.170,65.270,2621133
2025-06-23 10:00:00,64.660,65.350,64.300,64.670,5477273
2025-06-23 10:30:00,64.660,64.780,64.010,64.020,4185059
2025-06-23 11:00:00,64.070,64.320,63.910,63.980,3133308
2025-06-23 11:30:00,63.980,64.460,63.920,64.240,2138415
2025-06-23 13:30:00,64.240,64.730,64.240,64.720,2213779
2025-06-23 14:00:00,64.720,65.050,64.660,65.030,2332453
2025-06-23 14:30:00,65.050,65.430,65.000,65.170,3127985
2025-06-23 15:00:00,65.170,65.400,65.160,65.270,3241980
2025-06-24 10:00:00,65.600,66.550,65.600,66.290,8993740
2025-06-24 10:30:00,66.290,66.560,66.160,66.500,4780100
2025-06-24 11:00:00,66.470,66.500,65.950,65.960,2942000
2025-06-24 11:30:00,65.970,66.390,65.950,66.320,1521400
2025-06-24 13:30:00,66.330,66.620,66.250,66.600,2764380
2025-06-24 14:00:00,66.590,66.730,66.520,66.530,2262640
2025-06-24 14:30:00,66.520,66.680,66.320,66.600,2104157
2025-06-24 15:00:00,66.590,66.840,66.590,66.840,3684718
2025-06-25 10:00:00,67.200,67.450,66.330,66.970,6132030
2025-06-25 10:30:00,66.960,66.990,66.460,66.580,2798360
2025-06-25 11:00:00,66.590,66.940,66.560,66.900,1723920
2025-06-25 11:30:00,66.890,67.070,66.700,67.060,1480184
2025-06-25 13:30:00,67.070,67.310,66.960,67.280,2642800
2025-06-25 14:00:00,67.270,67.490,67.130,67.460,2520800
2025-06-25 14:30:00,67.460,67.940,67.400,67.850,4008980
2025-06-25 15:00:00,67.850,67.880,67.580,67.810,3555690
2025-06-26 10:00:00,67.500,67.500,66.410,66.770,8335830
2025-06-26 10:30:00,66.780,66.870,66.200,66.220,4755297
2025-06-26 11:00:00,66.220,66.330,66.060,66.330,2915324
2025-06-26 11:30:00,66.320,66.370,66.040,66.100,2412606
2025-06-26 13:30:00,66.100,66.160,65.820,65.960,3914478
2025-06-26 14:00:00,65.960,65.980,65.700,65.730,2970040
2025-06-26 14:30:00,65.730,65.850,65.520,65.660,3051300
2025-06-26 15:00:00,65.650,65.760,65.610,65.680,3212855
2025-06-27 10:00:00,65.680,66.330,65.320,66.190,6103855
2025-06-27 10:30:00,66.190,66.420,66.000,66.120,3306069
2025-06-27 11:00:00,66.100,66.300,65.820,65.980,1825390
2025-06-27 11:30:00,65.980,66.080,65.850,66.010,1051060
2025-06-27 13:30:00,66.010,66.070,65.860,65.900,1521060
2025-06-27 14:00:00,65.890,65.980,65.760,65.860,2166700
2025-06-27 14:30:00,65.860,65.920,65.780,65.820,1615681
2025-06-27 15:00:00,65.820,65.880,65.760,65.830,2101568
2025-06-30 10:00:00,65.720,66.770,65.600,66.430,5038574
2025-06-30 10:30:00,66.440,67.100,66.170,67.040,4149788
2025-06-30 11:00:00,67.030,68.270,66.880,68.150,7458947
2025-06-30 11:30:00,68.120,69.000,68.100,68.430,8561240
2025-06-30 13:30:00,68.430,69.140,68.380,69.140,5972100
2025-06-30 14:00:00,69.130,69.150,68.750,68.880,4234360
2025-06-30 14:30:00,68.880,69.010,68.880,69.000,3389870
2025-06-30 15:00:00,68.990,69.650,68.980,69.550,8029458
2025-07-01 10:00:00,69.110,71.390,69.110,70.490,15387202
2025-07-01 10:30:00,70.490,70.750,70.100,70.590,4107659
2025-07-01 11:00:00,70.590,70.750,70.280,70.310,2137608
2025-07-01 11:30:00,70.300,70.640,70.260,70.640,2064991
2025-07-01 13:30:00,70.640,70.650,70.250,70.620,2517228
2025-07-01 14:00:00,70.610,70.890,70.550,70.700,2657236
2025-07-01 14:30:00,70.700,70.850,70.630,70.640,2341820
2025-07-01 15:00:00,70.640,70.750,70.540,70.700,3147141
2025-07-02 10:00:00,70.980,71.380,70.390,70.540,7562421
2025-07-02 10:30:00,70.540,70.640,70.170,70.350,3412900
2025-07-02 11:00:00,70.350,70.450,70.060,70.350,2127800
2025-07-02 11:30:00,70.350,70.400,70.160,70.330,1221610
2025-07-02 13:30:00,70.330,70.600,70.190,70.230,1624680
2025-07-02 14:00:00,70.230,70.300,70.130,70.180,1215920
2025-07-02 14:30:00,70.190,70.250,69.960,70.050,2534015
2025-07-02 15:00:00,70.050,70.200,70.010,70.200,2189792
2025-07-03 10:00:00,70.200,71.070,69.900,70.920,6274865
2025-07-03 10:30:00,70.910,70.960,70.170,70.500,2987230
2025-07-03 11:00:00,70.500,70.840,70.310,70.370,2577768
2025-07-03 11:30:00,70.380,70.950,70.350,70.780,2164243
2025-07-03 13:30:00,70.760,71.000,70.600,70.990,2368887
2025-07-03 14:00:00,70.980,70.990,70.650,70.700,1854638
2025-07-03 14:30:00,70.690,70.760,70.540,70.610,1881210
2025-07-03 15:00:00,70.600,70.770,70.550,70.720,2599258
2025-07-04 10:00:00,70.720,71.180,70.170,70.330,5855908
2025-07-04 10:30:00,70.330,70.700,70.040,70.580,3047400
2025-07-04 11:00:00,70.580,71.060,70.380,70.860,2279155
2025-07-04 11:30:00,70.860,71.060,70.800,70.970,1618448
2025-07-04 13:30:00,71.000,71.650,71.000,71.040,4243507
2025-07-04 14:00:00,71.070,71.170,70.860,70.910,1851700
2025-07-04 14:30:00,70.930,70.930,70.470,70.560,2051740
2025-07-04 15:00:00,70.540,70.860,70.540,70.820,2188733
2025-07-07 10:00:00,70.750,70.750,69.550,69.560,5445747
2025-07-07 10:30:00,69.570,69.670,69.260,69.460,4235860
2025-07-07 11:00:00,69.460,69.580,69.290,69.340,2479261
2025-07-07 11:30:00,69.350,69.460,69.220,69.340,2280677
2025-07-07 13:30:00,69.340,69.900,69.270,69.850,1880590
2025-07-07 14:00:00,69.850,70.040,69.800,69.880,1332700
2025-07-07 14:30:00,69.890,69.890,69.680,69.770,1260988
2025-07-07 15:00:00,69.770,69.870,69.700,69.840,2121043
2025-07-08 10:00:00,69.630,70.880,69.550,70.280,5654080
2025-07-08 10:30:00,70.270,70.310,69.860,69.980,2237180
2025-07-08 11:00:00,69.990,70.060,69.630,69.980,1972124
2025-07-08 11:30:00,69.980,70.450,69.980,70.370,2456354
2025-07-08 13:30:00,70.360,70.390,70.000,70.080,1965854
2025-07-08 14:00:00,70.090,70.300,70.080,70.170,1580800
2025-07-08 14:30:00,70.160,70.440,70.140,70.360,1758070
2025-07-08 15:00:00,70.360,70.430,70.290,70.400,2263986
2025-07-09 10:00:00,69.390,69.970,68.900,69.950,7289364
2025-07-09 10:30:00,69.940,70.980,69.800,70.750,4411733
2025-07-09 11:00:00,70.720,70.750,70.260,70.260,2007820
2025-07-09 11:30:00,70.270,70.320,69.910,69.960,1167440
2025-07-09 13:30:00,69.970,70.370,69.720,70.270,2442580
2025-07-09 14:00:00,70.270,70.300,70.010,70.090,1096200
2025-07-09 14:30:00,70.090,70.100,69.780,69.830,1972028
2025-07-09 15:00:00,69.830,69.900,69.560,69.700,2702689
2025-07-10 10:00:00,69.810,71.390,69.810,71.060,10847810
2025-07-10 10:30:00,71.060,71.260,70.430,70.720,4101840
2025-07-10 11:00:00,70.760,70.850,70.450,70.750,2270900
2025-07-10 11:30:00,70.770,70.840,70.440,70.750,1782290
2025-07-10 13:30:00,70.750,70.830,70.250,70.400,2590273
2025-07-10 14:00:00,70.400,70.600,70.390,70.580,1452097
2025-07-10 14:30:00,70.580,70.880,70.420,70.420,3182443
2025-07-10 15:00:00,70.420,70.480,70.140,70.140,3634500
2025-07-11 10:00:00,73.500,77.000,73.300,76.580,43013513
2025-07-11 10:30:00,76.580,77.150,76.260,77.150,18124932
2025-07-11 11:00:00,77.150,77.150,77.150,77.150,1209985
2025-07-11 11:30:00,77.150,77.150,77.000,77.150,9649227
2025-07-11 13:30:00,77.150,77.150,77.150,77.150,1818828
2025-07-11 14:00:00,77.150,77.150,77.150,77.150,970540
2025-07-11 14:30:00,77.150,77.150,77.150,77.150,1444076
2025-07-11 15:00:00,77.150,77.150,77.140,77.150,4882115
2025-07-14 10:00:00,77.500,79.520,77.210,79.020,33625716
2025-07-14 10:30:00,79.020,79.200,77.730,77.850,10546529
2025-07-14 11:00:00,77.860,78.000,77.600,77.830,5929286
2025-07-14 11:30:00,77.710,77.880,77.590,77.750,3089621
2025-07-14 13:30:00,77.770,78.150,77.580,78.050,5480223
2025-07-14 14:00:00,78.040,78.850,78.030,78.640,6287637
2025-07-14 14:30:00,78.630,79.120,78.630,78.930,6274394
2025-07-14 15:00:00,78.920,79.160,78.600,78.600,6796674
2025-07-15 10:00:00,78.940,80.690,78.940,79.860,15080289
2025-07-15 10:30:00,79.880,80.220,79.500,79.900,5377320
2025-07-15 11:00:00,79.900,80.140,79.580,80.050,3503799
2025-07-15 11:30:00,80.070,80.200,79.070,79.260,4292943
2025-07-15 13:30:00,79.260,80.500,79.020,80.440,5347590
2025-07-15 14:00:00,80.440,80.860,80.020,80.050,3901500
2025-07-15 14:30:00,80.050,80.280,79.960,80.190,2782827
2025-07-15 15:00:00,80.190,80.220,79.940,80.080,4930212
2025-07-16 10:00:00,79.660,80.470,78.520,79.570,11199922
2025-07-16 10:30:00,79.570,79.920,79.050,79.210,3816140
2025-07-16 11:00:00,79.210,79.230,78.840,79.200,2620383
2025-07-16 11:30:00,79.200,79.330,78.870,79.030,2135240
2025-07-16 13:30:00,79.040,79.040,78.760,78.940,2491800
2025-07-16 14:00:00,78.920,79.000,78.380,78.730,4015900
2025-07-16 14:30:00,78.730,78.890,78.660,78.740,2383200
2025-07-16 15:00:00,78.730,78.810,78.680,78.810,2962183
2025-07-17 10:00:00,78.910,79.790,78.530,79.790,8479612
2025-07-17 10:30:00,79.780,79.870,79.050,79.370,4612400
2025-07-17 11:00:00,79.370,79.850,79.250,79.760,2820959
2025-07-17 11:30:00,79.760,80.500,79.500,80.250,5017600
2025-07-17 13:30:00,80.250,80.650,80.050,80.520,4321240
2025-07-17 14:00:00,80.520,81.490,80.440,80.730,7209071
2025-07-17 14:30:00,80.740,81.100,80.650,80.890,3839019
2025-07-17 15:00:00,80.900,81.150,80.840,81.020,5283799
2025-07-18 10:00:00,81.210,82.800,81.210,82.500,13218150
2025-07-18 10:30:00,82.470,82.790,81.910,82.380,5356764
2025-07-18 11:00:00,82.380,83.140,82.200,82.270,4583848
2025-07-18 11:30:00,82.270,82.760,82.220,82.350,2573377
2025-07-18 13:30:00,82.390,83.010,81.810,82.800,4725935
2025-07-18 14:00:00,82.810,83.040,82.210,82.440,3140260
2025-07-18 14:30:00,82.430,82.770,82.420,82.550,3593320
2025-07-18 15:00:00,82.550,82.740,82.430,82.600,4387898
2025-07-21 10:00:00,82.610,82.800,80.840,81.980,15100691
2025-07-21 10:30:00,81.970,82.940,81.880,82.700,6524942
2025-07-21 11:00:00,82.700,83.490,82.560,83.000,6930080
2025-07-21 11:30:00,82.990,83.200,82.640,82.810,3813833
2025-07-21 13:30:00,82.810,82.810,81.650,82.290,5930975
2025-07-21 14:00:00,82.290,82.570,82.280,82.370,2985565
2025-07-21 14:30:00,82.370,82.900,82.360,82.880,3817372
2025-07-21 15:00:00,82.880,83.000,82.670,82.760,4571820
2025-07-22 10:00:00,82.120,85.930,82.000,84.590,16162617
2025-07-22 10:30:00,84.580,84.640,83.230,83.660,6031604
2025-07-22 11:00:00,83.640,84.290,83.510,84.080,3192740
2025-07-22 11:30:00,84.100,84.100,83.560,83.640,2318840
2025-07-22 13:30:00,83.640,84.000,83.230,83.490,3385465
2025-07-22 14:00:00,83.490,83.550,82.390,82.430,4888487
2025-07-22 14:30:00,82.420,83.000,82.290,82.940,4401771
2025-07-22 15:00:00,82.950,83.380,82.580,82.780,4899845
2025-07-23 10:00:00,83.800,85.590,83.500,85.040,19891179
2025-07-23 10:30:00,85.040,85.500,84.030,84.140,6380760
2025-07-23 11:00:00,84.140,84.260,83.400,83.770,4621076
2025-07-23 11:30:00,83.730,84.000,83.510,83.560,2651322
2025-07-23 13:30:00,83.580,83.990,83.300,83.990,3256119
2025-07-23 14:00:00,83.980,84.060,83.710,83.790,2377820
2025-07-23 14:30:00,83.790,84.050,83.620,84.050,4021299
2025-07-23 15:00:00,84.020,84.130,83.710,84.060,5793231
2025-07-24 10:00:00,83.660,85.190,83.510,85.060,10386620
2025-07-24 10:30:00,85.060,85.630,84.900,85.620,6030948
2025-07-24 11:00:00,85.620,85.630,85.250,85.560,3395116
2025-07-24 11:30:00,85.560,86.000,85.500,85.800,4340994
2025-07-24 13:30:00,85.800,86.500,85.670,86.480,6315070
2025-07-24 14:00:00,86.480,87.000,86.300,86.460,7148831
2025-07-24 14:30:00,86.440,86.900,86.110,86.690,3708782
2025-07-24 15:00:00,86.690,87.000,86.450,87.000,6651404
2025-07-25 10:00:00,87.000,90.690,86.390,89.800,27850420
2025-07-25 10:30:00,89.780,91.200,87.840,88.000,13866951
2025-07-25 11:00:00,88.000,89.100,87.980,88.800,3636906
2025-07-25 11:30:00,88.790,89.600,88.530,89.410,3021798
2025-07-25 13:30:00,89.410,89.540,88.870,89.180,2334500
2025-07-25 14:00:00,89.180,89.580,88.890,89.560,2390097
2025-07-25 14:30:00,89.560,89.730,88.600,88.920,3398638
2025-07-25 15:00:00,88.920,89.150,88.610,88.880,4594797
2025-07-28 10:00:00,89.500,91.170,89.130,90.050,15563026
2025-07-28 10:30:00,90.050,90.220,88.930,89.120,7707920
2025-07-28 11:00:00,89.120,89.970,88.810,89.940,4013291
2025-07-28 11:30:00,89.940,90.250,89.400,89.460,2945142
2025-07-28 13:30:00,89.450,90.980,89.400,90.400,5486814
2025-07-28 14:00:00,90.490,90.540,89.700,90.020,2679780
2025-07-28 14:30:00,90.020,91.100,90.020,91.100,4597221
2025-07-28 15:00:00,91.100,91.620,90.800,91.620,10274832
2025-07-29 10:00:00,93.450,95.710,90.700,92.920,35145189
2025-07-29 10:30:00,92.920,97.310,92.880,97.300,15201434
2025-07-29 11:00:00,97.300,97.810,96.000,97.300,9307566
2025-07-29 11:30:00,97.300,99.760,96.800,97.390,10422690
2025-07-29 13:30:00,97.390,97.950,96.510,97.950,5919099
2025-07-29 14:00:00,97.930,98.610,97.500,97.890,3882537
2025-07-29 14:30:00,97.890,99.390,97.730,98.910,5987963
2025-07-29 15:00:00,98.910,99.500,98.590,98.690,8148231
2025-07-30 10:00:00,98.600,102.490,98.280,101.790,31147594
2025-07-30 10:30:00,101.790,102.380,100.900,100.900,10242647
2025-07-30 11:00:00,100.950,101.690,100.000,101.680,6296423
2025-07-30 11:30:00,101.690,102.000,100.500,101.080,4754577
2025-07-30 13:30:00,101.080,101.500,100.580,101.480,3802082
2025-07-30 14:00:00,101.480,101.490,97.250,98.010,13974173
2025-07-30 14:30:00,98.010,99.590,97.500,99.590,13499491
2025-07-30 15:00:00,99.590,100.080,98.340,98.850,9197007
2025-07-31 10:00:00,96.000,97.390,94.920,97.300,38945772
2025-07-31 10:30:00,97.290,97.590,96.400,96.650,10839080
2025-07-31 11:00:00,96.640,97.730,96.200,97.700,7319031
2025-07-31 11:30:00,97.700,98.850,97.460,98.590,8752558
2025-07-31 13:30:00,98.600,98.600,96.350,96.460,7143273
2025-07-31 14:00:00,96.460,97.160,96.000,96.560,7161098
2025-07-31 14:30:00,96.550,96.560,95.620,95.660,8311707
2025-07-31 15:00:00,95.660,96.380,95.630,96.270,9881551
2025-08-01 10:00:00,95.590,96.280,94.560,96.280,19637923
2025-08-01 10:30:00,96.270,96.390,94.740,95.380,9781744
2025-08-01 11:00:00,95.380,95.490,93.500,93.830,14998167
2025-08-01 11:30:00,93.830,94.300,93.480,93.680,8022906
2025-08-01 13:30:00,93.680,93.680,92.370,92.390,14250912
2025-08-01 14:00:00,92.380,93.300,92.360,93.030,9625059
2025-08-01 14:30:00,93.030,93.350,92.560,93.130,5157943
2025-08-01 15:00:00,93.130,93.320,92.980,93.000,7851683
2025-08-04 10:00:00,93.000,93.000,89.610,91.930,28781724
2025-08-04 10:30:00,91.930,92.000,91.000,91.390,6115298
2025-08-04 11:00:00,91.390,91.440,90.500,90.590,4114247
2025-08-04 11:30:00,90.590,90.800,90.340,90.550,3229414
2025-08-04 13:30:00,90.570,92.100,90.500,91.020,6509421
2025-08-04 14:00:00,91.020,91.060,90.550,90.950,4073211
2025-08-04 14:30:00,90.960,91.730,90.890,91.650,5260716
2025-08-04 15:00:00,91.640,91.910,91.490,91.850,5832776
2025-08-05 10:00:00,92.900,94.150,92.900,93.430,18335868
2025-08-05 10:30:00,93.430,93.810,92.870,93.200,7276812
2025-08-05 11:00:00,93.220,93.330,92.680,92.910,4245805
2025-08-05 11:30:00,92.900,92.960,92.520,92.900,2665700
2025-08-05 13:30:00,92.900,93.630,92.900,93.060,4197551
2025-08-05 14:00:00,93.060,93.350,92.800,93.070,3076420
2025-08-05 14:30:00,93.070,93.450,92.970,93.280,3547987
2025-08-05 15:00:00,93.290,93.320,93.110,93.290,5152161
2025-08-06 10:00:00,93.290,95.500,92.980,95.110,18826957
2025-08-06 10:30:00,95.110,95.750,93.910,94.140,10952657
2025-08-06 11:00:00,94.080,94.280,93.830,94.030,3730768
2025-08-06 11:30:00,94.030,94.350,93.620,94.250,3089900
2025-08-06 13:30:00,94.240,94.250,93.020,93.080,5183690
2025-08-06 14:00:00,93.070,93.520,93.030,93.230,3471528
2025-08-06 14:30:00,93.220,93.380,93.030,93.190,3047690
2025-08-06 15:00:00,93.190,93.650,93.170,93.580,4222311
2025-08-07 10:00:00,92.460,93.920,92.050,92.500,11668257
2025-08-07 10:30:00,92.500,92.640,91.050,91.120,13339277
2025-08-07 11:00:00,91.090,91.540,90.400,90.410,9598321
2025-08-07 11:30:00,90.410,90.640,90.060,90.560,7820924
2025-08-07 13:30:00,90.560,91.020,90.200,90.860,5297310
2025-08-07 14:00:00,90.860,91.200,90.750,91.020,3145995
2025-08-07 14:30:00,91.020,91.400,90.940,91.220,3287351
2025-08-07 15:00:00,91.230,91.250,91.000,91.210,4210438
2025-08-08 10:00:00,90.300,91.080,89.000,91.030,16949102
2025-08-08 10:30:00,91.080,91.400,90.330,90.820,5898465
2025-08-08 11:00:00,90.830,91.300,90.680,90.900,3333534
2025-08-08 11:30:00,90.890,91.500,90.780,91.390,2747153
2025-08-08 13:30:00,91.390,91.650,90.770,90.820,3967133
2025-08-08 14:00:00,90.820,91.070,90.520,90.580,2918908
2025-08-08 14:30:00,90.570,90.980,90.560,90.900,2653759
2025-08-08 15:00:00,90.890,90.970,90.590,90.660,3738275
2025-08-11 10:00:00,90.800,92.500,90.800,91.690,10434897
2025-08-11 10:30:00,91.690,91.910,90.880,90.990,4709837
2025-08-11 11:00:00,90.990,91.040,90.600,90.830,4026439
2025-08-11 11:30:00,90.840,91.280,90.770,91.160,2356681
2025-08-11 13:30:00,91.170,91.450,90.960,91.160,3742100
2025-08-11 14:00:00,91.170,91.550,91.070,91.530,3940278
2025-08-11 14:30:00,91.530,92.000,90.810,91.020,5882642
2025-08-11 15:00:00,91.030,91.580,90.960,91.230,5339000
2025-08-12 10:00:00,91.550,91.750,90.800,91.270,9077072
2025-08-12 10:30:00,91.230,91.250,90.420,90.710,7236206
2025-08-12 11:00:00,90.680,90.960,90.100,90.290,5378826
2025-08-12 11:30:00,90.300,90.800,90.270,90.760,2061620
2025-08-12 13:30:00,90.750,91.660,90.740,91.000,4008800
2025-08-12 14:00:00,91.000,91.080,90.810,90.910,2128980
2025-08-12 14:30:00,90.920,91.240,90.800,91.210,2488520
2025-08-12 15:00:00,91.200,91.500,91.080,91.500,4793102
2025-08-13 10:00:00,92.100,94.290,91.640,93.760,23127371
2025-08-13 10:30:00,93.750,95.200,93.200,95.030,14644800
2025-08-13 11:00:00,95.070,95.850,94.710,95.700,11679653
2025-08-13 11:30:00,95.680,96.740,95.400,96.460,12088654
2025-08-13 13:30:00,96.450,97.000,96.180,96.540,10262687
2025-08-13 14:00:00,96.540,97.370,96.530,97.370,7316682
2025-08-13 14:30:00,97.360,99.500,97.000,97.150,15528796
2025-08-13 15:00:00,97.190,98.180,97.110,98.120,8456534
2025-08-14 10:00:00,99.000,99.070,97.300,97.850,20062191
2025-08-14 10:30:00,97.850,101.550,97.550,101.500,17476356
2025-08-14 11:00:00,101.480,102.360,99.500,99.990,12976609
2025-08-14 11:30:00,100.000,100.320,99.000,99.010,5570529
2025-08-14 13:30:00,99.010,99.090,97.900,98.500,8363965
2025-08-14 14:00:00,98.500,99.900,98.400,98.990,5195024
2025-08-14 14:30:00,98.990,99.500,98.880,99.150,3834391
2025-08-14 15:00:00,99.140,99.160,98.190,98.680,7284085
2025-08-15 10:00:00,97.550,98.390,96.800,97.290,15828180
2025-08-15 10:30:00,97.290,97.890,96.660,97.870,9087109
2025-08-15 11:00:00,97.870,98.660,97.710,98.250,5095982
2025-08-15 11:30:00,98.260,98.300,97.800,98.130,3030556
2025-08-15 13:30:00,98.190,99.300,98.090,98.570,6581376
2025-08-15 14:00:00,98.580,98.680,98.010,98.310,3953856
2025-08-15 14:30:00,98.300,98.450,97.510,97.760,4800574
2025-08-15 15:00:00,97.760,98.190,97.750,97.800,6415318
2025-08-18 10:00:00,97.800,99.300,96.900,97.180,18167704
2025-08-18 10:30:00,97.180,97.420,96.500,97.100,9780847
2025-08-18 11:00:00,97.090,97.660,97.010,97.400,4999618
2025-08-18 11:30:00,97.410,98.400,97.390,98.080,5751075
2025-08-18 13:30:00,98.080,98.200,97.080,97.200,5760627
2025-08-18 14:00:00,97.200,97.560,97.000,97.060,4294464
2025-08-18 14:30:00,97.060,97.260,96.700,97.020,5789631
2025-08-18 15:00:00,97.010,97.600,96.980,96.980,8167490
2025-08-19 10:00:00,97.150,99.000,97.150,97.660,18100110
2025-08-19 10:30:00,97.600,97.890,96.610,96.870,9248582
2025-08-19 11:00:00,96.870,97.410,96.780,96.800,3923220
2025-08-19 11:30:00,96.790,96.980,95.600,95.740,7811840
2025-08-19 13:30:00,95.750,95.780,93.430,93.460,20642046
2025-08-19 14:00:00,93.430,94.100,92.080,92.130,23212524
2025-08-19 14:30:00,92.130,93.310,90.580,91.450,22789791
2025-08-19 15:00:00,91.450,92.130,90.010,90.260,25437312
2025-08-20 10:00:00,89.370,91.980,89.080,91.650,28960632
2025-08-20 10:30:00,91.670,91.670,90.200,90.520,10151410
2025-08-20 11:00:00,90.550,91.080,90.200,90.210,6346315
2025-08-20 11:30:00,90.200,90.220,89.370,89.980,9238667
2025-08-20 13:30:00,90.000,90.120,89.550,90.000,6185357
2025-08-20 14:00:00,90.010,90.770,89.900,90.740,5851673
2025-08-20 14:30:00,90.740,91.880,90.740,91.860,7775992
2025-08-20 15:00:00,91.860,91.880,91.380,91.810,7603785
2025-08-21 10:00:00,92.300,93.330,91.680,91.810,14356468
2025-08-21 10:30:00,91.820,92.260,91.710,91.980,5544941
2025-08-21 11:00:00,91.980,92.300,91.760,91.790,3735220
2025-08-21 11:30:00,91.790,92.050,91.350,91.820,3561608
2025-08-21 13:30:00,91.820,92.390,91.800,92.060,3511570
2025-08-21 14:00:00,92.060,92.220,91.700,91.970,2205169
2025-08-21 14:30:00,91.970,92.080,91.270,91.510,3230710
2025-08-21 15:00:00,91.510,91.790,91.200,91.700,3571329
2025-08-22 10:00:00,92.000,92.300,91.250,91.980,8697929
2025-08-22 10:30:00,91.980,92.990,91.940,92.420,9631465
2025-08-22 11:00:00,92.440,93.170,92.000,92.780,6998354
2025-08-22 11:30:00,92.770,92.890,92.500,92.710,3576508
2025-08-22 13:30:00,92.700,92.730,92.070,92.620,4771527
2025-08-22 14:00:00,92.620,93.300,92.600,93.280,7206554
2025-08-22 14:30:00,93.280,93.900,93.150,93.900,7678264
2025-08-22 15:00:00,93.880,94.020,93.610,94.000,9455779
2025-08-25 10:00:00,95.440,96.430,94.690,95.490,18674011
2025-08-25 10:30:00,95.500,97.800,95.490,97.800,15315036
2025-08-25 11:00:00,97.800,98.780,97.180,98.320,11136206
2025-08-25 11:30:00,98.310,99.430,97.980,97.980,12624593
2025-08-25 13:30:00,97.970,98.400,97.200,97.310,8893506
2025-08-25 14:00:00,97.310,98.570,97.260,98.200,6828258
2025-08-25 14:30:00,98.200,99.290,98.080,99.250,7759113
2025-08-25 15:00:00,99.250,100.000,98.970,99.980,12081039
2025-08-26 10:00:00,99.400,99.400,96.910,97.460,18244274
2025-08-26 10:30:00,97.440,97.650,96.980,97.060,8712436
2025-08-26 11:00:00,97.050,97.420,96.600,97.390,7691026
2025-08-26 11:30:00,97.390,97.870,96.900,97.730,4767340
2025-08-26 13:30:00,97.730,97.810,97.150,97.170,4437636
2025-08-26 14:00:00,97.160,97.400,96.900,97.270,5674939
2025-08-26 14:30:00,97.260,97.580,96.700,96.790,5727814
2025-08-26 15:00:00,96.790,96.970,96.410,96.800,11749229
2025-08-27 10:00:00,97.400,98.990,97.400,98.000,16174507
2025-08-27 10:30:00,98.000,98.200,97.160,97.250,6816665
2025-08-27 11:00:00,97.250,97.780,96.870,97.390,5853775
2025-08-27 11:30:00,97.390,98.250,97.300,98.220,4792315
2025-08-27 13:30:00,98.220,98.280,97.330,97.410,5344246
2025-08-27 14:00:00,97.430,97.470,96.610,96.680,6556282
2025-08-27 14:30:00,96.680,97.080,95.880,95.900,7318065
2025-08-27 15:00:00,95.900,96.650,95.400,95.400,9164238
2025-08-28 10:00:00,94.930,95.850,93.910,94.090,12609063
2025-08-28 10:30:00,94.070,95.000,93.620,94.880,7568461
2025-08-28 11:00:00,94.880,95.220,94.400,94.460,3908004
2025-08-28 11:30:00,94.510,94.600,93.880,94.110,4602509
2025-08-28 13:30:00,94.140,94.400,92.770,92.880,8571030
2025-08-28 14:00:00,92.880,93.930,92.500,93.760,7807166
2025-08-28 14:30:00,93.760,94.690,93.750,94.400,5459800
2025-08-28 15:00:00,94.400,95.720,94.400,95.690,7780040
2025-08-29 10:00:00,95.780,97.560,95.620,96.150,14941029
2025-08-29 10:30:00,96.130,99.450,95.990,99.450,17650545
2025-08-29 11:00:00,99.450,100.500,98.510,99.600,13772741
2025-08-29 11:30:00,99.590,101.870,99.480,100.050,12998237
2025-08-29 13:30:00,100.050,102.990,99.920,101.050,14574255
2025-08-29 14:00:00,101.060,102.110,100.670,102.110,5856807
2025-08-29 14:30:00,102.110,102.700,101.880,102.240,7250894
2025-08-29 15:00:00,102.240,103.960,102.240,103.300,14615045
2025-09-01 10:00:00,104.200,107.650,101.510,106.880,37056574
2025-09-01 10:30:00,106.880,109.960,106.630,109.000,20681435
2025-09-01 11:00:00,109.000,110.000,107.890,108.800,9904871
2025-09-01 11:30:00,108.780,109.500,108.100,108.540,5117733
2025-09-01 13:30:00,108.520,111.230,108.500,110.950,9301251
2025-09-01 14:00:00,110.760,111.660,110.280,110.860,5975152
2025-09-01 14:30:00,110.850,111.390,110.530,111.000,4164779
2025-09-01 15:00:00,111.010,112.010,110.800,111.580,9043585
2025-09-02 10:00:00,111.000,115.790,110.050,115.580,34350235
2025-09-02 10:30:00,115.380,115.590,111.400,112.500,17218322
2025-09-02 11:00:00,112.520,112.830,110.790,110.950,11313183
2025-09-02 11:30:00,110.950,112.350,110.150,111.220,9163190
2025-09-02 13:30:00,111.210,111.400,109.550,110.480,10585238
2025-09-02 14:00:00,110.500,114.970,110.480,112.570,10646818
2025-09-02 14:30:00,112.570,112.950,110.710,110.830,5499110
2025-09-02 15:00:00,110.830,112.130,110.830,112.000,7349673
2025-09-03 10:00:00,111.720,112.950,109.290,110.700,19050406
2025-09-03 10:30:00,110.670,111.880,110.270,111.040,7457379
2025-09-03 11:00:00,111.030,112.880,110.170,110.760,10078974
2025-09-03 11:30:00,110.760,110.830,109.030,109.250,8525332
2025-09-03 13:30:00,109.250,110.710,109.010,110.350,5792399
2025-09-03 14:00:00,110.350,110.380,108.690,109.640,7215172
2025-09-03 14:30:00,109.640,110.790,109.330,110.650,5404601
2025-09-03 15:00:00,110.660,110.880,109.310,110.880,8412929
2025-09-04 10:00:00,112.270,112.700,106.000,106.150,25843115
2025-09-04 10:30:00,106.150,106.500,103.680,104.120,18192226
2025-09-04 11:00:00,104.140,104.160,101.110,103.380,16856175
2025-09-04 11:30:00,103.380,103.920,101.550,101.990,6990368
2025-09-04 13:30:00,101.990,102.930,100.800,101.010,8255485
2025-09-04 14:00:00,101.020,102.480,100.180,102.210,7676309
2025-09-04 14:30:00,102.200,102.210,100.280,100.820,6782213
2025-09-04 15:00:00,100.820,102.540,99.980,101.940,12267544
2025-09-05 10:00:00,101.930,103.380,100.200,102.980,20228624
2025-09-05 10:30:00,102.980,104.060,101.520,104.040,9289689
2025-09-05 11:00:00,104.040,106.400,103.450,104.820,14303900
2025-09-05 11:30:00,104.810,105.860,104.580,105.260,5609438
2025-09-05 13:30:00,105.260,105.350,104.200,104.980,4869620
2025-09-05 14:00:00,104.970,105.470,104.550,105.240,4044022
2025-09-05 14:30:00,105.250,107.740,105.250,107.190,9959284
2025-09-05 15:00:00,107.210,108.320,106.980,107.400,11924668
2025-09-08 10:00:00,108.380,111.880,108.010,109.000,25843561
2025-09-08 10:30:00,109.000,109.180,106.770,107.600,10773088
2025-09-08 11:00:00,107.560,108.090,106.880,108.060,5387672
2025-09-08 11:30:00,108.070,108.070,106.800,107.700,3564201
2025-09-08 13:30:00,107.710,110.390,107.200,109.920,6973227
2025-09-08 14:00:00,109.910,111.480,109.380,110.340,8808315
2025-09-08 14:30:00,110.310,110.750,109.680,109.860,3257908
2025-09-08 15:00:00,109.840,111.000,109.830,110.600,6489560
2025-09-09 10:00:00,108.940,112.650,108.310,112.350,14443529
2025-09-09 10:30:00,112.350,112.480,107.910,108.600,12306140
2025-09-09 11:00:00,108.590,109.170,107.810,108.130,5469741
2025-09-09 11:30:00,108.120,108.420,106.990,107.310,5593300
2025-09-09 13:30:00,107.350,107.880,106.330,107.040,7376060
2025-09-09 14:00:00,107.110,107.120,105.320,105.780,8570126
2025-09-09 14:30:00,105.770,106.800,105.450,106.030,5461648
2025-09-09 15:00:00,106.030,106.620,105.880,106.370,4997903
2025-09-10 10:00:00,106.100,109.370,105.900,107.890,18006786
2025-09-10 10:30:00,107.890,108.030,105.800,106.090,8474993
2025-09-10 11:00:00,106.110,107.240,105.960,107.200,4205610
2025-09-10 11:30:00,107.240,107.540,106.160,107.100,3166585
2025-09-10 13:30:00,107.080,107.730,106.440,107.330,3349058
2025-09-10 14:00:00,107.330,108.210,107.000,107.970,3455432
2025-09-10 14:30:00,107.960,108.190,107.380,107.400,3198680
2025-09-10 15:00:00,107.390,107.590,106.960,107.230,3994621
2025-09-11 10:00:00,99.000,103.000,97.550,102.400,44145492
2025-09-11 10:30:00,102.420,104.020,102.400,103.180,11818941
2025-09-11 11:00:00,103.180,104.230,103.010,103.970,6861631
2025-09-11 11:30:00,103.970,105.170,103.860,105.040,6740957
2025-09-11 13:30:00,105.100,105.200,103.330,104.410,8710252
2025-09-11 14:00:00,104.300,104.540,103.700,104.010,5639593
2025-09-11 14:30:00,104.010,104.800,103.860,104.130,6733758
2025-09-11 15:00:00,104.120,104.680,104.100,104.650,9689566
2025-09-12 10:00:00,105.600,106.490,103.790,104.020,17451546
2025-09-12 10:30:00,104.060,104.750,103.310,104.390,7917268
2025-09-12 11:00:00,104.390,104.800,103.750,103.810,3167060
2025-09-12 11:30:00,103.800,104.960,103.500,104.880,3818596
2025-09-12 13:30:00,104.870,106.880,104.000,106.110,8498798
2025-09-12 14:00:00,106.040,107.280,105.820,106.270,7532857
2025-09-12 14:30:00,106.260,106.350,105.600,105.900,3915531
2025-09-12 15:00:00,105.850,105.920,105.280,105.470,4360461
2025-09-15 10:00:00,105.000,107.520,105.000,107.340,15180570
2025-09-15 10:30:00,107.360,107.960,105.860,107.050,8099086
2025-09-15 11:00:00,107.060,108.290,106.820,107.850,7227831
2025-09-15 11:30:00,107.860,108.500,107.400,107.820,4705300
2025-09-15 13:30:00,107.840,108.990,107.510,108.040,5646243
2025-09-15 14:00:00,108.040,108.410,107.460,107.810,2446456
2025-09-15 14:30:00,107.810,107.980,107.050,107.250,3211716
2025-09-15 15:00:00,107.260,107.450,106.730,107.000,4874995
2025-09-16 10:00:00,106.500,107.250,105.600,105.950,10210251
2025-09-16 10:30:00,105.950,107.130,105.730,106.370,4942996
2025-09-16 11:00:00,106.370,106.400,105.530,105.670,3801190
2025-09-16 11:30:00,105.670,106.230,105.580,105.990,2029033
2025-09-16 13:30:00,106.000,107.500,105.960,106.550,4137269
2025-09-16 14:00:00,106.550,106.990,106.380,106.920,2480304
2025-09-16 14:30:00,106.920,107.250,106.760,106.830,3361375
2025-09-16 15:00:00,106.820,107.190,106.810,107.050,4038510
2025-09-17 10:00:00,106.890,107.600,106.290,107.190,8356750
2025-09-17 10:30:00,107.190,107.890,105.500,105.670,6110620
2025-09-17 11:00:00,105.640,107.890,105.380,107.700,5999101
2025-09-17 11:30:00,107.770,109.260,107.590,108.300,7269176
2025-09-17 13:30:00,108.260,108.780,107.600,107.600,3623331
2025-09-17 14:00:00,107.640,110.720,107.600,110.400,7879375
2025-09-17 14:30:00,110.320,110.400,108.570,108.780,5650100
2025-09-17 15:00:00,108.770,109.420,108.720,109.290,4876754
2025-09-18 10:00:00,109.470,110.400,107.600,107.970,11690137
2025-09-18 10:30:00,107.950,109.600,107.560,109.530,6964122
2025-09-18 11:00:00,109.530,109.680,108.700,109.540,3528473
2025-09-18 11:30:00,109.530,109.810,108.800,109.500,2995203
2025-09-18 13:30:00,109.500,110.900,108.980,109.240,8259463
2025-09-18 14:00:00,109.240,110.170,108.110,108.230,5347695
2025-09-18 14:30:00,108.220,108.450,107.110,107.140,7869089
2025-09-18 15:00:00,107.140,107.740,106.060,107.430,7652714
2025-09-19 10:00:00,107.700,109.970,107.020,107.680,13169468
2025-09-19 10:30:00,107.600,109.170,107.590,107.850,5347913
2025-09-19 11:00:00,107.850,107.850,106.250,106.530,4325397
2025-09-19 11:30:00,106.520,107.140,106.210,106.640,2474120
2025-09-19 13:30:00,106.630,107.100,105.400,105.720,4430905
2025-09-19 14:00:00,105.760,105.930,105.000,105.520,4373628
2025-09-19 14:30:00,105.510,107.160,105.290,107.070,3688740
2025-09-19 15:00:00,107.080,108.750,106.580,108.750,12353543
2025-09-22 10:00:00,108.010,110.530,106.760,108.830,16901496
2025-09-22 10:30:00,108.830,109.680,107.600,107.710,5341341
2025-09-22 11:00:00,107.710,108.580,107.170,108.470,4001633
2025-09-22 11:30:00,108.460,108.850,107.490,108.250,2738998
2025-09-22 13:30:00,108.220,108.580,107.800,108.460,2668829
2025-09-22 14:00:00,108.470,108.630,108.100,108.190,2526894
2025-09-22 14:30:00,108.180,108.410,107.820,108.290,2949600
2025-09-22 15:00:00,108.310,109.110,108.310,109.030,6854791
2025-09-23 10:00:00,108.500,109.730,107.010,107.030,12574009
2025-09-23 10:30:00,107.020,107.500,105.000,105.010,12168483
2025-09-23 11:00:00,105.000,106.100,104.210,104.620,9108095
2025-09-23 11:30:00,104.620,104.640,103.120,103.210,7514188
2025-09-23 13:30:00,103.210,104.280,103.100,103.190,6636342
2025-09-23 14:00:00,103.180,103.830,102.690,103.460,6404928
2025-09-23 14:30:00,103.400,104.020,102.690,104.010,4254968
2025-09-23 15:00:00,104.020,105.050,103.800,104.780,5670408
2025-09-24 10:00:00,104.020,106.000,104.020,104.720,9979782
2025-09-24 10:30:00,104.720,105.230,104.400,104.580,4158459
2025-09-24 11:00:00,104.580,105.560,104.180,105.500,3470454
2025-09-24 11:30:00,105.490,106.170,105.430,105.890,6082905
2025-09-24 13:30:00,105.850,106.160,105.160,105.430,4440362
2025-09-24 14:00:00,105.430,105.460,104.850,105.000,3215925
2025-09-24 14:30:00,105.000,105.200,104.770,104.900,3218273
2025-09-24 15:00:00,104.900,105.090,104.770,105.030,4783033
2025-09-25 10:00:00,104.880,108.320,104.880,106.230,19661494
2025-09-25 10:30:00,106.230,107.600,106.210,107.390,5334355
2025-09-25 11:00:00,107.390,108.290,107.210,107.440,5843358
2025-09-25 11:30:00,107.420,108.500,107.280,108.210,5483855
2025-09-25 13:30:00,108.200,108.500,107.560,107.770,5007215
2025-09-25 14:00:00,107.800,108.100,107.300,107.840,3009140
2025-09-25 14:30:00,107.810,108.050,107.590,107.950,3011900
2025-09-25 15:00:00,107.960,108.040,107.380,107.380,5358374
2025-09-26 10:00:00,104.700,104.700,101.660,103.750,24019045
2025-09-26 10:30:00,103.740,104.050,102.750,103.120,5043190
2025-09-26 11:00:00,103.110,103.540,102.910,103.300,2612046
2025-09-26 11:30:00,103.280,104.940,103.220,104.740,3491660
2025-09-26 13:30:00,104.760,104.780,103.800,104.220,2114700
2025-09-26 14:00:00,104.220,104.270,103.490,103.520,2362110
2025-09-26 14:30:00,103.550,104.000,103.030,103.260,2948119
2025-09-26 15:00:00,103.270,103.380,102.840,102.920,5937652
2025-09-29 10:00:00,102.900,104.100,101.500,101.830,11760842
2025-09-29 10:30:00,101.830,103.080,101.830,102.810,4342123
2025-09-29 11:00:00,102.810,103.560,102.500,102.920,3413492
2025-09-29 11:30:00,102.920,103.190,102.230,102.380,2603440
2025-09-29 13:30:00,102.380,104.470,102.360,102.810,4355585
2025-09-29 14:00:00,102.820,105.400,102.670,105.400,9681780
2025-09-29 14:30:00,105.410,105.600,104.410,105.460,6108836
2025-09-29 15:00:00,105.460,105.500,105.070,105.270,4669303
2025-09-30 10:00:00,105.270,110.700,105.220,109.590,20558429
2025-09-30 10:30:00,109.700,111.310,109.150,109.450,13422244
2025-09-30 11:00:00,109.450,109.900,109.110,109.640,4399855
2025-09-30 11:30:00,109.640,111.300,109.600,110.610,5989199
2025-09-30 13:30:00,110.630,111.500,110.330,111.170,5955618
2025-09-30 14:00:00,111.180,111.300,110.650,111.150,4470589
2025-09-30 14:30:00,111.170,112.110,111.110,111.950,8242877
2025-09-30 15:00:00,111.950,112.260,111.910,112.030,7700733
2025-10-09 10:00:00,112.030,113.400,110.180,110.310,19910577
2025-10-09 10:30:00,110.290,112.910,109.850,112.680,9451287
2025-10-09 11:00:00,112.670,113.970,112.250,113.100,7485719
2025-10-09 11:30:00,113.140,113.390,112.800,113.320,2998241
2025-10-09 13:30:00,113.300,113.590,112.500,112.860,4021651
2025-10-09 14:00:00,112.850,113.180,112.500,112.990,3420319
2025-10-09 14:30:00,112.990,113.030,112.380,112.400,3288860
2025-10-09 15:00:00,112.390,112.850,112.370,112.850,4894175
2025-10-10 10:00:00,111.780,111.800,106.300,107.650,22646296
2025-10-10 10:30:00,107.680,108.440,106.800,108.000,8753240
2025-10-10 11:00:00,107.990,108.000,106.750,106.970,5408800
2025-10-10 11:30:00,106.970,106.970,105.960,106.340,6391760
2025-10-10 13:30:00,106.340,106.390,105.380,105.640,6275309
2025-10-10 14:00:00,105.610,105.650,105.040,105.520,4615489
2025-10-10 14:30:00,105.520,105.610,104.500,104.890,7037760
2025-10-10 15:00:00,104.880,105.660,104.570,104.720,7802211
2025-10-13 10:00:00,98.000,101.040,97.800,99.090,28530080
2025-10-13 10:30:00,99.020,99.550,98.010,99.500,11699220
2025-10-13 11:00:00,99.490,99.680,98.800,99.300,4709577
2025-10-13 11:30:00,99.300,99.400,98.730,98.750,3990172
2025-10-13 13:30:00,98.740,99.050,98.000,99.050,6840951
2025-10-13 14:00:00,99.040,99.850,98.750,99.710,3952486
2025-10-13 14:30:00,99.710,99.860,99.380,99.580,3762056
2025-10-13 15:00:00,99.580,100.300,99.570,99.730,6609048
2025-10-14 10:00:00,101.050,101.900,99.600,99.840,11829074
2025-10-14 10:30:00,99.850,100.210,99.090,99.120,5297671
2025-10-14 11:00:00,99.120,99.500,98.560,98.590,4307406
2025-10-14 11:30:00,98.660,99.110,98.180,98.420,3799560
2025-10-14 13:30:00,98.400,98.500,97.210,97.620,7574757
2025-10-14 14:00:00,97.630,97.830,96.000,96.100,9601744
2025-10-14 14:30:00,96.110,96.200,95.340,96.200,7593082
2025-10-14 15:00:00,96.190,96.480,95.500,95.920,6185790
2025-10-15 10:00:00,96.100,97.200,94.850,97.060,10519389
2025-10-15 10:30:00,97.060,98.930,97.000,98.180,9619312
2025-10-15 11:00:00,98.190,98.370,97.130,97.230,4330689
2025-10-15 11:30:00,97.230,98.230,97.230,98.040,2338148
2025-10-15 13:30:00,98.050,98.160,97.380,97.880,2525800
2025-10-15 14:00:00,97.880,98.740,97.820,98.200,3438498
2025-10-15 14:30:00,98.200,99.650,98.140,99.310,4910444
2025-10-15 15:00:00,99.310,99.550,99.120,99.460,4439695
2025-10-16 10:00:00,99.460,101.480,98.660,101.040,10927150
2025-10-16 10:30:00,101.030,102.430,100.790,101.450,9301862
2025-10-16 11:00:00,101.450,101.750,101.080,101.360,3002090
2025-10-16 11:30:00,101.360,101.450,100.510,100.550,2522285
2025-10-16 13:30:00,100.540,100.910,99.800,100.210,3945138
2025-10-16 14:00:00,100.160,100.900,100.010,100.290,2598700
2025-10-16 14:30:00,100.280,100.920,100.170,100.530,2132260
2025-10-16 15:00:00,100.540,101.490,100.410,101.060,4730960
2025-10-17 10:00:00,100.800,101.260,98.820,98.890,9077608
2025-10-17 10:30:00,98.900,98.900,97.750,98.220,7131011
2025-10-17 11:00:00,98.240,98.800,97.880,98.080,3762247
2025-10-17 11:30:00,98.080,98.090,97.230,97.460,3898144
2025-10-17 13:30:00,97.460,98.070,97.340,98.040,2609745
2025-10-17 14:00:00,98.040,98.170,97.300,97.480,2519520
2025-10-17 14:30:00,97.490,97.680,96.500,97.030,4716582
2025-10-17 15:00:00,97.040,97.170,96.460,96.600,5926997
2025-10-20 10:00:00,98.100,99.800,97.500,99.720,8997378
2025-10-20 10:30:00,99.720,100.550,99.150,99.410,6602577
2025-10-20 11:00:00,99.420,100.300,99.150,99.190,3400381
2025-10-20 11:30:00,99.190,99.500,98.900,99.220,1802947
2025-10-20 13:30:00,99.220,99.450,98.500,99.090,2651140
2025-10-20 14:00:00,99.090,99.150,98.790,99.090,1356591
2025-10-20 14:30:00,99.080,99.110,98.470,98.670,2114937
2025-10-20 15:00:00,98.670,99.100,98.490,98.890,2921759
2025-10-21 10:00:00,99.860,100.800,99.020,99.910,6250985
2025-10-21 10:30:00,99.980,101.200,99.690,100.890,4431682
2025-10-21 11:00:00,100.890,102.000,100.850,101.120,6286320
2025-10-21 11:30:00,101.120,101.990,101.000,101.590,2570080
2025-10-21 13:30:00,101.520,101.800,101.080,101.340,2242457
2025-10-21 14:00:00,101.350,102.000,101.210,101.420,3446341
2025-10-21 14:30:00,101.410,102.000,101.350,101.880,3357180
2025-10-21 15:00:00,101.870,102.110,101.600,102.040,4959642
2025-10-22 10:00:00,101.290,102.880,100.870,101.170,7002543
2025-10-22 10:30:00,101.140,101.690,100.710,101.600,3643916
2025-10-22 11:00:00,101.590,102.000,101.000,101.000,2105020
2025-10-22 11:30:00,101.130,101.220,100.840,100.870,1764842
2025-10-22 13:30:00,100.860,101.440,100.760,101.430,1650790
2025-10-22 14:00:00,101.430,101.440,100.980,101.160,1066940
2025-10-22 14:30:00,101.150,101.310,100.970,101.110,1287240
2025-10-22 15:00:00,101.110,101.220,100.800,100.900,2610865
2025-10-23 10:00:00,100.950,102.000,100.280,100.400,5847973
2025-10-23 10:30:00,100.410,100.800,99.810,100.620,4590477
2025-10-23 11:00:00,100.630,101.210,99.900,100.000,2231500
2025-10-23 11:30:00,100.000,100.960,99.970,100.300,1212527
2025-10-23 13:30:00,100.300,100.870,100.200,100.790,1101000
2025-10-23 14:00:00,100.810,100.990,100.340,100.890,1214200
2025-10-23 14:30:00,100.890,101.170,100.800,101.110,1815648
2025-10-23 15:00:00,101.110,101.990,100.950,101.900,4474223
2025-10-24 10:00:00,102.500,105.350,101.960,102.990,15133233
2025-10-24 10:30:00,102.990,103.650,102.440,102.500,5009746
2025-10-24 11:00:00,102.500,102.850,102.090,102.600,2486670
2025-10-24 11:30:00,102.650,102.990,102.250,102.730,1884930
2025-10-24 13:30:00,102.730,103.310,102.600,103.150,2881114
2025-10-24 14:00:00,103.180,103.800,102.950,103.790,2805120
2025-10-24 14:30:00,103.790,103.830,103.450,103.610,2269974
2025-10-24 15:00:00,103.620,103.810,103.000,103.810,5429613
2025-10-27 10:00:00,110.600,111.000,107.310,107.400,34586784
2025-10-27 10:30:00,107.400,107.800,106.610,106.740,10772905
2025-10-27 11:00:00,106.750,107.700,106.630,107.440,4422095
2025-10-27 11:30:00,107.430,107.440,106.830,106.980,2537800
2025-10-27 13:30:00,106.980,107.080,106.100,106.920,4808982
2025-10-27 14:00:00,106.940,106.960,105.300,105.320,5099125
2025-10-27 14:30:00,105.310,106.460,105.310,106.290,4162844
2025-10-27 15:00:00,106.300,106.820,106.250,106.640,5585961
2025-10-28 10:00:00,106.790,108.280,104.790,106.100,16939389
2025-10-28 10:30:00,106.090,106.490,105.510,105.790,4419360
2025-10-28 11:00:00,105.770,105.800,104.700,105.180,5090521
2025-10-28 11:30:00,105.180,106.000,105.110,105.730,2501463
2025-10-28 13:30:00,105.730,105.780,104.010,104.550,5750620
2025-10-28 14:00:00,104.520,104.660,104.000,104.530,3445554
2025-10-28 14:30:00,104.530,104.850,104.080,104.250,2855605
2025-10-28 15:00:00,104.250,104.370,103.900,103.960,5228447
2025-10-29 10:00:00,103.250,104.630,103.200,103.580,9836768
2025-10-29 10:30:00,103.580,104.100,103.130,103.260,4253001
2025-10-29 11:00:00,103.260,103.610,102.840,103.250,3752177
2025-10-29 11:30:00,103.250,104.370,103.180,104.240,3160846
2025-10-29 13:30:00,104.280,106.480,104.020,106.100,9181705
2025-10-29 14:00:00,106.110,106.930,105.820,106.500,7582470
2025-10-29 14:30:00,106.500,106.550,105.500,105.550,3143663
2025-10-29 15:00:00,105.530,106.040,105.530,106.040,4412773
2025-10-30 10:00:00,100.500,100.500,97.000,98.170,51355053
2025-10-30 10:30:00,98.170,98.330,96.850,96.880,21569531
2025-10-30 11:00:00,96.890,97.780,96.460,97.730,14035139
2025-10-30 11:30:00,97.730,98.620,97.030,98.510,7574685
2025-10-30 13:30:00,98.510,98.580,97.060,97.690,7607019
2025-10-30 14:00:00,97.680,98.320,97.420,97.700,5327863
2025-10-30 14:30:00,97.670,97.680,97.350,97.390,5406131
2025-10-30 15:00:00,97.400,97.450,97.000,97.060,10243156
2025-10-31 10:00:00,97.410,99.500,96.550,98.610,21620476
2025-10-31 10:30:00,98.610,99.490,98.360,99.440,7333075
2025-10-31 11:00:00,99.420,100.500,99.210,100.500,10964555
2025-10-31 11:30:00,100.500,100.500,99.020,99.060,5567073
2025-10-31 13:30:00,99.060,100.210,99.010,99.810,5692830
2025-10-31 14:00:00,99.810,100.150,99.670,99.880,3789989
2025-10-31 14:30:00,99.870,100.120,99.860,100.000,4568667
2025-10-31 15:00:00,100.000,100.050,99.270,99.400,6157414
2025-11-03 10:00:00,99.430,99.870,96.780,96.850,15375337
2025-11-03 10:30:00,96.840,97.800,96.350,97.490,8963880
2025-11-03 11:00:00,97.490,98.200,97.160,97.880,3860270
2025-11-03 11:30:00,97.870,97.880,96.890,97.100,2927507
2025-11-03 13:30:00,97.100,97.650,96.880,97.250,3156828
2025-11-03 14:00:00,97.270,97.330,96.500,96.640,5371161
2025-11-03 14:30:00,96.640,96.850,95.800,96.000,9983327
2025-11-03 15:00:00,96.020,96.430,95.900,96.410,6208400
2025-11-04 10:00:00,96.000,96.020,93.690,93.920,17482416
2025-11-04 10:30:00,93.880,94.220,93.540,93.910,9504062
2025-11-04 11:00:00,93.900,94.080,93.280,93.450,6557711
2025-11-04 11:30:00,93.460,94.430,93.420,94.020,3473402
2025-11-04 13:30:00,94.030,94.050,93.600,93.860,2669446
2025-11-04 14:00:00,93.850,94.010,93.500,93.730,3608607
2025-11-04 14:30:00,93.740,93.820,93.300,93.310,4821200
2025-11-04 15:00:00,93.320,94.000,93.240,93.810,6569221
2025-11-05 10:00:00,92.130,95.470,92.130,94.730,15204833
2025-11-05 10:30:00,94.710,95.700,94.250,94.820,6039658
2025-11-05 11:00:00,94.820,95.000,94.480,94.690,2293563
2025-11-05 11:30:00,94.700,95.500,94.690,95.100,2747157
2025-11-05 13:30:00,95.110,95.250,94.550,94.670,3046130
2025-11-05 14:00:00,94.660,94.980,94.450,94.500,2653617
2025-11-05 14:30:00,94.500,94.720,94.040,94.710,3859675
2025-11-05 15:00:00,94.710,94.800,94.240,94.310,3256059
2025-11-06 10:00:00,94.400,95.170,93.560,94.680,7638483
2025-11-06 10:30:00,94.670,95.190,94.480,95.120,4092880
2025-11-06 11:00:00,95.120,95.340,94.710,95.040,3614815
2025-11-06 11:30:00,95.030,95.160,94.700,94.820,2084583
2025-11-06 13:30:00,94.830,95.190,94.820,95.120,2120995
2025-11-06 14:00:00,95.120,95.190,94.860,95.110,2164649
2025-11-06 14:30:00,95.110,95.870,95.100,95.770,4466612
2025-11-06 15:00:00,95.770,95.840,95.440,95.690,3631808
2025-11-07 10:00:00,95.000,95.440,94.000,94.610,7084113
2025-11-07 10:30:00,94.610,95.430,94.550,95.230,3161874
2025-11-07 11:00:00,95.220,95.810,95.220,95.460,2691554
2025-11-07 11:30:00,95.460,95.730,95.180,95.250,1514121
2025-11-07 13:30:00,95.250,95.440,95.000,95.190,1766406
2025-11-07 14:00:00,95.190,95.380,94.600,94.650,2596087
2025-11-07 14:30:00,94.650,94.990,94.650,94.920,1616520
2025-11-07 15:00:00,94.930,95.100,94.800,94.840,2971619
2025-11-10 10:00:00,94.680,94.840,92.900,92.910,10753537
2025-11-10 10:30:00,92.900,93.380,92.580,93.090,8151695
2025-11-10 11:00:00,93.090,93.120,92.600,92.680,4491578
2025-11-10 11:30:00,92.670,92.800,92.290,92.360,4410520
2025-11-10 13:30:00,92.370,93.770,92.240,93.530,4634857
2025-11-10 14:00:00,93.550,93.870,93.110,93.310,2465940
2025-11-10 14:30:00,93.280,93.800,93.180,93.420,2234573
2025-11-10 15:00:00,93.410,93.650,93.320,93.450,3722206
2025-11-11 10:00:00,94.400,94.400,92.710,92.950,6879531
2025-11-11 10:30:00,92.980,93.160,92.600,92.630,3304947
2025-11-11 11:00:00,92.620,92.830,92.250,92.310,3193620
2025-11-11 11:30:00,92.310,92.640,92.250,92.520,1942691
2025-11-11 13:30:00,92.540,92.600,92.300,92.320,1880981
2025-11-11 14:00:00,92.310,92.720,92.310,92.480,1611342
2025-11-11 14:30:00,92.480,92.700,92.380,92.500,1631923
2025-11-11 15:00:00,92.490,92.520,92.370,92.500,2562738
2025-11-12 10:00:00,92.900,94.300,92.700,94.060,11204136
2025-11-12 10:30:00,94.060,94.470,93.770,93.770,5818427
2025-11-12 11:00:00,93.760,93.800,93.060,93.110,3409540
2025-11-12 11:30:00,93.110,93.180,92.780,92.790,2806000
2025-11-12 13:30:00,92.780,93.000,92.400,92.700,2765654
2025-11-12 14:00:00,92.700,92.820,92.510,92.600,1766860
2025-11-12 14:30:00,92.600,92.700,92.280,92.560,2834392
2025-11-12 15:00:00,92.560,92.620,92.350,92.350,4354660
2025-11-13 10:00:00,93.200,94.470,92.500,94.050,12725471
2025-11-13 10:30:00,94.070,94.800,93.560,94.430,7194381
2025-11-13 11:00:00,94.460,94.980,94.330,94.810,4557720
2025-11-13 11:30:00,94.820,95.380,94.560,95.300,5569284
2025-11-13 13:30:00,95.300,95.880,95.250,95.480,6986280
2025-11-13 14:00:00,95.480,95.720,95.000,95.500,3857660
2025-11-13 14:30:00,95.500,96.240,95.300,96.230,7145340
2025-11-13 15:00:00,96.230,96.900,96.180,96.460,8309677
2025-11-14 10:00:00,95.580,96.370,94.740,95.030,11839790
2025-11-14 10:30:00,95.030,96.350,95.020,96.150,4144432
2025-11-14 11:00:00,96.150,96.650,95.800,96.070,3146300
2025-11-14 11:30:00,96.070,96.180,95.650,95.700,1471700
2025-11-14 13:30:00,95.720,95.720,94.990,95.630,2945952
2025-11-14 14:00:00,95.630,95.870,95.300,95.760,1695713
2025-11-14 14:30:00,95.750,95.910,95.300,95.400,2213780
2025-11-14 15:00:00,95.400,95.800,95.020,95.020,4409789
2025-11-17 10:00:00,95.000,95.000,93.200,93.210,9027234
2025-11-17 10:30:00,93.210,93.660,92.900,93.160,4848190
2025-11-17 11:00:00,93.150,93.480,93.000,93.100,2033705
2025-11-17 11:30:00,93.100,93.240,92.870,93.000,2464000
2025-11-17 13:30:00,92.970,93.030,92.790,92.830,2099246
2025-11-17 14:00:00,92.840,93.050,92.700,93.010,1775357
2025-11-17 14:30:00,93.010,93.190,92.890,93.060,1690800
2025-11-17 15:00:00,93.060,93.830,93.020,93.760,3554700
2025-11-18 10:00:00,93.750,94.410,93.230,93.370,5312888
2025-11-18 10:30:00,93.360,93.760,93.010,93.070,3124099
2025-11-18 11:00:00,93.070,93.400,92.910,92.940,2525957
2025-11-18 11:30:00,92.920,93.270,92.900,93.020,2480240
2025-11-18 13:30:00,93.080,93.100,92.400,92.400,4258300
2025-11-18 14:00:00,92.400,92.900,92.400,92.570,2773828
2025-11-18 14:30:00,92.570,92.580,92.130,92.150,4082926
2025-11-18 15:00:00,92.160,92.460,92.010,92.320,4364803
2025-11-19 10:00:00,92.320,92.850,91.770,92.800,5367000
2025-11-19 10:30:00,92.790,93.470,92.560,93.380,3786772
2025-11-19 11:00:00,93.390,94.300,93.100,93.560,5638500
2025-11-19 11:30:00,93.560,93.580,93.030,93.040,1764300
2025-11-19 13:30:00,93.050,93.200,92.710,92.780,2064406
2025-11-19 14:00:00,92.780,93.440,92.770,93.410,1438679
2025-11-19 14:30:00,93.400,93.600,93.100,93.590,1736555
2025-11-19 15:00:00,93.590,93.810,93.200,93.200,2901926
2025-11-20 10:00:00,94.390,95.630,93.980,94.510,9444390
2025-11-20 10:30:00,94.510,94.990,94.110,94.190,3547526
2025-11-20 11:00:00,94.190,94.380,93.790,93.800,2437600
2025-11-20 11:30:00,93.800,94.390,93.800,94.330,1592500
2025-11-20 13:30:00,94.310,94.680,94.000,94.140,1490542
2025-11-20 14:00:00,94.140,94.350,94.000,94.150,1187600
2025-11-20 14:30:00,94.150,94.280,93.780,93.850,1601340
2025-11-20 15:00:00,93.850,94.100,93.420,93.670,3213585
2025-11-21 10:00:00,93.050,94.330,92.500,92.840,7276521
2025-11-21 10:30:00,92.840,93.100,91.810,91.880,5074537
2025-11-21 11:00:00,91.880,91.900,90.500,91.270,7360764
2025-11-21 11:30:00,91.270,91.900,90.870,91.710,2937560
2025-11-21 13:30:00,91.700,93.570,91.520,92.740,4698703
2025-11-21 14:00:00,92.750,93.220,92.260,92.260,1861520
2025-11-21 14:30:00,92.270,92.650,92.010,92.100,1930200
2025-11-21 15:00:00,92.100,92.200,91.700,91.800,3544270
2025-11-24 10:00:00,93.000,93.490,92.020,92.580,7047000
2025-11-24 10:30:00,92.570,93.790,92.100,93.560,5138602
2025-11-24 11:00:00,93.550,93.950,92.800,92.890,2897497
2025-11-24 11:30:00,92.880,93.090,92.630,92.790,1634240
2025-11-24 13:30:00,92.800,93.800,92.610,93.650,3440520
2025-11-24 14:00:00,93.660,93.920,93.570,93.770,4048200
2025-11-24 14:30:00,93.770,94.000,93.640,93.980,3119504
2025-11-24 15:00:00,93.990,94.070,93.610,93.970,5511110
2025-11-25 10:00:00,95.300,95.310,94.050,94.920,8868395
2025-11-25 10:30:00,94.920,95.060,94.330,95.040,3673460
2025-11-25 11:00:00,95.040,95.220,94.810,94.880,3243844
2025-11-25 11:30:00,94.870,95.600,94.670,95.140,4883657
2025-11-25 13:30:00,95.140,95.160,94.500,94.590,3040000
2025-11-25 14:00:00,94.590,94.850,94.510,94.690,1939336
2025-11-25 14:30:00,94.680,94.740,94.030,94.230,3048300
2025-11-25 15:00:00,94.240,94.360,94.090,94.310,3486231
2025-11-26 10:00:00,94.650,96.500,93.870,95.980,11068497
2025-11-26 10:30:00,95.980,96.200,95.510,95.810,4292400
2025-11-26 11:00:00,95.810,96.070,95.600,96.000,3004109
2025-11-26 11:30:00,95.990,96.130,95.790,95.810,2643379
2025-11-26 13:30:00,95.810,95.860,95.230,95.400,3247000
2025-11-26 14:00:00,95.380,95.410,94.920,95.010,2575060
2025-11-26 14:30:00,95.000,95.390,94.870,95.000,2515640
2025-11-26 15:00:00,95.020,95.280,94.990,95.280,3782829
2025-11-27 10:00:00,93.500,93.500,91.220,92.980,20870498
2025-11-27 10:30:00,92.980,93.300,92.110,92.250,6419666
2025-11-27 11:00:00,92.250,92.800,92.170,92.340,3087245
2025-11-27 11:30:00,92.400,92.450,91.580,91.610,6119910
2025-11-27 13:30:00,91.600,92.700,91.590,92.450,3210160
2025-11-27 14:00:00,92.460,92.660,92.090,92.420,3245782
2025-11-27 14:30:00,92.420,92.490,92.100,92.240,3209180
2025-11-27 15:00:00,92.240,92.260,92.020,92.200,4450056
2025-11-28 10:00:00,92.200,92.490,90.880,90.880,10167004
2025-11-28 10:30:00,90.880,91.490,90.800,91.120,4035455
2025-11-28 11:00:00,91.120,91.450,91.000,91.320,2793400
2025-11-28 11:30:00,91.320,91.460,91.080,91.280,2153000
2025-11-28 13:30:00,91.280,91.490,91.130,91.310,2384954
2025-11-28 14:00:00,91.310,91.430,91.260,91.360,1748211
2025-11-28 14:30:00,91.360,91.380,91.080,91.200,2959596
2025-11-28 15:00:00,91.190,91.300,91.110,91.190,5628778
2025-12-01 10:00:00,91.390,92.160,91.050,91.720,7513185
2025-12-01 10:30:00,91.720,91.750,91.000,91.350,4267557
2025-12-01 11:00:00,91.340,91.780,91.290,91.690,2299327
2025-12-01 11:30:00,91.700,91.750,91.510,91.540,1446400
2025-12-01 13:30:00,91.550,91.920,91.390,91.730,2749077
2025-12-01 14:00:00,91.720,92.060,91.660,92.030,2973314
2025-12-01 14:30:00,92.030,92.230,91.990,92.010,2947096
2025-12-01 15:00:00,92.020,92.300,91.980,92.300,3403551
2025-12-02 10:00:00,92.030,92.180,90.720,90.960,8117430
2025-12-02 10:30:00,90.960,91.100,90.610,90.800,4066500
2025-12-02 11:00:00,90.800,90.820,90.510,90.590,3509000
2025-12-02 11:30:00,90.590,90.590,89.700,89.860,7682235
2025-12-02 13:30:00,89.860,90.150,89.400,89.430,5531482
2025-12-02 14:00:00,89.440,89.800,89.190,89.250,5105361
2025-12-02 14:30:00,89.250,89.660,89.220,89.350,3843601
2025-12-02 15:00:00,89.360,89.460,89.200,89.420,5478297
2025-12-03 10:00:00,89.100,89.500,88.220,88.440,12040825
2025-12-03 10:30:00,88.450,89.080,87.800,87.890,7478968
2025-12-03 11:00:00,87.870,87.910,87.280,87.720,7801177
2025-12-03 11:30:00,87.720,87.870,87.500,87.740,3136560
2025-12-03 13:30:00,87.750,87.890,87.610,87.660,3792311
2025-12-03 14:00:00,87.660,87.680,87.360,87.410,4128541
2025-12-03 14:30:00,87.410,87.450,87.180,87.320,3981700
2025-12-03 15:00:00,87.320,87.630,87.210,87.620,4287588
2025-12-04 10:00:00,88.080,88.770,87.610,87.680,6759055
2025-12-04 10:30:00,87.690,88.350,87.680,88.220,2740299
2025-12-04 11:00:00,88.220,88.500,88.170,88.200,2492100
2025-12-04 11:30:00,88.220,88.250,88.050,88.070,1437400
2025-12-04 13:30:00,88.080,88.080,87.760,87.900,2013500
2025-12-04 14:00:00,87.900,88.070,87.860,88.000,1616235
2025-12-04 14:30:00,87.990,88.600,87.980,88.600,2295103
2025-12-04 15:00:00,88.600,89.620,88.590,89.590,11043781
2025-12-05 10:00:00,90.250,91.480,89.590,90.250,13834842
2025-12-05 10:30:00,90.260,90.910,89.800,90.770,4718167
2025-12-05 11:00:00,90.760,90.830,90.360,90.500,2678516
2025-12-05 11:30:00,90.510,90.750,89.910,89.990,3463180
2025-12-05 13:30:00,90.000,90.260,89.520,89.790,3038525
2025-12-05 14:00:00,89.800,90.530,89.750,90.470,3165220
2025-12-05 14:30:00,90.460,90.700,90.360,90.380,3584348
2025-12-05 15:00:00,90.370,90.560,90.340,90.400,3975333
2025-12-08 10:00:00,90.830,91.750,90.410,90.770,9285700
2025-12-08 10:30:00,90.790,91.700,90.650,91.440,6275982
2025-12-08 11:00:00,91.420,91.800,91.240,91.480,4023837
2025-12-08 11:30:00,91.470,91.550,91.220,91.300,2050998
2025-12-08 13:30:00,91.290,91.310,90.720,91.110,3098948
2025-12-08 14:00:00,91.110,91.200,90.950,91.190,1957364
2025-12-08 14:30:00,91.190,91.410,91.050,91.300,2766126
2025-12-08 15:00:00,91.280,91.910,91.280,91.550,7010178
2025-12-09 10:00:00,91.400,94.300,91.050,94.170,15906375
2025-12-09 10:30:00,94.200,94.330,92.710,92.800,8687540
2025-12-09 11:00:00,92.800,93.000,92.610,92.720,2869800
2025-12-09 11:30:00,92.730,93.000,92.600,92.650,1671242
2025-12-09 13:30:00,92.650,92.680,92.000,92.000,2407452
2025-12-09 14:00:00,92.010,92.200,91.860,91.940,2341202
2025-12-09 14:30:00,91.940,92.330,91.810,92.100,2625164
2025-12-09 15:00:00,92.100,92.370,92.100,92.170,2501436
2025-12-10 10:00:00,91.480,91.500,89.670,90.820,10599980
2025-12-10 10:30:00,90.820,92.300,90.770,91.800,4309188
2025-12-10 11:00:00,91.800,92.090,91.650,92.000,2015257
2025-12-10 11:30:00,92.000,92.150,91.500,91.510,1528260
2025-12-10 13:30:00,91.510,91.730,91.200,91.680,1706320
2025-12-10 14:00:00,91.680,91.880,91.430,91.660,1562600
2025-12-10 14:30:00,91.650,92.570,91.650,92.470,3403989
2025-12-10 15:00:00,92.470,92.950,92.380,92.750,4447518
2025-12-11 10:00:00,92.990,95.660,92.760,94.910,19426337
2025-12-11 10:30:00,94.900,95.230,94.340,94.600,5985754
2025-12-11 11:00:00,94.600,95.080,94.310,94.590,3274100
2025-12-11 11:30:00,94.590,94.790,94.300,94.320,2378330
2025-12-11 13:30:00,94.320,94.340,93.610,93.640,3581400
2025-12-11 14:00:00,93.640,94.100,93.560,93.940,2568860
2025-12-11 14:30:00,93.940,94.290,93.730,93.800,2740150
2025-12-11 15:00:00,93.800,94.010,93.200,93.400,5804674
2025-12-12 10:00:00,93.680,93.950,92.420,93.110,8146236
2025-12-12 10:30:00,93.130,93.400,92.450,93.020,5800230
2025-12-12 11:00:00,93.060,93.920,93.020,93.710,5431200
2025-12-12 11:30:00,93.720,94.150,93.270,93.540,4615933
2025-12-12 13:30:00,93.510,93.880,93.300,93.620,4672101
2025-12-12 14:00:00,93.620,94.060,93.510,93.790,4898116
2025-12-12 14:30:00,93.800,94.030,93.640,93.650,5025955
2025-12-12 15:00:00,93.670,94.050,93.300,94.050,8750719
2025-12-15 10:00:00,92.800,93.400,91.900,92.680,8231723
2025-12-15 10:30:00,92.690,92.970,92.120,92.320,3426340
2025-12-15 11:00:00,92.300,92.480,91.930,92.040,3527076
2025-12-15 11:30:00,92.040,92.170,91.380,91.390,4426600
2025-12-15 13:30:00,91.390,91.660,91.000,91.110,3959800
2025-12-15 14:00:00,91.110,91.560,91.000,91.470,3169700
2025-12-15 14:30:00,91.470,91.830,91.170,91.370,3716316
2025-12-15 15:00:00,91.370,91.390,91.110,91.210,3708160
2025-12-16 10:00:00,91.000,91.990,89.800,90.040,7041012
2025-12-16 10:30:00,90.020,90.270,89.800,90.060,3654020
2025-12-16 11:00:00,90.060,90.060,89.030,89.350,3681500
2025-12-16 11:30:00,89.340,89.620,89.090,89.380,1862808
2025-12-16 13:30:00,89.380,89.910,89.250,89.350,1988894
2025-12-16 14:00:00,89.350,89.570,89.200,89.240,2493448
2025-12-16 14:30:00,89.270,89.550,89.020,89.130,3399969
2025-12-16 15:00:00,89.200,89.390,88.500,89.120,3949284
2025-12-17 10:00:00,89.370,89.590,88.740,89.290,4670396
2025-12-17 10:30:00,89.270,89.400,88.730,89.080,2658638
2025-12-17 11:00:00,89.090,89.200,88.800,88.960,2025900
2025-12-17 11:30:00,88.960,89.380,88.950,89.080,1954500
2025-12-17 13:30:00,89.090,89.150,88.870,89.020,2277092
2025-12-17 14:00:00,89.020,90.380,88.980,90.380,6229678
2025-12-17 14:30:00,90.380,91.100,90.280,90.490,6582992
2025-12-17 15:00:00,90.500,90.810,90.360,90.590,3758480
2025-12-18 10:00:00,90.050,92.200,89.590,92.090,9500746
2025-12-18 10:30:00,92.090,92.090,91.240,91.270,4247607
2025-12-18 11:00:00,91.270,91.340,90.700,90.700,3005200
2025-12-18 11:30:00,90.700,91.170,90.580,91.110,2767174
2025-12-18 13:30:00,91.110,91.350,90.930,91.030,2915910
2025-12-18 14:00:00,91.040,91.200,90.760,90.860,1683980
2025-12-18 14:30:00,90.860,90.970,90.600,90.700,1913020
2025-12-18 15:00:00,90.710,90.800,90.520,90.590,2620300
2025-12-19 10:00:00,91.000,92.460,90.500,92.410,8235850
2025-12-19 10:30:00,92.420,94.690,92.000,93.830,15967795
2025-12-19 11:00:00,93.830,94.500,93.450,94.030,5815592
2025-12-19 11:30:00,94.040,94.240,93.400,93.490,3006856
2025-12-19 13:30:00,93.470,93.550,92.800,92.930,3653072
2025-12-19 14:00:00,92.940,92.950,92.510,92.510,2689000
2025-12-19 14:30:00,92.510,92.740,92.360,92.500,2629215
2025-12-19 15:00:00,92.510,92.600,92.300,92.470,4378782
2025-12-22 10:00:00,92.390,93.510,90.830,92.930,10499896
2025-12-22 10:30:00,92.980,93.050,92.250,92.300,3466720
2025-12-22 11:00:00,92.280,92.520,91.680,91.760,2899476
2025-12-22 11:30:00,91.760,92.460,91.740,91.950,2113200
2025-12-22 13:30:00,91.930,91.950,91.370,91.380,3713000
2025-12-22 14:00:00,91.380,91.510,91.030,91.250,3782133
2025-12-22 14:30:00,91.250,91.540,91.050,91.130,3418000
2025-12-22 15:00:00,91.130,91.280,90.890,91.210,5823006
2025-12-23 10:00:00,91.600,91.790,90.400,91.310,7314127
2025-12-23 10:30:00,91.330,91.450,90.900,91.090,2808700
2025-12-23 11:00:00,91.090,91.460,90.900,91.060,2330763
2025-12-23 11:30:00,91.060,91.440,91.020,91.220,1860195
2025-12-23 13:30:00,91.230,91.240,90.600,91.040,3033620
2025-12-23 14:00:00,91.030,91.050,90.710,90.730,2019300
2025-12-23 14:30:00,90.730,90.790,90.600,90.630,1998300
2025-12-23 15:00:00,90.630,90.650,90.340,90.620,3760522
2025-12-24 10:00:00,90.620,92.100,90.500,91.260,7593697
2025-12-24 10:30:00,91.270,91.330,90.380,90.480,5315654
2025-12-24 11:00:00,90.480,90.960,90.340,90.660,2201097
2025-12-24 11:30:00,90.650,90.870,90.570,90.700,1439400
2025-12-24 13:30:00,90.710,90.990,90.240,90.970,2348269
2025-12-24 14:00:00,90.980,91.290,90.800,90.990,1971878
2025-12-24 14:30:00,90.980,91.080,90.780,90.820,1466845
2025-12-24 15:00:00,90.830,90.890,90.700,90.820,2730101
2025-12-25 10:00:00,90.880,91.090,90.560,90.560,4034229
2025-12-25 10:30:00,90.560,90.750,90.280,90.570,2299841
2025-12-25 11:00:00,90.580,90.610,90.420,90.600,922346
2025-12-25 11:30:00,90.590,90.780,90.550,90.680,952209
2025-12-25 13:30:00,90.680,91.700,90.600,91.550,4133935
2025-12-25 14:00:00,91.560,92.000,91.560,91.930,4615176
2025-12-25 14:30:00,91.920,91.980,91.870,91.930,2615427
2025-12-25 15:00:00,91.920,91.950,91.850,91.940,2608807
2025-12-26 10:00:00,91.800,93.600,91.570,93.000,9399308
2025-12-26 10:30:00,92.990,93.190,92.850,93.050,3099043
2025-12-26 11:00:00,93.050,93.070,92.450,92.480,2401600
2025-12-26 11:30:00,92.480,92.920,91.900,92.300,3064697
2025-12-26 13:30:00,92.300,92.620,91.970,92.570,2148915
2025-12-26 14:00:00,92.570,92.840,92.380,92.640,1308871
2025-12-26 14:30:00,92.640,92.860,92.450,92.610,1686700
2025-12-26 15:00:00,92.610,92.750,92.400,92.700,2594900
2025-12-29 10:00:00,92.630,93.330,91.650,92.570,8512421
2025-12-29 10:30:00,92.570,92.690,91.710,91.930,3687900
2025-12-29 11:00:00,91.970,92.550,91.900,92.380,2409000
2025-12-29 11:30:00,92.390,92.800,92.210,92.220,2064439
2025-12-29 13:30:00,92.230,93.500,92.050,93.380,4575635
2025-12-29 14:00:00,93.350,93.360,92.600,92.600,2356072
2025-12-29 14:30:00,92.600,92.980,92.490,92.720,2014780
2025-12-29 15:00:00,92.720,92.750,92.320,92.500,2796660
2025-12-30 10:00:00,92.100,92.290,91.330,91.540,5661379
2025-12-30 10:30:00,91.540,91.620,91.080,91.130,3982022
2025-12-30 11:00:00,91.150,91.350,90.910,91.150,3207700
2025-12-30 11:30:00,91.160,91.170,90.910,90.970,2266982
2025-12-30 13:30:00,90.980,92.250,90.520,91.890,4938782
2025-12-30 14:00:00,91.870,92.580,91.730,92.010,4517739
2025-12-30 14:30:00,92.040,92.390,92.000,92.100,2083993
2025-12-30 15:00:00,92.130,92.170,91.740,91.900,4076189
2025-12-31 10:00:00,91.900,93.790,91.670,93.240,13998203
2025-12-31 10:30:00,93.230,93.670,92.900,93.000,4908400
2025-12-31 11:00:00,93.010,93.140,92.020,92.070,4117252
2025-12-31 11:30:00,92.100,92.460,91.410,91.440,3168184
2025-12-31 13:30:00,91.430,91.430,90.790,91.060,5038600
2025-12-31 14:00:00,91.060,91.200,90.850,91.010,3128200
2025-12-31 14:30:00,91.010,91.150,90.910,90.930,2460320
2025-12-31 15:00:00,90.930,90.940,90.640,90.640,5097430
2026-01-05 10:00:00,90.850,93.670,90.850,93.630,21196775
2026-01-05 10:30:00,93.660,95.140,93.610,94.990,15309231
2026-01-05 11:00:00,95.000,96.200,94.980,95.960,12181390
2026-01-05 11:30:00,95.970,96.160,95.600,95.730,4928789
2026-01-05 13:30:00,95.720,95.930,94.590,94.780,6241262
2026-01-05 14:00:00,94.780,95.110,94.520,95.090,3716206
2026-01-05 14:30:00,95.090,95.250,94.730,94.970,3479040
2026-01-05 15:00:00,94.970,94.980,94.500,94.570,5809290
2026-01-06 10:00:00,95.130,95.490,94.110,94.470,11141838
2026-01-06 10:30:00,94.500,95.300,94.370,94.770,4465249
2026-01-06 11:00:00,94.780,95.800,94.360,95.530,5986900
2026-01-06 11:30:00,95.510,96.500,95.440,96.200,6643247
2026-01-06 13:30:00,96.200,96.490,95.700,96.120,3882960
2026-01-06 14:00:00,96.120,96.180,95.420,95.750,4302195
2026-01-06 14:30:00,95.780,96.400,95.570,96.290,4874379
2026-01-06 15:00:00,96.300,96.390,96.100,96.250,5078938
2026-01-07 10:00:00,96.280,98.260,95.990,97.500,13840903
2026-01-07 10:30:00,97.500,98.900,97.420,97.470,11545052
2026-01-07 11:00:00,97.460,98.470,97.420,98.090,3855222
2026-01-07 11:30:00,98.090,98.870,98.020,98.410,4319240
2026-01-07 13:30:00,98.410,98.830,97.750,97.800,6875068
2026-01-07 14:00:00,97.800,97.980,97.000,97.670,5794428
2026-01-07 14:30:00,97.660,98.340,97.500,98.030,3222906
2026-01-07 15:00:00,98.030,98.080,97.750,98.040,3632623
2026-01-08 10:00:00,98.810,99.900,97.630,98.230,15787551
2026-01-08 10:30:00,98.250,98.850,97.900,98.470,5248469
2026-01-08 11:00:00,98.480,98.500,97.810,98.010,3681000
2026-01-08 11:30:00,98.000,98.570,97.840,98.060,3132348
2026-01-08 13:30:00,98.050,98.900,97.940,98.220,3274758
2026-01-08 14:00:00,98.230,98.500,97.790,98.000,3039901
2026-01-08 14:30:00,98.000,98.000,97.000,97.880,4364518
2026-01-08 15:00:00,97.880,98.300,97.790,98.170,3538400
2026-01-09 10:00:00,98.680,98.790,97.020,98.680,9717668
2026-01-09 10:30:00,98.650,99.080,98.100,98.880,5128887
2026-01-09 11:00:00,98.870,101.000,98.750,100.400,12428828
2026-01-09 11:30:00,100.400,100.450,99.400,99.600,4874363
2026-01-09 13:30:00,99.600,100.100,99.260,99.560,4389990
2026-01-09 14:00:00,99.560,100.180,99.530,99.820,4349684
2026-01-09 14:30:00,99.830,99.970,99.200,99.380,3742860
2026-01-09 15:00:00,99.380,99.520,99.060,99.080,6129124
2026-01-12 10:00:00,100.000,101.000,97.600,98.450,13470853
2026-01-12 10:30:00,98.380,98.990,98.030,98.320,4636388
2026-01-12 11:00:00,98.300,99.310,98.090,99.300,4039257
2026-01-12 11:30:00,99.300,99.470,98.830,99.210,3580074
2026-01-12 13:30:00,99.220,99.230,98.430,98.580,6217231
2026-01-12 14:00:00,98.580,98.770,98.310,98.680,4029504
2026-01-12 14:30:00,98.640,99.000,98.550,98.980,3925648
2026-01-12 15:00:00,98.970,99.080,98.600,98.680,4496200
2026-01-13 10:00:00,101.800,106.500,101.660,105.770,41054828
2026-01-13 10:30:00,105.810,106.280,104.100,104.950,13062367
2026-01-13 11:00:00,104.950,105.000,103.500,103.850,8139121
2026-01-13 11:30:00,103.900,104.500,103.030,104.360,4975330
2026-01-13 13:30:00,104.370,105.620,103.950,104.610,6509516
2026-01-13 14:00:00,104.720,106.200,104.580,105.450,8930341
2026-01-13 14:30:00,105.430,105.600,104.600,104.700,3539250
2026-01-13 15:00:00,104.710,104.990,104.010,104.600,6244010
2026-01-14 10:00:00,104.550,106.990,103.800,104.790,19203516
2026-01-14 10:30:00,104.790,105.630,104.710,104.860,6990658
2026-01-14 11:00:00,104.860,105.280,104.390,105.280,4885281
2026-01-14 11:30:00,105.290,105.650,104.910,105.090,4713738
2026-01-14 13:30:00,105.030,105.080,102.610,103.200,11482821
2026-01-14 14:00:00,103.200,103.600,102.020,102.070,6279118
2026-01-14 14:30:00,102.060,103.780,102.000,103.740,5323837
2026-01-14 15:00:00,103.740,103.780,103.050,103.400,4344953
2026-01-15 10:00:00,103.010,105.880,102.520,104.550,13842941
2026-01-15 10:30:00,104.550,104.700,103.350,103.430,5364422
2026-01-15 11:00:00,103.450,104.340,103.410,104.030,2757700
2026-01-15 11:30:00,104.070,104.300,103.700,103.860,1832851
2026-01-15 13:30:00,103.850,104.000,103.320,103.450,2842271
2026-01-15 14:00:00,103.450,104.100,103.380,103.660,2388860
2026-01-15 14:30:00,103.660,103.900,103.350,103.530,3134910
2026-01-15 15:00:00,103.510,103.790,103.200,103.560,4558955
2026-01-16 10:00:00,103.580,105.120,103.100,103.410,10893260
2026-01-16 10:30:00,103.400,104.300,102.890,104.300,5925271
2026-01-16 11:00:00,104.300,106.300,104.230,105.760,10335853
2026-01-16 11:30:00,105.760,106.100,104.800,104.930,3774256
2026-01-16 13:30:00,104.900,105.060,104.030,104.480,3174720
2026-01-16 14:00:00,104.480,105.200,104.200,104.260,3044920
2026-01-16 14:30:00,104.240,104.410,103.810,104.320,3197820
2026-01-16 15:00:00,104.320,104.490,103.900,104.300,4429103
2026-01-19 10:00:00,104.400,105.730,102.080,102.260,13463110
2026-01-19 10:30:00,102.250,103.180,101.010,101.420,9458863
2026-01-19 11:00:00,101.420,101.640,100.500,101.520,8756434
2026-01-19 11:30:00,101.550,102.160,101.280,101.410,2999068
2026-01-19 13:30:00,101.410,102.720,101.300,102.680,3072741
2026-01-19 14:00:00,102.680,102.740,101.530,101.870,3456723
2026-01-19 14:30:00,101.850,102.500,101.760,102.290,2514460
2026-01-19 15:00:00,102.260,102.580,102.200,102.390,4186892
2026-01-20 10:00:00,101.880,102.300,99.410,99.480,11786067
2026-01-20 10:30:00,99.480,99.550,97.870,98.420,14174121
2026-01-20 11:00:00,98.420,99.380,98.170,99.240,3908540
2026-01-20 11:30:00,99.240,99.880,98.920,99.520,2805098
2026-01-20 13:30:00,99.520,99.920,99.360,99.710,3072260
2026-01-20 14:00:00,99.710,100.240,99.650,99.750,3138779
2026-01-20 14:30:00,99.770,99.830,99.320,99.470,2916753
2026-01-20 15:00:00,99.470,99.610,99.110,99.460,6311467
2026-01-21 10:00:00,99.000,100.520,98.380,100.100,7861533
2026-01-21 10:30:00,100.130,100.760,99.900,100.410,3196094
2026-01-21 11:00:00,100.400,100.470,99.840,100.260,2683405
2026-01-21 11:30:00,100.260,100.600,99.700,99.800,2821927
2026-01-21 13:30:00,99.750,100.320,99.400,99.820,4218275
2026-01-21 14:00:00,99.760,99.840,99.400,99.470,3095978
2026-01-21 14:30:00,99.490,99.580,98.550,98.690,6103919
2026-01-21 15:00:00,98.660,98.830,98.200,98.550,8708700
2026-01-22 10:00:00,99.000,99.660,98.220,98.230,6729046
2026-01-22 10:30:00,98.230,98.300,96.560,96.760,11697983
2026-01-22 11:00:00,96.730,97.830,96.710,97.720,4282424
2026-01-22 11:30:00,97.700,97.710,96.880,96.880,3642800
2026-01-22 13:30:00,96.890,97.580,96.850,97.520,3144500
2026-01-22 14:00:00,97.520,97.880,97.510,97.690,2735720
2026-01-22 14:30:00,97.700,97.770,97.170,97.370,3321855
2026-01-22 15:00:00,97.360,97.600,96.890,97.600,5964458
2026-01-23 10:00:00,98.010,99.380,97.660,98.800,10121961
2026-01-23 10:30:00,98.860,98.950,97.810,97.830,4705928
2026-01-23 11:00:00,97.830,98.240,97.370,98.110,3861665
2026-01-23 11:30:00,98.130,98.310,97.470,97.790,2719289
2026-01-23 13:30:00,97.800,98.110,97.580,97.690,2786279
2026-01-23 14:00:00,97.690,97.990,97.510,97.690,2861542
2026-01-23 14:30:00,97.700,97.810,97.300,97.580,3998675
2026-01-23 15:00:00,97.580,97.600,96.940,97.600,7628774
2026-01-26 10:00:00,97.850,97.980,95.810,96.320,13035595
2026-01-26 10:30:00,96.340,97.500,96.230,97.100,4988388
2026-01-26 11:00:00,97.040,97.380,96.030,96.040,4698762
2026-01-26 11:30:00,96.030,96.650,96.000,96.470,2313056
2026-01-26 13:30:00,96.470,97.930,96.430,97.150,4474759
2026-01-26 14:00:00,97.150,97.560,97.000,97.220,2365715
2026-01-26 14:30:00,97.240,97.290,96.880,97.090,2936165
2026-01-26 15:00:00,97.090,97.240,96.530,96.720,5421446
2026-01-27 10:00:00,96.870,97.490,95.330,95.690,9814417
2026-01-27 10:30:00,95.690,96.470,95.430,96.130,5085234
2026-01-27 11:00:00,96.130,97.190,96.120,97.190,4526040
2026-01-27 11:30:00,97.150,97.500,96.820,97.380,3510649
2026-01-27 13:30:00,97.380,97.750,96.930,97.060,2815119
2026-01-27 14:00:00,97.050,97.300,96.800,97.110,2067040
2026-01-27 14:30:00,97.120,97.350,96.500,96.600,3130220
2026-01-27 15:00:00,96.590,96.690,95.680,95.790,7232219
2026-01-28 10:00:00,96.000,96.300,94.730,95.570,9958231
2026-01-28 10:30:00,95.580,95.600,94.930,94.970,5072710
2026-01-28 11:00:00,94.970,95.310,94.630,94.760,5675898
2026-01-28 11:30:00,94.760,95.590,94.660,95.380,4356160
2026-01-28 13:30:00,95.400,95.700,94.960,95.020,5627191
2026-01-28 14:00:00,95.000,95.710,94.950,95.540,3841060
2026-01-28 14:30:00,95.540,96.180,95.460,96.020,4038784
2026-01-28 15:00:00,96.030,96.210,95.200,95.700,7176780
2026-01-29 10:00:00,95.620,97.190,94.650,96.660,11332598
2026-01-29 10:30:00,96.650,97.580,96.610,97.290,7646097
2026-01-29 11:00:00,97.290,97.350,96.700,96.850,2574560
2026-01-29 11:30:00,96.830,96.890,96.070,96.120,3153760
2026-01-29 13:30:00,96.120,97.250,96.060,96.960,4878499
2026-01-29 14:00:00,97.000,97.990,96.900,97.800,8155351
2026-01-29 14:30:00,97.800,98.550,97.600,98.010,8654988
2026-01-29 15:00:00,98.010,98.260,97.700,98.020,7163197
2026-01-30 10:00:00,97.850,98.780,95.770,96.400,14467625
2026-01-30 10:30:00,96.380,96.800,95.910,96.030,4468364
2026-01-30 11:00:00,96.030,96.370,95.500,96.210,4744313
2026-01-30 11:30:00,96.210,96.500,95.830,96.220,2472348
2026-01-30 13:30:00,96.220,96.860,96.120,96.310,2800332
2026-01-30 14:00:00,96.310,96.340,95.860,95.860,3218900
2026-01-30 14:30:00,95.860,95.990,95.540,95.600,3325896
2026-01-30 15:00:00,95.600,95.770,95.200,95.200,4752815
2026-02-02 10:00:00,95.210,96.180,95.110,95.520,7917828
2026-02-02 10:30:00,95.520,95.600,94.700,94.950,4573232
2026-02-02 11:00:00,94.970,95.000,94.410,94.490,3879850
2026-02-02 11:30:00,94.490,94.620,93.900,93.930,3346201
2026-02-02 13:30:00,93.930,94.410,93.640,93.730,3758470
2026-02-02 14:00:00,93.730,93.840,93.110,93.770,3871960
2026-02-02 14:30:00,93.770,94.110,93.490,93.530,3024600
2026-02-02 15:00:00,93.520,93.610,92.910,93.200,5927152
2026-02-03 10:00:00,93.400,94.600,93.400,93.620,7120586
2026-02-03 10:30:00,93.620,93.880,93.020,93.030,4130253
2026-02-03 11:00:00,93.020,93.390,92.430,93.330,4236793
2026-02-03 11:30:00,93.330,93.800,93.280,93.670,2075032
2026-02-03 13:30:00,93.670,93.950,93.430,93.930,1964664
2026-02-03 14:00:00,93.920,94.270,93.880,94.210,2561680
2026-02-03 14:30:00,94.210,94.600,93.960,94.580,3047121
2026-02-03 15:00:00,94.580,94.850,94.510,94.600,4031429
2026-02-04 10:00:00,94.000,94.500,92.900,92.910,7135978
2026-02-04 10:30:00,92.900,93.600,92.820,93.530,3345953
2026-02-04 11:00:00,93.530,93.980,93.440,93.480,2442044
2026-02-04 11:30:00,93.480,93.540,93.200,93.320,1619700
2026-02-04 13:30:00,93.340,94.330,93.290,94.300,2850043
2026-02-04 14:00:00,94.300,95.290,94.230,94.760,4880567
2026-02-04 14:30:00,94.760,95.990,94.760,95.400,6062488
2026-02-04 15:00:00,95.410,95.760,95.260,95.610,4926425
2026-02-05 10:00:00,96.100,98.470,96.000,96.930,17358212
2026-02-05 10:30:00,96.930,97.420,96.580,96.910,4454971
2026-02-05 11:00:00,96.920,97.070,96.600,96.970,3018855
2026-02-05 11:30:00,96.970,97.200,96.710,96.750,2311483
2026-02-05 13:30:00,96.760,97.190,96.420,97.140,2518400
2026-02-05 14:00:00,97.120,97.800,96.800,97.390,3448500
2026-02-05 14:30:00,97.400,97.550,96.990,97.250,2618300
2026-02-05 15:00:00,97.260,97.480,97.000,97.110,3671099
2026-02-06 10:00:00,96.380,97.730,95.660,96.960,8598385
2026-02-06 10:30:00,96.970,97.880,96.950,97.770,4650011
2026-02-06 11:00:00,97.750,98.080,97.400,97.650,3853067
2026-02-06 11:30:00,97.640,98.880,97.600,98.430,6961453
2026-02-06 13:30:00,98.470,98.600,97.860,97.940,2768300
2026-02-06 14:00:00,97.930,98.100,97.770,97.980,2150220
2026-02-06 14:30:00,97.990,98.230,97.890,98.060,2642600
2026-02-06 15:00:00,98.060,98.150,97.730,97.830,3570172
2026-02-09 10:00:00,98.400,98.570,97.070,97.350,7121106
2026-02-09 10:30:00,97.350,98.770,97.120,98.560,4982415
2026-02-09 11:00:00,98.580,98.700,97.950,97.990,2176320
2026-02-09 11:30:00,97.990,98.200,97.710,98.030,1606600
2026-02-09 13:30:00,98.050,98.400,97.750,98.160,1766300
2026-02-09 14:00:00,98.170,98.500,98.010,98.050,1718900
2026-02-09 14:30:00,98.050,98.380,97.890,98.230,2066317
2026-02-09 15:00:00,98.230,98.710,98.210,98.700,4269375
2026-02-10 10:00:00,98.690,100.760,98.250,100.610,10624942
2026-02-10 10:30:00,100.620,101.380,99.900,100.770,8231531
2026-02-10 11:00:00,100.770,102.210,100.370,101.270,7153689
2026-02-10 11:30:00,101.290,101.930,100.800,101.930,2993494
2026-02-10 13:30:00,101.860,101.930,100.500,101.170,4651949
2026-02-10 14:00:00,101.120,101.300,100.900,101.190,2099120
2026-02-10 14:30:00,101.190,101.480,100.850,101.200,2096607
2026-02-10 15:00:00,101.200,101.430,101.170,101.350,4307562
2026-02-11 10:00:00,101.860,102.800,101.180,101.610,8044115
2026-02-11 10:30:00,101.610,101.960,101.280,101.420,2904458
2026-02-11 11:00:00,101.420,101.650,101.000,101.240,2698290
2026-02-11 11:30:00,101.240,101.520,101.000,101.350,2534933
2026-02-11 13:30:00,101.360,102.300,101.290,102.090,4396783
2026-02-11 14:00:00,102.090,102.480,101.880,101.900,2758110
2026-02-11 14:30:00,101.900,102.130,101.870,101.930,2093469
2026-02-11 15:00:00,101.960,102.140,101.850,102.140,3761890
2026-02-12 10:00:00,102.750,106.580,102.410,105.540,21867660
2026-02-12 10:30:00,105.560,106.260,105.530,106.050,7916954
2026-02-12 11:00:00,106.040,106.110,104.880,104.890,4615132
2026-02-12 11:30:00,104.900,106.290,104.880,105.950,5025051
2026-02-12 13:30:00,105.940,105.950,105.000,105.200,2951185
2026-02-12 14:00:00,105.190,105.280,104.730,105.130,3019687
2026-02-12 14:30:00,105.140,105.220,104.950,104.990,2352065
2026-02-12 15:00:00,104.990,105.250,104.840,104.900,4892654
2026-02-13 10:00:00,104.890,104.890,102.720,103.220,8898360
2026-02-13 10:30:00,103.230,103.500,102.410,102.700,3445977
2026-02-13 11:00:00,102.660,102.820,102.050,102.800,3483253
2026-02-13 11:30:00,102.790,103.170,102.300,103.020,2688460
2026-02-13 13:30:00,103.020,103.390,102.500,102.600,2799698
2026-02-13 14:00:00,102.590,102.880,102.270,102.320,2945652
2026-02-13 14:30:00,102.330,102.490,101.980,102.090,3862501
2026-02-13 15:00:00,102.090,102.300,101.780,101.910,4863618
2026-02-24 10:00:00,103.660,103.880,101.120,101.630,10434974
2026-02-24 10:30:00,101.520,102.370,101.250,102.200,3646959
2026-02-24 11:00:00,102.150,102.490,101.500,101.800,2606420
2026-02-24 11:30:00,101.760,101.910,100.490,100.510,3462036
2026-02-24 13:30:00,100.500,100.990,100.350,100.670,3229920
2026-02-24 14:00:00,100.670,100.760,100.000,100.090,3063444
2026-02-24 14:30:00,100.090,100.580,100.050,100.480,2688994
2026-02-24 15:00:00,100.490,100.510,100.100,100.170,3642328
2026-02-25 10:00:00,100.100,100.400,98.860,99.100,8049077
2026-02-25 10:30:00,99.100,99.120,98.220,98.510,5635780
2026-02-25 11:00:00,98.530,99.550,98.520,99.520,2583271
2026-02-25 11:30:00,99.520,99.860,99.210,99.790,2337073
2026-02-25 13:30:00,99.790,100.550,99.790,100.170,2952840
2026-02-25 14:00:00,100.190,100.370,100.000,100.020,1728227
2026-02-25 14:30:00,100.020,100.050,99.500,99.510,1841875
2026-02-25 15:00:00,99.510,99.950,99.500,99.850,2594837
2026-02-26 10:00:00,99.530,99.780,98.370,98.900,5996886
2026-02-26 10:30:00,98.900,99.180,98.400,98.410,2869979
2026-02-26 11:00:00,98.420,98.680,98.200,98.440,2701790
2026-02-26 11:30:00,98.440,98.860,98.400,98.820,1374353
2026-02-26 13:30:00,98.840,98.840,98.480,98.660,1531784
2026-02-26 14:00:00,98.660,98.750,98.300,98.350,1912760
2026-02-26 14:30:00,98.320,98.360,97.800,97.830,4369160
2026-02-26 15:00:00,97.850,98.030,97.830,98.010,3674168
2026-02-27 10:00:00,97.880,99.080,97.180,98.210,6977195
2026-02-27 10:30:00,98.220,98.680,98.060,98.600,2404961
2026-02-27 11:00:00,98.610,99.030,98.370,98.740,2343845
2026-02-27 11:30:00,98.720,98.870,98.400,98.430,1318110
2026-02-27 13:30:00,98.410,98.720,98.110,98.670,1913749
2026-02-27 14:00:00,98.660,98.830,98.230,98.300,1982600
2026-02-27 14:30:00,98.300,98.500,98.130,98.190,1832998
2026-02-27 15:00:00,98.180,98.550,98.010,98.010,4732425
2026-03-02 10:00:00,96.100,98.360,96.030,97.100,7611821
2026-03-02 10:30:00,97.100,97.240,95.560,95.660,8306504
2026-03-02 11:00:00,95.670,96.480,95.640,95.950,3683995
2026-03-02 11:30:00,95.940,96.300,95.740,96.190,2470743
2026-03-02 13:30:00,96.180,96.730,96.020,96.480,2849489
2026-03-02 14:00:00,96.470,96.750,96.090,96.090,2387191
2026-03-02 14:30:00,96.080,96.300,96.000,96.250,2446788
2026-03-02 15:00:00,96.250,96.480,95.910,96.040,3746802
2026-03-03 10:00:00,96.320,97.950,95.850,96.050,7952847
2026-03-03 10:30:00,96.040,96.200,95.380,95.400,4492784
2026-03-03 11:00:00,95.410,95.920,95.370,95.550,3386460
2026-03-03 11:30:00,95.550,96.230,95.180,95.220,2825860
2026-03-03 13:30:00,95.220,95.990,94.840,94.910,3462322
2026-03-03 14:00:00,94.900,94.960,94.100,94.200,4746011
2026-03-03 14:30:00,94.200,94.290,93.680,94.200,5083556
2026-03-03 15:00:00,94.200,94.260,93.710,93.750,4322446
2026-03-04 10:00:00,93.300,94.380,92.710,94.100,7608409
2026-03-04 10:30:00,94.100,94.110,93.110,93.220,3480824
2026-03-04 11:00:00,93.190,93.240,92.350,92.400,4819840
2026-03-04 11:30:00,92.400,92.410,91.600,91.650,3912796
2026-03-04 13:30:00,91.660,92.220,91.550,91.730,3190579
2026-03-04 14:00:00,91.730,92.360,91.700,92.230,1743774
2026-03-04 14:30:00,92.220,92.230,91.710,91.750,2382190
2026-03-04 15:00:00,91.750,92.100,91.730,92.020,2505020
2026-03-05 10:00:00,93.460,93.530,92.460,92.600,6256578
2026-03-05 10:30:00,92.600,93.980,92.600,93.880,3715927
2026-03-05 11:00:00,93.890,93.950,93.380,93.770,2250639
2026-03-05 11:30:00,93.780,94.170,93.440,93.500,2298698
2026-03-05 13:30:00,93.500,93.500,92.830,93.000,3183755
2026-03-05 14:00:00,93.000,93.020,92.230,92.280,2842700
2026-03-05 14:30:00,92.280,92.290,91.860,92.180,3030818
2026-03-05 15:00:00,92.180,92.480,91.960,92.450,2581232
2026-03-06 10:00:00,92.300,93.500,92.050,93.440,6518008
2026-03-06 10:30:00,93.450,94.250,93.100,93.720,6314222
2026-03-06 11:00:00,93.730,93.760,93.170,93.270,2701070
2026-03-06 11:30:00,93.270,93.800,93.270,93.600,1594700
2026-03-06 13:30:00,93.590,93.800,93.400,93.520,2032255
2026-03-06 14:00:00,93.530,93.880,93.330,93.570,2106475
2026-03-06 14:30:00,93.570,93.580,93.300,93.300,2049800
2026-03-06 15:00:00,93.300,93.430,93.210,93.300,3539143
2026-03-09 10:00:00,91.700,91.780,89.100,89.440,17231737
2026-03-09 10:30:00,89.440,90.580,89.260,89.990,4151465
2026-03-09 11:00:00,89.990,90.830,89.860,90.670,2018620
2026-03-09 11:30:00,90.660,90.750,90.350,90.450,1822906
2026-03-09 13:30:00,90.450,90.880,90.350,90.780,2545550
2026-03-09 14:00:00,90.790,91.230,90.770,91.130,2265200
2026-03-09 14:30:00,91.140,91.400,91.040,91.250,2080053
2026-03-09 15:00:00,91.250,91.390,91.020,91.100,2728437
2026-03-10 10:00:00,92.500,94.600,92.400,94.130,13511848
2026-03-10 10:30:00,94.150,94.190,93.700,93.790,4130100
2026-03-10 11:00:00,93.780,94.390,93.680,93.800,2436028
2026-03-10 11:30:00,93.800,94.270,93.780,94.170,1475777
2026-03-10 13:30:00,94.180,94.220,93.940,94.050,1317500
2026-03-10 14:00:00,94.050,94.170,93.850,94.150,1201834
2026-03-10 14:30:00,94.150,94.310,93.960,94.020,1987846
2026-03-10 15:00:00,94.020,94.200,94.010,94.150,2852720
2026-03-11 10:00:00,94.300,94.950,93.550,93.960,5152200
2026-03-11 10:30:00,93.880,94.130,93.590,93.710,2255900
2026-03-11 11:00:00,93.710,93.750,93.200,93.450,3446897
2026-03-11 11:30:00,93.450,93.730,93.180,93.230,2275246
2026-03-11 13:30:00,93.230,93.380,92.750,92.780,3525600
2026-03-11 14:00:00,92.770,92.820,92.520,92.810,2647700
2026-03-11 14:30:00,92.800,92.950,92.650,92.700,2157425
2026-03-11 15:00:00,92.700,93.050,92.690,92.890,3573121
2026-03-12 10:00:00,92.890,93.630,92.300,93.000,6971994
2026-03-12 10:30:00,93.000,93.450,92.360,92.430,3451000
2026-03-12 11:00:00,92.420,92.520,91.700,91.910,3894916
2026-03-12 11:30:00,91.910,92.000,91.320,91.350,2935971
2026-03-12 13:30:00,91.350,91.580,91.010,91.300,2910480
2026-03-12 14:00:00,91.310,92.050,91.200,92.050,2509500
2026-03-12 14:30:00,92.050,92.100,91.810,92.000,2167329
2026-03-12 15:00:00,91.990,92.110,91.860,91.910,2656213
2026-03-13 10:00:00,91.150,92.070,91.000,91.170,5303698
2026-03-13 10:30:00,91.160,91.500,91.110,91.430,3029248
2026-03-13 11:00:00,91.450,91.680,91.200,91.630,2026100
2026-03-13 11:30:00,91.620,92.150,91.160,91.280,2583500
2026-03-13 13:30:00,91.280,91.600,91.180,91.320,1599386
2026-03-13 14:00:00,91.320,91.500,91.230,91.260,1536900
2026-03-13 14:30:00,91.260,91.390,91.200,91.230,1553200
2026-03-13 15:00:00,91.230,91.230,90.720,90.870,5079060
2026-03-16 10:00:00,90.680,90.700,89.130,90.420,9180982
2026-03-16 10:30:00,90.410,91.520,90.300,91.110,5101255
2026-03-16 11:00:00,91.120,91.150,90.110,90.240,2556818
2026-03-16 11:30:00,90.240,90.710,90.100,90.700,1624700
2026-03-16 13:30:00,90.700,91.220,90.610,90.690,3139785
2026-03-16 14:00:00,90.690,91.160,90.650,90.920,1543476
2026-03-16 14:30:00,90.930,91.030,90.710,90.930,1960303
2026-03-16 15:00:00,90.930,91.100,90.710,91.100,2697708
2026-03-17 10:00:00,91.330,92.730,91.120,92.450,9688846
2026-03-17 10:30:00,92.440,94.380,92.440,94.380,11072055
2026-03-17 11:00:00,94.370,94.580,93.790,93.800,6213920
2026-03-17 11:30:00,93.790,93.920,93.380,93.590,2414956
2026-03-17 13:30:00,93.590,93.860,93.220,93.400,2195340
2026-03-17 14:00:00,93.400,93.410,93.000,93.190,2502560
2026-03-17 14:30:00,93.080,93.260,92.860,92.890,3006200
2026-03-17 15:00:00,92.900,92.980,92.400,92.460,3790193
2026-03-18 10:00:00,92.470,93.550,92.140,92.610,6921971
2026-03-18 10:30:00,92.610,93.460,92.380,93.420,2797439
2026-03-18 11:00:00,93.420,93.430,92.360,92.890,2444320
2026-03-18 11:30:00,92.890,93.060,92.600,92.720,1507600
2026-03-18 13:30:00,92.720,93.000,92.410,92.540,1891680
2026-03-18 14:00:00,92.530,93.080,92.520,92.740,1620300
2026-03-18 14:30:00,92.740,93.080,92.650,93.040,2122408
2026-03-18 15:00:00,93.060,93.550,93.030,93.490,3977324
2026-03-19 10:00:00,92.000,92.650,91.780,92.100,6803800
2026-03-19 10:30:00,92.100,92.180,91.550,92.040,4281394
2026-03-19 11:00:00,92.040,92.740,92.010,92.360,1712697
2026-03-19 11:30:00,92.380,92.580,92.210,92.480,1454648
2026-03-19 13:30:00,92.480,92.480,91.790,91.950,1898300
2026-03-19 14:00:00,91.940,92.000,91.500,91.710,2432940
2026-03-19 14:30:00,91.700,92.010,91.590,91.710,1982524
2026-03-19 15:00:00,91.700,91.800,91.240,91.580,3505373
2026-03-20 10:00:00,91.570,93.590,91.510,92.490,7725479
2026-03-20 10:30:00,92.480,92.580,91.660,91.690,2985633
2026-03-20 11:00:00,91.690,92.240,91.680,91.780,1819340
2026-03-20 11:30:00,91.780,92.260,91.650,92.200,1327254
2026-03-20 13:30:00,92.210,92.500,91.820,91.870,1959660
2026-03-20 14:00:00,91.870,91.880,91.600,91.700,1822300
2026-03-20 14:30:00,91.690,91.910,91.600,91.640,2039504
2026-03-20 15:00:00,91.650,91.690,90.900,90.900,5364551
2026-03-23 10:00:00,89.310,90.280,89.110,89.870,9734251
2026-03-23 10:30:00,89.870,90.520,89.300,89.410,5341373
2026-03-23 11:00:00,89.410,89.410,88.820,89.340,4471139
2026-03-23 11:30:00,89.340,89.600,88.540,88.550,2813324
2026-03-23 13:30:00,88.550,89.300,88.000,88.010,5124625
2026-03-23 14:00:00,88.010,88.660,87.810,88.350,3419588
2026-03-23 14:30:00,88.330,88.350,87.090,87.670,5106841
2026-03-23 15:00:00,87.580,88.250,87.130,87.790,5392629
2026-03-24 10:00:00,90.000,92.840,90.000,92.690,31290841
2026-03-24 10:30:00,92.690,92.950,91.250,92.940,10919076
2026-03-24 11:00:00,92.940,93.200,92.680,92.910,7233362
2026-03-24 11:30:00,92.910,93.180,92.510,93.140,4160949
2026-03-24 13:30:00,93.140,93.650,92.530,92.700,6093894
2026-03-24 14:00:00,92.700,93.150,92.680,92.940,3470137
2026-03-24 14:30:00,92.940,93.170,92.880,93.150,4347080
2026-03-24 15:00:00,93.140,93.680,93.130,93.680,8202614
2026-03-25 10:00:00,94.630,94.930,92.980,93.730,15038867
2026-03-25 10:30:00,93.740,94.110,93.300,93.610,4792846
2026-03-25 11:00:00,93.640,93.890,93.380,93.600,2658940
2026-03-25 11:30:00,93.590,93.630,93.300,93.330,2158200
2026-03-25 13:30:00,93.330,93.830,93.210,93.820,2484747
2026-03-25 14:00:00,93.830,94.300,93.700,93.900,3308976
2026-03-25 14:30:00,93.900,93.930,93.620,93.790,1979294
2026-03-25 15:00:00,93.800,94.100,93.790,94.020,4592240
2026-03-26 10:00:00,94.450,96.500,94.230,95.380,15340285
2026-03-26 10:30:00,95.380,96.100,95.090,96.040,5160817
2026-03-26 11:00:00,96.030,96.280,95.570,95.750,2798690
2026-03-26 11:30:00,95.720,95.880,95.330,95.380,2042040
2026-03-26 13:30:00,95.380,95.410,94.250,94.580,4602540
2026-03-26 14:00:00,94.580,94.960,94.520,94.580,2095400
2026-03-26 14:30:00,94.560,94.810,94.340,94.550,1913827
2026-03-26 15:00:00,94.570,94.760,94.360,94.730,3302308
2026-03-27 10:00:00,93.900,95.720,93.810,95.680,8888119
2026-03-27 10:30:00,95.680,96.980,95.430,96.440,10147100
2026-03-27 11:00:00,96.450,96.780,95.940,96.030,3867604
2026-03-27 11:30:00,96.050,96.380,95.910,96.190,2093800
2026-03-27 13:30:00,96.200,96.810,96.200,96.630,4895903
2026-03-27 14:00:00,96.620,97.260,96.610,96.810,5969292
2026-03-27 14:30:00,96.810,97.230,96.610,96.870,3949120
2026-03-27 15:00:00,96.890,97.100,96.800,97.000,5079076
2026-03-30 10:00:00,95.900,96.910,95.130,96.460,12334461
2026-03-30 10:30:00,96.480,96.500,94.610,94.940,7635060
2026-03-30 11:00:00,94.970,95.820,94.800,95.610,3088000
2026-03-30 11:30:00,95.610,96.660,95.590,96.620,3126403
2026-03-30 13:30:00,96.610,96.790,96.020,96.510,2875670
2026-03-30 14:00:00,96.500,96.760,96.230,96.530,2047640
2026-03-30 14:30:00,96.530,96.720,96.430,96.700,2409732
2026-03-30 15:00:00,96.700,96.830,96.500,96.610,3390294
2026-03-31 10:00:00,96.750,100.210,96.750,99.150,22871909
2026-03-31 10:30:00,99.150,99.820,99.000,99.220,5364900
2026-03-31 11:00:00,99.220,99.650,98.950,99.050,4891832
2026-03-31 11:30:00,99.050,99.190,98.380,98.780,3952495
2026-03-31 13:30:00,98.800,99.000,98.110,98.820,3365018
2026-03-31 14:00:00,98.820,99.210,98.730,98.950,2347443
2026-03-31 14:30:00,98.950,99.700,98.720,98.810,4458027
2026-03-31 15:00:00,98.830,99.100,98.100,98.100,5392326
2026-04-01 10:00:00,100.060,100.500,98.080,99.030,13517114
2026-04-01 10:30:00,99.020,101.300,98.700,100.900,15447389
2026-04-01 11:00:00,100.900,101.890,100.500,101.420,8337796
2026-04-01 11:30:00,101.420,101.990,100.980,101.930,4991562
2026-04-01 13:30:00,101.920,103.370,101.780,102.800,12305485
2026-04-01 14:00:00,102.840,103.350,102.570,102.910,6643651
2026-04-01 14:30:00,102.910,104.110,102.840,103.990,9025487
2026-04-01 15:00:00,103.990,104.000,103.570,103.810,8759151
2026-04-02 10:00:00,103.000,104.600,102.280,103.780,16068871
2026-04-02 10:30:00,103.780,104.550,103.650,104.160,6202611
2026-04-02 11:00:00,104.170,104.500,103.130,103.350,5524150
2026-04-02 11:30:00,103.360,103.800,103.070,103.550,3144126
2026-04-02 13:30:00,103.540,103.570,102.490,103.210,5950854
2026-04-02 14:00:00,103.200,103.360,102.780,102.920,2754805
2026-04-02 14:30:00,102.920,103.470,102.700,103.230,3360542
2026-04-02 15:00:00,103.230,103.250,102.900,103.190,4327258
