date,open,high,low,close,volume
2025-03-27 14:30:00,237.370,237.430,236.780,237.390,231960
2025-03-27 15:00:00,237.390,237.770,236.670,237.500,399790
2025-03-28 10:00:00,236.900,238.120,235.280,237.390,295820
2025-03-28 10:30:00,237.400,239.950,237.290,237.980,310420
2025-03-28 11:00:00,237.970,239.290,237.070,237.140,228500
2025-03-28 11:30:00,237.420,238.120,236.880,237.510,114230
2025-03-28 13:30:00,237.530,238.130,237.010,237.520,90700
2025-03-28 14:00:00,237.650,239.320,237.460,238.170,200790
2025-03-28 14:30:00,238.390,238.400,237.660,237.950,136820
2025-03-28 15:00:00,238.000,238.760,237.500,237.800,198950
2025-03-31 10:00:00,238.080,246.060,237.490,244.950,1337526
2025-03-31 10:30:00,244.950,248.490,244.590,248.340,639770
2025-03-31 11:00:00,248.330,248.500,245.000,247.880,418590
2025-03-31 11:30:00,247.910,247.910,245.360,246.280,288298
2025-03-31 13:30:00,246.290,248.890,246.070,248.830,250600
2025-03-31 14:00:00,248.840,249.960,248.840,249.850,303577
2025-03-31 14:30:00,249.830,249.830,248.380,249.330,233320
2025-03-31 15:00:00,249.330,249.960,248.660,248.970,316574
2025-04-01 10:00:00,249.990,258.830,249.900,258.170,1071340
2025-04-01 10:30:00,257.850,258.570,256.280,258.250,399012
2025-04-01 11:00:00,258.250,259.490,257.660,259.080,335790
2025-04-01 11:30:00,259.090,260.950,258.650,260.020,329728
2025-04-01 13:30:00,260.020,260.020,255.080,255.250,514850
2025-04-01 14:00:00,255.260,257.490,254.100,256.280,336710
2025-04-01 14:30:00,256.280,256.280,254.940,255.280,169600
2025-04-01 15:00:00,255.110,257.000,255.110,256.210,217939
2025-04-02 10:00:00,255.060,260.490,253.660,254.720,547462
2025-04-02 10:30:00,254.720,257.450,254.180,254.370,194810
2025-04-02 11:00:00,254.380,256.760,254.180,255.570,173200
2025-04-02 11:30:00,255.670,256.290,255.340,256.010,48000
2025-04-02 13:30:00,256.000,256.780,255.200,255.880,103450
2025-04-02 14:00:00,256.230,256.310,255.380,255.510,98360
2025-04-02 14:30:00,255.500,255.680,254.870,255.460,97993
2025-04-02 15:00:00,255.450,255.730,255.090,255.400,153000
2025-04-03 10:00:00,255.340,257.680,252.250,257.150,369830
2025-04-03 10:30:00,257.150,259.340,256.540,257.910,288690
2025-04-03 11:00:00,257.910,258.470,256.210,256.520,123200
2025-04-03 11:30:00,256.600,258.000,256.200,257.980,160046
2025-04-03 13:30:00,257.980,259.320,257.050,257.850,276702
2025-04-03 14:00:00,257.820,259.500,257.550,259.400,279216
2025-04-03 14:30:00,258.930,261.990,258.220,258.910,364740
2025-04-03 15:00:00,259.140,260.230,258.270,259.100,311204
2025-04-07 10:00:00,250.000,260.000,247.100,253.000,1131109
2025-04-07 10:30:00,253.020,259.950,252.340,256.780,642330
2025-04-07 11:00:00,257.000,266.260,256.820,266.260,482850
2025-04-07 11:30:00,266.260,266.390,258.000,258.580,324680
2025-04-07 13:30:00,258.580,258.690,256.110,257.050,252470
2025-04-07 14:00:00,257.160,258.580,255.470,257.230,228620
2025-04-07 14:30:00,257.230,257.230,247.660,249.960,495020
2025-04-07 15:00:00,249.940,255.700,249.670,255.000,786406
2025-04-08 10:00:00,254.990,255.000,245.500,249.740,1042840
2025-04-08 10:30:00,249.590,255.000,249.010,254.020,399170
2025-04-08 11:00:00,254.030,254.710,251.000,252.200,215730
2025-04-08 11:30:00,252.180,255.000,252.180,254.710,241020
2025-04-08 13:30:00,254.710,254.990,249.630,249.950,262800
2025-04-08 14:00:00,250.150,251.990,249.750,251.500,162110
2025-04-08 14:30:00,251.820,253.900,250.900,253.500,283129
2025-04-08 15:00:00,253.870,256.960,252.000,256.000,542110
2025-04-09 10:00:00,252.000,258.780,250.600,251.470,1023040
2025-04-09 10:30:00,251.470,255.710,251.470,254.280,573397
2025-04-09 11:00:00,254.010,256.850,253.000,256.370,278226
2025-04-09 11:30:00,256.750,256.750,254.000,255.020,266382
2025-04-09 13:30:00,254.900,255.450,253.510,254.990,146610
2025-04-09 14:00:00,254.900,257.490,254.310,256.990,269150
2025-04-09 14:30:00,256.760,257.950,255.500,255.860,325260
2025-04-09 15:00:00,255.840,262.370,255.840,262.370,566666
2025-04-10 10:00:00,260.000,260.000,253.150,255.750,1090531
2025-04-10 10:30:00,255.750,256.000,249.870,250.080,1230640
2025-04-10 11:00:00,250.150,251.980,249.000,250.030,511980
2025-04-10 11:30:00,250.000,252.370,249.320,251.950,304950
2025-04-10 13:30:00,251.950,254.880,251.100,254.520,274734
2025-04-10 14:00:00,254.520,254.850,253.000,254.280,198967
2025-04-10 14:30:00,254.280,254.950,253.300,254.200,154012
2025-04-10 15:00:00,254.140,256.900,252.300,256.900,422362
2025-04-11 10:00:00,253.110,255.000,249.510,254.560,573012
2025-04-11 10:30:00,254.560,254.880,252.000,252.450,251680
2025-04-11 11:00:00,252.450,254.420,251.990,252.420,303906
2025-04-11 11:30:00,252.420,253.800,251.810,251.910,177522
2025-04-11 13:30:00,251.910,254.250,251.910,254.100,271851
2025-04-11 14:00:00,254.150,254.610,253.770,253.840,191000
2025-04-11 14:30:00,253.940,255.930,253.610,255.250,229832
2025-04-11 15:00:00,255.280,255.630,254.500,255.220,340664
2025-04-14 10:00:00,255.000,260.550,252.520,259.240,780060
2025-04-14 10:30:00,259.240,260.460,257.640,258.500,285900
2025-04-14 11:00:00,258.500,260.310,258.050,258.750,304730
2025-04-14 11:30:00,258.740,259.650,257.450,257.810,212400
2025-04-14 13:30:00,257.810,260.720,257.810,259.350,239223
2025-04-14 14:00:00,259.210,261.490,258.140,261.330,222100
2025-04-14 14:30:00,261.200,262.000,260.170,261.290,246100
2025-04-14 15:00:00,261.010,261.790,260.400,261.330,282490
2025-04-15 10:00:00,261.050,263.000,260.000,262.720,394000
2025-04-15 10:30:00,262.730,267.890,262.330,266.950,675510
2025-04-15 11:00:00,266.930,267.500,264.650,267.390,258740
2025-04-15 11:30:00,267.470,267.510,265.710,267.300,188299
2025-04-15 13:30:00,267.490,267.530,264.400,266.240,256201
2025-04-15 14:00:00,266.240,266.900,264.660,265.220,209730
2025-04-15 14:30:00,265.220,265.810,264.510,265.140,152327
2025-04-15 15:00:00,265.140,267.580,264.690,267.580,388800
2025-04-16 10:00:00,280.000,281.580,259.600,268.420,2350820
2025-04-16 10:30:00,268.500,273.330,266.500,271.840,578968
2025-04-16 11:00:00,271.820,272.880,269.550,272.400,312714
2025-04-16 11:30:00,272.400,277.120,270.010,274.260,443970
2025-04-16 13:30:00,274.070,275.820,270.000,275.330,484987
2025-04-16 14:00:00,275.330,277.000,273.000,275.900,342790
2025-04-16 14:30:00,275.890,275.990,272.500,272.750,260990
2025-04-16 15:00:00,272.750,275.000,270.710,275.000,465560
2025-04-17 10:00:00,274.990,286.950,270.200,285.650,1229246
2025-04-17 10:30:00,285.010,285.340,281.520,283.160,297960
2025-04-17 11:00:00,283.160,283.420,280.500,282.410,272700
2025-04-17 11:30:00,282.410,283.110,280.600,282.470,182100
2025-04-17 13:30:00,282.750,284.440,281.000,283.180,263790
2025-04-17 14:00:00,283.180,284.990,283.150,284.030,268460
2025-04-17 14:30:00,284.040,284.820,282.130,282.400,240040
2025-04-17 15:00:00,282.400,283.300,281.520,283.300,351098
2025-04-18 10:00:00,281.550,281.880,276.450,277.350,427870
2025-04-18 10:30:00,277.350,278.330,275.560,276.280,210570
2025-04-18 11:00:00,276.280,276.280,270.350,270.790,312200
2025-04-18 11:30:00,271.110,273.990,271.000,273.890,155441
2025-04-18 13:30:00,273.900,274.900,271.820,272.000,126970
2025-04-18 14:00:00,272.010,272.310,269.100,269.690,284600
2025-04-18 14:30:00,269.700,271.500,268.000,270.870,224930
2025-04-18 15:00:00,271.000,272.330,268.500,268.880,258026
2025-04-21 10:00:00,267.480,275.470,267.480,275.240,633126
2025-04-21 10:30:00,275.250,279.500,274.900,279.070,514340
2025-04-21 11:00:00,279.090,279.500,275.250,277.000,211680
2025-04-21 11:30:00,277.010,280.980,276.690,279.520,274330
2025-04-21 13:30:00,279.480,280.000,278.000,278.480,164700
2025-04-21 14:00:00,278.430,278.920,275.000,276.120,212000
2025-04-21 14:30:00,276.120,278.780,276.120,278.360,137730
2025-04-21 15:00:00,278.280,279.870,277.900,279.000,215058
2025-04-22 10:00:00,277.430,284.090,277.050,281.500,592718
2025-04-22 10:30:00,281.600,283.310,280.450,280.450,238142
2025-04-22 11:00:00,280.290,281.280,279.660,280.470,162090
2025-04-22 11:30:00,280.470,284.860,280.470,283.560,293360
2025-04-22 13:30:00,283.850,286.800,283.500,285.500,361740
2025-04-22 14:00:00,285.630,285.650,283.400,284.540,194950
2025-04-22 14:30:00,284.360,284.540,283.500,283.550,171970
2025-04-22 15:00:00,283.540,284.110,282.000,282.290,207950
2025-04-23 10:00:00,282.000,282.890,277.610,280.010,431560
2025-04-23 10:30:00,280.010,280.340,278.010,278.830,245200
2025-04-23 11:00:00,278.860,280.080,278.520,280.010,137877
2025-04-23 11:30:00,280.060,280.740,279.220,279.340,116420
2025-04-23 13:30:00,279.310,282.280,279.150,281.310,200580
2025-04-23 14:00:00,281.310,281.430,280.520,281.390,154810
2025-04-23 14:30:00,281.350,281.380,279.540,279.540,185130
2025-04-23 15:00:00,279.540,280.540,279.170,280.540,257800
2025-04-24 10:00:00,280.540,282.580,278.680,279.660,371518
2025-04-24 10:30:00,279.630,281.040,277.560,277.560,215577
2025-04-24 11:00:00,277.540,278.540,277.000,277.660,260730
2025-04-24 11:30:00,277.660,278.240,277.050,277.510,150230
2025-04-24 13:30:00,277.640,280.180,277.500,279.300,209900
2025-04-24 14:00:00,279.300,281.100,279.300,280.660,141011
2025-04-24 14:30:00,280.660,282.060,280.470,281.210,164790
2025-04-24 15:00:00,281.270,282.290,280.870,281.980,248316
2025-04-25 10:00:00,282.000,283.050,275.450,275.530,359277
2025-04-25 10:30:00,275.530,277.880,274.980,276.370,178530
2025-04-25 11:00:00,276.360,277.950,276.050,276.860,92400
2025-04-25 11:30:00,276.740,278.980,276.440,278.630,99562
2025-04-25 13:30:00,278.440,279.000,277.500,278.370,114171
2025-04-25 14:00:00,278.370,278.610,277.760,278.400,93500
2025-04-25 14:30:00,278.400,278.860,277.340,278.000,116000
2025-04-25 15:00:00,277.960,278.160,276.200,277.850,143111
2025-04-28 10:00:00,277.850,282.430,277.380,280.950,424141
2025-04-28 10:30:00,280.940,282.430,280.190,281.200,178134
2025-04-28 11:00:00,281.420,282.980,280.800,281.000,181700
2025-04-28 11:30:00,281.150,281.480,280.440,280.700,68600
2025-04-28 13:30:00,280.820,281.100,279.000,279.990,78650
2025-04-28 14:00:00,279.780,280.450,279.190,280.120,75100
2025-04-28 14:30:00,280.140,280.600,279.620,280.510,136570
2025-04-28 15:00:00,280.400,280.400,279.330,279.650,173389
2025-04-29 10:00:00,279.930,284.430,277.340,283.540,517678
2025-04-29 10:30:00,283.530,285.900,283.140,284.960,539201
2025-04-29 11:00:00,285.090,286.180,283.460,283.690,219260
2025-04-29 11:30:00,283.690,285.660,283.680,284.080,163370
2025-04-29 13:30:00,284.430,285.000,283.000,283.710,396604
2025-04-29 14:00:00,283.800,285.100,282.900,284.400,109156
2025-04-29 14:30:00,284.260,286.400,283.460,284.650,387442
2025-04-29 15:00:00,284.520,285.000,283.660,284.890,344430
2025-04-30 10:00:00,284.920,293.000,283.000,292.120,901740
2025-04-30 10:30:00,292.020,292.970,285.580,287.300,311753
2025-04-30 11:00:00,287.290,288.800,286.400,287.590,128560
2025-04-30 11:30:00,287.580,289.430,286.220,286.320,129956
2025-04-30 13:30:00,286.330,288.980,286.220,288.330,120430
2025-04-30 14:00:00,288.330,288.710,286.060,286.330,183900
2025-04-30 14:30:00,286.330,286.830,285.640,285.980,112538
2025-04-30 15:00:00,286.000,286.520,283.090,286.000,556320
2025-05-06 10:00:00,284.170,284.540,276.000,276.640,1046476
2025-05-06 10:30:00,276.600,277.420,274.880,277.420,616166
2025-05-06 11:00:00,277.420,279.000,275.510,278.480,433000
2025-05-06 11:30:00,278.400,281.000,277.420,280.150,262738
2025-05-06 13:30:00,280.150,284.280,280.000,282.490,245800
2025-05-06 14:00:00,282.490,283.640,282.480,283.260,160470
2025-05-06 14:30:00,283.240,283.360,280.100,280.140,275290
2025-05-06 15:00:00,280.120,280.710,279.900,280.250,484893
2025-05-07 10:00:00,284.980,284.980,276.000,279.550,590029
2025-05-07 10:30:00,279.450,281.620,279.450,280.740,258985
2025-05-07 11:00:00,280.620,281.100,278.680,278.900,148180
2025-05-07 11:30:00,278.900,280.380,278.440,280.150,143317
2025-05-07 13:30:00,280.360,280.370,277.420,277.810,182783
2025-05-07 14:00:00,277.810,277.990,276.500,276.530,214087
2025-05-07 14:30:00,276.520,277.240,276.200,276.850,243980
2025-05-07 15:00:00,276.790,277.000,275.300,277.000,377900
2025-05-08 10:00:00,276.190,280.990,275.830,280.520,561960
2025-05-08 10:30:00,280.530,281.540,278.220,280.040,335440
2025-05-08 11:00:00,280.030,280.750,279.300,280.020,207300
2025-05-08 11:30:00,280.320,280.730,279.380,279.960,241200
2025-05-08 13:30:00,279.960,280.560,279.310,279.420,142200
2025-05-08 14:00:00,279.440,279.910,278.880,279.910,115760
2025-05-08 14:30:00,279.680,279.950,279.010,279.610,114057
2025-05-08 15:00:00,279.600,280.630,279.180,279.220,228889
2025-05-09 10:00:00,279.000,283.360,278.120,281.610,320461
2025-05-09 10:30:00,281.600,283.710,280.620,280.950,246250
2025-05-09 11:00:00,280.810,281.500,280.490,280.570,84700
2025-05-09 11:30:00,280.570,281.990,280.410,280.820,60500
2025-05-09 13:30:00,280.830,282.300,280.660,281.990,100200
2025-05-09 14:00:00,281.960,282.330,281.020,281.090,88400
2025-05-09 14:30:00,281.090,281.430,280.000,280.520,100840
2025-05-09 15:00:00,280.520,281.500,280.100,281.500,172600
2025-05-12 10:00:00,280.360,281.010,274.050,275.760,548480
2025-05-12 10:30:00,275.820,276.730,273.510,273.710,438444
2025-05-12 11:00:00,273.730,273.770,271.460,272.890,410526
2025-05-12 11:30:00,272.890,272.890,270.000,270.590,408500
2025-05-12 13:30:00,270.590,271.780,268.880,270.400,444240
2025-05-12 14:00:00,270.400,270.800,268.500,268.860,376550
2025-05-12 14:30:00,268.870,269.620,268.530,269.290,333970
2025-05-12 15:00:00,269.290,271.000,268.850,270.510,268263
2025-05-13 10:00:00,269.320,273.720,265.600,272.900,755610
2025-05-13 10:30:00,272.900,274.700,271.830,273.270,413877
2025-05-13 11:00:00,273.040,273.180,272.050,272.800,102200
2025-05-13 11:30:00,272.790,274.200,272.620,273.650,171900
2025-05-13 13:30:00,273.650,275.000,272.080,273.650,282470
2025-05-13 14:00:00,273.660,273.800,272.310,273.460,123900
2025-05-13 14:30:00,273.460,273.980,272.300,273.190,156600
2025-05-13 15:00:00,273.160,273.840,272.310,273.030,324387
2025-05-14 10:00:00,272.040,277.480,271.810,275.830,571620
2025-05-14 10:30:00,275.900,277.260,275.630,276.800,240440
2025-05-14 11:00:00,276.810,276.880,275.130,275.130,158500
2025-05-14 11:30:00,275.130,275.800,274.250,275.100,135200
2025-05-14 13:30:00,275.310,275.510,273.860,273.950,196230
2025-05-14 14:00:00,273.920,274.850,273.360,273.660,253690
2025-05-14 14:30:00,273.880,274.990,273.570,274.960,175700
2025-05-14 15:00:00,274.790,275.800,273.900,275.800,247010
2025-05-15 10:00:00,274.990,278.590,273.770,277.820,484132
2025-05-15 10:30:00,277.820,279.510,277.670,277.920,269290
2025-05-15 11:00:00,277.940,278.550,276.860,277.000,131470
2025-05-15 11:30:00,276.880,278.830,276.590,278.810,104820
2025-05-15 13:30:00,278.750,279.330,277.200,277.630,123200
2025-05-15 14:00:00,277.630,278.860,277.090,278.190,111000
2025-05-15 14:30:00,278.190,278.190,277.100,277.910,95035
2025-05-15 15:00:00,277.910,278.020,276.830,277.550,273505
2025-05-16 10:00:00,276.180,277.980,273.800,275.710,265200
2025-05-16 10:30:00,275.710,275.710,272.650,273.540,258212
2025-05-16 11:00:00,273.540,274.850,273.140,273.970,96840
2025-05-16 11:30:00,273.970,275.000,273.960,274.960,66000
2025-05-16 13:30:00,275.030,276.910,275.030,275.980,122516
2025-05-16 14:00:00,276.170,276.170,275.050,275.650,58200
2025-05-16 14:30:00,275.650,275.950,275.100,275.790,85580
2025-05-16 15:00:00,275.870,277.980,275.700,277.980,214950
2025-05-19 10:00:00,275.790,277.500,273.650,274.110,385973
2025-05-19 10:30:00,274.200,275.470,273.000,273.920,150000
2025-05-19 11:00:00,273.920,274.480,273.100,273.120,101000
2025-05-19 11:30:00,273.120,275.280,273.110,275.240,86020
2025-05-19 13:30:00,275.230,276.280,275.210,276.280,88600
2025-05-19 14:00:00,276.280,277.770,275.970,277.680,149530
2025-05-19 14:30:00,277.680,279.800,277.670,278.210,224034
2025-05-19 15:00:00,278.210,278.740,277.540,278.350,172220
2025-05-20 10:00:00,280.000,287.850,277.500,285.490,746348
2025-05-20 10:30:00,285.880,286.490,282.990,283.850,195484
2025-05-20 11:00:00,283.860,288.500,283.860,287.510,206756
2025-05-20 11:30:00,287.520,287.610,285.880,286.840,100960
2025-05-20 13:30:00,286.600,288.000,285.580,287.740,140120
2025-05-20 14:00:00,287.700,289.200,285.080,285.510,358410
2025-05-20 14:30:00,285.510,285.630,281.130,282.700,333800
2025-05-20 15:00:00,282.730,283.480,281.000,281.000,377490
2025-05-21 10:00:00,283.210,287.970,282.400,284.500,488314
2025-05-21 10:30:00,284.220,286.840,284.190,285.140,173922
2025-05-21 11:00:00,285.340,285.930,284.630,285.800,82860
2025-05-21 11:30:00,285.800,286.380,284.560,284.630,179800
2025-05-21 13:30:00,284.700,286.580,284.550,285.690,214500
2025-05-21 14:00:00,285.960,288.880,285.700,286.850,436268
2025-05-21 14:30:00,286.850,287.440,285.900,286.370,222990
2025-05-21 15:00:00,286.120,288.000,286.120,286.710,311386
2025-05-22 10:00:00,287.860,292.880,284.580,284.630,568162
2025-05-22 10:30:00,285.000,286.990,284.800,285.750,112441
2025-05-22 11:00:00,285.700,286.220,284.810,284.810,80100
2025-05-22 11:30:00,284.800,286.620,284.800,286.110,108400
2025-05-22 13:30:00,286.280,288.000,286.100,287.340,143667
2025-05-22 14:00:00,287.360,289.490,287.360,288.000,173400
2025-05-22 14:30:00,288.110,288.120,286.530,287.120,135880
2025-05-22 15:00:00,287.000,287.770,286.500,286.880,173921
2025-05-23 10:00:00,288.390,291.000,286.950,286.990,444638
2025-05-23 10:30:00,286.990,287.800,283.980,283.990,262778
2025-05-23 11:00:00,283.990,284.850,283.010,283.010,179850
2025-05-23 11:30:00,283.090,284.080,282.450,283.570,145740
2025-05-23 13:30:00,283.480,285.130,283.480,284.000,151691
2025-05-23 14:00:00,283.930,285.520,283.430,285.350,141800
2025-05-23 14:30:00,285.330,285.330,284.100,284.600,140940
2025-05-23 15:00:00,284.660,285.840,283.660,283.660,205553
2025-05-26 10:00:00,284.020,293.500,284.020,293.500,931300
2025-05-26 10:30:00,293.500,294.870,291.400,291.510,439426
2025-05-26 11:00:00,291.800,291.990,288.880,289.000,179350
2025-05-26 11:30:00,289.250,290.300,287.280,288.000,134770
2025-05-26 13:30:00,288.000,289.250,285.880,286.030,201100
2025-05-26 14:00:00,286.060,286.200,285.080,285.410,104800
2025-05-26 14:30:00,285.410,286.490,285.130,285.700,120820
2025-05-26 15:00:00,286.040,287.960,285.750,285.980,146520
2025-05-27 10:00:00,286.990,293.000,286.310,291.230,498421
2025-05-27 10:30:00,291.220,292.280,289.520,290.950,179600
2025-05-27 11:00:00,290.950,291.460,289.210,289.210,125290
2025-05-27 11:30:00,289.210,289.520,288.510,288.710,103100
2025-05-27 13:30:00,288.710,290.960,288.190,290.840,135390
2025-05-27 14:00:00,290.830,295.950,290.710,293.110,295730
2025-05-27 14:30:00,293.150,294.480,292.040,292.260,159300
2025-05-27 15:00:00,292.260,293.000,291.570,293.000,238820
2025-05-28 10:00:00,293.180,306.780,291.840,304.220,1158290
2025-05-28 10:30:00,304.220,307.000,303.010,305.960,393922
2025-05-28 11:00:00,305.960,309.500,305.700,308.060,336980
2025-05-28 11:30:00,308.060,311.000,305.900,308.330,240120
2025-05-28 13:30:00,308.330,311.690,307.310,309.730,407110
2025-05-28 14:00:00,309.750,310.630,309.580,310.410,264300
2025-05-28 14:30:00,310.410,313.300,310.070,311.280,361969
2025-05-28 15:00:00,311.250,311.890,310.000,311.470,332066
2025-05-29 10:00:00,308.980,310.600,304.520,310.400,737960
2025-05-29 10:30:00,310.310,310.310,308.280,308.500,327352
2025-05-29 11:00:00,308.500,312.150,308.000,311.460,235060
2025-05-29 11:30:00,311.460,311.480,309.280,310.050,165000
2025-05-29 13:30:00,310.050,310.660,308.880,310.290,139800
2025-05-29 14:00:00,310.290,312.990,310.230,312.340,265480
2025-05-29 14:30:00,312.650,312.650,311.080,311.080,130300
2025-05-29 15:00:00,311.080,312.680,310.900,312.030,184650
2025-05-30 10:00:00,315.000,320.880,311.000,320.560,957739
2025-05-30 10:30:00,320.560,321.600,315.230,317.730,375151
2025-05-30 11:00:00,317.880,319.700,317.060,318.110,164100
2025-05-30 11:30:00,318.370,319.460,316.980,317.900,161280
2025-05-30 13:30:00,317.960,320.500,316.200,320.370,201140
2025-05-30 14:00:00,320.020,321.880,318.750,319.200,139700
2025-05-30 14:30:00,319.360,319.980,318.280,318.450,101500
2025-05-30 15:00:00,318.450,320.390,318.260,320.000,349590
2025-06-03 10:00:00,321.060,321.770,311.030,315.920,1099208
2025-06-03 10:30:00,316.660,320.000,315.220,318.850,488400
2025-06-03 11:00:00,318.290,320.150,317.170,318.530,287500
2025-06-03 11:30:00,318.410,320.580,318.370,320.000,243850
2025-06-03 13:30:00,319.820,320.660,318.300,319.080,185576
2025-06-03 14:00:00,319.090,320.180,318.880,320.000,175704
2025-06-03 14:30:00,319.980,320.180,319.800,320.030,156172
2025-06-03 15:00:00,320.030,320.490,319.960,320.490,293569
2025-06-04 10:00:00,320.500,322.730,318.000,322.090,548900
2025-06-04 10:30:00,322.170,322.190,319.610,319.670,153688
2025-06-04 11:00:00,319.670,321.010,318.570,320.620,164430
2025-06-04 11:30:00,320.620,321.150,319.740,320.890,117160
2025-06-04 13:30:00,320.940,325.250,320.550,325.000,406052
2025-06-04 14:00:00,324.990,328.490,324.430,328.200,345770
2025-06-04 14:30:00,328.440,329.740,327.340,328.630,307822
2025-06-04 15:00:00,328.630,329.000,327.000,328.450,264953
2025-06-05 10:00:00,326.000,328.000,322.060,323.050,516815
2025-06-05 10:30:00,323.050,326.980,323.050,325.050,183151
2025-06-05 11:00:00,325.040,326.380,324.810,325.920,121700
2025-06-05 11:30:00,325.960,327.020,325.510,326.580,79290
2025-06-05 13:30:00,326.580,327.460,325.730,325.730,153531
2025-06-05 14:00:00,325.750,325.920,323.180,323.500,272996
2025-06-05 14:30:00,323.520,323.990,322.000,323.010,248651
2025-06-05 15:00:00,323.000,323.990,322.110,322.810,289158
2025-06-06 10:00:00,325.000,333.490,320.100,331.580,869263
2025-06-06 10:30:00,331.610,334.500,328.180,329.460,336050
2025-06-06 11:00:00,329.460,329.460,327.110,327.990,122171
2025-06-06 11:30:00,328.000,328.330,327.000,328.330,95750
2025-06-06 13:30:00,328.090,329.120,327.470,328.930,74430
2025-06-06 14:00:00,329.000,329.660,327.750,327.880,109700
2025-06-06 14:30:00,327.880,328.530,327.710,328.230,109034
2025-06-06 15:00:00,328.230,329.250,327.700,328.730,217746
2025-06-09 10:00:00,326.700,333.040,325.080,329.800,602369
2025-06-09 10:30:00,329.800,331.960,329.260,330.120,151433
2025-06-09 11:00:00,330.130,331.860,329.610,331.670,114530
2025-06-09 11:30:00,331.670,334.500,330.990,334.030,186500
2025-06-09 13:30:00,334.040,335.800,332.410,333.650,193200
2025-06-09 14:00:00,333.550,333.650,332.010,332.860,76080
2025-06-09 14:30:00,333.050,334.190,332.870,333.880,103762
2025-06-09 15:00:00,333.860,335.380,333.330,334.000,206554
2025-06-10 10:00:00,330.880,336.000,330.840,331.570,477785
2025-06-10 10:30:00,331.570,332.940,331.000,332.010,217980
2025-06-10 11:00:00,332.020,333.700,332.000,332.020,130500
2025-06-10 11:30:00,332.030,334.000,331.000,333.850,258700
2025-06-10 13:30:00,333.860,334.380,330.000,330.010,240510
2025-06-10 14:00:00,330.010,331.770,330.000,331.040,156500
2025-06-10 14:30:00,331.040,332.340,330.890,331.420,140630
2025-06-10 15:00:00,331.420,333.500,331.370,332.300,285480
2025-06-11 10:00:00,333.990,334.490,328.110,330.250,346531
2025-06-11 10:30:00,330.260,333.930,330.250,333.010,174935
2025-06-11 11:00:00,333.010,335.800,333.010,335.030,220200
2025-06-11 11:30:00,335.030,335.320,334.000,335.010,83616
2025-06-11 13:30:00,335.240,335.540,334.000,334.000,113600
2025-06-11 14:00:00,334.000,334.500,332.800,333.180,105600
2025-06-11 14:30:00,332.820,335.050,332.820,335.050,135430
2025-06-11 15:00:00,335.010,335.200,334.640,334.920,230017
2025-06-12 10:00:00,335.850,338.920,330.520,337.870,536180
2025-06-12 10:30:00,337.870,338.870,336.150,336.580,271730
2025-06-12 11:00:00,336.580,336.950,331.130,331.180,236100
2025-06-12 11:30:00,331.190,334.780,331.180,334.300,166730
2025-06-12 13:30:00,334.290,337.680,333.650,335.180,259952
2025-06-12 14:00:00,335.180,337.150,335.020,337.040,171000
2025-06-12 14:30:00,337.050,337.050,335.130,336.030,113600
2025-06-12 15:00:00,336.040,336.990,336.040,336.500,182091
2025-06-13 10:00:00,336.000,336.750,325.990,325.990,833100
2025-06-13 10:30:00,325.990,327.790,324.500,326.180,418452
2025-06-13 11:00:00,326.150,327.140,323.000,323.470,423300
2025-06-13 11:30:00,323.430,326.000,322.380,323.320,341265
2025-06-13 13:30:00,323.200,323.400,319.500,319.950,481790
2025-06-13 14:00:00,320.100,322.370,319.500,321.850,425000
2025-06-13 14:30:00,321.920,323.950,321.370,322.690,288420
2025-06-13 15:00:00,322.700,325.080,322.690,324.610,556468
2025-06-16 10:00:00,324.000,327.500,323.000,326.880,471504
2025-06-16 10:30:00,326.480,328.290,325.400,326.870,245600
2025-06-16 11:00:00,326.870,327.400,325.620,325.940,130087
2025-06-16 11:30:00,325.900,326.850,325.060,325.240,90800
2025-06-16 13:30:00,325.240,326.820,325.000,325.670,124278
2025-06-16 14:00:00,325.790,326.650,325.210,326.220,97495
2025-06-16 14:30:00,326.230,327.330,325.840,326.950,159300
2025-06-16 15:00:00,326.930,327.490,326.340,327.350,163255
2025-06-17 10:00:00,327.000,332.960,325.100,325.230,471460
2025-06-17 10:30:00,325.220,327.950,324.460,324.510,190100
2025-06-17 11:00:00,324.510,325.000,322.880,322.880,265760
2025-06-17 11:30:00,323.060,324.280,321.220,321.990,222330
2025-06-17 13:30:00,321.550,322.360,319.540,320.000,411218
2025-06-17 14:00:00,319.990,320.490,317.800,317.900,392730
2025-06-17 14:30:00,317.900,318.000,315.000,315.320,450850
2025-06-17 15:00:00,315.320,315.830,314.040,314.800,510728
2025-06-18 10:00:00,316.300,322.040,313.220,321.990,819900
2025-06-18 10:30:00,322.040,323.110,319.640,320.400,345730
2025-06-18 11:00:00,320.460,322.260,319.560,320.480,149070
2025-06-18 11:30:00,320.500,321.500,319.660,321.500,91800
2025-06-18 13:30:00,321.500,323.800,321.260,322.810,183870
2025-06-18 14:00:00,322.960,324.930,322.730,324.480,185030
2025-06-18 14:30:00,324.480,324.980,323.300,323.730,170800
2025-06-18 15:00:00,323.740,324.590,323.600,324.590,239900
2025-06-19 10:00:00,325.000,327.840,323.050,323.110,332600
2025-06-19 10:30:00,323.330,325.190,321.010,324.470,365570
2025-06-19 11:00:00,324.470,325.450,323.760,324.410,107950
2025-06-19 11:30:00,324.400,324.400,321.980,321.980,128700
2025-06-19 13:30:00,321.960,323.470,321.060,322.400,86300
2025-06-19 14:00:00,322.690,322.780,321.500,321.820,86340
2025-06-19 14:30:00,321.770,321.810,319.090,319.610,234000
2025-06-19 15:00:00,319.610,321.290,318.740,321.290,382286
2025-06-20 10:00:00,319.660,324.770,318.460,321.370,253980
2025-06-20 10:30:00,321.880,321.980,319.660,320.260,155730
2025-06-20 11:00:00,320.610,321.690,319.690,319.960,64200
2025-06-20 11:30:00,319.960,321.180,319.640,320.510,66720
2025-06-20 13:30:00,320.940,320.940,320.000,320.410,76680
2025-06-20 14:00:00,320.150,320.970,319.830,320.950,95807
2025-06-20 14:30:00,320.940,320.940,319.660,320.150,133260
2025-06-20 15:00:00,320.130,321.150,319.600,321.150,718227
2025-06-23 10:00:00,319.000,321.140,313.070,313.650,513708
2025-06-23 10:30:00,313.650,314.590,312.000,313.960,338384
2025-06-23 11:00:00,313.960,314.110,312.370,312.370,211600
2025-06-23 11:30:00,312.380,313.930,311.250,312.460,161960
2025-06-23 13:30:00,312.500,314.870,312.500,314.520,135860
2025-06-23 14:00:00,314.400,315.880,314.000,315.190,150560
2025-06-23 14:30:00,315.120,315.810,314.760,315.560,141600
2025-06-23 15:00:00,315.550,316.500,315.440,315.910,168766
2025-06-24 10:00:00,316.290,321.990,315.950,321.730,413427
2025-06-24 10:30:00,321.750,321.750,319.000,320.300,181698
2025-06-24 11:00:00,320.160,320.980,319.440,320.410,97700
2025-06-24 11:30:00,320.480,322.500,320.450,322.470,207600
2025-06-24 13:30:00,322.490,322.570,319.890,320.510,119700
2025-06-24 14:00:00,320.470,321.120,320.220,320.420,80400
2025-06-24 14:30:00,320.420,320.920,320.200,320.650,100340
2025-06-24 15:00:00,320.730,321.980,320.720,321.590,173730
2025-06-25 10:00:00,321.550,328.500,320.270,326.680,730843
2025-06-25 10:30:00,326.640,327.370,325.000,325.010,131564
2025-06-25 11:00:00,325.000,325.170,322.720,324.560,125640
2025-06-25 11:30:00,324.570,324.870,323.470,324.390,65660
2025-06-25 13:30:00,324.320,324.850,323.120,323.590,81609
2025-06-25 14:00:00,323.590,324.860,323.360,323.970,69500
2025-06-25 14:30:00,323.690,324.990,323.690,324.930,116830
2025-06-25 15:00:00,324.920,325.120,324.340,324.800,181600
2025-06-26 10:00:00,322.190,322.190,318.050,320.610,468900
2025-06-26 10:30:00,320.650,322.060,318.720,318.720,217900
2025-06-26 11:00:00,318.740,318.740,317.490,317.580,188100
2025-06-26 11:30:00,317.580,317.880,317.000,317.070,197800
2025-06-26 13:30:00,317.100,319.340,317.010,319.140,121038
2025-06-26 14:00:00,319.140,319.500,317.860,317.970,85200
2025-06-26 14:30:00,317.970,318.750,317.700,318.720,96300
2025-06-26 15:00:00,318.730,319.490,318.000,318.690,162710
2025-06-27 10:00:00,317.510,318.270,313.330,314.570,449299
2025-06-27 10:30:00,314.660,316.000,313.600,315.460,230290
2025-06-27 11:00:00,315.440,316.000,314.840,315.880,146400
2025-06-27 11:30:00,315.710,316.000,315.250,315.760,136700
2025-06-27 13:30:00,315.660,317.780,315.610,317.120,190400
2025-06-27 14:00:00,317.260,318.010,316.560,316.710,116300
2025-06-27 14:30:00,316.720,317.000,316.050,316.890,98130
2025-06-27 15:00:00,316.630,317.490,316.420,316.420,206040
2025-06-30 10:00:00,315.000,318.950,314.050,316.810,286280
2025-06-30 10:30:00,316.980,318.490,316.020,317.350,209040
2025-06-30 11:00:00,317.350,317.350,316.000,316.090,125000
2025-06-30 11:30:00,316.240,317.390,316.030,316.700,163360
2025-06-30 13:30:00,316.760,317.650,316.490,316.690,214834
2025-06-30 14:00:00,316.690,316.690,314.540,314.690,193001
2025-06-30 14:30:00,314.690,315.630,314.690,315.170,109213
2025-06-30 15:00:00,315.450,315.730,314.000,314.050,420540
2025-07-01 10:00:00,314.050,323.880,314.050,323.640,530473
2025-07-01 10:30:00,323.640,325.060,322.810,324.700,247090
2025-07-01 11:00:00,324.680,325.120,322.950,323.320,111059
2025-07-01 11:30:00,323.300,325.000,322.890,323.840,91900
2025-07-01 13:30:00,323.570,323.840,320.390,321.380,101196
2025-07-01 14:00:00,321.030,321.820,320.390,321.300,81500
2025-07-01 14:30:00,321.390,321.610,320.430,320.520,85800
2025-07-01 15:00:00,320.640,323.300,320.500,321.700,213440
2025-07-02 10:00:00,317.880,320.080,313.500,317.000,571508
2025-07-02 10:30:00,316.970,318.950,316.130,318.690,231559
2025-07-02 11:00:00,318.690,320.000,316.770,316.770,162931
2025-07-02 11:30:00,316.760,317.720,316.080,316.560,96380
2025-07-02 13:30:00,316.550,316.590,315.200,315.730,96024
2025-07-02 14:00:00,315.750,315.950,315.000,315.100,117167
2025-07-02 14:30:00,315.100,315.110,314.100,314.320,214186
2025-07-02 15:00:00,314.320,314.330,310.080,310.080,563443
2025-07-03 10:00:00,310.000,312.040,304.180,308.540,520275
2025-07-03 10:30:00,308.760,309.160,307.100,308.680,232909
2025-07-03 11:00:00,308.670,309.400,307.600,308.240,109600
2025-07-03 11:30:00,308.240,308.240,305.880,305.920,181376
2025-07-03 13:30:00,305.960,308.880,305.910,308.260,261765
2025-07-03 14:00:00,308.250,308.770,306.900,307.090,229256
2025-07-03 14:30:00,307.090,307.880,306.920,307.700,196743
2025-07-03 15:00:00,307.690,309.000,307.520,308.020,246782
2025-07-04 10:00:00,308.420,311.540,307.940,309.940,182345
2025-07-04 10:30:00,309.740,310.200,308.120,308.910,84471
2025-07-04 11:00:00,308.570,309.080,307.970,308.400,58222
2025-07-04 11:30:00,308.400,309.150,308.000,308.260,58657
2025-07-04 13:30:00,308.440,310.090,308.260,309.760,99553
2025-07-04 14:00:00,309.760,310.110,308.620,309.870,101578
2025-07-04 14:30:00,309.860,309.870,308.970,309.700,73661
2025-07-04 15:00:00,309.690,310.000,309.240,309.350,135304
2025-07-07 10:00:00,309.600,313.640,309.220,310.500,283972
2025-07-07 10:30:00,310.400,312.340,309.390,310.060,126979
2025-07-07 11:00:00,309.840,310.850,309.000,310.150,105086
2025-07-07 11:30:00,310.150,311.780,309.600,310.030,78800
2025-07-07 13:30:00,310.220,311.460,310.220,310.810,73336
2025-07-07 14:00:00,310.820,310.930,310.130,310.790,57837
2025-07-07 14:30:00,310.830,310.910,310.050,310.380,98609
2025-07-07 15:00:00,310.360,311.190,310.100,310.760,112970
2025-07-08 10:00:00,310.750,310.750,303.060,304.710,573385
2025-07-08 10:30:00,304.720,304.790,300.900,301.820,627716
2025-07-08 11:00:00,301.770,304.750,301.770,304.220,171219
2025-07-08 11:30:00,304.220,304.840,302.390,302.610,145660
2025-07-08 13:30:00,302.610,303.620,301.670,301.990,236200
2025-07-08 14:00:00,302.060,302.790,301.700,302.430,153690
2025-07-08 14:30:00,302.530,302.620,301.790,302.140,190387
2025-07-08 15:00:00,302.080,303.580,301.230,301.230,364934
2025-07-09 10:00:00,303.990,306.500,301.230,306.400,507649
2025-07-09 10:30:00,306.390,308.500,305.080,308.060,236130
2025-07-09 11:00:00,308.090,308.260,306.030,306.210,179880
2025-07-09 11:30:00,306.230,306.230,305.090,306.220,109366
2025-07-09 13:30:00,306.160,308.980,306.160,307.300,186151
2025-07-09 14:00:00,307.340,308.200,307.140,307.560,118760
2025-07-09 14:30:00,307.560,307.740,306.290,307.030,220360
2025-07-09 15:00:00,306.980,308.330,305.660,305.660,283829
2025-07-10 10:00:00,304.500,304.500,284.000,290.490,2120703
2025-07-10 10:30:00,290.320,291.500,288.200,289.020,583516
2025-07-10 11:00:00,288.980,292.000,288.580,290.390,273167
2025-07-10 11:30:00,290.440,293.350,290.100,292.530,213269
2025-07-10 13:30:00,292.620,292.900,289.760,289.910,296360
2025-07-10 14:00:00,289.920,292.280,289.180,291.930,271356
2025-07-10 14:30:00,291.930,293.500,291.100,291.100,352842
2025-07-10 15:00:00,291.110,293.080,290.970,291.000,579099
2025-07-11 10:00:00,289.000,300.500,289.000,295.630,1000867
2025-07-11 10:30:00,295.620,297.820,292.950,294.450,281200
2025-07-11 11:00:00,294.450,295.900,293.590,294.960,200520
2025-07-11 11:30:00,294.960,295.480,293.000,293.600,242330
2025-07-11 13:30:00,293.600,295.490,292.980,293.960,271300
2025-07-11 14:00:00,293.840,294.360,291.220,291.460,286065
2025-07-11 14:30:00,291.460,293.420,291.460,291.920,226640
2025-07-11 15:00:00,291.920,292.550,289.850,289.850,477325
2025-07-14 10:00:00,287.500,295.500,287.300,293.570,826960
2025-07-14 10:30:00,293.580,297.000,292.830,296.880,427097
2025-07-14 11:00:00,296.900,297.670,296.230,296.760,302400
2025-07-14 11:30:00,296.750,297.490,296.640,297.130,232500
2025-07-14 13:30:00,297.140,298.490,296.810,297.450,339820
2025-07-14 14:00:00,297.450,297.960,297.120,297.330,201517
2025-07-14 14:30:00,297.280,299.000,297.280,299.000,244160
2025-07-14 15:00:00,298.990,299.500,298.150,299.440,509538
2025-07-15 10:00:00,296.500,299.230,295.090,295.650,649113
2025-07-15 10:30:00,295.660,296.550,293.550,295.100,302673
2025-07-15 11:00:00,295.130,295.930,294.090,295.380,178650
2025-07-15 11:30:00,295.380,295.440,293.710,293.750,141134
2025-07-15 13:30:00,293.750,296.200,292.680,295.900,223666
2025-07-15 14:00:00,295.880,296.510,295.300,295.800,143500
2025-07-15 14:30:00,295.810,295.970,295.300,295.560,133130
2025-07-15 15:00:00,295.550,295.600,294.440,294.650,237611
2025-07-16 10:00:00,294.000,296.360,293.260,293.880,392973
2025-07-16 10:30:00,293.450,294.080,292.130,293.760,191300
2025-07-16 11:00:00,293.660,293.800,292.320,292.350,97380
2025-07-16 11:30:00,292.350,293.130,291.500,291.850,163571
2025-07-16 13:30:00,291.870,293.480,291.440,293.090,297936
2025-07-16 14:00:00,293.170,294.480,292.670,293.590,210030
2025-07-16 14:30:00,293.600,294.470,293.040,293.060,118630
2025-07-16 15:00:00,293.220,293.370,291.700,291.700,310819
2025-07-17 10:00:00,292.670,298.490,292.050,297.560,540970
2025-07-17 10:30:00,297.750,300.960,296.560,300.880,461360
2025-07-17 11:00:00,300.880,301.760,299.050,300.760,227430
2025-07-17 11:30:00,300.750,301.500,300.060,300.660,156700
2025-07-17 13:30:00,300.320,300.700,299.430,299.690,167536
2025-07-17 14:00:00,299.690,300.240,299.570,299.950,137560
2025-07-17 14:30:00,299.950,300.200,298.500,299.220,167948
2025-07-17 15:00:00,299.230,299.870,298.760,299.010,208394
2025-07-18 10:00:00,299.000,302.000,296.070,300.230,445239
2025-07-18 10:30:00,300.230,300.560,297.110,297.120,183300
2025-07-18 11:00:00,297.120,298.190,296.510,297.500,163050
2025-07-18 11:30:00,297.500,297.940,296.820,297.370,88800
2025-07-18 13:30:00,297.360,298.680,296.990,297.900,131100
2025-07-18 14:00:00,297.920,298.920,297.700,297.920,102799
2025-07-18 14:30:00,297.870,299.330,297.870,299.110,92500
2025-07-18 15:00:00,299.100,299.420,298.610,299.030,163410
2025-07-21 10:00:00,298.000,298.880,294.620,294.650,382419
2025-07-21 10:30:00,294.610,296.500,294.560,295.660,182419
2025-07-21 11:00:00,295.660,297.000,295.200,296.880,135310
2025-07-21 11:30:00,296.850,296.970,295.750,296.430,91922
2025-07-21 13:30:00,296.430,298.680,296.000,298.680,144190
2025-07-21 14:00:00,298.660,298.680,296.610,297.120,107948
2025-07-21 14:30:00,297.090,297.880,296.920,297.220,148100
2025-07-21 15:00:00,297.300,297.730,296.690,297.440,144225
2025-07-22 10:00:00,298.000,299.490,296.600,298.430,263616
2025-07-22 10:30:00,298.410,299.000,296.190,296.290,167700
2025-07-22 11:00:00,296.270,296.270,294.170,295.030,266906
2025-07-22 11:30:00,294.890,295.120,294.270,294.780,131400
2025-07-22 13:30:00,294.690,295.140,293.030,293.110,251100
2025-07-22 14:00:00,293.170,293.770,292.000,292.020,203290
2025-07-22 14:30:00,292.050,293.480,292.010,293.400,143530
2025-07-22 15:00:00,293.390,294.090,292.570,293.760,238457
2025-07-23 10:00:00,292.200,294.990,291.150,291.930,407599
2025-07-23 10:30:00,291.940,294.490,291.900,293.050,141754
2025-07-23 11:00:00,293.100,293.920,292.630,293.730,86110
2025-07-23 11:30:00,293.700,294.150,292.870,293.670,121110
2025-07-23 13:30:00,293.670,294.430,292.030,292.640,206905
2025-07-23 14:00:00,292.640,292.640,291.200,291.210,233762
2025-07-23 14:30:00,291.210,291.710,290.580,290.830,244140
2025-07-23 15:00:00,290.850,291.490,290.640,291.270,212350
2025-07-24 10:00:00,290.930,292.000,287.300,289.550,536913
2025-07-24 10:30:00,289.550,291.350,289.390,290.920,151300
2025-07-24 11:00:00,290.990,291.100,289.510,290.070,165010
2025-07-24 11:30:00,290.040,290.330,289.200,289.270,104391
2025-07-24 13:30:00,289.480,290.870,289.270,290.050,208398
2025-07-24 14:00:00,290.040,290.870,290.040,290.220,159800
2025-07-24 14:30:00,290.230,290.600,290.000,290.300,129600
2025-07-24 15:00:00,290.300,291.240,290.190,291.240,281702
2025-07-25 10:00:00,291.280,295.570,290.120,292.420,446870
2025-07-25 10:30:00,292.420,295.080,291.740,294.780,346210
2025-07-25 11:00:00,294.650,297.340,294.650,297.020,383520
2025-07-25 11:30:00,297.080,300.960,297.020,300.750,441287
2025-07-25 13:30:00,300.690,303.330,299.410,300.000,434880
2025-07-25 14:00:00,299.990,300.230,299.010,299.410,203320
2025-07-25 14:30:00,299.410,300.390,299.110,299.630,264710
2025-07-25 15:00:00,299.650,301.200,299.340,299.930,379014
2025-07-28 10:00:00,300.050,300.950,290.510,290.510,1001904
2025-07-28 10:30:00,290.510,290.590,286.800,288.000,809325
2025-07-28 11:00:00,288.070,288.440,285.290,287.540,683390
2025-07-28 11:30:00,287.280,290.490,286.750,289.500,420190
2025-07-28 13:30:00,289.500,291.480,288.910,289.630,301830
2025-07-28 14:00:00,289.630,290.830,288.180,289.020,278320
2025-07-28 14:30:00,288.780,291.180,288.670,290.810,292134
2025-07-28 15:00:00,290.820,291.890,290.200,290.200,387160
2025-07-29 10:00:00,290.200,292.200,286.300,286.630,645760
2025-07-29 10:30:00,286.660,287.380,286.000,286.340,268583
2025-07-29 11:00:00,286.350,287.080,285.100,286.740,274640
2025-07-29 11:30:00,286.760,286.830,285.680,286.590,138600
2025-07-29 13:30:00,286.690,287.680,286.600,287.610,145160
2025-07-29 14:00:00,287.610,288.300,287.010,287.050,152200
2025-07-29 14:30:00,287.050,287.460,286.400,286.470,200300
2025-07-29 15:00:00,286.460,286.930,286.100,286.720,407879
2025-07-30 10:00:00,285.500,289.470,285.480,288.260,645443
2025-07-30 10:30:00,288.250,289.200,287.560,289.000,218600
2025-07-30 11:00:00,288.980,290.290,288.700,289.700,248860
2025-07-30 11:30:00,289.690,291.290,289.630,290.160,232400
2025-07-30 13:30:00,290.160,290.480,288.510,288.560,181455
2025-07-30 14:00:00,288.550,288.850,287.640,288.030,173725
2025-07-30 14:30:00,288.020,288.480,287.100,288.380,167600
2025-07-30 15:00:00,288.360,288.970,288.330,288.910,217152
2025-07-31 10:00:00,285.060,287.000,282.480,282.940,673500
2025-07-31 10:30:00,282.860,284.000,281.510,281.570,241550
2025-07-31 11:00:00,281.500,281.500,280.200,280.880,310700
2025-07-31 11:30:00,280.880,281.550,280.590,281.450,143700
2025-07-31 13:30:00,281.450,281.950,280.600,280.690,158478
2025-07-31 14:00:00,280.680,280.730,280.140,280.450,162260
2025-07-31 14:30:00,280.440,282.170,280.200,281.030,206812
2025-07-31 15:00:00,281.020,281.880,280.800,281.300,276600
2025-08-01 10:00:00,280.000,282.830,280.000,282.800,385900
2025-08-01 10:30:00,282.790,284.600,282.530,284.010,397928
2025-08-01 11:00:00,284.000,284.590,283.310,284.160,214930
2025-08-01 11:30:00,284.160,284.650,283.610,284.350,206900
2025-08-01 13:30:00,284.410,285.260,283.800,284.580,264138
2025-08-01 14:00:00,284.580,284.750,282.000,283.780,169400
2025-08-01 14:30:00,283.780,284.160,283.460,283.500,120900
2025-08-01 15:00:00,283.530,285.500,283.480,285.050,304000
2025-08-04 10:00:00,283.100,291.280,283.100,290.350,655200
2025-08-04 10:30:00,290.110,293.240,289.300,293.240,464200
2025-08-04 11:00:00,293.190,295.800,292.410,295.600,449400
2025-08-04 11:30:00,295.520,299.240,295.070,298.540,605438
2025-08-04 13:30:00,298.460,298.970,297.500,297.650,329822
2025-08-04 14:00:00,297.630,297.630,295.670,295.710,146500
2025-08-04 14:30:00,295.680,295.700,295.000,295.640,158400
2025-08-04 15:00:00,295.650,295.650,294.860,295.170,288160
2025-08-05 10:00:00,294.100,303.900,294.080,303.450,867641
2025-08-05 10:30:00,303.450,304.780,302.070,303.790,337310
2025-08-05 11:00:00,303.660,303.830,301.000,301.000,184300
2025-08-05 11:30:00,301.000,303.310,300.630,303.150,331342
2025-08-05 13:30:00,303.150,305.870,303.150,304.160,513150
2025-08-05 14:00:00,304.100,305.010,303.980,304.400,257000
2025-08-05 14:30:00,304.440,305.860,304.430,305.590,294000
2025-08-05 15:00:00,305.590,305.640,304.620,304.830,369229
2025-08-06 10:00:00,304.840,305.810,298.790,299.400,561636
2025-08-06 10:30:00,299.380,303.640,299.100,300.290,334100
2025-08-06 11:00:00,300.290,300.290,299.050,299.140,235100
2025-08-06 11:30:00,299.140,299.780,299.120,299.780,132100
2025-08-06 13:30:00,299.810,300.040,299.130,299.790,284261
2025-08-06 14:00:00,299.780,300.090,299.180,299.210,159300
2025-08-06 14:30:00,299.210,299.330,298.570,298.650,280600
2025-08-06 15:00:00,298.650,298.740,297.940,298.030,382993
2025-08-07 10:00:00,298.340,299.720,295.670,296.400,368761
2025-08-07 10:30:00,296.330,301.490,296.330,301.270,492200
2025-08-07 11:00:00,301.280,303.990,300.510,302.300,423639
2025-08-07 11:30:00,302.270,302.300,300.190,301.730,120446
2025-08-07 13:30:00,301.800,301.910,300.340,300.980,92354
2025-08-07 14:00:00,300.980,301.180,300.270,300.740,80200
2025-08-07 14:30:00,300.910,301.150,300.000,300.190,115400
2025-08-07 15:00:00,300.190,300.400,299.500,299.500,157060
2025-08-08 10:00:00,298.600,302.500,298.120,300.070,343476
2025-08-08 10:30:00,300.130,303.000,299.490,300.640,231900
2025-08-08 11:00:00,300.700,300.700,299.100,300.020,130930
2025-08-08 11:30:00,299.700,300.050,299.000,299.500,97100
2025-08-08 13:30:00,299.170,300.120,299.020,299.180,95500
2025-08-08 14:00:00,299.150,299.350,298.120,298.120,123900
2025-08-08 14:30:00,298.130,299.120,297.570,298.330,146800
2025-08-08 15:00:00,298.330,298.590,297.880,297.880,169479
2025-08-11 10:00:00,297.880,297.880,293.080,293.800,512151
2025-08-11 10:30:00,293.770,293.830,291.200,291.430,479778
2025-08-11 11:00:00,291.320,292.980,289.390,289.950,468603
2025-08-11 11:30:00,289.950,291.680,289.900,291.370,282049
2025-08-11 13:30:00,291.330,292.600,290.900,292.340,399800
2025-08-11 14:00:00,292.310,292.310,291.130,292.180,153200
2025-08-11 14:30:00,292.140,292.490,292.000,292.290,155700
2025-08-11 15:00:00,292.290,293.000,291.800,292.670,215851
2025-08-12 10:00:00,291.340,295.420,291.100,292.530,446608
2025-08-12 10:30:00,292.420,292.670,291.130,291.160,227908
2025-08-12 11:00:00,291.150,291.360,290.190,290.320,215800
2025-08-12 11:30:00,290.320,291.930,290.320,291.530,110570
2025-08-12 13:30:00,291.530,291.720,290.610,291.210,184833
2025-08-12 14:00:00,291.200,291.200,290.740,290.850,107000
2025-08-12 14:30:00,290.850,291.230,290.350,291.020,171230
2025-08-12 15:00:00,290.920,291.730,290.900,291.730,209905
2025-08-13 10:00:00,291.000,291.730,289.700,290.940,398330
2025-08-13 10:30:00,290.940,291.690,289.770,289.900,238200
2025-08-13 11:00:00,289.890,291.430,289.890,291.230,193670
2025-08-13 11:30:00,290.930,291.980,290.650,291.860,126258
2025-08-13 13:30:00,291.850,291.990,290.500,290.940,161950
2025-08-13 14:00:00,290.950,291.500,290.770,291.400,93930
2025-08-13 14:30:00,291.420,292.400,291.300,291.690,169880
2025-08-13 15:00:00,291.620,291.800,291.440,291.750,183500
2025-08-14 10:00:00,291.750,294.490,291.000,292.560,406251
2025-08-14 10:30:00,292.580,292.990,291.520,292.170,182030
2025-08-14 11:00:00,292.170,293.490,291.810,293.130,110300
2025-08-14 11:30:00,293.120,293.120,291.820,291.830,102702
2025-08-14 13:30:00,291.940,291.950,290.100,290.410,165400
2025-08-14 14:00:00,290.440,291.990,290.350,291.110,88400
2025-08-14 14:30:00,291.120,291.790,290.680,290.980,90670
2025-08-14 15:00:00,290.980,291.990,290.530,290.890,196300
2025-08-15 10:00:00,290.000,290.800,285.100,287.510,385658
2025-08-15 10:30:00,287.500,287.500,283.280,285.110,675100
2025-08-15 11:00:00,285.110,287.330,284.610,284.710,253100
2025-08-15 11:30:00,284.700,286.270,284.620,286.000,222100
2025-08-15 13:30:00,286.000,286.390,284.280,284.310,561917
2025-08-15 14:00:00,284.310,285.430,283.600,284.200,489200
2025-08-15 14:30:00,284.130,284.970,283.860,284.000,268400
2025-08-15 15:00:00,284.010,284.660,283.530,284.160,603465
2025-08-18 10:00:00,284.010,287.370,282.670,284.010,647530
2025-08-18 10:30:00,284.070,284.240,283.230,283.860,409960
2025-08-18 11:00:00,283.860,284.690,283.460,284.530,223500
2025-08-18 11:30:00,284.530,285.300,284.030,285.120,219700
2025-08-18 13:30:00,285.170,285.610,284.810,285.160,296860
2025-08-18 14:00:00,285.200,285.600,283.660,283.780,304600
2025-08-18 14:30:00,283.780,284.490,283.610,283.840,243360
2025-08-18 15:00:00,283.840,285.000,283.770,284.940,289512
2025-08-19 10:00:00,285.330,293.690,285.220,293.260,1160810
2025-08-19 10:30:00,293.000,297.990,291.660,297.010,932906
2025-08-19 11:00:00,297.130,298.500,296.210,297.900,457448
2025-08-19 11:30:00,297.900,297.910,296.880,297.880,208800
2025-08-19 13:30:00,297.880,297.900,295.880,296.130,214340
2025-08-19 14:00:00,296.100,296.270,294.800,295.480,208700
2025-08-19 14:30:00,295.480,296.870,295.440,296.350,213100
2025-08-19 15:00:00,296.380,296.800,295.750,296.650,433488
2025-08-20 10:00:00,295.360,297.780,292.320,296.600,573048
2025-08-20 10:30:00,296.570,296.650,294.150,294.800,314530
2025-08-20 11:00:00,294.920,296.500,294.510,296.330,196153
2025-08-20 11:30:00,296.340,297.490,295.580,297.140,210800
2025-08-20 13:30:00,297.210,298.590,296.400,298.230,319990
2025-08-20 14:00:00,298.240,299.400,297.510,297.940,233869
2025-08-20 14:30:00,297.950,297.980,297.100,297.360,161060
2025-08-20 15:00:00,297.500,298.000,297.310,298.000,248812
2025-08-21 10:00:00,298.120,302.800,294.510,302.800,640542
2025-08-21 10:30:00,302.760,305.760,302.500,304.690,632010
2025-08-21 11:00:00,304.690,304.950,302.710,303.720,195800
2025-08-21 11:30:00,303.750,304.970,303.610,304.840,168860
2025-08-21 13:30:00,304.790,305.500,304.190,304.290,203300
2025-08-21 14:00:00,304.270,304.880,303.530,304.000,132100
2025-08-21 14:30:00,303.960,304.140,302.760,302.960,190500
2025-08-21 15:00:00,302.970,303.090,302.220,302.750,326990
2025-08-22 10:00:00,304.000,304.030,296.610,296.690,566804
2025-08-22 10:30:00,296.700,297.510,295.000,296.090,424800
2025-08-22 11:00:00,296.240,298.670,295.900,298.070,146870
2025-08-22 11:30:00,298.070,298.120,296.840,297.860,120500
2025-08-22 13:30:00,297.860,299.920,297.650,299.670,177684
2025-08-22 14:00:00,299.740,301.650,299.530,300.190,196590
2025-08-22 14:30:00,300.160,300.770,299.710,300.690,120100
2025-08-22 15:00:00,300.690,301.500,300.440,301.460,249192
2025-08-25 10:00:00,297.000,302.840,293.880,301.490,844119
2025-08-25 10:30:00,301.490,301.490,298.290,298.910,199290
2025-08-25 11:00:00,298.910,299.100,296.110,298.210,277120
2025-08-25 11:30:00,298.220,300.100,297.540,299.520,267932
2025-08-25 13:30:00,299.090,301.470,298.700,299.790,185427
2025-08-25 14:00:00,299.440,301.380,299.110,300.940,176500
2025-08-25 14:30:00,300.950,301.670,300.630,301.030,154260
2025-08-25 15:00:00,301.030,302.660,301.000,302.320,258597
2025-08-26 10:00:00,301.600,312.880,300.320,312.470,971838
2025-08-26 10:30:00,311.700,312.420,308.260,310.450,343000
2025-08-26 11:00:00,310.440,310.450,309.060,309.750,213980
2025-08-26 11:30:00,309.710,309.830,306.390,307.740,192262
2025-08-26 13:30:00,307.740,308.280,305.770,306.230,213400
2025-08-26 14:00:00,306.200,306.770,304.320,306.340,194490
2025-08-26 14:30:00,306.250,306.570,304.690,305.430,122400
2025-08-26 15:00:00,305.430,305.450,303.910,303.910,292840
2025-08-27 10:00:00,303.900,306.890,301.470,305.490,367907
2025-08-27 10:30:00,305.490,306.430,304.300,304.300,138292
2025-08-27 11:00:00,304.370,304.500,302.790,303.480,137400
2025-08-27 11:30:00,303.160,304.600,302.800,303.200,100400
2025-08-27 13:30:00,303.290,304.510,302.820,304.340,169600
2025-08-27 14:00:00,304.340,307.570,303.490,303.500,311700
2025-08-27 14:30:00,303.500,304.760,301.530,301.600,196120
2025-08-27 15:00:00,301.580,302.820,299.510,299.850,387040
2025-08-28 10:00:00,299.850,301.850,295.180,295.990,684300
2025-08-28 10:30:00,295.990,301.000,295.960,299.540,290462
2025-08-28 11:00:00,299.770,301.870,298.650,301.800,186321
2025-08-28 11:30:00,301.880,303.660,300.500,301.150,219690
2025-08-28 13:30:00,301.160,301.540,299.150,299.440,170833
2025-08-28 14:00:00,299.260,299.740,297.970,298.040,163330
2025-08-28 14:30:00,298.020,299.200,298.010,298.670,136980
2025-08-28 15:00:00,298.670,300.410,298.590,299.200,266882
2025-08-29 10:00:00,302.000,308.980,300.700,306.900,829050
2025-08-29 10:30:00,306.990,309.500,306.890,308.210,385800
2025-08-29 11:00:00,308.210,309.500,307.750,308.920,151000
2025-08-29 11:30:00,308.910,310.010,308.000,308.130,211100
2025-08-29 13:30:00,308.130,310.710,308.090,309.280,222700
2025-08-29 14:00:00,309.290,310.480,308.940,310.290,151820
2025-08-29 14:30:00,310.290,312.280,309.500,312.010,318560
2025-08-29 15:00:00,312.000,312.710,308.940,308.940,316621
2025-09-01 10:00:00,308.940,315.600,308.500,313.510,706786
2025-09-01 10:30:00,313.510,314.470,312.090,312.800,291990
2025-09-01 11:00:00,312.830,313.880,311.860,312.410,147170
2025-09-01 11:30:00,312.380,313.080,311.150,312.680,137880
2025-09-01 13:30:00,312.500,314.980,312.500,313.870,192930
2025-09-01 14:00:00,313.870,315.420,313.510,313.820,189510
2025-09-01 14:30:00,313.820,315.090,313.510,314.420,137180
2025-09-01 15:00:00,314.420,315.000,313.580,314.940,217650
2025-09-02 10:00:00,314.660,316.980,312.800,315.900,324800
2025-09-02 10:30:00,315.710,316.350,313.200,315.230,169100
2025-09-02 11:00:00,315.060,316.000,311.640,311.970,202200
2025-09-02 11:30:00,311.990,313.150,311.050,312.560,168031
2025-09-02 13:30:00,312.560,312.610,308.050,308.100,222160
2025-09-02 14:00:00,308.100,310.800,308.100,309.520,142400
2025-09-02 14:30:00,309.520,309.840,307.610,307.840,110330
2025-09-02 15:00:00,307.840,308.640,307.060,308.460,231224
2025-09-03 10:00:00,308.500,313.950,300.950,301.400,745550
2025-09-03 10:30:00,301.390,301.570,294.800,295.690,551720
2025-09-03 11:00:00,295.700,297.750,293.500,296.740,304830
2025-09-03 11:30:00,296.750,297.490,295.790,296.390,272500
2025-09-03 13:30:00,296.750,298.900,295.030,297.910,231600
2025-09-03 14:00:00,297.930,298.550,295.990,296.850,194500
2025-09-03 14:30:00,296.860,298.420,295.080,297.640,358951
2025-09-03 15:00:00,297.650,298.420,295.590,298.420,236438
2025-09-04 10:00:00,298.240,298.420,290.000,292.870,516880
2025-09-04 10:30:00,292.890,293.480,289.050,291.690,396020
2025-09-04 11:00:00,291.680,291.680,289.820,290.080,170400
2025-09-04 11:30:00,290.020,291.890,289.850,290.330,182758
2025-09-04 13:30:00,290.320,294.400,290.000,293.500,219130
2025-09-04 14:00:00,293.470,295.870,292.430,294.490,212600
2025-09-04 14:30:00,294.890,295.070,292.760,293.640,222240
2025-09-04 15:00:00,293.290,297.770,293.200,296.470,379721
2025-09-05 10:00:00,294.080,297.000,289.030,291.900,614225
2025-09-05 10:30:00,291.970,292.200,290.600,292.060,212795
2025-09-05 11:00:00,292.070,292.590,291.220,291.760,164027
2025-09-05 11:30:00,291.610,292.190,291.220,292.090,163526
2025-09-05 13:30:00,292.090,293.490,290.600,292.490,284000
2025-09-05 14:00:00,292.520,294.490,292.060,294.140,198700
2025-09-05 14:30:00,293.800,294.730,293.000,294.610,179800
2025-09-05 15:00:00,294.440,295.800,294.080,294.820,268297
2025-09-08 10:00:00,294.590,304.480,292.200,301.510,880362
2025-09-08 10:30:00,301.510,302.710,297.760,298.220,475040
2025-09-08 11:00:00,298.220,298.820,295.680,296.000,275030
2025-09-08 11:30:00,296.030,298.490,295.760,297.540,264600
2025-09-08 13:30:00,297.530,298.490,296.590,297.240,247200
2025-09-08 14:00:00,297.240,298.270,297.230,298.230,199500
2025-09-08 14:30:00,297.940,299.450,297.670,299.310,193430
2025-09-08 15:00:00,299.310,301.000,299.310,300.080,249253
2025-09-09 10:00:00,298.510,301.800,297.060,298.700,335121
2025-09-09 10:30:00,298.770,299.950,297.000,299.300,199600
2025-09-09 11:00:00,299.300,299.300,296.410,297.220,132400
2025-09-09 11:30:00,297.140,298.950,297.130,297.970,80400
2025-09-09 13:30:00,297.990,298.880,296.030,296.030,169200
2025-09-09 14:00:00,296.040,296.220,295.180,295.200,188900
2025-09-09 14:30:00,295.190,296.320,295.000,295.600,193860
2025-09-09 15:00:00,295.580,298.660,295.540,298.090,256091
2025-09-10 10:00:00,297.690,298.480,295.640,296.060,245514
2025-09-10 10:30:00,296.070,297.680,295.700,296.090,134500
2025-09-10 11:00:00,296.270,297.470,296.270,297.130,72171
2025-09-10 11:30:00,296.910,298.680,296.860,298.550,120479
2025-09-10 13:30:00,298.300,298.950,296.060,296.300,128400
2025-09-10 14:00:00,296.300,297.390,296.300,297.030,82613
2025-09-10 14:30:00,297.160,298.300,297.070,298.100,84530
2025-09-10 15:00:00,298.100,298.260,297.000,297.040,147257
2025-09-11 10:00:00,296.050,297.880,294.100,294.110,275500
2025-09-11 10:30:00,294.170,294.880,293.530,294.760,178700
2025-09-11 11:00:00,294.880,295.380,294.350,295.000,132430
2025-09-11 11:30:00,295.000,295.990,294.800,295.620,166790
2025-09-11 13:30:00,295.650,297.680,295.010,296.720,187030
2025-09-11 14:00:00,296.610,297.370,295.580,296.030,158200
2025-09-11 14:30:00,296.000,297.890,295.750,297.890,152951
2025-09-11 15:00:00,297.870,299.980,297.870,299.780,254200
2025-09-12 10:00:00,299.000,301.970,297.500,299.000,382600
2025-09-12 10:30:00,299.000,300.000,298.500,298.900,129200
2025-09-12 11:00:00,298.890,299.530,298.060,298.060,97800
2025-09-12 11:30:00,298.120,298.460,297.250,297.840,102450
2025-09-12 13:30:00,297.780,297.970,297.000,297.480,110760
2025-09-12 14:00:00,297.480,297.500,296.220,296.470,147300
2025-09-12 14:30:00,296.470,296.890,295.530,295.580,165102
2025-09-12 15:00:00,295.590,295.960,294.780,294.820,328281
2025-09-15 10:00:00,293.500,294.490,290.800,292.410,536890
2025-09-15 10:30:00,292.410,293.570,291.550,293.500,201400
2025-09-15 11:00:00,293.420,294.450,292.500,292.660,167500
2025-09-15 11:30:00,292.660,293.260,292.020,292.330,147600
2025-09-15 13:30:00,292.340,292.620,292.030,292.120,168600
2025-09-15 14:00:00,292.050,292.310,289.500,289.520,603270
2025-09-15 14:30:00,289.520,289.520,287.030,288.730,612507
2025-09-15 15:00:00,288.820,289.930,288.000,289.500,368282
2025-09-16 10:00:00,290.000,292.960,289.120,290.690,392015
2025-09-16 10:30:00,290.680,290.700,289.790,289.960,162700
2025-09-16 11:00:00,290.050,291.370,289.720,290.170,182800
2025-09-16 11:30:00,290.180,290.880,290.120,290.860,85700
2025-09-16 13:30:00,290.860,291.250,289.880,289.970,120500
2025-09-16 14:00:00,289.970,292.500,289.800,292.490,178300
2025-09-16 14:30:00,292.490,292.960,291.800,292.520,190900
2025-09-16 15:00:00,292.470,292.780,292.100,292.780,184009
2025-09-17 10:00:00,292.090,297.050,291.990,294.000,391550
2025-09-17 10:30:00,294.000,296.290,292.780,296.250,266100
2025-09-17 11:00:00,296.250,297.500,295.260,295.510,264940
2025-09-17 11:30:00,295.510,296.240,294.610,295.890,89920
2025-09-17 13:30:00,295.880,297.150,295.700,296.340,179674
2025-09-17 14:00:00,296.340,296.880,296.070,296.860,148030
2025-09-17 14:30:00,296.870,297.350,296.600,297.050,176600
2025-09-17 15:00:00,297.010,297.120,296.450,296.880,205916
2025-09-18 10:00:00,295.000,296.980,293.530,293.600,258000
2025-09-18 10:30:00,293.570,294.900,292.000,294.640,315430
2025-09-18 11:00:00,294.600,294.640,293.100,293.180,73899
2025-09-18 11:30:00,293.170,294.480,293.120,294.480,58500
2025-09-18 13:30:00,294.100,295.670,293.530,294.490,197250
2025-09-18 14:00:00,294.520,295.830,294.490,295.140,163900
2025-09-18 14:30:00,295.010,297.000,294.780,295.550,380200
2025-09-18 15:00:00,295.550,296.290,294.620,295.630,296298
2025-09-19 10:00:00,296.950,298.790,294.200,297.600,470962
2025-09-19 10:30:00,297.640,298.400,295.810,296.500,230598
2025-09-19 11:00:00,296.470,298.440,295.680,298.250,200300
2025-09-19 11:30:00,298.240,299.490,298.000,299.490,244379
2025-09-19 13:30:00,299.490,299.930,298.500,299.620,228730
2025-09-19 14:00:00,299.660,300.750,298.170,298.220,242100
2025-09-19 14:30:00,298.240,299.600,298.010,299.450,174100
2025-09-19 15:00:00,299.430,300.020,299.340,299.340,479880
2025-09-22 10:00:00,298.010,298.300,289.060,291.870,747160
2025-09-22 10:30:00,292.080,293.500,291.400,293.500,160100
2025-09-22 11:00:00,293.350,295.000,293.000,293.420,178700
2025-09-22 11:30:00,293.420,294.030,291.400,291.400,145600
2025-09-22 13:30:00,291.380,291.870,288.080,288.090,448100
2025-09-22 14:00:00,288.060,289.490,287.580,288.250,344820
2025-09-22 14:30:00,288.240,288.820,287.130,288.630,292500
2025-09-22 15:00:00,288.630,289.380,287.850,287.850,328879
2025-09-23 10:00:00,288.300,290.500,285.990,286.660,513402
2025-09-23 10:30:00,286.660,286.790,279.960,279.960,718820
2025-09-23 11:00:00,279.990,282.720,279.170,281.620,337593
2025-09-23 11:30:00,281.700,282.150,280.910,282.100,106500
2025-09-23 13:30:00,281.950,282.160,280.170,281.440,143374
2025-09-23 14:00:00,281.530,282.410,280.840,281.390,109900
2025-09-23 14:30:00,281.370,284.600,281.000,284.300,217070
2025-09-23 15:00:00,284.300,284.760,283.530,284.390,199416
2025-09-24 10:00:00,283.790,288.880,282.080,288.850,348899
2025-09-24 10:30:00,288.860,290.500,288.030,288.030,282836
2025-09-24 11:00:00,288.030,288.990,287.290,288.910,91000
2025-09-24 11:30:00,288.910,289.880,288.270,289.840,110096
2025-09-24 13:30:00,289.840,291.500,289.540,290.800,221700
2025-09-24 14:00:00,290.850,290.860,289.300,289.330,107400
2025-09-24 14:30:00,289.500,289.820,288.120,288.320,96018
2025-09-24 15:00:00,288.280,289.000,288.280,288.720,114142
2025-09-25 10:00:00,288.630,293.740,288.000,290.000,457050
2025-09-25 10:30:00,289.940,290.800,288.010,288.840,229502
2025-09-25 11:00:00,289.170,290.000,288.410,289.570,69830
2025-09-25 11:30:00,289.700,290.000,288.000,289.640,122900
2025-09-25 13:30:00,289.210,289.640,286.010,286.230,230300
2025-09-25 14:00:00,286.420,287.730,286.060,287.730,99638
2025-09-25 14:30:00,287.730,288.100,286.600,286.730,102800
2025-09-25 15:00:00,286.710,287.380,286.180,286.180,222964
2025-09-26 10:00:00,285.060,286.790,282.800,286.300,295870
2025-09-26 10:30:00,286.480,289.480,286.030,289.330,187900
2025-09-26 11:00:00,289.320,291.500,289.320,290.400,241865
2025-09-26 11:30:00,290.470,290.470,288.850,289.400,62000
2025-09-26 13:30:00,289.400,289.500,287.590,287.770,70100
2025-09-26 14:00:00,287.780,288.240,287.050,287.110,68212
2025-09-26 14:30:00,287.080,287.430,286.120,286.610,90100
2025-09-26 15:00:00,286.420,286.700,285.460,285.550,246422
2025-09-29 10:00:00,286.050,287.000,283.510,286.420,318060
2025-09-29 10:30:00,286.410,288.190,284.620,285.230,250000
2025-09-29 11:00:00,285.020,286.730,284.610,285.680,200830
2025-09-29 11:30:00,285.660,287.200,285.010,286.350,131600
2025-09-29 13:30:00,286.360,287.840,286.350,287.800,142160
2025-09-29 14:00:00,287.810,289.600,287.330,288.990,213700
2025-09-29 14:30:00,288.840,289.400,287.890,288.690,128980
2025-09-29 15:00:00,288.820,290.550,288.820,290.550,285000
2025-09-30 10:00:00,290.000,291.980,284.020,285.820,538563
2025-09-30 10:30:00,286.170,287.700,284.500,287.640,232291
2025-09-30 11:00:00,287.650,292.320,287.360,291.140,281800
2025-09-30 11:30:00,291.130,294.800,290.760,294.450,269704
2025-09-30 13:30:00,294.450,297.900,293.680,297.000,381900
2025-09-30 14:00:00,297.000,299.500,295.830,299.500,300780
2025-09-30 14:30:00,299.500,302.500,298.560,302.080,422370
2025-09-30 15:00:00,302.080,305.300,302.070,303.800,652058
2025-10-09 10:00:00,298.090,299.440,291.400,294.710,1315938
2025-10-09 10:30:00,294.700,299.960,294.540,298.990,369400
2025-10-09 11:00:00,298.990,301.480,297.880,297.930,262300
2025-10-09 11:30:00,298.000,298.930,297.060,297.620,214330
2025-10-09 13:30:00,297.620,299.110,295.680,298.530,300890
2025-10-09 14:00:00,298.530,299.800,298.160,298.880,241279
2025-10-09 14:30:00,298.840,300.880,298.440,300.650,264200
2025-10-09 15:00:00,300.580,302.280,299.740,301.510,449499
2025-10-10 10:00:00,299.000,308.880,298.510,308.030,754800
2025-10-10 10:30:00,308.030,312.730,307.220,311.490,642199
2025-10-10 11:00:00,311.550,313.380,310.000,310.490,329030
2025-10-10 11:30:00,310.330,311.430,309.190,310.590,208100
2025-10-10 13:30:00,310.590,312.870,309.800,310.440,264300
2025-10-10 14:00:00,310.130,310.750,309.230,310.750,148222
2025-10-10 14:30:00,310.510,310.990,310.000,310.240,145773
2025-10-10 15:00:00,310.260,311.680,310.000,311.680,345050
2025-10-13 10:00:00,303.100,308.200,301.530,302.110,494305
2025-10-13 10:30:00,302.530,303.880,298.120,298.240,334960
2025-10-13 11:00:00,298.190,299.900,297.000,298.960,249040
2025-10-13 11:30:00,298.660,298.950,297.210,297.290,130700
2025-10-13 13:30:00,297.300,300.000,296.110,299.640,222000
2025-10-13 14:00:00,299.640,300.230,296.680,296.790,229200
2025-10-13 14:30:00,296.710,297.560,295.200,295.800,251300
2025-10-13 15:00:00,295.800,297.290,295.800,296.600,192187
2025-10-14 10:00:00,296.390,297.970,294.530,294.990,359481
2025-10-14 10:30:00,294.980,295.000,292.750,292.750,245100
2025-10-14 11:00:00,292.740,294.000,292.000,292.110,231600
2025-10-14 11:30:00,292.120,293.060,291.500,292.080,153600
2025-10-14 13:30:00,292.110,292.500,290.060,292.150,156580
2025-10-14 14:00:00,292.380,292.380,290.300,291.550,128500
2025-10-14 14:30:00,291.550,292.270,290.600,291.070,153400
2025-10-14 15:00:00,291.070,291.540,290.100,290.700,242865
2025-10-15 10:00:00,290.670,291.800,288.600,290.200,399000
2025-10-15 10:30:00,290.200,290.840,288.800,289.170,232100
2025-10-15 11:00:00,289.040,289.040,287.700,287.720,237900
2025-10-15 11:30:00,287.730,290.310,287.730,290.020,103900
2025-10-15 13:30:00,290.020,290.020,288.600,289.470,122600
2025-10-15 14:00:00,289.280,292.760,288.690,291.420,328753
2025-10-15 14:30:00,291.430,292.040,290.970,291.640,181900
2025-10-15 15:00:00,291.640,291.860,291.060,291.850,205063
2025-10-16 10:00:00,288.110,297.980,288.110,296.360,515609
2025-10-16 10:30:00,295.940,297.480,294.050,294.070,195900
2025-10-16 11:00:00,294.050,295.920,293.920,294.920,103400
2025-10-16 11:30:00,294.680,296.900,294.600,296.000,108215
2025-10-16 13:30:00,295.800,296.690,294.760,295.920,124700
2025-10-16 14:00:00,295.900,297.800,295.150,297.500,221929
2025-10-16 14:30:00,297.500,297.850,296.830,297.470,186400
2025-10-16 15:00:00,297.480,297.950,297.000,297.900,217400
2025-10-17 10:00:00,298.000,309.000,296.100,304.500,776246
2025-10-17 10:30:00,304.110,306.240,301.650,303.920,236853
2025-10-17 11:00:00,303.500,305.000,303.080,303.500,110500
2025-10-17 11:30:00,303.500,304.990,303.260,303.780,120100
2025-10-17 13:30:00,303.320,306.000,302.840,305.210,235800
2025-10-17 14:00:00,304.350,305.900,303.620,304.180,165700
2025-10-17 14:30:00,304.170,305.810,302.910,304.480,343760
2025-10-17 15:00:00,303.480,304.990,301.610,303.000,355301
2025-10-20 10:00:00,300.110,304.000,296.110,300.220,573800
2025-10-20 10:30:00,300.170,301.880,298.200,299.770,211830
2025-10-20 11:00:00,299.990,300.390,299.140,300.040,74800
2025-10-20 11:30:00,300.350,301.000,299.160,300.970,108424
2025-10-20 13:30:00,300.240,300.970,299.510,299.990,67688
2025-10-20 14:00:00,300.100,300.500,299.310,300.050,53100
2025-10-20 14:30:00,300.050,300.050,297.510,297.710,178440
2025-10-20 15:00:00,297.710,300.960,297.180,299.000,173843
2025-10-21 10:00:00,299.000,302.480,296.580,296.940,338911
2025-10-21 10:30:00,296.960,298.190,296.290,296.600,212821
2025-10-21 11:00:00,296.590,298.000,296.110,297.190,299700
2025-10-21 11:30:00,297.260,299.360,296.950,299.330,186600
2025-10-21 13:30:00,299.300,301.880,298.010,301.020,162200
2025-10-21 14:00:00,300.990,301.880,300.010,300.420,191500
2025-10-21 14:30:00,300.420,301.880,300.100,301.390,132449
2025-10-21 15:00:00,301.390,301.590,300.790,301.000,142424
2025-10-22 10:00:00,300.800,306.660,300.000,302.740,411614
2025-10-22 10:30:00,302.770,303.480,301.140,301.960,310538
2025-10-22 11:00:00,301.650,302.820,301.560,302.230,88900
2025-10-22 11:30:00,302.330,302.450,301.210,302.100,76000
2025-10-22 13:30:00,301.950,302.300,301.590,301.920,137500
2025-10-22 14:00:00,302.010,302.450,301.620,302.030,106590
2025-10-22 14:30:00,302.030,302.420,301.830,302.300,81900
2025-10-22 15:00:00,302.300,302.500,301.680,302.000,247497
2025-10-23 10:00:00,301.280,302.980,300.110,301.720,192458
2025-10-23 10:30:00,301.710,301.710,298.530,299.930,141000
2025-10-23 11:00:00,299.700,300.950,299.060,300.500,83300
2025-10-23 11:30:00,300.150,301.480,299.910,300.320,78800
2025-10-23 13:30:00,300.190,303.490,299.000,302.220,196583
2025-10-23 14:00:00,302.190,302.190,299.020,300.440,171700
2025-10-23 14:30:00,300.430,301.220,299.690,300.090,166880
2025-10-23 15:00:00,300.100,302.000,300.000,301.000,300533
2025-10-24 10:00:00,301.000,306.500,299.000,306.050,517780
2025-10-24 10:30:00,305.820,306.200,301.110,301.210,294200
2025-10-24 11:00:00,301.220,302.440,300.100,300.900,199230
2025-10-24 11:30:00,300.900,301.190,299.620,300.350,222600
2025-10-24 13:30:00,300.390,301.460,299.160,300.870,210200
2025-10-24 14:00:00,300.870,301.020,300.110,300.200,133200
2025-10-24 14:30:00,300.200,300.290,298.330,299.600,409556
2025-10-24 15:00:00,299.610,300.900,299.510,300.730,314557
2025-10-27 10:00:00,299.850,300.720,289.570,291.390,1255907
2025-10-27 10:30:00,291.390,292.490,290.000,290.050,415959
2025-10-27 11:00:00,290.040,290.380,288.740,289.320,390280
2025-10-27 11:30:00,289.350,290.960,288.800,289.070,259500
2025-10-27 13:30:00,289.050,289.300,287.000,288.360,532204
2025-10-27 14:00:00,288.350,288.480,287.000,287.000,310520
2025-10-27 14:30:00,287.000,287.460,285.600,286.200,631430
2025-10-27 15:00:00,286.210,288.610,286.200,287.010,616554
2025-10-28 10:00:00,287.400,288.570,284.560,285.250,654782
2025-10-28 10:30:00,285.250,287.900,285.250,287.880,182100
2025-10-28 11:00:00,287.880,287.880,286.260,286.610,130800
2025-10-28 11:30:00,286.610,287.740,286.550,287.310,98800
2025-10-28 13:30:00,287.400,287.470,286.160,286.360,128500
2025-10-28 14:00:00,286.350,286.650,285.100,286.530,125500
2025-10-28 14:30:00,286.530,287.000,286.530,286.610,94900
2025-10-28 15:00:00,286.600,286.670,285.800,286.340,195813
2025-10-29 10:00:00,286.350,286.350,283.280,284.830,352855
2025-10-29 10:30:00,284.860,286.650,284.260,285.980,157730
2025-10-29 11:00:00,285.920,285.920,284.690,284.960,128570
2025-10-29 11:30:00,284.970,284.980,284.420,284.510,86000
2025-10-29 13:30:00,284.550,285.450,284.470,285.210,112660
2025-10-29 14:00:00,285.190,285.400,284.550,284.570,154700
2025-10-29 14:30:00,284.580,284.780,284.000,284.550,125967
2025-10-29 15:00:00,284.550,285.980,284.550,285.980,151100
2025-10-30 10:00:00,285.980,286.000,282.200,282.620,534869
2025-10-30 10:30:00,282.620,283.590,281.660,283.590,260531
2025-10-30 11:00:00,283.590,283.710,281.660,281.710,181150
2025-10-30 11:30:00,281.710,282.480,281.200,281.760,272090
2025-10-30 13:30:00,282.180,282.600,280.300,280.590,320500
2025-10-30 14:00:00,280.750,280.990,279.700,280.680,324200
2025-10-30 14:30:00,280.690,281.580,279.990,280.220,233300
2025-10-30 15:00:00,280.220,280.370,280.000,280.000,222029
2025-10-31 10:00:00,279.020,281.490,277.580,280.900,470817
2025-10-31 10:30:00,280.900,281.200,279.890,280.250,136790
2025-10-31 11:00:00,280.250,281.180,280.000,281.130,117538
2025-10-31 11:30:00,281.130,283.470,281.130,282.950,288120
2025-10-31 13:30:00,282.950,283.580,281.310,281.890,109500
2025-10-31 14:00:00,281.900,281.980,280.810,281.040,81500
2025-10-31 14:30:00,281.030,281.480,280.330,280.700,123400
2025-10-31 15:00:00,280.780,281.190,279.880,280.000,336702
2025-11-03 10:00:00,279.290,279.870,273.110,273.350,870307
2025-11-03 10:30:00,273.400,273.520,270.060,270.860,515470
2025-11-03 11:00:00,270.690,270.690,269.010,270.000,386200
2025-11-03 11:30:00,270.000,272.000,269.930,271.620,203909
2025-11-03 13:30:00,271.600,272.250,270.300,271.130,305044
2025-11-03 14:00:00,271.130,272.240,270.010,270.080,312784
2025-11-03 14:30:00,270.090,270.940,270.080,270.860,263300
2025-11-03 15:00:00,270.870,271.360,270.790,271.120,306475
2025-11-04 10:00:00,269.900,269.900,264.000,268.330,799754
2025-11-04 10:30:00,268.240,268.900,266.410,266.820,342400
2025-11-04 11:00:00,266.890,267.350,264.580,267.000,469780
2025-11-04 11:30:00,267.060,267.540,265.320,265.510,376110
2025-11-04 13:30:00,265.520,266.600,265.060,266.280,356116
2025-11-04 14:00:00,266.260,266.580,266.010,266.030,247800
2025-11-04 14:30:00,266.020,266.220,266.000,266.030,269600
2025-11-04 15:00:00,266.000,266.880,265.510,266.800,310673
2025-11-05 10:00:00,263.980,269.910,263.500,269.510,621933
2025-11-05 10:30:00,269.510,270.550,268.450,270.100,338500
2025-11-05 11:00:00,270.090,271.000,269.600,270.410,234110
2025-11-05 11:30:00,270.460,270.610,268.670,269.260,134660
2025-11-05 13:30:00,269.260,269.460,268.020,268.040,135100
2025-11-05 14:00:00,268.090,269.680,267.500,269.680,176000
2025-11-05 14:30:00,269.680,271.450,269.560,270.190,234596
2025-11-05 15:00:00,270.190,270.710,269.760,269.800,243394
2025-11-06 10:00:00,269.270,272.180,268.180,271.710,473633
2025-11-06 10:30:00,271.680,272.080,270.500,270.990,165400
2025-11-06 11:00:00,270.990,271.850,270.990,271.410,120930
2025-11-06 11:30:00,271.410,271.850,270.930,271.540,163833
2025-11-06 13:30:00,271.580,272.200,270.510,270.630,235337
2025-11-06 14:00:00,270.610,271.500,270.490,271.300,153980
2025-11-06 14:30:00,271.300,271.780,271.300,271.570,140466
2025-11-06 15:00:00,271.570,271.750,270.650,271.240,190946
2025-11-07 10:00:00,271.230,274.490,270.190,273.880,308524
2025-11-07 10:30:00,273.880,276.190,273.370,275.650,366700
2025-11-07 11:00:00,275.400,277.600,275.100,277.530,300950
2025-11-07 11:30:00,277.530,278.300,276.800,277.870,241330
2025-11-07 13:30:00,277.890,280.000,276.620,280.000,325480
2025-11-07 14:00:00,280.000,280.080,278.120,279.090,335000
2025-11-07 14:30:00,279.190,279.390,277.770,277.980,197912
2025-11-07 15:00:00,277.900,278.000,277.110,277.110,230100
2025-11-10 10:00:00,275.990,276.670,272.430,272.430,359735
2025-11-10 10:30:00,272.430,273.700,272.050,272.610,160900
2025-11-10 11:00:00,272.550,274.950,272.060,274.740,243700
2025-11-10 11:30:00,274.430,275.970,274.110,274.150,189100
2025-11-10 13:30:00,274.190,275.000,273.000,273.000,194000
2025-11-10 14:00:00,273.020,276.340,272.720,276.130,294200
2025-11-10 14:30:00,276.130,276.800,275.110,275.560,170500
2025-11-10 15:00:00,275.560,277.260,275.510,276.890,267353
2025-11-11 10:00:00,276.980,283.530,275.050,279.510,975380
2025-11-11 10:30:00,279.500,280.360,277.380,277.390,222390
2025-11-11 11:00:00,277.380,278.060,275.200,275.400,164673
2025-11-11 11:30:00,275.400,275.970,275.050,275.320,104500
2025-11-11 13:30:00,275.330,276.060,274.100,274.700,117000
2025-11-11 14:00:00,274.710,276.960,274.700,276.360,85500
2025-11-11 14:30:00,276.380,278.290,276.240,278.100,118300
2025-11-11 15:00:00,278.110,279.020,277.770,278.100,268766
2025-11-12 10:00:00,276.790,282.660,276.790,281.450,721314
2025-11-12 10:30:00,281.800,282.280,279.500,280.220,321890
2025-11-12 11:00:00,280.030,280.190,279.230,279.460,131800
2025-11-12 11:30:00,279.460,280.690,279.030,279.790,98800
2025-11-12 13:30:00,279.800,280.800,278.900,279.480,115999
2025-11-12 14:00:00,279.790,280.200,279.100,279.780,98500
2025-11-12 14:30:00,279.750,280.000,279.230,279.920,90753
2025-11-12 15:00:00,279.960,280.880,279.200,279.200,227802
2025-11-13 10:00:00,278.540,278.670,274.070,275.080,477600
2025-11-13 10:30:00,275.080,276.200,272.880,275.030,316893
2025-11-13 11:00:00,275.080,276.060,274.610,275.100,133200
2025-11-13 11:30:00,275.100,275.500,274.520,275.000,110300
2025-11-13 13:30:00,274.920,275.700,273.900,273.900,262900
2025-11-13 14:00:00,273.940,274.880,273.050,273.540,271800
2025-11-13 14:30:00,273.600,274.000,272.270,272.270,383590
2025-11-13 15:00:00,272.280,272.900,272.080,272.650,355100
2025-11-14 10:00:00,272.550,274.950,271.220,272.590,585319
2025-11-14 10:30:00,272.600,273.960,271.660,273.220,255600
2025-11-14 11:00:00,273.220,273.980,272.650,272.650,121100
2025-11-14 11:30:00,272.710,273.120,271.810,272.010,129200
2025-11-14 13:30:00,271.990,273.050,271.950,272.290,95300
2025-11-14 14:00:00,272.290,272.510,270.590,271.020,160700
2025-11-14 14:30:00,271.000,271.530,270.500,270.880,108800
2025-11-14 15:00:00,270.880,271.160,269.000,269.570,247810
2025-11-17 10:00:00,268.080,269.540,260.600,261.020,860128
2025-11-17 10:30:00,261.020,263.030,259.440,262.460,464000
2025-11-17 11:00:00,262.450,262.750,261.200,262.710,207090
2025-11-17 11:30:00,262.790,263.490,262.500,262.860,129970
2025-11-17 13:30:00,262.890,262.980,260.380,260.570,345899
2025-11-17 14:00:00,260.570,262.510,260.460,261.890,213802
2025-11-17 14:30:00,261.890,261.940,261.030,261.030,213800
2025-11-17 15:00:00,261.030,261.800,259.800,261.420,564438
2025-11-18 10:00:00,259.900,262.300,257.080,261.440,370418
2025-11-18 10:30:00,261.100,261.800,260.070,260.120,140200
2025-11-18 11:00:00,260.050,260.390,258.270,258.520,240800
2025-11-18 11:30:00,258.550,259.180,258.000,258.020,168311
2025-11-18 13:30:00,258.040,258.040,257.050,257.760,247530
2025-11-18 14:00:00,257.760,257.950,257.270,257.280,145700
2025-11-18 14:30:00,257.270,257.280,256.100,256.100,285600
2025-11-18 15:00:00,256.100,256.850,255.900,256.540,371673
2025-11-19 10:00:00,256.540,259.750,255.900,258.850,418630
2025-11-19 10:30:00,258.950,259.200,258.100,258.700,139200
2025-11-19 11:00:00,258.680,260.480,257.670,259.680,160788
2025-11-19 11:30:00,259.890,260.800,258.800,258.900,119000
2025-11-19 13:30:00,258.930,259.500,257.650,258.310,121800
2025-11-19 14:00:00,258.310,259.320,258.290,259.290,118294
2025-11-19 14:30:00,259.290,259.690,259.090,259.230,111300
2025-11-19 15:00:00,259.270,259.290,258.710,259.000,154987
2025-11-20 10:00:00,259.430,259.460,255.900,256.050,312400
2025-11-20 10:30:00,256.050,256.890,255.300,255.560,165410
2025-11-20 11:00:00,255.560,256.500,255.310,255.960,85600
2025-11-20 11:30:00,255.920,256.780,255.500,256.650,71550
2025-11-20 13:30:00,256.650,257.600,255.800,256.510,112120
2025-11-20 14:00:00,256.520,257.440,256.360,256.490,61900
2025-11-20 14:30:00,256.480,256.560,255.800,255.860,91800
2025-11-20 15:00:00,256.050,257.280,255.450,256.540,190018
2025-11-21 10:00:00,255.000,262.000,254.530,261.640,455920
2025-11-21 10:30:00,261.650,262.360,260.000,261.240,279274
2025-11-21 11:00:00,261.240,262.100,258.000,259.690,329192
2025-11-21 11:30:00,259.700,260.500,258.790,259.360,129000
2025-11-21 13:30:00,259.550,261.580,259.010,260.800,139900
2025-11-21 14:00:00,260.790,261.610,260.680,261.370,116797
2025-11-21 14:30:00,261.370,261.630,261.130,261.460,140384
2025-11-21 15:00:00,261.460,261.520,259.640,259.960,219478
2025-11-24 10:00:00,259.700,263.000,259.130,260.060,300625
2025-11-24 10:30:00,260.320,260.830,259.130,259.660,146700
2025-11-24 11:00:00,259.670,259.930,257.510,258.000,179030
2025-11-24 11:30:00,257.730,258.940,257.600,258.120,115930
2025-11-24 13:30:00,258.480,258.700,257.500,257.840,101318
2025-11-24 14:00:00,257.820,258.570,257.810,257.970,93300
2025-11-24 14:30:00,257.880,258.970,257.560,258.970,117310
2025-11-24 15:00:00,258.960,259.140,257.620,257.900,247054
2025-11-25 10:00:00,258.710,259.460,255.380,255.800,343565
2025-11-25 10:30:00,255.800,260.280,255.300,258.000,397096
2025-11-25 11:00:00,258.000,258.060,257.300,257.590,147732
2025-11-25 11:30:00,257.600,258.880,257.400,257.780,92600
2025-11-25 13:30:00,257.780,258.110,257.000,257.140,136525
2025-11-25 14:00:00,257.390,258.750,257.010,258.250,138800
2025-11-25 14:30:00,258.240,258.770,258.010,258.760,140100
2025-11-25 15:00:00,258.750,259.360,258.390,258.390,192085
2025-11-26 10:00:00,259.000,260.000,257.720,259.540,186361
2025-11-26 10:30:00,259.540,260.680,258.710,260.310,222369
2025-11-26 11:00:00,260.260,261.310,260.260,261.120,112500
2025-11-26 11:30:00,261.130,261.720,260.680,261.160,96953
2025-11-26 13:30:00,261.160,262.590,261.160,261.830,142100
2025-11-26 14:00:00,261.810,261.890,260.790,261.030,77830
2025-11-26 14:30:00,261.080,261.080,259.390,259.390,130270
2025-11-26 15:00:00,259.410,260.300,259.390,259.500,213498
2025-11-27 10:00:00,259.510,260.480,256.690,257.020,219363
2025-11-27 10:30:00,257.010,259.050,256.660,257.530,193430
2025-11-27 11:00:00,257.520,259.450,257.520,259.190,177544
2025-11-27 11:30:00,259.000,260.200,258.830,259.990,153634
2025-11-27 13:30:00,259.960,261.410,259.000,261.380,168501
2025-11-27 14:00:00,261.390,261.860,260.410,260.750,127000
2025-11-27 14:30:00,260.760,260.760,259.520,259.740,80900
2025-11-27 15:00:00,259.740,259.820,258.160,258.590,144289
2025-11-28 10:00:00,258.600,262.260,258.000,261.550,334031
2025-11-28 10:30:00,261.800,263.960,261.510,262.160,287000
2025-11-28 11:00:00,262.150,262.370,260.880,261.890,115300
2025-11-28 11:30:00,261.930,263.480,261.620,263.350,124100
2025-11-28 13:30:00,263.490,264.000,261.010,262.370,187160
2025-11-28 14:00:00,262.310,263.290,262.260,262.790,98600
2025-11-28 14:30:00,263.050,263.060,261.670,262.570,127000
2025-11-28 15:00:00,262.590,263.750,262.400,263.660,247800
2025-12-01 10:00:00,261.720,262.830,260.020,261.760,373530
2025-12-01 10:30:00,261.660,262.980,260.110,262.630,215300
2025-12-01 11:00:00,262.430,265.540,262.430,265.470,208930
2025-12-01 11:30:00,265.420,270.880,265.000,270.500,360697
2025-12-01 13:30:00,270.500,270.960,268.550,269.190,323100
2025-12-01 14:00:00,269.170,269.890,268.180,269.890,191666
2025-12-01 14:30:00,269.890,270.480,269.400,269.940,204920
2025-12-01 15:00:00,269.920,270.000,269.010,269.030,231494
2025-12-02 10:00:00,268.670,269.030,266.200,267.470,228887
2025-12-02 10:30:00,267.180,269.000,267.140,268.020,115800
2025-12-02 11:00:00,268.320,268.550,266.680,266.710,121500
2025-12-02 11:30:00,266.690,267.760,266.660,267.180,81190
2025-12-02 13:30:00,267.180,268.500,266.500,266.590,186200
2025-12-02 14:00:00,266.590,266.910,266.030,266.260,112700
2025-12-02 14:30:00,266.250,266.670,266.170,266.420,76683
2025-12-02 15:00:00,266.420,266.420,265.230,266.090,133831
2025-12-03 10:00:00,265.500,268.980,265.490,268.380,267888
2025-12-03 10:30:00,267.880,268.390,266.820,267.490,85000
2025-12-03 11:00:00,267.480,267.970,266.060,266.060,90917
2025-12-03 11:30:00,266.050,266.610,265.530,265.840,83300
2025-12-03 13:30:00,265.850,266.990,265.120,266.790,70942
2025-12-03 14:00:00,266.770,266.910,265.600,266.110,70600
2025-12-03 14:30:00,266.100,266.680,265.200,266.220,136600
2025-12-03 15:00:00,266.420,266.810,266.000,266.500,116532
2025-12-04 10:00:00,265.520,267.500,264.100,265.710,186315
2025-12-04 10:30:00,265.530,266.430,264.330,264.950,70800
2025-12-04 11:00:00,264.750,266.850,264.740,266.830,49214
2025-12-04 11:30:00,266.800,267.050,266.100,266.350,62700
2025-12-04 13:30:00,266.400,267.300,266.200,266.530,70300
2025-12-04 14:00:00,266.330,266.540,265.500,265.880,54903
2025-12-04 14:30:00,265.820,266.680,265.600,266.460,35516
2025-12-04 15:00:00,266.460,266.490,265.120,266.050,129049
2025-12-05 10:00:00,265.100,265.500,262.100,262.190,207100
2025-12-05 10:30:00,262.190,263.390,261.100,263.020,125698
2025-12-05 11:00:00,263.350,263.490,262.160,262.600,48796
2025-12-05 11:30:00,262.600,263.900,261.700,261.970,108680
2025-12-05 13:30:00,261.970,262.010,260.500,261.010,154400
2025-12-05 14:00:00,260.990,263.200,260.990,262.790,140970
2025-12-05 14:30:00,262.800,263.390,262.400,262.600,210334
2025-12-05 15:00:00,262.600,263.200,262.200,262.520,157174
2025-12-08 10:00:00,262.530,262.530,259.090,260.340,221988
2025-12-08 10:30:00,260.390,260.660,259.830,259.880,151700
2025-12-08 11:00:00,259.880,260.360,259.670,260.190,124757
2025-12-08 11:30:00,260.180,260.700,259.500,260.460,118300
2025-12-08 13:30:00,260.390,260.490,260.000,260.260,98384
2025-12-08 14:00:00,260.200,260.290,259.500,259.510,113500
2025-12-08 14:30:00,259.510,259.830,259.100,259.510,169630
2025-12-08 15:00:00,259.500,260.590,259.500,260.000,198829
2025-12-09 10:00:00,260.000,261.490,259.000,260.200,160102
2025-12-09 10:30:00,260.070,260.190,258.100,258.990,137846
2025-12-09 11:00:00,258.840,259.960,258.840,259.370,89270
2025-12-09 11:30:00,259.510,259.510,258.630,258.860,42500
2025-12-09 13:30:00,258.860,259.600,258.860,259.050,58400
2025-12-09 14:00:00,259.030,259.100,258.030,258.320,94162
2025-12-09 14:30:00,258.330,258.330,258.110,258.250,56690
2025-12-09 15:00:00,258.250,258.440,258.100,258.220,85819
2025-12-10 10:00:00,258.220,262.500,257.700,261.300,387006
2025-12-10 10:30:00,260.950,261.430,259.510,260.570,135730
2025-12-10 11:00:00,260.560,260.810,259.160,259.380,117870
2025-12-10 11:30:00,259.530,259.540,258.680,259.090,77850
2025-12-10 13:30:00,259.110,259.650,258.270,259.030,95711
2025-12-10 14:00:00,259.030,259.950,258.990,259.270,79600
2025-12-10 14:30:00,259.320,259.950,259.240,259.840,77900
2025-12-10 15:00:00,259.830,259.960,259.010,259.010,140706
2025-12-11 10:00:00,258.100,259.500,255.510,256.840,375074
2025-12-11 10:30:00,256.840,257.590,256.000,257.510,205830
2025-12-11 11:00:00,257.450,261.890,257.410,261.650,303498
2025-12-11 11:30:00,261.700,262.980,261.280,261.980,220200
2025-12-11 13:30:00,261.980,262.650,260.500,260.500,168550
2025-12-11 14:00:00,260.500,260.710,259.230,259.230,150830
2025-12-11 14:30:00,259.300,259.480,258.720,258.760,115120
2025-12-11 15:00:00,258.780,259.870,258.220,259.870,154648
2025-12-12 10:00:00,259.870,260.730,257.250,258.110,392160
2025-12-12 10:30:00,257.740,259.000,256.450,257.200,253260
2025-12-12 11:00:00,257.150,258.310,256.800,258.140,157300
2025-12-12 11:30:00,258.150,259.800,258.100,259.450,137100
2025-12-12 13:30:00,259.350,260.960,259.350,260.300,209800
2025-12-12 14:00:00,260.300,261.350,260.300,260.930,179059
2025-12-12 14:30:00,260.930,261.690,260.320,261.100,205000
2025-12-12 15:00:00,261.100,261.580,260.110,261.580,279523
2025-12-15 10:00:00,261.580,267.000,261.500,265.820,664632
2025-12-15 10:30:00,265.800,266.760,264.520,266.040,263600
2025-12-15 11:00:00,266.110,266.200,264.100,264.850,231630
2025-12-15 11:30:00,264.840,266.990,264.590,266.830,230300
2025-12-15 13:30:00,266.900,268.180,266.050,267.420,318930
2025-12-15 14:00:00,267.430,267.990,266.710,267.230,178661
2025-12-15 14:30:00,267.240,267.550,266.670,266.680,170300
2025-12-15 15:00:00,266.680,266.910,265.560,266.190,281225
2025-12-16 10:00:00,264.570,265.630,261.700,265.230,589370
2025-12-16 10:30:00,265.130,266.300,264.200,264.410,183781
2025-12-16 11:00:00,264.410,264.610,262.080,262.290,186300
2025-12-16 11:30:00,262.240,262.620,261.160,262.110,172900
2025-12-16 13:30:00,262.120,262.870,261.120,262.300,122600
2025-12-16 14:00:00,262.430,267.490,262.420,265.920,341100
2025-12-16 14:30:00,265.900,268.090,264.610,265.130,305600
2025-12-16 15:00:00,265.130,265.950,264.110,264.150,364693
2025-12-17 10:00:00,264.030,266.800,261.550,266.340,343542
2025-12-17 10:30:00,266.600,270.500,266.600,269.860,545930
2025-12-17 11:00:00,269.860,272.000,269.550,270.700,376700
2025-12-17 11:30:00,270.690,271.290,269.200,270.420,170372
2025-12-17 13:30:00,270.420,270.450,267.540,269.900,195868
2025-12-17 14:00:00,269.890,271.200,269.710,271.200,162239
2025-12-17 14:30:00,271.200,271.500,269.980,270.320,167800
2025-12-17 15:00:00,270.300,270.310,269.460,269.760,277401
2025-12-18 10:00:00,269.000,270.600,266.200,267.270,306488
2025-12-18 10:30:00,267.520,267.580,266.560,266.610,104000
2025-12-18 11:00:00,266.610,267.470,265.300,267.000,141250
2025-12-18 11:30:00,267.000,268.200,266.480,268.090,73960
2025-12-18 13:30:00,268.100,268.200,267.010,267.520,122100
2025-12-18 14:00:00,267.520,267.900,266.560,267.280,165800
2025-12-18 14:30:00,267.170,267.450,266.380,266.980,165479
2025-12-18 15:00:00,266.970,267.220,266.290,266.930,190500
2025-12-19 10:00:00,268.730,268.730,264.700,265.990,187720
2025-12-19 10:30:00,265.990,269.990,265.840,269.060,185000
2025-12-19 11:00:00,269.300,270.290,268.930,269.900,114100
2025-12-19 11:30:00,269.890,269.970,269.000,269.290,65800
2025-12-19 13:30:00,269.200,271.360,269.180,271.220,188360
2025-12-19 14:00:00,271.230,271.680,270.310,270.840,128200
2025-12-19 14:30:00,270.630,272.850,270.470,272.800,277219
2025-12-19 15:00:00,272.800,272.800,272.050,272.650,315518
2025-12-22 10:00:00,273.000,275.500,270.600,272.920,312003
2025-12-22 10:30:00,272.940,274.790,272.790,273.660,136418
2025-12-22 11:00:00,273.680,274.490,271.770,271.770,113800
2025-12-22 11:30:00,271.780,272.420,271.690,272.100,70900
2025-12-22 13:30:00,272.090,272.290,271.500,271.860,75100
2025-12-22 14:00:00,271.910,273.750,271.910,273.720,99320
2025-12-22 14:30:00,273.710,274.500,273.230,274.500,145588
2025-12-22 15:00:00,274.490,275.000,274.200,274.970,278706
2025-12-23 10:00:00,274.880,277.200,270.500,272.970,472954
2025-12-23 10:30:00,272.820,273.480,271.480,272.290,103100
2025-12-23 11:00:00,271.800,273.490,271.800,272.070,83300
2025-12-23 11:30:00,272.320,273.000,272.060,272.330,62080
2025-12-23 13:30:00,272.610,272.990,272.010,272.690,70700
2025-12-23 14:00:00,272.680,274.300,272.250,274.070,128169
2025-12-23 14:30:00,273.860,274.200,272.320,272.740,108793
2025-12-23 15:00:00,272.740,273.800,272.120,272.900,207084
2025-12-24 10:00:00,272.000,278.990,271.600,277.010,561739
2025-12-24 10:30:00,277.010,277.800,275.310,275.880,221430
2025-12-24 11:00:00,275.880,276.800,275.000,276.760,141900
2025-12-24 11:30:00,276.200,277.770,276.200,277.380,73450
2025-12-24 13:30:00,277.380,277.380,275.390,276.160,90700
2025-12-24 14:00:00,276.150,276.210,274.510,274.510,83400
2025-12-24 14:30:00,274.510,275.630,274.280,275.170,74400
2025-12-24 15:00:00,275.170,275.990,274.720,275.550,141310
2025-12-25 10:00:00,274.880,276.880,273.660,273.810,176200
2025-12-25 10:30:00,273.820,274.430,272.500,272.660,100000
2025-12-25 11:00:00,272.800,273.480,271.750,271.790,95700
2025-12-25 11:30:00,271.790,273.990,271.280,273.700,130900
2025-12-25 13:30:00,273.160,273.590,270.680,271.620,133160
2025-12-25 14:00:00,271.620,272.240,270.880,272.080,103100
2025-12-25 14:30:00,272.160,272.270,271.400,271.730,91800
2025-12-25 15:00:00,271.730,272.300,271.400,272.110,103042
2025-12-26 10:00:00,272.150,272.820,268.200,269.400,316969
2025-12-26 10:30:00,269.400,269.950,269.010,269.950,91600
2025-12-26 11:00:00,269.950,270.800,268.720,269.120,218225
2025-12-26 11:30:00,269.120,270.000,268.720,268.860,107784
2025-12-26 13:30:00,268.830,268.930,267.840,268.750,127600
2025-12-26 14:00:00,268.760,269.250,268.040,269.070,74100
2025-12-26 14:30:00,269.060,269.400,268.800,269.400,101200
2025-12-26 15:00:00,269.400,269.490,268.210,268.330,150700
2025-12-29 10:00:00,268.000,273.000,267.680,270.920,319961
2025-12-29 10:30:00,270.930,271.500,269.200,270.240,132490
2025-12-29 11:00:00,270.630,271.070,269.130,269.880,113530
2025-12-29 11:30:00,269.870,270.000,268.550,269.300,112500
2025-12-29 13:30:00,269.290,269.490,267.300,269.240,239410
2025-12-29 14:00:00,269.400,269.940,267.600,267.700,102800
2025-12-29 14:30:00,267.700,268.280,267.010,267.880,111520
2025-12-29 15:00:00,267.960,268.200,267.500,268.030,113291
2025-12-30 10:00:00,267.100,268.900,265.200,266.300,235861
2025-12-30 10:30:00,266.390,268.190,265.640,267.400,156065
2025-12-30 11:00:00,267.290,267.940,266.510,267.690,83300
2025-12-30 11:30:00,267.680,269.500,267.390,268.650,95000
2025-12-30 13:30:00,268.640,269.520,266.080,267.300,172065
2025-12-30 14:00:00,267.300,267.580,266.980,267.000,64340
2025-12-30 14:30:00,267.080,267.880,266.650,267.370,84530
2025-12-30 15:00:00,267.450,268.020,267.200,268.020,113910
2025-12-31 10:00:00,268.040,270.490,267.100,268.600,248800
2025-12-31 10:30:00,268.580,269.300,267.800,268.990,132100
2025-12-31 11:00:00,268.980,269.250,267.700,268.030,101900
2025-12-31 11:30:00,267.830,268.790,267.580,267.640,68100
2025-12-31 13:30:00,267.640,268.580,267.080,268.280,119670
2025-12-31 14:00:00,268.200,268.550,267.500,268.100,86480
2025-12-31 14:30:00,268.000,268.510,268.000,268.420,128640
2025-12-31 15:00:00,268.410,268.490,267.020,267.390,200198
2026-01-05 10:00:00,267.890,276.880,267.810,276.400,762647
2026-01-05 10:30:00,276.400,278.690,276.080,278.200,386017
2026-01-05 11:00:00,277.870,279.950,277.520,278.900,389300
2026-01-05 11:30:00,279.080,280.390,277.010,277.140,245700
2026-01-05 13:30:00,277.550,277.670,274.500,276.590,228154
2026-01-05 14:00:00,276.610,278.960,276.610,278.730,126600
2026-01-05 14:30:00,278.580,279.440,278.400,278.650,193400
2026-01-05 15:00:00,278.680,279.110,277.500,278.280,241112
2026-01-06 10:00:00,278.370,278.900,275.510,277.480,353168
2026-01-06 10:30:00,277.320,277.850,276.060,276.060,145000
2026-01-06 11:00:00,276.080,276.830,275.100,276.470,192450
2026-01-06 11:30:00,276.470,277.100,275.530,276.660,103100
2026-01-06 13:30:00,276.570,276.880,274.380,274.470,207800
2026-01-06 14:00:00,274.480,278.000,274.470,277.910,174700
2026-01-06 14:30:00,277.740,278.360,276.880,277.870,180550
2026-01-06 15:00:00,277.850,278.000,277.010,278.000,166509
2026-01-07 10:00:00,277.140,277.950,274.540,275.810,290875
2026-01-07 10:30:00,276.100,276.130,273.090,273.090,408080
2026-01-07 11:00:00,273.100,274.420,273.060,273.490,235500
2026-01-07 11:30:00,273.260,273.920,272.390,272.420,191200
2026-01-07 13:30:00,272.420,272.940,269.860,270.010,366300
2026-01-07 14:00:00,270.010,270.160,269.300,270.130,205200
2026-01-07 14:30:00,270.120,270.970,269.500,269.900,214000
2026-01-07 15:00:00,269.890,270.580,269.500,270.020,225847
2026-01-08 10:00:00,269.200,272.300,269.110,271.930,328776
2026-01-08 10:30:00,271.940,275.690,271.530,275.650,254247
2026-01-08 11:00:00,275.610,276.900,274.840,276.610,419900
2026-01-08 11:30:00,276.610,279.500,276.540,278.000,362400
2026-01-08 13:30:00,277.770,279.330,277.730,278.900,243293
2026-01-08 14:00:00,278.940,281.250,278.840,280.540,384682
2026-01-08 14:30:00,280.540,281.510,279.720,280.250,281810
2026-01-08 15:00:00,280.230,280.660,278.360,278.870,256708
2026-01-09 10:00:00,279.000,280.490,277.290,278.430,329400
2026-01-09 10:30:00,278.100,279.000,277.000,277.880,168500
2026-01-09 11:00:00,277.940,278.600,277.220,278.600,118900
2026-01-09 11:30:00,278.640,279.330,277.660,277.930,105700
2026-01-09 13:30:00,278.280,278.400,276.500,277.090,116300
2026-01-09 14:00:00,277.090,278.090,277.030,278.080,58300
2026-01-09 14:30:00,278.080,278.430,277.520,277.780,85500
2026-01-09 15:00:00,277.790,278.100,277.200,277.300,153995
2026-01-12 10:00:00,275.800,278.910,274.400,274.700,379521
2026-01-12 10:30:00,274.720,277.300,274.500,276.700,178460
2026-01-12 11:00:00,276.410,276.700,274.230,275.540,166300
2026-01-12 11:30:00,275.850,275.860,273.710,274.190,175627
2026-01-12 13:30:00,274.250,274.590,272.770,272.770,236190
2026-01-12 14:00:00,272.750,273.430,272.620,273.150,144090
2026-01-12 14:30:00,273.140,274.450,272.920,273.950,145291
2026-01-12 15:00:00,274.230,274.420,273.400,274.300,178563
2026-01-13 10:00:00,272.620,275.000,271.000,274.130,452040
2026-01-13 10:30:00,274.120,275.450,272.930,274.360,146500
2026-01-13 11:00:00,274.140,279.210,273.410,277.450,403083
2026-01-13 11:30:00,277.450,278.970,276.010,276.050,144800
2026-01-13 13:30:00,276.040,276.180,273.530,274.160,122935
2026-01-13 14:00:00,274.140,274.250,273.190,273.530,97095
2026-01-13 14:30:00,273.800,274.620,272.700,273.500,230768
2026-01-13 15:00:00,273.500,273.910,272.020,272.610,226660
2026-01-14 10:00:00,271.670,272.200,259.010,266.360,1667184
2026-01-14 10:30:00,266.390,269.820,265.310,268.510,426870
2026-01-14 11:00:00,268.660,269.450,267.770,267.820,191500
2026-01-14 11:30:00,267.910,268.230,266.410,267.960,262530
2026-01-14 13:30:00,267.610,268.600,265.050,265.800,274870
2026-01-14 14:00:00,265.800,266.000,263.890,263.900,261500
2026-01-14 14:30:00,263.910,265.310,263.230,264.990,215200
2026-01-14 15:00:00,264.990,265.220,264.000,264.680,253165
2026-01-15 10:00:00,264.680,271.000,263.350,270.980,602963
2026-01-15 10:30:00,270.980,271.680,269.960,270.690,380530
2026-01-15 11:00:00,270.540,273.500,270.360,273.490,387608
2026-01-15 11:30:00,273.500,275.310,273.160,273.780,337633
2026-01-15 13:30:00,273.780,275.680,273.160,273.800,278622
2026-01-15 14:00:00,274.120,274.340,273.220,273.250,116600
2026-01-15 14:30:00,273.250,273.450,272.520,272.870,110600
2026-01-15 15:00:00,273.140,273.250,270.800,271.850,288606
2026-01-16 10:00:00,271.850,273.190,271.000,271.340,313632
2026-01-16 10:30:00,271.310,271.760,269.000,269.030,262800
2026-01-16 11:00:00,269.040,271.500,269.000,270.620,119500
2026-01-16 11:30:00,270.540,272.390,270.100,270.100,98136
2026-01-16 13:30:00,270.170,271.830,269.770,269.970,152600
2026-01-16 14:00:00,269.970,270.390,269.060,269.210,167700
2026-01-16 14:30:00,269.190,269.880,268.000,268.420,287190
2026-01-16 15:00:00,268.480,268.770,266.500,266.860,520515
2026-01-19 10:00:00,267.000,272.490,264.000,264.780,607801
2026-01-19 10:30:00,264.780,265.900,264.130,265.280,278490
2026-01-19 11:00:00,265.160,265.490,263.420,263.420,310420
2026-01-19 11:30:00,263.420,264.200,262.680,263.570,288600
2026-01-19 13:30:00,263.560,264.170,262.160,262.160,300990
2026-01-19 14:00:00,262.190,262.800,261.480,262.050,352950
2026-01-19 14:30:00,262.050,262.420,260.500,260.660,413130
2026-01-19 15:00:00,260.660,260.900,259.580,260.490,638980
2026-01-20 10:00:00,260.790,263.800,259.160,260.690,603605
2026-01-20 10:30:00,260.700,261.490,259.680,261.140,261400
2026-01-20 11:00:00,260.800,261.770,260.000,260.290,173200
2026-01-20 11:30:00,260.290,260.350,258.000,258.090,301800
2026-01-20 13:30:00,258.130,258.900,257.510,257.910,200460
2026-01-20 14:00:00,257.920,258.980,257.600,258.250,138700
2026-01-20 14:30:00,258.240,258.970,257.030,258.710,243200
2026-01-20 15:00:00,258.700,258.890,257.010,257.380,500060
2026-01-21 10:00:00,256.660,258.000,253.030,255.320,595200
2026-01-21 10:30:00,255.570,256.360,253.390,253.700,314278
2026-01-21 11:00:00,253.700,254.290,252.300,252.410,490660
2026-01-21 11:30:00,252.410,253.000,252.350,252.990,272710
2026-01-21 13:30:00,253.000,253.500,251.770,251.820,261330
2026-01-21 14:00:00,251.820,252.440,251.160,251.870,188029
2026-01-21 14:30:00,251.880,252.100,251.000,251.070,273650
2026-01-21 15:00:00,251.050,251.390,250.710,251.090,490430
2026-01-22 10:00:00,250.880,256.480,250.000,254.780,921763
2026-01-22 10:30:00,254.800,255.750,254.000,254.510,371682
2026-01-22 11:00:00,254.500,255.000,253.740,254.940,297000
2026-01-22 11:30:00,254.940,257.280,254.470,256.000,433307
2026-01-22 13:30:00,256.070,257.100,254.400,254.770,302300
2026-01-22 14:00:00,254.770,256.300,254.450,256.190,260810
2026-01-22 14:30:00,256.190,257.190,256.160,256.210,281757
2026-01-22 15:00:00,256.220,256.470,255.310,256.170,602100
2026-01-23 10:00:00,256.610,257.000,252.010,252.230,427834
2026-01-23 10:30:00,252.230,253.500,251.620,253.500,257590
2026-01-23 11:00:00,253.500,255.280,252.590,254.110,254890
2026-01-23 11:30:00,254.270,255.110,253.230,254.060,216229
2026-01-23 13:30:00,254.580,255.950,254.060,255.880,210917
2026-01-23 14:00:00,255.880,256.790,255.500,256.090,187143
2026-01-23 14:30:00,256.030,256.180,254.740,254.800,235809
2026-01-23 15:00:00,254.900,254.900,252.000,253.360,523734
2026-01-26 10:00:00,253.000,253.350,249.010,249.010,608741
2026-01-26 10:30:00,249.020,249.490,247.800,249.490,408990
2026-01-26 11:00:00,249.790,251.400,249.220,249.540,238500
2026-01-26 11:30:00,249.690,250.520,249.510,249.640,161000
2026-01-26 13:30:00,249.910,253.500,249.640,252.420,363000
2026-01-26 14:00:00,252.420,253.000,252.000,252.010,204000
2026-01-26 14:30:00,252.060,252.760,251.610,251.890,203729
2026-01-26 15:00:00,251.890,251.890,250.540,250.800,442274
2026-01-27 10:00:00,251.990,252.180,250.080,251.550,354351
2026-01-27 10:30:00,251.550,251.650,249.600,250.720,202600
2026-01-27 11:00:00,250.670,250.670,246.060,246.310,405800
2026-01-27 11:30:00,246.310,247.360,245.400,245.950,292200
2026-01-27 13:30:00,245.960,246.410,245.000,246.360,265000
2026-01-27 14:00:00,246.400,247.000,246.030,246.330,250800
2026-01-27 14:30:00,246.420,247.680,246.350,247.370,247300
2026-01-27 15:00:00,247.410,247.700,245.740,245.810,431206
2026-01-28 10:00:00,245.620,258.580,245.620,250.890,1755652
2026-01-28 10:30:00,250.890,250.890,249.000,249.790,380000
2026-01-28 11:00:00,249.790,252.190,249.660,251.960,270100
2026-01-28 11:30:00,251.740,252.490,251.490,252.190,242100
2026-01-28 13:30:00,252.200,254.680,252.000,254.410,375530
2026-01-28 14:00:00,254.420,256.060,254.420,255.740,498291
2026-01-28 14:30:00,255.750,256.530,254.640,255.150,438900
2026-01-28 15:00:00,255.150,256.000,254.010,254.510,810644
2026-01-29 10:00:00,258.000,258.000,252.510,254.570,710200
2026-01-29 10:30:00,254.570,257.300,254.230,256.790,377181
2026-01-29 11:00:00,256.780,260.580,256.780,260.000,679280
2026-01-29 11:30:00,259.970,259.980,258.000,259.190,271300
2026-01-29 13:30:00,259.180,263.840,258.060,262.870,624924
2026-01-29 14:00:00,262.580,263.010,260.580,261.210,324290
2026-01-29 14:30:00,261.210,263.000,260.790,262.510,457500
2026-01-29 15:00:00,262.510,263.000,261.680,262.500,537270
2026-01-30 10:00:00,263.900,263.900,255.370,256.800,771053
2026-01-30 10:30:00,256.800,260.280,256.600,257.210,371700
2026-01-30 11:00:00,257.070,258.000,256.230,256.480,268700
2026-01-30 11:30:00,256.470,256.470,254.070,254.810,383100
2026-01-30 13:30:00,254.520,257.490,254.510,255.190,246700
2026-01-30 14:00:00,255.190,255.190,254.400,254.510,199000
2026-01-30 14:30:00,254.510,255.950,254.070,254.120,286100
2026-01-30 15:00:00,254.110,254.510,250.140,250.140,561637
2026-02-02 10:00:00,250.140,264.000,250.140,261.340,1441638
2026-02-02 10:30:00,261.300,262.320,258.550,258.550,322788
2026-02-02 11:00:00,258.550,259.400,257.370,257.370,187550
2026-02-02 11:30:00,257.490,257.990,256.560,257.340,132800
2026-02-02 13:30:00,257.300,258.930,255.660,257.700,183800
2026-02-02 14:00:00,257.730,257.750,255.880,257.080,149300
2026-02-02 14:30:00,257.070,260.000,256.590,258.570,290407
2026-02-02 15:00:00,258.680,259.220,257.000,257.000,525642
2026-02-03 10:00:00,257.000,262.570,255.100,256.530,1005410
2026-02-03 10:30:00,256.530,256.530,254.000,254.090,360771
2026-02-03 11:00:00,254.290,255.060,252.600,253.620,311841
2026-02-03 11:30:00,253.600,254.000,252.880,253.830,128430
2026-02-03 13:30:00,253.830,254.880,252.880,253.400,240379
2026-02-03 14:00:00,253.410,253.920,253.190,253.790,148800
2026-02-03 14:30:00,253.790,253.860,253.030,253.640,154200
2026-02-03 15:00:00,253.500,254.860,253.360,253.960,313175
2026-02-04 10:00:00,251.100,261.180,251.100,260.000,1020847
2026-02-04 10:30:00,259.910,261.500,258.310,259.540,319017
2026-02-04 11:00:00,259.490,261.890,258.940,260.620,410516
2026-02-04 11:30:00,260.720,263.010,259.880,262.830,332493
2026-02-04 13:30:00,263.000,268.000,262.820,266.380,805356
2026-02-04 14:00:00,266.380,267.980,265.010,267.860,242210
2026-02-04 14:30:00,267.690,269.200,267.450,267.970,395000
2026-02-04 15:00:00,267.970,269.180,267.480,268.650,404508
2026-02-05 10:00:00,268.720,277.490,267.500,271.520,1367008
2026-02-05 10:30:00,271.530,276.880,271.530,275.480,536710
2026-02-05 11:00:00,275.300,276.300,273.520,274.810,379181
2026-02-05 11:30:00,274.780,276.650,274.510,276.500,329200
2026-02-05 13:30:00,276.450,276.500,274.100,276.500,432400
2026-02-05 14:00:00,276.500,276.800,275.060,275.650,292700
2026-02-05 14:30:00,275.640,275.880,274.300,275.560,269515
2026-02-05 15:00:00,275.590,275.680,274.180,274.510,385743
2026-02-06 10:00:00,272.510,276.510,269.010,274.740,773637
2026-02-06 10:30:00,274.700,277.420,274.340,276.720,408350
2026-02-06 11:00:00,276.720,278.200,276.100,276.990,279800
2026-02-06 11:30:00,277.020,277.870,276.290,277.660,178700
2026-02-06 13:30:00,277.660,278.350,276.510,278.000,322087
2026-02-06 14:00:00,277.870,278.880,277.490,278.720,249230
2026-02-06 14:30:00,278.740,278.870,276.500,276.810,225960
2026-02-06 15:00:00,276.990,277.700,275.790,275.790,261476
2026-02-09 10:00:00,271.860,276.800,271.860,275.260,625790
2026-02-09 10:30:00,275.240,279.000,275.210,277.910,309830
2026-02-09 11:00:00,277.660,279.000,276.110,277.300,182100
2026-02-09 11:30:00,277.220,278.150,275.270,276.000,162700
2026-02-09 13:30:00,275.940,276.100,274.000,274.270,204760
2026-02-09 14:00:00,274.390,274.980,274.010,274.070,120500
2026-02-09 14:30:00,274.240,274.500,273.300,273.640,187200
2026-02-09 15:00:00,273.650,274.450,273.600,274.000,209940
2026-02-10 10:00:00,273.440,273.990,268.000,268.930,585947
2026-02-10 10:30:00,268.960,269.990,268.900,269.600,142200
2026-02-10 11:00:00,269.700,270.950,269.120,269.500,183550
2026-02-10 11:30:00,269.340,270.940,268.960,270.020,161900
2026-02-10 13:30:00,269.910,270.030,268.650,269.620,89200
2026-02-10 14:00:00,269.620,270.000,269.150,269.530,79439
2026-02-10 14:30:00,269.560,270.900,269.540,270.090,106489
2026-02-10 15:00:00,270.170,270.950,269.690,270.730,254788
2026-02-11 10:00:00,269.090,270.480,267.070,269.040,263195
2026-02-11 10:30:00,269.040,270.720,267.810,269.060,259855
2026-02-11 11:00:00,268.790,269.120,268.100,268.330,82200
2026-02-11 11:30:00,268.330,268.940,267.570,268.010,81700
2026-02-11 13:30:00,268.020,269.340,267.800,268.940,120650
2026-02-11 14:00:00,268.940,269.210,268.140,268.900,128665
2026-02-11 14:30:00,268.890,270.680,268.830,269.860,183688
2026-02-11 15:00:00,269.850,270.000,269.180,269.180,196920
2026-02-12 10:00:00,270.020,270.020,267.520,268.980,246550
2026-02-12 10:30:00,268.990,269.380,267.800,268.530,231157
2026-02-12 11:00:00,268.520,268.790,266.880,267.000,178120
2026-02-12 11:30:00,266.990,268.200,266.790,268.200,124600
2026-02-12 13:30:00,267.900,268.490,267.410,267.770,86600
2026-02-12 14:00:00,267.770,269.460,267.770,268.100,92400
2026-02-12 14:30:00,268.090,268.660,267.700,267.800,98630
2026-02-12 15:00:00,267.720,268.950,267.570,267.900,131881
2026-02-13 10:00:00,268.560,268.710,265.690,266.020,188800
2026-02-13 10:30:00,266.390,267.000,265.750,266.630,68934
2026-02-13 11:00:00,266.620,267.250,266.020,266.430,72000
2026-02-13 11:30:00,266.430,266.960,265.770,265.900,59300
2026-02-13 13:30:00,265.900,266.480,265.010,265.020,82000
2026-02-13 14:00:00,265.010,265.470,264.660,264.910,64000
2026-02-13 14:30:00,264.900,264.920,264.060,264.150,125700
2026-02-13 15:00:00,264.130,266.290,264.090,264.800,281345
2026-02-24 10:00:00,266.730,268.800,261.000,261.940,400535
2026-02-24 10:30:00,262.020,262.390,261.100,261.500,182880
2026-02-24 11:00:00,261.500,262.700,261.350,261.850,124490
2026-02-24 11:30:00,261.860,262.690,261.860,262.120,119657
2026-02-24 13:30:00,262.120,262.630,261.460,262.330,151119
2026-02-24 14:00:00,262.330,262.950,261.640,261.640,135600
2026-02-24 14:30:00,261.640,262.010,261.390,261.710,163800
2026-02-24 15:00:00,261.690,262.220,260.900,260.900,233268
2026-02-25 10:00:00,260.720,262.400,257.960,258.500,401646
2026-02-25 10:30:00,258.470,260.880,258.220,259.410,164738
2026-02-25 11:00:00,259.410,260.010,258.980,259.030,130817
2026-02-25 11:30:00,259.020,261.480,259.010,261.140,170398
2026-02-25 13:30:00,261.130,262.680,260.000,260.530,161000
2026-02-25 14:00:00,260.530,260.850,260.190,260.410,85000
2026-02-25 14:30:00,260.460,260.560,259.880,260.220,110100
2026-02-25 15:00:00,260.240,260.850,260.120,260.490,209581
2026-02-26 10:00:00,259.800,263.360,258.520,262.100,239000
2026-02-26 10:30:00,262.120,262.290,258.700,258.700,170700
2026-02-26 11:00:00,258.700,259.460,258.260,258.550,204800
2026-02-26 11:30:00,258.300,259.480,257.100,257.870,111085
2026-02-26 13:30:00,257.860,258.000,254.090,255.200,367600
2026-02-26 14:00:00,255.200,255.940,254.850,255.160,112800
2026-02-26 14:30:00,255.160,255.160,253.100,253.980,378500
2026-02-26 15:00:00,253.960,254.260,253.350,253.760,293120
2026-02-27 10:00:00,250.000,252.250,246.220,247.880,1064825
2026-02-27 10:30:00,247.880,248.490,243.620,244.560,966525
2026-02-27 11:00:00,244.560,244.580,242.100,242.240,625300
2026-02-27 11:30:00,242.240,242.420,238.070,238.640,773532
2026-02-27 13:30:00,238.650,240.740,238.050,238.980,649930
2026-02-27 14:00:00,238.880,241.900,238.820,240.910,415300
2026-02-27 14:30:00,240.910,242.990,240.450,241.810,746590
2026-02-27 15:00:00,241.820,244.260,241.560,241.560,896669
2026-03-02 10:00:00,239.000,244.980,237.030,241.260,1018630
2026-03-02 10:30:00,241.260,241.590,238.300,239.240,328550
2026-03-02 11:00:00,239.240,240.500,239.150,239.930,275565
2026-03-02 11:30:00,239.830,240.100,238.850,239.200,261000
2026-03-02 13:30:00,239.380,239.770,238.110,238.110,277000
2026-03-02 14:00:00,238.110,238.340,237.800,238.300,265200
2026-03-02 14:30:00,238.290,238.570,237.160,237.410,242900
2026-03-02 15:00:00,237.440,237.850,237.200,237.290,305297
2026-03-03 10:00:00,237.300,241.530,235.060,241.170,889252
2026-03-03 10:30:00,241.150,241.500,239.000,239.580,330296
2026-03-03 11:00:00,239.560,242.300,239.540,241.020,239591
2026-03-03 11:30:00,241.040,241.690,238.760,239.200,208900
2026-03-03 13:30:00,239.200,239.570,238.000,238.060,298100
2026-03-03 14:00:00,238.050,238.070,235.250,235.290,315800
2026-03-03 14:30:00,235.280,235.720,234.490,235.160,330500
2026-03-03 15:00:00,235.150,235.270,234.300,234.980,313663
2026-03-04 10:00:00,233.950,234.930,229.700,233.360,629065
2026-03-04 10:30:00,233.370,233.370,231.520,232.000,225586
2026-03-04 11:00:00,232.000,232.050,230.770,231.300,150160
2026-03-04 11:30:00,231.300,231.560,230.000,231.000,317656
2026-03-04 13:30:00,230.970,231.370,230.280,230.700,166800
2026-03-04 14:00:00,230.670,230.730,229.100,229.800,411000
2026-03-04 14:30:00,229.810,230.480,229.730,230.080,172453
2026-03-04 15:00:00,230.070,231.340,230.020,230.400,251243
2026-03-05 10:00:00,232.100,235.460,232.100,233.100,456098
2026-03-05 10:30:00,233.090,234.990,232.810,234.700,219900
2026-03-05 11:00:00,234.700,237.200,234.240,236.650,312780
2026-03-05 11:30:00,236.660,236.930,236.210,236.330,127289
2026-03-05 13:30:00,236.320,236.550,235.230,236.200,159900
2026-03-05 14:00:00,236.040,236.290,235.000,235.010,140600
2026-03-05 14:30:00,235.100,235.600,234.100,234.370,218800
2026-03-05 15:00:00,234.360,234.650,233.530,234.310,217673
2026-03-06 10:00:00,234.000,234.500,231.580,232.900,375379
2026-03-06 10:30:00,232.800,234.680,232.150,234.600,186979
2026-03-06 11:00:00,234.680,235.900,233.860,235.120,219940
2026-03-06 11:30:00,235.380,235.970,233.880,233.930,110531
2026-03-06 13:30:00,233.950,235.040,233.780,234.090,118198
2026-03-06 14:00:00,234.080,235.100,234.080,235.080,92477
2026-03-06 14:30:00,235.050,235.140,234.800,234.910,98678
2026-03-06 15:00:00,234.900,235.880,234.900,235.000,187193
2026-03-09 10:00:00,233.500,236.000,230.700,233.770,778155
2026-03-09 10:30:00,234.020,234.210,231.750,232.000,172600
2026-03-09 11:00:00,231.980,234.250,231.440,233.900,142394
2026-03-09 11:30:00,233.900,234.950,233.740,233.740,83000
2026-03-09 13:30:00,233.770,235.420,233.250,234.060,439520
2026-03-09 14:00:00,234.060,236.270,233.510,236.050,346048
2026-03-09 14:30:00,236.050,237.050,235.800,236.020,259600
2026-03-09 15:00:00,236.100,236.500,235.690,235.840,178300
2026-03-10 10:00:00,235.660,236.950,233.570,234.420,442167
2026-03-10 10:30:00,234.460,235.280,234.090,234.650,125200
2026-03-10 11:00:00,234.730,235.440,234.260,234.550,76900
2026-03-10 11:30:00,234.460,237.760,234.130,237.180,256905
2026-03-10 13:30:00,237.170,238.800,237.170,238.100,316982
2026-03-10 14:00:00,238.040,241.990,238.010,239.790,726310
2026-03-10 14:30:00,239.790,240.120,238.650,239.060,433872
2026-03-10 15:00:00,239.070,239.660,239.000,239.080,277040
2026-03-11 10:00:00,240.000,240.000,236.530,237.400,504618
2026-03-11 10:30:00,237.400,237.820,236.790,237.210,129300
2026-03-11 11:00:00,237.280,238.960,237.190,237.900,105060
2026-03-11 11:30:00,237.870,238.030,236.700,237.150,169300
2026-03-11 13:30:00,237.150,238.250,236.970,237.010,154700
2026-03-11 14:00:00,237.030,237.830,236.750,237.400,124490
2026-03-11 14:30:00,237.590,238.000,237.040,237.630,145500
2026-03-11 15:00:00,237.550,238.020,237.500,237.530,205120
2026-03-12 10:00:00,237.300,237.300,230.600,230.820,620278
2026-03-12 10:30:00,230.830,231.960,230.540,231.070,397920
2026-03-12 11:00:00,231.020,231.300,228.480,228.560,482700
2026-03-12 11:30:00,228.560,229.230,226.630,228.350,575134
2026-03-12 13:30:00,228.270,229.940,226.800,226.860,411821
2026-03-12 14:00:00,226.860,228.820,226.740,227.500,384800
2026-03-12 14:30:00,227.460,228.460,227.220,228.140,360150
2026-03-12 15:00:00,228.140,228.150,226.620,226.620,450081
2026-03-13 10:00:00,225.500,228.350,223.510,227.900,1081358
2026-03-13 10:30:00,228.010,228.210,226.510,226.700,432000
2026-03-13 11:00:00,226.700,228.170,226.510,227.840,297982
2026-03-13 11:30:00,227.780,228.350,227.420,227.620,338100
2026-03-13 13:30:00,227.620,228.510,227.140,228.130,313700
2026-03-13 14:00:00,228.130,228.300,226.260,227.050,309479
2026-03-13 14:30:00,227.200,227.590,226.590,227.060,175100
2026-03-13 15:00:00,227.060,228.040,227.060,227.200,478746
2026-03-16 10:00:00,226.800,233.230,226.010,232.430,773146
2026-03-16 10:30:00,232.670,235.550,232.260,234.770,607363
2026-03-16 11:00:00,234.700,236.000,233.690,234.150,287100
2026-03-16 11:30:00,234.180,234.280,232.300,233.540,194440
2026-03-16 13:30:00,233.500,238.990,233.500,237.490,638567
2026-03-16 14:00:00,237.490,238.600,237.080,238.300,227000
2026-03-16 14:30:00,238.280,240.000,238.200,238.810,306253
2026-03-16 15:00:00,238.880,239.490,238.620,238.950,309117
2026-03-17 10:00:00,238.950,243.700,237.110,243.130,839669
2026-03-17 10:30:00,242.880,243.750,241.510,242.570,407159
2026-03-17 11:00:00,242.570,243.300,240.420,240.530,206013
2026-03-17 11:30:00,240.510,240.530,239.340,239.840,108400
2026-03-17 13:30:00,239.860,240.480,239.300,239.460,160684
2026-03-17 14:00:00,239.460,239.670,238.500,238.540,145850
2026-03-17 14:30:00,238.540,238.860,238.000,238.000,152500
2026-03-17 15:00:00,238.000,238.130,237.500,237.500,245304
2026-03-18 10:00:00,237.500,239.850,235.100,235.100,294581
2026-03-18 10:30:00,235.110,235.490,233.820,235.070,183300
2026-03-18 11:00:00,235.140,235.610,234.180,234.480,64273
2026-03-18 11:30:00,234.320,234.520,233.820,234.110,72400
2026-03-18 13:30:00,234.180,234.460,233.140,233.430,90900
2026-03-18 14:00:00,233.430,234.750,233.430,233.640,106500
2026-03-18 14:30:00,233.570,234.190,233.330,233.960,120050
2026-03-18 15:00:00,234.000,235.000,233.600,234.300,250137
2026-03-19 10:00:00,232.560,233.940,231.550,231.590,216500
2026-03-19 10:30:00,231.590,231.930,230.700,231.830,115481
2026-03-19 11:00:00,231.820,232.300,231.200,231.390,76500
2026-03-19 11:30:00,231.640,231.950,231.290,231.780,36100
2026-03-19 13:30:00,231.600,232.390,230.900,231.220,119100
2026-03-19 14:00:00,231.210,231.660,230.180,231.280,104900
2026-03-19 14:30:00,231.200,231.500,229.530,230.490,127000
2026-03-19 15:00:00,230.520,231.100,229.890,229.950,258781
2026-03-20 10:00:00,229.960,232.490,228.540,229.420,265981
2026-03-20 10:30:00,229.440,231.040,229.000,229.300,307760
2026-03-20 11:00:00,229.290,230.870,229.000,229.800,181210
2026-03-20 11:30:00,229.840,230.960,229.830,230.250,131800
2026-03-20 13:30:00,230.250,231.080,230.200,230.950,177664
2026-03-20 14:00:00,230.900,230.910,229.630,229.860,151300
2026-03-20 14:30:00,229.870,230.530,229.240,229.440,142200
2026-03-20 15:00:00,229.460,229.640,228.090,228.090,270956
2026-03-23 10:00:00,225.080,225.800,221.000,222.460,450750
2026-03-23 10:30:00,222.460,222.620,220.850,221.920,326841
2026-03-23 11:00:00,221.920,221.920,220.230,221.170,144952
2026-03-23 11:30:00,221.080,221.600,220.560,220.600,79500
2026-03-23 13:30:00,220.600,221.700,219.850,219.860,207341
2026-03-23 14:00:00,219.880,220.380,219.100,219.500,161500
2026-03-23 14:30:00,219.250,219.350,218.160,218.240,144600
2026-03-23 15:00:00,218.380,219.840,217.600,219.460,346554
2026-03-24 10:00:00,222.020,225.200,219.600,224.290,602755
2026-03-24 10:30:00,224.290,224.950,222.750,224.920,329520
2026-03-24 11:00:00,224.910,224.950,222.580,223.820,172100
2026-03-24 11:30:00,223.770,223.810,222.300,222.340,178600
2026-03-24 13:30:00,222.340,223.390,221.740,222.250,156043
2026-03-24 14:00:00,222.250,223.370,222.160,222.500,99330
2026-03-24 14:30:00,222.490,224.740,222.330,224.570,195600
2026-03-24 15:00:00,224.710,225.120,223.920,224.500,387144
2026-03-25 10:00:00,225.990,226.980,224.280,226.060,396573
2026-03-25 10:30:00,226.050,228.380,225.500,227.740,172600
2026-03-25 11:00:00,227.600,229.000,227.160,229.000,131890
2026-03-25 11:30:00,229.050,230.000,228.700,229.050,157200
2026-03-25 13:30:00,229.060,229.660,228.060,228.420,92090
2026-03-25 14:00:00,228.510,229.420,228.300,228.740,87200
2026-03-25 14:30:00,228.740,228.750,228.210,228.630,65642
2026-03-25 15:00:00,228.630,229.200,228.630,228.900,182695
2026-03-26 10:00:00,228.990,230.240,227.100,227.100,274000
2026-03-26 10:30:00,227.100,227.500,225.560,226.540,197080
2026-03-26 11:00:00,226.530,227.000,225.800,225.900,91900
2026-03-26 11:30:00,226.000,226.160,225.130,225.400,88100
2026-03-26 13:30:00,225.410,226.170,223.500,223.510,148100
2026-03-26 14:00:00,223.500,223.820,221.180,221.190,223630
2026-03-26 14:30:00,221.190,221.210,219.020,219.190,381495
2026-03-26 15:00:00,219.190,219.840,218.180,218.750,476800
2026-03-27 10:00:00,218.600,219.950,216.100,218.320,448421
2026-03-27 10:30:00,218.190,223.300,218.190,223.070,436848
2026-03-27 11:00:00,222.850,223.600,222.210,223.420,251673
2026-03-27 11:30:00,223.290,224.600,223.290,223.970,209500
2026-03-27 13:30:00,223.980,225.800,223.980,225.380,224200
2026-03-27 14:00:00,225.370,226.150,225.170,225.840,269938
2026-03-27 14:30:00,225.840,226.340,225.320,225.580,255286
2026-03-27 15:00:00,225.590,225.830,224.320,225.000,321032
2026-03-30 10:00:00,228.000,229.490,223.220,226.080,607579
2026-03-30 10:30:00,226.000,229.120,224.100,226.240,288700
2026-03-30 11:00:00,226.040,227.850,225.000,227.000,344900
2026-03-30 11:30:00,227.090,228.430,226.670,227.060,132400
2026-03-30 13:30:00,227.060,228.380,226.100,228.010,184200
2026-03-30 14:00:00,228.010,228.140,227.140,227.730,117400
2026-03-30 14:30:00,227.710,228.060,227.180,228.000,140343
2026-03-30 15:00:00,228.030,228.760,227.510,227.990,264045
2026-03-31 10:00:00,221.160,222.440,207.240,207.870,3458666
2026-03-31 10:30:00,207.870,208.320,206.040,206.940,1702981
2026-03-31 11:00:00,206.950,212.630,206.910,209.620,1077648
2026-03-31 11:30:00,209.500,210.370,208.010,208.210,644482
2026-03-31 13:30:00,208.210,209.200,205.940,207.620,1030702
2026-03-31 14:00:00,207.960,208.510,205.560,206.590,824030
2026-03-31 14:30:00,206.580,207.600,205.720,206.080,744063
2026-03-31 15:00:00,206.080,206.640,205.220,205.270,969071
2026-04-01 10:00:00,207.910,208.800,203.680,204.390,1486091
2026-04-01 10:30:00,204.460,207.180,204.260,206.430,564300
2026-04-01 11:00:00,206.600,208.200,206.120,208.190,487497
2026-04-01 11:30:00,208.200,209.960,208.000,208.980,619192
2026-04-01 13:30:00,208.980,213.370,208.980,211.550,607002
2026-04-01 14:00:00,211.540,211.540,209.600,209.900,245600
2026-04-01 14:30:00,209.940,211.000,209.890,210.630,293859
2026-04-01 15:00:00,210.630,211.000,210.000,210.400,498000
2026-04-02 10:00:00,212.110,217.270,208.000,208.780,2501192
2026-04-02 10:30:00,208.630,209.880,208.230,208.740,394380
2026-04-02 11:00:00,208.810,212.000,208.630,209.440,525400
2026-04-02 11:30:00,209.440,209.980,208.980,209.190,174400
2026-04-02 13:30:00,209.170,209.270,207.250,207.780,355800
2026-04-02 14:00:00,207.790,208.190,206.680,206.680,230430
2026-04-02 14:30:00,206.680,207.900,206.380,207.600,271000
2026-04-02 15:00:00,207.590,207.920,206.500,206.880,387730
