/Users/foleydang/Library/Python/3.9/lib/python/site-packages/urllib3/__init__.py:35: NotOpenSSLWarning: urllib3 v2 only supports OpenSSL 1.1.1+, currently the 'ssl' module is compiled with 'LibreSSL 2.8.3'. See: https://github.com/urllib3/urllib3/issues/3020
  warnings.warn(
获取历史数据失败 300015: 获取失败，请检查网络.
获取历史数据失败 300124: 获取失败，请检查网络.
获取历史数据失败 600048: 获取失败，请检查网络.

╔══════════════════════════════════════════════════════════╗
║           股票监控系统 - 30 分钟级别                         ║
║           邮件通知：21725056@zju.edu.cn                    ║
╚══════════════════════════════════════════════════════════╝
    
邮件配置不完整，请设置以下环境变量:
  SMTP_SERVER: SMTP 服务器地址
  SMTP_PORT: SMTP 端口
  SMTP_USERNAME: 发件人邮箱
  SMTP_PASSWORD: 邮箱密码/授权码
  EMAIL_RECEIVERS: 收件人列表 (逗号分隔)
⚠ 邮件通知未配置，将不发送邮件
已添加通知渠道：console
未配置通知渠道，使用控制台输出
============================================================
股票监控任务 - 2026-03-23 14:00:02
============================================================

[1/3] 获取股票数据...
获取数据：爱尔眼科 (300015)...
本接口即将停止更新，请尽快使用Pro版接口：https://tushare.pro/document/2
<urlopen error [Errno 8] nodename nor servname provided, or not known>
<urlopen error [Errno 8] nodename nor servname provided, or not known>
<urlopen error [Errno 8] nodename nor servname provided, or not known>
  ✓ 实时价格：9.65, 涨跌幅：-3.31%
获取数据：汇川技术 (300124)...
本接口即将停止更新，请尽快使用Pro版接口：https://tushare.pro/document/2
<urlopen error [Errno 8] nodename nor servname provided, or not known>
<urlopen error [Errno 8] nodename nor servname provided, or not known>
<urlopen error [Errno 8] nodename nor servname provided, or not known>
  ✓ 实时价格：65.80, 涨跌幅：-4.29%
获取数据：保利发展 (600048)...
本接口即将停止更新，请尽快使用Pro版接口：https://tushare.pro/document/2
<urlopen error [Errno 8] nodename nor servname provided, or not known>
<urlopen error [Errno 8] nodename nor servname provided, or not known>
<urlopen error [Errno 8] nodename nor servname provided, or not known>
  ✓ 实时价格：5.97, 涨跌幅：-3.08%

[2/3] 执行策略分析...

分析：爱尔眼科 (300015.SZ)
  ⚠️ 历史数据不足，使用简单分析
  信号：买入

分析：汇川技术 (300124.SZ)
  ⚠️ 历史数据不足，使用简单分析
  信号：买入

分析：保利发展 (600048.SH)
  ⚠️ 历史数据不足，使用简单分析
  信号：买入

============================================================
监控汇总
============================================================
总计：3 只股票
买入：3 | 卖出：0 | 持有：0
  🟢 爱尔眼科: 买入 (9.65)
  🟢 汇川技术: 买入 (65.80)
  🟢 保利发展: 买入 (5.97)
/Users/foleydang/Library/Python/3.9/lib/python/site-packages/urllib3/__init__.py:35: NotOpenSSLWarning: urllib3 v2 only supports OpenSSL 1.1.1+, currently the 'ssl' module is compiled with 'LibreSSL 2.8.3'. See: https://github.com/urllib3/urllib3/issues/3020
  warnings.warn(
获取历史数据失败 300015: 获取失败，请检查网络.
获取历史数据失败 300124: 获取失败，请检查网络.
获取历史数据失败 600048: 获取失败，请检查网络.

╔══════════════════════════════════════════════════════════╗
║           股票监控系统 - 30 分钟级别                         ║
║           邮件通知：21725056@zju.edu.cn                    ║
╚══════════════════════════════════════════════════════════╝
    
邮件配置不完整，请设置以下环境变量:
  SMTP_SERVER: SMTP 服务器地址
  SMTP_PORT: SMTP 端口
  SMTP_USERNAME: 发件人邮箱
  SMTP_PASSWORD: 邮箱密码/授权码
  EMAIL_RECEIVERS: 收件人列表 (逗号分隔)
⚠ 邮件通知未配置，将不发送邮件
已添加通知渠道：console
未配置通知渠道，使用控制台输出
============================================================
股票监控任务 - 2026-03-23 14:30:02
============================================================

[1/3] 获取股票数据...
获取数据：爱尔眼科 (300015)...
本接口即将停止更新，请尽快使用Pro版接口：https://tushare.pro/document/2
<urlopen error [Errno 8] nodename nor servname provided, or not known>
<urlopen error [Errno 8] nodename nor servname provided, or not known>
<urlopen error [Errno 8] nodename nor servname provided, or not known>
  ✓ 实时价格：9.63, 涨跌幅：-3.51%
获取数据：汇川技术 (300124)...
本接口即将停止更新，请尽快使用Pro版接口：https://tushare.pro/document/2
<urlopen error [Errno 8] nodename nor servname provided, or not known>
<urlopen error [Errno 8] nodename nor servname provided, or not known>
<urlopen error [Errno 8] nodename nor servname provided, or not known>
  ✓ 实时价格：65.57, 涨跌幅：-4.63%
获取数据：保利发展 (600048)...
本接口即将停止更新，请尽快使用Pro版接口：https://tushare.pro/document/2
<urlopen error [Errno 8] nodename nor servname provided, or not known>
<urlopen error [Errno 8] nodename nor servname provided, or not known>
<urlopen error [Errno 8] nodename nor servname provided, or not known>
  ✓ 实时价格：5.95, 涨跌幅：-3.41%

[2/3] 执行策略分析...

分析：爱尔眼科 (300015.SZ)
  ⚠️ 历史数据不足，使用简单分析
  信号：买入

分析：汇川技术 (300124.SZ)
  ⚠️ 历史数据不足，使用简单分析
  信号：买入

分析：保利发展 (600048.SH)
  ⚠️ 历史数据不足，使用简单分析
  信号：买入

============================================================
监控汇总
============================================================
总计：3 只股票
买入：3 | 卖出：0 | 持有：0
  🟢 爱尔眼科: 买入 (9.63)
  🟢 汇川技术: 买入 (65.57)
  🟢 保利发展: 买入 (5.95)
/Users/foleydang/Library/Python/3.9/lib/python/site-packages/urllib3/__init__.py:35: NotOpenSSLWarning: urllib3 v2 only supports OpenSSL 1.1.1+, currently the 'ssl' module is compiled with 'LibreSSL 2.8.3'. See: https://github.com/urllib3/urllib3/issues/3020
  warnings.warn(
获取历史数据失败 300015: 获取失败，请检查网络.
获取历史数据失败 300124: 获取失败，请检查网络.
获取历史数据失败 600048: 获取失败，请检查网络.

╔══════════════════════════════════════════════════════════╗
║           股票监控系统 - 30 分钟级别                         ║
║           邮件通知：21725056@zju.edu.cn                    ║
╚══════════════════════════════════════════════════════════╝
    
✓ 邮件通知已配置
已添加通知渠道：console
未配置通知渠道，使用控制台输出
============================================================
股票监控任务 - 2026-03-24 10:30:03
============================================================

[1/3] 获取股票数据...
获取数据：爱尔眼科 (300015)...
本接口即将停止更新，请尽快使用Pro版接口：https://tushare.pro/document/2
<urlopen error [Errno 8] nodename nor servname provided, or not known>
<urlopen error [Errno 8] nodename nor servname provided, or not known>
<urlopen error [Errno 8] nodename nor servname provided, or not known>
  ✓ 实时价格：9.70, 涨跌幅：1.04%
获取数据：汇川技术 (300124)...
本接口即将停止更新，请尽快使用Pro版接口：https://tushare.pro/document/2
<urlopen error [Errno 8] nodename nor servname provided, or not known>
<urlopen error [Errno 8] nodename nor servname provided, or not known>
<urlopen error [Errno 8] nodename nor servname provided, or not known>
  ✓ 实时价格：65.81, 涨跌幅：0.73%
获取数据：保利发展 (600048)...
本接口即将停止更新，请尽快使用Pro版接口：https://tushare.pro/document/2
<urlopen error [Errno 8] nodename nor servname provided, or not known>
<urlopen error [Errno 8] nodename nor servname provided, or not known>
<urlopen error [Errno 8] nodename nor servname provided, or not known>
  ✓ 实时价格：5.95, 涨跌幅：0.51%

[2/3] 执行策略分析...

分析：爱尔眼科 (300015.SZ)
  ⚠️ 历史数据不足，使用简单分析
  信号：持有

分析：汇川技术 (300124.SZ)
  ⚠️ 历史数据不足，使用简单分析
  信号：持有

分析：保利发展 (600048.SH)
  ⚠️ 历史数据不足，使用简单分析
  信号：持有

[3/3] 发送邮件通知...
  无重要信号，跳过邮件发送

============================================================
监控汇总
============================================================
总计：3 只股票
买入：0 | 卖出：0 | 持有：3
  ⚪ 爱尔眼科: 持有 (9.70)
  ⚪ 汇川技术: 持有 (65.81)
  ⚪ 保利发展: 持有 (5.95)
/Users/foleydang/Library/Python/3.9/lib/python/site-packages/urllib3/__init__.py:35: NotOpenSSLWarning: urllib3 v2 only supports OpenSSL 1.1.1+, currently the 'ssl' module is compiled with 'LibreSSL 2.8.3'. See: https://github.com/urllib3/urllib3/issues/3020
  warnings.warn(
获取历史数据失败 300015: 获取失败，请检查网络.
获取历史数据失败 300124: 获取失败，请检查网络.
获取历史数据失败 600048: 获取失败，请检查网络.

╔══════════════════════════════════════════════════════════╗
║           股票监控系统 - 30 分钟级别                         ║
║           邮件通知：21725056@zju.edu.cn                    ║
╚══════════════════════════════════════════════════════════╝
    
✓ 邮件通知已配置
已添加通知渠道：console
未配置通知渠道，使用控制台输出
============================================================
股票监控任务 - 2026-03-24 11:00:02
============================================================

[1/3] 获取股票数据...
获取数据：爱尔眼科 (300015)...
本接口即将停止更新，请尽快使用Pro版接口：https://tushare.pro/document/2
<urlopen error [Errno 8] nodename nor servname provided, or not known>
<urlopen error [Errno 8] nodename nor servname provided, or not known>
<urlopen error [Errno 8] nodename nor servname provided, or not known>
  ✓ 实时价格：9.69, 涨跌幅：0.94%
获取数据：汇川技术 (300124)...
本接口即将停止更新，请尽快使用Pro版接口：https://tushare.pro/document/2
<urlopen error [Errno 8] nodename nor servname provided, or not known>
<urlopen error [Errno 8] nodename nor servname provided, or not known>
<urlopen error [Errno 8] nodename nor servname provided, or not known>
  ✓ 实时价格：65.77, 涨跌幅：0.67%
获取数据：保利发展 (600048)...
本接口即将停止更新，请尽快使用Pro版接口：https://tushare.pro/document/2
<urlopen error [Errno 8] nodename nor servname provided, or not known>
<urlopen error [Errno 8] nodename nor servname provided, or not known>
<urlopen error [Errno 8] nodename nor servname provided, or not known>
  ✓ 实时价格：5.92, 涨跌幅：0.00%

[2/3] 执行策略分析...

分析：爱尔眼科 (300015.SZ)
  ⚠️ 历史数据不足，使用简单分析
  信号：持有

分析：汇川技术 (300124.SZ)
  ⚠️ 历史数据不足，使用简单分析
  信号：持有

分析：保利发展 (600048.SH)
  ⚠️ 历史数据不足，使用简单分析
  信号：持有

[3/3] 发送邮件通知...
  无重要信号，跳过邮件发送

============================================================
监控汇总
============================================================
总计：3 只股票
买入：0 | 卖出：0 | 持有：3
  ⚪ 爱尔眼科: 持有 (9.69)
  ⚪ 汇川技术: 持有 (65.77)
  ⚪ 保利发展: 持有 (5.92)
/Users/foleydang/Library/Python/3.9/lib/python/site-packages/urllib3/__init__.py:35: NotOpenSSLWarning: urllib3 v2 only supports OpenSSL 1.1.1+, currently the 'ssl' module is compiled with 'LibreSSL 2.8.3'. See: https://github.com/urllib3/urllib3/issues/3020
  warnings.warn(
获取历史数据失败 300015: 获取失败，请检查网络.
获取历史数据失败 300124: 获取失败，请检查网络.
获取历史数据失败 600048: 获取失败，请检查网络.

╔══════════════════════════════════════════════════════════╗
║           股票监控系统 - 30 分钟级别                         ║
║           邮件通知：21725056@zju.edu.cn                    ║
╚══════════════════════════════════════════════════════════╝
    
✓ 邮件通知已配置
已添加通知渠道：console
未配置通知渠道，使用控制台输出
============================================================
股票监控任务 - 2026-03-24 11:30:01
============================================================

[1/3] 获取股票数据...
获取数据：爱尔眼科 (300015)...
本接口即将停止更新，请尽快使用Pro版接口：https://tushare.pro/document/2
<urlopen error [Errno 8] nodename nor servname provided, or not known>
<urlopen error [Errno 8] nodename nor servname provided, or not known>
<urlopen error [Errno 8] nodename nor servname provided, or not known>
  ✓ 实时价格：9.67, 涨跌幅：0.73%
获取数据：汇川技术 (300124)...
本接口即将停止更新，请尽快使用Pro版接口：https://tushare.pro/document/2
<urlopen error [Errno 8] nodename nor servname provided, or not known>
<urlopen error [Errno 8] nodename nor servname provided, or not known>
<urlopen error [Errno 8] nodename nor servname provided, or not known>
  ✓ 实时价格：65.87, 涨跌幅：0.83%
获取数据：保利发展 (600048)...
本接口即将停止更新，请尽快使用Pro版接口：https://tushare.pro/document/2
<urlopen error [Errno 8] nodename nor servname provided, or not known>
<urlopen error [Errno 8] nodename nor servname provided, or not known>
<urlopen error [Errno 8] nodename nor servname provided, or not known>
  ✓ 实时价格：5.93, 涨跌幅：0.17%

[2/3] 执行策略分析...

分析：爱尔眼科 (300015.SZ)
  ⚠️ 历史数据不足，使用简单分析
  信号：持有

分析：汇川技术 (300124.SZ)
  ⚠️ 历史数据不足，使用简单分析
  信号：持有

分析：保利发展 (600048.SH)
  ⚠️ 历史数据不足，使用简单分析
  信号：持有

[3/3] 发送邮件通知...
  无重要信号，跳过邮件发送

============================================================
监控汇总
============================================================
总计：3 只股票
买入：0 | 卖出：0 | 持有：3
  ⚪ 爱尔眼科: 持有 (9.67)
  ⚪ 汇川技术: 持有 (65.87)
  ⚪ 保利发展: 持有 (5.93)
/Users/foleydang/Library/Python/3.9/lib/python/site-packages/urllib3/__init__.py:35: NotOpenSSLWarning: urllib3 v2 only supports OpenSSL 1.1.1+, currently the 'ssl' module is compiled with 'LibreSSL 2.8.3'. See: https://github.com/urllib3/urllib3/issues/3020
  warnings.warn(
获取历史数据失败 300015: 获取失败，请检查网络.
获取历史数据失败 300124: 获取失败，请检查网络.
获取历史数据失败 600048: 获取失败，请检查网络.

╔══════════════════════════════════════════════════════════╗
║           股票监控系统 - 30 分钟级别                         ║
║           邮件通知：21725056@zju.edu.cn                    ║
╚══════════════════════════════════════════════════════════╝
    
✓ 邮件通知已配置
已添加通知渠道：console
未配置通知渠道，使用控制台输出
============================================================
股票监控任务 - 2026-03-24 12:00:02
============================================================

[1/3] 获取股票数据...
获取数据：爱尔眼科 (300015)...
本接口即将停止更新，请尽快使用Pro版接口：https://tushare.pro/document/2
<urlopen error [Errno 8] nodename nor servname provided, or not known>
<urlopen error [Errno 8] nodename nor servname provided, or not known>
<urlopen error [Errno 8] nodename nor servname provided, or not known>
  ✓ 实时价格：9.67, 涨跌幅：0.73%
获取数据：汇川技术 (300124)...
本接口即将停止更新，请尽快使用Pro版接口：https://tushare.pro/document/2
<urlopen error [Errno 8] nodename nor servname provided, or not known>
<urlopen error [Errno 8] nodename nor servname provided, or not known>
<urlopen error [Errno 8] nodename nor servname provided, or not known>
  ✓ 实时价格：65.87, 涨跌幅：0.83%
获取数据：保利发展 (600048)...
本接口即将停止更新，请尽快使用Pro版接口：https://tushare.pro/document/2
<urlopen error [Errno 8] nodename nor servname provided, or not known>
<urlopen error [Errno 8] nodename nor servname provided, or not known>
<urlopen error [Errno 8] nodename nor servname provided, or not known>
  ✓ 实时价格：5.94, 涨跌幅：0.34%

[2/3] 执行策略分析...

分析：爱尔眼科 (300015.SZ)
  ⚠️ 历史数据不足，使用简单分析
  信号：持有

分析：汇川技术 (300124.SZ)
  ⚠️ 历史数据不足，使用简单分析
  信号：持有

分析：保利发展 (600048.SH)
  ⚠️ 历史数据不足，使用简单分析
  信号：持有

[3/3] 发送邮件通知...
  无重要信号，跳过邮件发送

============================================================
监控汇总
============================================================
总计：3 只股票
买入：0 | 卖出：0 | 持有：3
  ⚪ 爱尔眼科: 持有 (9.67)
  ⚪ 汇川技术: 持有 (65.87)
  ⚪ 保利发展: 持有 (5.94)
/Users/foleydang/Library/Python/3.9/lib/python/site-packages/urllib3/__init__.py:35: NotOpenSSLWarning: urllib3 v2 only supports OpenSSL 1.1.1+, currently the 'ssl' module is compiled with 'LibreSSL 2.8.3'. See: https://github.com/urllib3/urllib3/issues/3020
  warnings.warn(
获取历史数据失败 300015: 获取失败，请检查网络.
获取历史数据失败 300124: 获取失败，请检查网络.
获取历史数据失败 600048: 获取失败，请检查网络.

╔══════════════════════════════════════════════════════════╗
║           股票监控系统 - 30 分钟级别                         ║
║           邮件通知：21725056@zju.edu.cn                    ║
╚══════════════════════════════════════════════════════════╝
    
✓ 邮件通知已配置
已添加通知渠道：console
未配置通知渠道，使用控制台输出
============================================================
股票监控任务 - 2026-03-24 12:30:03
============================================================

[1/3] 获取股票数据...
获取数据：爱尔眼科 (300015)...
本接口即将停止更新，请尽快使用Pro版接口：https://tushare.pro/document/2
<urlopen error [Errno 8] nodename nor servname provided, or not known>
<urlopen error [Errno 8] nodename nor servname provided, or not known>
<urlopen error [Errno 8] nodename nor servname provided, or not known>
  ✓ 实时价格：9.67, 涨跌幅：0.73%
获取数据：汇川技术 (300124)...
本接口即将停止更新，请尽快使用Pro版接口：https://tushare.pro/document/2
<urlopen error [Errno 8] nodename nor servname provided, or not known>
<urlopen error [Errno 8] nodename nor servname provided, or not known>
<urlopen error [Errno 8] nodename nor servname provided, or not known>
  ✓ 实时价格：65.87, 涨跌幅：0.83%
获取数据：保利发展 (600048)...
本接口即将停止更新，请尽快使用Pro版接口：https://tushare.pro/document/2
<urlopen error [Errno 8] nodename nor servname provided, or not known>
<urlopen error [Errno 8] nodename nor servname provided, or not known>
<urlopen error [Errno 8] nodename nor servname provided, or not known>
  ✓ 实时价格：5.94, 涨跌幅：0.34%

[2/3] 执行策略分析...

分析：爱尔眼科 (300015.SZ)
  ⚠️ 历史数据不足，使用简单分析
  信号：持有

分析：汇川技术 (300124.SZ)
  ⚠️ 历史数据不足，使用简单分析
  信号：持有

分析：保利发展 (600048.SH)
  ⚠️ 历史数据不足，使用简单分析
  信号：持有

[3/3] 发送邮件通知...
  无重要信号，跳过邮件发送

============================================================
监控汇总
============================================================
总计：3 只股票
买入：0 | 卖出：0 | 持有：3
  ⚪ 爱尔眼科: 持有 (9.67)
  ⚪ 汇川技术: 持有 (65.87)
  ⚪ 保利发展: 持有 (5.94)
/Users/foleydang/Library/Python/3.9/lib/python/site-packages/urllib3/__init__.py:35: NotOpenSSLWarning: urllib3 v2 only supports OpenSSL 1.1.1+, currently the 'ssl' module is compiled with 'LibreSSL 2.8.3'. See: https://github.com/urllib3/urllib3/issues/3020
  warnings.warn(
获取历史数据失败 300015: 获取失败，请检查网络.
获取历史数据失败 300124: 获取失败，请检查网络.
获取历史数据失败 600048: 获取失败，请检查网络.

╔══════════════════════════════════════════════════════════╗
║           股票监控系统 - 30 分钟级别                         ║
║           邮件通知：21725056@zju.edu.cn                    ║
╚══════════════════════════════════════════════════════════╝
    
✓ 邮件通知已配置
已添加通知渠道：console
未配置通知渠道，使用控制台输出
============================================================
股票监控任务 - 2026-03-24 13:00:02
============================================================

[1/3] 获取股票数据...
获取数据：爱尔眼科 (300015)...
本接口即将停止更新，请尽快使用Pro版接口：https://tushare.pro/document/2
<urlopen error [Errno 8] nodename nor servname provided, or not known>
<urlopen error [Errno 8] nodename nor servname provided, or not known>
<urlopen error [Errno 8] nodename nor servname provided, or not known>
  ✓ 实时价格：9.68, 涨跌幅：0.83%
获取数据：汇川技术 (300124)...
本接口即将停止更新，请尽快使用Pro版接口：https://tushare.pro/document/2
<urlopen error [Errno 8] nodename nor servname provided, or not known>
<urlopen error [Errno 8] nodename nor servname provided, or not known>
<urlopen error [Errno 8] nodename nor servname provided, or not known>
  ✓ 实时价格：65.88, 涨跌幅：0.84%
获取数据：保利发展 (600048)...
本接口即将停止更新，请尽快使用Pro版接口：https://tushare.pro/document/2
<urlopen error [Errno 8] nodename nor servname provided, or not known>
<urlopen error [Errno 8] nodename nor servname provided, or not known>
<urlopen error [Errno 8] nodename nor servname provided, or not known>
  ✓ 实时价格：5.94, 涨跌幅：0.34%

[2/3] 执行策略分析...

分析：爱尔眼科 (300015.SZ)
  ⚠️ 历史数据不足，使用简单分析
  信号：持有

分析：汇川技术 (300124.SZ)
  ⚠️ 历史数据不足，使用简单分析
  信号：持有

分析：保利发展 (600048.SH)
  ⚠️ 历史数据不足，使用简单分析
  信号：持有

[3/3] 发送邮件通知...
  无重要信号，跳过邮件发送

============================================================
监控汇总
============================================================
总计：3 只股票
买入：0 | 卖出：0 | 持有：3
  ⚪ 爱尔眼科: 持有 (9.68)
  ⚪ 汇川技术: 持有 (65.88)
  ⚪ 保利发展: 持有 (5.94)
/Users/foleydang/Library/Python/3.9/lib/python/site-packages/urllib3/__init__.py:35: NotOpenSSLWarning: urllib3 v2 only supports OpenSSL 1.1.1+, currently the 'ssl' module is compiled with 'LibreSSL 2.8.3'. See: https://github.com/urllib3/urllib3/issues/3020
  warnings.warn(
获取历史数据失败 300015: 获取失败，请检查网络.
获取历史数据失败 300124: 获取失败，请检查网络.
获取历史数据失败 600048: 获取失败，请检查网络.

╔══════════════════════════════════════════════════════════╗
║           股票监控系统 - 30 分钟级别                         ║
║           邮件通知：21725056@zju.edu.cn                    ║
╚══════════════════════════════════════════════════════════╝
    
✓ 邮件通知已配置
已添加通知渠道：console
未配置通知渠道，使用控制台输出
============================================================
股票监控任务 - 2026-03-24 13:30:01
============================================================

[1/3] 获取股票数据...
获取数据：爱尔眼科 (300015)...
本接口即将停止更新，请尽快使用Pro版接口：https://tushare.pro/document/2
<urlopen error [Errno 8] nodename nor servname provided, or not known>
<urlopen error [Errno 8] nodename nor servname provided, or not known>
<urlopen error [Errno 8] nodename nor servname provided, or not known>
  ✓ 实时价格：9.64, 涨跌幅：0.42%
获取数据：汇川技术 (300124)...
本接口即将停止更新，请尽快使用Pro版接口：https://tushare.pro/document/2
<urlopen error [Errno 8] nodename nor servname provided, or not known>
<urlopen error [Errno 8] nodename nor servname provided, or not known>
<urlopen error [Errno 8] nodename nor servname provided, or not known>
  ✓ 实时价格：65.30, 涨跌幅：-0.05%
获取数据：保利发展 (600048)...
本接口即将停止更新，请尽快使用Pro版接口：https://tushare.pro/document/2
<urlopen error [Errno 8] nodename nor servname provided, or not known>
<urlopen error [Errno 8] nodename nor servname provided, or not known>
<urlopen error [Errno 8] nodename nor servname provided, or not known>
  ✓ 实时价格：5.91, 涨跌幅：-0.17%

[2/3] 执行策略分析...

分析：爱尔眼科 (300015.SZ)
  ⚠️ 历史数据不足，使用简单分析
  信号：持有

分析：汇川技术 (300124.SZ)
  ⚠️ 历史数据不足，使用简单分析
  信号：持有

分析：保利发展 (600048.SH)
  ⚠️ 历史数据不足，使用简单分析
  信号：持有

[3/3] 发送邮件通知...
  无重要信号，跳过邮件发送

============================================================
监控汇总
============================================================
总计：3 只股票
买入：0 | 卖出：0 | 持有：3
  ⚪ 爱尔眼科: 持有 (9.64)
  ⚪ 汇川技术: 持有 (65.30)
  ⚪ 保利发展: 持有 (5.91)
/Users/foleydang/Library/Python/3.9/lib/python/site-packages/urllib3/__init__.py:35: NotOpenSSLWarning: urllib3 v2 only supports OpenSSL 1.1.1+, currently the 'ssl' module is compiled with 'LibreSSL 2.8.3'. See: https://github.com/urllib3/urllib3/issues/3020
  warnings.warn(
获取历史数据失败 300015: 获取失败，请检查网络.
获取历史数据失败 300124: 获取失败，请检查网络.
获取历史数据失败 600048: 获取失败，请检查网络.

╔══════════════════════════════════════════════════════════╗
║           股票监控系统 - 30 分钟级别                         ║
║           邮件通知：21725056@zju.edu.cn                    ║
╚══════════════════════════════════════════════════════════╝
    
✓ 邮件通知已配置
已添加通知渠道：console
未配置通知渠道，使用控制台输出
============================================================
股票监控任务 - 2026-03-24 14:00:03
============================================================

[1/3] 获取股票数据...
获取数据：爱尔眼科 (300015)...
本接口即将停止更新，请尽快使用Pro版接口：https://tushare.pro/document/2
<urlopen error [Errno 8] nodename nor servname provided, or not known>
<urlopen error [Errno 8] nodename nor servname provided, or not known>
<urlopen error [Errno 8] nodename nor servname provided, or not known>
  ✓ 实时价格：9.63, 涨跌幅：0.31%
获取数据：汇川技术 (300124)...
本接口即将停止更新，请尽快使用Pro版接口：https://tushare.pro/document/2
<urlopen error [Errno 8] nodename nor servname provided, or not known>
<urlopen error [Errno 8] nodename nor servname provided, or not known>
<urlopen error [Errno 8] nodename nor servname provided, or not known>
  ✓ 实时价格：65.35, 涨跌幅：0.03%
获取数据：保利发展 (600048)...
本接口即将停止更新，请尽快使用Pro版接口：https://tushare.pro/document/2
<urlopen error [Errno 8] nodename nor servname provided, or not known>
<urlopen error [Errno 8] nodename nor servname provided, or not known>
<urlopen error [Errno 8] nodename nor servname provided, or not known>
  ✓ 实时价格：5.91, 涨跌幅：-0.17%

[2/3] 执行策略分析...

分析：爱尔眼科 (300015.SZ)
  ⚠️ 历史数据不足，使用简单分析
  信号：持有

分析：汇川技术 (300124.SZ)
  ⚠️ 历史数据不足，使用简单分析
  信号：持有

分析：保利发展 (600048.SH)
  ⚠️ 历史数据不足，使用简单分析
  信号：持有

[3/3] 发送邮件通知...
  无重要信号，跳过邮件发送

============================================================
监控汇总
============================================================
总计：3 只股票
买入：0 | 卖出：0 | 持有：3
  ⚪ 爱尔眼科: 持有 (9.63)
  ⚪ 汇川技术: 持有 (65.35)
  ⚪ 保利发展: 持有 (5.91)
/Users/foleydang/Library/Python/3.9/lib/python/site-packages/urllib3/__init__.py:35: NotOpenSSLWarning: urllib3 v2 only supports OpenSSL 1.1.1+, currently the 'ssl' module is compiled with 'LibreSSL 2.8.3'. See: https://github.com/urllib3/urllib3/issues/3020
  warnings.warn(
获取历史数据失败 300015: 获取失败，请检查网络.
获取历史数据失败 300124: 获取失败，请检查网络.
获取历史数据失败 600048: 获取失败，请检查网络.

╔══════════════════════════════════════════════════════════╗
║           股票监控系统 - 30 分钟级别                         ║
║           邮件通知：21725056@zju.edu.cn                    ║
╚══════════════════════════════════════════════════════════╝
    
✓ 邮件通知已配置
已添加通知渠道：console
未配置通知渠道，使用控制台输出
============================================================
股票监控任务 - 2026-03-24 14:30:02
============================================================

[1/3] 获取股票数据...
获取数据：爱尔眼科 (300015)...
本接口即将停止更新，请尽快使用Pro版接口：https://tushare.pro/document/2
<urlopen error [Errno 8] nodename nor servname provided, or not known>
<urlopen error [Errno 8] nodename nor servname provided, or not known>
<urlopen error [Errno 8] nodename nor servname provided, or not known>
  ✓ 实时价格：9.69, 涨跌幅：0.94%
获取数据：汇川技术 (300124)...
本接口即将停止更新，请尽快使用Pro版接口：https://tushare.pro/document/2
<urlopen error [Errno 8] nodename nor servname provided, or not known>
<urlopen error [Errno 8] nodename nor servname provided, or not known>
<urlopen error [Errno 8] nodename nor servname provided, or not known>
  ✓ 实时价格：65.92, 涨跌幅：0.90%
获取数据：保利发展 (600048)...
本接口即将停止更新，请尽快使用Pro版接口：https://tushare.pro/document/2
<urlopen error [Errno 8] nodename nor servname provided, or not known>
<urlopen error [Errno 8] nodename nor servname provided, or not known>
<urlopen error [Errno 8] nodename nor servname provided, or not known>
  ✓ 实时价格：5.95, 涨跌幅：0.51%

[2/3] 执行策略分析...

分析：爱尔眼科 (300015.SZ)
  ⚠️ 历史数据不足，使用简单分析
  信号：持有

分析：汇川技术 (300124.SZ)
  ⚠️ 历史数据不足，使用简单分析
  信号：持有

分析：保利发展 (600048.SH)
  ⚠️ 历史数据不足，使用简单分析
  信号：持有

[3/3] 发送邮件通知...
  无重要信号，跳过邮件发送

============================================================
监控汇总
============================================================
总计：3 只股票
买入：0 | 卖出：0 | 持有：3
  ⚪ 爱尔眼科: 持有 (9.69)
  ⚪ 汇川技术: 持有 (65.92)
  ⚪ 保利发展: 持有 (5.95)
/Users/foleydang/Library/Python/3.9/lib/python/site-packages/urllib3/__init__.py:35: NotOpenSSLWarning: urllib3 v2 only supports OpenSSL 1.1.1+, currently the 'ssl' module is compiled with 'LibreSSL 2.8.3'. See: https://github.com/urllib3/urllib3/issues/3020
  warnings.warn(
获取历史数据失败 300015: 获取失败，请检查网络.
获取历史数据失败 300124: 获取失败，请检查网络.
获取历史数据失败 600048: 获取失败，请检查网络.

╔══════════════════════════════════════════════════════════╗
║           股票监控系统 - 30 分钟级别                         ║
║           邮件通知：21725056@zju.edu.cn                    ║
╚══════════════════════════════════════════════════════════╝
    
✓ 邮件通知已配置
已添加通知渠道：console
未配置通知渠道，使用控制台输出
============================================================
股票监控任务 - 2026-03-24 15:00:03
============================================================

[1/3] 获取股票数据...
获取数据：爱尔眼科 (300015)...
本接口即将停止更新，请尽快使用Pro版接口：https://tushare.pro/document/2
<urlopen error [Errno 8] nodename nor servname provided, or not known>
<urlopen error [Errno 8] nodename nor servname provided, or not known>
<urlopen error [Errno 8] nodename nor servname provided, or not known>
  ✓ 实时价格：9.69, 涨跌幅：0.94%
获取数据：汇川技术 (300124)...
本接口即将停止更新，请尽快使用Pro版接口：https://tushare.pro/document/2
<urlopen error [Errno 8] nodename nor servname provided, or not known>
<urlopen error [Errno 8] nodename nor servname provided, or not known>
<urlopen error [Errno 8] nodename nor servname provided, or not known>
  ✓ 实时价格：66.10, 涨跌幅：1.18%
获取数据：保利发展 (600048)...
本接口即将停止更新，请尽快使用Pro版接口：https://tushare.pro/document/2
<urlopen error [Errno 8] nodename nor servname provided, or not known>
<urlopen error [Errno 8] nodename nor servname provided, or not known>
<urlopen error [Errno 8] nodename nor servname provided, or not known>
  ✓ 实时价格：5.97, 涨跌幅：0.84%

[2/3] 执行策略分析...

分析：爱尔眼科 (300015.SZ)
  ⚠️ 历史数据不足，使用简单分析
  信号：持有

分析：汇川技术 (300124.SZ)
  ⚠️ 历史数据不足，使用简单分析
  信号：持有

分析：保利发展 (600048.SH)
  ⚠️ 历史数据不足，使用简单分析
  信号：持有

[3/3] 发送邮件通知...
  无重要信号，跳过邮件发送

============================================================
监控汇总
============================================================
总计：3 只股票
买入：0 | 卖出：0 | 持有：3
  ⚪ 爱尔眼科: 持有 (9.69)
  ⚪ 汇川技术: 持有 (66.10)
  ⚪ 保利发展: 持有 (5.97)
/Users/foleydang/Library/Python/3.9/lib/python/site-packages/urllib3/__init__.py:35: NotOpenSSLWarning: urllib3 v2 only supports OpenSSL 1.1.1+, currently the 'ssl' module is compiled with 'LibreSSL 2.8.3'. See: https://github.com/urllib3/urllib3/issues/3020
  warnings.warn(
获取历史数据失败 300015: 获取失败，请检查网络.
获取历史数据失败 300124: 获取失败，请检查网络.
获取历史数据失败 600048: 获取失败，请检查网络.

╔══════════════════════════════════════════════════════════╗
║           股票监控系统 - 30 分钟级别                         ║
║           邮件通知：21725056@zju.edu.cn                    ║
╚══════════════════════════════════════════════════════════╝
    
✓ 邮件通知已配置
已添加通知渠道：console
未配置通知渠道，使用控制台输出
============================================================
股票监控任务 - 2026-03-24 15:30:03
============================================================

[1/3] 获取股票数据...
获取数据：爱尔眼科 (300015)...
本接口即将停止更新，请尽快使用Pro版接口：https://tushare.pro/document/2
<urlopen error [Errno 8] nodename nor servname provided, or not known>
<urlopen error [Errno 8] nodename nor servname provided, or not known>
<urlopen error [Errno 8] nodename nor servname provided, or not known>
  ✓ 实时价格：9.69, 涨跌幅：0.94%
获取数据：汇川技术 (300124)...
本接口即将停止更新，请尽快使用Pro版接口：https://tushare.pro/document/2
<urlopen error [Errno 8] nodename nor servname provided, or not known>
<urlopen error [Errno 8] nodename nor servname provided, or not known>
<urlopen error [Errno 8] nodename nor servname provided, or not known>
  ✓ 实时价格：66.10, 涨跌幅：1.18%
获取数据：保利发展 (600048)...
本接口即将停止更新，请尽快使用Pro版接口：https://tushare.pro/document/2
<urlopen error [Errno 8] nodename nor servname provided, or not known>
<urlopen error [Errno 8] nodename nor servname provided, or not known>
<urlopen error [Errno 8] nodename nor servname provided, or not known>
  ✓ 实时价格：5.97, 涨跌幅：0.84%

[2/3] 执行策略分析...

分析：爱尔眼科 (300015.SZ)
  ⚠️ 历史数据不足，使用简单分析
  信号：持有

分析：汇川技术 (300124.SZ)
  ⚠️ 历史数据不足，使用简单分析
  信号：持有

分析：保利发展 (600048.SH)
  ⚠️ 历史数据不足，使用简单分析
  信号：持有

[3/3] 发送邮件通知...
  无重要信号，跳过邮件发送

============================================================
监控汇总
============================================================
总计：3 只股票
买入：0 | 卖出：0 | 持有：3
  ⚪ 爱尔眼科: 持有 (9.69)
  ⚪ 汇川技术: 持有 (66.10)
  ⚪ 保利发展: 持有 (5.97)
/Users/foleydang/Library/Python/3.9/lib/python/site-packages/urllib3/__init__.py:35: NotOpenSSLWarning: urllib3 v2 only supports OpenSSL 1.1.1+, currently the 'ssl' module is compiled with 'LibreSSL 2.8.3'. See: https://github.com/urllib3/urllib3/issues/3020
  warnings.warn(
获取历史数据失败 300015: 获取失败，请检查网络.
获取历史数据失败 300124: 获取失败，请检查网络.
获取历史数据失败 600048: 获取失败，请检查网络.

╔══════════════════════════════════════════════════════════╗
║           股票监控系统 - 30 分钟级别                         ║
║           邮件通知：21725056@zju.edu.cn                    ║
╚══════════════════════════════════════════════════════════╝
    
✓ 邮件通知已配置
已添加通知渠道：console
未配置通知渠道，使用控制台输出
============================================================
股票监控任务 - 2026-03-24 15:35:32
============================================================

[1/3] 获取股票数据...
获取数据：爱尔眼科 (300015)...
本接口即将停止更新，请尽快使用Pro版接口：https://tushare.pro/document/2
<urlopen error [Errno 8] nodename nor servname provided, or not known>
<urlopen error [Errno 8] nodename nor servname provided, or not known>
<urlopen error [Errno 8] nodename nor servname provided, or not known>
  ✓ 实时价格：9.69, 涨跌幅：0.94%
获取数据：汇川技术 (300124)...
本接口即将停止更新，请尽快使用Pro版接口：https://tushare.pro/document/2
<urlopen error [Errno 8] nodename nor servname provided, or not known>
<urlopen error [Errno 8] nodename nor servname provided, or not known>
<urlopen error [Errno 8] nodename nor servname provided, or not known>
  ✓ 实时价格：66.10, 涨跌幅：1.18%
获取数据：保利发展 (600048)...
本接口即将停止更新，请尽快使用Pro版接口：https://tushare.pro/document/2
<urlopen error [Errno 8] nodename nor servname provided, or not known>
<urlopen error [Errno 8] nodename nor servname provided, or not known>
<urlopen error [Errno 8] nodename nor servname provided, or not known>
  ✓ 实时价格：5.97, 涨跌幅：0.84%

[2/3] 执行策略分析...

分析：爱尔眼科 (300015.SZ)
  ⚠️ 历史数据不足，使用简单分析
  信号：持有

分析：汇川技术 (300124.SZ)
  ⚠️ 历史数据不足，使用简单分析
  信号：持有

分析：保利发展 (600048.SH)
  ⚠️ 历史数据不足，使用简单分析
  信号：持有

[3/3] 发送邮件通知...
  无重要信号，跳过邮件发送

============================================================
监控汇总
============================================================
总计：3 只股票
买入：0 | 卖出：0 | 持有：3
  ⚪ 爱尔眼科: 持有 (9.69)
  ⚪ 汇川技术: 持有 (66.10)
  ⚪ 保利发展: 持有 (5.97)
/Users/foleydang/Library/Python/3.9/lib/python/site-packages/urllib3/__init__.py:35: NotOpenSSLWarning: urllib3 v2 only supports OpenSSL 1.1.1+, currently the 'ssl' module is compiled with 'LibreSSL 2.8.3'. See: https://github.com/urllib3/urllib3/issues/3020
  warnings.warn(
获取历史数据失败 300015: 获取失败，请检查网络.
获取历史数据失败 300124: 获取失败，请检查网络.
获取历史数据失败 600048: 获取失败，请检查网络.

╔══════════════════════════════════════════════════════════╗
║           股票监控系统 - 30 分钟级别                         ║
║           邮件通知：21725056@zju.edu.cn                    ║
╚══════════════════════════════════════════════════════════╝
    
✓ 邮件通知已配置
已添加通知渠道：console
未配置通知渠道，使用控制台输出
============================================================
股票监控任务 - 2026-03-24 15:40:47
============================================================

[1/3] 获取股票数据...
获取数据：爱尔眼科 (300015)...
本接口即将停止更新，请尽快使用Pro版接口：https://tushare.pro/document/2
<urlopen error [Errno 8] nodename nor servname provided, or not known>
<urlopen error [Errno 8] nodename nor servname provided, or not known>
<urlopen error [Errno 8] nodename nor servname provided, or not known>
  ✓ 实时价格：9.69, 涨跌幅：0.94%
获取数据：汇川技术 (300124)...
本接口即将停止更新，请尽快使用Pro版接口：https://tushare.pro/document/2
<urlopen error [Errno 8] nodename nor servname provided, or not known>
<urlopen error [Errno 8] nodename nor servname provided, or not known>
<urlopen error [Errno 8] nodename nor servname provided, or not known>
  ✓ 实时价格：66.10, 涨跌幅：1.18%
获取数据：保利发展 (600048)...
本接口即将停止更新，请尽快使用Pro版接口：https://tushare.pro/document/2
<urlopen error [Errno 8] nodename nor servname provided, or not known>
<urlopen error [Errno 8] nodename nor servname provided, or not known>
<urlopen error [Errno 8] nodename nor servname provided, or not known>
  ✓ 实时价格：5.97, 涨跌幅：0.84%

[2/3] 执行策略分析...

分析：爱尔眼科 (300015.SZ)
  ⚠️ 历史数据不足，使用简单分析
  信号：持有

分析：汇川技术 (300124.SZ)
  ⚠️ 历史数据不足，使用简单分析
  信号：持有

分析：保利发展 (600048.SH)
  ⚠️ 历史数据不足，使用简单分析
  信号：持有

[3/3] 发送邮件通知...
  无重要信号，跳过邮件发送

============================================================
监控汇总
============================================================
总计：3 只股票
买入：0 | 卖出：0 | 持有：3
  ⚪ 爱尔眼科: 持有 (9.69)
  ⚪ 汇川技术: 持有 (66.10)
  ⚪ 保利发展: 持有 (5.97)
/Users/foleydang/Library/Python/3.9/lib/python/site-packages/urllib3/__init__.py:35: NotOpenSSLWarning: urllib3 v2 only supports OpenSSL 1.1.1+, currently the 'ssl' module is compiled with 'LibreSSL 2.8.3'. See: https://github.com/urllib3/urllib3/issues/3020
  warnings.warn(

╔══════════════════════════════════════════════════════════╗
║           股票监控系统 - 30 分钟级别                         ║
║           邮件通知：21725056@zju.edu.cn                    ║
╚══════════════════════════════════════════════════════════╝
    
✓ 邮件通知已配置
已添加通知渠道：console
未配置通知渠道，使用控制台输出
============================================================
股票监控任务 - 2026-03-24 15:48:52
============================================================

[1/3] 获取股票数据...
获取数据：爱尔眼科 (300015)...
  ✓ 实时价格：9.69, 涨跌幅：0.94%
  ✓ 历史数据：57 条
获取数据：汇川技术 (300124)...
  ✓ 实时价格：66.10, 涨跌幅：1.18%
  ✓ 历史数据：57 条
获取数据：保利发展 (600048)...
  ✓ 实时价格：5.97, 涨跌幅：0.84%
  ✓ 历史数据：57 条

[2/3] 执行策略分析...

分析：爱尔眼科 (300015.SZ)
  ⚠️ 历史数据不足 (57 条)，使用简单分析
  信号：持有

分析：汇川技术 (300124.SZ)
  ⚠️ 历史数据不足 (57 条)，使用简单分析
  信号：持有

分析：保利发展 (600048.SH)
  ⚠️ 历史数据不足 (57 条)，使用简单分析
  信号：持有

[3/3] 发送邮件通知...
  无重要信号，跳过邮件发送

============================================================
监控汇总
============================================================
总计：3 只股票
买入：0 | 卖出：0 | 持有：3
  ⚪ 爱尔眼科: 持有 (9.69)
  ⚪ 汇川技术: 持有 (66.10)
  ⚪ 保利发展: 持有 (5.97)
/Users/foleydang/Library/Python/3.9/lib/python/site-packages/urllib3/__init__.py:35: NotOpenSSLWarning: urllib3 v2 only supports OpenSSL 1.1.1+, currently the 'ssl' module is compiled with 'LibreSSL 2.8.3'. See: https://github.com/urllib3/urllib3/issues/3020
  warnings.warn(

╔══════════════════════════════════════════════════════════╗
║           股票监控系统 - 30 分钟级别                         ║
║           邮件通知：21725056@zju.edu.cn                    ║
╚══════════════════════════════════════════════════════════╝
    
✓ 邮件通知已配置
已添加通知渠道：console
未配置通知渠道，使用控制台输出
============================================================
股票监控任务 - 2026-03-24 15:55:13
============================================================

[1/3] 获取股票数据...
获取数据：爱尔眼科 (300015)...
  ✓ 实时价格：9.69, 涨跌幅：0.94%
  ✓ 历史数据：57 条
获取数据：汇川技术 (300124)...
  ✓ 实时价格：66.10, 涨跌幅：1.18%
  ✓ 历史数据：57 条
获取数据：保利发展 (600048)...
  ✓ 实时价格：5.97, 涨跌幅：0.84%
  ✓ 历史数据：57 条

[2/3] 执行策略分析...

分析：爱尔眼科 (300015.SZ)
  ⚪ 信号：持有 (评分：-0.5)

分析：汇川技术 (300124.SZ)
  🔴 信号：卖出 (评分：-1.5)

分析：保利发展 (600048.SH)
  🔴 信号：卖出 (评分：-1.5)

[3/3] 发送邮件通知...
  发现 2 个重要信号，发送汇总邮件...
  发送邮件... (尝试 1/3)
✓ 邮件已发送：交易策略日报 - 2026-03-24

============================================================
监控汇总
============================================================
总计：3 只股票
买入：0 | 卖出：2 | 持有：1
  ⚪ 爱尔眼科: 持有 (9.69)
  🔴 汇川技术: 卖出 (66.10)
  🔴 保利发展: 卖出 (5.97)
/Users/foleydang/Library/Python/3.9/lib/python/site-packages/urllib3/__init__.py:35: NotOpenSSLWarning: urllib3 v2 only supports OpenSSL 1.1.1+, currently the 'ssl' module is compiled with 'LibreSSL 2.8.3'. See: https://github.com/urllib3/urllib3/issues/3020
  warnings.warn(
获取历史数据失败 (Eastmoney) 300015.SZ: ('Connection aborted.', RemoteDisconnected('Remote end closed connection without response'))
/Users/foleydang/github/stock-quant/stock-quant/python/data/stock_data.py:169: FutureWarning: Passing literal html to 'read_html' is deprecated and will be removed in a future version. To read from a literal string, wrap it in a 'StringIO' object.
  tables = pd.read_html(response.text)
获取历史数据失败 (Eastmoney) 300124.SZ: ('Connection aborted.', RemoteDisconnected('Remote end closed connection without response'))
/Users/foleydang/github/stock-quant/stock-quant/python/data/stock_data.py:169: FutureWarning: Passing literal html to 'read_html' is deprecated and will be removed in a future version. To read from a literal string, wrap it in a 'StringIO' object.
  tables = pd.read_html(response.text)
获取历史数据失败 (Eastmoney) 600048.SH: ('Connection aborted.', RemoteDisconnected('Remote end closed connection without response'))
/Users/foleydang/github/stock-quant/stock-quant/python/data/stock_data.py:169: FutureWarning: Passing literal html to 'read_html' is deprecated and will be removed in a future version. To read from a literal string, wrap it in a 'StringIO' object.
  tables = pd.read_html(response.text)
获取港股实时行情失败 3690.HK: 'date'
获取港股实时行情失败 9988.HK: 'date'
获取港股实时行情失败 0700.HK: 'date'
获取历史数据失败 (Eastmoney) 600519.SH: ('Connection aborted.', RemoteDisconnected('Remote end closed connection without response'))
/Users/foleydang/github/stock-quant/stock-quant/python/data/stock_data.py:169: FutureWarning: Passing literal html to 'read_html' is deprecated and will be removed in a future version. To read from a literal string, wrap it in a 'StringIO' object.
  tables = pd.read_html(response.text)

╔══════════════════════════════════════════════════════════╗
║           股票监控系统 - 30 分钟级别                         ║
║           邮件通知：21725056@zju.edu.cn                    ║
╚══════════════════════════════════════════════════════════╝
    
✓ 邮件通知已配置
已添加通知渠道：console
未配置通知渠道，使用控制台输出
============================================================
股票监控任务 - 2026-03-24 17:37:58
============================================================

[1/3] 获取股票数据...
获取数据：爱尔眼科 (300015)...
  ✓ 实时价格：9.69, 涨跌幅：0.94%
  ✓ 从缓存加载历史数据：57 条
  ✓ 历史数据：57 条
获取数据：汇川技术 (300124)...
  ✓ 实时价格：66.10, 涨跌幅：1.18%
  ✓ 从缓存加载历史数据：57 条
  ✓ 历史数据：57 条
获取数据：保利发展 (600048)...
  ✓ 实时价格：5.97, 涨跌幅：0.84%
  ✓ 从缓存加载历史数据：57 条
  ✓ 历史数据：57 条
获取数据：美团-W (3690)...
  ✗ 获取失败，尝试加载缓存...
  ✓ 从缓存加载：76.55
获取数据：阿里巴巴-W (9988)...
  ✗ 获取失败，尝试加载缓存...
  ✓ 从缓存加载：119.7
获取数据：腾讯控股 (0700)...
  ✗ 获取失败，尝试加载缓存...
  ✓ 从缓存加载：498.39999
获取数据：贵州茅台 (600519)...
  ✓ 实时价格：1407.33, 涨跌幅：-0.05%
  ✓ 从缓存加载历史数据：57 条
  ✓ 历史数据：57 条

[2/3] 执行策略分析...

分析：爱尔眼科 (300015.SZ)
  ⚪ 信号：持有 (评分：-0.5)

分析：汇川技术 (300124.SZ)
  🔴 信号：卖出 (评分：-1.5)

分析：保利发展 (600048.SH)
  🔴 信号：卖出 (评分：-1.5)

分析：美团-W (3690.HK)
  ⚪ 信号：持有 (评分：0.5)

分析：阿里巴巴-W (9988.HK)
  🔴 信号：强烈卖出 (评分：-3.5)

分析：腾讯控股 (0700.HK)
  🔴 信号：强烈卖出 (评分：-3.5)

分析：贵州茅台 (600519.SH)
  🔴 信号：卖出 (评分：-1.5)

[3/3] 发送邮件通知...
  发现 5 个重要信号，发送汇总邮件...
  发送邮件... (尝试 1/3)
✓ 邮件已发送：交易策略日报 - 2026-03-24

============================================================
监控汇总
============================================================
总计：7 只股票
买入：0 | 卖出：5 | 持有：2
  ⚪ 爱尔眼科: 持有 (9.69)
  🔴 汇川技术: 卖出 (66.10)
  🔴 保利发展: 卖出 (5.97)
  ⚪ 美团-W: 持有 (76.55)
  🔴 阿里巴巴-W: 强烈卖出 (119.70)
  🔴 腾讯控股: 强烈卖出 (498.40)
  🔴 贵州茅台: 卖出 (1407.33)
/Users/foleydang/Library/Python/3.9/lib/python/site-packages/urllib3/__init__.py:35: NotOpenSSLWarning: urllib3 v2 only supports OpenSSL 1.1.1+, currently the 'ssl' module is compiled with 'LibreSSL 2.8.3'. See: https://github.com/urllib3/urllib3/issues/3020
  warnings.warn(
获取历史数据失败 (Eastmoney) 300015.SZ: ('Connection aborted.', RemoteDisconnected('Remote end closed connection without response'))
/Users/foleydang/github/stock-quant/stock-quant/python/data/stock_data.py:169: FutureWarning: Passing literal html to 'read_html' is deprecated and will be removed in a future version. To read from a literal string, wrap it in a 'StringIO' object.
  tables = pd.read_html(response.text)
获取历史数据失败 (Eastmoney) 300124.SZ: ('Connection aborted.', RemoteDisconnected('Remote end closed connection without response'))
/Users/foleydang/github/stock-quant/stock-quant/python/data/stock_data.py:169: FutureWarning: Passing literal html to 'read_html' is deprecated and will be removed in a future version. To read from a literal string, wrap it in a 'StringIO' object.
  tables = pd.read_html(response.text)
获取历史数据失败 (Eastmoney) 600048.SH: ('Connection aborted.', RemoteDisconnected('Remote end closed connection without response'))
/Users/foleydang/github/stock-quant/stock-quant/python/data/stock_data.py:169: FutureWarning: Passing literal html to 'read_html' is deprecated and will be removed in a future version. To read from a literal string, wrap it in a 'StringIO' object.
  tables = pd.read_html(response.text)
获取港股实时行情失败 3690.HK: 'date'
获取港股实时行情失败 9988.HK: 'date'
获取港股实时行情失败 0700.HK: 'date'
获取历史数据失败 (Eastmoney) 600519.SH: ('Connection aborted.', RemoteDisconnected('Remote end closed connection without response'))
/Users/foleydang/github/stock-quant/stock-quant/python/data/stock_data.py:169: FutureWarning: Passing literal html to 'read_html' is deprecated and will be removed in a future version. To read from a literal string, wrap it in a 'StringIO' object.
  tables = pd.read_html(response.text)

╔══════════════════════════════════════════════════════════╗
║           股票监控系统 - 30 分钟级别                         ║
║           邮件通知：21725056@zju.edu.cn                    ║
╚══════════════════════════════════════════════════════════╝
    
✓ 邮件通知已配置
已添加通知渠道：console
未配置通知渠道，使用控制台输出
============================================================
股票监控任务 - 2026-03-24 19:22:18
============================================================

[1/3] 获取股票数据...
获取数据：爱尔眼科 (300015)...
  ✓ 实时价格：9.69, 涨跌幅：0.94%
  ✓ 从缓存加载历史数据：57 条
  ✓ 历史数据：57 条
获取数据：汇川技术 (300124)...
  ✓ 实时价格：66.10, 涨跌幅：1.18%
  ✓ 从缓存加载历史数据：57 条
  ✓ 历史数据：57 条
获取数据：保利发展 (600048)...
  ✓ 实时价格：5.97, 涨跌幅：0.84%
  ✓ 从缓存加载历史数据：57 条
  ✓ 历史数据：57 条
获取数据：美团-W (3690)...
  ✗ 获取失败，尝试加载缓存...
  ✓ 从缓存加载：76.55
获取数据：阿里巴巴-W (9988)...
  ✗ 获取失败，尝试加载缓存...
  ✓ 从缓存加载：119.7
获取数据：腾讯控股 (0700)...
  ✗ 获取失败，尝试加载缓存...
  ✓ 从缓存加载：498.39999
获取数据：贵州茅台 (600519)...
  ✓ 实时价格：1407.33, 涨跌幅：-0.05%
  ✓ 从缓存加载历史数据：57 条
  ✓ 历史数据：57 条

[2/3] 执行策略分析...

分析：爱尔眼科 (300015.SZ)
  🔴 信号：卖出 (评分：-2.0)

分析：汇川技术 (300124.SZ)
  🔴 信号：卖出 (评分：-3.0)

分析：保利发展 (600048.SH)
  🔴 信号：卖出 (评分：-1.5)

分析：美团-W (3690.HK)
  ⚪ 信号：持有 (评分：1.0)

分析：阿里巴巴-W (9988.HK)
  🔴 信号：强烈卖出 (评分：-5.0)

分析：腾讯控股 (0700.HK)
  🔴 信号：强烈卖出 (评分：-5.0)

分析：贵州茅台 (600519.SH)
  🔴 信号：卖出 (评分：-2.0)

[3/3] 发送邮件通知...
  发现 6 个重要信号，发送汇总邮件...
  发送邮件... (尝试 1/3)
✓ 邮件已发送：交易策略日报 - 2026-03-24

============================================================
监控汇总
============================================================
总计：7 只股票
买入：0 | 卖出：6 | 持有：1
  🔴 爱尔眼科: 卖出 (9.69)
  🔴 汇川技术: 卖出 (66.10)
  🔴 保利发展: 卖出 (5.97)
  ⚪ 美团-W: 持有 (76.55)
  🔴 阿里巴巴-W: 强烈卖出 (119.70)
  🔴 腾讯控股: 强烈卖出 (498.40)
  🔴 贵州茅台: 卖出 (1407.33)
/Users/foleydang/Library/Python/3.9/lib/python/site-packages/urllib3/__init__.py:35: NotOpenSSLWarning: urllib3 v2 only supports OpenSSL 1.1.1+, currently the 'ssl' module is compiled with 'LibreSSL 2.8.3'. See: https://github.com/urllib3/urllib3/issues/3020
  warnings.warn(
Traceback (most recent call last):
  File "/Users/foleydang/github/stock-quant/stock-quant/python/strategy/email_monitor.py", line 26, in <module>
    from strategy.intraday_strategy import IntradayStrategy, SignalType
  File "/Users/foleydang/github/stock-quant/stock-quant/python/strategy/intraday_strategy.py", line 30, in <module>
    from strategy.lgb_predictor import LGBPredictor
  File "/Users/foleydang/github/stock-quant/stock-quant/python/strategy/lgb_predictor.py", line 14, in <module>
    import lightgbm as lgb
  File "/Users/foleydang/Library/Python/3.9/lib/python/site-packages/lightgbm/__init__.py", line 11, in <module>
    from .basic import Booster, Dataset, Sequence, register_logger
  File "/Users/foleydang/Library/Python/3.9/lib/python/site-packages/lightgbm/basic.py", line 9, in <module>
    from .libpath import _LIB  # isort: skip
  File "/Users/foleydang/Library/Python/3.9/lib/python/site-packages/lightgbm/libpath.py", line 49, in <module>
    _LIB = ctypes.cdll.LoadLibrary(_find_lib_path()[0])
  File "/Library/Developer/CommandLineTools/Library/Frameworks/Python3.framework/Versions/3.9/lib/python3.9/ctypes/__init__.py", line 444, in LoadLibrary
    return self._dlltype(name)
  File "/Library/Developer/CommandLineTools/Library/Frameworks/Python3.framework/Versions/3.9/lib/python3.9/ctypes/__init__.py", line 366, in __init__
    self._handle = _dlopen(self._name, mode)
OSError: dlopen(/Users/foleydang/Library/Python/3.9/lib/python/site-packages/lightgbm/lib/lib_lightgbm.dylib, 0x0006): Library not loaded: @rpath/libomp.dylib
  Referenced from: <D44045CD-B874-3A27-9A61-F131D99AACE4> /Users/foleydang/Library/Python/3.9/lib/python/site-packages/lightgbm/lib/lib_lightgbm.dylib
  Reason: tried: '/opt/homebrew/opt/libomp/lib/libomp.dylib' (no such file), '/System/Volumes/Preboot/Cryptexes/OS/opt/homebrew/opt/libomp/lib/libomp.dylib' (no such file), '/opt/local/lib/libomp/libomp.dylib' (no such file), '/System/Volumes/Preboot/Cryptexes/OS/opt/local/lib/libomp/libomp.dylib' (no such file), '/opt/homebrew/opt/libomp/lib/libomp.dylib' (no such file), '/System/Volumes/Preboot/Cryptexes/OS/opt/homebrew/opt/libomp/lib/libomp.dylib' (no such file), '/opt/local/lib/libomp/libomp.dylib' (no such file), '/System/Volumes/Preboot/Cryptexes/OS/opt/local/lib/libomp/libomp.dylib' (no such file)
/Users/foleydang/Library/Python/3.9/lib/python/site-packages/urllib3/__init__.py:35: NotOpenSSLWarning: urllib3 v2 only supports OpenSSL 1.1.1+, currently the 'ssl' module is compiled with 'LibreSSL 2.8.3'. See: https://github.com/urllib3/urllib3/issues/3020
  warnings.warn(
获取历史数据失败 (Eastmoney) 300015.SZ: ('Connection aborted.', RemoteDisconnected('Remote end closed connection without response'))
/Users/foleydang/github/stock-quant/stock-quant/python/data/stock_data.py:169: FutureWarning: Passing literal html to 'read_html' is deprecated and will be removed in a future version. To read from a literal string, wrap it in a 'StringIO' object.
  tables = pd.read_html(response.text)
获取历史数据失败 (Eastmoney) 300124.SZ: ('Connection aborted.', RemoteDisconnected('Remote end closed connection without response'))
/Users/foleydang/github/stock-quant/stock-quant/python/data/stock_data.py:169: FutureWarning: Passing literal html to 'read_html' is deprecated and will be removed in a future version. To read from a literal string, wrap it in a 'StringIO' object.
  tables = pd.read_html(response.text)
获取港股实时行情失败 3690.HK: 'date'
获取港股实时行情失败 9988.HK: 'date'
获取港股实时行情失败 0700.HK: 'date'
/Users/foleydang/Library/Python/3.9/lib/python/site-packages/sklearn/utils/validation.py:2739: UserWarning: X does not have valid feature names, but LGBMClassifier was fitted with feature names
  warnings.warn(
/Users/foleydang/Library/Python/3.9/lib/python/site-packages/joblib/externals/loky/backend/context.py:131: UserWarning: Could not find the number of physical cores for the following reason:
[Errno 2] No such file or directory: 'sysctl'
Returning the number of logical cores instead. You can silence this warning by setting LOKY_MAX_CPU_COUNT to the number of cores you want to use.
  warnings.warn(
  File "/Users/foleydang/Library/Python/3.9/lib/python/site-packages/joblib/externals/loky/backend/context.py", line 249, in _count_physical_cores
    cpu_count_physical = _count_physical_cores_darwin()
  File "/Users/foleydang/Library/Python/3.9/lib/python/site-packages/joblib/externals/loky/backend/context.py", line 312, in _count_physical_cores_darwin
    cpu_info = subprocess.run(
  File "/Library/Developer/CommandLineTools/Library/Frameworks/Python3.framework/Versions/3.9/lib/python3.9/subprocess.py", line 505, in run
    with Popen(*popenargs, **kwargs) as process:
  File "/Library/Developer/CommandLineTools/Library/Frameworks/Python3.framework/Versions/3.9/lib/python3.9/subprocess.py", line 951, in __init__
    self._execute_child(args, executable, preexec_fn, close_fds,
  File "/Library/Developer/CommandLineTools/Library/Frameworks/Python3.framework/Versions/3.9/lib/python3.9/subprocess.py", line 1821, in _execute_child
    raise child_exception_type(errno_num, err_msg, err_filename)
/Users/foleydang/Library/Python/3.9/lib/python/site-packages/sklearn/utils/validation.py:2739: UserWarning: X does not have valid feature names, but LGBMClassifier was fitted with feature names
  warnings.warn(
/Users/foleydang/Library/Python/3.9/lib/python/site-packages/sklearn/utils/validation.py:2739: UserWarning: X does not have valid feature names, but LGBMClassifier was fitted with feature names
  warnings.warn(
/Users/foleydang/Library/Python/3.9/lib/python/site-packages/sklearn/utils/validation.py:2739: UserWarning: X does not have valid feature names, but LGBMClassifier was fitted with feature names
  warnings.warn(
/Users/foleydang/Library/Python/3.9/lib/python/site-packages/sklearn/utils/validation.py:2739: UserWarning: X does not have valid feature names, but LGBMClassifier was fitted with feature names
  warnings.warn(
/Users/foleydang/Library/Python/3.9/lib/python/site-packages/sklearn/utils/validation.py:2739: UserWarning: X does not have valid feature names, but LGBMClassifier was fitted with feature names
  warnings.warn(
/Users/foleydang/Library/Python/3.9/lib/python/site-packages/sklearn/utils/validation.py:2739: UserWarning: X does not have valid feature names, but LGBMClassifier was fitted with feature names
  warnings.warn(
/Users/foleydang/Library/Python/3.9/lib/python/site-packages/sklearn/utils/validation.py:2739: UserWarning: X does not have valid feature names, but LGBMClassifier was fitted with feature names
  warnings.warn(
/Users/foleydang/Library/Python/3.9/lib/python/site-packages/sklearn/utils/validation.py:2739: UserWarning: X does not have valid feature names, but LGBMClassifier was fitted with feature names
  warnings.warn(
/Users/foleydang/Library/Python/3.9/lib/python/site-packages/sklearn/utils/validation.py:2739: UserWarning: X does not have valid feature names, but LGBMClassifier was fitted with feature names
  warnings.warn(
/Users/foleydang/Library/Python/3.9/lib/python/site-packages/sklearn/utils/validation.py:2739: UserWarning: X does not have valid feature names, but LGBMClassifier was fitted with feature names
  warnings.warn(
/Users/foleydang/Library/Python/3.9/lib/python/site-packages/sklearn/utils/validation.py:2739: UserWarning: X does not have valid feature names, but LGBMClassifier was fitted with feature names
  warnings.warn(
/Users/foleydang/Library/Python/3.9/lib/python/site-packages/sklearn/utils/validation.py:2739: UserWarning: X does not have valid feature names, but LGBMClassifier was fitted with feature names
  warnings.warn(
/Users/foleydang/Library/Python/3.9/lib/python/site-packages/sklearn/utils/validation.py:2739: UserWarning: X does not have valid feature names, but LGBMClassifier was fitted with feature names
  warnings.warn(
/Users/foleydang/Library/Python/3.9/lib/python/site-packages/sklearn/utils/validation.py:2739: UserWarning: X does not have valid feature names, but LGBMClassifier was fitted with feature names
  warnings.warn(
/Users/foleydang/Library/Python/3.9/lib/python/site-packages/sklearn/utils/validation.py:2739: UserWarning: X does not have valid feature names, but LGBMClassifier was fitted with feature names
  warnings.warn(
/Users/foleydang/Library/Python/3.9/lib/python/site-packages/sklearn/utils/validation.py:2739: UserWarning: X does not have valid feature names, but LGBMClassifier was fitted with feature names
  warnings.warn(
/Users/foleydang/Library/Python/3.9/lib/python/site-packages/sklearn/utils/validation.py:2739: UserWarning: X does not have valid feature names, but LGBMClassifier was fitted with feature names
  warnings.warn(
/Users/foleydang/Library/Python/3.9/lib/python/site-packages/sklearn/utils/validation.py:2739: UserWarning: X does not have valid feature names, but LGBMClassifier was fitted with feature names
  warnings.warn(
/Users/foleydang/Library/Python/3.9/lib/python/site-packages/sklearn/utils/validation.py:2739: UserWarning: X does not have valid feature names, but LGBMClassifier was fitted with feature names
  warnings.warn(
/Users/foleydang/Library/Python/3.9/lib/python/site-packages/sklearn/utils/validation.py:2739: UserWarning: X does not have valid feature names, but LGBMClassifier was fitted with feature names
  warnings.warn(
/Users/foleydang/Library/Python/3.9/lib/python/site-packages/sklearn/utils/validation.py:2739: UserWarning: X does not have valid feature names, but LGBMClassifier was fitted with feature names
  warnings.warn(
/Users/foleydang/Library/Python/3.9/lib/python/site-packages/sklearn/utils/validation.py:2739: UserWarning: X does not have valid feature names, but LGBMClassifier was fitted with feature names
  warnings.warn(
/Users/foleydang/Library/Python/3.9/lib/python/site-packages/sklearn/utils/validation.py:2739: UserWarning: X does not have valid feature names, but LGBMClassifier was fitted with feature names
  warnings.warn(
/Users/foleydang/Library/Python/3.9/lib/python/site-packages/sklearn/utils/validation.py:2739: UserWarning: X does not have valid feature names, but LGBMClassifier was fitted with feature names
  warnings.warn(
/Users/foleydang/Library/Python/3.9/lib/python/site-packages/sklearn/utils/validation.py:2739: UserWarning: X does not have valid feature names, but LGBMClassifier was fitted with feature names
  warnings.warn(
/Users/foleydang/Library/Python/3.9/lib/python/site-packages/sklearn/utils/validation.py:2739: UserWarning: X does not have valid feature names, but LGBMClassifier was fitted with feature names
  warnings.warn(
/Users/foleydang/Library/Python/3.9/lib/python/site-packages/sklearn/utils/validation.py:2739: UserWarning: X does not have valid feature names, but LGBMClassifier was fitted with feature names
  warnings.warn(

╔══════════════════════════════════════════════════════════╗
║           股票监控系统 - 30 分钟级别                         ║
║           邮件通知：21725056@zju.edu.cn                    ║
╚══════════════════════════════════════════════════════════╝
    
✓ 邮件通知已配置
已添加通知渠道：console
未配置通知渠道，使用控制台输出
============================================================
股票监控任务 - 2026-03-25 11:00:04
============================================================

[1/3] 获取股票数据...
获取数据：爱尔眼科 (300015)...
  ✓ 实时价格：9.72, 涨跌幅：0.31%
  ✓ 从缓存加载历史数据：57 条
  ✓ 历史数据：57 条
获取数据：汇川技术 (300124)...
  ✓ 实时价格：67.08, 涨跌幅：1.48%
  ✓ 从缓存加载历史数据：57 条
  ✓ 历史数据：57 条
获取数据：保利发展 (600048)...
  ✓ 实时价格：5.99, 涨跌幅：0.34%
  ✓ 历史数据：57 条
获取数据：美团-W (3690)...
  ✗ 获取失败，尝试加载缓存...
  ✓ 从缓存加载：76.55
获取数据：阿里巴巴-W (9988)...
  ✗ 获取失败，尝试加载缓存...
  ✓ 从缓存加载：119.7
获取数据：腾讯控股 (0700)...
  ✗ 获取失败，尝试加载缓存...
  ✓ 从缓存加载：498.39999
获取数据：贵州茅台 (600519)...
  ✓ 实时价格：1410.00, 涨跌幅：0.19%
  ✓ 历史数据：57 条

[2/3] 执行策略分析...

分析：爱尔眼科 (300015.SZ)
  🔴 信号：卖出 (评分：-2.0)

分析：汇川技术 (300124.SZ)
  🔴 信号：强烈卖出 (评分：-3.5)

分析：保利发展 (600048.SH)
  ⚪ 信号：持有 (评分：-1.0)

分析：美团-W (3690.HK)
  ⚪ 信号：持有 (评分：1.0)

分析：阿里巴巴-W (9988.HK)
  🔴 信号：强烈卖出 (评分：-5.0)

分析：腾讯控股 (0700.HK)
  🔴 信号：强烈卖出 (评分：-5.0)

分析：贵州茅台 (600519.SH)
  🔴 信号：强烈卖出 (评分：-3.5)

[3/3] 发送邮件通知...
  发现 5 个重要信号，发送汇总邮件...
  发送邮件... (尝试 1/3)
✓ 邮件已发送：交易策略日报 - 2026-03-25

============================================================
监控汇总
============================================================
总计：7 只股票
买入：0 | 卖出：5 | 持有：2
  🔴 爱尔眼科: 卖出 (9.72)
  🔴 汇川技术: 强烈卖出 (67.08)
  ⚪ 保利发展: 持有 (5.99)
  ⚪ 美团-W: 持有 (76.55)
  🔴 阿里巴巴-W: 强烈卖出 (119.70)
  🔴 腾讯控股: 强烈卖出 (498.40)
  🔴 贵州茅台: 强烈卖出 (1410.00)
/Users/foleydang/Library/Python/3.9/lib/python/site-packages/urllib3/__init__.py:35: NotOpenSSLWarning: urllib3 v2 only supports OpenSSL 1.1.1+, currently the 'ssl' module is compiled with 'LibreSSL 2.8.3'. See: https://github.com/urllib3/urllib3/issues/3020
  warnings.warn(
获取历史数据失败 (Eastmoney) 300015.SZ: ('Connection aborted.', RemoteDisconnected('Remote end closed connection without response'))
/Users/foleydang/github/stock-quant/stock-quant/python/data/stock_data.py:169: FutureWarning: Passing literal html to 'read_html' is deprecated and will be removed in a future version. To read from a literal string, wrap it in a 'StringIO' object.
  tables = pd.read_html(response.text)
获取历史数据失败 (Eastmoney) 300124.SZ: ('Connection aborted.', RemoteDisconnected('Remote end closed connection without response'))
/Users/foleydang/github/stock-quant/stock-quant/python/data/stock_data.py:169: FutureWarning: Passing literal html to 'read_html' is deprecated and will be removed in a future version. To read from a literal string, wrap it in a 'StringIO' object.
  tables = pd.read_html(response.text)
获取历史数据失败 (Eastmoney) 600048.SH: ('Connection aborted.', RemoteDisconnected('Remote end closed connection without response'))
/Users/foleydang/github/stock-quant/stock-quant/python/data/stock_data.py:169: FutureWarning: Passing literal html to 'read_html' is deprecated and will be removed in a future version. To read from a literal string, wrap it in a 'StringIO' object.
  tables = pd.read_html(response.text)
获取港股实时行情失败 3690.HK: 'date'
获取港股实时行情失败 9988.HK: 'date'
获取港股实时行情失败 0700.HK: 'date'
获取历史数据失败 (Eastmoney) 600519.SH: ('Connection aborted.', RemoteDisconnected('Remote end closed connection without response'))
/Users/foleydang/github/stock-quant/stock-quant/python/data/stock_data.py:169: FutureWarning: Passing literal html to 'read_html' is deprecated and will be removed in a future version. To read from a literal string, wrap it in a 'StringIO' object.
  tables = pd.read_html(response.text)
/Users/foleydang/Library/Python/3.9/lib/python/site-packages/sklearn/utils/validation.py:2739: UserWarning: X does not have valid feature names, but LGBMClassifier was fitted with feature names
  warnings.warn(
/Users/foleydang/Library/Python/3.9/lib/python/site-packages/joblib/externals/loky/backend/context.py:131: UserWarning: Could not find the number of physical cores for the following reason:
[Errno 2] No such file or directory: 'sysctl'
Returning the number of logical cores instead. You can silence this warning by setting LOKY_MAX_CPU_COUNT to the number of cores you want to use.
  warnings.warn(
  File "/Users/foleydang/Library/Python/3.9/lib/python/site-packages/joblib/externals/loky/backend/context.py", line 249, in _count_physical_cores
    cpu_count_physical = _count_physical_cores_darwin()
  File "/Users/foleydang/Library/Python/3.9/lib/python/site-packages/joblib/externals/loky/backend/context.py", line 312, in _count_physical_cores_darwin
    cpu_info = subprocess.run(
  File "/Library/Developer/CommandLineTools/Library/Frameworks/Python3.framework/Versions/3.9/lib/python3.9/subprocess.py", line 505, in run
    with Popen(*popenargs, **kwargs) as process:
  File "/Library/Developer/CommandLineTools/Library/Frameworks/Python3.framework/Versions/3.9/lib/python3.9/subprocess.py", line 951, in __init__
    self._execute_child(args, executable, preexec_fn, close_fds,
  File "/Library/Developer/CommandLineTools/Library/Frameworks/Python3.framework/Versions/3.9/lib/python3.9/subprocess.py", line 1821, in _execute_child
    raise child_exception_type(errno_num, err_msg, err_filename)
/Users/foleydang/Library/Python/3.9/lib/python/site-packages/sklearn/utils/validation.py:2739: UserWarning: X does not have valid feature names, but LGBMClassifier was fitted with feature names
  warnings.warn(
/Users/foleydang/Library/Python/3.9/lib/python/site-packages/sklearn/utils/validation.py:2739: UserWarning: X does not have valid feature names, but LGBMClassifier was fitted with feature names
  warnings.warn(
/Users/foleydang/Library/Python/3.9/lib/python/site-packages/sklearn/utils/validation.py:2739: UserWarning: X does not have valid feature names, but LGBMClassifier was fitted with feature names
  warnings.warn(
/Users/foleydang/Library/Python/3.9/lib/python/site-packages/sklearn/utils/validation.py:2739: UserWarning: X does not have valid feature names, but LGBMClassifier was fitted with feature names
  warnings.warn(
/Users/foleydang/Library/Python/3.9/lib/python/site-packages/sklearn/utils/validation.py:2739: UserWarning: X does not have valid feature names, but LGBMClassifier was fitted with feature names
  warnings.warn(
/Users/foleydang/Library/Python/3.9/lib/python/site-packages/sklearn/utils/validation.py:2739: UserWarning: X does not have valid feature names, but LGBMClassifier was fitted with feature names
  warnings.warn(
/Users/foleydang/Library/Python/3.9/lib/python/site-packages/sklearn/utils/validation.py:2739: UserWarning: X does not have valid feature names, but LGBMClassifier was fitted with feature names
  warnings.warn(
/Users/foleydang/Library/Python/3.9/lib/python/site-packages/sklearn/utils/validation.py:2739: UserWarning: X does not have valid feature names, but LGBMClassifier was fitted with feature names
  warnings.warn(
/Users/foleydang/Library/Python/3.9/lib/python/site-packages/sklearn/utils/validation.py:2739: UserWarning: X does not have valid feature names, but LGBMClassifier was fitted with feature names
  warnings.warn(
/Users/foleydang/Library/Python/3.9/lib/python/site-packages/sklearn/utils/validation.py:2739: UserWarning: X does not have valid feature names, but LGBMClassifier was fitted with feature names
  warnings.warn(
/Users/foleydang/Library/Python/3.9/lib/python/site-packages/sklearn/utils/validation.py:2739: UserWarning: X does not have valid feature names, but LGBMClassifier was fitted with feature names
  warnings.warn(
/Users/foleydang/Library/Python/3.9/lib/python/site-packages/sklearn/utils/validation.py:2739: UserWarning: X does not have valid feature names, but LGBMClassifier was fitted with feature names
  warnings.warn(
/Users/foleydang/Library/Python/3.9/lib/python/site-packages/sklearn/utils/validation.py:2739: UserWarning: X does not have valid feature names, but LGBMClassifier was fitted with feature names
  warnings.warn(
/Users/foleydang/Library/Python/3.9/lib/python/site-packages/sklearn/utils/validation.py:2739: UserWarning: X does not have valid feature names, but LGBMClassifier was fitted with feature names
  warnings.warn(
/Users/foleydang/Library/Python/3.9/lib/python/site-packages/sklearn/utils/validation.py:2739: UserWarning: X does not have valid feature names, but LGBMClassifier was fitted with feature names
  warnings.warn(
/Users/foleydang/Library/Python/3.9/lib/python/site-packages/sklearn/utils/validation.py:2739: UserWarning: X does not have valid feature names, but LGBMClassifier was fitted with feature names
  warnings.warn(
/Users/foleydang/Library/Python/3.9/lib/python/site-packages/sklearn/utils/validation.py:2739: UserWarning: X does not have valid feature names, but LGBMClassifier was fitted with feature names
  warnings.warn(
/Users/foleydang/Library/Python/3.9/lib/python/site-packages/sklearn/utils/validation.py:2739: UserWarning: X does not have valid feature names, but LGBMClassifier was fitted with feature names
  warnings.warn(
/Users/foleydang/Library/Python/3.9/lib/python/site-packages/sklearn/utils/validation.py:2739: UserWarning: X does not have valid feature names, but LGBMClassifier was fitted with feature names
  warnings.warn(
/Users/foleydang/Library/Python/3.9/lib/python/site-packages/sklearn/utils/validation.py:2739: UserWarning: X does not have valid feature names, but LGBMClassifier was fitted with feature names
  warnings.warn(
/Users/foleydang/Library/Python/3.9/lib/python/site-packages/sklearn/utils/validation.py:2739: UserWarning: X does not have valid feature names, but LGBMClassifier was fitted with feature names
  warnings.warn(
/Users/foleydang/Library/Python/3.9/lib/python/site-packages/sklearn/utils/validation.py:2739: UserWarning: X does not have valid feature names, but LGBMClassifier was fitted with feature names
  warnings.warn(
/Users/foleydang/Library/Python/3.9/lib/python/site-packages/sklearn/utils/validation.py:2739: UserWarning: X does not have valid feature names, but LGBMClassifier was fitted with feature names
  warnings.warn(
/Users/foleydang/Library/Python/3.9/lib/python/site-packages/sklearn/utils/validation.py:2739: UserWarning: X does not have valid feature names, but LGBMClassifier was fitted with feature names
  warnings.warn(
/Users/foleydang/Library/Python/3.9/lib/python/site-packages/sklearn/utils/validation.py:2739: UserWarning: X does not have valid feature names, but LGBMClassifier was fitted with feature names
  warnings.warn(
/Users/foleydang/Library/Python/3.9/lib/python/site-packages/sklearn/utils/validation.py:2739: UserWarning: X does not have valid feature names, but LGBMClassifier was fitted with feature names
  warnings.warn(
/Users/foleydang/Library/Python/3.9/lib/python/site-packages/sklearn/utils/validation.py:2739: UserWarning: X does not have valid feature names, but LGBMClassifier was fitted with feature names
  warnings.warn(

╔══════════════════════════════════════════════════════════╗
║           股票监控系统 - 30 分钟级别                         ║
║           邮件通知：21725056@zju.edu.cn                    ║
╚══════════════════════════════════════════════════════════╝
    
✓ 邮件通知已配置
已添加通知渠道：console
未配置通知渠道，使用控制台输出
============================================================
股票监控任务 - 2026-03-25 11:30:05
============================================================

[1/3] 获取股票数据...
获取数据：爱尔眼科 (300015)...
  ✓ 实时价格：9.71, 涨跌幅：0.21%
  ✓ 从缓存加载历史数据：57 条
  ✓ 历史数据：57 条
获取数据：汇川技术 (300124)...
  ✓ 实时价格：67.00, 涨跌幅：1.36%
  ✓ 从缓存加载历史数据：57 条
  ✓ 历史数据：57 条
获取数据：保利发展 (600048)...
  ✓ 实时价格：6.02, 涨跌幅：0.84%
  ✓ 从缓存加载历史数据：57 条
  ✓ 历史数据：57 条
获取数据：美团-W (3690)...
  ✗ 获取失败，尝试加载缓存...
  ✓ 从缓存加载：76.55
获取数据：阿里巴巴-W (9988)...
  ✗ 获取失败，尝试加载缓存...
  ✓ 从缓存加载：119.7
获取数据：腾讯控股 (0700)...
  ✗ 获取失败，尝试加载缓存...
  ✓ 从缓存加载：498.39999
获取数据：贵州茅台 (600519)...
  ✓ 实时价格：1408.81, 涨跌幅：0.11%
  ✓ 从缓存加载历史数据：57 条
  ✓ 历史数据：57 条

[2/3] 执行策略分析...

分析：爱尔眼科 (300015.SZ)
  🔴 信号：卖出 (评分：-3.0)

分析：汇川技术 (300124.SZ)
  🔴 信号：卖出 (评分：-3.0)

分析：保利发展 (600048.SH)
  ⚪ 信号：持有 (评分：-1.0)

分析：美团-W (3690.HK)
  ⚪ 信号：持有 (评分：0.5)

分析：阿里巴巴-W (9988.HK)
  🔴 信号：强烈卖出 (评分：-5.5)

分析：腾讯控股 (0700.HK)
  🔴 信号：强烈卖出 (评分：-5.0)

分析：贵州茅台 (600519.SH)
  🔴 信号：卖出 (评分：-3.0)

[3/3] 发送邮件通知...
  发现 5 个重要信号，发送汇总邮件...
  发送邮件... (尝试 1/3)
✓ 邮件已发送：交易策略日报 - 2026-03-25

============================================================
监控汇总
============================================================
总计：7 只股票
买入：0 | 卖出：5 | 持有：2
  🔴 爱尔眼科: 卖出 (9.71)
  🔴 汇川技术: 卖出 (67.00)
  ⚪ 保利发展: 持有 (6.02)
  ⚪ 美团-W: 持有 (76.55)
  🔴 阿里巴巴-W: 强烈卖出 (119.70)
  🔴 腾讯控股: 强烈卖出 (498.40)
  🔴 贵州茅台: 卖出 (1408.81)
/Users/foleydang/Library/Python/3.9/lib/python/site-packages/urllib3/__init__.py:35: NotOpenSSLWarning: urllib3 v2 only supports OpenSSL 1.1.1+, currently the 'ssl' module is compiled with 'LibreSSL 2.8.3'. See: https://github.com/urllib3/urllib3/issues/3020
  warnings.warn(
获取历史数据失败 (Eastmoney) 300015.SZ: ('Connection aborted.', RemoteDisconnected('Remote end closed connection without response'))
/Users/foleydang/github/stock-quant/stock-quant/python/data/stock_data.py:169: FutureWarning: Passing literal html to 'read_html' is deprecated and will be removed in a future version. To read from a literal string, wrap it in a 'StringIO' object.
  tables = pd.read_html(response.text)
获取历史数据失败 (Eastmoney) 300124.SZ: ('Connection aborted.', RemoteDisconnected('Remote end closed connection without response'))
/Users/foleydang/github/stock-quant/stock-quant/python/data/stock_data.py:169: FutureWarning: Passing literal html to 'read_html' is deprecated and will be removed in a future version. To read from a literal string, wrap it in a 'StringIO' object.
  tables = pd.read_html(response.text)
获取历史数据失败 (Eastmoney) 600048.SH: ('Connection aborted.', RemoteDisconnected('Remote end closed connection without response'))
/Users/foleydang/github/stock-quant/stock-quant/python/data/stock_data.py:169: FutureWarning: Passing literal html to 'read_html' is deprecated and will be removed in a future version. To read from a literal string, wrap it in a 'StringIO' object.
  tables = pd.read_html(response.text)
获取港股实时行情失败 3690.HK: 'date'
获取港股实时行情失败 9988.HK: 'date'
获取港股实时行情失败 0700.HK: 'date'
获取历史数据失败 (Eastmoney) 600519.SH: ('Connection aborted.', RemoteDisconnected('Remote end closed connection without response'))
/Users/foleydang/github/stock-quant/stock-quant/python/data/stock_data.py:169: FutureWarning: Passing literal html to 'read_html' is deprecated and will be removed in a future version. To read from a literal string, wrap it in a 'StringIO' object.
  tables = pd.read_html(response.text)
/Users/foleydang/Library/Python/3.9/lib/python/site-packages/sklearn/utils/validation.py:2739: UserWarning: X does not have valid feature names, but LGBMClassifier was fitted with feature names
  warnings.warn(
/Users/foleydang/Library/Python/3.9/lib/python/site-packages/joblib/externals/loky/backend/context.py:131: UserWarning: Could not find the number of physical cores for the following reason:
[Errno 2] No such file or directory: 'sysctl'
Returning the number of logical cores instead. You can silence this warning by setting LOKY_MAX_CPU_COUNT to the number of cores you want to use.
  warnings.warn(
  File "/Users/foleydang/Library/Python/3.9/lib/python/site-packages/joblib/externals/loky/backend/context.py", line 249, in _count_physical_cores
    cpu_count_physical = _count_physical_cores_darwin()
  File "/Users/foleydang/Library/Python/3.9/lib/python/site-packages/joblib/externals/loky/backend/context.py", line 312, in _count_physical_cores_darwin
    cpu_info = subprocess.run(
  File "/Library/Developer/CommandLineTools/Library/Frameworks/Python3.framework/Versions/3.9/lib/python3.9/subprocess.py", line 505, in run
    with Popen(*popenargs, **kwargs) as process:
  File "/Library/Developer/CommandLineTools/Library/Frameworks/Python3.framework/Versions/3.9/lib/python3.9/subprocess.py", line 951, in __init__
    self._execute_child(args, executable, preexec_fn, close_fds,
  File "/Library/Developer/CommandLineTools/Library/Frameworks/Python3.framework/Versions/3.9/lib/python3.9/subprocess.py", line 1821, in _execute_child
    raise child_exception_type(errno_num, err_msg, err_filename)
/Users/foleydang/Library/Python/3.9/lib/python/site-packages/sklearn/utils/validation.py:2739: UserWarning: X does not have valid feature names, but LGBMClassifier was fitted with feature names
  warnings.warn(
/Users/foleydang/Library/Python/3.9/lib/python/site-packages/sklearn/utils/validation.py:2739: UserWarning: X does not have valid feature names, but LGBMClassifier was fitted with feature names
  warnings.warn(
/Users/foleydang/Library/Python/3.9/lib/python/site-packages/sklearn/utils/validation.py:2739: UserWarning: X does not have valid feature names, but LGBMClassifier was fitted with feature names
  warnings.warn(
/Users/foleydang/Library/Python/3.9/lib/python/site-packages/sklearn/utils/validation.py:2739: UserWarning: X does not have valid feature names, but LGBMClassifier was fitted with feature names
  warnings.warn(
/Users/foleydang/Library/Python/3.9/lib/python/site-packages/sklearn/utils/validation.py:2739: UserWarning: X does not have valid feature names, but LGBMClassifier was fitted with feature names
  warnings.warn(
/Users/foleydang/Library/Python/3.9/lib/python/site-packages/sklearn/utils/validation.py:2739: UserWarning: X does not have valid feature names, but LGBMClassifier was fitted with feature names
  warnings.warn(
/Users/foleydang/Library/Python/3.9/lib/python/site-packages/sklearn/utils/validation.py:2739: UserWarning: X does not have valid feature names, but LGBMClassifier was fitted with feature names
  warnings.warn(
/Users/foleydang/Library/Python/3.9/lib/python/site-packages/sklearn/utils/validation.py:2739: UserWarning: X does not have valid feature names, but LGBMClassifier was fitted with feature names
  warnings.warn(
/Users/foleydang/Library/Python/3.9/lib/python/site-packages/sklearn/utils/validation.py:2739: UserWarning: X does not have valid feature names, but LGBMClassifier was fitted with feature names
  warnings.warn(
/Users/foleydang/Library/Python/3.9/lib/python/site-packages/sklearn/utils/validation.py:2739: UserWarning: X does not have valid feature names, but LGBMClassifier was fitted with feature names
  warnings.warn(
/Users/foleydang/Library/Python/3.9/lib/python/site-packages/sklearn/utils/validation.py:2739: UserWarning: X does not have valid feature names, but LGBMClassifier was fitted with feature names
  warnings.warn(
/Users/foleydang/Library/Python/3.9/lib/python/site-packages/sklearn/utils/validation.py:2739: UserWarning: X does not have valid feature names, but LGBMClassifier was fitted with feature names
  warnings.warn(
/Users/foleydang/Library/Python/3.9/lib/python/site-packages/sklearn/utils/validation.py:2739: UserWarning: X does not have valid feature names, but LGBMClassifier was fitted with feature names
  warnings.warn(
/Users/foleydang/Library/Python/3.9/lib/python/site-packages/sklearn/utils/validation.py:2739: UserWarning: X does not have valid feature names, but LGBMClassifier was fitted with feature names
  warnings.warn(
/Users/foleydang/Library/Python/3.9/lib/python/site-packages/sklearn/utils/validation.py:2739: UserWarning: X does not have valid feature names, but LGBMClassifier was fitted with feature names
  warnings.warn(
/Users/foleydang/Library/Python/3.9/lib/python/site-packages/sklearn/utils/validation.py:2739: UserWarning: X does not have valid feature names, but LGBMClassifier was fitted with feature names
  warnings.warn(
/Users/foleydang/Library/Python/3.9/lib/python/site-packages/sklearn/utils/validation.py:2739: UserWarning: X does not have valid feature names, but LGBMClassifier was fitted with feature names
  warnings.warn(
/Users/foleydang/Library/Python/3.9/lib/python/site-packages/sklearn/utils/validation.py:2739: UserWarning: X does not have valid feature names, but LGBMClassifier was fitted with feature names
  warnings.warn(
/Users/foleydang/Library/Python/3.9/lib/python/site-packages/sklearn/utils/validation.py:2739: UserWarning: X does not have valid feature names, but LGBMClassifier was fitted with feature names
  warnings.warn(
/Users/foleydang/Library/Python/3.9/lib/python/site-packages/sklearn/utils/validation.py:2739: UserWarning: X does not have valid feature names, but LGBMClassifier was fitted with feature names
  warnings.warn(
/Users/foleydang/Library/Python/3.9/lib/python/site-packages/sklearn/utils/validation.py:2739: UserWarning: X does not have valid feature names, but LGBMClassifier was fitted with feature names
  warnings.warn(
/Users/foleydang/Library/Python/3.9/lib/python/site-packages/sklearn/utils/validation.py:2739: UserWarning: X does not have valid feature names, but LGBMClassifier was fitted with feature names
  warnings.warn(
/Users/foleydang/Library/Python/3.9/lib/python/site-packages/sklearn/utils/validation.py:2739: UserWarning: X does not have valid feature names, but LGBMClassifier was fitted with feature names
  warnings.warn(
/Users/foleydang/Library/Python/3.9/lib/python/site-packages/sklearn/utils/validation.py:2739: UserWarning: X does not have valid feature names, but LGBMClassifier was fitted with feature names
  warnings.warn(
/Users/foleydang/Library/Python/3.9/lib/python/site-packages/sklearn/utils/validation.py:2739: UserWarning: X does not have valid feature names, but LGBMClassifier was fitted with feature names
  warnings.warn(
/Users/foleydang/Library/Python/3.9/lib/python/site-packages/sklearn/utils/validation.py:2739: UserWarning: X does not have valid feature names, but LGBMClassifier was fitted with feature names
  warnings.warn(
/Users/foleydang/Library/Python/3.9/lib/python/site-packages/sklearn/utils/validation.py:2739: UserWarning: X does not have valid feature names, but LGBMClassifier was fitted with feature names
  warnings.warn(

╔══════════════════════════════════════════════════════════╗
║           股票监控系统 - 30 分钟级别                         ║
║           邮件通知：21725056@zju.edu.cn                    ║
╚══════════════════════════════════════════════════════════╝
    
✓ 邮件通知已配置
已添加通知渠道：console
未配置通知渠道，使用控制台输出
============================================================
股票监控任务 - 2026-03-25 12:00:06
============================================================

[1/3] 获取股票数据...
获取数据：爱尔眼科 (300015)...
  ✓ 实时价格：9.71, 涨跌幅：0.21%
  ✓ 从缓存加载历史数据：57 条
  ✓ 历史数据：57 条
获取数据：汇川技术 (300124)...
  ✓ 实时价格：67.00, 涨跌幅：1.36%
  ✓ 从缓存加载历史数据：57 条
  ✓ 历史数据：57 条
获取数据：保利发展 (600048)...
  ✓ 实时价格：6.02, 涨跌幅：0.84%
  ✓ 从缓存加载历史数据：57 条
  ✓ 历史数据：57 条
获取数据：美团-W (3690)...
  ✗ 获取失败，尝试加载缓存...
  ✓ 从缓存加载：76.55
获取数据：阿里巴巴-W (9988)...
  ✗ 获取失败，尝试加载缓存...
  ✓ 从缓存加载：119.7
获取数据：腾讯控股 (0700)...
  ✗ 获取失败，尝试加载缓存...
  ✓ 从缓存加载：498.39999
获取数据：贵州茅台 (600519)...
  ✓ 实时价格：1408.81, 涨跌幅：0.11%
  ✓ 从缓存加载历史数据：57 条
  ✓ 历史数据：57 条

[2/3] 执行策略分析...

分析：爱尔眼科 (300015.SZ)
  🔴 信号：卖出 (评分：-3.0)

分析：汇川技术 (300124.SZ)
  🔴 信号：卖出 (评分：-3.0)

分析：保利发展 (600048.SH)
  ⚪ 信号：持有 (评分：-1.0)

分析：美团-W (3690.HK)
  ⚪ 信号：持有 (评分：0.5)

分析：阿里巴巴-W (9988.HK)
  🔴 信号：强烈卖出 (评分：-5.5)

分析：腾讯控股 (0700.HK)
  🔴 信号：强烈卖出 (评分：-5.0)

分析：贵州茅台 (600519.SH)
  🔴 信号：卖出 (评分：-3.0)

[3/3] 发送邮件通知...
  发现 5 个重要信号，发送汇总邮件...
  发送邮件... (尝试 1/3)
✓ 邮件已发送：交易策略日报 - 2026-03-25

============================================================
监控汇总
============================================================
总计：7 只股票
买入：0 | 卖出：5 | 持有：2
  🔴 爱尔眼科: 卖出 (9.71)
  🔴 汇川技术: 卖出 (67.00)
  ⚪ 保利发展: 持有 (6.02)
  ⚪ 美团-W: 持有 (76.55)
  🔴 阿里巴巴-W: 强烈卖出 (119.70)
  🔴 腾讯控股: 强烈卖出 (498.40)
  🔴 贵州茅台: 卖出 (1408.81)
/Users/foleydang/Library/Python/3.9/lib/python/site-packages/urllib3/__init__.py:35: NotOpenSSLWarning: urllib3 v2 only supports OpenSSL 1.1.1+, currently the 'ssl' module is compiled with 'LibreSSL 2.8.3'. See: https://github.com/urllib3/urllib3/issues/3020
  warnings.warn(
获取历史数据失败 (Eastmoney) 300015.SZ: ('Connection aborted.', RemoteDisconnected('Remote end closed connection without response'))
/Users/foleydang/github/stock-quant/stock-quant/python/data/stock_data.py:169: FutureWarning: Passing literal html to 'read_html' is deprecated and will be removed in a future version. To read from a literal string, wrap it in a 'StringIO' object.
  tables = pd.read_html(response.text)
获取历史数据失败 (Eastmoney) 300124.SZ: ('Connection aborted.', RemoteDisconnected('Remote end closed connection without response'))
/Users/foleydang/github/stock-quant/stock-quant/python/data/stock_data.py:169: FutureWarning: Passing literal html to 'read_html' is deprecated and will be removed in a future version. To read from a literal string, wrap it in a 'StringIO' object.
  tables = pd.read_html(response.text)
获取历史数据失败 (Eastmoney) 600048.SH: ('Connection aborted.', RemoteDisconnected('Remote end closed connection without response'))
/Users/foleydang/github/stock-quant/stock-quant/python/data/stock_data.py:169: FutureWarning: Passing literal html to 'read_html' is deprecated and will be removed in a future version. To read from a literal string, wrap it in a 'StringIO' object.
  tables = pd.read_html(response.text)
获取港股实时行情失败 3690.HK: 'date'
获取港股实时行情失败 9988.HK: 'date'
获取港股实时行情失败 0700.HK: 'date'
获取历史数据失败 (Eastmoney) 600519.SH: ('Connection aborted.', RemoteDisconnected('Remote end closed connection without response'))
/Users/foleydang/github/stock-quant/stock-quant/python/data/stock_data.py:169: FutureWarning: Passing literal html to 'read_html' is deprecated and will be removed in a future version. To read from a literal string, wrap it in a 'StringIO' object.
  tables = pd.read_html(response.text)
/Users/foleydang/Library/Python/3.9/lib/python/site-packages/sklearn/utils/validation.py:2739: UserWarning: X does not have valid feature names, but LGBMClassifier was fitted with feature names
  warnings.warn(
/Users/foleydang/Library/Python/3.9/lib/python/site-packages/joblib/externals/loky/backend/context.py:131: UserWarning: Could not find the number of physical cores for the following reason:
[Errno 2] No such file or directory: 'sysctl'
Returning the number of logical cores instead. You can silence this warning by setting LOKY_MAX_CPU_COUNT to the number of cores you want to use.
  warnings.warn(
  File "/Users/foleydang/Library/Python/3.9/lib/python/site-packages/joblib/externals/loky/backend/context.py", line 249, in _count_physical_cores
    cpu_count_physical = _count_physical_cores_darwin()
  File "/Users/foleydang/Library/Python/3.9/lib/python/site-packages/joblib/externals/loky/backend/context.py", line 312, in _count_physical_cores_darwin
    cpu_info = subprocess.run(
  File "/Library/Developer/CommandLineTools/Library/Frameworks/Python3.framework/Versions/3.9/lib/python3.9/subprocess.py", line 505, in run
    with Popen(*popenargs, **kwargs) as process:
  File "/Library/Developer/CommandLineTools/Library/Frameworks/Python3.framework/Versions/3.9/lib/python3.9/subprocess.py", line 951, in __init__
    self._execute_child(args, executable, preexec_fn, close_fds,
  File "/Library/Developer/CommandLineTools/Library/Frameworks/Python3.framework/Versions/3.9/lib/python3.9/subprocess.py", line 1821, in _execute_child
    raise child_exception_type(errno_num, err_msg, err_filename)
/Users/foleydang/Library/Python/3.9/lib/python/site-packages/sklearn/utils/validation.py:2739: UserWarning: X does not have valid feature names, but LGBMClassifier was fitted with feature names
  warnings.warn(
/Users/foleydang/Library/Python/3.9/lib/python/site-packages/sklearn/utils/validation.py:2739: UserWarning: X does not have valid feature names, but LGBMClassifier was fitted with feature names
  warnings.warn(
/Users/foleydang/Library/Python/3.9/lib/python/site-packages/sklearn/utils/validation.py:2739: UserWarning: X does not have valid feature names, but LGBMClassifier was fitted with feature names
  warnings.warn(
/Users/foleydang/Library/Python/3.9/lib/python/site-packages/sklearn/utils/validation.py:2739: UserWarning: X does not have valid feature names, but LGBMClassifier was fitted with feature names
  warnings.warn(
/Users/foleydang/Library/Python/3.9/lib/python/site-packages/sklearn/utils/validation.py:2739: UserWarning: X does not have valid feature names, but LGBMClassifier was fitted with feature names
  warnings.warn(
/Users/foleydang/Library/Python/3.9/lib/python/site-packages/sklearn/utils/validation.py:2739: UserWarning: X does not have valid feature names, but LGBMClassifier was fitted with feature names
  warnings.warn(
/Users/foleydang/Library/Python/3.9/lib/python/site-packages/sklearn/utils/validation.py:2739: UserWarning: X does not have valid feature names, but LGBMClassifier was fitted with feature names
  warnings.warn(
/Users/foleydang/Library/Python/3.9/lib/python/site-packages/sklearn/utils/validation.py:2739: UserWarning: X does not have valid feature names, but LGBMClassifier was fitted with feature names
  warnings.warn(
/Users/foleydang/Library/Python/3.9/lib/python/site-packages/sklearn/utils/validation.py:2739: UserWarning: X does not have valid feature names, but LGBMClassifier was fitted with feature names
  warnings.warn(
/Users/foleydang/Library/Python/3.9/lib/python/site-packages/sklearn/utils/validation.py:2739: UserWarning: X does not have valid feature names, but LGBMClassifier was fitted with feature names
  warnings.warn(
/Users/foleydang/Library/Python/3.9/lib/python/site-packages/sklearn/utils/validation.py:2739: UserWarning: X does not have valid feature names, but LGBMClassifier was fitted with feature names
  warnings.warn(
/Users/foleydang/Library/Python/3.9/lib/python/site-packages/sklearn/utils/validation.py:2739: UserWarning: X does not have valid feature names, but LGBMClassifier was fitted with feature names
  warnings.warn(
/Users/foleydang/Library/Python/3.9/lib/python/site-packages/sklearn/utils/validation.py:2739: UserWarning: X does not have valid feature names, but LGBMClassifier was fitted with feature names
  warnings.warn(
/Users/foleydang/Library/Python/3.9/lib/python/site-packages/sklearn/utils/validation.py:2739: UserWarning: X does not have valid feature names, but LGBMClassifier was fitted with feature names
  warnings.warn(
/Users/foleydang/Library/Python/3.9/lib/python/site-packages/sklearn/utils/validation.py:2739: UserWarning: X does not have valid feature names, but LGBMClassifier was fitted with feature names
  warnings.warn(
/Users/foleydang/Library/Python/3.9/lib/python/site-packages/sklearn/utils/validation.py:2739: UserWarning: X does not have valid feature names, but LGBMClassifier was fitted with feature names
  warnings.warn(
/Users/foleydang/Library/Python/3.9/lib/python/site-packages/sklearn/utils/validation.py:2739: UserWarning: X does not have valid feature names, but LGBMClassifier was fitted with feature names
  warnings.warn(
/Users/foleydang/Library/Python/3.9/lib/python/site-packages/sklearn/utils/validation.py:2739: UserWarning: X does not have valid feature names, but LGBMClassifier was fitted with feature names
  warnings.warn(
/Users/foleydang/Library/Python/3.9/lib/python/site-packages/sklearn/utils/validation.py:2739: UserWarning: X does not have valid feature names, but LGBMClassifier was fitted with feature names
  warnings.warn(
/Users/foleydang/Library/Python/3.9/lib/python/site-packages/sklearn/utils/validation.py:2739: UserWarning: X does not have valid feature names, but LGBMClassifier was fitted with feature names
  warnings.warn(
/Users/foleydang/Library/Python/3.9/lib/python/site-packages/sklearn/utils/validation.py:2739: UserWarning: X does not have valid feature names, but LGBMClassifier was fitted with feature names
  warnings.warn(
/Users/foleydang/Library/Python/3.9/lib/python/site-packages/sklearn/utils/validation.py:2739: UserWarning: X does not have valid feature names, but LGBMClassifier was fitted with feature names
  warnings.warn(
/Users/foleydang/Library/Python/3.9/lib/python/site-packages/sklearn/utils/validation.py:2739: UserWarning: X does not have valid feature names, but LGBMClassifier was fitted with feature names
  warnings.warn(
/Users/foleydang/Library/Python/3.9/lib/python/site-packages/sklearn/utils/validation.py:2739: UserWarning: X does not have valid feature names, but LGBMClassifier was fitted with feature names
  warnings.warn(
/Users/foleydang/Library/Python/3.9/lib/python/site-packages/sklearn/utils/validation.py:2739: UserWarning: X does not have valid feature names, but LGBMClassifier was fitted with feature names
  warnings.warn(
/Users/foleydang/Library/Python/3.9/lib/python/site-packages/sklearn/utils/validation.py:2739: UserWarning: X does not have valid feature names, but LGBMClassifier was fitted with feature names
  warnings.warn(
/Users/foleydang/Library/Python/3.9/lib/python/site-packages/sklearn/utils/validation.py:2739: UserWarning: X does not have valid feature names, but LGBMClassifier was fitted with feature names
  warnings.warn(

╔══════════════════════════════════════════════════════════╗
║           股票监控系统 - 30 分钟级别                         ║
║           邮件通知：21725056@zju.edu.cn                    ║
╚══════════════════════════════════════════════════════════╝
    
✓ 邮件通知已配置
已添加通知渠道：console
未配置通知渠道，使用控制台输出
============================================================
股票监控任务 - 2026-03-25 12:30:05
============================================================

[1/3] 获取股票数据...
获取数据：爱尔眼科 (300015)...
  ✓ 实时价格：9.71, 涨跌幅：0.21%
  ✓ 从缓存加载历史数据：57 条
  ✓ 历史数据：57 条
获取数据：汇川技术 (300124)...
  ✓ 实时价格：67.00, 涨跌幅：1.36%
  ✓ 从缓存加载历史数据：57 条
  ✓ 历史数据：57 条
获取数据：保利发展 (600048)...
  ✓ 实时价格：6.02, 涨跌幅：0.84%
  ✓ 从缓存加载历史数据：57 条
  ✓ 历史数据：57 条
获取数据：美团-W (3690)...
  ✗ 获取失败，尝试加载缓存...
  ✓ 从缓存加载：76.55
获取数据：阿里巴巴-W (9988)...
  ✗ 获取失败，尝试加载缓存...
  ✓ 从缓存加载：119.7
获取数据：腾讯控股 (0700)...
  ✗ 获取失败，尝试加载缓存...
  ✓ 从缓存加载：498.39999
获取数据：贵州茅台 (600519)...
  ✓ 实时价格：1408.81, 涨跌幅：0.11%
  ✓ 从缓存加载历史数据：57 条
  ✓ 历史数据：57 条

[2/3] 执行策略分析...

分析：爱尔眼科 (300015.SZ)
  🔴 信号：卖出 (评分：-3.0)

分析：汇川技术 (300124.SZ)
  🔴 信号：卖出 (评分：-3.0)

分析：保利发展 (600048.SH)
  ⚪ 信号：持有 (评分：-1.0)

分析：美团-W (3690.HK)
  ⚪ 信号：持有 (评分：0.5)

分析：阿里巴巴-W (9988.HK)
  🔴 信号：强烈卖出 (评分：-5.5)

分析：腾讯控股 (0700.HK)
  🔴 信号：强烈卖出 (评分：-5.0)

分析：贵州茅台 (600519.SH)
  🔴 信号：卖出 (评分：-3.0)

[3/3] 发送邮件通知...
  发现 5 个重要信号，发送汇总邮件...
  发送邮件... (尝试 1/3)
✓ 邮件已发送：交易策略日报 - 2026-03-25

============================================================
监控汇总
============================================================
总计：7 只股票
买入：0 | 卖出：5 | 持有：2
  🔴 爱尔眼科: 卖出 (9.71)
  🔴 汇川技术: 卖出 (67.00)
  ⚪ 保利发展: 持有 (6.02)
  ⚪ 美团-W: 持有 (76.55)
  🔴 阿里巴巴-W: 强烈卖出 (119.70)
  🔴 腾讯控股: 强烈卖出 (498.40)
  🔴 贵州茅台: 卖出 (1408.81)
/Users/foleydang/Library/Python/3.9/lib/python/site-packages/urllib3/__init__.py:35: NotOpenSSLWarning: urllib3 v2 only supports OpenSSL 1.1.1+, currently the 'ssl' module is compiled with 'LibreSSL 2.8.3'. See: https://github.com/urllib3/urllib3/issues/3020
  warnings.warn(
获取历史数据失败 (Eastmoney) 300015.SZ: ('Connection aborted.', RemoteDisconnected('Remote end closed connection without response'))
/Users/foleydang/github/stock-quant/stock-quant/python/data/stock_data.py:169: FutureWarning: Passing literal html to 'read_html' is deprecated and will be removed in a future version. To read from a literal string, wrap it in a 'StringIO' object.
  tables = pd.read_html(response.text)
获取历史数据失败 (Eastmoney) 300124.SZ: ('Connection aborted.', RemoteDisconnected('Remote end closed connection without response'))
/Users/foleydang/github/stock-quant/stock-quant/python/data/stock_data.py:169: FutureWarning: Passing literal html to 'read_html' is deprecated and will be removed in a future version. To read from a literal string, wrap it in a 'StringIO' object.
  tables = pd.read_html(response.text)
获取历史数据失败 (Eastmoney) 600048.SH: ('Connection aborted.', RemoteDisconnected('Remote end closed connection without response'))
/Users/foleydang/github/stock-quant/stock-quant/python/data/stock_data.py:169: FutureWarning: Passing literal html to 'read_html' is deprecated and will be removed in a future version. To read from a literal string, wrap it in a 'StringIO' object.
  tables = pd.read_html(response.text)
获取港股实时行情失败 3690.HK: 'date'
获取港股实时行情失败 9988.HK: 'date'
获取港股实时行情失败 0700.HK: 'date'
获取历史数据失败 (Eastmoney) 600519.SH: ('Connection aborted.', RemoteDisconnected('Remote end closed connection without response'))
/Users/foleydang/github/stock-quant/stock-quant/python/data/stock_data.py:169: FutureWarning: Passing literal html to 'read_html' is deprecated and will be removed in a future version. To read from a literal string, wrap it in a 'StringIO' object.
  tables = pd.read_html(response.text)
/Users/foleydang/Library/Python/3.9/lib/python/site-packages/sklearn/utils/validation.py:2739: UserWarning: X does not have valid feature names, but LGBMClassifier was fitted with feature names
  warnings.warn(
/Users/foleydang/Library/Python/3.9/lib/python/site-packages/joblib/externals/loky/backend/context.py:131: UserWarning: Could not find the number of physical cores for the following reason:
[Errno 2] No such file or directory: 'sysctl'
Returning the number of logical cores instead. You can silence this warning by setting LOKY_MAX_CPU_COUNT to the number of cores you want to use.
  warnings.warn(
  File "/Users/foleydang/Library/Python/3.9/lib/python/site-packages/joblib/externals/loky/backend/context.py", line 249, in _count_physical_cores
    cpu_count_physical = _count_physical_cores_darwin()
  File "/Users/foleydang/Library/Python/3.9/lib/python/site-packages/joblib/externals/loky/backend/context.py", line 312, in _count_physical_cores_darwin
    cpu_info = subprocess.run(
  File "/Library/Developer/CommandLineTools/Library/Frameworks/Python3.framework/Versions/3.9/lib/python3.9/subprocess.py", line 505, in run
    with Popen(*popenargs, **kwargs) as process:
  File "/Library/Developer/CommandLineTools/Library/Frameworks/Python3.framework/Versions/3.9/lib/python3.9/subprocess.py", line 951, in __init__
    self._execute_child(args, executable, preexec_fn, close_fds,
  File "/Library/Developer/CommandLineTools/Library/Frameworks/Python3.framework/Versions/3.9/lib/python3.9/subprocess.py", line 1821, in _execute_child
    raise child_exception_type(errno_num, err_msg, err_filename)
/Users/foleydang/Library/Python/3.9/lib/python/site-packages/sklearn/utils/validation.py:2739: UserWarning: X does not have valid feature names, but LGBMClassifier was fitted with feature names
  warnings.warn(
/Users/foleydang/Library/Python/3.9/lib/python/site-packages/sklearn/utils/validation.py:2739: UserWarning: X does not have valid feature names, but LGBMClassifier was fitted with feature names
  warnings.warn(
/Users/foleydang/Library/Python/3.9/lib/python/site-packages/sklearn/utils/validation.py:2739: UserWarning: X does not have valid feature names, but LGBMClassifier was fitted with feature names
  warnings.warn(
/Users/foleydang/Library/Python/3.9/lib/python/site-packages/sklearn/utils/validation.py:2739: UserWarning: X does not have valid feature names, but LGBMClassifier was fitted with feature names
  warnings.warn(
/Users/foleydang/Library/Python/3.9/lib/python/site-packages/sklearn/utils/validation.py:2739: UserWarning: X does not have valid feature names, but LGBMClassifier was fitted with feature names
  warnings.warn(
/Users/foleydang/Library/Python/3.9/lib/python/site-packages/sklearn/utils/validation.py:2739: UserWarning: X does not have valid feature names, but LGBMClassifier was fitted with feature names
  warnings.warn(
/Users/foleydang/Library/Python/3.9/lib/python/site-packages/sklearn/utils/validation.py:2739: UserWarning: X does not have valid feature names, but LGBMClassifier was fitted with feature names
  warnings.warn(
/Users/foleydang/Library/Python/3.9/lib/python/site-packages/sklearn/utils/validation.py:2739: UserWarning: X does not have valid feature names, but LGBMClassifier was fitted with feature names
  warnings.warn(
/Users/foleydang/Library/Python/3.9/lib/python/site-packages/sklearn/utils/validation.py:2739: UserWarning: X does not have valid feature names, but LGBMClassifier was fitted with feature names
  warnings.warn(
/Users/foleydang/Library/Python/3.9/lib/python/site-packages/sklearn/utils/validation.py:2739: UserWarning: X does not have valid feature names, but LGBMClassifier was fitted with feature names
  warnings.warn(
/Users/foleydang/Library/Python/3.9/lib/python/site-packages/sklearn/utils/validation.py:2739: UserWarning: X does not have valid feature names, but LGBMClassifier was fitted with feature names
  warnings.warn(
/Users/foleydang/Library/Python/3.9/lib/python/site-packages/sklearn/utils/validation.py:2739: UserWarning: X does not have valid feature names, but LGBMClassifier was fitted with feature names
  warnings.warn(
/Users/foleydang/Library/Python/3.9/lib/python/site-packages/sklearn/utils/validation.py:2739: UserWarning: X does not have valid feature names, but LGBMClassifier was fitted with feature names
  warnings.warn(
/Users/foleydang/Library/Python/3.9/lib/python/site-packages/sklearn/utils/validation.py:2739: UserWarning: X does not have valid feature names, but LGBMClassifier was fitted with feature names
  warnings.warn(
/Users/foleydang/Library/Python/3.9/lib/python/site-packages/sklearn/utils/validation.py:2739: UserWarning: X does not have valid feature names, but LGBMClassifier was fitted with feature names
  warnings.warn(
/Users/foleydang/Library/Python/3.9/lib/python/site-packages/sklearn/utils/validation.py:2739: UserWarning: X does not have valid feature names, but LGBMClassifier was fitted with feature names
  warnings.warn(
/Users/foleydang/Library/Python/3.9/lib/python/site-packages/sklearn/utils/validation.py:2739: UserWarning: X does not have valid feature names, but LGBMClassifier was fitted with feature names
  warnings.warn(
/Users/foleydang/Library/Python/3.9/lib/python/site-packages/sklearn/utils/validation.py:2739: UserWarning: X does not have valid feature names, but LGBMClassifier was fitted with feature names
  warnings.warn(
/Users/foleydang/Library/Python/3.9/lib/python/site-packages/sklearn/utils/validation.py:2739: UserWarning: X does not have valid feature names, but LGBMClassifier was fitted with feature names
  warnings.warn(
/Users/foleydang/Library/Python/3.9/lib/python/site-packages/sklearn/utils/validation.py:2739: UserWarning: X does not have valid feature names, but LGBMClassifier was fitted with feature names
  warnings.warn(
/Users/foleydang/Library/Python/3.9/lib/python/site-packages/sklearn/utils/validation.py:2739: UserWarning: X does not have valid feature names, but LGBMClassifier was fitted with feature names
  warnings.warn(
/Users/foleydang/Library/Python/3.9/lib/python/site-packages/sklearn/utils/validation.py:2739: UserWarning: X does not have valid feature names, but LGBMClassifier was fitted with feature names
  warnings.warn(
/Users/foleydang/Library/Python/3.9/lib/python/site-packages/sklearn/utils/validation.py:2739: UserWarning: X does not have valid feature names, but LGBMClassifier was fitted with feature names
  warnings.warn(
/Users/foleydang/Library/Python/3.9/lib/python/site-packages/sklearn/utils/validation.py:2739: UserWarning: X does not have valid feature names, but LGBMClassifier was fitted with feature names
  warnings.warn(
/Users/foleydang/Library/Python/3.9/lib/python/site-packages/sklearn/utils/validation.py:2739: UserWarning: X does not have valid feature names, but LGBMClassifier was fitted with feature names
  warnings.warn(
/Users/foleydang/Library/Python/3.9/lib/python/site-packages/sklearn/utils/validation.py:2739: UserWarning: X does not have valid feature names, but LGBMClassifier was fitted with feature names
  warnings.warn(
/Users/foleydang/Library/Python/3.9/lib/python/site-packages/sklearn/utils/validation.py:2739: UserWarning: X does not have valid feature names, but LGBMClassifier was fitted with feature names
  warnings.warn(

╔══════════════════════════════════════════════════════════╗
║           股票监控系统 - 30 分钟级别                         ║
║           邮件通知：21725056@zju.edu.cn                    ║
╚══════════════════════════════════════════════════════════╝
    
✓ 邮件通知已配置
已添加通知渠道：console
未配置通知渠道，使用控制台输出
============================================================
股票监控任务 - 2026-03-25 13:00:04
============================================================

[1/3] 获取股票数据...
获取数据：爱尔眼科 (300015)...
  ✓ 实时价格：9.71, 涨跌幅：0.21%
  ✓ 从缓存加载历史数据：57 条
  ✓ 历史数据：57 条
获取数据：汇川技术 (300124)...
  ✓ 实时价格：67.03, 涨跌幅：1.41%
  ✓ 从缓存加载历史数据：57 条
  ✓ 历史数据：57 条
获取数据：保利发展 (600048)...
  ✓ 实时价格：6.01, 涨跌幅：0.67%
  ✓ 从缓存加载历史数据：57 条
  ✓ 历史数据：57 条
获取数据：美团-W (3690)...
  ✗ 获取失败，尝试加载缓存...
  ✓ 从缓存加载：76.55
获取数据：阿里巴巴-W (9988)...
  ✗ 获取失败，尝试加载缓存...
  ✓ 从缓存加载：119.7
获取数据：腾讯控股 (0700)...
  ✗ 获取失败，尝试加载缓存...
  ✓ 从缓存加载：498.39999
获取数据：贵州茅台 (600519)...
  ✓ 实时价格：1409.98, 涨跌幅：0.19%
  ✓ 从缓存加载历史数据：57 条
  ✓ 历史数据：57 条

[2/3] 执行策略分析...

分析：爱尔眼科 (300015.SZ)
  🔴 信号：卖出 (评分：-3.0)

分析：汇川技术 (300124.SZ)
  🔴 信号：卖出 (评分：-3.0)

分析：保利发展 (600048.SH)
  ⚪ 信号：持有 (评分：-1.0)

分析：美团-W (3690.HK)
  ⚪ 信号：持有 (评分：0.5)

分析：阿里巴巴-W (9988.HK)
  🔴 信号：强烈卖出 (评分：-5.5)

分析：腾讯控股 (0700.HK)
  🔴 信号：强烈卖出 (评分：-5.0)

分析：贵州茅台 (600519.SH)
  🔴 信号：卖出 (评分：-3.0)

[3/3] 发送邮件通知...
  发现 5 个重要信号，发送汇总邮件...
  发送邮件... (尝试 1/3)
✓ 邮件已发送：交易策略日报 - 2026-03-25

============================================================
监控汇总
============================================================
总计：7 只股票
买入：0 | 卖出：5 | 持有：2
  🔴 爱尔眼科: 卖出 (9.71)
  🔴 汇川技术: 卖出 (67.03)
  ⚪ 保利发展: 持有 (6.01)
  ⚪ 美团-W: 持有 (76.55)
  🔴 阿里巴巴-W: 强烈卖出 (119.70)
  🔴 腾讯控股: 强烈卖出 (498.40)
  🔴 贵州茅台: 卖出 (1409.98)
/Users/foleydang/Library/Python/3.9/lib/python/site-packages/urllib3/__init__.py:35: NotOpenSSLWarning: urllib3 v2 only supports OpenSSL 1.1.1+, currently the 'ssl' module is compiled with 'LibreSSL 2.8.3'. See: https://github.com/urllib3/urllib3/issues/3020
  warnings.warn(
获取历史数据失败 (Eastmoney) 300015.SZ: ('Connection aborted.', RemoteDisconnected('Remote end closed connection without response'))
/Users/foleydang/github/stock-quant/stock-quant/python/data/stock_data.py:169: FutureWarning: Passing literal html to 'read_html' is deprecated and will be removed in a future version. To read from a literal string, wrap it in a 'StringIO' object.
  tables = pd.read_html(response.text)
获取历史数据失败 (Eastmoney) 300124.SZ: ('Connection aborted.', RemoteDisconnected('Remote end closed connection without response'))
/Users/foleydang/github/stock-quant/stock-quant/python/data/stock_data.py:169: FutureWarning: Passing literal html to 'read_html' is deprecated and will be removed in a future version. To read from a literal string, wrap it in a 'StringIO' object.
  tables = pd.read_html(response.text)
获取历史数据失败 (Eastmoney) 600048.SH: ('Connection aborted.', RemoteDisconnected('Remote end closed connection without response'))
/Users/foleydang/github/stock-quant/stock-quant/python/data/stock_data.py:169: FutureWarning: Passing literal html to 'read_html' is deprecated and will be removed in a future version. To read from a literal string, wrap it in a 'StringIO' object.
  tables = pd.read_html(response.text)
获取港股实时行情失败 3690.HK: 'date'
获取港股实时行情失败 9988.HK: 'date'
获取港股实时行情失败 0700.HK: 'date'
获取历史数据失败 (Eastmoney) 600519.SH: ('Connection aborted.', RemoteDisconnected('Remote end closed connection without response'))
/Users/foleydang/github/stock-quant/stock-quant/python/data/stock_data.py:169: FutureWarning: Passing literal html to 'read_html' is deprecated and will be removed in a future version. To read from a literal string, wrap it in a 'StringIO' object.
  tables = pd.read_html(response.text)
/Users/foleydang/Library/Python/3.9/lib/python/site-packages/sklearn/utils/validation.py:2739: UserWarning: X does not have valid feature names, but LGBMClassifier was fitted with feature names
  warnings.warn(
/Users/foleydang/Library/Python/3.9/lib/python/site-packages/joblib/externals/loky/backend/context.py:131: UserWarning: Could not find the number of physical cores for the following reason:
[Errno 2] No such file or directory: 'sysctl'
Returning the number of logical cores instead. You can silence this warning by setting LOKY_MAX_CPU_COUNT to the number of cores you want to use.
  warnings.warn(
  File "/Users/foleydang/Library/Python/3.9/lib/python/site-packages/joblib/externals/loky/backend/context.py", line 249, in _count_physical_cores
    cpu_count_physical = _count_physical_cores_darwin()
  File "/Users/foleydang/Library/Python/3.9/lib/python/site-packages/joblib/externals/loky/backend/context.py", line 312, in _count_physical_cores_darwin
    cpu_info = subprocess.run(
  File "/Library/Developer/CommandLineTools/Library/Frameworks/Python3.framework/Versions/3.9/lib/python3.9/subprocess.py", line 505, in run
    with Popen(*popenargs, **kwargs) as process:
  File "/Library/Developer/CommandLineTools/Library/Frameworks/Python3.framework/Versions/3.9/lib/python3.9/subprocess.py", line 951, in __init__
    self._execute_child(args, executable, preexec_fn, close_fds,
  File "/Library/Developer/CommandLineTools/Library/Frameworks/Python3.framework/Versions/3.9/lib/python3.9/subprocess.py", line 1821, in _execute_child
    raise child_exception_type(errno_num, err_msg, err_filename)
/Users/foleydang/Library/Python/3.9/lib/python/site-packages/sklearn/utils/validation.py:2739: UserWarning: X does not have valid feature names, but LGBMClassifier was fitted with feature names
  warnings.warn(
/Users/foleydang/Library/Python/3.9/lib/python/site-packages/sklearn/utils/validation.py:2739: UserWarning: X does not have valid feature names, but LGBMClassifier was fitted with feature names
  warnings.warn(
/Users/foleydang/Library/Python/3.9/lib/python/site-packages/sklearn/utils/validation.py:2739: UserWarning: X does not have valid feature names, but LGBMClassifier was fitted with feature names
  warnings.warn(
/Users/foleydang/Library/Python/3.9/lib/python/site-packages/sklearn/utils/validation.py:2739: UserWarning: X does not have valid feature names, but LGBMClassifier was fitted with feature names
  warnings.warn(
/Users/foleydang/Library/Python/3.9/lib/python/site-packages/sklearn/utils/validation.py:2739: UserWarning: X does not have valid feature names, but LGBMClassifier was fitted with feature names
  warnings.warn(
/Users/foleydang/Library/Python/3.9/lib/python/site-packages/sklearn/utils/validation.py:2739: UserWarning: X does not have valid feature names, but LGBMClassifier was fitted with feature names
  warnings.warn(
/Users/foleydang/Library/Python/3.9/lib/python/site-packages/sklearn/utils/validation.py:2739: UserWarning: X does not have valid feature names, but LGBMClassifier was fitted with feature names
  warnings.warn(
/Users/foleydang/Library/Python/3.9/lib/python/site-packages/sklearn/utils/validation.py:2739: UserWarning: X does not have valid feature names, but LGBMClassifier was fitted with feature names
  warnings.warn(
/Users/foleydang/Library/Python/3.9/lib/python/site-packages/sklearn/utils/validation.py:2739: UserWarning: X does not have valid feature names, but LGBMClassifier was fitted with feature names
  warnings.warn(
/Users/foleydang/Library/Python/3.9/lib/python/site-packages/sklearn/utils/validation.py:2739: UserWarning: X does not have valid feature names, but LGBMClassifier was fitted with feature names
  warnings.warn(
/Users/foleydang/Library/Python/3.9/lib/python/site-packages/sklearn/utils/validation.py:2739: UserWarning: X does not have valid feature names, but LGBMClassifier was fitted with feature names
  warnings.warn(
/Users/foleydang/Library/Python/3.9/lib/python/site-packages/sklearn/utils/validation.py:2739: UserWarning: X does not have valid feature names, but LGBMClassifier was fitted with feature names
  warnings.warn(
/Users/foleydang/Library/Python/3.9/lib/python/site-packages/sklearn/utils/validation.py:2739: UserWarning: X does not have valid feature names, but LGBMClassifier was fitted with feature names
  warnings.warn(
/Users/foleydang/Library/Python/3.9/lib/python/site-packages/sklearn/utils/validation.py:2739: UserWarning: X does not have valid feature names, but LGBMClassifier was fitted with feature names
  warnings.warn(
/Users/foleydang/Library/Python/3.9/lib/python/site-packages/sklearn/utils/validation.py:2739: UserWarning: X does not have valid feature names, but LGBMClassifier was fitted with feature names
  warnings.warn(
/Users/foleydang/Library/Python/3.9/lib/python/site-packages/sklearn/utils/validation.py:2739: UserWarning: X does not have valid feature names, but LGBMClassifier was fitted with feature names
  warnings.warn(
/Users/foleydang/Library/Python/3.9/lib/python/site-packages/sklearn/utils/validation.py:2739: UserWarning: X does not have valid feature names, but LGBMClassifier was fitted with feature names
  warnings.warn(
/Users/foleydang/Library/Python/3.9/lib/python/site-packages/sklearn/utils/validation.py:2739: UserWarning: X does not have valid feature names, but LGBMClassifier was fitted with feature names
  warnings.warn(
/Users/foleydang/Library/Python/3.9/lib/python/site-packages/sklearn/utils/validation.py:2739: UserWarning: X does not have valid feature names, but LGBMClassifier was fitted with feature names
  warnings.warn(
/Users/foleydang/Library/Python/3.9/lib/python/site-packages/sklearn/utils/validation.py:2739: UserWarning: X does not have valid feature names, but LGBMClassifier was fitted with feature names
  warnings.warn(
/Users/foleydang/Library/Python/3.9/lib/python/site-packages/sklearn/utils/validation.py:2739: UserWarning: X does not have valid feature names, but LGBMClassifier was fitted with feature names
  warnings.warn(
/Users/foleydang/Library/Python/3.9/lib/python/site-packages/sklearn/utils/validation.py:2739: UserWarning: X does not have valid feature names, but LGBMClassifier was fitted with feature names
  warnings.warn(
/Users/foleydang/Library/Python/3.9/lib/python/site-packages/sklearn/utils/validation.py:2739: UserWarning: X does not have valid feature names, but LGBMClassifier was fitted with feature names
  warnings.warn(
/Users/foleydang/Library/Python/3.9/lib/python/site-packages/sklearn/utils/validation.py:2739: UserWarning: X does not have valid feature names, but LGBMClassifier was fitted with feature names
  warnings.warn(
/Users/foleydang/Library/Python/3.9/lib/python/site-packages/sklearn/utils/validation.py:2739: UserWarning: X does not have valid feature names, but LGBMClassifier was fitted with feature names
  warnings.warn(
/Users/foleydang/Library/Python/3.9/lib/python/site-packages/sklearn/utils/validation.py:2739: UserWarning: X does not have valid feature names, but LGBMClassifier was fitted with feature names
  warnings.warn(
/Users/foleydang/Library/Python/3.9/lib/python/site-packages/sklearn/utils/validation.py:2739: UserWarning: X does not have valid feature names, but LGBMClassifier was fitted with feature names
  warnings.warn(

╔══════════════════════════════════════════════════════════╗
║           股票监控系统 - 30 分钟级别                         ║
║           邮件通知：21725056@zju.edu.cn                    ║
╚══════════════════════════════════════════════════════════╝
    
✓ 邮件通知已配置
已添加通知渠道：console
未配置通知渠道，使用控制台输出
============================================================
股票监控任务 - 2026-03-25 13:30:04
============================================================

[1/3] 获取股票数据...
获取数据：爱尔眼科 (300015)...
  ✓ 实时价格：9.71, 涨跌幅：0.21%
  ✓ 从缓存加载历史数据：57 条
  ✓ 历史数据：57 条
获取数据：汇川技术 (300124)...
  ✓ 实时价格：67.34, 涨跌幅：1.88%
  ✓ 从缓存加载历史数据：57 条
  ✓ 历史数据：57 条
获取数据：保利发展 (600048)...
  ✓ 实时价格：6.00, 涨跌幅：0.50%
  ✓ 从缓存加载历史数据：57 条
  ✓ 历史数据：57 条
获取数据：美团-W (3690)...
  ✗ 获取失败，尝试加载缓存...
  ✓ 从缓存加载：76.55
获取数据：阿里巴巴-W (9988)...
  ✗ 获取失败，尝试加载缓存...
  ✓ 从缓存加载：119.7
获取数据：腾讯控股 (0700)...
  ✗ 获取失败，尝试加载缓存...
  ✓ 从缓存加载：498.39999
获取数据：贵州茅台 (600519)...
  ✓ 实时价格：1409.09, 涨跌幅：0.13%
  ✓ 从缓存加载历史数据：57 条
  ✓ 历史数据：57 条

[2/3] 执行策略分析...

分析：爱尔眼科 (300015.SZ)
  🔴 信号：卖出 (评分：-3.0)

分析：汇川技术 (300124.SZ)
  🔴 信号：卖出 (评分：-3.0)

分析：保利发展 (600048.SH)
  ⚪ 信号：持有 (评分：-1.0)

分析：美团-W (3690.HK)
  ⚪ 信号：持有 (评分：0.5)

分析：阿里巴巴-W (9988.HK)
  🔴 信号：强烈卖出 (评分：-5.5)

分析：腾讯控股 (0700.HK)
  🔴 信号：强烈卖出 (评分：-5.0)

分析：贵州茅台 (600519.SH)
  🔴 信号：卖出 (评分：-3.0)

[3/3] 发送邮件通知...
  发现 5 个重要信号，发送汇总邮件...
  发送邮件... (尝试 1/3)
✓ 邮件已发送：交易策略日报 - 2026-03-25

============================================================
监控汇总
============================================================
总计：7 只股票
买入：0 | 卖出：5 | 持有：2
  🔴 爱尔眼科: 卖出 (9.71)
  🔴 汇川技术: 卖出 (67.34)
  ⚪ 保利发展: 持有 (6.00)
  ⚪ 美团-W: 持有 (76.55)
  🔴 阿里巴巴-W: 强烈卖出 (119.70)
  🔴 腾讯控股: 强烈卖出 (498.40)
  🔴 贵州茅台: 卖出 (1409.09)
/Users/foleydang/Library/Python/3.9/lib/python/site-packages/urllib3/__init__.py:35: NotOpenSSLWarning: urllib3 v2 only supports OpenSSL 1.1.1+, currently the 'ssl' module is compiled with 'LibreSSL 2.8.3'. See: https://github.com/urllib3/urllib3/issues/3020
  warnings.warn(
获取历史数据失败 (Eastmoney) 300015.SZ: ('Connection aborted.', RemoteDisconnected('Remote end closed connection without response'))
/Users/foleydang/github/stock-quant/stock-quant/python/data/stock_data.py:169: FutureWarning: Passing literal html to 'read_html' is deprecated and will be removed in a future version. To read from a literal string, wrap it in a 'StringIO' object.
  tables = pd.read_html(response.text)
获取历史数据失败 (Eastmoney) 300124.SZ: ('Connection aborted.', RemoteDisconnected('Remote end closed connection without response'))
/Users/foleydang/github/stock-quant/stock-quant/python/data/stock_data.py:169: FutureWarning: Passing literal html to 'read_html' is deprecated and will be removed in a future version. To read from a literal string, wrap it in a 'StringIO' object.
  tables = pd.read_html(response.text)
获取历史数据失败 (Eastmoney) 600048.SH: ('Connection aborted.', RemoteDisconnected('Remote end closed connection without response'))
/Users/foleydang/github/stock-quant/stock-quant/python/data/stock_data.py:169: FutureWarning: Passing literal html to 'read_html' is deprecated and will be removed in a future version. To read from a literal string, wrap it in a 'StringIO' object.
  tables = pd.read_html(response.text)
获取港股实时行情失败 3690.HK: 'date'
获取港股实时行情失败 9988.HK: 'date'
获取港股实时行情失败 0700.HK: 'date'
获取历史数据失败 (Eastmoney) 600519.SH: ('Connection aborted.', RemoteDisconnected('Remote end closed connection without response'))
/Users/foleydang/github/stock-quant/stock-quant/python/data/stock_data.py:169: FutureWarning: Passing literal html to 'read_html' is deprecated and will be removed in a future version. To read from a literal string, wrap it in a 'StringIO' object.
  tables = pd.read_html(response.text)
/Users/foleydang/Library/Python/3.9/lib/python/site-packages/sklearn/utils/validation.py:2739: UserWarning: X does not have valid feature names, but LGBMClassifier was fitted with feature names
  warnings.warn(
/Users/foleydang/Library/Python/3.9/lib/python/site-packages/joblib/externals/loky/backend/context.py:131: UserWarning: Could not find the number of physical cores for the following reason:
[Errno 2] No such file or directory: 'sysctl'
Returning the number of logical cores instead. You can silence this warning by setting LOKY_MAX_CPU_COUNT to the number of cores you want to use.
  warnings.warn(
  File "/Users/foleydang/Library/Python/3.9/lib/python/site-packages/joblib/externals/loky/backend/context.py", line 249, in _count_physical_cores
    cpu_count_physical = _count_physical_cores_darwin()
  File "/Users/foleydang/Library/Python/3.9/lib/python/site-packages/joblib/externals/loky/backend/context.py", line 312, in _count_physical_cores_darwin
    cpu_info = subprocess.run(
  File "/Library/Developer/CommandLineTools/Library/Frameworks/Python3.framework/Versions/3.9/lib/python3.9/subprocess.py", line 505, in run
    with Popen(*popenargs, **kwargs) as process:
  File "/Library/Developer/CommandLineTools/Library/Frameworks/Python3.framework/Versions/3.9/lib/python3.9/subprocess.py", line 951, in __init__
    self._execute_child(args, executable, preexec_fn, close_fds,
  File "/Library/Developer/CommandLineTools/Library/Frameworks/Python3.framework/Versions/3.9/lib/python3.9/subprocess.py", line 1821, in _execute_child
    raise child_exception_type(errno_num, err_msg, err_filename)
/Users/foleydang/Library/Python/3.9/lib/python/site-packages/sklearn/utils/validation.py:2739: UserWarning: X does not have valid feature names, but LGBMClassifier was fitted with feature names
  warnings.warn(
/Users/foleydang/Library/Python/3.9/lib/python/site-packages/sklearn/utils/validation.py:2739: UserWarning: X does not have valid feature names, but LGBMClassifier was fitted with feature names
  warnings.warn(
/Users/foleydang/Library/Python/3.9/lib/python/site-packages/sklearn/utils/validation.py:2739: UserWarning: X does not have valid feature names, but LGBMClassifier was fitted with feature names
  warnings.warn(
/Users/foleydang/Library/Python/3.9/lib/python/site-packages/sklearn/utils/validation.py:2739: UserWarning: X does not have valid feature names, but LGBMClassifier was fitted with feature names
  warnings.warn(
/Users/foleydang/Library/Python/3.9/lib/python/site-packages/sklearn/utils/validation.py:2739: UserWarning: X does not have valid feature names, but LGBMClassifier was fitted with feature names
  warnings.warn(
/Users/foleydang/Library/Python/3.9/lib/python/site-packages/sklearn/utils/validation.py:2739: UserWarning: X does not have valid feature names, but LGBMClassifier was fitted with feature names
  warnings.warn(
/Users/foleydang/Library/Python/3.9/lib/python/site-packages/sklearn/utils/validation.py:2739: UserWarning: X does not have valid feature names, but LGBMClassifier was fitted with feature names
  warnings.warn(
/Users/foleydang/Library/Python/3.9/lib/python/site-packages/sklearn/utils/validation.py:2739: UserWarning: X does not have valid feature names, but LGBMClassifier was fitted with feature names
  warnings.warn(
/Users/foleydang/Library/Python/3.9/lib/python/site-packages/sklearn/utils/validation.py:2739: UserWarning: X does not have valid feature names, but LGBMClassifier was fitted with feature names
  warnings.warn(
/Users/foleydang/Library/Python/3.9/lib/python/site-packages/sklearn/utils/validation.py:2739: UserWarning: X does not have valid feature names, but LGBMClassifier was fitted with feature names
  warnings.warn(
/Users/foleydang/Library/Python/3.9/lib/python/site-packages/sklearn/utils/validation.py:2739: UserWarning: X does not have valid feature names, but LGBMClassifier was fitted with feature names
  warnings.warn(
/Users/foleydang/Library/Python/3.9/lib/python/site-packages/sklearn/utils/validation.py:2739: UserWarning: X does not have valid feature names, but LGBMClassifier was fitted with feature names
  warnings.warn(
/Users/foleydang/Library/Python/3.9/lib/python/site-packages/sklearn/utils/validation.py:2739: UserWarning: X does not have valid feature names, but LGBMClassifier was fitted with feature names
  warnings.warn(
/Users/foleydang/Library/Python/3.9/lib/python/site-packages/sklearn/utils/validation.py:2739: UserWarning: X does not have valid feature names, but LGBMClassifier was fitted with feature names
  warnings.warn(
/Users/foleydang/Library/Python/3.9/lib/python/site-packages/sklearn/utils/validation.py:2739: UserWarning: X does not have valid feature names, but LGBMClassifier was fitted with feature names
  warnings.warn(
/Users/foleydang/Library/Python/3.9/lib/python/site-packages/sklearn/utils/validation.py:2739: UserWarning: X does not have valid feature names, but LGBMClassifier was fitted with feature names
  warnings.warn(
/Users/foleydang/Library/Python/3.9/lib/python/site-packages/sklearn/utils/validation.py:2739: UserWarning: X does not have valid feature names, but LGBMClassifier was fitted with feature names
  warnings.warn(
/Users/foleydang/Library/Python/3.9/lib/python/site-packages/sklearn/utils/validation.py:2739: UserWarning: X does not have valid feature names, but LGBMClassifier was fitted with feature names
  warnings.warn(
/Users/foleydang/Library/Python/3.9/lib/python/site-packages/sklearn/utils/validation.py:2739: UserWarning: X does not have valid feature names, but LGBMClassifier was fitted with feature names
  warnings.warn(
/Users/foleydang/Library/Python/3.9/lib/python/site-packages/sklearn/utils/validation.py:2739: UserWarning: X does not have valid feature names, but LGBMClassifier was fitted with feature names
  warnings.warn(
/Users/foleydang/Library/Python/3.9/lib/python/site-packages/sklearn/utils/validation.py:2739: UserWarning: X does not have valid feature names, but LGBMClassifier was fitted with feature names
  warnings.warn(
/Users/foleydang/Library/Python/3.9/lib/python/site-packages/sklearn/utils/validation.py:2739: UserWarning: X does not have valid feature names, but LGBMClassifier was fitted with feature names
  warnings.warn(
/Users/foleydang/Library/Python/3.9/lib/python/site-packages/sklearn/utils/validation.py:2739: UserWarning: X does not have valid feature names, but LGBMClassifier was fitted with feature names
  warnings.warn(
/Users/foleydang/Library/Python/3.9/lib/python/site-packages/sklearn/utils/validation.py:2739: UserWarning: X does not have valid feature names, but LGBMClassifier was fitted with feature names
  warnings.warn(
/Users/foleydang/Library/Python/3.9/lib/python/site-packages/sklearn/utils/validation.py:2739: UserWarning: X does not have valid feature names, but LGBMClassifier was fitted with feature names
  warnings.warn(
/Users/foleydang/Library/Python/3.9/lib/python/site-packages/sklearn/utils/validation.py:2739: UserWarning: X does not have valid feature names, but LGBMClassifier was fitted with feature names
  warnings.warn(
/Users/foleydang/Library/Python/3.9/lib/python/site-packages/sklearn/utils/validation.py:2739: UserWarning: X does not have valid feature names, but LGBMClassifier was fitted with feature names
  warnings.warn(

╔══════════════════════════════════════════════════════════╗
║           股票监控系统 - 30 分钟级别                         ║
║           邮件通知：21725056@zju.edu.cn                    ║
╚══════════════════════════════════════════════════════════╝
    
✓ 邮件通知已配置
已添加通知渠道：console
未配置通知渠道，使用控制台输出
============================================================
股票监控任务 - 2026-03-25 14:00:04
============================================================

[1/3] 获取股票数据...
获取数据：爱尔眼科 (300015)...
  ✓ 实时价格：9.71, 涨跌幅：0.21%
  ✓ 从缓存加载历史数据：57 条
  ✓ 历史数据：57 条
获取数据：汇川技术 (300124)...
  ✓ 实时价格：67.25, 涨跌幅：1.74%
  ✓ 从缓存加载历史数据：57 条
  ✓ 历史数据：57 条
获取数据：保利发展 (600048)...
  ✓ 实时价格：5.99, 涨跌幅：0.34%
  ✓ 从缓存加载历史数据：57 条
  ✓ 历史数据：57 条
获取数据：美团-W (3690)...
  ✗ 获取失败，尝试加载缓存...
  ✓ 从缓存加载：76.55
获取数据：阿里巴巴-W (9988)...
  ✗ 获取失败，尝试加载缓存...
  ✓ 从缓存加载：119.7
获取数据：腾讯控股 (0700)...
  ✗ 获取失败，尝试加载缓存...
  ✓ 从缓存加载：498.39999
获取数据：贵州茅台 (600519)...
  ✓ 实时价格：1406.84, 涨跌幅：-0.03%
  ✓ 从缓存加载历史数据：57 条
  ✓ 历史数据：57 条

[2/3] 执行策略分析...

分析：爱尔眼科 (300015.SZ)
  🔴 信号：卖出 (评分：-3.0)

分析：汇川技术 (300124.SZ)
  🔴 信号：卖出 (评分：-3.0)

分析：保利发展 (600048.SH)
  ⚪ 信号：持有 (评分：-1.0)

分析：美团-W (3690.HK)
  ⚪ 信号：持有 (评分：0.5)

分析：阿里巴巴-W (9988.HK)
  🔴 信号：强烈卖出 (评分：-5.5)

分析：腾讯控股 (0700.HK)
  🔴 信号：强烈卖出 (评分：-5.0)

分析：贵州茅台 (600519.SH)
  🔴 信号：卖出 (评分：-3.0)

[3/3] 发送邮件通知...
  发现 5 个重要信号，发送汇总邮件...
  发送邮件... (尝试 1/3)
✓ 邮件已发送：交易策略日报 - 2026-03-25

============================================================
监控汇总
============================================================
总计：7 只股票
买入：0 | 卖出：5 | 持有：2
  🔴 爱尔眼科: 卖出 (9.71)
  🔴 汇川技术: 卖出 (67.25)
  ⚪ 保利发展: 持有 (5.99)
  ⚪ 美团-W: 持有 (76.55)
  🔴 阿里巴巴-W: 强烈卖出 (119.70)
  🔴 腾讯控股: 强烈卖出 (498.40)
  🔴 贵州茅台: 卖出 (1406.84)
/Users/foleydang/Library/Python/3.9/lib/python/site-packages/urllib3/__init__.py:35: NotOpenSSLWarning: urllib3 v2 only supports OpenSSL 1.1.1+, currently the 'ssl' module is compiled with 'LibreSSL 2.8.3'. See: https://github.com/urllib3/urllib3/issues/3020
  warnings.warn(
获取历史数据失败 (Eastmoney) 300015.SZ: ('Connection aborted.', RemoteDisconnected('Remote end closed connection without response'))
/Users/foleydang/github/stock-quant/stock-quant/python/data/stock_data.py:169: FutureWarning: Passing literal html to 'read_html' is deprecated and will be removed in a future version. To read from a literal string, wrap it in a 'StringIO' object.
  tables = pd.read_html(response.text)
获取历史数据失败 (Eastmoney) 600048.SH: ('Connection aborted.', RemoteDisconnected('Remote end closed connection without response'))
/Users/foleydang/github/stock-quant/stock-quant/python/data/stock_data.py:169: FutureWarning: Passing literal html to 'read_html' is deprecated and will be removed in a future version. To read from a literal string, wrap it in a 'StringIO' object.
  tables = pd.read_html(response.text)
获取港股实时行情失败 3690.HK: 'date'
获取港股实时行情失败 9988.HK: 'date'
获取港股实时行情失败 0700.HK: 'date'
获取历史数据失败 (Eastmoney) 600519.SH: ('Connection aborted.', RemoteDisconnected('Remote end closed connection without response'))
/Users/foleydang/github/stock-quant/stock-quant/python/data/stock_data.py:169: FutureWarning: Passing literal html to 'read_html' is deprecated and will be removed in a future version. To read from a literal string, wrap it in a 'StringIO' object.
  tables = pd.read_html(response.text)
/Users/foleydang/Library/Python/3.9/lib/python/site-packages/sklearn/utils/validation.py:2739: UserWarning: X does not have valid feature names, but LGBMClassifier was fitted with feature names
  warnings.warn(
/Users/foleydang/Library/Python/3.9/lib/python/site-packages/joblib/externals/loky/backend/context.py:131: UserWarning: Could not find the number of physical cores for the following reason:
[Errno 2] No such file or directory: 'sysctl'
Returning the number of logical cores instead. You can silence this warning by setting LOKY_MAX_CPU_COUNT to the number of cores you want to use.
  warnings.warn(
  File "/Users/foleydang/Library/Python/3.9/lib/python/site-packages/joblib/externals/loky/backend/context.py", line 249, in _count_physical_cores
    cpu_count_physical = _count_physical_cores_darwin()
  File "/Users/foleydang/Library/Python/3.9/lib/python/site-packages/joblib/externals/loky/backend/context.py", line 312, in _count_physical_cores_darwin
    cpu_info = subprocess.run(
  File "/Library/Developer/CommandLineTools/Library/Frameworks/Python3.framework/Versions/3.9/lib/python3.9/subprocess.py", line 505, in run
    with Popen(*popenargs, **kwargs) as process:
  File "/Library/Developer/CommandLineTools/Library/Frameworks/Python3.framework/Versions/3.9/lib/python3.9/subprocess.py", line 951, in __init__
    self._execute_child(args, executable, preexec_fn, close_fds,
  File "/Library/Developer/CommandLineTools/Library/Frameworks/Python3.framework/Versions/3.9/lib/python3.9/subprocess.py", line 1821, in _execute_child
    raise child_exception_type(errno_num, err_msg, err_filename)
/Users/foleydang/Library/Python/3.9/lib/python/site-packages/sklearn/utils/validation.py:2739: UserWarning: X does not have valid feature names, but LGBMClassifier was fitted with feature names
  warnings.warn(
/Users/foleydang/Library/Python/3.9/lib/python/site-packages/sklearn/utils/validation.py:2739: UserWarning: X does not have valid feature names, but LGBMClassifier was fitted with feature names
  warnings.warn(
/Users/foleydang/Library/Python/3.9/lib/python/site-packages/sklearn/utils/validation.py:2739: UserWarning: X does not have valid feature names, but LGBMClassifier was fitted with feature names
  warnings.warn(
/Users/foleydang/Library/Python/3.9/lib/python/site-packages/sklearn/utils/validation.py:2739: UserWarning: X does not have valid feature names, but LGBMClassifier was fitted with feature names
  warnings.warn(
/Users/foleydang/Library/Python/3.9/lib/python/site-packages/sklearn/utils/validation.py:2739: UserWarning: X does not have valid feature names, but LGBMClassifier was fitted with feature names
  warnings.warn(
/Users/foleydang/Library/Python/3.9/lib/python/site-packages/sklearn/utils/validation.py:2739: UserWarning: X does not have valid feature names, but LGBMClassifier was fitted with feature names
  warnings.warn(
/Users/foleydang/Library/Python/3.9/lib/python/site-packages/sklearn/utils/validation.py:2739: UserWarning: X does not have valid feature names, but LGBMClassifier was fitted with feature names
  warnings.warn(
/Users/foleydang/Library/Python/3.9/lib/python/site-packages/sklearn/utils/validation.py:2739: UserWarning: X does not have valid feature names, but LGBMClassifier was fitted with feature names
  warnings.warn(
/Users/foleydang/Library/Python/3.9/lib/python/site-packages/sklearn/utils/validation.py:2739: UserWarning: X does not have valid feature names, but LGBMClassifier was fitted with feature names
  warnings.warn(
/Users/foleydang/Library/Python/3.9/lib/python/site-packages/sklearn/utils/validation.py:2739: UserWarning: X does not have valid feature names, but LGBMClassifier was fitted with feature names
  warnings.warn(
/Users/foleydang/Library/Python/3.9/lib/python/site-packages/sklearn/utils/validation.py:2739: UserWarning: X does not have valid feature names, but LGBMClassifier was fitted with feature names
  warnings.warn(
/Users/foleydang/Library/Python/3.9/lib/python/site-packages/sklearn/utils/validation.py:2739: UserWarning: X does not have valid feature names, but LGBMClassifier was fitted with feature names
  warnings.warn(
/Users/foleydang/Library/Python/3.9/lib/python/site-packages/sklearn/utils/validation.py:2739: UserWarning: X does not have valid feature names, but LGBMClassifier was fitted with feature names
  warnings.warn(
/Users/foleydang/Library/Python/3.9/lib/python/site-packages/sklearn/utils/validation.py:2739: UserWarning: X does not have valid feature names, but LGBMClassifier was fitted with feature names
  warnings.warn(
/Users/foleydang/Library/Python/3.9/lib/python/site-packages/sklearn/utils/validation.py:2739: UserWarning: X does not have valid feature names, but LGBMClassifier was fitted with feature names
  warnings.warn(
/Users/foleydang/Library/Python/3.9/lib/python/site-packages/sklearn/utils/validation.py:2739: UserWarning: X does not have valid feature names, but LGBMClassifier was fitted with feature names
  warnings.warn(
/Users/foleydang/Library/Python/3.9/lib/python/site-packages/sklearn/utils/validation.py:2739: UserWarning: X does not have valid feature names, but LGBMClassifier was fitted with feature names
  warnings.warn(
/Users/foleydang/Library/Python/3.9/lib/python/site-packages/sklearn/utils/validation.py:2739: UserWarning: X does not have valid feature names, but LGBMClassifier was fitted with feature names
  warnings.warn(
/Users/foleydang/Library/Python/3.9/lib/python/site-packages/sklearn/utils/validation.py:2739: UserWarning: X does not have valid feature names, but LGBMClassifier was fitted with feature names
  warnings.warn(
/Users/foleydang/Library/Python/3.9/lib/python/site-packages/sklearn/utils/validation.py:2739: UserWarning: X does not have valid feature names, but LGBMClassifier was fitted with feature names
  warnings.warn(
/Users/foleydang/Library/Python/3.9/lib/python/site-packages/sklearn/utils/validation.py:2739: UserWarning: X does not have valid feature names, but LGBMClassifier was fitted with feature names
  warnings.warn(
/Users/foleydang/Library/Python/3.9/lib/python/site-packages/sklearn/utils/validation.py:2739: UserWarning: X does not have valid feature names, but LGBMClassifier was fitted with feature names
  warnings.warn(
/Users/foleydang/Library/Python/3.9/lib/python/site-packages/sklearn/utils/validation.py:2739: UserWarning: X does not have valid feature names, but LGBMClassifier was fitted with feature names
  warnings.warn(
/Users/foleydang/Library/Python/3.9/lib/python/site-packages/sklearn/utils/validation.py:2739: UserWarning: X does not have valid feature names, but LGBMClassifier was fitted with feature names
  warnings.warn(
/Users/foleydang/Library/Python/3.9/lib/python/site-packages/sklearn/utils/validation.py:2739: UserWarning: X does not have valid feature names, but LGBMClassifier was fitted with feature names
  warnings.warn(
/Users/foleydang/Library/Python/3.9/lib/python/site-packages/sklearn/utils/validation.py:2739: UserWarning: X does not have valid feature names, but LGBMClassifier was fitted with feature names
  warnings.warn(
/Users/foleydang/Library/Python/3.9/lib/python/site-packages/sklearn/utils/validation.py:2739: UserWarning: X does not have valid feature names, but LGBMClassifier was fitted with feature names
  warnings.warn(

╔══════════════════════════════════════════════════════════╗
║           股票监控系统 - 30 分钟级别                         ║
║           邮件通知：21725056@zju.edu.cn                    ║
╚══════════════════════════════════════════════════════════╝
    
✓ 邮件通知已配置
已添加通知渠道：console
未配置通知渠道，使用控制台输出
============================================================
股票监控任务 - 2026-03-25 14:30:06
============================================================

[1/3] 获取股票数据...
获取数据：爱尔眼科 (300015)...
  ✓ 实时价格：9.69, 涨跌幅：0.00%
  ✓ 从缓存加载历史数据：57 条
  ✓ 历史数据：57 条
获取数据：汇川技术 (300124)...
  ✓ 实时价格：67.61, 涨跌幅：2.28%
  ✓ 历史数据：57 条
获取数据：保利发展 (600048)...
  ✓ 实时价格：5.99, 涨跌幅：0.34%
  ✓ 从缓存加载历史数据：57 条
  ✓ 历史数据：57 条
获取数据：美团-W (3690)...
  ✗ 获取失败，尝试加载缓存...
  ✓ 从缓存加载：76.55
获取数据：阿里巴巴-W (9988)...
  ✗ 获取失败，尝试加载缓存...
  ✓ 从缓存加载：119.7
获取数据：腾讯控股 (0700)...
  ✗ 获取失败，尝试加载缓存...
  ✓ 从缓存加载：498.39999
获取数据：贵州茅台 (600519)...
  ✓ 实时价格：1405.32, 涨跌幅：-0.14%
  ✓ 从缓存加载历史数据：57 条
  ✓ 历史数据：57 条

[2/3] 执行策略分析...

分析：爱尔眼科 (300015.SZ)
  🔴 信号：卖出 (评分：-3.0)

分析：汇川技术 (300124.SZ)
  🔴 信号：卖出 (评分：-2.25)

分析：保利发展 (600048.SH)
  ⚪ 信号：持有 (评分：-1.0)

分析：美团-W (3690.HK)
  ⚪ 信号：持有 (评分：0.5)

分析：阿里巴巴-W (9988.HK)
  🔴 信号：强烈卖出 (评分：-5.75)

分析：腾讯控股 (0700.HK)
  🔴 信号：强烈卖出 (评分：-5.75)

分析：贵州茅台 (600519.SH)
  🔴 信号：强烈卖出 (评分：-3.5)

[3/3] 发送邮件通知...
  发现 5 个重要信号，发送汇总邮件...
  发送邮件... (尝试 1/3)
✓ 邮件已发送：交易策略日报 - 2026-03-25

============================================================
监控汇总
============================================================
总计：7 只股票
买入：0 | 卖出：5 | 持有：2
  🔴 爱尔眼科: 卖出 (9.69)
  🔴 汇川技术: 卖出 (67.61)
  ⚪ 保利发展: 持有 (5.99)
  ⚪ 美团-W: 持有 (76.55)
  🔴 阿里巴巴-W: 强烈卖出 (119.70)
  🔴 腾讯控股: 强烈卖出 (498.40)
  🔴 贵州茅台: 强烈卖出 (1405.32)
/Users/foleydang/Library/Python/3.9/lib/python/site-packages/urllib3/__init__.py:35: NotOpenSSLWarning: urllib3 v2 only supports OpenSSL 1.1.1+, currently the 'ssl' module is compiled with 'LibreSSL 2.8.3'. See: https://github.com/urllib3/urllib3/issues/3020
  warnings.warn(
获取历史数据失败 (Eastmoney) 300015.SZ: ('Connection aborted.', RemoteDisconnected('Remote end closed connection without response'))
/Users/foleydang/github/stock-quant/stock-quant/python/data/stock_data.py:169: FutureWarning: Passing literal html to 'read_html' is deprecated and will be removed in a future version. To read from a literal string, wrap it in a 'StringIO' object.
  tables = pd.read_html(response.text)
获取历史数据失败 (Eastmoney) 300124.SZ: ('Connection aborted.', RemoteDisconnected('Remote end closed connection without response'))
/Users/foleydang/github/stock-quant/stock-quant/python/data/stock_data.py:169: FutureWarning: Passing literal html to 'read_html' is deprecated and will be removed in a future version. To read from a literal string, wrap it in a 'StringIO' object.
  tables = pd.read_html(response.text)
获取历史数据失败 (Eastmoney) 600048.SH: ('Connection aborted.', RemoteDisconnected('Remote end closed connection without response'))
/Users/foleydang/github/stock-quant/stock-quant/python/data/stock_data.py:169: FutureWarning: Passing literal html to 'read_html' is deprecated and will be removed in a future version. To read from a literal string, wrap it in a 'StringIO' object.
  tables = pd.read_html(response.text)
获取港股实时行情失败 3690.HK: 'date'
获取港股实时行情失败 9988.HK: 'date'
获取港股实时行情失败 0700.HK: 'date'
获取历史数据失败 (Eastmoney) 600519.SH: ('Connection aborted.', RemoteDisconnected('Remote end closed connection without response'))
/Users/foleydang/github/stock-quant/stock-quant/python/data/stock_data.py:169: FutureWarning: Passing literal html to 'read_html' is deprecated and will be removed in a future version. To read from a literal string, wrap it in a 'StringIO' object.
  tables = pd.read_html(response.text)
/Users/foleydang/Library/Python/3.9/lib/python/site-packages/sklearn/utils/validation.py:2739: UserWarning: X does not have valid feature names, but LGBMClassifier was fitted with feature names
  warnings.warn(
/Users/foleydang/Library/Python/3.9/lib/python/site-packages/joblib/externals/loky/backend/context.py:131: UserWarning: Could not find the number of physical cores for the following reason:
[Errno 2] No such file or directory: 'sysctl'
Returning the number of logical cores instead. You can silence this warning by setting LOKY_MAX_CPU_COUNT to the number of cores you want to use.
  warnings.warn(
  File "/Users/foleydang/Library/Python/3.9/lib/python/site-packages/joblib/externals/loky/backend/context.py", line 249, in _count_physical_cores
    cpu_count_physical = _count_physical_cores_darwin()
  File "/Users/foleydang/Library/Python/3.9/lib/python/site-packages/joblib/externals/loky/backend/context.py", line 312, in _count_physical_cores_darwin
    cpu_info = subprocess.run(
  File "/Library/Developer/CommandLineTools/Library/Frameworks/Python3.framework/Versions/3.9/lib/python3.9/subprocess.py", line 505, in run
    with Popen(*popenargs, **kwargs) as process:
  File "/Library/Developer/CommandLineTools/Library/Frameworks/Python3.framework/Versions/3.9/lib/python3.9/subprocess.py", line 951, in __init__
    self._execute_child(args, executable, preexec_fn, close_fds,
  File "/Library/Developer/CommandLineTools/Library/Frameworks/Python3.framework/Versions/3.9/lib/python3.9/subprocess.py", line 1821, in _execute_child
    raise child_exception_type(errno_num, err_msg, err_filename)
/Users/foleydang/Library/Python/3.9/lib/python/site-packages/sklearn/utils/validation.py:2739: UserWarning: X does not have valid feature names, but LGBMClassifier was fitted with feature names
  warnings.warn(
/Users/foleydang/Library/Python/3.9/lib/python/site-packages/sklearn/utils/validation.py:2739: UserWarning: X does not have valid feature names, but LGBMClassifier was fitted with feature names
  warnings.warn(
/Users/foleydang/Library/Python/3.9/lib/python/site-packages/sklearn/utils/validation.py:2739: UserWarning: X does not have valid feature names, but LGBMClassifier was fitted with feature names
  warnings.warn(
/Users/foleydang/Library/Python/3.9/lib/python/site-packages/sklearn/utils/validation.py:2739: UserWarning: X does not have valid feature names, but LGBMClassifier was fitted with feature names
  warnings.warn(
/Users/foleydang/Library/Python/3.9/lib/python/site-packages/sklearn/utils/validation.py:2739: UserWarning: X does not have valid feature names, but LGBMClassifier was fitted with feature names
  warnings.warn(
/Users/foleydang/Library/Python/3.9/lib/python/site-packages/sklearn/utils/validation.py:2739: UserWarning: X does not have valid feature names, but LGBMClassifier was fitted with feature names
  warnings.warn(
/Users/foleydang/Library/Python/3.9/lib/python/site-packages/sklearn/utils/validation.py:2739: UserWarning: X does not have valid feature names, but LGBMClassifier was fitted with feature names
  warnings.warn(
/Users/foleydang/Library/Python/3.9/lib/python/site-packages/sklearn/utils/validation.py:2739: UserWarning: X does not have valid feature names, but LGBMClassifier was fitted with feature names
  warnings.warn(
/Users/foleydang/Library/Python/3.9/lib/python/site-packages/sklearn/utils/validation.py:2739: UserWarning: X does not have valid feature names, but LGBMClassifier was fitted with feature names
  warnings.warn(
/Users/foleydang/Library/Python/3.9/lib/python/site-packages/sklearn/utils/validation.py:2739: UserWarning: X does not have valid feature names, but LGBMClassifier was fitted with feature names
  warnings.warn(
/Users/foleydang/Library/Python/3.9/lib/python/site-packages/sklearn/utils/validation.py:2739: UserWarning: X does not have valid feature names, but LGBMClassifier was fitted with feature names
  warnings.warn(
/Users/foleydang/Library/Python/3.9/lib/python/site-packages/sklearn/utils/validation.py:2739: UserWarning: X does not have valid feature names, but LGBMClassifier was fitted with feature names
  warnings.warn(
/Users/foleydang/Library/Python/3.9/lib/python/site-packages/sklearn/utils/validation.py:2739: UserWarning: X does not have valid feature names, but LGBMClassifier was fitted with feature names
  warnings.warn(
/Users/foleydang/Library/Python/3.9/lib/python/site-packages/sklearn/utils/validation.py:2739: UserWarning: X does not have valid feature names, but LGBMClassifier was fitted with feature names
  warnings.warn(
/Users/foleydang/Library/Python/3.9/lib/python/site-packages/sklearn/utils/validation.py:2739: UserWarning: X does not have valid feature names, but LGBMClassifier was fitted with feature names
  warnings.warn(
/Users/foleydang/Library/Python/3.9/lib/python/site-packages/sklearn/utils/validation.py:2739: UserWarning: X does not have valid feature names, but LGBMClassifier was fitted with feature names
  warnings.warn(
/Users/foleydang/Library/Python/3.9/lib/python/site-packages/sklearn/utils/validation.py:2739: UserWarning: X does not have valid feature names, but LGBMClassifier was fitted with feature names
  warnings.warn(
/Users/foleydang/Library/Python/3.9/lib/python/site-packages/sklearn/utils/validation.py:2739: UserWarning: X does not have valid feature names, but LGBMClassifier was fitted with feature names
  warnings.warn(
/Users/foleydang/Library/Python/3.9/lib/python/site-packages/sklearn/utils/validation.py:2739: UserWarning: X does not have valid feature names, but LGBMClassifier was fitted with feature names
  warnings.warn(
/Users/foleydang/Library/Python/3.9/lib/python/site-packages/sklearn/utils/validation.py:2739: UserWarning: X does not have valid feature names, but LGBMClassifier was fitted with feature names
  warnings.warn(
/Users/foleydang/Library/Python/3.9/lib/python/site-packages/sklearn/utils/validation.py:2739: UserWarning: X does not have valid feature names, but LGBMClassifier was fitted with feature names
  warnings.warn(
/Users/foleydang/Library/Python/3.9/lib/python/site-packages/sklearn/utils/validation.py:2739: UserWarning: X does not have valid feature names, but LGBMClassifier was fitted with feature names
  warnings.warn(
/Users/foleydang/Library/Python/3.9/lib/python/site-packages/sklearn/utils/validation.py:2739: UserWarning: X does not have valid feature names, but LGBMClassifier was fitted with feature names
  warnings.warn(
/Users/foleydang/Library/Python/3.9/lib/python/site-packages/sklearn/utils/validation.py:2739: UserWarning: X does not have valid feature names, but LGBMClassifier was fitted with feature names
  warnings.warn(
/Users/foleydang/Library/Python/3.9/lib/python/site-packages/sklearn/utils/validation.py:2739: UserWarning: X does not have valid feature names, but LGBMClassifier was fitted with feature names
  warnings.warn(
/Users/foleydang/Library/Python/3.9/lib/python/site-packages/sklearn/utils/validation.py:2739: UserWarning: X does not have valid feature names, but LGBMClassifier was fitted with feature names
  warnings.warn(
/Users/foleydang/Library/Python/3.9/lib/python/site-packages/sklearn/utils/validation.py:2739: UserWarning: X does not have valid feature names, but LGBMClassifier was fitted with feature names
  warnings.warn(

╔══════════════════════════════════════════════════════════╗
║           股票监控系统 - 30 分钟级别                         ║
║           邮件通知：21725056@zju.edu.cn                    ║
╚══════════════════════════════════════════════════════════╝
    
✓ 邮件通知已配置
已添加通知渠道：console
未配置通知渠道，使用控制台输出
============================================================
股票监控任务 - 2026-03-25 15:00:04
============================================================

[1/3] 获取股票数据...
获取数据：爱尔眼科 (300015)...
  ✓ 实时价格：9.72, 涨跌幅：0.31%
  ✓ 从缓存加载历史数据：57 条
  ✓ 历史数据：57 条
获取数据：汇川技术 (300124)...
  ✓ 实时价格：68.01, 涨跌幅：2.89%
  ✓ 从缓存加载历史数据：57 条
  ✓ 历史数据：57 条
获取数据：保利发展 (600048)...
  ✓ 实时价格：6.01, 涨跌幅：0.67%
  ✓ 从缓存加载历史数据：57 条
  ✓ 历史数据：57 条
获取数据：美团-W (3690)...
  ✗ 获取失败，尝试加载缓存...
  ✓ 从缓存加载：76.55
获取数据：阿里巴巴-W (9988)...
  ✗ 获取失败，尝试加载缓存...
  ✓ 从缓存加载：119.7
获取数据：腾讯控股 (0700)...
  ✗ 获取失败，尝试加载缓存...
  ✓ 从缓存加载：498.39999
获取数据：贵州茅台 (600519)...
  ✓ 实时价格：1410.27, 涨跌幅：0.21%
  ✓ 从缓存加载历史数据：57 条
  ✓ 历史数据：57 条

[2/3] 执行策略分析...

分析：爱尔眼科 (300015.SZ)
  🔴 信号：卖出 (评分：-3.0)

分析：汇川技术 (300124.SZ)
  🔴 信号：卖出 (评分：-2.25)

分析：保利发展 (600048.SH)
  ⚪ 信号：持有 (评分：-1.0)

分析：美团-W (3690.HK)
  ⚪ 信号：持有 (评分：0.5)

分析：阿里巴巴-W (9988.HK)
  🔴 信号：强烈卖出 (评分：-5.75)

分析：腾讯控股 (0700.HK)
  🔴 信号：强烈卖出 (评分：-5.75)

分析：贵州茅台 (600519.SH)
  🔴 信号：强烈卖出 (评分：-3.5)

[3/3] 发送邮件通知...
  发现 5 个重要信号，发送汇总邮件...
  发送邮件... (尝试 1/3)
✓ 邮件已发送：交易策略日报 - 2026-03-25

============================================================
监控汇总
============================================================
总计：7 只股票
买入：0 | 卖出：5 | 持有：2
  🔴 爱尔眼科: 卖出 (9.72)
  🔴 汇川技术: 卖出 (68.01)
  ⚪ 保利发展: 持有 (6.01)
  ⚪ 美团-W: 持有 (76.55)
  🔴 阿里巴巴-W: 强烈卖出 (119.70)
  🔴 腾讯控股: 强烈卖出 (498.40)
  🔴 贵州茅台: 强烈卖出 (1410.27)
/Users/foleydang/Library/Python/3.9/lib/python/site-packages/urllib3/__init__.py:35: NotOpenSSLWarning: urllib3 v2 only supports OpenSSL 1.1.1+, currently the 'ssl' module is compiled with 'LibreSSL 2.8.3'. See: https://github.com/urllib3/urllib3/issues/3020
  warnings.warn(
获取历史数据失败 (Eastmoney) 300015.SZ: ('Connection aborted.', RemoteDisconnected('Remote end closed connection without response'))
/Users/foleydang/github/stock-quant/stock-quant/python/data/stock_data.py:169: FutureWarning: Passing literal html to 'read_html' is deprecated and will be removed in a future version. To read from a literal string, wrap it in a 'StringIO' object.
  tables = pd.read_html(response.text)
获取历史数据失败 (Eastmoney) 300124.SZ: ('Connection aborted.', RemoteDisconnected('Remote end closed connection without response'))
/Users/foleydang/github/stock-quant/stock-quant/python/data/stock_data.py:169: FutureWarning: Passing literal html to 'read_html' is deprecated and will be removed in a future version. To read from a literal string, wrap it in a 'StringIO' object.
  tables = pd.read_html(response.text)
获取历史数据失败 (Eastmoney) 600048.SH: ('Connection aborted.', RemoteDisconnected('Remote end closed connection without response'))
/Users/foleydang/github/stock-quant/stock-quant/python/data/stock_data.py:169: FutureWarning: Passing literal html to 'read_html' is deprecated and will be removed in a future version. To read from a literal string, wrap it in a 'StringIO' object.
  tables = pd.read_html(response.text)
获取港股实时行情失败 3690.HK: 'date'
获取港股实时行情失败 9988.HK: 'date'
获取港股实时行情失败 0700.HK: 'date'
获取历史数据失败 (Eastmoney) 600519.SH: ('Connection aborted.', RemoteDisconnected('Remote end closed connection without response'))
/Users/foleydang/github/stock-quant/stock-quant/python/data/stock_data.py:169: FutureWarning: Passing literal html to 'read_html' is deprecated and will be removed in a future version. To read from a literal string, wrap it in a 'StringIO' object.
  tables = pd.read_html(response.text)
/Users/foleydang/Library/Python/3.9/lib/python/site-packages/sklearn/utils/validation.py:2739: UserWarning: X does not have valid feature names, but LGBMClassifier was fitted with feature names
  warnings.warn(
/Users/foleydang/Library/Python/3.9/lib/python/site-packages/joblib/externals/loky/backend/context.py:131: UserWarning: Could not find the number of physical cores for the following reason:
[Errno 2] No such file or directory: 'sysctl'
Returning the number of logical cores instead. You can silence this warning by setting LOKY_MAX_CPU_COUNT to the number of cores you want to use.
  warnings.warn(
  File "/Users/foleydang/Library/Python/3.9/lib/python/site-packages/joblib/externals/loky/backend/context.py", line 249, in _count_physical_cores
    cpu_count_physical = _count_physical_cores_darwin()
  File "/Users/foleydang/Library/Python/3.9/lib/python/site-packages/joblib/externals/loky/backend/context.py", line 312, in _count_physical_cores_darwin
    cpu_info = subprocess.run(
  File "/Library/Developer/CommandLineTools/Library/Frameworks/Python3.framework/Versions/3.9/lib/python3.9/subprocess.py", line 505, in run
    with Popen(*popenargs, **kwargs) as process:
  File "/Library/Developer/CommandLineTools/Library/Frameworks/Python3.framework/Versions/3.9/lib/python3.9/subprocess.py", line 951, in __init__
    self._execute_child(args, executable, preexec_fn, close_fds,
  File "/Library/Developer/CommandLineTools/Library/Frameworks/Python3.framework/Versions/3.9/lib/python3.9/subprocess.py", line 1821, in _execute_child
    raise child_exception_type(errno_num, err_msg, err_filename)
/Users/foleydang/Library/Python/3.9/lib/python/site-packages/sklearn/utils/validation.py:2739: UserWarning: X does not have valid feature names, but LGBMClassifier was fitted with feature names
  warnings.warn(
/Users/foleydang/Library/Python/3.9/lib/python/site-packages/sklearn/utils/validation.py:2739: UserWarning: X does not have valid feature names, but LGBMClassifier was fitted with feature names
  warnings.warn(
/Users/foleydang/Library/Python/3.9/lib/python/site-packages/sklearn/utils/validation.py:2739: UserWarning: X does not have valid feature names, but LGBMClassifier was fitted with feature names
  warnings.warn(
/Users/foleydang/Library/Python/3.9/lib/python/site-packages/sklearn/utils/validation.py:2739: UserWarning: X does not have valid feature names, but LGBMClassifier was fitted with feature names
  warnings.warn(
/Users/foleydang/Library/Python/3.9/lib/python/site-packages/sklearn/utils/validation.py:2739: UserWarning: X does not have valid feature names, but LGBMClassifier was fitted with feature names
  warnings.warn(
/Users/foleydang/Library/Python/3.9/lib/python/site-packages/sklearn/utils/validation.py:2739: UserWarning: X does not have valid feature names, but LGBMClassifier was fitted with feature names
  warnings.warn(
/Users/foleydang/Library/Python/3.9/lib/python/site-packages/sklearn/utils/validation.py:2739: UserWarning: X does not have valid feature names, but LGBMClassifier was fitted with feature names
  warnings.warn(
/Users/foleydang/Library/Python/3.9/lib/python/site-packages/sklearn/utils/validation.py:2739: UserWarning: X does not have valid feature names, but LGBMClassifier was fitted with feature names
  warnings.warn(
/Users/foleydang/Library/Python/3.9/lib/python/site-packages/sklearn/utils/validation.py:2739: UserWarning: X does not have valid feature names, but LGBMClassifier was fitted with feature names
  warnings.warn(
/Users/foleydang/Library/Python/3.9/lib/python/site-packages/sklearn/utils/validation.py:2739: UserWarning: X does not have valid feature names, but LGBMClassifier was fitted with feature names
  warnings.warn(
/Users/foleydang/Library/Python/3.9/lib/python/site-packages/sklearn/utils/validation.py:2739: UserWarning: X does not have valid feature names, but LGBMClassifier was fitted with feature names
  warnings.warn(
/Users/foleydang/Library/Python/3.9/lib/python/site-packages/sklearn/utils/validation.py:2739: UserWarning: X does not have valid feature names, but LGBMClassifier was fitted with feature names
  warnings.warn(
/Users/foleydang/Library/Python/3.9/lib/python/site-packages/sklearn/utils/validation.py:2739: UserWarning: X does not have valid feature names, but LGBMClassifier was fitted with feature names
  warnings.warn(
/Users/foleydang/Library/Python/3.9/lib/python/site-packages/sklearn/utils/validation.py:2739: UserWarning: X does not have valid feature names, but LGBMClassifier was fitted with feature names
  warnings.warn(
/Users/foleydang/Library/Python/3.9/lib/python/site-packages/sklearn/utils/validation.py:2739: UserWarning: X does not have valid feature names, but LGBMClassifier was fitted with feature names
  warnings.warn(
/Users/foleydang/Library/Python/3.9/lib/python/site-packages/sklearn/utils/validation.py:2739: UserWarning: X does not have valid feature names, but LGBMClassifier was fitted with feature names
  warnings.warn(
/Users/foleydang/Library/Python/3.9/lib/python/site-packages/sklearn/utils/validation.py:2739: UserWarning: X does not have valid feature names, but LGBMClassifier was fitted with feature names
  warnings.warn(
/Users/foleydang/Library/Python/3.9/lib/python/site-packages/sklearn/utils/validation.py:2739: UserWarning: X does not have valid feature names, but LGBMClassifier was fitted with feature names
  warnings.warn(
/Users/foleydang/Library/Python/3.9/lib/python/site-packages/sklearn/utils/validation.py:2739: UserWarning: X does not have valid feature names, but LGBMClassifier was fitted with feature names
  warnings.warn(
/Users/foleydang/Library/Python/3.9/lib/python/site-packages/sklearn/utils/validation.py:2739: UserWarning: X does not have valid feature names, but LGBMClassifier was fitted with feature names
  warnings.warn(
/Users/foleydang/Library/Python/3.9/lib/python/site-packages/sklearn/utils/validation.py:2739: UserWarning: X does not have valid feature names, but LGBMClassifier was fitted with feature names
  warnings.warn(
/Users/foleydang/Library/Python/3.9/lib/python/site-packages/sklearn/utils/validation.py:2739: UserWarning: X does not have valid feature names, but LGBMClassifier was fitted with feature names
  warnings.warn(
/Users/foleydang/Library/Python/3.9/lib/python/site-packages/sklearn/utils/validation.py:2739: UserWarning: X does not have valid feature names, but LGBMClassifier was fitted with feature names
  warnings.warn(
/Users/foleydang/Library/Python/3.9/lib/python/site-packages/sklearn/utils/validation.py:2739: UserWarning: X does not have valid feature names, but LGBMClassifier was fitted with feature names
  warnings.warn(
/Users/foleydang/Library/Python/3.9/lib/python/site-packages/sklearn/utils/validation.py:2739: UserWarning: X does not have valid feature names, but LGBMClassifier was fitted with feature names
  warnings.warn(
/Users/foleydang/Library/Python/3.9/lib/python/site-packages/sklearn/utils/validation.py:2739: UserWarning: X does not have valid feature names, but LGBMClassifier was fitted with feature names
  warnings.warn(
/Users/foleydang/Library/Python/3.9/lib/python/site-packages/sklearn/utils/validation.py:2739: UserWarning: X does not have valid feature names, but LGBMClassifier was fitted with feature names
  warnings.warn(

╔══════════════════════════════════════════════════════════╗
║           股票监控系统 - 30 分钟级别                         ║
║           邮件通知：21725056@zju.edu.cn                    ║
╚══════════════════════════════════════════════════════════╝
    
✓ 邮件通知已配置
已添加通知渠道：console
未配置通知渠道，使用控制台输出
============================================================
股票监控任务 - 2026-03-25 15:30:06
============================================================

[1/3] 获取股票数据...
获取数据：爱尔眼科 (300015)...
  ✓ 实时价格：9.72, 涨跌幅：0.31%
  ✓ 从缓存加载历史数据：57 条
  ✓ 历史数据：57 条
获取数据：汇川技术 (300124)...
  ✓ 实时价格：68.01, 涨跌幅：2.89%
  ✓ 从缓存加载历史数据：57 条
  ✓ 历史数据：57 条
获取数据：保利发展 (600048)...
  ✓ 实时价格：6.01, 涨跌幅：0.67%
  ✓ 从缓存加载历史数据：57 条
  ✓ 历史数据：57 条
获取数据：美团-W (3690)...
  ✗ 获取失败，尝试加载缓存...
  ✓ 从缓存加载：76.55
获取数据：阿里巴巴-W (9988)...
  ✗ 获取失败，尝试加载缓存...
  ✓ 从缓存加载：119.7
获取数据：腾讯控股 (0700)...
  ✗ 获取失败，尝试加载缓存...
  ✓ 从缓存加载：498.39999
获取数据：贵州茅台 (600519)...
  ✓ 实时价格：1410.27, 涨跌幅：0.21%
  ✓ 从缓存加载历史数据：57 条
  ✓ 历史数据：57 条

[2/3] 执行策略分析...

分析：爱尔眼科 (300015.SZ)
  🔴 信号：卖出 (评分：-3.0)

分析：汇川技术 (300124.SZ)
  🔴 信号：卖出 (评分：-2.25)

分析：保利发展 (600048.SH)
  ⚪ 信号：持有 (评分：-1.0)

分析：美团-W (3690.HK)
  ⚪ 信号：持有 (评分：0.5)

分析：阿里巴巴-W (9988.HK)
  🔴 信号：强烈卖出 (评分：-5.75)

分析：腾讯控股 (0700.HK)
  🔴 信号：强烈卖出 (评分：-5.75)

分析：贵州茅台 (600519.SH)
  🔴 信号：强烈卖出 (评分：-3.5)

[3/3] 发送邮件通知...
  发现 5 个重要信号，发送汇总邮件...
  发送邮件... (尝试 1/3)
✓ 邮件已发送：交易策略日报 - 2026-03-25

============================================================
监控汇总
============================================================
总计：7 只股票
买入：0 | 卖出：5 | 持有：2
  🔴 爱尔眼科: 卖出 (9.72)
  🔴 汇川技术: 卖出 (68.01)
  ⚪ 保利发展: 持有 (6.01)
  ⚪ 美团-W: 持有 (76.55)
  🔴 阿里巴巴-W: 强烈卖出 (119.70)
  🔴 腾讯控股: 强烈卖出 (498.40)
  🔴 贵州茅台: 强烈卖出 (1410.27)
获取港股实时行情失败 3690.HK: 'date'
获取港股实时行情失败 9988.HK: 'date'
获取港股实时行情失败 0700.HK: 'date'
/opt/homebrew/lib/python3.14/site-packages/sklearn/base.py:463: InconsistentVersionWarning: Trying to unpickle estimator LabelEncoder from version 1.6.1 when using version 1.8.0. This might lead to breaking code or invalid results. Use at your own risk. For more info please refer to:
https://scikit-learn.org/stable/model_persistence.html#security-maintainability-limitations
  warnings.warn(
/opt/homebrew/lib/python3.14/site-packages/sklearn/utils/validation.py:2691: UserWarning: X does not have valid feature names, but LGBMClassifier was fitted with feature names
  warnings.warn(
/opt/homebrew/lib/python3.14/site-packages/sklearn/utils/validation.py:2691: UserWarning: X does not have valid feature names, but LGBMClassifier was fitted with feature names
  warnings.warn(
/opt/homebrew/lib/python3.14/site-packages/sklearn/base.py:463: InconsistentVersionWarning: Trying to unpickle estimator LabelEncoder from version 1.6.1 when using version 1.8.0. This might lead to breaking code or invalid results. Use at your own risk. For more info please refer to:
https://scikit-learn.org/stable/model_persistence.html#security-maintainability-limitations
  warnings.warn(
/opt/homebrew/lib/python3.14/site-packages/sklearn/utils/validation.py:2691: UserWarning: X does not have valid feature names, but LGBMClassifier was fitted with feature names
  warnings.warn(
/opt/homebrew/lib/python3.14/site-packages/sklearn/utils/validation.py:2691: UserWarning: X does not have valid feature names, but LGBMClassifier was fitted with feature names
  warnings.warn(
/opt/homebrew/lib/python3.14/site-packages/sklearn/base.py:463: InconsistentVersionWarning: Trying to unpickle estimator LabelEncoder from version 1.6.1 when using version 1.8.0. This might lead to breaking code or invalid results. Use at your own risk. For more info please refer to:
https://scikit-learn.org/stable/model_persistence.html#security-maintainability-limitations
  warnings.warn(
/opt/homebrew/lib/python3.14/site-packages/sklearn/utils/validation.py:2691: UserWarning: X does not have valid feature names, but LGBMClassifier was fitted with feature names
  warnings.warn(
/opt/homebrew/lib/python3.14/site-packages/sklearn/utils/validation.py:2691: UserWarning: X does not have valid feature names, but LGBMClassifier was fitted with feature names
  warnings.warn(
/opt/homebrew/lib/python3.14/site-packages/sklearn/base.py:463: InconsistentVersionWarning: Trying to unpickle estimator LabelEncoder from version 1.6.1 when using version 1.8.0. This might lead to breaking code or invalid results. Use at your own risk. For more info please refer to:
https://scikit-learn.org/stable/model_persistence.html#security-maintainability-limitations
  warnings.warn(
/opt/homebrew/lib/python3.14/site-packages/sklearn/utils/validation.py:2691: UserWarning: X does not have valid feature names, but LGBMClassifier was fitted with feature names
  warnings.warn(
/opt/homebrew/lib/python3.14/site-packages/sklearn/utils/validation.py:2691: UserWarning: X does not have valid feature names, but LGBMClassifier was fitted with feature names
  warnings.warn(
/opt/homebrew/lib/python3.14/site-packages/sklearn/base.py:463: InconsistentVersionWarning: Trying to unpickle estimator LabelEncoder from version 1.6.1 when using version 1.8.0. This might lead to breaking code or invalid results. Use at your own risk. For more info please refer to:
https://scikit-learn.org/stable/model_persistence.html#security-maintainability-limitations
  warnings.warn(
/opt/homebrew/lib/python3.14/site-packages/sklearn/utils/validation.py:2691: UserWarning: X does not have valid feature names, but LGBMClassifier was fitted with feature names
  warnings.warn(
/opt/homebrew/lib/python3.14/site-packages/sklearn/utils/validation.py:2691: UserWarning: X does not have valid feature names, but LGBMClassifier was fitted with feature names
  warnings.warn(
/opt/homebrew/lib/python3.14/site-packages/sklearn/base.py:463: InconsistentVersionWarning: Trying to unpickle estimator LabelEncoder from version 1.6.1 when using version 1.8.0. This might lead to breaking code or invalid results. Use at your own risk. For more info please refer to:
https://scikit-learn.org/stable/model_persistence.html#security-maintainability-limitations
  warnings.warn(
/opt/homebrew/lib/python3.14/site-packages/sklearn/utils/validation.py:2691: UserWarning: X does not have valid feature names, but LGBMClassifier was fitted with feature names
  warnings.warn(
/opt/homebrew/lib/python3.14/site-packages/sklearn/utils/validation.py:2691: UserWarning: X does not have valid feature names, but LGBMClassifier was fitted with feature names
  warnings.warn(
/opt/homebrew/lib/python3.14/site-packages/sklearn/base.py:463: InconsistentVersionWarning: Trying to unpickle estimator LabelEncoder from version 1.6.1 when using version 1.8.0. This might lead to breaking code or invalid results. Use at your own risk. For more info please refer to:
https://scikit-learn.org/stable/model_persistence.html#security-maintainability-limitations
  warnings.warn(
/opt/homebrew/lib/python3.14/site-packages/sklearn/utils/validation.py:2691: UserWarning: X does not have valid feature names, but LGBMClassifier was fitted with feature names
  warnings.warn(
/opt/homebrew/lib/python3.14/site-packages/sklearn/utils/validation.py:2691: UserWarning: X does not have valid feature names, but LGBMClassifier was fitted with feature names
  warnings.warn(
/opt/homebrew/lib/python3.14/site-packages/sklearn/base.py:463: InconsistentVersionWarning: Trying to unpickle estimator LabelEncoder from version 1.6.1 when using version 1.8.0. This might lead to breaking code or invalid results. Use at your own risk. For more info please refer to:
https://scikit-learn.org/stable/model_persistence.html#security-maintainability-limitations
  warnings.warn(
/opt/homebrew/lib/python3.14/site-packages/sklearn/utils/validation.py:2691: UserWarning: X does not have valid feature names, but LGBMClassifier was fitted with feature names
  warnings.warn(
/opt/homebrew/lib/python3.14/site-packages/sklearn/utils/validation.py:2691: UserWarning: X does not have valid feature names, but LGBMClassifier was fitted with feature names
  warnings.warn(
/opt/homebrew/lib/python3.14/site-packages/sklearn/base.py:463: InconsistentVersionWarning: Trying to unpickle estimator LabelEncoder from version 1.6.1 when using version 1.8.0. This might lead to breaking code or invalid results. Use at your own risk. For more info please refer to:
https://scikit-learn.org/stable/model_persistence.html#security-maintainability-limitations
  warnings.warn(
/opt/homebrew/lib/python3.14/site-packages/sklearn/utils/validation.py:2691: UserWarning: X does not have valid feature names, but LGBMClassifier was fitted with feature names
  warnings.warn(
/opt/homebrew/lib/python3.14/site-packages/sklearn/utils/validation.py:2691: UserWarning: X does not have valid feature names, but LGBMClassifier was fitted with feature names
  warnings.warn(
/opt/homebrew/lib/python3.14/site-packages/sklearn/base.py:463: InconsistentVersionWarning: Trying to unpickle estimator LabelEncoder from version 1.6.1 when using version 1.8.0. This might lead to breaking code or invalid results. Use at your own risk. For more info please refer to:
https://scikit-learn.org/stable/model_persistence.html#security-maintainability-limitations
  warnings.warn(
/opt/homebrew/lib/python3.14/site-packages/sklearn/utils/validation.py:2691: UserWarning: X does not have valid feature names, but LGBMClassifier was fitted with feature names
  warnings.warn(
/opt/homebrew/lib/python3.14/site-packages/sklearn/utils/validation.py:2691: UserWarning: X does not have valid feature names, but LGBMClassifier was fitted with feature names
  warnings.warn(
/opt/homebrew/lib/python3.14/site-packages/sklearn/base.py:463: InconsistentVersionWarning: Trying to unpickle estimator LabelEncoder from version 1.6.1 when using version 1.8.0. This might lead to breaking code or invalid results. Use at your own risk. For more info please refer to:
https://scikit-learn.org/stable/model_persistence.html#security-maintainability-limitations
  warnings.warn(
/opt/homebrew/lib/python3.14/site-packages/sklearn/utils/validation.py:2691: UserWarning: X does not have valid feature names, but LGBMClassifier was fitted with feature names
  warnings.warn(
/opt/homebrew/lib/python3.14/site-packages/sklearn/utils/validation.py:2691: UserWarning: X does not have valid feature names, but LGBMClassifier was fitted with feature names
  warnings.warn(
/opt/homebrew/lib/python3.14/site-packages/sklearn/base.py:463: InconsistentVersionWarning: Trying to unpickle estimator LabelEncoder from version 1.6.1 when using version 1.8.0. This might lead to breaking code or invalid results. Use at your own risk. For more info please refer to:
https://scikit-learn.org/stable/model_persistence.html#security-maintainability-limitations
  warnings.warn(
/opt/homebrew/lib/python3.14/site-packages/sklearn/utils/validation.py:2691: UserWarning: X does not have valid feature names, but LGBMClassifier was fitted with feature names
  warnings.warn(
/opt/homebrew/lib/python3.14/site-packages/sklearn/utils/validation.py:2691: UserWarning: X does not have valid feature names, but LGBMClassifier was fitted with feature names
  warnings.warn(
/opt/homebrew/lib/python3.14/site-packages/sklearn/base.py:463: InconsistentVersionWarning: Trying to unpickle estimator LabelEncoder from version 1.6.1 when using version 1.8.0. This might lead to breaking code or invalid results. Use at your own risk. For more info please refer to:
https://scikit-learn.org/stable/model_persistence.html#security-maintainability-limitations
  warnings.warn(
/opt/homebrew/lib/python3.14/site-packages/sklearn/utils/validation.py:2691: UserWarning: X does not have valid feature names, but LGBMClassifier was fitted with feature names
  warnings.warn(
/opt/homebrew/lib/python3.14/site-packages/sklearn/utils/validation.py:2691: UserWarning: X does not have valid feature names, but LGBMClassifier was fitted with feature names
  warnings.warn(
/opt/homebrew/lib/python3.14/site-packages/sklearn/base.py:463: InconsistentVersionWarning: Trying to unpickle estimator LabelEncoder from version 1.6.1 when using version 1.8.0. This might lead to breaking code or invalid results. Use at your own risk. For more info please refer to:
https://scikit-learn.org/stable/model_persistence.html#security-maintainability-limitations
  warnings.warn(
/opt/homebrew/lib/python3.14/site-packages/sklearn/utils/validation.py:2691: UserWarning: X does not have valid feature names, but LGBMClassifier was fitted with feature names
  warnings.warn(
/opt/homebrew/lib/python3.14/site-packages/sklearn/utils/validation.py:2691: UserWarning: X does not have valid feature names, but LGBMClassifier was fitted with feature names
  warnings.warn(

╔══════════════════════════════════════════════════════════╗
║           股票监控系统 - 30 分钟级别                         ║
║           邮件通知：21725056@zju.edu.cn                    ║
╚══════════════════════════════════════════════════════════╝
    
✓ 邮件通知已配置
已添加通知渠道：console
未配置通知渠道，使用控制台输出
============================================================
股票监控任务 - 2026-03-25 17:28:23
============================================================

[1/3] 获取股票数据...
获取数据：爱尔眼科 (300015)...
  ✓ 实时价格：9.72, 涨跌幅：0.31%
  ✓ 历史数据：57 条
获取数据：汇川技术 (300124)...
  ✓ 实时价格：68.01, 涨跌幅：2.89%
  ✓ 历史数据：57 条
获取数据：保利发展 (600048)...
  ✓ 实时价格：6.01, 涨跌幅：0.67%
  ✓ 历史数据：57 条
获取数据：美团-W (3690)...
  ✗ 获取失败，尝试加载缓存...
  ✓ 从缓存加载：76.55
获取数据：阿里巴巴-W (9988)...
  ✗ 获取失败，尝试加载缓存...
  ✓ 从缓存加载：119.7
获取数据：腾讯控股 (0700)...
  ✗ 获取失败，尝试加载缓存...
  ✓ 从缓存加载：498.39999
获取数据：贵州茅台 (600519)...
  ✓ 实时价格：1410.27, 涨跌幅：0.21%
  ✓ 历史数据：57 条

[2/3] 执行策略分析...

分析：爱尔眼科 (300015.SZ)
  🔴 信号：卖出 (评分：-3.0)

分析：汇川技术 (300124.SZ)
  🔴 信号：卖出 (评分：-2.0)

分析：保利发展 (600048.SH)
  ⚪ 信号：持有 (评分：0.5)

分析：美团-W (3690.HK)
  ⚪ 信号：持有 (评分：0.5)

分析：阿里巴巴-W (9988.HK)
  🔴 信号：强烈卖出 (评分：-5.75)

分析：腾讯控股 (0700.HK)
  🔴 信号：强烈卖出 (评分：-5.75)

分析：贵州茅台 (600519.SH)
  🔴 信号：强烈卖出 (评分：-3.5)

[3/3] 发送邮件通知...
  发现 5 个重要信号，发送汇总邮件...
  发送邮件... (尝试 1/3)
✓ 邮件已发送：交易策略日报 - 2026-03-25

============================================================
监控汇总
============================================================
总计：7 只股票
买入：0 | 卖出：5 | 持有：2
  🔴 爱尔眼科: 卖出 (9.72)
  🔴 汇川技术: 卖出 (68.01)
  ⚪ 保利发展: 持有 (6.01)
  ⚪ 美团-W: 持有 (76.55)
  🔴 阿里巴巴-W: 强烈卖出 (119.70)
  🔴 腾讯控股: 强烈卖出 (498.40)
  🔴 贵州茅台: 强烈卖出 (1410.27)
获取港股实时行情失败 3690.HK: 'date'
获取港股实时行情失败 9988.HK: 'date'
获取港股实时行情失败 0700.HK: 'date'
/opt/homebrew/lib/python3.14/site-packages/sklearn/base.py:463: InconsistentVersionWarning: Trying to unpickle estimator LabelEncoder from version 1.6.1 when using version 1.8.0. This might lead to breaking code or invalid results. Use at your own risk. For more info please refer to:
https://scikit-learn.org/stable/model_persistence.html#security-maintainability-limitations
  warnings.warn(
/opt/homebrew/lib/python3.14/site-packages/sklearn/utils/validation.py:2691: UserWarning: X does not have valid feature names, but LGBMClassifier was fitted with feature names
  warnings.warn(
/opt/homebrew/lib/python3.14/site-packages/sklearn/utils/validation.py:2691: UserWarning: X does not have valid feature names, but LGBMClassifier was fitted with feature names
  warnings.warn(
/opt/homebrew/lib/python3.14/site-packages/sklearn/base.py:463: InconsistentVersionWarning: Trying to unpickle estimator LabelEncoder from version 1.6.1 when using version 1.8.0. This might lead to breaking code or invalid results. Use at your own risk. For more info please refer to:
https://scikit-learn.org/stable/model_persistence.html#security-maintainability-limitations
  warnings.warn(
/opt/homebrew/lib/python3.14/site-packages/sklearn/utils/validation.py:2691: UserWarning: X does not have valid feature names, but LGBMClassifier was fitted with feature names
  warnings.warn(
/opt/homebrew/lib/python3.14/site-packages/sklearn/utils/validation.py:2691: UserWarning: X does not have valid feature names, but LGBMClassifier was fitted with feature names
  warnings.warn(
/opt/homebrew/lib/python3.14/site-packages/sklearn/base.py:463: InconsistentVersionWarning: Trying to unpickle estimator LabelEncoder from version 1.6.1 when using version 1.8.0. This might lead to breaking code or invalid results. Use at your own risk. For more info please refer to:
https://scikit-learn.org/stable/model_persistence.html#security-maintainability-limitations
  warnings.warn(
/opt/homebrew/lib/python3.14/site-packages/sklearn/utils/validation.py:2691: UserWarning: X does not have valid feature names, but LGBMClassifier was fitted with feature names
  warnings.warn(
/opt/homebrew/lib/python3.14/site-packages/sklearn/utils/validation.py:2691: UserWarning: X does not have valid feature names, but LGBMClassifier was fitted with feature names
  warnings.warn(
/opt/homebrew/lib/python3.14/site-packages/sklearn/base.py:463: InconsistentVersionWarning: Trying to unpickle estimator LabelEncoder from version 1.6.1 when using version 1.8.0. This might lead to breaking code or invalid results. Use at your own risk. For more info please refer to:
https://scikit-learn.org/stable/model_persistence.html#security-maintainability-limitations
  warnings.warn(
/opt/homebrew/lib/python3.14/site-packages/sklearn/utils/validation.py:2691: UserWarning: X does not have valid feature names, but LGBMClassifier was fitted with feature names
  warnings.warn(
/opt/homebrew/lib/python3.14/site-packages/sklearn/utils/validation.py:2691: UserWarning: X does not have valid feature names, but LGBMClassifier was fitted with feature names
  warnings.warn(
/opt/homebrew/lib/python3.14/site-packages/sklearn/base.py:463: InconsistentVersionWarning: Trying to unpickle estimator LabelEncoder from version 1.6.1 when using version 1.8.0. This might lead to breaking code or invalid results. Use at your own risk. For more info please refer to:
https://scikit-learn.org/stable/model_persistence.html#security-maintainability-limitations
  warnings.warn(
/opt/homebrew/lib/python3.14/site-packages/sklearn/utils/validation.py:2691: UserWarning: X does not have valid feature names, but LGBMClassifier was fitted with feature names
  warnings.warn(
/opt/homebrew/lib/python3.14/site-packages/sklearn/utils/validation.py:2691: UserWarning: X does not have valid feature names, but LGBMClassifier was fitted with feature names
  warnings.warn(
/opt/homebrew/lib/python3.14/site-packages/sklearn/base.py:463: InconsistentVersionWarning: Trying to unpickle estimator LabelEncoder from version 1.6.1 when using version 1.8.0. This might lead to breaking code or invalid results. Use at your own risk. For more info please refer to:
https://scikit-learn.org/stable/model_persistence.html#security-maintainability-limitations
  warnings.warn(
/opt/homebrew/lib/python3.14/site-packages/sklearn/utils/validation.py:2691: UserWarning: X does not have valid feature names, but LGBMClassifier was fitted with feature names
  warnings.warn(
/opt/homebrew/lib/python3.14/site-packages/sklearn/utils/validation.py:2691: UserWarning: X does not have valid feature names, but LGBMClassifier was fitted with feature names
  warnings.warn(
/opt/homebrew/lib/python3.14/site-packages/sklearn/base.py:463: InconsistentVersionWarning: Trying to unpickle estimator LabelEncoder from version 1.6.1 when using version 1.8.0. This might lead to breaking code or invalid results. Use at your own risk. For more info please refer to:
https://scikit-learn.org/stable/model_persistence.html#security-maintainability-limitations
  warnings.warn(
/opt/homebrew/lib/python3.14/site-packages/sklearn/utils/validation.py:2691: UserWarning: X does not have valid feature names, but LGBMClassifier was fitted with feature names
  warnings.warn(
/opt/homebrew/lib/python3.14/site-packages/sklearn/utils/validation.py:2691: UserWarning: X does not have valid feature names, but LGBMClassifier was fitted with feature names
  warnings.warn(
/opt/homebrew/lib/python3.14/site-packages/sklearn/base.py:463: InconsistentVersionWarning: Trying to unpickle estimator LabelEncoder from version 1.6.1 when using version 1.8.0. This might lead to breaking code or invalid results. Use at your own risk. For more info please refer to:
https://scikit-learn.org/stable/model_persistence.html#security-maintainability-limitations
  warnings.warn(
/opt/homebrew/lib/python3.14/site-packages/sklearn/utils/validation.py:2691: UserWarning: X does not have valid feature names, but LGBMClassifier was fitted with feature names
  warnings.warn(
/opt/homebrew/lib/python3.14/site-packages/sklearn/utils/validation.py:2691: UserWarning: X does not have valid feature names, but LGBMClassifier was fitted with feature names
  warnings.warn(
/opt/homebrew/lib/python3.14/site-packages/sklearn/base.py:463: InconsistentVersionWarning: Trying to unpickle estimator LabelEncoder from version 1.6.1 when using version 1.8.0. This might lead to breaking code or invalid results. Use at your own risk. For more info please refer to:
https://scikit-learn.org/stable/model_persistence.html#security-maintainability-limitations
  warnings.warn(
/opt/homebrew/lib/python3.14/site-packages/sklearn/utils/validation.py:2691: UserWarning: X does not have valid feature names, but LGBMClassifier was fitted with feature names
  warnings.warn(
/opt/homebrew/lib/python3.14/site-packages/sklearn/utils/validation.py:2691: UserWarning: X does not have valid feature names, but LGBMClassifier was fitted with feature names
  warnings.warn(
/opt/homebrew/lib/python3.14/site-packages/sklearn/base.py:463: InconsistentVersionWarning: Trying to unpickle estimator LabelEncoder from version 1.6.1 when using version 1.8.0. This might lead to breaking code or invalid results. Use at your own risk. For more info please refer to:
https://scikit-learn.org/stable/model_persistence.html#security-maintainability-limitations
  warnings.warn(
/opt/homebrew/lib/python3.14/site-packages/sklearn/utils/validation.py:2691: UserWarning: X does not have valid feature names, but LGBMClassifier was fitted with feature names
  warnings.warn(
/opt/homebrew/lib/python3.14/site-packages/sklearn/utils/validation.py:2691: UserWarning: X does not have valid feature names, but LGBMClassifier was fitted with feature names
  warnings.warn(
/opt/homebrew/lib/python3.14/site-packages/sklearn/base.py:463: InconsistentVersionWarning: Trying to unpickle estimator LabelEncoder from version 1.6.1 when using version 1.8.0. This might lead to breaking code or invalid results. Use at your own risk. For more info please refer to:
https://scikit-learn.org/stable/model_persistence.html#security-maintainability-limitations
  warnings.warn(
/opt/homebrew/lib/python3.14/site-packages/sklearn/utils/validation.py:2691: UserWarning: X does not have valid feature names, but LGBMClassifier was fitted with feature names
  warnings.warn(
/opt/homebrew/lib/python3.14/site-packages/sklearn/utils/validation.py:2691: UserWarning: X does not have valid feature names, but LGBMClassifier was fitted with feature names
  warnings.warn(
/opt/homebrew/lib/python3.14/site-packages/sklearn/base.py:463: InconsistentVersionWarning: Trying to unpickle estimator LabelEncoder from version 1.6.1 when using version 1.8.0. This might lead to breaking code or invalid results. Use at your own risk. For more info please refer to:
https://scikit-learn.org/stable/model_persistence.html#security-maintainability-limitations
  warnings.warn(
/opt/homebrew/lib/python3.14/site-packages/sklearn/utils/validation.py:2691: UserWarning: X does not have valid feature names, but LGBMClassifier was fitted with feature names
  warnings.warn(
/opt/homebrew/lib/python3.14/site-packages/sklearn/utils/validation.py:2691: UserWarning: X does not have valid feature names, but LGBMClassifier was fitted with feature names
  warnings.warn(
/opt/homebrew/lib/python3.14/site-packages/sklearn/base.py:463: InconsistentVersionWarning: Trying to unpickle estimator LabelEncoder from version 1.6.1 when using version 1.8.0. This might lead to breaking code or invalid results. Use at your own risk. For more info please refer to:
https://scikit-learn.org/stable/model_persistence.html#security-maintainability-limitations
  warnings.warn(
/opt/homebrew/lib/python3.14/site-packages/sklearn/utils/validation.py:2691: UserWarning: X does not have valid feature names, but LGBMClassifier was fitted with feature names
  warnings.warn(
/opt/homebrew/lib/python3.14/site-packages/sklearn/utils/validation.py:2691: UserWarning: X does not have valid feature names, but LGBMClassifier was fitted with feature names
  warnings.warn(
/opt/homebrew/lib/python3.14/site-packages/sklearn/base.py:463: InconsistentVersionWarning: Trying to unpickle estimator LabelEncoder from version 1.6.1 when using version 1.8.0. This might lead to breaking code or invalid results. Use at your own risk. For more info please refer to:
https://scikit-learn.org/stable/model_persistence.html#security-maintainability-limitations
  warnings.warn(
/opt/homebrew/lib/python3.14/site-packages/sklearn/utils/validation.py:2691: UserWarning: X does not have valid feature names, but LGBMClassifier was fitted with feature names
  warnings.warn(
/opt/homebrew/lib/python3.14/site-packages/sklearn/utils/validation.py:2691: UserWarning: X does not have valid feature names, but LGBMClassifier was fitted with feature names
  warnings.warn(

╔══════════════════════════════════════════════════════════╗
║           股票监控系统 - 30 分钟级别                         ║
║           邮件通知：21725056@zju.edu.cn                    ║
╚══════════════════════════════════════════════════════════╝
    
✓ 邮件通知已配置
已添加通知渠道：console
未配置通知渠道，使用控制台输出
============================================================
股票监控任务 - 2026-03-25 17:33:24
============================================================

[1/3] 获取股票数据...
获取数据：爱尔眼科 (300015)...
  ✓ 实时价格：9.72, 涨跌幅：0.31%
  ✓ 历史数据：57 条
获取数据：汇川技术 (300124)...
  ✓ 实时价格：68.01, 涨跌幅：2.89%
  ✓ 历史数据：57 条
获取数据：保利发展 (600048)...
  ✓ 实时价格：6.01, 涨跌幅：0.67%
  ✓ 历史数据：57 条
获取数据：美团-W (3690)...
  ✗ 获取失败，尝试加载缓存...
  ✓ 从缓存加载：76.55
获取数据：阿里巴巴-W (9988)...
  ✗ 获取失败，尝试加载缓存...
  ✓ 从缓存加载：119.7
获取数据：腾讯控股 (0700)...
  ✗ 获取失败，尝试加载缓存...
  ✓ 从缓存加载：498.39999
获取数据：贵州茅台 (600519)...
  ✓ 实时价格：1410.27, 涨跌幅：0.21%
  ✓ 历史数据：57 条

[2/3] 执行策略分析...

分析：爱尔眼科 (300015.SZ)
  🔴 信号：卖出 (评分：-3.0)

分析：汇川技术 (300124.SZ)
  🔴 信号：卖出 (评分：-2.0)

分析：保利发展 (600048.SH)
  ⚪ 信号：持有 (评分：0.5)

分析：美团-W (3690.HK)
  ⚪ 信号：持有 (评分：0.5)

分析：阿里巴巴-W (9988.HK)
  🔴 信号：强烈卖出 (评分：-5.75)

分析：腾讯控股 (0700.HK)
  🔴 信号：强烈卖出 (评分：-5.75)

分析：贵州茅台 (600519.SH)
  🔴 信号：强烈卖出 (评分：-3.5)

[3/3] 发送邮件通知...
  发现 5 个重要信号，发送汇总邮件...
  发送邮件... (尝试 1/3)
✓ 邮件已发送：交易策略日报 - 2026-03-25

============================================================
监控汇总
============================================================
总计：7 只股票
买入：0 | 卖出：5 | 持有：2
  🔴 爱尔眼科: 卖出 (9.72)
  🔴 汇川技术: 卖出 (68.01)
  ⚪ 保利发展: 持有 (6.01)
  ⚪ 美团-W: 持有 (76.55)
  🔴 阿里巴巴-W: 强烈卖出 (119.70)
  🔴 腾讯控股: 强烈卖出 (498.40)
  🔴 贵州茅台: 强烈卖出 (1410.27)
获取港股实时行情失败 3690.HK: 'date'
获取港股实时行情失败 9988.HK: 'date'
获取港股实时行情失败 0700.HK: 'date'
/opt/homebrew/lib/python3.14/site-packages/sklearn/base.py:463: InconsistentVersionWarning: Trying to unpickle estimator LabelEncoder from version 1.6.1 when using version 1.8.0. This might lead to breaking code or invalid results. Use at your own risk. For more info please refer to:
https://scikit-learn.org/stable/model_persistence.html#security-maintainability-limitations
  warnings.warn(
/opt/homebrew/lib/python3.14/site-packages/sklearn/utils/validation.py:2691: UserWarning: X does not have valid feature names, but LGBMClassifier was fitted with feature names
  warnings.warn(
/opt/homebrew/lib/python3.14/site-packages/joblib/externals/loky/backend/context.py:131: UserWarning: Could not find the number of physical cores for the following reason:
[Errno 2] No such file or directory: 'sysctl'
Returning the number of logical cores instead. You can silence this warning by setting LOKY_MAX_CPU_COUNT to the number of cores you want to use.
  warnings.warn(
  File "/opt/homebrew/lib/python3.14/site-packages/joblib/externals/loky/backend/context.py", line 249, in _count_physical_cores
    cpu_count_physical = _count_physical_cores_darwin()
  File "/opt/homebrew/lib/python3.14/site-packages/joblib/externals/loky/backend/context.py", line 312, in _count_physical_cores_darwin
    cpu_info = subprocess.run(
        "sysctl -n hw.physicalcpu".split(),
        capture_output=True,
        text=True,
    )
  File "/opt/homebrew/Cellar/python@3.14/3.14.3_1/Frameworks/Python.framework/Versions/3.14/lib/python3.14/subprocess.py", line 554, in run
    with Popen(*popenargs, **kwargs) as process:
         ~~~~~^^^^^^^^^^^^^^^^^^^^^^
  File "/opt/homebrew/Cellar/python@3.14/3.14.3_1/Frameworks/Python.framework/Versions/3.14/lib/python3.14/subprocess.py", line 1038, in __init__
    self._execute_child(args, executable, preexec_fn, close_fds,
    ~~~~~~~~~~~~~~~~~~~^^^^^^^^^^^^^^^^^^^^^^^^^^^^^^^^^^^^^^^^^
                        pass_fds, cwd, env,
                        ^^^^^^^^^^^^^^^^^^^
    ...<5 lines>...
                        gid, gids, uid, umask,
                        ^^^^^^^^^^^^^^^^^^^^^^
                        start_new_session, process_group)
                        ^^^^^^^^^^^^^^^^^^^^^^^^^^^^^^^^^
  File "/opt/homebrew/Cellar/python@3.14/3.14.3_1/Frameworks/Python.framework/Versions/3.14/lib/python3.14/subprocess.py", line 1989, in _execute_child
    raise child_exception_type(errno_num, err_msg, err_filename)
/opt/homebrew/lib/python3.14/site-packages/sklearn/utils/validation.py:2691: UserWarning: X does not have valid feature names, but LGBMClassifier was fitted with feature names
  warnings.warn(
/opt/homebrew/lib/python3.14/site-packages/sklearn/base.py:463: InconsistentVersionWarning: Trying to unpickle estimator LabelEncoder from version 1.6.1 when using version 1.8.0. This might lead to breaking code or invalid results. Use at your own risk. For more info please refer to:
https://scikit-learn.org/stable/model_persistence.html#security-maintainability-limitations
  warnings.warn(
/opt/homebrew/lib/python3.14/site-packages/sklearn/utils/validation.py:2691: UserWarning: X does not have valid feature names, but LGBMClassifier was fitted with feature names
  warnings.warn(
/opt/homebrew/lib/python3.14/site-packages/sklearn/utils/validation.py:2691: UserWarning: X does not have valid feature names, but LGBMClassifier was fitted with feature names
  warnings.warn(
/opt/homebrew/lib/python3.14/site-packages/sklearn/base.py:463: InconsistentVersionWarning: Trying to unpickle estimator LabelEncoder from version 1.6.1 when using version 1.8.0. This might lead to breaking code or invalid results. Use at your own risk. For more info please refer to:
https://scikit-learn.org/stable/model_persistence.html#security-maintainability-limitations
  warnings.warn(
/opt/homebrew/lib/python3.14/site-packages/sklearn/utils/validation.py:2691: UserWarning: X does not have valid feature names, but LGBMClassifier was fitted with feature names
  warnings.warn(
/opt/homebrew/lib/python3.14/site-packages/sklearn/utils/validation.py:2691: UserWarning: X does not have valid feature names, but LGBMClassifier was fitted with feature names
  warnings.warn(
/opt/homebrew/lib/python3.14/site-packages/sklearn/base.py:463: InconsistentVersionWarning: Trying to unpickle estimator LabelEncoder from version 1.6.1 when using version 1.8.0. This might lead to breaking code or invalid results. Use at your own risk. For more info please refer to:
https://scikit-learn.org/stable/model_persistence.html#security-maintainability-limitations
  warnings.warn(
/opt/homebrew/lib/python3.14/site-packages/sklearn/utils/validation.py:2691: UserWarning: X does not have valid feature names, but LGBMClassifier was fitted with feature names
  warnings.warn(
/opt/homebrew/lib/python3.14/site-packages/sklearn/utils/validation.py:2691: UserWarning: X does not have valid feature names, but LGBMClassifier was fitted with feature names
  warnings.warn(
/opt/homebrew/lib/python3.14/site-packages/sklearn/base.py:463: InconsistentVersionWarning: Trying to unpickle estimator LabelEncoder from version 1.6.1 when using version 1.8.0. This might lead to breaking code or invalid results. Use at your own risk. For more info please refer to:
https://scikit-learn.org/stable/model_persistence.html#security-maintainability-limitations
  warnings.warn(
/opt/homebrew/lib/python3.14/site-packages/sklearn/utils/validation.py:2691: UserWarning: X does not have valid feature names, but LGBMClassifier was fitted with feature names
  warnings.warn(
/opt/homebrew/lib/python3.14/site-packages/sklearn/utils/validation.py:2691: UserWarning: X does not have valid feature names, but LGBMClassifier was fitted with feature names
  warnings.warn(
/opt/homebrew/lib/python3.14/site-packages/sklearn/base.py:463: InconsistentVersionWarning: Trying to unpickle estimator LabelEncoder from version 1.6.1 when using version 1.8.0. This might lead to breaking code or invalid results. Use at your own risk. For more info please refer to:
https://scikit-learn.org/stable/model_persistence.html#security-maintainability-limitations
  warnings.warn(
/opt/homebrew/lib/python3.14/site-packages/sklearn/utils/validation.py:2691: UserWarning: X does not have valid feature names, but LGBMClassifier was fitted with feature names
  warnings.warn(
/opt/homebrew/lib/python3.14/site-packages/sklearn/utils/validation.py:2691: UserWarning: X does not have valid feature names, but LGBMClassifier was fitted with feature names
  warnings.warn(
/opt/homebrew/lib/python3.14/site-packages/sklearn/base.py:463: InconsistentVersionWarning: Trying to unpickle estimator LabelEncoder from version 1.6.1 when using version 1.8.0. This might lead to breaking code or invalid results. Use at your own risk. For more info please refer to:
https://scikit-learn.org/stable/model_persistence.html#security-maintainability-limitations
  warnings.warn(
/opt/homebrew/lib/python3.14/site-packages/sklearn/utils/validation.py:2691: UserWarning: X does not have valid feature names, but LGBMClassifier was fitted with feature names
  warnings.warn(
/opt/homebrew/lib/python3.14/site-packages/sklearn/utils/validation.py:2691: UserWarning: X does not have valid feature names, but LGBMClassifier was fitted with feature names
  warnings.warn(
/opt/homebrew/lib/python3.14/site-packages/sklearn/base.py:463: InconsistentVersionWarning: Trying to unpickle estimator LabelEncoder from version 1.6.1 when using version 1.8.0. This might lead to breaking code or invalid results. Use at your own risk. For more info please refer to:
https://scikit-learn.org/stable/model_persistence.html#security-maintainability-limitations
  warnings.warn(
/opt/homebrew/lib/python3.14/site-packages/sklearn/utils/validation.py:2691: UserWarning: X does not have valid feature names, but LGBMClassifier was fitted with feature names
  warnings.warn(
/opt/homebrew/lib/python3.14/site-packages/sklearn/utils/validation.py:2691: UserWarning: X does not have valid feature names, but LGBMClassifier was fitted with feature names
  warnings.warn(
/opt/homebrew/lib/python3.14/site-packages/sklearn/base.py:463: InconsistentVersionWarning: Trying to unpickle estimator LabelEncoder from version 1.6.1 when using version 1.8.0. This might lead to breaking code or invalid results. Use at your own risk. For more info please refer to:
https://scikit-learn.org/stable/model_persistence.html#security-maintainability-limitations
  warnings.warn(
/opt/homebrew/lib/python3.14/site-packages/sklearn/utils/validation.py:2691: UserWarning: X does not have valid feature names, but LGBMClassifier was fitted with feature names
  warnings.warn(
/opt/homebrew/lib/python3.14/site-packages/sklearn/utils/validation.py:2691: UserWarning: X does not have valid feature names, but LGBMClassifier was fitted with feature names
  warnings.warn(
/opt/homebrew/lib/python3.14/site-packages/sklearn/base.py:463: InconsistentVersionWarning: Trying to unpickle estimator LabelEncoder from version 1.6.1 when using version 1.8.0. This might lead to breaking code or invalid results. Use at your own risk. For more info please refer to:
https://scikit-learn.org/stable/model_persistence.html#security-maintainability-limitations
  warnings.warn(
/opt/homebrew/lib/python3.14/site-packages/sklearn/utils/validation.py:2691: UserWarning: X does not have valid feature names, but LGBMClassifier was fitted with feature names
  warnings.warn(
/opt/homebrew/lib/python3.14/site-packages/sklearn/utils/validation.py:2691: UserWarning: X does not have valid feature names, but LGBMClassifier was fitted with feature names
  warnings.warn(
/opt/homebrew/lib/python3.14/site-packages/sklearn/base.py:463: InconsistentVersionWarning: Trying to unpickle estimator LabelEncoder from version 1.6.1 when using version 1.8.0. This might lead to breaking code or invalid results. Use at your own risk. For more info please refer to:
https://scikit-learn.org/stable/model_persistence.html#security-maintainability-limitations
  warnings.warn(
/opt/homebrew/lib/python3.14/site-packages/sklearn/utils/validation.py:2691: UserWarning: X does not have valid feature names, but LGBMClassifier was fitted with feature names
  warnings.warn(
/opt/homebrew/lib/python3.14/site-packages/sklearn/utils/validation.py:2691: UserWarning: X does not have valid feature names, but LGBMClassifier was fitted with feature names
  warnings.warn(
/opt/homebrew/lib/python3.14/site-packages/sklearn/base.py:463: InconsistentVersionWarning: Trying to unpickle estimator LabelEncoder from version 1.6.1 when using version 1.8.0. This might lead to breaking code or invalid results. Use at your own risk. For more info please refer to:
https://scikit-learn.org/stable/model_persistence.html#security-maintainability-limitations
  warnings.warn(
/opt/homebrew/lib/python3.14/site-packages/sklearn/utils/validation.py:2691: UserWarning: X does not have valid feature names, but LGBMClassifier was fitted with feature names
  warnings.warn(
/opt/homebrew/lib/python3.14/site-packages/sklearn/utils/validation.py:2691: UserWarning: X does not have valid feature names, but LGBMClassifier was fitted with feature names
  warnings.warn(
/opt/homebrew/lib/python3.14/site-packages/sklearn/base.py:463: InconsistentVersionWarning: Trying to unpickle estimator LabelEncoder from version 1.6.1 when using version 1.8.0. This might lead to breaking code or invalid results. Use at your own risk. For more info please refer to:
https://scikit-learn.org/stable/model_persistence.html#security-maintainability-limitations
  warnings.warn(
/opt/homebrew/lib/python3.14/site-packages/sklearn/utils/validation.py:2691: UserWarning: X does not have valid feature names, but LGBMClassifier was fitted with feature names
  warnings.warn(
/opt/homebrew/lib/python3.14/site-packages/sklearn/utils/validation.py:2691: UserWarning: X does not have valid feature names, but LGBMClassifier was fitted with feature names
  warnings.warn(
/opt/homebrew/lib/python3.14/site-packages/sklearn/base.py:463: InconsistentVersionWarning: Trying to unpickle estimator LabelEncoder from version 1.6.1 when using version 1.8.0. This might lead to breaking code or invalid results. Use at your own risk. For more info please refer to:
https://scikit-learn.org/stable/model_persistence.html#security-maintainability-limitations
  warnings.warn(
/opt/homebrew/lib/python3.14/site-packages/sklearn/utils/validation.py:2691: UserWarning: X does not have valid feature names, but LGBMClassifier was fitted with feature names
  warnings.warn(
/opt/homebrew/lib/python3.14/site-packages/sklearn/utils/validation.py:2691: UserWarning: X does not have valid feature names, but LGBMClassifier was fitted with feature names
  warnings.warn(

╔══════════════════════════════════════════════════════════╗
║           股票监控系统 - 30 分钟级别                         ║
║           邮件通知：21725056@zju.edu.cn                    ║
╚══════════════════════════════════════════════════════════╝
    
✓ 邮件通知已配置
已添加通知渠道：console
未配置通知渠道，使用控制台输出
============================================================
股票监控任务 - 2026-03-26 10:30:07
============================================================

[1/3] 获取股票数据 (30 分钟 K 线)...
获取数据：爱尔眼科 (300015)...
  ✓ 实时价格：9.65, 涨跌幅：-0.72%
  ✓ 历史数据：251 条
获取数据：汇川技术 (300124)...
  ✓ 实时价格：67.86, 涨跌幅：-0.22%
  ✓ 历史数据：251 条
获取数据：保利发展 (600048)...
  ✓ 实时价格：5.97, 涨跌幅：-0.67%
  ✓ 历史数据：251 条
获取数据：美团-W (3690)...
  ✗ 获取失败，尝试加载缓存...
  ✓ 从缓存加载：76.55
获取数据：阿里巴巴-W (9988)...
  ✗ 获取失败，尝试加载缓存...
  ✓ 从缓存加载：119.7
获取数据：腾讯控股 (0700)...
  ✗ 获取失败，尝试加载缓存...
  ✓ 从缓存加载：498.39999
获取数据：贵州茅台 (600519)...
  ✓ 实时价格：1405.81, 涨跌幅：-0.32%
  ✓ 历史数据：251 条

[2/3] 执行策略分析...

分析：爱尔眼科 (300015.SZ)
  ⚪ 信号：持有 (评分：-1.0)

分析：汇川技术 (300124.SZ)
  ⚪ 信号：持有 (评分：-1.0)

分析：保利发展 (600048.SH)
  🔴 信号：卖出 (评分：-2.0)

分析：美团-W (3690.HK)
  ⚪ 信号：持有 (评分：0.5)

分析：阿里巴巴-W (9988.HK)
  🔴 信号：强烈卖出 (评分：-5.75)

分析：腾讯控股 (0700.HK)
  🔴 信号：强烈卖出 (评分：-5.75)

分析：贵州茅台 (600519.SH)
  ⚪ 信号：持有 (评分：-0.25)

[3/3] 发送邮件通知...
  发现 3 个重要信号，发送汇总邮件...
  发送邮件... (尝试 1/3)
✓ 邮件已发送：交易信号提醒 - 2026-03-26 10:30 - 3只卖出信号

============================================================
监控汇总
============================================================
总计：7 只股票
买入：0 | 卖出：3 | 持有：4
  ⚪ 爱尔眼科: 持有 (9.65)
  ⚪ 汇川技术: 持有 (67.86)
  🔴 保利发展: 卖出 (5.97)
  ⚪ 美团-W: 持有 (76.55)
  🔴 阿里巴巴-W: 强烈卖出 (119.70)
  🔴 腾讯控股: 强烈卖出 (498.40)
  ⚪ 贵州茅台: 持有 (1405.81)
获取港股实时行情失败 3690.HK: 'date'
获取港股实时行情失败 9988.HK: 'date'
获取港股实时行情失败 0700.HK: 'date'
/opt/homebrew/lib/python3.14/site-packages/sklearn/base.py:463: InconsistentVersionWarning: Trying to unpickle estimator LabelEncoder from version 1.6.1 when using version 1.8.0. This might lead to breaking code or invalid results. Use at your own risk. For more info please refer to:
https://scikit-learn.org/stable/model_persistence.html#security-maintainability-limitations
  warnings.warn(
/opt/homebrew/lib/python3.14/site-packages/sklearn/utils/validation.py:2691: UserWarning: X does not have valid feature names, but LGBMClassifier was fitted with feature names
  warnings.warn(
/opt/homebrew/lib/python3.14/site-packages/joblib/externals/loky/backend/context.py:131: UserWarning: Could not find the number of physical cores for the following reason:
[Errno 2] No such file or directory: 'sysctl'
Returning the number of logical cores instead. You can silence this warning by setting LOKY_MAX_CPU_COUNT to the number of cores you want to use.
  warnings.warn(
  File "/opt/homebrew/lib/python3.14/site-packages/joblib/externals/loky/backend/context.py", line 249, in _count_physical_cores
    cpu_count_physical = _count_physical_cores_darwin()
  File "/opt/homebrew/lib/python3.14/site-packages/joblib/externals/loky/backend/context.py", line 312, in _count_physical_cores_darwin
    cpu_info = subprocess.run(
        "sysctl -n hw.physicalcpu".split(),
        capture_output=True,
        text=True,
    )
  File "/opt/homebrew/Cellar/python@3.14/3.14.3_1/Frameworks/Python.framework/Versions/3.14/lib/python3.14/subprocess.py", line 554, in run
    with Popen(*popenargs, **kwargs) as process:
         ~~~~~^^^^^^^^^^^^^^^^^^^^^^
  File "/opt/homebrew/Cellar/python@3.14/3.14.3_1/Frameworks/Python.framework/Versions/3.14/lib/python3.14/subprocess.py", line 1038, in __init__
    self._execute_child(args, executable, preexec_fn, close_fds,
    ~~~~~~~~~~~~~~~~~~~^^^^^^^^^^^^^^^^^^^^^^^^^^^^^^^^^^^^^^^^^
                        pass_fds, cwd, env,
                        ^^^^^^^^^^^^^^^^^^^
    ...<5 lines>...
                        gid, gids, uid, umask,
                        ^^^^^^^^^^^^^^^^^^^^^^
                        start_new_session, process_group)
                        ^^^^^^^^^^^^^^^^^^^^^^^^^^^^^^^^^
  File "/opt/homebrew/Cellar/python@3.14/3.14.3_1/Frameworks/Python.framework/Versions/3.14/lib/python3.14/subprocess.py", line 1989, in _execute_child
    raise child_exception_type(errno_num, err_msg, err_filename)
/opt/homebrew/lib/python3.14/site-packages/sklearn/utils/validation.py:2691: UserWarning: X does not have valid feature names, but LGBMClassifier was fitted with feature names
  warnings.warn(
/opt/homebrew/lib/python3.14/site-packages/sklearn/base.py:463: InconsistentVersionWarning: Trying to unpickle estimator LabelEncoder from version 1.6.1 when using version 1.8.0. This might lead to breaking code or invalid results. Use at your own risk. For more info please refer to:
https://scikit-learn.org/stable/model_persistence.html#security-maintainability-limitations
  warnings.warn(
/opt/homebrew/lib/python3.14/site-packages/sklearn/utils/validation.py:2691: UserWarning: X does not have valid feature names, but LGBMClassifier was fitted with feature names
  warnings.warn(
/opt/homebrew/lib/python3.14/site-packages/sklearn/utils/validation.py:2691: UserWarning: X does not have valid feature names, but LGBMClassifier was fitted with feature names
  warnings.warn(
/opt/homebrew/lib/python3.14/site-packages/sklearn/base.py:463: InconsistentVersionWarning: Trying to unpickle estimator LabelEncoder from version 1.6.1 when using version 1.8.0. This might lead to breaking code or invalid results. Use at your own risk. For more info please refer to:
https://scikit-learn.org/stable/model_persistence.html#security-maintainability-limitations
  warnings.warn(
/opt/homebrew/lib/python3.14/site-packages/sklearn/utils/validation.py:2691: UserWarning: X does not have valid feature names, but LGBMClassifier was fitted with feature names
  warnings.warn(
/opt/homebrew/lib/python3.14/site-packages/sklearn/utils/validation.py:2691: UserWarning: X does not have valid feature names, but LGBMClassifier was fitted with feature names
  warnings.warn(
/opt/homebrew/lib/python3.14/site-packages/sklearn/base.py:463: InconsistentVersionWarning: Trying to unpickle estimator LabelEncoder from version 1.6.1 when using version 1.8.0. This might lead to breaking code or invalid results. Use at your own risk. For more info please refer to:
https://scikit-learn.org/stable/model_persistence.html#security-maintainability-limitations
  warnings.warn(
/opt/homebrew/lib/python3.14/site-packages/sklearn/utils/validation.py:2691: UserWarning: X does not have valid feature names, but LGBMClassifier was fitted with feature names
  warnings.warn(
/opt/homebrew/lib/python3.14/site-packages/sklearn/utils/validation.py:2691: UserWarning: X does not have valid feature names, but LGBMClassifier was fitted with feature names
  warnings.warn(
/opt/homebrew/lib/python3.14/site-packages/sklearn/base.py:463: InconsistentVersionWarning: Trying to unpickle estimator LabelEncoder from version 1.6.1 when using version 1.8.0. This might lead to breaking code or invalid results. Use at your own risk. For more info please refer to:
https://scikit-learn.org/stable/model_persistence.html#security-maintainability-limitations
  warnings.warn(
/opt/homebrew/lib/python3.14/site-packages/sklearn/utils/validation.py:2691: UserWarning: X does not have valid feature names, but LGBMClassifier was fitted with feature names
  warnings.warn(
/opt/homebrew/lib/python3.14/site-packages/sklearn/utils/validation.py:2691: UserWarning: X does not have valid feature names, but LGBMClassifier was fitted with feature names
  warnings.warn(
/opt/homebrew/lib/python3.14/site-packages/sklearn/base.py:463: InconsistentVersionWarning: Trying to unpickle estimator LabelEncoder from version 1.6.1 when using version 1.8.0. This might lead to breaking code or invalid results. Use at your own risk. For more info please refer to:
https://scikit-learn.org/stable/model_persistence.html#security-maintainability-limitations
  warnings.warn(
/opt/homebrew/lib/python3.14/site-packages/sklearn/utils/validation.py:2691: UserWarning: X does not have valid feature names, but LGBMClassifier was fitted with feature names
  warnings.warn(
/opt/homebrew/lib/python3.14/site-packages/sklearn/utils/validation.py:2691: UserWarning: X does not have valid feature names, but LGBMClassifier was fitted with feature names
  warnings.warn(
/opt/homebrew/lib/python3.14/site-packages/sklearn/base.py:463: InconsistentVersionWarning: Trying to unpickle estimator LabelEncoder from version 1.6.1 when using version 1.8.0. This might lead to breaking code or invalid results. Use at your own risk. For more info please refer to:
https://scikit-learn.org/stable/model_persistence.html#security-maintainability-limitations
  warnings.warn(
/opt/homebrew/lib/python3.14/site-packages/sklearn/utils/validation.py:2691: UserWarning: X does not have valid feature names, but LGBMClassifier was fitted with feature names
  warnings.warn(
/opt/homebrew/lib/python3.14/site-packages/sklearn/utils/validation.py:2691: UserWarning: X does not have valid feature names, but LGBMClassifier was fitted with feature names
  warnings.warn(
/opt/homebrew/lib/python3.14/site-packages/sklearn/base.py:463: InconsistentVersionWarning: Trying to unpickle estimator LabelEncoder from version 1.6.1 when using version 1.8.0. This might lead to breaking code or invalid results. Use at your own risk. For more info please refer to:
https://scikit-learn.org/stable/model_persistence.html#security-maintainability-limitations
  warnings.warn(
/opt/homebrew/lib/python3.14/site-packages/sklearn/utils/validation.py:2691: UserWarning: X does not have valid feature names, but LGBMClassifier was fitted with feature names
  warnings.warn(
/opt/homebrew/lib/python3.14/site-packages/sklearn/utils/validation.py:2691: UserWarning: X does not have valid feature names, but LGBMClassifier was fitted with feature names
  warnings.warn(
/opt/homebrew/lib/python3.14/site-packages/sklearn/base.py:463: InconsistentVersionWarning: Trying to unpickle estimator LabelEncoder from version 1.6.1 when using version 1.8.0. This might lead to breaking code or invalid results. Use at your own risk. For more info please refer to:
https://scikit-learn.org/stable/model_persistence.html#security-maintainability-limitations
  warnings.warn(
/opt/homebrew/lib/python3.14/site-packages/sklearn/utils/validation.py:2691: UserWarning: X does not have valid feature names, but LGBMClassifier was fitted with feature names
  warnings.warn(
/opt/homebrew/lib/python3.14/site-packages/sklearn/utils/validation.py:2691: UserWarning: X does not have valid feature names, but LGBMClassifier was fitted with feature names
  warnings.warn(
/opt/homebrew/lib/python3.14/site-packages/sklearn/base.py:463: InconsistentVersionWarning: Trying to unpickle estimator LabelEncoder from version 1.6.1 when using version 1.8.0. This might lead to breaking code or invalid results. Use at your own risk. For more info please refer to:
https://scikit-learn.org/stable/model_persistence.html#security-maintainability-limitations
  warnings.warn(
/opt/homebrew/lib/python3.14/site-packages/sklearn/utils/validation.py:2691: UserWarning: X does not have valid feature names, but LGBMClassifier was fitted with feature names
  warnings.warn(
/opt/homebrew/lib/python3.14/site-packages/sklearn/utils/validation.py:2691: UserWarning: X does not have valid feature names, but LGBMClassifier was fitted with feature names
  warnings.warn(
/opt/homebrew/lib/python3.14/site-packages/sklearn/base.py:463: InconsistentVersionWarning: Trying to unpickle estimator LabelEncoder from version 1.6.1 when using version 1.8.0. This might lead to breaking code or invalid results. Use at your own risk. For more info please refer to:
https://scikit-learn.org/stable/model_persistence.html#security-maintainability-limitations
  warnings.warn(
/opt/homebrew/lib/python3.14/site-packages/sklearn/utils/validation.py:2691: UserWarning: X does not have valid feature names, but LGBMClassifier was fitted with feature names
  warnings.warn(
/opt/homebrew/lib/python3.14/site-packages/sklearn/utils/validation.py:2691: UserWarning: X does not have valid feature names, but LGBMClassifier was fitted with feature names
  warnings.warn(
/opt/homebrew/lib/python3.14/site-packages/sklearn/base.py:463: InconsistentVersionWarning: Trying to unpickle estimator LabelEncoder from version 1.6.1 when using version 1.8.0. This might lead to breaking code or invalid results. Use at your own risk. For more info please refer to:
https://scikit-learn.org/stable/model_persistence.html#security-maintainability-limitations
  warnings.warn(
/opt/homebrew/lib/python3.14/site-packages/sklearn/utils/validation.py:2691: UserWarning: X does not have valid feature names, but LGBMClassifier was fitted with feature names
  warnings.warn(
/opt/homebrew/lib/python3.14/site-packages/sklearn/utils/validation.py:2691: UserWarning: X does not have valid feature names, but LGBMClassifier was fitted with feature names
  warnings.warn(
/opt/homebrew/lib/python3.14/site-packages/sklearn/base.py:463: InconsistentVersionWarning: Trying to unpickle estimator LabelEncoder from version 1.6.1 when using version 1.8.0. This might lead to breaking code or invalid results. Use at your own risk. For more info please refer to:
https://scikit-learn.org/stable/model_persistence.html#security-maintainability-limitations
  warnings.warn(
/opt/homebrew/lib/python3.14/site-packages/sklearn/utils/validation.py:2691: UserWarning: X does not have valid feature names, but LGBMClassifier was fitted with feature names
  warnings.warn(
/opt/homebrew/lib/python3.14/site-packages/sklearn/utils/validation.py:2691: UserWarning: X does not have valid feature names, but LGBMClassifier was fitted with feature names
  warnings.warn(
/opt/homebrew/lib/python3.14/site-packages/sklearn/base.py:463: InconsistentVersionWarning: Trying to unpickle estimator LabelEncoder from version 1.6.1 when using version 1.8.0. This might lead to breaking code or invalid results. Use at your own risk. For more info please refer to:
https://scikit-learn.org/stable/model_persistence.html#security-maintainability-limitations
  warnings.warn(
/opt/homebrew/lib/python3.14/site-packages/sklearn/utils/validation.py:2691: UserWarning: X does not have valid feature names, but LGBMClassifier was fitted with feature names
  warnings.warn(
/opt/homebrew/lib/python3.14/site-packages/sklearn/utils/validation.py:2691: UserWarning: X does not have valid feature names, but LGBMClassifier was fitted with feature names
  warnings.warn(

╔══════════════════════════════════════════════════════════╗
║           股票监控系统 - 30 分钟级别                         ║
║           邮件通知：21725056@zju.edu.cn                    ║
╚══════════════════════════════════════════════════════════╝
    
✓ 邮件通知已配置
已添加通知渠道：console
未配置通知渠道，使用控制台输出
============================================================
股票监控任务 - 2026-03-26 11:00:04
============================================================

[1/3] 获取股票数据 (30 分钟 K 线)...
获取数据：爱尔眼科 (300015)...
  ✓ 实时价格：9.61, 涨跌幅：-1.13%
  ✓ 历史数据：252 条
获取数据：汇川技术 (300124)...
  ✓ 实时价格：67.89, 涨跌幅：-0.18%
  ✓ 历史数据：252 条
获取数据：保利发展 (600048)...
  ✓ 实时价格：5.97, 涨跌幅：-0.67%
  ✓ 历史数据：252 条
获取数据：美团-W (3690)...
  ✗ 获取失败，尝试加载缓存...
  ✓ 从缓存加载：76.55
获取数据：阿里巴巴-W (9988)...
  ✗ 获取失败，尝试加载缓存...
  ✓ 从缓存加载：119.7
获取数据：腾讯控股 (0700)...
  ✗ 获取失败，尝试加载缓存...
  ✓ 从缓存加载：498.39999
获取数据：贵州茅台 (600519)...
  ✓ 实时价格：1405.28, 涨跌幅：-0.35%
  ✓ 历史数据：252 条

[2/3] 执行策略分析...

分析：爱尔眼科 (300015.SZ)
  ⚪ 信号：持有 (评分：-1.0)

分析：汇川技术 (300124.SZ)
  ⚪ 信号：持有 (评分：-1.0)

分析：保利发展 (600048.SH)
  🔴 信号：卖出 (评分：-2.0)

分析：美团-W (3690.HK)
  ⚪ 信号：持有 (评分：0.5)

分析：阿里巴巴-W (9988.HK)
  🔴 信号：强烈卖出 (评分：-5.75)

分析：腾讯控股 (0700.HK)
  🔴 信号：强烈卖出 (评分：-5.75)

分析：贵州茅台 (600519.SH)
  🔴 信号：强烈卖出 (评分：-3.25)

[3/3] 发送邮件通知...
  发现 4 个重要信号，发送汇总邮件...
  发送邮件... (尝试 1/3)
✓ 邮件已发送：交易信号提醒 - 2026-03-26 11:00 - 4只卖出信号

============================================================
监控汇总
============================================================
总计：7 只股票
买入：0 | 卖出：4 | 持有：3
  ⚪ 爱尔眼科: 持有 (9.61)
  ⚪ 汇川技术: 持有 (67.89)
  🔴 保利发展: 卖出 (5.97)
  ⚪ 美团-W: 持有 (76.55)
  🔴 阿里巴巴-W: 强烈卖出 (119.70)
  🔴 腾讯控股: 强烈卖出 (498.40)
  🔴 贵州茅台: 强烈卖出 (1405.28)
获取港股实时行情失败 3690.HK: 'date'
获取港股实时行情失败 9988.HK: 'date'
获取港股实时行情失败 0700.HK: 'date'
/opt/homebrew/lib/python3.14/site-packages/sklearn/utils/validation.py:2691: UserWarning: X does not have valid feature names, but LGBMClassifier was fitted with feature names
  warnings.warn(
/opt/homebrew/lib/python3.14/site-packages/joblib/externals/loky/backend/context.py:131: UserWarning: Could not find the number of physical cores for the following reason:
[Errno 2] No such file or directory: 'sysctl'
Returning the number of logical cores instead. You can silence this warning by setting LOKY_MAX_CPU_COUNT to the number of cores you want to use.
  warnings.warn(
  File "/opt/homebrew/lib/python3.14/site-packages/joblib/externals/loky/backend/context.py", line 249, in _count_physical_cores
    cpu_count_physical = _count_physical_cores_darwin()
  File "/opt/homebrew/lib/python3.14/site-packages/joblib/externals/loky/backend/context.py", line 312, in _count_physical_cores_darwin
    cpu_info = subprocess.run(
        "sysctl -n hw.physicalcpu".split(),
        capture_output=True,
        text=True,
    )
  File "/opt/homebrew/Cellar/python@3.14/3.14.3_1/Frameworks/Python.framework/Versions/3.14/lib/python3.14/subprocess.py", line 554, in run
    with Popen(*popenargs, **kwargs) as process:
         ~~~~~^^^^^^^^^^^^^^^^^^^^^^
  File "/opt/homebrew/Cellar/python@3.14/3.14.3_1/Frameworks/Python.framework/Versions/3.14/lib/python3.14/subprocess.py", line 1038, in __init__
    self._execute_child(args, executable, preexec_fn, close_fds,
    ~~~~~~~~~~~~~~~~~~~^^^^^^^^^^^^^^^^^^^^^^^^^^^^^^^^^^^^^^^^^
                        pass_fds, cwd, env,
                        ^^^^^^^^^^^^^^^^^^^
    ...<5 lines>...
                        gid, gids, uid, umask,
                        ^^^^^^^^^^^^^^^^^^^^^^
                        start_new_session, process_group)
                        ^^^^^^^^^^^^^^^^^^^^^^^^^^^^^^^^^
  File "/opt/homebrew/Cellar/python@3.14/3.14.3_1/Frameworks/Python.framework/Versions/3.14/lib/python3.14/subprocess.py", line 1989, in _execute_child
    raise child_exception_type(errno_num, err_msg, err_filename)
/opt/homebrew/lib/python3.14/site-packages/sklearn/utils/validation.py:2691: UserWarning: X does not have valid feature names, but LGBMClassifier was fitted with feature names
  warnings.warn(
/opt/homebrew/lib/python3.14/site-packages/sklearn/utils/validation.py:2691: UserWarning: X does not have valid feature names, but LGBMClassifier was fitted with feature names
  warnings.warn(
/opt/homebrew/lib/python3.14/site-packages/sklearn/utils/validation.py:2691: UserWarning: X does not have valid feature names, but LGBMClassifier was fitted with feature names
  warnings.warn(
/opt/homebrew/lib/python3.14/site-packages/sklearn/utils/validation.py:2691: UserWarning: X does not have valid feature names, but LGBMClassifier was fitted with feature names
  warnings.warn(
/opt/homebrew/lib/python3.14/site-packages/sklearn/utils/validation.py:2691: UserWarning: X does not have valid feature names, but LGBMClassifier was fitted with feature names
  warnings.warn(
/opt/homebrew/lib/python3.14/site-packages/sklearn/utils/validation.py:2691: UserWarning: X does not have valid feature names, but LGBMClassifier was fitted with feature names
  warnings.warn(
/opt/homebrew/lib/python3.14/site-packages/sklearn/utils/validation.py:2691: UserWarning: X does not have valid feature names, but LGBMClassifier was fitted with feature names
  warnings.warn(
/opt/homebrew/lib/python3.14/site-packages/sklearn/utils/validation.py:2691: UserWarning: X does not have valid feature names, but LGBMClassifier was fitted with feature names
  warnings.warn(
/opt/homebrew/lib/python3.14/site-packages/sklearn/utils/validation.py:2691: UserWarning: X does not have valid feature names, but LGBMClassifier was fitted with feature names
  warnings.warn(
/opt/homebrew/lib/python3.14/site-packages/sklearn/utils/validation.py:2691: UserWarning: X does not have valid feature names, but LGBMClassifier was fitted with feature names
  warnings.warn(
/opt/homebrew/lib/python3.14/site-packages/sklearn/utils/validation.py:2691: UserWarning: X does not have valid feature names, but LGBMClassifier was fitted with feature names
  warnings.warn(
/opt/homebrew/lib/python3.14/site-packages/sklearn/utils/validation.py:2691: UserWarning: X does not have valid feature names, but LGBMClassifier was fitted with feature names
  warnings.warn(
/opt/homebrew/lib/python3.14/site-packages/sklearn/utils/validation.py:2691: UserWarning: X does not have valid feature names, but LGBMClassifier was fitted with feature names
  warnings.warn(

╔══════════════════════════════════════════════════════════╗
║           股票监控系统 - 30 分钟级别                         ║
║           邮件通知：21725056@zju.edu.cn                    ║
╚══════════════════════════════════════════════════════════╝
    
✓ 邮件通知已配置
已添加通知渠道：console
未配置通知渠道，使用控制台输出
============================================================
股票监控任务 - 2026-03-26 11:30:05
============================================================

[1/3] 获取股票数据 (30 分钟 K 线)...
获取数据：爱尔眼科 (300015)...
  ✓ 实时价格：9.58, 涨跌幅：-1.44%
  ✓ 历史数据：252 条
获取数据：汇川技术 (300124)...
  ✓ 实时价格：67.94, 涨跌幅：-0.10%
  ✓ 历史数据：252 条
获取数据：保利发展 (600048)...
  ✓ 实时价格：5.96, 涨跌幅：-0.83%
  ✓ 历史数据：252 条
获取数据：美团-W (3690)...
  ✗ 获取失败，尝试加载缓存...
  ✓ 从缓存加载：76.55
获取数据：阿里巴巴-W (9988)...
  ✗ 获取失败，尝试加载缓存...
  ✓ 从缓存加载：119.7
获取数据：腾讯控股 (0700)...
  ✗ 获取失败，尝试加载缓存...
  ✓ 从缓存加载：498.39999
获取数据：贵州茅台 (600519)...
  ✓ 实时价格：1403.50, 涨跌幅：-0.48%
  ✓ 历史数据：252 条

[2/3] 执行策略分析...

分析：爱尔眼科 (300015.SZ)
  ⚪ 信号：持有 (评分：-0.75)

分析：汇川技术 (300124.SZ)
  🟢 信号：买入 (评分：2.0)

分析：保利发展 (600048.SH)
  ⚪ 信号：持有 (评分：0.0)

分析：美团-W (3690.HK)
  ⚪ 信号：持有 (评分：1.75)

分析：阿里巴巴-W (9988.HK)
  🔴 信号：强烈卖出 (评分：-4.5)

分析：腾讯控股 (0700.HK)
  🔴 信号：强烈卖出 (评分：-5.5)

分析：贵州茅台 (600519.SH)
  ⚪ 信号：持有 (评分：-0.25)

[3/3] 发送邮件通知...
  发现 3 个重要信号，发送汇总邮件...
  发送邮件... (尝试 1/3)
✓ 邮件已发送：交易信号提醒 - 2026-03-26 11:30 - 1只买入, 2只卖出信号

============================================================
监控汇总
============================================================
总计：7 只股票
买入：1 | 卖出：2 | 持有：4
  ⚪ 爱尔眼科: 持有 (9.58)
  🟢 汇川技术: 买入 (67.94)
  ⚪ 保利发展: 持有 (5.96)
  ⚪ 美团-W: 持有 (76.55)
  🔴 阿里巴巴-W: 强烈卖出 (119.70)
  🔴 腾讯控股: 强烈卖出 (498.40)
  ⚪ 贵州茅台: 持有 (1403.50)
获取港股实时行情失败 3690.HK: 'date'
获取港股实时行情失败 9988.HK: 'date'
获取港股实时行情失败 0700.HK: 'date'
/opt/homebrew/lib/python3.14/site-packages/sklearn/utils/validation.py:2691: UserWarning: X does not have valid feature names, but LGBMClassifier was fitted with feature names
  warnings.warn(
/opt/homebrew/lib/python3.14/site-packages/joblib/externals/loky/backend/context.py:131: UserWarning: Could not find the number of physical cores for the following reason:
[Errno 2] No such file or directory: 'sysctl'
Returning the number of logical cores instead. You can silence this warning by setting LOKY_MAX_CPU_COUNT to the number of cores you want to use.
  warnings.warn(
  File "/opt/homebrew/lib/python3.14/site-packages/joblib/externals/loky/backend/context.py", line 249, in _count_physical_cores
    cpu_count_physical = _count_physical_cores_darwin()
  File "/opt/homebrew/lib/python3.14/site-packages/joblib/externals/loky/backend/context.py", line 312, in _count_physical_cores_darwin
    cpu_info = subprocess.run(
        "sysctl -n hw.physicalcpu".split(),
        capture_output=True,
        text=True,
    )
  File "/opt/homebrew/Cellar/python@3.14/3.14.3_1/Frameworks/Python.framework/Versions/3.14/lib/python3.14/subprocess.py", line 554, in run
    with Popen(*popenargs, **kwargs) as process:
         ~~~~~^^^^^^^^^^^^^^^^^^^^^^
  File "/opt/homebrew/Cellar/python@3.14/3.14.3_1/Frameworks/Python.framework/Versions/3.14/lib/python3.14/subprocess.py", line 1038, in __init__
    self._execute_child(args, executable, preexec_fn, close_fds,
    ~~~~~~~~~~~~~~~~~~~^^^^^^^^^^^^^^^^^^^^^^^^^^^^^^^^^^^^^^^^^
                        pass_fds, cwd, env,
                        ^^^^^^^^^^^^^^^^^^^
    ...<5 lines>...
                        gid, gids, uid, umask,
                        ^^^^^^^^^^^^^^^^^^^^^^
                        start_new_session, process_group)
                        ^^^^^^^^^^^^^^^^^^^^^^^^^^^^^^^^^
  File "/opt/homebrew/Cellar/python@3.14/3.14.3_1/Frameworks/Python.framework/Versions/3.14/lib/python3.14/subprocess.py", line 1989, in _execute_child
    raise child_exception_type(errno_num, err_msg, err_filename)
/opt/homebrew/lib/python3.14/site-packages/sklearn/utils/validation.py:2691: UserWarning: X does not have valid feature names, but LGBMClassifier was fitted with feature names
  warnings.warn(
/opt/homebrew/lib/python3.14/site-packages/sklearn/utils/validation.py:2691: UserWarning: X does not have valid feature names, but LGBMClassifier was fitted with feature names
  warnings.warn(
/opt/homebrew/lib/python3.14/site-packages/sklearn/utils/validation.py:2691: UserWarning: X does not have valid feature names, but LGBMClassifier was fitted with feature names
  warnings.warn(
/opt/homebrew/lib/python3.14/site-packages/sklearn/utils/validation.py:2691: UserWarning: X does not have valid feature names, but LGBMClassifier was fitted with feature names
  warnings.warn(
/opt/homebrew/lib/python3.14/site-packages/sklearn/utils/validation.py:2691: UserWarning: X does not have valid feature names, but LGBMClassifier was fitted with feature names
  warnings.warn(
/opt/homebrew/lib/python3.14/site-packages/sklearn/utils/validation.py:2691: UserWarning: X does not have valid feature names, but LGBMClassifier was fitted with feature names
  warnings.warn(
/opt/homebrew/lib/python3.14/site-packages/sklearn/utils/validation.py:2691: UserWarning: X does not have valid feature names, but LGBMClassifier was fitted with feature names
  warnings.warn(
/opt/homebrew/lib/python3.14/site-packages/sklearn/utils/validation.py:2691: UserWarning: X does not have valid feature names, but LGBMClassifier was fitted with feature names
  warnings.warn(
/opt/homebrew/lib/python3.14/site-packages/sklearn/utils/validation.py:2691: UserWarning: X does not have valid feature names, but LGBMClassifier was fitted with feature names
  warnings.warn(
/opt/homebrew/lib/python3.14/site-packages/sklearn/utils/validation.py:2691: UserWarning: X does not have valid feature names, but LGBMClassifier was fitted with feature names
  warnings.warn(
/opt/homebrew/lib/python3.14/site-packages/sklearn/utils/validation.py:2691: UserWarning: X does not have valid feature names, but LGBMClassifier was fitted with feature names
  warnings.warn(
/opt/homebrew/lib/python3.14/site-packages/sklearn/utils/validation.py:2691: UserWarning: X does not have valid feature names, but LGBMClassifier was fitted with feature names
  warnings.warn(
/opt/homebrew/lib/python3.14/site-packages/sklearn/utils/validation.py:2691: UserWarning: X does not have valid feature names, but LGBMClassifier was fitted with feature names
  warnings.warn(

╔══════════════════════════════════════════════════════════╗
║           股票监控系统 - 30 分钟级别                         ║
║           邮件通知：21725056@zju.edu.cn                    ║
╚══════════════════════════════════════════════════════════╝
    
✓ 邮件通知已配置
已添加通知渠道：console
未配置通知渠道，使用控制台输出
============================================================
股票监控任务 - 2026-03-26 12:00:04
============================================================

[1/3] 获取股票数据 (30 分钟 K 线)...
获取数据：爱尔眼科 (300015)...
  ✓ 实时价格：9.58, 涨跌幅：-1.44%
  ✓ 历史数据：252 条
获取数据：汇川技术 (300124)...
  ✓ 实时价格：67.94, 涨跌幅：-0.10%
  ✓ 历史数据：252 条
获取数据：保利发展 (600048)...
  ✓ 实时价格：5.96, 涨跌幅：-0.83%
  ✓ 历史数据：252 条
获取数据：美团-W (3690)...
  ✗ 获取失败，尝试加载缓存...
  ✓ 从缓存加载：76.55
获取数据：阿里巴巴-W (9988)...
  ✗ 获取失败，尝试加载缓存...
  ✓ 从缓存加载：119.7
获取数据：腾讯控股 (0700)...
  ✗ 获取失败，尝试加载缓存...
  ✓ 从缓存加载：498.39999
获取数据：贵州茅台 (600519)...
  ✓ 实时价格：1403.50, 涨跌幅：-0.48%
  ✓ 历史数据：252 条

[2/3] 执行策略分析...

分析：爱尔眼科 (300015.SZ)
  ⚪ 信号：持有 (评分：-0.75)

分析：汇川技术 (300124.SZ)
  🟢 信号：买入 (评分：2.0)

分析：保利发展 (600048.SH)
  ⚪ 信号：持有 (评分：0.0)

分析：美团-W (3690.HK)
  ⚪ 信号：持有 (评分：1.75)

分析：阿里巴巴-W (9988.HK)
  🔴 信号：强烈卖出 (评分：-4.5)

分析：腾讯控股 (0700.HK)
  🔴 信号：强烈卖出 (评分：-5.5)

分析：贵州茅台 (600519.SH)
  ⚪ 信号：持有 (评分：-0.25)

[3/3] 发送邮件通知...
  发现 3 个重要信号，发送汇总邮件...
  发送邮件... (尝试 1/3)
✓ 邮件已发送：交易信号提醒 - 2026-03-26 12:00 - 1只买入, 2只卖出信号

============================================================
监控汇总
============================================================
总计：7 只股票
买入：1 | 卖出：2 | 持有：4
  ⚪ 爱尔眼科: 持有 (9.58)
  🟢 汇川技术: 买入 (67.94)
  ⚪ 保利发展: 持有 (5.96)
  ⚪ 美团-W: 持有 (76.55)
  🔴 阿里巴巴-W: 强烈卖出 (119.70)
  🔴 腾讯控股: 强烈卖出 (498.40)
  ⚪ 贵州茅台: 持有 (1403.50)
获取港股实时行情失败 3690.HK: 'date'
获取港股实时行情失败 9988.HK: 'date'
获取港股实时行情失败 0700.HK: 'date'
/opt/homebrew/lib/python3.14/site-packages/sklearn/utils/validation.py:2691: UserWarning: X does not have valid feature names, but LGBMClassifier was fitted with feature names
  warnings.warn(
/opt/homebrew/lib/python3.14/site-packages/joblib/externals/loky/backend/context.py:131: UserWarning: Could not find the number of physical cores for the following reason:
[Errno 2] No such file or directory: 'sysctl'
Returning the number of logical cores instead. You can silence this warning by setting LOKY_MAX_CPU_COUNT to the number of cores you want to use.
  warnings.warn(
  File "/opt/homebrew/lib/python3.14/site-packages/joblib/externals/loky/backend/context.py", line 249, in _count_physical_cores
    cpu_count_physical = _count_physical_cores_darwin()
  File "/opt/homebrew/lib/python3.14/site-packages/joblib/externals/loky/backend/context.py", line 312, in _count_physical_cores_darwin
    cpu_info = subprocess.run(
        "sysctl -n hw.physicalcpu".split(),
        capture_output=True,
        text=True,
    )
  File "/opt/homebrew/Cellar/python@3.14/3.14.3_1/Frameworks/Python.framework/Versions/3.14/lib/python3.14/subprocess.py", line 554, in run
    with Popen(*popenargs, **kwargs) as process:
         ~~~~~^^^^^^^^^^^^^^^^^^^^^^
  File "/opt/homebrew/Cellar/python@3.14/3.14.3_1/Frameworks/Python.framework/Versions/3.14/lib/python3.14/subprocess.py", line 1038, in __init__
    self._execute_child(args, executable, preexec_fn, close_fds,
    ~~~~~~~~~~~~~~~~~~~^^^^^^^^^^^^^^^^^^^^^^^^^^^^^^^^^^^^^^^^^
                        pass_fds, cwd, env,
                        ^^^^^^^^^^^^^^^^^^^
    ...<5 lines>...
                        gid, gids, uid, umask,
                        ^^^^^^^^^^^^^^^^^^^^^^
                        start_new_session, process_group)
                        ^^^^^^^^^^^^^^^^^^^^^^^^^^^^^^^^^
  File "/opt/homebrew/Cellar/python@3.14/3.14.3_1/Frameworks/Python.framework/Versions/3.14/lib/python3.14/subprocess.py", line 1989, in _execute_child
    raise child_exception_type(errno_num, err_msg, err_filename)
/opt/homebrew/lib/python3.14/site-packages/sklearn/utils/validation.py:2691: UserWarning: X does not have valid feature names, but LGBMClassifier was fitted with feature names
  warnings.warn(
/opt/homebrew/lib/python3.14/site-packages/sklearn/utils/validation.py:2691: UserWarning: X does not have valid feature names, but LGBMClassifier was fitted with feature names
  warnings.warn(
/opt/homebrew/lib/python3.14/site-packages/sklearn/utils/validation.py:2691: UserWarning: X does not have valid feature names, but LGBMClassifier was fitted with feature names
  warnings.warn(
/opt/homebrew/lib/python3.14/site-packages/sklearn/utils/validation.py:2691: UserWarning: X does not have valid feature names, but LGBMClassifier was fitted with feature names
  warnings.warn(
/opt/homebrew/lib/python3.14/site-packages/sklearn/utils/validation.py:2691: UserWarning: X does not have valid feature names, but LGBMClassifier was fitted with feature names
  warnings.warn(
/opt/homebrew/lib/python3.14/site-packages/sklearn/utils/validation.py:2691: UserWarning: X does not have valid feature names, but LGBMClassifier was fitted with feature names
  warnings.warn(
/opt/homebrew/lib/python3.14/site-packages/sklearn/utils/validation.py:2691: UserWarning: X does not have valid feature names, but LGBMClassifier was fitted with feature names
  warnings.warn(
/opt/homebrew/lib/python3.14/site-packages/sklearn/utils/validation.py:2691: UserWarning: X does not have valid feature names, but LGBMClassifier was fitted with feature names
  warnings.warn(
/opt/homebrew/lib/python3.14/site-packages/sklearn/utils/validation.py:2691: UserWarning: X does not have valid feature names, but LGBMClassifier was fitted with feature names
  warnings.warn(
/opt/homebrew/lib/python3.14/site-packages/sklearn/utils/validation.py:2691: UserWarning: X does not have valid feature names, but LGBMClassifier was fitted with feature names
  warnings.warn(
/opt/homebrew/lib/python3.14/site-packages/sklearn/utils/validation.py:2691: UserWarning: X does not have valid feature names, but LGBMClassifier was fitted with feature names
  warnings.warn(
/opt/homebrew/lib/python3.14/site-packages/sklearn/utils/validation.py:2691: UserWarning: X does not have valid feature names, but LGBMClassifier was fitted with feature names
  warnings.warn(
/opt/homebrew/lib/python3.14/site-packages/sklearn/utils/validation.py:2691: UserWarning: X does not have valid feature names, but LGBMClassifier was fitted with feature names
  warnings.warn(

╔══════════════════════════════════════════════════════════╗
║           股票监控系统 - 30 分钟级别                         ║
║           邮件通知：21725056@zju.edu.cn                    ║
╚══════════════════════════════════════════════════════════╝
    
✓ 邮件通知已配置
已添加通知渠道：console
未配置通知渠道，使用控制台输出
============================================================
股票监控任务 - 2026-03-26 12:30:04
============================================================

[1/3] 获取股票数据 (30 分钟 K 线)...
获取数据：爱尔眼科 (300015)...
  ✓ 实时价格：9.58, 涨跌幅：-1.44%
  ✓ 历史数据：252 条
获取数据：汇川技术 (300124)...
  ✓ 实时价格：67.94, 涨跌幅：-0.10%
  ✓ 历史数据：252 条
获取数据：保利发展 (600048)...
  ✓ 实时价格：5.96, 涨跌幅：-0.83%
  ✓ 历史数据：252 条
获取数据：美团-W (3690)...
  ✗ 获取失败，尝试加载缓存...
  ✓ 从缓存加载：76.55
获取数据：阿里巴巴-W (9988)...
  ✗ 获取失败，尝试加载缓存...
  ✓ 从缓存加载：119.7
获取数据：腾讯控股 (0700)...
  ✗ 获取失败，尝试加载缓存...
  ✓ 从缓存加载：498.39999
获取数据：贵州茅台 (600519)...
  ✓ 实时价格：1403.50, 涨跌幅：-0.48%
  ✓ 历史数据：252 条

[2/3] 执行策略分析...

分析：爱尔眼科 (300015.SZ)
  ⚪ 信号：持有 (评分：-0.75)

分析：汇川技术 (300124.SZ)
  🟢 信号：买入 (评分：2.0)

分析：保利发展 (600048.SH)
  ⚪ 信号：持有 (评分：0.0)

分析：美团-W (3690.HK)
  ⚪ 信号：持有 (评分：1.75)

分析：阿里巴巴-W (9988.HK)
  🔴 信号：强烈卖出 (评分：-4.5)

分析：腾讯控股 (0700.HK)
  🔴 信号：强烈卖出 (评分：-5.5)

分析：贵州茅台 (600519.SH)
  ⚪ 信号：持有 (评分：-0.25)

[3/3] 发送邮件通知...
  发现 3 个重要信号，发送汇总邮件...
  发送邮件... (尝试 1/3)
✓ 邮件已发送：交易信号提醒 - 2026-03-26 12:30 - 1只买入, 2只卖出信号

============================================================
监控汇总
============================================================
总计：7 只股票
买入：1 | 卖出：2 | 持有：4
  ⚪ 爱尔眼科: 持有 (9.58)
  🟢 汇川技术: 买入 (67.94)
  ⚪ 保利发展: 持有 (5.96)
  ⚪ 美团-W: 持有 (76.55)
  🔴 阿里巴巴-W: 强烈卖出 (119.70)
  🔴 腾讯控股: 强烈卖出 (498.40)
  ⚪ 贵州茅台: 持有 (1403.50)
获取港股实时行情失败 3690.HK: 'date'
获取港股实时行情失败 9988.HK: 'date'
获取港股实时行情失败 0700.HK: 'date'
/opt/homebrew/lib/python3.14/site-packages/sklearn/utils/validation.py:2691: UserWarning: X does not have valid feature names, but LGBMClassifier was fitted with feature names
  warnings.warn(
/opt/homebrew/lib/python3.14/site-packages/joblib/externals/loky/backend/context.py:131: UserWarning: Could not find the number of physical cores for the following reason:
[Errno 2] No such file or directory: 'sysctl'
Returning the number of logical cores instead. You can silence this warning by setting LOKY_MAX_CPU_COUNT to the number of cores you want to use.
  warnings.warn(
  File "/opt/homebrew/lib/python3.14/site-packages/joblib/externals/loky/backend/context.py", line 249, in _count_physical_cores
    cpu_count_physical = _count_physical_cores_darwin()
  File "/opt/homebrew/lib/python3.14/site-packages/joblib/externals/loky/backend/context.py", line 312, in _count_physical_cores_darwin
    cpu_info = subprocess.run(
        "sysctl -n hw.physicalcpu".split(),
        capture_output=True,
        text=True,
    )
  File "/opt/homebrew/Cellar/python@3.14/3.14.3_1/Frameworks/Python.framework/Versions/3.14/lib/python3.14/subprocess.py", line 554, in run
    with Popen(*popenargs, **kwargs) as process:
         ~~~~~^^^^^^^^^^^^^^^^^^^^^^
  File "/opt/homebrew/Cellar/python@3.14/3.14.3_1/Frameworks/Python.framework/Versions/3.14/lib/python3.14/subprocess.py", line 1038, in __init__
    self._execute_child(args, executable, preexec_fn, close_fds,
    ~~~~~~~~~~~~~~~~~~~^^^^^^^^^^^^^^^^^^^^^^^^^^^^^^^^^^^^^^^^^
                        pass_fds, cwd, env,
                        ^^^^^^^^^^^^^^^^^^^
    ...<5 lines>...
                        gid, gids, uid, umask,
                        ^^^^^^^^^^^^^^^^^^^^^^
                        start_new_session, process_group)
                        ^^^^^^^^^^^^^^^^^^^^^^^^^^^^^^^^^
  File "/opt/homebrew/Cellar/python@3.14/3.14.3_1/Frameworks/Python.framework/Versions/3.14/lib/python3.14/subprocess.py", line 1989, in _execute_child
    raise child_exception_type(errno_num, err_msg, err_filename)
/opt/homebrew/lib/python3.14/site-packages/sklearn/utils/validation.py:2691: UserWarning: X does not have valid feature names, but LGBMClassifier was fitted with feature names
  warnings.warn(
/opt/homebrew/lib/python3.14/site-packages/sklearn/utils/validation.py:2691: UserWarning: X does not have valid feature names, but LGBMClassifier was fitted with feature names
  warnings.warn(
/opt/homebrew/lib/python3.14/site-packages/sklearn/utils/validation.py:2691: UserWarning: X does not have valid feature names, but LGBMClassifier was fitted with feature names
  warnings.warn(
/opt/homebrew/lib/python3.14/site-packages/sklearn/utils/validation.py:2691: UserWarning: X does not have valid feature names, but LGBMClassifier was fitted with feature names
  warnings.warn(
/opt/homebrew/lib/python3.14/site-packages/sklearn/utils/validation.py:2691: UserWarning: X does not have valid feature names, but LGBMClassifier was fitted with feature names
  warnings.warn(
/opt/homebrew/lib/python3.14/site-packages/sklearn/utils/validation.py:2691: UserWarning: X does not have valid feature names, but LGBMClassifier was fitted with feature names
  warnings.warn(
/opt/homebrew/lib/python3.14/site-packages/sklearn/utils/validation.py:2691: UserWarning: X does not have valid feature names, but LGBMClassifier was fitted with feature names
  warnings.warn(
/opt/homebrew/lib/python3.14/site-packages/sklearn/utils/validation.py:2691: UserWarning: X does not have valid feature names, but LGBMClassifier was fitted with feature names
  warnings.warn(
/opt/homebrew/lib/python3.14/site-packages/sklearn/utils/validation.py:2691: UserWarning: X does not have valid feature names, but LGBMClassifier was fitted with feature names
  warnings.warn(
/opt/homebrew/lib/python3.14/site-packages/sklearn/utils/validation.py:2691: UserWarning: X does not have valid feature names, but LGBMClassifier was fitted with feature names
  warnings.warn(
/opt/homebrew/lib/python3.14/site-packages/sklearn/utils/validation.py:2691: UserWarning: X does not have valid feature names, but LGBMClassifier was fitted with feature names
  warnings.warn(
/opt/homebrew/lib/python3.14/site-packages/sklearn/utils/validation.py:2691: UserWarning: X does not have valid feature names, but LGBMClassifier was fitted with feature names
  warnings.warn(
/opt/homebrew/lib/python3.14/site-packages/sklearn/utils/validation.py:2691: UserWarning: X does not have valid feature names, but LGBMClassifier was fitted with feature names
  warnings.warn(

╔══════════════════════════════════════════════════════════╗
║           股票监控系统 - 30 分钟级别                         ║
║           邮件通知：21725056@zju.edu.cn                    ║
╚══════════════════════════════════════════════════════════╝
    
✓ 邮件通知已配置
已添加通知渠道：console
未配置通知渠道，使用控制台输出
============================================================
股票监控任务 - 2026-03-26 13:00:04
============================================================

[1/3] 获取股票数据 (30 分钟 K 线)...
获取数据：爱尔眼科 (300015)...
  ✓ 实时价格：9.59, 涨跌幅：-1.34%
  ✓ 历史数据：253 条
获取数据：汇川技术 (300124)...
  ✓ 实时价格：67.91, 涨跌幅：-0.15%
  ✓ 历史数据：253 条
获取数据：保利发展 (600048)...
  ✓ 实时价格：5.96, 涨跌幅：-0.83%
  ✓ 历史数据：253 条
获取数据：美团-W (3690)...
  ✗ 获取失败，尝试加载缓存...
  ✓ 从缓存加载：76.55
获取数据：阿里巴巴-W (9988)...
  ✗ 获取失败，尝试加载缓存...
  ✓ 从缓存加载：119.7
获取数据：腾讯控股 (0700)...
  ✗ 获取失败，尝试加载缓存...
  ✓ 从缓存加载：498.39999
获取数据：贵州茅台 (600519)...
  ✓ 实时价格：1404.70, 涨跌幅：-0.39%
  ✓ 历史数据：253 条

[2/3] 执行策略分析...

分析：爱尔眼科 (300015.SZ)
  🔴 信号：卖出 (评分：-2.25)

分析：汇川技术 (300124.SZ)
  ⚪ 信号：持有 (评分：-0.25)

分析：保利发展 (600048.SH)
  🔴 信号：卖出 (评分：-1.25)

分析：美团-W (3690.HK)
  ⚪ 信号：持有 (评分：1.75)

分析：阿里巴巴-W (9988.HK)
  🔴 信号：强烈卖出 (评分：-4.5)

分析：腾讯控股 (0700.HK)
  🔴 信号：强烈卖出 (评分：-5.5)

分析：贵州茅台 (600519.SH)
  🔴 信号：卖出 (评分：-2.5)

[3/3] 发送邮件通知...
  发现 5 个重要信号，发送汇总邮件...
  发送邮件... (尝试 1/3)
✓ 邮件已发送：交易信号提醒 - 2026-03-26 13:00 - 5只卖出信号

============================================================
监控汇总
============================================================
总计：7 只股票
买入：0 | 卖出：5 | 持有：2
  🔴 爱尔眼科: 卖出 (9.59)
  ⚪ 汇川技术: 持有 (67.91)
  🔴 保利发展: 卖出 (5.96)
  ⚪ 美团-W: 持有 (76.55)
  🔴 阿里巴巴-W: 强烈卖出 (119.70)
  🔴 腾讯控股: 强烈卖出 (498.40)
  🔴 贵州茅台: 卖出 (1404.70)
获取港股实时行情失败 3690.HK: 'date'
获取港股实时行情失败 9988.HK: 'date'
获取港股实时行情失败 0700.HK: 'date'
/opt/homebrew/lib/python3.14/site-packages/sklearn/utils/validation.py:2691: UserWarning: X does not have valid feature names, but LGBMClassifier was fitted with feature names
  warnings.warn(
/opt/homebrew/lib/python3.14/site-packages/joblib/externals/loky/backend/context.py:131: UserWarning: Could not find the number of physical cores for the following reason:
[Errno 2] No such file or directory: 'sysctl'
Returning the number of logical cores instead. You can silence this warning by setting LOKY_MAX_CPU_COUNT to the number of cores you want to use.
  warnings.warn(
  File "/opt/homebrew/lib/python3.14/site-packages/joblib/externals/loky/backend/context.py", line 249, in _count_physical_cores
    cpu_count_physical = _count_physical_cores_darwin()
  File "/opt/homebrew/lib/python3.14/site-packages/joblib/externals/loky/backend/context.py", line 312, in _count_physical_cores_darwin
    cpu_info = subprocess.run(
        "sysctl -n hw.physicalcpu".split(),
        capture_output=True,
        text=True,
    )
  File "/opt/homebrew/Cellar/python@3.14/3.14.3_1/Frameworks/Python.framework/Versions/3.14/lib/python3.14/subprocess.py", line 554, in run
    with Popen(*popenargs, **kwargs) as process:
         ~~~~~^^^^^^^^^^^^^^^^^^^^^^
  File "/opt/homebrew/Cellar/python@3.14/3.14.3_1/Frameworks/Python.framework/Versions/3.14/lib/python3.14/subprocess.py", line 1038, in __init__
    self._execute_child(args, executable, preexec_fn, close_fds,
    ~~~~~~~~~~~~~~~~~~~^^^^^^^^^^^^^^^^^^^^^^^^^^^^^^^^^^^^^^^^^
                        pass_fds, cwd, env,
                        ^^^^^^^^^^^^^^^^^^^
    ...<5 lines>...
                        gid, gids, uid, umask,
                        ^^^^^^^^^^^^^^^^^^^^^^
                        start_new_session, process_group)
                        ^^^^^^^^^^^^^^^^^^^^^^^^^^^^^^^^^
  File "/opt/homebrew/Cellar/python@3.14/3.14.3_1/Frameworks/Python.framework/Versions/3.14/lib/python3.14/subprocess.py", line 1989, in _execute_child
    raise child_exception_type(errno_num, err_msg, err_filename)
/opt/homebrew/lib/python3.14/site-packages/sklearn/utils/validation.py:2691: UserWarning: X does not have valid feature names, but LGBMClassifier was fitted with feature names
  warnings.warn(
/opt/homebrew/lib/python3.14/site-packages/sklearn/utils/validation.py:2691: UserWarning: X does not have valid feature names, but LGBMClassifier was fitted with feature names
  warnings.warn(
/opt/homebrew/lib/python3.14/site-packages/sklearn/utils/validation.py:2691: UserWarning: X does not have valid feature names, but LGBMClassifier was fitted with feature names
  warnings.warn(
/opt/homebrew/lib/python3.14/site-packages/sklearn/utils/validation.py:2691: UserWarning: X does not have valid feature names, but LGBMClassifier was fitted with feature names
  warnings.warn(
/opt/homebrew/lib/python3.14/site-packages/sklearn/utils/validation.py:2691: UserWarning: X does not have valid feature names, but LGBMClassifier was fitted with feature names
  warnings.warn(
/opt/homebrew/lib/python3.14/site-packages/sklearn/utils/validation.py:2691: UserWarning: X does not have valid feature names, but LGBMClassifier was fitted with feature names
  warnings.warn(
/opt/homebrew/lib/python3.14/site-packages/sklearn/utils/validation.py:2691: UserWarning: X does not have valid feature names, but LGBMClassifier was fitted with feature names
  warnings.warn(
/opt/homebrew/lib/python3.14/site-packages/sklearn/utils/validation.py:2691: UserWarning: X does not have valid feature names, but LGBMClassifier was fitted with feature names
  warnings.warn(
/opt/homebrew/lib/python3.14/site-packages/sklearn/utils/validation.py:2691: UserWarning: X does not have valid feature names, but LGBMClassifier was fitted with feature names
  warnings.warn(
/opt/homebrew/lib/python3.14/site-packages/sklearn/utils/validation.py:2691: UserWarning: X does not have valid feature names, but LGBMClassifier was fitted with feature names
  warnings.warn(
/opt/homebrew/lib/python3.14/site-packages/sklearn/utils/validation.py:2691: UserWarning: X does not have valid feature names, but LGBMClassifier was fitted with feature names
  warnings.warn(
/opt/homebrew/lib/python3.14/site-packages/sklearn/utils/validation.py:2691: UserWarning: X does not have valid feature names, but LGBMClassifier was fitted with feature names
  warnings.warn(
/opt/homebrew/lib/python3.14/site-packages/sklearn/utils/validation.py:2691: UserWarning: X does not have valid feature names, but LGBMClassifier was fitted with feature names
  warnings.warn(

╔══════════════════════════════════════════════════════════╗
║           股票监控系统 - 30 分钟级别                         ║
║           邮件通知：21725056@zju.edu.cn                    ║
╚══════════════════════════════════════════════════════════╝
    
✓ 邮件通知已配置
已添加通知渠道：console
未配置通知渠道，使用控制台输出
============================================================
股票监控任务 - 2026-03-26 13:30:04
============================================================

[1/3] 获取股票数据 (30 分钟 K 线)...
获取数据：爱尔眼科 (300015)...
  ✓ 实时价格：9.55, 涨跌幅：-1.75%
  ✓ 历史数据：254 条
获取数据：汇川技术 (300124)...
  ✓ 实时价格：67.61, 涨跌幅：-0.59%
  ✓ 历史数据：254 条
获取数据：保利发展 (600048)...
  ✓ 实时价格：5.93, 涨跌幅：-1.33%
  ✓ 历史数据：254 条
获取数据：美团-W (3690)...
  ✗ 获取失败，尝试加载缓存...
  ✓ 从缓存加载：76.55
获取数据：阿里巴巴-W (9988)...
  ✗ 获取失败，尝试加载缓存...
  ✓ 从缓存加载：119.7
获取数据：腾讯控股 (0700)...
  ✗ 获取失败，尝试加载缓存...
  ✓ 从缓存加载：498.39999
获取数据：贵州茅台 (600519)...
  ✓ 实时价格：1402.20, 涨跌幅：-0.57%
  ✓ 历史数据：254 条

[2/3] 执行策略分析...

分析：爱尔眼科 (300015.SZ)
  🔴 信号：强烈卖出 (评分：-3.5)

分析：汇川技术 (300124.SZ)
  ⚪ 信号：持有 (评分：0.0)

分析：保利发展 (600048.SH)
  🔴 信号：卖出 (评分：-1.25)

分析：美团-W (3690.HK)
  ⚪ 信号：持有 (评分：1.75)

分析：阿里巴巴-W (9988.HK)
  🔴 信号：强烈卖出 (评分：-4.5)

分析：腾讯控股 (0700.HK)
  🔴 信号：强烈卖出 (评分：-5.5)

分析：贵州茅台 (600519.SH)
  🔴 信号：卖出 (评分：-2.25)

[3/3] 发送邮件通知...
  发现 5 个重要信号，发送汇总邮件...
  发送邮件... (尝试 1/3)
✓ 邮件已发送：交易信号提醒 - 2026-03-26 13:30 - 5只卖出信号

============================================================
监控汇总
============================================================
总计：7 只股票
买入：0 | 卖出：5 | 持有：2
  🔴 爱尔眼科: 强烈卖出 (9.55)
  ⚪ 汇川技术: 持有 (67.61)
  🔴 保利发展: 卖出 (5.93)
  ⚪ 美团-W: 持有 (76.55)
  🔴 阿里巴巴-W: 强烈卖出 (119.70)
  🔴 腾讯控股: 强烈卖出 (498.40)
  🔴 贵州茅台: 卖出 (1402.20)
获取港股实时行情失败 3690.HK: 'date'
获取港股实时行情失败 9988.HK: 'date'
获取港股实时行情失败 0700.HK: 'date'
/opt/homebrew/lib/python3.14/site-packages/sklearn/utils/validation.py:2691: UserWarning: X does not have valid feature names, but LGBMClassifier was fitted with feature names
  warnings.warn(
/opt/homebrew/lib/python3.14/site-packages/joblib/externals/loky/backend/context.py:131: UserWarning: Could not find the number of physical cores for the following reason:
[Errno 2] No such file or directory: 'sysctl'
Returning the number of logical cores instead. You can silence this warning by setting LOKY_MAX_CPU_COUNT to the number of cores you want to use.
  warnings.warn(
  File "/opt/homebrew/lib/python3.14/site-packages/joblib/externals/loky/backend/context.py", line 249, in _count_physical_cores
    cpu_count_physical = _count_physical_cores_darwin()
  File "/opt/homebrew/lib/python3.14/site-packages/joblib/externals/loky/backend/context.py", line 312, in _count_physical_cores_darwin
    cpu_info = subprocess.run(
        "sysctl -n hw.physicalcpu".split(),
        capture_output=True,
        text=True,
    )
  File "/opt/homebrew/Cellar/python@3.14/3.14.3_1/Frameworks/Python.framework/Versions/3.14/lib/python3.14/subprocess.py", line 554, in run
    with Popen(*popenargs, **kwargs) as process:
         ~~~~~^^^^^^^^^^^^^^^^^^^^^^
  File "/opt/homebrew/Cellar/python@3.14/3.14.3_1/Frameworks/Python.framework/Versions/3.14/lib/python3.14/subprocess.py", line 1038, in __init__
    self._execute_child(args, executable, preexec_fn, close_fds,
    ~~~~~~~~~~~~~~~~~~~^^^^^^^^^^^^^^^^^^^^^^^^^^^^^^^^^^^^^^^^^
                        pass_fds, cwd, env,
                        ^^^^^^^^^^^^^^^^^^^
    ...<5 lines>...
                        gid, gids, uid, umask,
                        ^^^^^^^^^^^^^^^^^^^^^^
                        start_new_session, process_group)
                        ^^^^^^^^^^^^^^^^^^^^^^^^^^^^^^^^^
  File "/opt/homebrew/Cellar/python@3.14/3.14.3_1/Frameworks/Python.framework/Versions/3.14/lib/python3.14/subprocess.py", line 1989, in _execute_child
    raise child_exception_type(errno_num, err_msg, err_filename)
/opt/homebrew/lib/python3.14/site-packages/sklearn/utils/validation.py:2691: UserWarning: X does not have valid feature names, but LGBMClassifier was fitted with feature names
  warnings.warn(
/opt/homebrew/lib/python3.14/site-packages/sklearn/utils/validation.py:2691: UserWarning: X does not have valid feature names, but LGBMClassifier was fitted with feature names
  warnings.warn(
/opt/homebrew/lib/python3.14/site-packages/sklearn/utils/validation.py:2691: UserWarning: X does not have valid feature names, but LGBMClassifier was fitted with feature names
  warnings.warn(
/opt/homebrew/lib/python3.14/site-packages/sklearn/utils/validation.py:2691: UserWarning: X does not have valid feature names, but LGBMClassifier was fitted with feature names
  warnings.warn(
/opt/homebrew/lib/python3.14/site-packages/sklearn/utils/validation.py:2691: UserWarning: X does not have valid feature names, but LGBMClassifier was fitted with feature names
  warnings.warn(
/opt/homebrew/lib/python3.14/site-packages/sklearn/utils/validation.py:2691: UserWarning: X does not have valid feature names, but LGBMClassifier was fitted with feature names
  warnings.warn(
/opt/homebrew/lib/python3.14/site-packages/sklearn/utils/validation.py:2691: UserWarning: X does not have valid feature names, but LGBMClassifier was fitted with feature names
  warnings.warn(
/opt/homebrew/lib/python3.14/site-packages/sklearn/utils/validation.py:2691: UserWarning: X does not have valid feature names, but LGBMClassifier was fitted with feature names
  warnings.warn(
/opt/homebrew/lib/python3.14/site-packages/sklearn/utils/validation.py:2691: UserWarning: X does not have valid feature names, but LGBMClassifier was fitted with feature names
  warnings.warn(
/opt/homebrew/lib/python3.14/site-packages/sklearn/utils/validation.py:2691: UserWarning: X does not have valid feature names, but LGBMClassifier was fitted with feature names
  warnings.warn(
/opt/homebrew/lib/python3.14/site-packages/sklearn/utils/validation.py:2691: UserWarning: X does not have valid feature names, but LGBMClassifier was fitted with feature names
  warnings.warn(
/opt/homebrew/lib/python3.14/site-packages/sklearn/utils/validation.py:2691: UserWarning: X does not have valid feature names, but LGBMClassifier was fitted with feature names
  warnings.warn(
/opt/homebrew/lib/python3.14/site-packages/sklearn/utils/validation.py:2691: UserWarning: X does not have valid feature names, but LGBMClassifier was fitted with feature names
  warnings.warn(

╔══════════════════════════════════════════════════════════╗
║           股票监控系统 - 30 分钟级别                         ║
║           邮件通知：21725056@zju.edu.cn                    ║
╚══════════════════════════════════════════════════════════╝
    
✓ 邮件通知已配置
已添加通知渠道：console
未配置通知渠道，使用控制台输出
============================================================
股票监控任务 - 2026-03-26 14:00:06
============================================================

[1/3] 获取股票数据 (30 分钟 K 线)...
获取数据：爱尔眼科 (300015)...
  ✓ 实时价格：9.52, 涨跌幅：-2.06%
  ✓ 历史数据：255 条
获取数据：汇川技术 (300124)...
  ✓ 实时价格：67.59, 涨跌幅：-0.62%
  ✓ 历史数据：255 条
获取数据：保利发展 (600048)...
  ✓ 实时价格：5.92, 涨跌幅：-1.50%
  ✓ 历史数据：255 条
获取数据：美团-W (3690)...
  ✗ 获取失败，尝试加载缓存...
  ✓ 从缓存加载：76.55
获取数据：阿里巴巴-W (9988)...
  ✗ 获取失败，尝试加载缓存...
  ✓ 从缓存加载：119.7
获取数据：腾讯控股 (0700)...
  ✗ 获取失败，尝试加载缓存...
  ✓ 从缓存加载：498.39999
获取数据：贵州茅台 (600519)...
  ✓ 实时价格：1403.19, 涨跌幅：-0.50%
  ✓ 历史数据：255 条

[2/3] 执行策略分析...

分析：爱尔眼科 (300015.SZ)
  🔴 信号：卖出 (评分：-2.5)

分析：汇川技术 (300124.SZ)
  🟢 信号：买入 (评分：2.0)

分析：保利发展 (600048.SH)
  ⚪ 信号：持有 (评分：-1.0)

分析：美团-W (3690.HK)
  ⚪ 信号：持有 (评分：1.75)

分析：阿里巴巴-W (9988.HK)
  🔴 信号：强烈卖出 (评分：-4.5)

分析：腾讯控股 (0700.HK)
  🔴 信号：强烈卖出 (评分：-5.5)

分析：贵州茅台 (600519.SH)
  🔴 信号：卖出 (评分：-1.25)

[3/3] 发送邮件通知...
  发现 5 个重要信号，发送汇总邮件...
  发送邮件... (尝试 1/3)
✓ 邮件已发送：交易信号提醒 - 2026-03-26 14:00 - 1只买入, 4只卖出信号

============================================================
监控汇总
============================================================
总计：7 只股票
买入：1 | 卖出：4 | 持有：2
  🔴 爱尔眼科: 卖出 (9.52)
  🟢 汇川技术: 买入 (67.59)
  ⚪ 保利发展: 持有 (5.92)
  ⚪ 美团-W: 持有 (76.55)
  🔴 阿里巴巴-W: 强烈卖出 (119.70)
  🔴 腾讯控股: 强烈卖出 (498.40)
  🔴 贵州茅台: 卖出 (1403.19)
获取港股实时行情失败 3690.HK: 'date'
获取港股实时行情失败 9988.HK: 'date'
获取港股实时行情失败 0700.HK: 'date'
/opt/homebrew/lib/python3.14/site-packages/sklearn/utils/validation.py:2691: UserWarning: X does not have valid feature names, but LGBMClassifier was fitted with feature names
  warnings.warn(
/opt/homebrew/lib/python3.14/site-packages/joblib/externals/loky/backend/context.py:131: UserWarning: Could not find the number of physical cores for the following reason:
[Errno 2] No such file or directory: 'sysctl'
Returning the number of logical cores instead. You can silence this warning by setting LOKY_MAX_CPU_COUNT to the number of cores you want to use.
  warnings.warn(
  File "/opt/homebrew/lib/python3.14/site-packages/joblib/externals/loky/backend/context.py", line 249, in _count_physical_cores
    cpu_count_physical = _count_physical_cores_darwin()
  File "/opt/homebrew/lib/python3.14/site-packages/joblib/externals/loky/backend/context.py", line 312, in _count_physical_cores_darwin
    cpu_info = subprocess.run(
        "sysctl -n hw.physicalcpu".split(),
        capture_output=True,
        text=True,
    )
  File "/opt/homebrew/Cellar/python@3.14/3.14.3_1/Frameworks/Python.framework/Versions/3.14/lib/python3.14/subprocess.py", line 554, in run
    with Popen(*popenargs, **kwargs) as process:
         ~~~~~^^^^^^^^^^^^^^^^^^^^^^
  File "/opt/homebrew/Cellar/python@3.14/3.14.3_1/Frameworks/Python.framework/Versions/3.14/lib/python3.14/subprocess.py", line 1038, in __init__
    self._execute_child(args, executable, preexec_fn, close_fds,
    ~~~~~~~~~~~~~~~~~~~^^^^^^^^^^^^^^^^^^^^^^^^^^^^^^^^^^^^^^^^^
                        pass_fds, cwd, env,
                        ^^^^^^^^^^^^^^^^^^^
    ...<5 lines>...
                        gid, gids, uid, umask,
                        ^^^^^^^^^^^^^^^^^^^^^^
                        start_new_session, process_group)
                        ^^^^^^^^^^^^^^^^^^^^^^^^^^^^^^^^^
  File "/opt/homebrew/Cellar/python@3.14/3.14.3_1/Frameworks/Python.framework/Versions/3.14/lib/python3.14/subprocess.py", line 1989, in _execute_child
    raise child_exception_type(errno_num, err_msg, err_filename)
/opt/homebrew/lib/python3.14/site-packages/sklearn/utils/validation.py:2691: UserWarning: X does not have valid feature names, but LGBMClassifier was fitted with feature names
  warnings.warn(
/opt/homebrew/lib/python3.14/site-packages/sklearn/utils/validation.py:2691: UserWarning: X does not have valid feature names, but LGBMClassifier was fitted with feature names
  warnings.warn(
/opt/homebrew/lib/python3.14/site-packages/sklearn/utils/validation.py:2691: UserWarning: X does not have valid feature names, but LGBMClassifier was fitted with feature names
  warnings.warn(
/opt/homebrew/lib/python3.14/site-packages/sklearn/utils/validation.py:2691: UserWarning: X does not have valid feature names, but LGBMClassifier was fitted with feature names
  warnings.warn(
/opt/homebrew/lib/python3.14/site-packages/sklearn/utils/validation.py:2691: UserWarning: X does not have valid feature names, but LGBMClassifier was fitted with feature names
  warnings.warn(
/opt/homebrew/lib/python3.14/site-packages/sklearn/utils/validation.py:2691: UserWarning: X does not have valid feature names, but LGBMClassifier was fitted with feature names
  warnings.warn(
/opt/homebrew/lib/python3.14/site-packages/sklearn/utils/validation.py:2691: UserWarning: X does not have valid feature names, but LGBMClassifier was fitted with feature names
  warnings.warn(
/opt/homebrew/lib/python3.14/site-packages/sklearn/utils/validation.py:2691: UserWarning: X does not have valid feature names, but LGBMClassifier was fitted with feature names
  warnings.warn(
/opt/homebrew/lib/python3.14/site-packages/sklearn/utils/validation.py:2691: UserWarning: X does not have valid feature names, but LGBMClassifier was fitted with feature names
  warnings.warn(
/opt/homebrew/lib/python3.14/site-packages/sklearn/utils/validation.py:2691: UserWarning: X does not have valid feature names, but LGBMClassifier was fitted with feature names
  warnings.warn(
/opt/homebrew/lib/python3.14/site-packages/sklearn/utils/validation.py:2691: UserWarning: X does not have valid feature names, but LGBMClassifier was fitted with feature names
  warnings.warn(
/opt/homebrew/lib/python3.14/site-packages/sklearn/utils/validation.py:2691: UserWarning: X does not have valid feature names, but LGBMClassifier was fitted with feature names
  warnings.warn(
/opt/homebrew/lib/python3.14/site-packages/sklearn/utils/validation.py:2691: UserWarning: X does not have valid feature names, but LGBMClassifier was fitted with feature names
  warnings.warn(

╔══════════════════════════════════════════════════════════╗
║           股票监控系统 - 30 分钟级别                         ║
║           邮件通知：21725056@zju.edu.cn                    ║
╚══════════════════════════════════════════════════════════╝
    
✓ 邮件通知已配置
已添加通知渠道：console
未配置通知渠道，使用控制台输出
============================================================
股票监控任务 - 2026-03-26 14:30:04
============================================================

[1/3] 获取股票数据 (30 分钟 K 线)...
获取数据：爱尔眼科 (300015)...
  ✓ 实时价格：9.47, 涨跌幅：-2.57%
  ✓ 历史数据：256 条
获取数据：汇川技术 (300124)...
  ✓ 实时价格：67.49, 涨跌幅：-0.76%
  ✓ 历史数据：256 条
获取数据：保利发展 (600048)...
  ✓ 实时价格：5.90, 涨跌幅：-1.83%
  ✓ 历史数据：256 条
获取数据：美团-W (3690)...
  ✗ 获取失败，尝试加载缓存...
  ✓ 从缓存加载：76.55
获取数据：阿里巴巴-W (9988)...
  ✗ 获取失败，尝试加载缓存...
  ✓ 从缓存加载：119.7
获取数据：腾讯控股 (0700)...
  ✗ 获取失败，尝试加载缓存...
  ✓ 从缓存加载：498.39999
获取数据：贵州茅台 (600519)...
  ✓ 实时价格：1401.33, 涨跌幅：-0.63%
  ✓ 历史数据：256 条

[2/3] 执行策略分析...

分析：爱尔眼科 (300015.SZ)
  🔴 信号：卖出 (评分：-2.75)

分析：汇川技术 (300124.SZ)
  ⚪ 信号：持有 (评分：1.0)

分析：保利发展 (600048.SH)
  🔴 信号：强烈卖出 (评分：-3.25)

分析：美团-W (3690.HK)
  ⚪ 信号：持有 (评分：1.75)

分析：阿里巴巴-W (9988.HK)
  🔴 信号：强烈卖出 (评分：-4.5)

分析：腾讯控股 (0700.HK)
  🔴 信号：强烈卖出 (评分：-5.5)

分析：贵州茅台 (600519.SH)
  🔴 信号：卖出 (评分：-1.5)

[3/3] 发送邮件通知...
  发现 5 个重要信号，发送汇总邮件...
  发送邮件... (尝试 1/3)
✓ 邮件已发送：交易信号提醒 - 2026-03-26 14:30 - 5只卖出信号

============================================================
监控汇总
============================================================
总计：7 只股票
买入：0 | 卖出：5 | 持有：2
  🔴 爱尔眼科: 卖出 (9.47)
  ⚪ 汇川技术: 持有 (67.49)
  🔴 保利发展: 强烈卖出 (5.90)
  ⚪ 美团-W: 持有 (76.55)
  🔴 阿里巴巴-W: 强烈卖出 (119.70)
  🔴 腾讯控股: 强烈卖出 (498.40)
  🔴 贵州茅台: 卖出 (1401.33)
获取港股实时行情失败 3690.HK: 'date'
获取港股实时行情失败 9988.HK: 'date'
获取港股实时行情失败 0700.HK: 'date'
/opt/homebrew/lib/python3.14/site-packages/sklearn/utils/validation.py:2691: UserWarning: X does not have valid feature names, but LGBMClassifier was fitted with feature names
  warnings.warn(
/opt/homebrew/lib/python3.14/site-packages/joblib/externals/loky/backend/context.py:131: UserWarning: Could not find the number of physical cores for the following reason:
[Errno 2] No such file or directory: 'sysctl'
Returning the number of logical cores instead. You can silence this warning by setting LOKY_MAX_CPU_COUNT to the number of cores you want to use.
  warnings.warn(
  File "/opt/homebrew/lib/python3.14/site-packages/joblib/externals/loky/backend/context.py", line 249, in _count_physical_cores
    cpu_count_physical = _count_physical_cores_darwin()
  File "/opt/homebrew/lib/python3.14/site-packages/joblib/externals/loky/backend/context.py", line 312, in _count_physical_cores_darwin
    cpu_info = subprocess.run(
        "sysctl -n hw.physicalcpu".split(),
        capture_output=True,
        text=True,
    )
  File "/opt/homebrew/Cellar/python@3.14/3.14.3_1/Frameworks/Python.framework/Versions/3.14/lib/python3.14/subprocess.py", line 554, in run
    with Popen(*popenargs, **kwargs) as process:
         ~~~~~^^^^^^^^^^^^^^^^^^^^^^
  File "/opt/homebrew/Cellar/python@3.14/3.14.3_1/Frameworks/Python.framework/Versions/3.14/lib/python3.14/subprocess.py", line 1038, in __init__
    self._execute_child(args, executable, preexec_fn, close_fds,
    ~~~~~~~~~~~~~~~~~~~^^^^^^^^^^^^^^^^^^^^^^^^^^^^^^^^^^^^^^^^^
                        pass_fds, cwd, env,
                        ^^^^^^^^^^^^^^^^^^^
    ...<5 lines>...
                        gid, gids, uid, umask,
                        ^^^^^^^^^^^^^^^^^^^^^^
                        start_new_session, process_group)
                        ^^^^^^^^^^^^^^^^^^^^^^^^^^^^^^^^^
  File "/opt/homebrew/Cellar/python@3.14/3.14.3_1/Frameworks/Python.framework/Versions/3.14/lib/python3.14/subprocess.py", line 1989, in _execute_child
    raise child_exception_type(errno_num, err_msg, err_filename)
/opt/homebrew/lib/python3.14/site-packages/sklearn/utils/validation.py:2691: UserWarning: X does not have valid feature names, but LGBMClassifier was fitted with feature names
  warnings.warn(
/opt/homebrew/lib/python3.14/site-packages/sklearn/utils/validation.py:2691: UserWarning: X does not have valid feature names, but LGBMClassifier was fitted with feature names
  warnings.warn(
/opt/homebrew/lib/python3.14/site-packages/sklearn/utils/validation.py:2691: UserWarning: X does not have valid feature names, but LGBMClassifier was fitted with feature names
  warnings.warn(
/opt/homebrew/lib/python3.14/site-packages/sklearn/utils/validation.py:2691: UserWarning: X does not have valid feature names, but LGBMClassifier was fitted with feature names
  warnings.warn(
/opt/homebrew/lib/python3.14/site-packages/sklearn/utils/validation.py:2691: UserWarning: X does not have valid feature names, but LGBMClassifier was fitted with feature names
  warnings.warn(
/opt/homebrew/lib/python3.14/site-packages/sklearn/utils/validation.py:2691: UserWarning: X does not have valid feature names, but LGBMClassifier was fitted with feature names
  warnings.warn(
/opt/homebrew/lib/python3.14/site-packages/sklearn/utils/validation.py:2691: UserWarning: X does not have valid feature names, but LGBMClassifier was fitted with feature names
  warnings.warn(
/opt/homebrew/lib/python3.14/site-packages/sklearn/utils/validation.py:2691: UserWarning: X does not have valid feature names, but LGBMClassifier was fitted with feature names
  warnings.warn(
/opt/homebrew/lib/python3.14/site-packages/sklearn/utils/validation.py:2691: UserWarning: X does not have valid feature names, but LGBMClassifier was fitted with feature names
  warnings.warn(
/opt/homebrew/lib/python3.14/site-packages/sklearn/utils/validation.py:2691: UserWarning: X does not have valid feature names, but LGBMClassifier was fitted with feature names
  warnings.warn(
/opt/homebrew/lib/python3.14/site-packages/sklearn/utils/validation.py:2691: UserWarning: X does not have valid feature names, but LGBMClassifier was fitted with feature names
  warnings.warn(
/opt/homebrew/lib/python3.14/site-packages/sklearn/utils/validation.py:2691: UserWarning: X does not have valid feature names, but LGBMClassifier was fitted with feature names
  warnings.warn(
/opt/homebrew/lib/python3.14/site-packages/sklearn/utils/validation.py:2691: UserWarning: X does not have valid feature names, but LGBMClassifier was fitted with feature names
  warnings.warn(

╔══════════════════════════════════════════════════════════╗
║           股票监控系统 - 30 分钟级别                         ║
║           邮件通知：21725056@zju.edu.cn                    ║
╚══════════════════════════════════════════════════════════╝
    
✓ 邮件通知已配置
已添加通知渠道：console
未配置通知渠道，使用控制台输出
============================================================
股票监控任务 - 2026-03-26 15:00:03
============================================================

[1/3] 获取股票数据 (30 分钟 K 线)...
获取数据：爱尔眼科 (300015)...
  ✓ 实时价格：9.42, 涨跌幅：-3.09%
  ✓ 历史数据：256 条
获取数据：汇川技术 (300124)...
  ✓ 实时价格：67.52, 涨跌幅：-0.72%
  ✓ 历史数据：256 条
获取数据：保利发展 (600048)...
  ✓ 实时价格：5.88, 涨跌幅：-2.16%
  ✓ 历史数据：256 条
获取数据：美团-W (3690)...
  ✗ 获取失败，尝试加载缓存...
  ✓ 从缓存加载：76.55
获取数据：阿里巴巴-W (9988)...
  ✗ 获取失败，尝试加载缓存...
  ✓ 从缓存加载：119.7
获取数据：腾讯控股 (0700)...
  ✗ 获取失败，尝试加载缓存...
  ✓ 从缓存加载：498.39999
获取数据：贵州茅台 (600519)...
  ✓ 实时价格：1401.18, 涨跌幅：-0.64%
  ✓ 历史数据：256 条

[2/3] 执行策略分析...

分析：爱尔眼科 (300015.SZ)
  🔴 信号：卖出 (评分：-1.75)

分析：汇川技术 (300124.SZ)
  ⚪ 信号：持有 (评分：0.75)

分析：保利发展 (600048.SH)
  🔴 信号：强烈卖出 (评分：-5.5)

分析：美团-W (3690.HK)
  ⚪ 信号：持有 (评分：1.75)

分析：阿里巴巴-W (9988.HK)
  🔴 信号：强烈卖出 (评分：-4.5)

分析：腾讯控股 (0700.HK)
  🔴 信号：强烈卖出 (评分：-5.5)

分析：贵州茅台 (600519.SH)
  ⚪ 信号：持有 (评分：-0.5)

[3/3] 发送邮件通知...
  发现 4 个重要信号，发送汇总邮件...
  发送邮件... (尝试 1/3)
✓ 邮件已发送：交易信号提醒 - 2026-03-26 15:00 - 4只卖出信号

============================================================
监控汇总
============================================================
总计：7 只股票
买入：0 | 卖出：4 | 持有：3
  🔴 爱尔眼科: 卖出 (9.42)
  ⚪ 汇川技术: 持有 (67.52)
  🔴 保利发展: 强烈卖出 (5.88)
  ⚪ 美团-W: 持有 (76.55)
  🔴 阿里巴巴-W: 强烈卖出 (119.70)
  🔴 腾讯控股: 强烈卖出 (498.40)
  ⚪ 贵州茅台: 持有 (1401.18)
获取港股实时行情失败 3690.HK: 'date'
获取港股实时行情失败 9988.HK: 'date'
获取港股实时行情失败 0700.HK: 'date'
/opt/homebrew/lib/python3.14/site-packages/sklearn/utils/validation.py:2691: UserWarning: X does not have valid feature names, but LGBMClassifier was fitted with feature names
  warnings.warn(
/opt/homebrew/lib/python3.14/site-packages/joblib/externals/loky/backend/context.py:131: UserWarning: Could not find the number of physical cores for the following reason:
[Errno 2] No such file or directory: 'sysctl'
Returning the number of logical cores instead. You can silence this warning by setting LOKY_MAX_CPU_COUNT to the number of cores you want to use.
  warnings.warn(
  File "/opt/homebrew/lib/python3.14/site-packages/joblib/externals/loky/backend/context.py", line 249, in _count_physical_cores
    cpu_count_physical = _count_physical_cores_darwin()
  File "/opt/homebrew/lib/python3.14/site-packages/joblib/externals/loky/backend/context.py", line 312, in _count_physical_cores_darwin
    cpu_info = subprocess.run(
        "sysctl -n hw.physicalcpu".split(),
        capture_output=True,
        text=True,
    )
  File "/opt/homebrew/Cellar/python@3.14/3.14.3_1/Frameworks/Python.framework/Versions/3.14/lib/python3.14/subprocess.py", line 554, in run
    with Popen(*popenargs, **kwargs) as process:
         ~~~~~^^^^^^^^^^^^^^^^^^^^^^
  File "/opt/homebrew/Cellar/python@3.14/3.14.3_1/Frameworks/Python.framework/Versions/3.14/lib/python3.14/subprocess.py", line 1038, in __init__
    self._execute_child(args, executable, preexec_fn, close_fds,
    ~~~~~~~~~~~~~~~~~~~^^^^^^^^^^^^^^^^^^^^^^^^^^^^^^^^^^^^^^^^^
                        pass_fds, cwd, env,
                        ^^^^^^^^^^^^^^^^^^^
    ...<5 lines>...
                        gid, gids, uid, umask,
                        ^^^^^^^^^^^^^^^^^^^^^^
                        start_new_session, process_group)
                        ^^^^^^^^^^^^^^^^^^^^^^^^^^^^^^^^^
  File "/opt/homebrew/Cellar/python@3.14/3.14.3_1/Frameworks/Python.framework/Versions/3.14/lib/python3.14/subprocess.py", line 1989, in _execute_child
    raise child_exception_type(errno_num, err_msg, err_filename)
/opt/homebrew/lib/python3.14/site-packages/sklearn/utils/validation.py:2691: UserWarning: X does not have valid feature names, but LGBMClassifier was fitted with feature names
  warnings.warn(
/opt/homebrew/lib/python3.14/site-packages/sklearn/utils/validation.py:2691: UserWarning: X does not have valid feature names, but LGBMClassifier was fitted with feature names
  warnings.warn(
/opt/homebrew/lib/python3.14/site-packages/sklearn/utils/validation.py:2691: UserWarning: X does not have valid feature names, but LGBMClassifier was fitted with feature names
  warnings.warn(
/opt/homebrew/lib/python3.14/site-packages/sklearn/utils/validation.py:2691: UserWarning: X does not have valid feature names, but LGBMClassifier was fitted with feature names
  warnings.warn(
/opt/homebrew/lib/python3.14/site-packages/sklearn/utils/validation.py:2691: UserWarning: X does not have valid feature names, but LGBMClassifier was fitted with feature names
  warnings.warn(
/opt/homebrew/lib/python3.14/site-packages/sklearn/utils/validation.py:2691: UserWarning: X does not have valid feature names, but LGBMClassifier was fitted with feature names
  warnings.warn(
/opt/homebrew/lib/python3.14/site-packages/sklearn/utils/validation.py:2691: UserWarning: X does not have valid feature names, but LGBMClassifier was fitted with feature names
  warnings.warn(
/opt/homebrew/lib/python3.14/site-packages/sklearn/utils/validation.py:2691: UserWarning: X does not have valid feature names, but LGBMClassifier was fitted with feature names
  warnings.warn(
/opt/homebrew/lib/python3.14/site-packages/sklearn/utils/validation.py:2691: UserWarning: X does not have valid feature names, but LGBMClassifier was fitted with feature names
  warnings.warn(
/opt/homebrew/lib/python3.14/site-packages/sklearn/utils/validation.py:2691: UserWarning: X does not have valid feature names, but LGBMClassifier was fitted with feature names
  warnings.warn(
/opt/homebrew/lib/python3.14/site-packages/sklearn/utils/validation.py:2691: UserWarning: X does not have valid feature names, but LGBMClassifier was fitted with feature names
  warnings.warn(
/opt/homebrew/lib/python3.14/site-packages/sklearn/utils/validation.py:2691: UserWarning: X does not have valid feature names, but LGBMClassifier was fitted with feature names
  warnings.warn(
/opt/homebrew/lib/python3.14/site-packages/sklearn/utils/validation.py:2691: UserWarning: X does not have valid feature names, but LGBMClassifier was fitted with feature names
  warnings.warn(

╔══════════════════════════════════════════════════════════╗
║           股票监控系统 - 30 分钟级别                         ║
║           邮件通知：21725056@zju.edu.cn                    ║
╚══════════════════════════════════════════════════════════╝
    
✓ 邮件通知已配置
已添加通知渠道：console
未配置通知渠道，使用控制台输出
============================================================
股票监控任务 - 2026-03-26 15:30:03
============================================================

[1/3] 获取股票数据 (30 分钟 K 线)...
获取数据：爱尔眼科 (300015)...
  ✓ 实时价格：9.42, 涨跌幅：-3.09%
  ✓ 历史数据：256 条
获取数据：汇川技术 (300124)...
  ✓ 实时价格：67.52, 涨跌幅：-0.72%
  ✓ 历史数据：256 条
获取数据：保利发展 (600048)...
  ✓ 实时价格：5.88, 涨跌幅：-2.16%
  ✓ 历史数据：256 条
获取数据：美团-W (3690)...
  ✗ 获取失败，尝试加载缓存...
  ✓ 从缓存加载：76.55
获取数据：阿里巴巴-W (9988)...
  ✗ 获取失败，尝试加载缓存...
  ✓ 从缓存加载：119.7
获取数据：腾讯控股 (0700)...
  ✗ 获取失败，尝试加载缓存...
  ✓ 从缓存加载：498.39999
获取数据：贵州茅台 (600519)...
  ✓ 实时价格：1401.18, 涨跌幅：-0.64%
  ✓ 历史数据：256 条

[2/3] 执行策略分析...

分析：爱尔眼科 (300015.SZ)
  🔴 信号：卖出 (评分：-1.75)

分析：汇川技术 (300124.SZ)
  ⚪ 信号：持有 (评分：0.75)

分析：保利发展 (600048.SH)
  🔴 信号：强烈卖出 (评分：-5.5)

分析：美团-W (3690.HK)
  ⚪ 信号：持有 (评分：1.75)

分析：阿里巴巴-W (9988.HK)
  🔴 信号：强烈卖出 (评分：-4.5)

分析：腾讯控股 (0700.HK)
  🔴 信号：强烈卖出 (评分：-5.5)

分析：贵州茅台 (600519.SH)
  ⚪ 信号：持有 (评分：-0.5)

[3/3] 发送邮件通知...
  发现 4 个重要信号，发送汇总邮件...
  发送邮件... (尝试 1/3)
✓ 邮件已发送：交易信号提醒 - 2026-03-26 15:30 - 4只卖出信号

============================================================
监控汇总
============================================================
总计：7 只股票
买入：0 | 卖出：4 | 持有：3
  🔴 爱尔眼科: 卖出 (9.42)
  ⚪ 汇川技术: 持有 (67.52)
  🔴 保利发展: 强烈卖出 (5.88)
  ⚪ 美团-W: 持有 (76.55)
  🔴 阿里巴巴-W: 强烈卖出 (119.70)
  🔴 腾讯控股: 强烈卖出 (498.40)
  ⚪ 贵州茅台: 持有 (1401.18)
获取港股实时行情失败 3690.HK: 'date'
获取港股实时行情失败 9988.HK: 'date'
获取港股实时行情失败 0700.HK: 'date'
/opt/homebrew/lib/python3.14/site-packages/sklearn/utils/validation.py:2691: UserWarning: X does not have valid feature names, but LGBMClassifier was fitted with feature names
  warnings.warn(
/opt/homebrew/lib/python3.14/site-packages/joblib/externals/loky/backend/context.py:131: UserWarning: Could not find the number of physical cores for the following reason:
[Errno 2] No such file or directory: 'sysctl'
Returning the number of logical cores instead. You can silence this warning by setting LOKY_MAX_CPU_COUNT to the number of cores you want to use.
  warnings.warn(
  File "/opt/homebrew/lib/python3.14/site-packages/joblib/externals/loky/backend/context.py", line 249, in _count_physical_cores
    cpu_count_physical = _count_physical_cores_darwin()
  File "/opt/homebrew/lib/python3.14/site-packages/joblib/externals/loky/backend/context.py", line 312, in _count_physical_cores_darwin
    cpu_info = subprocess.run(
        "sysctl -n hw.physicalcpu".split(),
        capture_output=True,
        text=True,
    )
  File "/opt/homebrew/Cellar/python@3.14/3.14.3_1/Frameworks/Python.framework/Versions/3.14/lib/python3.14/subprocess.py", line 554, in run
    with Popen(*popenargs, **kwargs) as process:
         ~~~~~^^^^^^^^^^^^^^^^^^^^^^
  File "/opt/homebrew/Cellar/python@3.14/3.14.3_1/Frameworks/Python.framework/Versions/3.14/lib/python3.14/subprocess.py", line 1038, in __init__
    self._execute_child(args, executable, preexec_fn, close_fds,
    ~~~~~~~~~~~~~~~~~~~^^^^^^^^^^^^^^^^^^^^^^^^^^^^^^^^^^^^^^^^^
                        pass_fds, cwd, env,
                        ^^^^^^^^^^^^^^^^^^^
    ...<5 lines>...
                        gid, gids, uid, umask,
                        ^^^^^^^^^^^^^^^^^^^^^^
                        start_new_session, process_group)
                        ^^^^^^^^^^^^^^^^^^^^^^^^^^^^^^^^^
  File "/opt/homebrew/Cellar/python@3.14/3.14.3_1/Frameworks/Python.framework/Versions/3.14/lib/python3.14/subprocess.py", line 1989, in _execute_child
    raise child_exception_type(errno_num, err_msg, err_filename)
/opt/homebrew/lib/python3.14/site-packages/sklearn/utils/validation.py:2691: UserWarning: X does not have valid feature names, but LGBMClassifier was fitted with feature names
  warnings.warn(
/opt/homebrew/lib/python3.14/site-packages/sklearn/utils/validation.py:2691: UserWarning: X does not have valid feature names, but LGBMClassifier was fitted with feature names
  warnings.warn(
/opt/homebrew/lib/python3.14/site-packages/sklearn/utils/validation.py:2691: UserWarning: X does not have valid feature names, but LGBMClassifier was fitted with feature names
  warnings.warn(
/opt/homebrew/lib/python3.14/site-packages/sklearn/utils/validation.py:2691: UserWarning: X does not have valid feature names, but LGBMClassifier was fitted with feature names
  warnings.warn(
/opt/homebrew/lib/python3.14/site-packages/sklearn/utils/validation.py:2691: UserWarning: X does not have valid feature names, but LGBMClassifier was fitted with feature names
  warnings.warn(
/opt/homebrew/lib/python3.14/site-packages/sklearn/utils/validation.py:2691: UserWarning: X does not have valid feature names, but LGBMClassifier was fitted with feature names
  warnings.warn(
/opt/homebrew/lib/python3.14/site-packages/sklearn/utils/validation.py:2691: UserWarning: X does not have valid feature names, but LGBMClassifier was fitted with feature names
  warnings.warn(
/opt/homebrew/lib/python3.14/site-packages/sklearn/utils/validation.py:2691: UserWarning: X does not have valid feature names, but LGBMClassifier was fitted with feature names
  warnings.warn(
/opt/homebrew/lib/python3.14/site-packages/sklearn/utils/validation.py:2691: UserWarning: X does not have valid feature names, but LGBMClassifier was fitted with feature names
  warnings.warn(
/opt/homebrew/lib/python3.14/site-packages/sklearn/utils/validation.py:2691: UserWarning: X does not have valid feature names, but LGBMClassifier was fitted with feature names
  warnings.warn(
/opt/homebrew/lib/python3.14/site-packages/sklearn/utils/validation.py:2691: UserWarning: X does not have valid feature names, but LGBMClassifier was fitted with feature names
  warnings.warn(
/opt/homebrew/lib/python3.14/site-packages/sklearn/utils/validation.py:2691: UserWarning: X does not have valid feature names, but LGBMClassifier was fitted with feature names
  warnings.warn(
/opt/homebrew/lib/python3.14/site-packages/sklearn/utils/validation.py:2691: UserWarning: X does not have valid feature names, but LGBMClassifier was fitted with feature names
  warnings.warn(

╔══════════════════════════════════════════════════════════╗
║           股票监控系统 - 30 分钟级别                         ║
║           邮件通知：21725056@zju.edu.cn                    ║
╚══════════════════════════════════════════════════════════╝
    
✓ 邮件通知已配置
已添加通知渠道：console
未配置通知渠道，使用控制台输出
============================================================
股票监控任务 - 2026-03-27 10:30:05
============================================================

[1/3] 获取股票数据 (30 分钟 K 线)...
获取数据：爱尔眼科 (300015)...
  ✓ 实时价格：9.49, 涨跌幅：0.74%
  ✓ 历史数据：251 条
获取数据：汇川技术 (300124)...
  ✓ 实时价格：67.30, 涨跌幅：-0.33%
  ✓ 历史数据：251 条
获取数据：保利发展 (600048)...
  ✓ 实时价格：5.86, 涨跌幅：-0.34%
  ✓ 历史数据：251 条
获取数据：美团-W (3690)...
  ✗ 获取失败，尝试加载缓存...
  ✓ 从缓存加载：76.55
获取数据：阿里巴巴-W (9988)...
  ✗ 获取失败，尝试加载缓存...
  ✓ 从缓存加载：119.7
获取数据：腾讯控股 (0700)...
  ✗ 获取失败，尝试加载缓存...
  ✓ 从缓存加载：498.39999
获取数据：贵州茅台 (600519)...
  ✓ 实时价格：1420.00, 涨跌幅：1.34%
  ✓ 历史数据：251 条

[2/3] 执行策略分析...

分析：爱尔眼科 (300015.SZ)
  🔴 信号：卖出 (评分：-2.5)

分析：汇川技术 (300124.SZ)
  🔴 信号：卖出 (评分：-1.25)

分析：保利发展 (600048.SH)
  🔴 信号：卖出 (评分：-2.25)

分析：美团-W (3690.HK)
  ⚪ 信号：持有 (评分：1.75)

分析：阿里巴巴-W (9988.HK)
  🔴 信号：强烈卖出 (评分：-4.5)

分析：腾讯控股 (0700.HK)
  🔴 信号：强烈卖出 (评分：-5.5)

分析：贵州茅台 (600519.SH)
  🟢 信号：买入 (评分：3.5)

[3/3] 发送邮件通知...
  发现 6 个重要信号，发送汇总邮件...
  发送邮件... (尝试 1/3)
✓ 邮件已发送：交易信号提醒 - 2026-03-27 10:30 - 1只买入, 5只卖出信号

============================================================
监控汇总
============================================================
总计：7 只股票
买入：1 | 卖出：5 | 持有：1
  🔴 爱尔眼科: 卖出 (9.49)
  🔴 汇川技术: 卖出 (67.30)
  🔴 保利发展: 卖出 (5.86)
  ⚪ 美团-W: 持有 (76.55)
  🔴 阿里巴巴-W: 强烈卖出 (119.70)
  🔴 腾讯控股: 强烈卖出 (498.40)
  🟢 贵州茅台: 买入 (1420.00)
获取港股实时行情失败 3690.HK: 'date'
获取港股实时行情失败 9988.HK: 'date'
获取港股实时行情失败 0700.HK: 'date'
/opt/homebrew/lib/python3.14/site-packages/sklearn/utils/validation.py:2691: UserWarning: X does not have valid feature names, but LGBMClassifier was fitted with feature names
  warnings.warn(
/opt/homebrew/lib/python3.14/site-packages/joblib/externals/loky/backend/context.py:131: UserWarning: Could not find the number of physical cores for the following reason:
[Errno 2] No such file or directory: 'sysctl'
Returning the number of logical cores instead. You can silence this warning by setting LOKY_MAX_CPU_COUNT to the number of cores you want to use.
  warnings.warn(
  File "/opt/homebrew/lib/python3.14/site-packages/joblib/externals/loky/backend/context.py", line 249, in _count_physical_cores
    cpu_count_physical = _count_physical_cores_darwin()
  File "/opt/homebrew/lib/python3.14/site-packages/joblib/externals/loky/backend/context.py", line 312, in _count_physical_cores_darwin
    cpu_info = subprocess.run(
        "sysctl -n hw.physicalcpu".split(),
        capture_output=True,
        text=True,
    )
  File "/opt/homebrew/Cellar/python@3.14/3.14.3_1/Frameworks/Python.framework/Versions/3.14/lib/python3.14/subprocess.py", line 554, in run
    with Popen(*popenargs, **kwargs) as process:
         ~~~~~^^^^^^^^^^^^^^^^^^^^^^
  File "/opt/homebrew/Cellar/python@3.14/3.14.3_1/Frameworks/Python.framework/Versions/3.14/lib/python3.14/subprocess.py", line 1038, in __init__
    self._execute_child(args, executable, preexec_fn, close_fds,
    ~~~~~~~~~~~~~~~~~~~^^^^^^^^^^^^^^^^^^^^^^^^^^^^^^^^^^^^^^^^^
                        pass_fds, cwd, env,
                        ^^^^^^^^^^^^^^^^^^^
    ...<5 lines>...
                        gid, gids, uid, umask,
                        ^^^^^^^^^^^^^^^^^^^^^^
                        start_new_session, process_group)
                        ^^^^^^^^^^^^^^^^^^^^^^^^^^^^^^^^^
  File "/opt/homebrew/Cellar/python@3.14/3.14.3_1/Frameworks/Python.framework/Versions/3.14/lib/python3.14/subprocess.py", line 1989, in _execute_child
    raise child_exception_type(errno_num, err_msg, err_filename)
/opt/homebrew/lib/python3.14/site-packages/sklearn/utils/validation.py:2691: UserWarning: X does not have valid feature names, but LGBMClassifier was fitted with feature names
  warnings.warn(
/opt/homebrew/lib/python3.14/site-packages/sklearn/utils/validation.py:2691: UserWarning: X does not have valid feature names, but LGBMClassifier was fitted with feature names
  warnings.warn(
/opt/homebrew/lib/python3.14/site-packages/sklearn/utils/validation.py:2691: UserWarning: X does not have valid feature names, but LGBMClassifier was fitted with feature names
  warnings.warn(
/opt/homebrew/lib/python3.14/site-packages/sklearn/utils/validation.py:2691: UserWarning: X does not have valid feature names, but LGBMClassifier was fitted with feature names
  warnings.warn(
/opt/homebrew/lib/python3.14/site-packages/sklearn/utils/validation.py:2691: UserWarning: X does not have valid feature names, but LGBMClassifier was fitted with feature names
  warnings.warn(
/opt/homebrew/lib/python3.14/site-packages/sklearn/utils/validation.py:2691: UserWarning: X does not have valid feature names, but LGBMClassifier was fitted with feature names
  warnings.warn(
/opt/homebrew/lib/python3.14/site-packages/sklearn/utils/validation.py:2691: UserWarning: X does not have valid feature names, but LGBMClassifier was fitted with feature names
  warnings.warn(
/opt/homebrew/lib/python3.14/site-packages/sklearn/utils/validation.py:2691: UserWarning: X does not have valid feature names, but LGBMClassifier was fitted with feature names
  warnings.warn(
/opt/homebrew/lib/python3.14/site-packages/sklearn/utils/validation.py:2691: UserWarning: X does not have valid feature names, but LGBMClassifier was fitted with feature names
  warnings.warn(
/opt/homebrew/lib/python3.14/site-packages/sklearn/utils/validation.py:2691: UserWarning: X does not have valid feature names, but LGBMClassifier was fitted with feature names
  warnings.warn(
/opt/homebrew/lib/python3.14/site-packages/sklearn/utils/validation.py:2691: UserWarning: X does not have valid feature names, but LGBMClassifier was fitted with feature names
  warnings.warn(
/opt/homebrew/lib/python3.14/site-packages/sklearn/utils/validation.py:2691: UserWarning: X does not have valid feature names, but LGBMClassifier was fitted with feature names
  warnings.warn(
/opt/homebrew/lib/python3.14/site-packages/sklearn/utils/validation.py:2691: UserWarning: X does not have valid feature names, but LGBMClassifier was fitted with feature names
  warnings.warn(

╔══════════════════════════════════════════════════════════╗
║           股票监控系统 - 30 分钟级别                         ║
║           邮件通知：21725056@zju.edu.cn                    ║
╚══════════════════════════════════════════════════════════╝
    
✓ 邮件通知已配置
已添加通知渠道：console
未配置通知渠道，使用控制台输出
============================================================
股票监控任务 - 2026-03-27 11:00:04
============================================================

[1/3] 获取股票数据 (30 分钟 K 线)...
获取数据：爱尔眼科 (300015)...
  ✓ 实时价格：9.48, 涨跌幅：0.64%
  ✓ 历史数据：252 条
获取数据：汇川技术 (300124)...
  ✓ 实时价格：67.12, 涨跌幅：-0.59%
  ✓ 历史数据：252 条
获取数据：保利发展 (600048)...
  ✓ 实时价格：5.85, 涨跌幅：-0.51%
  ✓ 历史数据：252 条
获取数据：美团-W (3690)...
  ✗ 获取失败，尝试加载缓存...
  ✓ 从缓存加载：76.55
获取数据：阿里巴巴-W (9988)...
  ✗ 获取失败，尝试加载缓存...
  ✓ 从缓存加载：119.7
获取数据：腾讯控股 (0700)...
  ✗ 获取失败，尝试加载缓存...
  ✓ 从缓存加载：498.39999
获取数据：贵州茅台 (600519)...
  ✓ 实时价格：1414.63, 涨跌幅：0.96%
  ✓ 历史数据：252 条

[2/3] 执行策略分析...

分析：爱尔眼科 (300015.SZ)
  🔴 信号：卖出 (评分：-1.25)

分析：汇川技术 (300124.SZ)
  🔴 信号：强烈卖出 (评分：-4.25)

分析：保利发展 (600048.SH)
  🔴 信号：卖出 (评分：-2.25)

分析：美团-W (3690.HK)
  ⚪ 信号：持有 (评分：1.75)

分析：阿里巴巴-W (9988.HK)
  🔴 信号：强烈卖出 (评分：-4.5)

分析：腾讯控股 (0700.HK)
  🔴 信号：强烈卖出 (评分：-5.5)

分析：贵州茅台 (600519.SH)
  🟢 信号：买入 (评分：2.5)

[3/3] 发送邮件通知...
  发现 6 个重要信号，发送汇总邮件...
  发送邮件... (尝试 1/3)
✓ 邮件已发送：交易信号提醒 - 2026-03-27 11:00 - 1只买入, 5只卖出信号

============================================================
监控汇总
============================================================
总计：7 只股票
买入：1 | 卖出：5 | 持有：1
  🔴 爱尔眼科: 卖出 (9.48)
  🔴 汇川技术: 强烈卖出 (67.12)
  🔴 保利发展: 卖出 (5.85)
  ⚪ 美团-W: 持有 (76.55)
  🔴 阿里巴巴-W: 强烈卖出 (119.70)
  🔴 腾讯控股: 强烈卖出 (498.40)
  🟢 贵州茅台: 买入 (1414.63)
获取港股实时行情失败 3690.HK: 'date'
获取港股实时行情失败 9988.HK: 'date'
获取港股实时行情失败 0700.HK: 'date'
/opt/homebrew/lib/python3.14/site-packages/sklearn/utils/validation.py:2691: UserWarning: X does not have valid feature names, but LGBMClassifier was fitted with feature names
  warnings.warn(
/opt/homebrew/lib/python3.14/site-packages/joblib/externals/loky/backend/context.py:131: UserWarning: Could not find the number of physical cores for the following reason:
[Errno 2] No such file or directory: 'sysctl'
Returning the number of logical cores instead. You can silence this warning by setting LOKY_MAX_CPU_COUNT to the number of cores you want to use.
  warnings.warn(
  File "/opt/homebrew/lib/python3.14/site-packages/joblib/externals/loky/backend/context.py", line 249, in _count_physical_cores
    cpu_count_physical = _count_physical_cores_darwin()
  File "/opt/homebrew/lib/python3.14/site-packages/joblib/externals/loky/backend/context.py", line 312, in _count_physical_cores_darwin
    cpu_info = subprocess.run(
        "sysctl -n hw.physicalcpu".split(),
        capture_output=True,
        text=True,
    )
  File "/opt/homebrew/Cellar/python@3.14/3.14.3_1/Frameworks/Python.framework/Versions/3.14/lib/python3.14/subprocess.py", line 554, in run
    with Popen(*popenargs, **kwargs) as process:
         ~~~~~^^^^^^^^^^^^^^^^^^^^^^
  File "/opt/homebrew/Cellar/python@3.14/3.14.3_1/Frameworks/Python.framework/Versions/3.14/lib/python3.14/subprocess.py", line 1038, in __init__
    self._execute_child(args, executable, preexec_fn, close_fds,
    ~~~~~~~~~~~~~~~~~~~^^^^^^^^^^^^^^^^^^^^^^^^^^^^^^^^^^^^^^^^^
                        pass_fds, cwd, env,
                        ^^^^^^^^^^^^^^^^^^^
    ...<5 lines>...
                        gid, gids, uid, umask,
                        ^^^^^^^^^^^^^^^^^^^^^^
                        start_new_session, process_group)
                        ^^^^^^^^^^^^^^^^^^^^^^^^^^^^^^^^^
  File "/opt/homebrew/Cellar/python@3.14/3.14.3_1/Frameworks/Python.framework/Versions/3.14/lib/python3.14/subprocess.py", line 1989, in _execute_child
    raise child_exception_type(errno_num, err_msg, err_filename)
/opt/homebrew/lib/python3.14/site-packages/sklearn/utils/validation.py:2691: UserWarning: X does not have valid feature names, but LGBMClassifier was fitted with feature names
  warnings.warn(
/opt/homebrew/lib/python3.14/site-packages/sklearn/utils/validation.py:2691: UserWarning: X does not have valid feature names, but LGBMClassifier was fitted with feature names
  warnings.warn(
/opt/homebrew/lib/python3.14/site-packages/sklearn/utils/validation.py:2691: UserWarning: X does not have valid feature names, but LGBMClassifier was fitted with feature names
  warnings.warn(
/opt/homebrew/lib/python3.14/site-packages/sklearn/utils/validation.py:2691: UserWarning: X does not have valid feature names, but LGBMClassifier was fitted with feature names
  warnings.warn(
/opt/homebrew/lib/python3.14/site-packages/sklearn/utils/validation.py:2691: UserWarning: X does not have valid feature names, but LGBMClassifier was fitted with feature names
  warnings.warn(
/opt/homebrew/lib/python3.14/site-packages/sklearn/utils/validation.py:2691: UserWarning: X does not have valid feature names, but LGBMClassifier was fitted with feature names
  warnings.warn(
/opt/homebrew/lib/python3.14/site-packages/sklearn/utils/validation.py:2691: UserWarning: X does not have valid feature names, but LGBMClassifier was fitted with feature names
  warnings.warn(
/opt/homebrew/lib/python3.14/site-packages/sklearn/utils/validation.py:2691: UserWarning: X does not have valid feature names, but LGBMClassifier was fitted with feature names
  warnings.warn(
/opt/homebrew/lib/python3.14/site-packages/sklearn/utils/validation.py:2691: UserWarning: X does not have valid feature names, but LGBMClassifier was fitted with feature names
  warnings.warn(
/opt/homebrew/lib/python3.14/site-packages/sklearn/utils/validation.py:2691: UserWarning: X does not have valid feature names, but LGBMClassifier was fitted with feature names
  warnings.warn(
/opt/homebrew/lib/python3.14/site-packages/sklearn/utils/validation.py:2691: UserWarning: X does not have valid feature names, but LGBMClassifier was fitted with feature names
  warnings.warn(
/opt/homebrew/lib/python3.14/site-packages/sklearn/utils/validation.py:2691: UserWarning: X does not have valid feature names, but LGBMClassifier was fitted with feature names
  warnings.warn(
/opt/homebrew/lib/python3.14/site-packages/sklearn/utils/validation.py:2691: UserWarning: X does not have valid feature names, but LGBMClassifier was fitted with feature names
  warnings.warn(

╔══════════════════════════════════════════════════════════╗
║           股票监控系统 - 30 分钟级别                         ║
║           邮件通知：21725056@zju.edu.cn                    ║
╚══════════════════════════════════════════════════════════╝
    
✓ 邮件通知已配置
已添加通知渠道：console
未配置通知渠道，使用控制台输出
============================================================
股票监控任务 - 2026-03-27 11:30:05
============================================================

[1/3] 获取股票数据 (30 分钟 K 线)...
获取数据：爱尔眼科 (300015)...
  ✓ 实时价格：9.49, 涨跌幅：0.74%
  ✓ 历史数据：252 条
获取数据：汇川技术 (300124)...
  ✓ 实时价格：67.34, 涨跌幅：-0.27%
  ✓ 历史数据：252 条
获取数据：保利发展 (600048)...
  ✓ 实时价格：5.87, 涨跌幅：-0.17%
  ✓ 历史数据：252 条
获取数据：美团-W (3690)...
  ✗ 获取失败，尝试加载缓存...
  ✓ 从缓存加载：76.55
获取数据：阿里巴巴-W (9988)...
  ✗ 获取失败，尝试加载缓存...
  ✓ 从缓存加载：119.7
获取数据：腾讯控股 (0700)...
  ✗ 获取失败，尝试加载缓存...
  ✓ 从缓存加载：498.39999
获取数据：贵州茅台 (600519)...
  ✓ 实时价格：1413.90, 涨跌幅：0.91%
  ✓ 历史数据：252 条

[2/3] 执行策略分析...

分析：爱尔眼科 (300015.SZ)
  🔴 信号：卖出 (评分：-1.25)

分析：汇川技术 (300124.SZ)
  🔴 信号：卖出 (评分：-2.25)

分析：保利发展 (600048.SH)
  🔴 信号：卖出 (评分：-1.25)

分析：美团-W (3690.HK)
  ⚪ 信号：持有 (评分：1.75)

分析：阿里巴巴-W (9988.HK)
  🔴 信号：强烈卖出 (评分：-4.5)

分析：腾讯控股 (0700.HK)
  🔴 信号：强烈卖出 (评分：-5.5)

分析：贵州茅台 (600519.SH)
  🟢 信号：买入 (评分：2.5)

[3/3] 发送邮件通知...
  发现 6 个重要信号，发送汇总邮件...
  发送邮件... (尝试 1/3)
✓ 邮件已发送：交易信号提醒 - 2026-03-27 11:30 - 1只买入, 5只卖出信号

============================================================
监控汇总
============================================================
总计：7 只股票
买入：1 | 卖出：5 | 持有：1
  🔴 爱尔眼科: 卖出 (9.49)
  🔴 汇川技术: 卖出 (67.34)
  🔴 保利发展: 卖出 (5.87)
  ⚪ 美团-W: 持有 (76.55)
  🔴 阿里巴巴-W: 强烈卖出 (119.70)
  🔴 腾讯控股: 强烈卖出 (498.40)
  🟢 贵州茅台: 买入 (1413.90)
获取港股实时行情失败 3690.HK: 'date'
获取港股实时行情失败 9988.HK: 'date'
获取港股实时行情失败 0700.HK: 'date'
/opt/homebrew/lib/python3.14/site-packages/sklearn/utils/validation.py:2691: UserWarning: X does not have valid feature names, but LGBMClassifier was fitted with feature names
  warnings.warn(
/opt/homebrew/lib/python3.14/site-packages/joblib/externals/loky/backend/context.py:131: UserWarning: Could not find the number of physical cores for the following reason:
[Errno 2] No such file or directory: 'sysctl'
Returning the number of logical cores instead. You can silence this warning by setting LOKY_MAX_CPU_COUNT to the number of cores you want to use.
  warnings.warn(
  File "/opt/homebrew/lib/python3.14/site-packages/joblib/externals/loky/backend/context.py", line 249, in _count_physical_cores
    cpu_count_physical = _count_physical_cores_darwin()
  File "/opt/homebrew/lib/python3.14/site-packages/joblib/externals/loky/backend/context.py", line 312, in _count_physical_cores_darwin
    cpu_info = subprocess.run(
        "sysctl -n hw.physicalcpu".split(),
        capture_output=True,
        text=True,
    )
  File "/opt/homebrew/Cellar/python@3.14/3.14.3_1/Frameworks/Python.framework/Versions/3.14/lib/python3.14/subprocess.py", line 554, in run
    with Popen(*popenargs, **kwargs) as process:
         ~~~~~^^^^^^^^^^^^^^^^^^^^^^
  File "/opt/homebrew/Cellar/python@3.14/3.14.3_1/Frameworks/Python.framework/Versions/3.14/lib/python3.14/subprocess.py", line 1038, in __init__
    self._execute_child(args, executable, preexec_fn, close_fds,
    ~~~~~~~~~~~~~~~~~~~^^^^^^^^^^^^^^^^^^^^^^^^^^^^^^^^^^^^^^^^^
                        pass_fds, cwd, env,
                        ^^^^^^^^^^^^^^^^^^^
    ...<5 lines>...
                        gid, gids, uid, umask,
                        ^^^^^^^^^^^^^^^^^^^^^^
                        start_new_session, process_group)
                        ^^^^^^^^^^^^^^^^^^^^^^^^^^^^^^^^^
  File "/opt/homebrew/Cellar/python@3.14/3.14.3_1/Frameworks/Python.framework/Versions/3.14/lib/python3.14/subprocess.py", line 1989, in _execute_child
    raise child_exception_type(errno_num, err_msg, err_filename)
/opt/homebrew/lib/python3.14/site-packages/sklearn/utils/validation.py:2691: UserWarning: X does not have valid feature names, but LGBMClassifier was fitted with feature names
  warnings.warn(
/opt/homebrew/lib/python3.14/site-packages/sklearn/utils/validation.py:2691: UserWarning: X does not have valid feature names, but LGBMClassifier was fitted with feature names
  warnings.warn(
/opt/homebrew/lib/python3.14/site-packages/sklearn/utils/validation.py:2691: UserWarning: X does not have valid feature names, but LGBMClassifier was fitted with feature names
  warnings.warn(
/opt/homebrew/lib/python3.14/site-packages/sklearn/utils/validation.py:2691: UserWarning: X does not have valid feature names, but LGBMClassifier was fitted with feature names
  warnings.warn(
/opt/homebrew/lib/python3.14/site-packages/sklearn/utils/validation.py:2691: UserWarning: X does not have valid feature names, but LGBMClassifier was fitted with feature names
  warnings.warn(
/opt/homebrew/lib/python3.14/site-packages/sklearn/utils/validation.py:2691: UserWarning: X does not have valid feature names, but LGBMClassifier was fitted with feature names
  warnings.warn(
/opt/homebrew/lib/python3.14/site-packages/sklearn/utils/validation.py:2691: UserWarning: X does not have valid feature names, but LGBMClassifier was fitted with feature names
  warnings.warn(
/opt/homebrew/lib/python3.14/site-packages/sklearn/utils/validation.py:2691: UserWarning: X does not have valid feature names, but LGBMClassifier was fitted with feature names
  warnings.warn(
/opt/homebrew/lib/python3.14/site-packages/sklearn/utils/validation.py:2691: UserWarning: X does not have valid feature names, but LGBMClassifier was fitted with feature names
  warnings.warn(
/opt/homebrew/lib/python3.14/site-packages/sklearn/utils/validation.py:2691: UserWarning: X does not have valid feature names, but LGBMClassifier was fitted with feature names
  warnings.warn(
/opt/homebrew/lib/python3.14/site-packages/sklearn/utils/validation.py:2691: UserWarning: X does not have valid feature names, but LGBMClassifier was fitted with feature names
  warnings.warn(
/opt/homebrew/lib/python3.14/site-packages/sklearn/utils/validation.py:2691: UserWarning: X does not have valid feature names, but LGBMClassifier was fitted with feature names
  warnings.warn(
/opt/homebrew/lib/python3.14/site-packages/sklearn/utils/validation.py:2691: UserWarning: X does not have valid feature names, but LGBMClassifier was fitted with feature names
  warnings.warn(

╔══════════════════════════════════════════════════════════╗
║           股票监控系统 - 30 分钟级别                         ║
║           邮件通知：21725056@zju.edu.cn                    ║
╚══════════════════════════════════════════════════════════╝
    
✓ 邮件通知已配置
已添加通知渠道：console
未配置通知渠道，使用控制台输出
============================================================
股票监控任务 - 2026-03-27 12:00:06
============================================================

[1/3] 获取股票数据 (30 分钟 K 线)...
获取数据：爱尔眼科 (300015)...
  ✓ 实时价格：9.49, 涨跌幅：0.74%
  ✓ 历史数据：252 条
获取数据：汇川技术 (300124)...
  ✓ 实时价格：67.34, 涨跌幅：-0.27%
  ✓ 历史数据：252 条
获取数据：保利发展 (600048)...
  ✓ 实时价格：5.87, 涨跌幅：-0.17%
  ✓ 历史数据：252 条
获取数据：美团-W (3690)...
  ✗ 获取失败，尝试加载缓存...
  ✓ 从缓存加载：76.55
获取数据：阿里巴巴-W (9988)...
  ✗ 获取失败，尝试加载缓存...
  ✓ 从缓存加载：119.7
获取数据：腾讯控股 (0700)...
  ✗ 获取失败，尝试加载缓存...
  ✓ 从缓存加载：498.39999
获取数据：贵州茅台 (600519)...
  ✓ 实时价格：1413.90, 涨跌幅：0.91%
  ✓ 历史数据：252 条

[2/3] 执行策略分析...

分析：爱尔眼科 (300015.SZ)
  🔴 信号：卖出 (评分：-1.25)

分析：汇川技术 (300124.SZ)
  🔴 信号：卖出 (评分：-2.25)

分析：保利发展 (600048.SH)
  🔴 信号：卖出 (评分：-1.25)

分析：美团-W (3690.HK)
  ⚪ 信号：持有 (评分：1.75)

分析：阿里巴巴-W (9988.HK)
  🔴 信号：强烈卖出 (评分：-4.5)

分析：腾讯控股 (0700.HK)
  🔴 信号：强烈卖出 (评分：-5.5)

分析：贵州茅台 (600519.SH)
  🟢 信号：买入 (评分：2.5)

[3/3] 发送邮件通知...
  发现 6 个重要信号，发送汇总邮件...
  发送邮件... (尝试 1/3)
✓ 邮件已发送：交易信号提醒 - 2026-03-27 12:00 - 1只买入, 5只卖出信号

============================================================
监控汇总
============================================================
总计：7 只股票
买入：1 | 卖出：5 | 持有：1
  🔴 爱尔眼科: 卖出 (9.49)
  🔴 汇川技术: 卖出 (67.34)
  🔴 保利发展: 卖出 (5.87)
  ⚪ 美团-W: 持有 (76.55)
  🔴 阿里巴巴-W: 强烈卖出 (119.70)
  🔴 腾讯控股: 强烈卖出 (498.40)
  🟢 贵州茅台: 买入 (1413.90)
获取港股实时行情失败 3690.HK: 'date'
获取港股实时行情失败 9988.HK: 'date'
获取港股实时行情失败 0700.HK: 'date'
/opt/homebrew/lib/python3.14/site-packages/sklearn/utils/validation.py:2691: UserWarning: X does not have valid feature names, but LGBMClassifier was fitted with feature names
  warnings.warn(
/opt/homebrew/lib/python3.14/site-packages/joblib/externals/loky/backend/context.py:131: UserWarning: Could not find the number of physical cores for the following reason:
[Errno 2] No such file or directory: 'sysctl'
Returning the number of logical cores instead. You can silence this warning by setting LOKY_MAX_CPU_COUNT to the number of cores you want to use.
  warnings.warn(
  File "/opt/homebrew/lib/python3.14/site-packages/joblib/externals/loky/backend/context.py", line 249, in _count_physical_cores
    cpu_count_physical = _count_physical_cores_darwin()
  File "/opt/homebrew/lib/python3.14/site-packages/joblib/externals/loky/backend/context.py", line 312, in _count_physical_cores_darwin
    cpu_info = subprocess.run(
        "sysctl -n hw.physicalcpu".split(),
        capture_output=True,
        text=True,
    )
  File "/opt/homebrew/Cellar/python@3.14/3.14.3_1/Frameworks/Python.framework/Versions/3.14/lib/python3.14/subprocess.py", line 554, in run
    with Popen(*popenargs, **kwargs) as process:
         ~~~~~^^^^^^^^^^^^^^^^^^^^^^
  File "/opt/homebrew/Cellar/python@3.14/3.14.3_1/Frameworks/Python.framework/Versions/3.14/lib/python3.14/subprocess.py", line 1038, in __init__
    self._execute_child(args, executable, preexec_fn, close_fds,
    ~~~~~~~~~~~~~~~~~~~^^^^^^^^^^^^^^^^^^^^^^^^^^^^^^^^^^^^^^^^^
                        pass_fds, cwd, env,
                        ^^^^^^^^^^^^^^^^^^^
    ...<5 lines>...
                        gid, gids, uid, umask,
                        ^^^^^^^^^^^^^^^^^^^^^^
                        start_new_session, process_group)
                        ^^^^^^^^^^^^^^^^^^^^^^^^^^^^^^^^^
  File "/opt/homebrew/Cellar/python@3.14/3.14.3_1/Frameworks/Python.framework/Versions/3.14/lib/python3.14/subprocess.py", line 1989, in _execute_child
    raise child_exception_type(errno_num, err_msg, err_filename)
/opt/homebrew/lib/python3.14/site-packages/sklearn/utils/validation.py:2691: UserWarning: X does not have valid feature names, but LGBMClassifier was fitted with feature names
  warnings.warn(
/opt/homebrew/lib/python3.14/site-packages/sklearn/utils/validation.py:2691: UserWarning: X does not have valid feature names, but LGBMClassifier was fitted with feature names
  warnings.warn(
/opt/homebrew/lib/python3.14/site-packages/sklearn/utils/validation.py:2691: UserWarning: X does not have valid feature names, but LGBMClassifier was fitted with feature names
  warnings.warn(
/opt/homebrew/lib/python3.14/site-packages/sklearn/utils/validation.py:2691: UserWarning: X does not have valid feature names, but LGBMClassifier was fitted with feature names
  warnings.warn(
/opt/homebrew/lib/python3.14/site-packages/sklearn/utils/validation.py:2691: UserWarning: X does not have valid feature names, but LGBMClassifier was fitted with feature names
  warnings.warn(
/opt/homebrew/lib/python3.14/site-packages/sklearn/utils/validation.py:2691: UserWarning: X does not have valid feature names, but LGBMClassifier was fitted with feature names
  warnings.warn(
/opt/homebrew/lib/python3.14/site-packages/sklearn/utils/validation.py:2691: UserWarning: X does not have valid feature names, but LGBMClassifier was fitted with feature names
  warnings.warn(
/opt/homebrew/lib/python3.14/site-packages/sklearn/utils/validation.py:2691: UserWarning: X does not have valid feature names, but LGBMClassifier was fitted with feature names
  warnings.warn(
/opt/homebrew/lib/python3.14/site-packages/sklearn/utils/validation.py:2691: UserWarning: X does not have valid feature names, but LGBMClassifier was fitted with feature names
  warnings.warn(
/opt/homebrew/lib/python3.14/site-packages/sklearn/utils/validation.py:2691: UserWarning: X does not have valid feature names, but LGBMClassifier was fitted with feature names
  warnings.warn(
/opt/homebrew/lib/python3.14/site-packages/sklearn/utils/validation.py:2691: UserWarning: X does not have valid feature names, but LGBMClassifier was fitted with feature names
  warnings.warn(
/opt/homebrew/lib/python3.14/site-packages/sklearn/utils/validation.py:2691: UserWarning: X does not have valid feature names, but LGBMClassifier was fitted with feature names
  warnings.warn(
/opt/homebrew/lib/python3.14/site-packages/sklearn/utils/validation.py:2691: UserWarning: X does not have valid feature names, but LGBMClassifier was fitted with feature names
  warnings.warn(

╔══════════════════════════════════════════════════════════╗
║           股票监控系统 - 30 分钟级别                         ║
║           邮件通知：21725056@zju.edu.cn                    ║
╚══════════════════════════════════════════════════════════╝
    
✓ 邮件通知已配置
已添加通知渠道：console
未配置通知渠道，使用控制台输出
============================================================
股票监控任务 - 2026-03-27 12:30:05
============================================================

[1/3] 获取股票数据 (30 分钟 K 线)...
获取数据：爱尔眼科 (300015)...
  ✓ 实时价格：9.49, 涨跌幅：0.74%
  ✓ 历史数据：252 条
获取数据：汇川技术 (300124)...
  ✓ 实时价格：67.34, 涨跌幅：-0.27%
  ✓ 历史数据：252 条
获取数据：保利发展 (600048)...
  ✓ 实时价格：5.87, 涨跌幅：-0.17%
  ✓ 历史数据：252 条
获取数据：美团-W (3690)...
  ✗ 获取失败，尝试加载缓存...
  ✓ 从缓存加载：76.55
获取数据：阿里巴巴-W (9988)...
  ✗ 获取失败，尝试加载缓存...
  ✓ 从缓存加载：119.7
获取数据：腾讯控股 (0700)...
  ✗ 获取失败，尝试加载缓存...
  ✓ 从缓存加载：498.39999
获取数据：贵州茅台 (600519)...
  ✓ 实时价格：1413.90, 涨跌幅：0.91%
  ✓ 历史数据：252 条

[2/3] 执行策略分析...

分析：爱尔眼科 (300015.SZ)
  🔴 信号：卖出 (评分：-1.25)

分析：汇川技术 (300124.SZ)
  🔴 信号：卖出 (评分：-2.25)

分析：保利发展 (600048.SH)
  🔴 信号：卖出 (评分：-1.25)

分析：美团-W (3690.HK)
  ⚪ 信号：持有 (评分：1.75)

分析：阿里巴巴-W (9988.HK)
  🔴 信号：强烈卖出 (评分：-4.5)

分析：腾讯控股 (0700.HK)
  🔴 信号：强烈卖出 (评分：-5.5)

分析：贵州茅台 (600519.SH)
  🟢 信号：买入 (评分：2.5)

[3/3] 发送邮件通知...
  发现 6 个重要信号，发送汇总邮件...
  发送邮件... (尝试 1/3)
✓ 邮件已发送：交易信号提醒 - 2026-03-27 12:30 - 1只买入, 5只卖出信号

============================================================
监控汇总
============================================================
总计：7 只股票
买入：1 | 卖出：5 | 持有：1
  🔴 爱尔眼科: 卖出 (9.49)
  🔴 汇川技术: 卖出 (67.34)
  🔴 保利发展: 卖出 (5.87)
  ⚪ 美团-W: 持有 (76.55)
  🔴 阿里巴巴-W: 强烈卖出 (119.70)
  🔴 腾讯控股: 强烈卖出 (498.40)
  🟢 贵州茅台: 买入 (1413.90)
获取港股实时行情失败 3690.HK: 'date'
获取港股实时行情失败 9988.HK: 'date'
获取港股实时行情失败 0700.HK: 'date'
/opt/homebrew/lib/python3.14/site-packages/sklearn/utils/validation.py:2691: UserWarning: X does not have valid feature names, but LGBMClassifier was fitted with feature names
  warnings.warn(
/opt/homebrew/lib/python3.14/site-packages/joblib/externals/loky/backend/context.py:131: UserWarning: Could not find the number of physical cores for the following reason:
[Errno 2] No such file or directory: 'sysctl'
Returning the number of logical cores instead. You can silence this warning by setting LOKY_MAX_CPU_COUNT to the number of cores you want to use.
  warnings.warn(
  File "/opt/homebrew/lib/python3.14/site-packages/joblib/externals/loky/backend/context.py", line 249, in _count_physical_cores
    cpu_count_physical = _count_physical_cores_darwin()
  File "/opt/homebrew/lib/python3.14/site-packages/joblib/externals/loky/backend/context.py", line 312, in _count_physical_cores_darwin
    cpu_info = subprocess.run(
        "sysctl -n hw.physicalcpu".split(),
        capture_output=True,
        text=True,
    )
  File "/opt/homebrew/Cellar/python@3.14/3.14.3_1/Frameworks/Python.framework/Versions/3.14/lib/python3.14/subprocess.py", line 554, in run
    with Popen(*popenargs, **kwargs) as process:
         ~~~~~^^^^^^^^^^^^^^^^^^^^^^
  File "/opt/homebrew/Cellar/python@3.14/3.14.3_1/Frameworks/Python.framework/Versions/3.14/lib/python3.14/subprocess.py", line 1038, in __init__
    self._execute_child(args, executable, preexec_fn, close_fds,
    ~~~~~~~~~~~~~~~~~~~^^^^^^^^^^^^^^^^^^^^^^^^^^^^^^^^^^^^^^^^^
                        pass_fds, cwd, env,
                        ^^^^^^^^^^^^^^^^^^^
    ...<5 lines>...
                        gid, gids, uid, umask,
                        ^^^^^^^^^^^^^^^^^^^^^^
                        start_new_session, process_group)
                        ^^^^^^^^^^^^^^^^^^^^^^^^^^^^^^^^^
  File "/opt/homebrew/Cellar/python@3.14/3.14.3_1/Frameworks/Python.framework/Versions/3.14/lib/python3.14/subprocess.py", line 1989, in _execute_child
    raise child_exception_type(errno_num, err_msg, err_filename)
/opt/homebrew/lib/python3.14/site-packages/sklearn/utils/validation.py:2691: UserWarning: X does not have valid feature names, but LGBMClassifier was fitted with feature names
  warnings.warn(
/opt/homebrew/lib/python3.14/site-packages/sklearn/utils/validation.py:2691: UserWarning: X does not have valid feature names, but LGBMClassifier was fitted with feature names
  warnings.warn(
/opt/homebrew/lib/python3.14/site-packages/sklearn/utils/validation.py:2691: UserWarning: X does not have valid feature names, but LGBMClassifier was fitted with feature names
  warnings.warn(
/opt/homebrew/lib/python3.14/site-packages/sklearn/utils/validation.py:2691: UserWarning: X does not have valid feature names, but LGBMClassifier was fitted with feature names
  warnings.warn(
/opt/homebrew/lib/python3.14/site-packages/sklearn/utils/validation.py:2691: UserWarning: X does not have valid feature names, but LGBMClassifier was fitted with feature names
  warnings.warn(
/opt/homebrew/lib/python3.14/site-packages/sklearn/utils/validation.py:2691: UserWarning: X does not have valid feature names, but LGBMClassifier was fitted with feature names
  warnings.warn(
/opt/homebrew/lib/python3.14/site-packages/sklearn/utils/validation.py:2691: UserWarning: X does not have valid feature names, but LGBMClassifier was fitted with feature names
  warnings.warn(
/opt/homebrew/lib/python3.14/site-packages/sklearn/utils/validation.py:2691: UserWarning: X does not have valid feature names, but LGBMClassifier was fitted with feature names
  warnings.warn(
/opt/homebrew/lib/python3.14/site-packages/sklearn/utils/validation.py:2691: UserWarning: X does not have valid feature names, but LGBMClassifier was fitted with feature names
  warnings.warn(
/opt/homebrew/lib/python3.14/site-packages/sklearn/utils/validation.py:2691: UserWarning: X does not have valid feature names, but LGBMClassifier was fitted with feature names
  warnings.warn(
/opt/homebrew/lib/python3.14/site-packages/sklearn/utils/validation.py:2691: UserWarning: X does not have valid feature names, but LGBMClassifier was fitted with feature names
  warnings.warn(
/opt/homebrew/lib/python3.14/site-packages/sklearn/utils/validation.py:2691: UserWarning: X does not have valid feature names, but LGBMClassifier was fitted with feature names
  warnings.warn(
/opt/homebrew/lib/python3.14/site-packages/sklearn/utils/validation.py:2691: UserWarning: X does not have valid feature names, but LGBMClassifier was fitted with feature names
  warnings.warn(

╔══════════════════════════════════════════════════════════╗
║           股票监控系统 - 30 分钟级别                         ║
║           邮件通知：21725056@zju.edu.cn                    ║
╚══════════════════════════════════════════════════════════╝
    
✓ 邮件通知已配置
已添加通知渠道：console
未配置通知渠道，使用控制台输出
============================================================
股票监控任务 - 2026-03-27 13:00:05
============================================================

[1/3] 获取股票数据 (30 分钟 K 线)...
获取数据：爱尔眼科 (300015)...
  ✓ 实时价格：9.49, 涨跌幅：0.74%
  ✓ 历史数据：253 条
获取数据：汇川技术 (300124)...
  ✓ 实时价格：67.33, 涨跌幅：-0.28%
  ✓ 历史数据：253 条
获取数据：保利发展 (600048)...
  ✓ 实时价格：5.86, 涨跌幅：-0.34%
  ✓ 历史数据：253 条
获取数据：美团-W (3690)...
  ✗ 获取失败，尝试加载缓存...
  ✓ 从缓存加载：76.55
获取数据：阿里巴巴-W (9988)...
  ✗ 获取失败，尝试加载缓存...
  ✓ 从缓存加载：119.7
获取数据：腾讯控股 (0700)...
  ✗ 获取失败，尝试加载缓存...
  ✓ 从缓存加载：498.39999
获取数据：贵州茅台 (600519)...
  ✓ 实时价格：1414.98, 涨跌幅：0.98%
  ✓ 历史数据：253 条

[2/3] 执行策略分析...

分析：爱尔眼科 (300015.SZ)
  🔴 信号：卖出 (评分：-1.25)

分析：汇川技术 (300124.SZ)
  ⚪ 信号：持有 (评分：0.0)

分析：保利发展 (600048.SH)
  🔴 信号：强烈卖出 (评分：-3.25)

分析：美团-W (3690.HK)
  ⚪ 信号：持有 (评分：1.75)

分析：阿里巴巴-W (9988.HK)
  🔴 信号：强烈卖出 (评分：-4.5)

分析：腾讯控股 (0700.HK)
  🔴 信号：强烈卖出 (评分：-5.5)

分析：贵州茅台 (600519.SH)
  🟢 信号：买入 (评分：2.5)

[3/3] 发送邮件通知...
  发现 5 个重要信号，发送汇总邮件...
  发送邮件... (尝试 1/3)
✓ 邮件已发送：交易信号提醒 - 2026-03-27 13:00 - 1只买入, 4只卖出信号

============================================================
监控汇总
============================================================
总计：7 只股票
买入：1 | 卖出：4 | 持有：2
  🔴 爱尔眼科: 卖出 (9.49)
  ⚪ 汇川技术: 持有 (67.33)
  🔴 保利发展: 强烈卖出 (5.86)
  ⚪ 美团-W: 持有 (76.55)
  🔴 阿里巴巴-W: 强烈卖出 (119.70)
  🔴 腾讯控股: 强烈卖出 (498.40)
  🟢 贵州茅台: 买入 (1414.98)
获取港股实时行情失败 3690.HK: 'date'
获取港股实时行情失败 9988.HK: 'date'
获取港股实时行情失败 0700.HK: 'date'
/opt/homebrew/lib/python3.14/site-packages/sklearn/utils/validation.py:2691: UserWarning: X does not have valid feature names, but LGBMClassifier was fitted with feature names
  warnings.warn(
/opt/homebrew/lib/python3.14/site-packages/joblib/externals/loky/backend/context.py:131: UserWarning: Could not find the number of physical cores for the following reason:
[Errno 2] No such file or directory: 'sysctl'
Returning the number of logical cores instead. You can silence this warning by setting LOKY_MAX_CPU_COUNT to the number of cores you want to use.
  warnings.warn(
  File "/opt/homebrew/lib/python3.14/site-packages/joblib/externals/loky/backend/context.py", line 249, in _count_physical_cores
    cpu_count_physical = _count_physical_cores_darwin()
  File "/opt/homebrew/lib/python3.14/site-packages/joblib/externals/loky/backend/context.py", line 312, in _count_physical_cores_darwin
    cpu_info = subprocess.run(
        "sysctl -n hw.physicalcpu".split(),
        capture_output=True,
        text=True,
    )
  File "/opt/homebrew/Cellar/python@3.14/3.14.3_1/Frameworks/Python.framework/Versions/3.14/lib/python3.14/subprocess.py", line 554, in run
    with Popen(*popenargs, **kwargs) as process:
         ~~~~~^^^^^^^^^^^^^^^^^^^^^^
  File "/opt/homebrew/Cellar/python@3.14/3.14.3_1/Frameworks/Python.framework/Versions/3.14/lib/python3.14/subprocess.py", line 1038, in __init__
    self._execute_child(args, executable, preexec_fn, close_fds,
    ~~~~~~~~~~~~~~~~~~~^^^^^^^^^^^^^^^^^^^^^^^^^^^^^^^^^^^^^^^^^
                        pass_fds, cwd, env,
                        ^^^^^^^^^^^^^^^^^^^
    ...<5 lines>...
                        gid, gids, uid, umask,
                        ^^^^^^^^^^^^^^^^^^^^^^
                        start_new_session, process_group)
                        ^^^^^^^^^^^^^^^^^^^^^^^^^^^^^^^^^
  File "/opt/homebrew/Cellar/python@3.14/3.14.3_1/Frameworks/Python.framework/Versions/3.14/lib/python3.14/subprocess.py", line 1989, in _execute_child
    raise child_exception_type(errno_num, err_msg, err_filename)
/opt/homebrew/lib/python3.14/site-packages/sklearn/utils/validation.py:2691: UserWarning: X does not have valid feature names, but LGBMClassifier was fitted with feature names
  warnings.warn(
/opt/homebrew/lib/python3.14/site-packages/sklearn/utils/validation.py:2691: UserWarning: X does not have valid feature names, but LGBMClassifier was fitted with feature names
  warnings.warn(
/opt/homebrew/lib/python3.14/site-packages/sklearn/utils/validation.py:2691: UserWarning: X does not have valid feature names, but LGBMClassifier was fitted with feature names
  warnings.warn(
/opt/homebrew/lib/python3.14/site-packages/sklearn/utils/validation.py:2691: UserWarning: X does not have valid feature names, but LGBMClassifier was fitted with feature names
  warnings.warn(
/opt/homebrew/lib/python3.14/site-packages/sklearn/utils/validation.py:2691: UserWarning: X does not have valid feature names, but LGBMClassifier was fitted with feature names
  warnings.warn(
/opt/homebrew/lib/python3.14/site-packages/sklearn/utils/validation.py:2691: UserWarning: X does not have valid feature names, but LGBMClassifier was fitted with feature names
  warnings.warn(
/opt/homebrew/lib/python3.14/site-packages/sklearn/utils/validation.py:2691: UserWarning: X does not have valid feature names, but LGBMClassifier was fitted with feature names
  warnings.warn(
/opt/homebrew/lib/python3.14/site-packages/sklearn/utils/validation.py:2691: UserWarning: X does not have valid feature names, but LGBMClassifier was fitted with feature names
  warnings.warn(
/opt/homebrew/lib/python3.14/site-packages/sklearn/utils/validation.py:2691: UserWarning: X does not have valid feature names, but LGBMClassifier was fitted with feature names
  warnings.warn(
/opt/homebrew/lib/python3.14/site-packages/sklearn/utils/validation.py:2691: UserWarning: X does not have valid feature names, but LGBMClassifier was fitted with feature names
  warnings.warn(
/opt/homebrew/lib/python3.14/site-packages/sklearn/utils/validation.py:2691: UserWarning: X does not have valid feature names, but LGBMClassifier was fitted with feature names
  warnings.warn(
/opt/homebrew/lib/python3.14/site-packages/sklearn/utils/validation.py:2691: UserWarning: X does not have valid feature names, but LGBMClassifier was fitted with feature names
  warnings.warn(
/opt/homebrew/lib/python3.14/site-packages/sklearn/utils/validation.py:2691: UserWarning: X does not have valid feature names, but LGBMClassifier was fitted with feature names
  warnings.warn(

╔══════════════════════════════════════════════════════════╗
║           股票监控系统 - 30 分钟级别                         ║
║           邮件通知：21725056@zju.edu.cn                    ║
╚══════════════════════════════════════════════════════════╝
    
✓ 邮件通知已配置
已添加通知渠道：console
未配置通知渠道，使用控制台输出
============================================================
股票监控任务 - 2026-03-27 13:30:04
============================================================

[1/3] 获取股票数据 (30 分钟 K 线)...
获取数据：爱尔眼科 (300015)...
  ✓ 实时价格：9.59, 涨跌幅：1.80%
  ✓ 历史数据：254 条
获取数据：汇川技术 (300124)...
  ✓ 实时价格：68.23, 涨跌幅：1.05%
  ✓ 历史数据：254 条
获取数据：保利发展 (600048)...
  ✓ 实时价格：5.88, 涨跌幅：0.00%
  ✓ 历史数据：254 条
获取数据：美团-W (3690)...
  ✗ 获取失败，尝试加载缓存...
  ✓ 从缓存加载：76.55
获取数据：阿里巴巴-W (9988)...
  ✗ 获取失败，尝试加载缓存...
  ✓ 从缓存加载：119.7
获取数据：腾讯控股 (0700)...
  ✗ 获取失败，尝试加载缓存...
  ✓ 从缓存加载：498.39999
获取数据：贵州茅台 (600519)...
  ✓ 实时价格：1414.17, 涨跌幅：0.93%
  ✓ 历史数据：254 条

[2/3] 执行策略分析...

分析：爱尔眼科 (300015.SZ)
  🟢 信号：强烈买入 (评分：5.25)

分析：汇川技术 (300124.SZ)
  🟢 信号：强烈买入 (评分：6.75)

分析：保利发展 (600048.SH)
  🔴 信号：卖出 (评分：-2.25)

分析：美团-W (3690.HK)
  ⚪ 信号：持有 (评分：1.75)

分析：阿里巴巴-W (9988.HK)
  🔴 信号：强烈卖出 (评分：-4.5)

分析：腾讯控股 (0700.HK)
  🔴 信号：强烈卖出 (评分：-5.5)

分析：贵州茅台 (600519.SH)
  🟢 信号：买入 (评分：3.75)

[3/3] 发送邮件通知...
  发现 6 个重要信号，发送汇总邮件...
  发送邮件... (尝试 1/3)
✓ 邮件已发送：交易信号提醒 - 2026-03-27 13:30 - 3只买入, 3只卖出信号

============================================================
监控汇总
============================================================
总计：7 只股票
买入：3 | 卖出：3 | 持有：1
  🟢 爱尔眼科: 强烈买入 (9.59)
  🟢 汇川技术: 强烈买入 (68.23)
  🔴 保利发展: 卖出 (5.88)
  ⚪ 美团-W: 持有 (76.55)
  🔴 阿里巴巴-W: 强烈卖出 (119.70)
  🔴 腾讯控股: 强烈卖出 (498.40)
  🟢 贵州茅台: 买入 (1414.17)
获取港股实时行情失败 3690.HK: 'date'
获取港股实时行情失败 9988.HK: 'date'
获取港股实时行情失败 0700.HK: 'date'
/opt/homebrew/lib/python3.14/site-packages/sklearn/utils/validation.py:2691: UserWarning: X does not have valid feature names, but LGBMClassifier was fitted with feature names
  warnings.warn(
/opt/homebrew/lib/python3.14/site-packages/joblib/externals/loky/backend/context.py:131: UserWarning: Could not find the number of physical cores for the following reason:
[Errno 2] No such file or directory: 'sysctl'
Returning the number of logical cores instead. You can silence this warning by setting LOKY_MAX_CPU_COUNT to the number of cores you want to use.
  warnings.warn(
  File "/opt/homebrew/lib/python3.14/site-packages/joblib/externals/loky/backend/context.py", line 249, in _count_physical_cores
    cpu_count_physical = _count_physical_cores_darwin()
  File "/opt/homebrew/lib/python3.14/site-packages/joblib/externals/loky/backend/context.py", line 312, in _count_physical_cores_darwin
    cpu_info = subprocess.run(
        "sysctl -n hw.physicalcpu".split(),
        capture_output=True,
        text=True,
    )
  File "/opt/homebrew/Cellar/python@3.14/3.14.3_1/Frameworks/Python.framework/Versions/3.14/lib/python3.14/subprocess.py", line 554, in run
    with Popen(*popenargs, **kwargs) as process:
         ~~~~~^^^^^^^^^^^^^^^^^^^^^^
  File "/opt/homebrew/Cellar/python@3.14/3.14.3_1/Frameworks/Python.framework/Versions/3.14/lib/python3.14/subprocess.py", line 1038, in __init__
    self._execute_child(args, executable, preexec_fn, close_fds,
    ~~~~~~~~~~~~~~~~~~~^^^^^^^^^^^^^^^^^^^^^^^^^^^^^^^^^^^^^^^^^
                        pass_fds, cwd, env,
                        ^^^^^^^^^^^^^^^^^^^
    ...<5 lines>...
                        gid, gids, uid, umask,
                        ^^^^^^^^^^^^^^^^^^^^^^
                        start_new_session, process_group)
                        ^^^^^^^^^^^^^^^^^^^^^^^^^^^^^^^^^
  File "/opt/homebrew/Cellar/python@3.14/3.14.3_1/Frameworks/Python.framework/Versions/3.14/lib/python3.14/subprocess.py", line 1989, in _execute_child
    raise child_exception_type(errno_num, err_msg, err_filename)
/opt/homebrew/lib/python3.14/site-packages/sklearn/utils/validation.py:2691: UserWarning: X does not have valid feature names, but LGBMClassifier was fitted with feature names
  warnings.warn(
/opt/homebrew/lib/python3.14/site-packages/sklearn/utils/validation.py:2691: UserWarning: X does not have valid feature names, but LGBMClassifier was fitted with feature names
  warnings.warn(
/opt/homebrew/lib/python3.14/site-packages/sklearn/utils/validation.py:2691: UserWarning: X does not have valid feature names, but LGBMClassifier was fitted with feature names
  warnings.warn(
/opt/homebrew/lib/python3.14/site-packages/sklearn/utils/validation.py:2691: UserWarning: X does not have valid feature names, but LGBMClassifier was fitted with feature names
  warnings.warn(
/opt/homebrew/lib/python3.14/site-packages/sklearn/utils/validation.py:2691: UserWarning: X does not have valid feature names, but LGBMClassifier was fitted with feature names
  warnings.warn(
/opt/homebrew/lib/python3.14/site-packages/sklearn/utils/validation.py:2691: UserWarning: X does not have valid feature names, but LGBMClassifier was fitted with feature names
  warnings.warn(
/opt/homebrew/lib/python3.14/site-packages/sklearn/utils/validation.py:2691: UserWarning: X does not have valid feature names, but LGBMClassifier was fitted with feature names
  warnings.warn(
/opt/homebrew/lib/python3.14/site-packages/sklearn/utils/validation.py:2691: UserWarning: X does not have valid feature names, but LGBMClassifier was fitted with feature names
  warnings.warn(
/opt/homebrew/lib/python3.14/site-packages/sklearn/utils/validation.py:2691: UserWarning: X does not have valid feature names, but LGBMClassifier was fitted with feature names
  warnings.warn(
/opt/homebrew/lib/python3.14/site-packages/sklearn/utils/validation.py:2691: UserWarning: X does not have valid feature names, but LGBMClassifier was fitted with feature names
  warnings.warn(
/opt/homebrew/lib/python3.14/site-packages/sklearn/utils/validation.py:2691: UserWarning: X does not have valid feature names, but LGBMClassifier was fitted with feature names
  warnings.warn(
/opt/homebrew/lib/python3.14/site-packages/sklearn/utils/validation.py:2691: UserWarning: X does not have valid feature names, but LGBMClassifier was fitted with feature names
  warnings.warn(
/opt/homebrew/lib/python3.14/site-packages/sklearn/utils/validation.py:2691: UserWarning: X does not have valid feature names, but LGBMClassifier was fitted with feature names
  warnings.warn(

╔══════════════════════════════════════════════════════════╗
║           股票监控系统 - 30 分钟级别                         ║
║           邮件通知：21725056@zju.edu.cn                    ║
╚══════════════════════════════════════════════════════════╝
    
✓ 邮件通知已配置
已添加通知渠道：console
未配置通知渠道，使用控制台输出
============================================================
股票监控任务 - 2026-03-27 14:00:04
============================================================

[1/3] 获取股票数据 (30 分钟 K 线)...
获取数据：爱尔眼科 (300015)...
  ✓ 实时价格：9.58, 涨跌幅：1.70%
  ✓ 历史数据：255 条
获取数据：汇川技术 (300124)...
  ✓ 实时价格：68.22, 涨跌幅：1.04%
  ✓ 历史数据：255 条
获取数据：保利发展 (600048)...
  ✓ 实时价格：5.88, 涨跌幅：0.00%
  ✓ 历史数据：255 条
获取数据：美团-W (3690)...
  ✗ 获取失败，尝试加载缓存...
  ✓ 从缓存加载：76.55
获取数据：阿里巴巴-W (9988)...
  ✗ 获取失败，尝试加载缓存...
  ✓ 从缓存加载：119.7
获取数据：腾讯控股 (0700)...
  ✗ 获取失败，尝试加载缓存...
  ✓ 从缓存加载：498.39999
获取数据：贵州茅台 (600519)...
  ✓ 实时价格：1415.35, 涨跌幅：1.01%
  ✓ 历史数据：255 条

[2/3] 执行策略分析...

分析：爱尔眼科 (300015.SZ)
  ⚪ 信号：持有 (评分：1.25)

分析：汇川技术 (300124.SZ)
  🟢 信号：强烈买入 (评分：4.75)

分析：保利发展 (600048.SH)
  ⚪ 信号：持有 (评分：0.75)

分析：美团-W (3690.HK)
  ⚪ 信号：持有 (评分：1.75)

分析：阿里巴巴-W (9988.HK)
  🔴 信号：强烈卖出 (评分：-4.5)

分析：腾讯控股 (0700.HK)
  🔴 信号：强烈卖出 (评分：-5.5)

分析：贵州茅台 (600519.SH)
  🟢 信号：买入 (评分：3.75)

[3/3] 发送邮件通知...
  发现 4 个重要信号，发送汇总邮件...
  发送邮件... (尝试 1/3)
✓ 邮件已发送：交易信号提醒 - 2026-03-27 14:00 - 2只买入, 2只卖出信号

============================================================
监控汇总
============================================================
总计：7 只股票
买入：2 | 卖出：2 | 持有：3
  ⚪ 爱尔眼科: 持有 (9.58)
  🟢 汇川技术: 强烈买入 (68.22)
  ⚪ 保利发展: 持有 (5.88)
  ⚪ 美团-W: 持有 (76.55)
  🔴 阿里巴巴-W: 强烈卖出 (119.70)
  🔴 腾讯控股: 强烈卖出 (498.40)
  🟢 贵州茅台: 买入 (1415.35)
获取实时行情失败 300015.SZ: HTTPSConnectionPool(host='hq.sinajs.cn', port=443): Max retries exceeded with url: /list=sz300015 (Caused by SSLError(SSLCertVerificationError(1, '[SSL: CERTIFICATE_VERIFY_FAILED] certificate verify failed: self-signed certificate in certificate chain (_ssl.c:1081)')))
获取实时行情失败 300124.SZ: HTTPSConnectionPool(host='hq.sinajs.cn', port=443): Max retries exceeded with url: /list=sz300124 (Caused by SSLError(SSLCertVerificationError(1, '[SSL: CERTIFICATE_VERIFY_FAILED] certificate verify failed: self-signed certificate in certificate chain (_ssl.c:1081)')))
获取实时行情失败 600048.SH: HTTPSConnectionPool(host='hq.sinajs.cn', port=443): Max retries exceeded with url: /list=sh600048 (Caused by SSLError(SSLCertVerificationError(1, '[SSL: CERTIFICATE_VERIFY_FAILED] certificate verify failed: self-signed certificate in certificate chain (_ssl.c:1081)')))
获取港股实时行情失败 3690.HK: HTTPSConnectionPool(host='finance.sina.com.cn', port=443): Max retries exceeded with url: /stock/hkstock/3690/klc2_kl.js (Caused by SSLError(SSLCertVerificationError(1, '[SSL: CERTIFICATE_VERIFY_FAILED] certificate verify failed: self-signed certificate in certificate chain (_ssl.c:1081)')))
获取港股实时行情失败 9988.HK: HTTPSConnectionPool(host='finance.sina.com.cn', port=443): Max retries exceeded with url: /stock/hkstock/9988/klc2_kl.js (Caused by SSLError(SSLCertVerificationError(1, '[SSL: CERTIFICATE_VERIFY_FAILED] certificate verify failed: self-signed certificate in certificate chain (_ssl.c:1081)')))
获取港股实时行情失败 0700.HK: HTTPSConnectionPool(host='finance.sina.com.cn', port=443): Max retries exceeded with url: /stock/hkstock/0700/klc2_kl.js (Caused by SSLError(SSLCertVerificationError(1, '[SSL: CERTIFICATE_VERIFY_FAILED] certificate verify failed: self-signed certificate in certificate chain (_ssl.c:1081)')))
获取实时行情失败 600519.SH: HTTPSConnectionPool(host='hq.sinajs.cn', port=443): Max retries exceeded with url: /list=sh600519 (Caused by SSLError(SSLCertVerificationError(1, '[SSL: CERTIFICATE_VERIFY_FAILED] certificate verify failed: self-signed certificate in certificate chain (_ssl.c:1081)')))
/opt/homebrew/lib/python3.14/site-packages/sklearn/utils/validation.py:2691: UserWarning: X does not have valid feature names, but LGBMClassifier was fitted with feature names
  warnings.warn(
/opt/homebrew/lib/python3.14/site-packages/joblib/externals/loky/backend/context.py:131: UserWarning: Could not find the number of physical cores for the following reason:
[Errno 2] No such file or directory: 'sysctl'
Returning the number of logical cores instead. You can silence this warning by setting LOKY_MAX_CPU_COUNT to the number of cores you want to use.
  warnings.warn(
  File "/opt/homebrew/lib/python3.14/site-packages/joblib/externals/loky/backend/context.py", line 249, in _count_physical_cores
    cpu_count_physical = _count_physical_cores_darwin()
  File "/opt/homebrew/lib/python3.14/site-packages/joblib/externals/loky/backend/context.py", line 312, in _count_physical_cores_darwin
    cpu_info = subprocess.run(
        "sysctl -n hw.physicalcpu".split(),
        capture_output=True,
        text=True,
    )
  File "/opt/homebrew/Cellar/python@3.14/3.14.3_1/Frameworks/Python.framework/Versions/3.14/lib/python3.14/subprocess.py", line 554, in run
    with Popen(*popenargs, **kwargs) as process:
         ~~~~~^^^^^^^^^^^^^^^^^^^^^^
  File "/opt/homebrew/Cellar/python@3.14/3.14.3_1/Frameworks/Python.framework/Versions/3.14/lib/python3.14/subprocess.py", line 1038, in __init__
    self._execute_child(args, executable, preexec_fn, close_fds,
    ~~~~~~~~~~~~~~~~~~~^^^^^^^^^^^^^^^^^^^^^^^^^^^^^^^^^^^^^^^^^
                        pass_fds, cwd, env,
                        ^^^^^^^^^^^^^^^^^^^
    ...<5 lines>...
                        gid, gids, uid, umask,
                        ^^^^^^^^^^^^^^^^^^^^^^
                        start_new_session, process_group)
                        ^^^^^^^^^^^^^^^^^^^^^^^^^^^^^^^^^
  File "/opt/homebrew/Cellar/python@3.14/3.14.3_1/Frameworks/Python.framework/Versions/3.14/lib/python3.14/subprocess.py", line 1989, in _execute_child
    raise child_exception_type(errno_num, err_msg, err_filename)
/opt/homebrew/lib/python3.14/site-packages/sklearn/utils/validation.py:2691: UserWarning: X does not have valid feature names, but LGBMClassifier was fitted with feature names
  warnings.warn(
/opt/homebrew/lib/python3.14/site-packages/sklearn/utils/validation.py:2691: UserWarning: X does not have valid feature names, but LGBMClassifier was fitted with feature names
  warnings.warn(
/opt/homebrew/lib/python3.14/site-packages/sklearn/utils/validation.py:2691: UserWarning: X does not have valid feature names, but LGBMClassifier was fitted with feature names
  warnings.warn(
/opt/homebrew/lib/python3.14/site-packages/sklearn/utils/validation.py:2691: UserWarning: X does not have valid feature names, but LGBMClassifier was fitted with feature names
  warnings.warn(
/opt/homebrew/lib/python3.14/site-packages/sklearn/utils/validation.py:2691: UserWarning: X does not have valid feature names, but LGBMClassifier was fitted with feature names
  warnings.warn(
/opt/homebrew/lib/python3.14/site-packages/sklearn/utils/validation.py:2691: UserWarning: X does not have valid feature names, but LGBMClassifier was fitted with feature names
  warnings.warn(
/opt/homebrew/lib/python3.14/site-packages/sklearn/utils/validation.py:2691: UserWarning: X does not have valid feature names, but LGBMClassifier was fitted with feature names
  warnings.warn(
/opt/homebrew/lib/python3.14/site-packages/sklearn/utils/validation.py:2691: UserWarning: X does not have valid feature names, but LGBMClassifier was fitted with feature names
  warnings.warn(
/opt/homebrew/lib/python3.14/site-packages/sklearn/utils/validation.py:2691: UserWarning: X does not have valid feature names, but LGBMClassifier was fitted with feature names
  warnings.warn(
/opt/homebrew/lib/python3.14/site-packages/sklearn/utils/validation.py:2691: UserWarning: X does not have valid feature names, but LGBMClassifier was fitted with feature names
  warnings.warn(
/opt/homebrew/lib/python3.14/site-packages/sklearn/utils/validation.py:2691: UserWarning: X does not have valid feature names, but LGBMClassifier was fitted with feature names
  warnings.warn(
/opt/homebrew/lib/python3.14/site-packages/sklearn/utils/validation.py:2691: UserWarning: X does not have valid feature names, but LGBMClassifier was fitted with feature names
  warnings.warn(
/opt/homebrew/lib/python3.14/site-packages/sklearn/utils/validation.py:2691: UserWarning: X does not have valid feature names, but LGBMClassifier was fitted with feature names
  warnings.warn(

╔══════════════════════════════════════════════════════════╗
║           股票监控系统 - 30 分钟级别                         ║
║           邮件通知：21725056@zju.edu.cn                    ║
╚══════════════════════════════════════════════════════════╝
    
✓ 邮件通知已配置
已添加通知渠道：console
未配置通知渠道，使用控制台输出
============================================================
股票监控任务 - 2026-03-27 14:30:04
============================================================

[1/3] 获取股票数据 (30 分钟 K 线)...
获取数据：爱尔眼科 (300015)...
  ✗ 获取失败，尝试加载缓存...
  ✓ 从缓存加载：9.55
获取数据：汇川技术 (300124)...
  ✗ 获取失败，尝试加载缓存...
  ✓ 从缓存加载：66.12
获取数据：保利发展 (600048)...
  ✗ 获取失败，尝试加载缓存...
  ✓ 从缓存加载：5.95
获取数据：美团-W (3690)...
  ✗ 获取失败，尝试加载缓存...
  ✓ 从缓存加载：76.55
获取数据：阿里巴巴-W (9988)...
  ✗ 获取失败，尝试加载缓存...
  ✓ 从缓存加载：119.7
获取数据：腾讯控股 (0700)...
  ✗ 获取失败，尝试加载缓存...
  ✓ 从缓存加载：498.39999
获取数据：贵州茅台 (600519)...
  ✗ 获取失败，尝试加载缓存...
  ✓ 从缓存加载：1401.01

[2/3] 执行策略分析...

分析：爱尔眼科 (300015.SZ)
  🔴 信号：卖出 (评分：-2.25)

分析：汇川技术 (300124.SZ)
  ⚪ 信号：持有 (评分：-1.0)

分析：保利发展 (600048.SH)
  ⚪ 信号：持有 (评分：1.25)

分析：美团-W (3690.HK)
  ⚪ 信号：持有 (评分：1.75)

分析：阿里巴巴-W (9988.HK)
  🔴 信号：强烈卖出 (评分：-4.5)

分析：腾讯控股 (0700.HK)
  🔴 信号：强烈卖出 (评分：-5.5)

分析：贵州茅台 (600519.SH)
  🔴 信号：卖出 (评分：-2.5)

[3/3] 发送邮件通知...
  发现 4 个重要信号，发送汇总邮件...
  发送邮件... (尝试 1/3)
✓ 邮件已发送：交易信号提醒 - 2026-03-27 14:30 - 4只卖出信号

============================================================
监控汇总
============================================================
总计：7 只股票
买入：0 | 卖出：4 | 持有：3
  🔴 爱尔眼科: 卖出 (9.55)
  ⚪ 汇川技术: 持有 (66.12)
  ⚪ 保利发展: 持有 (5.95)
  ⚪ 美团-W: 持有 (76.55)
  🔴 阿里巴巴-W: 强烈卖出 (119.70)
  🔴 腾讯控股: 强烈卖出 (498.40)
  🔴 贵州茅台: 卖出 (1401.01)
获取实时行情失败 300015.SZ: HTTPSConnectionPool(host='hq.sinajs.cn', port=443): Max retries exceeded with url: /list=sz300015 (Caused by SSLError(SSLCertVerificationError(1, '[SSL: CERTIFICATE_VERIFY_FAILED] certificate verify failed: self-signed certificate in certificate chain (_ssl.c:1081)')))
获取实时行情失败 300124.SZ: HTTPSConnectionPool(host='hq.sinajs.cn', port=443): Max retries exceeded with url: /list=sz300124 (Caused by SSLError(SSLCertVerificationError(1, '[SSL: CERTIFICATE_VERIFY_FAILED] certificate verify failed: self-signed certificate in certificate chain (_ssl.c:1081)')))
获取实时行情失败 600048.SH: HTTPSConnectionPool(host='hq.sinajs.cn', port=443): Max retries exceeded with url: /list=sh600048 (Caused by SSLError(SSLCertVerificationError(1, '[SSL: CERTIFICATE_VERIFY_FAILED] certificate verify failed: self-signed certificate in certificate chain (_ssl.c:1081)')))
获取港股实时行情失败 3690.HK: HTTPSConnectionPool(host='finance.sina.com.cn', port=443): Max retries exceeded with url: /stock/hkstock/3690/klc2_kl.js (Caused by SSLError(SSLCertVerificationError(1, '[SSL: CERTIFICATE_VERIFY_FAILED] certificate verify failed: self-signed certificate in certificate chain (_ssl.c:1081)')))
获取港股实时行情失败 9988.HK: HTTPSConnectionPool(host='finance.sina.com.cn', port=443): Max retries exceeded with url: /stock/hkstock/9988/klc2_kl.js (Caused by SSLError(SSLCertVerificationError(1, '[SSL: CERTIFICATE_VERIFY_FAILED] certificate verify failed: self-signed certificate in certificate chain (_ssl.c:1081)')))
获取港股实时行情失败 0700.HK: HTTPSConnectionPool(host='finance.sina.com.cn', port=443): Max retries exceeded with url: /stock/hkstock/0700/klc2_kl.js (Caused by SSLError(SSLCertVerificationError(1, '[SSL: CERTIFICATE_VERIFY_FAILED] certificate verify failed: self-signed certificate in certificate chain (_ssl.c:1081)')))
获取实时行情失败 600519.SH: HTTPSConnectionPool(host='hq.sinajs.cn', port=443): Max retries exceeded with url: /list=sh600519 (Caused by SSLError(SSLCertVerificationError(1, '[SSL: CERTIFICATE_VERIFY_FAILED] certificate verify failed: self-signed certificate in certificate chain (_ssl.c:1081)')))
/opt/homebrew/lib/python3.14/site-packages/sklearn/utils/validation.py:2691: UserWarning: X does not have valid feature names, but LGBMClassifier was fitted with feature names
  warnings.warn(
/opt/homebrew/lib/python3.14/site-packages/joblib/externals/loky/backend/context.py:131: UserWarning: Could not find the number of physical cores for the following reason:
[Errno 2] No such file or directory: 'sysctl'
Returning the number of logical cores instead. You can silence this warning by setting LOKY_MAX_CPU_COUNT to the number of cores you want to use.
  warnings.warn(
  File "/opt/homebrew/lib/python3.14/site-packages/joblib/externals/loky/backend/context.py", line 249, in _count_physical_cores
    cpu_count_physical = _count_physical_cores_darwin()
  File "/opt/homebrew/lib/python3.14/site-packages/joblib/externals/loky/backend/context.py", line 312, in _count_physical_cores_darwin
    cpu_info = subprocess.run(
        "sysctl -n hw.physicalcpu".split(),
        capture_output=True,
        text=True,
    )
  File "/opt/homebrew/Cellar/python@3.14/3.14.3_1/Frameworks/Python.framework/Versions/3.14/lib/python3.14/subprocess.py", line 554, in run
    with Popen(*popenargs, **kwargs) as process:
         ~~~~~^^^^^^^^^^^^^^^^^^^^^^
  File "/opt/homebrew/Cellar/python@3.14/3.14.3_1/Frameworks/Python.framework/Versions/3.14/lib/python3.14/subprocess.py", line 1038, in __init__
    self._execute_child(args, executable, preexec_fn, close_fds,
    ~~~~~~~~~~~~~~~~~~~^^^^^^^^^^^^^^^^^^^^^^^^^^^^^^^^^^^^^^^^^
                        pass_fds, cwd, env,
                        ^^^^^^^^^^^^^^^^^^^
    ...<5 lines>...
                        gid, gids, uid, umask,
                        ^^^^^^^^^^^^^^^^^^^^^^
                        start_new_session, process_group)
                        ^^^^^^^^^^^^^^^^^^^^^^^^^^^^^^^^^
  File "/opt/homebrew/Cellar/python@3.14/3.14.3_1/Frameworks/Python.framework/Versions/3.14/lib/python3.14/subprocess.py", line 1989, in _execute_child
    raise child_exception_type(errno_num, err_msg, err_filename)
/opt/homebrew/lib/python3.14/site-packages/sklearn/utils/validation.py:2691: UserWarning: X does not have valid feature names, but LGBMClassifier was fitted with feature names
  warnings.warn(
/opt/homebrew/lib/python3.14/site-packages/sklearn/utils/validation.py:2691: UserWarning: X does not have valid feature names, but LGBMClassifier was fitted with feature names
  warnings.warn(
/opt/homebrew/lib/python3.14/site-packages/sklearn/utils/validation.py:2691: UserWarning: X does not have valid feature names, but LGBMClassifier was fitted with feature names
  warnings.warn(
/opt/homebrew/lib/python3.14/site-packages/sklearn/utils/validation.py:2691: UserWarning: X does not have valid feature names, but LGBMClassifier was fitted with feature names
  warnings.warn(
/opt/homebrew/lib/python3.14/site-packages/sklearn/utils/validation.py:2691: UserWarning: X does not have valid feature names, but LGBMClassifier was fitted with feature names
  warnings.warn(
/opt/homebrew/lib/python3.14/site-packages/sklearn/utils/validation.py:2691: UserWarning: X does not have valid feature names, but LGBMClassifier was fitted with feature names
  warnings.warn(
/opt/homebrew/lib/python3.14/site-packages/sklearn/utils/validation.py:2691: UserWarning: X does not have valid feature names, but LGBMClassifier was fitted with feature names
  warnings.warn(
/opt/homebrew/lib/python3.14/site-packages/sklearn/utils/validation.py:2691: UserWarning: X does not have valid feature names, but LGBMClassifier was fitted with feature names
  warnings.warn(
/opt/homebrew/lib/python3.14/site-packages/sklearn/utils/validation.py:2691: UserWarning: X does not have valid feature names, but LGBMClassifier was fitted with feature names
  warnings.warn(
/opt/homebrew/lib/python3.14/site-packages/sklearn/utils/validation.py:2691: UserWarning: X does not have valid feature names, but LGBMClassifier was fitted with feature names
  warnings.warn(
/opt/homebrew/lib/python3.14/site-packages/sklearn/utils/validation.py:2691: UserWarning: X does not have valid feature names, but LGBMClassifier was fitted with feature names
  warnings.warn(
/opt/homebrew/lib/python3.14/site-packages/sklearn/utils/validation.py:2691: UserWarning: X does not have valid feature names, but LGBMClassifier was fitted with feature names
  warnings.warn(
/opt/homebrew/lib/python3.14/site-packages/sklearn/utils/validation.py:2691: UserWarning: X does not have valid feature names, but LGBMClassifier was fitted with feature names
  warnings.warn(

╔══════════════════════════════════════════════════════════╗
║           股票监控系统 - 30 分钟级别                         ║
║           邮件通知：21725056@zju.edu.cn                    ║
╚══════════════════════════════════════════════════════════╝
    
✓ 邮件通知已配置
已添加通知渠道：console
未配置通知渠道，使用控制台输出
============================================================
股票监控任务 - 2026-03-27 15:00:03
============================================================

[1/3] 获取股票数据 (30 分钟 K 线)...
获取数据：爱尔眼科 (300015)...
  ✗ 获取失败，尝试加载缓存...
  ✓ 从缓存加载：9.55
获取数据：汇川技术 (300124)...
  ✗ 获取失败，尝试加载缓存...
  ✓ 从缓存加载：66.12
获取数据：保利发展 (600048)...
  ✗ 获取失败，尝试加载缓存...
  ✓ 从缓存加载：5.95
获取数据：美团-W (3690)...
  ✗ 获取失败，尝试加载缓存...
  ✓ 从缓存加载：76.55
获取数据：阿里巴巴-W (9988)...
  ✗ 获取失败，尝试加载缓存...
  ✓ 从缓存加载：119.7
获取数据：腾讯控股 (0700)...
  ✗ 获取失败，尝试加载缓存...
  ✓ 从缓存加载：498.39999
获取数据：贵州茅台 (600519)...
  ✗ 获取失败，尝试加载缓存...
  ✓ 从缓存加载：1401.01

[2/3] 执行策略分析...

分析：爱尔眼科 (300015.SZ)
  🔴 信号：卖出 (评分：-2.25)

分析：汇川技术 (300124.SZ)
  ⚪ 信号：持有 (评分：-1.0)

分析：保利发展 (600048.SH)
  ⚪ 信号：持有 (评分：1.25)

分析：美团-W (3690.HK)
  ⚪ 信号：持有 (评分：1.75)

分析：阿里巴巴-W (9988.HK)
  🔴 信号：强烈卖出 (评分：-4.5)

分析：腾讯控股 (0700.HK)
  🔴 信号：强烈卖出 (评分：-5.5)

分析：贵州茅台 (600519.SH)
  🔴 信号：卖出 (评分：-2.5)

[3/3] 发送邮件通知...
  发现 4 个重要信号，发送汇总邮件...
  发送邮件... (尝试 1/3)
✓ 邮件已发送：交易信号提醒 - 2026-03-27 15:00 - 4只卖出信号

============================================================
监控汇总
============================================================
总计：7 只股票
买入：0 | 卖出：4 | 持有：3
  🔴 爱尔眼科: 卖出 (9.55)
  ⚪ 汇川技术: 持有 (66.12)
  ⚪ 保利发展: 持有 (5.95)
  ⚪ 美团-W: 持有 (76.55)
  🔴 阿里巴巴-W: 强烈卖出 (119.70)
  🔴 腾讯控股: 强烈卖出 (498.40)
  🔴 贵州茅台: 卖出 (1401.01)
获取实时行情失败 300015.SZ: HTTPSConnectionPool(host='hq.sinajs.cn', port=443): Max retries exceeded with url: /list=sz300015 (Caused by SSLError(SSLCertVerificationError(1, '[SSL: CERTIFICATE_VERIFY_FAILED] certificate verify failed: self-signed certificate in certificate chain (_ssl.c:1081)')))
获取实时行情失败 300124.SZ: HTTPSConnectionPool(host='hq.sinajs.cn', port=443): Max retries exceeded with url: /list=sz300124 (Caused by SSLError(SSLCertVerificationError(1, '[SSL: CERTIFICATE_VERIFY_FAILED] certificate verify failed: self-signed certificate in certificate chain (_ssl.c:1081)')))
获取实时行情失败 600048.SH: HTTPSConnectionPool(host='hq.sinajs.cn', port=443): Max retries exceeded with url: /list=sh600048 (Caused by SSLError(SSLCertVerificationError(1, '[SSL: CERTIFICATE_VERIFY_FAILED] certificate verify failed: self-signed certificate in certificate chain (_ssl.c:1081)')))
获取港股实时行情失败 3690.HK: HTTPSConnectionPool(host='finance.sina.com.cn', port=443): Max retries exceeded with url: /stock/hkstock/3690/klc2_kl.js (Caused by SSLError(SSLCertVerificationError(1, '[SSL: CERTIFICATE_VERIFY_FAILED] certificate verify failed: self-signed certificate in certificate chain (_ssl.c:1081)')))
获取港股实时行情失败 9988.HK: HTTPSConnectionPool(host='finance.sina.com.cn', port=443): Max retries exceeded with url: /stock/hkstock/9988/klc2_kl.js (Caused by SSLError(SSLCertVerificationError(1, '[SSL: CERTIFICATE_VERIFY_FAILED] certificate verify failed: self-signed certificate in certificate chain (_ssl.c:1081)')))
获取港股实时行情失败 0700.HK: HTTPSConnectionPool(host='finance.sina.com.cn', port=443): Max retries exceeded with url: /stock/hkstock/0700/klc2_kl.js (Caused by SSLError(SSLCertVerificationError(1, '[SSL: CERTIFICATE_VERIFY_FAILED] certificate verify failed: self-signed certificate in certificate chain (_ssl.c:1081)')))
获取实时行情失败 600519.SH: HTTPSConnectionPool(host='hq.sinajs.cn', port=443): Max retries exceeded with url: /list=sh600519 (Caused by SSLError(SSLCertVerificationError(1, '[SSL: CERTIFICATE_VERIFY_FAILED] certificate verify failed: self-signed certificate in certificate chain (_ssl.c:1081)')))
/opt/homebrew/lib/python3.14/site-packages/sklearn/utils/validation.py:2691: UserWarning: X does not have valid feature names, but LGBMClassifier was fitted with feature names
  warnings.warn(
/opt/homebrew/lib/python3.14/site-packages/joblib/externals/loky/backend/context.py:131: UserWarning: Could not find the number of physical cores for the following reason:
[Errno 2] No such file or directory: 'sysctl'
Returning the number of logical cores instead. You can silence this warning by setting LOKY_MAX_CPU_COUNT to the number of cores you want to use.
  warnings.warn(
  File "/opt/homebrew/lib/python3.14/site-packages/joblib/externals/loky/backend/context.py", line 249, in _count_physical_cores
    cpu_count_physical = _count_physical_cores_darwin()
  File "/opt/homebrew/lib/python3.14/site-packages/joblib/externals/loky/backend/context.py", line 312, in _count_physical_cores_darwin
    cpu_info = subprocess.run(
        "sysctl -n hw.physicalcpu".split(),
        capture_output=True,
        text=True,
    )
  File "/opt/homebrew/Cellar/python@3.14/3.14.3_1/Frameworks/Python.framework/Versions/3.14/lib/python3.14/subprocess.py", line 554, in run
    with Popen(*popenargs, **kwargs) as process:
         ~~~~~^^^^^^^^^^^^^^^^^^^^^^
  File "/opt/homebrew/Cellar/python@3.14/3.14.3_1/Frameworks/Python.framework/Versions/3.14/lib/python3.14/subprocess.py", line 1038, in __init__
    self._execute_child(args, executable, preexec_fn, close_fds,
    ~~~~~~~~~~~~~~~~~~~^^^^^^^^^^^^^^^^^^^^^^^^^^^^^^^^^^^^^^^^^
                        pass_fds, cwd, env,
                        ^^^^^^^^^^^^^^^^^^^
    ...<5 lines>...
                        gid, gids, uid, umask,
                        ^^^^^^^^^^^^^^^^^^^^^^
                        start_new_session, process_group)
                        ^^^^^^^^^^^^^^^^^^^^^^^^^^^^^^^^^
  File "/opt/homebrew/Cellar/python@3.14/3.14.3_1/Frameworks/Python.framework/Versions/3.14/lib/python3.14/subprocess.py", line 1989, in _execute_child
    raise child_exception_type(errno_num, err_msg, err_filename)
/opt/homebrew/lib/python3.14/site-packages/sklearn/utils/validation.py:2691: UserWarning: X does not have valid feature names, but LGBMClassifier was fitted with feature names
  warnings.warn(
/opt/homebrew/lib/python3.14/site-packages/sklearn/utils/validation.py:2691: UserWarning: X does not have valid feature names, but LGBMClassifier was fitted with feature names
  warnings.warn(
/opt/homebrew/lib/python3.14/site-packages/sklearn/utils/validation.py:2691: UserWarning: X does not have valid feature names, but LGBMClassifier was fitted with feature names
  warnings.warn(
/opt/homebrew/lib/python3.14/site-packages/sklearn/utils/validation.py:2691: UserWarning: X does not have valid feature names, but LGBMClassifier was fitted with feature names
  warnings.warn(
/opt/homebrew/lib/python3.14/site-packages/sklearn/utils/validation.py:2691: UserWarning: X does not have valid feature names, but LGBMClassifier was fitted with feature names
  warnings.warn(
/opt/homebrew/lib/python3.14/site-packages/sklearn/utils/validation.py:2691: UserWarning: X does not have valid feature names, but LGBMClassifier was fitted with feature names
  warnings.warn(
/opt/homebrew/lib/python3.14/site-packages/sklearn/utils/validation.py:2691: UserWarning: X does not have valid feature names, but LGBMClassifier was fitted with feature names
  warnings.warn(
/opt/homebrew/lib/python3.14/site-packages/sklearn/utils/validation.py:2691: UserWarning: X does not have valid feature names, but LGBMClassifier was fitted with feature names
  warnings.warn(
/opt/homebrew/lib/python3.14/site-packages/sklearn/utils/validation.py:2691: UserWarning: X does not have valid feature names, but LGBMClassifier was fitted with feature names
  warnings.warn(
/opt/homebrew/lib/python3.14/site-packages/sklearn/utils/validation.py:2691: UserWarning: X does not have valid feature names, but LGBMClassifier was fitted with feature names
  warnings.warn(
/opt/homebrew/lib/python3.14/site-packages/sklearn/utils/validation.py:2691: UserWarning: X does not have valid feature names, but LGBMClassifier was fitted with feature names
  warnings.warn(
/opt/homebrew/lib/python3.14/site-packages/sklearn/utils/validation.py:2691: UserWarning: X does not have valid feature names, but LGBMClassifier was fitted with feature names
  warnings.warn(
/opt/homebrew/lib/python3.14/site-packages/sklearn/utils/validation.py:2691: UserWarning: X does not have valid feature names, but LGBMClassifier was fitted with feature names
  warnings.warn(

╔══════════════════════════════════════════════════════════╗
║           股票监控系统 - 30 分钟级别                         ║
║           邮件通知：21725056@zju.edu.cn                    ║
╚══════════════════════════════════════════════════════════╝
    
✓ 邮件通知已配置
已添加通知渠道：console
未配置通知渠道，使用控制台输出
============================================================
股票监控任务 - 2026-03-27 15:30:04
============================================================

[1/3] 获取股票数据 (30 分钟 K 线)...
获取数据：爱尔眼科 (300015)...
  ✗ 获取失败，尝试加载缓存...
  ✓ 从缓存加载：9.55
获取数据：汇川技术 (300124)...
  ✗ 获取失败，尝试加载缓存...
  ✓ 从缓存加载：66.12
获取数据：保利发展 (600048)...
  ✗ 获取失败，尝试加载缓存...
  ✓ 从缓存加载：5.95
获取数据：美团-W (3690)...
  ✗ 获取失败，尝试加载缓存...
  ✓ 从缓存加载：76.55
获取数据：阿里巴巴-W (9988)...
  ✗ 获取失败，尝试加载缓存...
  ✓ 从缓存加载：119.7
获取数据：腾讯控股 (0700)...
  ✗ 获取失败，尝试加载缓存...
  ✓ 从缓存加载：498.39999
获取数据：贵州茅台 (600519)...
  ✗ 获取失败，尝试加载缓存...
  ✓ 从缓存加载：1401.01

[2/3] 执行策略分析...

分析：爱尔眼科 (300015.SZ)
  🔴 信号：卖出 (评分：-2.25)

分析：汇川技术 (300124.SZ)
  ⚪ 信号：持有 (评分：-1.0)

分析：保利发展 (600048.SH)
  ⚪ 信号：持有 (评分：1.25)

分析：美团-W (3690.HK)
  ⚪ 信号：持有 (评分：1.75)

分析：阿里巴巴-W (9988.HK)
  🔴 信号：强烈卖出 (评分：-4.5)

分析：腾讯控股 (0700.HK)
  🔴 信号：强烈卖出 (评分：-5.5)

分析：贵州茅台 (600519.SH)
  🔴 信号：卖出 (评分：-2.5)

[3/3] 发送邮件通知...
  发现 4 个重要信号，发送汇总邮件...
  发送邮件... (尝试 1/3)
✓ 邮件已发送：交易信号提醒 - 2026-03-27 15:30 - 4只卖出信号

============================================================
监控汇总
============================================================
总计：7 只股票
买入：0 | 卖出：4 | 持有：3
  🔴 爱尔眼科: 卖出 (9.55)
  ⚪ 汇川技术: 持有 (66.12)
  ⚪ 保利发展: 持有 (5.95)
  ⚪ 美团-W: 持有 (76.55)
  🔴 阿里巴巴-W: 强烈卖出 (119.70)
  🔴 腾讯控股: 强烈卖出 (498.40)
  🔴 贵州茅台: 卖出 (1401.01)
获取实时行情失败 300015.SZ: HTTPSConnectionPool(host='hq.sinajs.cn', port=443): Max retries exceeded with url: /list=sz300015 (Caused by NameResolutionError("HTTPSConnection(host='hq.sinajs.cn', port=443): Failed to resolve 'hq.sinajs.cn' ([Errno 8] nodename nor servname provided, or not known)"))
获取实时行情失败 300124.SZ: HTTPSConnectionPool(host='hq.sinajs.cn', port=443): Max retries exceeded with url: /list=sz300124 (Caused by NameResolutionError("HTTPSConnection(host='hq.sinajs.cn', port=443): Failed to resolve 'hq.sinajs.cn' ([Errno 8] nodename nor servname provided, or not known)"))
获取实时行情失败 600048.SH: HTTPSConnectionPool(host='hq.sinajs.cn', port=443): Max retries exceeded with url: /list=sh600048 (Caused by NameResolutionError("HTTPSConnection(host='hq.sinajs.cn', port=443): Failed to resolve 'hq.sinajs.cn' ([Errno 8] nodename nor servname provided, or not known)"))
获取港股实时行情失败 3690.HK: HTTPSConnectionPool(host='finance.sina.com.cn', port=443): Max retries exceeded with url: /stock/hkstock/3690/klc2_kl.js (Caused by NameResolutionError("HTTPSConnection(host='finance.sina.com.cn', port=443): Failed to resolve 'finance.sina.com.cn' ([Errno 8] nodename nor servname provided, or not known)"))
获取港股实时行情失败 9988.HK: HTTPSConnectionPool(host='finance.sina.com.cn', port=443): Max retries exceeded with url: /stock/hkstock/9988/klc2_kl.js (Caused by NameResolutionError("HTTPSConnection(host='finance.sina.com.cn', port=443): Failed to resolve 'finance.sina.com.cn' ([Errno 8] nodename nor servname provided, or not known)"))
获取港股实时行情失败 0700.HK: HTTPSConnectionPool(host='finance.sina.com.cn', port=443): Max retries exceeded with url: /stock/hkstock/0700/klc2_kl.js (Caused by NameResolutionError("HTTPSConnection(host='finance.sina.com.cn', port=443): Failed to resolve 'finance.sina.com.cn' ([Errno 8] nodename nor servname provided, or not known)"))
获取实时行情失败 600519.SH: HTTPSConnectionPool(host='hq.sinajs.cn', port=443): Max retries exceeded with url: /list=sh600519 (Caused by NameResolutionError("HTTPSConnection(host='hq.sinajs.cn', port=443): Failed to resolve 'hq.sinajs.cn' ([Errno 8] nodename nor servname provided, or not known)"))
/opt/homebrew/lib/python3.14/site-packages/sklearn/utils/validation.py:2691: UserWarning: X does not have valid feature names, but LGBMClassifier was fitted with feature names
  warnings.warn(
/opt/homebrew/lib/python3.14/site-packages/joblib/externals/loky/backend/context.py:131: UserWarning: Could not find the number of physical cores for the following reason:
[Errno 2] No such file or directory: 'sysctl'
Returning the number of logical cores instead. You can silence this warning by setting LOKY_MAX_CPU_COUNT to the number of cores you want to use.
  warnings.warn(
  File "/opt/homebrew/lib/python3.14/site-packages/joblib/externals/loky/backend/context.py", line 249, in _count_physical_cores
    cpu_count_physical = _count_physical_cores_darwin()
  File "/opt/homebrew/lib/python3.14/site-packages/joblib/externals/loky/backend/context.py", line 312, in _count_physical_cores_darwin
    cpu_info = subprocess.run(
        "sysctl -n hw.physicalcpu".split(),
        capture_output=True,
        text=True,
    )
  File "/opt/homebrew/Cellar/python@3.14/3.14.3_1/Frameworks/Python.framework/Versions/3.14/lib/python3.14/subprocess.py", line 554, in run
    with Popen(*popenargs, **kwargs) as process:
         ~~~~~^^^^^^^^^^^^^^^^^^^^^^
  File "/opt/homebrew/Cellar/python@3.14/3.14.3_1/Frameworks/Python.framework/Versions/3.14/lib/python3.14/subprocess.py", line 1038, in __init__
    self._execute_child(args, executable, preexec_fn, close_fds,
    ~~~~~~~~~~~~~~~~~~~^^^^^^^^^^^^^^^^^^^^^^^^^^^^^^^^^^^^^^^^^
                        pass_fds, cwd, env,
                        ^^^^^^^^^^^^^^^^^^^
    ...<5 lines>...
                        gid, gids, uid, umask,
                        ^^^^^^^^^^^^^^^^^^^^^^
                        start_new_session, process_group)
                        ^^^^^^^^^^^^^^^^^^^^^^^^^^^^^^^^^
  File "/opt/homebrew/Cellar/python@3.14/3.14.3_1/Frameworks/Python.framework/Versions/3.14/lib/python3.14/subprocess.py", line 1989, in _execute_child
    raise child_exception_type(errno_num, err_msg, err_filename)
/opt/homebrew/lib/python3.14/site-packages/sklearn/utils/validation.py:2691: UserWarning: X does not have valid feature names, but LGBMClassifier was fitted with feature names
  warnings.warn(
/opt/homebrew/lib/python3.14/site-packages/sklearn/utils/validation.py:2691: UserWarning: X does not have valid feature names, but LGBMClassifier was fitted with feature names
  warnings.warn(
/opt/homebrew/lib/python3.14/site-packages/sklearn/utils/validation.py:2691: UserWarning: X does not have valid feature names, but LGBMClassifier was fitted with feature names
  warnings.warn(
/opt/homebrew/lib/python3.14/site-packages/sklearn/utils/validation.py:2691: UserWarning: X does not have valid feature names, but LGBMClassifier was fitted with feature names
  warnings.warn(
/opt/homebrew/lib/python3.14/site-packages/sklearn/utils/validation.py:2691: UserWarning: X does not have valid feature names, but LGBMClassifier was fitted with feature names
  warnings.warn(
/opt/homebrew/lib/python3.14/site-packages/sklearn/utils/validation.py:2691: UserWarning: X does not have valid feature names, but LGBMClassifier was fitted with feature names
  warnings.warn(
/opt/homebrew/lib/python3.14/site-packages/sklearn/utils/validation.py:2691: UserWarning: X does not have valid feature names, but LGBMClassifier was fitted with feature names
  warnings.warn(
/opt/homebrew/lib/python3.14/site-packages/sklearn/utils/validation.py:2691: UserWarning: X does not have valid feature names, but LGBMClassifier was fitted with feature names
  warnings.warn(
/opt/homebrew/lib/python3.14/site-packages/sklearn/utils/validation.py:2691: UserWarning: X does not have valid feature names, but LGBMClassifier was fitted with feature names
  warnings.warn(
/opt/homebrew/lib/python3.14/site-packages/sklearn/utils/validation.py:2691: UserWarning: X does not have valid feature names, but LGBMClassifier was fitted with feature names
  warnings.warn(
/opt/homebrew/lib/python3.14/site-packages/sklearn/utils/validation.py:2691: UserWarning: X does not have valid feature names, but LGBMClassifier was fitted with feature names
  warnings.warn(
/opt/homebrew/lib/python3.14/site-packages/sklearn/utils/validation.py:2691: UserWarning: X does not have valid feature names, but LGBMClassifier was fitted with feature names
  warnings.warn(
/opt/homebrew/lib/python3.14/site-packages/sklearn/utils/validation.py:2691: UserWarning: X does not have valid feature names, but LGBMClassifier was fitted with feature names
  warnings.warn(

╔══════════════════════════════════════════════════════════╗
║           股票监控系统 - 30 分钟级别                         ║
║           邮件通知：21725056@zju.edu.cn                    ║
╚══════════════════════════════════════════════════════════╝
    
✓ 邮件通知已配置
已添加通知渠道：console
未配置通知渠道，使用控制台输出
============================================================
股票监控任务 - 2026-03-30 10:00:30
============================================================

[1/3] 获取股票数据 (30 分钟 K 线)...
获取数据：爱尔眼科 (300015)...
  ✗ 获取失败，尝试加载缓存...
  ✓ 从缓存加载：9.55
获取数据：汇川技术 (300124)...
  ✗ 获取失败，尝试加载缓存...
  ✓ 从缓存加载：66.12
获取数据：保利发展 (600048)...
  ✗ 获取失败，尝试加载缓存...
  ✓ 从缓存加载：5.95
获取数据：美团-W (3690)...
  ✗ 获取失败，尝试加载缓存...
  ✓ 从缓存加载：76.55
获取数据：阿里巴巴-W (9988)...
  ✗ 获取失败，尝试加载缓存...
  ✓ 从缓存加载：119.7
获取数据：腾讯控股 (0700)...
  ✗ 获取失败，尝试加载缓存...
  ✓ 从缓存加载：498.39999
获取数据：贵州茅台 (600519)...
  ✗ 获取失败，尝试加载缓存...
  ✓ 从缓存加载：1401.01

[2/3] 执行策略分析...

分析：爱尔眼科 (300015.SZ)
  🔴 信号：卖出 (评分：-2.25)

分析：汇川技术 (300124.SZ)
  ⚪ 信号：持有 (评分：-1.0)

分析：保利发展 (600048.SH)
  ⚪ 信号：持有 (评分：1.25)

分析：美团-W (3690.HK)
  ⚪ 信号：持有 (评分：1.75)

分析：阿里巴巴-W (9988.HK)
  🔴 信号：强烈卖出 (评分：-4.5)

分析：腾讯控股 (0700.HK)
  🔴 信号：强烈卖出 (评分：-5.5)

分析：贵州茅台 (600519.SH)
  🔴 信号：卖出 (评分：-2.5)

[3/3] 发送邮件通知...
  发现 4 个重要信号，发送汇总邮件...
  发送邮件... (尝试 1/3)
✗ 邮件发送失败：[Errno 8] nodename nor servname provided, or not known

============================================================
监控汇总
============================================================
总计：7 只股票
买入：0 | 卖出：4 | 持有：3
  🔴 爱尔眼科: 卖出 (9.55)
  ⚪ 汇川技术: 持有 (66.12)
  ⚪ 保利发展: 持有 (5.95)
  ⚪ 美团-W: 持有 (76.55)
  🔴 阿里巴巴-W: 强烈卖出 (119.70)
  🔴 腾讯控股: 强烈卖出 (498.40)
  🔴 贵州茅台: 卖出 (1401.01)
获取港股实时行情失败 3690.HK: 'date'
获取港股实时行情失败 9988.HK: 'date'
获取港股实时行情失败 0700.HK: 'date'
/opt/homebrew/lib/python3.14/site-packages/sklearn/utils/validation.py:2691: UserWarning: X does not have valid feature names, but LGBMClassifier was fitted with feature names
  warnings.warn(
/opt/homebrew/lib/python3.14/site-packages/joblib/externals/loky/backend/context.py:131: UserWarning: Could not find the number of physical cores for the following reason:
[Errno 2] No such file or directory: 'sysctl'
Returning the number of logical cores instead. You can silence this warning by setting LOKY_MAX_CPU_COUNT to the number of cores you want to use.
  warnings.warn(
  File "/opt/homebrew/lib/python3.14/site-packages/joblib/externals/loky/backend/context.py", line 249, in _count_physical_cores
    cpu_count_physical = _count_physical_cores_darwin()
  File "/opt/homebrew/lib/python3.14/site-packages/joblib/externals/loky/backend/context.py", line 312, in _count_physical_cores_darwin
    cpu_info = subprocess.run(
        "sysctl -n hw.physicalcpu".split(),
        capture_output=True,
        text=True,
    )
  File "/opt/homebrew/Cellar/python@3.14/3.14.3_1/Frameworks/Python.framework/Versions/3.14/lib/python3.14/subprocess.py", line 554, in run
    with Popen(*popenargs, **kwargs) as process:
         ~~~~~^^^^^^^^^^^^^^^^^^^^^^
  File "/opt/homebrew/Cellar/python@3.14/3.14.3_1/Frameworks/Python.framework/Versions/3.14/lib/python3.14/subprocess.py", line 1038, in __init__
    self._execute_child(args, executable, preexec_fn, close_fds,
    ~~~~~~~~~~~~~~~~~~~^^^^^^^^^^^^^^^^^^^^^^^^^^^^^^^^^^^^^^^^^
                        pass_fds, cwd, env,
                        ^^^^^^^^^^^^^^^^^^^
    ...<5 lines>...
                        gid, gids, uid, umask,
                        ^^^^^^^^^^^^^^^^^^^^^^
                        start_new_session, process_group)
                        ^^^^^^^^^^^^^^^^^^^^^^^^^^^^^^^^^
  File "/opt/homebrew/Cellar/python@3.14/3.14.3_1/Frameworks/Python.framework/Versions/3.14/lib/python3.14/subprocess.py", line 1989, in _execute_child
    raise child_exception_type(errno_num, err_msg, err_filename)
/opt/homebrew/lib/python3.14/site-packages/sklearn/utils/validation.py:2691: UserWarning: X does not have valid feature names, but LGBMClassifier was fitted with feature names
  warnings.warn(
/opt/homebrew/lib/python3.14/site-packages/sklearn/utils/validation.py:2691: UserWarning: X does not have valid feature names, but LGBMClassifier was fitted with feature names
  warnings.warn(
/opt/homebrew/lib/python3.14/site-packages/sklearn/utils/validation.py:2691: UserWarning: X does not have valid feature names, but LGBMClassifier was fitted with feature names
  warnings.warn(
/opt/homebrew/lib/python3.14/site-packages/sklearn/utils/validation.py:2691: UserWarning: X does not have valid feature names, but LGBMClassifier was fitted with feature names
  warnings.warn(
/opt/homebrew/lib/python3.14/site-packages/sklearn/utils/validation.py:2691: UserWarning: X does not have valid feature names, but LGBMClassifier was fitted with feature names
  warnings.warn(
/opt/homebrew/lib/python3.14/site-packages/sklearn/utils/validation.py:2691: UserWarning: X does not have valid feature names, but LGBMClassifier was fitted with feature names
  warnings.warn(
/opt/homebrew/lib/python3.14/site-packages/sklearn/utils/validation.py:2691: UserWarning: X does not have valid feature names, but LGBMClassifier was fitted with feature names
  warnings.warn(
/opt/homebrew/lib/python3.14/site-packages/sklearn/utils/validation.py:2691: UserWarning: X does not have valid feature names, but LGBMClassifier was fitted with feature names
  warnings.warn(
/opt/homebrew/lib/python3.14/site-packages/sklearn/utils/validation.py:2691: UserWarning: X does not have valid feature names, but LGBMClassifier was fitted with feature names
  warnings.warn(
/opt/homebrew/lib/python3.14/site-packages/sklearn/utils/validation.py:2691: UserWarning: X does not have valid feature names, but LGBMClassifier was fitted with feature names
  warnings.warn(
/opt/homebrew/lib/python3.14/site-packages/sklearn/utils/validation.py:2691: UserWarning: X does not have valid feature names, but LGBMClassifier was fitted with feature names
  warnings.warn(
/opt/homebrew/lib/python3.14/site-packages/sklearn/utils/validation.py:2691: UserWarning: X does not have valid feature names, but LGBMClassifier was fitted with feature names
  warnings.warn(
/opt/homebrew/lib/python3.14/site-packages/sklearn/utils/validation.py:2691: UserWarning: X does not have valid feature names, but LGBMClassifier was fitted with feature names
  warnings.warn(

╔══════════════════════════════════════════════════════════╗
║           股票监控系统 - 30 分钟级别                         ║
║           邮件通知：21725056@zju.edu.cn                    ║
╚══════════════════════════════════════════════════════════╝
    
✓ 邮件通知已配置
已添加通知渠道：console
未配置通知渠道，使用控制台输出
============================================================
股票监控任务 - 2026-03-30 10:30:04
============================================================

[1/3] 获取股票数据 (30 分钟 K 线)...
获取数据：爱尔眼科 (300015)...
  ✓ 实时价格：9.59, 涨跌幅：-0.10%
  ✓ 历史数据：251 条
获取数据：汇川技术 (300124)...
  ✓ 实时价格：67.11, 涨跌幅：-2.09%
  ✓ 历史数据：251 条
获取数据：保利发展 (600048)...
  ✓ 实时价格：5.84, 涨跌幅：-0.85%
  ✓ 历史数据：251 条
获取数据：美团-W (3690)...
  ✗ 获取失败，尝试加载缓存...
  ✓ 从缓存加载：76.55
获取数据：阿里巴巴-W (9988)...
  ✗ 获取失败，尝试加载缓存...
  ✓ 从缓存加载：119.7
获取数据：腾讯控股 (0700)...
  ✗ 获取失败，尝试加载缓存...
  ✓ 从缓存加载：498.39999
获取数据：贵州茅台 (600519)...
  ✓ 实时价格：1410.15, 涨跌幅：-0.41%
  ✓ 历史数据：251 条

[2/3] 执行策略分析...

分析：爱尔眼科 (300015.SZ)
  🟢 信号：强烈买入 (评分：4.0)

分析：汇川技术 (300124.SZ)
  🔴 信号：卖出 (评分：-2.75)

分析：保利发展 (600048.SH)
  🔴 信号：强烈卖出 (评分：-4.25)

分析：美团-W (3690.HK)
  ⚪ 信号：持有 (评分：1.75)

分析：阿里巴巴-W (9988.HK)
  🔴 信号：强烈卖出 (评分：-4.5)

分析：腾讯控股 (0700.HK)
  🔴 信号：强烈卖出 (评分：-5.5)

分析：贵州茅台 (600519.SH)
  ⚪ 信号：持有 (评分：1.5)

[3/3] 发送邮件通知...
  发现 5 个重要信号，发送汇总邮件...
  发送邮件... (尝试 1/3)
✓ 邮件已发送：交易信号提醒 - 2026-03-30 10:30 - 1只买入, 4只卖出信号

============================================================
监控汇总
============================================================
总计：7 只股票
买入：1 | 卖出：4 | 持有：2
  🟢 爱尔眼科: 强烈买入 (9.59)
  🔴 汇川技术: 卖出 (67.11)
  🔴 保利发展: 强烈卖出 (5.84)
  ⚪ 美团-W: 持有 (76.55)
  🔴 阿里巴巴-W: 强烈卖出 (119.70)
  🔴 腾讯控股: 强烈卖出 (498.40)
  ⚪ 贵州茅台: 持有 (1410.15)
获取港股实时行情失败 3690.HK: 'date'
获取港股实时行情失败 9988.HK: 'date'
获取港股实时行情失败 0700.HK: 'date'
/opt/homebrew/lib/python3.14/site-packages/sklearn/utils/validation.py:2691: UserWarning: X does not have valid feature names, but LGBMClassifier was fitted with feature names
  warnings.warn(
/opt/homebrew/lib/python3.14/site-packages/joblib/externals/loky/backend/context.py:131: UserWarning: Could not find the number of physical cores for the following reason:
[Errno 2] No such file or directory: 'sysctl'
Returning the number of logical cores instead. You can silence this warning by setting LOKY_MAX_CPU_COUNT to the number of cores you want to use.
  warnings.warn(
  File "/opt/homebrew/lib/python3.14/site-packages/joblib/externals/loky/backend/context.py", line 249, in _count_physical_cores
    cpu_count_physical = _count_physical_cores_darwin()
  File "/opt/homebrew/lib/python3.14/site-packages/joblib/externals/loky/backend/context.py", line 312, in _count_physical_cores_darwin
    cpu_info = subprocess.run(
        "sysctl -n hw.physicalcpu".split(),
        capture_output=True,
        text=True,
    )
  File "/opt/homebrew/Cellar/python@3.14/3.14.3_1/Frameworks/Python.framework/Versions/3.14/lib/python3.14/subprocess.py", line 554, in run
    with Popen(*popenargs, **kwargs) as process:
         ~~~~~^^^^^^^^^^^^^^^^^^^^^^
  File "/opt/homebrew/Cellar/python@3.14/3.14.3_1/Frameworks/Python.framework/Versions/3.14/lib/python3.14/subprocess.py", line 1038, in __init__
    self._execute_child(args, executable, preexec_fn, close_fds,
    ~~~~~~~~~~~~~~~~~~~^^^^^^^^^^^^^^^^^^^^^^^^^^^^^^^^^^^^^^^^^
                        pass_fds, cwd, env,
                        ^^^^^^^^^^^^^^^^^^^
    ...<5 lines>...
                        gid, gids, uid, umask,
                        ^^^^^^^^^^^^^^^^^^^^^^
                        start_new_session, process_group)
                        ^^^^^^^^^^^^^^^^^^^^^^^^^^^^^^^^^
  File "/opt/homebrew/Cellar/python@3.14/3.14.3_1/Frameworks/Python.framework/Versions/3.14/lib/python3.14/subprocess.py", line 1989, in _execute_child
    raise child_exception_type(errno_num, err_msg, err_filename)
/opt/homebrew/lib/python3.14/site-packages/sklearn/utils/validation.py:2691: UserWarning: X does not have valid feature names, but LGBMClassifier was fitted with feature names
  warnings.warn(
/opt/homebrew/lib/python3.14/site-packages/sklearn/utils/validation.py:2691: UserWarning: X does not have valid feature names, but LGBMClassifier was fitted with feature names
  warnings.warn(
/opt/homebrew/lib/python3.14/site-packages/sklearn/utils/validation.py:2691: UserWarning: X does not have valid feature names, but LGBMClassifier was fitted with feature names
  warnings.warn(
/opt/homebrew/lib/python3.14/site-packages/sklearn/utils/validation.py:2691: UserWarning: X does not have valid feature names, but LGBMClassifier was fitted with feature names
  warnings.warn(
/opt/homebrew/lib/python3.14/site-packages/sklearn/utils/validation.py:2691: UserWarning: X does not have valid feature names, but LGBMClassifier was fitted with feature names
  warnings.warn(
/opt/homebrew/lib/python3.14/site-packages/sklearn/utils/validation.py:2691: UserWarning: X does not have valid feature names, but LGBMClassifier was fitted with feature names
  warnings.warn(
/opt/homebrew/lib/python3.14/site-packages/sklearn/utils/validation.py:2691: UserWarning: X does not have valid feature names, but LGBMClassifier was fitted with feature names
  warnings.warn(
/opt/homebrew/lib/python3.14/site-packages/sklearn/utils/validation.py:2691: UserWarning: X does not have valid feature names, but LGBMClassifier was fitted with feature names
  warnings.warn(
/opt/homebrew/lib/python3.14/site-packages/sklearn/utils/validation.py:2691: UserWarning: X does not have valid feature names, but LGBMClassifier was fitted with feature names
  warnings.warn(
/opt/homebrew/lib/python3.14/site-packages/sklearn/utils/validation.py:2691: UserWarning: X does not have valid feature names, but LGBMClassifier was fitted with feature names
  warnings.warn(
/opt/homebrew/lib/python3.14/site-packages/sklearn/utils/validation.py:2691: UserWarning: X does not have valid feature names, but LGBMClassifier was fitted with feature names
  warnings.warn(
/opt/homebrew/lib/python3.14/site-packages/sklearn/utils/validation.py:2691: UserWarning: X does not have valid feature names, but LGBMClassifier was fitted with feature names
  warnings.warn(
/opt/homebrew/lib/python3.14/site-packages/sklearn/utils/validation.py:2691: UserWarning: X does not have valid feature names, but LGBMClassifier was fitted with feature names
  warnings.warn(

╔══════════════════════════════════════════════════════════╗
║           股票监控系统 - 30 分钟级别                         ║
║           邮件通知：21725056@zju.edu.cn                    ║
╚══════════════════════════════════════════════════════════╝
    
✓ 邮件通知已配置
已添加通知渠道：console
未配置通知渠道，使用控制台输出
============================================================
股票监控任务 - 2026-03-30 11:00:05
============================================================

[1/3] 获取股票数据 (30 分钟 K 线)...
获取数据：爱尔眼科 (300015)...
  ✓ 实时价格：9.61, 涨跌幅：0.10%
  ✓ 历史数据：252 条
获取数据：汇川技术 (300124)...
  ✓ 实时价格：67.16, 涨跌幅：-2.01%
  ✓ 历史数据：252 条
获取数据：保利发展 (600048)...
  ✓ 实时价格：5.82, 涨跌幅：-1.19%
  ✓ 历史数据：252 条
获取数据：美团-W (3690)...
  ✗ 获取失败，尝试加载缓存...
  ✓ 从缓存加载：76.55
获取数据：阿里巴巴-W (9988)...
  ✗ 获取失败，尝试加载缓存...
  ✓ 从缓存加载：119.7
获取数据：腾讯控股 (0700)...
  ✗ 获取失败，尝试加载缓存...
  ✓ 从缓存加载：498.39999
获取数据：贵州茅台 (600519)...
  ✓ 实时价格：1419.65, 涨跌幅：0.26%
  ✓ 历史数据：252 条

[2/3] 执行策略分析...

分析：爱尔眼科 (300015.SZ)
  🟢 信号：强烈买入 (评分：6.5)

分析：汇川技术 (300124.SZ)
  🔴 信号：强烈卖出 (评分：-6.0)

分析：保利发展 (600048.SH)
  ⚪ 信号：持有 (评分：0.0)

分析：美团-W (3690.HK)
  🟢 信号：买入 (评分：2.25)

分析：阿里巴巴-W (9988.HK)
  🟢 信号：买入 (评分：1.25)

分析：腾讯控股 (0700.HK)
  🔴 信号：强烈卖出 (评分：-4.5)

分析：贵州茅台 (600519.SH)
  ⚪ 信号：持有 (评分：1.5)

[3/3] 发送邮件通知...
  发现 5 个重要信号，发送汇总邮件...
  发送邮件... (尝试 1/3)
✓ 邮件已发送：交易信号提醒 - 2026-03-30 11:00 - 3只买入, 2只卖出信号

============================================================
监控汇总
============================================================
总计：7 只股票
买入：3 | 卖出：2 | 持有：2
  🟢 爱尔眼科: 强烈买入 (9.61)
  🔴 汇川技术: 强烈卖出 (67.16)
  ⚪ 保利发展: 持有 (5.82)
  🟢 美团-W: 买入 (76.55)
  🟢 阿里巴巴-W: 买入 (119.70)
  🔴 腾讯控股: 强烈卖出 (498.40)
  ⚪ 贵州茅台: 持有 (1419.65)
获取港股实时行情失败 3690.HK: 'date'
获取港股实时行情失败 9988.HK: 'date'
获取港股实时行情失败 0700.HK: 'date'
/opt/homebrew/lib/python3.14/site-packages/sklearn/utils/validation.py:2691: UserWarning: X does not have valid feature names, but LGBMClassifier was fitted with feature names
  warnings.warn(
/opt/homebrew/lib/python3.14/site-packages/joblib/externals/loky/backend/context.py:131: UserWarning: Could not find the number of physical cores for the following reason:
[Errno 2] No such file or directory: 'sysctl'
Returning the number of logical cores instead. You can silence this warning by setting LOKY_MAX_CPU_COUNT to the number of cores you want to use.
  warnings.warn(
  File "/opt/homebrew/lib/python3.14/site-packages/joblib/externals/loky/backend/context.py", line 249, in _count_physical_cores
    cpu_count_physical = _count_physical_cores_darwin()
  File "/opt/homebrew/lib/python3.14/site-packages/joblib/externals/loky/backend/context.py", line 312, in _count_physical_cores_darwin
    cpu_info = subprocess.run(
        "sysctl -n hw.physicalcpu".split(),
        capture_output=True,
        text=True,
    )
  File "/opt/homebrew/Cellar/python@3.14/3.14.3_1/Frameworks/Python.framework/Versions/3.14/lib/python3.14/subprocess.py", line 554, in run
    with Popen(*popenargs, **kwargs) as process:
         ~~~~~^^^^^^^^^^^^^^^^^^^^^^
  File "/opt/homebrew/Cellar/python@3.14/3.14.3_1/Frameworks/Python.framework/Versions/3.14/lib/python3.14/subprocess.py", line 1038, in __init__
    self._execute_child(args, executable, preexec_fn, close_fds,
    ~~~~~~~~~~~~~~~~~~~^^^^^^^^^^^^^^^^^^^^^^^^^^^^^^^^^^^^^^^^^
                        pass_fds, cwd, env,
                        ^^^^^^^^^^^^^^^^^^^
    ...<5 lines>...
                        gid, gids, uid, umask,
                        ^^^^^^^^^^^^^^^^^^^^^^
                        start_new_session, process_group)
                        ^^^^^^^^^^^^^^^^^^^^^^^^^^^^^^^^^
  File "/opt/homebrew/Cellar/python@3.14/3.14.3_1/Frameworks/Python.framework/Versions/3.14/lib/python3.14/subprocess.py", line 1989, in _execute_child
    raise child_exception_type(errno_num, err_msg, err_filename)
/opt/homebrew/lib/python3.14/site-packages/sklearn/utils/validation.py:2691: UserWarning: X does not have valid feature names, but LGBMClassifier was fitted with feature names
  warnings.warn(
/opt/homebrew/lib/python3.14/site-packages/sklearn/utils/validation.py:2691: UserWarning: X does not have valid feature names, but LGBMClassifier was fitted with feature names
  warnings.warn(
/opt/homebrew/lib/python3.14/site-packages/sklearn/utils/validation.py:2691: UserWarning: X does not have valid feature names, but LGBMClassifier was fitted with feature names
  warnings.warn(
/opt/homebrew/lib/python3.14/site-packages/sklearn/utils/validation.py:2691: UserWarning: X does not have valid feature names, but LGBMClassifier was fitted with feature names
  warnings.warn(
/opt/homebrew/lib/python3.14/site-packages/sklearn/utils/validation.py:2691: UserWarning: X does not have valid feature names, but LGBMClassifier was fitted with feature names
  warnings.warn(
/opt/homebrew/lib/python3.14/site-packages/sklearn/utils/validation.py:2691: UserWarning: X does not have valid feature names, but LGBMClassifier was fitted with feature names
  warnings.warn(
/opt/homebrew/lib/python3.14/site-packages/sklearn/utils/validation.py:2691: UserWarning: X does not have valid feature names, but LGBMClassifier was fitted with feature names
  warnings.warn(
/opt/homebrew/lib/python3.14/site-packages/sklearn/utils/validation.py:2691: UserWarning: X does not have valid feature names, but LGBMClassifier was fitted with feature names
  warnings.warn(
/opt/homebrew/lib/python3.14/site-packages/sklearn/utils/validation.py:2691: UserWarning: X does not have valid feature names, but LGBMClassifier was fitted with feature names
  warnings.warn(
/opt/homebrew/lib/python3.14/site-packages/sklearn/utils/validation.py:2691: UserWarning: X does not have valid feature names, but LGBMClassifier was fitted with feature names
  warnings.warn(
/opt/homebrew/lib/python3.14/site-packages/sklearn/utils/validation.py:2691: UserWarning: X does not have valid feature names, but LGBMClassifier was fitted with feature names
  warnings.warn(
/opt/homebrew/lib/python3.14/site-packages/sklearn/utils/validation.py:2691: UserWarning: X does not have valid feature names, but LGBMClassifier was fitted with feature names
  warnings.warn(
/opt/homebrew/lib/python3.14/site-packages/sklearn/utils/validation.py:2691: UserWarning: X does not have valid feature names, but LGBMClassifier was fitted with feature names
  warnings.warn(

╔══════════════════════════════════════════════════════════╗
║           股票监控系统 - 30 分钟级别                         ║
║           邮件通知：21725056@zju.edu.cn                    ║
╚══════════════════════════════════════════════════════════╝
    
✓ 邮件通知已配置
已添加通知渠道：console
未配置通知渠道，使用控制台输出
============================================================
股票监控任务 - 2026-03-30 11:30:05
============================================================

[1/3] 获取股票数据 (30 分钟 K 线)...
获取数据：爱尔眼科 (300015)...
  ✓ 实时价格：9.66, 涨跌幅：0.63%
  ✓ 历史数据：252 条
获取数据：汇川技术 (300124)...
  ✓ 实时价格：67.61, 涨跌幅：-1.36%
  ✓ 历史数据：252 条
获取数据：保利发展 (600048)...
  ✓ 实时价格：5.84, 涨跌幅：-0.85%
  ✓ 历史数据：252 条
获取数据：美团-W (3690)...
  ✗ 获取失败，尝试加载缓存...
  ✓ 从缓存加载：76.55
获取数据：阿里巴巴-W (9988)...
  ✗ 获取失败，尝试加载缓存...
  ✓ 从缓存加载：119.7
获取数据：腾讯控股 (0700)...
  ✗ 获取失败，尝试加载缓存...
  ✓ 从缓存加载：498.39999
获取数据：贵州茅台 (600519)...
  ✓ 实时价格：1425.15, 涨跌幅：0.64%
  ✓ 历史数据：252 条

[2/3] 执行策略分析...

分析：爱尔眼科 (300015.SZ)
  🟢 信号：强烈买入 (评分：6.5)

分析：汇川技术 (300124.SZ)
  🔴 信号：卖出 (评分：-2.0)

分析：保利发展 (600048.SH)
  ⚪ 信号：持有 (评分：0.0)

分析：美团-W (3690.HK)
  🟢 信号：买入 (评分：2.25)

分析：阿里巴巴-W (9988.HK)
  🟢 信号：买入 (评分：1.25)

分析：腾讯控股 (0700.HK)
  🔴 信号：强烈卖出 (评分：-4.5)

分析：贵州茅台 (600519.SH)
  🟢 信号：买入 (评分：2.5)

[3/3] 发送邮件通知...
  发现 6 个重要信号，发送汇总邮件...
  发送邮件... (尝试 1/3)
✓ 邮件已发送：交易信号提醒 - 2026-03-30 11:30 - 4只买入, 2只卖出信号

============================================================
监控汇总
============================================================
总计：7 只股票
买入：4 | 卖出：2 | 持有：1
  🟢 爱尔眼科: 强烈买入 (9.66)
  🔴 汇川技术: 卖出 (67.61)
  ⚪ 保利发展: 持有 (5.84)
  🟢 美团-W: 买入 (76.55)
  🟢 阿里巴巴-W: 买入 (119.70)
  🔴 腾讯控股: 强烈卖出 (498.40)
  🟢 贵州茅台: 买入 (1425.15)
获取港股实时行情失败 3690.HK: 'date'
获取港股实时行情失败 9988.HK: 'date'
获取港股实时行情失败 0700.HK: 'date'

╔══════════════════════════════════════════════════════════╗
║           股票监控系统 - 30 分钟级别                         ║
║           邮件通知：21725056@zju.edu.cn                    ║
╚══════════════════════════════════════════════════════════╝
    
✓ 邮件通知已配置
已添加通知渠道：console
未配置通知渠道，使用控制台输出
============================================================
股票监控任务 - 2026-03-30 12:00:03
============================================================

[1/3] 获取股票数据 (30 分钟 K 线)...
获取数据：爱尔眼科 (300015)...
  ✓ 实时价格：9.66, 涨跌幅：0.63%
  ✓ 历史数据：252 条
获取数据：汇川技术 (300124)...
  ✓ 实时价格：67.61, 涨跌幅：-1.36%
  ✓ 历史数据：252 条
获取数据：保利发展 (600048)...
  ✓ 实时价格：5.84, 涨跌幅：-0.85%
  ✓ 历史数据：252 条
获取数据：美团-W (3690)...
  ✗ 获取失败，尝试加载缓存...
  ✓ 从缓存加载：76.55
获取数据：阿里巴巴-W (9988)...
  ✗ 获取失败，尝试加载缓存...
  ✓ 从缓存加载：119.7
获取数据：腾讯控股 (0700)...
  ✗ 获取失败，尝试加载缓存...
  ✓ 从缓存加载：498.39999
获取数据：贵州茅台 (600519)...
  ✓ 实时价格：1425.15, 涨跌幅：0.64%
  ✓ 历史数据：252 条

[2/3] 执行策略分析...

分析：爱尔眼科 (300015.SZ)
  🟢 信号：强烈买入 (评分：5.5)

分析：汇川技术 (300124.SZ)
  ⚪ 信号：持有 (评分：-1.5)

分析：保利发展 (600048.SH)
  ⚪ 信号：持有 (评分：0.5)

分析：美团-W (3690.HK)
  ⚪ 信号：持有 (评分：1.5)

分析：阿里巴巴-W (9988.HK)
  🟢 信号：买入 (评分：0.25)

分析：腾讯控股 (0700.HK)
  🔴 信号：卖出 (评分：-4.0)

分析：贵州茅台 (600519.SH)
  ⚪ 信号：持有 (评分：1.5)

[3/3] 发送邮件通知...
  发现 3 个重要信号，发送汇总邮件...
  发送邮件... (尝试 1/3)
✓ 邮件已发送：交易信号提醒 - 2026-03-30 12:00 - 2只买入, 1只卖出信号

============================================================
监控汇总
============================================================
总计：7 只股票
买入：2 | 卖出：1 | 持有：4
  🟢 爱尔眼科: 强烈买入 (9.66)
  ⚪ 汇川技术: 持有 (67.61)
  ⚪ 保利发展: 持有 (5.84)
  ⚪ 美团-W: 持有 (76.55)
  🟢 阿里巴巴-W: 买入 (119.70)
  🔴 腾讯控股: 卖出 (498.40)
  ⚪ 贵州茅台: 持有 (1425.15)
获取港股实时行情失败 3690.HK: 'date'
获取港股实时行情失败 9988.HK: 'date'
获取港股实时行情失败 0700.HK: 'date'

╔══════════════════════════════════════════════════════════╗
║           股票监控系统 - 30 分钟级别                         ║
║           邮件通知：21725056@zju.edu.cn                    ║
╚══════════════════════════════════════════════════════════╝
    
✓ 邮件通知已配置
已添加通知渠道：console
未配置通知渠道，使用控制台输出
============================================================
股票监控任务 - 2026-03-30 12:30:04
============================================================

[1/3] 获取股票数据 (30 分钟 K 线)...
获取数据：爱尔眼科 (300015)...
  ✓ 实时价格：9.66, 涨跌幅：0.63%
  ✓ 历史数据：252 条
获取数据：汇川技术 (300124)...
  ✓ 实时价格：67.61, 涨跌幅：-1.36%
  ✓ 历史数据：252 条
获取数据：保利发展 (600048)...
  ✓ 实时价格：5.84, 涨跌幅：-0.85%
  ✓ 历史数据：252 条
获取数据：美团-W (3690)...
  ✗ 获取失败，尝试加载缓存...
  ✓ 从缓存加载：76.55
获取数据：阿里巴巴-W (9988)...
  ✗ 获取失败，尝试加载缓存...
  ✓ 从缓存加载：119.7
获取数据：腾讯控股 (0700)...
  ✗ 获取失败，尝试加载缓存...
  ✓ 从缓存加载：498.39999
获取数据：贵州茅台 (600519)...
  ✓ 实时价格：1425.15, 涨跌幅：0.64%
  ✓ 历史数据：252 条

[2/3] 执行策略分析...

分析：爱尔眼科 (300015.SZ)
  🟢 信号：强烈买入 (评分：5.5)

分析：汇川技术 (300124.SZ)
  ⚪ 信号：持有 (评分：-1.5)

分析：保利发展 (600048.SH)
  ⚪ 信号：持有 (评分：0.5)

分析：美团-W (3690.HK)
  ⚪ 信号：持有 (评分：1.5)

分析：阿里巴巴-W (9988.HK)
  🟢 信号：买入 (评分：0.25)

分析：腾讯控股 (0700.HK)
  🔴 信号：卖出 (评分：-4.0)

分析：贵州茅台 (600519.SH)
  ⚪ 信号：持有 (评分：1.5)

[3/3] 发送邮件通知...
  发现 3 个重要信号，发送汇总邮件...
  发送邮件... (尝试 1/3)
✓ 邮件已发送：交易信号提醒 - 2026-03-30 12:30 - 2只买入, 1只卖出信号

============================================================
监控汇总
============================================================
总计：7 只股票
买入：2 | 卖出：1 | 持有：4
  🟢 爱尔眼科: 强烈买入 (9.66)
  ⚪ 汇川技术: 持有 (67.61)
  ⚪ 保利发展: 持有 (5.84)
  ⚪ 美团-W: 持有 (76.55)
  🟢 阿里巴巴-W: 买入 (119.70)
  🔴 腾讯控股: 卖出 (498.40)
  ⚪ 贵州茅台: 持有 (1425.15)
获取港股实时行情失败 3690.HK: 'date'
获取港股实时行情失败 9988.HK: 'date'
获取港股实时行情失败 0700.HK: 'date'

╔══════════════════════════════════════════════════════════╗
║           股票监控系统 - 30 分钟级别                         ║
║           邮件通知：21725056@zju.edu.cn                    ║
╚══════════════════════════════════════════════════════════╝
    
✓ 邮件通知已配置
已添加通知渠道：console
未配置通知渠道，使用控制台输出
============================================================
股票监控任务 - 2026-03-30 13:00:04
============================================================

[1/3] 获取股票数据 (30 分钟 K 线)...
获取数据：爱尔眼科 (300015)...
  ✓ 实时价格：9.67, 涨跌幅：0.73%
  ✓ 历史数据：253 条
获取数据：汇川技术 (300124)...
  ✓ 实时价格：67.62, 涨跌幅：-1.34%
  ✓ 历史数据：253 条
获取数据：保利发展 (600048)...
  ✓ 实时价格：5.85, 涨跌幅：-0.68%
  ✓ 历史数据：253 条
获取数据：美团-W (3690)...
  ✗ 获取失败，尝试加载缓存...
  ✓ 从缓存加载：76.55
获取数据：阿里巴巴-W (9988)...
  ✗ 获取失败，尝试加载缓存...
  ✓ 从缓存加载：119.7
获取数据：腾讯控股 (0700)...
  ✗ 获取失败，尝试加载缓存...
  ✓ 从缓存加载：498.39999
获取数据：贵州茅台 (600519)...
  ✓ 实时价格：1425.15, 涨跌幅：0.64%
  ✓ 历史数据：253 条

[2/3] 执行策略分析...

分析：爱尔眼科 (300015.SZ)
  🟢 信号：强烈买入 (评分：5.5)

分析：汇川技术 (300124.SZ)
  🔴 信号：卖出 (评分：-2.5)

分析：保利发展 (600048.SH)
  ⚪ 信号：持有 (评分：1.5)

分析：美团-W (3690.HK)
  ⚪ 信号：持有 (评分：1.5)

分析：阿里巴巴-W (9988.HK)
  🟢 信号：买入 (评分：0.25)

分析：腾讯控股 (0700.HK)
  🔴 信号：卖出 (评分：-4.0)

分析：贵州茅台 (600519.SH)
  🔴 信号：卖出 (评分：-2)

[3/3] 发送邮件通知...
  发现 5 个重要信号，发送汇总邮件...
  发送邮件... (尝试 1/3)
✓ 邮件已发送：交易信号提醒 - 2026-03-30 13:00 - 2只买入, 3只卖出信号

============================================================
监控汇总
============================================================
总计：7 只股票
买入：2 | 卖出：3 | 持有：2
  🟢 爱尔眼科: 强烈买入 (9.67)
  🔴 汇川技术: 卖出 (67.62)
  ⚪ 保利发展: 持有 (5.85)
  ⚪ 美团-W: 持有 (76.55)
  🟢 阿里巴巴-W: 买入 (119.70)
  🔴 腾讯控股: 卖出 (498.40)
  🔴 贵州茅台: 卖出 (1425.15)
获取港股实时行情失败 3690.HK: 'date'
获取港股实时行情失败 9988.HK: 'date'
获取港股实时行情失败 0700.HK: 'date'

╔══════════════════════════════════════════════════════════╗
║           股票监控系统 - 30 分钟级别                         ║
║           邮件通知：21725056@zju.edu.cn                    ║
╚══════════════════════════════════════════════════════════╝
    
✓ 邮件通知已配置
已添加通知渠道：console
未配置通知渠道，使用控制台输出
============================================================
股票监控任务 - 2026-03-30 13:30:04
============================================================

[1/3] 获取股票数据 (30 分钟 K 线)...
获取数据：爱尔眼科 (300015)...
  ✓ 实时价格：9.65, 涨跌幅：0.52%
  ✓ 历史数据：254 条
获取数据：汇川技术 (300124)...
  ✓ 实时价格：67.38, 涨跌幅：-1.69%
  ✓ 历史数据：254 条
获取数据：保利发展 (600048)...
  ✓ 实时价格：5.85, 涨跌幅：-0.68%
  ✓ 历史数据：254 条
获取数据：美团-W (3690)...
  ✗ 获取失败，尝试加载缓存...
  ✓ 从缓存加载：76.55
获取数据：阿里巴巴-W (9988)...
  ✗ 获取失败，尝试加载缓存...
  ✓ 从缓存加载：119.7
获取数据：腾讯控股 (0700)...
  ✗ 获取失败，尝试加载缓存...
  ✓ 从缓存加载：498.39999
获取数据：贵州茅台 (600519)...
  ✓ 实时价格：1418.36, 涨跌幅：0.17%
  ✓ 历史数据：254 条

[2/3] 执行策略分析...

分析：爱尔眼科 (300015.SZ)
  🟢 信号：强烈买入 (评分：5.5)

分析：汇川技术 (300124.SZ)
  ⚪ 信号：持有 (评分：-1.5)

分析：保利发展 (600048.SH)
  ⚪ 信号：持有 (评分：-1.5)

分析：美团-W (3690.HK)
  ⚪ 信号：持有 (评分：1.5)

分析：阿里巴巴-W (9988.HK)
  🟢 信号：买入 (评分：0.25)

分析：腾讯控股 (0700.HK)
  🔴 信号：卖出 (评分：-4.0)

分析：贵州茅台 (600519.SH)
  🟢 信号：买入 (评分：3.5)

[3/3] 发送邮件通知...
  发现 4 个重要信号，发送汇总邮件...
  发送邮件... (尝试 1/3)
✓ 邮件已发送：交易信号提醒 - 2026-03-30 13:30 - 3只买入, 1只卖出信号

============================================================
监控汇总
============================================================
总计：7 只股票
买入：3 | 卖出：1 | 持有：3
  🟢 爱尔眼科: 强烈买入 (9.65)
  ⚪ 汇川技术: 持有 (67.38)
  ⚪ 保利发展: 持有 (5.85)
  ⚪ 美团-W: 持有 (76.55)
  🟢 阿里巴巴-W: 买入 (119.70)
  🔴 腾讯控股: 卖出 (498.40)
  🟢 贵州茅台: 买入 (1418.36)

╔══════════════════════════════════════════════════════════╗
║           股票监控系统 - 30 分钟级别                         ║
║           数据源: AKShare (实时刷新)                        ║
╚══════════════════════════════════════════════════════════╝
    
✓ 邮件通知已配置
已添加通知渠道：console
未配置通知渠道，使用控制台输出
============================================================
股票监控任务 - 2026-03-30 14:00:03
数据源: AKShare (30 分钟级别)
============================================================

[1/7] 爱尔眼科 (300015.SZ)...
  ✓ 价格: 9.67 | 时间: 2026-03-30 14:30:00
  ⚪ 信号: 持有 (评分: -2.0)

[2/7] 汇川技术 (300124.SZ)...
  ✓ 价格: 67.46 | 时间: 2026-03-30 14:30:00
  🔴 信号: 卖出 (评分: -2.5)

[3/7] 保利发展 (600048.SH)...
  ✓ 价格: 5.83 | 时间: 2026-03-30 14:30:00
  🔴 信号: 卖出 (评分: -3.5)

[4/7] 美团-W (3690.HK)...
  ✓ 价格: 84.15 | 时间: 2026-03-30 14:30:00
  ⚪ 信号: 持有 (评分: -1.0)

[5/7] 阿里巴巴-W (9988.HK)...
  ✓ 价格: 120.50 | 时间: 2026-03-30 14:30:00
  🔴 信号: 卖出 (评分: -2.5)

[6/7] 腾讯控股 (0700.HK)...
  ✓ 价格: 481.40 | 时间: 2026-03-30 14:30:00
  🔴 信号: 卖出 (评分: -3.5)

[7/7] 贵州茅台 (600519.SH)...
  ✓ 价格: 1417.97 | 时间: 2026-03-30 14:30:00
  🟢 信号: 强烈买入 (评分: 4.5)

============================================================
发送邮件通知...
  发现 5 个重要信号，发送汇总邮件...
  发送邮件... (尝试 1/3)
✓ 邮件已发送：交易信号提醒 - 2026-03-30 14:00 - 1只买入, 4只卖出信号

============================================================
监控汇总
============================================================
总计：7 只股票
买入：1 | 卖出：4 | 持有：2
  ⚪ 爱尔眼科: 持有 (9.67)
  🔴 汇川技术: 卖出 (67.46)
  🔴 保利发展: 卖出 (5.83)
  ⚪ 美团-W: 持有 (84.15)
  🔴 阿里巴巴-W: 卖出 (120.50)
  🔴 腾讯控股: 卖出 (481.40)
  🟢 贵州茅台: 强烈买入 (1417.97)

╔══════════════════════════════════════════════════════════╗
║           股票监控系统 - 30 分钟级别                         ║
║           数据源: AKShare (实时刷新)                        ║
╚══════════════════════════════════════════════════════════╝
    
✓ 邮件通知已配置
已添加通知渠道：console
未配置通知渠道，使用控制台输出
============================================================
股票监控任务 - 2026-03-30 14:30:04
数据源: AKShare (30 分钟级别)
============================================================

[1/7] 爱尔眼科 (300015.SZ)...
  ✓ 价格: 9.67 | 时间: 2026-03-30 15:00:00
  ⚪ 信号: 持有 (评分: -2.0)

[2/7] 汇川技术 (300124.SZ)...
  ✓ 价格: 67.45 | 时间: 2026-03-30 15:00:00
  ⚪ 信号: 持有 (评分: -1.5)

[3/7] 保利发展 (600048.SH)...
  ✓ 价格: 5.84 | 时间: 2026-03-30 15:00:00
  🟢 信号: 买入 (评分: 1.5)

[4/7] 美团-W (3690.HK)...
  ✓ 价格: 84.75 | 时间: 2026-03-30 15:00:00
  🔴 信号: 卖出 (评分: -4.0)

[5/7] 阿里巴巴-W (9988.HK)...
  ✓ 价格: 120.90 | 时间: 2026-03-30 15:00:00
  🟢 信号: 强烈买入 (评分: 5.5)

[6/7] 腾讯控股 (0700.HK)...
  ✓ 价格: 483.00 | 时间: 2026-03-30 15:00:00
  🟢 信号: 买入 (评分: 1.0)

[7/7] 贵州茅台 (600519.SH)...
  ✓ 价格: 1418.95 | 时间: 2026-03-30 15:00:00
  🟢 信号: 强烈买入 (评分: 4.5)

============================================================
发送邮件通知...
  发现 5 个重要信号，发送汇总邮件...
  发送邮件... (尝试 1/3)
✓ 邮件已发送：交易信号提醒 - 2026-03-30 14:30 - 4只买入, 1只卖出信号

============================================================
监控汇总
============================================================
总计：7 只股票
买入：4 | 卖出：1 | 持有：2
  ⚪ 爱尔眼科: 持有 (9.67)
  ⚪ 汇川技术: 持有 (67.45)
  🟢 保利发展: 买入 (5.84)
  🔴 美团-W: 卖出 (84.75)
  🟢 阿里巴巴-W: 强烈买入 (120.90)
  🟢 腾讯控股: 买入 (483.00)
  🟢 贵州茅台: 强烈买入 (1418.95)

╔══════════════════════════════════════════════════════════╗
║           股票监控系统 - 30 分钟级别                         ║
║           数据源: AKShare (实时刷新)                        ║
╚══════════════════════════════════════════════════════════╝
    
✓ 邮件通知已配置
已添加通知渠道：console
未配置通知渠道，使用控制台输出
============================================================
股票监控任务 - 2026-03-30 15:00:04
数据源: AKShare (30 分钟级别)
============================================================

[1/7] 爱尔眼科 (300015.SZ)...
  ✓ 价格: 9.68 | 时间: 2026-03-30 15:00:00
  ⚪ 信号: 持有 (评分: -2.0)

[2/7] 汇川技术 (300124.SZ)...
  ✓ 价格: 67.38 | 时间: 2026-03-30 15:00:00
  🔴 信号: 卖出 (评分: -4.0)

[3/7] 保利发展 (600048.SH)...
  ✓ 价格: 5.84 | 时间: 2026-03-30 15:00:00
  🟢 信号: 买入 (评分: 1.5)

[4/7] 美团-W (3690.HK)...
  ✓ 价格: 84.55 | 时间: 2026-03-30 15:30:00
  ⚪ 信号: 持有 (评分: -1.0)

[5/7] 阿里巴巴-W (9988.HK)...
  ✓ 价格: 121.00 | 时间: 2026-03-30 15:30:00
  ⚪ 信号: 持有 (评分: 0.0)

[6/7] 腾讯控股 (0700.HK)...
  ✓ 价格: 482.40 | 时间: 2026-03-30 15:30:00
  🟢 信号: 强烈买入 (评分: 5.5)

[7/7] 贵州茅台 (600519.SH)...
  ✓ 价格: 1420.00 | 时间: 2026-03-30 15:00:00
  🟢 信号: 强烈买入 (评分: 4.0)

============================================================
发送邮件通知...
  发现 4 个重要信号，发送汇总邮件...
  发送邮件... (尝试 1/3)
✓ 邮件已发送：交易信号提醒 - 2026-03-30 15:00 - 3只买入, 1只卖出信号

============================================================
监控汇总
============================================================
总计：7 只股票
买入：3 | 卖出：1 | 持有：3
  ⚪ 爱尔眼科: 持有 (9.68)
  🔴 汇川技术: 卖出 (67.38)
  🟢 保利发展: 买入 (5.84)
  ⚪ 美团-W: 持有 (84.55)
  ⚪ 阿里巴巴-W: 持有 (121.00)
  🟢 腾讯控股: 强烈买入 (482.40)
  🟢 贵州茅台: 强烈买入 (1420.00)

╔══════════════════════════════════════════════════════════╗
║           股票监控系统 - 30 分钟级别                         ║
║           数据源: AKShare (实时刷新)                        ║
╚══════════════════════════════════════════════════════════╝
    
✓ 邮件通知已配置
已添加通知渠道：console
未配置通知渠道，使用控制台输出
============================================================
股票监控任务 - 2026-03-30 15:30:04
数据源: AKShare (30 分钟级别)
============================================================

[1/7] 爱尔眼科 (300015.SZ)...
  ✓ 价格: 9.68 | 时间: 2026-03-30 15:00:00
  ⚪ 信号: 持有 (评分: -2.0)

[2/7] 汇川技术 (300124.SZ)...
  ✓ 价格: 67.38 | 时间: 2026-03-30 15:00:00
  🔴 信号: 卖出 (评分: -4.0)

[3/7] 保利发展 (600048.SH)...
  ✓ 价格: 5.84 | 时间: 2026-03-30 15:00:00
  🟢 信号: 买入 (评分: 1.5)

[4/7] 美团-W (3690.HK)...
  ✓ 价格: 84.05 | 时间: 2026-03-30 16:00:00
  🔴 信号: 卖出 (评分: -2.5)

[5/7] 阿里巴巴-W (9988.HK)...
  ✓ 价格: 120.30 | 时间: 2026-03-30 16:00:00
  🟢 信号: 买入 (评分: 3.0)

[6/7] 腾讯控股 (0700.HK)...
  ✓ 价格: 480.80 | 时间: 2026-03-30 16:00:00
  🟢 信号: 强烈买入 (评分: 5.5)

[7/7] 贵州茅台 (600519.SH)...
  ✓ 价格: 1420.00 | 时间: 2026-03-30 15:00:00
  🟢 信号: 强烈买入 (评分: 4.0)

============================================================
发送邮件通知...
  发现 6 个重要信号，发送汇总邮件...
  发送邮件... (尝试 1/3)
✓ 邮件已发送：交易信号提醒 - 2026-03-30 15:30 - 4只买入, 2只卖出信号

============================================================
监控汇总
============================================================
总计：7 只股票
买入：4 | 卖出：2 | 持有：1
  ⚪ 爱尔眼科: 持有 (9.68)
  🔴 汇川技术: 卖出 (67.38)
  🟢 保利发展: 买入 (5.84)
  🔴 美团-W: 卖出 (84.05)
  🟢 阿里巴巴-W: 买入 (120.30)
  🟢 腾讯控股: 强烈买入 (480.80)
  🟢 贵州茅台: 强烈买入 (1420.00)
获取 A 股 30m 数据失败 300015.SZ: ('Connection aborted.', RemoteDisconnected('Remote end closed connection without response'))
获取 A 股 30m 数据失败 300124.SZ: ('Connection aborted.', RemoteDisconnected('Remote end closed connection without response'))
获取 A 股 30m 数据失败 600048.SH: ('Connection aborted.', RemoteDisconnected('Remote end closed connection without response'))
获取港股 30m 数据失败 3690.HK: ('Connection aborted.', RemoteDisconnected('Remote end closed connection without response'))
获取港股 30m 数据失败 9988.HK: ('Connection aborted.', RemoteDisconnected('Remote end closed connection without response'))
获取港股 30m 数据失败 0700.HK: ('Connection aborted.', RemoteDisconnected('Remote end closed connection without response'))
获取 A 股 30m 数据失败 600519.SH: ('Connection aborted.', RemoteDisconnected('Remote end closed connection without response'))

╔══════════════════════════════════════════════════════════╗
║           股票监控系统 - 30 分钟级别                         ║
║           数据源: AKShare (实时刷新)                        ║
╚══════════════════════════════════════════════════════════╝
    
✓ 邮件通知已配置
已添加通知渠道：console
未配置通知渠道，使用控制台输出
============================================================
股票监控任务 - 2026-03-31 10:30:06
数据源: AKShare (30 分钟级别)
============================================================

[1/7] 爱尔眼科 (300015.SZ)...
  ✓ 价格: 9.68 | 时间: 2026-03-30 15:00:00
  ⚪ 信号: 持有 (评分: -2.0)

[2/7] 汇川技术 (300124.SZ)...
  ✓ 价格: 67.38 | 时间: 2026-03-30 15:00:00
  🔴 信号: 卖出 (评分: -4.0)

[3/7] 保利发展 (600048.SH)...
  ✓ 价格: 5.84 | 时间: 2026-03-30 15:00:00
  🟢 信号: 买入 (评分: 1.5)

[4/7] 美团-W (3690.HK)...
  ✓ 价格: 84.10 | 时间: 2026-03-30 16:00:00
  🔴 信号: 卖出 (评分: -2.5)

[5/7] 阿里巴巴-W (9988.HK)...
  ✓ 价格: 120.50 | 时间: 2026-03-30 16:00:00
  🟢 信号: 买入 (评分: 3.0)

[6/7] 腾讯控股 (0700.HK)...
  ✓ 价格: 481.20 | 时间: 2026-03-30 16:00:00
  🟢 信号: 强烈买入 (评分: 5.5)

[7/7] 贵州茅台 (600519.SH)...
  ✓ 价格: 1420.00 | 时间: 2026-03-30 15:00:00
  🟢 信号: 强烈买入 (评分: 4.0)

============================================================
发送邮件通知...
  发现 6 个重要信号，发送汇总邮件...
  发送邮件... (尝试 1/3)
✓ 邮件已发送：交易信号提醒 - 2026-03-31 10:30 - 4只买入, 2只卖出信号

============================================================
监控汇总
============================================================
总计：7 只股票
买入：4 | 卖出：2 | 持有：1
  ⚪ 爱尔眼科: 持有 (9.68)
  🔴 汇川技术: 卖出 (67.38)
  🟢 保利发展: 买入 (5.84)
  🔴 美团-W: 卖出 (84.10)
  🟢 阿里巴巴-W: 买入 (120.50)
  🟢 腾讯控股: 强烈买入 (481.20)
  🟢 贵州茅台: 强烈买入 (1420.00)
获取 A 股 30m 数据失败 300015.SZ: ('Connection aborted.', RemoteDisconnected('Remote end closed connection without response'))
获取 A 股 30m 数据失败 300124.SZ: ('Connection aborted.', RemoteDisconnected('Remote end closed connection without response'))
获取 A 股 30m 数据失败 600048.SH: ('Connection aborted.', RemoteDisconnected('Remote end closed connection without response'))
获取港股 30m 数据失败 3690.HK: ('Connection aborted.', RemoteDisconnected('Remote end closed connection without response'))
获取港股 30m 数据失败 9988.HK: ('Connection aborted.', RemoteDisconnected('Remote end closed connection without response'))
获取港股 30m 数据失败 0700.HK: ('Connection aborted.', RemoteDisconnected('Remote end closed connection without response'))
获取 A 股 30m 数据失败 600519.SH: ('Connection aborted.', RemoteDisconnected('Remote end closed connection without response'))

╔══════════════════════════════════════════════════════════╗
║           股票监控系统 - 30 分钟级别                         ║
║           数据源: AKShare (实时刷新)                        ║
╚══════════════════════════════════════════════════════════╝
    
✓ 邮件通知已配置
已添加通知渠道：console
未配置通知渠道，使用控制台输出
============================================================
股票监控任务 - 2026-03-31 11:00:05
数据源: AKShare (30 分钟级别)
============================================================

[1/7] 爱尔眼科 (300015.SZ)...
  ✓ 价格: 9.68 | 时间: 2026-03-30 15:00:00
  ⚪ 信号: 持有 (评分: -2.0)

[2/7] 汇川技术 (300124.SZ)...
  ✓ 价格: 67.38 | 时间: 2026-03-30 15:00:00
  🔴 信号: 卖出 (评分: -4.0)

[3/7] 保利发展 (600048.SH)...
  ✓ 价格: 5.84 | 时间: 2026-03-30 15:00:00
  🟢 信号: 买入 (评分: 1.5)

[4/7] 美团-W (3690.HK)...
  ✓ 价格: 84.10 | 时间: 2026-03-30 16:00:00
  🔴 信号: 卖出 (评分: -2.5)

[5/7] 阿里巴巴-W (9988.HK)...
  ✓ 价格: 120.50 | 时间: 2026-03-30 16:00:00
  🟢 信号: 买入 (评分: 3.0)

[6/7] 腾讯控股 (0700.HK)...
  ✓ 价格: 481.20 | 时间: 2026-03-30 16:00:00
  🟢 信号: 强烈买入 (评分: 5.5)

[7/7] 贵州茅台 (600519.SH)...
  ✓ 价格: 1420.00 | 时间: 2026-03-30 15:00:00
  🟢 信号: 强烈买入 (评分: 4.0)

============================================================
发送邮件通知...
  发现 6 个重要信号，发送汇总邮件...
  发送邮件... (尝试 1/3)
✓ 邮件已发送：交易信号提醒 - 2026-03-31 11:00 - 4只买入, 2只卖出信号

============================================================
监控汇总
============================================================
总计：7 只股票
买入：4 | 卖出：2 | 持有：1
  ⚪ 爱尔眼科: 持有 (9.68)
  🔴 汇川技术: 卖出 (67.38)
  🟢 保利发展: 买入 (5.84)
  🔴 美团-W: 卖出 (84.10)
  🟢 阿里巴巴-W: 买入 (120.50)
  🟢 腾讯控股: 强烈买入 (481.20)
  🟢 贵州茅台: 强烈买入 (1420.00)
获取 A 股 30m 数据失败 300015.SZ: ('Connection aborted.', RemoteDisconnected('Remote end closed connection without response'))
获取 A 股 30m 数据失败 300124.SZ: ('Connection aborted.', RemoteDisconnected('Remote end closed connection without response'))
获取 A 股 30m 数据失败 600048.SH: ('Connection aborted.', RemoteDisconnected('Remote end closed connection without response'))
获取港股 30m 数据失败 3690.HK: ('Connection aborted.', RemoteDisconnected('Remote end closed connection without response'))
获取港股 30m 数据失败 9988.HK: ('Connection aborted.', RemoteDisconnected('Remote end closed connection without response'))
获取港股 30m 数据失败 0700.HK: ('Connection aborted.', RemoteDisconnected('Remote end closed connection without response'))
获取 A 股 30m 数据失败 600519.SH: ('Connection aborted.', RemoteDisconnected('Remote end closed connection without response'))

╔══════════════════════════════════════════════════════════╗
║           股票监控系统 - 30 分钟级别                         ║
║           数据源: AKShare (实时刷新)                        ║
╚══════════════════════════════════════════════════════════╝
    
✓ 邮件通知已配置
已添加通知渠道：console
未配置通知渠道，使用控制台输出
============================================================
股票监控任务 - 2026-03-31 11:30:06
数据源: AKShare (30 分钟级别)
============================================================

[1/7] 爱尔眼科 (300015.SZ)...
  ✓ 价格: 9.68 | 时间: 2026-03-30 15:00:00
  ⚪ 信号: 持有 (评分: -2.0)

[2/7] 汇川技术 (300124.SZ)...
  ✓ 价格: 67.38 | 时间: 2026-03-30 15:00:00
  🔴 信号: 卖出 (评分: -4.0)

[3/7] 保利发展 (600048.SH)...
  ✓ 价格: 5.84 | 时间: 2026-03-30 15:00:00
  🟢 信号: 买入 (评分: 1.5)

[4/7] 美团-W (3690.HK)...
  ✓ 价格: 84.10 | 时间: 2026-03-30 16:00:00
  🔴 信号: 卖出 (评分: -2.5)

[5/7] 阿里巴巴-W (9988.HK)...
  ✓ 价格: 120.50 | 时间: 2026-03-30 16:00:00
  🟢 信号: 买入 (评分: 3.0)

[6/7] 腾讯控股 (0700.HK)...
  ✓ 价格: 481.20 | 时间: 2026-03-30 16:00:00
  🟢 信号: 强烈买入 (评分: 5.5)

[7/7] 贵州茅台 (600519.SH)...
  ✓ 价格: 1420.00 | 时间: 2026-03-30 15:00:00
  🟢 信号: 强烈买入 (评分: 4.0)

============================================================
发送邮件通知...
  发现 6 个重要信号，发送汇总邮件...
  发送邮件... (尝试 1/3)
✓ 邮件已发送：交易信号提醒 - 2026-03-31 11:30 - 4只买入, 2只卖出信号

============================================================
监控汇总
============================================================
总计：7 只股票
买入：4 | 卖出：2 | 持有：1
  ⚪ 爱尔眼科: 持有 (9.68)
  🔴 汇川技术: 卖出 (67.38)
  🟢 保利发展: 买入 (5.84)
  🔴 美团-W: 卖出 (84.10)
  🟢 阿里巴巴-W: 买入 (120.50)
  🟢 腾讯控股: 强烈买入 (481.20)
  🟢 贵州茅台: 强烈买入 (1420.00)
获取 A 股 30m 数据失败 300015.SZ: ('Connection aborted.', RemoteDisconnected('Remote end closed connection without response'))
获取 A 股 30m 数据失败 300124.SZ: ('Connection aborted.', RemoteDisconnected('Remote end closed connection without response'))
获取 A 股 30m 数据失败 600048.SH: ('Connection aborted.', RemoteDisconnected('Remote end closed connection without response'))
获取港股 30m 数据失败 3690.HK: ('Connection aborted.', RemoteDisconnected('Remote end closed connection without response'))
获取港股 30m 数据失败 9988.HK: ('Connection aborted.', RemoteDisconnected('Remote end closed connection without response'))
获取港股 30m 数据失败 0700.HK: ('Connection aborted.', RemoteDisconnected('Remote end closed connection without response'))
获取 A 股 30m 数据失败 600519.SH: ('Connection aborted.', RemoteDisconnected('Remote end closed connection without response'))

╔══════════════════════════════════════════════════════════╗
║           股票监控系统 - 30 分钟级别                         ║
║           数据源: AKShare (实时刷新)                        ║
╚══════════════════════════════════════════════════════════╝
    
✓ 邮件通知已配置
已添加通知渠道：console
未配置通知渠道，使用控制台输出
============================================================
股票监控任务 - 2026-03-31 12:00:05
数据源: AKShare (30 分钟级别)
============================================================

[1/7] 爱尔眼科 (300015.SZ)...
  ✓ 价格: 9.68 | 时间: 2026-03-30 15:00:00
  ⚪ 信号: 持有 (评分: -2.0)

[2/7] 汇川技术 (300124.SZ)...
  ✓ 价格: 67.38 | 时间: 2026-03-30 15:00:00
  🔴 信号: 卖出 (评分: -4.0)

[3/7] 保利发展 (600048.SH)...
  ✓ 价格: 5.84 | 时间: 2026-03-30 15:00:00
  🟢 信号: 买入 (评分: 1.5)

[4/7] 美团-W (3690.HK)...
  ✓ 价格: 84.10 | 时间: 2026-03-30 16:00:00
  🔴 信号: 卖出 (评分: -2.5)

[5/7] 阿里巴巴-W (9988.HK)...
  ✓ 价格: 120.50 | 时间: 2026-03-30 16:00:00
  🟢 信号: 买入 (评分: 3.0)

[6/7] 腾讯控股 (0700.HK)...
  ✓ 价格: 481.20 | 时间: 2026-03-30 16:00:00
  🟢 信号: 强烈买入 (评分: 5.5)

[7/7] 贵州茅台 (600519.SH)...
  ✓ 价格: 1420.00 | 时间: 2026-03-30 15:00:00
  🟢 信号: 强烈买入 (评分: 4.0)

============================================================
发送邮件通知...
  发现 6 个重要信号，发送汇总邮件...
  发送邮件... (尝试 1/3)
✓ 邮件已发送：交易信号提醒 - 2026-03-31 12:00 - 4只买入, 2只卖出信号

============================================================
监控汇总
============================================================
总计：7 只股票
买入：4 | 卖出：2 | 持有：1
  ⚪ 爱尔眼科: 持有 (9.68)
  🔴 汇川技术: 卖出 (67.38)
  🟢 保利发展: 买入 (5.84)
  🔴 美团-W: 卖出 (84.10)
  🟢 阿里巴巴-W: 买入 (120.50)
  🟢 腾讯控股: 强烈买入 (481.20)
  🟢 贵州茅台: 强烈买入 (1420.00)
获取 A 股 30m 数据失败 300015.SZ: ('Connection aborted.', RemoteDisconnected('Remote end closed connection without response'))
获取 A 股 30m 数据失败 300124.SZ: ('Connection aborted.', RemoteDisconnected('Remote end closed connection without response'))
获取 A 股 30m 数据失败 600048.SH: ('Connection aborted.', RemoteDisconnected('Remote end closed connection without response'))
获取港股 30m 数据失败 3690.HK: ('Connection aborted.', RemoteDisconnected('Remote end closed connection without response'))
获取港股 30m 数据失败 9988.HK: ('Connection aborted.', RemoteDisconnected('Remote end closed connection without response'))
获取港股 30m 数据失败 0700.HK: ('Connection aborted.', RemoteDisconnected('Remote end closed connection without response'))
获取 A 股 30m 数据失败 600519.SH: ('Connection aborted.', RemoteDisconnected('Remote end closed connection without response'))

╔══════════════════════════════════════════════════════════╗
║           股票监控系统 - 30 分钟级别                         ║
║           数据源: AKShare (实时刷新)                        ║
╚══════════════════════════════════════════════════════════╝
    
✓ 邮件通知已配置
已添加通知渠道：console
未配置通知渠道，使用控制台输出
============================================================
股票监控任务 - 2026-03-31 13:00:10
数据源: AKShare (30 分钟级别)
============================================================

[1/7] 爱尔眼科 (300015.SZ)...
  ✓ 价格: 9.68 | 时间: 2026-03-30 15:00:00
  ⚪ 信号: 持有 (评分: -2.0)

[2/7] 汇川技术 (300124.SZ)...
  ✓ 价格: 67.38 | 时间: 2026-03-30 15:00:00
  🔴 信号: 卖出 (评分: -4.0)

[3/7] 保利发展 (600048.SH)...
  ✓ 价格: 5.84 | 时间: 2026-03-30 15:00:00
  🟢 信号: 买入 (评分: 1.5)

[4/7] 美团-W (3690.HK)...
  ✓ 价格: 84.10 | 时间: 2026-03-30 16:00:00
  🔴 信号: 卖出 (评分: -2.5)

[5/7] 阿里巴巴-W (9988.HK)...
  ✓ 价格: 120.50 | 时间: 2026-03-30 16:00:00
  🟢 信号: 买入 (评分: 3.0)

[6/7] 腾讯控股 (0700.HK)...
  ✓ 价格: 481.20 | 时间: 2026-03-30 16:00:00
  🟢 信号: 强烈买入 (评分: 5.5)

[7/7] 贵州茅台 (600519.SH)...
  ✓ 价格: 1420.00 | 时间: 2026-03-30 15:00:00
  🟢 信号: 强烈买入 (评分: 4.0)

============================================================
发送邮件通知...
  发现 6 个重要信号，发送汇总邮件...
  发送邮件... (尝试 1/3)
✓ 邮件已发送：交易信号提醒 - 2026-03-31 13:01 - 4只买入, 2只卖出信号

============================================================
监控汇总
============================================================
总计：7 只股票
买入：4 | 卖出：2 | 持有：1
  ⚪ 爱尔眼科: 持有 (9.68)
  🔴 汇川技术: 卖出 (67.38)
  🟢 保利发展: 买入 (5.84)
  🔴 美团-W: 卖出 (84.10)
  🟢 阿里巴巴-W: 买入 (120.50)
  🟢 腾讯控股: 强烈买入 (481.20)
  🟢 贵州茅台: 强烈买入 (1420.00)
获取 A 股 30m 数据失败 300015.SZ: ('Connection aborted.', RemoteDisconnected('Remote end closed connection without response'))
获取 A 股 30m 数据失败 300124.SZ: ('Connection aborted.', RemoteDisconnected('Remote end closed connection without response'))
获取 A 股 30m 数据失败 600048.SH: ('Connection aborted.', RemoteDisconnected('Remote end closed connection without response'))
获取港股 30m 数据失败 3690.HK: ('Connection aborted.', RemoteDisconnected('Remote end closed connection without response'))
获取港股 30m 数据失败 9988.HK: ('Connection aborted.', RemoteDisconnected('Remote end closed connection without response'))
获取港股 30m 数据失败 0700.HK: ('Connection aborted.', RemoteDisconnected('Remote end closed connection without response'))
获取 A 股 30m 数据失败 600519.SH: ('Connection aborted.', RemoteDisconnected('Remote end closed connection without response'))

╔══════════════════════════════════════════════════════════╗
║           股票监控系统 - 30 分钟级别                         ║
║           数据源: AKShare (实时刷新)                        ║
╚══════════════════════════════════════════════════════════╝
    
✓ 邮件通知已配置
已添加通知渠道：console
未配置通知渠道，使用控制台输出
============================================================
股票监控任务 - 2026-03-31 13:30:04
数据源: AKShare (30 分钟级别)
============================================================

[1/7] 爱尔眼科 (300015.SZ)...
  ✓ 价格: 9.68 | 时间: 2026-03-30 15:00:00
  ⚪ 信号: 持有 (评分: -2.0)

[2/7] 汇川技术 (300124.SZ)...
  ✓ 价格: 67.38 | 时间: 2026-03-30 15:00:00
  🔴 信号: 卖出 (评分: -4.0)

[3/7] 保利发展 (600048.SH)...
  ✓ 价格: 5.84 | 时间: 2026-03-30 15:00:00
  🟢 信号: 买入 (评分: 1.5)

[4/7] 美团-W (3690.HK)...
  ✓ 价格: 84.10 | 时间: 2026-03-30 16:00:00
  🔴 信号: 卖出 (评分: -2.5)

[5/7] 阿里巴巴-W (9988.HK)...
  ✓ 价格: 120.50 | 时间: 2026-03-30 16:00:00
  🟢 信号: 买入 (评分: 3.0)

[6/7] 腾讯控股 (0700.HK)...
  ✓ 价格: 481.20 | 时间: 2026-03-30 16:00:00
  🟢 信号: 强烈买入 (评分: 5.5)

[7/7] 贵州茅台 (600519.SH)...
  ✓ 价格: 1420.00 | 时间: 2026-03-30 15:00:00
  🟢 信号: 强烈买入 (评分: 4.0)

============================================================
发送邮件通知...
  发现 6 个重要信号，发送汇总邮件...
  发送邮件... (尝试 1/3)
✓ 邮件已发送：交易信号提醒 - 2026-03-31 13:30 - 4只买入, 2只卖出信号

============================================================
监控汇总
============================================================
总计：7 只股票
买入：4 | 卖出：2 | 持有：1
  ⚪ 爱尔眼科: 持有 (9.68)
  🔴 汇川技术: 卖出 (67.38)
  🟢 保利发展: 买入 (5.84)
  🔴 美团-W: 卖出 (84.10)
  🟢 阿里巴巴-W: 买入 (120.50)
  🟢 腾讯控股: 强烈买入 (481.20)
  🟢 贵州茅台: 强烈买入 (1420.00)
获取 A 股 30m 数据失败 300015.SZ: ('Connection aborted.', RemoteDisconnected('Remote end closed connection without response'))
获取 A 股 30m 数据失败 300124.SZ: ('Connection aborted.', RemoteDisconnected('Remote end closed connection without response'))
获取 A 股 30m 数据失败 600048.SH: ('Connection aborted.', RemoteDisconnected('Remote end closed connection without response'))
获取港股 30m 数据失败 3690.HK: ('Connection aborted.', RemoteDisconnected('Remote end closed connection without response'))
获取港股 30m 数据失败 9988.HK: ('Connection aborted.', RemoteDisconnected('Remote end closed connection without response'))
获取港股 30m 数据失败 0700.HK: ('Connection aborted.', RemoteDisconnected('Remote end closed connection without response'))
获取 A 股 30m 数据失败 600519.SH: ('Connection aborted.', RemoteDisconnected('Remote end closed connection without response'))

╔══════════════════════════════════════════════════════════╗
║           股票监控系统 - 30 分钟级别                         ║
║           数据源: AKShare (实时刷新)                        ║
╚══════════════════════════════════════════════════════════╝
    
✓ 邮件通知已配置
已添加通知渠道：console
未配置通知渠道，使用控制台输出
============================================================
股票监控任务 - 2026-03-31 14:00:04
数据源: AKShare (30 分钟级别)
============================================================

[1/7] 爱尔眼科 (300015.SZ)...
  ✓ 价格: 9.68 | 时间: 2026-03-30 15:00:00
  ⚪ 信号: 持有 (评分: -2.0)

[2/7] 汇川技术 (300124.SZ)...
  ✓ 价格: 67.38 | 时间: 2026-03-30 15:00:00
  🔴 信号: 卖出 (评分: -4.0)

[3/7] 保利发展 (600048.SH)...
  ✓ 价格: 5.84 | 时间: 2026-03-30 15:00:00
  🟢 信号: 买入 (评分: 1.5)

[4/7] 美团-W (3690.HK)...
  ✓ 价格: 84.10 | 时间: 2026-03-30 16:00:00
  🔴 信号: 卖出 (评分: -2.5)

[5/7] 阿里巴巴-W (9988.HK)...
  ✓ 价格: 120.50 | 时间: 2026-03-30 16:00:00
  🟢 信号: 买入 (评分: 3.0)

[6/7] 腾讯控股 (0700.HK)...
  ✓ 价格: 481.20 | 时间: 2026-03-30 16:00:00
  🟢 信号: 强烈买入 (评分: 5.5)

[7/7] 贵州茅台 (600519.SH)...
  ✓ 价格: 1420.00 | 时间: 2026-03-30 15:00:00
  🟢 信号: 强烈买入 (评分: 4.0)

============================================================
发送邮件通知...
  发现 6 个重要信号，发送汇总邮件...
  发送邮件... (尝试 1/3)
✓ 邮件已发送：交易信号提醒 - 2026-03-31 14:00 - 4只买入, 2只卖出信号

============================================================
监控汇总
============================================================
总计：7 只股票
买入：4 | 卖出：2 | 持有：1
  ⚪ 爱尔眼科: 持有 (9.68)
  🔴 汇川技术: 卖出 (67.38)
  🟢 保利发展: 买入 (5.84)
  🔴 美团-W: 卖出 (84.10)
  🟢 阿里巴巴-W: 买入 (120.50)
  🟢 腾讯控股: 强烈买入 (481.20)
  🟢 贵州茅台: 强烈买入 (1420.00)
获取 A 股 30m 数据失败 300015.SZ: ('Connection aborted.', RemoteDisconnected('Remote end closed connection without response'))
获取 A 股 30m 数据失败 300124.SZ: ('Connection aborted.', RemoteDisconnected('Remote end closed connection without response'))
获取 A 股 30m 数据失败 600048.SH: ('Connection aborted.', RemoteDisconnected('Remote end closed connection without response'))
获取港股 30m 数据失败 3690.HK: ('Connection aborted.', RemoteDisconnected('Remote end closed connection without response'))
获取港股 30m 数据失败 9988.HK: ('Connection aborted.', RemoteDisconnected('Remote end closed connection without response'))
获取港股 30m 数据失败 0700.HK: ('Connection aborted.', RemoteDisconnected('Remote end closed connection without response'))
获取 A 股 30m 数据失败 600519.SH: ('Connection aborted.', RemoteDisconnected('Remote end closed connection without response'))

╔══════════════════════════════════════════════════════════╗
║           股票监控系统 - 30 分钟级别                         ║
║           数据源: AKShare (实时刷新)                        ║
╚══════════════════════════════════════════════════════════╝
    
✓ 邮件通知已配置
已添加通知渠道：console
未配置通知渠道，使用控制台输出
============================================================
股票监控任务 - 2026-03-31 14:30:04
数据源: AKShare (30 分钟级别)
============================================================

[1/7] 爱尔眼科 (300015.SZ)...
  ✓ 价格: 9.68 | 时间: 2026-03-30 15:00:00
  ⚪ 信号: 持有 (评分: -2.0)

[2/7] 汇川技术 (300124.SZ)...
  ✓ 价格: 67.38 | 时间: 2026-03-30 15:00:00
  🔴 信号: 卖出 (评分: -4.0)

[3/7] 保利发展 (600048.SH)...
  ✓ 价格: 5.84 | 时间: 2026-03-30 15:00:00
  🟢 信号: 买入 (评分: 1.5)

[4/7] 美团-W (3690.HK)...
  ✓ 价格: 84.10 | 时间: 2026-03-30 16:00:00
  🔴 信号: 卖出 (评分: -2.5)

[5/7] 阿里巴巴-W (9988.HK)...
  ✓ 价格: 120.50 | 时间: 2026-03-30 16:00:00
  🟢 信号: 买入 (评分: 3.0)

[6/7] 腾讯控股 (0700.HK)...
  ✓ 价格: 481.20 | 时间: 2026-03-30 16:00:00
  🟢 信号: 强烈买入 (评分: 5.5)

[7/7] 贵州茅台 (600519.SH)...
  ✓ 价格: 1420.00 | 时间: 2026-03-30 15:00:00
  🟢 信号: 强烈买入 (评分: 4.0)

============================================================
发送邮件通知...
  发现 6 个重要信号，发送汇总邮件...
  发送邮件... (尝试 1/3)
✓ 邮件已发送：交易信号提醒 - 2026-03-31 14:30 - 4只买入, 2只卖出信号

============================================================
监控汇总
============================================================
总计：7 只股票
买入：4 | 卖出：2 | 持有：1
  ⚪ 爱尔眼科: 持有 (9.68)
  🔴 汇川技术: 卖出 (67.38)
  🟢 保利发展: 买入 (5.84)
  🔴 美团-W: 卖出 (84.10)
  🟢 阿里巴巴-W: 买入 (120.50)
  🟢 腾讯控股: 强烈买入 (481.20)
  🟢 贵州茅台: 强烈买入 (1420.00)
获取 A 股 30m 数据失败 300015.SZ: ('Connection aborted.', RemoteDisconnected('Remote end closed connection without response'))
获取 A 股 30m 数据失败 300124.SZ: ('Connection aborted.', RemoteDisconnected('Remote end closed connection without response'))
获取 A 股 30m 数据失败 600048.SH: ('Connection aborted.', RemoteDisconnected('Remote end closed connection without response'))
获取港股 30m 数据失败 3690.HK: ('Connection aborted.', RemoteDisconnected('Remote end closed connection without response'))
获取港股 30m 数据失败 9988.HK: ('Connection aborted.', RemoteDisconnected('Remote end closed connection without response'))
获取港股 30m 数据失败 0700.HK: ('Connection aborted.', RemoteDisconnected('Remote end closed connection without response'))
获取 A 股 30m 数据失败 600519.SH: ('Connection aborted.', RemoteDisconnected('Remote end closed connection without response'))

╔══════════════════════════════════════════════════════════╗
║           股票监控系统 - 30 分钟级别                         ║
║           数据源: AKShare (实时刷新)                        ║
╚══════════════════════════════════════════════════════════╝
    
✓ 邮件通知已配置
已添加通知渠道：console
未配置通知渠道，使用控制台输出
============================================================
股票监控任务 - 2026-03-31 15:00:04
数据源: AKShare (30 分钟级别)
============================================================

[1/7] 爱尔眼科 (300015.SZ)...
  ✓ 价格: 9.68 | 时间: 2026-03-30 15:00:00
  ⚪ 信号: 持有 (评分: -2.0)

[2/7] 汇川技术 (300124.SZ)...
  ✓ 价格: 67.38 | 时间: 2026-03-30 15:00:00
  🔴 信号: 卖出 (评分: -4.0)

[3/7] 保利发展 (600048.SH)...
  ✓ 价格: 5.84 | 时间: 2026-03-30 15:00:00
  🟢 信号: 买入 (评分: 1.5)

[4/7] 美团-W (3690.HK)...
  ✓ 价格: 84.10 | 时间: 2026-03-30 16:00:00
  🔴 信号: 卖出 (评分: -2.5)

[5/7] 阿里巴巴-W (9988.HK)...
  ✓ 价格: 120.50 | 时间: 2026-03-30 16:00:00
  🟢 信号: 买入 (评分: 3.0)

[6/7] 腾讯控股 (0700.HK)...
  ✓ 价格: 481.20 | 时间: 2026-03-30 16:00:00
  🟢 信号: 强烈买入 (评分: 5.5)

[7/7] 贵州茅台 (600519.SH)...
  ✓ 价格: 1420.00 | 时间: 2026-03-30 15:00:00
  🟢 信号: 强烈买入 (评分: 4.0)

============================================================
发送邮件通知...
  发现 6 个重要信号，发送汇总邮件...
  发送邮件... (尝试 1/3)
✓ 邮件已发送：交易信号提醒 - 2026-03-31 15:00 - 4只买入, 2只卖出信号

============================================================
监控汇总
============================================================
总计：7 只股票
买入：4 | 卖出：2 | 持有：1
  ⚪ 爱尔眼科: 持有 (9.68)
  🔴 汇川技术: 卖出 (67.38)
  🟢 保利发展: 买入 (5.84)
  🔴 美团-W: 卖出 (84.10)
  🟢 阿里巴巴-W: 买入 (120.50)
  🟢 腾讯控股: 强烈买入 (481.20)
  🟢 贵州茅台: 强烈买入 (1420.00)
获取 A 股 30m 数据失败 300015.SZ (尝试 1/5): ('Connection aborted.', RemoteDisconnected('Remote end closed connection without response'))
等待 4.0 秒后重试...
获取 A 股 30m 数据失败 300015.SZ (尝试 2/5): ('Connection aborted.', RemoteDisconnected('Remote end closed connection without response'))
等待 5.1 秒后重试...
获取 A 股 30m 数据失败 300015.SZ (尝试 3/5): ('Connection aborted.', RemoteDisconnected('Remote end closed connection without response'))
等待 11.3 秒后重试...
获取 A 股 30m 数据失败 300015.SZ (尝试 4/5): ('Connection aborted.', RemoteDisconnected('Remote end closed connection without response'))
等待 26.2 秒后重试...
获取 A 股 30m 数据失败 300015.SZ (尝试 5/5): ('Connection aborted.', RemoteDisconnected('Remote end closed connection without response'))
获取 A 股 30m 数据失败 300124.SZ (尝试 1/5): ('Connection aborted.', RemoteDisconnected('Remote end closed connection without response'))
等待 5.3 秒后重试...
获取 A 股 30m 数据失败 300124.SZ (尝试 2/5): ('Connection aborted.', RemoteDisconnected('Remote end closed connection without response'))
等待 8.3 秒后重试...
获取 A 股 30m 数据失败 300124.SZ (尝试 3/5): ('Connection aborted.', RemoteDisconnected('Remote end closed connection without response'))
等待 13.7 秒后重试...
获取 A 股 30m 数据失败 300124.SZ (尝试 4/5): ('Connection aborted.', RemoteDisconnected('Remote end closed connection without response'))
等待 26.7 秒后重试...
获取 A 股 30m 数据失败 300124.SZ (尝试 5/5): ('Connection aborted.', RemoteDisconnected('Remote end closed connection without response'))
获取 A 股 30m 数据失败 600048.SH (尝试 1/5): ('Connection aborted.', RemoteDisconnected('Remote end closed connection without response'))
等待 4.9 秒后重试...
获取 A 股 30m 数据失败 600048.SH (尝试 2/5): ('Connection aborted.', RemoteDisconnected('Remote end closed connection without response'))
等待 8.8 秒后重试...
获取 A 股 30m 数据失败 600048.SH (尝试 3/5): ('Connection aborted.', RemoteDisconnected('Remote end closed connection without response'))
等待 14.2 秒后重试...
获取 A 股 30m 数据失败 600048.SH (尝试 4/5): ('Connection aborted.', RemoteDisconnected('Remote end closed connection without response'))
等待 26.7 秒后重试...
获取 A 股 30m 数据失败 600048.SH (尝试 5/5): ('Connection aborted.', RemoteDisconnected('Remote end closed connection without response'))
获取港股 30m 数据失败 3690.HK (尝试 1/5): ('Connection aborted.', RemoteDisconnected('Remote end closed connection without response'))
等待 4.5 秒后重试...
获取港股 30m 数据失败 3690.HK (尝试 2/5): ('Connection aborted.', RemoteDisconnected('Remote end closed connection without response'))
等待 7.3 秒后重试...
获取港股 30m 数据失败 3690.HK (尝试 3/5): ('Connection aborted.', RemoteDisconnected('Remote end closed connection without response'))
等待 13.2 秒后重试...
获取港股 30m 数据失败 3690.HK (尝试 4/5): ('Connection aborted.', RemoteDisconnected('Remote end closed connection without response'))
等待 26.2 秒后重试...
获取港股 30m 数据失败 3690.HK (尝试 5/5): ('Connection aborted.', RemoteDisconnected('Remote end closed connection without response'))
获取港股 30m 数据失败 9988.HK (尝试 1/5): ('Connection aborted.', RemoteDisconnected('Remote end closed connection without response'))
等待 4.4 秒后重试...
获取港股 30m 数据失败 9988.HK (尝试 2/5): ('Connection aborted.', RemoteDisconnected('Remote end closed connection without response'))
等待 7.2 秒后重试...
获取港股 30m 数据失败 9988.HK (尝试 3/5): ('Connection aborted.', RemoteDisconnected('Remote end closed connection without response'))
等待 13.3 秒后重试...
获取港股 30m 数据失败 9988.HK (尝试 4/5): ('Connection aborted.', RemoteDisconnected('Remote end closed connection without response'))
等待 26.7 秒后重试...
获取港股 30m 数据失败 9988.HK (尝试 5/5): ('Connection aborted.', RemoteDisconnected('Remote end closed connection without response'))
获取港股 30m 数据失败 0700.HK (尝试 1/5): ('Connection aborted.', RemoteDisconnected('Remote end closed connection without response'))
等待 5.4 秒后重试...
获取港股 30m 数据失败 0700.HK (尝试 2/5): ('Connection aborted.', RemoteDisconnected('Remote end closed connection without response'))
等待 9.0 秒后重试...
获取港股 30m 数据失败 0700.HK (尝试 3/5): ('Connection aborted.', RemoteDisconnected('Remote end closed connection without response'))
等待 13.1 秒后重试...
获取港股 30m 数据失败 0700.HK (尝试 4/5): ('Connection aborted.', RemoteDisconnected('Remote end closed connection without response'))
等待 25.7 秒后重试...
获取港股 30m 数据失败 0700.HK (尝试 5/5): ('Connection aborted.', RemoteDisconnected('Remote end closed connection without response'))
获取 A 股 30m 数据失败 600519.SH (尝试 1/5): ('Connection aborted.', RemoteDisconnected('Remote end closed connection without response'))
等待 5.2 秒后重试...
获取 A 股 30m 数据失败 600519.SH (尝试 2/5): ('Connection aborted.', RemoteDisconnected('Remote end closed connection without response'))
等待 8.7 秒后重试...
获取 A 股 30m 数据失败 600519.SH (尝试 3/5): ('Connection aborted.', RemoteDisconnected('Remote end closed connection without response'))
等待 13.3 秒后重试...
获取 A 股 30m 数据失败 600519.SH (尝试 4/5): ('Connection aborted.', RemoteDisconnected('Remote end closed connection without response'))
等待 25.1 秒后重试...
获取 A 股 30m 数据失败 600519.SH (尝试 5/5): ('Connection aborted.', RemoteDisconnected('Remote end closed connection without response'))

╔══════════════════════════════════════════════════════════╗
║           股票监控系统 - 30 分钟级别                         ║
║           数据源: AKShare (实时刷新)                        ║
╚══════════════════════════════════════════════════════════╝
    
✓ 邮件通知已配置
已添加通知渠道：console
未配置通知渠道，使用控制台输出
============================================================
股票监控任务 - 2026-03-31 15:30:04
数据源: AKShare (30 分钟级别)
============================================================

[1/7] 爱尔眼科 (300015.SZ)...
  ✓ 价格: 9.68 | 时间: 2026-03-30 15:00:00
  ⚪ 信号: 持有 (评分: -2.0)

[2/7] 汇川技术 (300124.SZ)...
  ✓ 价格: 67.38 | 时间: 2026-03-30 15:00:00
  🔴 信号: 卖出 (评分: -4.0)

[3/7] 保利发展 (600048.SH)...
  ✓ 价格: 5.84 | 时间: 2026-03-30 15:00:00
  🟢 信号: 买入 (评分: 1.5)

[4/7] 美团-W (3690.HK)...
  ✓ 价格: 84.10 | 时间: 2026-03-30 16:00:00
  🔴 信号: 卖出 (评分: -2.5)

[5/7] 阿里巴巴-W (9988.HK)...
  ✓ 价格: 120.50 | 时间: 2026-03-30 16:00:00
  🟢 信号: 买入 (评分: 3.0)

[6/7] 腾讯控股 (0700.HK)...
  ✓ 价格: 481.20 | 时间: 2026-03-30 16:00:00
  🟢 信号: 强烈买入 (评分: 5.5)

[7/7] 贵州茅台 (600519.SH)...
  ✓ 价格: 1420.00 | 时间: 2026-03-30 15:00:00
  🟢 信号: 强烈买入 (评分: 4.0)

============================================================
发送邮件通知...
  发现 6 个重要信号，发送汇总邮件...
  发送邮件... (尝试 1/3)
✓ 邮件已发送：交易信号提醒 - 2026-03-31 15:40 - 4只买入, 2只卖出信号

============================================================
监控汇总
============================================================
总计：7 只股票
买入：4 | 卖出：2 | 持有：1
  ⚪ 爱尔眼科: 持有 (9.68)
  🔴 汇川技术: 卖出 (67.38)
  🟢 保利发展: 买入 (5.84)
  🔴 美团-W: 卖出 (84.10)
  🟢 阿里巴巴-W: 买入 (120.50)
  🟢 腾讯控股: 强烈买入 (481.20)
  🟢 贵州茅台: 强烈买入 (1420.00)

╔══════════════════════════════════════════════════════════╗
║           股票监控系统 - 30 分钟级别                         ║
║           数据源: AKShare (实时刷新)                        ║
╚══════════════════════════════════════════════════════════╝
    
✓ 邮件通知已配置
已添加通知渠道：console
未配置通知渠道，使用控制台输出
============================================================
股票监控任务 - 2026-04-01 10:04:34
数据源: AKShare (30 分钟级别)
============================================================

[1/7] 爱尔眼科 (300015.SZ)...
Traceback (most recent call last):
  File "/Users/foleydang/github/stock-quant/stock-quant/python/strategy/email_monitor.py", line 201, in <module>
    main()
    ~~~~^^
  File "/Users/foleydang/github/stock-quant/stock-quant/python/strategy/email_monitor.py", line 195, in main
    result = monitor.run(send_email=send_email)
  File "/Users/foleydang/github/stock-quant/stock-quant/python/strategy/email_monitor.py", line 91, in run
    print(f"  ✓ 价格: {latest_price:.2f} | 时间: {latest_time}")
                      ^^^^^^^^^^^^^^^^^^
ValueError: Unknown format code 'f' for object of type 'str'
akshare 获取失败 300015.SZ: HTTPSConnectionPool(host='quotes.sina.cn', port=443): Max retries exceeded with url: /cn/api/jsonp_v2.php/=/CN_MarketDataService.getKLineData?symbol=sz300015&scale=30&ma=no&datalen=1970 (Caused by SSLError(SSLCertVerificationError(1, '[SSL: CERTIFICATE_VERIFY_FAILED] certificate verify failed: self-signed certificate in certificate chain (_ssl.c:1081)')))
akshare 获取失败 300124.SZ: HTTPSConnectionPool(host='quotes.sina.cn', port=443): Max retries exceeded with url: /cn/api/jsonp_v2.php/=/CN_MarketDataService.getKLineData?symbol=sz300124&scale=30&ma=no&datalen=1970 (Caused by SSLError(SSLCertVerificationError(1, '[SSL: CERTIFICATE_VERIFY_FAILED] certificate verify failed: self-signed certificate in certificate chain (_ssl.c:1081)')))
akshare 获取失败 600048.SH: HTTPSConnectionPool(host='quotes.sina.cn', port=443): Max retries exceeded with url: /cn/api/jsonp_v2.php/=/CN_MarketDataService.getKLineData?symbol=sh600048&scale=30&ma=no&datalen=1970 (Caused by SSLError(SSLCertVerificationError(1, '[SSL: CERTIFICATE_VERIFY_FAILED] certificate verify failed: self-signed certificate in certificate chain (_ssl.c:1081)')))
获取港股 30m 数据失败 3690.HK (尝试 1/5): HTTPSConnectionPool(host='push2his.eastmoney.com', port=443): Max retries exceeded with url: /api/qt/stock/kline/get?fields1=f1%2Cf2%2Cf3%2Cf4%2Cf5%2Cf6&fields2=f51%2Cf52%2Cf53%2Cf54%2Cf55%2Cf56%2Cf57%2Cf58%2Cf59%2Cf60%2Cf61&ut=bd1d9ddb04089700cf9c27f6f7426281&klt=30&fqt=1&secid=116.03690&beg=0&end=20500000 (Caused by SSLError(SSLCertVerificationError(1, '[SSL: CERTIFICATE_VERIFY_FAILED] certificate verify failed: self-signed certificate in certificate chain (_ssl.c:1081)')))
等待 5.4 秒后重试...
获取港股 30m 数据失败 3690.HK (尝试 2/5): HTTPSConnectionPool(host='push2his.eastmoney.com', port=443): Max retries exceeded with url: /api/qt/stock/kline/get?fields1=f1%2Cf2%2Cf3%2Cf4%2Cf5%2Cf6&fields2=f51%2Cf52%2Cf53%2Cf54%2Cf55%2Cf56%2Cf57%2Cf58%2Cf59%2Cf60%2Cf61&ut=bd1d9ddb04089700cf9c27f6f7426281&klt=30&fqt=1&secid=116.03690&beg=0&end=20500000 (Caused by SSLError(SSLCertVerificationError(1, '[SSL: CERTIFICATE_VERIFY_FAILED] certificate verify failed: self-signed certificate in certificate chain (_ssl.c:1081)')))
等待 8.8 秒后重试...
获取港股 30m 数据失败 3690.HK (尝试 3/5): HTTPSConnectionPool(host='push2his.eastmoney.com', port=443): Max retries exceeded with url: /api/qt/stock/kline/get?fields1=f1%2Cf2%2Cf3%2Cf4%2Cf5%2Cf6&fields2=f51%2Cf52%2Cf53%2Cf54%2Cf55%2Cf56%2Cf57%2Cf58%2Cf59%2Cf60%2Cf61&ut=bd1d9ddb04089700cf9c27f6f7426281&klt=30&fqt=1&secid=116.03690&beg=0&end=20500000 (Caused by SSLError(SSLCertVerificationError(1, '[SSL: CERTIFICATE_VERIFY_FAILED] certificate verify failed: self-signed certificate in certificate chain (_ssl.c:1081)')))
等待 13.2 秒后重试...
获取港股 30m 数据失败 3690.HK (尝试 4/5): HTTPSConnectionPool(host='push2his.eastmoney.com', port=443): Max retries exceeded with url: /api/qt/stock/kline/get?fields1=f1%2Cf2%2Cf3%2Cf4%2Cf5%2Cf6&fields2=f51%2Cf52%2Cf53%2Cf54%2Cf55%2Cf56%2Cf57%2Cf58%2Cf59%2Cf60%2Cf61&ut=bd1d9ddb04089700cf9c27f6f7426281&klt=30&fqt=1&secid=116.03690&beg=0&end=20500000 (Caused by SSLError(SSLCertVerificationError(1, '[SSL: CERTIFICATE_VERIFY_FAILED] certificate verify failed: self-signed certificate in certificate chain (_ssl.c:1081)')))
等待 25.2 秒后重试...
获取港股 30m 数据失败 3690.HK (尝试 5/5): HTTPSConnectionPool(host='push2his.eastmoney.com', port=443): Max retries exceeded with url: /api/qt/stock/kline/get?fields1=f1%2Cf2%2Cf3%2Cf4%2Cf5%2Cf6&fields2=f51%2Cf52%2Cf53%2Cf54%2Cf55%2Cf56%2Cf57%2Cf58%2Cf59%2Cf60%2Cf61&ut=bd1d9ddb04089700cf9c27f6f7426281&klt=30&fqt=1&secid=116.03690&beg=0&end=20500000 (Caused by SSLError(SSLCertVerificationError(1, '[SSL: CERTIFICATE_VERIFY_FAILED] certificate verify failed: self-signed certificate in certificate chain (_ssl.c:1081)')))
获取港股 30m 数据失败 9988.HK (尝试 1/5): HTTPSConnectionPool(host='push2his.eastmoney.com', port=443): Max retries exceeded with url: /api/qt/stock/kline/get?fields1=f1%2Cf2%2Cf3%2Cf4%2Cf5%2Cf6&fields2=f51%2Cf52%2Cf53%2Cf54%2Cf55%2Cf56%2Cf57%2Cf58%2Cf59%2Cf60%2Cf61&ut=bd1d9ddb04089700cf9c27f6f7426281&klt=30&fqt=1&secid=116.09988&beg=0&end=20500000 (Caused by SSLError(SSLCertVerificationError(1, '[SSL: CERTIFICATE_VERIFY_FAILED] certificate verify failed: self-signed certificate in certificate chain (_ssl.c:1081)')))
等待 4.8 秒后重试...
获取港股 30m 数据失败 9988.HK (尝试 2/5): HTTPSConnectionPool(host='push2his.eastmoney.com', port=443): Max retries exceeded with url: /api/qt/stock/kline/get?fields1=f1%2Cf2%2Cf3%2Cf4%2Cf5%2Cf6&fields2=f51%2Cf52%2Cf53%2Cf54%2Cf55%2Cf56%2Cf57%2Cf58%2Cf59%2Cf60%2Cf61&ut=bd1d9ddb04089700cf9c27f6f7426281&klt=30&fqt=1&secid=116.09988&beg=0&end=20500000 (Caused by SSLError(SSLCertVerificationError(1, '[SSL: CERTIFICATE_VERIFY_FAILED] certificate verify failed: self-signed certificate in certificate chain (_ssl.c:1081)')))
等待 8.7 秒后重试...
获取港股 30m 数据失败 9988.HK (尝试 3/5): HTTPSConnectionPool(host='push2his.eastmoney.com', port=443): Max retries exceeded with url: /api/qt/stock/kline/get?fields1=f1%2Cf2%2Cf3%2Cf4%2Cf5%2Cf6&fields2=f51%2Cf52%2Cf53%2Cf54%2Cf55%2Cf56%2Cf57%2Cf58%2Cf59%2Cf60%2Cf61&ut=bd1d9ddb04089700cf9c27f6f7426281&klt=30&fqt=1&secid=116.09988&beg=0&end=20500000 (Caused by SSLError(SSLCertVerificationError(1, '[SSL: CERTIFICATE_VERIFY_FAILED] certificate verify failed: self-signed certificate in certificate chain (_ssl.c:1081)')))
等待 13.8 秒后重试...
获取港股 30m 数据失败 9988.HK (尝试 4/5): HTTPSConnectionPool(host='push2his.eastmoney.com', port=443): Max retries exceeded with url: /api/qt/stock/kline/get?fields1=f1%2Cf2%2Cf3%2Cf4%2Cf5%2Cf6&fields2=f51%2Cf52%2Cf53%2Cf54%2Cf55%2Cf56%2Cf57%2Cf58%2Cf59%2Cf60%2Cf61&ut=bd1d9ddb04089700cf9c27f6f7426281&klt=30&fqt=1&secid=116.09988&beg=0&end=20500000 (Caused by SSLError(SSLCertVerificationError(1, '[SSL: CERTIFICATE_VERIFY_FAILED] certificate verify failed: self-signed certificate in certificate chain (_ssl.c:1081)')))
等待 26.8 秒后重试...
获取港股 30m 数据失败 9988.HK (尝试 5/5): HTTPSConnectionPool(host='push2his.eastmoney.com', port=443): Max retries exceeded with url: /api/qt/stock/kline/get?fields1=f1%2Cf2%2Cf3%2Cf4%2Cf5%2Cf6&fields2=f51%2Cf52%2Cf53%2Cf54%2Cf55%2Cf56%2Cf57%2Cf58%2Cf59%2Cf60%2Cf61&ut=bd1d9ddb04089700cf9c27f6f7426281&klt=30&fqt=1&secid=116.09988&beg=0&end=20500000 (Caused by SSLError(SSLCertVerificationError(1, '[SSL: CERTIFICATE_VERIFY_FAILED] certificate verify failed: self-signed certificate in certificate chain (_ssl.c:1081)')))
获取港股 30m 数据失败 0700.HK (尝试 1/5): HTTPSConnectionPool(host='push2his.eastmoney.com', port=443): Max retries exceeded with url: /api/qt/stock/kline/get?fields1=f1%2Cf2%2Cf3%2Cf4%2Cf5%2Cf6&fields2=f51%2Cf52%2Cf53%2Cf54%2Cf55%2Cf56%2Cf57%2Cf58%2Cf59%2Cf60%2Cf61&ut=bd1d9ddb04089700cf9c27f6f7426281&klt=30&fqt=1&secid=116.00700&beg=0&end=20500000 (Caused by SSLError(SSLCertVerificationError(1, '[SSL: CERTIFICATE_VERIFY_FAILED] certificate verify failed: self-signed certificate in certificate chain (_ssl.c:1081)')))
等待 4.9 秒后重试...
获取港股 30m 数据失败 0700.HK (尝试 2/5): HTTPSConnectionPool(host='push2his.eastmoney.com', port=443): Max retries exceeded with url: /api/qt/stock/kline/get?fields1=f1%2Cf2%2Cf3%2Cf4%2Cf5%2Cf6&fields2=f51%2Cf52%2Cf53%2Cf54%2Cf55%2Cf56%2Cf57%2Cf58%2Cf59%2Cf60%2Cf61&ut=bd1d9ddb04089700cf9c27f6f7426281&klt=30&fqt=1&secid=116.00700&beg=0&end=20500000 (Caused by SSLError(SSLCertVerificationError(1, '[SSL: CERTIFICATE_VERIFY_FAILED] certificate verify failed: self-signed certificate in certificate chain (_ssl.c:1081)')))
等待 7.9 秒后重试...
获取港股 30m 数据失败 0700.HK (尝试 3/5): HTTPSConnectionPool(host='push2his.eastmoney.com', port=443): Max retries exceeded with url: /api/qt/stock/kline/get?fields1=f1%2Cf2%2Cf3%2Cf4%2Cf5%2Cf6&fields2=f51%2Cf52%2Cf53%2Cf54%2Cf55%2Cf56%2Cf57%2Cf58%2Cf59%2Cf60%2Cf61&ut=bd1d9ddb04089700cf9c27f6f7426281&klt=30&fqt=1&secid=116.00700&beg=0&end=20500000 (Caused by SSLError(SSLCertVerificationError(1, '[SSL: CERTIFICATE_VERIFY_FAILED] certificate verify failed: self-signed certificate in certificate chain (_ssl.c:1081)')))
等待 14.5 秒后重试...
获取港股 30m 数据失败 0700.HK (尝试 4/5): HTTPSConnectionPool(host='push2his.eastmoney.com', port=443): Max retries exceeded with url: /api/qt/stock/kline/get?fields1=f1%2Cf2%2Cf3%2Cf4%2Cf5%2Cf6&fields2=f51%2Cf52%2Cf53%2Cf54%2Cf55%2Cf56%2Cf57%2Cf58%2Cf59%2Cf60%2Cf61&ut=bd1d9ddb04089700cf9c27f6f7426281&klt=30&fqt=1&secid=116.00700&beg=0&end=20500000 (Caused by SSLError(SSLCertVerificationError(1, '[SSL: CERTIFICATE_VERIFY_FAILED] certificate verify failed: self-signed certificate in certificate chain (_ssl.c:1081)')))
等待 25.0 秒后重试...
获取港股 30m 数据失败 0700.HK (尝试 5/5): HTTPSConnectionPool(host='push2his.eastmoney.com', port=443): Max retries exceeded with url: /api/qt/stock/kline/get?fields1=f1%2Cf2%2Cf3%2Cf4%2Cf5%2Cf6&fields2=f51%2Cf52%2Cf53%2Cf54%2Cf55%2Cf56%2Cf57%2Cf58%2Cf59%2Cf60%2Cf61&ut=bd1d9ddb04089700cf9c27f6f7426281&klt=30&fqt=1&secid=116.00700&beg=0&end=20500000 (Caused by SSLError(SSLCertVerificationError(1, '[SSL: CERTIFICATE_VERIFY_FAILED] certificate verify failed: self-signed certificate in certificate chain (_ssl.c:1081)')))
akshare 获取失败 600519.SH: HTTPSConnectionPool(host='quotes.sina.cn', port=443): Max retries exceeded with url: /cn/api/jsonp_v2.php/=/CN_MarketDataService.getKLineData?symbol=sh600519&scale=30&ma=no&datalen=1970 (Caused by SSLError(SSLCertVerificationError(1, '[SSL: CERTIFICATE_VERIFY_FAILED] certificate verify failed: self-signed certificate in certificate chain (_ssl.c:1081)')))

╔══════════════════════════════════════════════════════════╗
║           股票监控系统 - 30 分钟级别                         ║
║           数据源: AKShare (实时刷新)                        ║
╚══════════════════════════════════════════════════════════╝
    
✓ 邮件通知已配置
已添加通知渠道：console
未配置通知渠道，使用控制台输出
============================================================
股票监控任务 - 2026-04-01 10:30:05
数据源: AKShare (30 分钟级别)
============================================================

[1/7] 爱尔眼科 (300015.SZ)...
  ✓ 价格: 9.60 | 时间: 2026-04-01 10:30:00
  🟢 信号: 买入 (评分: 2.5)

[2/7] 汇川技术 (300124.SZ)...
  ✓ 价格: 67.38 | 时间: 2026-03-30 15:00:00
  🔴 信号: 卖出 (评分: -4.0)

[3/7] 保利发展 (600048.SH)...
  ✓ 价格: 5.84 | 时间: 2026-03-30 15:00:00
  🟢 信号: 买入 (评分: 1.5)

[4/7] 美团-W (3690.HK)...
  ✓ 价格: 84.10 | 时间: 2026-03-30 16:00:00
  🔴 信号: 卖出 (评分: -2.5)

[5/7] 阿里巴巴-W (9988.HK)...
  ✓ 价格: 120.50 | 时间: 2026-03-30 16:00:00
  🟢 信号: 买入 (评分: 3.0)

[6/7] 腾讯控股 (0700.HK)...
  ✓ 价格: 481.20 | 时间: 2026-03-30 16:00:00
  🟢 信号: 强烈买入 (评分: 5.5)

[7/7] 贵州茅台 (600519.SH)...
  ✓ 价格: 1420.00 | 时间: 2026-03-30 15:00:00
  🟢 信号: 买入 (评分: 1.0)

============================================================
发送邮件通知...
  发现 7 个重要信号，发送汇总邮件...
  发送邮件... (尝试 1/3)
✓ 邮件已发送：交易信号提醒 - 2026-04-01 10:33 - 5只买入, 2只卖出信号

============================================================
监控汇总
============================================================
总计：7 只股票
买入：5 | 卖出：2 | 持有：0
  🟢 爱尔眼科: 买入 (9.60)
  🔴 汇川技术: 卖出 (67.38)
  🟢 保利发展: 买入 (5.84)
  🔴 美团-W: 卖出 (84.10)
  🟢 阿里巴巴-W: 买入 (120.50)
  🟢 腾讯控股: 强烈买入 (481.20)
  🟢 贵州茅台: 买入 (1420.00)
akshare 获取失败 300015.SZ: HTTPSConnectionPool(host='quotes.sina.cn', port=443): Max retries exceeded with url: /cn/api/jsonp_v2.php/=/CN_MarketDataService.getKLineData?symbol=sz300015&scale=30&ma=no&datalen=1970 (Caused by SSLError(SSLCertVerificationError(1, '[SSL: CERTIFICATE_VERIFY_FAILED] certificate verify failed: self-signed certificate in certificate chain (_ssl.c:1081)')))
akshare 获取失败 300124.SZ: HTTPSConnectionPool(host='quotes.sina.cn', port=443): Max retries exceeded with url: /cn/api/jsonp_v2.php/=/CN_MarketDataService.getKLineData?symbol=sz300124&scale=30&ma=no&datalen=1970 (Caused by SSLError(SSLCertVerificationError(1, '[SSL: CERTIFICATE_VERIFY_FAILED] certificate verify failed: self-signed certificate in certificate chain (_ssl.c:1081)')))
akshare 获取失败 600048.SH: HTTPSConnectionPool(host='quotes.sina.cn', port=443): Max retries exceeded with url: /cn/api/jsonp_v2.php/=/CN_MarketDataService.getKLineData?symbol=sh600048&scale=30&ma=no&datalen=1970 (Caused by SSLError(SSLCertVerificationError(1, '[SSL: CERTIFICATE_VERIFY_FAILED] certificate verify failed: self-signed certificate in certificate chain (_ssl.c:1081)')))
获取港股 30m 数据失败 3690.HK (尝试 1/5): HTTPSConnectionPool(host='push2his.eastmoney.com', port=443): Max retries exceeded with url: /api/qt/stock/kline/get?fields1=f1%2Cf2%2Cf3%2Cf4%2Cf5%2Cf6&fields2=f51%2Cf52%2Cf53%2Cf54%2Cf55%2Cf56%2Cf57%2Cf58%2Cf59%2Cf60%2Cf61&ut=bd1d9ddb04089700cf9c27f6f7426281&klt=30&fqt=1&secid=116.03690&beg=0&end=20500000 (Caused by SSLError(SSLCertVerificationError(1, '[SSL: CERTIFICATE_VERIFY_FAILED] certificate verify failed: self-signed certificate in certificate chain (_ssl.c:1081)')))
等待 5.9 秒后重试...
获取港股 30m 数据失败 3690.HK (尝试 2/5): HTTPSConnectionPool(host='push2his.eastmoney.com', port=443): Max retries exceeded with url: /api/qt/stock/kline/get?fields1=f1%2Cf2%2Cf3%2Cf4%2Cf5%2Cf6&fields2=f51%2Cf52%2Cf53%2Cf54%2Cf55%2Cf56%2Cf57%2Cf58%2Cf59%2Cf60%2Cf61&ut=bd1d9ddb04089700cf9c27f6f7426281&klt=30&fqt=1&secid=116.03690&beg=0&end=20500000 (Caused by SSLError(SSLCertVerificationError(1, '[SSL: CERTIFICATE_VERIFY_FAILED] certificate verify failed: self-signed certificate in certificate chain (_ssl.c:1081)')))
等待 8.8 秒后重试...
获取港股 30m 数据失败 3690.HK (尝试 3/5): HTTPSConnectionPool(host='push2his.eastmoney.com', port=443): Max retries exceeded with url: /api/qt/stock/kline/get?fields1=f1%2Cf2%2Cf3%2Cf4%2Cf5%2Cf6&fields2=f51%2Cf52%2Cf53%2Cf54%2Cf55%2Cf56%2Cf57%2Cf58%2Cf59%2Cf60%2Cf61&ut=bd1d9ddb04089700cf9c27f6f7426281&klt=30&fqt=1&secid=116.03690&beg=0&end=20500000 (Caused by SSLError(SSLCertVerificationError(1, '[SSL: CERTIFICATE_VERIFY_FAILED] certificate verify failed: self-signed certificate in certificate chain (_ssl.c:1081)')))
等待 13.1 秒后重试...
获取港股 30m 数据失败 3690.HK (尝试 4/5): HTTPSConnectionPool(host='push2his.eastmoney.com', port=443): Max retries exceeded with url: /api/qt/stock/kline/get?fields1=f1%2Cf2%2Cf3%2Cf4%2Cf5%2Cf6&fields2=f51%2Cf52%2Cf53%2Cf54%2Cf55%2Cf56%2Cf57%2Cf58%2Cf59%2Cf60%2Cf61&ut=bd1d9ddb04089700cf9c27f6f7426281&klt=30&fqt=1&secid=116.03690&beg=0&end=20500000 (Caused by SSLError(SSLCertVerificationError(1, '[SSL: CERTIFICATE_VERIFY_FAILED] certificate verify failed: self-signed certificate in certificate chain (_ssl.c:1081)')))
等待 26.4 秒后重试...
获取港股 30m 数据失败 3690.HK (尝试 5/5): HTTPSConnectionPool(host='push2his.eastmoney.com', port=443): Max retries exceeded with url: /api/qt/stock/kline/get?fields1=f1%2Cf2%2Cf3%2Cf4%2Cf5%2Cf6&fields2=f51%2Cf52%2Cf53%2Cf54%2Cf55%2Cf56%2Cf57%2Cf58%2Cf59%2Cf60%2Cf61&ut=bd1d9ddb04089700cf9c27f6f7426281&klt=30&fqt=1&secid=116.03690&beg=0&end=20500000 (Caused by SSLError(SSLCertVerificationError(1, '[SSL: CERTIFICATE_VERIFY_FAILED] certificate verify failed: self-signed certificate in certificate chain (_ssl.c:1081)')))
获取港股 30m 数据失败 9988.HK (尝试 1/5): HTTPSConnectionPool(host='push2his.eastmoney.com', port=443): Max retries exceeded with url: /api/qt/stock/kline/get?fields1=f1%2Cf2%2Cf3%2Cf4%2Cf5%2Cf6&fields2=f51%2Cf52%2Cf53%2Cf54%2Cf55%2Cf56%2Cf57%2Cf58%2Cf59%2Cf60%2Cf61&ut=bd1d9ddb04089700cf9c27f6f7426281&klt=30&fqt=1&secid=116.09988&beg=0&end=20500000 (Caused by SSLError(SSLCertVerificationError(1, '[SSL: CERTIFICATE_VERIFY_FAILED] certificate verify failed: self-signed certificate in certificate chain (_ssl.c:1081)')))
等待 4.7 秒后重试...
获取港股 30m 数据失败 9988.HK (尝试 2/5): HTTPSConnectionPool(host='push2his.eastmoney.com', port=443): Max retries exceeded with url: /api/qt/stock/kline/get?fields1=f1%2Cf2%2Cf3%2Cf4%2Cf5%2Cf6&fields2=f51%2Cf52%2Cf53%2Cf54%2Cf55%2Cf56%2Cf57%2Cf58%2Cf59%2Cf60%2Cf61&ut=bd1d9ddb04089700cf9c27f6f7426281&klt=30&fqt=1&secid=116.09988&beg=0&end=20500000 (Caused by SSLError(SSLCertVerificationError(1, '[SSL: CERTIFICATE_VERIFY_FAILED] certificate verify failed: self-signed certificate in certificate chain (_ssl.c:1081)')))
等待 7.8 秒后重试...
获取港股 30m 数据失败 9988.HK (尝试 3/5): HTTPSConnectionPool(host='push2his.eastmoney.com', port=443): Max retries exceeded with url: /api/qt/stock/kline/get?fields1=f1%2Cf2%2Cf3%2Cf4%2Cf5%2Cf6&fields2=f51%2Cf52%2Cf53%2Cf54%2Cf55%2Cf56%2Cf57%2Cf58%2Cf59%2Cf60%2Cf61&ut=bd1d9ddb04089700cf9c27f6f7426281&klt=30&fqt=1&secid=116.09988&beg=0&end=20500000 (Caused by SSLError(SSLCertVerificationError(1, '[SSL: CERTIFICATE_VERIFY_FAILED] certificate verify failed: self-signed certificate in certificate chain (_ssl.c:1081)')))
等待 13.7 秒后重试...
获取港股 30m 数据失败 9988.HK (尝试 4/5): HTTPSConnectionPool(host='push2his.eastmoney.com', port=443): Max retries exceeded with url: /api/qt/stock/kline/get?fields1=f1%2Cf2%2Cf3%2Cf4%2Cf5%2Cf6&fields2=f51%2Cf52%2Cf53%2Cf54%2Cf55%2Cf56%2Cf57%2Cf58%2Cf59%2Cf60%2Cf61&ut=bd1d9ddb04089700cf9c27f6f7426281&klt=30&fqt=1&secid=116.09988&beg=0&end=20500000 (Caused by SSLError(SSLCertVerificationError(1, '[SSL: CERTIFICATE_VERIFY_FAILED] certificate verify failed: self-signed certificate in certificate chain (_ssl.c:1081)')))
等待 26.7 秒后重试...
获取港股 30m 数据失败 9988.HK (尝试 5/5): HTTPSConnectionPool(host='push2his.eastmoney.com', port=443): Max retries exceeded with url: /api/qt/stock/kline/get?fields1=f1%2Cf2%2Cf3%2Cf4%2Cf5%2Cf6&fields2=f51%2Cf52%2Cf53%2Cf54%2Cf55%2Cf56%2Cf57%2Cf58%2Cf59%2Cf60%2Cf61&ut=bd1d9ddb04089700cf9c27f6f7426281&klt=30&fqt=1&secid=116.09988&beg=0&end=20500000 (Caused by SSLError(SSLCertVerificationError(1, '[SSL: CERTIFICATE_VERIFY_FAILED] certificate verify failed: self-signed certificate in certificate chain (_ssl.c:1081)')))
获取港股 30m 数据失败 0700.HK (尝试 1/5): HTTPSConnectionPool(host='push2his.eastmoney.com', port=443): Max retries exceeded with url: /api/qt/stock/kline/get?fields1=f1%2Cf2%2Cf3%2Cf4%2Cf5%2Cf6&fields2=f51%2Cf52%2Cf53%2Cf54%2Cf55%2Cf56%2Cf57%2Cf58%2Cf59%2Cf60%2Cf61&ut=bd1d9ddb04089700cf9c27f6f7426281&klt=30&fqt=1&secid=116.00700&beg=0&end=20500000 (Caused by SSLError(SSLCertVerificationError(1, '[SSL: CERTIFICATE_VERIFY_FAILED] certificate verify failed: self-signed certificate in certificate chain (_ssl.c:1081)')))
等待 4.1 秒后重试...
获取港股 30m 数据失败 0700.HK (尝试 2/5): HTTPSConnectionPool(host='push2his.eastmoney.com', port=443): Max retries exceeded with url: /api/qt/stock/kline/get?fields1=f1%2Cf2%2Cf3%2Cf4%2Cf5%2Cf6&fields2=f51%2Cf52%2Cf53%2Cf54%2Cf55%2Cf56%2Cf57%2Cf58%2Cf59%2Cf60%2Cf61&ut=bd1d9ddb04089700cf9c27f6f7426281&klt=30&fqt=1&secid=116.00700&beg=0&end=20500000 (Caused by SSLError(SSLCertVerificationError(1, '[SSL: CERTIFICATE_VERIFY_FAILED] certificate verify failed: self-signed certificate in certificate chain (_ssl.c:1081)')))
等待 7.2 秒后重试...
获取港股 30m 数据失败 0700.HK (尝试 3/5): HTTPSConnectionPool(host='push2his.eastmoney.com', port=443): Max retries exceeded with url: /api/qt/stock/kline/get?fields1=f1%2Cf2%2Cf3%2Cf4%2Cf5%2Cf6&fields2=f51%2Cf52%2Cf53%2Cf54%2Cf55%2Cf56%2Cf57%2Cf58%2Cf59%2Cf60%2Cf61&ut=bd1d9ddb04089700cf9c27f6f7426281&klt=30&fqt=1&secid=116.00700&beg=0&end=20500000 (Caused by SSLError(SSLCertVerificationError(1, '[SSL: CERTIFICATE_VERIFY_FAILED] certificate verify failed: self-signed certificate in certificate chain (_ssl.c:1081)')))
等待 13.9 秒后重试...
获取港股 30m 数据失败 0700.HK (尝试 4/5): HTTPSConnectionPool(host='push2his.eastmoney.com', port=443): Max retries exceeded with url: /api/qt/stock/kline/get?fields1=f1%2Cf2%2Cf3%2Cf4%2Cf5%2Cf6&fields2=f51%2Cf52%2Cf53%2Cf54%2Cf55%2Cf56%2Cf57%2Cf58%2Cf59%2Cf60%2Cf61&ut=bd1d9ddb04089700cf9c27f6f7426281&klt=30&fqt=1&secid=116.00700&beg=0&end=20500000 (Caused by SSLError(SSLCertVerificationError(1, '[SSL: CERTIFICATE_VERIFY_FAILED] certificate verify failed: self-signed certificate in certificate chain (_ssl.c:1081)')))
等待 26.0 秒后重试...
获取港股 30m 数据失败 0700.HK (尝试 5/5): HTTPSConnectionPool(host='push2his.eastmoney.com', port=443): Max retries exceeded with url: /api/qt/stock/kline/get?fields1=f1%2Cf2%2Cf3%2Cf4%2Cf5%2Cf6&fields2=f51%2Cf52%2Cf53%2Cf54%2Cf55%2Cf56%2Cf57%2Cf58%2Cf59%2Cf60%2Cf61&ut=bd1d9ddb04089700cf9c27f6f7426281&klt=30&fqt=1&secid=116.00700&beg=0&end=20500000 (Caused by SSLError(SSLCertVerificationError(1, '[SSL: CERTIFICATE_VERIFY_FAILED] certificate verify failed: self-signed certificate in certificate chain (_ssl.c:1081)')))
akshare 获取失败 600519.SH: HTTPSConnectionPool(host='quotes.sina.cn', port=443): Max retries exceeded with url: /cn/api/jsonp_v2.php/=/CN_MarketDataService.getKLineData?symbol=sh600519&scale=30&ma=no&datalen=1970 (Caused by SSLError(SSLCertVerificationError(1, '[SSL: CERTIFICATE_VERIFY_FAILED] certificate verify failed: self-signed certificate in certificate chain (_ssl.c:1081)')))

╔══════════════════════════════════════════════════════════╗
║           股票监控系统 - 30 分钟级别                         ║
║           数据源: AKShare (实时刷新)                        ║
╚══════════════════════════════════════════════════════════╝
    
✓ 邮件通知已配置
已添加通知渠道：console
未配置通知渠道，使用控制台输出
============================================================
股票监控任务 - 2026-04-01 11:00:03
数据源: AKShare (30 分钟级别)
============================================================

[1/7] 爱尔眼科 (300015.SZ)...
  ✓ 价格: 9.60 | 时间: 2026-04-01 10:30:00
  🟢 信号: 买入 (评分: 2.5)

[2/7] 汇川技术 (300124.SZ)...
  ✓ 价格: 67.38 | 时间: 2026-03-30 15:00:00
  🔴 信号: 卖出 (评分: -4.0)

[3/7] 保利发展 (600048.SH)...
  ✓ 价格: 5.84 | 时间: 2026-03-30 15:00:00
  🟢 信号: 买入 (评分: 1.5)

[4/7] 美团-W (3690.HK)...
  ✓ 价格: 84.10 | 时间: 2026-03-30 16:00:00
  🔴 信号: 卖出 (评分: -2.5)

[5/7] 阿里巴巴-W (9988.HK)...
  ✓ 价格: 120.50 | 时间: 2026-03-30 16:00:00
  🟢 信号: 买入 (评分: 3.0)

[6/7] 腾讯控股 (0700.HK)...
  ✓ 价格: 481.20 | 时间: 2026-03-30 16:00:00
  🟢 信号: 强烈买入 (评分: 5.5)

[7/7] 贵州茅台 (600519.SH)...
  ✓ 价格: 1420.00 | 时间: 2026-03-30 15:00:00
  🟢 信号: 买入 (评分: 1.0)

============================================================
发送邮件通知...
  发现 7 个重要信号，发送汇总邮件...
  发送邮件... (尝试 1/3)
✓ 邮件已发送：交易信号提醒 - 2026-04-01 11:04 - 5只买入, 2只卖出信号

============================================================
监控汇总
============================================================
总计：7 只股票
买入：5 | 卖出：2 | 持有：0
  🟢 爱尔眼科: 买入 (9.60)
  🔴 汇川技术: 卖出 (67.38)
  🟢 保利发展: 买入 (5.84)
  🔴 美团-W: 卖出 (84.10)
  🟢 阿里巴巴-W: 买入 (120.50)
  🟢 腾讯控股: 强烈买入 (481.20)
  🟢 贵州茅台: 买入 (1420.00)
akshare 获取失败 300015.SZ: HTTPSConnectionPool(host='quotes.sina.cn', port=443): Max retries exceeded with url: /cn/api/jsonp_v2.php/=/CN_MarketDataService.getKLineData?symbol=sz300015&scale=30&ma=no&datalen=1970 (Caused by SSLError(SSLCertVerificationError(1, '[SSL: CERTIFICATE_VERIFY_FAILED] certificate verify failed: self-signed certificate in certificate chain (_ssl.c:1081)')))
akshare 获取失败 300124.SZ: HTTPSConnectionPool(host='quotes.sina.cn', port=443): Max retries exceeded with url: /cn/api/jsonp_v2.php/=/CN_MarketDataService.getKLineData?symbol=sz300124&scale=30&ma=no&datalen=1970 (Caused by SSLError(SSLCertVerificationError(1, '[SSL: CERTIFICATE_VERIFY_FAILED] certificate verify failed: self-signed certificate in certificate chain (_ssl.c:1081)')))
akshare 获取失败 600048.SH: HTTPSConnectionPool(host='quotes.sina.cn', port=443): Max retries exceeded with url: /cn/api/jsonp_v2.php/=/CN_MarketDataService.getKLineData?symbol=sh600048&scale=30&ma=no&datalen=1970 (Caused by SSLError(SSLCertVerificationError(1, '[SSL: CERTIFICATE_VERIFY_FAILED] certificate verify failed: self-signed certificate in certificate chain (_ssl.c:1081)')))
获取港股 30m 数据失败 3690.HK (尝试 1/5): HTTPSConnectionPool(host='push2his.eastmoney.com', port=443): Max retries exceeded with url: /api/qt/stock/kline/get?fields1=f1%2Cf2%2Cf3%2Cf4%2Cf5%2Cf6&fields2=f51%2Cf52%2Cf53%2Cf54%2Cf55%2Cf56%2Cf57%2Cf58%2Cf59%2Cf60%2Cf61&ut=bd1d9ddb04089700cf9c27f6f7426281&klt=30&fqt=1&secid=116.03690&beg=0&end=20500000 (Caused by SSLError(SSLCertVerificationError(1, '[SSL: CERTIFICATE_VERIFY_FAILED] certificate verify failed: self-signed certificate in certificate chain (_ssl.c:1081)')))
等待 4.5 秒后重试...
获取港股 30m 数据失败 3690.HK (尝试 2/5): HTTPSConnectionPool(host='push2his.eastmoney.com', port=443): Max retries exceeded with url: /api/qt/stock/kline/get?fields1=f1%2Cf2%2Cf3%2Cf4%2Cf5%2Cf6&fields2=f51%2Cf52%2Cf53%2Cf54%2Cf55%2Cf56%2Cf57%2Cf58%2Cf59%2Cf60%2Cf61&ut=bd1d9ddb04089700cf9c27f6f7426281&klt=30&fqt=1&secid=116.03690&beg=0&end=20500000 (Caused by SSLError(SSLCertVerificationError(1, '[SSL: CERTIFICATE_VERIFY_FAILED] certificate verify failed: self-signed certificate in certificate chain (_ssl.c:1081)')))
等待 8.5 秒后重试...
获取港股 30m 数据失败 3690.HK (尝试 3/5): HTTPSConnectionPool(host='push2his.eastmoney.com', port=443): Max retries exceeded with url: /api/qt/stock/kline/get?fields1=f1%2Cf2%2Cf3%2Cf4%2Cf5%2Cf6&fields2=f51%2Cf52%2Cf53%2Cf54%2Cf55%2Cf56%2Cf57%2Cf58%2Cf59%2Cf60%2Cf61&ut=bd1d9ddb04089700cf9c27f6f7426281&klt=30&fqt=1&secid=116.03690&beg=0&end=20500000 (Caused by SSLError(SSLCertVerificationError(1, '[SSL: CERTIFICATE_VERIFY_FAILED] certificate verify failed: self-signed certificate in certificate chain (_ssl.c:1081)')))
等待 13.1 秒后重试...
获取港股 30m 数据失败 3690.HK (尝试 4/5): HTTPSConnectionPool(host='push2his.eastmoney.com', port=443): Max retries exceeded with url: /api/qt/stock/kline/get?fields1=f1%2Cf2%2Cf3%2Cf4%2Cf5%2Cf6&fields2=f51%2Cf52%2Cf53%2Cf54%2Cf55%2Cf56%2Cf57%2Cf58%2Cf59%2Cf60%2Cf61&ut=bd1d9ddb04089700cf9c27f6f7426281&klt=30&fqt=1&secid=116.03690&beg=0&end=20500000 (Caused by SSLError(SSLCertVerificationError(1, '[SSL: CERTIFICATE_VERIFY_FAILED] certificate verify failed: self-signed certificate in certificate chain (_ssl.c:1081)')))
等待 25.8 秒后重试...
获取港股 30m 数据失败 3690.HK (尝试 5/5): HTTPSConnectionPool(host='push2his.eastmoney.com', port=443): Max retries exceeded with url: /api/qt/stock/kline/get?fields1=f1%2Cf2%2Cf3%2Cf4%2Cf5%2Cf6&fields2=f51%2Cf52%2Cf53%2Cf54%2Cf55%2Cf56%2Cf57%2Cf58%2Cf59%2Cf60%2Cf61&ut=bd1d9ddb04089700cf9c27f6f7426281&klt=30&fqt=1&secid=116.03690&beg=0&end=20500000 (Caused by SSLError(SSLCertVerificationError(1, '[SSL: CERTIFICATE_VERIFY_FAILED] certificate verify failed: self-signed certificate in certificate chain (_ssl.c:1081)')))
获取港股 30m 数据失败 9988.HK (尝试 1/5): HTTPSConnectionPool(host='push2his.eastmoney.com', port=443): Max retries exceeded with url: /api/qt/stock/kline/get?fields1=f1%2Cf2%2Cf3%2Cf4%2Cf5%2Cf6&fields2=f51%2Cf52%2Cf53%2Cf54%2Cf55%2Cf56%2Cf57%2Cf58%2Cf59%2Cf60%2Cf61&ut=bd1d9ddb04089700cf9c27f6f7426281&klt=30&fqt=1&secid=116.09988&beg=0&end=20500000 (Caused by SSLError(SSLCertVerificationError(1, '[SSL: CERTIFICATE_VERIFY_FAILED] certificate verify failed: self-signed certificate in certificate chain (_ssl.c:1081)')))
等待 6.0 秒后重试...
获取港股 30m 数据失败 9988.HK (尝试 2/5): HTTPSConnectionPool(host='push2his.eastmoney.com', port=443): Max retries exceeded with url: /api/qt/stock/kline/get?fields1=f1%2Cf2%2Cf3%2Cf4%2Cf5%2Cf6&fields2=f51%2Cf52%2Cf53%2Cf54%2Cf55%2Cf56%2Cf57%2Cf58%2Cf59%2Cf60%2Cf61&ut=bd1d9ddb04089700cf9c27f6f7426281&klt=30&fqt=1&secid=116.09988&beg=0&end=20500000 (Caused by SSLError(SSLCertVerificationError(1, '[SSL: CERTIFICATE_VERIFY_FAILED] certificate verify failed: self-signed certificate in certificate chain (_ssl.c:1081)')))
等待 8.8 秒后重试...
获取港股 30m 数据失败 9988.HK (尝试 3/5): HTTPSConnectionPool(host='push2his.eastmoney.com', port=443): Max retries exceeded with url: /api/qt/stock/kline/get?fields1=f1%2Cf2%2Cf3%2Cf4%2Cf5%2Cf6&fields2=f51%2Cf52%2Cf53%2Cf54%2Cf55%2Cf56%2Cf57%2Cf58%2Cf59%2Cf60%2Cf61&ut=bd1d9ddb04089700cf9c27f6f7426281&klt=30&fqt=1&secid=116.09988&beg=0&end=20500000 (Caused by SSLError(SSLCertVerificationError(1, '[SSL: CERTIFICATE_VERIFY_FAILED] certificate verify failed: self-signed certificate in certificate chain (_ssl.c:1081)')))
等待 14.8 秒后重试...
获取港股 30m 数据失败 9988.HK (尝试 4/5): HTTPSConnectionPool(host='push2his.eastmoney.com', port=443): Max retries exceeded with url: /api/qt/stock/kline/get?fields1=f1%2Cf2%2Cf3%2Cf4%2Cf5%2Cf6&fields2=f51%2Cf52%2Cf53%2Cf54%2Cf55%2Cf56%2Cf57%2Cf58%2Cf59%2Cf60%2Cf61&ut=bd1d9ddb04089700cf9c27f6f7426281&klt=30&fqt=1&secid=116.09988&beg=0&end=20500000 (Caused by SSLError(SSLCertVerificationError(1, '[SSL: CERTIFICATE_VERIFY_FAILED] certificate verify failed: self-signed certificate in certificate chain (_ssl.c:1081)')))
等待 26.4 秒后重试...
获取港股 30m 数据失败 9988.HK (尝试 5/5): HTTPSConnectionPool(host='push2his.eastmoney.com', port=443): Max retries exceeded with url: /api/qt/stock/kline/get?fields1=f1%2Cf2%2Cf3%2Cf4%2Cf5%2Cf6&fields2=f51%2Cf52%2Cf53%2Cf54%2Cf55%2Cf56%2Cf57%2Cf58%2Cf59%2Cf60%2Cf61&ut=bd1d9ddb04089700cf9c27f6f7426281&klt=30&fqt=1&secid=116.09988&beg=0&end=20500000 (Caused by SSLError(SSLCertVerificationError(1, '[SSL: CERTIFICATE_VERIFY_FAILED] certificate verify failed: self-signed certificate in certificate chain (_ssl.c:1081)')))
获取港股 30m 数据失败 0700.HK (尝试 1/5): HTTPSConnectionPool(host='push2his.eastmoney.com', port=443): Max retries exceeded with url: /api/qt/stock/kline/get?fields1=f1%2Cf2%2Cf3%2Cf4%2Cf5%2Cf6&fields2=f51%2Cf52%2Cf53%2Cf54%2Cf55%2Cf56%2Cf57%2Cf58%2Cf59%2Cf60%2Cf61&ut=bd1d9ddb04089700cf9c27f6f7426281&klt=30&fqt=1&secid=116.00700&beg=0&end=20500000 (Caused by SSLError(SSLCertVerificationError(1, '[SSL: CERTIFICATE_VERIFY_FAILED] certificate verify failed: self-signed certificate in certificate chain (_ssl.c:1081)')))
等待 4.2 秒后重试...
获取港股 30m 数据失败 0700.HK (尝试 2/5): HTTPSConnectionPool(host='push2his.eastmoney.com', port=443): Max retries exceeded with url: /api/qt/stock/kline/get?fields1=f1%2Cf2%2Cf3%2Cf4%2Cf5%2Cf6&fields2=f51%2Cf52%2Cf53%2Cf54%2Cf55%2Cf56%2Cf57%2Cf58%2Cf59%2Cf60%2Cf61&ut=bd1d9ddb04089700cf9c27f6f7426281&klt=30&fqt=1&secid=116.00700&beg=0&end=20500000 (Caused by SSLError(SSLCertVerificationError(1, '[SSL: CERTIFICATE_VERIFY_FAILED] certificate verify failed: self-signed certificate in certificate chain (_ssl.c:1081)')))
等待 7.8 秒后重试...
获取港股 30m 数据失败 0700.HK (尝试 3/5): HTTPSConnectionPool(host='push2his.eastmoney.com', port=443): Max retries exceeded with url: /api/qt/stock/kline/get?fields1=f1%2Cf2%2Cf3%2Cf4%2Cf5%2Cf6&fields2=f51%2Cf52%2Cf53%2Cf54%2Cf55%2Cf56%2Cf57%2Cf58%2Cf59%2Cf60%2Cf61&ut=bd1d9ddb04089700cf9c27f6f7426281&klt=30&fqt=1&secid=116.00700&beg=0&end=20500000 (Caused by SSLError(SSLCertVerificationError(1, '[SSL: CERTIFICATE_VERIFY_FAILED] certificate verify failed: self-signed certificate in certificate chain (_ssl.c:1081)')))
等待 13.6 秒后重试...
获取港股 30m 数据失败 0700.HK (尝试 4/5): HTTPSConnectionPool(host='push2his.eastmoney.com', port=443): Max retries exceeded with url: /api/qt/stock/kline/get?fields1=f1%2Cf2%2Cf3%2Cf4%2Cf5%2Cf6&fields2=f51%2Cf52%2Cf53%2Cf54%2Cf55%2Cf56%2Cf57%2Cf58%2Cf59%2Cf60%2Cf61&ut=bd1d9ddb04089700cf9c27f6f7426281&klt=30&fqt=1&secid=116.00700&beg=0&end=20500000 (Caused by SSLError(SSLCertVerificationError(1, '[SSL: CERTIFICATE_VERIFY_FAILED] certificate verify failed: self-signed certificate in certificate chain (_ssl.c:1081)')))
等待 25.1 秒后重试...
获取港股 30m 数据失败 0700.HK (尝试 5/5): HTTPSConnectionPool(host='push2his.eastmoney.com', port=443): Max retries exceeded with url: /api/qt/stock/kline/get?fields1=f1%2Cf2%2Cf3%2Cf4%2Cf5%2Cf6&fields2=f51%2Cf52%2Cf53%2Cf54%2Cf55%2Cf56%2Cf57%2Cf58%2Cf59%2Cf60%2Cf61&ut=bd1d9ddb04089700cf9c27f6f7426281&klt=30&fqt=1&secid=116.00700&beg=0&end=20500000 (Caused by SSLError(SSLCertVerificationError(1, '[SSL: CERTIFICATE_VERIFY_FAILED] certificate verify failed: self-signed certificate in certificate chain (_ssl.c:1081)')))
akshare 获取失败 600519.SH: HTTPSConnectionPool(host='quotes.sina.cn', port=443): Max retries exceeded with url: /cn/api/jsonp_v2.php/=/CN_MarketDataService.getKLineData?symbol=sh600519&scale=30&ma=no&datalen=1970 (Caused by SSLError(SSLCertVerificationError(1, '[SSL: CERTIFICATE_VERIFY_FAILED] certificate verify failed: self-signed certificate in certificate chain (_ssl.c:1081)')))

╔══════════════════════════════════════════════════════════╗
║           股票监控系统 - 30 分钟级别                         ║
║           数据源: AKShare (实时刷新)                        ║
╚══════════════════════════════════════════════════════════╝
    
✓ 邮件通知已配置
已添加通知渠道：console
未配置通知渠道，使用控制台输出
============================================================
股票监控任务 - 2026-04-01 11:30:05
数据源: AKShare (30 分钟级别)
============================================================

[1/7] 爱尔眼科 (300015.SZ)...
  ✓ 价格: 9.60 | 时间: 2026-04-01 10:30:00
  🟢 信号: 买入 (评分: 2.5)

[2/7] 汇川技术 (300124.SZ)...
  ✓ 价格: 67.38 | 时间: 2026-03-30 15:00:00
  🔴 信号: 卖出 (评分: -4.0)

[3/7] 保利发展 (600048.SH)...
  ✓ 价格: 5.84 | 时间: 2026-03-30 15:00:00
  🟢 信号: 买入 (评分: 1.5)

[4/7] 美团-W (3690.HK)...
  ✓ 价格: 84.10 | 时间: 2026-03-30 16:00:00
  🔴 信号: 卖出 (评分: -2.5)

[5/7] 阿里巴巴-W (9988.HK)...
  ✓ 价格: 120.50 | 时间: 2026-03-30 16:00:00
  🟢 信号: 买入 (评分: 3.0)

[6/7] 腾讯控股 (0700.HK)...
  ✓ 价格: 481.20 | 时间: 2026-03-30 16:00:00
  🟢 信号: 强烈买入 (评分: 5.5)

[7/7] 贵州茅台 (600519.SH)...
  ✓ 价格: 1420.00 | 时间: 2026-03-30 15:00:00
  🟢 信号: 买入 (评分: 1.0)

============================================================
发送邮件通知...
  发现 7 个重要信号，发送汇总邮件...
  发送邮件... (尝试 1/3)
✓ 邮件已发送：交易信号提醒 - 2026-04-01 11:33 - 5只买入, 2只卖出信号

============================================================
监控汇总
============================================================
总计：7 只股票
买入：5 | 卖出：2 | 持有：0
  🟢 爱尔眼科: 买入 (9.60)
  🔴 汇川技术: 卖出 (67.38)
  🟢 保利发展: 买入 (5.84)
  🔴 美团-W: 卖出 (84.10)
  🟢 阿里巴巴-W: 买入 (120.50)
  🟢 腾讯控股: 强烈买入 (481.20)
  🟢 贵州茅台: 买入 (1420.00)

╔══════════════════════════════════════════════════════════╗
║           股票监控系统 - 30 分钟级别                         ║
║           数据源: AKShare (实时刷新)                        ║
╚══════════════════════════════════════════════════════════╝
    
✓ 邮件通知已配置
已添加通知渠道：console
未配置通知渠道，使用控制台输出
============================================================
股票监控任务 - 2026-04-01 12:00:06
数据源: AKShare (30 分钟级别)
============================================================

[1/7] 爱尔眼科 (300015.SZ)...
Traceback (most recent call last):
  File "/Users/foleydang/github/stock-quant/stock-quant/python/strategy/email_monitor.py", line 201, in <module>
    main()
    ~~~~^^
  File "/Users/foleydang/github/stock-quant/stock-quant/python/strategy/email_monitor.py", line 195, in main
    result = monitor.run(send_email=send_email)
  File "/Users/foleydang/github/stock-quant/stock-quant/python/strategy/email_monitor.py", line 91, in run
    print(f"  ✓ 价格: {latest_price:.2f} | 时间: {latest_time}")
                      ^^^^^^^^^^^^^^^^^^
ValueError: Unknown format code 'f' for object of type 'str'

╔══════════════════════════════════════════════════════════╗
║           股票监控系统 - 30 分钟级别                         ║
║           数据源: AKShare (实时刷新)                        ║
╚══════════════════════════════════════════════════════════╝
    
✓ 邮件通知已配置
已添加通知渠道：console
未配置通知渠道，使用控制台输出
============================================================
股票监控任务 - 2026-04-01 12:30:04
数据源: AKShare (30 分钟级别)
============================================================

[1/7] 爱尔眼科 (300015.SZ)...
Traceback (most recent call last):
  File "/Users/foleydang/github/stock-quant/stock-quant/python/strategy/email_monitor.py", line 201, in <module>
    main()
    ~~~~^^
  File "/Users/foleydang/github/stock-quant/stock-quant/python/strategy/email_monitor.py", line 195, in main
    result = monitor.run(send_email=send_email)
  File "/Users/foleydang/github/stock-quant/stock-quant/python/strategy/email_monitor.py", line 91, in run
    print(f"  ✓ 价格: {latest_price:.2f} | 时间: {latest_time}")
                      ^^^^^^^^^^^^^^^^^^
ValueError: Unknown format code 'f' for object of type 'str'

╔══════════════════════════════════════════════════════════╗
║           股票监控系统 - 30 分钟级别                         ║
║           数据源: AKShare (实时刷新)                        ║
╚══════════════════════════════════════════════════════════╝
    
✓ 邮件通知已配置
已添加通知渠道：console
未配置通知渠道，使用控制台输出
============================================================
股票监控任务 - 2026-04-01 13:00:04
数据源: AKShare (30 分钟级别)
============================================================

[1/7] 爱尔眼科 (300015.SZ)...
Traceback (most recent call last):
  File "/Users/foleydang/github/stock-quant/stock-quant/python/strategy/email_monitor.py", line 201, in <module>
    main()
    ~~~~^^
  File "/Users/foleydang/github/stock-quant/stock-quant/python/strategy/email_monitor.py", line 195, in main
    result = monitor.run(send_email=send_email)
  File "/Users/foleydang/github/stock-quant/stock-quant/python/strategy/email_monitor.py", line 91, in run
    print(f"  ✓ 价格: {latest_price:.2f} | 时间: {latest_time}")
                      ^^^^^^^^^^^^^^^^^^
ValueError: Unknown format code 'f' for object of type 'str'

╔══════════════════════════════════════════════════════════╗
║           股票监控系统 - 30 分钟级别                         ║
║           数据源: AKShare (实时刷新)                        ║
╚══════════════════════════════════════════════════════════╝
    
✓ 邮件通知已配置
已添加通知渠道：console
未配置通知渠道，使用控制台输出
============================================================
股票监控任务 - 2026-04-01 13:30:05
数据源: AKShare (30 分钟级别)
============================================================

[1/7] 爱尔眼科 (300015.SZ)...
Traceback (most recent call last):
  File "/Users/foleydang/github/stock-quant/stock-quant/python/strategy/email_monitor.py", line 201, in <module>
    main()
    ~~~~^^
  File "/Users/foleydang/github/stock-quant/stock-quant/python/strategy/email_monitor.py", line 195, in main
    result = monitor.run(send_email=send_email)
  File "/Users/foleydang/github/stock-quant/stock-quant/python/strategy/email_monitor.py", line 91, in run
    print(f"  ✓ 价格: {latest_price:.2f} | 时间: {latest_time}")
                      ^^^^^^^^^^^^^^^^^^
ValueError: Unknown format code 'f' for object of type 'str'

╔══════════════════════════════════════════════════════════╗
║           股票监控系统 - 30 分钟级别                         ║
║           数据源: AKShare (实时刷新)                        ║
╚══════════════════════════════════════════════════════════╝
    
✓ 邮件通知已配置
已添加通知渠道：console
未配置通知渠道，使用控制台输出
============================================================
股票监控任务 - 2026-04-01 14:00:05
数据源: AKShare (30 分钟级别)
============================================================

[1/7] 爱尔眼科 (300015.SZ)...
Traceback (most recent call last):
  File "/Users/foleydang/github/stock-quant/stock-quant/python/strategy/email_monitor.py", line 201, in <module>
    main()
    ~~~~^^
  File "/Users/foleydang/github/stock-quant/stock-quant/python/strategy/email_monitor.py", line 195, in main
    result = monitor.run(send_email=send_email)
  File "/Users/foleydang/github/stock-quant/stock-quant/python/strategy/email_monitor.py", line 91, in run
    print(f"  ✓ 价格: {latest_price:.2f} | 时间: {latest_time}")
                      ^^^^^^^^^^^^^^^^^^
ValueError: Unknown format code 'f' for object of type 'str'

╔══════════════════════════════════════════════════════════╗
║           股票监控系统 - 30 分钟级别                         ║
║           数据源: AKShare (实时刷新)                        ║
╚══════════════════════════════════════════════════════════╝
    
✓ 邮件通知已配置
已添加通知渠道：console
未配置通知渠道，使用控制台输出
============================================================
股票监控任务 - 2026-04-01 14:30:06
数据源: AKShare (30 分钟级别)
============================================================

[1/7] 爱尔眼科 (300015.SZ)...
Traceback (most recent call last):
  File "/Users/foleydang/github/stock-quant/stock-quant/python/strategy/email_monitor.py", line 201, in <module>
    main()
    ~~~~^^
  File "/Users/foleydang/github/stock-quant/stock-quant/python/strategy/email_monitor.py", line 195, in main
    result = monitor.run(send_email=send_email)
  File "/Users/foleydang/github/stock-quant/stock-quant/python/strategy/email_monitor.py", line 91, in run
    print(f"  ✓ 价格: {latest_price:.2f} | 时间: {latest_time}")
                      ^^^^^^^^^^^^^^^^^^
ValueError: Unknown format code 'f' for object of type 'str'

╔══════════════════════════════════════════════════════════╗
║           股票监控系统 - 30 分钟级别                         ║
║           数据源: AKShare (实时刷新)                        ║
╚══════════════════════════════════════════════════════════╝
    
✓ 邮件通知已配置
已添加通知渠道：console
未配置通知渠道，使用控制台输出
============================================================
股票监控任务 - 2026-04-01 15:00:05
数据源: AKShare (30 分钟级别)
============================================================

[1/7] 爱尔眼科 (300015.SZ)...
Traceback (most recent call last):
  File "/Users/foleydang/github/stock-quant/stock-quant/python/strategy/email_monitor.py", line 201, in <module>
    main()
    ~~~~^^
  File "/Users/foleydang/github/stock-quant/stock-quant/python/strategy/email_monitor.py", line 195, in main
    result = monitor.run(send_email=send_email)
  File "/Users/foleydang/github/stock-quant/stock-quant/python/strategy/email_monitor.py", line 91, in run
    print(f"  ✓ 价格: {latest_price:.2f} | 时间: {latest_time}")
                      ^^^^^^^^^^^^^^^^^^
ValueError: Unknown format code 'f' for object of type 'str'

╔══════════════════════════════════════════════════════════╗
║           股票监控系统 - 30 分钟级别                         ║
║           数据源: AKShare (实时刷新)                        ║
╚══════════════════════════════════════════════════════════╝
    
✓ 邮件通知已配置
已添加通知渠道：console
未配置通知渠道，使用控制台输出
============================================================
股票监控任务 - 2026-04-01 15:30:05
数据源: AKShare (30 分钟级别)
============================================================

[1/7] 爱尔眼科 (300015.SZ)...
Traceback (most recent call last):
  File "/Users/foleydang/github/stock-quant/stock-quant/python/strategy/email_monitor.py", line 201, in <module>
    main()
    ~~~~^^
  File "/Users/foleydang/github/stock-quant/stock-quant/python/strategy/email_monitor.py", line 195, in main
    result = monitor.run(send_email=send_email)
  File "/Users/foleydang/github/stock-quant/stock-quant/python/strategy/email_monitor.py", line 91, in run
    print(f"  ✓ 价格: {latest_price:.2f} | 时间: {latest_time}")
                      ^^^^^^^^^^^^^^^^^^
ValueError: Unknown format code 'f' for object of type 'str'

╔══════════════════════════════════════════════════════════╗
║           股票监控系统 - 30 分钟级别                         ║
║           数据源: AKShare (实时刷新)                        ║
╚══════════════════════════════════════════════════════════╝
    
✓ 邮件通知已配置
已添加通知渠道：console
未配置通知渠道，使用控制台输出
============================================================
股票监控任务 - 2026-04-02 10:30:05
数据源: AKShare (30 分钟级别)
============================================================

[1/7] 爱尔眼科 (300015.SZ)...
Traceback (most recent call last):
  File "/Users/foleydang/github/stock-quant/stock-quant/python/strategy/email_monitor.py", line 201, in <module>
    main()
    ~~~~^^
  File "/Users/foleydang/github/stock-quant/stock-quant/python/strategy/email_monitor.py", line 195, in main
    result = monitor.run(send_email=send_email)
  File "/Users/foleydang/github/stock-quant/stock-quant/python/strategy/email_monitor.py", line 91, in run
    print(f"  ✓ 价格: {latest_price:.2f} | 时间: {latest_time}")
                      ^^^^^^^^^^^^^^^^^^
ValueError: Unknown format code 'f' for object of type 'str'
/opt/homebrew/Cellar/python@3.14/3.14.3_1/Frameworks/Python.framework/Versions/3.14/Resources/Python.app/Contents/MacOS/Python: can't open file '/Users/foleydang/github/stock-quant/stock-quant/python/strategy/email_monitor.py': [Errno 2] No such file or directory
/opt/homebrew/Cellar/python@3.14/3.14.3_1/Frameworks/Python.framework/Versions/3.14/Resources/Python.app/Contents/MacOS/Python: can't open file '/Users/foleydang/github/stock-quant/stock-quant/python/strategy/email_monitor.py': [Errno 2] No such file or directory
/opt/homebrew/Cellar/python@3.14/3.14.3_1/Frameworks/Python.framework/Versions/3.14/Resources/Python.app/Contents/MacOS/Python: can't open file '/Users/foleydang/github/stock-quant/stock-quant/python/strategy/email_monitor.py': [Errno 2] No such file or directory
/opt/homebrew/Cellar/python@3.14/3.14.3_1/Frameworks/Python.framework/Versions/3.14/Resources/Python.app/Contents/MacOS/Python: can't open file '/Users/foleydang/github/stock-quant/stock-quant/python/strategy/email_monitor.py': [Errno 2] No such file or directory
/opt/homebrew/Cellar/python@3.14/3.14.3_1/Frameworks/Python.framework/Versions/3.14/Resources/Python.app/Contents/MacOS/Python: can't open file '/Users/foleydang/github/stock-quant/stock-quant/python/strategy/email_monitor.py': [Errno 2] No such file or directory
/opt/homebrew/Cellar/python@3.14/3.14.3_1/Frameworks/Python.framework/Versions/3.14/Resources/Python.app/Contents/MacOS/Python: can't open file '/Users/foleydang/github/stock-quant/stock-quant/python/strategy/email_monitor.py': [Errno 2] No such file or directory
/opt/homebrew/Cellar/python@3.14/3.14.3_1/Frameworks/Python.framework/Versions/3.14/Resources/Python.app/Contents/MacOS/Python: can't open file '/Users/foleydang/github/stock-quant/stock-quant/python/strategy/email_monitor.py': [Errno 2] No such file or directory
/opt/homebrew/Cellar/python@3.14/3.14.3_1/Frameworks/Python.framework/Versions/3.14/Resources/Python.app/Contents/MacOS/Python: can't open file '/Users/foleydang/github/stock-quant/stock-quant/python/strategy/email_monitor.py': [Errno 2] No such file or directory
