date,open,high,low,close,volume
2025-03-25 14:30:00,43.780,44.100,43.730,43.780,1859037
2025-03-25 15:00:00,43.800,43.970,43.410,43.880,5488304
2025-03-26 10:00:00,43.970,45.530,43.890,45.000,13439157
2025-03-26 10:30:00,45.000,45.200,44.650,44.800,3737060
2025-03-26 11:00:00,44.810,44.960,44.670,44.820,1379863
2025-03-26 11:30:00,44.750,44.850,44.580,44.670,1130424
2025-03-26 13:30:00,44.690,44.690,44.300,44.350,1631252
2025-03-26 14:00:00,44.350,44.420,44.220,44.380,1330783
2025-03-26 14:30:00,44.370,44.470,44.190,44.360,2252678
2025-03-26 15:00:00,44.370,44.550,44.230,44.310,3770400
2025-03-27 10:00:00,44.500,44.930,43.700,44.210,7315925
2025-03-27 10:30:00,44.200,44.410,43.510,43.660,2880237
2025-03-27 11:00:00,43.660,44.260,43.600,43.920,2010900
2025-03-27 11:30:00,43.920,44.220,43.880,43.920,1110000
2025-03-27 13:30:00,43.920,43.960,43.520,43.620,2159836
2025-03-27 14:00:00,43.580,43.670,43.300,43.330,2686276
2025-03-27 14:30:00,43.330,43.470,43.100,43.210,2881900
2025-03-27 15:00:00,43.210,43.430,43.010,43.110,3735602
2025-03-28 10:00:00,43.050,44.870,43.050,43.920,12980399
2025-03-28 10:30:00,43.910,44.030,43.400,43.470,2632416
2025-03-28 11:00:00,43.480,43.500,43.170,43.380,1702117
2025-03-28 11:30:00,43.380,43.520,43.150,43.210,1170848
2025-03-28 13:30:00,43.200,43.230,42.900,42.930,1668800
2025-03-28 14:00:00,42.930,43.400,42.920,43.370,1349138
2025-03-28 14:30:00,43.370,43.450,43.110,43.320,2000481
2025-03-28 15:00:00,43.310,43.430,43.070,43.070,3645542
2025-03-31 10:00:00,42.630,43.590,41.910,43.380,7819875
2025-03-31 10:30:00,43.350,43.380,42.310,42.310,2677171
2025-03-31 11:00:00,42.310,42.470,41.960,42.090,2574184
2025-03-31 11:30:00,42.100,42.200,41.890,42.000,1726162
2025-03-31 13:30:00,41.990,43.360,41.950,43.170,4272596
2025-03-31 14:00:00,43.200,43.630,42.860,43.450,4600400
2025-03-31 14:30:00,43.450,44.790,43.210,44.180,11279592
2025-03-31 15:00:00,44.180,44.360,44.020,44.150,6876430
2025-04-01 10:00:00,44.280,44.580,43.700,44.050,9040974
2025-04-01 10:30:00,44.010,44.260,43.800,43.960,3294978
2025-04-01 11:00:00,43.950,44.000,43.720,43.780,2090600
2025-04-01 11:30:00,43.790,44.070,43.600,43.830,2120208
2025-04-01 13:30:00,43.830,43.880,43.400,43.430,2220595
2025-04-01 14:00:00,43.430,43.800,43.300,43.660,1628513
2025-04-01 14:30:00,43.660,43.740,43.400,43.700,1347369
2025-04-01 15:00:00,43.690,43.850,43.390,43.390,2358452
2025-04-02 10:00:00,43.600,44.300,43.410,43.770,7654545
2025-04-02 10:30:00,43.770,44.030,43.620,43.800,2469189
2025-04-02 11:00:00,43.790,44.200,43.660,44.170,2083300
2025-04-02 11:30:00,44.150,44.390,43.900,43.910,2596927
2025-04-02 13:30:00,43.930,44.000,43.760,43.870,1299704
2025-04-02 14:00:00,43.860,43.880,43.610,43.680,1505862
2025-04-02 14:30:00,43.670,43.770,43.560,43.680,1167797
2025-04-02 15:00:00,43.680,43.760,43.620,43.640,2489465
2025-04-03 10:00:00,42.700,44.270,42.700,43.450,6662739
2025-04-03 10:30:00,43.450,43.710,43.150,43.320,2302434
2025-04-03 11:00:00,43.320,43.370,42.630,42.680,2451152
2025-04-03 11:30:00,42.680,42.810,42.580,42.630,1663544
2025-04-03 13:30:00,42.630,42.690,42.330,42.500,1741286
2025-04-03 14:00:00,42.490,43.120,42.400,42.850,1902800
2025-04-03 14:30:00,42.850,42.970,42.550,42.820,1455426
2025-04-03 15:00:00,42.850,42.940,42.550,42.650,2418804
2025-04-07 10:00:00,38.410,40.120,38.390,38.390,8144932
2025-04-07 10:30:00,38.390,38.390,38.390,38.390,1153000
2025-04-07 11:00:00,38.390,38.390,38.390,38.390,240300
2025-04-07 11:30:00,38.390,38.390,38.390,38.390,44700
2025-04-07 13:30:00,38.390,38.390,38.390,38.390,86300
2025-04-07 14:00:00,38.390,38.390,38.390,38.390,50000
2025-04-07 14:30:00,38.390,38.390,38.390,38.390,32000
2025-04-07 15:00:00,38.390,38.390,38.390,38.390,109200
2025-04-08 10:00:00,36.360,37.920,35.000,35.590,16701891
2025-04-08 10:30:00,35.650,35.800,35.110,35.320,4256648
2025-04-08 11:00:00,35.300,35.550,35.180,35.320,2239288
2025-04-08 11:30:00,35.330,35.560,35.230,35.410,2096583
2025-04-08 13:30:00,35.380,35.460,34.550,34.550,3828750
2025-04-08 14:00:00,34.550,34.550,34.550,34.550,738500
2025-04-08 14:30:00,34.550,34.550,34.550,34.550,539000
2025-04-08 15:00:00,34.550,35.450,34.550,35.190,8736384
2025-04-09 10:00:00,34.200,35.420,31.980,35.340,14708619
2025-04-09 10:30:00,35.340,36.260,35.090,35.870,8342047
2025-04-09 11:00:00,35.850,36.370,35.480,36.190,3732080
2025-04-09 11:30:00,36.190,36.190,35.640,36.060,2280667
2025-04-09 13:30:00,35.730,36.210,35.700,36.150,1997081
2025-04-09 14:00:00,36.130,36.650,36.050,36.400,3679667
2025-04-09 14:30:00,36.400,37.160,36.170,36.940,4741998
2025-04-09 15:00:00,36.940,37.140,36.600,36.670,4091350
2025-04-10 10:00:00,38.510,39.720,38.500,39.340,18146613
2025-04-10 10:30:00,39.330,39.930,38.880,39.360,5894688
2025-04-10 11:00:00,39.360,39.650,39.110,39.130,3989307
2025-04-10 11:30:00,39.130,39.230,38.740,38.820,1984755
2025-04-10 13:30:00,38.810,38.870,38.430,38.800,2652340
2025-04-10 14:00:00,38.800,39.100,38.700,38.790,2386148
2025-04-10 14:30:00,38.800,39.000,38.750,38.760,1817679
2025-04-10 15:00:00,38.760,38.960,38.550,38.700,3278699
2025-04-11 10:00:00,38.180,39.050,38.130,38.440,6533108
2025-04-11 10:30:00,38.440,38.800,38.000,38.600,2968038
2025-04-11 11:00:00,38.630,38.960,38.480,38.490,2004199
2025-04-11 11:30:00,38.490,38.830,38.480,38.700,1162752
2025-04-11 13:30:00,38.690,41.600,38.680,41.010,13614249
2025-04-11 14:00:00,41.010,42.420,40.900,41.680,9685104
2025-04-11 14:30:00,41.700,41.840,41.150,41.210,2880723
2025-04-11 15:00:00,41.210,41.680,41.070,41.250,4208187
2025-04-14 10:00:00,41.560,41.830,40.360,41.100,13246914
2025-04-14 10:30:00,41.100,41.570,41.010,41.240,4561803
2025-04-14 11:00:00,41.230,42.000,41.230,41.810,3688395
2025-04-14 11:30:00,41.810,42.100,41.620,41.720,2979199
2025-04-14 13:30:00,41.720,41.830,41.100,41.250,3351976
2025-04-14 14:00:00,41.250,41.410,41.050,41.180,2272972
2025-04-14 14:30:00,41.180,41.520,41.060,41.090,2035237
2025-04-14 15:00:00,41.100,41.300,41.030,41.200,2833647
2025-04-15 10:00:00,41.220,41.690,40.000,40.240,7982972
2025-04-15 10:30:00,40.240,40.600,40.010,40.090,2486451
2025-04-15 11:00:00,40.090,40.390,39.880,40.310,2824775
2025-04-15 11:30:00,40.340,40.500,39.950,40.070,1216630
2025-04-15 13:30:00,40.070,40.120,39.600,40.060,2899790
2025-04-15 14:00:00,40.060,40.800,39.900,40.180,1894852
2025-04-15 14:30:00,40.180,40.400,40.090,40.190,968426
2025-04-15 15:00:00,40.190,40.450,40.140,40.320,2238818
2025-04-16 10:00:00,39.400,39.880,38.260,38.370,12346495
2025-04-16 10:30:00,38.370,38.600,38.200,38.500,3425033
2025-04-16 11:00:00,38.500,38.580,37.930,37.960,4302009
2025-04-16 11:30:00,37.970,38.000,37.440,37.500,3686954
2025-04-16 13:30:00,37.570,38.500,37.410,38.040,3411632
2025-04-16 14:00:00,38.070,38.370,37.840,37.980,1737100
2025-04-16 14:30:00,37.980,38.310,37.910,38.210,1693953
2025-04-16 15:00:00,38.200,38.400,38.000,38.400,3432645
2025-04-17 10:00:00,38.580,40.600,38.360,40.220,13359834
2025-04-17 10:30:00,40.230,40.420,39.700,39.780,3851446
2025-04-17 11:00:00,39.780,39.800,39.230,39.310,1969600
2025-04-17 11:30:00,39.330,39.640,39.170,39.440,1846028
2025-04-17 13:30:00,39.450,40.270,39.450,40.080,3282486
2025-04-17 14:00:00,40.090,40.200,39.900,40.010,1809336
2025-04-17 14:30:00,40.010,40.100,39.850,39.940,1618297
2025-04-17 15:00:00,39.940,40.000,39.720,39.810,2802777
2025-04-18 10:00:00,39.590,40.500,39.250,40.070,6233866
2025-04-18 10:30:00,40.070,40.200,39.650,39.850,1712093
2025-04-18 11:00:00,39.860,39.980,39.530,39.550,927787
2025-04-18 11:30:00,39.550,39.730,39.420,39.530,923825
2025-04-18 13:30:00,39.540,39.680,39.360,39.510,1034036
2025-04-18 14:00:00,39.510,39.870,39.430,39.810,1057100
2025-04-18 14:30:00,39.790,39.810,39.460,39.490,916300
2025-04-18 15:00:00,39.490,39.560,39.350,39.350,2071279
2025-04-21 10:00:00,39.280,40.330,38.760,39.710,5997999
2025-04-21 10:30:00,39.710,40.300,39.680,40.060,2384792
2025-04-21 11:00:00,40.060,40.450,40.010,40.290,2494383
2025-04-21 11:30:00,40.280,40.350,39.970,40.320,1393637
2025-04-21 13:30:00,40.320,40.620,40.170,40.550,2480900
2025-04-21 14:00:00,40.560,40.880,40.360,40.650,2430478
2025-04-21 14:30:00,40.640,40.950,40.600,40.890,2398054
2025-04-21 15:00:00,40.870,41.160,40.860,41.080,3989346
2025-04-22 10:00:00,41.000,41.050,39.410,39.800,8087442
2025-04-22 10:30:00,39.800,39.970,39.600,39.690,2126308
2025-04-22 11:00:00,39.680,39.710,39.120,39.320,2955312
2025-04-22 11:30:00,39.340,39.340,39.160,39.230,1145104
2025-04-22 13:30:00,39.250,39.430,39.010,39.170,1890836
2025-04-22 14:00:00,39.170,39.340,39.090,39.120,1759051
2025-04-22 14:30:00,39.130,39.200,38.870,38.920,3475434
2025-04-22 15:00:00,38.930,38.980,38.700,38.800,3930343
2025-04-23 10:00:00,39.390,39.590,38.870,39.410,5783623
2025-04-23 10:30:00,39.410,39.490,38.950,39.050,1849753
2025-04-23 11:00:00,39.050,39.100,38.950,38.980,932703
2025-04-23 11:30:00,39.010,39.360,38.920,39.230,1813461
2025-04-23 13:30:00,39.230,40.160,39.180,39.730,5009749
2025-04-23 14:00:00,39.730,39.790,39.500,39.560,1685536
2025-04-23 14:30:00,39.560,39.570,39.250,39.320,1737710
2025-04-23 15:00:00,39.330,39.550,39.330,39.390,2344109
2025-04-24 10:00:00,38.910,39.500,37.480,37.780,11236128
2025-04-24 10:30:00,37.790,37.960,37.400,37.430,4943386
2025-04-24 11:00:00,37.440,37.510,37.070,37.300,3947875
2025-04-24 11:30:00,37.290,37.300,37.030,37.090,2000099
2025-04-24 13:30:00,37.090,37.420,36.960,37.400,2538736
2025-04-24 14:00:00,37.400,37.510,37.200,37.200,1987177
2025-04-24 14:30:00,37.210,37.250,37.020,37.040,1574800
2025-04-24 15:00:00,37.040,37.200,36.970,37.190,2839975
2025-04-25 10:00:00,37.380,38.680,37.190,38.010,7926860
2025-04-25 10:30:00,38.010,38.360,37.890,38.090,2041264
2025-04-25 11:00:00,38.090,38.680,38.090,38.450,4245141
2025-04-25 11:30:00,38.450,39.070,38.420,38.640,3846350
2025-04-25 13:30:00,38.630,38.680,38.330,38.380,1538558
2025-04-25 14:00:00,38.380,38.430,38.210,38.210,1340188
2025-04-25 14:30:00,38.210,38.320,38.010,38.270,1637300
2025-04-25 15:00:00,38.260,38.300,38.100,38.100,2121857
2025-04-28 10:00:00,39.300,41.810,39.300,40.680,21241335
2025-04-28 10:30:00,40.670,41.000,40.360,40.810,4232136
2025-04-28 11:00:00,40.810,41.300,40.700,40.730,3100616
2025-04-28 11:30:00,40.720,40.870,40.530,40.750,1834043
2025-04-28 13:30:00,40.750,41.710,40.730,41.630,5916869
2025-04-28 14:00:00,41.630,41.660,40.970,41.000,1786544
2025-04-28 14:30:00,41.010,41.090,40.860,40.870,2091852
2025-04-28 15:00:00,40.870,41.190,40.800,40.970,4617883
2025-04-29 10:00:00,40.960,41.520,40.310,41.110,10037652
2025-04-29 10:30:00,41.110,41.770,40.900,41.220,5358797
2025-04-29 11:00:00,41.210,41.380,41.060,41.090,2113503
2025-04-29 11:30:00,41.100,41.370,40.950,40.980,1684315
2025-04-29 13:30:00,41.000,41.260,40.880,41.050,1742700
2025-04-29 14:00:00,41.050,41.160,40.900,41.090,1929800
2025-04-29 14:30:00,41.090,41.300,40.940,40.940,2485200
2025-04-29 15:00:00,40.950,41.050,40.900,41.030,5276200
2025-04-30 10:00:00,41.260,42.150,40.700,41.590,9131472
2025-04-30 10:30:00,41.600,42.060,41.500,41.820,4179825
2025-04-30 11:00:00,41.830,41.960,41.600,41.880,3052361
2025-04-30 11:30:00,41.870,42.200,41.700,42.000,4012044
2025-04-30 13:30:00,41.990,42.800,41.750,42.640,6845739
2025-04-30 14:00:00,42.650,42.880,42.540,42.840,3419508
2025-04-30 14:30:00,42.860,43.100,42.760,43.020,3784365
2025-04-30 15:00:00,43.030,43.080,42.610,42.650,6225404
2025-05-06 10:00:00,44.000,44.870,43.430,44.670,18987141
2025-05-06 10:30:00,44.740,44.770,44.160,44.250,5587534
2025-05-06 11:00:00,44.260,44.680,44.140,44.380,2896297
2025-05-06 11:30:00,44.380,44.420,44.020,44.100,1825864
2025-05-06 13:30:00,44.110,44.510,43.700,44.440,3727130
2025-05-06 14:00:00,44.450,44.700,44.240,44.570,2447094
2025-05-06 14:30:00,44.570,44.570,44.120,44.230,1053000
2025-05-06 15:00:00,44.230,44.760,44.130,44.700,4962951
2025-05-07 10:00:00,45.200,45.310,43.100,43.970,15097661
2025-05-07 10:30:00,43.970,44.160,43.620,43.890,4428944
2025-05-07 11:00:00,43.790,44.270,43.690,44.220,2140516
2025-05-07 11:30:00,44.220,45.000,44.090,44.220,3448692
2025-05-07 13:30:00,44.220,44.220,43.770,44.020,1555037
2025-05-07 14:00:00,44.010,44.090,43.830,43.860,1028800
2025-05-07 14:30:00,43.830,43.960,43.700,43.920,1437861
2025-05-07 15:00:00,43.910,44.530,43.880,44.470,3259486
2025-05-08 10:00:00,44.470,45.380,44.030,44.600,5762310
2025-05-08 10:30:00,44.560,44.660,44.250,44.380,2335916
2025-05-08 11:00:00,44.390,44.820,44.100,44.730,2841200
2025-05-08 11:30:00,44.730,44.810,44.250,44.280,1327600
2025-05-08 13:30:00,44.270,44.490,44.050,44.130,1819170
2025-05-08 14:00:00,44.140,44.200,44.040,44.080,1171600
2025-05-08 14:30:00,44.080,44.180,44.000,44.110,1460437
2025-05-08 15:00:00,44.110,44.500,43.980,44.070,2548453
2025-05-09 10:00:00,44.000,44.000,42.680,43.120,7730412
2025-05-09 10:30:00,43.130,43.420,42.790,42.890,2873538
2025-05-09 11:00:00,42.860,42.900,42.450,42.530,3237661
2025-05-09 11:30:00,42.530,42.700,42.490,42.550,1265674
2025-05-09 13:30:00,42.550,42.920,42.490,42.840,1476836
2025-05-09 14:00:00,42.850,43.100,42.810,43.080,1532436
2025-05-09 14:30:00,43.090,43.120,42.660,42.690,1430987
2025-05-09 15:00:00,42.690,42.760,42.550,42.630,3373100
2025-05-12 10:00:00,42.830,43.800,42.820,43.140,6596836
2025-05-12 10:30:00,43.130,43.600,42.960,43.150,2245200
2025-05-12 11:00:00,43.150,43.390,43.020,43.310,1222800
2025-05-12 11:30:00,43.310,43.550,43.220,43.250,1080053
2025-05-12 13:30:00,43.250,43.710,43.250,43.450,2096103
2025-05-12 14:00:00,43.430,43.800,43.360,43.660,1503640
2025-05-12 14:30:00,43.660,44.600,43.650,44.400,4736627
2025-05-12 15:00:00,44.400,44.550,44.190,44.300,4405219
2025-05-13 10:00:00,45.290,46.400,44.600,45.590,14663767
2025-05-13 10:30:00,45.600,46.390,45.380,45.910,6550356
2025-05-13 11:00:00,45.920,46.080,45.650,45.960,2092995
2025-05-13 11:30:00,45.950,46.040,45.700,45.720,1244489
2025-05-13 13:30:00,45.720,45.750,44.390,44.580,5005420
2025-05-13 14:00:00,44.590,44.760,44.490,44.730,1366910
2025-05-13 14:30:00,44.720,44.780,44.430,44.490,1948042
2025-05-13 15:00:00,44.470,44.760,44.280,44.690,3158529
2025-05-14 10:00:00,45.200,45.470,44.300,44.990,8062820
2025-05-14 10:30:00,45.000,45.040,44.390,44.400,4016500
2025-05-14 11:00:00,44.410,44.460,44.050,44.100,2110241
2025-05-14 11:30:00,44.100,44.140,43.810,43.940,1963400
2025-05-14 13:30:00,43.940,43.980,43.420,43.830,3123171
2025-05-14 14:00:00,43.830,44.790,43.780,44.210,2490831
2025-05-14 14:30:00,44.200,44.320,43.880,44.160,2024982
2025-05-14 15:00:00,44.160,44.400,44.050,44.400,2287669
2025-05-15 10:00:00,43.010,43.010,41.020,41.160,15208999
2025-05-15 10:30:00,41.150,41.330,40.910,40.990,6995308
2025-05-15 11:00:00,40.990,41.100,40.520,40.870,6183434
2025-05-15 11:30:00,40.870,40.880,40.350,40.440,2834343
2025-05-15 13:30:00,40.430,40.800,40.350,40.390,2894795
2025-05-15 14:00:00,40.390,40.500,40.340,40.450,1888471
2025-05-15 14:30:00,40.450,40.890,40.430,40.710,1937400
2025-05-15 15:00:00,40.700,40.710,40.100,40.530,4533081
2025-05-16 10:00:00,39.930,41.080,39.650,40.880,7091338
2025-05-16 10:30:00,40.880,40.930,40.200,40.410,2583082
2025-05-16 11:00:00,40.410,40.600,40.370,40.390,1167036
2025-05-16 11:30:00,40.390,40.530,40.330,40.490,851800
2025-05-16 13:30:00,40.490,40.730,40.390,40.560,1551318
2025-05-16 14:00:00,40.570,40.750,40.450,40.520,1605800
2025-05-16 14:30:00,40.520,40.520,40.320,40.400,1134135
2025-05-16 15:00:00,40.400,40.460,40.280,40.360,2032636
2025-05-19 10:00:00,39.960,40.350,39.180,39.200,6278892
2025-05-19 10:30:00,39.210,39.450,39.150,39.320,1970842
2025-05-19 11:00:00,39.340,39.820,39.300,39.720,950500
2025-05-19 11:30:00,39.730,39.820,39.500,39.630,794250
2025-05-19 13:30:00,39.630,40.120,39.590,39.760,843734
2025-05-19 14:00:00,39.760,39.860,39.500,39.760,1300650
2025-05-19 14:30:00,39.770,40.000,39.750,39.830,994112
2025-05-19 15:00:00,39.840,39.960,39.790,39.940,1734967
2025-05-20 10:00:00,39.750,40.150,39.200,40.130,3750220
2025-05-20 10:30:00,40.140,40.400,40.010,40.090,2616735
2025-05-20 11:00:00,40.090,40.250,40.020,40.120,1036755
2025-05-20 11:30:00,40.110,40.400,40.060,40.370,871300
2025-05-20 13:30:00,40.380,40.680,40.130,40.150,1775600
2025-05-20 14:00:00,40.150,40.160,39.900,39.980,1256450
2025-05-20 14:30:00,40.000,40.090,39.890,39.940,942489
2025-05-20 15:00:00,39.950,40.140,39.940,40.040,1380788
2025-05-21 10:00:00,39.680,40.000,39.500,39.600,3459200
2025-05-21 10:30:00,39.610,39.800,39.360,39.790,1585768
2025-05-21 11:00:00,39.790,39.920,39.610,39.700,1098432
2025-05-21 11:30:00,39.700,39.810,39.600,39.790,524000
2025-05-21 13:30:00,39.780,39.950,39.660,39.760,748500
2025-05-21 14:00:00,39.750,39.800,39.600,39.610,632000
2025-05-21 14:30:00,39.610,39.800,39.530,39.600,786500
2025-05-21 15:00:00,39.600,39.800,39.580,39.690,1555086
2025-05-22 10:00:00,39.760,40.580,39.200,40.310,7675252
2025-05-22 10:30:00,40.310,40.330,39.800,39.810,1904340
2025-05-22 11:00:00,39.820,39.870,39.560,39.570,1175357
2025-05-22 11:30:00,39.570,40.020,39.530,39.960,1207500
2025-05-22 13:30:00,39.920,40.020,39.750,39.810,1269300
2025-05-22 14:00:00,39.780,39.900,39.560,39.750,901800
2025-05-22 14:30:00,39.770,39.790,39.620,39.680,665700
2025-05-22 15:00:00,39.680,39.720,39.280,39.350,2330078
2025-05-23 10:00:00,39.300,39.440,38.770,39.150,3953801
2025-05-23 10:30:00,39.100,39.450,39.000,39.260,1456600
2025-05-23 11:00:00,39.260,39.360,39.000,39.280,1074577
2025-05-23 11:30:00,39.280,39.440,39.000,39.160,893800
2025-05-23 13:30:00,39.160,39.200,38.950,38.950,901880
2025-05-23 14:00:00,38.950,39.050,38.810,38.810,1184100
2025-05-23 14:30:00,38.820,38.820,38.450,38.470,3301397
2025-05-23 15:00:00,38.460,38.470,38.300,38.370,3094096
2025-05-26 10:00:00,38.370,38.630,38.250,38.400,2547666
2025-05-26 10:30:00,38.430,38.930,38.390,38.800,1394100
2025-05-26 11:00:00,38.820,38.830,38.460,38.460,738800
2025-05-26 11:30:00,38.460,38.560,38.240,38.280,780916
2025-05-26 13:30:00,38.290,38.560,38.190,38.490,852236
2025-05-26 14:00:00,38.480,38.800,38.450,38.790,1283898
2025-05-26 14:30:00,38.790,39.300,38.740,39.080,2534600
2025-05-26 15:00:00,39.050,39.150,38.990,39.060,1586021
2025-05-27 10:00:00,39.100,39.180,38.420,38.760,2701536
2025-05-27 10:30:00,38.760,38.900,38.620,38.720,1066400
2025-05-27 11:00:00,38.720,38.720,38.510,38.530,997632
2025-05-27 11:30:00,38.530,38.600,38.400,38.440,777668
2025-05-27 13:30:00,38.460,38.710,38.310,38.340,823600
2025-05-27 14:00:00,38.340,38.400,38.120,38.250,1178300
2025-05-27 14:30:00,38.250,38.470,38.120,38.220,1130180
2025-05-27 15:00:00,38.230,38.250,38.140,38.240,1256827
2025-05-28 10:00:00,38.630,39.290,38.400,39.100,3447132
2025-05-28 10:30:00,39.090,40.600,39.070,40.100,12779011
2025-05-28 11:00:00,40.100,40.100,39.700,40.000,2172084
2025-05-28 11:30:00,40.020,40.220,39.560,39.560,2028600
2025-05-28 13:30:00,39.560,39.610,39.200,39.300,1622100
2025-05-28 14:00:00,39.300,39.790,39.290,39.360,996701
2025-05-28 14:30:00,39.360,39.570,39.210,39.340,1421889
2025-05-28 15:00:00,39.340,39.930,39.310,39.720,3598258
2025-05-29 10:00:00,39.210,39.600,38.890,39.380,5687479
2025-05-29 10:30:00,39.380,39.800,39.350,39.600,2569400
2025-05-29 11:00:00,39.610,39.830,39.540,39.690,1986310
2025-05-29 11:30:00,39.690,39.720,39.310,39.470,1179600
2025-05-29 13:30:00,39.470,39.650,39.420,39.590,855500
2025-05-29 14:00:00,39.580,39.690,39.490,39.580,1030300
2025-05-29 14:30:00,39.610,39.610,39.370,39.410,1665572
2025-05-29 15:00:00,39.410,39.460,39.320,39.460,2823577
2025-05-30 10:00:00,38.900,39.190,38.100,38.100,5051066
2025-05-30 10:30:00,38.110,38.360,38.060,38.220,1185396
2025-05-30 11:00:00,38.200,38.380,38.100,38.140,1008953
2025-05-30 11:30:00,38.150,38.280,37.810,37.900,1833700
2025-05-30 13:30:00,37.900,38.150,37.870,38.100,1156877
2025-05-30 14:00:00,38.100,38.200,38.020,38.030,643900
2025-05-30 14:30:00,38.060,38.150,37.930,37.980,1023262
2025-05-30 15:00:00,37.980,38.140,37.970,38.000,1280899
2025-06-03 10:00:00,37.670,38.730,37.610,38.260,3557452
2025-06-03 10:30:00,38.260,38.340,37.960,37.990,1639700
2025-06-03 11:00:00,37.990,38.090,37.890,38.000,923136
2025-06-03 11:30:00,38.000,38.110,37.970,38.060,380900
2025-06-03 13:30:00,38.050,38.090,37.900,37.940,498200
2025-06-03 14:00:00,37.940,38.000,37.810,37.910,887100
2025-06-03 14:30:00,37.910,37.950,37.740,37.880,800600
2025-06-03 15:00:00,37.880,37.900,37.790,37.830,1397358
2025-06-04 10:00:00,38.000,38.970,37.790,38.630,5856807
2025-06-04 10:30:00,38.630,39.240,38.610,39.090,4182636
2025-06-04 11:00:00,39.090,39.240,38.900,38.990,1466600
2025-06-04 11:30:00,38.990,39.000,38.800,38.910,817400
2025-06-04 13:30:00,38.910,38.950,38.720,38.890,977300
2025-06-04 14:00:00,38.880,38.900,38.760,38.780,809000
2025-06-04 14:30:00,38.780,38.810,38.690,38.700,749700
2025-06-04 15:00:00,38.700,38.720,38.550,38.600,1767167
2025-06-05 10:00:00,39.080,39.080,38.430,39.030,3073200
2025-06-05 10:30:00,39.020,39.410,38.880,39.350,3226067
2025-06-05 11:00:00,39.350,39.430,39.170,39.270,2605100
2025-06-05 11:30:00,39.270,40.180,39.180,40.110,5027899
2025-06-05 13:30:00,40.110,42.460,40.100,42.460,17829667
2025-06-05 14:00:00,42.460,42.460,42.460,42.460,1577391
2025-06-05 14:30:00,42.460,42.460,42.460,42.460,578500
2025-06-05 15:00:00,42.460,42.460,42.460,42.460,1197073
2025-06-06 10:00:00,42.970,44.100,42.340,43.550,23098294
2025-06-06 10:30:00,43.540,43.930,43.110,43.410,5197530
2025-06-06 11:00:00,43.400,43.580,43.250,43.340,2161891
2025-06-06 11:30:00,43.340,44.000,43.150,43.970,4617311
2025-06-06 13:30:00,43.980,44.000,43.390,43.500,2279900
2025-06-06 14:00:00,43.500,43.500,43.200,43.260,2207472
2025-06-06 14:30:00,43.260,43.870,43.190,43.400,2544127
2025-06-06 15:00:00,43.390,43.740,43.370,43.500,3520136
2025-06-09 10:00:00,43.500,44.240,42.750,43.140,13378166
2025-06-09 10:30:00,43.140,43.560,42.980,43.070,4569275
2025-06-09 11:00:00,43.070,43.490,43.010,43.080,2408900
2025-06-09 11:30:00,43.090,43.360,43.000,43.160,1805700
2025-06-09 13:30:00,43.160,44.880,43.150,43.920,10179074
2025-06-09 14:00:00,43.920,44.300,43.660,44.060,2699016
2025-06-09 14:30:00,44.050,44.390,43.860,44.160,2216347
2025-06-09 15:00:00,44.160,44.490,44.150,44.420,4497465
2025-06-10 10:00:00,44.000,44.260,42.800,42.900,9051006
2025-06-10 10:30:00,42.900,43.150,42.550,43.050,3287766
2025-06-10 11:00:00,43.080,43.090,42.770,42.790,1261000
2025-06-10 11:30:00,42.780,43.420,42.770,42.950,1535100
2025-06-10 13:30:00,42.950,43.080,42.230,42.260,4860807
2025-06-10 14:00:00,42.270,42.760,42.210,42.610,2446506
2025-06-10 14:30:00,42.620,42.890,42.480,42.770,1480497
2025-06-10 15:00:00,42.760,42.860,42.620,42.700,2105744
2025-06-11 10:00:00,42.800,43.090,42.230,42.960,4754943
2025-06-11 10:30:00,42.970,43.970,42.810,43.190,5515542
2025-06-11 11:00:00,43.190,43.370,42.900,42.930,2438300
2025-06-11 11:30:00,42.920,43.190,42.870,43.170,971881
2025-06-11 13:30:00,43.170,43.370,42.920,42.950,1348300
2025-06-11 14:00:00,42.950,43.460,42.780,42.940,1645800
2025-06-11 14:30:00,42.970,43.110,42.800,43.090,1186200
2025-06-11 15:00:00,43.080,43.100,42.790,42.820,2146561
2025-06-12 10:00:00,42.290,43.240,41.720,42.650,6107894
2025-06-12 10:30:00,42.650,43.250,42.580,43.100,3185494
2025-06-12 11:00:00,43.090,43.550,42.940,43.200,3514561
2025-06-12 11:30:00,43.200,43.300,43.070,43.110,1067500
2025-06-12 13:30:00,43.120,43.230,42.500,42.800,1478100
2025-06-12 14:00:00,42.800,42.860,42.350,42.550,2792794
2025-06-12 14:30:00,42.560,42.630,42.250,42.360,1947052
2025-06-12 15:00:00,42.360,42.570,42.280,42.380,1958052
2025-06-13 10:00:00,41.970,43.490,41.850,42.230,4543997
2025-06-13 10:30:00,42.230,42.540,42.160,42.340,1769384
2025-06-13 11:00:00,42.340,42.450,41.720,41.830,2275400
2025-06-13 11:30:00,41.850,42.000,41.730,41.940,1284136
2025-06-13 13:30:00,41.940,42.490,41.560,42.250,1854200
2025-06-13 14:00:00,42.240,42.560,42.210,42.330,1677138
2025-06-13 14:30:00,42.330,42.770,42.310,42.620,1849600
2025-06-13 15:00:00,42.600,42.630,42.340,42.400,2090326
2025-06-16 10:00:00,42.000,43.770,41.860,43.450,7629932
2025-06-16 10:30:00,43.440,43.710,43.320,43.630,3762640
2025-06-16 11:00:00,43.630,43.870,43.480,43.650,2860836
2025-06-16 11:30:00,43.650,43.990,43.620,43.660,2786000
2025-06-16 13:30:00,43.660,43.700,43.330,43.410,1651784
2025-06-16 14:00:00,43.400,43.550,43.210,43.260,1213925
2025-06-16 14:30:00,43.250,43.410,43.200,43.300,993300
2025-06-16 15:00:00,43.280,43.380,43.210,43.360,2186800
2025-06-17 10:00:00,43.870,43.890,42.800,42.850,4741284
2025-06-17 10:30:00,42.850,42.940,42.330,42.340,2853300
2025-06-17 11:00:00,42.320,42.350,41.900,41.980,3017106
2025-06-17 11:30:00,41.980,42.200,41.910,41.920,1661436
2025-06-17 13:30:00,41.920,41.970,40.850,41.000,5018785
2025-06-17 14:00:00,41.010,41.010,40.500,40.730,5307301
2025-06-17 14:30:00,40.730,40.750,40.480,40.540,3480884
2025-06-17 15:00:00,40.540,40.890,40.500,40.880,3287521
2025-06-18 10:00:00,40.690,41.850,40.470,41.000,4354660
2025-06-18 10:30:00,40.990,41.370,40.760,41.220,1855600
2025-06-18 11:00:00,41.210,41.530,41.000,41.380,2149501
2025-06-18 11:30:00,41.380,41.680,41.100,41.140,1595000
2025-06-18 13:30:00,41.130,42.000,41.000,41.840,4153103
2025-06-18 14:00:00,41.840,42.000,41.400,41.430,2263400
2025-06-18 14:30:00,41.430,41.580,41.330,41.350,1291700
2025-06-18 15:00:00,41.380,41.410,41.100,41.120,2354229
2025-06-19 10:00:00,41.120,42.150,41.030,41.250,4385800
2025-06-19 10:30:00,41.230,41.500,41.000,41.150,1726500
2025-06-19 11:00:00,41.140,41.300,41.030,41.040,823588
2025-06-19 11:30:00,41.040,41.140,40.820,40.840,1101193
2025-06-19 13:30:00,40.820,40.840,40.500,40.760,1617314
2025-06-19 14:00:00,40.750,40.800,40.540,40.560,904486
2025-06-19 14:30:00,40.560,40.590,40.160,40.330,2193000
2025-06-19 15:00:00,40.300,40.390,40.060,40.300,2673036
2025-06-20 10:00:00,40.050,40.490,39.320,39.510,4084209
2025-06-20 10:30:00,39.550,39.650,39.020,39.190,3130682
2025-06-20 11:00:00,39.200,39.280,39.010,39.020,1601400
2025-06-20 11:30:00,39.020,39.350,38.780,39.140,2324994
2025-06-20 13:30:00,39.140,39.350,38.880,39.020,1251548
2025-06-20 14:00:00,39.020,39.150,39.000,39.040,690774
2025-06-20 14:30:00,39.040,39.050,38.880,38.890,1415426
2025-06-20 15:00:00,38.890,39.020,38.800,38.880,2604997
2025-06-23 10:00:00,38.330,39.100,38.330,38.830,2836848
2025-06-23 10:30:00,38.830,38.900,38.540,38.610,1079500
2025-06-23 11:00:00,38.610,38.780,38.510,38.620,778700
2025-06-23 11:30:00,38.610,38.700,38.410,38.590,827700
2025-06-23 13:30:00,38.600,38.840,38.510,38.680,755889
2025-06-23 14:00:00,38.690,39.080,38.600,38.920,1433600
2025-06-23 14:30:00,38.930,39.030,38.850,39.000,1162516
2025-06-23 15:00:00,39.000,39.140,39.000,39.060,1940798
2025-06-24 10:00:00,39.530,40.300,39.120,39.800,5400387
2025-06-24 10:30:00,39.820,40.200,39.770,39.990,2139400
2025-06-24 11:00:00,39.980,40.050,39.820,39.890,1356200
2025-06-24 11:30:00,39.880,40.060,39.830,40.020,777278
2025-06-24 13:30:00,40.030,40.350,39.930,40.150,2404550
2025-06-24 14:00:00,40.150,40.160,39.820,39.900,1417300
2025-06-24 14:30:00,39.880,40.010,39.820,39.970,766900
2025-06-24 15:00:00,39.950,40.120,39.930,40.030,1696205
2025-06-25 10:00:00,40.030,43.110,40.030,42.120,14749509
2025-06-25 10:30:00,42.120,42.180,41.520,41.610,4015100
2025-06-25 11:00:00,41.620,41.900,41.460,41.530,1844800
2025-06-25 11:30:00,41.520,41.650,41.380,41.510,1113000
2025-06-25 13:30:00,41.510,41.720,41.410,41.630,1283338
2025-06-25 14:00:00,41.630,41.850,41.590,41.800,1281900
2025-06-25 14:30:00,41.800,42.150,41.660,42.040,1791861
2025-06-25 15:00:00,42.040,42.100,41.900,42.080,3262187
2025-06-26 10:00:00,41.700,42.320,41.380,42.060,6361385
2025-06-26 10:30:00,42.060,42.180,41.700,41.730,2418943
2025-06-26 11:00:00,41.740,42.170,41.730,42.040,1265744
2025-06-26 11:30:00,42.050,42.550,41.900,42.290,2749718
2025-06-26 13:30:00,42.290,42.580,42.180,42.210,2585100
2025-06-26 14:00:00,42.200,42.210,41.900,41.960,1526700
2025-06-26 14:30:00,41.960,42.090,41.880,41.910,1190258
2025-06-26 15:00:00,41.930,41.930,41.800,41.880,1918289
2025-06-27 10:00:00,41.800,42.230,40.850,42.010,7115967
2025-06-27 10:30:00,42.040,42.660,41.930,42.130,3293628
2025-06-27 11:00:00,42.130,42.800,42.130,42.730,3237125
2025-06-27 11:30:00,42.730,43.150,42.620,43.120,3547752
2025-06-27 13:30:00,43.120,43.150,42.500,42.520,2410900
2025-06-27 14:00:00,42.510,42.700,42.310,42.430,2045599
2025-06-27 14:30:00,42.420,42.830,42.350,42.430,2499100
2025-06-27 15:00:00,42.420,42.450,42.300,42.370,3061227
2025-06-30 10:00:00,42.620,43.350,42.620,42.990,5771450
2025-06-30 10:30:00,42.970,43.090,42.700,43.080,2817808
2025-06-30 11:00:00,43.080,43.250,43.010,43.090,2729800
2025-06-30 11:30:00,43.120,43.120,42.890,42.990,1217652
2025-06-30 13:30:00,43.000,43.340,42.950,43.090,1979261
2025-06-30 14:00:00,43.050,43.100,42.500,42.610,2568000
2025-06-30 14:30:00,42.610,42.790,42.550,42.640,2033000
2025-06-30 15:00:00,42.630,42.800,42.600,42.680,2329436
2025-07-01 10:00:00,42.740,42.740,41.780,41.880,4826171
2025-07-01 10:30:00,41.890,41.990,41.730,41.980,2464396
2025-07-01 11:00:00,41.950,41.980,41.640,41.770,1628981
2025-07-01 11:30:00,41.760,41.800,41.500,41.670,1306111
2025-07-01 13:30:00,41.680,41.880,41.600,41.820,1305300
2025-07-01 14:00:00,41.810,41.900,41.800,41.800,882500
2025-07-01 14:30:00,41.800,41.850,41.510,41.650,1814861
2025-07-01 15:00:00,41.640,41.740,41.580,41.670,1536910
2025-07-02 10:00:00,41.630,41.630,40.800,41.060,3314287
2025-07-02 10:30:00,41.060,41.270,40.940,41.170,1069100
2025-07-02 11:00:00,41.170,41.190,40.910,41.030,770436
2025-07-02 11:30:00,41.030,41.150,40.950,41.080,528300
2025-07-02 13:30:00,41.080,41.120,40.730,40.770,1564937
2025-07-02 14:00:00,40.770,40.830,40.500,40.570,1785800
2025-07-02 14:30:00,40.570,40.740,40.400,40.670,1492382
2025-07-02 15:00:00,40.680,40.820,40.650,40.730,1736246
2025-07-03 10:00:00,40.700,41.090,40.580,40.790,2217582
2025-07-03 10:30:00,40.790,40.880,40.340,40.430,1686350
2025-07-03 11:00:00,40.480,40.530,40.100,40.130,1770216
2025-07-03 11:30:00,40.130,40.270,40.080,40.180,1286035
2025-07-03 13:30:00,40.210,40.320,39.910,40.200,2640056
2025-07-03 14:00:00,40.200,40.450,40.010,40.400,2099585
2025-07-03 14:30:00,40.400,40.430,40.090,40.170,1404000
2025-07-03 15:00:00,40.190,40.250,39.970,39.990,4211019
2025-07-04 10:00:00,40.060,41.900,39.950,41.190,11689432
2025-07-04 10:30:00,41.200,41.760,40.880,41.070,4202600
2025-07-04 11:00:00,41.090,41.480,40.980,41.180,1773600
2025-07-04 11:30:00,41.180,41.500,41.090,41.390,1023800
2025-07-04 13:30:00,41.400,41.740,41.310,41.580,2862877
2025-07-04 14:00:00,41.580,41.620,41.070,41.080,1720100
2025-07-04 14:30:00,41.080,41.090,40.770,40.860,1800600
2025-07-04 15:00:00,40.860,40.950,40.780,40.810,1759721
2025-07-07 10:00:00,40.200,41.360,39.600,39.780,6309683
2025-07-07 10:30:00,39.780,40.210,39.760,39.940,1438400
2025-07-07 11:00:00,39.950,40.030,39.600,39.880,2562296
2025-07-07 11:30:00,39.860,39.880,39.690,39.850,717214
2025-07-07 13:30:00,39.850,39.860,39.630,39.820,1122180
2025-07-07 14:00:00,39.820,39.870,39.660,39.670,1286500
2025-07-07 14:30:00,39.670,39.780,39.470,39.720,2750800
2025-07-07 15:00:00,39.730,39.750,39.560,39.640,2446672
2025-07-08 10:00:00,39.800,39.960,39.170,39.710,4569580
2025-07-08 10:30:00,39.700,39.900,39.560,39.770,2195108
2025-07-08 11:00:00,39.760,39.880,39.600,39.740,1624849
2025-07-08 11:30:00,39.730,40.120,39.730,40.010,1865870
2025-07-08 13:30:00,40.000,40.190,39.900,39.960,1680700
2025-07-08 14:00:00,39.970,40.300,39.950,40.250,1659539
2025-07-08 14:30:00,40.230,40.470,40.180,40.340,2096100
2025-07-08 15:00:00,40.350,40.460,40.240,40.450,2387877
2025-07-09 10:00:00,40.300,40.300,39.760,40.050,5103499
2025-07-09 10:30:00,40.050,40.140,39.850,40.020,1552610
2025-07-09 11:00:00,40.010,40.090,39.830,39.840,1592841
2025-07-09 11:30:00,39.840,39.850,39.560,39.650,2997900
2025-07-09 13:30:00,39.660,39.990,39.610,39.760,1238800
2025-07-09 14:00:00,39.750,39.860,39.680,39.740,945500
2025-07-09 14:30:00,39.740,39.790,39.560,39.560,1642600
2025-07-09 15:00:00,39.570,39.660,39.400,39.610,2829975
2025-07-10 10:00:00,39.500,39.610,38.810,39.330,3852554
2025-07-10 10:30:00,39.330,39.380,39.050,39.150,1305500
2025-07-10 11:00:00,39.170,39.200,38.950,39.030,1455500
2025-07-10 11:30:00,39.040,39.110,38.970,39.080,974200
2025-07-10 13:30:00,39.090,39.360,39.080,39.260,1089725
2025-07-10 14:00:00,39.260,39.460,39.180,39.430,1327836
2025-07-10 14:30:00,39.430,39.670,39.310,39.320,1950335
2025-07-10 15:00:00,39.330,39.410,39.290,39.410,1558234
2025-07-11 10:00:00,39.240,39.420,38.830,39.230,3411225
2025-07-11 10:30:00,39.230,39.450,39.050,39.370,1966796
2025-07-11 11:00:00,39.360,39.510,39.250,39.260,1421364
2025-07-11 11:30:00,39.260,39.500,39.150,39.450,1096500
2025-07-11 13:30:00,39.440,39.680,39.150,39.450,3417053
2025-07-11 14:00:00,39.450,39.650,39.450,39.490,1658259
2025-07-11 14:30:00,39.480,39.680,39.450,39.560,1668278
2025-07-11 15:00:00,39.560,39.650,39.410,39.510,2089161
2025-07-14 10:00:00,40.020,40.900,40.020,40.340,7285538
2025-07-14 10:30:00,40.340,40.700,40.060,40.410,4187736
2025-07-14 11:00:00,40.410,40.490,40.160,40.250,1245500
2025-07-14 11:30:00,40.230,40.450,40.150,40.200,993000
2025-07-14 13:30:00,40.190,40.600,40.180,40.310,1385316
2025-07-14 14:00:00,40.310,40.340,40.130,40.180,891784
2025-07-14 14:30:00,40.180,40.410,40.150,40.350,1301300
2025-07-14 15:00:00,40.350,40.480,40.250,40.270,2033091
2025-07-15 10:00:00,40.500,43.330,40.500,42.710,24831457
2025-07-15 10:30:00,42.710,43.760,42.300,43.700,10029590
2025-07-15 11:00:00,43.700,44.300,43.210,44.300,12376615
2025-07-15 11:30:00,44.300,44.300,43.010,43.100,6770529
2025-07-15 13:30:00,43.100,43.490,43.080,43.150,2436607
2025-07-15 14:00:00,43.150,43.150,42.710,42.950,2627883
2025-07-15 14:30:00,42.950,43.140,42.900,42.940,1890970
2025-07-15 15:00:00,42.940,43.370,42.930,43.070,4233781
2025-07-16 10:00:00,43.080,44.400,42.880,43.940,19348261
2025-07-16 10:30:00,43.930,44.150,43.690,43.820,5995682
2025-07-16 11:00:00,43.810,43.880,43.370,43.700,3883677
2025-07-16 11:30:00,43.730,43.730,43.330,43.440,2127136
2025-07-16 13:30:00,43.440,43.660,43.320,43.580,3910935
2025-07-16 14:00:00,43.580,43.780,43.110,43.210,3042629
2025-07-16 14:30:00,43.200,43.590,43.150,43.390,2175008
2025-07-16 15:00:00,43.390,43.530,43.200,43.360,3086058
2025-07-17 10:00:00,42.640,43.270,42.160,43.270,7374608
2025-07-17 10:30:00,43.260,43.440,42.800,42.950,2677700
2025-07-17 11:00:00,42.950,43.220,42.940,43.030,1552435
2025-07-17 11:30:00,43.030,43.150,43.000,43.090,1150000
2025-07-17 13:30:00,43.090,44.020,43.030,43.450,5824100
2025-07-17 14:00:00,43.450,43.790,43.430,43.700,1832921
2025-07-17 14:30:00,43.710,44.130,43.620,43.880,3821560
2025-07-17 15:00:00,43.890,43.920,43.790,43.890,3133372
2025-07-18 10:00:00,44.300,44.380,43.510,43.780,6995251
2025-07-18 10:30:00,43.790,44.250,43.630,44.130,3811536
2025-07-18 11:00:00,44.130,44.180,43.820,44.030,2225244
2025-07-18 11:30:00,44.030,44.190,43.780,43.800,2015978
2025-07-18 13:30:00,43.810,43.820,43.430,43.500,2467300
2025-07-18 14:00:00,43.500,43.550,43.230,43.330,1859900
2025-07-18 14:30:00,43.350,43.390,43.080,43.090,2062800
2025-07-18 15:00:00,43.100,43.320,43.080,43.210,2627109
2025-07-21 10:00:00,43.210,43.400,42.220,42.280,7639700
2025-07-21 10:30:00,42.290,42.530,42.200,42.300,3053226
2025-07-21 11:00:00,42.300,42.340,42.100,42.250,2519274
2025-07-21 11:30:00,42.280,42.280,41.890,42.070,2287494
2025-07-21 13:30:00,42.070,42.270,41.950,42.020,1403742
2025-07-21 14:00:00,42.030,42.180,42.000,42.050,1145300
2025-07-21 14:30:00,42.050,42.170,42.050,42.090,1381200
2025-07-21 15:00:00,42.100,42.140,42.020,42.140,2892381
2025-07-22 10:00:00,41.960,42.130,41.700,41.930,4214336
2025-07-22 10:30:00,41.930,42.080,41.410,41.510,4021600
2025-07-22 11:00:00,41.510,41.730,41.450,41.640,1863861
2025-07-22 11:30:00,41.640,41.750,41.510,41.530,1542730
2025-07-22 13:30:00,41.530,41.600,41.400,41.570,1901306
2025-07-22 14:00:00,41.580,41.590,41.410,41.440,1497046
2025-07-22 14:30:00,41.420,41.490,41.270,41.480,2050934
2025-07-22 15:00:00,41.480,41.570,41.440,41.560,2096970
2025-07-23 10:00:00,41.580,41.580,41.140,41.390,4039389
2025-07-23 10:30:00,41.390,41.600,41.250,41.350,1994100
2025-07-23 11:00:00,41.340,41.560,41.320,41.340,1199300
2025-07-23 11:30:00,41.330,41.940,41.310,41.880,2075400
2025-07-23 13:30:00,41.880,42.030,41.680,41.780,3602640
2025-07-23 14:00:00,41.790,41.800,41.550,41.610,1752600
2025-07-23 14:30:00,41.610,41.640,41.350,41.450,1792570
2025-07-23 15:00:00,41.440,41.580,41.360,41.440,2397672
2025-07-24 10:00:00,41.550,41.770,41.280,41.690,3580000
2025-07-24 10:30:00,41.680,41.690,41.480,41.530,1696300
2025-07-24 11:00:00,41.540,41.570,41.400,41.520,1647154
2025-07-24 11:30:00,41.500,41.550,41.440,41.490,824795
2025-07-24 13:30:00,41.490,41.540,41.410,41.440,1694000
2025-07-24 14:00:00,41.460,41.680,41.400,41.460,3056379
2025-07-24 14:30:00,41.450,41.610,41.450,41.570,1459700
2025-07-24 15:00:00,41.580,41.680,41.490,41.670,3531825
2025-07-25 10:00:00,41.850,41.850,41.450,41.650,3501063
2025-07-25 10:30:00,41.640,41.940,41.600,41.830,2760600
2025-07-25 11:00:00,41.830,41.980,41.600,41.710,3010216
2025-07-25 11:30:00,41.700,41.890,41.620,41.870,1283061
2025-07-25 13:30:00,41.870,42.120,41.800,41.890,2604500
2025-07-25 14:00:00,41.880,41.960,41.800,41.890,1510732
2025-07-25 14:30:00,41.890,42.120,41.890,42.040,2711686
2025-07-25 15:00:00,42.030,42.530,42.030,42.500,6480293
2025-07-28 10:00:00,42.900,43.130,42.290,42.890,7688868
2025-07-28 10:30:00,42.870,42.940,42.700,42.760,2412640
2025-07-28 11:00:00,42.750,42.850,42.610,42.770,1536336
2025-07-28 11:30:00,42.770,42.820,42.350,42.420,1504432
2025-07-28 13:30:00,42.410,42.490,42.300,42.360,1726340
2025-07-28 14:00:00,42.360,42.600,42.330,42.370,1244300
2025-07-28 14:30:00,42.360,42.380,42.010,42.060,2706188
2025-07-28 15:00:00,42.060,42.400,42.050,42.360,2098672
2025-07-29 10:00:00,42.000,42.000,40.890,41.010,7967647
2025-07-29 10:30:00,41.010,41.110,40.680,41.050,5570567
2025-07-29 11:00:00,41.060,41.190,40.920,41.120,1349668
2025-07-29 11:30:00,41.120,41.440,41.040,41.310,1362758
2025-07-29 13:30:00,41.300,42.730,41.270,42.390,5992863
2025-07-29 14:00:00,42.380,42.500,42.110,42.360,1692300
2025-07-29 14:30:00,42.360,42.490,42.300,42.460,1531149
2025-07-29 15:00:00,42.460,42.710,42.460,42.700,3266107
2025-07-30 10:00:00,42.300,42.370,41.420,41.550,6713120
2025-07-30 10:30:00,41.550,41.640,41.350,41.470,2576295
2025-07-30 11:00:00,41.470,41.730,41.460,41.630,1255952
2025-07-30 11:30:00,41.630,41.660,41.480,41.490,872800
2025-07-30 13:30:00,41.490,41.500,41.310,41.410,1605789
2025-07-30 14:00:00,41.400,41.530,41.290,41.450,1671754
2025-07-30 14:30:00,41.430,41.440,41.130,41.400,1953859
2025-07-30 15:00:00,41.390,41.430,41.190,41.200,1998447
2025-07-31 10:00:00,41.000,43.050,41.000,42.700,17018867
2025-07-31 10:30:00,42.690,42.980,42.390,42.590,4260942
2025-07-31 11:00:00,42.600,43.050,42.580,42.980,4836393
2025-07-31 11:30:00,42.990,43.100,42.890,43.040,3155525
2025-07-31 13:30:00,43.050,43.390,42.780,42.780,3881719
2025-07-31 14:00:00,42.780,42.840,42.490,42.540,2437368
2025-07-31 14:30:00,42.540,42.540,41.870,41.950,3459400
2025-07-31 15:00:00,41.940,42.250,41.890,42.250,2882382
2025-08-01 10:00:00,42.440,42.800,41.610,41.980,6263923
2025-08-01 10:30:00,41.980,42.170,41.740,41.820,2465057
2025-08-01 11:00:00,41.810,41.820,40.800,40.990,6509330
2025-08-01 11:30:00,40.990,41.270,40.880,41.050,2603612
2025-08-01 13:30:00,41.070,42.400,41.050,41.130,3300100
2025-08-01 14:00:00,41.140,41.300,40.820,41.010,3866316
2025-08-01 14:30:00,41.020,41.200,40.930,41.200,2225100
2025-08-01 15:00:00,41.190,41.290,41.050,41.100,2819633
2025-08-04 10:00:00,40.620,42.470,40.440,41.700,9615009
2025-08-04 10:30:00,41.700,41.930,41.630,41.890,1597194
2025-08-04 11:00:00,41.900,42.300,41.660,42.060,2944346
2025-08-04 11:30:00,42.060,42.070,41.730,41.800,776300
2025-08-04 13:30:00,41.750,43.000,41.740,42.620,8657822
2025-08-04 14:00:00,42.630,42.700,42.350,42.350,1731500
2025-08-04 14:30:00,42.350,42.460,42.260,42.340,1347900
2025-08-04 15:00:00,42.360,42.400,42.290,42.340,2405344
2025-08-05 10:00:00,42.310,43.080,41.630,41.650,7754477
2025-08-05 10:30:00,41.650,41.870,41.590,41.680,2604651
2025-08-05 11:00:00,41.660,41.750,41.430,41.510,2592567
2025-08-05 11:30:00,41.500,41.560,41.400,41.440,2104462
2025-08-05 13:30:00,41.440,42.030,41.310,41.820,2740281
2025-08-05 14:00:00,41.840,42.130,41.770,41.950,1588984
2025-08-05 14:30:00,41.940,42.230,41.890,42.030,1780649
2025-08-05 15:00:00,42.030,42.330,41.980,42.300,2589100
2025-08-06 10:00:00,42.190,43.780,41.880,43.000,14452205
2025-08-06 10:30:00,42.950,43.060,42.640,42.640,3648906
2025-08-06 11:00:00,42.640,42.960,42.520,42.870,1902900
2025-08-06 11:30:00,42.880,42.880,42.680,42.810,1125100
2025-08-06 13:30:00,42.820,42.900,42.650,42.670,1612165
2025-08-06 14:00:00,42.670,42.800,42.590,42.720,1586349
2025-08-06 14:30:00,42.720,42.800,42.700,42.740,1311214
2025-08-06 15:00:00,42.750,42.760,42.700,42.740,2728438
2025-08-07 10:00:00,42.740,43.330,42.550,42.990,6048570
2025-08-07 10:30:00,42.980,43.000,42.200,42.230,4668600
2025-08-07 11:00:00,42.230,42.440,42.020,42.080,2826100
2025-08-07 11:30:00,42.050,42.340,41.880,42.310,2447436
2025-08-07 13:30:00,42.310,42.420,42.000,42.020,1555100
2025-08-07 14:00:00,42.020,42.210,42.020,42.140,1271798
2025-08-07 14:30:00,42.140,42.260,42.010,42.040,1455100
2025-08-07 15:00:00,42.040,42.230,42.030,42.190,2314136
2025-08-08 10:00:00,42.200,42.880,41.380,41.560,10935432
2025-08-08 10:30:00,41.550,41.750,41.400,41.570,3409767
2025-08-08 11:00:00,41.580,41.900,41.540,41.760,1318572
2025-08-08 11:30:00,41.770,41.880,41.610,41.750,808800
2025-08-08 13:30:00,41.730,43.170,41.640,42.730,11895988
2025-08-08 14:00:00,42.730,43.160,42.690,42.690,4773697
2025-08-08 14:30:00,42.680,42.900,42.650,42.690,2312786
2025-08-08 15:00:00,42.680,42.820,42.660,42.660,3594913
2025-08-11 10:00:00,42.670,44.860,42.510,43.980,20339840
2025-08-11 10:30:00,43.980,44.490,43.860,44.050,5047003
2025-08-11 11:00:00,44.040,44.400,43.840,44.000,3240861
2025-08-11 11:30:00,43.980,44.470,43.950,44.390,3022840
2025-08-11 13:30:00,44.400,45.210,44.390,44.680,8592243
2025-08-11 14:00:00,44.680,44.740,43.860,43.980,4532836
2025-08-11 14:30:00,43.970,44.100,43.770,43.990,3043036
2025-08-11 15:00:00,43.990,44.220,43.970,44.160,3708514
2025-08-12 10:00:00,44.300,44.480,43.200,43.940,12652897
2025-08-12 10:30:00,43.920,44.590,43.880,44.260,7018607
2025-08-12 11:00:00,44.260,44.320,43.810,43.920,2951600
2025-08-12 11:30:00,43.920,44.600,43.830,44.420,3558100
2025-08-12 13:30:00,44.420,44.500,44.000,44.150,2968600
2025-08-12 14:00:00,44.140,44.320,43.890,44.040,3235716
2025-08-12 14:30:00,44.040,44.300,44.020,44.230,2948879
2025-08-12 15:00:00,44.290,44.610,44.140,44.500,7469697
2025-08-13 10:00:00,44.990,45.000,44.120,44.710,12180001
2025-08-13 10:30:00,44.660,46.240,44.520,45.750,17366315
2025-08-13 11:00:00,45.740,46.500,45.690,46.230,7817257
2025-08-13 11:30:00,46.270,46.830,46.010,46.820,4101465
2025-08-13 13:30:00,46.830,48.310,46.820,47.410,10065504
2025-08-13 14:00:00,47.410,47.560,47.010,47.200,2797294
2025-08-13 14:30:00,47.200,47.400,46.840,47.320,3852254
2025-08-13 15:00:00,47.320,48.170,47.060,47.680,5968839
2025-08-14 10:00:00,47.990,48.820,46.900,46.990,21126067
2025-08-14 10:30:00,47.000,47.620,46.800,47.030,7600982
2025-08-14 11:00:00,47.030,47.250,46.590,46.920,4959375
2025-08-14 11:30:00,46.930,47.070,46.650,46.720,2293930
2025-08-14 13:30:00,46.720,46.880,46.200,46.450,5530171
2025-08-14 14:00:00,46.450,47.100,46.420,46.750,2965505
2025-08-14 14:30:00,46.750,47.050,46.540,46.550,2856065
2025-08-14 15:00:00,46.550,46.680,46.090,46.220,5404451
2025-08-15 10:00:00,46.290,47.500,46.290,46.870,11216252
2025-08-15 10:30:00,46.870,47.330,46.650,47.210,5196948
2025-08-15 11:00:00,47.210,48.730,47.130,48.710,10157435
2025-08-15 11:30:00,48.710,48.730,47.850,48.020,6259481
2025-08-15 13:30:00,48.020,48.190,47.790,47.890,4572085
2025-08-15 14:00:00,47.880,48.030,47.680,47.980,2595875
2025-08-15 14:30:00,47.980,48.200,47.780,47.780,2475108
2025-08-15 15:00:00,47.780,48.400,47.780,48.280,5424642
2025-08-18 10:00:00,49.050,50.980,48.820,50.680,20970254
2025-08-18 10:30:00,50.680,51.410,50.480,51.210,8676249
2025-08-18 11:00:00,51.200,53.110,50.910,51.790,11060646
2025-08-18 11:30:00,51.780,52.350,51.340,52.330,2972514
2025-08-18 13:30:00,52.330,52.830,51.800,51.950,5305414
2025-08-18 14:00:00,51.930,52.160,51.200,51.400,3710254
2025-08-18 14:30:00,51.380,51.480,50.980,51.390,4155248
2025-08-18 15:00:00,51.390,52.550,51.370,52.000,5095332
2025-08-19 10:00:00,53.250,54.370,52.100,52.500,21176409
2025-08-19 10:30:00,52.500,52.700,51.440,51.510,9607032
2025-08-19 11:00:00,51.490,52.350,51.350,51.930,4564934
2025-08-19 11:30:00,51.930,53.150,51.910,52.920,3647754
2025-08-19 13:30:00,52.940,54.350,52.920,53.130,6401664
2025-08-19 14:00:00,53.130,53.130,52.150,52.660,2872744
2025-08-19 14:30:00,52.660,53.090,52.120,52.250,2507710
2025-08-19 15:00:00,52.250,53.140,52.250,52.800,4094918
2025-08-20 10:00:00,51.010,51.220,49.310,49.730,19397829
2025-08-20 10:30:00,49.760,50.150,49.500,49.530,6116812
2025-08-20 11:00:00,49.520,50.220,49.520,49.710,3748028
2025-08-20 11:30:00,49.730,49.730,48.510,48.820,7825060
2025-08-20 13:30:00,48.830,49.360,48.830,49.160,3126497
2025-08-20 14:00:00,49.170,50.200,49.000,50.020,4801162
2025-08-20 14:30:00,50.020,50.370,49.800,50.170,4149368
2025-08-20 15:00:00,50.170,50.880,50.150,50.630,5539497
2025-08-21 10:00:00,50.600,50.730,48.500,48.590,15470283
2025-08-21 10:30:00,48.580,49.400,48.500,49.280,4968638
2025-08-21 11:00:00,49.290,49.580,48.920,49.480,2564889
2025-08-21 11:30:00,49.480,49.570,49.000,49.390,1508279
2025-08-21 13:30:00,49.440,51.260,49.130,50.270,7688905
2025-08-21 14:00:00,50.280,50.500,50.120,50.360,1960937
2025-08-21 14:30:00,50.360,51.000,49.900,50.300,4639445
2025-08-21 15:00:00,50.310,50.420,49.280,50.300,4270797
2025-08-22 10:00:00,49.580,51.090,49.510,50.910,9575694
2025-08-22 10:30:00,50.890,51.190,50.540,50.630,5426162
2025-08-22 11:00:00,50.650,50.870,50.450,50.680,2670900
2025-08-22 11:30:00,50.680,50.780,50.450,50.500,2389970
2025-08-22 13:30:00,50.510,50.750,50.080,50.580,3822351
2025-08-22 14:00:00,50.570,50.660,50.260,50.360,3264639
2025-08-22 14:30:00,50.350,50.920,50.290,50.860,3736788
2025-08-22 15:00:00,50.850,52.500,50.600,52.000,13732224
2025-08-25 10:00:00,52.890,54.380,52.530,53.740,19494396
2025-08-25 10:30:00,53.740,53.880,53.400,53.680,4552353
2025-08-25 11:00:00,53.670,53.820,53.380,53.630,3500779
2025-08-25 11:30:00,53.630,53.690,52.000,52.140,7277407
2025-08-25 13:30:00,52.140,52.480,51.550,51.650,4828725
2025-08-25 14:00:00,51.660,52.310,51.650,52.000,2646916
2025-08-25 14:30:00,52.000,52.180,51.730,52.170,2365137
2025-08-25 15:00:00,52.170,52.480,51.770,51.820,4929052
2025-08-26 10:00:00,51.080,52.160,50.830,51.550,8507852
2025-08-26 10:30:00,51.550,52.260,51.300,51.760,3662004
2025-08-26 11:00:00,51.750,51.750,51.150,51.250,2277890
2025-08-26 11:30:00,51.250,51.510,51.100,51.450,1480269
2025-08-26 13:30:00,51.410,51.800,51.010,51.790,2735664
2025-08-26 14:00:00,51.790,52.990,51.560,52.600,6813523
2025-08-26 14:30:00,52.600,52.840,52.480,52.690,3057590
2025-08-26 15:00:00,52.680,52.690,51.800,51.950,4097976
2025-08-27 10:00:00,53.000,55.700,52.980,55.680,22723676
2025-08-27 10:30:00,55.680,56.290,55.160,55.530,10452068
2025-08-27 11:00:00,55.530,56.500,55.310,56.370,5966829
2025-08-27 11:30:00,56.380,56.480,55.780,56.190,2461954
2025-08-27 13:30:00,56.190,57.150,56.140,57.150,11740517
2025-08-27 14:00:00,57.150,57.150,55.450,55.730,10124975
2025-08-27 14:30:00,55.730,56.100,54.890,54.900,4608606
2025-08-27 15:00:00,54.900,55.570,54.290,54.330,6581599
2025-08-28 10:00:00,53.600,55.800,53.450,54.090,16278375
2025-08-28 10:30:00,54.080,55.900,53.930,55.740,7011133
2025-08-28 11:00:00,55.740,56.750,55.450,55.610,7405693
2025-08-28 11:30:00,55.610,56.050,55.220,55.750,3831259
2025-08-28 13:30:00,55.750,55.900,54.880,54.970,5021049
2025-08-28 14:00:00,55.010,57.000,54.960,56.150,6981006
2025-08-28 14:30:00,56.100,58.450,56.060,58.400,10055503
2025-08-28 15:00:00,58.370,58.390,57.500,57.800,5432656
2025-08-29 10:00:00,58.970,59.030,56.500,57.570,13778609
2025-08-29 10:30:00,57.540,57.650,56.390,57.000,5110896
2025-08-29 11:00:00,56.970,57.770,56.880,57.310,3827823
2025-08-29 11:30:00,57.240,57.880,57.110,57.500,3641872
2025-08-29 13:30:00,57.500,57.860,56.400,56.670,4560737
2025-08-29 14:00:00,56.670,57.100,56.100,57.100,3566670
2025-08-29 14:30:00,57.070,58.300,57.010,58.170,4099810
2025-08-29 15:00:00,58.150,58.190,56.800,57.810,4750715
2025-09-01 10:00:00,61.390,63.550,56.060,56.880,29030335
2025-09-01 10:30:00,56.880,57.960,56.560,56.820,4696137
2025-09-01 11:00:00,56.810,57.050,56.500,56.780,3211991
2025-09-01 11:30:00,56.770,57.610,56.710,57.320,3330832
2025-09-01 13:30:00,57.400,59.290,57.390,59.040,6158050
2025-09-01 14:00:00,59.030,59.120,57.500,57.920,3447003
2025-09-01 14:30:00,57.930,58.490,56.900,57.250,3864356
2025-09-01 15:00:00,57.150,57.820,56.950,57.310,4682401
2025-09-02 10:00:00,57.330,58.780,55.110,56.080,15986998
2025-09-02 10:30:00,56.090,56.100,54.300,55.190,7884628
2025-09-02 11:00:00,55.260,55.380,54.750,54.750,3187626
2025-09-02 11:30:00,54.750,54.770,53.880,53.980,6033236
2025-09-02 13:30:00,53.980,54.600,53.700,53.930,4211200
2025-09-02 14:00:00,53.940,54.390,52.670,52.690,5757249
2025-09-02 14:30:00,52.760,53.500,52.680,53.210,3466780
2025-09-02 15:00:00,53.200,53.650,52.970,53.190,4114261
2025-09-03 10:00:00,53.000,53.500,51.840,52.930,8847652
2025-09-03 10:30:00,52.940,53.320,52.000,52.910,4433800
2025-09-03 11:00:00,52.910,54.170,52.110,54.000,5085456
2025-09-03 11:30:00,54.000,54.490,53.260,53.270,3976834
2025-09-03 13:30:00,53.270,54.000,52.790,52.940,2101100
2025-09-03 14:00:00,52.960,53.100,52.430,52.920,2294110
2025-09-03 14:30:00,52.920,54.150,52.780,53.590,2907376
2025-09-03 15:00:00,53.600,53.800,52.700,52.940,2715545
2025-09-04 10:00:00,53.400,55.150,52.880,52.900,8871838
2025-09-04 10:30:00,52.890,52.900,51.340,51.340,5723225
2025-09-04 11:00:00,51.350,51.650,50.100,50.990,6764023
2025-09-04 11:30:00,51.000,51.210,50.320,50.890,3069285
2025-09-04 13:30:00,50.780,51.380,50.500,50.700,2375537
2025-09-04 14:00:00,50.650,50.750,50.010,50.450,2652418
2025-09-04 14:30:00,50.500,50.600,49.170,49.470,4213070
2025-09-04 15:00:00,49.470,50.430,48.890,50.000,4997277
2025-09-05 10:00:00,49.900,50.960,49.710,50.680,7173186
2025-09-05 10:30:00,50.670,50.700,50.020,50.320,3111486
2025-09-05 11:00:00,50.320,51.150,50.060,50.600,2865620
2025-09-05 11:30:00,50.600,51.220,50.510,51.090,2641017
2025-09-05 13:30:00,51.100,54.330,51.010,54.080,9987523
2025-09-05 14:00:00,54.090,54.930,53.710,54.180,9135705
2025-09-05 14:30:00,54.180,55.000,54.150,55.000,7739789
2025-09-05 15:00:00,55.000,55.000,55.000,55.000,1322300
2025-09-08 10:00:00,56.600,56.800,54.410,55.330,14851354
2025-09-08 10:30:00,55.320,55.380,54.530,54.780,4993369
2025-09-08 11:00:00,54.770,54.980,54.130,54.750,3400200
2025-09-08 11:30:00,54.770,54.850,54.220,54.550,1863874
2025-09-08 13:30:00,54.600,54.630,53.510,54.000,4766870
2025-09-08 14:00:00,54.000,54.200,53.800,54.160,1778147
2025-09-08 14:30:00,54.160,54.200,53.700,53.730,2240049
2025-09-08 15:00:00,53.740,53.920,53.580,53.710,4559449
2025-09-09 10:00:00,54.480,54.880,53.100,54.380,8580080
2025-09-09 10:30:00,54.380,55.030,54.150,54.910,5035781
2025-09-09 11:00:00,54.810,56.630,54.770,56.260,10488679
2025-09-09 11:30:00,56.260,56.600,55.500,55.730,4503279
2025-09-09 13:30:00,55.800,57.400,55.800,56.600,6266955
2025-09-09 14:00:00,56.510,56.560,55.470,55.620,3621716
2025-09-09 14:30:00,55.580,56.260,55.440,55.580,2806100
2025-09-09 15:00:00,55.590,55.750,55.440,55.600,3429975
2025-09-10 10:00:00,55.050,56.590,55.050,56.150,8626458
2025-09-10 10:30:00,56.110,56.850,55.800,55.800,6319174
2025-09-10 11:00:00,55.800,55.990,55.200,55.880,3788771
2025-09-10 11:30:00,55.880,57.580,55.710,57.060,6349504
2025-09-10 13:30:00,57.030,57.500,56.820,57.010,3517480
2025-09-10 14:00:00,57.020,57.090,56.450,56.680,3510700
2025-09-10 14:30:00,56.680,57.200,56.670,57.090,3336501
2025-09-10 15:00:00,57.070,57.250,56.770,57.050,4961378
2025-09-11 10:00:00,57.570,62.660,57.050,62.500,24171833
2025-09-11 10:30:00,62.500,62.760,62.000,62.760,12952130
2025-09-11 11:00:00,62.760,62.760,62.760,62.760,1246917
2025-09-11 11:30:00,62.760,62.760,62.760,62.760,441961
2025-09-11 13:30:00,62.760,62.760,62.760,62.760,431176
2025-09-11 14:00:00,62.760,62.760,62.760,62.760,289136
2025-09-11 14:30:00,62.760,62.760,62.760,62.760,207805
2025-09-11 15:00:00,62.760,62.760,62.760,62.760,277871
2025-09-12 10:00:00,67.010,69.040,66.400,69.040,12384946
2025-09-12 10:30:00,69.040,69.040,69.040,69.040,345661
2025-09-12 11:00:00,69.040,69.040,69.040,69.040,208801
2025-09-12 11:30:00,69.040,69.040,69.040,69.040,265300
2025-09-12 13:30:00,69.040,69.040,69.040,69.040,280540
2025-09-12 14:00:00,69.040,69.040,69.040,69.040,127972
2025-09-12 14:30:00,69.040,69.040,69.040,69.040,137900
2025-09-12 15:00:00,69.040,69.040,69.040,69.040,324154
2025-09-15 10:00:00,69.000,70.500,66.300,68.800,37591863
2025-09-15 10:30:00,68.610,68.950,67.000,67.650,7841416
2025-09-15 11:00:00,67.630,68.900,66.900,68.230,7124975
2025-09-15 11:30:00,68.230,68.360,66.570,66.900,3684044
2025-09-15 13:30:00,66.900,70.960,66.900,69.550,12101863
2025-09-15 14:00:00,69.560,69.570,68.270,68.560,3658519
2025-09-15 14:30:00,68.560,69.200,67.680,68.750,2639399
2025-09-15 15:00:00,68.760,70.760,68.750,70.350,7179335
2025-09-16 10:00:00,68.300,71.330,68.180,70.070,17892359
2025-09-16 10:30:00,70.160,70.500,68.860,69.820,5668855
2025-09-16 11:00:00,69.820,69.850,68.200,68.280,4713430
2025-09-16 11:30:00,68.280,69.500,68.250,69.210,3086080
2025-09-16 13:30:00,69.210,69.720,68.880,69.040,2261600
2025-09-16 14:00:00,69.040,70.110,69.030,69.890,2610228
2025-09-16 14:30:00,69.890,70.470,69.300,69.350,4243737
2025-09-16 15:00:00,69.350,69.620,69.120,69.600,5411664
2025-09-17 10:00:00,69.470,70.770,67.610,69.520,11733083
2025-09-17 10:30:00,69.520,69.980,67.480,67.520,5826526
2025-09-17 11:00:00,67.500,68.900,67.300,68.900,3808284
2025-09-17 11:30:00,68.860,69.770,68.580,69.250,3170596
2025-09-17 13:30:00,69.280,70.170,69.100,69.890,3788656
2025-09-17 14:00:00,69.850,70.150,69.420,70.000,3066050
2025-09-17 14:30:00,69.990,72.770,69.760,71.500,11997508
2025-09-17 15:00:00,71.490,71.820,70.900,71.280,6115849
2025-09-18 10:00:00,71.310,72.400,69.580,72.310,11823067
2025-09-18 10:30:00,72.310,73.700,71.180,72.960,8546913
2025-09-18 11:00:00,72.980,73.050,72.020,72.610,3511041
2025-09-18 11:30:00,72.620,72.650,70.800,71.620,4129742
2025-09-18 13:30:00,71.620,72.340,70.600,70.770,5201108
2025-09-18 14:00:00,70.750,71.450,70.090,70.240,3829800
2025-09-18 14:30:00,70.230,70.560,69.380,69.650,5105710
2025-09-18 15:00:00,69.650,70.100,68.010,69.990,6419308
2025-09-19 10:00:00,71.000,72.020,69.890,70.120,11247467
2025-09-19 10:30:00,70.140,71.710,69.850,71.460,5167923
2025-09-19 11:00:00,71.460,72.600,70.790,71.160,7041219
2025-09-19 11:30:00,71.120,73.420,70.980,72.800,4940446
2025-09-19 13:30:00,72.760,74.990,71.980,73.830,10082342
2025-09-19 14:00:00,73.830,74.520,73.310,74.190,4052038
2025-09-19 14:30:00,74.140,74.220,73.250,74.180,2941843
2025-09-19 15:00:00,74.180,74.500,73.500,73.690,4260486
2025-09-22 10:00:00,73.930,73.930,67.800,69.360,21749431
2025-09-22 10:30:00,69.360,71.130,68.730,70.350,7769187
2025-09-22 11:00:00,70.370,71.550,70.200,70.410,3528400
2025-09-22 11:30:00,70.410,70.810,69.730,70.730,2848856
2025-09-22 13:30:00,70.730,71.310,70.450,71.270,3368120
2025-09-22 14:00:00,71.270,71.690,70.900,71.070,3183985
2025-09-22 14:30:00,71.080,72.300,71.000,71.950,3567713
2025-09-22 15:00:00,71.990,72.220,71.500,71.900,3800934
2025-09-23 10:00:00,74.580,77.380,73.280,76.300,23162822
2025-09-23 10:30:00,76.290,76.600,73.650,73.990,8062512
2025-09-23 11:00:00,73.950,75.590,73.760,74.460,3347520
2025-09-23 11:30:00,74.480,74.880,72.900,73.700,3225546
2025-09-23 13:30:00,73.690,73.980,72.450,73.000,3536312
2025-09-23 14:00:00,73.000,74.150,72.910,74.030,2292584
2025-09-23 14:30:00,74.020,75.100,73.020,75.010,4091034
2025-09-23 15:00:00,75.000,76.260,74.670,76.070,6250948
2025-09-24 10:00:00,74.170,74.500,71.580,72.390,15288228
2025-09-24 10:30:00,72.360,73.500,71.500,72.990,5568803
2025-09-24 11:00:00,72.990,73.970,71.690,73.730,3993933
2025-09-24 11:30:00,73.730,74.260,73.410,73.500,3068705
2025-09-24 13:30:00,73.470,74.450,73.200,74.210,3366454
2025-09-24 14:00:00,74.210,74.400,73.500,73.840,3126574
2025-09-24 14:30:00,73.800,74.300,73.300,73.490,2926380
2025-09-24 15:00:00,73.500,73.850,73.290,73.340,4881356
2025-09-25 10:00:00,73.500,75.500,72.300,73.510,12714241
2025-09-25 10:30:00,73.500,75.950,73.010,75.200,7275809
2025-09-25 11:00:00,75.210,76.380,74.820,75.760,5210826
2025-09-25 11:30:00,75.760,77.200,75.520,77.200,5527833
2025-09-25 13:30:00,77.190,78.000,76.100,76.790,6114201
2025-09-25 14:00:00,76.790,78.900,76.330,77.980,5655814
2025-09-25 14:30:00,77.870,78.010,77.220,77.480,2310401
2025-09-25 15:00:00,77.500,77.790,76.760,77.000,4543824
2025-09-26 10:00:00,76.880,79.150,75.000,75.980,11498685
2025-09-26 10:30:00,75.920,76.360,74.580,75.310,4468292
2025-09-26 11:00:00,75.260,76.340,74.910,76.250,2528457
2025-09-26 11:30:00,76.250,76.780,75.110,75.500,1961900
2025-09-26 13:30:00,75.500,76.480,75.020,76.400,2160654
2025-09-26 14:00:00,76.440,76.650,75.070,75.110,2336123
2025-09-26 14:30:00,75.130,75.460,74.510,74.920,3256559
2025-09-26 15:00:00,74.920,75.000,74.010,74.100,4435061
2025-09-29 10:00:00,73.000,75.250,72.260,73.360,10613440
2025-09-29 10:30:00,73.400,74.840,73.000,74.750,4177874
2025-09-29 11:00:00,74.750,74.790,74.090,74.350,2039200
2025-09-29 11:30:00,74.340,75.900,74.310,74.540,2763200
2025-09-29 13:30:00,74.540,74.600,73.510,73.810,1972085
2025-09-29 14:00:00,73.950,74.880,73.880,74.610,2657770
2025-09-29 14:30:00,74.590,74.730,73.900,74.030,2238404
2025-09-29 15:00:00,74.050,74.150,73.800,74.140,3338666
2025-09-30 10:00:00,73.600,74.400,71.700,71.710,9762929
2025-09-30 10:30:00,71.710,72.760,71.560,71.800,7033303
2025-09-30 11:00:00,71.790,72.460,71.660,71.900,2885840
2025-09-30 11:30:00,71.890,72.470,71.870,72.190,2107294
2025-09-30 13:30:00,72.280,72.410,71.800,71.940,3083889
2025-09-30 14:00:00,71.930,72.100,71.180,71.580,4538410
2025-09-30 14:30:00,71.550,71.950,71.370,71.790,2636747
2025-09-30 15:00:00,71.800,71.840,71.410,71.500,4685265
2025-10-09 10:00:00,71.000,72.490,70.000,72.450,9051649
2025-10-09 10:30:00,72.450,72.730,71.750,72.320,3156534
2025-10-09 11:00:00,72.320,72.410,71.650,72.000,1779586
2025-10-09 11:30:00,72.000,72.320,71.880,71.940,1251520
2025-10-09 13:30:00,71.940,73.380,71.930,72.140,4451034
2025-10-09 14:00:00,72.150,72.470,71.960,72.360,1403700
2025-10-09 14:30:00,72.360,72.450,70.970,70.980,3549700
2025-10-09 15:00:00,70.980,71.450,70.780,71.160,4006380
2025-10-10 10:00:00,70.300,71.230,69.250,71.150,5981638
2025-10-10 10:30:00,71.160,71.500,69.790,70.860,2416941
2025-10-10 11:00:00,70.860,71.760,70.600,71.270,2352400
2025-10-10 11:30:00,71.270,71.290,70.410,70.700,1872314
2025-10-10 13:30:00,70.460,70.720,69.770,69.780,1446380
2025-10-10 14:00:00,69.780,69.850,69.290,69.700,2151129
2025-10-10 14:30:00,69.710,69.770,69.030,69.190,1903251
2025-10-10 15:00:00,69.190,69.360,68.880,68.980,2795080
2025-10-13 10:00:00,64.750,67.720,64.680,66.280,9837582
2025-10-13 10:30:00,66.280,66.570,65.970,66.050,3526500
2025-10-13 11:00:00,66.050,66.700,65.800,66.220,2030200
2025-10-13 11:30:00,66.220,66.250,65.600,65.660,1439300
2025-10-13 13:30:00,65.660,65.720,65.140,65.640,2470500
2025-10-13 14:00:00,65.640,66.460,65.350,66.290,1834973
2025-10-13 14:30:00,66.290,66.550,65.920,66.310,1573209
2025-10-13 15:00:00,66.300,66.940,66.210,66.420,2705682
2025-10-14 10:00:00,68.800,69.180,67.300,67.730,8277100
2025-10-14 10:30:00,67.750,67.800,66.000,66.050,3559600
2025-10-14 11:00:00,66.050,66.100,64.490,64.720,5593374
2025-10-14 11:30:00,64.690,64.900,63.330,63.980,4476539
2025-10-14 13:30:00,63.970,64.200,62.870,63.780,3981166
2025-10-14 14:00:00,63.810,64.100,62.910,63.020,2493017
2025-10-14 14:30:00,63.070,63.100,62.390,62.690,3065712
2025-10-14 15:00:00,62.690,63.100,62.210,62.630,3409577
2025-10-15 10:00:00,62.010,63.770,61.690,62.620,4500786
2025-10-15 10:30:00,62.590,64.930,62.400,64.250,5127330
2025-10-15 11:00:00,64.270,64.360,63.330,63.490,2543900
2025-10-15 11:30:00,63.500,64.400,63.290,64.300,1461400
2025-10-15 13:30:00,64.330,67.360,64.210,66.210,7225688
2025-10-15 14:00:00,66.220,66.420,65.390,65.500,1955359
2025-10-15 14:30:00,65.500,66.220,65.430,66.100,1510640
2025-10-15 15:00:00,66.110,66.500,65.930,66.270,2809519
2025-10-16 10:00:00,66.580,66.680,65.230,65.600,5711174
2025-10-16 10:30:00,65.660,66.270,65.310,65.540,2524837
2025-10-16 11:00:00,65.550,66.150,65.250,65.970,1150300
2025-10-16 11:30:00,65.980,67.260,65.950,66.340,3082900
2025-10-16 13:30:00,66.340,66.590,65.500,65.520,1407697
2025-10-16 14:00:00,65.520,65.870,65.250,65.280,1360400
2025-10-16 14:30:00,65.280,65.510,65.080,65.330,1669800
2025-10-16 15:00:00,65.330,65.620,65.000,65.380,2529800
2025-10-17 10:00:00,65.280,65.420,62.410,62.710,7648379
2025-10-17 10:30:00,62.680,63.190,62.020,62.600,2694700
2025-10-17 11:00:00,62.570,63.050,62.300,62.800,2186100
2025-10-17 11:30:00,62.750,62.780,61.800,61.900,1848000
2025-10-17 13:30:00,61.850,61.920,61.420,61.850,2018998
2025-10-17 14:00:00,61.850,62.000,61.530,61.700,1262080
2025-10-17 14:30:00,61.700,61.900,60.820,60.970,2971002
2025-10-17 15:00:00,60.970,61.200,60.520,60.800,4007736
2025-10-20 10:00:00,62.250,63.200,61.020,62.890,5884953
2025-10-20 10:30:00,62.900,63.170,61.880,62.070,2620300
2025-10-20 11:00:00,62.080,62.400,61.900,62.000,1086400
2025-10-20 11:30:00,62.000,62.180,61.830,61.870,736300
2025-10-20 13:30:00,61.900,62.280,61.580,61.630,1198729
2025-10-20 14:00:00,61.630,61.700,61.300,61.600,1144465
2025-10-20 14:30:00,61.590,61.600,61.160,61.370,995070
2025-10-20 15:00:00,61.360,62.030,61.080,62.000,1831892
2025-10-21 10:00:00,61.900,63.480,61.560,62.320,5668481
2025-10-21 10:30:00,62.390,63.040,61.780,62.760,3973348
2025-10-21 11:00:00,62.740,62.930,62.320,62.390,1556821
2025-10-21 11:30:00,62.370,62.900,62.320,62.700,1014500
2025-10-21 13:30:00,62.700,63.500,62.520,62.950,2262534
2025-10-21 14:00:00,62.950,63.350,62.690,62.960,1520800
2025-10-21 14:30:00,62.970,63.800,62.970,63.390,2087155
2025-10-21 15:00:00,63.410,63.760,63.180,63.650,2531917
2025-10-22 10:00:00,62.920,63.830,61.680,62.370,4958171
2025-10-22 10:30:00,62.370,62.850,62.100,62.700,1541948
2025-10-22 11:00:00,62.730,62.780,62.080,62.080,1303090
2025-10-22 11:30:00,62.130,62.250,61.840,61.850,1014270
2025-10-22 13:30:00,61.850,62.410,61.760,62.330,1117400
2025-10-22 14:00:00,62.370,62.550,61.990,62.080,792800
2025-10-22 14:30:00,62.060,62.160,61.920,62.130,643170
2025-10-22 15:00:00,62.140,62.480,61.900,62.320,1868400
2025-10-23 10:00:00,61.800,62.750,61.000,61.100,3995554
2025-10-23 10:30:00,61.140,61.160,60.600,60.980,2276400
2025-10-23 11:00:00,60.980,61.570,60.600,60.640,1052600
2025-10-23 11:30:00,60.630,61.110,60.540,60.600,854420
2025-10-23 13:30:00,60.630,61.030,60.550,60.630,1060010
2025-10-23 14:00:00,60.660,60.770,60.320,60.740,1187400
2025-10-23 14:30:00,60.720,61.310,60.610,61.160,1251590
2025-10-23 15:00:00,61.160,61.650,61.050,61.500,1833879
2025-10-24 10:00:00,62.440,65.000,62.400,64.830,10283156
2025-10-24 10:30:00,64.850,65.200,64.400,64.740,3497636
2025-10-24 11:00:00,64.710,64.880,64.300,64.800,1107914
2025-10-24 11:30:00,64.770,64.980,64.460,64.570,1062008
2025-10-24 13:30:00,64.570,66.250,64.360,65.680,5538737
2025-10-24 14:00:00,65.700,66.210,65.310,66.120,1972033
2025-10-24 14:30:00,66.130,66.380,65.710,65.770,1461340
2025-10-24 15:00:00,65.770,66.170,65.690,66.000,2520396
2025-10-27 10:00:00,67.010,67.950,60.770,60.820,29059293
2025-10-27 10:30:00,60.810,60.820,59.400,59.400,22687922
2025-10-27 11:00:00,59.410,59.530,59.400,59.400,2978973
2025-10-27 11:30:00,59.400,59.400,59.400,59.400,1417100
2025-10-27 13:30:00,59.400,59.400,59.400,59.400,1514800
2025-10-27 14:00:00,59.400,59.400,59.400,59.400,576100
2025-10-27 14:30:00,59.400,59.800,59.400,59.400,8215659
2025-10-27 15:00:00,59.400,59.400,59.400,59.400,1317300
2025-10-28 10:00:00,57.330,57.350,54.980,56.760,30344643
2025-10-28 10:30:00,56.750,57.130,56.000,56.800,10241909
2025-10-28 11:00:00,56.800,57.090,56.300,56.440,4649302
2025-10-28 11:30:00,56.410,57.790,56.360,57.090,5164178
2025-10-28 13:30:00,57.090,57.160,56.350,56.410,4648630
2025-10-28 14:00:00,56.400,56.620,56.220,56.390,3238720
2025-10-28 14:30:00,56.400,56.550,56.290,56.300,3082400
2025-10-28 15:00:00,56.310,56.400,56.180,56.300,4692719
2025-10-29 10:00:00,56.600,57.600,55.910,57.190,14678359
2025-10-29 10:30:00,57.190,57.640,56.650,57.070,6184006
2025-10-29 11:00:00,57.080,57.870,56.940,57.870,4042894
2025-10-29 11:30:00,57.860,58.300,57.410,57.430,3754300
2025-10-29 13:30:00,57.460,58.240,57.300,57.760,3169700
2025-10-29 14:00:00,57.730,58.200,57.500,57.500,4018492
2025-10-29 14:30:00,57.530,57.850,57.200,57.300,3517569
2025-10-29 15:00:00,57.300,57.440,56.930,57.360,7789242
2025-10-30 10:00:00,57.000,57.000,55.120,55.920,16077909
2025-10-30 10:30:00,55.930,55.980,55.290,55.400,5660912
2025-10-30 11:00:00,55.400,55.770,55.320,55.690,3200986
2025-10-30 11:30:00,55.690,55.960,55.500,55.810,2160895
2025-10-30 13:30:00,55.810,55.860,55.080,55.460,4251131
2025-10-30 14:00:00,55.470,55.670,55.210,55.500,3162040
2025-10-30 14:30:00,55.490,55.600,55.220,55.260,2384033
2025-10-30 15:00:00,55.250,55.340,54.970,55.040,4879416
2025-10-31 10:00:00,56.010,56.330,54.790,55.490,8708696
2025-10-31 10:30:00,55.500,56.430,55.480,55.860,5516096
2025-10-31 11:00:00,55.840,55.880,55.220,55.230,2774632
2025-10-31 11:30:00,55.250,55.290,54.990,54.990,3125790
2025-10-31 13:30:00,55.010,55.270,54.900,55.020,2347470
2025-10-31 14:00:00,55.010,55.090,54.620,54.810,2823075
2025-10-31 14:30:00,54.800,55.120,54.720,54.870,1901534
2025-10-31 15:00:00,54.860,54.920,54.500,54.580,3752197
2025-11-03 10:00:00,54.220,54.800,53.000,53.390,12140031
2025-11-03 10:30:00,53.380,54.300,53.240,53.700,3144270
2025-11-03 11:00:00,53.700,54.400,53.400,54.070,2278600
2025-11-03 11:30:00,54.070,54.180,53.750,53.800,1086300
2025-11-03 13:30:00,53.800,54.300,53.680,54.220,2214100
2025-11-03 14:00:00,54.220,54.560,54.000,54.560,2425500
2025-11-03 14:30:00,54.570,54.910,54.480,54.540,3097400
2025-11-03 15:00:00,54.540,54.810,54.510,54.810,2451082
2025-11-04 10:00:00,54.830,55.200,54.110,54.190,6492676
2025-11-04 10:30:00,54.190,54.330,53.810,53.820,3517800
2025-11-04 11:00:00,53.820,53.850,53.520,53.660,2678200
2025-11-04 11:30:00,53.650,54.050,53.560,53.600,1316800
2025-11-04 13:30:00,53.600,53.740,53.410,53.600,1534000
2025-11-04 14:00:00,53.600,53.650,53.360,53.450,1258000
2025-11-04 14:30:00,53.450,53.460,53.150,53.200,1892907
2025-11-04 15:00:00,53.190,53.680,53.050,53.530,2593108
2025-11-05 10:00:00,52.490,53.660,52.400,53.380,5069026
2025-11-05 10:30:00,53.350,53.600,53.030,53.440,1890404
2025-11-05 11:00:00,53.430,53.760,53.200,53.220,1966900
2025-11-05 11:30:00,53.210,55.330,53.180,55.000,8684089
2025-11-05 13:30:00,55.000,55.450,54.930,55.140,6767681
2025-11-05 14:00:00,55.150,56.210,55.140,55.600,7524600
2025-11-05 14:30:00,55.600,55.850,55.440,55.780,2796300
2025-11-05 15:00:00,55.790,55.840,55.550,55.590,4460693
2025-11-06 10:00:00,55.690,56.490,55.110,56.330,11101747
2025-11-06 10:30:00,56.290,57.200,56.190,57.150,10115933
2025-11-06 11:00:00,57.150,57.330,56.900,57.020,5777958
2025-11-06 11:30:00,57.020,57.240,56.810,56.920,2951200
2025-11-06 13:30:00,56.930,57.730,56.920,57.730,6269534
2025-11-06 14:00:00,57.730,57.740,57.200,57.580,3729331
2025-11-06 14:30:00,57.570,57.940,57.570,57.900,5734333
2025-11-06 15:00:00,57.900,57.930,57.550,57.650,5227457
2025-11-07 10:00:00,57.050,57.400,56.500,56.610,10241418
2025-11-07 10:30:00,56.600,56.980,56.150,56.790,5748622
2025-11-07 11:00:00,56.790,57.190,56.580,57.190,2310314
2025-11-07 11:30:00,57.200,57.580,56.900,57.180,2794580
2025-11-07 13:30:00,57.160,57.410,57.000,57.190,2224900
2025-11-07 14:00:00,57.200,57.350,56.800,56.890,2387722
2025-11-07 14:30:00,56.870,57.000,56.740,56.940,1697187
2025-11-07 15:00:00,56.940,57.030,56.600,56.670,3161729
2025-11-10 10:00:00,57.020,57.480,54.890,55.460,10572686
2025-11-10 10:30:00,55.430,55.590,54.800,55.170,4345581
2025-11-10 11:00:00,55.180,55.300,54.800,54.810,2465900
2025-11-10 11:30:00,54.800,55.150,54.690,54.900,1851500
2025-11-10 13:30:00,54.900,55.170,54.740,55.020,1225208
2025-11-10 14:00:00,55.020,55.090,54.700,54.810,1322900
2025-11-10 14:30:00,54.800,55.150,54.710,55.130,1205592
2025-11-10 15:00:00,55.120,55.340,55.040,55.190,2423697
2025-11-11 10:00:00,55.320,56.150,55.320,55.530,5642797
2025-11-11 10:30:00,55.530,55.840,54.880,54.900,2800900
2025-11-11 11:00:00,54.900,55.050,54.640,54.690,1922203
2025-11-11 11:30:00,54.660,54.970,54.360,54.380,2755996
2025-11-11 13:30:00,54.360,54.710,53.900,53.900,3641340
2025-11-11 14:00:00,53.900,54.410,53.730,54.160,3178370
2025-11-11 14:30:00,54.160,54.480,54.060,54.250,1662800
2025-11-11 15:00:00,54.260,54.310,54.050,54.200,2158950
2025-11-12 10:00:00,54.150,54.150,52.830,53.120,4943052
2025-11-12 10:30:00,53.130,53.470,52.700,52.730,3505600
2025-11-12 11:00:00,52.730,52.730,52.070,52.120,3829983
2025-11-12 11:30:00,52.120,52.470,51.880,51.990,2287636
2025-11-12 13:30:00,51.990,52.380,51.930,52.100,1896133
2025-11-12 14:00:00,52.120,52.690,52.050,52.550,1901400
2025-11-12 14:30:00,52.540,52.680,52.360,52.510,1216147
2025-11-12 15:00:00,52.510,52.880,52.500,52.620,2337658
2025-11-13 10:00:00,53.100,53.970,52.410,53.600,5625000
2025-11-13 10:30:00,53.600,54.660,53.370,54.520,4514231
2025-11-13 11:00:00,54.570,56.300,54.300,55.710,8251918
2025-11-13 11:30:00,55.700,56.450,55.570,56.170,5508095
2025-11-13 13:30:00,56.180,56.700,55.820,55.880,4707618
2025-11-13 14:00:00,55.890,56.170,55.620,56.010,2702526
2025-11-13 14:30:00,56.010,56.850,56.010,56.570,6548200
2025-11-13 15:00:00,56.580,57.870,56.550,57.630,10193713
2025-11-14 10:00:00,55.000,55.510,53.800,54.910,17576865
2025-11-14 10:30:00,54.920,55.800,54.630,55.750,5257622
2025-11-14 11:00:00,55.720,55.940,55.100,55.120,3319500
2025-11-14 11:30:00,55.110,55.440,55.020,55.100,1443702
2025-11-14 13:30:00,55.090,55.460,54.890,55.200,2286361
2025-11-14 14:00:00,55.200,55.380,54.950,55.070,2041917
2025-11-14 14:30:00,55.070,55.180,54.700,54.780,2585542
2025-11-14 15:00:00,54.780,54.880,54.520,54.520,4151100
2025-11-17 10:00:00,54.080,55.850,54.040,55.110,8228671
2025-11-17 10:30:00,55.110,55.790,54.810,54.830,3568400
2025-11-17 11:00:00,54.830,55.660,54.700,55.250,2383298
2025-11-17 11:30:00,55.250,55.380,54.720,54.810,1929597
2025-11-17 13:30:00,54.800,54.950,54.410,54.920,2308900
2025-11-17 14:00:00,54.910,54.990,54.550,54.630,1248027
2025-11-17 14:30:00,54.630,55.100,54.600,54.980,1475300
2025-11-17 15:00:00,54.960,55.230,54.900,55.020,2853940
2025-11-18 10:00:00,54.910,55.460,54.540,55.220,5156282
2025-11-18 10:30:00,55.220,55.620,54.870,55.620,3299031
2025-11-18 11:00:00,55.610,55.680,55.180,55.200,2184200
2025-11-18 11:30:00,55.190,55.700,55.120,55.600,2137500
2025-11-18 13:30:00,55.630,55.650,54.580,54.600,3435676
2025-11-18 14:00:00,54.610,55.200,54.600,54.770,1553542
2025-11-18 14:30:00,54.770,54.840,54.340,54.460,2749024
2025-11-18 15:00:00,54.460,54.660,54.210,54.530,2649866
2025-11-19 10:00:00,54.530,55.200,53.390,53.800,6490162
2025-11-19 10:30:00,53.800,53.980,53.380,53.620,2258100
2025-11-19 11:00:00,53.610,54.300,53.600,53.740,1661916
2025-11-19 11:30:00,53.720,53.920,53.460,53.600,1217600
2025-11-19 13:30:00,53.600,53.810,53.100,53.210,1839300
2025-11-19 14:00:00,53.190,53.850,53.160,53.770,1181060
2025-11-19 14:30:00,53.770,53.850,53.350,53.550,1326700
2025-11-19 15:00:00,53.560,53.760,53.500,53.500,1789633
2025-11-20 10:00:00,54.100,54.870,53.380,53.450,3549571
2025-11-20 10:30:00,53.460,53.500,52.700,52.710,2639140
2025-11-20 11:00:00,52.700,53.060,52.640,52.760,1192400
2025-11-20 11:30:00,52.770,52.920,52.680,52.750,835600
2025-11-20 13:30:00,52.750,53.200,52.610,52.920,1052800
2025-11-20 14:00:00,52.920,53.350,52.750,52.970,1032800
2025-11-20 14:30:00,52.970,53.050,52.810,52.960,796510
2025-11-20 15:00:00,52.970,53.290,52.870,52.900,1843600
2025-11-21 10:00:00,51.210,51.990,50.620,50.650,6463627
2025-11-21 10:30:00,50.660,51.120,50.620,50.670,2246998
2025-11-21 11:00:00,50.670,50.670,49.900,50.150,3169300
2025-11-21 11:30:00,50.140,50.490,49.570,50.280,2619523
2025-11-21 13:30:00,50.310,50.930,50.280,50.640,1936370
2025-11-21 14:00:00,50.640,50.900,50.190,50.330,1710000
2025-11-21 14:30:00,50.280,50.370,49.980,50.050,1838000
2025-11-21 15:00:00,50.030,50.330,49.750,49.820,3744200
2025-11-24 10:00:00,50.280,50.660,50.000,50.360,4567194
2025-11-24 10:30:00,50.340,51.310,49.990,50.970,3716084
2025-11-24 11:00:00,50.970,51.500,50.610,50.640,2134191
2025-11-24 11:30:00,50.630,50.770,50.400,50.470,1538900
2025-11-24 13:30:00,50.470,50.850,50.000,50.800,2976033
2025-11-24 14:00:00,50.830,51.490,50.800,51.240,2675826
2025-11-24 14:30:00,51.270,51.590,51.150,51.470,1784700
2025-11-24 15:00:00,51.470,51.610,51.120,51.180,2505802
2025-11-25 10:00:00,51.600,52.600,51.600,52.490,4765906
2025-11-25 10:30:00,52.500,53.400,52.500,53.350,4756886
2025-11-25 11:00:00,53.340,53.500,52.720,52.720,3056102
2025-11-25 11:30:00,52.720,52.900,52.560,52.680,1594630
2025-11-25 13:30:00,52.680,52.720,51.980,51.980,2429900
2025-11-25 14:00:00,51.970,52.200,51.860,52.120,1532969
2025-11-25 14:30:00,52.120,52.200,51.700,51.860,1713300
2025-11-25 15:00:00,51.860,52.040,51.850,51.960,2224638
2025-11-26 10:00:00,51.710,52.690,51.250,52.670,3800878
2025-11-26 10:30:00,52.670,53.110,52.410,52.770,3221600
2025-11-26 11:00:00,52.770,52.860,52.400,52.730,1418332
2025-11-26 11:30:00,52.730,53.060,52.690,52.970,2057000
2025-11-26 13:30:00,52.930,53.050,52.750,52.910,1846184
2025-11-26 14:00:00,52.920,52.990,52.420,52.520,1524969
2025-11-26 14:30:00,52.520,52.600,52.310,52.360,1360500
2025-11-26 15:00:00,52.350,52.420,52.080,52.300,2357830
2025-11-27 10:00:00,52.080,53.650,52.070,53.550,5115915
2025-11-27 10:30:00,53.560,53.850,53.070,53.080,3150403
2025-11-27 11:00:00,53.090,53.200,52.730,52.900,1694100
2025-11-27 11:30:00,52.900,52.950,52.530,52.540,1362500
2025-11-27 13:30:00,52.540,52.750,52.450,52.540,1426800
2025-11-27 14:00:00,52.540,52.840,52.340,52.480,1387029
2025-11-27 14:30:00,52.460,52.500,52.130,52.290,1458371
2025-11-27 15:00:00,52.290,52.300,51.900,52.040,2686400
2025-11-28 10:00:00,52.100,53.130,51.970,52.270,4581542
2025-11-28 10:30:00,52.280,52.860,52.260,52.530,1683129
2025-11-28 11:00:00,52.530,52.840,52.420,52.630,1064999
2025-11-28 11:30:00,52.630,52.960,52.590,52.870,1469005
2025-11-28 13:30:00,52.870,53.080,52.610,52.750,1976100
2025-11-28 14:00:00,52.750,53.060,52.700,52.880,1362100
2025-11-28 14:30:00,52.890,53.280,52.820,53.180,2410701
2025-11-28 15:00:00,53.190,53.240,53.080,53.130,2616202
2025-12-01 10:00:00,53.330,53.600,52.510,53.280,5150622
2025-12-01 10:30:00,53.270,53.390,52.800,53.030,2509154
2025-12-01 11:00:00,53.040,53.970,53.010,53.690,2806724
2025-12-01 11:30:00,53.690,54.070,53.510,53.900,2137700
2025-12-01 13:30:00,53.900,53.980,53.530,53.630,1385700
2025-12-01 14:00:00,53.620,53.700,53.330,53.690,1662300
2025-12-01 14:30:00,53.660,53.700,53.410,53.430,1337500
2025-12-01 15:00:00,53.460,53.700,53.430,53.670,2635864
2025-12-02 10:00:00,53.930,54.380,53.220,53.520,6623139
2025-12-02 10:30:00,53.520,53.550,53.010,53.060,2687626
2025-12-02 11:00:00,53.070,53.600,53.010,53.310,1276600
2025-12-02 11:30:00,53.310,53.350,53.050,53.110,1058600
2025-12-02 13:30:00,53.130,53.350,52.860,52.880,1702300
2025-12-02 14:00:00,52.890,53.270,52.870,53.110,1072488
2025-12-02 14:30:00,53.100,53.390,53.070,53.290,1021200
2025-12-02 15:00:00,53.290,53.320,53.110,53.290,1511900
2025-12-03 10:00:00,53.300,55.060,53.180,54.840,11392983
2025-12-03 10:30:00,54.850,54.990,53.680,53.700,5126799
2025-12-03 11:00:00,53.680,53.680,53.350,53.460,2837600
2025-12-03 11:30:00,53.450,53.590,53.230,53.520,1507372
2025-12-03 13:30:00,53.520,53.840,53.250,53.470,1549028
2025-12-03 14:00:00,53.490,53.490,53.000,53.010,2205399
2025-12-03 14:30:00,53.010,53.400,52.910,53.180,1555307
2025-12-03 15:00:00,53.190,53.460,53.160,53.360,2813965
2025-12-04 10:00:00,52.830,53.490,52.590,52.710,5038355
2025-12-04 10:30:00,52.730,53.840,52.710,53.440,3284770
2025-12-04 11:00:00,53.410,54.280,53.310,54.090,4055602
2025-12-04 11:30:00,54.090,54.100,53.630,53.790,1515634
2025-12-04 13:30:00,53.780,54.130,53.540,53.720,1467600
2025-12-04 14:00:00,53.730,53.750,53.560,53.660,769100
2025-12-04 14:30:00,53.640,54.000,53.640,53.800,1448291
2025-12-04 15:00:00,53.800,53.950,53.800,53.880,2643278
2025-12-05 10:00:00,53.880,54.190,52.860,53.680,4809868
2025-12-05 10:30:00,53.680,54.150,53.570,53.680,1982500
2025-12-05 11:00:00,53.680,54.100,53.620,54.000,1435525
2025-12-05 11:30:00,54.010,54.600,53.900,54.580,2999650
2025-12-05 13:30:00,54.580,55.550,54.570,54.750,6819278
2025-12-05 14:00:00,54.760,55.000,54.610,54.930,2773106
2025-12-05 14:30:00,54.920,54.980,54.620,54.750,2404146
2025-12-05 15:00:00,54.750,54.780,54.620,54.750,4182226
2025-12-08 10:00:00,54.770,55.910,54.760,55.810,8797170
2025-12-08 10:30:00,55.820,56.400,55.670,56.150,5597722
2025-12-08 11:00:00,56.150,56.650,56.110,56.540,3640457
2025-12-08 11:30:00,56.540,56.650,56.220,56.370,2444697
2025-12-08 13:30:00,56.370,56.580,56.170,56.340,2855328
2025-12-08 14:00:00,56.340,56.680,56.200,56.210,3300271
2025-12-08 14:30:00,56.210,56.290,56.120,56.280,2533800
2025-12-08 15:00:00,56.280,56.440,56.140,56.310,5072089
2025-12-09 10:00:00,57.310,59.190,57.310,58.420,22769476
2025-12-09 10:30:00,58.440,59.000,57.730,58.000,8483317
2025-12-09 11:00:00,58.000,58.950,57.980,58.800,3600907
2025-12-09 11:30:00,58.800,58.950,58.450,58.510,2741995
2025-12-09 13:30:00,58.510,58.550,57.570,57.790,3060965
2025-12-09 14:00:00,57.790,58.190,57.600,57.900,2930392
2025-12-09 14:30:00,57.890,58.280,57.880,58.200,3081093
2025-12-09 15:00:00,58.190,58.650,58.190,58.530,5360024
2025-12-10 10:00:00,58.000,58.000,56.260,56.540,12616945
2025-12-10 10:30:00,56.530,56.560,56.050,56.440,4260074
2025-12-10 11:00:00,56.450,56.550,56.280,56.410,2234800
2025-12-10 11:30:00,56.410,56.420,56.000,56.020,3648760
2025-12-10 13:30:00,56.020,56.290,55.780,56.130,2419114
2025-12-10 14:00:00,56.150,56.450,56.050,56.270,1811416
2025-12-10 14:30:00,56.260,56.790,56.200,56.630,2271243
2025-12-10 15:00:00,56.630,56.780,56.340,56.400,3110637
2025-12-11 10:00:00,56.450,56.510,55.390,55.800,6248146
2025-12-11 10:30:00,55.810,55.850,55.470,55.720,3037342
2025-12-11 11:00:00,55.710,55.990,55.530,55.540,1745206
2025-12-11 11:30:00,55.530,55.800,55.420,55.420,1534835
2025-12-11 13:30:00,55.420,55.500,55.090,55.210,2598206
2025-12-11 14:00:00,55.210,55.510,55.170,55.300,1343600
2025-12-11 14:30:00,55.300,55.500,55.000,55.050,1975800
2025-12-11 15:00:00,55.060,55.210,54.750,54.770,3740016
2025-12-12 10:00:00,54.770,54.890,54.000,54.540,4868831
2025-12-12 10:30:00,54.510,54.680,54.050,54.300,2846025
2025-12-12 11:00:00,54.330,54.820,54.200,54.720,2083551
2025-12-12 11:30:00,54.720,55.960,54.720,55.560,4488070
2025-12-12 13:30:00,55.560,55.650,55.220,55.480,2126200
2025-12-12 14:00:00,55.470,56.100,55.320,55.890,3941392
2025-12-12 14:30:00,55.880,56.330,55.870,56.190,4318040
2025-12-12 15:00:00,56.200,56.800,55.930,56.800,6509397
2025-12-15 10:00:00,56.280,56.750,55.800,56.210,6513306
2025-12-15 10:30:00,56.220,56.240,55.610,55.980,3365487
2025-12-15 11:00:00,55.970,56.190,55.720,55.740,1660861
2025-12-15 11:30:00,55.740,55.770,55.020,55.290,2424142
2025-12-15 13:30:00,55.280,55.380,54.800,54.800,2361834
2025-12-15 14:00:00,54.810,55.150,54.800,55.100,1437697
2025-12-15 14:30:00,55.100,55.230,54.420,54.530,2795293
2025-12-15 15:00:00,54.530,54.540,54.220,54.410,3292529
2025-12-16 10:00:00,53.980,55.820,53.460,53.970,7705720
2025-12-16 10:30:00,53.970,53.970,52.910,53.280,3764878
2025-12-16 11:00:00,53.270,53.440,52.840,53.160,1814948
2025-12-16 11:30:00,53.150,53.240,52.680,52.720,1113200
2025-12-16 13:30:00,52.730,54.400,52.710,53.250,1928419
2025-12-16 14:00:00,53.240,53.890,53.210,53.700,1117300
2025-12-16 14:30:00,53.690,54.900,53.490,54.280,2568334
2025-12-16 15:00:00,54.260,54.290,53.900,53.900,1891826
2025-12-17 10:00:00,53.670,55.180,53.670,54.230,6152742
2025-12-17 10:30:00,54.220,54.230,53.520,54.050,2236102
2025-12-17 11:00:00,54.050,54.300,53.900,54.000,980110
2025-12-17 11:30:00,54.000,54.190,53.600,53.790,1219022
2025-12-17 13:30:00,53.790,54.150,53.720,54.030,929888
2025-12-17 14:00:00,54.000,55.300,53.920,55.050,4157938
2025-12-17 14:30:00,55.020,55.890,55.000,55.760,5794239
2025-12-17 15:00:00,55.760,55.960,55.620,55.800,4617109
2025-12-18 10:00:00,55.000,55.100,54.490,54.760,6573668
2025-12-18 10:30:00,54.750,54.860,54.010,54.070,5014203
2025-12-18 11:00:00,54.060,54.110,53.710,53.880,3894455
2025-12-18 11:30:00,53.880,54.150,53.750,54.010,1353900
2025-12-18 13:30:00,54.010,54.050,53.690,53.740,2265489
2025-12-18 14:00:00,53.750,53.750,53.170,53.310,3263887
2025-12-18 14:30:00,53.310,53.350,52.960,53.000,2707265
2025-12-18 15:00:00,52.990,53.180,52.980,52.990,3063113
2025-12-19 10:00:00,53.500,53.710,52.900,52.980,3869405
2025-12-19 10:30:00,52.980,53.260,52.330,53.120,3584516
2025-12-19 11:00:00,53.120,53.150,52.530,52.750,2287146
2025-12-19 11:30:00,52.750,52.780,52.500,52.750,1513204
2025-12-19 13:30:00,52.750,52.980,52.500,52.520,2008800
2025-12-19 14:00:00,52.520,52.520,52.230,52.390,2934226
2025-12-19 14:30:00,52.380,52.730,52.290,52.580,1106402
2025-12-19 15:00:00,52.570,52.580,52.310,52.470,1992606
2025-12-22 10:00:00,52.480,53.650,52.470,53.410,5982472
2025-12-22 10:30:00,53.410,53.480,53.110,53.200,1985700
2025-12-22 11:00:00,53.200,53.250,53.010,53.080,1560896
2025-12-22 11:30:00,53.080,53.510,53.070,53.370,2199508
2025-12-22 13:30:00,53.340,53.800,53.280,53.650,2789763
2025-12-22 14:00:00,53.650,54.160,53.620,54.000,3575843
2025-12-22 14:30:00,54.000,54.020,53.700,53.720,1992071
2025-12-22 15:00:00,53.730,53.790,53.380,53.550,2718673
2025-12-23 10:00:00,53.550,54.190,52.800,54.000,5071601
2025-12-23 10:30:00,54.000,54.100,53.400,54.010,2618101
2025-12-23 11:00:00,54.030,54.120,53.650,53.910,1681892
2025-12-23 11:30:00,53.920,54.000,53.750,53.830,1163925
2025-12-23 13:30:00,53.840,55.160,53.710,55.000,6704210
2025-12-23 14:00:00,54.990,55.380,54.880,54.940,5416523
2025-12-23 14:30:00,54.940,55.200,54.720,54.980,2784556
2025-12-23 15:00:00,54.980,55.170,54.610,55.160,4303339
2025-12-24 10:00:00,55.900,57.990,55.380,57.450,18559772
2025-12-24 10:30:00,57.440,57.900,57.190,57.600,6304753
2025-12-24 11:00:00,57.590,57.590,57.220,57.360,2263441
2025-12-24 11:30:00,57.350,57.490,57.270,57.450,1639685
2025-12-24 13:30:00,57.450,57.650,57.000,57.010,3792905
2025-12-24 14:00:00,57.010,57.170,56.780,56.800,3886560
2025-12-24 14:30:00,56.810,56.990,56.780,56.940,2901020
2025-12-24 15:00:00,56.940,56.980,56.850,56.910,3722412
2025-12-25 10:00:00,56.700,57.200,56.100,56.650,9830355
2025-12-25 10:30:00,56.650,56.660,55.810,56.060,4596274
2025-12-25 11:00:00,56.060,56.330,55.910,56.210,2275321
2025-12-25 11:30:00,56.210,56.790,56.170,56.690,2366405
2025-12-25 13:30:00,56.700,56.700,56.290,56.420,1275852
2025-12-25 14:00:00,56.420,56.550,56.310,56.490,1538936
2025-12-25 14:30:00,56.470,56.870,56.460,56.720,2218624
2025-12-25 15:00:00,56.710,56.800,56.450,56.600,2832068
2025-12-26 10:00:00,56.430,56.430,55.770,56.160,4253685
2025-12-26 10:30:00,56.200,56.560,56.060,56.270,2605231
2025-12-26 11:00:00,56.220,56.700,56.150,56.490,2105000
2025-12-26 11:30:00,56.490,56.650,55.500,55.730,4534381
2025-12-26 13:30:00,55.740,56.260,55.510,56.110,2346723
2025-12-26 14:00:00,56.100,56.150,55.800,56.100,1371670
2025-12-26 14:30:00,56.090,56.190,55.600,55.760,1967239
2025-12-26 15:00:00,55.760,56.030,55.700,55.920,2840094
2025-12-29 10:00:00,56.200,57.100,55.710,55.980,7376160
2025-12-29 10:30:00,55.980,56.280,55.900,55.950,2060800
2025-12-29 11:00:00,55.940,56.300,55.790,56.000,1973990
2025-12-29 11:30:00,56.010,56.480,55.850,55.860,2429400
2025-12-29 13:30:00,55.860,55.940,55.390,55.490,2169948
2025-12-29 14:00:00,55.500,55.710,55.500,55.500,1192322
2025-12-29 14:30:00,55.500,55.610,55.220,55.250,1897078
2025-12-29 15:00:00,55.250,55.500,55.060,55.470,2275614
2025-12-30 10:00:00,55.100,57.500,54.680,57.070,12349255
2025-12-30 10:30:00,57.010,57.250,56.220,56.260,4182900
2025-12-30 11:00:00,56.270,56.580,56.090,56.450,1729700
2025-12-30 11:30:00,56.440,56.760,56.200,56.230,1413023
2025-12-30 13:30:00,56.270,56.440,55.860,56.440,2109200
2025-12-30 14:00:00,56.450,56.750,56.330,56.520,2487000
2025-12-30 14:30:00,56.520,56.980,56.380,56.870,3107736
2025-12-30 15:00:00,56.870,56.880,56.670,56.750,2897501
2025-12-31 10:00:00,56.750,56.750,55.360,55.450,7546813
2025-12-31 10:30:00,55.450,56.280,55.380,55.710,3020000
2025-12-31 11:00:00,55.700,55.710,55.180,55.440,3468090
2025-12-31 11:30:00,55.440,55.640,55.320,55.350,1145000
2025-12-31 13:30:00,55.340,55.650,55.200,55.620,1615900
2025-12-31 14:00:00,55.620,55.740,55.410,55.500,1112300
2025-12-31 14:30:00,55.480,56.200,55.410,55.750,1803200
2025-12-31 15:00:00,55.750,55.760,55.510,55.530,1677545
2026-01-05 10:00:00,55.600,56.500,55.600,56.300,6234059
2026-01-05 10:30:00,56.310,57.480,56.280,57.430,7302541
2026-01-05 11:00:00,57.420,57.460,56.910,56.980,3581079
2026-01-05 11:30:00,56.980,57.260,56.980,57.070,1334860
2026-01-05 13:30:00,57.070,57.160,56.550,56.840,2615300
2026-01-05 14:00:00,56.850,57.990,56.710,57.610,5602686
2026-01-05 14:30:00,57.580,57.620,57.390,57.500,2286424
2026-01-05 15:00:00,57.500,57.580,57.460,57.560,3636177
2026-01-06 10:00:00,57.600,58.470,57.300,57.730,8482973
2026-01-06 10:30:00,57.780,58.140,57.400,57.440,4349408
2026-01-06 11:00:00,57.440,57.460,57.000,57.370,3257798
2026-01-06 11:30:00,57.370,57.860,57.230,57.690,1692952
2026-01-06 13:30:00,57.690,57.700,57.410,57.600,2564446
2026-01-06 14:00:00,57.600,57.820,57.390,57.700,2325800
2026-01-06 14:30:00,57.710,58.470,57.690,58.180,4740075
2026-01-06 15:00:00,58.180,58.280,58.100,58.260,3629532
2026-01-07 10:00:00,57.950,59.450,57.750,59.320,9956859
2026-01-07 10:30:00,59.310,59.950,58.950,59.610,8043065
2026-01-07 11:00:00,59.590,59.610,59.060,59.170,3335560
2026-01-07 11:30:00,59.170,59.390,59.040,59.110,1851400
2026-01-07 13:30:00,59.100,60.400,59.080,59.710,8796501
2026-01-07 14:00:00,59.710,60.870,59.590,60.350,6718861
2026-01-07 14:30:00,60.320,62.200,60.240,61.580,8498793
2026-01-07 15:00:00,61.580,61.780,61.140,61.270,5585073
2026-01-08 10:00:00,61.200,61.880,60.500,61.780,11987178
2026-01-08 10:30:00,61.760,64.000,61.680,63.590,11401899
2026-01-08 11:00:00,63.590,64.190,62.520,62.520,6201814
2026-01-08 11:30:00,62.540,63.000,62.260,62.440,3194849
2026-01-08 13:30:00,62.440,62.680,62.020,62.300,3653066
2026-01-08 14:00:00,62.300,62.310,61.590,61.810,3601504
2026-01-08 14:30:00,61.840,61.850,60.910,61.490,4959081
2026-01-08 15:00:00,61.490,61.830,61.350,61.410,4028066
2026-01-09 10:00:00,62.510,63.480,61.720,63.030,13384138
2026-01-09 10:30:00,63.020,64.460,63.000,64.010,8838107
2026-01-09 11:00:00,64.060,64.490,63.780,63.890,4920512
2026-01-09 11:30:00,63.880,65.650,63.300,64.550,7185625
2026-01-09 13:30:00,64.580,65.240,63.840,64.070,4900450
2026-01-09 14:00:00,64.060,65.700,64.060,65.700,5073406
2026-01-09 14:30:00,65.660,66.630,65.480,66.430,5462340
2026-01-09 15:00:00,66.440,66.570,65.880,66.400,5039427
2026-01-12 10:00:00,67.000,67.530,64.220,66.210,19044196
2026-01-12 10:30:00,66.220,67.890,65.360,66.630,9476787
2026-01-12 11:00:00,66.650,67.500,66.230,66.610,4851381
2026-01-12 11:30:00,66.610,67.000,66.210,66.330,3492245
2026-01-12 13:30:00,66.330,66.390,65.080,65.300,5797986
2026-01-12 14:00:00,65.320,65.580,65.060,65.430,3773698
2026-01-12 14:30:00,65.410,66.100,65.410,66.030,3030881
2026-01-12 15:00:00,66.040,66.130,65.410,66.130,4681896
2026-01-13 10:00:00,65.730,65.800,62.560,63.070,16303089
2026-01-13 10:30:00,63.080,63.410,61.890,62.160,8044459
2026-01-13 11:00:00,62.160,62.370,61.430,61.950,5428647
2026-01-13 11:30:00,61.950,62.970,61.700,62.700,3429650
2026-01-13 13:30:00,62.680,62.700,61.670,61.930,2573062
2026-01-13 14:00:00,61.930,63.000,61.710,62.780,2578791
2026-01-13 14:30:00,62.780,62.790,61.940,61.960,2175900
2026-01-13 15:00:00,61.950,62.280,61.440,61.530,4901000
2026-01-14 10:00:00,61.520,62.680,61.520,62.060,7400461
2026-01-14 10:30:00,62.060,63.390,62.050,62.980,6795572
2026-01-14 11:00:00,62.990,64.200,62.780,64.200,5276817
2026-01-14 11:30:00,64.190,64.810,63.950,64.390,5389334
2026-01-14 13:30:00,64.390,64.510,62.010,64.490,8388437
2026-01-14 14:00:00,64.490,66.210,63.110,63.110,9228190
2026-01-14 14:30:00,63.110,65.000,62.930,64.610,3190993
2026-01-14 15:00:00,64.600,64.620,64.000,64.350,3006500
2026-01-15 10:00:00,64.000,65.300,62.620,63.740,10519971
2026-01-15 10:30:00,63.610,63.750,62.670,62.670,3671810
2026-01-15 11:00:00,62.690,63.880,62.650,63.630,3276238
2026-01-15 11:30:00,63.630,63.830,62.880,63.130,1780805
2026-01-15 13:30:00,63.100,63.450,62.860,63.180,1492300
2026-01-15 14:00:00,63.170,63.480,63.030,63.120,1457871
2026-01-15 14:30:00,63.120,63.360,62.800,63.170,2135600
2026-01-15 15:00:00,63.180,63.190,62.900,63.130,2922562
2026-01-16 10:00:00,64.080,64.100,62.580,62.800,7395533
2026-01-16 10:30:00,62.800,63.090,62.150,62.230,4789191
2026-01-16 11:00:00,62.230,62.640,62.140,62.540,2374028
2026-01-16 11:30:00,62.500,62.720,62.200,62.210,2298100
2026-01-16 13:30:00,62.200,62.440,62.000,62.280,2759459
2026-01-16 14:00:00,62.270,62.980,62.270,62.770,2713400
2026-01-16 14:30:00,62.760,62.790,62.310,62.430,1618440
2026-01-16 15:00:00,62.430,62.620,62.330,62.470,2216131
2026-01-19 10:00:00,61.560,62.900,61.000,62.740,6412800
2026-01-19 10:30:00,62.720,63.330,62.670,63.000,4562541
2026-01-19 11:00:00,63.000,63.020,62.140,62.140,2701941
2026-01-19 11:30:00,62.140,62.430,61.820,62.020,1888696
2026-01-19 13:30:00,62.020,62.420,61.880,62.290,1659614
2026-01-19 14:00:00,62.290,62.310,61.730,61.940,1999734
2026-01-19 14:30:00,61.840,62.190,61.800,62.100,1234300
2026-01-19 15:00:00,62.150,62.170,61.750,62.100,2312236
2026-01-20 10:00:00,61.990,62.480,60.790,60.820,5680776
2026-01-20 10:30:00,60.830,61.010,59.680,60.310,7247450
2026-01-20 11:00:00,60.320,60.490,60.100,60.230,2165916
2026-01-20 11:30:00,60.230,60.360,60.000,60.020,1622724
2026-01-20 13:30:00,60.000,60.640,59.900,60.570,2413129
2026-01-20 14:00:00,60.570,60.690,60.300,60.300,1111200
2026-01-20 14:30:00,60.300,60.380,60.000,60.190,1569700
2026-01-20 15:00:00,60.190,60.270,59.890,60.220,2443177
2026-01-21 10:00:00,59.800,60.980,59.610,60.840,4246475
2026-01-21 10:30:00,60.840,61.590,60.810,61.270,3709170
2026-01-21 11:00:00,61.270,61.770,61.040,61.370,2736547
2026-01-21 11:30:00,61.390,61.630,61.210,61.240,1184747
2026-01-21 13:30:00,61.250,61.480,60.850,60.880,1891927
2026-01-21 14:00:00,60.880,61.390,60.840,61.320,1388761
2026-01-21 14:30:00,61.310,61.490,61.140,61.320,1632000
2026-01-21 15:00:00,61.320,61.540,61.240,61.520,2608213
2026-01-22 10:00:00,61.510,62.330,60.890,61.700,4608296
2026-01-22 10:30:00,61.720,61.960,61.400,61.780,2346736
2026-01-22 11:00:00,61.780,61.900,61.260,61.470,1609580
2026-01-22 11:30:00,61.470,61.530,61.050,61.170,1234900
2026-01-22 13:30:00,61.200,61.980,61.030,61.770,2221208
2026-01-22 14:00:00,61.770,61.950,61.670,61.860,1416111
2026-01-22 14:30:00,61.850,62.200,61.680,62.110,2249550
2026-01-22 15:00:00,62.100,62.200,61.930,62.180,2372061
2026-01-23 10:00:00,62.500,62.960,61.570,62.410,4839763
2026-01-23 10:30:00,62.410,62.540,62.020,62.030,2802730
2026-01-23 11:00:00,62.040,62.180,61.800,61.810,2106515
2026-01-23 11:30:00,61.820,62.000,61.660,61.710,1554908
2026-01-23 13:30:00,61.710,61.940,61.650,61.820,1528765
2026-01-23 14:00:00,61.860,62.150,61.760,62.030,1319306
2026-01-23 14:30:00,62.030,62.400,61.960,62.220,2013781
2026-01-23 15:00:00,62.220,62.230,62.000,62.160,2431450
2026-01-26 10:00:00,66.000,67.000,63.110,64.300,18694347
2026-01-26 10:30:00,64.290,64.300,63.170,63.250,3321597
2026-01-26 11:00:00,63.270,63.840,62.830,62.880,2262861
2026-01-26 11:30:00,62.870,64.180,62.870,64.180,1764454
2026-01-26 13:30:00,64.180,64.200,63.110,63.190,1473400
2026-01-26 14:00:00,63.190,63.570,63.110,63.200,1531100
2026-01-26 14:30:00,63.190,64.690,63.160,64.350,4082375
2026-01-26 15:00:00,64.350,64.430,63.770,64.400,4772860
2026-01-27 10:00:00,65.550,66.000,63.260,63.770,16898264
2026-01-27 10:30:00,63.970,65.170,63.770,64.640,6033045
2026-01-27 11:00:00,64.650,65.000,64.310,64.410,2539139
2026-01-27 11:30:00,64.390,64.470,63.730,64.260,1825930
2026-01-27 13:30:00,64.260,64.800,63.930,64.100,2185072
2026-01-27 14:00:00,64.100,65.260,64.100,65.210,3434527
2026-01-27 14:30:00,65.200,65.220,64.710,64.880,2160156
2026-01-27 15:00:00,64.880,65.250,64.850,65.250,3986312
2026-01-28 10:00:00,65.520,66.340,64.710,65.250,9825706
2026-01-28 10:30:00,65.250,65.260,64.420,64.800,3705650
2026-01-28 11:00:00,64.810,65.140,63.750,63.810,4414189
2026-01-28 11:30:00,63.810,64.710,63.770,64.590,1796570
2026-01-28 13:30:00,64.450,65.560,64.110,64.280,2788294
2026-01-28 14:00:00,64.280,64.690,64.200,64.220,1642700
2026-01-28 14:30:00,64.250,64.570,64.100,64.400,1443395
2026-01-28 15:00:00,64.400,64.860,64.310,64.330,3088543
2026-01-29 10:00:00,63.020,65.760,61.360,65.000,14165641
2026-01-29 10:30:00,65.000,66.300,65.000,65.800,8353508
2026-01-29 11:00:00,65.800,66.090,65.260,65.290,3670368
2026-01-29 11:30:00,65.290,65.300,64.330,64.510,3177295
2026-01-29 13:30:00,64.510,64.650,63.630,63.750,2341652
2026-01-29 14:00:00,63.730,64.100,62.950,63.290,2217700
2026-01-29 14:30:00,63.290,63.660,62.430,63.130,2102865
2026-01-29 15:00:00,63.120,63.280,63.000,63.060,1944694
2026-01-30 10:00:00,62.680,63.950,61.010,61.400,8442074
2026-01-30 10:30:00,61.410,62.360,60.700,60.750,4549047
2026-01-30 11:00:00,60.740,61.820,60.120,61.360,3399475
2026-01-30 11:30:00,61.360,62.980,61.360,62.690,2741900
2026-01-30 13:30:00,62.860,63.480,62.480,62.800,2342270
2026-01-30 14:00:00,62.810,62.970,62.410,62.620,1287100
2026-01-30 14:30:00,62.620,62.940,62.300,62.350,1267100
2026-01-30 15:00:00,62.330,62.580,62.320,62.500,1857333
2026-02-02 10:00:00,64.000,65.040,62.570,62.880,11733518
2026-02-02 10:30:00,62.870,63.980,62.560,63.240,3928402
2026-02-02 11:00:00,63.230,63.560,62.730,62.810,1756800
2026-02-02 11:30:00,62.810,63.920,62.600,63.270,2177162
2026-02-02 13:30:00,63.270,63.270,62.600,62.650,1762200
2026-02-02 14:00:00,62.660,62.970,62.220,62.930,1692600
2026-02-02 14:30:00,62.960,63.090,62.210,62.240,1583300
2026-02-02 15:00:00,62.230,62.340,61.450,61.480,2977118
2026-02-03 10:00:00,62.260,62.800,60.310,61.870,8196500
2026-02-03 10:30:00,61.850,62.000,60.100,60.190,4868202
2026-02-03 11:00:00,60.190,60.300,58.530,59.390,8045861
2026-02-03 11:30:00,59.400,60.140,59.350,60.080,2153647
2026-02-03 13:30:00,60.070,61.200,60.040,60.860,2643308
2026-02-03 14:00:00,60.870,61.500,60.850,61.290,2067794
2026-02-03 14:30:00,61.290,61.970,61.040,61.900,3031384
2026-02-03 15:00:00,61.890,61.980,61.530,61.820,3570325
2026-02-04 10:00:00,60.800,61.200,58.610,58.910,10599296
2026-02-04 10:30:00,58.900,59.300,58.660,58.730,3856601
2026-02-04 11:00:00,58.720,58.950,58.370,58.650,3469136
2026-02-04 11:30:00,58.630,58.800,58.310,58.390,1609300
2026-02-04 13:30:00,58.410,58.610,57.900,58.500,2941500
2026-02-04 14:00:00,58.490,58.650,58.080,58.130,1679298
2026-02-04 14:30:00,58.130,58.740,58.120,58.630,1798449
2026-02-04 15:00:00,58.630,59.240,58.550,58.860,3609043
2026-02-05 10:00:00,58.000,58.490,56.480,56.500,6409800
2026-02-05 10:30:00,56.490,56.840,56.070,56.280,3734600
2026-02-05 11:00:00,56.290,56.770,56.140,56.560,1692400
2026-02-05 11:30:00,56.560,56.800,56.220,56.240,914400
2026-02-05 13:30:00,56.250,56.570,56.180,56.380,1070225
2026-02-05 14:00:00,56.380,56.630,56.100,56.400,1290700
2026-02-05 14:30:00,56.400,56.670,56.230,56.290,1116548
2026-02-05 15:00:00,56.290,56.550,56.080,56.220,3118045
2026-02-06 10:00:00,55.910,56.500,55.110,56.120,3496475
2026-02-06 10:30:00,56.120,57.000,55.900,56.950,1857916
2026-02-06 11:00:00,56.940,57.640,56.720,57.620,2935935
2026-02-06 11:30:00,57.620,57.680,57.210,57.630,1484250
2026-02-06 13:30:00,57.630,58.740,57.630,58.020,3333165
2026-02-06 14:00:00,58.020,58.300,57.950,58.180,1212596
2026-02-06 14:30:00,58.200,58.240,57.830,57.910,1278199
2026-02-06 15:00:00,57.910,57.990,57.500,57.500,2068996
2026-02-09 10:00:00,58.770,59.230,58.070,58.480,5573310
2026-02-09 10:30:00,58.480,59.670,58.340,59.560,4099588
2026-02-09 11:00:00,59.550,60.320,59.250,59.920,3259480
2026-02-09 11:30:00,59.920,60.090,59.770,59.900,1459050
2026-02-09 13:30:00,59.900,59.910,59.610,59.770,1253314
2026-02-09 14:00:00,59.760,59.960,59.710,59.720,890300
2026-02-09 14:30:00,59.730,59.760,59.360,59.720,1053835
2026-02-09 15:00:00,59.730,59.800,59.330,59.480,2643796
2026-02-10 10:00:00,59.600,61.110,59.420,60.900,7038443
2026-02-10 10:30:00,60.890,61.050,59.800,59.910,3477304
2026-02-10 11:00:00,59.910,60.150,59.570,59.770,2239021
2026-02-10 11:30:00,59.760,59.840,59.460,59.750,1308644
2026-02-10 13:30:00,59.760,60.140,59.550,59.730,1555209
2026-02-10 14:00:00,59.720,59.850,59.530,59.710,1099682
2026-02-10 14:30:00,59.710,59.750,59.370,59.480,1345188
2026-02-10 15:00:00,59.500,59.730,59.420,59.480,1673100
2026-02-11 10:00:00,60.000,60.970,59.690,60.000,5832955
2026-02-11 10:30:00,60.000,60.800,59.810,60.210,2547374
2026-02-11 11:00:00,60.200,60.370,60.000,60.000,1234054
2026-02-11 11:30:00,60.010,60.180,59.860,60.060,1028825
2026-02-11 13:30:00,60.060,60.130,59.660,59.700,1039600
2026-02-11 14:00:00,59.700,59.950,59.600,59.800,811500
2026-02-11 14:30:00,59.790,59.800,59.220,59.290,1554100
2026-02-11 15:00:00,59.280,59.500,59.260,59.300,1538660
2026-02-12 10:00:00,60.310,61.970,60.110,61.950,12995511
2026-02-12 10:30:00,61.970,62.440,61.660,62.080,6857763
2026-02-12 11:00:00,62.070,63.160,62.070,62.510,4523047
2026-02-12 11:30:00,62.500,64.110,62.370,63.800,6472173
2026-02-12 13:30:00,63.800,64.500,63.680,63.950,4025780
2026-02-12 14:00:00,63.960,64.160,63.630,63.970,2699779
2026-02-12 14:30:00,63.970,64.100,63.610,63.690,2408252
2026-02-12 15:00:00,63.690,63.840,63.610,63.720,3869115
2026-02-13 10:00:00,62.840,63.930,62.400,63.400,7313600
2026-02-13 10:30:00,63.380,63.380,62.530,62.550,3525136
2026-02-13 11:00:00,62.550,62.660,62.150,62.570,2519210
2026-02-13 11:30:00,62.510,62.560,62.020,62.140,1724670
2026-02-13 13:30:00,62.140,62.320,61.920,61.930,2256100
2026-02-13 14:00:00,61.920,62.480,61.820,62.120,1558913
2026-02-13 14:30:00,62.120,62.120,61.730,61.860,1830600
2026-02-13 15:00:00,61.840,62.050,61.600,61.720,3639392
2026-02-24 10:00:00,61.880,62.010,58.500,59.500,11340015
2026-02-24 10:30:00,59.500,60.330,59.410,60.110,3752982
2026-02-24 11:00:00,60.110,60.280,59.850,60.000,1740700
2026-02-24 11:30:00,60.000,60.070,59.820,59.930,1613094
2026-02-24 13:30:00,59.920,60.300,59.500,59.530,2086392
2026-02-24 14:00:00,59.530,59.780,59.520,59.600,1084100
2026-02-24 14:30:00,59.600,59.620,59.420,59.450,1305062
2026-02-24 15:00:00,59.450,59.500,59.330,59.490,2234315
2026-02-25 10:00:00,59.180,59.990,58.830,58.910,5020000
2026-02-25 10:30:00,58.910,59.150,58.660,59.000,2133225
2026-02-25 11:00:00,59.010,59.130,58.970,59.060,1036900
2026-02-25 11:30:00,59.060,59.250,58.910,59.230,988500
2026-02-25 13:30:00,59.230,59.430,59.120,59.370,1127354
2026-02-25 14:00:00,59.380,59.400,59.020,59.100,1443315
2026-02-25 14:30:00,59.100,59.100,58.380,58.550,3796462
2026-02-25 15:00:00,58.540,58.870,58.530,58.860,2351099
2026-02-26 10:00:00,59.340,59.780,58.550,59.570,5471505
2026-02-26 10:30:00,59.570,60.950,59.500,60.110,6573300
2026-02-26 11:00:00,60.110,61.390,60.080,61.150,4741022
2026-02-26 11:30:00,61.150,61.900,61.090,61.440,3213530
2026-02-26 13:30:00,61.420,61.680,61.220,61.380,2176215
2026-02-26 14:00:00,61.380,61.800,60.990,61.600,3020817
2026-02-26 14:30:00,61.600,61.680,61.380,61.450,1629705
2026-02-26 15:00:00,61.450,61.640,61.450,61.600,3055334
2026-02-27 10:00:00,60.370,60.780,59.700,60.290,6039482
2026-02-27 10:30:00,60.290,61.300,60.250,61.080,2338700
2026-02-27 11:00:00,61.060,62.800,60.850,62.740,5515070
2026-02-27 11:30:00,62.730,63.800,62.500,62.820,5882402
2026-02-27 13:30:00,62.820,63.500,62.640,62.770,2839727
2026-02-27 14:00:00,62.760,62.970,62.670,62.720,1664853
2026-02-27 14:30:00,62.720,62.910,62.570,62.570,2080878
2026-02-27 15:00:00,62.570,62.700,62.400,62.650,2882789
2026-03-02 10:00:00,61.010,62.720,60.600,61.390,7555982
2026-03-02 10:30:00,61.390,62.080,60.730,61.330,3633689
2026-03-02 11:00:00,61.330,62.500,61.110,62.040,2936220
2026-03-02 11:30:00,62.040,62.070,61.300,61.620,1296218
2026-03-02 13:30:00,61.690,62.650,61.620,62.390,2322621
2026-03-02 14:00:00,62.410,62.670,62.130,62.170,1728600
2026-03-02 14:30:00,62.160,62.340,61.860,62.180,1364350
2026-03-02 15:00:00,62.180,62.250,62.000,62.050,2003691
2026-03-03 10:00:00,62.020,62.370,58.320,58.670,12746890
2026-03-03 10:30:00,58.630,58.760,57.210,58.060,7295060
2026-03-03 11:00:00,58.060,58.730,57.890,58.620,2994858
2026-03-03 11:30:00,58.650,58.900,58.210,58.270,2262500
2026-03-03 13:30:00,58.270,58.340,57.700,57.810,2114800
2026-03-03 14:00:00,57.830,57.840,57.210,57.240,2554000
2026-03-03 14:30:00,57.230,57.300,56.500,57.300,3988192
2026-03-03 15:00:00,57.300,57.350,56.550,56.590,3405181
2026-03-04 10:00:00,55.900,58.070,55.750,57.650,5979400
2026-03-04 10:30:00,57.640,58.500,57.600,57.710,3263960
2026-03-04 11:00:00,57.700,57.710,56.950,57.150,1680100
2026-03-04 11:30:00,57.160,57.310,56.830,57.000,1107700
2026-03-04 13:30:00,56.960,57.260,56.700,56.940,1143015
2026-03-04 14:00:00,56.890,57.100,56.610,56.610,1299200
2026-03-04 14:30:00,56.610,56.680,56.310,56.470,1277203
2026-03-04 15:00:00,56.480,56.750,56.420,56.670,1796077
2026-03-05 10:00:00,57.870,57.880,56.710,57.560,4520799
2026-03-05 10:30:00,57.590,58.130,57.330,57.760,2414700
2026-03-05 11:00:00,57.760,57.920,57.120,57.530,1693200
2026-03-05 11:30:00,57.530,57.580,57.190,57.270,1052564
2026-03-05 13:30:00,57.270,57.880,57.160,57.690,1455132
2026-03-05 14:00:00,57.700,58.230,57.590,57.840,2231480
2026-03-05 14:30:00,57.870,57.870,57.240,57.740,1660800
2026-03-05 15:00:00,57.750,57.980,57.680,57.880,2163328
2026-03-06 10:00:00,58.460,60.400,58.460,58.900,13417263
2026-03-06 10:30:00,58.890,60.950,58.800,60.500,5960750
2026-03-06 11:00:00,60.500,61.170,60.450,60.460,4880550
2026-03-06 11:30:00,60.460,60.750,60.400,60.640,1450510
2026-03-06 13:30:00,60.640,62.170,60.630,60.960,6183211
2026-03-06 14:00:00,60.970,61.150,60.680,60.680,1602800
2026-03-06 14:30:00,60.690,60.750,60.510,60.720,1421233
2026-03-06 15:00:00,60.700,60.840,60.580,60.700,2682861
2026-03-09 10:00:00,60.800,61.060,58.280,59.290,14649983
2026-03-09 10:30:00,59.250,60.550,59.100,60.360,3283100
2026-03-09 11:00:00,60.370,62.190,60.270,62.100,6558142
2026-03-09 11:30:00,62.090,62.260,61.510,61.590,3258839
2026-03-09 13:30:00,61.590,62.120,61.020,61.980,3088200
2026-03-09 14:00:00,61.980,62.910,61.980,62.800,5496896
2026-03-09 14:30:00,62.800,63.590,62.690,63.120,4891573
2026-03-09 15:00:00,63.120,63.200,62.700,63.160,4384653
2026-03-10 10:00:00,64.600,65.380,62.690,63.340,20597831
2026-03-10 10:30:00,63.340,63.910,63.130,63.430,5147439
2026-03-10 11:00:00,63.450,64.050,63.450,63.750,2962191
2026-03-10 11:30:00,63.770,67.800,63.170,67.760,14360073
2026-03-10 13:30:00,67.760,69.000,65.800,66.210,11820890
2026-03-10 14:00:00,66.230,66.500,66.000,66.310,3898016
2026-03-10 14:30:00,66.300,68.220,66.300,67.290,6835056
2026-03-10 15:00:00,67.300,69.480,67.100,69.480,12787879
2026-03-11 10:00:00,69.820,69.980,68.010,69.610,34211463
2026-03-11 10:30:00,69.610,72.820,69.300,71.720,20745991
2026-03-11 11:00:00,71.710,72.180,70.310,70.780,6164040
2026-03-11 11:30:00,70.780,70.790,68.600,68.780,7632924
2026-03-11 13:30:00,68.800,69.050,67.300,67.380,8843444
2026-03-11 14:00:00,67.370,69.790,67.300,68.860,5703667
2026-03-11 14:30:00,68.860,69.500,68.000,68.450,2755391
2026-03-11 15:00:00,68.410,68.500,67.690,67.970,6788881
2026-03-12 10:00:00,69.130,70.330,68.290,69.170,27712910
2026-03-12 10:30:00,69.170,69.360,68.370,68.670,8423630
2026-03-12 11:00:00,68.670,69.180,67.900,68.010,5616611
2026-03-12 11:30:00,68.010,68.350,67.820,68.060,2859720
2026-03-12 13:30:00,68.080,69.240,67.800,68.860,5216286
2026-03-12 14:00:00,68.860,69.000,68.150,68.760,3424389
2026-03-12 14:30:00,68.740,69.030,68.500,68.540,2906100
2026-03-12 15:00:00,68.540,68.860,68.320,68.370,4552303
2026-03-13 10:00:00,67.740,68.660,65.000,65.240,20709583
2026-03-13 10:30:00,65.260,66.100,65.010,65.450,7949723
2026-03-13 11:00:00,65.430,65.900,64.820,65.200,5190584
2026-03-13 11:30:00,65.210,65.270,64.790,65.060,2964890
2026-03-13 13:30:00,65.060,65.110,64.500,64.540,3794261
2026-03-13 14:00:00,64.550,64.950,64.340,64.400,3292594
2026-03-13 14:30:00,64.400,64.540,64.020,64.170,4010278
2026-03-13 15:00:00,64.170,64.390,63.900,64.060,5714211
2026-03-16 10:00:00,64.000,64.090,60.680,63.310,16253579
2026-03-16 10:30:00,63.310,63.800,62.870,62.970,5646545
2026-03-16 11:00:00,62.960,63.150,62.700,62.910,1681700
2026-03-16 11:30:00,62.910,63.370,62.530,63.350,1494300
2026-03-16 13:30:00,63.330,63.990,63.330,63.770,3622776
2026-03-16 14:00:00,63.770,64.230,63.530,63.720,2592400
2026-03-16 14:30:00,63.750,64.130,63.460,63.890,1938444
2026-03-16 15:00:00,63.890,63.950,63.700,63.770,2731746
2026-03-17 10:00:00,64.520,64.990,62.750,64.760,11293652
2026-03-17 10:30:00,64.760,65.290,63.660,64.010,4689917
2026-03-17 11:00:00,64.000,64.280,63.660,63.730,1405200
2026-03-17 11:30:00,63.730,63.800,63.300,63.360,1576428
2026-03-17 13:30:00,63.360,63.410,62.900,63.050,1921700
2026-03-17 14:00:00,63.050,63.080,62.620,62.630,1895700
2026-03-17 14:30:00,62.620,62.750,62.010,62.140,2643381
2026-03-17 15:00:00,62.130,62.200,61.740,61.910,4092623
2026-03-18 10:00:00,62.540,63.780,62.540,63.590,9096576
2026-03-18 10:30:00,63.590,63.930,63.260,63.520,5031182
2026-03-18 11:00:00,63.520,63.540,63.020,63.130,2778128
2026-03-18 11:30:00,63.130,64.270,63.130,64.160,4570281
2026-03-18 13:30:00,64.160,65.590,64.150,64.710,8458620
2026-03-18 14:00:00,64.720,65.680,64.690,65.470,4676396
2026-03-18 14:30:00,65.480,66.530,65.470,66.170,5748287
2026-03-18 15:00:00,66.170,66.770,66.110,66.500,7479390
2026-03-19 10:00:00,64.460,66.460,64.390,65.910,14370951
2026-03-19 10:30:00,65.910,67.400,65.510,67.250,6232469
2026-03-19 11:00:00,67.240,67.360,66.050,66.090,5118350
2026-03-19 11:30:00,66.090,66.460,65.810,66.080,2067600
2026-03-19 13:30:00,66.080,66.240,65.150,65.180,2975747
2026-03-19 14:00:00,65.200,66.060,65.170,65.780,2273197
2026-03-19 14:30:00,65.750,66.000,65.200,65.340,2047019
2026-03-19 15:00:00,65.340,65.770,65.020,65.500,4520505
2026-03-20 10:00:00,65.860,66.000,63.950,64.610,9718268
2026-03-20 10:30:00,64.580,65.060,63.690,65.060,4736512
2026-03-20 11:00:00,65.020,65.020,63.350,63.430,3952511
2026-03-20 11:30:00,63.420,65.250,63.280,65.100,3435025
2026-03-20 13:30:00,65.050,65.620,63.850,63.920,3987684
2026-03-20 14:00:00,63.920,63.920,63.310,63.480,3567300
2026-03-20 14:30:00,63.490,63.740,63.280,63.500,2243842
2026-03-20 15:00:00,63.510,63.590,62.900,62.950,4236097
2026-03-23 10:00:00,61.800,63.430,61.650,63.010,8644934
2026-03-23 10:30:00,63.010,63.440,62.000,62.000,4054000
2026-03-23 11:00:00,62.010,62.230,61.380,61.700,3348360
2026-03-23 11:30:00,61.690,61.900,61.010,61.090,1750103
2026-03-23 13:30:00,61.080,61.290,59.800,59.800,4401682
2026-03-23 14:00:00,59.800,60.850,59.790,60.480,2552181
2026-03-23 14:30:00,60.450,60.480,59.280,60.170,2954869
2026-03-23 15:00:00,60.150,60.170,58.560,58.730,3600671
2026-03-24 10:00:00,60.000,60.370,57.530,57.530,8519031
2026-03-24 10:30:00,57.530,58.600,57.250,58.590,3837550
2026-03-24 11:00:00,58.590,59.130,58.420,58.810,2401616
2026-03-24 11:30:00,58.820,59.080,58.600,58.810,1471700
2026-03-24 13:30:00,58.820,58.880,56.850,57.020,3634018
2026-03-24 14:00:00,57.040,57.440,57.000,57.080,2421249
2026-03-24 14:30:00,57.080,58.500,57.060,58.400,3076381
2026-03-24 15:00:00,58.400,58.980,58.390,58.930,3569725
2026-03-25 10:00:00,59.750,61.630,59.750,61.290,11291737
2026-03-25 10:30:00,61.280,61.780,60.800,60.810,4023734
2026-03-25 11:00:00,60.810,61.030,60.500,60.640,3184514
2026-03-25 11:30:00,60.630,60.880,60.510,60.730,1412840
2026-03-25 13:30:00,60.730,61.060,60.690,61.020,1533083
2026-03-25 14:00:00,61.020,61.550,60.990,61.140,2168778
2026-03-25 14:30:00,61.150,61.280,60.700,60.930,1532667
2026-03-25 15:00:00,60.930,61.150,60.930,61.140,2825965
2026-03-26 10:00:00,60.580,60.800,59.550,59.810,7391475
2026-03-26 10:30:00,59.800,60.160,59.620,59.720,2610917
2026-03-26 11:00:00,59.720,59.940,59.320,59.460,2282660
2026-03-26 11:30:00,59.490,59.640,59.180,59.220,1335115
2026-03-26 13:30:00,59.220,59.270,58.370,58.410,3061328
2026-03-26 14:00:00,58.460,58.740,58.380,58.380,2049100
2026-03-26 14:30:00,58.380,58.660,58.150,58.230,1972532
2026-03-26 15:00:00,58.240,58.570,58.020,58.430,3205176
2026-03-27 10:00:00,57.050,57.910,56.900,57.910,5462575
2026-03-27 10:30:00,57.920,58.170,57.630,58.000,1952663
2026-03-27 11:00:00,58.010,58.150,57.600,57.850,1908780
2026-03-27 11:30:00,57.850,58.190,57.780,58.190,1035771
2026-03-27 13:30:00,58.190,59.180,58.180,58.740,2900271
2026-03-27 14:00:00,58.740,58.950,58.410,58.410,1500900
2026-03-27 14:30:00,58.410,58.420,58.130,58.210,1251300
2026-03-27 15:00:00,58.210,58.380,58.100,58.230,2108200
2026-03-30 10:00:00,57.030,57.390,55.880,56.100,8438427
2026-03-30 10:30:00,56.110,57.940,55.880,57.940,3648530
2026-03-30 11:00:00,57.930,58.000,57.400,57.890,2163886
2026-03-30 11:30:00,57.890,58.490,57.880,58.460,1644400
2026-03-30 13:30:00,58.460,58.500,57.900,57.920,1040015
2026-03-30 14:00:00,57.930,58.230,57.690,58.230,950114
2026-03-30 14:30:00,58.240,58.260,57.980,58.090,985526
2026-03-30 15:00:00,58.080,58.180,58.070,58.140,1468758
2026-03-31 10:00:00,58.150,58.350,57.270,58.340,4377552
2026-03-31 10:30:00,58.340,58.400,57.570,57.570,2401492
2026-03-31 11:00:00,57.570,57.660,56.680,56.800,3989300
2026-03-31 11:30:00,56.810,56.880,56.100,56.420,2343800
2026-03-31 13:30:00,56.410,56.700,55.000,55.990,4429407
2026-03-31 14:00:00,56.000,56.600,55.960,56.350,1574265
2026-03-31 14:30:00,56.350,56.350,55.890,55.920,1511858
2026-03-31 15:00:00,55.910,55.950,55.300,55.330,4253068
