date,open,high,low,close,volume
2025-03-26 14:30:00,17.430,17.460,17.400,17.410,3547724
2025-03-26 15:00:00,17.400,17.410,17.350,17.360,7395623
2025-03-27 10:00:00,17.270,17.330,17.030,17.120,20849562
2025-03-27 10:30:00,17.130,17.160,17.080,17.100,5409493
2025-03-27 11:00:00,17.110,17.250,17.090,17.180,5374968
2025-03-27 11:30:00,17.180,17.190,17.100,17.100,2909036
2025-03-27 13:30:00,17.110,17.110,17.050,17.070,5793308
2025-03-27 14:00:00,17.070,17.100,17.040,17.040,5331892
2025-03-27 14:30:00,17.050,17.100,17.040,17.060,3415280
2025-03-27 15:00:00,17.070,17.080,17.010,17.040,9260816
2025-03-28 10:00:00,17.010,17.250,17.010,17.090,11746389
2025-03-28 10:30:00,17.090,17.150,17.020,17.050,5339364
2025-03-28 11:00:00,17.060,17.080,17.030,17.030,3271940
2025-03-28 11:30:00,17.040,17.050,16.920,16.970,6649576
2025-03-28 13:30:00,16.960,16.980,16.880,16.900,4953668
2025-03-28 14:00:00,16.900,17.030,16.890,16.980,3674876
2025-03-28 14:30:00,16.980,16.990,16.900,16.940,3701700
2025-03-28 15:00:00,16.930,16.940,16.860,16.870,8839072
2025-03-31 10:00:00,16.820,16.830,16.390,16.470,31934107
2025-03-31 10:30:00,16.470,16.480,16.230,16.250,18410881
2025-03-31 11:00:00,16.250,16.260,16.130,16.160,12552512
2025-03-31 11:30:00,16.150,16.160,16.000,16.010,12638460
2025-03-31 13:30:00,16.010,16.070,15.880,15.970,17758637
2025-03-31 14:00:00,15.970,16.010,15.800,15.810,15494518
2025-03-31 14:30:00,15.810,16.000,15.800,15.890,13088542
2025-03-31 15:00:00,15.880,15.900,15.850,15.850,16056767
2025-04-01 10:00:00,15.850,16.050,15.710,16.040,23792496
2025-04-01 10:30:00,16.040,16.200,16.000,16.060,14213077
2025-04-01 11:00:00,16.070,16.210,16.050,16.100,7158740
2025-04-01 11:30:00,16.110,16.170,16.080,16.130,2556223
2025-04-01 13:30:00,16.130,16.150,16.040,16.040,4603424
2025-04-01 14:00:00,16.050,16.060,16.000,16.040,4944292
2025-04-01 14:30:00,16.040,16.050,16.010,16.050,3049396
2025-04-01 15:00:00,16.050,16.080,16.020,16.040,6175669
2025-04-02 10:00:00,15.990,16.100,15.920,16.090,8709884
2025-04-02 10:30:00,16.090,16.130,16.040,16.070,5650016
2025-04-02 11:00:00,16.080,16.090,16.050,16.070,2042228
2025-04-02 11:30:00,16.060,16.070,16.020,16.040,2270198
2025-04-02 13:30:00,16.040,16.070,16.000,16.030,2761352
2025-04-02 14:00:00,16.030,16.040,15.990,16.000,5670960
2025-04-02 14:30:00,16.010,16.080,15.950,16.010,6635689
2025-04-02 15:00:00,16.020,16.020,15.930,15.960,10997742
2025-04-03 10:00:00,15.650,16.090,15.560,15.930,18377436
2025-04-03 10:30:00,15.920,15.980,15.870,15.970,4669904
2025-04-03 11:00:00,15.970,15.980,15.810,15.830,3844696
2025-04-03 11:30:00,15.840,15.870,15.770,15.790,4376539
2025-04-03 13:30:00,15.780,15.810,15.710,15.750,5473078
2025-04-03 14:00:00,15.760,15.830,15.730,15.810,3875286
2025-04-03 14:30:00,15.800,15.840,15.750,15.780,4301248
2025-04-03 15:00:00,15.770,15.790,15.730,15.760,6324570
2025-04-07 10:00:00,15.000,15.000,14.180,14.370,78577805
2025-04-07 10:30:00,14.370,14.420,14.230,14.350,13638470
2025-04-07 11:00:00,14.340,14.470,14.310,14.340,8425956
2025-04-07 11:30:00,14.330,14.360,14.200,14.220,8279626
2025-04-07 13:30:00,14.210,14.270,14.180,14.220,17059591
2025-04-07 14:00:00,14.210,14.230,14.180,14.180,11771992
2025-04-07 14:30:00,14.180,14.180,14.180,14.180,2874200
2025-04-07 15:00:00,14.180,14.300,14.180,14.180,13071992
2025-04-08 10:00:00,14.390,14.650,14.280,14.380,43930761
2025-04-08 10:30:00,14.390,14.450,14.290,14.300,11135824
2025-04-08 11:00:00,14.300,14.350,14.250,14.250,8154428
2025-04-08 11:30:00,14.260,14.380,14.250,14.350,8082441
2025-04-08 13:30:00,14.350,14.380,14.270,14.330,12434360
2025-04-08 14:00:00,14.340,14.450,14.270,14.400,12653622
2025-04-08 14:30:00,14.390,14.420,14.300,14.380,8302296
2025-04-08 15:00:00,14.360,14.520,14.320,14.520,15957591
2025-04-09 10:00:00,14.340,14.410,14.010,14.370,33765922
2025-04-09 10:30:00,14.370,14.630,14.300,14.550,14930792
2025-04-09 11:00:00,14.560,14.570,14.450,14.550,5439960
2025-04-09 11:30:00,14.550,14.570,14.390,14.480,5936728
2025-04-09 13:30:00,14.500,14.500,14.410,14.490,5962280
2025-04-09 14:00:00,14.490,14.600,14.470,14.550,8681765
2025-04-09 14:30:00,14.540,14.580,14.500,14.530,6990084
2025-04-09 15:00:00,14.520,14.710,14.470,14.710,19103698
2025-04-10 10:00:00,15.290,15.330,14.930,15.130,32759330
2025-04-10 10:30:00,15.130,15.150,15.010,15.030,8944356
2025-04-10 11:00:00,15.030,15.050,14.920,14.960,8238536
2025-04-10 11:30:00,14.950,15.050,14.930,14.990,4960212
2025-04-10 13:30:00,14.990,15.000,14.940,14.990,4103258
2025-04-10 14:00:00,15.000,15.000,14.920,14.930,6069870
2025-04-10 14:30:00,14.930,15.060,14.920,14.990,6752908
2025-04-10 15:00:00,14.980,15.030,14.910,15.030,10873764
2025-04-11 10:00:00,14.980,14.980,14.830,14.910,16195175
2025-04-11 10:30:00,14.900,14.910,14.760,14.790,9007085
2025-04-11 11:00:00,14.780,14.800,14.750,14.760,6070135
2025-04-11 11:30:00,14.750,14.860,14.750,14.830,5726879
2025-04-11 13:30:00,14.830,14.940,14.820,14.880,8971612
2025-04-11 14:00:00,14.880,14.900,14.830,14.840,9789820
2025-04-11 14:30:00,14.840,14.850,14.770,14.780,9512132
2025-04-11 15:00:00,14.780,14.810,14.730,14.800,13757426
2025-04-14 10:00:00,14.940,15.040,14.910,14.980,21928768
2025-04-14 10:30:00,14.970,15.080,14.960,15.060,11946892
2025-04-14 11:00:00,15.050,15.150,15.010,15.080,8608315
2025-04-14 11:30:00,15.080,15.110,15.020,15.050,3112248
2025-04-14 13:30:00,15.050,15.070,14.930,14.940,6353248
2025-04-14 14:00:00,14.950,14.960,14.920,14.940,3643488
2025-04-14 14:30:00,14.930,14.960,14.910,14.920,3689532
2025-04-14 15:00:00,14.910,14.930,14.900,14.900,6852946
2025-04-15 10:00:00,14.890,14.910,14.710,14.710,13195550
2025-04-15 10:30:00,14.710,14.750,14.660,14.700,6981044
2025-04-15 11:00:00,14.700,14.810,14.690,14.770,5619232
2025-04-15 11:30:00,14.760,14.780,14.700,14.760,3979840
2025-04-15 13:30:00,14.760,14.770,14.690,14.700,2838396
2025-04-15 14:00:00,14.700,14.740,14.690,14.710,2793696
2025-04-15 14:30:00,14.700,14.710,14.670,14.680,4458796
2025-04-15 15:00:00,14.680,14.730,14.660,14.730,8255827
2025-04-16 10:00:00,14.750,14.760,14.460,14.470,16986193
2025-04-16 10:30:00,14.480,14.490,14.410,14.410,9672107
2025-04-16 11:00:00,14.420,14.470,14.400,14.420,6199336
2025-04-16 11:30:00,14.420,14.470,14.410,14.430,4692428
2025-04-16 13:30:00,14.430,14.540,14.410,14.490,5955100
2025-04-16 14:00:00,14.500,14.560,14.480,14.540,4524365
2025-04-16 14:30:00,14.530,14.550,14.490,14.500,3303920
2025-04-16 15:00:00,14.500,14.980,14.480,14.980,17984864
2025-04-17 10:00:00,14.800,14.860,14.710,14.850,13707100
2025-04-17 10:30:00,14.840,14.940,14.810,14.880,6623072
2025-04-17 11:00:00,14.880,14.910,14.850,14.860,2669704
2025-04-17 11:30:00,14.870,14.910,14.860,14.910,2824632
2025-04-17 13:30:00,14.910,14.920,14.820,14.860,4132496
2025-04-17 14:00:00,14.860,15.020,14.840,14.960,8841694
2025-04-17 14:30:00,14.960,14.970,14.880,14.890,4160940
2025-04-17 15:00:00,14.890,14.970,14.840,14.970,11102513
2025-04-18 10:00:00,14.880,14.900,14.770,14.820,7449342
2025-04-18 10:30:00,14.820,14.850,14.790,14.810,2698268
2025-04-18 11:00:00,14.810,14.840,14.790,14.810,2618158
2025-04-18 11:30:00,14.810,14.810,14.780,14.800,2012421
2025-04-18 13:30:00,14.800,14.810,14.780,14.790,1914705
2025-04-18 14:00:00,14.800,14.910,14.790,14.880,4147936
2025-04-18 14:30:00,14.880,14.890,14.840,14.870,2047140
2025-04-18 15:00:00,14.870,14.950,14.850,14.850,9608448
2025-04-21 10:00:00,14.800,14.920,14.720,14.820,8081709
2025-04-21 10:30:00,14.820,14.840,14.800,14.800,6102867
2025-04-21 11:00:00,14.800,14.830,14.800,14.820,3366028
2025-04-21 11:30:00,14.820,14.850,14.810,14.830,1685768
2025-04-21 13:30:00,14.830,14.890,14.810,14.860,3338868
2025-04-21 14:00:00,14.870,14.870,14.840,14.840,2602984
2025-04-21 14:30:00,14.850,14.880,14.840,14.860,2937244
2025-04-21 15:00:00,14.870,14.880,14.850,14.870,5124882
2025-04-22 10:00:00,14.860,14.860,14.760,14.840,8720200
2025-04-22 10:30:00,14.840,14.860,14.790,14.810,3930482
2025-04-22 11:00:00,14.810,14.840,14.770,14.800,2973380
2025-04-22 11:30:00,14.790,14.800,14.710,14.710,4036528
2025-04-22 13:30:00,14.710,14.930,14.660,14.800,9565156
2025-04-22 14:00:00,14.800,14.830,14.790,14.810,2357868
2025-04-22 14:30:00,14.810,14.850,14.800,14.810,2219349
2025-04-22 15:00:00,14.820,14.850,14.800,14.800,5303422
2025-04-23 10:00:00,14.850,15.070,14.840,14.870,20263472
2025-04-23 10:30:00,14.860,14.880,14.820,14.870,4596868
2025-04-23 11:00:00,14.870,14.900,14.840,14.880,2623892
2025-04-23 11:30:00,14.880,14.940,14.860,14.900,2893413
2025-04-23 13:30:00,14.910,15.000,14.900,14.980,8237251
2025-04-23 14:00:00,14.980,14.980,14.950,14.950,3322776
2025-04-23 14:30:00,14.950,14.950,14.880,14.910,3486136
2025-04-23 15:00:00,14.920,14.940,14.890,14.900,5633312
2025-04-24 10:00:00,14.920,15.130,14.770,15.060,17700019
2025-04-24 10:30:00,15.060,15.090,14.970,15.010,6293555
2025-04-24 11:00:00,15.020,15.020,14.880,14.900,4663396
2025-04-24 11:30:00,14.900,14.900,14.780,14.840,6825522
2025-04-24 13:30:00,14.830,14.840,14.790,14.800,3724596
2025-04-24 14:00:00,14.800,14.820,14.790,14.790,3167216
2025-04-24 14:30:00,14.790,14.800,14.730,14.730,5590224
2025-04-24 15:00:00,14.730,14.760,14.710,14.710,7045314
2025-04-25 10:00:00,14.710,14.800,14.660,14.700,10449738
2025-04-25 10:30:00,14.710,14.880,14.700,14.760,9096693
2025-04-25 11:00:00,14.760,14.790,14.750,14.780,2102344
2025-04-25 11:30:00,14.780,14.820,14.760,14.780,2561811
2025-04-25 13:30:00,14.780,14.830,14.770,14.780,3070314
2025-04-25 14:00:00,14.790,14.830,14.770,14.810,3652356
2025-04-25 14:30:00,14.810,14.980,14.780,14.890,12043177
2025-04-25 15:00:00,14.890,14.910,14.850,14.890,6881808
2025-04-28 10:00:00,14.890,15.040,14.830,14.900,12913916
2025-04-28 10:30:00,14.900,15.200,14.880,15.150,20038908
2025-04-28 11:00:00,15.160,15.250,15.110,15.180,11360342
2025-04-28 11:30:00,15.170,15.230,15.130,15.150,5762932
2025-04-28 13:30:00,15.150,15.160,15.000,15.020,5768520
2025-04-28 14:00:00,15.030,15.040,14.970,15.020,4443267
2025-04-28 14:30:00,15.010,15.020,14.960,14.960,3191533
2025-04-28 15:00:00,14.960,14.980,14.940,14.950,6815254
2025-04-29 10:00:00,14.950,15.110,14.850,15.040,11836111
2025-04-29 10:30:00,15.030,15.050,14.950,14.970,5100684
2025-04-29 11:00:00,14.960,14.980,14.930,14.930,2346410
2025-04-29 11:30:00,14.940,14.950,14.900,14.920,2370380
2025-04-29 13:30:00,14.930,14.950,14.880,14.910,3172943
2025-04-29 14:00:00,14.920,14.940,14.880,14.930,1671825
2025-04-29 14:30:00,14.930,14.990,14.920,14.930,2707442
2025-04-29 15:00:00,14.920,14.930,14.830,14.860,8673598
2025-04-30 10:00:00,14.700,15.040,14.610,14.730,30987116
2025-04-30 10:30:00,14.740,14.900,14.720,14.900,7574529
2025-04-30 11:00:00,14.900,14.910,14.780,14.810,4546626
2025-04-30 11:30:00,14.810,14.870,14.800,14.830,2057214
2025-04-30 13:30:00,14.840,14.840,14.720,14.730,6129530
2025-04-30 14:00:00,14.730,14.750,14.710,14.740,3094404
2025-04-30 14:30:00,14.740,14.740,14.720,14.730,3608564
2025-04-30 15:00:00,14.730,14.750,14.700,14.700,10112323
2025-05-06 10:00:00,14.820,15.050,14.750,14.990,25809322
2025-05-06 10:30:00,14.990,15.080,14.950,15.030,13667110
2025-05-06 11:00:00,15.030,15.140,15.010,15.080,12897456
2025-05-06 11:30:00,15.080,15.140,15.070,15.100,5397860
2025-05-06 13:30:00,15.110,15.120,15.010,15.020,7737302
2025-05-06 14:00:00,15.030,15.050,14.980,15.000,5396132
2025-05-06 14:30:00,14.990,15.020,14.980,14.980,4242692
2025-05-06 15:00:00,14.990,15.050,14.970,15.030,9431272
2025-05-07 10:00:00,15.340,15.370,14.960,15.040,23229641
2025-05-07 10:30:00,15.040,15.090,14.970,15.040,8051488
2025-05-07 11:00:00,15.040,15.060,14.980,15.000,3637360
2025-05-07 11:30:00,15.000,15.110,15.000,15.080,5637892
2025-05-07 13:30:00,15.070,15.090,15.020,15.040,3014915
2025-05-07 14:00:00,15.050,15.060,14.990,14.990,3431627
2025-05-07 14:30:00,14.990,15.040,14.980,15.010,5034620
2025-05-07 15:00:00,15.010,15.100,14.990,15.100,9081388
2025-05-08 10:00:00,15.010,15.290,14.980,15.230,18293195
2025-05-08 10:30:00,15.240,15.350,15.220,15.240,14556182
2025-05-08 11:00:00,15.240,15.280,15.210,15.270,5032953
2025-05-08 11:30:00,15.270,15.330,15.260,15.320,8758511
2025-05-08 13:30:00,15.310,15.320,15.220,15.250,4384640
2025-05-08 14:00:00,15.260,15.280,15.230,15.280,3435838
2025-05-08 14:30:00,15.270,15.300,15.260,15.280,3549100
2025-05-08 15:00:00,15.280,15.300,15.270,15.270,8477876
2025-05-09 10:00:00,15.280,15.280,15.050,15.090,14140667
2025-05-09 10:30:00,15.090,15.090,15.020,15.040,5371972
2025-05-09 11:00:00,15.030,15.040,14.940,14.950,8927428
2025-05-09 11:30:00,14.950,14.990,14.930,14.960,3965380
2025-05-09 13:30:00,14.950,15.020,14.940,15.000,3742962
2025-05-09 14:00:00,15.020,15.030,14.970,15.020,3115200
2025-05-09 14:30:00,15.010,15.020,14.960,14.960,3742900
2025-05-09 15:00:00,14.960,14.980,14.920,14.920,10085607
2025-05-12 10:00:00,15.090,15.360,15.080,15.220,31755634
2025-05-12 10:30:00,15.220,15.270,15.200,15.210,7792744
2025-05-12 11:00:00,15.220,15.230,15.180,15.190,5238656
2025-05-12 11:30:00,15.200,15.240,15.170,15.170,4640048
2025-05-12 13:30:00,15.170,15.320,15.170,15.270,11178390
2025-05-12 14:00:00,15.270,15.270,15.210,15.230,3868988
2025-05-12 14:30:00,15.230,15.300,15.230,15.280,7910895
2025-05-12 15:00:00,15.290,15.390,15.280,15.390,26960903
2025-05-13 10:00:00,15.640,16.130,15.530,15.970,90587329
2025-05-13 10:30:00,15.980,16.040,15.810,15.830,21621837
2025-05-13 11:00:00,15.830,15.840,15.750,15.830,10162040
2025-05-13 11:30:00,15.830,15.830,15.700,15.710,5686140
2025-05-13 13:30:00,15.710,15.720,15.650,15.660,7198212
2025-05-13 14:00:00,15.660,15.740,15.620,15.720,6221270
2025-05-13 14:30:00,15.710,15.740,15.650,15.650,4469832
2025-05-13 15:00:00,15.650,15.670,15.600,15.630,9841963
2025-05-14 10:00:00,15.490,15.600,15.350,15.400,30623388
2025-05-14 10:30:00,15.390,15.400,15.330,15.340,8726175
2025-05-14 11:00:00,15.350,15.400,15.310,15.360,4889632
2025-05-14 11:30:00,15.360,15.410,15.350,15.380,3723963
2025-05-14 13:30:00,15.370,15.500,15.360,15.480,5846668
2025-05-14 14:00:00,15.480,15.650,15.450,15.540,10302492
2025-05-14 14:30:00,15.540,15.550,15.490,15.500,4195112
2025-05-14 15:00:00,15.500,15.540,15.490,15.530,7810660
2025-05-15 10:00:00,15.490,15.490,15.260,15.260,13262348
2025-05-15 10:30:00,15.260,15.300,15.250,15.270,5747740
2025-05-15 11:00:00,15.260,15.270,15.200,15.210,10017440
2025-05-15 11:30:00,15.200,15.210,15.170,15.190,5327664
2025-05-15 13:30:00,15.190,15.200,15.140,15.150,5569820
2025-05-15 14:00:00,15.160,15.160,15.120,15.130,4637500
2025-05-15 14:30:00,15.140,15.180,15.100,15.130,8774782
2025-05-15 15:00:00,15.130,15.140,15.090,15.090,13113382
2025-05-16 10:00:00,15.080,15.180,15.070,15.140,12461772
2025-05-16 10:30:00,15.140,15.160,15.080,15.090,4890040
2025-05-16 11:00:00,15.080,15.180,15.080,15.130,4431401
2025-05-16 11:30:00,15.130,15.140,15.080,15.100,3050218
2025-05-16 13:30:00,15.100,15.130,15.080,15.110,3256532
2025-05-16 14:00:00,15.110,15.110,15.070,15.080,3528676
2025-05-16 14:30:00,15.080,15.110,15.050,15.090,4415536
2025-05-16 15:00:00,15.090,15.150,15.080,15.150,7746632
2025-05-19 10:00:00,15.100,15.120,14.910,14.990,13573312
2025-05-19 10:30:00,14.990,15.030,14.970,15.010,4760864
2025-05-19 11:00:00,15.010,15.090,15.000,15.060,3480748
2025-05-19 11:30:00,15.070,15.090,15.040,15.060,2860258
2025-05-19 13:30:00,15.060,15.130,15.050,15.080,3294264
2025-05-19 14:00:00,15.090,15.110,15.050,15.060,1613312
2025-05-19 14:30:00,15.060,15.110,15.060,15.070,2672464
2025-05-19 15:00:00,15.080,15.090,15.060,15.090,4022824
2025-05-20 10:00:00,15.100,15.120,14.970,15.000,7730326
2025-05-20 10:30:00,15.010,15.050,15.000,15.030,3182770
2025-05-20 11:00:00,15.030,15.090,15.010,15.030,3341620
2025-05-20 11:30:00,15.030,15.090,15.020,15.080,2531376
2025-05-20 13:30:00,15.090,15.120,15.070,15.090,3827547
2025-05-20 14:00:00,15.090,15.100,15.070,15.080,2009260
2025-05-20 14:30:00,15.080,15.110,15.070,15.110,2536748
2025-05-20 15:00:00,15.110,15.110,15.080,15.110,4957244
2025-05-21 10:00:00,15.120,15.230,15.050,15.170,13017099
2025-05-21 10:30:00,15.160,15.180,15.120,15.180,4952637
2025-05-21 11:00:00,15.180,15.220,15.160,15.190,4660858
2025-05-21 11:30:00,15.200,15.220,15.170,15.200,3148084
2025-05-21 13:30:00,15.200,15.210,15.160,15.180,3068804
2025-05-21 14:00:00,15.190,15.190,15.140,15.160,2533392
2025-05-21 14:30:00,15.150,15.160,15.130,15.130,3294989
2025-05-21 15:00:00,15.140,15.150,15.120,15.130,6022953
2025-05-22 10:00:00,15.080,15.120,14.970,15.060,9018464
2025-05-22 10:30:00,15.060,15.100,15.040,15.060,3470960
2025-05-22 11:00:00,15.060,15.080,15.030,15.030,3065180
2025-05-22 11:30:00,15.030,15.090,15.010,15.080,3828480
2025-05-22 13:30:00,15.080,15.090,15.020,15.040,1937490
2025-05-22 14:00:00,15.050,15.060,15.030,15.060,1680092
2025-05-22 14:30:00,15.060,15.060,15.030,15.040,2072900
2025-05-22 15:00:00,15.040,15.050,15.000,15.010,5145470
2025-05-23 10:00:00,15.000,15.220,14.930,15.090,13732753
2025-05-23 10:30:00,15.090,15.120,15.030,15.090,4558795
2025-05-23 11:00:00,15.080,15.140,15.060,15.140,2573680
2025-05-23 11:30:00,15.140,15.160,15.110,15.120,2885105
2025-05-23 13:30:00,15.120,15.140,15.090,15.130,2174524
2025-05-23 14:00:00,15.130,15.130,15.060,15.060,2568284
2025-05-23 14:30:00,15.060,15.070,14.950,14.970,8734377
2025-05-23 15:00:00,14.970,14.990,14.920,14.920,8768079
2025-05-26 10:00:00,14.930,15.150,14.910,15.060,12303428
2025-05-26 10:30:00,15.060,15.080,15.020,15.070,2763525
2025-05-26 11:00:00,15.070,15.080,14.980,15.000,3282111
2025-05-26 11:30:00,14.990,15.010,14.900,14.970,5481208
2025-05-26 13:30:00,14.970,14.990,14.930,14.960,2908620
2025-05-26 14:00:00,14.960,15.020,14.940,15.010,2622384
2025-05-26 14:30:00,15.010,15.020,14.970,14.990,2283560
2025-05-26 15:00:00,14.990,15.010,14.980,14.990,5075284
2025-05-27 10:00:00,14.910,14.980,14.570,14.610,31671657
2025-05-27 10:30:00,14.610,14.610,14.490,14.520,24369026
2025-05-27 11:00:00,14.520,14.540,14.470,14.500,8414028
2025-05-27 11:30:00,14.500,14.510,14.400,14.430,9948257
2025-05-27 13:30:00,14.430,14.510,14.400,14.420,8834516
2025-05-27 14:00:00,14.410,14.450,14.380,14.410,5703804
2025-05-27 14:30:00,14.420,14.500,14.410,14.460,4838126
2025-05-27 15:00:00,14.470,14.470,14.410,14.440,10659840
2025-05-28 10:00:00,14.460,14.490,14.390,14.460,11398648
2025-05-28 10:30:00,14.450,14.460,14.340,14.360,7138988
2025-05-28 11:00:00,14.350,14.380,14.310,14.370,5182872
2025-05-28 11:30:00,14.370,14.380,14.330,14.360,2272276
2025-05-28 13:30:00,14.350,14.390,14.340,14.350,2619376
2025-05-28 14:00:00,14.360,14.370,14.330,14.340,2741102
2025-05-28 14:30:00,14.340,14.360,14.320,14.350,3624864
2025-05-28 15:00:00,14.350,14.350,14.320,14.350,3977482
2025-05-29 10:00:00,14.350,14.470,14.310,14.440,10147294
2025-05-29 10:30:00,14.430,14.460,14.400,14.430,4677025
2025-05-29 11:00:00,14.430,14.470,14.420,14.440,5195617
2025-05-29 11:30:00,14.450,14.460,14.420,14.440,3201315
2025-05-29 13:30:00,14.460,14.470,14.440,14.450,3436390
2025-05-29 14:00:00,14.450,14.470,14.440,14.450,3629138
2025-05-29 14:30:00,14.460,14.470,14.450,14.470,4023580
2025-05-29 15:00:00,14.460,14.540,14.460,14.530,9074739
2025-05-30 10:00:00,14.490,14.530,14.400,14.400,12809346
2025-05-30 10:30:00,14.400,14.470,14.380,14.380,8030414
2025-05-30 11:00:00,14.390,14.470,14.370,14.460,3798838
2025-05-30 11:30:00,14.450,14.480,14.430,14.430,3077900
2025-05-30 13:30:00,14.440,14.450,14.410,14.420,2201772
2025-05-30 14:00:00,14.430,14.440,14.390,14.390,4139200
2025-05-30 14:30:00,14.400,14.430,14.380,14.380,6258636
2025-05-30 15:00:00,14.390,14.460,14.380,14.380,10194861
2025-06-03 10:00:00,14.320,14.420,14.240,14.410,10825756
2025-06-03 10:30:00,14.400,14.420,14.340,14.360,3738301
2025-06-03 11:00:00,14.370,14.400,14.340,14.350,2322645
2025-06-03 11:30:00,14.340,14.400,14.340,14.360,2193354
2025-06-03 13:30:00,14.370,14.380,14.330,14.330,3636316
2025-06-03 14:00:00,14.340,14.390,14.330,14.380,1952616
2025-06-03 14:30:00,14.380,14.380,14.340,14.350,2460906
2025-06-03 15:00:00,14.360,14.360,14.320,14.350,5634364
2025-06-04 10:00:00,14.400,14.490,14.390,14.450,8530274
2025-06-04 10:30:00,14.450,14.530,14.430,14.490,7071954
2025-06-04 11:00:00,14.480,14.490,14.450,14.450,3363516
2025-06-04 11:30:00,14.460,14.510,14.450,14.500,3463424
2025-06-04 13:30:00,14.490,14.550,14.480,14.490,5667771
2025-06-04 14:00:00,14.500,14.500,14.480,14.490,2283672
2025-06-04 14:30:00,14.490,14.500,14.470,14.490,2628724
2025-06-04 15:00:00,14.480,14.500,14.450,14.480,5796008
2025-06-05 10:00:00,14.480,14.540,14.400,14.420,7073356
2025-06-05 10:30:00,14.410,14.480,14.410,14.470,3232456
2025-06-05 11:00:00,14.460,14.470,14.430,14.440,2251023
2025-06-05 11:30:00,14.440,14.470,14.440,14.450,2380892
2025-06-05 13:30:00,14.450,14.470,14.430,14.440,2679584
2025-06-05 14:00:00,14.440,14.470,14.430,14.450,3062640
2025-06-05 14:30:00,14.450,14.480,14.440,14.460,3137664
2025-06-05 15:00:00,14.470,14.520,14.460,14.500,7058692
2025-06-06 10:00:00,14.510,14.540,14.440,14.450,8234966
2025-06-06 10:30:00,14.450,14.450,14.410,14.420,5355650
2025-06-06 11:00:00,14.410,14.500,14.410,14.480,3660779
2025-06-06 11:30:00,14.480,14.510,14.470,14.480,3283440
2025-06-06 13:30:00,14.470,14.530,14.440,14.440,5059964
2025-06-06 14:00:00,14.440,14.480,14.440,14.470,2456416
2025-06-06 14:30:00,14.460,14.480,14.450,14.460,2400160
2025-06-06 15:00:00,14.470,14.480,14.460,14.470,5060649
2025-06-09 10:00:00,14.260,14.340,14.070,14.300,30032317
2025-06-09 10:30:00,14.290,14.400,14.270,14.330,9174981
2025-06-09 11:00:00,14.320,14.500,14.320,14.470,9985566
2025-06-09 11:30:00,14.480,14.530,14.450,14.460,7040918
2025-06-09 13:30:00,14.470,14.530,14.430,14.470,6721967
2025-06-09 14:00:00,14.480,14.490,14.410,14.440,4167440
2025-06-09 14:30:00,14.450,14.570,14.440,14.480,8904816
2025-06-09 15:00:00,14.490,14.490,14.450,14.480,7355366
2025-06-10 10:00:00,14.430,14.640,14.410,14.570,19892308
2025-06-10 10:30:00,14.570,14.580,14.510,14.510,5596454
2025-06-10 11:00:00,14.510,14.520,14.460,14.480,5266832
2025-06-10 11:30:00,14.480,14.540,14.460,14.480,3120208
2025-06-10 13:30:00,14.470,14.480,14.270,14.290,12945554
2025-06-10 14:00:00,14.280,14.370,14.270,14.310,7168396
2025-06-10 14:30:00,14.310,14.320,14.280,14.310,6508420
2025-06-10 15:00:00,14.300,14.320,14.300,14.300,8048390
2025-06-11 10:00:00,14.320,14.700,14.320,14.670,40252619
2025-06-11 10:30:00,14.660,14.700,14.570,14.590,8931168
2025-06-11 11:00:00,14.600,14.720,14.570,14.620,10718042
2025-06-11 11:30:00,14.620,14.670,14.610,14.660,3570196
2025-06-11 13:30:00,14.660,14.720,14.620,14.650,8723841
2025-06-11 14:00:00,14.650,14.670,14.630,14.650,3759604
2025-06-11 14:30:00,14.650,14.700,14.640,14.670,6572464
2025-06-11 15:00:00,14.670,14.720,14.670,14.720,15451811
2025-06-12 10:00:00,14.610,14.750,14.580,14.630,13372272
2025-06-12 10:30:00,14.630,14.710,14.620,14.680,4727488
2025-06-12 11:00:00,14.680,14.710,14.670,14.690,4382504
2025-06-12 11:30:00,14.700,14.720,14.680,14.710,2439250
2025-06-12 13:30:00,14.700,14.790,14.690,14.750,11122053
2025-06-12 14:00:00,14.760,14.760,14.700,14.730,4567310
2025-06-12 14:30:00,14.740,14.780,14.720,14.740,4677088
2025-06-12 15:00:00,14.730,14.750,14.720,14.740,6102205
2025-06-13 10:00:00,14.680,14.720,14.600,14.620,11094933
2025-06-13 10:30:00,14.620,14.640,14.480,14.490,12082874
2025-06-13 11:00:00,14.490,14.520,14.430,14.440,7196204
2025-06-13 11:30:00,14.440,14.510,14.440,14.470,3850162
2025-06-13 13:30:00,14.470,14.500,14.430,14.470,5048433
2025-06-13 14:00:00,14.460,14.490,14.440,14.460,4808384
2025-06-13 14:30:00,14.460,14.490,14.440,14.450,4592240
2025-06-13 15:00:00,14.450,14.460,14.380,14.420,11618589
2025-06-16 10:00:00,14.430,14.650,14.410,14.500,14555464
2025-06-16 10:30:00,14.500,14.550,14.470,14.540,4434092
2025-06-16 11:00:00,14.540,14.560,14.520,14.530,3131176
2025-06-16 11:30:00,14.530,14.570,14.520,14.550,3174824
2025-06-16 13:30:00,14.550,14.560,14.520,14.560,3003140
2025-06-16 14:00:00,14.560,14.560,14.520,14.540,3183992
2025-06-16 14:30:00,14.540,14.650,14.530,14.630,9954529
2025-06-16 15:00:00,14.630,14.690,14.620,14.640,9926102
2025-06-17 10:00:00,14.650,14.680,14.520,14.560,7983668
2025-06-17 10:30:00,14.570,14.580,14.510,14.510,5449581
2025-06-17 11:00:00,14.510,14.540,14.480,14.510,4840428
2025-06-17 11:30:00,14.510,14.590,14.500,14.550,2888548
2025-06-17 13:30:00,14.550,14.550,14.510,14.520,2524356
2025-06-17 14:00:00,14.530,14.550,14.500,14.520,3008152
2025-06-17 14:30:00,14.520,14.540,14.500,14.510,2927704
2025-06-17 15:00:00,14.520,14.580,14.510,14.580,4600247
2025-06-18 10:00:00,14.540,14.680,14.490,14.610,10125028
2025-06-18 10:30:00,14.600,14.620,14.520,14.530,6037880
2025-06-18 11:00:00,14.530,14.620,14.530,14.560,3305050
2025-06-18 11:30:00,14.550,14.610,14.530,14.580,2396120
2025-06-18 13:30:00,14.590,14.620,14.570,14.610,2423592
2025-06-18 14:00:00,14.620,14.620,14.590,14.600,3323800
2025-06-18 14:30:00,14.590,14.600,14.560,14.560,2658176
2025-06-18 15:00:00,14.580,14.610,14.560,14.590,5831345
2025-06-19 10:00:00,14.530,14.720,14.490,14.680,14024452
2025-06-19 10:30:00,14.670,14.700,14.590,14.600,5310480
2025-06-19 11:00:00,14.600,14.610,14.510,14.520,4321900
2025-06-19 11:30:00,14.510,14.520,14.390,14.390,8639000
2025-06-19 13:30:00,14.400,14.440,14.350,14.400,5294504
2025-06-19 14:00:00,14.400,14.430,14.370,14.370,3216280
2025-06-19 14:30:00,14.370,14.380,14.330,14.340,4856520
2025-06-19 15:00:00,14.340,14.360,14.320,14.330,6495858
2025-06-20 10:00:00,14.450,14.790,14.440,14.520,33100247
2025-06-20 10:30:00,14.510,14.600,14.480,14.580,6139180
2025-06-20 11:00:00,14.580,14.630,14.540,14.540,3379536
2025-06-20 11:30:00,14.540,14.560,14.450,14.460,3781364
2025-06-20 13:30:00,14.470,14.480,14.300,14.310,11822100
2025-06-20 14:00:00,14.300,14.310,14.250,14.250,7629460
2025-06-20 14:30:00,14.250,14.260,14.200,14.220,7345476
2025-06-20 15:00:00,14.230,14.270,14.210,14.240,10558667
2025-06-23 10:00:00,14.150,14.430,14.080,14.260,19253709
2025-06-23 10:30:00,14.270,14.290,14.170,14.180,5227642
2025-06-23 11:00:00,14.170,14.220,14.150,14.170,3889028
2025-06-23 11:30:00,14.180,14.220,14.170,14.190,2608015
2025-06-23 13:30:00,14.190,14.220,14.160,14.190,3708466
2025-06-23 14:00:00,14.200,14.280,14.190,14.250,4282096
2025-06-23 14:30:00,14.260,14.310,14.250,14.310,5748753
2025-06-23 15:00:00,14.300,14.320,14.280,14.290,5721777
2025-06-24 10:00:00,14.290,14.450,14.290,14.420,17785150
2025-06-24 10:30:00,14.420,14.500,14.410,14.480,13866056
2025-06-24 11:00:00,14.490,14.500,14.420,14.430,5906260
2025-06-24 11:30:00,14.430,14.440,14.410,14.410,3614808
2025-06-24 13:30:00,14.410,14.480,14.410,14.450,4851286
2025-06-24 14:00:00,14.450,14.500,14.440,14.470,5721456
2025-06-24 14:30:00,14.470,14.520,14.460,14.520,8196960
2025-06-24 15:00:00,14.520,14.530,14.500,14.510,9460586
2025-06-25 10:00:00,14.550,14.570,14.400,14.520,15663974
2025-06-25 10:30:00,14.530,14.580,14.400,14.410,9339052
2025-06-25 11:00:00,14.410,14.430,14.360,14.400,8460752
2025-06-25 11:30:00,14.400,14.440,14.390,14.430,2888920
2025-06-25 13:30:00,14.440,14.550,14.430,14.510,8124528
2025-06-25 14:00:00,14.510,14.540,14.480,14.530,5383136
2025-06-25 14:30:00,14.530,14.660,14.530,14.620,16182704
2025-06-25 15:00:00,14.620,14.650,14.590,14.640,11457641
2025-06-26 10:00:00,14.590,14.790,14.560,14.710,22460042
2025-06-26 10:30:00,14.710,14.780,14.630,14.630,8712745
2025-06-26 11:00:00,14.640,14.650,14.600,14.650,4652872
2025-06-26 11:30:00,14.650,14.660,14.610,14.620,3285362
2025-06-26 13:30:00,14.610,14.640,14.560,14.580,6082840
2025-06-26 14:00:00,14.580,14.590,14.500,14.510,5654832
2025-06-26 14:30:00,14.500,14.530,14.480,14.490,5162029
2025-06-26 15:00:00,14.500,14.500,14.470,14.470,8453434
2025-06-27 10:00:00,14.480,14.880,14.480,14.710,29266303
2025-06-27 10:30:00,14.720,14.750,14.630,14.640,9477920
2025-06-27 11:00:00,14.640,14.680,14.600,14.650,5575896
2025-06-27 11:30:00,14.640,14.710,14.620,14.670,5444960
2025-06-27 13:30:00,14.670,14.690,14.610,14.660,5375306
2025-06-27 14:00:00,14.660,14.670,14.560,14.600,5456524
2025-06-27 14:30:00,14.600,14.620,14.560,14.590,4681463
2025-06-27 15:00:00,14.590,14.610,14.570,14.570,7200424
2025-06-30 10:00:00,14.810,15.200,14.810,14.920,37508285
2025-06-30 10:30:00,14.920,14.990,14.860,14.940,10707142
2025-06-30 11:00:00,14.950,14.950,14.880,14.890,5279801
2025-06-30 11:30:00,14.880,14.950,14.860,14.920,4564564
2025-06-30 13:30:00,14.920,15.050,14.870,15.050,12064817
2025-06-30 14:00:00,15.050,15.060,14.940,15.010,11679740
2025-06-30 14:30:00,15.010,15.030,14.970,15.000,8293307
2025-06-30 15:00:00,15.010,15.050,14.990,15.020,18221844
2025-07-01 10:00:00,14.930,14.950,14.750,14.860,22360771
2025-07-01 10:30:00,14.860,14.870,14.800,14.840,6294968
2025-07-01 11:00:00,14.840,14.870,14.820,14.840,4648840
2025-07-01 11:30:00,14.830,14.850,14.760,14.830,7339170
2025-07-01 13:30:00,14.830,14.920,14.800,14.900,5944274
2025-07-01 14:00:00,14.900,14.920,14.870,14.900,5392296
2025-07-01 14:30:00,14.900,14.930,14.860,14.870,5127204
2025-07-01 15:00:00,14.870,14.880,14.840,14.860,6384335
2025-07-02 10:00:00,14.960,15.170,14.930,15.060,26097439
2025-07-02 10:30:00,15.050,15.070,14.990,15.010,7336437
2025-07-02 11:00:00,15.020,15.330,15.000,15.300,34602647
2025-07-02 11:30:00,15.310,15.380,15.190,15.210,18938117
2025-07-02 13:30:00,15.210,15.280,15.200,15.260,10070591
2025-07-02 14:00:00,15.260,15.490,15.220,15.290,32901927
2025-07-02 14:30:00,15.280,15.610,15.270,15.570,43077087
2025-07-02 15:00:00,15.570,15.610,15.510,15.560,36858030
2025-07-03 10:00:00,15.560,15.670,15.330,15.420,39991125
2025-07-03 10:30:00,15.430,15.460,15.370,15.370,11225768
2025-07-03 11:00:00,15.370,15.510,15.370,15.460,8931436
2025-07-03 11:30:00,15.470,15.540,15.430,15.540,5593832
2025-07-03 13:30:00,15.540,15.590,15.460,15.500,11973790
2025-07-03 14:00:00,15.500,15.560,15.490,15.530,7686220
2025-07-03 14:30:00,15.520,15.550,15.490,15.520,9120045
2025-07-03 15:00:00,15.510,15.560,15.500,15.540,14536948
2025-07-04 10:00:00,15.800,15.950,15.580,15.690,59668641
2025-07-04 10:30:00,15.690,15.720,15.630,15.700,15108068
2025-07-04 11:00:00,15.700,15.710,15.580,15.580,9087813
2025-07-04 11:30:00,15.580,15.650,15.550,15.640,5083432
2025-07-04 13:30:00,15.640,15.760,15.620,15.740,9792727
2025-07-04 14:00:00,15.740,15.740,15.610,15.620,6750013
2025-07-04 14:30:00,15.610,15.620,15.500,15.510,11410388
2025-07-04 15:00:00,15.520,15.580,15.500,15.570,12497188
2025-07-07 10:00:00,15.450,15.640,15.410,15.550,18377068
2025-07-07 10:30:00,15.540,15.550,15.420,15.430,8172879
2025-07-07 11:00:00,15.430,15.530,15.430,15.490,4223841
2025-07-07 11:30:00,15.490,15.500,15.450,15.460,2360508
2025-07-07 13:30:00,15.460,15.470,15.420,15.450,3624410
2025-07-07 14:00:00,15.460,15.480,15.450,15.460,2910480
2025-07-07 14:30:00,15.460,15.470,15.420,15.430,4331224
2025-07-07 15:00:00,15.440,15.480,15.410,15.470,7664038
2025-07-08 10:00:00,15.410,15.680,15.400,15.600,17987941
2025-07-08 10:30:00,15.600,15.670,15.530,15.580,10418522
2025-07-08 11:00:00,15.590,15.980,15.580,15.920,33337188
2025-07-08 11:30:00,15.910,16.350,15.910,16.330,54743943
2025-07-08 13:30:00,16.340,16.500,16.300,16.300,47230282
2025-07-08 14:00:00,16.310,16.480,16.270,16.410,15437107
2025-07-08 14:30:00,16.410,16.500,16.380,16.480,18784639
2025-07-08 15:00:00,16.500,16.500,16.440,16.470,25040645
2025-07-09 10:00:00,16.350,16.750,16.270,16.580,57322890
2025-07-09 10:30:00,16.570,16.730,16.520,16.550,20875689
2025-07-09 11:00:00,16.540,16.590,16.510,16.520,10303314
2025-07-09 11:30:00,16.520,16.540,16.450,16.520,13134086
2025-07-09 13:30:00,16.520,16.620,16.490,16.530,8122749
2025-07-09 14:00:00,16.530,16.530,16.470,16.490,5986952
2025-07-09 14:30:00,16.480,16.500,16.380,16.400,14496404
2025-07-09 15:00:00,16.410,16.440,16.300,16.370,18752004
2025-07-10 10:00:00,16.300,16.690,16.300,16.420,35338415
2025-07-10 10:30:00,16.420,16.750,16.400,16.700,36300442
2025-07-10 11:00:00,16.700,16.820,16.500,16.630,34295588
2025-07-10 11:30:00,16.620,16.690,16.550,16.620,10225214
2025-07-10 13:30:00,16.620,16.670,16.490,16.520,13298638
2025-07-10 14:00:00,16.520,16.650,16.510,16.550,7632800
2025-07-10 14:30:00,16.550,16.620,16.460,16.470,11351392
2025-07-10 15:00:00,16.460,16.500,16.420,16.460,17412367
2025-07-11 10:00:00,16.530,16.560,16.300,16.330,26793259
2025-07-11 10:30:00,16.330,16.370,16.260,16.350,21735444
2025-07-11 11:00:00,16.340,16.400,16.320,16.320,9209666
2025-07-11 11:30:00,16.330,16.380,16.270,16.380,9684192
2025-07-11 13:30:00,16.370,16.400,16.290,16.300,12968956
2025-07-11 14:00:00,16.300,16.370,16.290,16.320,10005372
2025-07-11 14:30:00,16.310,16.360,16.290,16.290,9595436
2025-07-11 15:00:00,16.290,16.320,16.240,16.250,17608704
2025-07-14 10:00:00,16.200,16.380,16.170,16.240,24689533
2025-07-14 10:30:00,16.240,16.260,16.100,16.170,15313864
2025-07-14 11:00:00,16.170,16.240,16.090,16.100,9636656
2025-07-14 11:30:00,16.090,16.140,16.070,16.110,8138341
2025-07-14 13:30:00,16.120,16.160,16.090,16.150,5844506
2025-07-14 14:00:00,16.160,16.180,16.100,16.150,4789568
2025-07-14 14:30:00,16.140,16.290,16.130,16.260,9446098
2025-07-14 15:00:00,16.260,16.270,16.130,16.160,11404924
2025-07-15 10:00:00,16.150,16.260,16.060,16.160,19511492
2025-07-15 10:30:00,16.160,16.170,15.950,16.040,17418783
2025-07-15 11:00:00,16.050,16.080,15.990,16.010,7530856
2025-07-15 11:30:00,16.010,16.020,15.890,15.900,15246164
2025-07-15 13:30:00,15.900,16.000,15.870,15.980,10516109
2025-07-15 14:00:00,15.980,16.000,15.930,15.960,6484376
2025-07-15 14:30:00,15.960,16.050,15.960,16.040,7275344
2025-07-15 15:00:00,16.040,16.050,15.970,16.020,9235448
2025-07-16 10:00:00,16.020,16.070,15.750,15.860,28110612
2025-07-16 10:30:00,15.870,15.920,15.800,15.860,16108190
2025-07-16 11:00:00,15.860,15.890,15.800,15.820,5819973
2025-07-16 11:30:00,15.820,15.920,15.800,15.900,5843280
2025-07-16 13:30:00,15.900,15.950,15.860,15.920,6712404
2025-07-16 14:00:00,15.920,15.940,15.800,15.850,6048188
2025-07-16 14:30:00,15.850,15.890,15.820,15.870,4574550
2025-07-16 15:00:00,15.870,15.940,15.860,15.910,11010984
2025-07-17 10:00:00,16.180,16.360,16.000,16.290,57256443
2025-07-17 10:30:00,16.290,16.310,16.040,16.060,12604908
2025-07-17 11:00:00,16.060,16.090,16.000,16.010,9998728
2025-07-17 11:30:00,16.020,16.040,15.960,15.990,6480518
2025-07-17 13:30:00,15.990,16.050,15.990,16.030,4758084
2025-07-17 14:00:00,16.030,16.180,16.010,16.140,8365528
2025-07-17 14:30:00,16.140,16.240,16.140,16.160,7663502
2025-07-17 15:00:00,16.150,16.240,16.150,16.210,13759209
2025-07-18 10:00:00,16.100,16.400,16.100,16.220,29560949
2025-07-18 10:30:00,16.210,16.220,16.120,16.130,11227360
2025-07-18 11:00:00,16.140,16.140,16.080,16.110,7592260
2025-07-18 11:30:00,16.100,16.110,16.050,16.060,5793540
2025-07-18 13:30:00,16.060,16.080,16.010,16.020,7131329
2025-07-18 14:00:00,16.020,16.080,16.010,16.020,4584664
2025-07-18 14:30:00,16.030,16.070,16.000,16.030,6257713
2025-07-18 15:00:00,16.020,16.090,16.010,16.070,8447791
2025-07-21 10:00:00,16.100,16.200,16.040,16.170,17019383
2025-07-21 10:30:00,16.170,16.240,16.140,16.180,10892796
2025-07-21 11:00:00,16.170,16.270,16.170,16.260,10389024
2025-07-21 11:30:00,16.260,16.360,16.240,16.290,12534520
2025-07-21 13:30:00,16.290,16.320,16.250,16.260,7133996
2025-07-21 14:00:00,16.260,16.310,16.250,16.270,5888924
2025-07-21 14:30:00,16.270,16.330,16.260,16.300,6055902
2025-07-21 15:00:00,16.300,16.330,16.280,16.310,10725800
2025-07-22 10:00:00,16.280,16.390,16.190,16.280,17491488
2025-07-22 10:30:00,16.280,16.310,16.180,16.210,8612443
2025-07-22 11:00:00,16.210,16.400,16.190,16.310,10272938
2025-07-22 11:30:00,16.300,16.640,16.280,16.510,33065021
2025-07-22 13:30:00,16.500,16.590,16.480,16.550,15729058
2025-07-22 14:00:00,16.560,16.650,16.460,16.460,14957980
2025-07-22 14:30:00,16.460,16.520,16.440,16.510,8293054
2025-07-22 15:00:00,16.500,16.570,16.470,16.570,13624178
2025-07-23 10:00:00,16.660,16.720,16.460,16.660,30693762
2025-07-23 10:30:00,16.670,16.700,16.570,16.600,11970540
2025-07-23 11:00:00,16.590,16.630,16.420,16.420,12731480
2025-07-23 11:30:00,16.430,16.500,16.410,16.490,9103044
2025-07-23 13:30:00,16.490,16.600,16.460,16.600,9409556
2025-07-23 14:00:00,16.590,16.600,16.470,16.490,7045894
2025-07-23 14:30:00,16.480,16.500,16.340,16.420,12938836
2025-07-23 15:00:00,16.410,16.420,16.340,16.360,10241916
2025-07-24 10:00:00,16.270,16.440,16.250,16.400,16223266
2025-07-24 10:30:00,16.400,16.520,16.370,16.490,11417560
2025-07-24 11:00:00,16.490,16.590,16.480,16.560,9939208
2025-07-24 11:30:00,16.550,16.690,16.530,16.670,15206416
2025-07-24 13:30:00,16.670,16.770,16.630,16.730,17885883
2025-07-24 14:00:00,16.730,16.880,16.660,16.680,21865559
2025-07-24 14:30:00,16.680,16.750,16.680,16.750,6751873
2025-07-24 15:00:00,16.750,16.880,16.720,16.880,25044074
2025-07-25 10:00:00,16.880,16.880,16.610,16.720,27346880
2025-07-25 10:30:00,16.720,16.720,16.660,16.700,8904684
2025-07-25 11:00:00,16.710,16.740,16.610,16.620,7830272
2025-07-25 11:30:00,16.620,16.640,16.580,16.600,8999776
2025-07-25 13:30:00,16.600,16.650,16.570,16.630,5996760
2025-07-25 14:00:00,16.630,16.640,16.560,16.590,6447380
2025-07-25 14:30:00,16.580,16.620,16.470,16.510,13824792
2025-07-25 15:00:00,16.500,16.570,16.500,16.520,11692140
2025-07-28 10:00:00,16.400,16.470,16.250,16.420,25801793
2025-07-28 10:30:00,16.410,16.590,16.400,16.560,10685631
2025-07-28 11:00:00,16.550,16.590,16.490,16.540,4953307
2025-07-28 11:30:00,16.540,16.550,16.340,16.350,8131728
2025-07-28 13:30:00,16.340,16.480,16.300,16.440,7353817
2025-07-28 14:00:00,16.440,16.480,16.400,16.440,6340767
2025-07-28 14:30:00,16.440,16.460,16.360,16.390,4392208
2025-07-28 15:00:00,16.390,16.440,16.390,16.410,7890748
2025-07-29 10:00:00,16.410,16.550,16.310,16.310,16674780
2025-07-29 10:30:00,16.320,16.380,16.300,16.330,8009490
2025-07-29 11:00:00,16.330,16.400,16.260,16.380,10333831
2025-07-29 11:30:00,16.370,16.460,16.350,16.420,7054085
2025-07-29 13:30:00,16.420,16.520,16.420,16.460,9778542
2025-07-29 14:00:00,16.460,16.540,16.450,16.480,6625164
2025-07-29 14:30:00,16.470,16.530,16.470,16.500,7453480
2025-07-29 15:00:00,16.510,16.560,16.500,16.560,12490826
2025-07-30 10:00:00,16.570,16.670,16.500,16.590,19936983
2025-07-30 10:30:00,16.590,16.680,16.530,16.530,11001440
2025-07-30 11:00:00,16.540,16.720,16.530,16.620,11529468
2025-07-30 11:30:00,16.620,16.700,16.540,16.550,7376720
2025-07-30 13:30:00,16.540,16.570,16.480,16.500,7239520
2025-07-30 14:00:00,16.500,16.520,16.360,16.380,8533400
2025-07-30 14:30:00,16.390,16.390,16.310,16.370,9682476
2025-07-30 15:00:00,16.370,16.390,16.350,16.380,10000079
2025-07-31 10:00:00,16.260,16.300,16.060,16.070,25120848
2025-07-31 10:30:00,16.060,16.100,15.960,15.990,20202164
2025-07-31 11:00:00,15.990,15.990,15.900,15.960,12843350
2025-07-31 11:30:00,15.950,15.970,15.920,15.960,6009688
2025-07-31 13:30:00,15.970,15.980,15.810,15.820,14472469
2025-07-31 14:00:00,15.820,15.890,15.770,15.890,14583026
2025-07-31 14:30:00,15.880,15.890,15.760,15.760,12118088
2025-07-31 15:00:00,15.760,15.790,15.680,15.760,23086309
2025-08-01 10:00:00,15.770,16.040,15.770,16.010,22739472
2025-08-01 10:30:00,16.010,16.170,16.000,16.110,19517823
2025-08-01 11:00:00,16.120,16.130,15.980,16.010,6825800
2025-08-01 11:30:00,16.010,16.080,15.950,15.950,4547439
2025-08-01 13:30:00,15.950,16.000,15.890,15.900,4653872
2025-08-01 14:00:00,15.900,15.940,15.850,15.890,4058432
2025-08-01 14:30:00,15.890,15.960,15.890,15.940,3796116
2025-08-01 15:00:00,15.940,15.970,15.920,15.920,6867544
2025-08-04 10:00:00,15.780,15.870,15.660,15.710,20060231
2025-08-04 10:30:00,15.720,15.730,15.650,15.660,8508752
2025-08-04 11:00:00,15.670,15.670,15.590,15.600,10304716
2025-08-04 11:30:00,15.600,15.660,15.590,15.620,4331584
2025-08-04 13:30:00,15.610,15.660,15.610,15.630,4101961
2025-08-04 14:00:00,15.640,15.660,15.630,15.640,3440600
2025-08-04 14:30:00,15.640,15.770,15.630,15.720,6682904
2025-08-04 15:00:00,15.720,15.780,15.700,15.780,8624740
2025-08-05 10:00:00,15.770,15.820,15.700,15.730,11953450
2025-08-05 10:30:00,15.740,15.820,15.730,15.750,5592838
2025-08-05 11:00:00,15.760,15.760,15.690,15.720,6958424
2025-08-05 11:30:00,15.720,15.780,15.710,15.740,2730582
2025-08-05 13:30:00,15.740,15.850,15.720,15.840,7551858
2025-08-05 14:00:00,15.840,15.900,15.830,15.850,7159320
2025-08-05 14:30:00,15.850,15.910,15.850,15.900,5322766
2025-08-05 15:00:00,15.900,15.920,15.860,15.920,7748163
2025-08-06 10:00:00,15.860,15.890,15.780,15.850,9132618
2025-08-06 10:30:00,15.850,15.920,15.840,15.900,4576796
2025-08-06 11:00:00,15.890,15.940,15.860,15.930,3888971
2025-08-06 11:30:00,15.940,15.950,15.890,15.920,2955692
2025-08-06 13:30:00,15.920,15.940,15.880,15.930,5580528
2025-08-06 14:00:00,15.930,16.020,15.900,15.970,7700711
2025-08-06 14:30:00,15.960,15.980,15.920,15.930,4098469
2025-08-06 15:00:00,15.940,15.940,15.920,15.940,5301572
2025-08-07 10:00:00,16.000,16.090,15.950,15.970,11137100
2025-08-07 10:30:00,15.970,15.970,15.780,15.780,11480667
2025-08-07 11:00:00,15.780,15.870,15.770,15.800,3922884
2025-08-07 11:30:00,15.820,15.910,15.780,15.860,5160060
2025-08-07 13:30:00,15.870,15.900,15.820,15.830,3842328
2025-08-07 14:00:00,15.830,15.870,15.820,15.860,3056143
2025-08-07 14:30:00,15.860,15.890,15.830,15.860,3120288
2025-08-07 15:00:00,15.870,15.880,15.820,15.840,6252144
2025-08-08 10:00:00,15.840,15.960,15.760,15.860,14924660
2025-08-08 10:30:00,15.860,15.910,15.830,15.880,4457685
2025-08-08 11:00:00,15.870,15.910,15.850,15.870,3145120
2025-08-08 11:30:00,15.870,15.880,15.820,15.840,3131020
2025-08-08 13:30:00,15.840,16.030,15.840,15.860,18144706
2025-08-08 14:00:00,15.870,15.870,15.820,15.830,6618339
2025-08-08 14:30:00,15.830,15.880,15.820,15.850,3717538
2025-08-08 15:00:00,15.850,15.860,15.810,15.820,7326061
2025-08-11 10:00:00,15.860,15.970,15.800,15.930,15475173
2025-08-11 10:30:00,15.940,16.020,15.920,15.940,10077362
2025-08-11 11:00:00,15.930,16.000,15.920,15.980,5224512
2025-08-11 11:30:00,15.990,16.010,15.960,16.000,5583922
2025-08-11 13:30:00,16.000,16.020,15.960,15.990,7686612
2025-08-11 14:00:00,15.990,16.030,15.960,16.020,7056094
2025-08-11 14:30:00,16.020,16.100,15.980,16.030,9962897
2025-08-11 15:00:00,16.030,16.040,16.000,16.010,8033545
2025-08-12 10:00:00,16.000,16.010,15.750,15.830,24498852
2025-08-12 10:30:00,15.830,15.870,15.810,15.820,6477899
2025-08-12 11:00:00,15.820,15.820,15.750,15.760,10783644
2025-08-12 11:30:00,15.760,15.840,15.760,15.830,4206612
2025-08-12 13:30:00,15.830,15.850,15.810,15.830,4765627
2025-08-12 14:00:00,15.830,15.890,15.820,15.850,5568635
2025-08-12 14:30:00,15.860,15.870,15.810,15.830,4904680
2025-08-12 15:00:00,15.820,15.840,15.810,15.840,7791849
2025-08-13 10:00:00,15.850,15.880,15.800,15.830,10764775
2025-08-13 10:30:00,15.820,15.830,15.760,15.770,8000439
2025-08-13 11:00:00,15.760,15.810,15.760,15.790,7908431
2025-08-13 11:30:00,15.790,15.860,15.780,15.830,6522959
2025-08-13 13:30:00,15.840,15.950,15.820,15.880,11948971
2025-08-13 14:00:00,15.880,15.910,15.850,15.860,5903683
2025-08-13 14:30:00,15.870,15.880,15.780,15.790,12019760
2025-08-13 15:00:00,15.800,15.850,15.790,15.830,10266504
2025-08-14 10:00:00,15.830,15.850,15.770,15.770,13439575
2025-08-14 10:30:00,15.770,15.860,15.750,15.820,8908274
2025-08-14 11:00:00,15.820,15.850,15.730,15.760,12566599
2025-08-14 11:30:00,15.760,15.770,15.710,15.730,8556741
2025-08-14 13:30:00,15.730,15.740,15.520,15.580,21333962
2025-08-14 14:00:00,15.580,15.660,15.570,15.630,7032623
2025-08-14 14:30:00,15.620,15.710,15.620,15.700,5972970
2025-08-14 15:00:00,15.690,15.700,15.560,15.560,9681826
2025-08-15 10:00:00,15.520,15.790,15.500,15.780,19322840
2025-08-15 10:30:00,15.780,15.850,15.740,15.770,12520920
2025-08-15 11:00:00,15.780,15.940,15.750,15.900,17026963
2025-08-15 11:30:00,15.910,16.180,15.900,16.080,35826915
2025-08-15 13:30:00,16.080,16.160,16.060,16.070,16255226
2025-08-15 14:00:00,16.070,16.080,16.000,16.030,11925566
2025-08-15 14:30:00,16.020,16.070,15.990,16.020,12069464
2025-08-15 15:00:00,16.010,16.160,16.010,16.160,30732931
2025-08-18 10:00:00,16.300,16.490,16.220,16.470,44707118
2025-08-18 10:30:00,16.470,16.580,16.460,16.480,24700586
2025-08-18 11:00:00,16.480,16.560,16.450,16.510,10973180
2025-08-18 11:30:00,16.510,16.580,16.500,16.560,14366584
2025-08-18 13:30:00,16.570,16.600,16.410,16.430,17718412
2025-08-18 14:00:00,16.430,16.470,16.350,16.360,13287259
2025-08-18 14:30:00,16.360,16.380,16.300,16.340,12486482
2025-08-18 15:00:00,16.340,16.380,16.310,16.310,19302227
2025-08-19 10:00:00,16.370,16.450,16.180,16.200,31606236
2025-08-19 10:30:00,16.200,16.280,16.100,16.200,16699663
2025-08-19 11:00:00,16.200,16.250,16.160,16.170,7422436
2025-08-19 11:30:00,16.170,16.230,16.150,16.190,7924956
2025-08-19 13:30:00,16.200,16.220,16.140,16.170,11522073
2025-08-19 14:00:00,16.170,16.210,16.090,16.100,12462662
2025-08-19 14:30:00,16.090,16.170,16.020,16.050,13068593
2025-08-19 15:00:00,16.050,16.100,15.960,15.970,24533263
2025-08-20 10:00:00,16.210,16.400,16.150,16.240,57287097
2025-08-20 10:30:00,16.240,16.240,16.030,16.070,16615239
2025-08-20 11:00:00,16.070,16.120,16.010,16.010,9626773
2025-08-20 11:30:00,16.010,16.020,15.910,15.970,14629108
2025-08-20 13:30:00,15.970,15.990,15.880,15.970,11334540
2025-08-20 14:00:00,15.970,16.020,15.950,16.000,7526438
2025-08-20 14:30:00,16.000,16.120,16.000,16.120,8435104
2025-08-20 15:00:00,16.120,16.200,16.090,16.200,13653346
2025-08-21 10:00:00,16.130,16.370,16.090,16.220,32147436
2025-08-21 10:30:00,16.210,16.290,16.160,16.270,9039282
2025-08-21 11:00:00,16.270,16.470,16.250,16.330,20503664
2025-08-21 11:30:00,16.330,16.360,16.230,16.270,7032758
2025-08-21 13:30:00,16.270,16.300,16.220,16.280,5875032
2025-08-21 14:00:00,16.280,16.300,16.210,16.250,5369300
2025-08-21 14:30:00,16.260,16.290,16.150,16.190,9881852
2025-08-21 15:00:00,16.190,16.200,16.130,16.200,12803208
2025-08-22 10:00:00,16.200,16.330,16.120,16.320,19876702
2025-08-22 10:30:00,16.330,16.580,16.280,16.470,41612248
2025-08-22 11:00:00,16.480,16.500,16.390,16.420,11015417
2025-08-22 11:30:00,16.420,16.470,16.380,16.410,7340224
2025-08-22 13:30:00,16.420,16.540,16.400,16.450,15639909
2025-08-22 14:00:00,16.460,16.500,16.430,16.470,8467690
2025-08-22 14:30:00,16.470,16.520,16.460,16.490,10770763
2025-08-22 15:00:00,16.490,16.520,16.480,16.520,20412125
2025-08-25 10:00:00,16.520,16.980,16.520,16.760,64445805
2025-08-25 10:30:00,16.760,16.850,16.700,16.830,17740720
2025-08-25 11:00:00,16.830,16.870,16.780,16.830,14487029
2025-08-25 11:30:00,16.840,16.900,16.620,16.680,20709212
2025-08-25 13:30:00,16.660,16.690,16.520,16.550,20403984
2025-08-25 14:00:00,16.560,16.620,16.490,16.560,14774201
2025-08-25 14:30:00,16.570,16.750,16.550,16.750,14194831
2025-08-25 15:00:00,16.740,16.790,16.700,16.770,19734108
2025-08-26 10:00:00,16.790,17.040,16.580,16.880,48907664
2025-08-26 10:30:00,16.890,16.960,16.780,16.800,15540185
2025-08-26 11:00:00,16.810,16.920,16.790,16.860,8701776
2025-08-26 11:30:00,16.850,17.020,16.820,17.010,14417947
2025-08-26 13:30:00,17.010,17.020,16.900,16.940,11508023
2025-08-26 14:00:00,16.950,17.040,16.890,17.000,13812581
2025-08-26 14:30:00,17.000,17.000,16.880,16.920,9556396
2025-08-26 15:00:00,16.910,16.950,16.820,16.850,15995523
2025-08-27 10:00:00,16.860,17.340,16.810,17.030,53461586
2025-08-27 10:30:00,17.040,17.070,16.970,16.980,12357325
2025-08-27 11:00:00,16.980,17.030,16.940,17.010,8806804
2025-08-27 11:30:00,17.000,17.070,16.980,17.040,6706496
2025-08-27 13:30:00,17.050,17.120,16.950,16.960,8888986
2025-08-27 14:00:00,16.960,16.970,16.780,16.810,20988640
2025-08-27 14:30:00,16.810,16.920,16.670,16.680,16628263
2025-08-27 15:00:00,16.680,16.820,16.550,16.550,24491948
2025-08-28 10:00:00,16.510,16.940,16.500,16.760,47223110
2025-08-28 10:30:00,16.750,17.040,16.750,16.960,32652679
2025-08-28 11:00:00,16.960,16.970,16.830,16.850,10338172
2025-08-28 11:30:00,16.850,16.870,16.640,16.690,13625913
2025-08-28 13:30:00,16.690,16.710,16.480,16.490,18440874
2025-08-28 14:00:00,16.490,16.640,16.410,16.600,13579876
2025-08-28 14:30:00,16.590,16.780,16.590,16.710,9588503
2025-08-28 15:00:00,16.700,16.900,16.700,16.890,15068717
2025-08-29 10:00:00,16.930,17.060,16.790,16.950,30859174
2025-08-29 10:30:00,16.950,17.120,16.930,17.100,26181222
2025-08-29 11:00:00,17.100,17.280,17.060,17.120,33594446
2025-08-29 11:30:00,17.120,17.180,17.010,17.070,13479857
2025-08-29 13:30:00,17.080,17.180,17.020,17.040,12839812
2025-08-29 14:00:00,17.050,17.300,17.020,17.260,29335596
2025-08-29 14:30:00,17.250,17.280,17.120,17.150,13036168
2025-08-29 15:00:00,17.150,17.210,17.120,17.170,18405272
2025-09-01 10:00:00,17.140,17.140,16.850,16.930,43784599
2025-09-01 10:30:00,16.930,16.980,16.850,16.870,19024954
2025-09-01 11:00:00,16.870,16.940,16.830,16.910,9809000
2025-09-01 11:30:00,16.900,16.960,16.850,16.860,7098294
2025-09-01 13:30:00,16.850,16.890,16.830,16.880,10357126
2025-09-01 14:00:00,16.880,16.890,16.800,16.830,11587783
2025-09-01 14:30:00,16.830,16.970,16.830,16.950,12375162
2025-09-01 15:00:00,16.950,17.140,16.940,17.080,27585727
2025-09-02 10:00:00,17.080,17.470,16.950,16.980,72973021
2025-09-02 10:30:00,16.980,17.040,16.830,16.990,21794829
2025-09-02 11:00:00,16.990,17.050,16.800,16.810,14520428
2025-09-02 11:30:00,16.810,16.870,16.730,16.740,11598551
2025-09-02 13:30:00,16.740,16.820,16.620,16.700,17175861
2025-09-02 14:00:00,16.700,16.870,16.700,16.770,9661796
2025-09-02 14:30:00,16.780,16.850,16.700,16.710,6841483
2025-09-02 15:00:00,16.710,16.790,16.690,16.740,12664636
2025-09-03 10:00:00,16.810,17.260,16.760,17.000,76745363
2025-09-03 10:30:00,17.010,17.150,16.910,17.040,22491156
2025-09-03 11:00:00,17.040,17.250,16.930,17.140,32889662
2025-09-03 11:30:00,17.140,17.180,17.010,17.020,15481780
2025-09-03 13:30:00,17.030,17.290,16.960,17.200,38187047
2025-09-03 14:00:00,17.210,17.220,17.040,17.130,19133987
2025-09-03 14:30:00,17.130,17.250,17.100,17.230,20631688
2025-09-03 15:00:00,17.230,17.250,17.060,17.180,34230578
2025-09-04 10:00:00,17.170,18.100,17.110,17.710,143125311
2025-09-04 10:30:00,17.700,17.780,17.550,17.570,35283534
2025-09-04 11:00:00,17.570,17.590,17.340,17.540,29332022
2025-09-04 11:30:00,17.540,17.680,17.460,17.520,17947716
2025-09-04 13:30:00,17.510,17.840,17.510,17.580,35985296
2025-09-04 14:00:00,17.570,17.630,17.460,17.550,17851348
2025-09-04 14:30:00,17.540,17.550,17.350,17.410,21796522
2025-09-04 15:00:00,17.390,17.460,17.270,17.400,37348764
2025-09-05 10:00:00,17.480,18.000,17.300,17.980,99203040
2025-09-05 10:30:00,17.980,18.080,17.890,18.020,54665758
2025-09-05 11:00:00,18.030,18.090,17.850,17.990,31830980
2025-09-05 11:30:00,17.990,18.000,17.810,17.890,17205120
2025-09-05 13:30:00,17.890,17.960,17.810,17.860,19029988
2025-09-05 14:00:00,17.860,18.060,17.850,18.050,25210365
2025-09-05 14:30:00,18.050,18.200,18.030,18.080,42092238
2025-09-05 15:00:00,18.090,18.150,18.010,18.100,49048050
2025-09-08 10:00:00,18.390,18.450,17.900,18.070,100164911
2025-09-08 10:30:00,18.060,18.130,17.930,17.940,25747701
2025-09-08 11:00:00,17.950,18.050,17.850,18.040,26574118
2025-09-08 11:30:00,18.030,18.070,17.890,17.980,10367892
2025-09-08 13:30:00,17.990,18.000,17.850,17.870,16763409
2025-09-08 14:00:00,17.880,17.960,17.850,17.940,9611282
2025-09-08 14:30:00,17.950,17.980,17.910,17.950,9510998
2025-09-08 15:00:00,17.950,18.000,17.950,17.990,18874176
2025-09-09 10:00:00,17.810,18.050,17.720,17.880,39461363
2025-09-09 10:30:00,17.870,17.930,17.800,17.850,13127923
2025-09-09 11:00:00,17.860,17.890,17.760,17.770,11165483
2025-09-09 11:30:00,17.770,17.790,17.650,17.670,19427162
2025-09-09 13:30:00,17.680,17.730,17.530,17.640,19110637
2025-09-09 14:00:00,17.640,17.690,17.540,17.590,13795666
2025-09-09 14:30:00,17.590,17.750,17.550,17.600,14947252
2025-09-09 15:00:00,17.610,17.650,17.580,17.610,15821423
2025-09-10 10:00:00,17.500,17.580,17.310,17.390,37598148
2025-09-10 10:30:00,17.380,17.390,17.080,17.090,36603564
2025-09-10 11:00:00,17.090,17.130,17.000,17.050,24088410
2025-09-10 11:30:00,17.050,17.160,17.010,17.100,13117165
2025-09-10 13:30:00,17.090,17.210,17.070,17.160,13075746
2025-09-10 14:00:00,17.170,17.190,17.140,17.180,5036552
2025-09-10 14:30:00,17.180,17.250,17.170,17.240,10193056
2025-09-10 15:00:00,17.250,17.260,17.200,17.200,14054226
2025-09-11 10:00:00,17.140,17.220,17.010,17.160,26104442
2025-09-11 10:30:00,17.150,17.230,17.140,17.200,11301692
2025-09-11 11:00:00,17.190,17.260,17.150,17.220,9911773
2025-09-11 11:30:00,17.220,17.340,17.210,17.340,13232568
2025-09-11 13:30:00,17.340,17.360,17.180,17.220,13150256
2025-09-11 14:00:00,17.230,17.230,17.160,17.210,9510386
2025-09-11 14:30:00,17.210,17.260,17.190,17.230,10565916
2025-09-11 15:00:00,17.230,17.290,17.220,17.280,16184392
2025-09-12 10:00:00,17.290,17.360,17.120,17.220,28891193
2025-09-12 10:30:00,17.220,17.260,17.120,17.180,11832157
2025-09-12 11:00:00,17.190,17.190,17.020,17.020,19590974
2025-09-12 11:30:00,17.030,17.280,16.980,17.240,18120414
2025-09-12 13:30:00,17.240,17.300,17.170,17.200,10128816
2025-09-12 14:00:00,17.210,17.230,17.170,17.200,5486283
2025-09-12 14:30:00,17.190,17.200,17.110,17.150,6433040
2025-09-12 15:00:00,17.150,17.170,17.100,17.120,9173806
2025-09-15 10:00:00,17.130,17.500,17.130,17.310,38131364
2025-09-15 10:30:00,17.320,17.410,17.280,17.320,14872748
2025-09-15 11:00:00,17.320,17.320,17.200,17.220,9099128
2025-09-15 11:30:00,17.220,17.250,17.150,17.240,8996980
2025-09-15 13:30:00,17.240,17.260,17.150,17.170,8615520
2025-09-15 14:00:00,17.170,17.200,17.130,17.180,5673404
2025-09-15 14:30:00,17.170,17.180,17.100,17.100,9821840
2025-09-15 15:00:00,17.110,17.180,17.100,17.160,11533886
2025-09-16 10:00:00,17.290,17.500,17.070,17.080,37361000
2025-09-16 10:30:00,17.080,17.120,17.020,17.050,13335567
2025-09-16 11:00:00,17.050,17.050,16.850,16.880,21590276
2025-09-16 11:30:00,16.880,17.050,16.850,17.000,8866545
2025-09-16 13:30:00,17.010,17.050,16.950,16.990,6376452
2025-09-16 14:00:00,16.990,17.040,16.980,17.030,5336527
2025-09-16 14:30:00,17.040,17.070,16.970,16.980,10923524
2025-09-16 15:00:00,16.980,17.060,16.960,17.050,16011037
2025-09-17 10:00:00,17.000,17.130,16.820,17.040,23075885
2025-09-17 10:30:00,17.050,17.050,16.910,16.930,9814611
2025-09-17 11:00:00,16.930,17.280,16.910,17.260,20993144
2025-09-17 11:30:00,17.260,17.470,17.260,17.340,39052896
2025-09-17 13:30:00,17.330,17.360,17.230,17.240,9510980
2025-09-17 14:00:00,17.240,17.280,17.200,17.260,6604288
2025-09-17 14:30:00,17.260,17.320,17.240,17.290,10472064
2025-09-17 15:00:00,17.300,17.320,17.260,17.300,12852955
2025-09-18 10:00:00,17.310,17.400,17.100,17.170,32694442
2025-09-18 10:30:00,17.160,17.280,17.130,17.260,12542406
2025-09-18 11:00:00,17.260,17.270,17.150,17.190,10681386
2025-09-18 11:30:00,17.200,17.260,17.170,17.230,6996366
2025-09-18 13:30:00,17.230,17.240,17.070,17.090,15600094
2025-09-18 14:00:00,17.100,17.150,16.980,16.980,16260106
2025-09-18 14:30:00,16.980,17.000,16.810,16.810,27584682
2025-09-18 15:00:00,16.820,16.850,16.640,16.820,31545179
2025-09-19 10:00:00,16.820,17.080,16.780,16.920,29215255
2025-09-19 10:30:00,16.920,17.100,16.910,17.070,17930656
2025-09-19 11:00:00,17.060,17.070,16.910,16.950,8369258
2025-09-19 11:30:00,16.940,16.970,16.880,16.950,7581236
2025-09-19 13:30:00,16.960,17.110,16.940,16.990,16489860
2025-09-19 14:00:00,16.990,17.000,16.900,16.910,8120600
2025-09-19 14:30:00,16.910,16.990,16.880,16.960,6855512
2025-09-19 15:00:00,16.970,16.990,16.900,16.900,15576177
2025-09-22 10:00:00,16.900,16.910,16.550,16.560,30668195
2025-09-22 10:30:00,16.550,16.610,16.520,16.550,17924137
2025-09-22 11:00:00,16.560,16.570,16.460,16.520,16140486
2025-09-22 11:30:00,16.530,16.530,16.430,16.500,11000844
2025-09-22 13:30:00,16.500,16.630,16.470,16.560,8287127
2025-09-22 14:00:00,16.570,16.580,16.500,16.520,5095267
2025-09-22 14:30:00,16.520,16.590,16.480,16.570,6423049
2025-09-22 15:00:00,16.570,16.640,16.560,16.600,11303246
2025-09-23 10:00:00,16.550,16.700,16.470,16.490,21076552
2025-09-23 10:30:00,16.480,16.500,16.210,16.240,22581452
2025-09-23 11:00:00,16.230,16.280,16.150,16.230,15332701
2025-09-23 11:30:00,16.230,16.240,16.120,16.130,6709753
2025-09-23 13:30:00,16.140,16.230,16.070,16.210,10128928
2025-09-23 14:00:00,16.210,16.230,16.120,16.210,6154476
2025-09-23 14:30:00,16.210,16.270,16.140,16.270,6582284
2025-09-23 15:00:00,16.260,16.310,16.180,16.290,14868081
2025-09-24 10:00:00,16.280,16.580,16.180,16.440,30904128
2025-09-24 10:30:00,16.440,16.460,16.360,16.410,7977680
2025-09-24 11:00:00,16.420,16.470,16.390,16.470,5176256
2025-09-24 11:30:00,16.470,16.540,16.400,16.530,7111193
2025-09-24 13:30:00,16.540,16.620,16.510,16.610,18595781
2025-09-24 14:00:00,16.610,16.730,16.600,16.650,14583900
2025-09-24 14:30:00,16.660,16.830,16.660,16.820,16421850
2025-09-24 15:00:00,16.830,17.400,16.790,17.400,79648338
2025-09-25 10:00:00,17.380,17.920,17.230,17.610,88326297
2025-09-25 10:30:00,17.610,18.050,17.560,17.890,52587453
2025-09-25 11:00:00,17.890,17.980,17.850,17.920,14667838
2025-09-25 11:30:00,17.920,17.950,17.800,17.810,9133796
2025-09-25 13:30:00,17.800,17.850,17.630,17.670,17814399
2025-09-25 14:00:00,17.670,17.730,17.610,17.660,11765720
2025-09-25 14:30:00,17.670,17.790,17.650,17.760,11816056
2025-09-25 15:00:00,17.760,17.800,17.680,17.760,19911118
2025-09-26 10:00:00,17.650,17.830,17.500,17.680,33091069
2025-09-26 10:30:00,17.680,17.710,17.570,17.590,12668384
2025-09-26 11:00:00,17.590,17.660,17.510,17.590,8885906
2025-09-26 11:30:00,17.590,17.700,17.530,17.550,6396640
2025-09-26 13:30:00,17.550,17.600,17.520,17.600,5524888
2025-09-26 14:00:00,17.600,17.660,17.550,17.570,7625686
2025-09-26 14:30:00,17.570,17.590,17.510,17.540,7265720
2025-09-26 15:00:00,17.540,17.580,17.480,17.500,14960467
2025-09-29 10:00:00,17.480,17.680,17.390,17.490,31423056
2025-09-29 10:30:00,17.500,17.640,17.400,17.620,13358266
2025-09-29 11:00:00,17.610,17.640,17.530,17.570,10538872
2025-09-29 11:30:00,17.570,17.570,17.430,17.440,9666573
2025-09-29 13:30:00,17.440,17.500,17.400,17.440,9314817
2025-09-29 14:00:00,17.440,17.650,17.430,17.640,14702790
2025-09-29 14:30:00,17.650,17.700,17.500,17.570,15433208
2025-09-29 15:00:00,17.560,17.580,17.510,17.580,12654328
2025-09-30 10:00:00,17.590,17.740,17.460,17.630,27239490
2025-09-30 10:30:00,17.640,17.710,17.550,17.600,16190710
2025-09-30 11:00:00,17.600,17.670,17.550,17.620,8887117
2025-09-30 11:30:00,17.610,17.660,17.580,17.620,8084815
2025-09-30 13:30:00,17.610,18.050,17.600,17.850,40872628
2025-09-30 14:00:00,17.850,17.950,17.790,17.860,13082628
2025-09-30 14:30:00,17.860,18.010,17.840,17.980,25683019
2025-09-30 15:00:00,17.980,18.010,17.950,18.000,29197290
2025-10-09 10:00:00,18.050,18.330,17.870,18.130,59245736
2025-10-09 10:30:00,18.130,18.780,18.080,18.760,48796430
2025-10-09 11:00:00,18.770,18.980,18.740,18.830,51839640
2025-10-09 11:30:00,18.820,19.050,18.800,18.850,27211590
2025-10-09 13:30:00,18.850,18.880,18.710,18.820,18068011
2025-10-09 14:00:00,18.810,19.110,18.760,19.040,23707940
2025-10-09 14:30:00,19.040,19.050,18.830,18.850,18813219
2025-10-09 15:00:00,18.860,18.920,18.830,18.880,27658089
2025-10-10 10:00:00,18.970,19.220,18.710,18.750,62031995
2025-10-10 10:30:00,18.750,18.820,18.620,18.770,25358296
2025-10-10 11:00:00,18.770,18.860,18.720,18.780,9416227
2025-10-10 11:30:00,18.790,18.790,18.620,18.740,10930140
2025-10-10 13:30:00,18.740,18.770,18.630,18.640,11165608
2025-10-10 14:00:00,18.640,18.720,18.580,18.650,12749960
2025-10-10 14:30:00,18.640,18.680,18.370,18.400,28859944
2025-10-10 15:00:00,18.390,18.440,18.260,18.400,28360304
2025-10-13 10:00:00,17.650,18.100,17.630,17.760,58397726
2025-10-13 10:30:00,17.750,18.040,17.650,18.020,29438530
2025-10-13 11:00:00,18.020,18.290,18.000,18.040,19729036
2025-10-13 11:30:00,18.050,18.050,17.890,17.900,9415415
2025-10-13 13:30:00,17.900,17.970,17.830,17.950,7679444
2025-10-13 14:00:00,17.960,18.160,17.920,18.120,9523180
2025-10-13 14:30:00,18.110,18.200,18.050,18.150,9392016
2025-10-13 15:00:00,18.150,18.240,18.110,18.130,13871859
2025-10-14 10:00:00,18.400,19.940,18.400,19.940,168318768
2025-10-14 10:30:00,19.940,19.940,19.630,19.940,129529216
2025-10-14 11:00:00,19.940,19.940,19.740,19.750,91513504
2025-10-14 11:30:00,19.740,19.800,19.500,19.600,41008834
2025-10-14 13:30:00,19.600,19.650,19.320,19.530,33816224
2025-10-14 14:00:00,19.530,19.630,19.350,19.350,21742292
2025-10-14 14:30:00,19.350,19.360,19.160,19.210,27921495
2025-10-14 15:00:00,19.210,19.370,19.120,19.280,43089764
2025-10-15 10:00:00,19.270,19.490,18.840,19.440,135300196
2025-10-15 10:30:00,19.450,20.230,19.410,20.140,139110921
2025-10-15 11:00:00,20.140,20.240,19.700,19.730,61266632
2025-10-15 11:30:00,19.730,19.880,19.610,19.750,20643072
2025-10-15 13:30:00,19.750,19.760,19.470,19.560,29654212
2025-10-15 14:00:00,19.560,19.680,19.510,19.620,16997409
2025-10-15 14:30:00,19.620,19.780,19.550,19.720,21556002
2025-10-15 15:00:00,19.730,19.780,19.610,19.720,36085288
2025-10-16 10:00:00,19.650,19.990,19.510,19.710,90000157
2025-10-16 10:30:00,19.710,20.050,19.650,19.910,40753116
2025-10-16 11:00:00,19.910,20.130,19.710,19.940,38800527
2025-10-16 11:30:00,19.950,20.250,19.930,20.100,47451326
2025-10-16 13:30:00,20.100,20.150,19.910,20.080,31557468
2025-10-16 14:00:00,20.080,20.160,19.990,20.040,19262871
2025-10-16 14:30:00,20.040,20.220,20.000,20.190,30881594
2025-10-16 15:00:00,20.190,20.350,20.160,20.250,57356828
2025-10-17 10:00:00,20.090,20.740,20.040,20.060,128966051
2025-10-17 10:30:00,20.060,20.280,19.890,19.960,57597035
2025-10-17 11:00:00,19.940,20.020,19.810,19.830,28531230
2025-10-17 11:30:00,19.850,19.930,19.720,19.820,28225646
2025-10-17 13:30:00,19.810,19.980,19.720,19.780,18421617
2025-10-17 14:00:00,19.790,19.850,19.720,19.760,12497230
2025-10-17 14:30:00,19.760,19.780,19.600,19.620,27311446
2025-10-17 15:00:00,19.620,19.700,19.520,19.700,37867647
2025-10-20 10:00:00,19.650,19.670,19.060,19.380,81578212
2025-10-20 10:30:00,19.390,19.430,19.130,19.180,24192647
2025-10-20 11:00:00,19.180,19.250,19.070,19.080,15774671
2025-10-20 11:30:00,19.080,19.110,19.000,19.060,17715184
2025-10-20 13:30:00,19.060,19.540,18.960,19.050,30906595
2025-10-20 14:00:00,19.040,19.100,19.000,19.070,8537311
2025-10-20 14:30:00,19.070,19.080,18.930,18.990,14695516
2025-10-20 15:00:00,18.990,19.090,18.920,19.060,24874606
2025-10-21 10:00:00,19.080,19.260,18.930,19.090,35804458
2025-10-21 10:30:00,19.100,19.100,18.950,18.990,18141840
2025-10-21 11:00:00,18.990,19.170,18.960,19.060,14065935
2025-10-21 11:30:00,19.060,19.240,19.040,19.170,17383055
2025-10-21 13:30:00,19.160,19.180,19.000,19.040,13836286
2025-10-21 14:00:00,19.040,19.140,18.960,19.000,13194362
2025-10-21 14:30:00,19.000,19.110,18.980,19.010,10157291
2025-10-21 15:00:00,19.010,19.040,18.960,19.010,18000075
2025-10-22 10:00:00,19.170,19.390,18.900,19.060,50949602
2025-10-22 10:30:00,19.050,19.080,18.900,18.960,13533461
2025-10-22 11:00:00,18.960,19.000,18.810,18.950,17532291
2025-10-22 11:30:00,18.950,18.960,18.800,18.810,9026200
2025-10-22 13:30:00,18.800,18.940,18.790,18.910,8291608
2025-10-22 14:00:00,18.920,18.940,18.780,18.790,10418632
2025-10-22 14:30:00,18.790,18.820,18.720,18.780,10019612
2025-10-22 15:00:00,18.790,18.810,18.730,18.770,17352196
2025-10-23 10:00:00,18.650,18.860,18.430,18.500,42192657
2025-10-23 10:30:00,18.490,18.540,18.380,18.540,22987305
2025-10-23 11:00:00,18.530,19.110,18.520,18.770,41563213
2025-10-23 11:30:00,18.780,19.000,18.700,18.710,12014719
2025-10-23 13:30:00,18.700,18.780,18.670,18.690,8283226
2025-10-23 14:00:00,18.690,18.710,18.600,18.660,6697486
2025-10-23 14:30:00,18.660,18.940,18.660,18.910,14216082
2025-10-23 15:00:00,18.910,19.060,18.850,19.040,26801765
2025-10-24 10:00:00,19.050,19.480,18.960,19.050,54189049
2025-10-24 10:30:00,19.050,19.100,18.940,18.950,15696771
2025-10-24 11:00:00,18.950,18.970,18.870,18.890,11036473
2025-10-24 11:30:00,18.890,18.900,18.800,18.810,12781907
2025-10-24 13:30:00,18.810,18.860,18.690,18.820,20032580
2025-10-24 14:00:00,18.820,18.910,18.770,18.800,8617688
2025-10-24 14:30:00,18.800,18.830,18.760,18.820,7143295
2025-10-24 15:00:00,18.820,18.860,18.800,18.840,13133073
2025-10-27 10:00:00,19.000,19.380,19.000,19.280,69703127
2025-10-27 10:30:00,19.290,19.290,19.020,19.040,23888018
2025-10-27 11:00:00,19.030,19.060,18.870,18.940,16392618
2025-10-27 11:30:00,18.950,19.030,18.900,19.010,8596762
2025-10-27 13:30:00,19.010,19.140,18.980,19.020,11519279
2025-10-27 14:00:00,19.030,19.050,18.940,18.940,7923031
2025-10-27 14:30:00,18.950,19.140,18.940,19.070,10600737
2025-10-27 15:00:00,19.070,19.090,19.000,19.060,16087064
2025-10-28 10:00:00,19.190,19.220,18.860,19.090,32251109
2025-10-28 10:30:00,19.090,19.180,18.980,19.060,15756021
2025-10-28 11:00:00,19.050,19.120,18.950,19.000,8705569
2025-10-28 11:30:00,19.000,19.090,18.980,19.050,7311699
2025-10-28 13:30:00,19.060,19.080,18.830,18.860,18489002
2025-10-28 14:00:00,18.860,18.870,18.760,18.860,13952572
2025-10-28 14:30:00,18.860,18.900,18.820,18.860,6454796
2025-10-28 15:00:00,18.870,18.940,18.850,18.900,13497790
2025-10-29 10:00:00,18.900,19.840,18.810,19.750,106047046
2025-10-29 10:30:00,19.750,20.150,19.610,19.960,78381423
2025-10-29 11:00:00,19.960,20.360,19.920,20.280,47738192
2025-10-29 11:30:00,20.280,20.350,20.170,20.340,23044925
2025-10-29 13:30:00,20.350,20.790,20.300,20.790,116507843
2025-10-29 14:00:00,20.790,20.790,20.790,20.790,8167509
2025-10-29 14:30:00,20.790,20.790,20.790,20.790,6006187
2025-10-29 15:00:00,20.790,20.790,20.790,20.790,4113502
2025-10-30 10:00:00,21.010,22.140,21.000,21.910,248114199
2025-10-30 10:30:00,21.910,21.990,21.740,21.910,53915909
2025-10-30 11:00:00,21.890,21.940,21.710,21.740,29736203
2025-10-30 11:30:00,21.740,21.900,21.630,21.710,28678114
2025-10-30 13:30:00,21.690,21.800,21.450,21.590,50157543
2025-10-30 14:00:00,21.600,21.710,21.520,21.570,21518337
2025-10-30 14:30:00,21.570,21.670,21.420,21.450,24022356
2025-10-30 15:00:00,21.460,21.590,21.450,21.510,36401151
2025-10-31 10:00:00,21.410,22.240,21.320,21.480,146378989
2025-10-31 10:30:00,21.470,21.750,21.440,21.480,33416791
2025-10-31 11:00:00,21.470,21.530,21.300,21.480,29961325
2025-10-31 11:30:00,21.480,21.490,21.270,21.270,15361557
2025-10-31 13:30:00,21.270,21.400,21.210,21.280,20259218
2025-10-31 14:00:00,21.280,21.280,21.000,21.120,27752062
2025-10-31 14:30:00,21.120,21.210,21.080,21.190,15824332
2025-10-31 15:00:00,21.180,21.200,21.030,21.110,30107121
2025-11-03 10:00:00,21.370,21.880,21.220,21.550,106186932
2025-11-03 10:30:00,21.540,21.630,21.240,21.280,29969080
2025-11-03 11:00:00,21.270,21.580,21.200,21.550,21734714
2025-11-03 11:30:00,21.540,21.560,21.310,21.380,11105068
2025-11-03 13:30:00,21.380,21.720,21.300,21.690,23574558
2025-11-03 14:00:00,21.690,21.750,21.550,21.630,28246201
2025-11-03 14:30:00,21.640,21.810,21.610,21.710,31937848
2025-11-03 15:00:00,21.700,21.760,21.610,21.760,37064762
2025-11-04 10:00:00,21.780,21.930,21.490,21.600,74381953
2025-11-04 10:30:00,21.590,21.760,21.510,21.610,19019990
2025-11-04 11:00:00,21.620,21.670,21.400,21.510,21472893
2025-11-04 11:30:00,21.510,21.540,21.320,21.350,12424886
2025-11-04 13:30:00,21.360,21.400,21.180,21.370,19775676
2025-11-04 14:00:00,21.360,21.400,21.310,21.330,9857332
2025-11-04 14:30:00,21.340,21.360,21.210,21.230,15170840
2025-11-04 15:00:00,21.230,21.430,21.200,21.350,23634411
2025-11-05 10:00:00,21.010,21.320,20.730,21.120,58823872
2025-11-05 10:30:00,21.100,21.650,20.950,21.430,44763307
2025-11-05 11:00:00,21.430,21.510,21.120,21.160,17496985
2025-11-05 11:30:00,21.150,21.850,21.150,21.680,38357835
2025-11-05 13:30:00,21.690,22.520,21.580,21.940,90147093
2025-11-05 14:00:00,21.930,22.150,21.840,21.860,33278300
2025-11-05 14:30:00,21.850,21.940,21.750,21.870,21010685
2025-11-05 15:00:00,21.860,21.970,21.800,21.850,26450748
2025-11-06 10:00:00,21.850,22.030,21.500,21.550,69910964
2025-11-06 10:30:00,21.550,21.760,21.420,21.680,30300193
2025-11-06 11:00:00,21.680,21.950,21.680,21.740,26482705
2025-11-06 11:30:00,21.750,22.160,21.720,21.970,31465747
2025-11-06 13:30:00,21.970,21.990,21.700,21.790,18545968
2025-11-06 14:00:00,21.790,21.850,21.700,21.790,9858502
2025-11-06 14:30:00,21.790,21.860,21.720,21.810,13281518
2025-11-06 15:00:00,21.800,21.830,21.740,21.770,21800205
2025-11-07 10:00:00,21.640,23.290,21.640,23.140,190505220
2025-11-07 10:30:00,23.140,23.300,22.770,22.840,81652524
2025-11-07 11:00:00,22.840,22.950,22.610,22.700,29657029
2025-11-07 11:30:00,22.720,22.850,22.520,22.610,22335833
2025-11-07 13:30:00,22.600,22.860,22.520,22.630,25580787
2025-11-07 14:00:00,22.640,22.750,22.510,22.530,17543300
2025-11-07 14:30:00,22.530,22.580,22.380,22.560,26118664
2025-11-07 15:00:00,22.560,22.570,22.400,22.430,28941659
2025-11-10 10:00:00,22.880,23.570,22.600,23.140,167051478
2025-11-10 10:30:00,23.150,23.510,23.050,23.260,66590908
2025-11-10 11:00:00,23.260,23.400,23.100,23.190,25969592
2025-11-10 11:30:00,23.200,23.330,23.100,23.180,20329728
2025-11-10 13:30:00,23.180,23.200,22.710,22.790,40236871
2025-11-10 14:00:00,22.800,22.870,22.630,22.740,26361592
2025-11-10 14:30:00,22.740,22.750,22.610,22.670,21314532
2025-11-10 15:00:00,22.660,22.850,22.660,22.800,35248808
2025-11-11 10:00:00,22.800,23.090,22.660,22.840,90312221
2025-11-11 10:30:00,22.840,22.970,22.540,22.550,43051804
2025-11-11 11:00:00,22.550,23.030,22.510,22.830,36888063
2025-11-11 11:30:00,22.830,22.960,22.760,22.840,16500160
2025-11-11 13:30:00,22.820,22.880,22.680,22.720,16580547
2025-11-11 14:00:00,22.720,22.810,22.550,22.580,19595415
2025-11-11 14:30:00,22.590,22.650,22.560,22.570,17526328
2025-11-11 15:00:00,22.570,22.570,22.410,22.440,40012616
2025-11-12 10:00:00,22.300,22.300,21.200,21.420,118329347
2025-11-12 10:30:00,21.420,21.550,21.160,21.190,64155214
2025-11-12 11:00:00,21.200,21.200,20.710,20.750,82126159
2025-11-12 11:30:00,20.750,20.770,20.350,20.480,87179564
2025-11-12 13:30:00,20.480,20.590,20.220,20.340,52679682
2025-11-12 14:00:00,20.340,20.670,20.300,20.590,33034976
2025-11-12 14:30:00,20.580,20.720,20.440,20.680,29106199
2025-11-12 15:00:00,20.680,21.080,20.670,20.790,55734177
2025-11-13 10:00:00,20.800,21.180,20.690,21.000,101067471
2025-11-13 10:30:00,21.020,21.350,20.930,21.270,47157340
2025-11-13 11:00:00,21.270,21.640,21.200,21.520,48984545
2025-11-13 11:30:00,21.530,21.640,21.330,21.340,24697100
2025-11-13 13:30:00,21.340,21.490,21.240,21.320,25596156
2025-11-13 14:00:00,21.320,21.330,21.030,21.080,28947519
2025-11-13 14:30:00,21.080,21.270,21.020,21.210,19264161
2025-11-13 15:00:00,21.210,21.320,21.190,21.300,26225308
2025-11-14 10:00:00,21.000,21.540,20.800,21.350,81479270
2025-11-14 10:30:00,21.350,21.530,21.180,21.420,28982645
2025-11-14 11:00:00,21.410,21.500,21.300,21.320,17128988
2025-11-14 11:30:00,21.320,21.460,21.250,21.380,14025641
2025-11-14 13:30:00,21.390,23.110,21.360,22.220,166066127
2025-11-14 14:00:00,22.230,22.400,22.070,22.240,35066177
2025-11-14 14:30:00,22.230,22.250,22.030,22.090,21507109
2025-11-14 15:00:00,22.080,22.130,21.850,21.880,40575705
2025-11-17 10:00:00,22.000,22.100,21.310,21.430,98531232
2025-11-17 10:30:00,21.450,21.590,21.310,21.360,31320237
2025-11-17 11:00:00,21.360,21.510,21.260,21.380,19073384
2025-11-17 11:30:00,21.370,21.590,21.350,21.430,12242095
2025-11-17 13:30:00,21.440,21.770,21.430,21.670,19304135
2025-11-17 14:00:00,21.680,21.790,21.550,21.630,17850000
2025-11-17 14:30:00,21.630,21.720,21.520,21.610,11478156
2025-11-17 15:00:00,21.600,21.700,21.570,21.690,21446482
2025-11-18 10:00:00,21.540,21.880,21.170,21.260,58559386
2025-11-18 10:30:00,21.260,21.490,21.200,21.380,17933425
2025-11-18 11:00:00,21.380,21.400,21.190,21.190,16308898
2025-11-18 11:30:00,21.200,21.320,21.120,21.220,12207170
2025-11-18 13:30:00,21.230,21.250,21.030,21.080,18611562
2025-11-18 14:00:00,21.080,21.230,21.060,21.120,10852560
2025-11-18 14:30:00,21.120,21.120,21.010,21.020,17298313
2025-11-18 15:00:00,21.030,21.190,21.010,21.150,21691059
2025-11-19 10:00:00,21.150,21.440,20.680,20.800,55367406
2025-11-19 10:30:00,20.800,20.850,20.640,20.760,22994485
2025-11-19 11:00:00,20.760,21.300,20.750,21.000,28006526
2025-11-19 11:30:00,21.010,21.120,20.830,20.840,7884749
2025-11-19 13:30:00,20.830,20.880,20.690,20.760,12571197
2025-11-19 14:00:00,20.750,20.900,20.700,20.900,8725400
2025-11-19 14:30:00,20.900,21.310,20.800,21.160,28459212
2025-11-19 15:00:00,21.160,21.260,21.050,21.200,32242449
2025-11-20 10:00:00,21.200,21.250,20.800,20.840,45915645
2025-11-20 10:30:00,20.840,21.300,20.720,20.970,31329120
2025-11-20 11:00:00,20.980,21.000,20.770,20.800,17001979
2025-11-20 11:30:00,20.790,20.860,20.770,20.840,10219276
2025-11-20 13:30:00,20.840,20.870,20.600,20.640,19386718
2025-11-20 14:00:00,20.640,20.650,20.330,20.410,36187078
2025-11-20 14:30:00,20.410,20.440,20.240,20.310,22767453
2025-11-20 15:00:00,20.310,20.410,20.000,20.100,51076596
2025-11-21 10:00:00,19.700,19.900,19.110,19.310,108350467
2025-11-21 10:30:00,19.320,19.410,19.130,19.130,33878760
2025-11-21 11:00:00,19.130,19.200,19.010,19.150,32922421
2025-11-21 11:30:00,19.150,19.250,19.000,19.120,17322456
2025-11-21 13:30:00,19.120,19.250,19.040,19.140,18197350
2025-11-21 14:00:00,19.150,19.240,19.020,19.030,12962108
2025-11-21 14:30:00,19.030,19.040,18.910,18.950,25568492
2025-11-21 15:00:00,18.950,19.000,18.810,18.840,37921920
2025-11-24 10:00:00,19.020,19.090,18.550,18.730,57355103
2025-11-24 10:30:00,18.740,18.740,18.510,18.680,20308501
2025-11-24 11:00:00,18.670,18.790,18.610,18.630,12283652
2025-11-24 11:30:00,18.620,18.660,18.560,18.590,10620531
2025-11-24 13:30:00,18.580,18.770,18.550,18.750,12473564
2025-11-24 14:00:00,18.750,18.930,18.720,18.830,17639772
2025-11-24 14:30:00,18.830,18.920,18.780,18.920,11841531
2025-11-24 15:00:00,18.920,18.950,18.700,18.760,18983761
2025-11-25 10:00:00,18.910,19.140,18.800,19.000,42977820
2025-11-25 10:30:00,19.000,19.160,18.990,19.150,18573749
2025-11-25 11:00:00,19.150,19.230,19.000,19.010,17633260
2025-11-25 11:30:00,19.010,19.090,18.980,19.040,10866800
2025-11-25 13:30:00,19.040,19.050,18.900,18.900,14355750
2025-11-25 14:00:00,18.900,18.990,18.870,18.980,8927748
2025-11-25 14:30:00,18.980,19.050,18.920,18.960,9167065
2025-11-25 15:00:00,18.960,19.030,18.940,18.980,15277506
2025-11-26 10:00:00,19.120,19.200,18.700,18.980,40962615
2025-11-26 10:30:00,18.980,19.040,18.820,18.910,14079740
2025-11-26 11:00:00,18.910,19.030,18.880,18.940,11576286
2025-11-26 11:30:00,18.940,19.120,18.920,19.070,14248056
2025-11-26 13:30:00,19.070,19.190,18.940,18.980,15742419
2025-11-26 14:00:00,18.980,18.990,18.880,18.900,11658962
2025-11-26 14:30:00,18.900,18.920,18.800,18.820,16137216
2025-11-26 15:00:00,18.810,18.840,18.750,18.810,23084272
2025-11-27 10:00:00,18.760,19.030,18.730,18.980,30115990
2025-11-27 10:30:00,18.980,19.060,18.900,18.940,22804571
2025-11-27 11:00:00,18.940,19.070,18.860,18.920,18811953
2025-11-27 11:30:00,18.920,18.930,18.730,18.750,14709036
2025-11-27 13:30:00,18.750,18.890,18.700,18.790,13454652
2025-11-27 14:00:00,18.790,18.880,18.700,18.710,14668176
2025-11-27 14:30:00,18.710,18.720,18.590,18.690,19887988
2025-11-27 15:00:00,18.690,18.700,18.520,18.580,22591687
2025-11-28 10:00:00,18.490,18.720,18.350,18.560,31593269
2025-11-28 10:30:00,18.550,18.710,18.500,18.600,20578270
2025-11-28 11:00:00,18.590,18.620,18.510,18.520,10891788
2025-11-28 11:30:00,18.520,18.610,18.510,18.580,9683620
2025-11-28 13:30:00,18.580,18.590,18.460,18.480,12381364
2025-11-28 14:00:00,18.480,18.530,18.450,18.510,9096870
2025-11-28 14:30:00,18.500,18.560,18.460,18.560,11522620
2025-11-28 15:00:00,18.560,18.600,18.540,18.570,20241352
2025-12-01 10:00:00,18.700,18.850,18.610,18.770,32290947
2025-12-01 10:30:00,18.760,18.780,18.510,18.550,20872745
2025-12-01 11:00:00,18.560,18.660,18.500,18.600,15367183
2025-12-01 11:30:00,18.610,18.770,18.580,18.750,15089194
2025-12-01 13:30:00,18.770,18.780,18.640,18.670,9110700
2025-12-01 14:00:00,18.670,18.690,18.600,18.650,7047280
2025-12-01 14:30:00,18.650,18.730,18.640,18.700,10410474
2025-12-01 15:00:00,18.700,18.750,18.690,18.750,17246189
2025-12-02 10:00:00,18.650,18.660,18.260,18.490,49181685
2025-12-02 10:30:00,18.480,18.540,18.430,18.440,10536613
2025-12-02 11:00:00,18.440,18.480,18.400,18.410,7955677
2025-12-02 11:30:00,18.420,18.420,18.350,18.370,7628091
2025-12-02 13:30:00,18.370,18.400,18.300,18.330,11710974
2025-12-02 14:00:00,18.320,18.360,18.280,18.310,10393954
2025-12-02 14:30:00,18.310,18.350,18.300,18.320,6958529
2025-12-02 15:00:00,18.320,18.330,18.250,18.310,21911014
2025-12-03 10:00:00,18.300,18.340,18.100,18.130,29116476
2025-12-03 10:30:00,18.130,18.230,18.070,18.090,13879037
2025-12-03 11:00:00,18.090,18.170,18.000,18.110,18572481
2025-12-03 11:30:00,18.110,18.150,18.060,18.110,5431160
2025-12-03 13:30:00,18.110,18.220,18.090,18.150,9641840
2025-12-03 14:00:00,18.160,18.160,18.030,18.030,7272308
2025-12-03 14:30:00,18.040,18.050,17.980,18.010,15031099
2025-12-03 15:00:00,18.010,18.050,17.990,18.020,13109809
2025-12-04 10:00:00,17.870,18.030,17.820,17.820,24639857
2025-12-04 10:30:00,17.820,17.970,17.800,17.890,17057492
2025-12-04 11:00:00,17.900,17.990,17.860,17.950,10273039
2025-12-04 11:30:00,17.960,17.980,17.890,17.960,5067701
2025-12-04 13:30:00,17.950,18.000,17.900,17.950,7899236
2025-12-04 14:00:00,17.940,17.960,17.870,17.880,6828860
2025-12-04 14:30:00,17.890,17.970,17.880,17.940,4956798
2025-12-04 15:00:00,17.940,17.960,17.910,17.910,10146711
2025-12-05 10:00:00,17.920,18.030,17.810,18.000,22598395
2025-12-05 10:30:00,18.020,18.030,17.910,17.960,11126708
2025-12-05 11:00:00,17.960,18.030,17.950,18.020,9036120
2025-12-05 11:30:00,18.020,18.070,17.940,17.970,14751834
2025-12-05 13:30:00,17.970,18.010,17.890,17.930,11874492
2025-12-05 14:00:00,17.920,18.050,17.910,18.030,10998044
2025-12-05 14:30:00,18.020,18.060,18.000,18.030,10070233
2025-12-05 15:00:00,18.020,18.040,18.000,18.020,12417971
2025-12-08 10:00:00,17.990,18.080,17.900,17.930,29363031
2025-12-08 10:30:00,17.940,18.150,17.920,18.080,22057196
2025-12-08 11:00:00,18.090,18.170,18.070,18.080,12015876
2025-12-08 11:30:00,18.080,18.120,18.060,18.110,5266068
2025-12-08 13:30:00,18.120,18.150,18.050,18.150,9205225
2025-12-08 14:00:00,18.150,18.170,18.070,18.070,9479071
2025-12-08 14:30:00,18.080,18.100,18.050,18.070,7628126
2025-12-08 15:00:00,18.070,18.080,18.030,18.080,13300456
2025-12-09 10:00:00,18.060,18.200,17.930,18.200,24646731
2025-12-09 10:30:00,18.200,18.230,17.980,17.980,21525933
2025-12-09 11:00:00,17.980,18.030,17.900,17.950,12741448
2025-12-09 11:30:00,17.950,17.990,17.910,17.950,6522558
2025-12-09 13:30:00,17.950,18.250,17.920,18.100,27923768
2025-12-09 14:00:00,18.090,18.260,18.070,18.140,23842683
2025-12-09 14:30:00,18.140,18.140,18.050,18.100,11806567
2025-12-09 15:00:00,18.100,18.210,18.060,18.200,21059338
2025-12-10 10:00:00,18.290,18.540,17.930,17.950,76997559
2025-12-10 10:30:00,17.940,17.950,17.800,17.910,28330842
2025-12-10 11:00:00,17.910,17.990,17.860,17.960,9940516
2025-12-10 11:30:00,17.960,18.040,17.920,17.970,7212716
2025-12-10 13:30:00,17.960,18.080,17.950,18.060,8244032
2025-12-10 14:00:00,18.050,18.130,18.030,18.110,8612063
2025-12-10 14:30:00,18.110,18.300,18.100,18.260,15573594
2025-12-10 15:00:00,18.250,18.320,18.160,18.200,16972099
2025-12-11 10:00:00,18.160,18.260,18.080,18.160,26767710
2025-12-11 10:30:00,18.150,18.210,18.050,18.100,12554720
2025-12-11 11:00:00,18.090,18.140,18.010,18.040,8982881
2025-12-11 11:30:00,18.030,18.070,17.980,18.000,9254676
2025-12-11 13:30:00,17.990,18.040,17.940,17.960,10303051
2025-12-11 14:00:00,17.970,18.090,17.960,18.030,7390884
2025-12-11 14:30:00,18.040,18.050,17.970,18.000,7857938
2025-12-11 15:00:00,17.990,18.020,17.860,17.880,17823707
2025-12-12 10:00:00,17.950,18.050,17.860,18.040,23175242
2025-12-12 10:30:00,18.030,18.170,17.950,18.010,23739280
2025-12-12 11:00:00,18.020,18.080,17.960,18.050,8449208
2025-12-12 11:30:00,18.050,18.140,18.050,18.070,8586717
2025-12-12 13:30:00,18.070,18.190,18.060,18.160,19261814
2025-12-12 14:00:00,18.160,18.190,18.140,18.180,10178403
2025-12-12 14:30:00,18.180,18.250,18.180,18.220,16920396
2025-12-12 15:00:00,18.220,18.230,18.170,18.190,19442700
2025-12-15 10:00:00,18.150,18.360,18.100,18.270,31416687
2025-12-15 10:30:00,18.270,18.370,18.230,18.300,22809468
2025-12-15 11:00:00,18.290,18.320,18.220,18.270,11546982
2025-12-15 11:30:00,18.260,18.280,18.150,18.150,9762189
2025-12-15 13:30:00,18.160,18.170,18.050,18.050,10729900
2025-12-15 14:00:00,18.050,18.090,18.020,18.080,8285216
2025-12-15 14:30:00,18.080,18.090,18.010,18.070,8916267
2025-12-15 15:00:00,18.070,18.070,17.960,18.000,16948493
2025-12-16 10:00:00,17.990,17.990,17.490,17.570,45739708
2025-12-16 10:30:00,17.590,17.600,17.410,17.570,17880538
2025-12-16 11:00:00,17.580,17.590,17.400,17.430,13464992
2025-12-16 11:30:00,17.430,17.460,17.300,17.310,17032148
2025-12-16 13:30:00,17.310,17.500,17.300,17.420,9722298
2025-12-16 14:00:00,17.410,17.560,17.380,17.470,7950279
2025-12-16 14:30:00,17.470,17.560,17.440,17.480,7501452
2025-12-16 15:00:00,17.480,17.510,17.420,17.460,14092687
2025-12-17 10:00:00,17.490,17.640,17.460,17.490,19636533
2025-12-17 10:30:00,17.490,17.590,17.440,17.570,10281428
2025-12-17 11:00:00,17.570,17.580,17.490,17.580,5292172
2025-12-17 11:30:00,17.580,17.630,17.570,17.610,7213963
2025-12-17 13:30:00,17.610,17.650,17.530,17.550,8814536
2025-12-17 14:00:00,17.550,17.730,17.520,17.710,13895546
2025-12-17 14:30:00,17.730,17.820,17.700,17.770,14594401
2025-12-17 15:00:00,17.770,17.790,17.740,17.780,11473793
2025-12-18 10:00:00,17.700,17.880,17.610,17.840,20187741
2025-12-18 10:30:00,17.830,17.900,17.760,17.790,9574448
2025-12-18 11:00:00,17.780,17.860,17.720,17.750,6455867
2025-12-18 11:30:00,17.760,17.810,17.730,17.780,3532423
2025-12-18 13:30:00,17.790,17.890,17.770,17.860,8032562
2025-12-18 14:00:00,17.860,17.890,17.780,17.780,6454832
2025-12-18 14:30:00,17.790,17.800,17.730,17.750,6675132
2025-12-18 15:00:00,17.750,17.770,17.700,17.700,9021431
2025-12-19 10:00:00,17.710,18.050,17.710,18.010,33410732
2025-12-19 10:30:00,18.010,18.250,17.980,18.220,37835167
2025-12-19 11:00:00,18.220,18.410,18.150,18.180,25601954
2025-12-19 11:30:00,18.180,18.230,18.130,18.190,6622716
2025-12-19 13:30:00,18.180,18.200,18.100,18.130,7315740
2025-12-19 14:00:00,18.120,18.160,18.100,18.110,5574094
2025-12-19 14:30:00,18.110,18.130,18.060,18.110,6612327
2025-12-19 15:00:00,18.120,18.180,18.080,18.080,15942897
2025-12-22 10:00:00,18.090,18.270,18.090,18.200,24997104
2025-12-22 10:30:00,18.200,18.280,18.180,18.230,12960918
2025-12-22 11:00:00,18.220,18.230,18.110,18.120,11423868
2025-12-22 11:30:00,18.130,18.210,18.120,18.170,6994968
2025-12-22 13:30:00,18.170,18.210,18.130,18.150,7921881
2025-12-22 14:00:00,18.150,18.170,18.100,18.120,7356381
2025-12-22 14:30:00,18.110,18.160,18.110,18.130,6451662
2025-12-22 15:00:00,18.130,18.150,18.090,18.110,11988284
2025-12-23 10:00:00,18.120,18.180,18.010,18.080,19477069
2025-12-23 10:30:00,18.090,18.090,17.920,17.970,16111596
2025-12-23 11:00:00,17.970,18.110,17.940,18.110,10432275
2025-12-23 11:30:00,18.110,18.180,18.090,18.130,11138141
2025-12-23 13:30:00,18.120,18.140,18.030,18.040,5710526
2025-12-23 14:00:00,18.050,18.070,17.970,17.980,5961370
2025-12-23 14:30:00,17.990,18.020,17.960,17.960,6375760
2025-12-23 15:00:00,17.970,18.050,17.930,18.020,10168164
2025-12-24 10:00:00,17.940,18.020,17.770,18.000,20319088
2025-12-24 10:30:00,17.990,18.060,17.920,17.960,7632440
2025-12-24 11:00:00,17.950,18.040,17.940,18.000,5032372
2025-12-24 11:30:00,18.000,18.090,17.980,18.050,7909651
2025-12-24 13:30:00,18.040,18.130,18.000,18.100,10218716
2025-12-24 14:00:00,18.110,18.230,18.100,18.150,16954896
2025-12-24 14:30:00,18.140,18.170,18.100,18.120,7730770
2025-12-24 15:00:00,18.110,18.140,18.100,18.130,11233317
2025-12-25 10:00:00,18.040,18.150,17.980,17.980,21442920
2025-12-25 10:30:00,17.980,18.010,17.950,17.970,11055416
2025-12-25 11:00:00,17.960,18.150,17.960,18.110,7604153
2025-12-25 11:30:00,18.110,18.120,18.070,18.120,4305744
2025-12-25 13:30:00,18.120,18.300,18.110,18.300,19766654
2025-12-25 14:00:00,18.290,18.310,18.210,18.240,10054629
2025-12-25 14:30:00,18.240,18.280,18.230,18.260,7936048
2025-12-25 15:00:00,18.270,18.280,18.240,18.270,13396191
2025-12-26 10:00:00,18.840,19.110,18.700,19.110,115777512
2025-12-26 10:30:00,19.110,19.330,18.950,19.230,52143067
2025-12-26 11:00:00,19.230,19.290,19.100,19.140,21007049
2025-12-26 11:30:00,19.140,19.210,18.870,18.940,27047750
2025-12-26 13:30:00,18.940,19.060,18.860,19.050,15459787
2025-12-26 14:00:00,19.040,19.100,19.000,19.040,11759500
2025-12-26 14:30:00,19.050,19.070,18.910,18.960,12342612
2025-12-26 15:00:00,18.970,19.020,18.950,19.020,19735957
2025-12-29 10:00:00,19.030,19.180,18.800,18.860,56824963
2025-12-29 10:30:00,18.860,19.010,18.810,18.920,17421640
2025-12-29 11:00:00,18.910,18.970,18.870,18.890,9618494
2025-12-29 11:30:00,18.890,18.970,18.860,18.870,8708099
2025-12-29 13:30:00,18.860,18.880,18.790,18.830,15180001
2025-12-29 14:00:00,18.830,18.860,18.770,18.790,9632382
2025-12-29 14:30:00,18.790,18.820,18.690,18.700,13427113
2025-12-29 15:00:00,18.700,18.710,18.610,18.700,22180647
2025-12-30 10:00:00,18.550,18.750,18.400,18.560,34249199
2025-12-30 10:30:00,18.560,18.570,18.420,18.510,12834888
2025-12-30 11:00:00,18.520,18.560,18.470,18.540,7334232
2025-12-30 11:30:00,18.540,18.550,18.450,18.510,6897902
2025-12-30 13:30:00,18.510,18.590,18.450,18.540,10738003
2025-12-30 14:00:00,18.540,18.580,18.480,18.490,7209500
2025-12-30 14:30:00,18.480,18.520,18.460,18.490,5792988
2025-12-30 15:00:00,18.500,18.510,18.430,18.440,13194276
2025-12-31 10:00:00,18.420,18.540,18.310,18.310,24909519
2025-12-31 10:30:00,18.310,18.430,18.280,18.360,14276807
2025-12-31 11:00:00,18.370,18.400,18.310,18.330,8693741
2025-12-31 11:30:00,18.340,18.380,18.280,18.290,10556820
2025-12-31 13:30:00,18.290,18.310,18.250,18.270,9295334
2025-12-31 14:00:00,18.270,18.290,18.200,18.220,9410664
2025-12-31 14:30:00,18.210,18.250,18.180,18.220,11401269
2025-12-31 15:00:00,18.230,18.240,18.170,18.200,13532575
2026-01-05 10:00:00,18.430,18.470,18.230,18.360,27099194
2026-01-05 10:30:00,18.360,18.490,18.350,18.470,18498484
2026-01-05 11:00:00,18.460,18.500,18.430,18.430,14334321
2026-01-05 11:30:00,18.430,18.500,18.420,18.460,7838241
2026-01-05 13:30:00,18.460,18.480,18.380,18.410,9958694
2026-01-05 14:00:00,18.400,18.450,18.390,18.450,5904134
2026-01-05 14:30:00,18.440,18.480,18.420,18.460,9054646
2026-01-05 15:00:00,18.460,18.490,18.450,18.490,13665526
2026-01-06 10:00:00,18.490,18.780,18.450,18.680,41529541
2026-01-06 10:30:00,18.690,18.720,18.600,18.650,17097574
2026-01-06 11:00:00,18.650,18.750,18.600,18.720,17804840
2026-01-06 11:30:00,18.720,18.790,18.720,18.770,13132540
2026-01-06 13:30:00,18.760,18.880,18.740,18.850,16953876
2026-01-06 14:00:00,18.840,18.870,18.710,18.760,15404908
2026-01-06 14:30:00,18.770,18.840,18.760,18.820,9149820
2026-01-06 15:00:00,18.830,18.830,18.780,18.830,16919363
2026-01-07 10:00:00,18.830,18.850,18.650,18.840,39433470
2026-01-07 10:30:00,18.840,18.850,18.560,18.640,28116727
2026-01-07 11:00:00,18.640,18.670,18.600,18.630,11587195
2026-01-07 11:30:00,18.620,18.650,18.580,18.620,14007304
2026-01-07 13:30:00,18.620,18.730,18.590,18.590,16679717
2026-01-07 14:00:00,18.590,18.720,18.590,18.640,12792248
2026-01-07 14:30:00,18.630,18.680,18.610,18.620,8110504
2026-01-07 15:00:00,18.630,18.650,18.570,18.650,16377303
2026-01-08 10:00:00,18.530,18.800,18.390,18.790,38890422
2026-01-08 10:30:00,18.790,18.930,18.660,18.670,33179725
2026-01-08 11:00:00,18.670,18.710,18.580,18.710,14793398
2026-01-08 11:30:00,18.700,18.710,18.560,18.610,10547884
2026-01-08 13:30:00,18.620,18.800,18.610,18.750,16314252
2026-01-08 14:00:00,18.740,18.760,18.650,18.720,9811730
2026-01-08 14:30:00,18.730,18.800,18.630,18.720,13000044
2026-01-08 15:00:00,18.730,18.770,18.710,18.770,17100257
2026-01-09 10:00:00,18.610,18.750,18.400,18.700,50493750
2026-01-09 10:30:00,18.700,18.770,18.540,18.610,29563772
2026-01-09 11:00:00,18.610,18.690,18.580,18.620,17977488
2026-01-09 11:30:00,18.620,18.630,18.420,18.450,32732552
2026-01-09 13:30:00,18.450,18.460,18.280,18.350,36058911
2026-01-09 14:00:00,18.350,18.380,18.300,18.330,17842715
2026-01-09 14:30:00,18.340,18.460,18.310,18.330,21704110
2026-01-09 15:00:00,18.330,18.400,18.320,18.390,22645443
2026-01-12 10:00:00,18.100,19.330,18.020,19.120,173450437
2026-01-12 10:30:00,19.120,19.450,19.070,19.160,64031961
2026-01-12 11:00:00,19.160,19.210,19.060,19.110,22730872
2026-01-12 11:30:00,19.100,19.250,19.100,19.200,18275771
2026-01-12 13:30:00,19.210,19.250,19.070,19.090,20264631
2026-01-12 14:00:00,19.100,19.130,19.040,19.090,16107822
2026-01-12 14:30:00,19.080,19.170,19.080,19.160,16124797
2026-01-12 15:00:00,19.160,19.250,19.100,19.230,33395998
2026-01-13 10:00:00,19.230,19.230,18.580,18.660,108525085
2026-01-13 10:30:00,18.660,18.800,18.530,18.550,44496258
2026-01-13 11:00:00,18.550,18.630,18.460,18.610,26446245
2026-01-13 11:30:00,18.610,18.750,18.600,18.650,17639760
2026-01-13 13:30:00,18.650,18.750,18.540,18.560,15653570
2026-01-13 14:00:00,18.560,18.740,18.500,18.690,18179588
2026-01-13 14:30:00,18.690,18.700,18.520,18.520,14660624
2026-01-13 15:00:00,18.530,18.550,18.420,18.500,32957050
2026-01-14 10:00:00,18.430,18.900,18.400,18.840,63530935
2026-01-14 10:30:00,18.840,19.070,18.840,19.000,50772161
2026-01-14 11:00:00,18.990,19.030,18.910,18.920,20007783
2026-01-14 11:30:00,18.930,18.980,18.900,18.960,13191044
2026-01-14 13:30:00,18.960,18.980,18.550,18.650,41961140
2026-01-14 14:00:00,18.650,18.700,18.430,18.430,24717486
2026-01-14 14:30:00,18.440,18.660,18.370,18.650,23859555
2026-01-14 15:00:00,18.650,18.660,18.500,18.590,17272580
2026-01-15 10:00:00,18.500,18.990,18.450,18.740,50425763
2026-01-15 10:30:00,18.750,18.800,18.560,18.580,21507871
2026-01-15 11:00:00,18.570,18.640,18.530,18.590,13410067
2026-01-15 11:30:00,18.590,18.650,18.510,18.540,9356583
2026-01-15 13:30:00,18.540,18.630,18.500,18.600,12337300
2026-01-15 14:00:00,18.590,18.650,18.560,18.580,9324294
2026-01-15 14:30:00,18.590,18.590,18.400,18.470,26235337
2026-01-15 15:00:00,18.470,18.500,18.420,18.500,17512209
2026-01-16 10:00:00,18.610,18.950,18.610,18.660,55991188
2026-01-16 10:30:00,18.670,18.760,18.580,18.620,23531525
2026-01-16 11:00:00,18.620,18.650,18.540,18.590,13262304
2026-01-16 11:30:00,18.600,18.700,18.470,18.480,16908763
2026-01-16 13:30:00,18.500,18.760,18.470,18.670,18736766
2026-01-16 14:00:00,18.670,18.880,18.660,18.730,26559319
2026-01-16 14:30:00,18.730,18.740,18.610,18.730,12855032
2026-01-16 15:00:00,18.730,18.750,18.660,18.730,27005673
2026-01-19 10:00:00,18.400,18.530,17.800,18.390,102771106
2026-01-19 10:30:00,18.390,18.440,18.230,18.340,24718290
2026-01-19 11:00:00,18.340,18.460,18.250,18.330,16893492
2026-01-19 11:30:00,18.340,18.450,18.320,18.340,12031283
2026-01-19 13:30:00,18.340,18.360,18.260,18.320,16467615
2026-01-19 14:00:00,18.330,18.590,18.310,18.330,27724617
2026-01-19 14:30:00,18.340,18.420,18.320,18.360,7796562
2026-01-19 15:00:00,18.370,18.390,18.280,18.320,20339589
2026-01-20 10:00:00,18.230,18.390,17.690,17.720,94942975
2026-01-20 10:30:00,17.730,17.740,17.510,17.600,63149926
2026-01-20 11:00:00,17.590,17.640,17.300,17.380,47731259
2026-01-20 11:30:00,17.380,17.500,17.330,17.390,21426839
2026-01-20 13:30:00,17.390,17.420,17.310,17.360,23181938
2026-01-20 14:00:00,17.370,17.490,17.350,17.400,17394047
2026-01-20 14:30:00,17.400,17.450,17.360,17.370,18640075
2026-01-20 15:00:00,17.370,17.380,17.300,17.380,30087963
2026-01-21 10:00:00,17.310,17.420,17.100,17.250,44695296
2026-01-21 10:30:00,17.240,17.470,17.220,17.460,20861882
2026-01-21 11:00:00,17.450,17.460,17.360,17.410,10706126
2026-01-21 11:30:00,17.410,17.450,17.360,17.380,9144392
2026-01-21 13:30:00,17.380,17.400,17.320,17.330,11473156
2026-01-21 14:00:00,17.330,17.400,17.310,17.400,11154436
2026-01-21 14:30:00,17.400,17.400,17.200,17.220,17527460
2026-01-21 15:00:00,17.220,17.260,17.160,17.220,28015536
2026-01-22 10:00:00,17.200,17.410,17.150,17.200,34456182
2026-01-22 10:30:00,17.200,17.490,17.180,17.460,31345741
2026-01-22 11:00:00,17.460,17.930,17.430,17.720,69703768
2026-01-22 11:30:00,17.720,17.760,17.630,17.660,13517898
2026-01-22 13:30:00,17.660,17.680,17.560,17.600,11313273
2026-01-22 14:00:00,17.610,17.670,17.570,17.590,6755370
2026-01-22 14:30:00,17.600,17.640,17.560,17.590,8296036
2026-01-22 15:00:00,17.600,17.600,17.540,17.590,16172129
2026-01-23 10:00:00,17.610,18.950,17.610,18.660,229273601
2026-01-23 10:30:00,18.650,18.850,18.610,18.670,45035962
2026-01-23 11:00:00,18.670,18.780,18.600,18.660,28082795
2026-01-23 11:30:00,18.650,19.080,18.590,19.040,64564470
2026-01-23 13:30:00,19.050,19.350,19.030,19.350,104255596
2026-01-23 14:00:00,19.350,19.350,19.350,19.350,10368400
2026-01-23 14:30:00,19.350,19.350,19.350,19.350,6469016
2026-01-23 15:00:00,19.350,19.350,19.350,19.350,10547225
2026-01-26 10:00:00,19.830,20.050,19.180,19.200,294162416
2026-01-26 10:30:00,19.190,19.550,19.180,19.410,72141177
2026-01-26 11:00:00,19.410,19.470,19.200,19.210,30816816
2026-01-26 11:30:00,19.200,19.360,19.180,19.290,17533463
2026-01-26 13:30:00,19.280,19.320,19.120,19.160,26486455
2026-01-26 14:00:00,19.160,19.190,19.060,19.070,22690746
2026-01-26 14:30:00,19.060,19.100,18.980,19.080,35410184
2026-01-26 15:00:00,19.090,19.160,19.030,19.090,37546266
2026-01-27 10:00:00,18.800,19.380,18.440,18.460,114624805
2026-01-27 10:30:00,18.470,18.590,18.360,18.390,47552954
2026-01-27 11:00:00,18.390,18.580,18.370,18.490,22069976
2026-01-27 11:30:00,18.480,18.760,18.450,18.720,19926612
2026-01-27 13:30:00,18.700,19.350,18.700,19.240,73986073
2026-01-27 14:00:00,19.230,19.380,19.060,19.370,41708008
2026-01-27 14:30:00,19.370,19.390,19.220,19.240,28669887
2026-01-27 15:00:00,19.240,19.290,19.180,19.200,37889989
2026-01-28 10:00:00,19.160,19.440,18.940,19.140,96117099
2026-01-28 10:30:00,19.140,19.190,18.950,18.970,31759014
2026-01-28 11:00:00,18.960,19.010,18.850,18.850,25608547
2026-01-28 11:30:00,18.860,19.000,18.840,18.950,15160493
2026-01-28 13:30:00,18.960,19.060,18.860,18.920,24481337
2026-01-28 14:00:00,18.910,18.970,18.880,18.890,14143254
2026-01-28 14:30:00,18.900,18.930,18.860,18.890,15680088
2026-01-28 15:00:00,18.880,18.940,18.800,18.820,35484137
2026-01-29 10:00:00,18.680,18.940,18.600,18.710,55320729
2026-01-29 10:30:00,18.700,19.120,18.700,19.010,55980466
2026-01-29 11:00:00,19.020,19.300,18.930,19.170,54588483
2026-01-29 11:30:00,19.180,19.190,19.010,19.110,21037669
2026-01-29 13:30:00,19.120,19.210,18.780,18.790,29548327
2026-01-29 14:00:00,18.790,18.900,18.740,18.800,18920315
2026-01-29 14:30:00,18.800,18.910,18.740,18.800,16464384
2026-01-29 15:00:00,18.800,18.840,18.760,18.770,23594798
2026-01-30 10:00:00,18.580,18.820,17.940,17.990,120080164
2026-01-30 10:30:00,17.980,18.060,17.790,17.820,54974053
2026-01-30 11:00:00,17.820,18.010,17.710,17.900,32701566
2026-01-30 11:30:00,17.910,18.010,17.870,17.950,11080233
2026-01-30 13:30:00,17.960,18.140,17.950,18.080,15415824
2026-01-30 14:00:00,18.080,18.110,17.990,18.000,13668729
2026-01-30 14:30:00,18.010,18.010,17.900,17.910,16216395
2026-01-30 15:00:00,17.910,17.940,17.880,17.880,27514309
2026-02-02 10:00:00,18.160,18.250,17.850,18.130,60829949
2026-02-02 10:30:00,18.120,18.170,17.950,18.040,17143572
2026-02-02 11:00:00,18.030,18.100,17.980,18.000,10417082
2026-02-02 11:30:00,18.000,18.100,17.940,17.970,9584972
2026-02-02 13:30:00,17.970,17.980,17.780,17.790,19443583
2026-02-02 14:00:00,17.790,17.840,17.700,17.820,16590744
2026-02-02 14:30:00,17.830,17.890,17.710,17.720,12295888
2026-02-02 15:00:00,17.720,17.750,17.610,17.640,24791000
2026-02-03 10:00:00,17.830,18.300,17.830,18.080,85761617
2026-02-03 10:30:00,18.080,18.200,18.020,18.030,24481775
2026-02-03 11:00:00,18.030,18.180,18.000,18.170,25562316
2026-02-03 11:30:00,18.170,18.420,18.170,18.400,38736487
2026-02-03 13:30:00,18.400,18.580,18.310,18.340,34792201
2026-02-03 14:00:00,18.340,18.420,18.310,18.380,13509544
2026-02-03 14:30:00,18.390,18.550,18.370,18.490,24666944
2026-02-03 15:00:00,18.500,18.570,18.480,18.570,35615381
2026-02-04 10:00:00,18.400,18.850,18.300,18.710,78234265
2026-02-04 10:30:00,18.710,18.870,18.640,18.840,37631988
2026-02-04 11:00:00,18.840,18.990,18.770,18.870,39902035
2026-02-04 11:30:00,18.880,18.980,18.730,18.770,19328024
2026-02-04 13:30:00,18.770,19.240,18.760,19.220,85083456
2026-02-04 14:00:00,19.230,19.440,19.090,19.220,67537229
2026-02-04 14:30:00,19.220,19.300,19.110,19.250,31810010
2026-02-04 15:00:00,19.250,19.360,19.240,19.310,49931703
2026-02-05 10:00:00,19.010,19.010,18.440,18.450,130322685
2026-02-05 10:30:00,18.440,18.530,18.300,18.350,57283505
2026-02-05 11:00:00,18.350,18.450,18.220,18.260,35883884
2026-02-05 11:30:00,18.260,18.320,18.160,18.220,19714784
2026-02-05 13:30:00,18.220,18.250,18.170,18.230,21325792
2026-02-05 14:00:00,18.230,18.340,18.170,18.260,19213224
2026-02-05 14:30:00,18.270,18.420,18.250,18.270,14523958
2026-02-05 15:00:00,18.280,18.320,18.200,18.230,27557175
2026-02-06 10:00:00,18.050,18.660,18.000,18.490,83871737
2026-02-06 10:30:00,18.480,18.490,18.280,18.410,22637236
2026-02-06 11:00:00,18.410,18.520,18.380,18.410,15597467
2026-02-06 11:30:00,18.410,18.430,18.300,18.370,9429020
2026-02-06 13:30:00,18.370,18.530,18.310,18.460,13640777
2026-02-06 14:00:00,18.460,18.650,18.380,18.600,25247328
2026-02-06 14:30:00,18.610,18.670,18.440,18.480,20447969
2026-02-06 15:00:00,18.480,18.490,18.360,18.360,20325891
2026-02-09 10:00:00,18.780,19.450,18.740,19.390,187926831
2026-02-09 10:30:00,19.390,19.550,19.320,19.400,73022473
2026-02-09 11:00:00,19.390,19.750,19.370,19.450,56210532
2026-02-09 11:30:00,19.440,19.530,19.350,19.370,20556150
2026-02-09 13:30:00,19.360,19.380,19.110,19.210,32611562
2026-02-09 14:00:00,19.210,19.260,19.170,19.200,13967920
2026-02-09 14:30:00,19.210,19.240,19.150,19.180,13508280
2026-02-09 15:00:00,19.190,19.220,19.170,19.180,31016301
2026-02-10 10:00:00,19.000,19.280,18.860,18.990,83741908
2026-02-10 10:30:00,18.980,19.110,18.950,18.950,23090015
2026-02-10 11:00:00,18.960,18.970,18.870,18.930,22492049
2026-02-10 11:30:00,18.940,18.940,18.860,18.920,13750968
2026-02-10 13:30:00,18.920,18.960,18.860,18.870,15226600
2026-02-10 14:00:00,18.870,18.880,18.780,18.820,24415831
2026-02-10 14:30:00,18.820,18.850,18.780,18.780,16870100
2026-02-10 15:00:00,18.790,18.840,18.770,18.810,26661963
2026-02-11 10:00:00,18.800,18.990,18.710,18.740,47257145
2026-02-11 10:30:00,18.730,18.790,18.670,18.710,26932171
2026-02-11 11:00:00,18.700,18.760,18.680,18.690,10068464
2026-02-11 11:30:00,18.690,18.710,18.630,18.700,13284969
2026-02-11 13:30:00,18.690,18.750,18.660,18.670,8968030
2026-02-11 14:00:00,18.660,18.710,18.640,18.670,10642437
2026-02-11 14:30:00,18.670,18.670,18.600,18.600,16022240
2026-02-11 15:00:00,18.600,18.630,18.550,18.590,24934951
2026-02-12 10:00:00,18.590,18.650,18.400,18.520,40422061
2026-02-12 10:30:00,18.520,18.540,18.450,18.460,11838691
2026-02-12 11:00:00,18.460,18.600,18.420,18.520,13888924
2026-02-12 11:30:00,18.520,18.630,18.500,18.540,14251080
2026-02-12 13:30:00,18.540,18.580,18.510,18.530,9331180
2026-02-12 14:00:00,18.540,18.600,18.520,18.540,12326199
2026-02-12 14:30:00,18.550,18.590,18.530,18.550,12390046
2026-02-12 15:00:00,18.550,18.550,18.480,18.490,28532605
2026-02-13 10:00:00,18.400,18.440,18.250,18.310,43867176
2026-02-13 10:30:00,18.310,18.350,18.260,18.270,15059194
2026-02-13 11:00:00,18.270,18.300,18.220,18.290,15113305
2026-02-13 11:30:00,18.300,18.300,18.230,18.250,6254460
2026-02-13 13:30:00,18.240,18.270,18.220,18.230,8398332
2026-02-13 14:00:00,18.230,18.250,18.200,18.230,10526468
2026-02-13 14:30:00,18.230,18.230,18.130,18.170,20762215
2026-02-13 15:00:00,18.170,18.210,18.100,18.130,28421237
2026-02-24 10:00:00,18.350,18.430,18.190,18.230,46774373
2026-02-24 10:30:00,18.230,18.400,18.220,18.370,18023961
2026-02-24 11:00:00,18.360,18.380,18.330,18.350,10399912
2026-02-24 11:30:00,18.340,18.430,18.340,18.400,12177577
2026-02-24 13:30:00,18.400,18.420,18.320,18.330,9826989
2026-02-24 14:00:00,18.330,18.360,18.300,18.300,8435096
2026-02-24 14:30:00,18.300,18.330,18.300,18.320,7669844
2026-02-24 15:00:00,18.320,18.320,18.250,18.280,17164188
2026-02-25 10:00:00,18.320,18.450,18.290,18.350,30797479
2026-02-25 10:30:00,18.350,18.410,18.320,18.360,15418674
2026-02-25 11:00:00,18.360,18.430,18.360,18.420,10626440
2026-02-25 11:30:00,18.420,18.520,18.370,18.510,15547816
2026-02-25 13:30:00,18.520,18.620,18.450,18.590,26824744
2026-02-25 14:00:00,18.600,18.600,18.540,18.570,11747132
2026-02-25 14:30:00,18.570,18.580,18.470,18.480,12615702
2026-02-25 15:00:00,18.480,18.570,18.470,18.570,18784481
2026-02-26 10:00:00,18.540,18.540,18.270,18.360,41066927
2026-02-26 10:30:00,18.360,18.360,18.210,18.220,24012834
2026-02-26 11:00:00,18.220,18.240,18.160,18.230,19166214
2026-02-26 11:30:00,18.230,18.310,18.200,18.300,9688347
2026-02-26 13:30:00,18.310,18.330,18.220,18.290,9986835
2026-02-26 14:00:00,18.300,18.300,18.210,18.240,8220080
2026-02-26 14:30:00,18.250,18.250,18.210,18.240,9520256
2026-02-26 15:00:00,18.240,18.280,18.230,18.270,13795053
2026-02-27 10:00:00,18.170,18.440,18.160,18.440,30597588
2026-02-27 10:30:00,18.440,18.500,18.370,18.420,22907356
2026-02-27 11:00:00,18.420,18.430,18.360,18.380,10659086
2026-02-27 11:30:00,18.380,18.410,18.310,18.330,8240068
2026-02-27 13:30:00,18.320,18.350,18.270,18.310,9023576
2026-02-27 14:00:00,18.310,18.330,18.290,18.290,8897996
2026-02-27 14:30:00,18.300,18.310,18.290,18.290,7789300
2026-02-27 15:00:00,18.290,18.330,18.270,18.320,17492962
2026-03-02 10:00:00,17.970,18.550,17.900,18.310,71073696
2026-03-02 10:30:00,18.300,18.380,18.010,18.020,32583493
2026-03-02 11:00:00,18.030,18.150,18.010,18.070,12321331
2026-03-02 11:30:00,18.080,18.110,18.030,18.100,7546844
2026-03-02 13:30:00,18.100,18.310,18.080,18.210,14026707
2026-03-02 14:00:00,18.220,18.240,18.150,18.160,6543552
2026-03-02 14:30:00,18.160,18.160,18.110,18.110,6611739
2026-03-02 15:00:00,18.120,18.150,18.090,18.120,12921324
2026-03-03 10:00:00,18.200,18.730,18.200,18.280,87829432
2026-03-03 10:30:00,18.270,18.320,18.150,18.190,29664517
2026-03-03 11:00:00,18.190,18.450,18.180,18.420,18293206
2026-03-03 11:30:00,18.420,18.490,18.300,18.350,11915308
2026-03-03 13:30:00,18.350,18.360,18.230,18.240,11829400
2026-03-03 14:00:00,18.250,18.280,18.120,18.130,14982854
2026-03-03 14:30:00,18.120,18.150,18.000,18.090,23154765
2026-03-03 15:00:00,18.100,18.100,17.900,17.990,30064359
2026-03-04 10:00:00,17.610,18.060,17.580,18.000,54160789
2026-03-04 10:30:00,17.990,18.010,17.790,17.800,19111491
2026-03-04 11:00:00,17.800,17.830,17.680,17.710,17629061
2026-03-04 11:30:00,17.700,17.740,17.630,17.670,14350314
2026-03-04 13:30:00,17.670,17.730,17.620,17.680,13068139
2026-03-04 14:00:00,17.670,17.800,17.650,17.780,9999440
2026-03-04 14:30:00,17.770,17.780,17.650,17.680,8491776
2026-03-04 15:00:00,17.690,17.720,17.650,17.660,19129101
2026-03-05 10:00:00,17.930,18.000,17.780,17.780,44436857
2026-03-05 10:30:00,17.790,17.850,17.730,17.760,15253299
2026-03-05 11:00:00,17.760,17.830,17.720,17.830,10663484
2026-03-05 11:30:00,17.820,17.940,17.790,17.870,10271755
2026-03-05 13:30:00,17.870,17.920,17.820,17.890,7117764
2026-03-05 14:00:00,17.890,17.930,17.800,17.820,7401918
2026-03-05 14:30:00,17.810,17.820,17.710,17.740,10763824
2026-03-05 15:00:00,17.740,17.760,17.710,17.760,13543414
2026-03-06 10:00:00,17.760,17.810,17.580,17.710,25866889
2026-03-06 10:30:00,17.710,17.950,17.700,17.900,22905912
2026-03-06 11:00:00,17.880,18.080,17.870,17.960,25823738
2026-03-06 11:30:00,17.960,18.050,17.960,17.990,9684150
2026-03-06 13:30:00,18.000,18.040,17.930,17.940,8802063
2026-03-06 14:00:00,17.940,18.020,17.930,17.970,7159687
2026-03-06 14:30:00,17.970,17.990,17.960,17.980,6602574
2026-03-06 15:00:00,17.990,18.010,17.970,18.000,13478405
2026-03-09 10:00:00,18.010,18.230,17.920,18.140,62417791
2026-03-09 10:30:00,18.140,18.250,18.060,18.120,27449945
2026-03-09 11:00:00,18.130,18.390,18.100,18.310,27583686
2026-03-09 11:30:00,18.310,18.400,18.260,18.280,22003897
2026-03-09 13:30:00,18.280,18.490,18.270,18.460,24641097
2026-03-09 14:00:00,18.460,18.490,18.360,18.420,14001007
2026-03-09 14:30:00,18.420,18.450,18.380,18.400,10627071
2026-03-09 15:00:00,18.410,18.420,18.370,18.390,17551015
2026-03-10 10:00:00,18.250,18.340,18.100,18.260,60240067
2026-03-10 10:30:00,18.260,18.320,18.250,18.290,12906155
2026-03-10 11:00:00,18.290,18.300,18.210,18.220,8993113
2026-03-10 11:30:00,18.230,18.260,18.170,18.250,8709323
2026-03-10 13:30:00,18.250,18.360,18.240,18.320,11875272
2026-03-10 14:00:00,18.320,18.620,18.310,18.550,34118682
2026-03-10 14:30:00,18.550,18.620,18.500,18.530,24475826
2026-03-10 15:00:00,18.530,18.570,18.510,18.560,21515599
2026-03-11 10:00:00,18.550,18.760,18.390,18.740,64401861
2026-03-11 10:30:00,18.740,18.950,18.740,18.850,54643653
2026-03-11 11:00:00,18.850,18.930,18.720,18.830,24489112
2026-03-11 11:30:00,18.830,18.900,18.780,18.820,15028552
2026-03-11 13:30:00,18.830,18.930,18.720,18.740,20861381
2026-03-11 14:00:00,18.740,18.750,18.660,18.730,15618073
2026-03-11 14:30:00,18.730,18.790,18.720,18.790,12621600
2026-03-11 15:00:00,18.790,18.800,18.770,18.790,23529345
2026-03-12 10:00:00,18.740,18.890,18.490,18.520,66591544
2026-03-12 10:30:00,18.520,18.750,18.500,18.640,24517882
2026-03-12 11:00:00,18.650,18.690,18.500,18.680,15848556
2026-03-12 11:30:00,18.680,18.690,18.510,18.520,9705004
2026-03-12 13:30:00,18.510,18.810,18.460,18.680,24613763
2026-03-12 14:00:00,18.690,18.950,18.650,18.860,39754194
2026-03-12 14:30:00,18.870,19.070,18.840,18.890,42522592
2026-03-12 15:00:00,18.890,18.950,18.870,18.940,26528595
2026-03-13 10:00:00,18.920,19.140,18.780,19.060,74160186
2026-03-13 10:30:00,19.060,19.350,19.050,19.130,69132894
2026-03-13 11:00:00,19.120,19.390,19.080,19.310,48553720
2026-03-13 11:30:00,19.310,19.470,19.220,19.290,34773434
2026-03-13 13:30:00,19.280,19.310,19.140,19.140,23331469
2026-03-13 14:00:00,19.140,19.220,19.030,19.050,23231600
2026-03-13 14:30:00,19.050,19.110,19.000,19.000,22292686
2026-03-13 15:00:00,19.010,19.010,18.800,18.870,46472351
2026-03-16 10:00:00,18.950,19.190,18.630,18.820,75051502
2026-03-16 10:30:00,18.820,19.050,18.730,18.740,28689214
2026-03-16 11:00:00,18.740,18.870,18.720,18.800,13010368
2026-03-16 11:30:00,18.810,18.860,18.760,18.830,8792772
2026-03-16 13:30:00,18.840,18.870,18.610,18.630,25491724
2026-03-16 14:00:00,18.650,18.720,18.630,18.680,12833676
2026-03-16 14:30:00,18.670,18.720,18.620,18.660,15212540
2026-03-16 15:00:00,18.660,18.680,18.620,18.680,22234488
2026-03-17 10:00:00,18.770,19.430,18.770,19.150,103152918
2026-03-17 10:30:00,19.160,19.340,19.080,19.090,40940020
2026-03-17 11:00:00,19.100,19.280,19.070,19.260,21289143
2026-03-17 11:30:00,19.260,19.260,19.120,19.140,13575056
2026-03-17 13:30:00,19.140,19.160,18.970,19.040,21751600
2026-03-17 14:00:00,19.040,19.040,18.900,18.900,15880740
2026-03-17 14:30:00,18.900,18.920,18.790,18.810,24384354
2026-03-17 15:00:00,18.800,18.840,18.760,18.790,30079383
2026-03-18 10:00:00,18.760,18.970,18.550,18.760,48878781
2026-03-18 10:30:00,18.770,18.800,18.410,18.450,44292979
2026-03-18 11:00:00,18.440,18.480,18.290,18.320,30442708
2026-03-18 11:30:00,18.320,18.470,18.310,18.450,9852327
2026-03-18 13:30:00,18.430,18.490,18.350,18.350,10213116
2026-03-18 14:00:00,18.350,18.470,18.340,18.420,7621416
2026-03-18 14:30:00,18.430,18.550,18.410,18.500,13130880
2026-03-18 15:00:00,18.500,18.550,18.490,18.540,19068651
2026-03-19 10:00:00,18.350,18.730,18.310,18.550,48013602
2026-03-19 10:30:00,18.550,18.730,18.420,18.630,21178923
2026-03-19 11:00:00,18.630,18.790,18.530,18.740,25906198
2026-03-19 11:30:00,18.740,18.790,18.650,18.750,13413864
2026-03-19 13:30:00,18.740,18.760,18.520,18.550,13933420
2026-03-19 14:00:00,18.550,18.660,18.500,18.610,13635831
2026-03-19 14:30:00,18.600,18.750,18.540,18.560,12499825
2026-03-19 15:00:00,18.560,18.570,18.440,18.520,23278036
2026-03-20 10:00:00,18.500,19.150,18.420,18.490,102352626
2026-03-20 10:30:00,18.490,18.900,18.440,18.840,38135319
2026-03-20 11:00:00,18.830,19.040,18.750,18.900,45302596
2026-03-20 11:30:00,18.900,19.370,18.850,19.320,73732724
2026-03-20 13:30:00,19.320,19.600,19.260,19.300,91655963
2026-03-20 14:00:00,19.300,19.320,19.220,19.230,25358485
2026-03-20 14:30:00,19.230,19.260,19.110,19.110,23757665
2026-03-20 15:00:00,19.120,19.130,18.970,18.990,46663414
2026-03-23 10:00:00,19.050,19.400,19.030,19.270,155597422
2026-03-23 10:30:00,19.270,19.400,19.090,19.100,56195826
2026-03-23 11:00:00,19.100,19.270,19.090,19.250,27485617
2026-03-23 11:30:00,19.240,19.300,19.120,19.160,18894267
2026-03-23 13:30:00,19.150,19.170,18.950,18.950,41872558
2026-03-23 14:00:00,18.950,19.110,18.820,18.900,29943558
2026-03-23 14:30:00,18.900,19.000,18.750,18.880,31178772
2026-03-23 15:00:00,18.880,18.880,18.690,18.810,41522718
2026-03-24 10:00:00,18.940,19.200,18.010,18.040,131262577
2026-03-24 10:30:00,18.040,18.170,17.770,18.100,92925340
2026-03-24 11:00:00,18.100,18.400,18.080,18.350,35798855
2026-03-24 11:30:00,18.350,18.690,18.350,18.600,24516911
2026-03-24 13:30:00,18.600,18.730,18.420,18.440,21262936
2026-03-24 14:00:00,18.450,18.760,18.440,18.620,18115426
2026-03-24 14:30:00,18.620,18.880,18.620,18.840,26232042
2026-03-24 15:00:00,18.840,19.060,18.840,19.040,39937502
2026-03-25 10:00:00,18.810,19.140,18.730,18.990,83787627
2026-03-25 10:30:00,18.990,19.000,18.820,18.860,33147727
2026-03-25 11:00:00,18.850,19.060,18.810,18.950,21398001
2026-03-25 11:30:00,18.940,19.010,18.830,18.870,11990020
2026-03-25 13:30:00,18.880,19.180,18.860,19.060,34540300
2026-03-25 14:00:00,19.060,19.060,18.840,18.880,25467382
2026-03-25 14:30:00,18.880,18.890,18.770,18.850,25160683
2026-03-25 15:00:00,18.840,18.890,18.830,18.890,27711930
2026-03-26 10:00:00,18.890,19.040,18.500,18.970,78484323
2026-03-26 10:30:00,18.970,19.060,18.720,18.770,35120366
2026-03-26 11:00:00,18.770,18.790,18.600,18.660,19773494
2026-03-26 11:30:00,18.650,18.670,18.530,18.560,19937720
2026-03-26 13:30:00,18.560,18.570,18.350,18.480,36790496
2026-03-26 14:00:00,18.480,18.480,18.360,18.380,16148455
2026-03-26 14:30:00,18.390,18.420,18.310,18.350,18725321
2026-03-26 15:00:00,18.350,18.440,18.320,18.370,20915052
2026-03-27 10:00:00,18.100,18.430,18.080,18.310,58736096
2026-03-27 10:30:00,18.310,18.350,18.120,18.270,21388060
2026-03-27 11:00:00,18.270,18.630,18.230,18.390,40861223
2026-03-27 11:30:00,18.390,18.450,18.350,18.390,8650682
2026-03-27 13:30:00,18.390,18.650,18.380,18.630,29320805
2026-03-27 14:00:00,18.630,18.740,18.460,18.470,22314202
2026-03-27 14:30:00,18.460,18.560,18.420,18.460,11168813
2026-03-27 15:00:00,18.470,18.540,18.460,18.520,15148853
2026-03-30 10:00:00,18.400,18.570,17.910,17.960,91342546
2026-03-30 10:30:00,17.960,18.010,17.800,17.900,45466034
2026-03-30 11:00:00,17.900,17.990,17.840,17.960,14707173
2026-03-30 11:30:00,17.950,18.040,17.940,18.030,11722550
2026-03-30 13:30:00,18.020,18.050,17.900,17.960,13963487
2026-03-30 14:00:00,17.950,17.980,17.880,17.960,12187322
2026-03-30 14:30:00,17.960,18.000,17.930,17.970,9684381
2026-03-30 15:00:00,17.970,17.980,17.950,17.960,18243706
2026-03-31 10:00:00,17.900,18.020,17.800,17.900,37572481
2026-03-31 10:30:00,17.910,17.980,17.860,17.860,14346516
2026-03-31 11:00:00,17.860,17.890,17.800,17.820,19984832
2026-03-31 11:30:00,17.810,17.820,17.680,17.700,24481073
2026-03-31 13:30:00,17.710,17.780,17.680,17.750,8843654
2026-03-31 14:00:00,17.750,17.800,17.720,17.740,7463909
2026-03-31 14:30:00,17.730,17.740,17.600,17.630,19181160
2026-03-31 15:00:00,17.630,17.650,17.530,17.540,28145514
2026-04-01 10:00:00,17.720,17.770,17.540,17.620,38797808
2026-04-01 10:30:00,17.610,17.820,17.580,17.720,20465801
2026-04-01 11:00:00,17.720,17.850,17.690,17.850,14893955
2026-04-01 11:30:00,17.850,18.030,17.820,17.830,24493453
2026-04-01 13:30:00,17.820,17.880,17.770,17.850,8592231
2026-04-01 14:00:00,17.840,17.880,17.760,17.770,7605665
2026-04-01 14:30:00,17.770,17.830,17.760,17.800,6081688
2026-04-01 15:00:00,17.810,17.890,17.790,17.890,13971613
