date,open,high,low,close,volume
2025-03-25 14:30:00,101.370,101.450,100.490,100.800,613209
2025-03-25 15:00:00,100.780,100.990,100.000,100.500,1046665
2025-03-26 10:00:00,101.000,103.100,100.980,102.150,1639054
2025-03-26 10:30:00,102.140,103.380,101.710,101.900,1175755
2025-03-26 11:00:00,101.900,102.220,101.350,102.070,315699
2025-03-26 11:30:00,101.970,102.200,100.520,100.810,469931
2025-03-26 13:30:00,100.800,101.100,97.600,98.770,1130035
2025-03-26 14:00:00,98.770,99.650,98.600,99.170,481097
2025-03-26 14:30:00,99.170,99.200,98.640,98.710,427897
2025-03-26 15:00:00,98.710,98.710,96.870,97.260,1478632
2025-03-27 10:00:00,96.500,98.270,95.390,97.090,1743066
2025-03-27 10:30:00,97.090,98.370,96.950,97.330,750488
2025-03-27 11:00:00,97.330,100.000,96.960,98.840,1072998
2025-03-27 11:30:00,98.800,99.410,98.500,98.800,532285
2025-03-27 13:30:00,98.800,99.900,98.580,99.240,506996
2025-03-27 14:00:00,99.260,99.530,98.580,98.760,371269
2025-03-27 14:30:00,98.720,99.110,98.590,98.740,298052
2025-03-27 15:00:00,98.740,98.740,97.920,97.920,508591
2025-03-28 10:00:00,97.840,100.580,96.880,97.600,1751881
2025-03-28 10:30:00,97.300,97.900,95.880,96.160,748644
2025-03-28 11:00:00,96.160,96.600,94.880,95.490,1002683
2025-03-28 11:30:00,95.490,95.800,94.880,95.430,499674
2025-03-28 13:30:00,95.430,97.000,95.400,95.920,482836
2025-03-28 14:00:00,95.970,97.000,95.960,96.830,257746
2025-03-28 14:30:00,96.830,98.180,96.730,97.010,435910
2025-03-28 15:00:00,96.870,97.710,96.800,96.860,499387
2025-03-31 10:00:00,96.200,99.460,95.800,98.820,1702948
2025-03-31 10:30:00,98.820,99.000,97.490,97.490,660268
2025-03-31 11:00:00,97.490,98.120,97.100,97.370,319577
2025-03-31 11:30:00,97.340,97.400,96.510,96.600,322516
2025-03-31 13:30:00,96.520,97.500,96.160,97.250,244597
2025-03-31 14:00:00,97.150,97.350,96.350,96.650,182638
2025-03-31 14:30:00,96.630,98.430,96.430,97.700,369156
2025-03-31 15:00:00,97.700,98.790,97.510,98.320,798094
2025-04-01 10:00:00,99.000,99.370,96.900,98.000,872740
2025-04-01 10:30:00,98.000,98.620,97.800,97.960,446961
2025-04-01 11:00:00,97.870,99.000,97.870,98.240,475255
2025-04-01 11:30:00,98.150,98.770,97.720,98.370,325486
2025-04-01 13:30:00,98.550,100.410,98.230,99.400,1376734
2025-04-01 14:00:00,99.310,99.480,98.750,99.400,296376
2025-04-01 14:30:00,99.470,99.550,98.300,99.020,342084
2025-04-01 15:00:00,99.100,99.170,98.300,98.390,360769
2025-04-02 10:00:00,97.800,98.340,95.500,96.450,1257159
2025-04-02 10:30:00,96.450,97.200,96.280,96.880,324536
2025-04-02 11:00:00,96.880,96.880,96.070,96.200,306008
2025-04-02 11:30:00,96.100,96.300,95.450,95.610,460294
2025-04-02 13:30:00,95.650,95.990,95.100,95.390,401417
2025-04-02 14:00:00,95.380,95.400,94.480,94.490,625980
2025-04-02 14:30:00,94.450,94.500,93.390,93.700,689643
2025-04-02 15:00:00,93.710,95.550,93.000,94.350,978865
2025-04-03 10:00:00,93.410,98.780,93.280,97.540,3099754
2025-04-03 10:30:00,97.500,98.000,96.310,97.130,826335
2025-04-03 11:00:00,97.170,97.180,96.540,96.640,219251
2025-04-03 11:30:00,96.600,96.640,95.630,95.850,305329
2025-04-03 13:30:00,95.880,95.880,95.050,95.080,326525
2025-04-03 14:00:00,95.080,95.820,94.600,95.630,262192
2025-04-03 14:30:00,95.630,96.710,95.630,96.320,319479
2025-04-03 15:00:00,96.390,96.420,95.700,95.840,303861
2025-04-07 10:00:00,90.010,96.550,90.010,94.160,2629893
2025-04-07 10:30:00,94.160,95.900,93.000,94.990,991898
2025-04-07 11:00:00,94.990,95.820,94.240,94.370,505347
2025-04-07 11:30:00,94.620,94.990,92.810,93.180,562906
2025-04-07 13:30:00,92.930,93.180,91.280,91.570,623660
2025-04-07 14:00:00,91.830,91.920,89.060,89.090,959654
2025-04-07 14:30:00,89.060,89.060,83.460,87.430,2048599
2025-04-07 15:00:00,87.450,90.800,86.180,88.260,922883
2025-04-08 10:00:00,89.100,92.600,89.100,91.500,2430131
2025-04-08 10:30:00,91.500,92.500,91.000,91.680,1032219
2025-04-08 11:00:00,91.670,91.900,89.950,90.200,520211
2025-04-08 11:30:00,90.200,90.930,89.550,90.450,471176
2025-04-08 13:30:00,90.460,90.710,89.510,90.200,463541
2025-04-08 14:00:00,90.030,90.500,89.080,90.000,663200
2025-04-08 14:30:00,89.910,90.510,89.080,90.000,511321
2025-04-08 15:00:00,90.000,90.980,89.800,90.500,994505
2025-04-09 10:00:00,88.570,98.080,88.020,96.510,3497053
2025-04-09 10:30:00,96.520,98.370,96.380,96.500,1617671
2025-04-09 11:00:00,96.400,96.620,95.800,96.050,675459
2025-04-09 11:30:00,96.000,97.440,95.750,96.770,444167
2025-04-09 13:30:00,96.780,97.800,95.810,97.100,601561
2025-04-09 14:00:00,97.060,98.500,97.000,98.190,1056470
2025-04-09 14:30:00,98.060,98.390,97.350,97.840,504980
2025-04-09 15:00:00,97.850,98.180,96.620,96.820,792004
2025-04-10 10:00:00,97.510,99.500,96.200,99.020,2517176
2025-04-10 10:30:00,99.020,99.600,98.350,98.660,926481
2025-04-10 11:00:00,98.660,98.680,97.400,97.700,578615
2025-04-10 11:30:00,97.710,98.100,97.360,97.810,418482
2025-04-10 13:30:00,97.900,98.770,97.500,98.720,470863
2025-04-10 14:00:00,98.760,98.760,97.760,97.960,493442
2025-04-10 14:30:00,97.820,98.600,97.470,97.490,620651
2025-04-10 15:00:00,97.500,97.970,97.110,97.300,566085
2025-04-11 10:00:00,97.000,99.710,96.400,99.210,1648110
2025-04-11 10:30:00,99.210,99.860,98.290,98.910,1088265
2025-04-11 11:00:00,99.070,99.380,98.910,98.970,434507
2025-04-11 11:30:00,98.970,101.390,98.710,100.970,1588144
2025-04-11 13:30:00,101.070,102.840,100.720,101.000,1590129
2025-04-11 14:00:00,100.990,101.500,100.600,100.890,577501
2025-04-11 14:30:00,100.880,101.150,100.600,100.610,500062
2025-04-11 15:00:00,100.600,100.620,98.870,99.900,863292
2025-04-14 10:00:00,100.980,101.370,97.700,99.260,1848570
2025-04-14 10:30:00,99.250,99.540,98.720,98.810,489861
2025-04-14 11:00:00,98.810,99.790,98.730,99.140,388344
2025-04-14 11:30:00,99.260,99.660,98.490,98.720,455984
2025-04-14 13:30:00,98.840,99.150,97.880,98.610,597008
2025-04-14 14:00:00,98.620,98.970,98.050,98.230,341593
2025-04-14 14:30:00,98.230,98.460,97.750,97.990,470171
2025-04-14 15:00:00,97.990,98.100,97.520,97.800,810747
2025-04-15 10:00:00,97.330,98.160,95.370,95.370,1307487
2025-04-15 10:30:00,95.370,95.620,94.780,94.960,716188
2025-04-15 11:00:00,94.960,95.410,94.900,95.230,238051
2025-04-15 11:30:00,95.300,95.690,93.630,94.380,646587
2025-04-15 13:30:00,94.460,94.550,94.000,94.400,292559
2025-04-15 14:00:00,94.400,95.230,94.360,94.880,265119
2025-04-15 14:30:00,94.960,95.600,94.680,95.180,267599
2025-04-15 15:00:00,95.240,95.320,94.710,95.280,495094
2025-04-16 10:00:00,94.280,96.360,94.090,95.160,920757
2025-04-16 10:30:00,95.160,95.400,94.880,95.200,321164
2025-04-16 11:00:00,95.150,95.460,94.770,94.910,245610
2025-04-16 11:30:00,94.930,94.930,94.000,94.070,287271
2025-04-16 13:30:00,94.090,95.160,93.800,94.660,452333
2025-04-16 14:00:00,94.650,94.920,94.090,94.380,241439
2025-04-16 14:30:00,94.330,94.680,94.320,94.580,195063
2025-04-16 15:00:00,94.590,95.390,94.290,95.230,488980
2025-04-17 10:00:00,94.060,96.380,94.060,95.690,924965
2025-04-17 10:30:00,95.650,96.150,95.030,96.000,369359
2025-04-17 11:00:00,96.000,96.680,95.600,96.540,489822
2025-04-17 11:30:00,96.540,96.650,95.810,95.980,252820
2025-04-17 13:30:00,96.090,96.260,95.400,95.590,336504
2025-04-17 14:00:00,95.590,95.730,95.230,95.270,138103
2025-04-17 14:30:00,95.270,95.750,95.130,95.130,197852
2025-04-17 15:00:00,95.120,95.400,94.660,94.670,401927
2025-04-18 10:00:00,94.560,94.790,92.660,92.680,962582
2025-04-18 10:30:00,92.680,92.970,92.280,92.610,369153
2025-04-18 11:00:00,92.600,93.360,92.570,92.950,174329
2025-04-18 11:30:00,92.950,93.090,92.510,92.710,169033
2025-04-18 13:30:00,92.720,92.990,92.560,92.630,191422
2025-04-18 14:00:00,92.630,93.630,92.610,93.630,194132
2025-04-18 14:30:00,93.630,93.700,93.130,93.130,162249
2025-04-18 15:00:00,93.130,93.170,92.600,92.600,366132
2025-04-21 10:00:00,92.700,94.670,92.700,94.160,731898
2025-04-21 10:30:00,94.170,94.480,93.950,94.200,242994
2025-04-21 11:00:00,94.200,94.430,93.710,93.970,210825
2025-04-21 11:30:00,93.970,94.100,93.660,93.800,124984
2025-04-21 13:30:00,93.940,95.000,93.800,94.590,352398
2025-04-21 14:00:00,94.590,94.630,94.370,94.490,128531
2025-04-21 14:30:00,94.490,94.580,94.110,94.260,116563
2025-04-21 15:00:00,94.250,94.390,94.000,94.190,232795
2025-04-22 10:00:00,93.830,94.290,93.010,93.720,539202
2025-04-22 10:30:00,93.700,94.900,93.600,94.600,421579
2025-04-22 11:00:00,94.610,95.300,94.370,94.740,427129
2025-04-22 11:30:00,94.740,94.970,94.400,94.540,153949
2025-04-22 13:30:00,94.540,96.280,94.450,96.280,814380
2025-04-22 14:00:00,96.280,96.770,96.000,96.190,620902
2025-04-22 14:30:00,96.190,96.490,95.940,96.270,200870
2025-04-22 15:00:00,96.270,96.290,95.330,95.460,335204
2025-04-23 10:00:00,94.950,96.460,94.460,94.600,856705
2025-04-23 10:30:00,94.600,94.670,94.170,94.390,283609
2025-04-23 11:00:00,94.390,94.500,94.140,94.220,232741
2025-04-23 11:30:00,94.240,94.760,94.000,94.330,241616
2025-04-23 13:30:00,94.270,94.860,93.760,94.600,564790
2025-04-23 14:00:00,94.620,94.770,94.330,94.630,165088
2025-04-23 14:30:00,94.590,94.610,94.310,94.480,188719
2025-04-23 15:00:00,94.470,94.530,93.920,94.000,442952
2025-04-24 10:00:00,94.070,94.160,92.480,92.780,770292
2025-04-24 10:30:00,92.780,93.500,92.480,93.310,385140
2025-04-24 11:00:00,93.300,93.540,92.670,92.850,271564
2025-04-24 11:30:00,92.850,92.850,92.480,92.660,207257
2025-04-24 13:30:00,92.660,92.960,92.580,92.710,116763
2025-04-24 14:00:00,92.710,92.930,92.600,92.750,117416
2025-04-24 14:30:00,92.700,92.760,92.220,92.340,222065
2025-04-24 15:00:00,92.320,92.460,92.070,92.070,352567
2025-04-25 10:00:00,92.300,92.740,87.850,89.520,2306689
2025-04-25 10:30:00,89.540,90.960,89.270,90.900,821931
2025-04-25 11:00:00,90.890,91.960,90.670,91.700,1013480
2025-04-25 11:30:00,91.720,92.950,91.610,92.530,592273
2025-04-25 13:30:00,92.690,97.000,92.670,95.630,1404945
2025-04-25 14:00:00,95.630,96.600,95.570,95.960,633896
2025-04-25 14:30:00,96.090,96.100,95.660,95.750,428185
2025-04-25 15:00:00,95.750,95.950,95.290,95.400,448801
2025-04-28 10:00:00,97.000,100.380,96.600,98.150,4207142
2025-04-28 10:30:00,98.170,99.490,98.000,99.460,693947
2025-04-28 11:00:00,99.440,101.580,99.360,101.520,1834323
2025-04-28 11:30:00,101.490,102.100,100.500,102.040,1421104
2025-04-28 13:30:00,102.040,102.050,100.630,100.710,369454
2025-04-28 14:00:00,100.710,100.740,99.280,99.310,452395
2025-04-28 14:30:00,99.370,100.000,99.320,99.450,364568
2025-04-28 15:00:00,99.450,100.000,99.420,99.700,661657
2025-04-29 10:00:00,97.000,101.000,96.500,97.680,2098397
2025-04-29 10:30:00,97.640,98.650,97.510,98.020,563381
2025-04-29 11:00:00,98.020,99.490,97.230,97.900,817063
2025-04-29 11:30:00,97.910,98.860,97.910,98.530,290741
2025-04-29 13:30:00,98.530,98.900,97.930,98.380,280870
2025-04-29 14:00:00,98.400,98.400,97.580,98.050,277032
2025-04-29 14:30:00,98.050,98.670,97.980,98.450,335514
2025-04-29 15:00:00,98.400,98.750,98.190,98.400,418573
2025-04-30 10:00:00,98.400,99.800,96.580,98.910,1324993
2025-04-30 10:30:00,98.900,98.950,97.800,98.000,420502
2025-04-30 11:00:00,98.000,98.010,97.300,97.580,351376
2025-04-30 11:30:00,97.590,98.000,97.400,97.940,159049
2025-04-30 13:30:00,97.980,98.370,97.110,97.180,445425
2025-04-30 14:00:00,97.160,97.190,96.590,96.700,599515
2025-04-30 14:30:00,96.730,96.850,96.110,96.130,531487
2025-04-30 15:00:00,96.150,96.210,95.000,95.290,1186357
2025-05-06 10:00:00,95.990,96.720,94.000,94.420,1536648
2025-05-06 10:30:00,94.510,96.200,94.390,96.070,501289
2025-05-06 11:00:00,96.070,96.870,95.990,96.720,413302
2025-05-06 11:30:00,96.730,98.740,96.570,98.480,529356
2025-05-06 13:30:00,98.480,100.300,97.540,99.310,1471584
2025-05-06 14:00:00,99.200,100.330,99.140,99.690,636455
2025-05-06 14:30:00,99.700,100.100,99.620,99.850,511930
2025-05-06 15:00:00,99.810,100.100,99.600,100.100,589287
2025-05-07 10:00:00,100.800,102.830,99.300,100.000,2188934
2025-05-07 10:30:00,100.010,100.430,99.110,99.880,558587
2025-05-07 11:00:00,99.580,100.000,98.660,98.950,559975
2025-05-07 11:30:00,98.950,99.430,98.320,98.830,327368
2025-05-07 13:30:00,98.830,99.170,98.150,98.180,237482
2025-05-07 14:00:00,98.180,98.380,98.010,98.060,239189
2025-05-07 14:30:00,98.060,98.890,98.010,98.500,373157
2025-05-07 15:00:00,98.500,100.070,98.350,99.800,660794
2025-05-08 10:00:00,99.000,99.490,98.100,98.700,663858
2025-05-08 10:30:00,98.600,98.850,98.220,98.260,323570
2025-05-08 11:00:00,98.260,98.460,97.600,98.260,568022
2025-05-08 11:30:00,98.270,98.490,97.730,98.020,250792
2025-05-08 13:30:00,98.020,98.590,97.880,97.970,292896
2025-05-08 14:00:00,97.950,98.010,97.700,97.990,254750
2025-05-08 14:30:00,97.980,98.470,97.900,98.040,217367
2025-05-08 15:00:00,98.040,98.180,97.470,97.590,837026
2025-05-09 10:00:00,97.550,97.550,95.700,95.850,1045438
2025-05-09 10:30:00,95.890,96.580,95.210,95.480,408177
2025-05-09 11:00:00,95.480,95.640,94.450,94.490,754560
2025-05-09 11:30:00,94.640,94.650,93.950,94.060,668205
2025-05-09 13:30:00,93.960,94.700,93.960,94.200,368641
2025-05-09 14:00:00,94.170,94.490,93.800,94.290,516761
2025-05-09 14:30:00,94.300,94.380,93.630,93.820,479139
2025-05-09 15:00:00,93.820,94.140,93.740,93.950,458447
2025-05-12 10:00:00,94.940,95.530,93.860,95.410,918488
2025-05-12 10:30:00,95.420,96.690,95.410,95.950,870069
2025-05-12 11:00:00,95.930,95.930,95.080,95.130,343598
2025-05-12 11:30:00,95.130,95.300,94.680,94.710,170347
2025-05-12 13:30:00,94.810,95.000,94.430,94.670,246824
2025-05-12 14:00:00,94.660,95.270,94.500,95.120,212624
2025-05-12 14:30:00,95.120,95.930,95.030,95.920,273451
2025-05-12 15:00:00,95.930,96.090,95.510,95.920,345826
2025-05-13 10:00:00,96.510,97.770,95.420,97.300,1295581
2025-05-13 10:30:00,97.300,97.480,97.050,97.330,620877
2025-05-13 11:00:00,97.330,97.330,96.320,97.040,348945
2025-05-13 11:30:00,97.050,97.560,96.400,96.410,381998
2025-05-13 13:30:00,96.410,101.280,96.330,100.390,2946098
2025-05-13 14:00:00,100.390,100.660,99.280,99.330,769394
2025-05-13 14:30:00,99.330,99.400,98.610,98.720,398896
2025-05-13 15:00:00,98.730,98.880,98.340,98.760,497844
2025-05-14 10:00:00,98.660,99.450,97.520,98.000,1058010
2025-05-14 10:30:00,97.970,98.550,97.340,98.040,491946
2025-05-14 11:00:00,98.050,98.280,97.650,97.680,153016
2025-05-14 11:30:00,97.620,97.870,97.100,97.300,296685
2025-05-14 13:30:00,97.300,98.110,97.180,97.500,254384
2025-05-14 14:00:00,97.530,98.800,97.430,97.950,406080
2025-05-14 14:30:00,97.950,98.350,97.600,97.960,213559
2025-05-14 15:00:00,97.970,98.240,97.800,98.150,241451
2025-05-15 10:00:00,98.000,98.340,96.620,96.770,634843
2025-05-15 10:30:00,96.770,98.600,96.500,98.500,389731
2025-05-15 11:00:00,98.380,98.600,97.050,97.070,423878
2025-05-15 11:30:00,97.070,97.120,96.560,96.730,250696
2025-05-15 13:30:00,96.770,96.850,95.880,95.900,294587
2025-05-15 14:00:00,95.900,96.700,95.660,96.310,190550
2025-05-15 14:30:00,96.330,96.830,96.300,96.600,145494
2025-05-15 15:00:00,96.590,96.710,95.960,96.000,349192
2025-05-16 10:00:00,95.750,98.760,95.750,98.250,992831
2025-05-16 10:30:00,98.250,98.890,96.810,97.200,683412
2025-05-16 11:00:00,97.260,97.280,96.510,96.580,198699
2025-05-16 11:30:00,96.580,96.590,95.990,96.150,274520
2025-05-16 13:30:00,96.120,96.430,95.510,96.000,362972
2025-05-16 14:00:00,96.000,96.210,95.800,95.860,150121
2025-05-16 14:30:00,95.920,96.490,95.710,96.380,149540
2025-05-16 15:00:00,96.360,96.380,96.000,96.080,318846
2025-05-19 10:00:00,96.250,98.490,95.680,97.490,1029550
2025-05-19 10:30:00,97.420,97.880,96.690,97.100,436828
2025-05-19 11:00:00,97.100,99.430,96.900,98.910,924671
2025-05-19 11:30:00,99.040,99.060,98.200,98.440,328797
2025-05-19 13:30:00,98.350,98.450,97.600,97.700,225791
2025-05-19 14:00:00,97.710,99.380,97.650,98.770,534444
2025-05-19 14:30:00,98.770,99.050,98.400,98.660,232613
2025-05-19 15:00:00,98.670,98.850,98.450,98.600,314347
2025-05-20 10:00:00,98.200,99.300,97.330,98.950,683162
2025-05-20 10:30:00,98.950,99.080,98.000,98.280,247285
2025-05-20 11:00:00,98.280,98.990,98.270,98.970,189283
2025-05-20 11:30:00,98.970,98.980,97.900,98.020,286303
2025-05-20 13:30:00,98.020,98.570,97.910,98.270,335077
2025-05-20 14:00:00,98.270,98.670,97.880,98.090,240366
2025-05-20 14:30:00,98.050,98.280,97.930,97.930,143567
2025-05-20 15:00:00,97.970,97.980,97.170,97.780,698990
2025-05-21 10:00:00,97.320,97.940,95.950,96.400,720489
2025-05-21 10:30:00,96.330,96.390,95.810,96.190,362942
2025-05-21 11:00:00,96.110,96.600,95.620,96.460,343689
2025-05-21 11:30:00,96.460,96.780,95.820,96.600,144770
2025-05-21 13:30:00,96.600,96.660,96.000,96.280,173078
2025-05-21 14:00:00,96.330,96.380,96.040,96.090,145516
2025-05-21 14:30:00,96.080,96.190,95.700,95.740,222027
2025-05-21 15:00:00,95.740,95.750,95.200,95.590,614806
2025-05-22 10:00:00,94.810,96.730,94.810,96.010,622544
2025-05-22 10:30:00,96.090,96.090,95.020,95.090,299868
2025-05-22 11:00:00,95.100,95.110,94.560,94.620,290199
2025-05-22 11:30:00,94.630,95.190,94.620,95.130,93116
2025-05-22 13:30:00,95.180,95.400,95.000,95.320,97998
2025-05-22 14:00:00,95.320,95.360,94.900,95.080,201174
2025-05-22 14:30:00,95.070,95.090,94.600,94.600,128518
2025-05-22 15:00:00,94.610,94.900,94.250,94.390,431438
2025-05-23 10:00:00,94.390,94.490,93.300,93.620,620638
2025-05-23 10:30:00,93.460,93.970,92.960,93.770,531997
2025-05-23 11:00:00,93.870,94.600,93.860,94.460,229039
2025-05-23 11:30:00,94.460,94.580,94.000,94.000,83221
2025-05-23 13:30:00,94.000,94.250,93.800,94.050,153326
2025-05-23 14:00:00,94.100,94.610,93.860,93.860,211243
2025-05-23 14:30:00,93.860,93.860,93.000,93.100,496144
2025-05-23 15:00:00,93.050,93.580,93.000,93.340,352457
2025-05-26 10:00:00,94.500,96.580,94.500,95.390,1224968
2025-05-26 10:30:00,95.410,96.000,95.250,95.990,182006
2025-05-26 11:00:00,95.990,96.100,95.620,95.750,197430
2025-05-26 11:30:00,95.720,96.350,95.540,95.640,444213
2025-05-26 13:30:00,95.690,95.880,95.010,95.020,185499
2025-05-26 14:00:00,95.030,95.250,94.520,94.930,212957
2025-05-26 14:30:00,94.930,95.020,94.200,94.280,163046
2025-05-26 15:00:00,94.290,95.210,93.890,95.100,384035
2025-05-27 10:00:00,94.150,94.930,93.500,93.840,551621
2025-05-27 10:30:00,93.770,95.000,93.500,94.740,342771
2025-05-27 11:00:00,94.750,94.800,94.000,94.460,166980
2025-05-27 11:30:00,94.230,94.640,93.910,94.450,184637
2025-05-27 13:30:00,94.300,95.260,94.250,95.000,307685
2025-05-27 14:00:00,95.020,95.120,94.710,94.870,146587
2025-05-27 14:30:00,94.950,94.950,94.140,94.150,139461
2025-05-27 15:00:00,94.150,94.180,93.830,93.950,263209
2025-05-28 10:00:00,94.590,94.590,92.810,93.300,670606
2025-05-28 10:30:00,93.300,93.350,92.360,92.520,423868
2025-05-28 11:00:00,92.520,93.180,92.500,93.130,235646
2025-05-28 11:30:00,93.120,93.150,92.640,93.030,140698
2025-05-28 13:30:00,93.030,93.600,92.900,92.900,126070
2025-05-28 14:00:00,92.900,92.950,92.650,92.770,87269
2025-05-28 14:30:00,92.750,92.940,92.610,92.690,93805
2025-05-28 15:00:00,92.690,93.040,92.660,92.790,201947
2025-05-29 10:00:00,93.150,94.290,92.570,94.220,492288
2025-05-29 10:30:00,94.230,94.740,94.050,94.280,360042
2025-05-29 11:00:00,94.230,94.750,94.080,94.630,317389
2025-05-29 11:30:00,94.630,94.650,94.240,94.500,113983
2025-05-29 13:30:00,94.470,95.160,94.400,94.550,350350
2025-05-29 14:00:00,94.550,94.970,94.480,94.640,170231
2025-05-29 14:30:00,94.630,94.940,94.530,94.720,97611
2025-05-29 15:00:00,94.720,94.750,94.520,94.650,177554
2025-05-30 10:00:00,94.060,94.140,93.050,93.140,478090
2025-05-30 10:30:00,93.140,93.340,92.710,92.820,363594
2025-05-30 11:00:00,92.820,93.060,92.710,92.750,230998
2025-05-30 11:30:00,92.800,93.000,92.550,92.660,260759
2025-05-30 13:30:00,92.740,93.070,92.550,92.790,129612
2025-05-30 14:00:00,92.790,92.980,92.630,92.660,191415
2025-05-30 14:30:00,92.660,92.660,92.100,92.100,259192
2025-05-30 15:00:00,92.100,92.270,91.330,91.330,439586
2025-06-03 10:00:00,91.500,94.300,91.500,93.800,1151602
2025-06-03 10:30:00,93.800,94.880,93.140,94.630,925902
2025-06-03 11:00:00,94.580,95.580,94.430,95.090,728731
2025-06-03 11:30:00,95.010,95.880,94.680,95.150,534623
2025-06-03 13:30:00,95.150,96.000,95.080,95.410,465765
2025-06-03 14:00:00,95.450,95.500,95.010,95.160,177892
2025-06-03 14:30:00,95.250,95.600,95.150,95.260,192226
2025-06-03 15:00:00,95.260,95.490,95.150,95.300,347215
2025-06-04 10:00:00,95.000,96.000,94.000,94.100,810715
2025-06-04 10:30:00,94.170,94.390,93.930,94.030,355166
2025-06-04 11:00:00,94.030,94.100,93.800,93.890,236667
2025-06-04 11:30:00,93.900,94.170,93.830,93.910,158684
2025-06-04 13:30:00,93.910,94.910,93.860,94.440,177953
2025-06-04 14:00:00,94.430,94.630,94.170,94.180,194364
2025-06-04 14:30:00,94.180,94.450,93.970,94.040,240938
2025-06-04 15:00:00,94.050,94.340,93.880,93.960,377918
2025-06-05 10:00:00,94.000,94.450,93.600,94.070,366266
2025-06-05 10:30:00,94.070,94.190,93.840,94.120,150889
2025-06-05 11:00:00,94.100,94.720,93.900,94.310,177399
2025-06-05 11:30:00,94.310,94.980,94.150,94.800,229713
2025-06-05 13:30:00,94.800,97.490,94.510,97.140,1397060
2025-06-05 14:00:00,97.100,97.800,96.650,96.720,870280
2025-06-05 14:30:00,96.720,97.160,96.600,96.810,281717
2025-06-05 15:00:00,96.820,97.140,96.650,96.700,431205
2025-06-06 10:00:00,96.520,99.880,96.200,96.810,1306184
2025-06-06 10:30:00,96.770,97.370,96.610,96.800,177751
2025-06-06 11:00:00,96.800,97.330,96.700,97.150,180695
2025-06-06 11:30:00,97.150,98.050,97.010,97.800,399428
2025-06-06 13:30:00,97.780,97.800,96.820,96.930,155956
2025-06-06 14:00:00,96.960,97.190,96.810,97.090,118146
2025-06-06 14:30:00,97.100,97.330,96.830,97.140,160198
2025-06-06 15:00:00,97.140,97.290,97.020,97.030,282120
2025-06-09 10:00:00,97.000,98.460,96.010,96.300,710191
2025-06-09 10:30:00,96.300,97.770,96.260,97.000,446448
2025-06-09 11:00:00,96.990,98.440,96.730,98.220,512657
2025-06-09 11:30:00,98.190,98.480,97.770,97.770,587273
2025-06-09 13:30:00,97.690,97.690,96.550,96.550,284394
2025-06-09 14:00:00,96.550,96.600,96.260,96.350,261999
2025-06-09 14:30:00,96.350,97.930,96.300,97.810,366607
2025-06-09 15:00:00,97.810,98.460,97.800,98.410,750561
2025-06-10 10:00:00,97.950,97.950,96.060,96.100,827074
2025-06-10 10:30:00,96.090,96.390,95.820,95.820,405957
2025-06-10 11:00:00,95.810,95.810,95.450,95.550,295193
2025-06-10 11:30:00,95.550,95.890,95.450,95.620,214301
2025-06-10 13:30:00,95.620,95.690,94.220,94.270,550696
2025-06-10 14:00:00,94.270,94.940,94.190,94.780,467355
2025-06-10 14:30:00,94.760,94.780,94.300,94.520,227733
2025-06-10 15:00:00,94.530,94.690,94.350,94.380,312400
2025-06-11 10:00:00,94.900,96.790,94.530,96.230,1081263
2025-06-11 10:30:00,96.380,96.380,95.200,95.660,273212
2025-06-11 11:00:00,95.620,95.730,95.200,95.230,90320
2025-06-11 11:30:00,95.210,95.210,94.060,94.550,262543
2025-06-11 13:30:00,94.630,95.190,94.000,94.000,383809
2025-06-11 14:00:00,94.000,94.120,93.510,93.520,500224
2025-06-11 14:30:00,93.510,93.590,93.110,93.560,483976
2025-06-11 15:00:00,93.560,94.380,93.560,93.950,395914
2025-06-12 10:00:00,93.950,94.330,93.110,93.570,474005
2025-06-12 10:30:00,93.540,94.490,93.540,94.100,337319
2025-06-12 11:00:00,93.950,94.200,93.380,93.390,455955
2025-06-12 11:30:00,93.390,93.490,93.180,93.420,306303
2025-06-12 13:30:00,93.400,93.700,93.270,93.490,213918
2025-06-12 14:00:00,93.490,94.200,93.420,94.110,376103
2025-06-12 14:30:00,94.000,94.160,93.980,94.110,128100
2025-06-12 15:00:00,94.120,94.150,93.390,94.100,468105
2025-06-13 10:00:00,93.370,94.660,92.880,93.730,923263
2025-06-13 10:30:00,93.730,94.040,93.110,93.270,525269
2025-06-13 11:00:00,93.270,93.320,92.920,92.920,452543
2025-06-13 11:30:00,92.930,92.990,92.500,92.510,487949
2025-06-13 13:30:00,92.510,93.160,92.260,92.520,419918
2025-06-13 14:00:00,92.530,94.310,92.520,92.790,602245
2025-06-13 14:30:00,92.790,93.340,92.790,93.010,311105
2025-06-13 15:00:00,93.010,93.700,92.810,93.700,388078
2025-06-16 10:00:00,93.000,93.800,92.200,93.750,846786
2025-06-16 10:30:00,93.720,94.510,93.450,94.140,560640
2025-06-16 11:00:00,94.060,94.160,93.600,93.900,125045
2025-06-16 11:30:00,93.830,94.400,93.690,93.990,294327
2025-06-16 13:30:00,93.990,94.800,93.820,94.400,289927
2025-06-16 14:00:00,94.400,94.650,94.200,94.560,160546
2025-06-16 14:30:00,94.560,95.270,94.540,95.000,470327
2025-06-16 15:00:00,95.030,95.110,94.880,95.090,506899
2025-06-17 10:00:00,95.060,95.250,93.810,94.840,590081
2025-06-17 10:30:00,94.840,94.880,93.820,94.020,337073
2025-06-17 11:00:00,94.000,94.210,93.830,94.110,125016
2025-06-17 11:30:00,94.050,94.780,94.020,94.340,147641
2025-06-17 13:30:00,94.330,94.860,94.240,94.850,147610
2025-06-17 14:00:00,94.800,95.210,94.660,94.720,279668
2025-06-17 14:30:00,94.890,94.900,94.000,94.000,179444
2025-06-17 15:00:00,94.060,94.640,93.900,94.370,255926
2025-06-18 10:00:00,94.070,97.870,94.070,96.840,2365279
2025-06-18 10:30:00,96.840,98.500,96.630,97.910,1763966
2025-06-18 11:00:00,97.960,98.300,96.810,96.930,422123
2025-06-18 11:30:00,97.030,97.780,96.940,97.600,228597
2025-06-18 13:30:00,97.600,98.390,97.220,98.190,604606
2025-06-18 14:00:00,98.190,101.970,98.020,99.760,2478189
2025-06-18 14:30:00,99.750,99.850,99.200,99.780,553233
2025-06-18 15:00:00,99.780,99.940,99.500,99.550,881261
2025-06-19 10:00:00,99.570,101.430,98.910,100.900,1826853
2025-06-19 10:30:00,100.890,101.900,100.830,101.310,1098220
2025-06-19 11:00:00,101.160,102.000,101.010,101.060,585854
2025-06-19 11:30:00,101.030,101.450,100.580,100.860,465126
2025-06-19 13:30:00,100.760,101.350,100.350,101.180,553933
2025-06-19 14:00:00,101.180,101.720,101.070,101.190,516679
2025-06-19 14:30:00,101.190,101.900,100.850,101.500,666406
2025-06-19 15:00:00,101.540,101.660,101.070,101.410,787732
2025-06-20 10:00:00,101.410,105.580,101.410,102.880,2074970
2025-06-20 10:30:00,102.760,104.490,102.640,103.290,966087
2025-06-20 11:00:00,103.220,104.500,103.220,104.080,603305
2025-06-20 11:30:00,104.080,104.350,103.080,103.210,435483
2025-06-20 13:30:00,103.210,104.800,103.070,103.800,1382980
2025-06-20 14:00:00,103.730,104.390,103.570,103.650,414335
2025-06-20 14:30:00,103.640,104.790,103.630,104.340,668210
2025-06-20 15:00:00,104.340,104.470,103.600,103.900,767016
2025-06-23 10:00:00,103.990,108.280,103.020,108.000,2728284
2025-06-23 10:30:00,108.000,109.000,106.980,108.070,1685372
2025-06-23 11:00:00,108.080,108.170,107.340,107.820,530718
2025-06-23 11:30:00,107.820,107.820,106.570,106.980,466347
2025-06-23 13:30:00,106.780,107.980,106.360,106.520,429090
2025-06-23 14:00:00,106.520,107.000,106.430,106.870,302746
2025-06-23 14:30:00,106.870,107.180,106.700,106.950,217605
2025-06-23 15:00:00,106.970,107.320,106.710,107.100,479303
2025-06-24 10:00:00,108.000,108.660,105.000,105.000,1718010
2025-06-24 10:30:00,104.990,107.960,104.960,107.310,889831
2025-06-24 11:00:00,107.290,107.630,106.600,106.930,291152
2025-06-24 11:30:00,106.890,107.790,106.880,107.430,225215
2025-06-24 13:30:00,107.410,108.380,107.080,107.670,357806
2025-06-24 14:00:00,107.850,107.990,107.000,107.500,246524
2025-06-24 14:30:00,107.480,107.790,107.110,107.530,235599
2025-06-24 15:00:00,107.530,107.680,107.100,107.150,584531
2025-06-25 10:00:00,107.160,107.500,105.300,105.840,1015679
2025-06-25 10:30:00,105.840,106.000,105.000,105.000,480908
2025-06-25 11:00:00,105.000,105.500,104.900,105.300,292651
2025-06-25 11:30:00,105.300,106.220,105.000,105.770,277039
2025-06-25 13:30:00,105.770,106.870,105.350,106.700,417289
2025-06-25 14:00:00,106.810,106.810,105.900,106.220,298254
2025-06-25 14:30:00,106.400,107.380,106.240,107.190,602367
2025-06-25 15:00:00,107.180,107.180,106.500,106.990,635538
2025-06-26 10:00:00,107.180,108.480,106.780,107.920,1081355
2025-06-26 10:30:00,108.100,108.330,106.410,106.450,517150
2025-06-26 11:00:00,106.450,106.550,105.620,106.200,390664
2025-06-26 11:30:00,106.200,106.850,106.100,106.450,211261
2025-06-26 13:30:00,106.360,106.820,106.120,106.600,324968
2025-06-26 14:00:00,106.600,106.650,105.660,105.900,409113
2025-06-26 14:30:00,105.900,106.360,105.800,105.800,475463
2025-06-26 15:00:00,105.810,106.020,104.800,105.050,1011469
2025-06-27 10:00:00,106.000,106.700,105.140,106.110,501673
2025-06-27 10:30:00,106.110,106.790,105.400,105.520,342573
2025-06-27 11:00:00,105.700,106.430,105.550,106.410,141679
2025-06-27 11:30:00,106.300,107.180,106.000,106.770,300579
2025-06-27 13:30:00,106.740,107.180,106.300,106.660,379086
2025-06-27 14:00:00,106.670,107.000,106.020,106.080,242397
2025-06-27 14:30:00,106.070,106.170,105.390,105.540,396724
2025-06-27 15:00:00,105.490,105.800,105.200,105.400,516250
2025-06-30 10:00:00,107.030,108.500,106.030,107.240,1400984
2025-06-30 10:30:00,107.190,107.420,106.080,107.250,532704
2025-06-30 11:00:00,107.210,107.220,106.120,106.730,265871
2025-06-30 11:30:00,106.700,107.300,106.320,107.210,270279
2025-06-30 13:30:00,107.210,107.430,105.620,106.260,424326
2025-06-30 14:00:00,106.380,107.060,106.100,106.230,372991
2025-06-30 14:30:00,106.250,106.770,106.230,106.600,258059
2025-06-30 15:00:00,106.590,107.300,106.400,107.200,682597
2025-07-01 10:00:00,107.000,111.880,107.000,111.220,1840875
2025-07-01 10:30:00,111.220,112.000,110.210,111.210,1747893
2025-07-01 11:00:00,111.170,111.360,110.510,111.160,325797
2025-07-01 11:30:00,111.160,111.440,110.600,111.220,264995
2025-07-01 13:30:00,111.220,112.740,111.130,112.500,871542
2025-07-01 14:00:00,112.640,112.890,111.800,112.600,525092
2025-07-01 14:30:00,112.600,112.960,111.630,111.690,401255
2025-07-01 15:00:00,111.680,112.000,111.390,111.800,337928
2025-07-02 10:00:00,111.800,111.970,109.410,110.000,977875
2025-07-02 10:30:00,109.910,109.990,108.900,109.090,346388
2025-07-02 11:00:00,109.090,109.110,108.020,108.740,360467
2025-07-02 11:30:00,108.580,108.960,107.880,108.140,277194
2025-07-02 13:30:00,108.360,108.490,107.960,107.960,155838
2025-07-02 14:00:00,108.070,108.090,107.410,107.460,316385
2025-07-02 14:30:00,107.480,107.880,106.890,107.420,269370
2025-07-02 15:00:00,107.420,108.100,107.250,107.400,375642
2025-07-03 10:00:00,107.800,108.350,106.670,107.600,575596
2025-07-03 10:30:00,107.610,108.080,106.000,106.490,472304
2025-07-03 11:00:00,106.370,106.800,105.800,105.810,210816
2025-07-03 11:30:00,105.820,107.160,105.670,106.250,282392
2025-07-03 13:30:00,106.250,106.330,105.330,105.430,301731
2025-07-03 14:00:00,105.430,106.450,105.350,106.260,325076
2025-07-03 14:30:00,106.250,106.490,105.540,105.730,472088
2025-07-03 15:00:00,105.730,105.750,104.500,105.100,1069606
2025-07-04 10:00:00,104.050,105.800,103.930,105.170,781236
2025-07-04 10:30:00,105.170,105.750,104.630,105.360,359624
2025-07-04 11:00:00,105.270,105.970,104.880,105.420,235761
2025-07-04 11:30:00,105.400,106.090,105.400,106.090,159095
2025-07-04 13:30:00,106.090,111.780,106.090,110.650,1863949
2025-07-04 14:00:00,110.660,111.250,108.050,108.050,610114
2025-07-04 14:30:00,108.050,108.170,107.090,107.400,301797
2025-07-04 15:00:00,107.490,107.800,107.200,107.500,279074
2025-07-07 10:00:00,107.080,111.500,107.080,110.700,1527145
2025-07-07 10:30:00,110.900,111.760,109.980,111.260,591232
2025-07-07 11:00:00,111.260,111.440,109.850,109.900,274226
2025-07-07 11:30:00,109.900,110.000,109.020,109.110,256172
2025-07-07 13:30:00,109.110,109.270,108.700,109.020,190575
2025-07-07 14:00:00,108.840,109.870,108.840,109.460,152433
2025-07-07 14:30:00,109.350,109.500,109.000,109.210,121761
2025-07-07 15:00:00,109.210,109.280,108.210,108.210,381187
2025-07-08 10:00:00,107.800,110.330,105.640,106.440,1454068
2025-07-08 10:30:00,106.070,107.900,106.070,107.740,402591
2025-07-08 11:00:00,107.720,107.900,107.030,107.470,182620
2025-07-08 11:30:00,107.460,107.900,107.000,107.610,232966
2025-07-08 13:30:00,107.600,108.280,107.020,107.500,354553
2025-07-08 14:00:00,107.510,108.050,107.220,107.390,334070
2025-07-08 14:30:00,107.240,107.900,107.000,107.890,380660
2025-07-08 15:00:00,107.890,107.900,107.000,107.310,385219
2025-07-09 10:00:00,106.900,111.090,106.900,109.270,1786795
2025-07-09 10:30:00,109.410,110.830,108.860,110.750,483657
2025-07-09 11:00:00,110.830,111.500,110.260,110.540,556435
2025-07-09 11:30:00,110.460,110.500,109.750,110.160,195557
2025-07-09 13:30:00,110.160,110.760,109.760,110.300,258461
2025-07-09 14:00:00,110.290,112.440,110.290,111.100,856692
2025-07-09 14:30:00,111.140,111.390,110.780,111.210,344781
2025-07-09 15:00:00,111.250,111.680,110.710,111.360,828111
2025-07-10 10:00:00,110.570,110.990,108.880,109.060,853420
2025-07-10 10:30:00,108.980,110.100,108.520,110.060,409268
2025-07-10 11:00:00,110.100,110.260,109.340,109.580,347904
2025-07-10 11:30:00,109.590,110.230,109.270,109.850,114493
2025-07-10 13:30:00,109.800,110.360,108.800,108.880,258311
2025-07-10 14:00:00,108.840,108.910,108.070,108.250,364536
2025-07-10 14:30:00,108.250,109.500,108.010,109.010,396719
2025-07-10 15:00:00,109.000,109.210,108.700,109.000,249742
2025-07-11 10:00:00,109.010,109.500,107.170,108.130,565030
2025-07-11 10:30:00,108.050,108.710,107.260,108.390,342864
2025-07-11 11:00:00,108.220,108.790,108.000,108.440,243710
2025-07-11 11:30:00,108.300,108.780,107.820,108.770,183200
2025-07-11 13:30:00,108.770,109.700,108.680,108.820,494676
2025-07-11 14:00:00,108.800,109.700,108.640,108.680,361267
2025-07-11 14:30:00,108.750,109.280,108.670,108.850,130054
2025-07-11 15:00:00,108.900,109.020,108.050,108.700,373987
2025-07-14 10:00:00,108.700,108.700,106.520,107.350,731421
2025-07-14 10:30:00,107.340,107.860,107.150,107.490,189230
2025-07-14 11:00:00,107.490,108.000,107.000,107.500,374059
2025-07-14 11:30:00,107.490,107.640,107.080,107.370,74319
2025-07-14 13:30:00,107.350,108.170,107.080,107.610,208944
2025-07-14 14:00:00,107.770,108.050,107.400,107.770,151956
2025-07-14 14:30:00,107.760,107.780,107.040,107.040,133926
2025-07-14 15:00:00,107.270,107.340,106.800,106.800,342843
2025-07-15 10:00:00,106.800,107.220,105.820,106.670,638131
2025-07-15 10:30:00,106.490,106.930,105.350,105.430,383751
2025-07-15 11:00:00,105.360,106.220,105.200,105.230,276509
2025-07-15 11:30:00,105.230,105.280,104.200,104.220,344152
2025-07-15 13:30:00,104.310,104.620,103.020,103.470,960348
2025-07-15 14:00:00,103.450,104.000,103.070,103.130,681943
2025-07-15 14:30:00,103.180,104.100,103.090,103.700,386538
2025-07-15 15:00:00,103.660,104.100,103.600,103.780,446060
2025-07-16 10:00:00,103.780,105.580,103.780,105.090,605848
2025-07-16 10:30:00,105.090,105.390,104.570,105.160,337823
2025-07-16 11:00:00,105.010,105.160,104.410,104.700,126017
2025-07-16 11:30:00,104.650,104.740,104.190,104.550,120545
2025-07-16 13:30:00,104.560,104.570,104.020,104.390,112537
2025-07-16 14:00:00,104.390,104.390,103.790,103.920,181555
2025-07-16 14:30:00,103.920,104.090,103.510,103.610,280967
2025-07-16 15:00:00,103.610,103.940,103.610,103.610,244648
2025-07-17 10:00:00,103.710,103.920,102.000,102.300,814349
2025-07-17 10:30:00,102.300,102.520,101.480,101.920,581081
2025-07-17 11:00:00,101.930,102.600,101.300,102.480,575108
2025-07-17 11:30:00,102.480,103.950,102.360,103.900,594607
2025-07-17 13:30:00,103.900,104.550,103.460,103.900,344851
2025-07-17 14:00:00,103.840,104.240,103.400,103.640,331452
2025-07-17 14:30:00,103.640,104.080,103.000,103.440,662750
2025-07-17 15:00:00,103.440,103.930,103.400,103.930,432147
2025-07-18 10:00:00,105.000,105.890,104.280,104.410,1122861
2025-07-18 10:30:00,104.440,104.690,103.830,104.260,303573
2025-07-18 11:00:00,104.160,104.470,103.850,104.240,171047
2025-07-18 11:30:00,104.240,104.330,103.690,103.890,128376
2025-07-18 13:30:00,103.890,104.730,103.870,104.050,194694
2025-07-18 14:00:00,104.030,104.140,103.430,103.580,160018
2025-07-18 14:30:00,103.580,104.300,103.580,104.160,114858
2025-07-18 15:00:00,104.070,104.600,104.030,104.600,331598
2025-07-21 10:00:00,104.600,105.270,103.010,104.400,617202
2025-07-21 10:30:00,104.400,104.830,103.550,103.660,314468
2025-07-21 11:00:00,103.660,104.770,103.660,104.350,251500
2025-07-21 11:30:00,104.350,104.610,104.000,104.570,211944
2025-07-21 13:30:00,104.570,105.000,104.160,104.850,333197
2025-07-21 14:00:00,104.850,105.380,104.810,104.820,378961
2025-07-21 14:30:00,104.820,105.190,104.710,105.160,233011
2025-07-21 15:00:00,105.160,105.180,104.710,104.710,357112
2025-07-22 10:00:00,104.200,104.700,103.720,104.490,424619
2025-07-22 10:30:00,104.490,106.450,104.450,105.910,893892
2025-07-22 11:00:00,105.910,105.960,105.200,105.780,239964
2025-07-22 11:30:00,105.830,105.980,105.090,105.390,196720
2025-07-22 13:30:00,105.380,105.470,104.810,105.090,238909
2025-07-22 14:00:00,105.110,105.190,104.600,104.860,230001
2025-07-22 14:30:00,104.720,104.910,103.950,104.400,265609
2025-07-22 15:00:00,104.400,105.100,104.390,105.060,398973
2025-07-23 10:00:00,105.980,107.700,104.670,106.930,1116355
2025-07-23 10:30:00,106.940,109.950,106.790,109.320,1691693
2025-07-23 11:00:00,109.350,110.000,108.890,109.690,823537
2025-07-23 11:30:00,109.690,110.280,109.030,110.000,504691
2025-07-23 13:30:00,110.010,110.280,109.140,109.930,573651
2025-07-23 14:00:00,109.880,110.170,109.690,109.790,496285
2025-07-23 14:30:00,109.730,110.240,109.210,109.480,499308
2025-07-23 15:00:00,109.470,109.940,109.190,109.700,521031
2025-07-24 10:00:00,110.000,111.380,109.000,111.180,910771
2025-07-24 10:30:00,111.140,113.950,110.820,113.480,1580757
2025-07-24 11:00:00,113.480,114.900,112.630,114.900,795560
2025-07-24 11:30:00,114.900,115.000,114.100,114.820,517532
2025-07-24 13:30:00,114.830,116.500,114.690,115.940,869513
2025-07-24 14:00:00,115.940,116.110,114.490,115.600,564060
2025-07-24 14:30:00,115.560,115.800,114.810,115.350,401790
2025-07-24 15:00:00,115.350,115.880,114.950,115.800,601801
2025-07-25 10:00:00,115.730,118.580,114.300,117.840,1744920
2025-07-25 10:30:00,117.540,118.470,116.660,116.990,665456
2025-07-25 11:00:00,117.000,117.600,116.310,116.310,429478
2025-07-25 11:30:00,116.330,116.510,115.440,115.880,525356
2025-07-25 13:30:00,115.880,116.970,115.670,116.850,358662
2025-07-25 14:00:00,116.790,117.930,116.570,117.930,418352
2025-07-25 14:30:00,117.920,118.980,117.730,118.760,687162
2025-07-25 15:00:00,118.780,119.420,118.520,119.000,848394
2025-07-28 10:00:00,119.510,119.510,116.200,119.000,956905
2025-07-28 10:30:00,118.900,119.140,117.650,118.250,480754
2025-07-28 11:00:00,118.290,118.990,118.000,118.950,237514
2025-07-28 11:30:00,118.930,119.250,117.300,117.560,274752
2025-07-28 13:30:00,117.430,120.260,117.280,119.520,526860
2025-07-28 14:00:00,119.520,119.880,117.830,118.260,356942
2025-07-28 14:30:00,118.310,118.390,117.660,118.390,327967
2025-07-28 15:00:00,118.450,118.880,117.770,117.770,362657
2025-07-29 10:00:00,117.380,119.000,117.000,118.360,728050
2025-07-29 10:30:00,118.310,119.960,117.980,118.080,732790
2025-07-29 11:00:00,118.120,119.500,118.000,118.620,296139
2025-07-29 11:30:00,118.670,119.840,118.300,119.180,280474
2025-07-29 13:30:00,119.200,121.000,119.040,119.960,610099
2025-07-29 14:00:00,119.870,121.190,119.730,121.190,505658
2025-07-29 14:30:00,121.050,121.800,120.750,121.000,379577
2025-07-29 15:00:00,121.100,121.250,120.500,120.730,260852
2025-07-30 10:00:00,119.880,119.880,115.100,118.920,1233245
2025-07-30 10:30:00,118.560,120.500,118.290,120.300,603128
2025-07-30 11:00:00,120.300,121.520,119.540,120.230,668579
2025-07-30 11:30:00,120.410,120.750,119.680,119.970,229285
2025-07-30 13:30:00,120.190,120.750,118.640,118.950,383867
2025-07-30 14:00:00,118.950,119.180,117.690,118.270,357194
2025-07-30 14:30:00,118.270,119.970,117.500,119.220,356587
2025-07-30 15:00:00,119.230,119.900,119.080,119.480,327342
2025-07-31 10:00:00,119.010,120.000,115.890,116.010,1330346
2025-07-31 10:30:00,116.010,117.090,115.370,115.840,1121036
2025-07-31 11:00:00,115.840,116.210,115.130,116.100,493381
2025-07-31 11:30:00,116.110,116.380,115.870,115.920,311843
2025-07-31 13:30:00,115.950,116.440,114.310,114.520,858833
2025-07-31 14:00:00,114.550,115.400,114.530,114.870,420631
2025-07-31 14:30:00,114.800,114.870,113.880,113.910,492927
2025-07-31 15:00:00,113.850,114.180,113.600,114.020,754188
2025-08-01 10:00:00,114.500,114.980,112.510,113.180,921643
2025-08-01 10:30:00,113.200,114.220,112.860,113.430,325874
2025-08-01 11:00:00,113.360,113.360,111.550,111.840,380649
2025-08-01 11:30:00,111.840,112.540,111.500,112.040,252818
2025-08-01 13:30:00,112.050,112.780,111.110,111.500,268591
2025-08-01 14:00:00,111.500,112.180,110.960,111.950,291943
2025-08-01 14:30:00,111.950,112.600,111.670,112.010,458534
2025-08-01 15:00:00,112.010,112.200,111.450,111.700,349101
2025-08-04 10:00:00,111.000,113.880,110.500,113.270,918769
2025-08-04 10:30:00,113.100,114.130,112.590,113.700,412057
2025-08-04 11:00:00,113.700,114.000,112.430,113.300,431664
2025-08-04 11:30:00,113.160,113.620,112.710,112.890,191037
2025-08-04 13:30:00,112.890,113.940,112.820,113.480,211527
2025-08-04 14:00:00,113.300,113.510,112.700,113.180,333105
2025-08-04 14:30:00,113.170,113.880,112.920,113.750,184466
2025-08-04 15:00:00,113.760,113.980,113.410,113.740,360300
2025-08-05 10:00:00,113.700,116.590,112.590,115.950,1350370
2025-08-05 10:30:00,115.860,116.450,115.060,115.200,345733
2025-08-05 11:00:00,115.340,115.880,115.080,115.190,277399
2025-08-05 11:30:00,115.190,115.500,114.480,114.670,244120
2025-08-05 13:30:00,114.670,114.910,114.200,114.890,133654
2025-08-05 14:00:00,114.750,115.490,114.360,115.020,156536
2025-08-05 14:30:00,115.000,115.100,114.650,114.830,182499
2025-08-05 15:00:00,114.960,115.100,114.640,114.900,242973
2025-08-06 10:00:00,114.560,115.780,113.800,114.940,474614
2025-08-06 10:30:00,114.880,115.200,114.550,114.770,169289
2025-08-06 11:00:00,114.720,115.910,114.720,115.600,318307
2025-08-06 11:30:00,115.680,116.280,115.380,115.920,314007
2025-08-06 13:30:00,115.690,115.960,114.800,114.830,198884
2025-08-06 14:00:00,114.860,115.490,114.580,114.940,223437
2025-08-06 14:30:00,114.940,115.230,114.140,114.670,410353
2025-08-06 15:00:00,114.670,114.840,114.000,114.650,479354
2025-08-07 10:00:00,114.650,116.000,113.900,114.830,457448
2025-08-07 10:30:00,114.830,115.190,113.810,114.210,303880
2025-08-07 11:00:00,114.210,116.460,114.190,115.690,500838
2025-08-07 11:30:00,115.690,117.490,114.860,116.820,547093
2025-08-07 13:30:00,116.820,117.020,115.730,116.070,506776
2025-08-07 14:00:00,116.070,117.000,115.970,116.920,262205
2025-08-07 14:30:00,116.870,117.370,116.510,116.670,291710
2025-08-07 15:00:00,116.670,116.990,116.280,116.280,322831
2025-08-08 10:00:00,115.590,117.400,114.550,115.400,777133
2025-08-08 10:30:00,115.410,116.300,114.620,114.680,291084
2025-08-08 11:00:00,114.680,115.220,114.320,114.700,200832
2025-08-08 11:30:00,114.680,114.700,113.020,113.250,546605
2025-08-08 13:30:00,113.270,113.630,112.200,112.470,576730
2025-08-08 14:00:00,112.470,113.000,112.360,112.730,316798
2025-08-08 14:30:00,112.730,113.580,112.400,112.500,216312
2025-08-08 15:00:00,112.410,113.200,112.400,112.900,427042
2025-08-11 10:00:00,112.500,113.440,111.160,112.810,1029419
2025-08-11 10:30:00,112.950,113.390,112.300,113.340,486300
2025-08-11 11:00:00,113.120,113.330,112.340,112.850,226451
2025-08-11 11:30:00,112.750,113.500,112.680,113.220,260640
2025-08-11 13:30:00,113.290,113.930,112.500,113.400,513679
2025-08-11 14:00:00,113.430,113.870,113.090,113.120,358572
2025-08-11 14:30:00,113.130,113.500,112.500,112.760,471420
2025-08-11 15:00:00,112.760,112.980,112.300,112.630,413952
2025-08-12 10:00:00,112.320,115.800,112.320,114.170,979553
2025-08-12 10:30:00,114.190,115.700,114.140,115.080,617807
2025-08-12 11:00:00,115.080,117.680,115.020,115.800,1004905
2025-08-12 11:30:00,115.860,118.000,115.710,118.000,568900
2025-08-12 13:30:00,118.000,119.000,116.960,117.180,474795
2025-08-12 14:00:00,117.140,117.330,116.350,117.100,192885
2025-08-12 14:30:00,117.070,117.070,116.200,116.520,235696
2025-08-12 15:00:00,116.530,116.560,115.820,115.960,302581
2025-08-13 10:00:00,116.220,117.320,115.500,115.790,590037
2025-08-13 10:30:00,115.790,116.800,115.550,116.010,399026
2025-08-13 11:00:00,116.100,117.860,115.760,117.050,272708
2025-08-13 11:30:00,116.910,117.250,116.220,116.700,246726
2025-08-13 13:30:00,116.880,116.930,116.000,116.080,276195
2025-08-13 14:00:00,116.050,117.290,115.980,117.150,205901
2025-08-13 14:30:00,117.150,118.280,117.140,117.630,449342
2025-08-13 15:00:00,117.620,118.380,117.460,118.100,387974
2025-08-14 10:00:00,117.930,119.940,116.920,119.400,1203669
2025-08-14 10:30:00,119.400,120.660,118.230,118.300,921566
2025-08-14 11:00:00,118.230,118.300,116.650,116.810,359827
2025-08-14 11:30:00,116.810,117.390,116.450,116.450,291158
2025-08-14 13:30:00,116.460,116.460,115.150,116.110,450354
2025-08-14 14:00:00,116.060,116.660,115.750,116.000,252336
2025-08-14 14:30:00,115.980,116.500,115.880,116.200,160375
2025-08-14 15:00:00,116.310,116.550,115.200,115.200,327681
2025-08-15 10:00:00,115.500,115.800,114.050,115.210,698813
2025-08-15 10:30:00,115.210,116.240,114.100,115.300,490612
2025-08-15 11:00:00,115.300,115.750,114.860,115.100,209112
2025-08-15 11:30:00,115.100,115.200,114.490,114.950,189273
2025-08-15 13:30:00,114.950,119.520,114.950,119.400,1105533
2025-08-15 14:00:00,119.520,120.350,118.770,119.970,869672
2025-08-15 14:30:00,120.040,120.190,119.100,119.150,316806
2025-08-15 15:00:00,119.180,120.000,119.150,119.960,403900
2025-08-18 10:00:00,119.990,121.190,118.900,120.580,1229029
2025-08-18 10:30:00,120.700,124.760,120.540,124.760,1333131
2025-08-18 11:00:00,124.760,125.880,123.910,125.880,882336
2025-08-18 11:30:00,125.880,126.800,124.310,126.500,603953
2025-08-18 13:30:00,125.970,127.000,125.650,125.900,596124
2025-08-18 14:00:00,125.900,128.990,125.170,125.850,788176
2025-08-18 14:30:00,125.850,127.700,124.100,124.670,618446
2025-08-18 15:00:00,124.690,127.010,124.670,126.170,726862
2025-08-19 10:00:00,125.500,125.600,123.520,123.740,891470
2025-08-19 10:30:00,123.750,124.490,122.330,122.970,616851
2025-08-19 11:00:00,122.910,123.450,121.700,122.080,960684
2025-08-19 11:30:00,122.000,122.970,121.990,122.550,248710
2025-08-19 13:30:00,122.690,123.280,122.160,122.170,280718
2025-08-19 14:00:00,122.170,122.700,122.100,122.260,341774
2025-08-19 14:30:00,122.260,123.450,121.880,122.150,353232
2025-08-19 15:00:00,122.150,122.600,121.970,122.000,386726
2025-08-20 10:00:00,121.600,121.600,119.180,121.000,1089122
2025-08-20 10:30:00,121.000,123.110,119.930,123.000,732019
2025-08-20 11:00:00,123.180,124.500,123.000,123.000,606088
2025-08-20 11:30:00,123.030,123.030,121.020,121.850,326925
2025-08-20 13:30:00,122.000,123.500,121.900,123.500,227179
2025-08-20 14:00:00,123.500,127.740,123.160,125.580,952259
2025-08-20 14:30:00,125.690,130.000,125.560,128.090,1366435
2025-08-20 15:00:00,128.100,129.990,128.090,129.980,881481
2025-08-21 10:00:00,128.100,130.990,128.100,128.150,1415777
2025-08-21 10:30:00,128.150,129.390,128.100,129.020,526589
2025-08-21 11:00:00,128.920,129.750,127.500,128.090,443033
2025-08-21 11:30:00,128.190,128.820,127.600,128.680,281863
2025-08-21 13:30:00,128.680,130.790,128.350,129.820,479928
2025-08-21 14:00:00,129.820,129.980,127.510,127.510,409921
2025-08-21 14:30:00,127.510,127.560,126.090,126.990,455676
2025-08-21 15:00:00,127.230,127.790,126.000,126.380,418817
2025-08-22 10:00:00,126.410,131.800,126.050,130.770,1317612
2025-08-22 10:30:00,130.780,131.800,128.660,131.300,995091
2025-08-22 11:00:00,131.000,134.550,130.760,133.660,1085913
2025-08-22 11:30:00,133.640,134.210,131.880,131.980,523227
2025-08-22 13:30:00,132.000,148.370,132.000,140.240,2495484
2025-08-22 14:00:00,140.020,140.020,137.510,138.880,691707
2025-08-22 14:30:00,138.410,140.200,137.000,139.300,867356
2025-08-22 15:00:00,139.300,144.000,139.280,141.040,1455278
2025-08-25 10:00:00,144.880,144.880,133.540,135.080,3976031
2025-08-25 10:30:00,135.100,136.900,134.780,136.800,1723757
2025-08-25 11:00:00,136.790,137.080,135.300,136.910,821784
2025-08-25 11:30:00,136.920,137.300,134.080,134.440,1000066
2025-08-25 13:30:00,134.430,134.450,132.070,132.570,1622000
2025-08-25 14:00:00,132.570,134.820,132.390,132.580,870464
2025-08-25 14:30:00,132.580,133.830,132.110,133.050,758638
2025-08-25 15:00:00,133.030,136.000,132.900,135.220,967376
2025-08-26 10:00:00,132.550,132.970,129.660,131.230,1850763
2025-08-26 10:30:00,131.300,131.870,130.200,130.620,984591
2025-08-26 11:00:00,130.560,134.700,130.200,132.500,1158238
2025-08-26 11:30:00,132.500,134.400,132.030,133.100,545936
2025-08-26 13:30:00,133.100,133.190,130.920,131.140,672930
2025-08-26 14:00:00,131.150,133.200,130.660,132.710,633835
2025-08-26 14:30:00,132.710,132.760,130.810,131.500,556791
2025-08-26 15:00:00,131.500,131.500,130.600,130.700,686060
2025-08-27 10:00:00,130.000,132.200,129.800,130.600,1512469
2025-08-27 10:30:00,130.620,133.040,130.200,131.660,1038257
2025-08-27 11:00:00,131.790,132.870,131.670,132.870,491336
2025-08-27 11:30:00,132.790,135.180,132.520,135.170,947861
2025-08-27 13:30:00,135.090,136.000,133.300,134.320,1133343
2025-08-27 14:00:00,134.360,134.370,131.090,131.200,785581
2025-08-27 14:30:00,131.200,131.660,129.390,129.460,1000408
2025-08-27 15:00:00,129.460,130.690,128.020,128.200,1129851
2025-08-28 10:00:00,127.820,133.000,127.310,131.010,2103314
2025-08-28 10:30:00,131.010,132.960,130.000,132.580,1292279
2025-08-28 11:00:00,132.580,132.990,131.280,131.900,1007001
2025-08-28 11:30:00,131.900,132.770,130.110,130.800,688004
2025-08-28 13:30:00,131.000,131.290,128.590,128.620,712997
2025-08-28 14:00:00,128.630,129.960,128.090,129.320,549398
2025-08-28 14:30:00,129.360,130.900,129.310,130.350,561046
2025-08-28 15:00:00,130.360,132.780,130.360,132.780,959905
2025-08-29 10:00:00,129.000,129.000,123.670,124.920,4493860
2025-08-29 10:30:00,124.920,125.650,123.300,124.870,1576074
2025-08-29 11:00:00,124.760,126.170,124.530,124.630,898186
2025-08-29 11:30:00,124.600,125.200,124.190,125.170,490182
2025-08-29 13:30:00,125.170,125.500,123.490,123.630,663804
2025-08-29 14:00:00,123.580,124.300,122.540,123.020,1082219
2025-08-29 14:30:00,123.020,123.340,122.510,122.650,695807
2025-08-29 15:00:00,122.640,124.300,122.640,124.250,703933
2025-09-01 10:00:00,125.530,127.880,123.600,123.640,2056839
2025-09-01 10:30:00,123.850,125.800,123.300,124.570,934865
2025-09-01 11:00:00,124.490,125.990,124.250,125.650,443981
2025-09-01 11:30:00,125.390,128.800,125.280,127.060,1197004
2025-09-01 13:30:00,126.800,128.300,126.500,127.270,552409
2025-09-01 14:00:00,127.270,127.440,125.950,127.250,338376
2025-09-01 14:30:00,127.260,127.700,126.660,127.650,495077
2025-09-01 15:00:00,127.590,128.140,127.450,127.800,654524
2025-09-02 10:00:00,126.900,131.490,126.530,128.920,2553917
2025-09-02 10:30:00,128.890,128.890,125.880,127.650,968068
2025-09-02 11:00:00,127.400,127.650,125.420,125.760,497483
2025-09-02 11:30:00,126.000,126.240,123.900,124.010,697005
2025-09-02 13:30:00,124.040,124.400,122.660,123.360,856304
2025-09-02 14:00:00,123.350,125.030,123.340,123.460,428236
2025-09-02 14:30:00,123.400,123.830,122.220,122.340,512060
2025-09-02 15:00:00,122.340,123.370,121.880,122.610,444325
2025-09-03 10:00:00,123.680,125.800,122.300,124.280,1354576
2025-09-03 10:30:00,124.490,124.680,123.260,124.180,466121
2025-09-03 11:00:00,124.180,129.520,123.100,128.340,2001152
2025-09-03 11:30:00,128.240,128.890,126.360,127.130,665454
2025-09-03 13:30:00,127.130,128.490,126.850,127.420,830371
2025-09-03 14:00:00,127.400,127.420,125.860,126.210,489601
2025-09-03 14:30:00,126.270,128.200,126.110,127.280,553441
2025-09-03 15:00:00,127.280,127.800,125.300,125.700,581166
2025-09-04 10:00:00,126.260,126.960,120.000,120.070,2199875
2025-09-04 10:30:00,120.070,120.330,117.450,117.860,1542574
2025-09-04 11:00:00,117.730,118.200,116.000,117.130,980365
2025-09-04 11:30:00,117.130,117.600,115.350,115.800,547941
2025-09-04 13:30:00,115.810,117.280,115.410,115.750,539116
2025-09-04 14:00:00,115.570,117.010,115.000,116.320,485394
2025-09-04 14:30:00,116.320,116.530,113.890,114.270,604492
2025-09-04 15:00:00,114.270,115.800,112.630,115.800,820355
2025-09-05 10:00:00,116.000,116.990,114.500,116.420,948285
2025-09-05 10:30:00,116.260,119.300,116.260,118.440,1006866
2025-09-05 11:00:00,118.460,120.300,118.200,119.550,616007
2025-09-05 11:30:00,119.560,120.120,118.300,118.910,676136
2025-09-05 13:30:00,118.980,119.320,117.600,118.540,524794
2025-09-05 14:00:00,118.400,120.630,118.400,119.990,801213
2025-09-05 14:30:00,120.000,120.440,119.900,120.160,472991
2025-09-05 15:00:00,120.250,121.210,120.160,120.830,724336
2025-09-08 10:00:00,120.830,122.120,119.000,121.830,1246624
2025-09-08 10:30:00,121.670,121.830,119.870,120.120,640809
2025-09-08 11:00:00,120.180,120.550,119.400,120.170,476389
2025-09-08 11:30:00,120.180,120.750,119.810,120.100,285384
2025-09-08 13:30:00,120.230,123.800,119.580,123.380,1033258
2025-09-08 14:00:00,123.400,124.440,123.000,123.800,739839
2025-09-08 14:30:00,123.800,124.260,123.120,124.200,268668
2025-09-08 15:00:00,124.180,124.750,123.890,124.020,688122
2025-09-09 10:00:00,123.000,123.880,121.010,122.000,1064676
2025-09-09 10:30:00,122.050,122.200,120.080,120.250,623244
2025-09-09 11:00:00,120.250,121.000,119.680,120.120,420693
2025-09-09 11:30:00,120.120,121.560,119.790,121.420,332952
2025-09-09 13:30:00,121.550,122.400,120.030,120.310,363479
2025-09-09 14:00:00,120.280,120.590,119.480,119.570,286756
2025-09-09 14:30:00,119.570,120.300,119.440,119.920,383341
2025-09-09 15:00:00,119.930,120.300,119.660,119.930,365177
2025-09-10 10:00:00,120.790,120.800,119.070,119.100,815803
2025-09-10 10:30:00,119.100,119.790,118.700,118.940,654553
2025-09-10 11:00:00,119.000,119.960,118.700,119.350,421437
2025-09-10 11:30:00,119.350,120.690,119.140,119.990,311942
2025-09-10 13:30:00,119.900,120.600,119.600,120.410,633751
2025-09-10 14:00:00,120.380,120.500,119.600,119.740,505069
2025-09-10 14:30:00,119.910,120.770,119.770,120.260,289892
2025-09-10 15:00:00,120.370,121.000,120.000,120.600,596142
2025-09-11 10:00:00,120.000,120.670,118.480,120.000,635494
2025-09-11 10:30:00,120.010,120.840,119.340,120.390,639838
2025-09-11 11:00:00,120.400,123.580,120.140,123.580,1057292
2025-09-11 11:30:00,123.590,124.960,122.500,123.720,1057979
2025-09-11 13:30:00,123.800,123.850,122.080,122.900,513483
2025-09-11 14:00:00,122.900,122.970,121.900,122.790,321291
2025-09-11 14:30:00,122.710,123.490,122.710,123.350,304475
2025-09-11 15:00:00,123.350,124.050,123.160,123.770,614111
2025-09-12 10:00:00,123.860,124.440,122.010,124.150,1547280
2025-09-12 10:30:00,124.150,125.480,123.010,124.750,753493
2025-09-12 11:00:00,124.690,124.970,123.020,123.020,423320
2025-09-12 11:30:00,123.090,124.400,123.010,123.710,196053
2025-09-12 13:30:00,123.640,123.800,122.580,122.870,609239
2025-09-12 14:00:00,122.870,123.300,122.410,122.460,536102
2025-09-12 14:30:00,122.460,122.460,120.110,120.310,986859
2025-09-12 15:00:00,120.390,120.830,119.660,120.500,1003444
2025-09-15 10:00:00,124.010,124.180,121.800,122.350,1760897
2025-09-15 10:30:00,122.330,124.380,122.120,122.940,727097
2025-09-15 11:00:00,122.940,124.690,122.690,122.940,1008849
2025-09-15 11:30:00,122.930,122.940,122.220,122.500,226400
2025-09-15 13:30:00,122.590,122.900,121.860,121.900,423274
2025-09-15 14:00:00,121.900,124.090,121.710,123.330,545378
2025-09-15 14:30:00,123.360,123.670,122.500,122.600,663448
2025-09-15 15:00:00,122.610,122.700,121.950,122.040,538923
2025-09-16 10:00:00,121.980,123.190,119.210,119.530,1601900
2025-09-16 10:30:00,119.630,120.560,119.300,120.220,645704
2025-09-16 11:00:00,120.220,120.850,119.550,120.210,367547
2025-09-16 11:30:00,120.200,121.500,119.900,120.970,279243
2025-09-16 13:30:00,121.170,123.070,120.680,122.990,623973
2025-09-16 14:00:00,122.990,123.100,122.200,122.550,343239
2025-09-16 14:30:00,122.600,123.190,122.210,122.440,397237
2025-09-16 15:00:00,122.420,122.970,122.290,122.640,448734
2025-09-17 10:00:00,122.300,130.780,122.100,128.480,3663872
2025-09-17 10:30:00,128.380,128.500,125.700,125.990,1036106
2025-09-17 11:00:00,125.990,127.990,125.760,127.990,472515
2025-09-17 11:30:00,127.990,129.490,127.820,128.950,571556
2025-09-17 13:30:00,128.970,129.880,127.850,127.950,656410
2025-09-17 14:00:00,127.990,128.200,127.680,128.150,311700
2025-09-17 14:30:00,128.170,129.490,127.620,128.450,479668
2025-09-17 15:00:00,128.450,128.970,128.170,128.560,550545
2025-09-18 10:00:00,128.010,131.880,127.590,130.370,2031904
2025-09-18 10:30:00,130.630,136.660,130.310,135.610,2764770
2025-09-18 11:00:00,135.760,136.430,133.750,135.910,1295861
2025-09-18 11:30:00,135.670,136.200,133.720,134.960,592452
2025-09-18 13:30:00,134.960,135.230,130.000,132.000,753300
2025-09-18 14:00:00,132.000,133.000,130.690,130.940,549235
2025-09-18 14:30:00,130.880,130.930,128.120,128.880,1439343
2025-09-18 15:00:00,128.880,129.700,126.250,129.490,1367978
2025-09-19 10:00:00,129.610,133.210,129.610,131.300,2068530
2025-09-19 10:30:00,131.180,133.330,131.040,131.810,920656
2025-09-19 11:00:00,131.820,131.830,129.000,130.100,578942
2025-09-19 11:30:00,130.090,130.520,129.470,129.680,322274
2025-09-19 13:30:00,129.780,130.960,128.320,128.450,721064
2025-09-19 14:00:00,128.420,128.660,126.980,127.600,734639
2025-09-19 14:30:00,127.590,128.990,127.230,128.500,423597
2025-09-19 15:00:00,128.730,128.870,127.210,127.790,594618
2025-09-22 10:00:00,127.420,128.860,126.550,128.340,1039896
2025-09-22 10:30:00,128.020,130.990,127.260,129.500,953900
2025-09-22 11:00:00,129.500,129.900,128.770,129.840,484199
2025-09-22 11:30:00,129.550,129.810,127.950,128.730,410299
2025-09-22 13:30:00,128.640,130.570,128.100,129.570,775416
2025-09-22 14:00:00,129.570,130.450,128.330,128.400,552988
2025-09-22 14:30:00,128.400,129.000,127.370,128.060,644926
2025-09-22 15:00:00,128.060,128.780,128.030,128.780,554084
2025-09-23 10:00:00,130.830,132.400,129.100,129.140,1674945
2025-09-23 10:30:00,129.100,129.580,126.000,126.500,956760
2025-09-23 11:00:00,126.400,128.800,125.500,128.110,770373
2025-09-23 11:30:00,128.110,128.360,125.630,125.670,430976
2025-09-23 13:30:00,125.680,127.060,125.510,126.740,331669
2025-09-23 14:00:00,126.520,126.880,125.740,126.370,231701
2025-09-23 14:30:00,126.370,128.800,125.190,128.660,490883
2025-09-23 15:00:00,128.600,131.680,127.720,131.430,1320494
2025-09-24 10:00:00,131.480,140.620,131.130,140.440,5495243
2025-09-24 10:30:00,140.450,144.620,139.020,140.960,2208335
2025-09-24 11:00:00,140.960,144.500,139.100,144.170,781521
2025-09-24 11:30:00,144.100,148.000,140.730,147.990,1469724
2025-09-24 13:30:00,147.990,153.480,144.550,148.600,1890484
2025-09-24 14:00:00,148.600,148.780,146.000,146.510,590068
2025-09-24 14:30:00,146.520,147.000,143.370,143.900,775788
2025-09-24 15:00:00,143.580,146.000,143.520,145.460,870765
2025-09-25 10:00:00,145.390,145.390,139.180,139.180,3646340
2025-09-25 10:30:00,139.180,140.250,138.510,139.410,1896029
2025-09-25 11:00:00,139.410,140.270,138.570,139.460,1128916
2025-09-25 11:30:00,139.250,140.060,138.600,139.470,751199
2025-09-25 13:30:00,139.560,140.760,138.620,139.440,773550
2025-09-25 14:00:00,139.450,140.000,138.990,139.980,443563
2025-09-25 14:30:00,139.900,140.100,138.700,139.530,590741
2025-09-25 15:00:00,139.700,139.980,138.380,138.580,1010062
2025-09-26 10:00:00,137.020,142.840,137.000,139.320,2652149
2025-09-26 10:30:00,139.360,140.800,136.700,137.670,1300191
2025-09-26 11:00:00,137.670,142.660,137.600,141.130,1338197
2025-09-26 11:30:00,141.120,142.500,139.520,139.760,612465
2025-09-26 13:30:00,139.760,141.500,139.160,140.740,550732
2025-09-26 14:00:00,140.740,141.090,139.040,139.110,321778
2025-09-26 14:30:00,139.520,139.880,138.510,139.100,428219
2025-09-26 15:00:00,139.050,139.600,137.380,138.190,842988
2025-09-29 10:00:00,137.800,141.960,137.010,138.800,1683504
2025-09-29 10:30:00,138.410,141.880,137.810,141.230,1014740
2025-09-29 11:00:00,141.220,141.550,139.100,139.610,515878
2025-09-29 11:30:00,139.920,140.740,139.500,139.900,288185
2025-09-29 13:30:00,139.900,140.690,139.540,139.610,280445
2025-09-29 14:00:00,139.610,141.700,138.600,141.700,718041
2025-09-29 14:30:00,141.700,142.550,140.490,141.100,625023
2025-09-29 15:00:00,141.100,141.750,140.500,141.460,735933
2025-09-30 10:00:00,142.810,148.750,140.860,148.000,2447382
2025-09-30 10:30:00,148.050,149.970,146.300,147.290,1287218
2025-09-30 11:00:00,147.200,148.530,146.390,146.710,501075
2025-09-30 11:30:00,147.000,148.960,146.200,147.670,426583
2025-09-30 13:30:00,147.670,150.470,147.370,150.470,881581
2025-09-30 14:00:00,150.460,150.580,147.110,148.150,789338
2025-09-30 14:30:00,148.090,149.180,147.300,148.020,411682
2025-09-30 15:00:00,148.450,149.110,147.590,149.000,820144
2025-10-09 10:00:00,149.880,155.000,148.010,150.800,2782258
2025-10-09 10:30:00,150.900,153.490,146.300,153.410,1548064
2025-10-09 11:00:00,153.420,155.880,153.410,153.500,1412310
2025-10-09 11:30:00,153.500,155.030,153.200,154.890,369190
2025-10-09 13:30:00,154.110,158.880,153.400,158.000,862992
2025-10-09 14:00:00,158.010,158.150,154.210,155.510,394133
2025-10-09 14:30:00,155.520,155.840,150.170,150.200,568747
2025-10-09 15:00:00,150.250,153.790,150.010,150.100,644691
2025-10-10 10:00:00,147.880,152.000,144.380,148.670,2542105
2025-10-10 10:30:00,148.240,153.680,148.000,152.110,1240814
2025-10-10 11:00:00,152.520,154.000,151.690,152.070,508854
2025-10-10 11:30:00,152.080,152.380,148.610,149.750,374797
2025-10-10 13:30:00,149.500,149.980,146.370,146.500,617006
2025-10-10 14:00:00,146.500,149.880,146.000,149.700,439477
2025-10-10 14:30:00,149.700,151.810,149.000,149.990,563273
2025-10-10 15:00:00,149.990,150.670,147.220,148.520,656395
2025-10-13 10:00:00,144.000,152.800,142.520,148.880,2435017
2025-10-13 10:30:00,148.600,151.880,146.280,151.830,932246
2025-10-13 11:00:00,151.600,154.000,150.000,150.700,668852
2025-10-13 11:30:00,150.630,150.700,148.020,148.060,289011
2025-10-13 13:30:00,148.060,153.230,148.010,153.000,644993
2025-10-13 14:00:00,153.050,158.000,152.400,155.650,991874
2025-10-13 14:30:00,155.600,157.000,154.600,157.000,471036
2025-10-13 15:00:00,156.990,158.000,155.570,158.000,978875
2025-10-14 10:00:00,157.000,157.500,151.900,152.060,2486140
2025-10-14 10:30:00,152.060,152.250,147.200,148.340,1834792
2025-10-14 11:00:00,148.380,149.880,143.800,143.800,1279298
2025-10-14 11:30:00,143.800,145.320,139.180,141.690,1550902
2025-10-14 13:30:00,141.690,143.990,138.170,143.000,989748
2025-10-14 14:00:00,143.100,143.900,140.840,142.030,387023
2025-10-14 14:30:00,141.700,142.200,139.770,141.100,396500
2025-10-14 15:00:00,141.270,142.500,138.800,140.560,634191
2025-10-15 10:00:00,140.160,141.960,135.010,138.500,1707423
2025-10-15 10:30:00,138.050,143.500,138.000,142.940,915292
2025-10-15 11:00:00,142.480,143.170,139.000,139.110,573698
2025-10-15 11:30:00,139.110,139.480,137.680,138.950,300934
2025-10-15 13:30:00,138.760,139.300,136.400,136.950,580644
2025-10-15 14:00:00,137.100,139.910,136.830,137.680,546291
2025-10-15 14:30:00,137.680,139.640,137.600,138.770,306973
2025-10-15 15:00:00,139.040,139.550,138.520,138.950,529770
2025-10-16 10:00:00,138.260,138.660,135.500,137.500,1766848
2025-10-16 10:30:00,137.610,138.600,136.810,137.930,742386
2025-10-16 11:00:00,137.660,139.180,137.090,138.660,764276
2025-10-16 11:30:00,138.660,138.900,136.170,136.280,562270
2025-10-16 13:30:00,136.280,136.880,132.840,133.860,1229547
2025-10-16 14:00:00,133.760,135.480,133.130,133.500,442163
2025-10-16 14:30:00,133.580,134.250,133.000,133.470,525642
2025-10-16 15:00:00,133.470,134.580,133.010,133.650,568741
2025-10-17 10:00:00,133.000,133.880,128.300,128.970,1682884
2025-10-17 10:30:00,128.690,129.810,127.660,128.750,993561
2025-10-17 11:00:00,128.750,130.760,128.600,129.820,493897
2025-10-17 11:30:00,129.820,129.990,128.110,128.110,291193
2025-10-17 13:30:00,128.140,129.280,127.680,128.460,485638
2025-10-17 14:00:00,128.370,128.990,128.050,128.240,229088
2025-10-17 14:30:00,128.250,128.890,127.720,128.000,375788
2025-10-17 15:00:00,128.000,128.500,127.280,127.790,705427
2025-10-20 10:00:00,130.000,131.430,127.510,130.110,1455317
2025-10-20 10:30:00,130.110,130.790,128.490,129.370,436142
2025-10-20 11:00:00,129.170,129.600,128.350,128.510,316263
2025-10-20 11:30:00,128.550,129.000,127.560,128.080,435253
2025-10-20 13:30:00,128.090,128.190,126.620,126.820,337838
2025-10-20 14:00:00,126.760,126.860,125.000,125.910,681217
2025-10-20 14:30:00,125.910,125.920,124.280,125.160,554215
2025-10-20 15:00:00,125.380,125.800,124.000,125.500,492639
2025-10-21 10:00:00,126.750,127.470,124.530,125.000,1087448
2025-10-21 10:30:00,125.170,126.380,124.680,126.170,590972
2025-10-21 11:00:00,126.000,127.330,125.600,125.690,737233
2025-10-21 11:30:00,125.690,127.170,125.680,126.910,418692
2025-10-21 13:30:00,126.890,127.400,125.990,126.370,593977
2025-10-21 14:00:00,126.530,127.040,126.230,126.390,360822
2025-10-21 14:30:00,126.370,127.180,126.250,126.650,392444
2025-10-21 15:00:00,126.590,127.100,126.490,127.040,487273
2025-10-22 10:00:00,126.000,126.600,123.000,124.770,1329990
2025-10-22 10:30:00,124.880,125.730,124.100,124.490,553863
2025-10-22 11:00:00,124.490,124.940,124.150,124.180,303703
2025-10-22 11:30:00,124.160,124.230,123.060,123.580,498897
2025-10-22 13:30:00,123.580,127.100,123.300,127.080,755004
2025-10-22 14:00:00,127.080,128.400,125.610,126.170,1074999
2025-10-22 14:30:00,126.160,126.160,125.340,125.640,264681
2025-10-22 15:00:00,125.640,125.650,124.810,125.160,498861
2025-10-23 10:00:00,124.500,125.750,121.600,122.620,1216343
2025-10-23 10:30:00,122.620,123.890,121.830,123.490,415243
2025-10-23 11:00:00,123.500,124.220,122.700,122.810,225236
2025-10-23 11:30:00,122.810,123.740,122.330,122.990,156068
2025-10-23 13:30:00,122.700,123.150,122.540,122.640,130958
2025-10-23 14:00:00,122.680,123.190,122.010,123.110,247784
2025-10-23 14:30:00,122.920,123.950,122.920,123.480,289559
2025-10-23 15:00:00,123.470,124.500,123.010,123.840,497805
2025-10-24 10:00:00,125.600,127.800,124.110,126.700,1313065
2025-10-24 10:30:00,126.700,128.490,126.170,126.740,879469
2025-10-24 11:00:00,126.600,127.230,125.710,126.450,376422
2025-10-24 11:30:00,126.450,127.070,125.860,126.210,347253
2025-10-24 13:30:00,126.270,126.950,125.880,125.900,512778
2025-10-24 14:00:00,125.920,126.020,125.010,125.870,545066
2025-10-24 14:30:00,125.860,126.290,125.390,126.050,527572
2025-10-24 15:00:00,126.050,126.400,125.110,125.270,1264059
2025-10-27 10:00:00,129.000,131.100,128.760,129.340,2332084
2025-10-27 10:30:00,129.330,129.460,126.700,126.700,872195
2025-10-27 11:00:00,126.680,128.800,126.500,127.770,653235
2025-10-27 11:30:00,127.770,128.880,127.210,128.670,226103
2025-10-27 13:30:00,128.620,128.940,127.730,128.940,376651
2025-10-27 14:00:00,128.940,130.100,128.280,128.990,730191
2025-10-27 14:30:00,128.990,129.880,128.830,128.990,359976
2025-10-27 15:00:00,129.000,129.510,128.550,128.760,548961
2025-10-28 10:00:00,127.390,129.960,126.700,129.680,1191562
2025-10-28 10:30:00,129.680,129.900,128.000,128.790,689926
2025-10-28 11:00:00,128.840,129.300,128.090,128.350,354229
2025-10-28 11:30:00,128.500,129.500,128.380,129.000,367180
2025-10-28 13:30:00,129.030,129.130,127.010,127.320,481721
2025-10-28 14:00:00,127.340,127.500,125.800,126.650,590128
2025-10-28 14:30:00,126.660,127.030,126.170,126.320,323541
2025-10-28 15:00:00,126.290,126.730,126.170,126.210,410992
2025-10-29 10:00:00,126.000,126.600,124.370,124.500,1288487
2025-10-29 10:30:00,124.500,124.940,122.100,122.100,1506060
2025-10-29 11:00:00,122.100,123.330,121.500,122.200,1164032
2025-10-29 11:30:00,122.380,122.820,122.000,122.150,603326
2025-10-29 13:30:00,122.170,122.770,121.800,122.100,722235
2025-10-29 14:00:00,122.110,123.800,122.100,122.960,424103
2025-10-29 14:30:00,122.960,123.880,122.660,122.900,341219
2025-10-29 15:00:00,122.910,123.700,122.890,123.700,470849
2025-10-30 10:00:00,123.070,124.000,122.020,123.250,1158230
2025-10-30 10:30:00,123.250,123.710,121.660,122.410,929244
2025-10-30 11:00:00,122.410,123.850,122.010,122.880,630358
2025-10-30 11:30:00,122.960,123.780,122.680,123.480,300814
2025-10-30 13:30:00,123.480,123.480,121.300,122.360,533379
2025-10-30 14:00:00,122.360,122.770,122.000,122.570,210959
2025-10-30 14:30:00,122.600,122.750,121.500,121.870,384843
2025-10-30 15:00:00,121.850,122.000,121.280,121.300,590988
2025-10-31 10:00:00,118.000,122.600,116.250,120.940,2397061
2025-10-31 10:30:00,121.040,122.220,120.770,121.150,658808
2025-10-31 11:00:00,121.320,121.570,119.880,120.670,728385
2025-10-31 11:30:00,120.670,120.670,119.500,119.970,442799
2025-10-31 13:30:00,120.000,120.200,119.280,120.040,388482
2025-10-31 14:00:00,120.000,120.200,119.730,120.000,382136
2025-10-31 14:30:00,120.050,120.180,119.520,119.810,349476
2025-10-31 15:00:00,119.850,120.100,119.630,119.990,709140
2025-11-03 10:00:00,118.630,119.100,114.510,116.720,1756274
2025-11-03 10:30:00,116.730,117.000,116.000,116.050,410187
2025-11-03 11:00:00,116.010,116.650,114.900,116.410,440183
2025-11-03 11:30:00,116.410,116.850,115.720,116.560,216267
2025-11-03 13:30:00,116.560,119.990,116.350,119.760,880209
2025-11-03 14:00:00,119.740,120.350,118.950,120.190,667409
2025-11-03 14:30:00,120.190,120.220,119.380,119.690,308238
2025-11-03 15:00:00,119.690,120.150,119.540,120.070,337432
2025-11-04 10:00:00,120.170,123.660,119.810,122.570,1650562
2025-11-04 10:30:00,122.580,124.090,121.800,122.270,977047
2025-11-04 11:00:00,122.300,122.800,121.680,122.800,361662
2025-11-04 11:30:00,122.680,123.580,122.590,123.450,653750
2025-11-04 13:30:00,123.580,123.700,122.040,122.770,506730
2025-11-04 14:00:00,122.890,123.550,122.500,122.900,419498
2025-11-04 14:30:00,123.000,123.050,121.770,122.070,386857
2025-11-04 15:00:00,122.070,122.750,121.200,122.200,780715
2025-11-05 10:00:00,120.200,123.940,119.680,121.100,1110291
2025-11-05 10:30:00,121.040,121.930,120.600,121.900,409073
2025-11-05 11:00:00,121.900,123.600,120.930,121.360,456539
2025-11-05 11:30:00,121.360,126.300,121.220,125.030,1220489
2025-11-05 13:30:00,125.020,125.880,123.200,123.440,830905
2025-11-05 14:00:00,123.360,124.330,123.360,123.520,403445
2025-11-05 14:30:00,123.600,125.500,123.500,125.060,522651
2025-11-05 15:00:00,125.060,125.480,124.380,124.380,541849
2025-11-06 10:00:00,124.380,129.610,124.370,126.470,2009659
2025-11-06 10:30:00,126.470,128.500,126.240,127.700,714602
2025-11-06 11:00:00,127.700,129.500,127.470,127.890,970573
2025-11-06 11:30:00,127.900,129.500,127.520,127.800,825280
2025-11-06 13:30:00,127.740,132.230,127.070,131.560,2247747
2025-11-06 14:00:00,131.560,132.100,130.510,131.160,822326
2025-11-06 14:30:00,131.160,131.930,131.000,131.370,530625
2025-11-06 15:00:00,131.330,131.600,130.890,131.300,786093
2025-11-07 10:00:00,130.510,135.770,129.210,134.280,2649994
2025-11-07 10:30:00,134.250,134.600,131.440,131.470,701248
2025-11-07 11:00:00,131.470,132.810,131.440,131.860,243632
2025-11-07 11:30:00,131.860,133.200,131.390,131.610,259813
2025-11-07 13:30:00,131.610,132.770,130.830,132.370,401748
2025-11-07 14:00:00,132.380,135.000,132.350,133.750,1275201
2025-11-07 14:30:00,133.510,133.790,131.520,132.030,458994
2025-11-07 15:00:00,132.030,132.420,131.070,131.330,603150
2025-11-10 10:00:00,131.000,137.650,131.000,135.490,2920746
2025-11-10 10:30:00,135.430,135.880,132.300,134.460,1169065
2025-11-10 11:00:00,134.460,135.350,131.700,131.900,551920
2025-11-10 11:30:00,131.900,132.200,129.530,129.880,451928
2025-11-10 13:30:00,130.000,132.000,129.600,130.590,431743
2025-11-10 14:00:00,130.430,131.060,129.780,130.460,285333
2025-11-10 14:30:00,130.440,131.440,130.030,131.360,206094
2025-11-10 15:00:00,131.360,132.200,130.830,131.360,495933
2025-11-11 10:00:00,131.600,136.250,130.700,132.440,2092793
2025-11-11 10:30:00,132.210,133.800,131.380,132.050,490244
2025-11-11 11:00:00,132.040,133.320,131.490,131.550,447361
2025-11-11 11:30:00,131.510,133.300,131.360,132.110,436271
2025-11-11 13:30:00,132.010,132.020,129.930,130.290,367869
2025-11-11 14:00:00,130.290,130.660,129.300,129.300,383811
2025-11-11 14:30:00,129.300,129.990,129.000,129.590,529509
2025-11-11 15:00:00,129.590,129.600,128.730,129.010,554011
2025-11-12 10:00:00,129.000,129.000,124.180,126.500,1674806
2025-11-12 10:30:00,126.500,130.210,126.470,128.570,721105
2025-11-12 11:00:00,128.570,128.730,126.750,126.770,433843
2025-11-12 11:30:00,126.760,127.000,125.700,125.970,332332
2025-11-12 13:30:00,125.960,129.560,125.660,127.370,437578
2025-11-12 14:00:00,127.180,128.520,126.510,127.110,167107
2025-11-12 14:30:00,127.280,128.290,127.080,127.160,131770
2025-11-12 15:00:00,127.330,127.900,126.710,126.840,287294
2025-11-13 10:00:00,127.000,130.490,125.800,127.570,1229754
2025-11-13 10:30:00,127.570,128.530,126.500,128.530,358874
2025-11-13 11:00:00,128.370,128.500,126.600,127.070,278857
2025-11-13 11:30:00,127.050,127.750,126.700,127.750,148633
2025-11-13 13:30:00,127.760,127.990,126.500,126.740,270237
2025-11-13 14:00:00,126.740,127.200,125.970,126.090,282370
2025-11-13 14:30:00,125.990,126.480,125.540,126.230,199717
2025-11-13 15:00:00,126.260,127.460,126.260,127.010,389598
2025-11-14 10:00:00,125.600,126.440,122.600,124.510,1131527
2025-11-14 10:30:00,124.360,126.910,123.690,126.310,494948
2025-11-14 11:00:00,126.220,129.960,126.200,127.550,832711
2025-11-14 11:30:00,127.550,128.340,126.610,127.280,260816
2025-11-14 13:30:00,127.290,127.950,126.670,126.880,189418
2025-11-14 14:00:00,126.800,126.990,126.160,126.430,192103
2025-11-14 14:30:00,126.490,127.000,126.070,126.290,170665
2025-11-14 15:00:00,126.330,126.410,125.500,125.520,294431
2025-11-17 10:00:00,130.690,135.500,128.300,128.380,3107051
2025-11-17 10:30:00,128.350,128.570,124.080,125.010,1543319
2025-11-17 11:00:00,125.040,126.190,124.350,125.550,539771
2025-11-17 11:30:00,125.560,127.330,124.580,124.580,357534
2025-11-17 13:30:00,124.600,125.520,124.240,125.220,263510
2025-11-17 14:00:00,125.230,125.340,124.560,124.880,145791
2025-11-17 14:30:00,124.890,126.080,124.380,125.880,311191
2025-11-17 15:00:00,125.600,126.480,124.850,124.850,517827
2025-11-18 10:00:00,125.110,129.070,124.850,128.170,1959347
2025-11-18 10:30:00,127.970,132.650,127.200,132.580,1964059
2025-11-18 11:00:00,132.660,134.000,131.300,131.880,1340399
2025-11-18 11:30:00,131.880,132.450,131.300,131.700,612639
2025-11-18 13:30:00,131.710,132.200,129.170,129.400,759967
2025-11-18 14:00:00,129.600,129.600,127.810,127.860,717655
2025-11-18 14:30:00,127.840,128.080,126.530,126.670,599125
2025-11-18 15:00:00,126.620,127.500,126.100,127.130,907129
2025-11-19 10:00:00,126.090,130.200,126.090,129.670,1384706
2025-11-19 10:30:00,129.680,132.000,129.250,130.540,1180678
2025-11-19 11:00:00,130.440,130.440,128.430,129.450,415108
2025-11-19 11:30:00,129.610,129.630,127.500,127.570,292384
2025-11-19 13:30:00,127.770,130.790,127.570,129.560,542981
2025-11-19 14:00:00,129.510,130.000,128.700,129.950,209616
2025-11-19 14:30:00,129.950,130.770,129.030,130.170,411169
2025-11-19 15:00:00,130.180,130.420,128.760,128.970,529390
2025-11-20 10:00:00,129.630,131.790,127.030,127.120,1334627
2025-11-20 10:30:00,127.120,127.380,126.220,126.390,571379
2025-11-20 11:00:00,126.420,127.240,126.160,126.590,356501
2025-11-20 11:30:00,126.560,127.020,126.420,126.920,211740
2025-11-20 13:30:00,126.890,127.320,126.530,126.990,206212
2025-11-20 14:00:00,126.800,127.420,126.320,127.030,237653
2025-11-20 14:30:00,126.890,126.950,126.380,126.670,188906
2025-11-20 15:00:00,126.530,126.910,126.010,126.050,464649
2025-11-21 10:00:00,125.250,126.990,122.600,122.740,1164509
2025-11-21 10:30:00,122.740,124.350,121.800,122.460,591221
2025-11-21 11:00:00,122.200,123.480,121.640,122.230,543381
2025-11-21 11:30:00,122.140,123.510,122.140,122.780,278736
2025-11-21 13:30:00,122.790,123.120,121.360,121.780,365326
2025-11-21 14:00:00,121.790,122.690,120.000,121.030,391536
2025-11-21 14:30:00,120.810,121.800,120.100,120.430,476206
2025-11-21 15:00:00,120.500,121.200,120.000,120.000,651351
2025-11-24 10:00:00,120.820,122.320,119.010,120.550,961557
2025-11-24 10:30:00,120.550,121.120,119.650,119.750,441886
2025-11-24 11:00:00,119.760,120.500,118.580,118.830,309173
2025-11-24 11:30:00,118.840,119.590,118.800,119.320,163384
2025-11-24 13:30:00,119.140,120.550,119.120,120.130,398598
2025-11-24 14:00:00,120.130,121.970,119.900,121.600,610806
2025-11-24 14:30:00,121.640,123.750,121.600,123.720,797896
2025-11-24 15:00:00,123.700,124.410,121.000,122.220,881503
2025-11-25 10:00:00,122.800,123.620,120.780,121.830,1015981
2025-11-25 10:30:00,121.830,122.960,121.020,122.830,621713
2025-11-25 11:00:00,122.830,123.400,122.280,122.300,556453
2025-11-25 11:30:00,122.300,123.160,121.510,122.220,259101
2025-11-25 13:30:00,122.220,122.240,120.670,120.680,486880
2025-11-25 14:00:00,120.670,121.010,120.400,120.600,265524
2025-11-25 14:30:00,120.600,120.610,119.920,120.320,348820
2025-11-25 15:00:00,120.350,120.980,120.250,120.400,349745
2025-11-26 10:00:00,120.000,124.330,118.830,123.440,1074119
2025-11-26 10:30:00,123.440,126.410,123.350,126.340,1606407
2025-11-26 11:00:00,126.340,126.600,125.140,126.310,657896
2025-11-26 11:30:00,126.330,127.290,125.820,126.110,433345
2025-11-26 13:30:00,126.020,126.400,124.620,125.180,320049
2025-11-26 14:00:00,125.120,125.520,123.800,123.820,206309
2025-11-26 14:30:00,123.860,124.450,123.550,124.020,153195
2025-11-26 15:00:00,124.020,124.240,123.440,123.890,288710
2025-11-27 10:00:00,123.890,125.920,123.470,125.590,901318
2025-11-27 10:30:00,125.600,126.500,123.800,124.030,662661
2025-11-27 11:00:00,124.240,125.170,124.030,124.120,266939
2025-11-27 11:30:00,124.250,124.290,122.860,122.910,286425
2025-11-27 13:30:00,122.910,123.050,121.580,121.630,437147
2025-11-27 14:00:00,121.640,121.740,120.180,120.280,550698
2025-11-27 14:30:00,120.390,120.600,120.130,120.200,300747
2025-11-27 15:00:00,120.230,120.400,119.400,119.930,657332
2025-11-28 10:00:00,119.020,121.000,118.200,120.510,636903
2025-11-28 10:30:00,120.510,127.240,120.510,126.270,2567454
2025-11-28 11:00:00,126.400,126.660,124.990,125.430,541948
2025-11-28 11:30:00,125.430,126.030,125.030,125.210,231193
2025-11-28 13:30:00,125.360,126.710,124.760,124.800,389803
2025-11-28 14:00:00,124.800,125.510,124.760,125.440,179776
2025-11-28 14:30:00,125.440,125.440,124.500,125.150,176034
2025-11-28 15:00:00,125.150,125.200,124.920,125.090,318945
2025-12-01 10:00:00,125.270,126.120,123.430,125.640,782817
2025-12-01 10:30:00,125.630,126.300,124.350,124.990,647180
2025-12-01 11:00:00,124.990,125.970,124.450,124.940,339687
2025-12-01 11:30:00,124.930,126.200,124.930,125.740,382506
2025-12-01 13:30:00,125.750,127.390,125.580,125.800,373257
2025-12-01 14:00:00,125.800,126.450,125.230,125.960,451154
2025-12-01 14:30:00,125.970,126.800,125.880,126.260,250581
2025-12-01 15:00:00,126.270,126.900,126.080,126.890,437096
2025-12-02 10:00:00,127.600,127.600,124.380,124.670,668183
2025-12-02 10:30:00,124.670,125.030,124.000,124.630,369212
2025-12-02 11:00:00,124.450,124.750,124.050,124.060,161519
2025-12-02 11:30:00,124.270,124.520,123.830,124.120,210649
2025-12-02 13:30:00,124.120,124.750,123.380,123.770,196276
2025-12-02 14:00:00,123.780,124.400,123.620,124.210,180273
2025-12-02 14:30:00,124.180,124.810,124.080,124.320,166607
2025-12-02 15:00:00,124.320,124.400,123.920,124.010,256078
2025-12-03 10:00:00,123.690,126.880,123.420,126.880,773596
2025-12-03 10:30:00,126.880,128.280,125.120,125.440,605406
2025-12-03 11:00:00,125.290,125.420,124.650,125.000,148539
2025-12-03 11:30:00,124.920,126.300,124.560,124.620,161005
2025-12-03 13:30:00,124.730,125.090,124.130,124.430,122055
2025-12-03 14:00:00,124.430,124.960,124.250,124.270,108035
2025-12-03 14:30:00,124.380,124.910,124.260,124.520,101392
2025-12-03 15:00:00,124.660,124.930,124.490,124.520,211439
2025-12-04 10:00:00,124.450,124.960,122.300,123.710,512130
2025-12-04 10:30:00,123.890,127.440,123.710,127.300,733539
2025-12-04 11:00:00,127.220,130.480,126.810,129.870,1316398
2025-12-04 11:30:00,129.630,130.850,129.020,130.080,594454
2025-12-04 13:30:00,130.080,133.720,129.740,130.980,800382
2025-12-04 14:00:00,130.770,130.980,129.500,130.370,260009
2025-12-04 14:30:00,130.080,130.950,129.960,130.500,266852
2025-12-04 15:00:00,130.500,131.360,130.060,130.830,414200
2025-12-05 10:00:00,131.160,131.210,128.190,128.960,686591
2025-12-05 10:30:00,128.590,130.080,128.500,129.620,326791
2025-12-05 11:00:00,129.620,130.500,129.030,130.230,274939
2025-12-05 11:30:00,130.230,131.110,130.050,130.390,255283
2025-12-05 13:30:00,130.390,130.800,129.620,130.330,149507
2025-12-05 14:00:00,130.230,130.950,129.880,130.840,287346
2025-12-05 14:30:00,130.840,130.880,130.000,130.360,300780
2025-12-05 15:00:00,130.380,130.680,130.010,130.580,260604
2025-12-08 10:00:00,130.580,130.940,127.800,129.330,947622
2025-12-08 10:30:00,129.260,130.500,128.810,129.500,356990
2025-12-08 11:00:00,129.510,130.240,129.300,129.350,283490
2025-12-08 11:30:00,129.350,130.080,129.010,129.600,356836
2025-12-08 13:30:00,129.450,131.080,129.450,131.080,303054
2025-12-08 14:00:00,131.100,131.660,130.660,130.660,376133
2025-12-08 14:30:00,130.660,131.000,130.150,130.330,212795
2025-12-08 15:00:00,130.350,130.950,130.300,130.950,372614
2025-12-09 10:00:00,129.900,130.680,129.190,129.960,432981
2025-12-09 10:30:00,129.870,130.670,129.810,130.020,245040
2025-12-09 11:00:00,130.110,131.980,129.810,130.150,559252
2025-12-09 11:30:00,130.300,130.730,129.780,130.030,116674
2025-12-09 13:30:00,130.100,130.360,128.250,128.380,388344
2025-12-09 14:00:00,128.460,129.000,128.200,128.300,249118
2025-12-09 14:30:00,128.350,128.660,128.010,128.210,229689
2025-12-09 15:00:00,128.310,128.420,127.600,128.130,412530
2025-12-10 10:00:00,127.510,128.100,123.660,123.800,871148
2025-12-10 10:30:00,123.810,124.800,123.030,124.430,465334
2025-12-10 11:00:00,124.430,126.500,124.100,125.430,278157
2025-12-10 11:30:00,125.430,125.900,124.800,125.100,112272
2025-12-10 13:30:00,124.830,126.780,124.720,125.560,222548
2025-12-10 14:00:00,125.640,125.880,125.210,125.440,133151
2025-12-10 14:30:00,125.430,127.170,125.300,126.800,292798
2025-12-10 15:00:00,126.960,127.100,126.590,126.700,341046
2025-12-11 10:00:00,126.690,127.860,125.700,125.940,502458
2025-12-11 10:30:00,125.940,127.650,124.810,124.970,574117
2025-12-11 11:00:00,124.990,125.090,124.590,124.590,260356
2025-12-11 11:30:00,124.590,124.910,123.770,123.770,233260
2025-12-11 13:30:00,123.750,125.470,123.680,125.370,234491
2025-12-11 14:00:00,125.330,125.330,124.500,124.730,166346
2025-12-11 14:30:00,124.930,125.480,124.820,124.950,149028
2025-12-11 15:00:00,124.950,125.280,124.380,124.470,333330
2025-12-12 10:00:00,124.470,124.470,118.410,119.010,1758081
2025-12-12 10:30:00,119.010,120.600,118.580,120.120,895169
2025-12-12 11:00:00,120.180,124.220,120.170,123.120,622263
2025-12-12 11:30:00,123.010,123.890,122.010,122.140,325949
2025-12-12 13:30:00,122.150,125.560,122.130,123.940,508481
2025-12-12 14:00:00,123.970,126.300,123.020,126.300,600863
2025-12-12 14:30:00,126.290,128.340,126.200,128.340,974242
2025-12-12 15:00:00,128.360,128.880,127.050,128.500,1025009
2025-12-15 10:00:00,126.500,128.790,125.330,127.010,1158441
2025-12-15 10:30:00,126.950,127.000,125.200,125.840,501098
2025-12-15 11:00:00,125.710,126.410,125.350,125.550,220860
2025-12-15 11:30:00,125.560,126.050,124.650,125.780,380412
2025-12-15 13:30:00,125.500,126.040,125.010,125.020,122170
2025-12-15 14:00:00,125.020,126.440,124.800,125.770,205873
2025-12-15 14:30:00,125.770,126.000,125.570,125.640,101305
2025-12-15 15:00:00,125.640,125.960,125.130,125.250,366927
2025-12-16 10:00:00,124.970,127.480,124.000,127.000,854269
2025-12-16 10:30:00,127.000,132.750,126.590,132.550,2056220
2025-12-16 11:00:00,132.600,133.180,129.060,130.960,932451
2025-12-16 11:30:00,130.960,130.960,129.310,129.570,307450
2025-12-16 13:30:00,129.520,130.180,127.370,128.050,656549
2025-12-16 14:00:00,128.050,131.800,128.020,130.550,952471
2025-12-16 14:30:00,130.860,131.350,130.000,130.700,364602
2025-12-16 15:00:00,130.700,131.420,130.320,130.580,536303
2025-12-17 10:00:00,132.030,132.400,129.030,129.170,964032
2025-12-17 10:30:00,129.170,130.440,128.080,129.880,449151
2025-12-17 11:00:00,129.690,130.450,129.000,129.430,298402
2025-12-17 11:30:00,129.430,129.900,128.600,129.800,287323
2025-12-17 13:30:00,129.700,131.870,129.130,131.240,487067
2025-12-17 14:00:00,131.240,133.760,130.810,133.340,797960
2025-12-17 14:30:00,133.340,134.540,133.010,133.750,674716
2025-12-17 15:00:00,133.680,134.190,133.540,133.600,507824
2025-12-18 10:00:00,134.450,136.430,131.580,132.000,1534030
2025-12-18 10:30:00,132.000,133.030,130.710,132.340,509681
2025-12-18 11:00:00,132.330,133.200,131.610,131.940,213043
2025-12-18 11:30:00,131.940,132.490,130.910,131.000,296242
2025-12-18 13:30:00,131.140,132.280,131.020,132.130,241520
2025-12-18 14:00:00,132.130,132.140,130.700,130.720,307913
2025-12-18 14:30:00,130.700,130.990,130.090,130.230,262292
2025-12-18 15:00:00,130.240,130.750,130.000,130.000,339962
2025-12-19 10:00:00,131.960,132.660,129.010,132.000,860821
2025-12-19 10:30:00,132.000,133.980,131.410,132.100,836522
2025-12-19 11:00:00,132.020,133.150,131.800,133.140,323714
2025-12-19 11:30:00,133.140,133.440,132.000,132.630,346199
2025-12-19 13:30:00,132.650,134.440,132.550,133.000,469933
2025-12-19 14:00:00,133.010,133.350,131.810,131.900,388855
2025-12-19 14:30:00,131.890,133.130,131.470,132.310,312080
2025-12-19 15:00:00,132.310,132.550,131.190,131.900,350537
2025-12-22 10:00:00,133.760,139.500,132.680,139.500,1694161
2025-12-22 10:30:00,139.490,141.750,137.220,137.860,1340459
2025-12-22 11:00:00,137.860,139.480,137.500,138.600,457863
2025-12-22 11:30:00,138.540,139.500,137.010,138.280,280318
2025-12-22 13:30:00,138.300,139.500,136.250,138.610,516701
2025-12-22 14:00:00,138.610,139.980,138.610,139.630,277467
2025-12-22 14:30:00,139.620,141.990,139.000,141.480,651547
2025-12-22 15:00:00,141.480,145.200,141.000,145.000,1845137
2025-12-23 10:00:00,142.000,151.650,141.160,148.560,3383626
2025-12-23 10:30:00,148.840,148.950,145.500,146.190,993918
2025-12-23 11:00:00,146.190,146.480,144.500,146.480,796459
2025-12-23 11:30:00,146.480,148.780,145.310,147.250,497543
2025-12-23 13:30:00,147.220,148.450,145.620,145.990,448618
2025-12-23 14:00:00,145.800,146.890,145.670,145.720,283879
2025-12-23 14:30:00,145.750,147.490,145.670,145.850,180795
2025-12-23 15:00:00,145.840,146.160,144.570,146.010,555583
2025-12-24 10:00:00,150.990,157.980,149.410,151.990,5568878
2025-12-24 10:30:00,151.970,153.000,149.640,152.570,1017161
2025-12-24 11:00:00,152.200,152.310,150.220,150.680,495412
2025-12-24 11:30:00,150.680,152.600,150.500,152.460,362614
2025-12-24 13:30:00,152.520,153.870,150.940,152.830,585605
2025-12-24 14:00:00,152.820,153.600,151.530,152.050,425685
2025-12-24 14:30:00,152.080,152.500,150.720,150.950,423543
2025-12-24 15:00:00,150.950,151.190,149.650,150.400,969056
2025-12-25 10:00:00,150.850,152.650,147.470,147.800,1276538
2025-12-25 10:30:00,147.800,149.960,146.100,149.940,917056
2025-12-25 11:00:00,149.590,150.000,148.330,149.130,285178
2025-12-25 11:30:00,149.130,149.310,147.500,148.000,453167
2025-12-25 13:30:00,147.900,149.850,147.270,148.750,479630
2025-12-25 14:00:00,148.810,150.500,148.030,150.020,439038
2025-12-25 14:30:00,149.980,150.660,149.250,149.720,389389
2025-12-25 15:00:00,150.010,150.230,149.000,149.140,458252
2025-12-26 10:00:00,149.000,149.850,145.580,146.230,965850
2025-12-26 10:30:00,146.140,146.490,144.000,145.500,672826
2025-12-26 11:00:00,145.600,145.600,144.310,144.770,536220
2025-12-26 11:30:00,144.780,146.020,144.000,144.380,510467
2025-12-26 13:30:00,144.370,145.800,144.370,145.140,267149
2025-12-26 14:00:00,145.140,146.510,145.000,146.260,313543
2025-12-26 14:30:00,146.260,146.580,145.160,145.600,275772
2025-12-26 15:00:00,145.600,145.940,145.180,145.270,572236
2025-12-29 10:00:00,145.130,145.600,141.010,141.300,1252381
2025-12-29 10:30:00,141.100,142.040,140.810,141.660,969975
2025-12-29 11:00:00,141.690,142.980,140.680,142.810,861225
2025-12-29 11:30:00,142.760,145.280,142.560,143.520,769202
2025-12-29 13:30:00,143.510,143.510,140.930,142.070,664830
2025-12-29 14:00:00,141.980,142.660,140.630,140.630,663963
2025-12-29 14:30:00,140.920,141.850,140.290,141.710,820426
2025-12-29 15:00:00,141.710,143.880,141.300,143.240,842446
2025-12-30 10:00:00,141.810,148.000,141.500,146.420,1554809
2025-12-30 10:30:00,146.470,146.990,145.010,145.640,547951
2025-12-30 11:00:00,145.630,145.870,144.390,145.100,367947
2025-12-30 11:30:00,144.910,145.280,144.100,145.080,230731
2025-12-30 13:30:00,144.620,145.550,143.330,144.930,358897
2025-12-30 14:00:00,144.630,145.020,143.710,143.790,162902
2025-12-30 14:30:00,143.790,146.300,143.710,145.840,380719
2025-12-30 15:00:00,145.830,145.870,144.380,144.990,420029
2025-12-31 10:00:00,148.130,150.960,146.540,149.510,2251394
2025-12-31 10:30:00,149.510,153.000,149.480,150.580,1160697
2025-12-31 11:00:00,150.280,151.880,148.880,151.510,498940
2025-12-31 11:30:00,151.510,152.980,149.790,150.280,540808
2025-12-31 13:30:00,150.400,150.400,148.770,148.930,321486
2025-12-31 14:00:00,148.930,149.350,148.190,148.600,221121
2025-12-31 14:30:00,148.460,149.190,148.190,148.700,186288
2025-12-31 15:00:00,148.470,148.880,147.600,148.510,430497
2026-01-05 10:00:00,149.010,159.320,149.010,156.500,2601173
2026-01-05 10:30:00,156.500,157.120,152.330,154.410,731933
2026-01-05 11:00:00,154.030,155.800,153.650,153.670,281733
2026-01-05 11:30:00,153.670,154.500,153.320,153.720,210646
2026-01-05 13:30:00,153.580,153.580,151.680,152.990,345272
2026-01-05 14:00:00,152.780,153.780,152.360,153.720,181609
2026-01-05 14:30:00,153.720,154.300,153.130,154.000,339071
2026-01-05 15:00:00,154.000,154.020,153.060,154.000,471842
2026-01-06 10:00:00,153.820,165.000,152.600,161.810,3279373
2026-01-06 10:30:00,161.820,163.660,161.010,161.660,614323
2026-01-06 11:00:00,161.870,162.150,159.240,161.580,475712
2026-01-06 11:30:00,161.680,163.630,161.680,163.080,429919
2026-01-06 13:30:00,163.080,163.150,160.920,161.500,399714
2026-01-06 14:00:00,161.440,162.140,159.650,159.650,360195
2026-01-06 14:30:00,159.720,159.760,157.100,157.130,447415
2026-01-06 15:00:00,157.130,158.990,157.080,158.990,588059
2026-01-07 10:00:00,165.000,185.930,164.200,183.970,5216603
2026-01-07 10:30:00,183.640,190.780,181.150,189.330,2506904
2026-01-07 11:00:00,188.530,190.790,188.350,190.790,1542558
2026-01-07 11:30:00,190.790,190.790,190.790,190.790,213857
2026-01-07 13:30:00,190.790,190.790,190.790,190.790,119217
2026-01-07 14:00:00,190.790,190.790,190.790,190.790,678419
2026-01-07 14:30:00,190.790,190.790,190.790,190.790,243538
2026-01-07 15:00:00,190.790,190.790,190.790,190.790,182574
2026-01-08 10:00:00,200.000,206.980,197.010,201.960,8223442
2026-01-08 10:30:00,203.100,205.500,194.880,195.220,2414716
2026-01-08 11:00:00,195.220,198.900,193.300,196.810,1449173
2026-01-08 11:30:00,197.030,199.200,193.340,195.000,1208583
2026-01-08 13:30:00,195.000,220.000,194.600,217.000,1940062
2026-01-08 14:00:00,217.030,228.880,210.000,217.140,1391914
2026-01-08 14:30:00,217.680,217.700,209.000,217.410,634494
2026-01-08 15:00:00,217.410,226.000,209.900,215.920,1090498
2026-01-09 10:00:00,205.000,209.290,197.000,202.290,5850578
2026-01-09 10:30:00,202.290,203.780,196.000,198.700,2192450
2026-01-09 11:00:00,198.710,200.530,197.020,198.480,851979
2026-01-09 11:30:00,199.010,199.380,196.150,198.260,899681
2026-01-09 13:30:00,198.260,200.100,193.330,198.860,1714460
2026-01-09 14:00:00,198.780,201.900,196.000,199.140,1705212
2026-01-09 14:30:00,199.150,200.010,196.560,198.200,1405653
2026-01-09 15:00:00,198.190,202.500,197.900,201.000,2366789
2026-01-12 10:00:00,194.050,198.180,191.510,194.760,4168378
2026-01-12 10:30:00,194.990,195.700,189.550,194.490,2232850
2026-01-12 11:00:00,194.250,194.590,191.330,191.380,911464
2026-01-12 11:30:00,191.330,195.850,190.110,195.000,1223137
2026-01-12 13:30:00,195.010,195.020,191.080,191.710,1081488
2026-01-12 14:00:00,191.630,192.100,190.110,190.660,910274
2026-01-12 14:30:00,191.220,192.400,190.490,190.970,931181
2026-01-12 15:00:00,190.970,191.160,188.000,191.100,1888430
2026-01-13 10:00:00,192.910,194.630,187.290,189.170,3125857
2026-01-13 10:30:00,189.170,189.990,185.000,185.440,1572358
2026-01-13 11:00:00,185.430,186.800,184.000,184.870,942154
2026-01-13 11:30:00,184.870,185.980,183.180,184.080,744188
2026-01-13 13:30:00,184.070,184.980,181.080,182.680,1277379
2026-01-13 14:00:00,182.880,183.700,182.000,183.320,562056
2026-01-13 14:30:00,183.330,183.470,180.010,180.220,800719
2026-01-13 15:00:00,180.230,181.980,179.800,181.920,1297714
2026-01-14 10:00:00,181.000,186.750,180.000,186.750,2685598
2026-01-14 10:30:00,186.580,191.830,185.700,190.700,2890745
2026-01-14 11:00:00,190.710,194.350,190.140,192.310,1711481
2026-01-14 11:30:00,192.410,194.280,192.280,194.240,836349
2026-01-14 13:30:00,194.240,194.290,186.840,189.740,1310718
2026-01-14 14:00:00,189.790,192.990,188.180,188.190,773308
2026-01-14 14:30:00,188.190,189.800,187.100,189.160,451564
2026-01-14 15:00:00,189.090,189.490,187.450,189.000,551147
2026-01-15 10:00:00,183.600,193.300,183.000,192.990,2142834
2026-01-15 10:30:00,192.600,193.000,188.500,189.500,664734
2026-01-15 11:00:00,189.780,193.690,189.410,193.260,1038222
2026-01-15 11:30:00,193.000,197.880,192.010,192.570,1485097
2026-01-15 13:30:00,192.940,206.110,192.570,203.900,2691420
2026-01-15 14:00:00,203.450,209.920,201.010,206.300,1827604
2026-01-15 14:30:00,206.050,211.980,204.500,209.590,1278632
2026-01-15 15:00:00,209.000,210.660,206.050,209.090,986197
2026-01-16 10:00:00,215.360,226.000,205.000,219.850,5047187
2026-01-16 10:30:00,219.830,238.080,217.010,235.000,2345537
2026-01-16 11:00:00,234.000,235.990,220.220,221.500,1031942
2026-01-16 11:30:00,221.690,226.000,215.000,220.910,890950
2026-01-16 13:30:00,220.910,222.770,215.020,216.200,748376
2026-01-16 14:00:00,216.180,226.800,213.930,220.390,895863
2026-01-16 14:30:00,220.390,226.000,218.340,226.000,513340
2026-01-16 15:00:00,226.000,229.770,219.000,220.450,889791
2026-01-19 10:00:00,220.000,224.990,214.010,214.940,3624350
2026-01-19 10:30:00,214.940,218.650,214.000,214.630,1262921
2026-01-19 11:00:00,214.900,217.500,212.000,217.500,1240460
2026-01-19 11:30:00,217.000,233.920,216.070,226.000,2093036
2026-01-19 13:30:00,225.920,228.800,223.010,226.220,549165
2026-01-19 14:00:00,226.960,232.680,225.010,232.370,570762
2026-01-19 14:30:00,232.370,233.000,225.750,228.580,532967
2026-01-19 15:00:00,228.090,230.500,225.800,227.500,505067
2026-01-20 10:00:00,222.990,225.960,220.000,223.350,2150533
2026-01-20 10:30:00,223.130,223.970,214.050,216.610,1597187
2026-01-20 11:00:00,216.610,218.930,214.960,215.560,829305
2026-01-20 11:30:00,215.580,219.480,215.000,216.300,619227
2026-01-20 13:30:00,216.320,217.470,213.030,214.570,877760
2026-01-20 14:00:00,214.080,219.510,213.520,216.450,713748
2026-01-20 14:30:00,216.460,217.810,215.060,216.190,403760
2026-01-20 15:00:00,216.310,218.000,214.440,217.000,747950
2026-01-21 10:00:00,215.200,220.880,208.880,210.200,2932916
2026-01-21 10:30:00,210.200,215.630,209.600,214.370,1033323
2026-01-21 11:00:00,214.370,214.470,210.000,211.990,734081
2026-01-21 11:30:00,212.000,216.000,210.020,210.380,813869
2026-01-21 13:30:00,210.380,213.950,210.380,212.600,442828
2026-01-21 14:00:00,212.850,213.880,211.500,212.480,461438
2026-01-21 14:30:00,212.100,213.960,211.460,212.890,563773
2026-01-21 15:00:00,212.890,213.480,211.490,212.300,748951
2026-01-22 10:00:00,215.020,216.770,204.980,205.320,2475834
2026-01-22 10:30:00,205.270,207.500,203.000,203.460,1595922
2026-01-22 11:00:00,203.460,206.000,202.200,204.260,1146657
2026-01-22 11:30:00,204.270,205.500,202.420,203.100,506826
2026-01-22 13:30:00,203.210,204.720,202.200,202.810,574104
2026-01-22 14:00:00,202.990,204.690,202.820,204.150,347971
2026-01-22 14:30:00,204.150,204.680,202.880,202.880,397858
2026-01-22 15:00:00,202.880,206.000,202.660,206.000,734364
2026-01-23 10:00:00,206.040,208.800,200.510,201.470,2143242
2026-01-23 10:30:00,201.100,203.800,198.900,199.190,1259486
2026-01-23 11:00:00,199.580,202.510,199.000,200.340,768486
2026-01-23 11:30:00,200.150,203.000,199.900,202.050,529618
2026-01-23 13:30:00,202.110,204.880,202.040,203.720,547382
2026-01-23 14:00:00,203.730,210.490,203.380,209.190,1536442
2026-01-23 14:30:00,209.190,212.440,208.660,210.710,945453
2026-01-23 15:00:00,210.950,212.390,209.510,212.390,641244
2026-01-26 10:00:00,209.000,209.550,199.660,202.200,2601428
2026-01-26 10:30:00,202.020,205.550,200.000,201.730,1205821
2026-01-26 11:00:00,201.720,202.720,200.000,200.410,483868
2026-01-26 11:30:00,200.410,202.400,199.000,200.310,987976
2026-01-26 13:30:00,200.280,200.970,199.000,200.000,407884
2026-01-26 14:00:00,200.000,200.490,198.010,199.520,606879
2026-01-26 14:30:00,199.610,202.500,198.820,201.550,323940
2026-01-26 15:00:00,201.550,202.800,200.000,200.000,629686
2026-01-27 10:00:00,201.450,220.000,201.450,219.670,4725439
2026-01-27 10:30:00,220.000,225.000,217.750,222.400,2394072
2026-01-27 11:00:00,222.400,233.330,220.400,228.800,2136808
2026-01-27 11:30:00,228.580,229.980,227.170,227.870,570590
2026-01-27 13:30:00,227.870,227.870,221.500,221.760,914441
2026-01-27 14:00:00,221.770,223.900,221.180,222.520,633482
2026-01-27 14:30:00,222.520,224.350,220.680,221.500,569808
2026-01-27 15:00:00,221.500,222.990,221.000,222.630,699959
2026-01-28 10:00:00,222.620,226.540,216.110,222.490,2780945
2026-01-28 10:30:00,222.500,223.860,219.580,219.630,714015
2026-01-28 11:00:00,219.600,220.950,217.700,219.720,671184
2026-01-28 11:30:00,220.000,222.000,219.010,221.360,362178
2026-01-28 13:30:00,221.340,221.360,217.500,218.600,474463
2026-01-28 14:00:00,218.230,219.600,217.600,217.930,311819
2026-01-28 14:30:00,217.900,225.100,217.400,224.790,976540
2026-01-28 15:00:00,224.790,225.100,221.750,224.000,1408590
2026-01-29 10:00:00,220.000,223.490,213.750,218.000,2019648
2026-01-29 10:30:00,217.670,220.550,215.500,218.450,916928
2026-01-29 11:00:00,218.300,219.000,216.370,217.000,407496
2026-01-29 11:30:00,216.980,218.200,215.190,217.020,620116
2026-01-29 13:30:00,217.020,217.400,213.350,213.400,871720
2026-01-29 14:00:00,213.400,214.040,211.400,211.710,811916
2026-01-29 14:30:00,211.710,213.190,210.000,211.840,720990
2026-01-29 15:00:00,212.380,212.570,210.610,210.860,572343
2026-01-30 10:00:00,211.000,217.990,209.160,211.140,1615699
2026-01-30 10:30:00,211.490,212.800,206.200,206.540,556168
2026-01-30 11:00:00,206.430,210.230,205.510,209.870,572956
2026-01-30 11:30:00,209.830,211.970,208.340,209.690,440280
2026-01-30 13:30:00,209.690,212.250,209.260,211.490,535021
2026-01-30 14:00:00,211.480,211.960,208.700,208.740,355678
2026-01-30 14:30:00,208.790,210.200,208.390,208.760,322140
2026-01-30 15:00:00,208.710,209.520,207.000,207.100,570010
2026-02-02 10:00:00,207.000,207.000,194.400,195.630,2509482
2026-02-02 10:30:00,195.790,196.680,192.000,192.000,1341259
2026-02-02 11:00:00,192.030,193.470,191.620,192.160,504290
2026-02-02 11:30:00,192.160,195.300,191.010,192.250,768386
2026-02-02 13:30:00,192.210,193.600,190.040,190.140,893548
2026-02-02 14:00:00,190.140,191.810,188.880,191.470,959624
2026-02-02 14:30:00,191.200,194.680,191.200,191.580,680721
2026-02-02 15:00:00,191.580,192.320,189.000,190.190,1037043
2026-02-03 10:00:00,193.900,195.000,190.090,191.590,1650301
2026-02-03 10:30:00,191.590,193.900,190.400,190.950,763567
2026-02-03 11:00:00,190.820,192.290,189.400,190.680,537678
2026-02-03 11:30:00,190.680,192.640,190.420,191.730,399794
2026-02-03 13:30:00,191.730,192.140,190.000,190.340,418603
2026-02-03 14:00:00,190.530,194.570,190.000,194.450,840998
2026-02-03 14:30:00,194.440,195.940,193.550,194.420,829190
2026-02-03 15:00:00,194.620,196.200,193.510,195.990,1242396
2026-02-04 10:00:00,194.030,198.230,192.690,194.810,1569474
2026-02-04 10:30:00,194.430,198.660,194.430,197.660,767650
2026-02-04 11:00:00,197.500,198.190,195.490,195.780,480014
2026-02-04 11:30:00,195.490,197.320,195.240,196.000,313443
2026-02-04 13:30:00,196.000,196.380,193.310,194.860,305949
2026-02-04 14:00:00,194.630,195.790,194.000,194.000,230777
2026-02-04 14:30:00,194.000,196.200,193.710,195.700,260202
2026-02-04 15:00:00,195.520,196.990,195.000,195.290,523808
2026-02-05 10:00:00,191.500,193.990,188.870,188.950,1153773
2026-02-05 10:30:00,188.900,191.490,187.750,191.440,808315
2026-02-05 11:00:00,191.780,200.380,191.490,198.640,1862117
2026-02-05 11:30:00,198.960,200.890,196.100,196.550,695142
2026-02-05 13:30:00,196.800,199.000,194.000,198.660,543939
2026-02-05 14:00:00,198.890,208.000,196.290,207.150,1619785
2026-02-05 14:30:00,207.150,210.910,204.260,205.190,1432563
2026-02-05 15:00:00,205.250,209.000,204.550,207.030,1152188
2026-02-06 10:00:00,205.790,209.050,202.220,204.540,2379580
2026-02-06 10:30:00,204.530,206.660,203.010,205.190,686402
2026-02-06 11:00:00,205.190,208.740,205.020,207.000,792232
2026-02-06 11:30:00,206.950,208.800,206.000,207.050,515789
2026-02-06 13:30:00,207.040,207.600,204.000,207.160,490210
2026-02-06 14:00:00,207.100,208.330,206.540,207.510,389168
2026-02-06 14:30:00,207.480,207.510,205.110,205.900,305492
2026-02-06 15:00:00,205.900,206.000,203.000,203.000,544488
2026-02-09 10:00:00,214.000,217.900,210.060,212.890,2501396
2026-02-09 10:30:00,213.120,213.940,206.200,207.170,1026868
2026-02-09 11:00:00,207.170,210.840,206.870,208.990,459152
2026-02-09 11:30:00,208.990,209.960,207.510,207.570,263391
2026-02-09 13:30:00,207.690,210.000,207.690,209.300,231901
2026-02-09 14:00:00,209.110,209.870,208.500,209.780,191773
2026-02-09 14:30:00,209.780,210.400,208.700,210.270,220294
2026-02-09 15:00:00,210.120,210.280,209.300,209.710,463210
2026-02-10 10:00:00,210.140,217.880,207.240,212.520,2089829
2026-02-10 10:30:00,212.530,217.870,211.700,215.870,924902
2026-02-10 11:00:00,215.930,218.570,213.160,213.500,842519
2026-02-10 11:30:00,213.500,213.760,212.070,212.080,375647
2026-02-10 13:30:00,212.090,214.990,211.180,214.700,330292
2026-02-10 14:00:00,214.700,214.980,211.850,212.150,233078
2026-02-10 14:30:00,212.150,214.000,211.500,212.680,250217
2026-02-10 15:00:00,212.880,212.950,212.100,212.820,367207
2026-02-11 10:00:00,213.000,213.170,206.000,207.420,994528
2026-02-11 10:30:00,207.420,207.760,204.310,207.150,540799
2026-02-11 11:00:00,206.870,207.080,205.330,205.870,162442
2026-02-11 11:30:00,205.790,207.000,205.000,206.010,222740
2026-02-11 13:30:00,206.090,207.690,205.000,207.070,290866
2026-02-11 14:00:00,206.470,208.200,206.470,207.460,110580
2026-02-11 14:30:00,207.460,207.460,206.080,206.880,150492
2026-02-11 15:00:00,206.880,207.450,205.110,206.110,343146
2026-02-12 10:00:00,209.040,211.000,205.240,208.930,710072
2026-02-12 10:30:00,209.000,209.600,203.800,204.900,681929
2026-02-12 11:00:00,204.490,206.340,203.140,205.740,466729
2026-02-12 11:30:00,205.740,207.870,205.640,207.700,297247
2026-02-12 13:30:00,207.700,208.860,206.610,207.000,257752
2026-02-12 14:00:00,207.090,208.080,206.110,206.550,270092
2026-02-12 14:30:00,206.550,208.100,206.250,207.450,317383
2026-02-12 15:00:00,207.450,207.980,206.000,207.580,551763
2026-02-13 10:00:00,207.000,218.880,205.690,217.870,2143777
2026-02-13 10:30:00,217.770,219.800,214.120,217.150,950922
2026-02-13 11:00:00,217.150,218.000,215.280,216.850,205933
2026-02-13 11:30:00,216.690,216.900,214.600,215.140,213457
2026-02-13 13:30:00,215.160,216.580,214.050,215.360,347439
2026-02-13 14:00:00,215.360,215.640,213.790,214.390,200261
2026-02-13 14:30:00,214.410,215.290,213.030,213.940,200545
2026-02-13 15:00:00,213.930,215.700,212.310,212.700,542474
2026-02-24 10:00:00,213.100,213.490,197.000,200.300,1947470
2026-02-24 10:30:00,200.300,203.760,199.430,200.510,584856
2026-02-24 11:00:00,200.500,201.320,200.000,200.990,279608
2026-02-24 11:30:00,201.040,205.990,200.770,203.600,534231
2026-02-24 13:30:00,203.900,206.660,203.090,203.120,348852
2026-02-24 14:00:00,203.120,203.810,202.340,202.600,186997
2026-02-24 14:30:00,202.600,203.390,202.120,202.260,187248
2026-02-24 15:00:00,202.240,203.000,201.000,202.330,434300
2026-02-25 10:00:00,204.000,204.000,199.000,199.790,1236658
2026-02-25 10:30:00,199.790,209.880,199.180,209.690,1062052
2026-02-25 11:00:00,209.340,214.000,207.720,211.030,1313346
2026-02-25 11:30:00,211.050,211.860,208.230,209.680,430934
2026-02-25 13:30:00,210.660,217.000,210.010,215.740,1235375
2026-02-25 14:00:00,215.760,217.400,213.560,215.150,352386
2026-02-25 14:30:00,215.150,215.160,210.980,211.200,338813
2026-02-25 15:00:00,211.300,212.660,211.200,212.200,397796
2026-02-26 10:00:00,215.990,216.000,208.500,212.690,1379499
2026-02-26 10:30:00,212.580,213.900,210.380,213.290,531823
2026-02-26 11:00:00,213.320,220.980,213.320,219.700,1126455
2026-02-26 11:30:00,219.700,222.620,218.580,221.800,832219
2026-02-26 13:30:00,221.910,224.880,221.660,223.770,747148
2026-02-26 14:00:00,223.600,223.820,219.010,219.010,426414
2026-02-26 14:30:00,219.010,219.970,218.240,218.810,303786
2026-02-26 15:00:00,218.890,221.000,218.670,219.380,489014
2026-02-27 10:00:00,215.000,218.100,209.380,216.470,1242821
2026-02-27 10:30:00,216.470,224.890,215.670,218.890,992928
2026-02-27 11:00:00,218.620,219.480,217.320,218.490,334070
2026-02-27 11:30:00,218.490,219.600,216.880,216.880,285009
2026-02-27 13:30:00,216.820,219.600,216.360,219.560,291674
2026-02-27 14:00:00,219.370,219.600,216.530,217.000,282789
2026-02-27 14:30:00,216.990,217.930,216.100,216.750,226667
2026-02-27 15:00:00,216.750,221.000,216.300,217.770,335538
2026-03-02 10:00:00,213.200,224.990,212.050,219.980,1298489
2026-03-02 10:30:00,219.460,222.530,216.000,218.190,856819
2026-03-02 11:00:00,218.000,218.190,213.150,213.660,721933
2026-03-02 11:30:00,213.480,213.780,211.400,212.150,443748
2026-03-02 13:30:00,212.160,215.990,211.730,214.880,339346
2026-03-02 14:00:00,214.580,216.790,214.010,215.930,340481
2026-03-02 14:30:00,215.690,218.000,215.000,217.780,316934
2026-03-02 15:00:00,217.770,218.000,215.980,215.980,539606
2026-03-03 10:00:00,216.990,224.590,212.660,214.360,1579690
2026-03-03 10:30:00,214.350,216.580,210.490,210.850,768499
2026-03-03 11:00:00,210.850,213.010,209.500,210.470,286222
2026-03-03 11:30:00,210.730,212.730,207.500,207.820,406482
2026-03-03 13:30:00,207.820,212.700,207.660,208.750,578979
2026-03-03 14:00:00,208.750,209.990,205.800,208.730,590596
2026-03-03 14:30:00,208.110,209.000,206.460,208.660,476763
2026-03-03 15:00:00,208.190,209.190,206.000,208.000,620039
2026-03-04 10:00:00,203.000,209.400,201.000,205.960,990027
2026-03-04 10:30:00,205.430,208.710,202.200,202.950,590793
2026-03-04 11:00:00,203.010,203.290,199.010,199.290,751974
2026-03-04 11:30:00,199.300,202.500,198.100,200.540,416019
2026-03-04 13:30:00,200.600,203.500,199.610,202.150,294754
2026-03-04 14:00:00,202.180,203.990,201.420,201.880,272424
2026-03-04 14:30:00,201.880,204.150,200.600,203.000,483180
2026-03-04 15:00:00,202.560,204.380,202.490,203.870,320115
2026-03-05 10:00:00,209.000,210.790,205.000,207.940,1130229
2026-03-05 10:30:00,207.940,211.960,206.660,210.840,511626
2026-03-05 11:00:00,210.840,210.900,208.170,209.600,332617
2026-03-05 11:30:00,209.200,210.580,207.810,208.120,353259
2026-03-05 13:30:00,208.420,209.920,207.200,208.010,260954
2026-03-05 14:00:00,208.420,208.490,205.800,206.900,202823
2026-03-05 14:30:00,206.540,206.720,204.000,205.700,350790
2026-03-05 15:00:00,205.700,206.540,204.920,206.520,398900
2026-03-06 10:00:00,205.840,209.580,201.600,201.610,883170
2026-03-06 10:30:00,201.500,203.700,198.500,198.880,684703
2026-03-06 11:00:00,199.080,199.680,195.880,196.560,1213426
2026-03-06 11:30:00,196.370,198.490,192.520,192.920,919767
2026-03-06 13:30:00,192.920,195.200,191.570,192.830,1514229
2026-03-06 14:00:00,192.840,193.980,190.190,190.910,603021
2026-03-06 14:30:00,190.910,191.520,188.160,189.040,1259064
2026-03-06 15:00:00,188.650,189.980,187.350,189.790,976220
2026-03-09 10:00:00,182.010,185.580,176.000,179.550,3234932
2026-03-09 10:30:00,179.560,180.470,176.560,176.610,1048064
2026-03-09 11:00:00,176.570,177.820,175.290,176.110,1307053
2026-03-09 11:30:00,176.110,177.480,175.770,177.060,834437
2026-03-09 13:30:00,177.060,179.240,176.280,178.970,638122
2026-03-09 14:00:00,178.620,180.930,178.620,180.520,657882
2026-03-09 14:30:00,180.520,182.480,180.360,181.010,823973
2026-03-09 15:00:00,181.020,182.880,180.500,181.880,1065480
2026-03-10 10:00:00,186.010,188.640,184.000,184.000,1951873
2026-03-10 10:30:00,183.800,186.570,183.600,184.410,1102533
2026-03-10 11:00:00,184.160,185.410,183.640,184.060,360993
2026-03-10 11:30:00,184.060,184.270,181.900,182.600,316959
2026-03-10 13:30:00,182.790,184.970,182.150,184.800,574217
2026-03-10 14:00:00,184.820,184.820,183.690,183.890,222866
2026-03-10 14:30:00,183.770,184.370,182.590,183.490,406978
2026-03-10 15:00:00,183.490,184.500,183.280,184.400,493288
2026-03-11 10:00:00,182.000,185.980,177.050,177.750,2194328
2026-03-11 10:30:00,177.750,180.620,177.660,178.620,760831
2026-03-11 11:00:00,178.620,179.500,177.800,178.780,637833
2026-03-11 11:30:00,178.700,178.900,176.880,177.300,529843
2026-03-11 13:30:00,177.180,178.000,176.000,176.150,711563
2026-03-11 14:00:00,176.110,176.790,175.770,176.220,508809
2026-03-11 14:30:00,176.280,177.890,176.150,177.880,631610
2026-03-11 15:00:00,177.880,178.750,177.330,178.330,1214534
2026-03-12 10:00:00,178.150,180.000,176.000,178.170,1287962
2026-03-12 10:30:00,177.800,178.030,176.100,176.720,579230
2026-03-12 11:00:00,176.510,176.790,173.780,174.760,772256
2026-03-12 11:30:00,174.750,175.000,173.580,174.340,544396
2026-03-12 13:30:00,174.180,175.330,173.590,173.940,485375
2026-03-12 14:00:00,173.930,175.310,173.790,175.010,675348
2026-03-12 14:30:00,175.020,175.430,174.590,175.370,296780
2026-03-12 15:00:00,175.380,176.480,175.000,176.150,634623
2026-03-13 10:00:00,173.000,176.840,173.000,173.910,893906
2026-03-13 10:30:00,173.910,175.770,173.500,174.320,580791
2026-03-13 11:00:00,174.320,176.150,173.960,174.870,550515
2026-03-13 11:30:00,174.870,174.910,173.600,174.090,315312
2026-03-13 13:30:00,174.090,175.380,173.380,173.470,445386
2026-03-13 14:00:00,173.700,174.500,173.100,173.110,344048
2026-03-13 14:30:00,173.110,173.930,172.300,172.650,580103
2026-03-13 15:00:00,172.700,172.930,171.000,172.500,782882
2026-03-16 10:00:00,173.400,173.490,167.680,169.430,1088671
2026-03-16 10:30:00,169.660,170.750,168.020,169.630,539531
2026-03-16 11:00:00,169.630,170.130,168.300,168.510,204570
2026-03-16 11:30:00,168.500,169.270,167.800,168.890,235123
2026-03-16 13:30:00,169.220,174.200,168.890,173.990,1060765
2026-03-16 14:00:00,173.990,174.650,172.660,173.800,444363
2026-03-16 14:30:00,173.750,174.260,172.800,174.130,352160
2026-03-16 15:00:00,173.920,174.520,173.520,174.500,456605
2026-03-17 10:00:00,175.000,176.220,172.600,174.210,948788
2026-03-17 10:30:00,174.310,175.200,173.040,174.600,352114
2026-03-17 11:00:00,174.680,177.780,174.500,175.670,660427
2026-03-17 11:30:00,175.550,176.000,174.520,174.800,262927
2026-03-17 13:30:00,174.590,175.380,172.650,173.090,246926
2026-03-17 14:00:00,173.090,173.090,171.680,171.960,178026
2026-03-17 14:30:00,171.920,172.100,170.200,170.200,227961
2026-03-17 15:00:00,170.260,170.990,170.010,170.140,344133
2026-03-18 10:00:00,171.490,173.380,169.310,170.720,695577
2026-03-18 10:30:00,170.580,171.580,169.530,169.880,286379
2026-03-18 11:00:00,169.880,170.600,168.850,169.400,214524
2026-03-18 11:30:00,169.540,172.700,169.350,172.600,291759
2026-03-18 13:30:00,172.700,172.970,170.380,170.660,368516
2026-03-18 14:00:00,170.660,171.590,170.500,171.490,216724
2026-03-18 14:30:00,171.440,171.830,171.110,171.330,261934
2026-03-18 15:00:00,171.460,171.800,170.330,170.920,544488
2026-03-19 10:00:00,167.660,170.910,166.680,167.250,823099
2026-03-19 10:30:00,167.250,168.780,166.800,167.910,337136
2026-03-19 11:00:00,167.910,169.010,167.510,168.070,291080
2026-03-19 11:30:00,167.810,168.810,167.000,167.600,224312
2026-03-19 13:30:00,167.410,168.180,166.150,166.380,301349
2026-03-19 14:00:00,166.280,167.500,166.150,166.940,179771
2026-03-19 14:30:00,166.940,167.960,165.770,166.050,471014
2026-03-19 15:00:00,166.050,166.240,164.380,165.720,666200
2026-03-20 10:00:00,167.580,168.900,166.500,168.010,1011609
2026-03-20 10:30:00,168.040,168.650,166.080,168.220,657100
2026-03-20 11:00:00,168.230,169.160,165.360,165.600,724301
2026-03-20 11:30:00,165.680,167.280,165.130,166.660,471295
2026-03-20 13:30:00,166.660,169.980,166.520,168.750,810797
2026-03-20 14:00:00,168.750,168.750,167.250,167.980,331247
2026-03-20 14:30:00,167.980,168.310,167.050,167.100,375200
2026-03-20 15:00:00,167.080,167.250,165.000,165.010,540661
2026-03-23 10:00:00,164.000,165.080,160.150,160.870,1059740
2026-03-23 10:30:00,160.870,162.790,159.630,160.230,651785
2026-03-23 11:00:00,160.300,161.540,159.170,160.770,468129
2026-03-23 11:30:00,160.530,160.750,158.390,158.850,279196
2026-03-23 13:30:00,158.850,159.980,155.840,156.600,677532
2026-03-23 14:00:00,156.400,158.000,156.050,157.010,833481
2026-03-23 14:30:00,157.010,158.850,155.000,157.510,1015147
2026-03-23 15:00:00,157.600,157.960,155.400,156.450,739567
2026-03-24 10:00:00,159.000,159.150,154.000,154.830,836046
2026-03-24 10:30:00,154.830,156.230,154.020,156.200,717059
2026-03-24 11:00:00,156.200,156.990,155.150,156.270,358893
2026-03-24 11:30:00,156.270,157.500,155.700,156.700,217954
2026-03-24 13:30:00,156.700,157.190,154.300,154.930,293320
2026-03-24 14:00:00,155.020,156.580,154.800,156.150,150791
2026-03-24 14:30:00,156.140,158.190,155.810,158.180,340047
2026-03-24 15:00:00,158.170,159.100,158.000,159.090,550388
2026-03-25 10:00:00,162.300,169.500,161.880,167.510,2269476
2026-03-25 10:30:00,167.540,169.500,166.770,167.900,838636
2026-03-25 11:00:00,167.890,169.690,167.890,168.190,795482
2026-03-25 11:30:00,168.120,168.550,166.030,166.480,467517
2026-03-25 13:30:00,166.480,169.370,166.460,169.330,353842
2026-03-25 14:00:00,169.330,169.500,167.360,168.680,414864
2026-03-25 14:30:00,168.610,169.000,167.200,167.320,215259
2026-03-25 15:00:00,167.320,167.890,167.200,167.770,325432
2026-03-26 10:00:00,165.170,166.830,163.800,165.210,1036173
2026-03-26 10:30:00,165.390,166.500,164.200,164.390,370931
2026-03-26 11:00:00,164.390,165.850,164.000,165.490,480177
2026-03-26 11:30:00,165.490,166.170,164.270,164.570,347395
2026-03-26 13:30:00,164.580,165.270,162.500,162.760,713421
2026-03-26 14:00:00,162.800,164.330,162.210,163.700,349846
2026-03-26 14:30:00,163.720,164.800,163.280,163.720,280369
2026-03-26 15:00:00,163.780,164.190,163.000,164.000,283315
2026-03-27 10:00:00,164.000,165.200,160.390,164.990,868413
2026-03-27 10:30:00,165.000,165.410,163.290,164.580,335994
2026-03-27 11:00:00,164.470,169.300,164.180,167.790,947105
2026-03-27 11:30:00,167.820,168.980,167.110,168.030,334210
2026-03-27 13:30:00,168.140,170.260,167.500,168.800,744182
2026-03-27 14:00:00,168.810,170.790,168.770,170.510,720109
2026-03-27 14:30:00,170.520,172.550,169.660,171.810,1009636
2026-03-27 15:00:00,171.810,172.500,171.500,171.600,631270
2026-03-30 10:00:00,167.990,172.990,167.670,167.770,1513723
2026-03-30 10:30:00,167.770,168.650,166.690,166.970,730116
2026-03-30 11:00:00,166.970,172.500,166.080,172.070,515955
2026-03-30 11:30:00,172.190,174.010,171.660,172.650,620893
2026-03-30 13:30:00,172.780,178.400,172.710,177.010,1349650
2026-03-30 14:00:00,177.020,178.930,175.350,176.480,1006721
2026-03-30 14:30:00,176.310,176.990,175.400,176.280,537144
2026-03-30 15:00:00,176.280,177.150,175.980,176.220,709467
2026-03-31 10:00:00,174.500,175.660,171.660,175.440,1040854
2026-03-31 10:30:00,175.220,175.630,172.790,173.080,441923
2026-03-31 11:00:00,172.860,173.450,171.320,171.410,523915
2026-03-31 11:30:00,171.330,171.610,168.680,169.500,564666
2026-03-31 13:30:00,169.500,169.990,168.000,168.840,495334
2026-03-31 14:00:00,168.850,170.160,168.360,168.360,286394
2026-03-31 14:30:00,168.520,168.670,167.300,167.400,376368
2026-03-31 15:00:00,167.460,168.350,167.400,167.560,450581
